longitude,latitude,cluster,point_index
104.101082,30.709678,-1,0
104.254764,30.859181,0,1
103.912675,30.63084,1,2
103.651392,30.47668,-1,3
104.50522,30.506643,-1,4
103.87107,30.702018,2,5
104.120786,30.501351,3,6
104.255481,30.868628,-1,7
104.164653,30.617604,-1,8
104.055862,30.847891,4,9
103.873104,30.779273,5,10
103.532337,31.404494,262,11
104.215098,30.582598,6,12
104.243655,30.783379,-1,13
104.172652,30.48357,7,14
104.318673,30.861204,8,15
103.813691,31.655578,-1,16
104.318536,30.714118,-1,17
104.177282,30.718636,9,18
104.090972,30.559805,-1,19
103.862029,30.710955,10,20
104.356407,31.132136,-1,21
104.010023,30.481959,-1,22
103.739104,30.5756,-1,23
104.071927,30.53009,-1,24
104.30874,30.8655,11,25
104.237959,30.652817,12,26
104.600513,30.492364,-1,27
103.724238,30.3965,-1,28
104.478618,30.492868,-1,29
103.475778,30.51855,-1,30
104.333856,30.907266,-1,31
103.459873,30.747054,13,32
104.010476,30.451417,-1,33
104.093103,30.581751,14,34
103.481641,31.041105,-1,35
104.080178,30.51565,-1,36
103.719683,30.397627,-1,37
104.323286,30.34294,-1,38
103.660299,30.677692,-1,39
104.24858,30.582024,-1,40
103.999227,30.911643,-1,41
103.791135,29.43964,-1,42
103.931549,30.606849,-1,43
103.943533,30.499032,-1,44
104.114318,30.523399,-1,45
104.164571,30.658233,15,46
103.468559,30.434432,-1,47
103.87976,30.480464,-1,48
103.695891,30.653595,-1,49
104.496688,30.614307,-1,50
103.997634,30.630469,-1,51
103.857337,30.451251,-1,52
104.213891,30.651616,16,53
104.105688,30.519601,-1,54
104.32804,31.374688,-1,55
104.099605,30.466936,17,56
104.223841,30.566548,18,57
104.497886,30.466152,-1,58
104.466193,30.343967,-1,59
104.121329,30.539728,143,60
103.876897,30.635286,-1,61
103.840962,30.810245,-1,62
103.918174,30.684006,19,63
104.005657,30.514568,20,64
104.76552,30.174052,-1,65
104.057335,30.695296,-1,66
103.991628,30.482272,-1,67
103.42325,30.618069,-1,68
104.352258,31.050158,-1,69
104.228747,30.692346,-1,70
103.967486,30.648687,21,71
104.164329,30.628501,-1,72
104.583262,30.339704,-1,73
103.953463,30.655666,-1,74
103.894771,30.410406,-1,75
104.328784,30.305216,163,76
103.661434,30.979851,-1,77
104.334948,30.64364,229,78
104.09297,30.582849,14,79
103.964529,30.809572,-1,80
104.449431,30.480884,22,81
104.324396,30.286338,-1,82
104.235845,30.646676,23,83
103.956864,30.031388,-1,84
104.582857,30.38803,-1,85
103.934812,30.908739,-1,86
104.242349,30.845417,-1,87
103.912645,30.824763,24,88
104.804106,30.152098,25,89
103.977711,30.688694,26,90
104.247462,29.016565,-1,91
104.078278,30.36267,-1,92
104.170704,30.61532,27,93
103.90233,30.658501,28,94
104.006953,30.592738,29,95
104.211762,30.608873,30,96
104.056314,30.847863,4,97
103.887243,30.575571,-1,98
104.498348,30.45365,-1,99
103.895932,31.012552,-1,100
104.36292,31.067787,31,101
104.310361,30.6332,-1,102
104.918689,30.511175,-1,103
104.245356,30.650106,-1,104
104.213827,30.651477,16,105
103.545632,30.210522,-1,106
104.149305,30.839446,-1,107
104.115377,30.417789,32,108
104.198351,30.582023,33,109
104.061735,30.844047,-1,110
104.099131,30.426973,-1,111
103.84411,31.143923,-1,112
104.076252,30.724038,-1,113
103.818847,30.634232,34,114
104.081185,30.515842,-1,115
104.49787,30.450809,-1,116
104.249028,30.77239,35,117
104.315701,30.276615,45,118
104.164094,30.658243,15,119
104.100363,30.521157,-1,120
103.905374,30.536999,-1,121
103.460276,30.464175,-1,122
103.895971,30.666201,36,123
104.070866,30.695382,-1,124
103.992646,30.746114,-1,125
103.870568,30.702223,2,126
104.636348,30.929479,-1,127
103.992334,30.489077,-1,128
104.20338,30.726168,37,129
103.897255,30.676918,-1,130
104.544494,30.710913,-1,131
103.937437,30.460911,-1,132
104.417771,30.947461,-1,133
104.255556,30.859444,0,134
104.500236,30.429349,-1,135
104.110951,30.578921,-1,136
103.683196,31.013332,-1,137
103.957596,30.649524,-1,138
103.922984,30.302709,-1,139
104.064886,30.633169,38,140
103.815315,30.644,-1,141
104.882688,30.082648,-1,142
104.258011,30.832238,-1,143
104.18333,30.710521,39,144
104.320812,30.32767,-1,145
104.437329,30.007181,-1,146
104.023064,30.428918,-1,147
104.015932,30.47791,-1,148
104.01608,30.449424,-1,149
103.845078,30.799879,-1,150
103.839453,30.37832,-1,151
104.085133,30.683639,40,152
103.884709,30.388486,41,153
104.242787,30.645582,42,154
103.958366,30.463146,-1,155
104.008156,30.718846,43,156
103.523543,30.396165,-1,157
103.902922,30.658447,28,158
104.224135,30.566516,18,159
104.052985,30.44287,-1,160
104.236623,30.646731,23,161
103.798929,30.421193,-1,162
104.125515,30.769656,44,163
104.316062,30.276739,45,164
103.873344,30.779276,5,165
104.224595,30.793737,46,166
104.064651,30.269657,-1,167
104.316944,30.461739,-1,168
103.937033,30.781555,-1,169
103.940075,30.614296,47,170
103.870704,30.701983,2,171
104.38985,30.284628,263,172
104.312181,30.298418,48,173
104.141075,30.412019,-1,174
104.065248,30.179287,267,175
104.059852,30.416893,49,176
104.473247,30.434679,-1,177
103.940948,30.943955,-1,178
104.215542,30.649266,-1,179
104.049254,30.785559,-1,180
104.008945,30.439455,-1,181
104.058905,30.686652,-1,182
104.371429,31.047626,-1,183
104.23559,30.646836,23,184
104.318679,30.861146,8,185
104.102561,30.712494,-1,186
104.128241,30.694248,-1,187
103.855875,30.823791,-1,188
104.047031,30.42813,50,189
103.510125,30.741924,-1,190
103.742456,31.107589,-1,191
104.115016,30.579415,51,192
103.901097,30.834653,52,193
103.789775,30.698241,-1,194
103.804949,30.431272,-1,195
103.793288,30.689339,-1,196
104.492278,30.328577,-1,197
103.918584,30.981936,-1,198
104.908175,30.160139,-1,199
104.025396,30.44883,-1,200
104.254184,30.859039,0,201
104.079128,30.564015,223,202
103.730033,30.554252,-1,203
104.118495,30.757278,53,204
103.974739,30.980222,-1,205
104.16447,30.54974,-1,206
104.017434,30.116423,-1,207
103.646921,30.934865,-1,208
103.438067,30.616878,-1,209
103.935028,30.60887,-1,210
104.176958,30.525142,-1,211
103.897263,30.836196,54,212
103.937074,30.613252,55,213
103.973717,30.651899,-1,214
103.892923,30.447259,56,215
104.107453,30.462868,-1,216
103.974757,30.196371,-1,217
104.077497,30.794568,57,218
103.913436,30.993778,-1,219
103.936463,30.613814,55,220
104.24858,30.582031,-1,221
104.05261,30.473479,58,222
103.936817,30.781815,-1,223
104.075607,30.814517,-1,224
103.936036,30.905385,59,225
104.534036,30.726531,-1,226
104.088307,30.540387,-1,227
104.242811,30.650605,60,228
104.105597,30.451032,61,229
104.216524,30.648673,-1,230
104.349558,30.643087,-1,231
103.67621,30.612854,-1,232
104.565105,30.378949,-1,233
104.071078,30.725235,62,234
104.181681,30.703957,-1,235
104.391,30.284539,263,236
103.92668,30.946991,-1,237
103.939936,30.620914,-1,238
103.732132,30.552404,-1,239
103.923286,30.273811,-1,240
104.214051,30.651433,16,241
104.221175,30.834977,-1,242
104.198741,30.510352,63,243
104.239364,29.939175,-1,244
104.114215,30.745437,-1,245
103.939559,30.609331,-1,246
104.627647,30.30816,-1,247
104.428502,31.150044,-1,248
103.921467,30.979775,-1,249
104.033317,30.464944,-1,250
104.105003,30.754642,-1,251
103.481641,30.524587,-1,252
103.831848,31.015677,-1,253
104.122102,30.69174,-1,254
104.628095,31.175134,-1,255
104.214953,30.583311,6,256
104.196885,30.73789,-1,257
103.916728,30.683784,19,258
104.00123,30.65083,-1,259
104.97439,29.869605,-1,260
104.098772,30.605412,-1,261
103.969553,30.981782,64,262
104.487619,30.493058,65,263
104.217157,30.571986,-1,264
104.240317,30.801633,-1,265
103.90917,30.998081,-1,266
104.326379,30.860094,66,267
104.242804,30.650352,60,268
103.540988,30.567617,-1,269
104.023499,30.450383,-1,270
104.190345,30.5141,-1,271
103.552551,30.531417,-1,272
103.6256,30.931866,-1,273
104.055602,30.727967,-1,274
104.097169,30.758897,-1,275
104.070527,30.763961,-1,276
104.04649,30.550984,-1,277
104.044461,30.454607,-1,278
104.439176,30.9832,-1,279
104.382239,30.35069,-1,280
104.089384,30.692055,-1,281
104.573222,30.68769,-1,282
104.118874,30.757202,53,283
104.318501,30.306313,-1,284
104.03515,30.650908,-1,285
103.965738,30.614365,-1,286
104.050728,30.664804,67,287
103.368311,30.286371,-1,288
104.539624,30.722082,-1,289
103.940451,30.614127,47,290
103.972211,30.542317,68,291
104.215146,30.7418,-1,292
104.114273,30.750587,69,293
103.790926,30.604146,-1,294
103.861537,30.984724,-1,295
103.963004,30.060378,-1,296
103.805265,30.431175,-1,297
103.893093,30.447406,56,298
103.884669,30.388736,41,299
104.613182,30.714151,-1,300
104.152713,30.781615,70,301
103.994474,30.648804,-1,302
103.936617,30.783115,-1,303
103.897769,30.689135,-1,304
103.92668,30.946991,-1,305
103.961444,30.205115,-1,306
102.251799,29.25569,-1,307
103.973241,31.415813,-1,308
104.354337,30.436001,71,309
103.912728,30.824646,24,310
103.873705,30.417269,72,311
104.072676,30.425057,-1,312
104.001857,30.484731,-1,313
103.917105,30.398219,73,314
104.145481,30.39397,-1,315
104.579901,30.388685,-1,316
104.472098,30.483815,-1,317
104.504386,30.427241,-1,318
104.011423,30.668892,-1,319
103.4033,29.895855,-1,320
103.966429,30.626152,-1,321
104.503719,31.179734,-1,322
103.858017,30.630361,-1,323
104.157345,30.64821,-1,324
104.150364,30.616179,74,325
103.723255,31.054919,-1,326
104.211398,30.60862,30,327
104.380211,31.009577,-1,328
104.378349,30.282963,-1,329
103.851331,31.059339,-1,330
103.940626,30.428771,-1,331
104.037813,30.659663,75,332
103.874115,30.607703,-1,333
103.880795,30.414717,-1,334
104.099037,30.713388,-1,335
104.513042,30.420114,76,336
104.21654,30.57178,-1,337
104.298716,30.992137,-1,338
104.164934,30.573347,-1,339
104.402203,30.996761,265,340
104.099476,30.460217,77,341
104.071985,30.274772,-1,342
104.109005,30.464018,-1,343
104.320024,30.276731,45,344
104.416662,30.898529,-1,345
104.115037,30.417297,32,346
103.938333,30.575304,-1,347
104.055967,30.425566,-1,348
104.138616,30.522206,-1,349
103.270207,30.19321,-1,350
103.096562,30.064102,-1,351
103.498166,30.168085,-1,352
104.040528,30.674389,-1,353
103.429312,30.412127,-1,354
103.845276,30.788536,-1,355
104.488942,30.461678,-1,356
104.053682,30.466318,78,357
104.113245,30.739862,-1,358
104.332788,30.844825,-1,359
104.012474,30.739101,-1,360
103.674835,30.902547,-1,361
104.225881,30.647419,-1,362
104.318516,30.275278,45,363
104.355871,30.994385,-1,364
103.997837,30.607043,-1,365
103.863044,30.150301,-1,366
104.070433,30.689772,79,367
104.072118,30.190081,-1,368
104.303967,30.254701,-1,369
104.323634,30.64506,80,370
103.816432,30.641223,-1,371
104.031728,30.484282,-1,372
104.078574,30.373101,-1,373
104.375062,31.103614,-1,374
103.963082,30.647347,-1,375
104.320817,30.826752,-1,376
104.059008,30.636291,-1,377
103.761644,30.395155,-1,378
103.815269,30.898223,-1,379
104.115364,31.512534,-1,380
104.109187,30.379902,-1,381
103.47215,30.427737,-1,382
104.049355,31.247756,-1,383
104.357667,30.660281,-1,384
104.134144,30.390597,-1,385
104.538695,31.861216,-1,386
104.397617,30.824157,81,387
103.994317,30.764754,-1,388
104.886966,30.171812,-1,389
104.072665,30.406522,-1,390
104.004045,30.455591,-1,391
103.905297,30.810288,82,392
103.817344,30.608352,-1,393
104.051242,30.665027,67,394
104.164495,30.395149,-1,395
103.646743,30.296288,-1,396
104.591146,30.717931,-1,397
103.910482,30.733007,-1,398
103.701385,30.602549,83,399
104.007635,30.553963,-1,400
104.059806,30.387368,-1,401
103.8738,30.417279,72,402
103.663053,30.910429,-1,403
104.378349,30.282963,-1,404
104.125035,30.769153,44,405
104.115377,30.418239,32,406
104.233797,30.362409,-1,407
104.061481,30.419096,84,408
104.082744,30.646185,85,409
103.808444,30.67267,-1,410
103.468559,30.434432,-1,411
104.084818,30.455096,228,412
104.171575,30.70303,-1,413
104.071122,30.72522,62,414
104.04424,30.445587,86,415
103.998679,30.686413,-1,416
104.450485,30.480698,22,417
104.103392,30.532787,87,418
104.365398,30.502119,-1,419
104.225097,30.672186,-1,420
103.938189,30.616305,88,421
104.04215,30.570383,-1,422
103.909428,30.978106,-1,423
104.092889,30.523635,129,424
104.287922,30.846227,-1,425
104.237881,30.652771,12,426
104.036506,30.29688,-1,427
103.274421,29.567824,-1,428
104.115832,30.584703,89,429
104.034786,30.799017,-1,430
104.227556,30.512745,-1,431
103.992633,30.885287,-1,432
104.050816,30.476254,90,433
103.901519,30.643004,-1,434
104.152355,30.772625,-1,435
104.466193,30.343967,-1,436
103.598325,30.98556,-1,437
104.563996,30.388143,-1,438
104.169071,30.740959,91,439
103.884929,30.411551,-1,440
103.516771,30.392033,-1,441
103.534811,30.746728,-1,442
104.740228,30.646529,-1,443
104.052205,30.259587,258,444
104.52146,30.631078,-1,445
104.908223,30.160055,-1,446
104.17073,30.615325,27,447
104.061986,30.339184,-1,448
103.940411,30.614245,47,449
104.176977,30.718691,9,450
104.368837,30.552056,-1,451
104.153521,30.735558,-1,452
104.19618,30.738311,-1,453
103.082781,29.971514,-1,454
103.497269,30.567173,-1,455
104.277043,31.141811,-1,456
103.977668,30.688538,26,457
103.945583,30.485607,-1,458
103.86481,30.407817,-1,459
104.111542,30.531112,-1,460
103.810204,30.631887,-1,461
103.968342,30.468086,92,462
103.970892,30.650173,93,463
104.150573,30.617164,74,464
103.484841,30.529411,-1,465
104.297588,31.034953,-1,466
104.092261,30.561506,-1,467
104.046611,30.577758,-1,468
104.046227,30.445782,-1,469
104.16906,30.741173,91,470
103.989838,30.55374,-1,471
104.366503,30.304498,94,472
104.098629,30.555483,-1,473
103.84411,31.144039,-1,474
103.945225,30.945326,-1,475
104.804325,30.152492,25,476
103.863196,30.557073,-1,477
104.36292,31.067787,31,478
104.168821,30.71163,-1,479
104.449181,30.480669,22,480
104.908055,30.160121,-1,481
103.690457,30.898779,-1,482
104.136315,30.407882,-1,483
104.208243,30.524357,95,484
103.879452,30.404468,96,485
104.162863,30.677185,-1,486
104.166729,30.659116,-1,487
104.092459,30.586058,-1,488
103.971061,30.469839,92,489
103.916802,30.683546,19,490
104.668943,30.087882,-1,491
104.051367,30.446836,-1,492
104.491975,30.322845,97,493
104.077473,30.794772,57,494
103.95573,30.54161,-1,495
104.062464,30.437806,-1,496
103.873265,30.419672,-1,497
103.942295,30.847677,-1,498
103.927404,30.634699,-1,499
103.819553,30.632964,-1,500
104.425764,30.816929,-1,501
104.318583,30.861096,8,502
103.87808,30.607646,-1,503
104.308457,30.865177,11,504
103.825116,30.581681,-1,505
103.945582,30.623404,-1,506
103.940682,30.614142,47,507
104.07771,30.379006,-1,508
104.909626,29.841985,-1,509
104.065536,30.437393,-1,510
104.224961,30.793888,46,511
104.145012,30.616514,-1,512
103.89704,30.666601,36,513
103.831324,30.667977,-1,514
103.884965,30.388638,41,515
104.225209,30.638685,98,516
104.488082,30.493123,65,517
104.086636,30.749436,-1,518
104.326411,30.860144,66,519
104.543081,30.718288,-1,520
103.887826,30.479518,-1,521
104.342476,30.786516,-1,522
104.48943,30.493953,65,523
103.96464,30.637317,99,524
104.123614,30.912475,-1,525
104.320152,30.277413,45,526
104.291821,30.967263,-1,527
103.816107,30.675142,-1,528
104.496688,30.614307,-1,529
104.039178,30.446887,-1,530
104.578326,30.358269,-1,531
104.201358,30.733696,100,532
104.107882,30.921239,-1,533
104.05005,30.476741,90,534
104.242868,30.650887,60,535
104.06321,30.665391,-1,536
103.849822,30.208015,-1,537
103.921936,29.920383,-1,538
103.531509,30.549627,-1,539
103.919044,30.691733,-1,540
103.879063,30.4879,-1,541
104.213847,30.6516,16,542
104.072342,30.200882,101,543
104.461745,30.488126,-1,544
103.91843,30.565214,-1,545
103.870138,30.600981,-1,546
104.203747,30.726025,37,547
104.21662,30.648623,-1,548
103.995183,30.480485,-1,549
104.106594,30.740459,102,550
104.04655,30.449371,-1,551
104.103512,30.53246,87,552
104.161185,30.599725,103,553
104.391297,30.287056,104,554
104.401104,30.343237,-1,555
104.530511,30.433161,-1,556
103.901537,30.834253,52,557
104.040727,30.665654,-1,558
103.982571,30.453588,105,559
103.937371,30.614153,55,560
104.093204,30.856437,-1,561
104.113542,30.578984,51,562
103.794197,30.446441,-1,563
103.9952,30.64921,-1,564
103.492586,31.350184,-1,565
104.511789,30.421638,106,566
103.701301,30.402858,-1,567
103.502005,30.753467,-1,568
104.064035,30.43792,-1,569
103.921509,30.248103,-1,570
104.08178,30.563161,-1,571
104.799513,30.15194,-1,572
104.449727,30.480634,22,573
104.064871,30.685845,-1,574
104.046614,30.427263,50,575
104.235823,30.646301,23,576
104.213532,30.744972,-1,577
104.320252,30.277839,45,578
104.293875,30.304606,-1,579
104.804852,30.154098,25,580
104.145078,30.546324,-1,581
104.024873,30.662456,-1,582
103.496144,30.753424,-1,583
104.041403,30.593353,107,584
103.889843,30.677444,-1,585
104.226356,30.858946,-1,586
104.046879,30.42788,50,587
103.987121,30.216019,-1,588
104.066937,30.381552,-1,589
104.153017,30.514774,-1,590
104.29162,30.59304,-1,591
104.150356,30.616489,74,592
104.317519,30.277116,45,593
103.938117,30.616422,88,594
103.997804,30.138549,-1,595
104.045985,30.5521,-1,596
104.361844,30.351257,-1,597
104.082143,30.490422,-1,598
104.255506,30.531138,108,599
104.522078,30.429722,109,600
104.060607,31.245486,110,601
103.522012,30.796567,-1,602
103.813725,30.40605,-1,603
103.99192,30.73964,242,604
104.36149,30.434846,111,605
103.499337,30.569409,112,606
103.449529,30.466867,113,607
104.457248,30.607794,-1,608
104.569176,30.707264,-1,609
104.162116,30.696825,-1,610
103.832684,30.350426,-1,611
103.96725,30.648477,21,612
103.711201,30.798468,-1,613
103.907919,30.972866,-1,614
103.802013,30.455566,-1,615
103.868058,30.779426,114,616
104.108283,30.42029,-1,617
104.48486,30.347835,-1,618
103.677191,30.483346,-1,619
104.210934,30.608363,30,620
104.353835,30.995865,115,621
104.057346,30.695116,-1,622
103.816436,30.633657,34,623
103.861372,30.445899,116,624
103.981355,30.785356,117,625
104.335944,30.645595,-1,626
104.235833,30.646342,23,627
104.569413,30.371874,-1,628
104.121025,30.500703,3,629
104.324045,30.34373,-1,630
104.165902,30.712284,118,631
104.334057,30.762273,-1,632
103.861099,30.445176,116,633
103.521788,30.782633,-1,634
104.093503,30.363277,-1,635
104.254088,30.858922,0,636
103.892428,30.600547,-1,637
104.005077,30.480012,-1,638
103.62893,30.909746,-1,639
104.331715,30.898602,-1,640
104.155613,30.693295,-1,641
104.093829,30.632497,-1,642
103.948482,30.501128,-1,643
104.178598,30.782966,119,644
104.103352,30.701934,-1,645
103.787767,30.67014,-1,646
104.075453,30.770633,-1,647
103.959104,30.462823,-1,648
104.120724,30.754659,-1,649
103.873262,30.626382,-1,650
104.093577,30.581261,14,651
104.045789,30.427332,50,652
103.662385,30.98409,-1,653
104.050342,30.488241,-1,654
103.969243,30.36635,120,655
103.52495,30.7098,-1,656
104.107138,30.508263,-1,657
103.478581,30.42802,-1,658
104.443721,30.842599,-1,659
103.812982,30.632557,34,660
103.654795,30.927124,259,661
103.547659,30.215183,-1,662
104.086876,30.445243,-1,663
104.112047,30.753057,121,664
103.713287,30.39185,-1,665
103.498321,30.568806,112,666
103.921982,30.282572,-1,667
104.586669,30.117112,-1,668
104.094043,30.778926,-1,669
104.178598,30.782966,119,670
103.723159,30.448529,-1,671
103.916991,30.684122,19,672
103.682005,30.855999,-1,673
103.696728,30.582561,-1,674
103.827848,30.581442,-1,675
104.059148,30.406361,-1,676
104.254804,30.579523,-1,677
103.710623,30.578188,-1,678
104.973602,29.871171,122,679
103.84465,30.682445,-1,680
103.682297,30.596159,123,681
104.357252,30.863118,-1,682
104.770768,30.859691,-1,683
103.739104,30.5756,-1,684
104.391607,30.28706,104,685
103.882362,30.480183,-1,686
104.4481,30.875578,-1,687
103.974938,30.978377,-1,688
103.92073,30.540925,-1,689
104.152484,30.725577,124,690
103.995303,30.426,-1,691
104.578089,30.731153,-1,692
104.225166,30.707374,125,693
104.077506,30.794522,57,694
104.501854,30.354336,-1,695
104.783529,30.832192,-1,696
103.791333,30.345264,-1,697
104.465751,30.794194,-1,698
104.391954,30.28744,104,699
103.706032,30.632114,-1,700
104.106435,30.740355,102,701
104.066317,30.180208,267,702
104.077802,30.794636,57,703
104.501134,30.484215,-1,704
104.072342,30.200882,101,705
103.905481,30.810422,82,706
104.328947,30.279087,-1,707
103.664163,30.900959,-1,708
104.215082,30.582609,6,709
103.866054,30.304479,-1,710
104.072028,30.22427,-1,711
104.143303,30.833906,-1,712
104.337992,30.773716,-1,713
104.010932,30.522626,-1,714
103.992428,30.721374,-1,715
103.679339,30.603039,-1,716
103.939792,30.614309,47,717
103.741477,30.694616,126,718
104.153642,30.372393,-1,719
103.610514,30.825086,-1,720
103.998364,30.669352,-1,721
103.578385,30.48615,-1,722
104.010197,30.745088,-1,723
104.047514,30.428936,50,724
104.143121,30.581069,-1,725
104.109735,30.506546,221,726
104.135002,30.805985,127,727
104.024999,31.385795,-1,728
103.678147,31.029717,128,729
104.091897,30.52445,129,730
104.002161,30.590587,-1,731
104.627142,30.307925,-1,732
103.904718,30.541201,-1,733
103.535146,30.745068,-1,734
103.931384,30.606844,-1,735
103.912753,30.631007,1,736
103.917058,30.683532,19,737
104.0804,30.515871,-1,738
103.06059,30.027601,-1,739
103.937796,30.619032,130,740
103.940366,30.614255,47,741
104.210809,30.607796,30,742
103.973401,30.579369,-1,743
104.221072,30.6391,131,744
104.182734,30.717478,168,745
103.923081,30.71702,132,746
104.130485,30.392996,-1,747
104.185401,31.136316,-1,748
104.105789,30.451105,61,749
104.068033,30.177779,-1,750
103.673929,30.731953,-1,751
104.040991,30.531425,-1,752
104.444927,30.843215,-1,753
103.530434,31.410169,133,754
103.957698,30.567498,-1,755
104.043839,30.446113,86,756
102.645675,30.933778,-1,757
104.172187,30.530006,-1,758
103.94207,30.626051,-1,759
103.948757,30.501525,-1,760
104.04322,30.392523,-1,761
103.990843,30.589883,-1,762
104.121258,30.957264,-1,763
103.959605,30.54302,-1,764
104.212651,30.767884,-1,765
103.832875,30.622719,-1,766
103.879538,30.404396,96,767
103.664951,30.643727,-1,768
104.392049,30.299115,134,769
103.917186,30.68393,19,770
104.669431,29.504106,135,771
103.516627,30.579001,-1,772
104.204776,30.750093,-1,773
104.007996,30.718853,43,774
104.323375,30.644988,80,775
104.421217,30.471686,-1,776
103.962572,30.461357,-1,777
103.912946,30.825171,24,778
104.108031,30.505362,-1,779
104.244332,30.645792,42,780
103.883484,30.339682,-1,781
103.905637,30.719121,-1,782
104.228014,30.788089,-1,783
104.017938,30.442425,-1,784
104.125221,30.769731,44,785
103.859831,30.738121,-1,786
103.84642,30.428549,-1,787
103.995895,30.872112,-1,788
103.887768,30.66085,136,789
103.887183,30.528772,137,790
104.004832,30.507864,-1,791
104.315517,30.631907,-1,792
104.081807,30.455942,138,793
104.201751,30.55213,-1,794
103.870568,30.702223,2,795
103.968004,30.586309,-1,796
104.164595,30.658032,15,797
103.883665,30.665958,139,798
104.177021,30.70156,-1,799
103.882867,30.666019,139,800
104.002469,30.883107,-1,801
103.99481,30.612395,203,802
103.504585,30.571014,-1,803
103.785998,30.602465,-1,804
104.16323,30.577755,-1,805
104.310248,30.994426,-1,806
104.237904,30.652985,12,807
103.461581,30.750349,-1,808
104.391465,30.281388,-1,809
103.962053,30.787699,-1,810
104.298473,30.385308,-1,811
104.116541,30.640277,-1,812
103.974876,30.908668,-1,813
103.669936,30.605569,-1,814
104.364803,30.969336,-1,815
103.718222,30.594346,-1,816
104.181849,30.69982,-1,817
103.814779,30.633177,34,818
104.014276,30.766743,-1,819
104.224957,30.638746,98,820
103.901919,30.975149,-1,821
104.125082,30.769339,44,822
103.988206,30.627389,140,823
102.202495,29.683917,-1,824
104.237874,30.652935,12,825
104.130918,30.821277,-1,826
104.23539,30.64667,23,827
104.467989,30.347381,-1,828
103.891368,30.550408,-1,829
103.601165,31.064762,141,830
104.505609,30.506444,-1,831
103.896698,30.666586,36,832
104.235254,30.645952,23,833
104.17282,30.484154,7,834
104.055911,30.763239,142,835
104.107219,30.769308,-1,836
104.148838,30.839258,-1,837
103.813253,30.632689,34,838
103.496234,30.753216,-1,839
104.121412,30.539638,143,840
103.904104,30.978519,-1,841
104.055627,30.719577,-1,842
103.769392,30.366696,-1,843
103.661356,30.961021,144,844
104.418728,30.612415,-1,845
103.938325,30.616171,88,846
104.167274,30.608161,-1,847
104.489402,30.494021,65,848
103.884764,30.368985,-1,849
103.952737,30.795905,-1,850
104.634611,30.407415,-1,851
104.071118,30.688543,79,852
103.137264,30.100352,-1,853
104.082911,31.287556,-1,854
104.185908,30.647428,-1,855
104.177748,29.978819,-1,856
104.594673,31.294191,-1,857
104.049814,31.259709,-1,858
104.0939,30.54035,-1,859
104.106719,30.491108,145,860
104.112058,30.753038,121,861
104.164536,30.65869,15,862
104.202734,30.726085,37,863
104.180558,30.792912,-1,864
104.101038,30.810214,-1,865
103.661847,30.921216,-1,866
104.005636,30.575855,-1,867
103.860221,30.837091,-1,868
103.86152,30.710249,10,869
104.05036,30.476781,90,870
103.899267,30.753297,-1,871
104.266449,30.656061,-1,872
104.20338,30.726168,37,873
103.806189,31.171601,-1,874
104.209831,30.648866,-1,875
103.926255,30.947026,-1,876
104.125234,30.769477,44,877
102.237671,29.769684,-1,878
103.972392,30.614597,-1,879
103.058288,30.026881,-1,880
103.984302,30.58664,-1,881
104.10925,30.604024,-1,882
103.957659,30.439086,-1,883
103.966904,30.435639,-1,884
104.908039,30.160205,-1,885
104.044243,30.447042,86,886
103.681052,30.886246,-1,887
104.115637,30.378469,-1,888
103.888119,30.499844,-1,889
104.022297,30.619442,-1,890
104.106767,30.507263,-1,891
104.240501,30.598273,-1,892
103.981508,30.583572,-1,893
104.072421,30.695718,-1,894
103.816312,30.633641,34,895
104.077745,30.794806,57,896
103.647116,30.934981,-1,897
103.972893,30.472819,-1,898
104.069903,30.768395,146,899
103.895849,30.477364,-1,900
103.368311,30.286371,-1,901
104.07087,30.791132,-1,902
104.213891,30.651423,16,903
104.178782,30.782766,119,904
104.037552,30.350874,-1,905
104.17715,30.718586,9,906
103.95498,30.492124,147,907
103.623004,30.616142,-1,908
103.893139,30.249632,-1,909
104.146497,30.541578,-1,910
103.899991,30.686752,-1,911
104.039633,30.225387,-1,912
104.233622,30.794019,-1,913
103.675124,30.908333,-1,914
103.739022,30.952382,-1,915
104.369221,30.4941,-1,916
104.211404,30.5265,-1,917
103.591507,30.742159,-1,918
104.107981,30.42062,-1,919
104.080674,30.516691,-1,920
103.475824,30.518569,-1,921
104.377798,30.313347,-1,922
104.07231,30.695676,-1,923
104.105897,30.855306,-1,924
104.172838,30.483949,7,925
104.308569,31.006912,-1,926
104.102003,30.500561,-1,927
103.917476,30.716522,-1,928
104.398179,30.303809,-1,929
104.108276,30.556303,-1,930
103.845399,30.464807,-1,931
104.426732,30.980019,-1,932
103.794484,30.441043,-1,933
104.320104,30.276917,45,934
103.585992,30.38833,-1,935
103.978652,30.495112,-1,936
104.099553,30.569452,-1,937
103.459721,30.74687,13,938
104.489095,30.493922,65,939
104.068618,30.578065,-1,940
103.437825,30.988346,-1,941
103.97371,30.622054,-1,942
103.879746,30.404331,96,943
104.326243,30.86036,66,944
104.411938,30.833194,-1,945
104.503732,30.426643,-1,946
104.043854,30.446796,86,947
104.207333,30.703889,-1,948
104.316984,30.461656,-1,949
103.956465,30.93932,-1,950
103.904065,30.676167,-1,951
103.923194,30.717306,132,952
104.049283,30.540426,185,953
104.555268,30.352744,148,954
104.028952,30.479882,-1,955
104.099134,30.613681,-1,956
104.882464,30.083132,-1,957
103.894443,30.411016,-1,958
103.973149,30.473567,-1,959
103.93131,30.541734,-1,960
103.735459,30.960634,-1,961
104.598023,30.340207,-1,962
104.597732,30.699625,-1,963
103.506799,30.744518,-1,964
104.098321,30.67238,-1,965
104.495882,30.613131,-1,966
104.077183,30.374572,-1,967
103.97372,31.002698,-1,968
104.077797,30.794683,57,969
103.827991,30.021386,-1,970
103.706333,30.404347,-1,971
104.239912,30.35553,-1,972
103.81977,30.665083,-1,973
104.173007,30.484574,7,974
104.21939,30.58701,-1,975
104.175207,30.664431,149,976
104.087783,30.74815,266,977
104.004408,30.59238,-1,978
104.326484,30.86001,66,979
104.001147,30.591168,-1,980
104.243063,30.645752,42,981
103.812427,30.571656,-1,982
104.191862,30.789929,150,983
104.168921,30.741433,91,984
104.509784,30.352796,151,985
103.954886,30.492032,147,986
103.888946,30.817053,-1,987
103.813691,31.655577,-1,988
103.530342,31.408376,-1,989
103.51738,30.74966,-1,990
103.773333,30.543729,-1,991
103.969085,31.007925,-1,992
104.285681,30.696652,-1,993
104.326267,30.86036,66,994
104.050781,30.476107,90,995
104.240091,30.597801,-1,996
104.004158,30.520562,-1,997
103.701897,30.602541,83,998
104.267936,30.650812,152,999
103.924365,30.950262,153,1000
104.105176,30.867597,-1,1001
104.162139,30.556646,154,1002
103.952093,31.013438,-1,1003
104.234958,30.64582,23,1004
103.784897,30.41062,-1,1005
104.101276,30.497591,155,1006
104.021928,29.138266,-1,1007
103.98822,30.211572,-1,1008
104.460834,30.487849,-1,1009
103.678003,30.338402,-1,1010
104.308777,30.865281,11,1011
103.959746,30.649695,-1,1012
103.862173,31.068827,-1,1013
104.623866,30.884878,-1,1014
104.164509,30.658726,15,1015
104.296201,30.963763,-1,1016
104.460667,30.487862,-1,1017
104.243937,30.645551,42,1018
104.007944,30.513374,-1,1019
104.006527,30.507677,-1,1020
104.194137,30.594867,-1,1021
103.872827,30.778234,5,1022
104.036303,30.234831,-1,1023
103.99394,30.746465,156,1024
104.237464,30.652858,12,1025
103.798954,29.772028,157,1026
104.296551,30.602025,-1,1027
103.682045,31.140611,-1,1028
104.103882,30.641579,-1,1029
103.829817,30.335013,-1,1030
103.499247,30.56955,112,1031
104.004558,30.59243,-1,1032
103.89333,30.513779,158,1033
104.226379,30.792803,159,1034
104.10666,30.756284,-1,1035
103.912028,30.798506,-1,1036
104.063572,30.167486,-1,1037
103.472018,30.757503,-1,1038
103.888165,31.035471,-1,1039
103.946892,31.07073,-1,1040
104.424156,30.392666,-1,1041
103.277626,29.569543,-1,1042
104.627771,30.921944,-1,1043
104.001054,30.586629,-1,1044
104.246551,30.662554,-1,1045
103.5532,30.221206,160,1046
104.106951,30.491742,145,1047
104.12017,30.772551,161,1048
103.663201,30.970448,162,1049
104.05588,30.763217,142,1050
103.964579,30.636897,99,1051
104.39217,30.29899,134,1052
104.077817,30.794724,57,1053
104.327302,30.306435,163,1054
104.01544,30.525208,-1,1055
104.413537,30.806263,-1,1056
104.464539,30.471428,-1,1057
103.744479,30.531847,-1,1058
104.32338,30.644926,80,1059
104.201949,30.726115,37,1060
104.236398,30.646879,23,1061
103.83105,29.835579,-1,1062
104.55538,30.352678,148,1063
103.860125,30.919806,-1,1064
103.752338,30.535782,-1,1065
104.075038,30.735758,-1,1066
103.993284,30.661583,-1,1067
103.479897,30.427892,-1,1068
104.354527,30.435949,71,1069
103.981628,30.785167,117,1070
103.937898,30.614198,55,1071
104.422872,30.474251,164,1072
104.303769,30.84321,-1,1073
104.355832,30.994186,-1,1074
104.31579,30.303291,165,1075
103.974473,31.067841,-1,1076
104.164383,30.658772,15,1077
103.958366,30.463146,-1,1078
103.811704,30.632328,34,1079
104.185761,30.720109,166,1080
104.001834,30.128261,257,1081
104.050686,30.749951,-1,1082
103.84411,31.144039,-1,1083
104.501826,30.354031,-1,1084
104.195116,30.506335,-1,1085
104.105953,30.526646,-1,1086
104.105789,30.451105,61,1087
104.071474,30.685732,-1,1088
103.615743,30.955067,-1,1089
103.968326,30.616193,-1,1090
104.360723,30.329826,-1,1091
103.919085,29.914665,-1,1092
104.193569,31.615769,-1,1093
103.740181,30.531302,-1,1094
104.001672,30.884928,-1,1095
104.233622,30.794019,-1,1096
104.763589,30.368753,-1,1097
103.608112,30.971545,-1,1098
104.380238,30.777528,-1,1099
103.880329,30.404337,96,1100
104.114437,30.579529,51,1101
104.144501,30.813327,-1,1102
104.26544,30.857393,-1,1103
104.087404,30.759359,167,1104
103.964094,30.641333,-1,1105
103.893574,30.601274,-1,1106
104.715642,30.391268,-1,1107
104.327163,30.306658,163,1108
104.06764,30.444882,-1,1109
104.183273,30.717374,168,1110
104.108026,30.386818,-1,1111
103.917114,30.68368,19,1112
104.040358,30.880132,-1,1113
103.504996,30.725367,-1,1114
104.095551,30.538006,169,1115
104.095856,30.444531,-1,1116
104.021526,30.52355,-1,1117
104.090651,30.544234,-1,1118
104.243937,30.645551,42,1119
104.062138,31.244914,-1,1120
103.964624,30.637251,99,1121
104.327265,30.307169,163,1122
104.074334,30.839523,-1,1123
104.138571,30.638237,-1,1124
104.49118,31.049603,-1,1125
104.047192,30.427448,50,1126
104.181134,30.534759,-1,1127
104.323753,30.645082,80,1128
104.315908,30.302093,165,1129
104.296639,30.993381,170,1130
104.254848,30.858939,0,1131
104.206092,30.647533,-1,1132
103.843784,30.6736,-1,1133
103.6633,30.659533,-1,1134
103.973733,30.469884,92,1135
104.072517,30.351964,-1,1136
104.135649,30.805836,127,1137
104.244989,30.553683,171,1138
104.086274,30.581039,-1,1139
104.178742,30.783016,119,1140
103.942788,30.610412,-1,1141
104.059554,30.416582,49,1142
104.29888,30.60155,-1,1143
103.642869,30.942396,172,1144
103.917158,30.398102,73,1145
104.236377,30.64657,23,1146
104.012366,30.524295,-1,1147
103.543993,30.579261,-1,1148
104.106951,30.491742,145,1149
104.023166,31.376554,-1,1150
104.311684,30.2993,48,1151
104.169019,30.532164,-1,1152
103.826578,30.39945,-1,1153
104.218135,30.585994,-1,1154
103.464697,30.452784,-1,1155
104.668374,30.087733,-1,1156
104.273047,30.64709,-1,1157
104.047326,30.428105,50,1158
103.990587,30.739688,242,1159
104.005973,30.644348,-1,1160
104.079042,30.807767,-1,1161
104.08757,30.760028,167,1162
104.167669,30.61977,-1,1163
104.242876,30.650668,60,1164
104.522612,30.6629,173,1165
103.892793,30.397751,-1,1166
104.235502,30.646592,23,1167
104.0879,30.749204,266,1168
103.965832,30.183041,-1,1169
103.315369,31.075191,-1,1170
103.937664,30.614138,55,1171
104.354966,30.348404,-1,1172
104.024059,30.859305,-1,1173
104.135649,30.805836,127,1174
104.255418,30.53113,108,1175
104.195829,30.735119,-1,1176
104.045163,30.78853,-1,1177
104.178595,30.783052,119,1178
103.658568,31.024486,-1,1179
104.071057,30.836505,-1,1180
104.086413,30.789642,-1,1181
103.936365,30.905301,59,1182
104.390186,30.33271,-1,1183
104.312269,30.298435,48,1184
103.891573,30.552103,-1,1185
104.198215,30.582029,33,1186
103.940457,30.614208,47,1187
104.195561,31.677363,-1,1188
103.899724,30.402137,-1,1189
103.960622,29.285334,-1,1190
103.896698,30.666586,36,1191
104.115314,30.452556,-1,1192
103.959553,30.438594,174,1193
103.496814,30.174857,-1,1194
104.07153,30.688593,79,1195
104.180057,30.619464,175,1196
103.798382,31.167116,-1,1197
104.168929,30.741254,91,1198
104.073319,30.715365,-1,1199
104.185494,30.716752,-1,1200
103.854716,30.328761,-1,1201
104.044152,30.449032,-1,1202
103.98816,30.452678,-1,1203
104.535696,30.352666,-1,1204
104.210866,30.68694,-1,1205
104.234958,30.64602,23,1206
104.366056,30.351553,-1,1207
104.325793,30.273825,-1,1208
104.509728,30.352896,151,1209
104.297515,30.306629,-1,1210
104.437093,30.861436,-1,1211
103.806258,31.171636,-1,1212
104.224905,30.783015,-1,1213
103.549731,30.211364,-1,1214
104.201262,30.599809,-1,1215
104.19422,30.691617,-1,1216
103.982392,30.784465,117,1217
103.912943,30.824603,24,1218
103.808396,30.401701,-1,1219
104.231991,30.658553,-1,1220
103.932218,30.536275,-1,1221
103.937652,30.614722,55,1222
104.229358,30.707572,-1,1223
104.052992,30.447732,-1,1224
103.937415,30.61933,130,1225
104.360875,30.604233,-1,1226
104.135169,30.805836,127,1227
104.34963,30.64315,-1,1228
103.770049,30.587184,-1,1229
104.061254,30.492341,-1,1230
104.125338,30.769375,44,1231
103.917501,30.742593,-1,1232
104.054992,30.460782,-1,1233
103.832966,30.7976,-1,1234
103.44308,30.943594,-1,1235
103.908759,30.543369,176,1236
104.22504,30.582939,-1,1237
104.223759,30.885202,-1,1238
103.452093,30.475098,-1,1239
104.223801,30.566514,18,1240
103.489755,30.184576,177,1241
103.782564,30.601284,-1,1242
104.575024,30.68605,-1,1243
103.93774,30.614104,55,1244
104.035757,30.5879,-1,1245
104.418333,30.947711,-1,1246
104.169031,30.532168,-1,1247
103.449869,30.466795,113,1248
103.90536,30.39708,-1,1249
104.29258,30.391516,-1,1250
104.172995,30.48427,7,1251
103.680849,30.302753,-1,1252
104.149184,30.622361,-1,1253
104.177827,30.726909,-1,1254
103.923942,30.860037,-1,1255
104.050828,30.478319,-1,1256
104.293154,30.849964,178,1257
104.598378,30.735036,-1,1258
104.452275,30.825626,-1,1259
104.511061,30.353124,151,1260
104.327333,30.306263,163,1261
103.962531,30.526345,-1,1262
103.674835,30.902547,-1,1263
104.291576,30.877429,-1,1264
104.617652,30.685292,-1,1265
103.824718,31.15684,-1,1266
103.05994,30.0278,-1,1267
104.085083,30.683447,40,1268
104.116026,30.584195,89,1269
103.98742,30.452783,-1,1270
104.333912,30.76152,-1,1271
103.6818,31.140805,-1,1272
104.038834,30.360028,-1,1273
104.400316,30.996838,-1,1274
104.38948,30.310173,-1,1275
104.508558,30.353183,151,1276
103.714467,30.490241,-1,1277
104.200446,30.741103,-1,1278
103.865178,30.832181,-1,1279
103.9082,30.783778,-1,1280
104.189428,31.005021,-1,1281
104.513042,30.420114,76,1282
104.185854,30.71927,166,1283
103.874935,30.445917,-1,1284
103.531224,30.739398,-1,1285
103.964549,30.386562,-1,1286
104.311138,30.799197,-1,1287
103.678037,31.028705,128,1288
104.189035,30.792936,216,1289
104.095575,30.84601,-1,1290
104.318249,30.646157,-1,1291
104.354241,30.435834,71,1292
104.202753,30.725866,37,1293
104.093966,30.581242,14,1294
104.123916,30.43518,-1,1295
103.959787,30.517517,-1,1296
104.091708,30.524605,129,1297
103.916273,30.369253,179,1298
103.437758,30.617201,-1,1299
103.943571,30.507794,-1,1300
104.061318,30.419226,84,1301
104.256039,30.586651,-1,1302
103.713874,30.527048,-1,1303
103.796822,30.643485,180,1304
103.49914,31.258903,-1,1305
103.835112,29.992823,-1,1306
104.362885,30.597948,-1,1307
104.134953,30.553304,-1,1308
103.969005,31.008125,-1,1309
103.857169,30.633241,-1,1310
103.898372,30.772747,-1,1311
103.025783,30.00592,-1,1312
103.945372,30.624514,-1,1313
103.858043,30.630079,-1,1314
104.498761,30.418423,-1,1315
103.810852,30.630647,-1,1316
103.950048,30.636852,-1,1317
103.917958,30.811944,-1,1318
104.391378,30.286997,104,1319
103.916036,30.418171,-1,1320
104.404679,31.330316,-1,1321
103.486118,30.609692,-1,1322
104.671317,30.055186,-1,1323
103.436534,30.160235,-1,1324
103.617359,30.978188,-1,1325
104.221201,30.639222,131,1326
104.229832,30.852915,-1,1327
104.315695,30.301967,165,1328
104.052626,30.473182,58,1329
103.787654,31.007228,-1,1330
104.172585,30.483879,7,1331
103.914288,30.629832,-1,1332
103.765537,30.937762,-1,1333
104.07145,30.483589,-1,1334
104.030279,30.855602,-1,1335
103.889696,30.383745,-1,1336
104.28784,30.846171,-1,1337
103.806229,31.171663,-1,1338
104.177858,30.719201,9,1339
104.234659,30.646034,23,1340
104.137486,30.671565,-1,1341
104.163046,30.663426,-1,1342
103.840659,30.678315,-1,1343
104.114369,30.750281,69,1344
104.191046,31.450424,-1,1345
103.660303,30.677892,-1,1346
103.960338,30.796702,-1,1347
103.929249,30.974581,-1,1348
104.226325,30.5249,181,1349
103.964945,30.63692,99,1350
104.244972,30.645266,42,1351
104.046109,30.539288,-1,1352
103.499337,30.569409,112,1353
104.150129,31.613914,-1,1354
104.109298,30.392819,-1,1355
104.06619,30.686487,-1,1356
104.269247,30.622553,-1,1357
104.038917,30.359982,-1,1358
104.454966,30.488575,-1,1359
104.202643,30.726057,37,1360
103.49821,30.567568,112,1361
104.235358,30.646652,23,1362
103.903065,30.631695,-1,1363
104.354201,30.43571,71,1364
103.974422,30.624903,182,1365
103.547537,30.742292,-1,1366
104.05083,30.476232,90,1367
104.072637,30.310603,-1,1368
104.059909,30.648519,-1,1369
102.071055,31.577746,-1,1370
104.3903,31.063272,-1,1371
103.97041,30.650237,93,1372
104.160629,30.574306,-1,1373
104.509728,30.35298,151,1374
104.522139,30.663044,173,1375
103.924517,30.949706,153,1376
104.164582,30.628352,-1,1377
104.397601,30.824025,81,1378
103.888251,30.556102,183,1379
103.979467,30.546684,-1,1380
103.964694,30.637447,99,1381
104.186958,30.707522,184,1382
103.816312,30.633641,34,1383
103.86181,30.630303,-1,1384
103.662131,30.928014,-1,1385
103.530534,31.410394,133,1386
103.880417,30.219255,-1,1387
104.52195,30.663096,173,1388
104.611261,30.347862,-1,1389
104.199348,31.185801,-1,1390
104.272408,30.680622,-1,1391
103.848293,30.809351,-1,1392
104.094433,30.441913,-1,1393
103.952387,30.968363,-1,1394
104.287637,30.682309,-1,1395
104.047723,30.541317,185,1396
104.071079,30.725236,62,1397
103.533062,30.207318,-1,1398
104.081126,30.693244,-1,1399
103.959558,30.438201,174,1400
104.231303,30.792592,-1,1401
104.215629,30.820809,186,1402
104.293988,30.851049,178,1403
103.69644,30.399759,-1,1404
103.958246,30.663031,187,1405
103.969103,30.469773,92,1406
104.422344,30.474386,164,1407
104.231981,30.658553,-1,1408
103.724463,30.40565,-1,1409
104.320906,29.735634,-1,1410
103.794405,30.441109,-1,1411
104.232922,30.790715,-1,1412
104.16049,30.657608,-1,1413
103.500451,30.180512,-1,1414
104.115832,30.584703,89,1415
104.021857,29.139503,197,1416
104.036562,30.29665,-1,1417
103.460204,30.747014,13,1418
103.951323,30.637255,-1,1419
104.244687,30.645486,42,1420
104.164062,30.700835,-1,1421
104.17282,30.483804,7,1422
104.249362,30.756785,-1,1423
103.824303,30.42257,-1,1424
103.922717,30.278055,-1,1425
103.96805,30.586303,-1,1426
103.885686,30.589849,-1,1427
103.935028,30.548685,-1,1428
103.915524,30.630943,-1,1429
103.887924,30.665884,-1,1430
104.071386,30.725302,62,1431
103.633444,30.487888,-1,1432
104.247304,30.554976,-1,1433
103.79479,30.683895,-1,1434
103.917247,30.684016,19,1435
103.940458,30.61424,47,1436
103.892899,30.447361,56,1437
103.878467,30.607091,-1,1438
103.935275,30.905516,59,1439
103.969131,30.657321,-1,1440
103.687439,31.024823,-1,1441
103.969407,30.560007,-1,1442
103.579009,30.489875,-1,1443
104.169774,30.47699,-1,1444
103.887021,30.820549,188,1445
104.324174,30.343578,-1,1446
104.221129,30.639406,131,1447
103.564543,30.549649,-1,1448
104.077391,30.585884,-1,1449
104.03596,30.53543,-1,1450
103.942179,30.954704,-1,1451
104.056072,30.457468,189,1452
103.952631,30.650043,-1,1453
103.932607,30.812939,-1,1454
103.935687,30.634996,-1,1455
103.997768,30.248435,-1,1456
103.851431,31.059426,-1,1457
104.163527,30.698868,-1,1458
104.096009,30.458415,-1,1459
104.101367,30.498027,155,1460
103.861192,30.445369,116,1461
104.04777,30.540395,185,1462
104.059657,30.650717,-1,1463
103.986785,30.456827,-1,1464
104.478187,30.489752,-1,1465
104.043537,30.392149,-1,1466
104.16735,30.636667,190,1467
104.34729,30.66318,-1,1468
103.6105,31.067208,-1,1469
104.206383,30.746085,-1,1470
103.612325,30.871525,-1,1471
104.031684,30.85852,-1,1472
103.810958,30.630506,-1,1473
104.198203,30.659732,-1,1474
104.082448,30.816845,-1,1475
104.090272,30.832514,-1,1476
104.006814,30.437447,-1,1477
104.176627,30.462607,-1,1478
103.940652,30.615331,191,1479
104.210804,30.607705,30,1480
104.294913,30.386969,-1,1481
104.446426,31.109864,-1,1482
104.061651,30.470633,-1,1483
104.21902,30.655189,-1,1484
104.235309,30.647127,23,1485
103.918403,30.564898,-1,1486
104.114474,30.749785,69,1487
103.836483,30.524776,-1,1488
104.1801,30.61965,175,1489
103.675407,30.905652,192,1490
104.080816,30.702689,-1,1491
104.128259,30.752257,-1,1492
103.969283,30.366402,120,1493
103.640392,30.46591,193,1494
103.938261,30.616273,88,1495
104.002926,30.590387,-1,1496
104.060098,30.650342,-1,1497
104.106801,30.533039,-1,1498
103.986684,30.215916,-1,1499
104.087602,30.759899,167,1500
104.175337,30.715338,194,1501
104.192007,30.821434,-1,1502
103.878626,30.198272,-1,1503
103.860726,30.836281,-1,1504
104.08658,30.456913,-1,1505
104.054999,30.675673,-1,1506
104.390496,30.300106,-1,1507
104.042443,30.464159,-1,1508
104.128287,30.412731,-1,1509
104.254072,30.858956,0,1510
104.006889,30.233013,-1,1511
104.094642,30.628495,-1,1512
104.191737,31.192736,-1,1513
103.724742,30.578405,195,1514
103.851294,31.059402,-1,1515
104.066682,30.692197,-1,1516
104.052406,30.245929,196,1517
104.395379,30.340207,-1,1518
104.036359,30.234563,-1,1519
103.903081,30.477094,-1,1520
104.020633,30.586227,-1,1521
104.121521,30.764316,-1,1522
104.020251,30.651726,-1,1523
104.342553,30.461953,-1,1524
103.880321,30.404331,96,1525
103.972645,30.542386,68,1526
104.537168,30.353143,-1,1527
104.374902,30.285719,-1,1528
104.149977,31.613599,-1,1529
103.921,30.939545,-1,1530
104.501349,30.47383,-1,1531
103.905411,30.810739,82,1532
104.119538,30.641729,-1,1533
104.392914,31.165958,-1,1534
104.028514,30.337786,-1,1535
104.071122,30.72522,62,1536
104.090516,30.435234,-1,1537
103.558893,30.752549,-1,1538
104.091822,30.218233,-1,1539
104.078696,30.597603,-1,1540
104.102129,30.510854,-1,1541
104.338451,30.845391,-1,1542
104.161439,30.599609,103,1543
104.202587,30.72615,37,1544
103.809653,30.460184,-1,1545
103.964543,30.636823,99,1546
104.053635,30.467538,78,1547
104.54647,31.389522,-1,1548
103.543755,30.657478,-1,1549
103.935458,30.782348,-1,1550
104.169171,30.63627,-1,1551
102.071604,31.264609,-1,1552
103.894546,30.410794,-1,1553
103.792557,30.187507,-1,1554
103.834462,30.633225,-1,1555
104.367973,30.548803,-1,1556
103.860776,31.064544,-1,1557
102.480609,29.997855,-1,1558
104.356777,30.820298,-1,1559
103.709132,30.392797,-1,1560
104.354654,30.862298,-1,1561
104.068679,30.662949,-1,1562
104.052015,30.652941,-1,1563
103.708734,30.453543,-1,1564
104.422764,30.882352,-1,1565
104.098585,30.885143,-1,1566
104.002721,30.590373,-1,1567
103.654663,30.664435,-1,1568
104.059523,30.442887,-1,1569
103.75927,30.365635,-1,1570
104.153926,30.572222,-1,1571
104.071086,30.472785,-1,1572
102.229436,29.933049,-1,1573
104.102565,30.537182,-1,1574
104.093517,30.580879,14,1575
104.633505,30.405998,-1,1576
104.672104,30.055588,-1,1577
104.501185,30.474122,-1,1578
103.878075,30.196925,-1,1579
104.203747,30.726025,37,1580
103.080392,30.374711,-1,1581
104.053197,30.44464,-1,1582
103.137914,30.119824,-1,1583
103.504996,30.725367,-1,1584
103.517886,30.56351,-1,1585
103.917501,30.742593,-1,1586
103.591397,30.836014,-1,1587
104.413333,30.483166,-1,1588
103.661043,30.960854,144,1589
104.092957,30.524582,129,1590
104.093591,30.58156,14,1591
103.48957,30.421572,-1,1592
103.888165,31.035471,-1,1593
104.14983,30.776278,-1,1594
104.220349,30.573855,-1,1595
103.919049,30.231284,-1,1596
103.859829,30.765002,-1,1597
104.315831,30.302946,165,1598
104.287342,30.702769,-1,1599
104.118103,30.583555,-1,1600
103.506732,30.744467,-1,1601
103.698786,29.096138,-1,1602
103.536851,30.782952,-1,1603
104.191862,30.789929,150,1604
104.454654,30.471437,-1,1605
104.096187,30.569055,-1,1606
104.128046,30.572546,-1,1607
103.937243,30.614421,55,1608
104.213892,30.583734,6,1609
103.807632,29.677583,-1,1610
103.936401,30.613772,55,1611
103.971294,30.470277,92,1612
103.943802,30.499192,-1,1613
104.020323,29.13953,197,1614
103.943618,30.499081,-1,1615
103.866054,30.304479,-1,1616
104.221201,30.639222,131,1617
104.072047,30.362565,-1,1618
103.783235,30.644891,-1,1619
104.077524,30.794524,57,1620
103.607525,30.973566,-1,1621
104.318684,30.861126,8,1622
104.010619,30.517273,-1,1623
103.989026,30.463857,-1,1624
104.001035,30.762761,198,1625
103.970056,30.470146,92,1626
104.205255,31.114574,-1,1627
104.39056,30.299956,-1,1628
104.011471,30.614953,-1,1629
103.544203,30.209691,-1,1630
104.010773,30.556959,-1,1631
103.795927,31.238988,-1,1632
104.082063,30.816173,-1,1633
104.024817,30.609939,-1,1634
104.168921,30.741433,91,1635
103.953336,30.645927,-1,1636
104.064908,30.633144,38,1637
103.523304,30.200613,-1,1638
104.147732,30.834466,-1,1639
104.133862,30.399287,-1,1640
104.244864,30.553713,171,1641
104.099291,30.58578,-1,1642
103.891491,30.777455,-1,1643
103.888033,30.430951,-1,1644
103.896035,30.47719,-1,1645
104.243428,30.649821,60,1646
104.669559,29.503572,135,1647
103.534483,30.743398,-1,1648
103.659245,30.338765,-1,1649
103.891897,30.777675,-1,1650
104.115445,30.584037,89,1651
104.50284,30.35415,-1,1652
103.923146,30.717188,132,1653
103.972851,30.436185,-1,1654
104.548982,30.718,-1,1655
103.878627,30.198226,-1,1656
103.970916,30.650889,93,1657
103.83608,30.384603,-1,1658
104.203802,30.725976,37,1659
104.071887,30.417274,-1,1660
103.922588,30.79476,-1,1661
103.816516,30.654161,-1,1662
103.962102,30.206667,-1,1663
103.964337,30.733857,-1,1664
103.720375,31.202203,-1,1665
103.939287,30.609906,-1,1666
104.202753,30.725866,37,1667
103.923194,30.717306,132,1668
103.884303,30.604052,-1,1669
104.120072,30.69113,-1,1670
103.958268,30.615093,-1,1671
103.823387,30.610151,-1,1672
103.967176,30.648314,21,1673
103.937509,30.619332,130,1674
104.071273,30.487306,-1,1675
104.35437,30.436038,71,1676
103.892899,30.513909,158,1677
103.801169,31.166732,-1,1678
103.885044,30.165284,-1,1679
104.039761,30.659315,-1,1680
104.392887,30.312357,-1,1681
104.312269,30.298435,48,1682
103.516627,30.579001,-1,1683
104.202331,31.630322,-1,1684
103.659565,30.926207,-1,1685
104.509728,30.35298,151,1686
103.811832,30.632459,34,1687
104.354527,30.435949,71,1688
104.24314,30.646016,42,1689
104.212319,30.615064,-1,1690
104.049464,30.476873,90,1691
104.234958,30.646054,23,1692
103.678423,31.0299,128,1693
104.413553,30.806229,-1,1694
104.279957,30.727733,-1,1695
103.84642,30.428549,-1,1696
104.16456,30.65894,15,1697
103.845326,30.431899,-1,1698
104.211586,30.585965,-1,1699
104.421817,30.482576,-1,1700
103.943528,30.313399,-1,1701
103.842147,30.007912,-1,1702
103.946514,30.32691,-1,1703
104.283209,30.838878,-1,1704
104.555995,30.709074,-1,1705
103.975106,30.470355,-1,1706
103.950808,30.018695,-1,1707
103.741389,30.694578,126,1708
104.149215,30.604768,-1,1709
104.143303,30.833906,-1,1710
104.202296,30.726203,37,1711
103.959437,30.163212,-1,1712
103.560839,30.748971,-1,1713
104.115637,30.583128,89,1714
104.626525,30.858422,199,1715
103.970781,30.469782,92,1716
104.06029,30.798316,-1,1717
104.079975,30.513172,260,1718
104.23491,30.646321,23,1719
104.044647,30.206198,-1,1720
103.800362,30.395657,-1,1721
104.245037,29.946462,-1,1722
104.05608,30.84784,4,1723
104.081703,30.455942,138,1724
104.075998,30.754701,-1,1725
103.817964,30.634231,34,1726
103.884805,30.388504,41,1727
103.997768,30.248435,-1,1728
104.57822,30.809675,-1,1729
103.790619,30.666791,200,1730
104.337191,30.831249,-1,1731
103.934836,30.937333,-1,1732
103.973612,30.800531,-1,1733
103.862869,30.305961,-1,1734
104.007854,30.453261,-1,1735
104.537332,30.365954,201,1736
104.17707,30.718802,9,1737
104.44376,30.842799,-1,1738
104.36292,31.067787,31,1739
104.228342,30.790196,-1,1740
104.125059,30.769325,44,1741
104.168546,30.7415,91,1742
104.39033,30.635551,-1,1743
104.042449,30.738169,-1,1744
103.976093,30.456137,-1,1745
103.539044,30.561444,-1,1746
104.339249,30.462229,-1,1747
103.653486,30.92026,202,1748
104.070111,30.668721,-1,1749
104.185883,30.718516,166,1750
104.404895,30.996072,-1,1751
104.040358,30.880132,-1,1752
104.198246,30.581909,33,1753
104.615112,30.163391,-1,1754
104.136437,30.407751,-1,1755
103.920935,30.540737,-1,1756
104.185664,30.684698,-1,1757
103.855907,30.823791,-1,1758
104.14722,30.625631,-1,1759
103.800644,30.830543,-1,1760
104.071233,30.381491,-1,1761
103.897158,30.836251,54,1762
104.453521,30.825905,-1,1763
103.553183,30.6364,-1,1764
104.037281,30.225243,-1,1765
104.134714,30.805971,127,1766
104.059457,31.248365,-1,1767
104.571858,30.688289,224,1768
103.995448,30.612559,203,1769
104.225309,30.67234,-1,1770
103.994475,30.953103,-1,1771
104.170177,30.528316,-1,1772
104.255692,30.578238,-1,1773
104.08079,30.702483,-1,1774
103.774697,30.411525,-1,1775
103.861713,30.804321,204,1776
104.155737,30.642054,-1,1777
103.713473,30.80725,-1,1778
104.902542,30.121022,-1,1779
103.464095,30.749495,-1,1780
103.970282,30.650039,93,1781
104.064445,30.43798,-1,1782
103.674835,30.902547,-1,1783
104.249114,30.582375,-1,1784
103.996091,30.455765,-1,1785
103.976093,30.456137,-1,1786
103.687502,30.400633,-1,1787
103.870553,30.664864,-1,1788
103.987144,30.720779,-1,1789
103.859668,31.066655,-1,1790
104.135023,30.590075,205,1791
103.936417,30.776972,-1,1792
104.455669,30.485255,-1,1793
104.066369,30.692212,-1,1794
104.513206,30.420121,76,1795
104.520191,30.66194,-1,1796
102.068552,31.480784,-1,1797
104.189213,30.506057,-1,1798
103.991007,30.816793,-1,1799
104.482529,30.491791,-1,1800
104.266766,30.742319,-1,1801
104.145754,30.618115,-1,1802
104.07031,30.771703,-1,1803
104.044794,30.444813,86,1804
104.244982,30.645372,42,1805
104.05727,30.486159,-1,1806
104.218982,30.780692,-1,1807
103.886821,30.820233,188,1808
103.536963,30.385937,-1,1809
104.138908,30.610813,-1,1810
103.87104,30.664851,-1,1811
104.492477,30.32199,97,1812
103.914176,30.630835,1,1813
103.496287,30.548419,-1,1814
103.630322,30.378942,-1,1815
104.023358,30.616578,-1,1816
104.210314,30.609047,30,1817
104.394343,30.350005,-1,1818
103.971966,30.991307,-1,1819
103.654808,30.918263,-1,1820
103.901818,30.834305,52,1821
103.840659,30.678315,-1,1822
104.020338,29.139562,197,1823
104.239796,30.818857,-1,1824
103.96075,30.941236,206,1825
103.843929,30.811221,-1,1826
103.989839,30.722549,-1,1827
104.109626,30.540351,-1,1828
103.896201,30.530323,-1,1829
104.142952,30.82842,-1,1830
104.538578,30.723534,-1,1831
104.044826,30.444813,86,1832
104.106753,30.491474,145,1833
104.191862,30.789929,150,1834
103.959794,30.640019,-1,1835
103.870784,30.701915,2,1836
103.938217,30.619787,130,1837
104.111221,30.543913,-1,1838
103.892272,30.551358,-1,1839
104.178485,30.782866,119,1840
104.060777,30.416655,49,1841
103.573506,30.731764,-1,1842
103.958879,30.649775,-1,1843
103.836997,30.359692,-1,1844
104.166117,30.807248,-1,1845
103.932517,30.547996,-1,1846
103.855256,30.319181,-1,1847
104.075791,30.769437,-1,1848
104.539903,30.709523,-1,1849
104.081045,30.277127,-1,1850
104.105894,30.451103,61,1851
103.691303,30.417336,-1,1852
103.95794,30.661766,187,1853
104.020643,30.586197,-1,1854
103.917238,30.397668,73,1855
104.017938,30.444709,-1,1856
104.227053,30.604369,-1,1857
104.04041,30.668894,-1,1858
104.372,30.864266,-1,1859
103.946892,31.07073,-1,1860
104.13469,30.522102,-1,1861
104.320812,30.32767,-1,1862
104.22606,30.793365,159,1863
104.102565,30.537182,-1,1864
104.241293,30.657088,-1,1865
103.661092,30.980149,-1,1866
104.40621,30.350769,-1,1867
103.901534,30.834691,52,1868
104.275524,30.634659,-1,1869
104.071994,30.304787,-1,1870
103.925071,30.602631,-1,1871
104.320481,30.277848,45,1872
103.654368,30.925879,259,1873
104.081776,30.638234,-1,1874
103.987336,30.452887,-1,1875
103.893375,30.513729,158,1876
104.224027,30.639581,-1,1877
104.368432,30.288854,-1,1878
104.511281,30.352991,151,1879
103.833588,29.812054,-1,1880
103.896659,30.666469,36,1881
104.072618,30.385518,-1,1882
103.661416,30.961171,144,1883
104.054659,30.242065,-1,1884
104.099994,30.497975,155,1885
104.056888,30.784487,-1,1886
104.182539,30.700067,-1,1887
103.94225,30.279607,-1,1888
104.317329,30.276392,45,1889
103.907636,30.882712,-1,1890
104.508803,30.35198,-1,1891
103.832787,30.350362,-1,1892
103.814349,30.970558,-1,1893
103.613973,30.964518,-1,1894
104.185744,31.632117,-1,1895
104.242475,30.650374,60,1896
104.075884,30.37887,-1,1897
104.217701,30.646822,-1,1898
104.046448,30.655512,-1,1899
103.985556,30.414354,-1,1900
103.938153,30.814412,-1,1901
103.714111,30.525065,-1,1902
104.558953,29.488286,-1,1903
103.965692,30.636859,99,1904
103.826556,30.633433,-1,1905
103.442258,30.401731,-1,1906
104.055714,30.7632,142,1907
103.960125,30.517618,-1,1908
104.319583,30.275628,45,1909
104.1947,30.681751,-1,1910
103.466655,31.003128,-1,1911
104.152933,30.781899,70,1912
103.380092,30.36816,-1,1913
103.492856,31.438538,-1,1914
104.255643,30.585249,-1,1915
104.346776,30.304484,-1,1916
104.020612,30.557522,-1,1917
104.075465,30.379434,-1,1918
104.20282,30.725869,37,1919
103.909381,30.950662,-1,1920
103.861298,30.804172,204,1921
103.457277,31.261314,-1,1922
104.15102,30.615271,74,1923
104.077481,30.79483,57,1924
103.8973,30.836442,54,1925
104.161501,30.599719,103,1926
104.148078,30.835188,-1,1927
104.051473,30.943692,-1,1928
104.11681,30.755377,-1,1929
104.488736,30.462127,-1,1930
103.455075,30.74517,-1,1931
103.889829,30.479189,-1,1932
103.970402,30.650047,93,1933
103.972759,30.436208,-1,1934
104.029045,30.176101,-1,1935
104.060519,31.245428,110,1936
104.235326,30.646754,23,1937
104.075083,30.626212,-1,1938
104.598677,30.701243,-1,1939
103.677897,31.030011,128,1940
104.166387,30.703878,-1,1941
104.235177,30.791837,-1,1942
104.279187,30.719896,-1,1943
104.108078,30.725322,-1,1944
103.532384,30.20787,-1,1945
104.32464,30.705057,-1,1946
103.816393,30.476879,-1,1947
103.56029,30.770383,-1,1948
104.324442,30.936466,-1,1949
104.055377,30.427949,-1,1950
103.661268,30.961226,144,1951
104.106344,30.523378,-1,1952
104.237915,30.793306,-1,1953
104.32639,30.860296,66,1954
104.485951,30.492429,-1,1955
104.214797,30.82114,186,1956
104.069949,30.768845,146,1957
104.050355,30.751518,-1,1958
103.795515,30.435922,-1,1959
104.037552,30.361113,-1,1960
104.402142,30.34065,-1,1961
104.056577,30.794377,-1,1962
104.21619,30.699662,-1,1963
104.333821,30.645716,-1,1964
104.214492,30.583495,6,1965
104.041411,30.593346,107,1966
103.796975,29.434279,-1,1967
104.422456,30.47437,164,1968
104.223489,30.794307,46,1969
104.246987,30.991467,-1,1970
103.701538,30.602303,83,1971
103.709453,30.393597,-1,1972
104.455685,30.485305,-1,1973
104.583246,30.33967,-1,1974
103.813348,30.631079,34,1975
103.766283,30.536069,-1,1976
104.261329,31.078794,-1,1977
104.017186,30.492469,-1,1978
104.582677,30.115775,207,1979
103.812199,30.632527,34,1980
104.199051,30.672068,-1,1981
103.530593,31.410555,133,1982
103.680751,30.895029,-1,1983
103.782314,30.792777,-1,1984
103.728818,30.555473,-1,1985
103.941427,30.605156,-1,1986
104.078642,30.371504,-1,1987
104.525417,30.670593,-1,1988
104.248402,30.582156,-1,1989
104.201175,30.733811,100,1990
103.805206,30.43131,-1,1991
103.801587,30.572282,-1,1992
104.22277,30.825672,-1,1993
104.368675,30.289251,-1,1994
104.039721,30.223933,-1,1995
103.481636,30.410975,-1,1996
104.188208,30.514618,-1,1997
103.838458,30.61889,-1,1998
104.077866,30.597072,-1,1999
104.139389,30.692968,-1,2000
103.881112,30.416022,-1,2001
103.856986,30.449383,-1,2002
104.176226,30.519149,-1,2003
103.936425,30.614202,55,2004
104.235158,30.64602,23,2005
104.13542,30.589804,205,2006
104.075386,30.75298,-1,2007
104.051016,30.189827,-1,2008
104.04442,30.28781,-1,2009
104.537801,31.861668,-1,2010
104.221261,30.638527,131,2011
104.012255,30.8313,-1,2012
103.496343,30.548369,-1,2013
104.043959,30.445827,86,2014
104.021542,29.110677,-1,2015
104.582013,30.115374,207,2016
103.97383,31.032066,-1,2017
103.98362,30.219883,-1,2018
104.187862,30.874982,-1,2019
103.905745,30.235113,-1,2020
104.244972,30.645266,42,2021
103.973271,30.991273,-1,2022
103.882863,30.6059,-1,2023
104.058303,30.658592,-1,2024
104.072843,30.634686,-1,2025
104.008839,30.590534,208,2026
104.32354,30.645143,80,2027
103.720631,31.102535,-1,2028
104.382239,30.35069,-1,2029
104.056225,30.36698,-1,2030
103.819113,30.797276,-1,2031
103.882794,30.665909,139,2032
104.397382,30.327755,-1,2033
104.316944,30.461739,-1,2034
104.011838,30.618579,-1,2035
103.862821,30.556808,-1,2036
104.066764,30.686009,-1,2037
104.172883,30.485086,7,2038
104.286583,30.703479,-1,2039
103.909055,30.543119,176,2040
104.078166,30.36207,-1,2041
103.937636,30.614188,55,2042
103.826562,30.799667,-1,2043
103.626744,30.724991,-1,2044
104.007913,30.719677,43,2045
104.323801,30.644798,80,2046
104.07226,30.680207,-1,2047
103.536626,30.74272,-1,2048
104.459178,31.104586,-1,2049
104.07115,30.68847,79,2050
103.965025,30.640957,-1,2051
103.98201,30.634988,-1,2052
103.681743,30.596626,123,2053
103.802043,30.455486,-1,2054
104.839321,29.810337,-1,2055
104.067837,30.645757,-1,2056
103.999684,30.46673,-1,2057
104.038229,30.659158,75,2058
103.957089,30.034672,-1,2059
104.087729,30.727457,-1,2060
104.328363,30.748036,-1,2061
104.804508,30.151709,25,2062
103.872282,30.415038,-1,2063
104.066277,30.82379,-1,2064
103.987699,30.212705,-1,2065
104.205363,31.192111,-1,2066
104.078632,30.384574,-1,2067
104.103454,30.468773,-1,2068
103.877786,30.753961,-1,2069
104.509784,30.352862,151,2070
103.857615,30.783715,-1,2071
104.593688,31.767904,-1,2072
104.057892,30.658918,-1,2073
104.328026,30.842751,-1,2074
103.768257,30.471376,-1,2075
104.16833,30.741692,91,2076
103.897162,30.836314,54,2077
103.877024,30.220993,-1,2078
104.361594,30.60293,-1,2079
104.081835,30.469004,-1,2080
103.727409,30.369947,-1,2081
104.185789,30.719168,166,2082
103.957167,30.938756,-1,2083
104.323546,30.296221,-1,2084
104.070919,30.4806,-1,2085
104.083785,30.577582,-1,2086
103.944671,30.52899,-1,2087
104.542632,30.422607,-1,2088
104.206067,30.644918,-1,2089
103.790576,29.636183,-1,2090
104.242668,30.642545,-1,2091
103.640184,30.46595,193,2092
104.510332,30.35306,151,2093
104.103834,30.532246,87,2094
102.668104,29.533925,-1,2095
104.096875,30.503138,-1,2096
104.444264,30.843615,-1,2097
104.107091,30.58719,209,2098
104.358976,30.595897,-1,2099
104.310206,31.127649,-1,2100
104.174859,30.441537,-1,2101
103.940135,30.614231,47,2102
103.844302,30.763893,-1,2103
104.308844,30.865617,11,2104
103.942788,30.635489,-1,2105
104.037727,30.659633,75,2106
104.046529,30.428201,50,2107
104.041438,30.593263,107,2108
103.790371,31.020414,-1,2109
104.000694,30.762932,198,2110
103.681968,30.408532,-1,2111
103.825811,30.575837,-1,2112
103.535832,30.74256,-1,2113
104.204591,30.731128,210,2114
104.004007,30.438998,-1,2115
104.075209,30.625485,-1,2116
104.221582,30.638579,131,2117
103.905422,30.810536,82,2118
104.29688,29.920632,-1,2119
103.861645,30.710265,10,2120
104.080961,30.836024,-1,2121
103.816593,30.646107,-1,2122
104.059777,31.255475,-1,2123
104.595803,30.716688,-1,2124
103.970675,30.649888,93,2125
103.915047,30.733071,-1,2126
104.513228,30.420003,76,2127
104.136478,30.417655,-1,2128
103.838262,30.740479,-1,2129
103.845757,30.622244,-1,2130
104.077446,30.384273,-1,2131
104.203474,30.726331,37,2132
104.077726,30.794627,57,2133
104.235837,30.646736,23,2134
103.617696,30.994713,-1,2135
103.87083,30.664937,-1,2136
103.955428,30.785501,-1,2137
104.144994,30.589121,-1,2138
104.000473,30.5972,-1,2139
103.921134,30.686952,-1,2140
104.113543,30.543176,-1,2141
103.753308,30.536251,-1,2142
104.285056,31.003081,-1,2143
103.93542,30.905347,59,2144
103.948014,30.327296,-1,2145
103.860031,30.301289,-1,2146
104.245393,30.645416,42,2147
104.248301,30.581329,-1,2148
103.973838,31.032201,-1,2149
103.741453,30.694496,126,2150
104.058916,30.634871,-1,2151
103.932264,30.696179,-1,2152
104.008301,30.718969,43,2153
104.044178,30.446898,86,2154
104.18849,30.506256,-1,2155
104.082969,30.646511,85,2156
103.867748,30.462792,-1,2157
103.886805,30.820267,188,2158
103.95497,30.492064,147,2159
104.280315,30.975851,-1,2160
103.937108,30.613536,55,2161
104.11719,30.723124,-1,2162
104.100962,30.497465,155,2163
103.816263,30.633616,34,2164
103.81691,30.633819,34,2165
104.750724,29.862646,-1,2166
103.872297,30.771189,-1,2167
104.380591,30.87981,-1,2168
103.77748,30.636527,-1,2169
104.436019,30.866242,-1,2170
103.694126,31.012478,-1,2171
104.064957,30.250567,-1,2172
103.942247,30.279649,-1,2173
104.388002,30.746609,-1,2174
103.72493,30.55899,-1,2175
103.859269,30.827605,211,2176
104.099524,30.712869,-1,2177
104.316282,30.711529,-1,2178
103.790383,30.68802,-1,2179
103.659181,30.923568,-1,2180
104.383632,31.175426,-1,2181
103.978057,30.200276,212,2182
104.268032,30.621576,-1,2183
103.690657,30.898592,-1,2184
104.488325,30.427025,213,2185
104.308201,31.127596,-1,2186
104.00967,30.6127,-1,2187
104.390993,30.301017,-1,2188
104.304766,30.645946,-1,2189
104.175205,30.48102,-1,2190
103.854501,31.053385,-1,2191
104.045062,30.470313,-1,2192
103.843927,31.143911,-1,2193
103.687232,30.871971,-1,2194
103.989722,30.550548,-1,2195
104.075113,30.735371,-1,2196
103.981101,30.785266,117,2197
103.780951,30.440935,-1,2198
104.071302,30.725195,62,2199
103.916548,30.410605,-1,2200
103.792425,29.723264,-1,2201
104.054992,30.460774,-1,2202
103.896875,30.666501,36,2203
103.79257,29.636808,-1,2204
104.117701,30.537869,-1,2205
103.87632,30.478698,-1,2206
103.780356,29.441157,-1,2207
104.625684,30.858071,199,2208
104.221197,30.639449,131,2209
104.19396,30.726952,-1,2210
104.038708,30.352105,-1,2211
104.002349,30.590547,-1,2212
104.082224,30.646065,85,2213
104.303798,30.645906,-1,2214
103.94781,31.015115,-1,2215
104.587353,30.390435,-1,2216
104.022106,31.314374,-1,2217
103.973298,30.579784,-1,2218
103.938151,30.550336,-1,2219
104.422212,30.881836,-1,2220
104.188144,30.693954,-1,2221
103.973495,30.469422,92,2222
104.180294,30.619373,175,2223
103.709541,30.39449,-1,2224
103.932487,30.547786,-1,2225
104.218579,30.870146,-1,2226
103.758491,30.936468,-1,2227
103.87453,30.417285,72,2228
104.582197,30.115758,207,2229
103.914428,30.637698,-1,2230
103.99895,30.48355,-1,2231
103.938325,30.616239,88,2232
103.685032,30.910766,-1,2233
103.674955,30.901899,-1,2234
104.590713,30.726007,-1,2235
104.045812,30.427327,50,2236
104.533095,29.503735,-1,2237
104.089388,30.485131,-1,2238
104.334373,30.887159,-1,2239
104.09203,30.579356,-1,2240
103.6942,30.618282,-1,2241
104.088729,30.579279,-1,2242
103.655909,30.338097,-1,2243
103.883665,30.665958,139,2244
104.234558,30.646337,23,2245
104.504652,30.48834,-1,2246
104.186781,30.553515,-1,2247
104.164536,30.65869,15,2248
104.398423,30.928598,-1,2249
103.981419,30.785427,117,2250
103.726368,30.559394,261,2251
103.897462,30.491341,-1,2252
104.22118,30.638641,131,2253
103.884729,30.388494,41,2254
103.859151,30.827484,211,2255
104.320812,30.32767,-1,2256
103.837187,29.975721,-1,2257
104.445334,30.842934,-1,2258
104.36608,30.857345,-1,2259
104.287736,30.681754,-1,2260
104.326754,30.860149,66,2261
103.866885,30.311995,-1,2262
103.973973,30.800236,-1,2263
103.866054,30.304479,-1,2264
103.902642,30.658365,28,2265
104.175131,30.719001,-1,2266
104.096415,30.538007,169,2267
103.707616,30.927269,-1,2268
104.047394,30.428111,50,2269
103.894199,30.438957,-1,2270
103.856984,30.786469,-1,2271
104.451102,30.857323,-1,2272
103.661109,30.912823,-1,2273
104.077825,30.794898,57,2274
104.064682,30.63306,38,2275
104.088295,30.759898,167,2276
103.833404,30.414815,-1,2277
104.24263,30.650617,60,2278
104.209814,30.526084,-1,2279
104.527687,30.666229,-1,2280
104.12059,30.770895,-1,2281
103.661636,30.961055,144,2282
104.117693,30.585898,-1,2283
104.101077,30.657178,-1,2284
103.912943,30.824603,24,2285
104.051302,30.275232,-1,2286
103.811323,30.606497,-1,2287
104.430617,30.911124,-1,2288
104.449727,30.480666,22,2289
103.983435,30.572693,-1,2290
103.638239,30.936002,-1,2291
104.04954,30.783104,-1,2292
104.203635,30.726009,37,2293
104.10554,30.771284,-1,2294
103.441377,30.357675,-1,2295
103.89289,30.447607,56,2296
104.291821,30.967263,-1,2297
103.92046,30.674693,-1,2298
104.060006,30.64849,-1,2299
104.067411,30.325485,-1,2300
104.522953,30.430071,109,2301
103.84651,30.781763,-1,2302
104.069799,30.768578,146,2303
104.492357,30.328539,-1,2304
104.017938,30.442425,-1,2305
104.226105,30.793449,159,2306
103.720055,30.563557,-1,2307
104.169947,30.528022,-1,2308
104.077212,30.650813,-1,2309
103.936719,30.919691,-1,2310
103.993936,30.746515,156,2311
104.001882,30.128129,257,2312
104.117262,30.537976,-1,2313
104.452715,30.351516,-1,2314
104.244972,30.645266,42,2315
104.226963,30.790567,159,2316
104.535778,30.352574,-1,2317
103.851055,30.368033,-1,2318
103.517114,30.391982,-1,2319
103.444837,30.393883,-1,2320
104.757556,30.910823,-1,2321
104.37694,30.991353,-1,2322
104.005721,30.508064,-1,2323
103.783883,30.652311,-1,2324
104.221566,30.638529,131,2325
103.832798,31.162803,-1,2326
104.03711,30.148366,-1,2327
104.294023,30.572351,-1,2328
104.374902,30.285719,-1,2329
104.536326,30.705032,-1,2330
104.31113,29.718619,-1,2331
104.191862,30.789929,150,2332
103.999227,30.911643,-1,2333
103.941312,30.919398,-1,2334
104.31873,30.276267,45,2335
103.837187,29.975721,-1,2336
103.798342,31.16705,-1,2337
104.108241,30.556138,-1,2338
104.032268,30.47108,-1,2339
104.114153,30.750301,69,2340
104.375176,30.293576,-1,2341
103.884406,30.604946,-1,2342
104.008727,30.590917,208,2343
103.554509,30.607518,-1,2344
103.966902,30.435594,-1,2345
103.999167,30.669513,-1,2346
103.648428,30.963962,-1,2347
103.975413,30.736776,-1,2348
103.761582,30.395087,-1,2349
104.062627,30.179901,-1,2350
104.061457,30.668777,-1,2351
103.912307,30.631052,1,2352
103.963949,30.380527,-1,2353
104.108383,30.768905,-1,2354
103.970916,30.650889,93,2355
104.115483,30.417954,32,2356
103.496401,31.360146,-1,2357
103.712295,30.322641,-1,2358
104.150398,30.725446,-1,2359
104.096914,30.848663,-1,2360
104.002087,30.591255,-1,2361
104.24286,30.651235,60,2362
103.970906,30.650549,93,2363
104.308844,30.865617,11,2364
104.294512,30.393387,-1,2365
103.934505,30.906631,-1,2366
103.959736,30.796066,-1,2367
103.544163,30.209707,-1,2368
104.058071,30.485611,-1,2369
104.036362,30.234844,-1,2370
104.552079,30.684236,-1,2371
104.019958,30.726483,-1,2372
104.349996,30.555425,-1,2373
104.198203,30.659732,-1,2374
103.856939,30.442309,214,2375
103.940177,30.61616,191,2376
104.000663,30.520428,264,2377
104.069016,30.692906,79,2378
103.99778,30.249416,-1,2379
103.082444,29.971147,-1,2380
104.093282,30.581687,14,2381
104.273276,30.629322,-1,2382
104.541164,31.538459,-1,2383
104.366375,30.304548,94,2384
103.981374,30.78505,117,2385
103.965609,30.981735,-1,2386
103.876512,30.669917,-1,2387
104.069796,30.768294,146,2388
103.929589,30.699732,-1,2389
103.998545,30.466245,-1,2390
104.125177,30.769408,44,2391
104.162363,31.461404,-1,2392
104.115483,30.417954,32,2393
103.867815,30.779715,114,2394
103.823548,30.575795,-1,2395
104.759418,30.373605,-1,2396
104.061555,30.241368,-1,2397
104.52353,30.477897,-1,2398
103.866911,30.175804,-1,2399
103.755535,30.597922,-1,2400
103.789533,29.737654,-1,2401
104.046534,30.42822,50,2402
104.286926,30.677751,-1,2403
104.699954,30.657011,-1,2404
104.294721,29.659585,-1,2405
104.327982,30.305983,163,2406
103.968398,30.468596,92,2407
103.534899,30.246496,-1,2408
103.460204,30.747014,13,2409
103.973146,30.614816,-1,2410
103.753941,30.554873,-1,2411
103.800769,30.453581,-1,2412
104.09516,30.539097,-1,2413
104.326299,30.860176,66,2414
103.846673,30.371403,-1,2415
104.065419,30.784628,-1,2416
103.881361,31.087642,-1,2417
104.150057,31.613649,-1,2418
104.008727,30.590917,208,2419
104.148013,30.404925,-1,2420
103.996193,30.614373,-1,2421
104.582069,30.115308,207,2422
103.852226,30.643666,-1,2423
104.055075,30.763068,142,2424
103.883556,30.665898,139,2425
104.043383,30.448909,-1,2426
104.279568,30.645127,-1,2427
104.342251,31.150085,-1,2428
103.876366,30.220994,-1,2429
104.548968,29.498933,-1,2430
104.0344,30.604115,-1,2431
103.907645,30.699661,-1,2432
104.266184,30.618948,-1,2433
103.930954,30.473198,-1,2434
104.060078,30.537984,-1,2435
104.22937,30.854229,215,2436
104.104321,30.539641,-1,2437
103.610336,30.825254,-1,2438
104.104613,30.812962,-1,2439
104.148013,30.404925,-1,2440
104.114514,30.535214,-1,2441
104.052435,30.540362,246,2442
104.188052,30.793469,216,2443
103.972696,30.622632,-1,2444
104.130354,30.520084,-1,2445
104.154624,30.719212,-1,2446
103.912336,30.630919,1,2447
104.249028,30.77239,35,2448
104.17744,30.718818,9,2449
104.149077,30.8392,-1,2450
103.659768,30.972781,-1,2451
103.661533,30.961266,144,2452
103.880066,30.404316,96,2453
104.072342,30.200882,101,2454
104.003053,30.651362,-1,2455
103.81258,30.57087,-1,2456
104.203696,30.726004,37,2457
103.804156,31.249707,-1,2458
103.936564,30.614082,55,2459
104.068956,30.692916,79,2460
104.079206,30.81817,-1,2461
103.825869,30.451602,-1,2462
103.832955,30.549589,-1,2463
103.974568,30.542634,-1,2464
104.163409,30.573166,-1,2465
103.940418,30.614268,47,2466
103.816651,30.35158,-1,2467
104.135002,30.805985,127,2468
103.351005,30.368157,-1,2469
103.878869,30.518577,-1,2470
104.327296,30.306458,163,2471
104.001995,30.884108,-1,2472
103.860886,30.590182,-1,2473
103.937397,30.613342,55,2474
103.859437,30.663231,-1,2475
104.247432,30.555212,-1,2476
103.718873,30.593611,-1,2477
103.402271,30.740917,-1,2478
104.163527,30.698868,-1,2479
104.179517,30.963476,-1,2480
104.165902,30.712284,118,2481
104.349295,30.845595,-1,2482
103.533032,30.694528,217,2483
103.900323,30.810856,-1,2484
102.649408,30.917628,-1,2485
103.907198,30.785181,-1,2486
104.104666,30.46406,-1,2487
104.366807,30.294099,-1,2488
104.531132,29.504791,-1,2489
104.004354,30.467909,-1,2490
103.814026,30.632941,34,2491
103.931721,30.425353,-1,2492
104.125418,30.769652,44,2493
104.033095,30.636655,-1,2494
104.289699,30.848074,-1,2495
103.871861,30.415068,-1,2496
104.111528,30.951225,-1,2497
104.990895,29.542456,218,2498
103.976952,30.46971,-1,2499
103.887179,30.579022,-1,2500
103.65393,30.897079,-1,2501
104.163078,30.663221,-1,2502
104.279301,30.894724,-1,2503
104.446116,30.813347,-1,2504
104.144954,30.589202,-1,2505
102.728945,29.986703,-1,2506
104.063699,30.66561,-1,2507
104.063878,30.760865,-1,2508
103.781525,30.640343,-1,2509
104.474658,30.344822,-1,2510
104.413538,30.483075,-1,2511
104.152872,30.781784,70,2512
104.186122,30.720391,166,2513
103.671656,30.643592,-1,2514
103.916714,30.683796,19,2515
103.988781,30.628137,140,2516
103.940707,30.615381,191,2517
104.057228,30.470427,-1,2518
103.925477,30.94958,153,2519
103.766526,30.536553,-1,2520
103.980971,30.40942,-1,2521
104.0413,30.655236,-1,2522
104.150369,30.616116,74,2523
103.504812,30.185652,-1,2524
103.910111,30.733,-1,2525
104.352976,30.844297,-1,2526
103.980893,30.468087,-1,2527
103.967573,30.459652,-1,2528
104.191774,30.790312,150,2529
103.687475,31.013225,-1,2530
104.488297,30.493174,65,2531
104.254804,30.579507,-1,2532
103.949237,30.515683,219,2533
104.97345,29.870953,122,2534
103.969109,30.46475,-1,2535
103.725837,30.331642,-1,2536
104.025848,30.450365,-1,2537
104.008142,30.909772,-1,2538
104.18886,30.730578,-1,2539
104.017954,30.442441,-1,2540
104.185886,30.720078,166,2541
103.410627,30.749068,-1,2542
104.328187,30.345053,-1,2543
103.973612,30.800531,-1,2544
104.115937,30.608476,-1,2545
103.96849,30.604129,-1,2546
103.872783,30.779344,5,2547
104.066071,30.647138,-1,2548
103.997271,30.248335,-1,2549
104.24393,30.645837,42,2550
104.077047,30.230805,-1,2551
104.051442,30.757825,-1,2552
104.177741,30.719135,9,2553
104.17324,30.556671,-1,2554
103.912728,30.824646,24,2555
104.125216,30.76934,44,2556
104.268876,30.578174,220,2557
103.975687,30.429803,-1,2558
104.013622,30.617203,-1,2559
104.169303,30.741185,91,2560
103.591602,30.742206,-1,2561
104.10485,30.380602,-1,2562
104.392522,30.287006,104,2563
104.061842,31.247663,-1,2564
104.241386,30.598366,-1,2565
103.965939,31.410897,-1,2566
104.522203,30.429889,109,2567
104.428806,31.149776,-1,2568
103.851656,30.77806,-1,2569
103.914697,30.8617,-1,2570
104.537188,30.365777,201,2571
104.034823,30.464991,-1,2572
104.395825,30.356434,-1,2573
104.396547,31.064981,-1,2574
103.996878,30.455465,-1,2575
103.881361,31.087642,-1,2576
103.460817,30.748387,-1,2577
103.998103,30.639616,-1,2578
103.449713,30.466732,113,2579
103.92092,30.940718,-1,2580
103.446614,30.74728,-1,2581
104.093351,30.215634,-1,2582
104.019994,29.139561,197,2583
103.870724,30.702077,2,2584
104.528551,31.387074,-1,2585
103.879607,30.46365,-1,2586
104.770768,30.859691,-1,2587
104.213891,30.651616,16,2588
104.584421,30.134374,-1,2589
103.696041,30.604869,-1,2590
104.231418,30.794097,-1,2591
104.259283,30.32849,-1,2592
103.908008,30.971462,-1,2593
104.00017,30.618254,-1,2594
104.157762,30.692793,-1,2595
103.736286,30.403231,-1,2596
103.962377,30.640889,-1,2597
104.173051,30.484636,7,2598
103.792194,30.687292,-1,2599
103.783235,30.644891,-1,2600
103.959742,30.94243,-1,2601
104.018138,29.138581,-1,2602
104.224972,30.793863,46,2603
104.081012,30.359886,-1,2604
104.622987,30.319612,-1,2605
103.872783,30.779344,5,2606
104.115377,30.418239,32,2607
104.052761,30.555957,-1,2608
104.046145,30.427325,50,2609
103.824718,31.15684,-1,2610
103.647847,30.951622,-1,2611
104.412345,30.903123,-1,2612
103.912071,30.630924,1,2613
103.888417,30.556574,183,2614
104.501141,30.474661,-1,2615
104.108822,30.506359,221,2616
104.091933,30.524337,129,2617
104.044679,30.206266,-1,2618
104.102042,30.576524,-1,2619
104.245561,30.553233,171,2620
104.389607,30.635977,-1,2621
103.811576,30.632278,34,2622
104.327184,30.307433,163,2623
103.88746,30.592892,-1,2624
104.097481,30.550117,-1,2625
104.112637,30.832972,-1,2626
104.677489,30.054516,-1,2627
103.720575,31.103235,-1,2628
103.963137,30.649889,-1,2629
103.937611,30.614171,55,2630
104.106843,30.491365,145,2631
104.609876,31.298906,-1,2632
104.397382,30.327755,-1,2633
104.077466,30.794608,57,2634
104.112706,30.385571,-1,2635
104.213878,30.651539,16,2636
103.942179,30.954704,-1,2637
104.709462,31.014969,-1,2638
104.162522,30.556796,154,2639
104.215113,30.821678,186,2640
104.615112,30.163391,-1,2641
103.859182,30.827322,211,2642
103.972963,30.469612,92,2643
104.078968,30.566489,-1,2644
104.186213,30.684769,-1,2645
104.102221,30.594911,-1,2646
104.081271,30.457025,138,2647
104.041277,30.593655,107,2648
103.943243,30.507633,-1,2649
104.07289,30.695844,-1,2650
104.087254,30.75912,167,2651
103.989668,30.725936,-1,2652
104.095079,30.538788,169,2653
104.093883,30.581084,14,2654
103.861161,30.786428,-1,2655
104.214473,30.82149,186,2656
103.992335,30.626523,-1,2657
104.576012,30.777428,-1,2658
103.837444,30.357613,222,2659
103.699297,30.997162,-1,2660
104.366807,30.294099,-1,2661
103.917202,30.683762,19,2662
103.99368,30.764576,-1,2663
104.093814,30.660713,-1,2664
104.223767,30.566178,18,2665
104.017746,29.139205,-1,2666
103.950864,30.018643,-1,2667
104.09234,30.486341,-1,2668
104.101447,30.497277,155,2669
103.97143,30.650258,93,2670
103.582454,31.021445,-1,2671
103.752392,30.395192,-1,2672
104.133786,30.670694,-1,2673
104.460473,31.170913,-1,2674
104.115832,30.584703,89,2675
103.538017,30.207088,-1,2676
104.005895,30.457909,-1,2677
103.506105,30.558891,-1,2678
104.272981,30.814498,-1,2679
104.107067,30.491245,145,2680
104.29162,30.59304,-1,2681
104.106115,30.587364,209,2682
104.440214,30.599363,-1,2683
103.8378,30.356988,222,2684
104.071122,30.72522,62,2685
103.553384,30.220888,160,2686
104.501591,30.354535,-1,2687
104.088007,30.760081,167,2688
104.149071,30.839337,-1,2689
103.585504,30.759279,-1,2690
104.006286,30.59232,29,2691
103.971337,30.627594,-1,2692
103.750451,30.345862,-1,2693
103.884709,30.388486,41,2694
103.99192,30.73964,242,2695
104.025302,31.384194,-1,2696
103.64253,30.942603,172,2697
104.626429,30.85838,199,2698
104.109657,30.562382,-1,2699
104.080997,30.35985,-1,2700
104.016207,30.652143,-1,2701
104.118721,30.757185,53,2702
104.24899,30.772426,35,2703
104.060631,30.681048,-1,2704
104.369882,30.288306,249,2705
103.947568,30.010486,-1,2706
104.521501,30.429641,109,2707
104.479049,30.598716,-1,2708
104.076619,30.471286,-1,2709
103.953895,30.78638,-1,2710
104.565289,30.378397,-1,2711
103.705876,30.401299,-1,2712
103.708284,30.835489,-1,2713
103.868353,30.462706,-1,2714
103.985443,30.454047,-1,2715
103.796137,31.167222,-1,2716
104.056254,30.76322,142,2717
104.251288,30.525454,-1,2718
104.329698,30.736853,-1,2719
104.045972,30.746744,-1,2720
104.000875,30.762721,198,2721
103.972982,30.542069,68,2722
103.97202,30.471593,-1,2723
104.224987,30.804905,-1,2724
104.407337,30.3458,-1,2725
104.580144,30.368211,-1,2726
104.077689,30.794572,57,2727
104.099363,30.524553,-1,2728
104.354182,30.436169,71,2729
104.298473,30.385308,-1,2730
104.406848,30.339789,-1,2731
103.861553,30.803913,204,2732
104.213827,30.651477,16,2733
103.956197,30.451738,-1,2734
104.079111,30.564427,223,2735
104.572137,30.68697,224,2736
103.897324,30.836547,54,2737
104.13947,30.652041,-1,2738
103.781277,30.069878,-1,2739
104.166881,30.564981,-1,2740
103.920977,30.966582,-1,2741
104.076756,30.694508,-1,2742
103.812693,30.632513,34,2743
104.320914,30.860392,-1,2744
103.916898,30.684,19,2745
104.266847,30.615188,-1,2746
104.121725,30.754208,-1,2747
104.45519,30.827703,-1,2748
104.014051,30.617054,-1,2749
104.070049,30.66834,-1,2750
103.946971,30.586956,-1,2751
104.076417,30.295827,-1,2752
104.04966,30.749971,-1,2753
104.001178,30.598093,-1,2754
104.006953,30.592738,29,2755
103.855859,30.823839,-1,2756
103.895932,31.012552,-1,2757
103.947054,30.553827,-1,2758
103.954527,30.797635,-1,2759
103.837487,30.357779,222,2760
103.498238,30.55453,-1,2761
103.940481,30.614242,47,2762
103.884376,30.402944,-1,2763
103.813248,30.933142,-1,2764
104.093528,30.581208,14,2765
104.636496,29.519519,-1,2766
103.958835,30.635295,-1,2767
104.298609,30.388457,-1,2768
103.802372,30.488186,-1,2769
104.15026,30.615998,74,2770
104.008371,30.590549,208,2771
104.512063,30.421538,106,2772
103.607297,30.826548,-1,2773
103.929623,30.699782,-1,2774
103.675268,30.905653,192,2775
103.908446,30.660936,-1,2776
103.835855,30.575127,-1,2777
104.890591,30.169327,-1,2778
104.084754,30.454578,-1,2779
103.816801,30.633776,34,2780
104.028908,30.551533,-1,2781
103.870815,30.295888,-1,2782
104.209729,30.606694,30,2783
103.465551,30.437884,225,2784
103.684647,30.946665,-1,2785
104.050823,30.476182,90,2786
104.241904,30.543228,-1,2787
104.243958,30.645482,42,2788
103.712589,30.582142,-1,2789
104.699024,30.655269,-1,2790
103.633125,30.943666,-1,2791
104.318511,30.861296,8,2792
104.250599,29.013296,-1,2793
104.061094,30.432371,-1,2794
104.171145,30.774864,-1,2795
104.181309,30.703921,-1,2796
103.957579,30.045101,-1,2797
104.16465,30.699372,-1,2798
103.814036,30.632932,34,2799
103.902396,30.834894,52,2800
104.320481,30.277848,45,2801
104.160466,30.655758,-1,2802
104.251882,30.664609,-1,2803
104.537168,30.353143,-1,2804
103.935209,30.608637,-1,2805
104.235502,30.646592,23,2806
104.114551,30.641309,-1,2807
104.243985,30.645501,42,2808
104.446156,30.472986,-1,2809
104.617188,30.686591,-1,2810
103.973361,30.623696,182,2811
104.689813,30.32575,-1,2812
104.02376,30.593299,-1,2813
104.378166,30.313331,-1,2814
104.370208,30.285985,-1,2815
104.08678,30.750046,-1,2816
103.964994,30.310021,-1,2817
104.251206,30.526476,-1,2818
104.007642,30.55393,-1,2819
104.054709,30.242108,-1,2820
104.207437,30.525335,-1,2821
103.573506,30.731764,-1,2822
104.804325,30.152492,25,2823
104.044775,30.445126,86,2824
104.328698,30.345755,-1,2825
104.326371,30.86056,66,2826
104.214144,30.651584,16,2827
102.953009,29.967684,-1,2828
104.626229,30.858356,199,2829
104.449805,30.283231,-1,2830
104.153371,30.781483,70,2831
104.326564,30.859912,66,2832
104.102349,30.66153,-1,2833
103.90729,30.230895,-1,2834
104.041392,30.593365,107,2835
103.981159,30.784921,117,2836
104.249906,30.579855,-1,2837
103.609145,30.969999,-1,2838
103.730033,30.554252,-1,2839
104.083097,30.64675,85,2840
104.537348,30.36587,201,2841
103.983942,30.219238,-1,2842
103.883665,30.666009,139,2843
104.198322,30.581989,33,2844
103.600853,31.06493,141,2845
103.784644,29.441876,-1,2846
103.971079,30.469821,92,2847
103.528185,30.745507,-1,2848
104.07896,30.684047,226,2849
103.504502,30.572072,237,2850
103.530534,31.410394,133,2851
104.0561,30.847953,4,2852
103.959784,30.93666,-1,2853
103.801906,30.455451,-1,2854
104.203231,30.726038,37,2855
104.142627,30.533797,-1,2856
103.933379,31.114191,-1,2857
104.056819,30.659985,-1,2858
104.97316,29.87077,122,2859
104.23793,30.652781,12,2860
104.470072,30.505101,-1,2861
104.306199,30.645958,-1,2862
103.499336,30.569331,112,2863
103.439071,30.362174,-1,2864
103.681501,30.849045,-1,2865
103.816138,30.486019,-1,2866
104.332992,30.756399,-1,2867
103.940445,30.670516,-1,2868
104.377906,30.917009,-1,2869
103.896625,30.666515,36,2870
104.105016,30.453186,-1,2871
104.145074,30.57032,-1,2872
104.072665,30.295637,-1,2873
104.804237,30.151776,25,2874
103.812199,30.632509,34,2875
103.899641,30.61595,-1,2876
103.96775,30.946586,-1,2877
104.349996,30.555425,-1,2878
104.160625,30.643181,227,2879
104.227897,30.7901,-1,2880
104.22348,30.884986,-1,2881
104.037398,30.659987,75,2882
103.893009,30.513694,158,2883
104.07867,30.515661,-1,2884
103.68949,30.401759,-1,2885
104.465419,30.866535,-1,2886
104.113543,30.584625,-1,2887
104.070759,30.752897,-1,2888
104.626413,30.858256,199,2889
103.972568,30.991208,-1,2890
103.928424,30.951127,-1,2891
103.681978,31.027414,-1,2892
104.424156,30.392666,-1,2893
104.411899,30.344899,-1,2894
104.093481,30.447607,-1,2895
104.181681,30.703957,-1,2896
104.397489,30.824119,81,2897
104.084042,30.456278,228,2898
103.893415,30.513712,158,2899
103.997479,30.474403,-1,2900
104.485748,30.444371,-1,2901
104.191749,30.790295,150,2902
104.303967,30.254701,-1,2903
103.700842,30.931084,-1,2904
104.324918,30.295524,-1,2905
103.671363,30.332803,-1,2906
103.932178,30.726211,-1,2907
103.859138,30.8275,211,2908
104.106616,30.492333,145,2909
104.228014,30.788089,-1,2910
103.988538,30.818171,-1,2911
103.936133,30.905361,59,2912
104.068935,30.692909,79,2913
104.235689,30.646955,23,2914
103.909826,30.537805,-1,2915
103.455703,30.492227,-1,2916
104.04089,30.530777,-1,2917
103.676896,30.906403,-1,2918
103.714593,31.202962,-1,2919
104.069816,30.768081,146,2920
104.178782,30.782766,119,2921
104.296175,30.995035,170,2922
104.013614,30.652187,-1,2923
104.055949,30.763186,142,2924
103.940746,30.470547,-1,2925
104.53009,30.368999,-1,2926
104.264375,30.866029,-1,2927
104.990091,29.542271,218,2928
103.955006,30.492044,147,2929
104.075821,30.238788,-1,2930
103.734714,30.986092,-1,2931
104.800922,29.728511,-1,2932
104.100903,30.499111,155,2933
104.064479,30.633129,38,2934
104.003358,29.125117,-1,2935
104.109679,30.506428,221,2936
104.354241,30.435834,71,2937
104.363251,31.068015,31,2938
103.866549,31.077569,-1,2939
104.015678,30.86665,-1,2940
104.140246,30.690556,-1,2941
104.398489,30.310161,-1,2942
103.645406,30.938286,-1,2943
103.96135,30.644929,-1,2944
103.482999,31.332152,-1,2945
104.511212,30.353073,151,2946
104.517557,30.391345,-1,2947
104.165651,30.662197,-1,2948
104.021663,29.139432,197,2949
104.330049,30.891734,-1,2950
104.326736,30.860259,66,2951
103.847215,30.54116,-1,2952
103.918497,30.564752,-1,2953
103.905356,30.810492,82,2954
103.914937,30.711632,-1,2955
103.969264,30.366562,120,2956
104.19801,30.581924,33,2957
104.108802,30.392587,-1,2958
103.981348,30.785364,117,2959
104.19017,30.78871,-1,2960
103.867579,30.779808,114,2961
104.5553,30.352728,148,2962
104.556282,30.353542,148,2963
104.04692,30.588007,-1,2964
103.948646,30.636273,-1,2965
103.66185,30.872215,-1,2966
104.079264,30.722941,-1,2967
103.973424,30.819946,-1,2968
103.888378,30.556176,183,2969
104.446156,30.472986,-1,2970
103.966504,30.631356,-1,2971
104.375455,30.951577,-1,2972
103.77748,30.636527,-1,2973
103.937941,30.614163,55,2974
104.093088,30.581092,14,2975
104.194627,30.737161,-1,2976
103.479546,30.427635,-1,2977
104.114304,30.74475,-1,2978
103.946633,30.767987,-1,2979
104.168977,30.450102,-1,2980
104.397382,30.327755,-1,2981
104.109046,30.537953,-1,2982
104.229503,30.789494,-1,2983
104.734847,30.648766,-1,2984
104.02783,30.471142,-1,2985
103.760784,30.635869,-1,2986
104.444338,30.881422,-1,2987
103.945228,30.959378,-1,2988
104.528397,31.864581,-1,2989
104.582621,30.116041,207,2990
104.748459,30.623928,-1,2991
104.071009,30.72527,62,2992
103.784562,30.640359,-1,2993
104.092348,30.524564,129,2994
103.870424,30.771383,-1,2995
103.93873,30.422348,-1,2996
104.070713,30.575776,-1,2997
104.004295,30.728581,-1,2998
103.959464,30.437374,174,2999
104.017426,30.56184,-1,3000
103.971028,30.650189,93,3001
104.046624,30.539776,185,3002
104.323375,30.644988,80,3003
104.033516,30.465278,-1,3004
103.701813,30.602567,83,3005
104.132838,30.820783,-1,3006
104.555691,30.353193,148,3007
104.098512,30.885051,-1,3008
103.861325,30.803964,204,3009
103.902458,30.658399,28,3010
103.88781,30.562498,-1,3011
104.334031,30.644265,229,3012
104.076553,30.295859,-1,3013
104.496049,30.417981,-1,3014
103.684217,30.294425,-1,3015
103.800813,31.246133,-1,3016
104.086923,30.420055,-1,3017
104.20346,30.726018,37,3018
104.107847,30.507943,-1,3019
103.790383,30.68802,-1,3020
103.940702,30.635229,-1,3021
104.230097,30.853428,-1,3022
104.280909,30.700005,-1,3023
104.521316,30.662707,173,3024
104.186644,30.707726,184,3025
104.189428,31.005021,-1,3026
104.011531,30.590916,-1,3027
104.086978,30.429931,-1,3028
104.291982,30.812858,-1,3029
103.896726,30.66664,36,3030
104.109236,30.50549,221,3031
104.300169,30.389503,-1,3032
104.32344,30.645089,80,3033
104.418133,30.389788,-1,3034
104.594421,31.768218,-1,3035
104.529529,31.863483,-1,3036
103.376378,30.290747,-1,3037
103.983942,30.219238,-1,3038
104.049226,30.694921,-1,3039
104.051465,30.25979,258,3040
103.496997,30.547065,230,3041
103.887005,30.820549,188,3042
104.16475,30.658742,15,3043
104.199894,30.725913,-1,3044
104.496721,30.471775,-1,3045
103.90467,30.541169,-1,3046
103.435649,30.377237,-1,3047
103.970882,30.650438,93,3048
104.337666,30.910396,-1,3049
103.637183,30.587494,-1,3050
104.123584,30.912438,-1,3051
104.177949,30.727257,-1,3052
104.322329,30.337092,-1,3053
103.710345,29.091618,-1,3054
104.552004,30.716177,231,3055
104.02126,30.861965,-1,3056
104.320664,30.281449,232,3057
103.880321,30.603962,233,3058
104.30874,30.8655,11,3059
104.215138,30.582796,6,3060
104.104626,30.498151,-1,3061
104.140679,30.692313,-1,3062
104.320934,30.895832,-1,3063
104.594204,31.768035,-1,3064
104.085878,30.758408,167,3065
103.460041,30.746897,13,3066
104.263014,30.875289,-1,3067
104.086389,30.758653,167,3068
104.008839,30.590534,208,3069
104.315742,30.303201,165,3070
104.12266,30.753373,-1,3071
104.001833,30.597927,-1,3072
104.293194,30.850032,178,3073
104.11155,30.56702,-1,3074
104.326411,30.860094,66,3075
104.118383,30.758995,-1,3076
104.111865,30.524417,-1,3077
103.702511,30.584962,-1,3078
104.248934,30.772355,35,3079
104.535025,30.653779,-1,3080
104.465244,31.044355,-1,3081
104.462386,31.234167,-1,3082
103.880705,30.414631,-1,3083
104.112942,30.515329,-1,3084
103.962714,30.448284,-1,3085
104.41546,30.992549,-1,3086
104.069872,30.768248,146,3087
104.671317,30.055186,-1,3088
104.237405,30.652754,12,3089
104.012255,30.8313,-1,3090
104.071208,30.470168,-1,3091
103.444523,30.419256,-1,3092
104.296167,30.994935,170,3093
103.489819,30.18471,177,3094
103.952285,30.427922,-1,3095
104.185789,30.719168,166,3096
104.387938,30.746643,-1,3097
104.053795,30.468366,-1,3098
104.584733,30.117558,-1,3099
103.646921,30.934865,-1,3100
104.255533,30.530983,108,3101
103.625688,30.727307,-1,3102
104.217149,30.68634,-1,3103
104.220805,30.638704,131,3104
103.921926,30.281334,-1,3105
103.874992,30.830632,-1,3106
104.345569,30.921213,-1,3107
103.67745,30.338451,-1,3108
103.515055,30.578856,-1,3109
103.965859,30.435539,-1,3110
104.795125,30.14291,-1,3111
103.943206,30.52702,-1,3112
104.234958,30.64582,23,3113
104.071796,30.414242,-1,3114
103.788434,30.576175,-1,3115
103.506712,30.566556,-1,3116
104.364597,30.531877,-1,3117
103.947195,31.022798,-1,3118
104.662987,31.090844,234,3119
103.931163,31.072589,-1,3120
103.972915,30.471432,-1,3121
103.884006,30.480007,-1,3122
104.038047,30.660058,75,3123
104.33143,30.644357,-1,3124
103.914379,30.993894,-1,3125
103.893059,30.447383,56,3126
104.566164,30.371536,-1,3127
104.552097,30.716217,231,3128
104.083456,30.81677,-1,3129
104.284591,30.890491,-1,3130
104.047516,30.426372,-1,3131
104.036266,30.489369,-1,3132
103.886389,30.820168,188,3133
103.645331,30.951115,-1,3134
104.17887,30.7831,119,3135
104.512846,30.420323,76,3136
104.21545,30.582598,6,3137
103.78195,30.675503,-1,3138
103.702059,30.851226,-1,3139
104.508516,30.35465,151,3140
103.856451,30.441947,214,3141
103.654017,30.926188,259,3142
103.796786,30.646674,235,3143
104.300438,30.245291,-1,3144
103.906054,30.54257,-1,3145
103.974757,30.196371,-1,3146
104.225294,30.707556,125,3147
104.064088,30.633163,38,3148
103.82518,30.581867,-1,3149
103.579379,30.845104,-1,3150
104.062839,30.47069,-1,3151
103.938626,30.755129,-1,3152
104.133949,30.398954,-1,3153
104.03711,30.148366,-1,3154
104.204695,30.730712,210,3155
103.916802,30.683846,19,3156
104.252173,30.608716,-1,3157
103.740946,30.395534,-1,3158
103.647422,31.021315,-1,3159
103.945807,30.485776,-1,3160
103.861713,30.804303,204,3161
104.0429,30.447959,-1,3162
103.60102,30.82892,-1,3163
103.940573,30.614082,47,3164
104.571983,30.687173,224,3165
103.637121,30.695236,-1,3166
103.738939,30.690024,-1,3167
104.499086,31.728899,-1,3168
104.019301,30.43175,-1,3169
104.079684,30.565161,223,3170
103.725157,30.332015,-1,3171
103.139648,30.104455,-1,3172
103.832163,30.668239,-1,3173
103.51907,31.011027,-1,3174
103.873821,30.417359,72,3175
104.093557,30.580999,14,3176
104.021098,30.546914,-1,3177
104.161427,30.599732,103,3178
104.069951,30.768849,146,3179
104.056046,30.763233,142,3180
104.513597,30.512986,-1,3181
104.194629,30.587263,-1,3182
103.81973,30.665263,-1,3183
103.72474,30.578413,195,3184
103.968429,30.469225,92,3185
104.165102,30.658752,15,3186
104.455078,30.488541,-1,3187
104.092561,30.448947,-1,3188
103.658082,30.529356,-1,3189
104.040909,30.593414,107,3190
104.227355,30.858199,-1,3191
104.036352,30.458538,-1,3192
104.216561,30.64868,-1,3193
104.021673,31.378701,-1,3194
103.950968,30.790726,-1,3195
104.220349,30.573855,-1,3196
102.632829,31.869643,-1,3197
103.487715,30.425465,-1,3198
104.116218,30.419094,-1,3199
103.47835,30.428122,-1,3200
104.069695,30.327105,-1,3201
103.741421,30.69451,126,3202
103.967425,30.648631,21,3203
103.989266,30.596244,-1,3204
104.180294,30.619374,175,3205
103.983265,30.411941,-1,3206
104.070134,30.767989,146,3207
103.862724,30.710788,10,3208
104.071062,30.72519,62,3209
104.311211,29.718124,-1,3210
104.126527,30.378655,-1,3211
104.428718,31.149892,-1,3212
104.459178,31.104586,-1,3213
104.052314,30.466008,78,3214
103.88325,30.480066,-1,3215
104.042218,30.232242,-1,3216
103.844976,30.459185,-1,3217
103.940343,30.614232,47,3218
104.286258,30.842904,-1,3219
104.046639,30.540249,185,3220
103.892227,30.255217,-1,3221
103.947731,30.665687,-1,3222
103.517892,30.70852,-1,3223
103.814343,30.633097,34,3224
103.886885,30.820367,188,3225
103.936219,30.613991,55,3226
104.400832,31.064568,-1,3227
103.442258,30.401731,-1,3228
103.642775,30.942388,172,3229
104.073314,30.685305,-1,3230
103.786896,30.453007,-1,3231
104.243157,30.650418,60,3232
104.035515,30.858491,-1,3233
104.391284,30.740707,-1,3234
104.084048,30.456735,228,3235
103.917114,30.68368,19,3236
103.81287,30.63256,34,3237
103.807998,30.433052,-1,3238
104.108731,30.46365,-1,3239
104.108613,30.502525,-1,3240
103.993998,30.746912,156,3241
104.017938,30.444741,-1,3242
104.20351,30.72602,37,3243
103.489755,30.184644,177,3244
104.108069,30.507471,-1,3245
103.88571,31.028308,-1,3246
104.040452,30.670188,-1,3247
104.008075,30.554878,-1,3248
104.03596,30.53543,-1,3249
104.017954,30.442441,-1,3250
104.066344,30.685915,-1,3251
104.005914,30.515475,20,3252
103.959519,30.796598,-1,3253
102.649408,30.917628,-1,3254
104.274947,30.672818,-1,3255
104.321091,30.281431,232,3256
104.243112,30.645766,42,3257
103.943483,30.507594,-1,3258
103.896625,30.666515,36,3259
104.529838,30.664384,-1,3260
103.994327,30.670394,-1,3261
104.533053,30.695018,-1,3262
104.000754,30.62629,-1,3263
104.242604,30.651101,60,3264
103.68273,30.463217,-1,3265
103.917711,30.684097,19,3266
103.965836,30.642587,-1,3267
103.784446,30.708777,-1,3268
103.956563,30.500966,-1,3269
103.903541,30.731599,-1,3270
103.662833,30.97102,162,3271
104.195514,30.010718,-1,3272
103.892988,30.447132,56,3273
103.532353,31.404682,262,3274
104.202836,30.725796,37,3275
103.949211,30.515623,219,3276
104.316639,30.951452,-1,3277
104.513373,30.351537,-1,3278
104.044728,30.941052,-1,3279
103.601093,31.064612,141,3280
103.640256,30.465876,193,3281
103.838289,30.360901,236,3282
103.922969,30.71671,132,3283
103.935171,30.905381,59,3284
104.135169,30.805835,127,3285
104.498761,30.418423,-1,3286
104.154869,30.727314,-1,3287
102.183198,29.561325,-1,3288
103.77748,30.636527,-1,3289
104.380211,31.009577,-1,3290
103.681978,31.027414,-1,3291
103.857457,30.633745,-1,3292
104.748787,30.630048,-1,3293
103.678198,31.122293,-1,3294
104.195514,30.010718,-1,3295
104.329464,30.853976,-1,3296
103.50435,30.573751,237,3297
103.872938,30.26567,-1,3298
104.456753,30.796901,-1,3299
103.896875,30.666501,36,3300
104.19887,30.516766,-1,3301
103.929887,30.510612,-1,3302
104.071006,30.725255,62,3303
104.109928,30.501163,-1,3304
103.937552,30.614153,55,3305
104.059909,30.648519,-1,3306
103.884439,30.719388,-1,3307
104.137027,30.605591,-1,3308
104.175207,30.664431,149,3309
104.085322,30.512701,-1,3310
103.819182,30.466169,-1,3311
104.112755,30.752622,121,3312
103.503865,30.573921,237,3313
103.981491,30.785186,117,3314
103.986227,30.723755,-1,3315
104.175625,30.715319,194,3316
104.462506,31.05878,-1,3317
103.650196,30.435934,-1,3318
104.440216,30.982086,-1,3319
103.874959,30.612019,-1,3320
104.244864,30.553713,171,3321
104.13498,30.590304,205,3322
104.671317,30.055186,-1,3323
104.513206,30.420121,76,3324
104.042089,30.224502,-1,3325
104.155742,30.729123,-1,3326
104.324669,30.294373,-1,3327
104.071267,30.725226,62,3328
103.97382,31.032166,-1,3329
103.981502,30.785387,117,3330
104.226354,30.792803,159,3331
103.921539,30.784333,-1,3332
104.267185,30.650854,152,3333
104.039402,30.225585,-1,3334
104.277422,30.63893,-1,3335
104.033513,30.468312,-1,3336
104.56684,30.387812,-1,3337
104.24831,30.648277,-1,3338
104.086966,30.74724,-1,3339
104.120272,30.772874,161,3340
104.050828,30.478319,-1,3341
104.079128,30.564015,223,3342
103.965832,30.183041,-1,3343
103.701562,30.60226,83,3344
104.055911,30.447131,-1,3345
103.897443,30.836399,54,3346
104.257382,30.737028,-1,3347
103.989495,30.59661,-1,3348
104.110337,30.508998,-1,3349
103.882762,30.605864,-1,3350
103.691021,30.400535,-1,3351
104.020772,29.139397,197,3352
104.064073,30.433116,-1,3353
104.238184,30.53358,-1,3354
104.294023,30.572351,-1,3355
104.531195,30.645875,-1,3356
103.861758,30.710822,10,3357
103.997684,30.630379,-1,3358
103.74917,30.530283,-1,3359
103.958156,30.615309,-1,3360
104.210825,30.60818,30,3361
104.086776,30.665687,-1,3362
103.941479,30.827453,-1,3363
104.06221,31.24498,-1,3364
103.790851,30.666941,200,3365
103.897287,30.836187,54,3366
103.798342,31.16705,-1,3367
103.613746,30.871079,-1,3368
104.0605,31.245405,110,3369
103.945954,29.950827,-1,3370
104.064148,30.682468,-1,3371
103.683527,30.870661,-1,3372
103.89333,30.513779,158,3373
103.970387,30.470043,92,3374
104.113014,30.503259,-1,3375
104.148047,30.620915,-1,3376
103.871087,30.711228,-1,3377
104.052251,30.47387,58,3378
104.2309,30.559858,-1,3379
103.921129,30.702968,-1,3380
104.292484,30.391166,-1,3381
104.235574,30.64647,23,3382
104.215882,30.774878,-1,3383
104.327525,30.305982,163,3384
103.936689,30.613936,55,3385
104.224373,30.67528,238,3386
104.025849,30.474638,-1,3387
104.10821,30.545975,-1,3388
104.161678,30.599529,103,3389
104.187078,30.590212,-1,3390
104.243157,30.650418,60,3391
104.087595,30.759984,167,3392
103.929623,30.699782,-1,3393
104.129262,30.52961,-1,3394
104.052024,30.685463,-1,3395
104.243396,30.645734,42,3396
104.198838,30.51043,63,3397
103.988411,30.627405,140,3398
104.183346,30.710521,39,3399
104.052562,30.485226,-1,3400
104.077349,30.585565,-1,3401
103.701671,30.602573,83,3402
104.043443,30.198863,-1,3403
104.477305,30.227211,-1,3404
104.06994,30.768857,146,3405
104.181118,30.769479,-1,3406
103.862524,30.710522,10,3407
103.918558,30.781214,-1,3408
104.317486,30.607075,-1,3409
104.405203,31.074648,-1,3410
104.046196,30.427457,50,3411
103.838155,30.736816,-1,3412
104.393139,30.283624,239,3413
103.497491,30.547215,230,3414
104.408698,30.344366,-1,3415
104.240656,30.959666,-1,3416
103.987776,30.424862,-1,3417
104.203635,30.726009,37,3418
104.329674,30.724908,-1,3419
104.053631,30.772472,-1,3420
103.972234,30.471664,-1,3421
104.513206,30.420121,76,3422
104.390186,30.33271,-1,3423
104.02767,30.482095,-1,3424
103.863781,30.777124,-1,3425
103.560792,30.748569,-1,3426
103.909666,30.544552,240,3427
103.988644,30.627973,140,3428
104.048895,30.245627,-1,3429
104.135287,30.403882,-1,3430
104.005808,30.515035,20,3431
104.316416,30.305918,-1,3432
104.166783,30.646182,-1,3433
104.235422,30.646586,23,3434
104.093591,30.58156,14,3435
104.540882,30.418605,-1,3436
104.01868,30.430035,-1,3437
103.962901,30.60114,-1,3438
103.939808,30.614275,47,3439
103.911739,30.798427,-1,3440
103.961181,30.621102,-1,3441
104.079437,30.565028,223,3442
104.109893,30.505515,-1,3443
103.697573,30.407081,-1,3444
104.068276,30.769389,-1,3445
104.22661,30.792623,159,3446
103.816986,30.633843,34,3447
103.978083,30.448424,-1,3448
104.28784,30.846171,-1,3449
103.799449,29.771279,157,3450
103.917114,30.68368,19,3451
103.969324,30.366619,120,3452
103.93609,30.90543,59,3453
103.802154,30.455632,-1,3454
104.110644,30.788461,-1,3455
104.295136,30.364331,-1,3456
104.305986,30.234791,-1,3457
104.115852,30.584161,89,3458
103.881361,31.087642,-1,3459
103.994135,30.516105,-1,3460
103.559614,30.548547,241,3461
103.997875,30.47871,-1,3462
103.941657,30.432163,-1,3463
103.990804,30.739405,242,3464
103.987363,30.754746,-1,3465
103.804991,30.431297,-1,3466
104.091692,30.524344,129,3467
103.58632,30.746038,-1,3468
104.204839,30.419756,-1,3469
103.89579,30.543994,-1,3470
104.367925,30.549037,-1,3471
103.961278,30.644928,-1,3472
103.87044,30.702139,2,3473
103.792298,29.723049,-1,3474
104.108152,30.553147,-1,3475
103.72066,30.589512,-1,3476
104.196167,30.527592,-1,3477
104.05153,30.757846,-1,3478
104.310904,30.597289,-1,3479
104.008783,30.59067,208,3480
103.979664,30.468682,-1,3481
104.048818,30.724651,-1,3482
103.63689,30.485148,-1,3483
103.685761,30.406676,-1,3484
103.662871,30.972113,162,3485
104.347928,30.643647,-1,3486
104.07966,30.507638,-1,3487
103.859344,30.827371,211,3488
103.85669,30.629013,-1,3489
104.128755,30.821551,-1,3490
103.626007,30.402645,-1,3491
104.077769,30.795085,57,3492
104.071622,30.575717,-1,3493
103.816986,30.633843,34,3494
103.952848,30.795971,-1,3495
104.044082,31.26505,-1,3496
104.362056,30.602751,-1,3497
103.762294,30.039862,-1,3498
104.155594,30.580211,-1,3499
104.041394,30.593357,107,3500
103.935871,30.905468,59,3501
104.026351,30.764203,-1,3502
104.990541,29.542423,218,3503
104.578326,30.358269,-1,3504
104.14744,30.52064,-1,3505
104.114563,30.578936,51,3506
103.315126,31.093577,-1,3507
103.936033,30.905208,59,3508
104.578149,30.116813,-1,3509
103.314492,31.078109,-1,3510
104.089936,30.832527,-1,3511
103.914106,30.675768,243,3512
103.788994,29.634684,-1,3513
104.032015,30.717897,-1,3514
104.330974,30.64436,-1,3515
104.245348,30.553408,171,3516
104.152779,30.725768,124,3517
103.922777,30.717106,132,3518
103.661676,30.961409,144,3519
104.012836,30.546705,-1,3520
104.109027,30.505553,221,3521
104.066533,30.647776,-1,3522
104.226661,30.792735,159,3523
104.877298,30.28592,-1,3524
103.987684,30.562358,-1,3525
104.001875,30.597779,-1,3526
103.704553,30.40179,-1,3527
104.488566,30.493346,65,3528
104.202775,30.725894,37,3529
103.70171,30.602631,83,3530
104.006343,30.592234,29,3531
103.923392,30.717132,132,3532
104.079134,30.684296,226,3533
103.947584,30.673149,-1,3534
103.978097,30.199976,212,3535
103.912131,30.630978,1,3536
103.939559,30.617042,-1,3537
104.235369,30.646676,23,3538
103.892874,30.513774,158,3539
104.133152,30.40919,-1,3540
104.361243,30.306108,-1,3541
103.536851,30.782952,-1,3542
103.789953,30.576347,-1,3543
103.498539,30.176027,-1,3544
103.879124,30.478154,-1,3545
103.819074,30.634005,34,3546
104.107882,30.921239,-1,3547
104.037272,30.659846,75,3548
103.499127,30.569416,112,3549
104.211104,30.519142,-1,3550
104.048822,30.65344,-1,3551
104.199077,30.516947,-1,3552
104.796162,30.143205,-1,3553
104.677883,30.072399,-1,3554
103.98336,31.065212,-1,3555
104.10284,30.533155,87,3556
104.321415,30.708171,-1,3557
103.836706,30.321146,-1,3558
103.505532,30.198089,-1,3559
104.083444,30.720362,-1,3560
104.213578,30.815997,-1,3561
104.567949,30.707064,-1,3562
104.331015,30.328591,-1,3563
104.025316,30.617876,-1,3564
104.025448,29.137494,-1,3565
103.824294,30.575887,-1,3566
103.871016,30.779426,-1,3567
103.933486,30.661884,-1,3568
104.160937,30.64352,227,3569
104.290849,30.847686,-1,3570
104.973345,29.870855,122,3571
103.655058,30.895072,-1,3572
104.419283,30.947747,-1,3573
104.22937,30.854229,215,3574
103.920507,30.634897,-1,3575
104.363332,31.067891,31,3576
104.227107,30.657213,-1,3577
104.252774,30.737365,-1,3578
103.954894,30.491962,147,3579
103.888105,30.556214,183,3580
104.225354,30.185951,-1,3581
104.160625,30.643181,227,3582
103.701749,30.60248,83,3583
104.97353,29.871087,122,3584
103.800577,30.604702,-1,3585
104.187822,30.793537,216,3586
104.019215,30.534863,-1,3587
103.797343,30.643747,180,3588
103.725176,30.396087,-1,3589
104.10676,30.491817,145,3590
104.090381,30.740672,244,3591
103.986872,30.59688,-1,3592
104.245393,30.645416,42,3593
103.86137,30.804188,204,3594
104.202707,30.726144,37,3595
103.8973,30.836442,54,3596
103.935211,30.905347,59,3597
103.685629,30.406739,-1,3598
104.243157,30.650418,60,3599
103.915213,30.419311,-1,3600
104.058678,30.635283,-1,3601
104.132094,30.395928,-1,3602
103.916882,30.684054,19,3603
104.220978,30.638437,131,3604
103.640224,30.46616,193,3605
103.896301,30.66594,36,3606
103.986107,30.722244,-1,3607
104.237849,30.652678,12,3608
104.264688,30.868965,-1,3609
104.804373,30.15226,25,3610
103.965162,30.786435,-1,3611
104.071911,30.417157,-1,3612
104.215418,30.582264,6,3613
103.671773,30.430749,-1,3614
103.879543,30.52942,-1,3615
103.653216,31.017188,-1,3616
103.781844,30.675862,-1,3617
104.3187,30.275028,45,3618
103.887772,30.562623,-1,3619
103.981971,30.536161,-1,3620
103.829063,30.465916,-1,3621
104.226061,30.525114,181,3622
104.460643,30.473725,-1,3623
104.130695,30.670934,-1,3624
104.112477,30.752854,121,3625
104.125489,30.769594,44,3626
104.202945,30.726013,37,3627
103.976278,30.470118,-1,3628
104.131084,30.955755,-1,3629
104.008463,30.23115,-1,3630
103.898712,30.614129,-1,3631
104.319329,30.860929,8,3632
104.166881,30.564981,-1,3633
103.871642,30.289893,-1,3634
103.647342,30.951546,-1,3635
104.273543,30.630521,-1,3636
103.867381,30.535142,245,3637
104.478203,30.489752,-1,3638
104.051634,30.541417,246,3639
104.339249,30.462229,-1,3640
103.966416,30.936602,-1,3641
104.318591,30.610618,-1,3642
103.886493,30.426518,-1,3643
104.233622,30.794019,-1,3644
103.748223,30.393932,-1,3645
103.963197,30.656199,-1,3646
103.843743,29.787599,-1,3647
104.063716,30.665608,-1,3648
104.023166,31.376554,-1,3649
103.632233,30.943324,-1,3650
104.018838,29.140293,-1,3651
103.861577,30.796683,-1,3652
103.886651,30.528499,137,3653
103.823704,30.422572,-1,3654
104.293232,30.801603,-1,3655
104.24297,30.645469,42,3656
104.114368,30.282581,-1,3657
103.530534,31.410394,133,3658
104.003296,30.58313,-1,3659
104.031159,30.80734,-1,3660
103.394137,30.206505,-1,3661
104.138525,30.412014,-1,3662
104.262389,29.018862,-1,3663
104.449181,30.480669,22,3664
103.94607,30.531495,-1,3665
104.41545,30.93202,-1,3666
103.917248,30.684384,19,3667
103.886705,30.528287,137,3668
103.906215,30.06432,-1,3669
103.952325,30.999215,-1,3670
104.013697,30.225833,-1,3671
104.050797,30.665122,67,3672
104.231396,30.525821,-1,3673
104.21619,30.699662,-1,3674
104.043238,30.205925,-1,3675
104.137661,30.711691,-1,3676
104.611261,30.347862,-1,3677
103.812434,30.606645,-1,3678
103.86711,30.53496,245,3679
104.317441,30.277213,45,3680
104.044794,30.444847,86,3681
104.361125,30.309648,-1,3682
104.213724,30.586083,-1,3683
104.908151,30.159823,-1,3684
104.170811,30.615058,27,3685
104.037175,30.659862,75,3686
103.926213,30.805916,-1,3687
104.267987,30.684485,-1,3688
104.49375,31.32752,-1,3689
104.327188,30.307213,163,3690
104.203899,30.726028,37,3691
104.720781,30.398141,-1,3692
103.936827,30.735844,-1,3693
104.465244,31.044355,-1,3694
103.86133,30.804088,204,3695
103.865016,31.049427,-1,3696
103.941574,30.432906,-1,3697
104.465526,31.103703,-1,3698
103.351005,30.368157,-1,3699
103.847164,30.664762,-1,3700
103.914155,30.675532,243,3701
103.794498,30.604343,-1,3702
104.073069,30.686553,-1,3703
103.953768,31.016445,-1,3704
104.066474,30.437446,-1,3705
104.309207,30.865047,11,3706
104.112349,30.51325,-1,3707
103.698292,30.583828,-1,3708
104.706578,30.085901,-1,3709
104.219146,30.85474,-1,3710
104.372213,30.864391,-1,3711
103.669502,30.335902,-1,3712
104.043655,30.446411,86,3713
103.853,30.849785,-1,3714
104.14459,30.659517,-1,3715
103.487715,30.425465,-1,3716
104.000266,30.596911,-1,3717
103.77522,30.438481,-1,3718
104.161778,30.691091,-1,3719
103.89269,31.019994,-1,3720
103.908003,30.971824,-1,3721
103.899101,30.402979,-1,3722
103.895849,30.477364,-1,3723
104.039344,30.224486,-1,3724
103.569066,30.747285,-1,3725
103.825422,30.402248,-1,3726
103.889982,30.770574,-1,3727
104.38263,31.160517,-1,3728
104.165549,30.65873,15,3729
104.492941,30.321776,97,3730
104.422329,30.474402,164,3731
103.433284,30.397012,-1,3732
104.203448,30.726181,37,3733
104.003963,30.436043,-1,3734
103.917222,30.397736,73,3735
104.109657,30.562382,-1,3736
104.078848,30.684088,226,3737
103.818877,30.466034,-1,3738
103.498313,30.567502,112,3739
104.078591,30.684174,226,3740
103.937074,30.61322,55,3741
104.198203,30.659732,-1,3742
104.183846,30.553122,-1,3743
104.213891,30.651616,16,3744
104.990163,29.542288,218,3745
104.366471,30.304482,94,3746
104.20211,30.726045,37,3747
103.969339,30.366415,120,3748
104.296581,30.994295,170,3749
103.416763,30.379765,-1,3750
104.185789,30.719168,166,3751
104.160873,30.556342,-1,3752
104.361634,30.434978,111,3753
104.128245,30.796489,-1,3754
104.422212,30.881836,-1,3755
103.843175,30.789491,-1,3756
104.005305,30.732343,-1,3757
104.114609,30.579768,51,3758
104.027794,30.448293,-1,3759
103.998741,30.466179,-1,3760
104.037665,30.360629,-1,3761
104.064603,30.269643,-1,3762
103.871642,30.289893,-1,3763
103.349429,30.224867,-1,3764
104.327188,30.307213,163,3765
104.320152,30.277597,45,3766
103.952542,31.01469,-1,3767
104.214828,30.583436,6,3768
104.203286,30.726101,37,3769
104.326366,30.860213,66,3770
104.179077,30.783233,119,3771
104.45412,30.489643,-1,3772
103.858481,31.066723,-1,3773
104.319189,30.27623,45,3774
103.960528,30.94155,206,3775
104.662907,31.091194,234,3776
104.326379,30.860076,66,3777
104.365896,30.857178,-1,3778
104.496442,30.47166,-1,3779
104.001854,30.884263,-1,3780
103.859775,30.301254,-1,3781
103.539437,30.777497,-1,3782
104.358726,30.659967,-1,3783
103.452224,30.37429,247,3784
103.980115,30.46845,-1,3785
103.586488,30.388297,-1,3786
103.487959,30.534772,-1,3787
104.286524,30.969029,-1,3788
104.003471,30.482974,-1,3789
104.027594,30.497323,-1,3790
104.162363,31.461404,-1,3791
104.162818,30.556963,154,3792
103.797059,30.643633,180,3793
104.21422,30.583716,6,3794
104.072007,30.247949,-1,3795
103.348423,30.419082,-1,3796
103.95669,30.656191,-1,3797
104.14605,31.492663,-1,3798
104.10695,30.769058,-1,3799
103.61158,30.519865,-1,3800
103.894721,30.380067,-1,3801
103.663093,30.970461,162,3802
104.118381,30.757206,53,3803
104.102784,30.515184,-1,3804
103.879031,30.413389,-1,3805
103.640981,30.944177,-1,3806
103.681635,30.893571,-1,3807
104.102601,30.537141,-1,3808
104.007102,30.517995,-1,3809
103.856826,30.449549,-1,3810
103.803205,30.75876,-1,3811
103.821279,30.647149,-1,3812
103.632419,30.735118,-1,3813
103.856352,30.78543,-1,3814
104.220004,30.573451,-1,3815
104.848112,29.75425,248,3816
104.001039,30.454781,-1,3817
103.795929,31.23899,-1,3818
104.448482,30.857299,-1,3819
104.075107,30.647363,-1,3820
103.942091,30.279746,-1,3821
104.051305,30.779485,-1,3822
103.926385,30.805949,-1,3823
104.165449,30.658883,15,3824
103.51061,30.25528,-1,3825
104.039809,30.764334,-1,3826
103.974321,30.535339,-1,3827
103.874997,30.830592,-1,3828
103.972546,30.622837,-1,3829
103.614016,30.51973,-1,3830
104.087239,30.329963,-1,3831
104.412602,30.332145,-1,3832
104.076467,30.516753,-1,3833
104.180335,30.515762,-1,3834
104.053682,30.466318,78,3835
104.567383,30.371944,-1,3836
103.873314,30.828807,-1,3837
104.171355,30.63583,-1,3838
103.820587,30.451933,-1,3839
103.972558,30.457597,-1,3840
103.9726,30.998997,-1,3841
103.697461,30.398707,-1,3842
103.819332,30.633681,34,3843
103.701452,30.602668,83,3844
104.384333,30.914756,-1,3845
104.257568,30.810132,-1,3846
104.203583,30.725987,37,3847
104.152713,30.781615,70,3848
104.005736,30.514965,20,3849
103.948062,30.716883,-1,3850
104.120914,30.52211,-1,3851
104.093987,30.581029,14,3852
103.678296,31.030155,128,3853
103.586526,30.388392,-1,3854
103.713955,30.897755,-1,3855
103.660746,30.906589,-1,3856
104.108071,30.553383,-1,3857
104.139995,30.408737,-1,3858
103.859182,30.827288,211,3859
103.489771,30.184612,177,3860
104.058557,30.651109,-1,3861
104.196022,30.588569,-1,3862
104.130777,30.53356,-1,3863
103.598909,31.00328,-1,3864
104.214773,30.57732,-1,3865
103.912645,30.824763,24,3866
103.56285,29.86375,-1,3867
104.076223,30.789604,-1,3868
103.967497,30.648579,21,3869
104.051513,30.670902,-1,3870
104.530241,30.635767,-1,3871
104.068654,30.69337,79,3872
104.492477,30.32199,97,3873
103.811267,30.632237,34,3874
103.867381,30.535142,245,3875
103.914777,30.70877,-1,3876
103.917631,30.98934,-1,3877
103.792464,30.643387,-1,3878
103.985471,31.045909,-1,3879
103.540768,30.424628,-1,3880
104.10775,30.507616,-1,3881
102.728945,29.986703,-1,3882
103.967516,30.539156,-1,3883
103.938325,30.616239,88,3884
104.370462,30.95509,-1,3885
104.176195,30.778902,-1,3886
104.569413,30.371874,-1,3887
104.330974,30.64436,-1,3888
103.915024,30.70929,-1,3889
103.949164,30.934417,-1,3890
103.888305,30.556164,183,3891
104.073331,30.636809,-1,3892
104.029739,30.477592,-1,3893
103.93041,30.603074,-1,3894
104.046662,30.427197,50,3895
103.939978,30.614451,47,3896
104.177975,30.79688,-1,3897
103.468563,30.430604,-1,3898
103.875305,30.664516,-1,3899
104.140271,30.826825,-1,3900
104.615105,30.162824,-1,3901
104.102378,30.498001,155,3902
104.370489,30.289369,249,3903
104.254062,30.644248,-1,3904
104.041135,30.59353,107,3905
104.449805,30.283215,-1,3906
104.311933,30.846768,-1,3907
104.154776,30.719678,-1,3908
104.040553,30.531265,-1,3909
103.87062,30.760544,-1,3910
103.972131,30.544759,-1,3911
103.921799,30.750361,-1,3912
104.058522,30.487854,-1,3913
104.121024,30.785332,-1,3914
103.964669,30.637354,99,3915
104.213772,30.582748,6,3916
103.96956,30.366565,120,3917
104.294512,30.393387,-1,3918
104.172718,30.640491,-1,3919
104.066893,30.487005,-1,3920
104.327461,30.306098,163,3921
104.035774,30.355377,-1,3922
104.105149,30.448866,-1,3923
103.681767,30.596578,123,3924
103.881937,30.444468,-1,3925
104.108106,30.723837,-1,3926
104.512925,30.420367,76,3927
104.232056,30.790065,-1,3928
103.856189,30.785311,-1,3929
104.541511,30.718415,-1,3930
104.071324,30.725198,62,3931
104.070697,30.330856,-1,3932
103.880281,30.60422,233,3933
103.935283,30.905547,59,3934
104.338456,30.845394,-1,3935
103.812414,30.571527,-1,3936
104.165651,30.662197,-1,3937
103.969181,30.982328,64,3938
104.061443,30.419112,84,3939
103.694719,29.233552,-1,3940
104.162363,31.461404,-1,3941
104.422592,30.474277,164,3942
103.739433,31.012166,-1,3943
104.000838,30.590705,-1,3944
103.992877,30.747763,-1,3945
103.95246,30.795764,-1,3946
104.361787,30.434996,111,3947
103.988568,30.627686,140,3948
104.236221,30.646986,23,3949
103.85546,30.627778,-1,3950
104.022544,30.505252,-1,3951
103.909952,30.544387,240,3952
103.680949,30.803425,-1,3953
104.069976,30.689775,79,3954
103.804392,30.438901,-1,3955
104.103281,30.604836,-1,3956
104.267941,30.650318,152,3957
103.879746,30.404331,96,3958
104.123584,30.912446,-1,3959
103.814129,30.501791,-1,3960
104.2122,30.766882,-1,3961
103.942246,30.847725,-1,3962
103.839331,30.647649,-1,3963
104.32338,30.644926,80,3964
104.260499,29.943885,-1,3965
104.092484,30.524612,129,3966
103.782377,30.694459,-1,3967
104.066226,30.686019,-1,3968
104.028056,30.711094,-1,3969
103.797409,30.643778,180,3970
104.106341,30.45168,61,3971
103.933312,31.114172,-1,3972
103.871245,30.664839,-1,3973
104.039922,30.582612,-1,3974
103.923278,30.717234,132,3975
104.341987,31.150486,-1,3976
104.099869,30.498568,155,3977
103.912336,30.630919,1,3978
104.324012,30.295943,-1,3979
103.527606,31.415653,250,3980
103.958174,30.662135,187,3981
104.567215,30.371927,-1,3982
104.106873,30.770973,-1,3983
103.953947,30.662482,-1,3984
104.323282,30.645046,80,3985
103.920447,29.916552,-1,3986
103.914612,30.861688,-1,3987
103.759118,30.598376,-1,3988
103.465846,30.43819,225,3989
104.316647,30.951444,-1,3990
104.094307,30.647132,-1,3991
104.022666,30.429006,-1,3992
103.972114,30.991207,-1,3993
104.06619,31.258698,-1,3994
103.874248,30.417136,72,3995
104.509728,30.35298,151,3996
104.047031,30.42813,50,3997
104.081642,30.514676,-1,3998
104.096215,30.540273,-1,3999
103.914699,30.419241,-1,4000
104.082742,30.577567,-1,4001
104.540882,30.418605,-1,4002
104.080673,30.75895,-1,4003
104.081405,30.695165,-1,4004
104.567813,30.706983,-1,4005
103.904865,30.809471,82,4006
104.152774,30.725939,124,4007
104.016389,29.142103,-1,4008
104.014036,29.140457,-1,4009
103.348423,30.419082,-1,4010
103.870776,31.045279,-1,4011
104.680562,30.051238,-1,4012
104.483659,29.699465,-1,4013
104.089281,30.450733,-1,4014
103.701686,30.602334,83,4015
104.125705,30.598848,-1,4016
103.483939,30.060943,-1,4017
104.648806,31.445691,-1,4018
104.119557,30.724361,-1,4019
103.964579,30.636897,99,4020
103.607379,30.826419,-1,4021
104.219208,30.655349,-1,4022
103.926318,30.941852,-1,4023
103.901997,30.834204,52,4024
104.02526,30.526316,-1,4025
104.474729,30.418992,-1,4026
104.075312,30.515027,-1,4027
103.935884,30.730756,-1,4028
104.215542,30.649266,-1,4029
104.333896,30.644452,229,4030
103.813691,31.655577,-1,4031
104.177465,30.718712,9,4032
104.107086,30.394693,-1,4033
104.368162,30.289233,-1,4034
104.088897,30.735778,-1,4035
103.836558,30.426294,-1,4036
103.991346,31.100936,-1,4037
104.455485,30.486339,-1,4038
104.384936,30.747662,-1,4039
104.342704,31.057288,-1,4040
104.073153,30.414091,-1,4041
103.95675,30.939206,-1,4042
104.31301,30.632552,-1,4043
104.236149,30.64677,23,4044
104.150364,30.616179,74,4045
104.108157,30.772637,-1,4046
103.870531,30.772092,-1,4047
103.935347,30.905581,59,4048
104.254774,30.859161,0,4049
103.701452,30.60267,83,4050
103.997753,30.755171,-1,4051
104.203899,30.726028,37,4052
104.071864,30.416542,-1,4053
103.977473,30.688571,26,4054
103.463098,30.749379,-1,4055
103.870209,30.775392,-1,4056
103.9672,30.648314,21,4057
103.491652,30.721687,-1,4058
104.062365,30.421277,-1,4059
104.080005,30.508311,-1,4060
103.972683,30.661914,-1,4061
104.05601,30.848179,4,4062
103.921113,30.702876,-1,4063
103.966517,30.625985,-1,4064
104.090267,30.740942,244,4065
103.458973,30.428761,-1,4066
103.923072,30.396109,-1,4067
103.624334,30.925929,-1,4068
103.984667,30.65719,-1,4069
104.283414,30.675478,-1,4070
104.22232,30.638809,131,4071
104.168801,30.741464,91,4072
103.819475,30.665414,-1,4073
104.572222,30.686978,224,4074
104.072446,30.383651,-1,4075
103.87453,30.417285,72,4076
104.489279,30.493969,65,4077
103.460146,30.745901,13,4078
104.663067,31.091094,234,4079
103.946558,30.487888,-1,4080
104.04202,30.463186,-1,4081
104.319783,30.275864,45,4082
103.867005,30.535063,245,4083
103.897058,30.836349,54,4084
103.86711,30.53496,245,4085
104.245393,30.645416,42,4086
104.425391,30.699062,-1,4087
103.957908,30.620228,-1,4088
103.932802,30.863117,-1,4089
104.188052,30.793469,216,4090
103.681501,30.849045,-1,4091
104.267896,30.650833,152,4092
104.098637,30.222847,-1,4093
104.173267,30.484371,7,4094
103.770829,30.833411,-1,4095
104.593645,31.769096,-1,4096
103.94043,30.932238,-1,4097
104.053978,30.457399,-1,4098
104.090847,30.444395,-1,4099
104.161634,30.660982,-1,4100
103.248847,30.145569,-1,4101
104.134665,30.805902,127,4102
103.896,30.405801,-1,4103
103.939795,30.614441,47,4104
104.251984,30.870013,-1,4105
104.071956,30.695436,-1,4106
104.046422,30.550218,-1,4107
104.08392,30.417219,-1,4108
103.643319,30.469908,251,4109
103.897263,30.836196,54,4110
103.937806,30.619083,130,4111
104.18587,30.71967,166,4112
104.052438,30.246201,196,4113
104.167453,30.641569,-1,4114
104.215953,30.64769,-1,4115
104.309127,30.865215,11,4116
104.168726,30.741551,91,4117
104.417173,30.896862,-1,4118
103.915465,30.691183,-1,4119
103.923234,30.717338,132,4120
104.203802,30.725976,37,4121
104.125177,30.769408,44,4122
104.008727,30.590917,208,4123
104.213578,30.815997,-1,4124
103.888374,30.665829,-1,4125
104.106229,30.46598,-1,4126
104.118823,30.757426,53,4127
104.032788,30.636486,-1,4128
103.99085,30.673923,-1,4129
104.037864,30.225505,-1,4130
104.106795,30.755831,-1,4131
103.851044,30.820297,252,4132
104.578137,30.201831,-1,4133
104.594923,31.769862,-1,4134
103.918581,30.683431,19,4135
104.049445,30.943646,-1,4136
103.987735,30.596962,-1,4137
103.885383,31.028255,-1,4138
104.3265,30.860126,66,4139
103.477357,30.428662,-1,4140
104.347527,30.664053,-1,4141
104.242556,30.650869,60,4142
103.611345,30.393412,-1,4143
104.370615,30.289286,249,4144
103.866733,31.077585,-1,4145
103.943659,30.499164,-1,4146
104.021744,30.809049,-1,4147
103.499095,30.569184,112,4148
103.614246,30.964461,-1,4149
104.070484,30.749876,-1,4150
103.837341,30.358526,222,4151
104.172099,30.485692,7,4152
104.049242,30.54032,185,4153
104.006256,30.592137,29,4154
103.702017,30.852844,-1,4155
104.237881,30.652771,12,4156
104.665021,31.081454,-1,4157
104.152743,30.781671,70,4158
104.215053,30.582606,6,4159
103.98404,30.62628,-1,4160
103.912628,30.824783,24,4161
103.986682,29.133389,-1,4162
104.019994,29.139561,197,4163
104.436929,30.858937,-1,4164
104.310284,30.6333,-1,4165
104.804293,30.152626,25,4166
104.539142,31.859465,-1,4167
104.027636,30.628503,-1,4168
103.965871,31.410849,-1,4169
104.055575,30.457039,189,4170
104.402383,30.340752,-1,4171
103.849417,30.638543,-1,4172
104.212458,30.766951,-1,4173
104.29162,30.59304,-1,4174
104.079919,30.507805,-1,4175
103.830898,30.615643,-1,4176
104.118303,30.757028,53,4177
103.893089,30.433763,-1,4178
103.887983,30.660582,136,4179
104.328641,30.275067,-1,4180
103.874127,30.774221,-1,4181
103.843403,31.138298,-1,4182
104.036973,30.148428,-1,4183
103.881724,30.369238,-1,4184
103.623677,31.494371,-1,4185
104.472984,30.494051,-1,4186
104.068276,30.769389,-1,4187
103.693033,30.937251,-1,4188
104.111592,30.661735,-1,4189
104.226678,30.792628,159,4190
103.959784,30.93666,-1,4191
104.198825,30.582106,33,4192
104.492934,30.321964,97,4193
103.977836,30.688379,26,4194
104.255602,30.531306,108,4195
103.811504,30.630275,-1,4196
104.160919,30.737419,-1,4197
104.057125,30.384651,-1,4198
103.237193,30.379664,-1,4199
104.173323,30.662201,-1,4200
104.267889,30.650139,152,4201
103.96704,30.64834,21,4202
103.967842,30.648592,21,4203
103.805206,30.43131,-1,4204
104.373445,30.487426,-1,4205
103.914513,30.563987,-1,4206
104.097822,30.605598,-1,4207
104.011752,30.794837,-1,4208
104.115364,31.512534,-1,4209
103.925202,30.6951,-1,4210
104.415727,30.929747,-1,4211
103.916325,30.369397,179,4212
103.99817,30.428178,-1,4213
104.386269,30.349744,-1,4214
103.790675,30.666807,200,4215
103.970523,30.650233,93,4216
103.896054,30.554591,-1,4217
104.31379,30.231898,-1,4218
104.046551,30.544223,-1,4219
104.237544,30.72237,-1,4220
104.226049,30.791598,159,4221
103.966364,30.98087,-1,4222
104.114669,30.579463,51,4223
103.935579,30.782623,-1,4224
104.081711,30.456678,138,4225
104.102703,30.497045,155,4226
104.79759,30.155132,-1,4227
103.834865,30.77278,-1,4228
104.038834,30.360028,-1,4229
104.118591,30.756933,53,4230
103.459937,30.746887,13,4231
104.422602,30.474418,164,4232
104.397382,30.327755,-1,4233
104.065015,30.25066,-1,4234
104.509496,30.353341,151,4235
103.960455,30.152528,-1,4236
103.497547,30.546031,-1,4237
104.052406,30.245917,196,4238
104.13498,30.590304,205,4239
103.740946,30.395534,-1,4240
104.24322,30.649996,60,4241
104.105688,30.519601,-1,4242
104.327795,31.119776,-1,4243
103.917248,30.684384,19,4244
103.94223,30.847725,-1,4245
104.280955,30.699966,-1,4246
103.970756,30.650267,93,4247
104.169548,30.801276,-1,4248
104.086583,30.664263,-1,4249
103.674458,30.905778,192,4250
103.979492,30.549089,-1,4251
104.089975,30.741738,244,4252
103.889569,30.383735,-1,4253
103.452352,30.374674,247,4254
104.236109,30.646343,23,4255
103.85648,30.577723,-1,4256
103.953989,30.592071,-1,4257
104.317512,30.275974,45,4258
104.191904,30.660548,-1,4259
103.861245,30.803937,204,4260
103.933409,30.344909,-1,4261
104.057753,30.389833,-1,4262
103.754257,31.014789,-1,4263
104.061318,30.419226,84,4264
103.863055,30.775631,-1,4265
104.169006,30.741231,91,4266
103.967412,30.585862,-1,4267
104.202501,30.744694,-1,4268
104.072147,30.282812,-1,4269
104.489446,30.493953,65,4270
104.361586,30.43493,111,4271
104.075834,30.781154,-1,4272
104.323442,30.644911,80,4273
104.050828,30.478319,-1,4274
104.174595,30.715356,194,4275
103.856826,30.449549,-1,4276
103.963949,30.380527,-1,4277
104.487823,30.427341,213,4278
104.185886,30.720078,166,4279
103.992851,30.74607,156,4280
104.13963,30.612503,-1,4281
103.954032,30.651229,-1,4282
103.737556,30.993765,-1,4283
104.204599,30.650527,-1,4284
103.939105,30.610226,-1,4285
104.038135,30.446775,-1,4286
103.914318,30.675582,243,4287
104.32722,30.306181,163,4288
103.652932,30.920332,202,4289
104.218972,30.655352,-1,4290
104.601878,30.122853,-1,4291
104.127983,30.572446,-1,4292
104.068754,30.692515,79,4293
103.790621,30.41712,-1,4294
103.895149,30.478112,-1,4295
103.991007,30.46333,-1,4296
103.888417,30.556574,183,4297
103.958549,30.431604,-1,4298
103.948072,30.67295,-1,4299
104.105786,30.414154,-1,4300
103.547627,30.215183,-1,4301
104.50158,30.472545,-1,4302
103.902354,30.658385,28,4303
104.041407,30.59337,107,4304
104.584811,30.355124,-1,4305
104.220768,30.63892,131,4306
103.212078,30.369639,-1,4307
103.892324,30.512793,158,4308
103.875056,30.830602,-1,4309
104.04238,30.464196,-1,4310
104.25513,30.738099,-1,4311
104.463611,30.490652,-1,4312
104.101768,30.648295,-1,4313
104.548191,30.722679,-1,4314
103.906544,30.390731,-1,4315
104.186644,30.707726,184,4316
104.202597,31.188983,-1,4317
103.815458,30.645809,-1,4318
103.912645,30.824763,24,4319
104.164643,30.658817,15,4320
103.966019,30.614445,-1,4321
103.868829,30.77296,-1,4322
104.167289,30.642233,-1,4323
103.938459,30.616393,88,4324
104.398675,30.341849,-1,4325
104.517541,30.391195,-1,4326
104.134208,30.61682,-1,4327
103.850937,30.820449,252,4328
103.6493,29.679179,-1,4329
103.905305,30.237111,-1,4330
104.380198,30.743453,-1,4331
103.601291,31.008999,-1,4332
104.177431,30.818535,-1,4333
104.282977,29.622661,-1,4334
104.165993,30.71258,118,4335
104.405203,31.074648,-1,4336
104.106935,30.501461,-1,4337
103.894311,30.359644,-1,4338
104.094785,30.660201,-1,4339
103.949744,30.46686,-1,4340
104.112622,30.753202,121,4341
104.009177,30.763863,-1,4342
103.937628,30.614238,55,4343
103.964526,31.057513,-1,4344
104.276824,30.637474,-1,4345
104.567215,30.371927,-1,4346
104.161701,30.599629,103,4347
103.76301,30.416798,-1,4348
103.992158,30.488991,-1,4349
103.872761,30.779527,5,4350
104.33978,31.126054,-1,4351
104.04651,30.427763,50,4352
103.938308,30.635172,-1,4353
103.829735,30.622666,-1,4354
103.835205,30.6402,-1,4355
104.133973,30.734465,-1,4356
103.52927,30.377481,-1,4357
104.323503,30.645069,80,4358
104.057433,30.388603,-1,4359
103.58652,30.745788,-1,4360
104.29237,30.902369,-1,4361
103.959786,30.620801,-1,4362
104.361903,30.658136,-1,4363
104.297001,30.996087,-1,4364
104.496033,30.417899,-1,4365
103.974442,30.624737,182,4366
104.134188,30.662325,-1,4367
104.440573,29.83014,-1,4368
104.04295,30.290592,-1,4369
104.047662,30.569058,-1,4370
104.029236,31.288766,-1,4371
104.019993,30.57004,-1,4372
104.063881,30.409998,-1,4373
103.877138,30.562432,-1,4374
104.061614,30.432014,-1,4375
104.242972,30.64565,42,4376
104.512349,30.612709,-1,4377
104.198806,30.510414,63,4378
104.241351,30.598856,-1,4379
103.991553,30.475863,-1,4380
104.320473,30.278098,45,4381
104.22885,30.85398,215,4382
103.994331,30.740798,-1,4383
104.018859,30.487487,-1,4384
103.813723,30.406059,-1,4385
104.098585,30.885143,-1,4386
103.815656,30.426755,-1,4387
104.485748,30.444371,-1,4388
104.108246,30.500942,-1,4389
103.498561,30.56907,112,4390
104.153166,30.725973,124,4391
103.969335,30.366469,120,4392
103.86883,30.782415,254,4393
103.870778,30.760401,-1,4394
103.511499,30.204405,-1,4395
103.86699,30.534992,245,4396
104.012639,30.487816,-1,4397
104.254858,30.610543,-1,4398
104.23635,30.489364,-1,4399
103.92664,30.320921,-1,4400
104.287248,30.702029,-1,4401
104.085227,30.538724,-1,4402
104.086391,30.727802,-1,4403
104.089778,30.832019,-1,4404
104.623974,30.10168,-1,4405
104.042019,30.463811,-1,4406
103.940046,30.61435,47,4407
104.220768,30.63892,131,4408
103.896523,30.666223,36,4409
104.397897,30.823971,81,4410
104.07267,30.257144,-1,4411
104.165993,30.71258,118,4412
103.960428,30.654635,-1,4413
103.896361,30.666065,36,4414
104.990353,29.542048,218,4415
103.537567,30.562855,-1,4416
104.049552,30.468567,-1,4417
104.122207,30.539837,143,4418
104.107899,30.420625,-1,4419
103.512391,30.410545,-1,4420
103.86709,30.534973,245,4421
103.723855,30.405831,-1,4422
104.044676,30.444714,86,4423
104.750235,29.745877,-1,4424
104.188208,30.514618,-1,4425
104.144992,30.589343,-1,4426
104.335456,31.121309,-1,4427
103.789784,30.379891,-1,4428
104.107555,30.769344,-1,4429
103.914697,30.8617,-1,4430
103.969335,30.366469,120,4431
104.308777,30.865281,11,4432
104.462386,31.234167,-1,4433
104.088102,30.746469,-1,4434
104.061293,30.419122,84,4435
104.052542,30.246033,196,4436
103.971915,31.074164,-1,4437
104.242556,30.651035,60,4438
104.186487,30.553236,-1,4439
104.195383,30.58828,-1,4440
103.959712,30.615114,-1,4441
103.821876,30.45686,-1,4442
103.874522,30.485136,-1,4443
104.225185,30.638895,98,4444
103.61427,30.964326,-1,4445
104.203217,30.726038,37,4446
104.072023,30.294333,-1,4447
104.083078,30.758898,-1,4448
104.283436,30.936651,-1,4449
103.790337,29.635833,-1,4450
104.175353,30.664424,149,4451
103.818681,30.580961,-1,4452
104.146373,30.703194,-1,4453
103.880066,30.404316,96,4454
103.939391,30.4242,-1,4455
103.67364,30.904019,-1,4456
104.105871,30.507565,-1,4457
104.092916,29.067487,-1,4458
103.991492,30.467578,-1,4459
103.553216,30.221172,160,4460
104.071144,30.725211,62,4461
104.012295,30.467762,-1,4462
103.963212,30.448003,-1,4463
104.244198,30.578537,-1,4464
104.512033,30.421452,106,4465
104.043874,30.702633,-1,4466
104.064725,30.175761,-1,4467
104.040868,30.746714,-1,4468
103.9688,30.631806,-1,4469
103.706185,30.451549,-1,4470
104.462896,30.348044,-1,4471
103.701442,30.70689,-1,4472
104.492941,30.321776,97,4473
104.319751,30.276646,45,4474
103.96235,30.764567,-1,4475
104.019318,30.230066,-1,4476
103.850985,30.367911,-1,4477
104.183413,30.786469,-1,4478
103.498545,30.176185,-1,4479
103.451127,30.476714,-1,4480
104.508801,30.354199,151,4481
104.242811,30.650605,60,4482
104.552081,30.716201,231,4483
103.810187,30.63186,-1,4484
103.662848,30.971274,162,4485
104.320812,30.32767,-1,4486
104.007675,30.553988,-1,4487
103.668728,30.932593,-1,4488
104.164704,30.594405,-1,4489
102.089254,31.568775,-1,4490
104.075583,30.740251,-1,4491
103.877301,30.562463,-1,4492
104.342187,31.150103,-1,4493
103.926334,30.951213,-1,4494
104.973514,29.871121,122,4495
104.391024,30.282373,-1,4496
104.027058,30.481052,-1,4497
104.00803,30.71887,43,4498
103.946132,30.669084,-1,4499
104.162033,29.977882,-1,4500
103.473122,30.388217,-1,4501
104.231396,30.525821,-1,4502
103.822086,30.466095,-1,4503
103.6548,30.664467,-1,4504
104.087349,30.804339,-1,4505
104.062711,30.665297,-1,4506
104.354785,30.822462,-1,4507
104.162189,30.685553,-1,4508
104.312244,30.872163,-1,4509
103.818144,30.634103,34,4510
104.075485,30.770509,-1,4511
103.902178,30.658413,28,4512
103.655263,30.61278,-1,4513
104.040965,30.593496,107,4514
103.941456,30.919499,-1,4515
103.917086,30.386514,-1,4516
103.868774,30.782466,254,4517
103.560247,30.625269,-1,4518
104.462807,30.348133,-1,4519
104.31538,30.27677,45,4520
104.029788,30.607154,-1,4521
104.3235,30.644963,80,4522
103.888761,30.867388,-1,4523
104.151981,30.725203,124,4524
104.341987,31.150486,-1,4525
104.061908,30.241103,-1,4526
104.072541,30.34626,-1,4527
103.801985,30.455699,-1,4528
104.095744,30.562782,-1,4529
104.248931,30.772246,35,4530
103.95129,30.924981,-1,4531
103.50341,30.175003,-1,4532
103.912613,30.825266,24,4533
104.108632,30.507333,221,4534
104.444816,30.597935,-1,4535
104.573747,30.686594,-1,4536
104.763516,30.615588,-1,4537
104.117149,30.53761,-1,4538
103.243765,30.539062,-1,4539
104.193288,30.740532,-1,4540
103.465694,30.43804,225,4541
104.269295,30.643781,-1,4542
104.528134,30.639773,-1,4543
104.028038,30.472579,-1,4544
104.11248,30.752859,121,4545
104.28784,30.846171,-1,4546
104.077714,30.562475,-1,4547
104.37035,30.289136,249,4548
103.902211,30.691552,-1,4549
103.964616,30.636875,99,4550
103.892145,30.601576,-1,4551
103.697083,30.396144,-1,4552
104.108928,30.464009,-1,4553
103.883151,30.665949,139,4554
104.539094,31.859531,-1,4555
103.697227,30.396079,-1,4556
104.021194,31.305343,-1,4557
103.697043,30.396144,-1,4558
103.673913,30.731953,-1,4559
104.3699,30.492242,-1,4560
104.175225,30.715338,194,4561
103.991318,30.738772,242,4562
103.912675,30.978727,-1,4563
103.038912,30.399045,-1,4564
103.857778,31.065641,-1,4565
104.308457,30.865177,11,4566
104.244757,30.645507,42,4567
103.969616,30.470373,92,4568
104.272827,30.326258,-1,4569
104.121412,30.539638,143,4570
104.098613,30.518889,-1,4571
104.311852,30.298684,48,4572
103.878154,30.474098,-1,4573
103.3243,30.126369,-1,4574
104.085206,30.683467,40,4575
104.15505,30.729104,-1,4576
103.899133,30.72826,-1,4577
103.759305,31.197547,-1,4578
104.123051,30.679711,-1,4579
104.152638,30.584025,-1,4580
104.210847,30.856092,-1,4581
103.945333,30.847564,-1,4582
103.887599,30.448463,-1,4583
103.646743,30.925479,-1,4584
104.408698,30.344366,-1,4585
104.392931,30.283638,239,4586
104.530415,31.863562,-1,4587
104.049079,30.653398,-1,4588
104.489595,30.493772,65,4589
103.798655,30.637183,-1,4590
103.452152,30.374374,247,4591
104.175342,30.715358,194,4592
103.497084,30.547167,230,4593
104.526544,30.430961,-1,4594
104.09365,30.580917,14,4595
103.940457,30.616127,191,4596
104.568095,30.707076,-1,4597
103.969044,30.802135,-1,4598
103.970402,30.650047,93,4599
103.882127,30.58236,-1,4600
104.196509,30.589729,-1,4601
104.489598,30.493768,65,4602
104.070368,30.370242,-1,4603
104.400845,31.180755,-1,4604
104.38453,30.8573,-1,4605
104.417928,30.614093,-1,4606
102.071095,31.577728,-1,4607
103.783747,30.65344,-1,4608
103.971317,30.65039,93,4609
104.397148,30.997108,-1,4610
104.040798,30.664472,-1,4611
103.745799,31.106358,-1,4612
104.007354,30.513493,-1,4613
104.555899,30.353626,148,4614
104.391364,30.608884,-1,4615
104.590209,30.726207,-1,4616
103.829848,30.332729,-1,4617
103.960143,30.165911,-1,4618
104.027122,30.451737,-1,4619
104.04089,30.530777,-1,4620
104.010511,30.464144,-1,4621
103.93782,30.301116,-1,4622
104.057545,30.390078,-1,4623
103.508208,30.742532,-1,4624
104.227426,30.647561,-1,4625
104.171578,30.615103,27,4626
104.168929,30.741254,91,4627
104.057135,30.368124,-1,4628
104.081153,30.690593,-1,4629
104.007014,30.517593,-1,4630
104.144105,30.550775,-1,4631
104.40552,30.346232,-1,4632
104.195495,30.542876,-1,4633
104.450485,30.480698,22,4634
104.081521,30.503964,-1,4635
104.795898,30.143089,-1,4636
103.986308,30.215845,-1,4637
104.072008,30.433142,-1,4638
103.508881,30.562963,-1,4639
104.14158,30.950893,-1,4640
104.306465,30.864993,-1,4641
104.323219,30.342144,-1,4642
104.216373,31.43056,-1,4643
104.152607,30.634335,-1,4644
104.167453,30.641569,-1,4645
103.875235,30.466212,-1,4646
104.535751,30.352838,-1,4647
103.87296,30.779143,5,4648
104.870293,29.226523,-1,4649
103.865016,31.049427,-1,4650
104.146102,30.635797,-1,4651
103.981354,30.78536,117,4652
103.546701,30.595656,-1,4653
103.957133,30.723378,-1,4654
104.521501,30.429641,109,4655
103.533062,30.207318,-1,4656
103.95258,30.650446,-1,4657
104.096321,30.537987,169,4658
104.300084,30.390699,-1,4659
104.225254,30.707506,125,4660
104.07309,30.694307,-1,4661
104.118383,30.758995,-1,4662
103.920408,30.29939,-1,4663
103.999797,30.618067,-1,4664
104.504652,30.48834,-1,4665
103.759643,30.598534,-1,4666
104.087757,30.689055,-1,4667
103.91427,30.675581,243,4668
103.920585,30.792644,-1,4669
103.600989,31.064714,141,4670
104.330988,30.643986,-1,4671
104.161549,30.599664,103,4672
104.055203,30.383073,-1,4673
103.649295,30.95786,-1,4674
104.070073,30.767944,146,4675
104.145829,30.830969,-1,4676
103.823537,30.42249,-1,4677
104.237851,30.652898,12,4678
103.986901,30.597686,-1,4679
103.684746,30.871266,-1,4680
104.166619,30.735414,-1,4681
103.943481,30.525396,-1,4682
104.990091,29.542271,218,4683
104.188948,30.730831,-1,4684
104.064669,30.666378,-1,4685
103.847926,30.540308,-1,4686
104.08516,30.683575,40,4687
103.972785,30.621482,-1,4688
104.047681,30.427682,50,4689
104.113451,30.584297,-1,4690
103.782046,30.675573,-1,4691
104.35152,30.504165,-1,4692
103.97081,30.909761,-1,4693
104.130354,30.520084,-1,4694
104.155,30.719998,-1,4695
104.135561,30.604875,-1,4696
104.038006,30.660035,75,4697
103.920178,30.991214,-1,4698
103.720375,31.202203,-1,4699
104.216748,30.835036,-1,4700
104.099717,30.605661,-1,4701
104.071074,30.725231,62,4702
104.15276,30.781682,70,4703
104.013277,30.517673,-1,4704
104.197474,30.722635,-1,4705
104.106437,30.76543,-1,4706
104.342704,31.057288,-1,4707
104.228614,30.8537,215,4708
104.176993,30.950747,-1,4709
103.875451,30.484917,-1,4710
104.08767,30.66361,-1,4711
104.349996,30.555425,-1,4712
104.749944,29.746227,-1,4713
103.885965,31.028227,-1,4714
104.114153,30.750325,69,4715
104.015949,30.477944,-1,4716
104.20922,30.606347,-1,4717
104.088786,30.54752,-1,4718
104.386716,30.291926,-1,4719
104.294512,30.393387,-1,4720
104.166654,30.636566,190,4721
104.578565,30.116661,-1,4722
103.846448,30.371019,-1,4723
104.078414,30.444958,-1,4724
104.389695,30.296724,-1,4725
103.088549,29.973599,-1,4726
104.39205,30.299057,134,4727
104.010623,30.741511,-1,4728
103.720494,31.102696,-1,4729
103.904065,30.676167,-1,4730
104.053325,30.773667,-1,4731
104.060132,30.44219,-1,4732
104.051868,30.540457,246,4733
103.997473,30.427327,-1,4734
103.46004,30.746803,13,4735
104.410558,30.623368,-1,4736
104.116026,30.584195,89,4737
104.064686,30.633142,38,4738
104.044444,30.445222,86,4739
104.315701,30.276615,45,4740
103.935267,30.905331,59,4741
104.150333,30.616402,74,4742
103.909547,30.544135,240,4743
104.11191,30.518312,-1,4744
103.097579,30.082252,-1,4745
104.198058,30.581923,33,4746
104.251724,30.664643,-1,4747
104.52262,30.663031,173,4748
103.815863,30.642475,-1,4749
103.798954,29.772046,157,4750
104.201012,30.733817,100,4751
103.871116,30.414773,-1,4752
104.111829,30.479771,-1,4753
104.22467,30.804634,-1,4754
104.292689,30.849547,178,4755
104.174816,30.66113,-1,4756
104.2319,30.639572,-1,4757
103.999875,30.483522,-1,4758
104.102489,30.537373,-1,4759
103.558145,30.752688,-1,4760
104.164505,30.617231,-1,4761
103.958938,30.612559,-1,4762
104.102135,30.497977,155,4763
104.133526,30.774372,-1,4764
103.914274,30.675535,243,4765
103.712326,30.523215,-1,4766
104.31546,30.276576,45,4767
104.09224,30.444597,-1,4768
104.098436,30.459184,77,4769
103.837442,30.357854,222,4770
103.965308,30.738455,-1,4771
104.592426,30.019054,253,4772
104.069689,30.534068,-1,4773
104.086896,30.758525,167,4774
103.988237,30.681595,-1,4775
103.646986,30.935324,-1,4776
103.876897,30.635286,-1,4777
104.222676,30.796081,-1,4778
104.105733,30.451332,61,4779
104.292729,30.849781,178,4780
104.114315,30.765271,-1,4781
104.235814,30.646322,23,4782
103.903885,30.772463,-1,4783
104.460667,30.473707,-1,4784
103.868647,30.782219,254,4785
103.981038,30.467051,-1,4786
103.533124,30.572487,-1,4787
103.759013,30.353441,-1,4788
104.065248,30.179287,267,4789
104.199326,31.580225,-1,4790
104.250505,30.745161,-1,4791
103.790973,30.604205,-1,4792
104.003861,30.74794,-1,4793
103.661038,30.961235,144,4794
104.422764,30.882352,-1,4795
103.532338,31.404761,262,4796
104.056303,30.763276,142,4797
103.862973,30.556205,-1,4798
103.924573,30.949804,153,4799
104.000683,30.762901,198,4800
104.054406,30.849321,-1,4801
103.966299,30.979536,-1,4802
103.875371,30.719642,-1,4803
104.147978,30.583162,-1,4804
104.0705,30.724668,62,4805
104.0885,30.760061,167,4806
103.504352,30.572821,237,4807
103.792365,30.187282,-1,4808
104.281,30.699989,-1,4809
104.391024,30.282373,-1,4810
103.977374,30.65824,-1,4811
104.239653,31.023386,-1,4812
104.521349,30.429776,109,4813
104.175131,30.719001,-1,4814
104.413109,30.902517,-1,4815
104.106266,30.464061,-1,4816
104.068797,30.692398,79,4817
104.145026,30.589103,-1,4818
103.718734,30.593716,-1,4819
104.042838,30.521984,-1,4820
104.700653,31.003264,-1,4821
104.445458,30.597912,-1,4822
104.023378,30.543585,-1,4823
103.905374,30.744087,-1,4824
104.065248,30.179487,267,4825
103.999713,30.628803,-1,4826
104.072121,30.445241,-1,4827
103.938408,30.817212,-1,4828
104.053785,30.466311,78,4829
103.885035,30.665436,-1,4830
104.077957,30.547821,-1,4831
104.284414,30.646455,-1,4832
103.69459,30.420557,-1,4833
104.220349,30.573855,-1,4834
104.186673,30.553344,-1,4835
103.549193,30.743794,-1,4836
104.323433,30.645058,80,4837
104.056483,30.660124,-1,4838
103.862095,30.711274,10,4839
104.105897,30.855306,-1,4840
104.293467,30.850498,178,4841
103.701636,30.602351,83,4842
103.908839,30.543271,176,4843
103.720627,31.020173,-1,4844
104.39756,30.824085,81,4845
103.642829,30.943391,172,4846
104.235869,30.646323,23,4847
103.997932,30.563497,-1,4848
104.106504,30.530886,-1,4849
103.831026,30.337067,-1,4850
103.681807,30.596708,123,4851
104.326736,30.860259,66,4852
104.053033,30.455934,-1,4853
104.763134,30.563953,-1,4854
104.149273,30.622504,-1,4855
103.960839,30.629214,-1,4856
104.420201,30.308625,-1,4857
103.918697,30.23085,-1,4858
104.076357,30.782221,-1,4859
104.155007,30.729068,-1,4860
103.733788,30.596241,-1,4861
104.569437,30.37204,-1,4862
103.969473,30.981994,64,4863
104.117425,30.537728,-1,4864
103.83594,30.320866,-1,4865
103.936165,30.905348,59,4866
103.826608,30.422905,-1,4867
104.059118,30.63561,-1,4868
104.238184,30.53358,-1,4869
104.125404,30.769371,44,4870
103.981372,30.785695,117,4871
104.047771,30.541093,185,4872
103.870722,30.702079,2,4873
103.978147,30.602176,-1,4874
103.468559,30.434432,-1,4875
104.126171,30.933708,-1,4876
104.00395,30.606441,-1,4877
103.661043,30.960854,144,4878
103.862212,30.710737,10,4879
103.816623,30.641273,-1,4880
104.210811,30.607756,30,4881
104.174726,30.715389,194,4882
104.071741,30.24886,-1,4883
103.811806,30.405774,-1,4884
104.243255,30.350081,-1,4885
104.106851,30.754833,-1,4886
103.902522,30.658405,28,4887
104.198474,30.582023,33,4888
103.61984,29.713613,-1,4889
104.011436,30.482894,-1,4890
104.242785,30.651605,60,4891
103.897344,30.836513,54,4892
104.392931,30.283456,239,4893
103.685828,30.45981,-1,4894
103.585005,30.48726,-1,4895
104.099835,31.288713,-1,4896
104.008783,30.59067,208,4897
104.368114,30.295293,-1,4898
103.553232,30.221138,160,4899
104.112199,30.513094,-1,4900
104.070484,30.749876,-1,4901
104.098407,30.53932,-1,4902
104.11033,30.568264,-1,4903
104.092683,30.581732,14,4904
104.014676,30.560246,-1,4905
104.242855,30.650599,60,4906
103.918462,30.4159,-1,4907
104.318883,30.276227,45,4908
103.859201,30.714413,-1,4909
103.452799,30.374575,247,4910
104.119078,30.639216,-1,4911
104.307305,30.307461,-1,4912
104.270576,30.647934,-1,4913
103.817004,30.95789,-1,4914
104.039151,30.225541,-1,4915
103.968008,30.625889,-1,4916
104.005313,30.520476,-1,4917
103.844818,30.680353,-1,4918
103.940722,30.614153,47,4919
104.318583,30.86098,8,4920
104.255796,30.57793,-1,4921
103.958125,30.61212,-1,4922
103.270207,30.19321,-1,4923
104.102872,30.533105,87,4924
103.978911,30.467515,-1,4925
104.031844,30.461237,-1,4926
103.882877,30.666009,139,4927
104.361806,30.435124,111,4928
104.11324,30.508071,-1,4929
104.583262,30.339704,-1,4930
103.917102,30.386484,-1,4931
103.945585,30.923658,-1,4932
104.044803,30.527372,-1,4933
104.309135,30.865081,11,4934
103.868803,30.70786,-1,4935
103.895855,30.842068,-1,4936
104.260404,30.872099,-1,4937
104.370919,30.954925,-1,4938
104.437291,30.977252,-1,4939
104.13977,30.609485,-1,4940
104.428067,30.899757,-1,4941
103.770638,30.398326,-1,4942
103.958259,30.662208,187,4943
104.112505,30.752869,121,4944
104.443409,30.84285,-1,4945
104.368022,30.548721,-1,4946
104.318724,30.27526,45,4947
103.509412,30.562457,256,4948
104.195401,31.677514,-1,4949
104.302518,30.84269,-1,4950
104.067205,30.69269,79,4951
104.07789,30.79477,57,4952
103.969089,30.469594,92,4953
104.18411,30.531238,-1,4954
104.183274,30.717374,168,4955
103.912071,30.630924,1,4956
103.917169,30.676283,-1,4957
104.294036,30.850867,178,4958
104.237629,30.721741,-1,4959
104.319473,30.880441,-1,4960
104.014276,30.766743,-1,4961
104.321423,30.303483,-1,4962
104.48899,30.46163,-1,4963
104.071585,30.688574,79,4964
104.15004,30.577731,-1,4965
104.279957,30.727733,-1,4966
104.107409,30.512674,-1,4967
104.973755,29.871238,122,4968
103.662776,30.971081,162,4969
103.850972,30.820067,252,4970
104.080667,30.515638,-1,4971
103.977984,30.199874,212,4972
103.675749,30.905145,192,4973
103.962025,30.787715,-1,4974
103.969395,30.366621,120,4975
104.363607,30.431848,-1,4976
104.39056,30.299956,-1,4977
103.861212,30.446007,116,4978
104.18587,30.71967,166,4979
104.647871,29.518139,-1,4980
103.894199,30.438957,-1,4981
103.881125,30.823527,-1,4982
103.952285,30.427922,-1,4983
104.537076,30.352985,-1,4984
103.881662,30.367041,-1,4985
103.958879,30.63538,-1,4986
104.440502,30.714821,-1,4987
103.826179,30.799416,-1,4988
104.078393,30.684099,226,4989
103.937769,30.927173,-1,4990
103.788328,30.603204,-1,4991
104.005568,30.514655,20,4992
103.712326,30.523215,-1,4993
104.19869,30.591842,-1,4994
103.854092,30.353576,-1,4995
104.021255,30.523508,-1,4996
104.11174,30.524451,-1,4997
104.00638,30.592145,29,4998
104.168984,30.740942,91,4999
103.456403,30.431626,-1,5000
103.908775,30.553756,-1,5001
104.08798,30.746024,-1,5002
104.073519,30.646337,-1,5003
104.099362,30.426965,-1,5004
104.804103,30.152158,25,5005
103.221081,30.380173,-1,5006
104.243164,30.651296,60,5007
103.936179,30.905064,59,5008
103.861048,30.685739,-1,5009
103.968475,30.468934,92,5010
104.051544,30.47681,90,5011
103.95203,30.800067,-1,5012
104.003021,30.59066,-1,5013
103.724742,30.578404,195,5014
104.018808,31.297263,-1,5015
104.059184,30.442922,-1,5016
104.193569,31.615769,-1,5017
104.187957,30.506942,-1,5018
103.654806,30.927025,259,5019
104.794103,29.730006,-1,5020
104.103321,30.53263,87,5021
104.015513,30.556308,-1,5022
103.780845,29.443769,-1,5023
103.980416,30.624325,-1,5024
104.592298,30.019318,253,5025
103.850028,30.207975,-1,5026
103.690046,31.045981,-1,5027
104.296095,30.993817,170,5028
103.970414,30.650361,93,5029
103.902735,30.72458,-1,5030
104.053299,30.458787,-1,5031
104.173123,30.484804,7,5032
103.923234,30.717312,132,5033
103.798339,29.435873,-1,5034
103.949689,30.501656,-1,5035
104.551432,30.684269,-1,5036
103.506849,30.744428,-1,5037
104.182291,30.700102,-1,5038
104.170849,30.615229,27,5039
104.226018,30.52499,181,5040
103.946932,30.665828,-1,5041
104.022772,30.819474,-1,5042
104.489062,30.461611,-1,5043
104.571827,30.708581,-1,5044
104.223584,30.710591,-1,5045
103.985471,31.045909,-1,5046
104.160845,30.715981,-1,5047
103.845392,30.43186,-1,5048
103.938205,30.616223,88,5049
104.210401,30.675905,-1,5050
103.923287,30.260155,-1,5051
104.081114,30.56312,-1,5052
104.046098,30.550867,-1,5053
104.210693,30.607361,30,5054
104.063902,30.724668,-1,5055
104.224957,30.638746,98,5056
104.415546,30.992416,-1,5057
103.905493,30.719335,-1,5058
104.246877,30.708849,-1,5059
103.460081,30.746925,13,5060
104.226147,30.643872,-1,5061
104.636063,30.927652,-1,5062
104.248493,30.581192,-1,5063
104.267249,30.870518,-1,5064
104.05951,30.416203,49,5065
104.223703,30.88517,-1,5066
103.493104,30.537657,-1,5067
104.37803,30.455588,-1,5068
104.320961,30.28613,-1,5069
104.268839,30.578059,220,5070
104.179088,30.783296,119,5071
103.533414,30.696243,-1,5072
104.071271,30.685805,-1,5073
104.185686,30.718686,166,5074
104.20221,30.726106,37,5075
103.917138,30.684184,19,5076
103.924984,30.514651,-1,5077
104.47054,30.598741,-1,5078
103.835921,30.346099,-1,5079
104.07108,30.725237,62,5080
103.713809,30.526308,-1,5081
104.462719,31.057261,-1,5082
104.583006,30.340104,-1,5083
103.54642,29.939397,-1,5084
103.977803,30.688724,26,5085
104.028486,30.337783,-1,5086
104.080704,30.513574,260,5087
104.354676,30.993039,-1,5088
104.534842,30.429318,-1,5089
103.745815,31.106343,-1,5090
104.164595,30.658048,15,5091
103.993374,30.488749,-1,5092
104.105961,30.718248,-1,5093
103.974464,30.737858,-1,5094
104.033923,30.32268,-1,5095
104.079025,30.365309,-1,5096
104.006296,30.522777,-1,5097
103.876787,30.174173,-1,5098
104.115364,31.512534,-1,5099
103.873611,30.776525,-1,5100
103.484234,30.162509,-1,5101
104.199919,31.632108,-1,5102
104.35248,30.504615,-1,5103
103.793794,30.42671,-1,5104
104.283535,30.581175,-1,5105
104.175624,30.700188,-1,5106
103.99091,30.427779,-1,5107
104.003151,30.790617,-1,5108
104.017804,30.448924,-1,5109
103.509543,30.564851,-1,5110
103.825105,30.447153,-1,5111
104.075231,30.626095,-1,5112
103.9218,30.803782,-1,5113
104.225164,30.638885,98,5114
104.193882,30.773651,-1,5115
104.120237,30.55166,-1,5116
104.028687,31.325335,-1,5117
103.498772,30.541514,-1,5118
104.099598,30.467136,17,5119
104.24358,30.650067,60,5120
103.936778,30.613236,55,5121
104.19483,30.820718,-1,5122
103.876562,30.609652,-1,5123
103.666888,30.932233,-1,5124
103.916405,30.369297,179,5125
104.9061,30.162257,-1,5126
103.885875,30.165133,-1,5127
104.221201,30.639222,131,5128
103.906358,30.542724,-1,5129
104.319005,30.275545,45,5130
104.202554,31.188927,-1,5131
104.105669,30.450998,61,5132
104.169006,30.741231,91,5133
103.945249,30.55527,-1,5134
104.165449,30.658883,15,5135
104.115515,30.756137,-1,5136
104.129302,30.402189,-1,5137
103.89731,30.836524,54,5138
104.203303,30.726241,37,5139
104.366054,30.304265,94,5140
103.458287,30.988191,-1,5141
104.442371,30.358719,-1,5142
104.366487,30.306666,-1,5143
103.856751,30.442175,214,5144
103.875194,30.484469,-1,5145
104.102246,30.520854,-1,5146
103.995292,30.61265,203,5147
104.465419,30.866535,-1,5148
104.340246,30.460049,-1,5149
104.522833,30.430022,109,5150
104.115403,30.452546,-1,5151
104.415295,30.932949,-1,5152
104.073893,30.471403,-1,5153
104.505883,30.501172,-1,5154
103.960192,30.437807,174,5155
104.05484,30.458196,-1,5156
103.661259,30.961287,144,5157
104.584726,30.355151,-1,5158
104.198477,30.728911,-1,5159
104.101072,30.71248,-1,5160
103.632419,30.735118,-1,5161
104.462719,31.057261,-1,5162
104.004004,30.7192,-1,5163
104.37586,30.917548,-1,5164
104.221189,30.638612,131,5165
104.050023,30.420301,-1,5166
104.092809,30.565181,-1,5167
103.994857,30.491399,-1,5168
103.700114,29.208041,-1,5169
103.779429,30.606679,-1,5170
104.100932,30.438846,-1,5171
103.886853,30.820267,188,5172
103.913572,30.993858,-1,5173
103.948184,30.554115,-1,5174
103.856937,30.62777,-1,5175
104.293355,30.850332,178,5176
104.161732,30.681565,-1,5177
104.083867,30.656606,-1,5178
104.339942,30.321707,-1,5179
104.279553,30.643923,-1,5180
104.489917,30.493902,65,5181
104.199254,31.580309,-1,5182
104.055703,30.457133,189,5183
104.195002,31.677798,-1,5184
103.98262,30.600336,-1,5185
102.062577,31.516927,-1,5186
103.918081,30.811981,-1,5187
104.011609,30.590969,-1,5188
104.327982,30.305983,163,5189
103.737756,30.547219,-1,5190
103.894518,30.410859,-1,5191
103.678056,31.029842,128,5192
103.472234,31.27823,-1,5193
103.970066,30.470142,92,5194
103.800896,31.031607,-1,5195
104.084339,30.647269,-1,5196
103.697524,30.398612,-1,5197
104.544541,30.70848,-1,5198
103.602776,30.827928,-1,5199
104.405348,30.872524,-1,5200
103.862443,30.594695,-1,5201
104.333762,30.644408,229,5202
104.010547,30.517221,-1,5203
103.661621,30.960901,144,5204
103.913659,30.477214,-1,5205
104.333706,30.644265,229,5206
103.924641,30.949776,153,5207
104.201949,30.726115,37,5208
103.490393,30.754059,-1,5209
104.087922,30.748962,266,5210
104.081235,30.699869,-1,5211
103.679102,30.346105,-1,5212
104.354527,30.435949,71,5213
103.525873,30.006952,-1,5214
104.063883,30.685862,-1,5215
104.117149,30.53761,-1,5216
103.50812,29.49272,-1,5217
103.712551,30.52312,-1,5218
104.205847,30.620343,-1,5219
104.090482,30.435103,-1,5220
104.042057,30.239211,-1,5221
104.487823,30.427341,213,5222
104.170567,30.477564,-1,5223
104.220023,31.56813,-1,5224
104.058071,30.387395,-1,5225
104.254032,30.858938,0,5226
103.817722,30.634104,34,5227
104.362318,30.30616,-1,5228
104.023914,30.593328,-1,5229
104.201126,30.733666,100,5230
104.898941,30.168807,-1,5231
103.877331,30.572595,-1,5232
104.222534,30.675019,238,5233
104.198686,30.582045,33,5234
103.936331,30.613906,55,5235
104.187078,30.590212,-1,5236
103.974838,30.195854,-1,5237
103.49686,30.547137,230,5238
104.254797,30.859113,0,5239
104.242752,30.649978,60,5240
104.114217,30.457698,-1,5241
104.532979,30.664181,-1,5242
103.943607,30.336271,-1,5243
104.002581,30.127213,257,5244
103.91424,30.675467,243,5245
103.837603,31.148239,-1,5246
103.762648,31.196584,-1,5247
103.936806,30.614105,55,5248
104.098694,30.713824,-1,5249
103.671695,30.430438,-1,5250
103.914683,30.861655,-1,5251
103.147253,30.461352,-1,5252
104.226449,30.793164,159,5253
104.363988,30.360502,-1,5254
103.953402,30.487989,-1,5255
104.226703,30.792518,159,5256
103.969192,30.464889,-1,5257
104.508375,30.354499,151,5258
103.816619,30.908042,-1,5259
104.136984,30.474636,-1,5260
104.418247,30.925143,-1,5261
103.902178,30.658413,28,5262
104.382959,30.33132,-1,5263
104.056597,30.367457,-1,5264
104.449181,30.480669,22,5265
104.973361,29.870887,122,5266
103.903402,30.539976,-1,5267
103.854765,30.632885,-1,5268
104.547187,29.504587,-1,5269
103.49553,30.573312,-1,5270
104.393139,30.283624,239,5271
104.272442,30.627305,-1,5272
104.072501,30.371224,-1,5273
104.33371,30.30981,-1,5274
103.676795,30.60617,-1,5275
104.327232,30.306403,163,5276
104.044728,30.941052,-1,5277
103.995089,30.480382,-1,5278
104.054437,30.65443,-1,5279
103.449449,30.466749,113,5280
104.024769,30.450097,-1,5281
104.110274,30.386358,-1,5282
103.972663,30.579283,-1,5283
103.937415,30.61933,130,5284
103.875393,30.479884,-1,5285
103.796954,30.64677,235,5286
104.245248,30.553383,171,5287
104.093204,30.856437,-1,5288
104.268723,31.015549,-1,5289
104.37035,30.289136,249,5290
104.327108,30.308495,163,5291
103.892141,30.51167,-1,5292
104.018224,30.44222,-1,5293
104.328417,30.34507,-1,5294
104.040717,30.667471,-1,5295
104.572137,30.68697,224,5296
104.298473,30.390583,-1,5297
103.797313,30.64354,180,5298
104.16436,30.658722,15,5299
103.978,30.199792,212,5300
104.091344,30.427692,-1,5301
103.547827,30.215251,-1,5302
104.165867,30.712486,118,5303
104.97365,29.871105,122,5304
104.469475,30.84795,255,5305
104.54579,29.506837,-1,5306
104.218943,30.78075,-1,5307
104.465244,31.044287,-1,5308
104.222114,30.908735,-1,5309
104.148991,30.814597,-1,5310
103.617073,30.976287,-1,5311
103.887185,30.528804,137,5312
104.236864,30.59664,-1,5313
103.449665,30.467049,113,5314
104.804221,30.15301,25,5315
104.346709,30.663402,-1,5316
103.701636,30.602351,83,5317
104.09588,30.540587,-1,5318
104.203317,30.725851,37,5319
104.079232,30.565111,223,5320
104.26595,30.98133,-1,5321
104.102584,30.861463,-1,5322
104.006953,30.592738,29,5323
103.237193,30.379664,-1,5324
104.091713,30.484715,-1,5325
104.312478,30.298385,48,5326
104.014699,30.517416,-1,5327
104.058928,30.634966,-1,5328
103.901564,30.634186,-1,5329
104.215018,30.583261,6,5330
103.49956,30.569266,112,5331
103.978345,30.68719,-1,5332
104.326411,30.860094,66,5333
104.271443,30.647822,-1,5334
103.796822,30.643485,180,5335
104.177764,29.978721,-1,5336
104.181134,30.534759,-1,5337
103.896215,30.374513,-1,5338
104.236035,30.646869,23,5339
103.661434,30.979851,-1,5340
104.30874,30.8655,11,5341
104.184089,30.717088,168,5342
104.17921,30.536027,-1,5343
103.993256,30.923828,-1,5344
104.669415,29.503954,135,5345
103.996029,30.681987,-1,5346
103.936045,30.731888,-1,5347
104.424156,30.392666,-1,5348
103.998909,30.442418,-1,5349
104.044312,30.446996,86,5350
104.140855,30.817206,-1,5351
104.071315,30.689006,79,5352
103.113356,30.096814,-1,5353
104.139535,30.674753,-1,5354
104.130015,30.684004,-1,5355
104.006425,30.592306,29,5356
103.87226,30.664803,-1,5357
104.244291,31.50359,-1,5358
104.213878,30.651539,16,5359
104.0036,30.483042,-1,5360
103.937972,30.61929,130,5361
104.488695,30.462165,-1,5362
104.051013,30.664014,67,5363
103.945971,30.944121,-1,5364
103.892224,30.579432,-1,5365
104.32338,30.341428,-1,5366
103.923279,30.275071,-1,5367
104.237948,31.505124,-1,5368
104.243917,30.812167,-1,5369
104.623702,30.10168,-1,5370
103.869085,30.781248,254,5371
104.080195,30.515727,-1,5372
104.334948,30.64364,229,5373
104.093558,30.58136,14,5374
103.968119,30.31866,-1,5375
104.368114,30.295293,-1,5376
103.97382,31.032166,-1,5377
104.157345,30.64821,-1,5378
103.600021,31.06533,141,5379
103.598448,30.750802,-1,5380
104.099767,30.499164,155,5381
104.000295,30.520406,264,5382
104.081639,30.52328,-1,5383
103.541539,30.663552,-1,5384
104.018678,30.705503,-1,5385
104.025086,30.644531,-1,5386
103.935516,30.905613,59,5387
103.496287,30.548419,-1,5388
104.39299,31.165878,-1,5389
104.164381,30.701086,-1,5390
103.884246,30.164207,-1,5391
103.689781,31.045791,-1,5392
103.851699,30.707285,-1,5393
103.90577,30.060926,-1,5394
104.070833,30.690248,79,5395
104.510079,30.687714,-1,5396
103.936397,30.905751,59,5397
103.912943,30.824603,24,5398
104.181989,30.717564,-1,5399
103.712122,30.58442,-1,5400
103.923085,30.716982,132,5401
104.015096,30.4483,-1,5402
103.943283,30.525215,-1,5403
104.070974,30.725134,62,5404
104.152743,30.781671,70,5405
103.533293,30.207302,-1,5406
104.102801,30.500544,-1,5407
104.669615,29.504088,135,5408
104.355835,30.994392,-1,5409
103.73908,30.952361,-1,5410
104.139532,30.64753,-1,5411
103.877453,30.491581,-1,5412
103.909503,30.544737,240,5413
104.547187,29.504587,-1,5414
104.314598,30.710093,-1,5415
104.107971,30.937657,-1,5416
103.504064,30.573637,237,5417
104.086315,30.456497,-1,5418
103.797588,30.347503,-1,5419
103.816651,30.35158,-1,5420
104.35651,30.435256,-1,5421
103.509776,30.562306,256,5422
103.974805,30.497454,-1,5423
103.978258,30.602271,-1,5424
104.552081,30.716201,231,5425
103.861349,30.878963,-1,5426
104.176801,30.771163,-1,5427
103.96054,30.437764,174,5428
104.253648,30.870513,-1,5429
104.169501,30.532174,-1,5430
104.337018,30.77187,-1,5431
104.204695,30.730712,210,5432
104.908039,30.160205,-1,5433
104.031912,30.944897,-1,5434
104.706562,30.085915,-1,5435
103.800416,30.830781,-1,5436
103.97654,30.644351,-1,5437
103.917344,30.683835,19,5438
104.39756,30.824085,81,5439
104.20961,30.606631,30,5440
104.203209,30.726044,37,5441
103.525076,31.400807,-1,5442
104.047434,30.599043,-1,5443
103.465439,30.437852,225,5444
103.761639,30.399353,-1,5445
103.990804,30.739471,242,5446
104.539712,30.722064,-1,5447
103.839199,29.975149,-1,5448
103.913572,30.993858,-1,5449
103.938132,30.577135,-1,5450
103.527435,31.41556,250,5451
103.525873,30.006952,-1,5452
104.22532,30.707764,125,5453
103.909751,30.400175,-1,5454
103.97204,30.626463,-1,5455
104.397355,30.824182,81,5456
103.689925,31.022369,-1,5457
103.680994,30.902528,-1,5458
104.165549,30.65873,15,5459
104.222489,30.710026,-1,5460
104.242392,30.642406,-1,5461
104.183074,30.710379,39,5462
103.896193,30.666213,36,5463
104.115298,30.579516,51,5464
104.040994,30.593418,107,5465
104.804325,30.152492,25,5466
104.247502,29.016399,-1,5467
103.923291,30.717206,132,5468
104.322285,30.860786,-1,5469
104.15847,30.600423,-1,5470
104.163876,30.658967,15,5471
103.948967,30.553259,-1,5472
103.892899,30.513862,158,5473
104.037272,30.659498,75,5474
104.09386,30.595322,-1,5475
103.664813,30.340688,-1,5476
103.908619,30.7883,-1,5477
104.253367,30.839345,-1,5478
104.054029,30.458805,-1,5479
104.081209,30.693025,-1,5480
103.998719,30.756343,-1,5481
104.235334,30.646116,23,5482
104.198686,30.582045,33,5483
104.353441,30.995964,115,5484
104.449399,30.480984,22,5485
104.001061,30.455477,-1,5486
103.541415,30.745742,-1,5487
103.965281,30.571673,-1,5488
103.816491,30.633769,34,5489
103.932926,30.882626,-1,5490
104.075541,30.238738,-1,5491
104.166566,30.474934,-1,5492
103.795194,30.441397,-1,5493
104.218309,30.5739,-1,5494
103.877331,30.572595,-1,5495
103.724299,30.559571,-1,5496
104.243937,30.645551,42,5497
103.988281,30.822683,-1,5498
104.042887,30.448169,-1,5499
103.984394,30.655198,-1,5500
103.95675,30.939206,-1,5501
104.221263,30.638936,131,5502
103.970611,30.649906,93,5503
104.267941,30.650318,152,5504
103.701636,30.602351,83,5505
104.15026,30.615998,74,5506
104.161017,30.643487,227,5507
103.643806,30.470097,251,5508
104.125558,30.769441,44,5509
103.468757,30.755306,-1,5510
104.247422,29.016681,-1,5511
103.801169,31.166732,-1,5512
103.791341,30.685124,-1,5513
104.222489,30.710026,-1,5514
103.812798,30.632624,34,5515
104.355407,30.843272,-1,5516
104.039512,30.225792,-1,5517
103.125357,30.973328,-1,5518
103.560839,30.748971,-1,5519
103.674642,30.905348,192,5520
104.081241,30.51711,-1,5521
104.118359,30.757194,53,5522
104.597259,30.348149,-1,5523
104.198834,30.739503,-1,5524
104.751052,29.744608,-1,5525
104.116412,30.586169,-1,5526
104.23519,30.646805,23,5527
104.238298,30.652671,12,5528
103.91266,30.824736,24,5529
103.987139,31.09245,-1,5530
103.901727,30.393532,-1,5531
103.958102,30.662743,187,5532
104.236028,30.646593,23,5533
103.747595,30.697297,-1,5534
104.247124,30.284441,-1,5535
104.283488,30.821733,-1,5536
104.552551,30.684185,-1,5537
103.963064,30.655492,-1,5538
103.696491,30.582542,-1,5539
103.613866,30.959931,-1,5540
103.533349,30.693797,217,5541
103.79276,30.461016,-1,5542
104.40552,30.346232,-1,5543
104.20348,30.726293,37,5544
104.128073,30.572869,-1,5545
104.236377,30.64657,23,5546
104.250432,30.807705,-1,5547
104.093454,30.44196,-1,5548
104.486151,30.491812,-1,5549
104.087415,30.759324,167,5550
104.24284,30.650184,60,5551
103.90544,30.396161,-1,5552
104.225801,30.790648,159,5553
104.041374,30.593379,107,5554
104.108121,30.564311,-1,5555
104.235358,30.646754,23,5556
103.886591,30.528348,137,5557
103.908097,31.033321,-1,5558
103.969653,30.982064,64,5559
103.778759,30.440014,-1,5560
103.952412,30.796106,-1,5561
103.796861,30.646745,235,5562
104.102148,30.497036,155,5563
104.026227,30.859315,-1,5564
104.154267,30.719884,-1,5565
103.862204,30.712139,10,5566
104.223761,30.566615,18,5567
104.468726,30.848041,255,5568
104.034564,30.710547,-1,5569
104.017144,30.652077,-1,5570
103.969977,30.665688,-1,5571
104.070499,30.387261,-1,5572
104.207712,30.756665,-1,5573
104.089058,30.192947,-1,5574
103.79897,29.772046,157,5575
104.100173,30.459413,77,5576
104.487826,30.493215,65,5577
104.072694,30.667511,-1,5578
104.48943,30.493953,65,5579
104.033027,31.285498,-1,5580
104.006263,30.522504,-1,5581
103.524293,30.395612,-1,5582
104.415158,30.243772,-1,5583
104.082374,31.287541,-1,5584
104.034783,30.795124,-1,5585
104.362075,30.603999,-1,5586
103.8995,31.007604,-1,5587
104.111932,30.521241,-1,5588
104.537261,30.365936,201,5589
103.805444,30.649191,-1,5590
104.131888,30.67651,-1,5591
104.474238,30.344815,-1,5592
104.037867,30.658939,75,5593
104.006515,30.453319,-1,5594
103.855963,30.626434,-1,5595
104.082149,30.453564,-1,5596
103.997672,30.757533,-1,5597
104.617335,30.681085,-1,5598
104.080167,30.686863,-1,5599
103.964463,30.637085,99,5600
104.086593,30.723845,-1,5601
104.093182,30.581238,14,5602
104.318452,30.272043,-1,5603
104.311788,30.298818,48,5604
104.152713,30.781615,70,5605
103.905297,30.810288,82,5606
103.940561,30.614053,47,5607
103.938588,30.61622,88,5608
104.510941,30.352602,151,5609
103.496194,30.175187,-1,5610
103.411124,30.76502,-1,5611
104.405203,31.074648,-1,5612
104.428182,31.14986,-1,5613
103.954389,30.501411,-1,5614
103.975643,30.686408,-1,5615
104.440502,30.714821,-1,5616
104.084218,30.460752,-1,5617
103.648474,29.679109,-1,5618
103.831876,30.509652,-1,5619
104.430094,30.500886,-1,5620
104.008357,30.744035,-1,5621
104.17707,30.718786,9,5622
103.967638,30.185748,-1,5623
104.277501,30.63984,-1,5624
103.96041,30.615198,-1,5625
104.175378,30.664564,149,5626
104.210873,30.60818,30,5627
104.383648,31.175392,-1,5628
103.739094,30.951847,-1,5629
103.800405,30.830797,-1,5630
103.96752,30.585973,-1,5631
104.40552,30.346232,-1,5632
104.247813,30.712486,-1,5633
104.387178,30.302574,-1,5634
104.020869,29.139624,197,5635
104.287614,30.681029,-1,5636
102.9899,30.027248,-1,5637
103.942295,30.847759,-1,5638
104.021729,30.66265,-1,5639
103.643806,30.470097,251,5640
104.308777,30.865281,11,5641
103.473168,30.3883,-1,5642
103.797009,30.646604,235,5643
104.936708,30.282194,-1,5644
103.940193,30.999106,-1,5645
104.082175,30.580983,-1,5646
103.974474,30.624147,182,5647
104.076006,30.23907,-1,5648
103.991185,30.759155,-1,5649
104.098564,30.459008,77,5650
103.966236,31.00546,-1,5651
104.153514,30.725939,124,5652
104.644806,31.449538,-1,5653
104.057085,30.768272,-1,5654
104.148362,30.519886,-1,5655
104.004592,30.592837,-1,5656
103.796713,31.034352,-1,5657
103.969539,30.981796,64,5658
104.547427,30.691266,-1,5659
104.64542,30.675546,-1,5660
103.917173,30.683773,19,5661
104.198362,30.581923,33,5662
103.96135,30.644929,-1,5663
103.907258,30.845054,-1,5664
103.861349,30.878947,-1,5665
103.675428,30.90585,192,5666
104.445142,29.609263,-1,5667
104.177689,30.718928,9,5668
104.014917,30.616988,-1,5669
104.071898,30.301389,-1,5670
104.17762,29.978787,-1,5671
103.888103,30.661198,136,5672
104.11976,30.110691,-1,5673
103.794595,29.439985,-1,5674
104.354064,30.43565,71,5675
104.181744,30.808992,-1,5676
104.501335,30.484756,-1,5677
104.1123,30.505155,-1,5678
104.119062,30.639345,-1,5679
104.181309,30.703921,-1,5680
104.078723,30.836762,-1,5681
103.533032,30.694528,217,5682
103.92668,30.946991,-1,5683
104.087684,30.747815,266,5684
103.890434,30.555808,-1,5685
104.111893,30.518706,-1,5686
103.953207,30.655571,-1,5687
104.248934,30.277809,-1,5688
104.299698,30.992634,-1,5689
103.936797,30.614362,55,5690
104.17744,30.718818,9,5691
103.959947,30.517406,-1,5692
103.876846,30.63537,-1,5693
103.655091,30.554013,-1,5694
103.964423,30.637171,99,5695
103.597839,30.985484,-1,5696
104.112923,30.578923,51,5697
104.130354,30.520084,-1,5698
103.965587,30.456559,-1,5699
103.917132,30.683805,19,5700
103.887225,30.528609,137,5701
104.700621,31.003248,-1,5702
104.556427,30.372579,-1,5703
103.883719,30.422044,-1,5704
104.079967,30.68734,-1,5705
103.937225,30.61381,55,5706
103.096946,30.064252,-1,5707
104.204591,30.731128,210,5708
104.393139,30.283624,239,5709
104.566169,30.371551,-1,5710
104.064325,30.432632,-1,5711
104.147681,30.709674,-1,5712
104.057378,30.48502,-1,5713
104.236074,30.646523,23,5714
104.044065,30.445567,86,5715
104.058534,30.633678,-1,5716
103.918116,30.684127,19,5717
103.959759,30.796022,-1,5718
103.963861,30.637971,99,5719
104.107565,30.447197,-1,5720
104.101129,30.381386,-1,5721
104.084554,30.456001,228,5722
103.600989,31.064714,141,5723
103.90209,30.658429,28,5724
104.006256,30.592137,29,5725
103.724741,30.578405,195,5726
103.780127,30.75434,-1,5727
104.286925,30.82986,-1,5728
104.224267,31.011407,-1,5729
103.935171,30.905597,59,5730
104.088408,30.739801,-1,5731
104.185948,30.440213,-1,5732
104.202753,30.725866,37,5733
104.029138,30.479593,-1,5734
103.932081,30.606761,-1,5735
103.817722,30.634104,34,5736
103.739589,31.092063,-1,5737
104.118773,30.727079,-1,5738
104.534919,30.654113,-1,5739
103.478912,31.263222,-1,5740
104.22885,30.85398,215,5741
103.945809,30.635835,-1,5742
104.03464,30.858598,-1,5743
104.328719,30.278705,-1,5744
103.8116,30.632294,34,5745
104.242486,30.651246,60,5746
104.081711,30.456678,138,5747
103.642869,30.942396,172,5748
103.879332,30.163274,-1,5749
104.125999,30.894223,-1,5750
103.971372,30.650362,93,5751
104.793622,30.142857,-1,5752
103.097146,30.064404,-1,5753
103.967553,30.655398,-1,5754
104.025202,30.594424,-1,5755
104.386866,30.864726,-1,5756
104.04088,30.118439,-1,5757
103.647414,31.021315,-1,5758
103.994739,30.688532,-1,5759
104.364845,30.839722,-1,5760
104.204591,30.731128,210,5761
103.896747,30.666601,36,5762
104.099622,30.498331,155,5763
103.847774,30.540527,-1,5764
104.198966,30.510454,63,5765
104.188874,30.792803,216,5766
104.072681,30.268106,-1,5767
103.535718,30.742455,-1,5768
104.068756,30.692426,79,5769
103.905465,30.81044,82,5770
104.361255,30.546593,-1,5771
104.223659,30.853786,-1,5772
104.050828,30.476297,90,5773
103.985471,31.045909,-1,5774
104.1776,30.718882,9,5775
103.697364,30.407419,-1,5776
103.828927,30.624799,-1,5777
103.886753,30.528337,137,5778
104.846201,29.748987,-1,5779
104.106215,30.587326,209,5780
103.936401,30.613772,55,5781
104.203774,30.726045,37,5782
104.24262,30.650418,60,5783
104.203574,30.726004,37,5784
102.69514,29.972376,-1,5785
104.177382,30.718586,9,5786
104.511416,30.359428,-1,5787
104.335403,30.328881,-1,5788
103.77351,30.703609,-1,5789
103.736106,30.402307,-1,5790
104.199054,30.672033,-1,5791
103.863516,30.556422,-1,5792
103.712326,30.523215,-1,5793
104.043319,30.599806,-1,5794
104.167249,30.6856,-1,5795
104.202115,30.72602,37,5796
104.120023,30.772731,161,5797
103.944534,30.469187,-1,5798
104.04756,30.428954,50,5799
104.109274,30.392286,-1,5800
102.645675,30.933778,-1,5801
104.226324,30.52502,181,5802
103.917591,30.98932,-1,5803
103.898748,30.536792,-1,5804
104.131089,30.573202,-1,5805
103.965274,30.636967,99,5806
104.044444,30.445222,86,5807
104.190041,30.731692,-1,5808
104.492853,30.321952,97,5809
103.967248,30.644895,-1,5810
104.107015,30.491297,145,5811
104.086307,30.758424,167,5812
102.952367,29.974964,-1,5813
104.083137,30.455643,138,5814
104.044385,30.444832,86,5815
103.96518,30.818666,-1,5816
104.1118,30.510502,-1,5817
104.318378,29.711327,-1,5818
104.037665,30.360629,-1,5819
103.795533,29.434754,-1,5820
104.256362,30.333462,-1,5821
104.327163,30.306658,163,5822
104.092229,30.524162,129,5823
104.198528,30.739479,-1,5824
104.281389,30.674543,-1,5825
103.96952,30.982267,64,5826
104.177604,30.71887,9,5827
104.858335,29.740299,-1,5828
103.477248,30.422198,-1,5829
104.378349,30.282963,-1,5830
104.408275,30.872261,-1,5831
103.818723,30.46591,-1,5832
104.081913,30.563091,-1,5833
103.888256,30.556096,183,5834
103.489803,30.184644,177,5835
104.002768,30.695455,-1,5836
103.971341,30.650474,93,5837
104.359886,30.596359,-1,5838
104.299222,30.390506,-1,5839
104.234838,30.645938,23,5840
104.529201,30.664262,-1,5841
104.047356,30.428088,50,5842
103.93411,30.708755,-1,5843
104.422872,30.474251,164,5844
103.914482,30.675459,243,5845
104.444017,30.598025,-1,5846
104.064838,30.632524,38,5847
104.099895,30.45955,77,5848
103.87092,30.701764,2,5849
104.198215,30.582029,33,5850
103.96036,30.16888,-1,5851
104.018616,30.813306,-1,5852
103.942239,30.279631,-1,5853
104.144596,30.557186,-1,5854
104.112073,30.753142,121,5855
104.164821,30.658674,15,5856
104.207678,31.187344,-1,5857
103.823453,30.506007,-1,5858
104.489638,30.493838,65,5859
104.112016,30.753084,121,5860
104.221231,30.638343,131,5861
104.328698,30.345755,-1,5862
103.914318,30.675582,243,5863
104.183212,30.710753,39,5864
103.780887,30.60067,-1,5865
103.720462,31.103169,-1,5866
104.40559,30.627244,-1,5867
104.040411,30.223931,-1,5868
104.462745,30.347965,-1,5869
104.23037,30.647757,-1,5870
103.968953,30.63159,-1,5871
104.392322,30.28729,104,5872
104.203303,30.726235,37,5873
104.056212,30.428153,-1,5874
103.798602,29.772062,157,5875
104.152726,30.782146,70,5876
103.952678,30.650105,-1,5877
103.513405,30.397328,-1,5878
103.681898,31.032869,-1,5879
104.310261,30.633233,-1,5880
104.154426,30.602026,-1,5881
104.242811,30.650605,60,5882
104.069642,30.663409,-1,5883
104.318532,30.276326,45,5884
103.623639,30.519697,-1,5885
104.07196,30.256485,-1,5886
104.22137,30.63916,131,5887
104.040218,30.664368,-1,5888
104.094668,30.442215,-1,5889
103.8127,30.571318,-1,5890
104.372141,30.864323,-1,5891
103.681074,30.948146,-1,5892
104.12578,30.598799,-1,5893
103.965747,30.637388,99,5894
104.235741,30.646354,23,5895
104.087229,30.804379,-1,5896
103.640152,30.465992,193,5897
104.201422,30.739511,-1,5898
104.182047,30.533559,-1,5899
103.972691,30.622392,-1,5900
104.021079,29.139504,197,5901
104.482072,30.458665,-1,5902
103.795934,31.238995,-1,5903
104.011452,30.482582,-1,5904
103.467966,30.754572,-1,5905
103.951834,30.592559,-1,5906
104.304597,30.70694,-1,5907
104.115421,30.609058,-1,5908
103.851405,31.059348,-1,5909
103.807185,29.678117,-1,5910
104.240614,30.959736,-1,5911
103.998049,30.759546,-1,5912
104.121001,30.501037,3,5913
104.102648,30.53329,87,5914
104.007581,30.554239,-1,5915
104.109657,30.562382,-1,5916
104.165951,30.712453,118,5917
104.545804,30.722844,-1,5918
104.081579,30.526957,-1,5919
103.543939,30.209557,-1,5920
103.735299,30.960718,-1,5921
104.265657,30.85717,-1,5922
103.982203,30.453589,105,5923
104.135022,30.59032,205,5924
103.947518,30.554076,-1,5925
104.273105,30.681189,-1,5926
104.258288,30.093696,-1,5927
104.316792,30.276309,45,5928
104.080616,30.816938,-1,5929
103.619783,31.492083,-1,5930
104.075013,30.734029,-1,5931
104.106263,30.587365,209,5932
104.315695,30.301967,165,5933
104.221466,30.544475,-1,5934
104.052905,30.472586,58,5935
103.959112,30.649243,-1,5936
104.285458,30.646363,-1,5937
104.326282,30.286282,-1,5938
104.148762,30.709043,-1,5939
103.963147,30.448035,-1,5940
103.399234,29.923389,-1,5941
104.093459,30.577191,-1,5942
104.153487,30.513306,-1,5943
103.872241,30.771271,-1,5944
102.961937,30.187727,-1,5945
104.191306,31.033068,-1,5946
103.504354,30.5727,237,5947
104.221175,30.834977,-1,5948
103.50432,30.572824,237,5949
103.701452,30.602674,83,5950
103.486358,30.407977,-1,5951
104.169947,30.528022,-1,5952
104.308412,30.865264,11,5953
104.099488,30.45922,77,5954
103.856722,30.442234,214,5955
103.924601,30.474755,-1,5956
103.859243,30.827647,211,5957
103.811542,30.405734,-1,5958
103.841168,30.810098,-1,5959
103.935579,30.905543,59,5960
103.740198,30.545117,-1,5961
103.897263,30.836196,54,5962
104.060458,31.245348,110,5963
104.175677,30.715322,194,5964
103.940059,30.852793,-1,5965
104.178949,30.783532,119,5966
103.647435,30.951473,-1,5967
104.877298,30.28592,-1,5968
104.175614,30.7881,-1,5969
103.922649,30.279186,-1,5970
104.185334,30.685791,-1,5971
104.576441,30.71788,-1,5972
103.964904,30.624597,-1,5973
104.071301,30.725235,62,5974
104.364796,30.839933,-1,5975
104.308457,30.865177,11,5976
103.697526,31.025783,-1,5977
104.407259,30.897463,-1,5978
104.099272,30.569794,-1,5979
104.277202,30.736094,-1,5980
103.465437,30.437693,225,5981
104.184089,30.717088,168,5982
103.559958,30.54878,241,5983
103.922525,30.86726,-1,5984
104.349718,31.127821,-1,5985
104.166036,30.712384,118,5986
104.222724,30.647657,-1,5987
103.829157,30.396472,-1,5988
104.08159,30.524055,-1,5989
103.863137,30.710445,10,5990
103.940177,30.998978,-1,5991
103.987518,30.720239,-1,5992
104.106537,30.722184,-1,5993
103.980945,30.566455,-1,5994
104.234942,30.646104,23,5995
103.935331,30.905581,59,5996
103.986628,30.777685,-1,5997
104.473934,30.485762,-1,5998
103.69581,30.407861,-1,5999
104.281476,30.828738,-1,6000
104.080234,30.836051,-1,6001
103.941247,30.919414,-1,6002
103.867152,30.535026,245,6003
104.081127,30.700054,-1,6004
104.174399,30.556082,-1,6005
104.172883,30.485086,7,6006
104.060427,30.526773,-1,6007
104.103312,30.532735,87,6008
104.680574,30.051106,-1,6009
103.452763,30.473862,-1,6010
103.916728,30.683784,19,6011
104.097169,30.758897,-1,6012
104.1279,30.572522,-1,6013
103.832632,30.465699,-1,6014
103.980311,30.468618,-1,6015
103.790563,30.666825,200,6016
103.887217,30.528567,137,6017
104.052568,30.473621,58,6018
104.261054,30.871699,-1,6019
104.048804,30.245121,-1,6020
104.232328,30.709692,-1,6021
104.001019,30.59102,-1,6022
104.12548,30.37332,-1,6023
104.529645,31.387105,-1,6024
104.092988,30.586274,-1,6025
103.701493,30.602345,83,6026
104.22636,30.791675,159,6027
104.531987,30.647752,-1,6028
103.938047,30.822899,-1,6029
104.143638,30.614459,-1,6030
103.410323,30.749336,-1,6031
104.463671,31.04344,-1,6032
103.737738,30.511005,-1,6033
104.18767,30.793487,216,6034
104.020277,30.241094,-1,6035
103.960126,30.155661,-1,6036
103.865108,30.788535,-1,6037
103.884748,30.368767,-1,6038
103.793509,31.172876,-1,6039
104.099551,30.467194,17,6040
104.385305,30.285983,-1,6041
104.513228,30.420003,76,6042
104.973602,29.871171,122,6043
103.818169,30.636409,-1,6044
103.971513,30.469858,92,6045
104.113205,30.754974,-1,6046
104.196125,30.738095,-1,6047
104.543612,30.693867,-1,6048
104.530945,30.683618,-1,6049
104.222489,30.710026,-1,6050
104.149932,30.577751,-1,6051
104.428972,30.346581,-1,6052
103.964526,31.057513,-1,6053
104.198103,30.582005,33,6054
103.975549,30.496092,-1,6055
103.498395,30.569082,112,6056
103.964526,31.057513,-1,6057
103.896844,30.53098,-1,6058
104.238644,30.804496,-1,6059
104.528486,31.864076,-1,6060
104.877394,30.28556,-1,6061
103.948014,30.327296,-1,6062
103.981071,30.635668,-1,6063
104.062347,30.438165,-1,6064
103.984623,30.622799,-1,6065
104.111905,30.527179,-1,6066
103.91905,30.634462,-1,6067
103.929599,30.699706,-1,6068
104.072001,30.287503,-1,6069
104.311933,30.846768,-1,6070
104.282505,30.651175,-1,6071
104.072,30.386763,-1,6072
104.187213,30.590596,-1,6073
103.973907,30.579036,-1,6074
103.824599,30.640544,-1,6075
103.855088,30.717153,-1,6076
103.684746,30.871266,-1,6077
104.238031,30.652604,12,6078
104.448296,30.472568,-1,6079
103.661356,30.961355,144,6080
103.861295,30.445586,116,6081
103.555872,30.534638,-1,6082
104.390388,31.063222,-1,6083
104.092865,30.524189,129,6084
103.884729,30.388494,41,6085
103.956485,30.348799,-1,6086
104.567805,30.706963,-1,6087
103.813691,31.655578,-1,6088
103.909663,30.733298,-1,6089
103.945157,30.585384,-1,6090
104.361586,30.43493,111,6091
104.369882,30.288306,249,6092
103.891476,30.409769,-1,6093
103.818235,30.608837,-1,6094
104.090956,30.55979,-1,6095
103.859464,30.827338,211,6096
104.105843,30.39416,-1,6097
104.200979,30.733754,100,6098
103.940112,30.99894,-1,6099
104.20106,30.718159,-1,6100
104.111575,30.750692,-1,6101
103.883237,30.666001,139,6102
103.943027,30.3371,-1,6103
103.472794,30.758324,-1,6104
104.735656,30.648617,-1,6105
104.179569,30.796437,-1,6106
104.389467,30.635856,-1,6107
104.130143,30.796067,-1,6108
104.254888,30.859191,0,6109
104.379306,30.292286,-1,6110
103.854965,30.631096,-1,6111
104.202928,30.726035,37,6112
103.888622,30.479356,-1,6113
104.18587,30.71967,166,6114
103.982083,30.41061,-1,6115
104.02755,30.516931,-1,6116
104.375528,30.951495,-1,6117
103.999797,30.618109,-1,6118
104.52353,30.477897,-1,6119
103.681501,30.849045,-1,6120
104.008063,30.718663,43,6121
103.856345,30.629193,-1,6122
103.863593,30.804217,-1,6123
104.112467,30.752911,121,6124
104.125999,30.894223,-1,6125
103.713374,30.822652,-1,6126
104.304413,30.646038,-1,6127
103.953079,30.465533,-1,6128
103.682703,31.013186,-1,6129
104.219316,30.898614,-1,6130
104.179498,30.725751,-1,6131
103.832178,30.390604,-1,6132
104.242502,30.650188,60,6133
104.044345,30.446996,86,6134
104.078984,30.51588,-1,6135
104.234958,30.64582,23,6136
104.170859,30.614966,27,6137
104.150181,30.725502,-1,6138
103.46248,30.36784,-1,6139
103.9122,30.713782,-1,6140
103.798954,29.772012,157,6141
104.135002,30.805985,127,6142
104.412602,30.332145,-1,6143
103.991751,30.615205,-1,6144
103.709691,30.395085,-1,6145
103.836037,30.346259,-1,6146
103.962963,30.448078,-1,6147
104.623718,30.101712,-1,6148
104.440573,29.83014,-1,6149
104.118607,30.75756,53,6150
104.089667,30.541792,-1,6151
104.41546,30.992549,-1,6152
103.890459,30.431629,-1,6153
103.964712,30.636859,99,6154
103.388567,31.06069,-1,6155
104.450381,30.600598,-1,6156
103.908775,30.543287,176,6157
104.237405,30.653022,12,6158
104.513042,30.420096,76,6159
104.27293,30.628145,-1,6160
104.130473,30.757312,-1,6161
104.36326,30.532691,-1,6162
104.099663,30.520652,-1,6163
104.453441,30.491095,-1,6164
104.030896,30.7193,-1,6165
103.940457,30.573019,-1,6166
104.078261,30.581921,-1,6167
104.06337,30.652776,-1,6168
103.958123,30.662655,187,6169
104.481257,30.491299,-1,6170
103.496087,30.546548,230,6171
103.859132,30.348665,-1,6172
103.501972,30.572032,-1,6173
103.995207,30.612649,203,6174
104.173724,30.521971,-1,6175
103.147253,30.461352,-1,6176
103.892767,30.551279,-1,6177
104.161308,30.890876,-1,6178
103.689797,31.045757,-1,6179
104.247831,30.346212,-1,6180
104.174736,30.715354,194,6181
103.559938,30.548824,241,6182
103.528511,30.730467,-1,6183
104.243513,30.650176,60,6184
103.937948,30.61924,130,6185
104.262478,30.861826,-1,6186
104.522921,30.436039,-1,6187
104.061206,30.41922,84,6188
103.917222,30.397718,73,6189
104.040566,30.666312,-1,6190
104.214333,30.587202,-1,6191
104.131458,30.618312,-1,6192
104.593317,31.293479,-1,6193
104.059216,30.426909,-1,6194
103.720879,31.102385,-1,6195
104.291821,30.967263,-1,6196
103.917961,30.811937,-1,6197
104.564174,30.387808,-1,6198
103.613144,30.519692,-1,6199
104.180197,30.619531,175,6200
104.044176,30.445562,86,6201
104.487619,30.493058,65,6202
104.353403,30.996024,115,6203
104.764004,30.17532,-1,6204
104.535743,30.352694,-1,6205
104.294023,30.572351,-1,6206
103.898372,30.772747,-1,6207
103.877173,30.415716,-1,6208
104.074523,30.648543,-1,6209
103.936108,30.905228,59,6210
103.958609,30.154509,-1,6211
103.465437,30.437693,225,6212
103.924663,30.800808,-1,6213
103.642775,30.942388,172,6214
104.33134,30.644339,-1,6215
104.080079,30.687326,-1,6216
103.522148,30.796669,-1,6217
103.952308,30.999199,-1,6218
104.060567,31.24561,110,6219
103.724166,30.396598,-1,6220
104.204695,30.730894,210,6221
104.105347,30.539647,-1,6222
103.800348,30.830844,-1,6223
103.944028,30.629902,-1,6224
104.785597,29.795979,-1,6225
104.121957,30.759242,-1,6226
103.794377,30.937842,-1,6227
103.860027,30.214997,-1,6228
104.228747,30.692346,-1,6229
103.682036,30.301837,-1,6230
104.97365,29.871105,122,6231
103.982908,30.453477,105,6232
104.106319,30.740407,102,6233
103.981908,30.636975,-1,6234
104.036771,30.236723,-1,6235
104.005955,30.731927,-1,6236
103.952308,30.999199,-1,6237
103.661044,30.980572,-1,6238
104.038176,30.659096,75,6239
104.125393,30.769463,44,6240
104.254956,30.579523,-1,6241
103.886509,30.426249,-1,6242
104.33317,30.83582,-1,6243
103.810156,30.460604,-1,6244
103.859793,30.345877,-1,6245
104.069644,30.690388,79,6246
104.138428,30.638174,-1,6247
104.063351,30.692523,-1,6248
104.180529,30.485207,-1,6249
104.18638,30.553036,-1,6250
104.335947,30.712887,-1,6251
104.228601,30.853625,215,6252
104.064824,30.37507,-1,6253
103.944331,30.698336,-1,6254
104.794115,30.148642,-1,6255
103.884748,30.368767,-1,6256
104.242803,30.645716,42,6257
103.906847,30.634356,-1,6258
104.050644,30.541577,246,6259
103.736221,30.394169,-1,6260
103.972472,30.6234,-1,6261
103.662871,30.972113,162,6262
104.081959,30.646129,85,6263
104.079708,30.705826,-1,6264
103.90265,30.658477,28,6265
103.818348,30.634138,34,6266
104.088047,30.746578,-1,6267
103.909544,30.544145,240,6268
103.6769,30.606118,-1,6269
104.363347,30.35905,-1,6270
104.037869,30.535542,-1,6271
104.143345,30.668123,-1,6272
104.150768,30.582245,-1,6273
103.76706,30.007255,-1,6274
103.92599,30.804573,-1,6275
103.971341,30.650474,93,6276
103.692362,30.42078,-1,6277
103.97559,30.197076,-1,6278
104.308689,31.007038,-1,6279
104.099437,30.610633,-1,6280
104.050854,30.476221,90,6281
104.086535,30.758854,167,6282
104.517447,30.39186,-1,6283
104.077767,30.794648,57,6284
103.911992,30.630891,1,6285
104.161216,30.659514,-1,6286
103.883793,30.665992,139,6287
104.07754,30.794963,57,6288
103.557877,30.744988,-1,6289
104.061346,30.419099,84,6290
103.895689,31.012906,-1,6291
104.234886,30.551667,-1,6292
103.724742,30.578404,195,6293
103.681599,30.408719,-1,6294
104.147283,30.7063,-1,6295
104.55165,30.735494,-1,6296
103.877331,30.572595,-1,6297
104.181814,30.724182,-1,6298
103.761852,30.900171,-1,6299
104.008642,30.480973,-1,6300
103.853818,30.891878,-1,6301
104.115432,30.580149,51,6302
104.057974,30.714378,-1,6303
104.05005,30.476741,90,6304
104.242868,30.650887,60,6305
104.301828,31.004983,-1,6306
104.572237,30.686856,224,6307
104.268837,30.644089,-1,6308
104.007553,30.55406,-1,6309
104.489595,30.493772,65,6310
103.907722,30.69996,-1,6311
103.86133,30.803505,204,6312
103.531005,31.410159,133,6313
104.449181,30.480669,22,6314
103.811267,30.632237,34,6315
103.701738,30.602329,83,6316
104.106681,30.740575,102,6317
103.932392,30.807628,-1,6318
103.681303,30.611806,-1,6319
103.599844,30.646954,-1,6320
104.133413,30.670887,-1,6321
103.968475,30.468934,92,6322
103.869243,30.869179,-1,6323
104.37802,30.455452,-1,6324
104.203569,30.726048,37,6325
103.831,30.862966,-1,6326
104.196048,30.527744,-1,6327
103.963528,30.934695,-1,6328
104.049987,30.852331,-1,6329
103.974593,30.475666,-1,6330
103.977812,30.688468,26,6331
104.237851,30.652898,12,6332
104.298172,30.390297,-1,6333
104.070561,30.696466,-1,6334
104.072164,30.34306,-1,6335
103.816986,30.633843,34,6336
104.511982,30.421585,106,6337
104.487839,30.427375,213,6338
103.638152,30.586293,-1,6339
103.962481,30.059348,-1,6340
103.817004,30.95789,-1,6341
103.700219,30.309787,-1,6342
103.933342,30.472885,-1,6343
103.813485,30.632795,34,6344
104.572546,30.338881,-1,6345
103.608282,30.970867,-1,6346
103.533641,30.524622,-1,6347
104.492881,30.32193,97,6348
104.228715,30.69223,-1,6349
104.203706,30.740719,-1,6350
104.027679,30.450882,-1,6351
104.237881,30.652771,12,6352
104.413538,30.483075,-1,6353
104.555196,30.352626,148,6354
103.873705,30.417269,72,6355
104.973755,29.871238,122,6356
104.316808,30.461883,-1,6357
104.55173,30.735177,-1,6358
104.052949,30.684704,-1,6359
103.917958,30.811944,-1,6360
103.823409,30.610079,-1,6361
104.051265,30.541149,246,6362
102.114771,29.64927,-1,6363
104.385283,31.174276,-1,6364
103.969289,30.366562,120,6365
103.798186,30.447973,-1,6366
104.177804,29.978735,-1,6367
103.902332,30.835067,52,6368
104.552039,30.716312,231,6369
103.974735,30.624862,182,6370
103.937673,30.614116,55,6371
103.644695,30.951029,-1,6372
104.329726,30.892585,-1,6373
103.897523,30.836269,54,6374
103.882982,30.766141,-1,6375
104.255618,30.531404,108,6376
104.234758,30.646421,23,6377
104.103707,30.532371,87,6378
103.953099,30.339642,-1,6379
103.737474,30.511071,-1,6380
104.100219,30.45896,77,6381
103.667109,30.341525,-1,6382
104.087335,30.467678,-1,6383
103.878618,30.198206,-1,6384
103.662871,30.972113,162,6385
103.77023,30.476459,-1,6386
104.405969,30.350917,-1,6387
103.806189,31.171601,-1,6388
104.075936,30.780457,-1,6389
103.68392,30.880797,-1,6390
103.368311,30.286371,-1,6391
104.002043,30.127811,257,6392
103.848017,30.779066,-1,6393
103.756404,30.538067,-1,6394
103.946511,30.532558,-1,6395
104.071832,30.414949,-1,6396
103.957896,30.615874,-1,6397
104.09578,30.538169,169,6398
103.858068,31.065242,-1,6399
103.779686,30.440277,-1,6400
104.176505,30.735365,-1,6401
103.964659,30.637332,99,6402
104.448376,29.59875,-1,6403
103.978506,30.20141,-1,6404
104.096531,30.459218,-1,6405
103.831007,30.668547,-1,6406
104.258479,30.583224,-1,6407
103.730033,30.554252,-1,6408
103.502038,30.188325,-1,6409
104.061399,30.419136,84,6410
104.179088,30.783296,119,6411
104.24534,30.645716,42,6412
104.042998,30.44782,-1,6413
103.874975,30.612044,-1,6414
104.313881,30.468718,-1,6415
103.984506,30.656089,-1,6416
103.89533,30.529189,-1,6417
104.170804,30.615148,27,6418
104.115475,30.412055,-1,6419
104.18313,30.710703,39,6420
103.959958,30.152361,-1,6421
103.986254,30.41444,-1,6422
103.959197,30.500778,-1,6423
103.795188,30.446835,-1,6424
104.209001,30.556446,-1,6425
104.234942,30.661777,-1,6426
104.093661,30.780211,-1,6427
103.974401,30.475512,-1,6428
104.02067,30.58627,-1,6429
104.012135,30.481099,-1,6430
104.114275,30.750454,69,6431
104.150349,30.616215,74,6432
103.497317,30.387291,-1,6433
104.132654,30.575813,-1,6434
104.208345,30.524199,95,6435
103.613406,30.652476,-1,6436
104.312388,30.874547,-1,6437
103.6896,31.023969,-1,6438
104.310719,31.127998,-1,6439
103.845804,30.405027,-1,6440
103.989445,30.596662,-1,6441
104.057591,30.53795,-1,6442
104.071317,30.565852,-1,6443
104.070248,30.507025,-1,6444
104.080892,30.243493,-1,6445
103.902194,30.83519,52,6446
103.961315,30.940667,206,6447
103.956702,30.939174,-1,6448
103.908407,30.543187,176,6449
104.075293,30.730708,-1,6450
104.452781,30.483946,-1,6451
104.053858,30.808569,-1,6452
103.510444,30.807152,-1,6453
104.017481,29.138713,-1,6454
104.083639,30.752059,-1,6455
104.086651,30.777761,-1,6456
103.642702,30.943636,172,6457
103.861349,30.878947,-1,6458
104.114382,30.523383,-1,6459
103.890412,30.779364,-1,6460
104.010773,30.556959,-1,6461
104.008727,30.590917,208,6462
104.435539,30.863359,-1,6463
103.536723,30.56357,-1,6464
104.008841,30.590564,208,6465
104.223237,30.590903,-1,6466
104.627142,30.307925,-1,6467
104.371212,30.54324,-1,6468
103.708001,30.902856,-1,6469
104.354064,30.43565,71,6470
103.468392,30.434532,-1,6471
103.990788,30.739455,242,6472
103.974731,30.456212,-1,6473
103.79056,29.635849,-1,6474
103.881596,30.664031,-1,6475
104.268821,30.57896,220,6476
104.115445,30.584037,89,6477
103.904159,30.772878,-1,6478
103.761003,30.409757,-1,6479
104.195866,30.787078,-1,6480
103.92085,30.703057,-1,6481
103.691273,31.03687,-1,6482
104.289755,30.847958,-1,6483
104.142196,30.69596,-1,6484
104.051813,30.540717,246,6485
103.983587,30.572395,-1,6486
103.879746,30.404331,96,6487
104.188052,30.793469,216,6488
103.967433,30.648407,21,6489
104.167236,30.62789,-1,6490
104.191772,30.74147,-1,6491
104.068164,30.585506,-1,6492
104.048825,30.488954,-1,6493
103.567694,30.743822,-1,6494
103.977756,30.68818,26,6495
104.298107,30.390255,-1,6496
103.66292,30.91035,-1,6497
103.972195,30.542101,68,6498
103.703786,30.799115,-1,6499
103.973942,30.457026,-1,6500
104.247304,30.554976,-1,6501
103.866599,30.556936,-1,6502
104.267905,30.65083,152,6503
103.933437,30.722722,-1,6504
104.203284,30.726018,37,6505
104.310248,30.994426,-1,6506
103.549695,30.211213,-1,6507
104.588442,30.698205,-1,6508
103.895815,30.66626,36,6509
104.501362,30.424378,-1,6510
104.093876,30.581246,14,6511
104.368766,30.359726,-1,6512
104.183074,30.710379,39,6513
104.114673,30.579467,51,6514
104.339815,30.845017,-1,6515
103.873481,30.863809,-1,6516
103.8794,30.488752,-1,6517
104.223939,30.793976,46,6518
103.884548,31.087651,-1,6519
103.660724,30.961895,144,6520
104.584447,30.354121,-1,6521
103.833865,30.640169,-1,6522
104.391184,30.281287,-1,6523
103.644575,30.890707,-1,6524
103.869069,30.775972,-1,6525
104.293836,30.850867,178,6526
104.203484,30.726161,37,6527
103.497412,30.568589,112,6528
104.016433,30.529294,-1,6529
104.069708,31.247561,-1,6530
104.667996,30.087855,-1,6531
103.997094,30.907937,-1,6532
103.866155,30.681907,-1,6533
104.208201,30.524482,95,6534
104.052026,30.259586,258,6535
104.572858,30.708929,-1,6536
103.994874,30.261888,-1,6537
104.201295,30.86457,-1,6538
104.059631,30.416189,49,6539
103.876787,30.174173,-1,6540
103.349015,30.224375,-1,6541
104.323282,30.645046,80,6542
104.352258,31.050158,-1,6543
104.597732,30.699625,-1,6544
103.928853,30.591502,-1,6545
103.935399,30.905371,59,6546
103.876732,30.60979,-1,6547
104.038917,30.359982,-1,6548
103.798954,29.772046,157,6549
104.226608,30.789622,159,6550
103.612325,30.871525,-1,6551
103.935348,30.908249,-1,6552
104.093292,30.695703,-1,6553
103.830523,30.326723,-1,6554
103.837705,30.357145,222,6555
104.182068,30.805248,-1,6556
104.600784,30.386771,-1,6557
103.958344,30.438803,174,6558
104.439404,30.355126,-1,6559
104.021281,30.522413,-1,6560
104.328417,30.345704,-1,6561
103.980617,30.756366,-1,6562
104.086916,30.457145,-1,6563
103.677901,30.338457,-1,6564
104.146274,30.909706,-1,6565
104.847297,29.754436,248,6566
104.253116,30.773876,-1,6567
104.215461,30.820976,186,6568
104.086413,30.51678,-1,6569
104.192487,30.997361,-1,6570
104.150555,30.719001,-1,6571
104.39981,30.30042,-1,6572
103.916598,30.683806,19,6573
104.076569,30.295743,-1,6574
104.150864,30.77632,-1,6575
103.527606,31.415653,250,6576
104.060948,30.647672,-1,6577
104.16489,30.657815,15,6578
103.544999,30.56874,-1,6579
103.736092,30.40224,-1,6580
103.956527,30.030703,-1,6581
103.906544,30.390731,-1,6582
103.752276,30.347089,-1,6583
103.980358,30.824878,-1,6584
104.100363,30.521157,-1,6585
103.809907,30.630462,-1,6586
104.225459,30.647781,-1,6587
103.949128,30.515723,219,6588
103.662991,30.97114,162,6589
104.059563,29.093047,-1,6590
104.064717,30.666294,-1,6591
103.856011,30.63043,-1,6592
103.917114,30.68368,19,6593
104.063448,30.251088,-1,6594
103.859246,30.827269,211,6595
104.053931,30.261925,-1,6596
103.813669,30.631045,34,6597
104.00447,30.592252,-1,6598
104.127033,30.797017,-1,6599
103.949263,30.501646,-1,6600
104.396226,30.357215,-1,6601
103.999569,30.466875,-1,6602
104.007901,30.718793,43,6603
104.342704,31.057288,-1,6604
104.385914,30.300859,-1,6605
103.880134,30.604153,233,6606
104.064327,30.492815,-1,6607
104.045264,30.745199,-1,6608
104.175373,30.664245,149,6609
103.646347,30.633304,-1,6610
103.974887,30.427245,-1,6611
104.445727,30.856359,-1,6612
104.003439,30.505738,-1,6613
104.114233,30.750425,69,6614
104.323471,30.645009,80,6615
103.873683,30.485255,-1,6616
104.139029,30.411537,-1,6617
104.106018,30.505406,-1,6618
104.177874,30.7191,9,6619
103.880803,30.487267,-1,6620
104.172995,30.484454,7,6621
103.814448,30.63308,34,6622
103.892496,31.020089,-1,6623
104.037161,30.65965,75,6624
104.275142,29.947821,-1,6625
104.489542,30.494003,65,6626
103.959686,30.363026,-1,6627
104.090885,30.832819,-1,6628
104.338424,30.845405,-1,6629
104.16225,30.674521,-1,6630
104.248185,30.920758,-1,6631
104.318865,30.861168,8,6632
104.560132,30.670813,-1,6633
103.558571,30.752547,-1,6634
104.165054,30.658839,15,6635
104.001834,30.128261,257,6636
104.114464,30.457715,-1,6637
104.235689,30.646955,23,6638
103.664563,30.96021,-1,6639
103.703786,30.799115,-1,6640
104.169754,30.775979,-1,6641
103.837631,30.357188,222,6642
104.195212,30.738058,-1,6643
104.33845,30.845389,-1,6644
103.280931,30.172129,-1,6645
104.106932,30.587351,209,6646
104.20144,30.739568,-1,6647
104.289795,30.847876,-1,6648
103.50984,30.562307,256,6649
103.95573,30.54161,-1,6650
104.057734,30.390026,-1,6651
103.95353,30.669776,-1,6652
103.825311,30.658064,-1,6653
104.315695,30.303097,165,6654
103.938189,30.616239,88,6655
104.165751,30.712316,118,6656
103.835455,30.344363,-1,6657
104.071386,30.725302,62,6658
104.057725,30.642562,-1,6659
103.927096,30.763243,-1,6660
104.154886,30.7274,-1,6661
103.95885,30.154695,-1,6662
104.115039,30.45284,-1,6663
104.073973,30.47144,-1,6664
103.836012,30.3208,-1,6665
104.377906,30.917009,-1,6666
103.623715,30.398634,-1,6667
104.164563,30.658032,15,6668
103.718476,30.565742,-1,6669
104.221604,30.672273,-1,6670
104.090903,30.740991,244,6671
104.139594,30.693427,-1,6672
103.970868,30.77809,-1,6673
104.203755,30.726045,37,6674
104.224941,30.793972,46,6675
104.013567,30.546437,-1,6676
103.994533,30.455636,-1,6677
103.856667,30.786704,-1,6678
104.20221,30.726106,37,6679
104.037563,30.239116,-1,6680
104.046879,30.450002,-1,6681
104.237405,30.652754,12,6682
104.16631,30.628359,-1,6683
103.927332,30.950175,-1,6684
104.590713,30.726007,-1,6685
103.878027,30.163425,-1,6686
103.952955,31.009784,-1,6687
104.226966,30.860932,-1,6688
104.060775,30.387072,-1,6689
104.183969,30.742667,-1,6690
104.345855,30.864866,-1,6691
103.929623,30.699782,-1,6692
104.126382,30.304045,-1,6693
104.680539,30.051125,-1,6694
103.969385,30.366566,120,6695
103.818084,30.638781,-1,6696
104.422305,30.474418,164,6697
103.9373,30.614608,55,6698
104.372162,30.965483,-1,6699
103.70071,30.653877,-1,6700
104.973618,29.871203,122,6701
104.071333,30.688532,79,6702
104.325976,30.286275,-1,6703
104.15352,30.513738,-1,6704
103.983285,30.610406,-1,6705
103.579379,30.845104,-1,6706
104.211299,30.608226,30,6707
104.316735,30.277267,45,6708
103.553085,30.221102,160,6709
104.000582,30.520196,264,6710
103.52406,30.748623,-1,6711
104.244687,30.645486,42,6712
103.938132,30.577259,-1,6713
104.53143,30.64646,-1,6714
103.875459,30.719776,-1,6715
103.994128,30.504357,-1,6716
104.797395,30.151738,-1,6717
103.874831,30.421388,-1,6718
104.188264,30.514634,-1,6719
104.045972,30.643859,-1,6720
103.715828,29.101301,-1,6721
103.8469,30.4383,-1,6722
104.341473,30.462686,-1,6723
103.474592,30.431615,-1,6724
104.615112,30.163391,-1,6725
103.887459,30.590421,-1,6726
104.172702,30.483697,7,6727
103.969416,30.470238,92,6728
103.696385,30.399486,-1,6729
104.116026,30.584195,89,6730
104.23189,30.639654,-1,6731
103.895479,30.374928,-1,6732
103.811552,30.632324,34,6733
104.449727,30.480666,22,6734
103.933828,30.780928,-1,6735
104.242499,30.649973,60,6736
104.433198,30.846511,-1,6737
103.921598,30.634707,-1,6738
104.353441,30.995964,115,6739
103.964572,30.554785,-1,6740
104.135031,30.58998,205,6741
104.377906,30.917009,-1,6742
104.340229,30.459963,-1,6743
104.071198,30.688604,79,6744
103.848655,30.404656,-1,6745
103.884837,30.388686,41,6746
104.071976,30.266601,-1,6747
104.030567,30.485585,-1,6748
104.399562,30.300576,-1,6749
103.917202,30.683569,19,6750
104.106807,30.74066,102,6751
103.9592,30.438474,174,6752
104.106535,30.770953,-1,6753
102.868999,29.652076,-1,6754
103.520806,30.749016,-1,6755
104.296254,30.601482,-1,6756
103.796851,30.852511,-1,6757
104.16455,30.65906,15,6758
103.888774,30.430881,-1,6759
104.093606,30.580964,14,6760
104.111143,30.788417,-1,6761
104.365398,30.502119,-1,6762
103.895594,30.454598,-1,6763
104.061643,30.241354,-1,6764
103.971018,30.650787,93,6765
104.242556,30.650102,60,6766
104.055316,30.727576,-1,6767
103.788203,30.575507,-1,6768
104.0469,30.42832,50,6769
104.223445,30.675114,238,6770
104.019275,30.543037,-1,6771
104.105217,30.537962,-1,6772
103.790285,29.744071,-1,6773
104.308767,31.006312,-1,6774
104.775907,30.887035,-1,6775
103.384026,30.731087,-1,6776
104.353436,30.995929,115,6777
104.135023,30.590075,205,6778
104.056046,30.763233,142,6779
104.464786,30.471132,-1,6780
103.971341,30.650408,93,6781
104.065383,30.437366,-1,6782
104.242972,30.645632,42,6783
103.779288,30.40243,-1,6784
103.867394,30.768681,-1,6785
104.085133,30.683639,40,6786
104.085083,30.683447,40,6787
104.057895,30.447731,-1,6788
104.020839,30.586289,-1,6789
104.083681,30.817869,-1,6790
103.868872,30.447333,-1,6791
103.875571,30.573254,-1,6792
104.299004,30.992164,-1,6793
104.023696,30.522991,-1,6794
103.698687,30.342158,-1,6795
104.061118,30.419095,84,6796
103.7364,30.959032,-1,6797
104.136392,30.673043,-1,6798
104.223082,30.710491,-1,6799
104.096246,30.53796,169,6800
104.081893,30.646143,85,6801
104.538378,30.72382,-1,6802
104.056072,30.45749,189,6803
103.877251,30.562641,-1,6804
104.323282,30.645046,80,6805
104.508491,30.50885,-1,6806
104.05622,30.847733,4,6807
104.132732,30.676071,-1,6808
104.223919,30.675152,238,6809
104.097185,30.623533,-1,6810
103.464697,30.452784,-1,6811
104.207678,31.187344,-1,6812
103.884287,30.422993,-1,6813
104.161111,30.60078,103,6814
104.332668,29.432815,-1,6815
104.003995,30.515391,-1,6816
104.148013,30.404925,-1,6817
104.202635,30.726107,37,6818
103.935205,30.905689,59,6819
103.101999,30.07597,-1,6820
104.074151,30.669878,-1,6821
104.202875,31.188118,-1,6822
104.320738,30.281582,232,6823
104.050208,30.751057,-1,6824
104.509614,30.508231,-1,6825
103.925518,30.948901,153,6826
104.134959,30.403881,-1,6827
104.072683,30.380071,-1,6828
104.099552,30.45954,77,6829
103.920041,30.784671,-1,6830
104.462894,30.348027,-1,6831
104.321031,30.2813,232,6832
103.801818,30.454982,-1,6833
103.87076,30.701955,2,6834
103.889276,30.471204,-1,6835
104.463927,31.043756,-1,6836
103.79628,30.569339,-1,6837
104.212566,30.609613,30,6838
102.707304,29.976177,-1,6839
104.437728,30.845428,-1,6840
104.539471,30.710093,-1,6841
104.296522,30.870414,-1,6842
103.56111,30.751972,-1,6843
104.59241,30.01892,253,6844
103.873,30.772621,-1,6845
104.388002,30.746609,-1,6846
104.197144,30.393574,-1,6847
103.89286,30.447456,56,6848
104.01618,29.142218,-1,6849
104.37819,30.313582,-1,6850
103.922808,30.716732,132,6851
104.397338,30.757697,-1,6852
103.982352,30.453656,105,6853
103.904328,30.351686,-1,6854
104.081575,30.457,138,6855
104.192087,30.741354,-1,6856
103.940297,30.999005,-1,6857
103.85777,31.065609,-1,6858
104.160448,30.643311,227,6859
104.100797,30.292602,-1,6860
104.116615,30.597023,-1,6861
104.084018,30.45682,228,6862
104.669471,29.504188,135,6863
103.873959,30.773855,-1,6864
104.543518,31.389192,-1,6865
103.642266,30.943294,172,6866
103.536225,30.683558,-1,6867
104.010748,30.520091,-1,6868
103.905549,30.810721,82,6869
104.072842,30.443347,-1,6870
104.411755,30.344949,-1,6871
103.773285,30.544014,-1,6872
103.929908,30.52575,-1,6873
103.899037,30.811083,-1,6874
104.224275,30.67495,238,6875
104.308641,31.006908,-1,6876
104.395232,30.896027,-1,6877
104.108005,30.462534,-1,6878
104.190267,30.662446,-1,6879
104.203047,30.725977,37,6880
104.107575,30.462552,-1,6881
103.533959,30.694617,217,6882
104.176274,30.836253,-1,6883
104.16438,30.658626,15,6884
103.904587,30.762598,-1,6885
104.083066,31.219081,-1,6886
104.051041,30.259727,258,6887
103.946102,30.437196,-1,6888
103.182373,30.01068,-1,6889
104.093732,30.581541,14,6890
103.887923,30.586391,-1,6891
103.4991,30.540806,-1,6892
103.960159,30.165761,-1,6893
104.06803,30.692511,79,6894
104.047384,30.428015,50,6895
104.061601,30.380666,-1,6896
104.047665,30.427682,50,6897
104.179849,30.619399,175,6898
104.97316,29.87077,122,6899
104.016509,29.138735,-1,6900
104.009574,30.481876,-1,6901
104.97316,29.87077,122,6902
104.174928,30.715402,194,6903
104.075201,30.510566,-1,6904
104.081898,30.470796,-1,6905
104.040884,30.593633,107,6906
104.342704,31.057288,-1,6907
104.057412,30.677422,-1,6908
104.287632,30.677936,-1,6909
104.990091,29.542271,218,6910
103.878683,30.606783,-1,6911
104.285198,30.698564,-1,6912
103.856826,30.449549,-1,6913
104.537332,30.365886,201,6914
103.871642,30.289893,-1,6915
104.040908,30.74656,-1,6916
103.938277,30.616323,88,6917
103.127048,30.064021,-1,6918
103.890253,30.479121,-1,6919
104.105429,30.464051,-1,6920
104.508683,30.354333,151,6921
103.806698,30.457212,-1,6922
104.472505,30.493232,-1,6923
104.445981,30.879495,-1,6924
104.006178,30.586083,-1,6925
104.327184,30.307433,163,6926
104.196228,30.738051,-1,6927
103.861538,30.839577,-1,6928
104.555675,30.353209,148,6929
103.867606,30.779693,114,6930
104.186511,30.553374,-1,6931
103.898372,30.772747,-1,6932
104.104678,30.4984,-1,6933
104.059507,30.650315,-1,6934
104.41614,30.939586,-1,6935
104.391465,30.281388,-1,6936
103.699727,31.099188,-1,6937
104.073372,30.818932,-1,6938
104.255465,30.859373,0,6939
104.114313,30.750621,69,6940
104.025106,30.483015,-1,6941
104.24899,30.772426,35,6942
103.837636,30.360554,236,6943
103.912661,30.8248,24,6944
103.498067,30.201486,-1,6945
104.213891,30.651615,16,6946
104.305131,30.645982,-1,6947
104.006953,30.592738,29,6948
104.464649,30.471195,-1,6949
103.969026,30.934885,-1,6950
103.771249,29.977921,-1,6951
104.128698,30.600224,-1,6952
104.080584,30.816803,-1,6953
103.754054,30.393451,-1,6954
104.101022,30.508856,-1,6955
104.30874,30.8655,11,6956
104.105876,30.587354,209,6957
103.97513,30.46257,-1,6958
103.929721,30.544999,-1,6959
104.072485,30.441357,-1,6960
103.527466,31.415377,250,6961
103.528484,30.377719,-1,6962
104.990541,29.542423,218,6963
104.473247,30.434679,-1,6964
103.85988,30.30124,-1,6965
104.436913,30.859021,-1,6966
104.312095,30.873559,-1,6967
104.46921,30.848165,255,6968
103.561094,30.748542,-1,6969
104.16736,30.63666,190,6970
104.228197,30.788127,-1,6971
103.449856,30.466798,113,6972
104.366391,30.304548,94,6973
103.972114,30.991207,-1,6974
104.006188,30.521414,-1,6975
103.610291,31.067052,-1,6976
103.968115,30.468637,92,6977
104.208114,30.52437,95,6978
104.109059,30.603967,-1,6979
103.849934,30.448913,-1,6980
104.378988,31.07,-1,6981
104.115242,30.662972,-1,6982
104.194737,30.681668,-1,6983
104.1621,30.686172,-1,6984
104.858135,29.741216,-1,6985
104.312654,30.632181,-1,6986
104.183785,30.442004,-1,6987
104.106863,30.490324,145,6988
104.286647,30.696509,-1,6989
103.691678,30.568482,-1,6990
104.106198,30.587398,209,6991
104.203336,30.726231,37,6992
103.611816,30.959697,-1,6993
104.290164,30.847892,-1,6994
103.647363,30.925056,-1,6995
104.15622,30.58193,-1,6996
103.840243,30.465375,-1,6997
104.136172,30.673353,-1,6998
103.887289,30.528655,137,6999
103.880252,30.60416,233,7000
104.157903,30.628849,-1,7001
104.001327,30.813094,-1,7002
103.480875,30.75952,-1,7003
104.001688,30.75014,-1,7004
103.942212,30.555496,-1,7005
104.098691,30.712982,-1,7006
104.886917,30.171679,-1,7007
104.522387,30.437406,-1,7008
103.531858,31.405107,262,7009
104.10243,30.660988,-1,7010
104.188874,30.792803,216,7011
104.112764,30.753063,121,7012
103.866448,30.556968,-1,7013
104.242502,30.650188,60,7014
103.740133,30.341101,-1,7015
104.554764,30.354145,-1,7016
104.155252,30.702399,-1,7017
103.601085,31.06469,141,7018
104.120913,30.501705,3,7019
103.060141,30.027866,-1,7020
103.946674,30.48402,-1,7021
103.968733,30.469472,92,7022
104.069331,30.676164,-1,7023
103.888011,30.66133,136,7024
104.00751,30.610496,-1,7025
104.393093,30.283502,239,7026
104.091884,30.524402,129,7027
103.905297,30.810288,82,7028
104.12477,30.768946,44,7029
103.843071,30.538451,-1,7030
104.615112,30.163391,-1,7031
104.113063,30.578973,51,7032
103.891003,30.432069,-1,7033
104.072647,30.259679,-1,7034
104.415176,30.947376,-1,7035
103.661449,30.961056,144,7036
104.002846,30.686475,-1,7037
104.406414,30.346074,-1,7038
104.140934,30.685696,-1,7039
103.902363,30.834929,52,7040
103.516058,30.578508,-1,7041
103.943537,30.558281,-1,7042
103.661268,30.961226,144,7043
104.304329,30.991914,-1,7044
104.096033,30.224529,-1,7045
103.809662,30.45997,-1,7046
103.798679,30.453938,-1,7047
104.051041,30.768626,-1,7048
103.957523,30.610874,-1,7049
103.504407,30.573536,237,7050
103.99368,30.764576,-1,7051
104.152624,30.781905,70,7052
103.678536,31.029768,128,7053
103.887217,30.528567,137,7054
104.072683,30.33879,-1,7055
103.503998,30.573956,237,7056
103.784684,30.878492,-1,7057
103.899641,30.61595,-1,7058
103.48043,31.328917,-1,7059
104.125338,30.769375,44,7060
104.333908,30.644071,229,7061
104.079224,30.364055,-1,7062
104.025952,30.487445,-1,7063
103.661316,30.979756,-1,7064
103.970913,30.650647,93,7065
103.781844,30.675862,-1,7066
104.182734,30.717478,168,7067
104.047609,30.429378,50,7068
103.986816,30.986462,-1,7069
103.964591,30.615258,-1,7070
103.800464,30.830751,-1,7071
104.126616,30.404859,-1,7072
104.108101,30.554056,-1,7073
103.899045,30.725362,-1,7074
103.78809,30.676904,-1,7075
104.114347,30.542917,-1,7076
103.97241,30.469717,92,7077
103.940249,30.61616,191,7078
103.39933,29.923139,-1,7079
103.907211,30.64821,-1,7080
104.105876,30.587354,209,7081
104.131899,30.667641,-1,7082
104.007885,30.554807,-1,7083
104.028299,30.481049,-1,7084
104.473241,30.343651,-1,7085
104.66908,30.08785,-1,7086
104.169006,30.741231,91,7087
103.643431,30.470234,251,7088
104.138588,30.610677,-1,7089
103.508596,31.366889,-1,7090
104.552039,30.71631,231,7091
103.638438,30.935831,-1,7092
104.501357,30.472021,-1,7093
104.044385,30.444832,86,7094
103.545527,30.589078,-1,7095
104.080026,30.687614,-1,7096
104.209975,30.901594,-1,7097
103.937696,30.614124,55,7098
104.016626,30.843828,-1,7099
104.008918,31.20483,-1,7100
104.080959,30.55833,-1,7101
103.870704,30.701983,2,7102
104.223733,30.794268,46,7103
104.202671,30.725977,37,7104
104.15882,30.65286,-1,7105
103.814736,30.633204,34,7106
104.105876,30.587354,209,7107
103.922542,30.424557,-1,7108
104.21619,30.699662,-1,7109
104.140085,30.646675,-1,7110
104.186644,30.707726,184,7111
104.25015,30.579865,-1,7112
104.103502,30.532451,87,7113
104.511156,30.353142,151,7114
104.683627,30.035044,-1,7115
103.84861,30.796372,-1,7116
104.170674,30.615254,27,7117
104.221279,30.638559,131,7118
104.046621,30.54239,-1,7119
104.113385,30.754891,-1,7120
103.72001,30.577757,-1,7121
103.832891,30.549557,-1,7122
103.969292,31.007887,-1,7123
104.031403,30.480943,-1,7124
103.971858,30.542302,68,7125
103.780476,30.404184,-1,7126
104.164694,30.477609,-1,7127
104.135604,30.532661,-1,7128
104.043187,30.459198,-1,7129
104.187619,30.017984,-1,7130
103.917961,30.811937,-1,7131
104.425802,30.354018,-1,7132
103.912637,30.824599,24,7133
104.089325,30.429693,-1,7134
104.142952,30.82842,-1,7135
104.07267,30.259047,-1,7136
103.936858,30.613186,55,7137
104.096859,30.459184,-1,7138
103.812414,30.571527,-1,7139
104.092185,30.757804,-1,7140
104.085206,30.683467,40,7141
103.65467,30.926181,259,7142
103.912699,30.978871,-1,7143
103.661202,30.961171,144,7144
104.208365,30.524125,95,7145
104.37358,30.560614,-1,7146
104.20708,30.651056,-1,7147
104.198298,30.582071,33,7148
103.888353,30.556146,183,7149
104.041487,30.461037,-1,7150
104.27905,30.704611,-1,7151
103.907925,30.660312,-1,7152
104.410497,30.477943,-1,7153
104.97316,29.870736,122,7154
104.042463,30.854892,-1,7155
103.791359,30.576088,-1,7156
104.497857,30.489845,-1,7157
104.567383,30.371944,-1,7158
103.846292,30.427947,-1,7159
104.028538,30.679947,-1,7160
104.469285,30.848038,255,7161
103.967272,30.648417,21,7162
103.983109,30.453624,105,7163
103.78275,30.693697,-1,7164
104.106124,30.587348,209,7165
104.356385,30.841946,-1,7166
103.805556,30.66494,-1,7167
104.053918,30.646178,-1,7168
103.654832,30.664485,-1,7169
103.95583,31.007945,-1,7170
103.967562,30.467751,92,7171
104.160895,30.713435,-1,7172
104.225166,30.70754,125,7173
104.055337,30.779177,-1,7174
104.320473,30.278098,45,7175
103.817671,30.958931,-1,7176
104.031663,30.606157,-1,7177
104.833079,30.441856,-1,7178
104.037485,30.225353,-1,7179
103.71576,30.571354,-1,7180
104.306709,30.780107,-1,7181
104.079471,30.685063,226,7182
103.987631,30.776166,-1,7183
104.044926,31.337371,-1,7184
103.881868,30.665699,139,7185
104.763134,30.563953,-1,7186
104.242777,30.650579,60,7187
104.168879,30.709657,-1,7188
103.707768,30.92735,-1,7189
103.775794,30.465168,-1,7190
103.878283,30.197959,-1,7191
103.937074,30.61322,55,7192
104.161231,30.599896,103,7193
103.967208,30.647942,21,7194
104.072066,30.303555,-1,7195
104.140536,30.611799,-1,7196
103.861349,30.878963,-1,7197
104.269295,30.643781,-1,7198
103.8966,30.66657,36,7199
104.072047,30.244029,-1,7200
104.034701,30.297959,-1,7201
104.193526,31.029044,-1,7202
104.106674,30.74052,102,7203
104.112473,30.752846,121,7204
104.164439,30.571231,-1,7205
103.801609,31.165644,-1,7206
104.224085,30.566481,18,7207
104.177714,30.718955,9,7208
104.552081,30.716201,231,7209
104.179088,30.783296,119,7210
104.056973,30.68535,-1,7211
104.169845,30.775837,-1,7212
104.079446,30.685825,-1,7213
104.106906,30.768868,-1,7214
103.870194,30.384415,-1,7215
104.119685,30.568276,-1,7216
104.501822,30.354476,-1,7217
104.047214,31.261892,-1,7218
104.582069,30.115308,207,7219
104.081551,30.58197,-1,7220
104.102578,30.587366,-1,7221
103.964295,30.637835,99,7222
104.023204,30.86017,-1,7223
103.989772,30.461077,-1,7224
104.198217,30.375234,-1,7225
104.096731,30.537991,169,7226
103.717868,30.592911,-1,7227
104.113409,30.584736,-1,7228
104.566171,30.371509,-1,7229
103.941456,30.919499,-1,7230
104.081067,30.563152,-1,7231
104.152727,30.78171,70,7232
103.946784,30.553764,-1,7233
103.727872,30.558883,261,7234
104.107911,30.508395,-1,7235
103.850728,30.820604,252,7236
103.916978,30.68359,19,7237
104.501932,30.488464,-1,7238
103.904188,30.631337,-1,7239
104.422919,30.608164,-1,7240
104.509776,30.352756,151,7241
104.495779,30.612811,-1,7242
103.91659,30.397286,73,7243
103.810077,30.631459,-1,7244
104.40714,30.345696,-1,7245
104.04088,30.118439,-1,7246
104.278268,31.127236,-1,7247
104.243596,30.651736,60,7248
104.136155,30.407879,-1,7249
103.99925,30.618182,-1,7250
104.135169,30.805836,127,7251
104.106244,30.507519,-1,7252
104.573307,30.730339,-1,7253
104.006659,30.56602,-1,7254
104.195537,31.677313,-1,7255
103.972597,30.54262,68,7256
104.47261,30.338518,-1,7257
104.457723,30.85863,-1,7258
104.572265,30.687054,224,7259
103.885504,30.479842,-1,7260
103.850959,30.820278,252,7261
104.387922,30.746643,-1,7262
103.789559,30.352381,-1,7263
103.770638,30.398326,-1,7264
104.001857,30.484731,-1,7265
104.36292,31.067787,31,7266
104.223841,30.566466,18,7267
103.869181,30.781382,254,7268
104.49386,31.32766,-1,7269
104.534884,30.637377,-1,7270
104.338662,30.315306,-1,7271
103.900642,31.039154,-1,7272
103.638686,30.486529,-1,7273
104.040866,30.656958,-1,7274
104.003928,30.606185,-1,7275
104.226043,30.793162,159,7276
104.327124,30.306913,163,7277
103.968565,30.467291,92,7278
103.889666,30.383866,-1,7279
103.739539,30.576986,-1,7280
104.626173,30.858482,199,7281
104.24286,30.651235,60,7282
104.058857,30.673787,-1,7283
103.637594,30.957234,-1,7284
103.814336,30.575019,-1,7285
103.657258,30.369234,-1,7286
103.926819,30.320981,-1,7287
103.895815,30.66626,36,7288
103.701619,30.602758,83,7289
103.711163,30.322778,-1,7290
103.464697,30.452784,-1,7291
103.747497,30.343498,-1,7292
104.096211,30.541696,-1,7293
104.188392,30.506147,-1,7294
103.895977,31.014156,-1,7295
104.079098,30.513542,260,7296
104.098687,30.885126,-1,7297
104.027803,30.76696,-1,7298
103.687157,30.616159,-1,7299
103.802066,31.025987,-1,7300
103.54095,30.746523,-1,7301
104.001519,29.126196,-1,7302
103.729141,30.39959,-1,7303
104.312549,30.289484,-1,7304
104.152915,30.515035,-1,7305
104.217573,30.573001,-1,7306
104.05653,30.428415,-1,7307
104.537151,30.365732,201,7308
104.509768,30.352628,151,7309
103.498225,30.545795,-1,7310
104.198695,30.705141,-1,7311
103.88811,30.661391,136,7312
104.538163,30.724153,-1,7313
103.76111,30.403367,-1,7314
104.115115,30.753025,-1,7315
104.201061,30.733873,100,7316
104.008918,31.20483,-1,7317
104.277149,30.638305,-1,7318
103.682541,30.30177,-1,7319
104.031463,30.579055,-1,7320
103.870594,30.760518,-1,7321
104.468012,30.60145,-1,7322
104.039394,30.708172,-1,7323
104.057488,30.385077,-1,7324
104.129109,30.684957,-1,7325
104.011872,30.523829,-1,7326
104.075291,30.735463,-1,7327
104.081686,30.481687,-1,7328
104.00232,30.736735,-1,7329
103.938445,30.61639,88,7330
104.063972,30.69462,-1,7331
103.50601,30.559276,-1,7332
103.823363,30.610351,-1,7333
103.711723,30.798637,-1,7334
104.047241,30.428526,50,7335
103.607505,30.987424,-1,7336
104.169777,30.712169,-1,7337
103.97371,30.469866,92,7338
103.97147,30.650358,93,7339
104.135169,30.805836,127,7340
104.002697,30.590456,-1,7341
104.329539,30.853996,-1,7342
104.435307,30.355431,-1,7343
103.553232,30.22109,160,7344
104.226584,30.792513,159,7345
103.786756,31.007269,-1,7346
104.487619,30.493058,65,7347
104.296664,30.993463,170,7348
104.072679,30.382101,-1,7349
104.539197,31.858865,-1,7350
104.534856,30.42921,-1,7351
104.03711,30.148366,-1,7352
103.937734,30.619276,130,7353
104.165278,30.394851,-1,7354
104.329535,30.723907,-1,7355
104.582281,30.764748,-1,7356
104.115483,30.417954,32,7357
103.720019,30.565095,-1,7358
103.965889,30.18326,-1,7359
104.102687,30.492393,-1,7360
103.867174,30.535041,245,7361
103.530366,31.410213,133,7362
104.061356,30.419211,84,7363
104.266166,30.616272,-1,7364
103.969323,30.366434,120,7365
104.511933,30.42155,106,7366
103.716437,31.202841,-1,7367
103.922627,30.279622,-1,7368
103.793072,30.604242,-1,7369
104.565697,30.371166,-1,7370
104.248934,30.277809,-1,7371
103.967121,30.641921,-1,7372
103.897742,30.82299,-1,7373
103.896541,30.666484,36,7374
104.445749,30.856342,-1,7375
103.91422,30.564056,-1,7376
103.865016,31.049427,-1,7377
104.026541,30.182635,-1,7378
104.040937,30.593411,107,7379
104.234882,30.596031,-1,7380
103.790563,30.666825,200,7381
104.324722,30.701019,-1,7382
103.612562,30.821712,-1,7383
104.307225,30.645881,-1,7384
104.054949,30.778016,-1,7385
104.04561,30.391188,-1,7386
103.640072,30.467934,-1,7387
104.347959,30.911796,-1,7388
104.046414,30.427547,50,7389
103.905374,30.810502,82,7390
103.642266,30.943294,172,7391
104.512062,30.421537,106,7392
104.415142,30.243736,-1,7393
104.390496,30.300106,-1,7394
104.025547,30.494963,-1,7395
104.114521,30.749863,69,7396
103.970619,30.650027,93,7397
104.251004,29.012975,-1,7398
103.974316,30.579019,-1,7399
104.133217,30.391323,-1,7400
103.909214,30.542997,176,7401
103.858066,31.065091,-1,7402
103.908534,30.568951,-1,7403
104.144254,30.53376,-1,7404
104.140755,30.827367,-1,7405
103.916326,30.678209,-1,7406
103.977477,30.68852,26,7407
103.613746,30.871079,-1,7408
104.072618,30.383347,-1,7409
103.854708,30.32825,-1,7410
104.323282,30.645046,80,7411
103.837604,30.359341,222,7412
103.903923,30.676609,-1,7413
103.653024,30.920116,202,7414
103.682052,30.301537,-1,7415
104.165801,30.664548,-1,7416
104.2987,30.992103,-1,7417
103.461916,30.750182,-1,7418
103.2807,29.266203,-1,7419
104.442355,30.849423,-1,7420
103.959774,30.163976,-1,7421
103.95485,30.491872,147,7422
104.326395,30.860076,66,7423
102.668738,29.535711,-1,7424
103.916886,30.38655,-1,7425
103.8582,30.63266,-1,7426
104.223571,30.794202,46,7427
104.119557,30.724361,-1,7428
104.24314,30.646016,42,7429
103.937303,30.769309,-1,7430
104.220861,30.63866,131,7431
104.084165,30.721814,-1,7432
103.874737,30.420916,-1,7433
104.064512,30.559518,-1,7434
103.837742,30.357073,222,7435
103.954903,30.491921,147,7436
104.072685,30.332709,-1,7437
104.222066,30.799358,-1,7438
103.93306,30.594945,-1,7439
104.315715,30.303181,165,7440
104.07523,30.438172,-1,7441
103.926631,30.941892,-1,7442
104.149484,30.622505,-1,7443
104.061648,30.419216,84,7444
104.392147,30.29898,134,7445
104.029303,31.326903,-1,7446
104.136542,30.411814,-1,7447
104.391297,30.287072,104,7448
104.238139,30.652812,12,7449
104.027204,30.481379,-1,7450
104.059684,30.685912,-1,7451
103.880273,30.404277,96,7452
104.339715,31.126068,-1,7453
104.093621,30.363467,-1,7454
103.969139,30.469623,92,7455
104.076604,30.625211,-1,7456
104.22937,30.854229,215,7457
104.242489,30.650195,60,7458
103.079889,30.003593,-1,7459
104.000582,30.520196,264,7460
104.110337,30.555143,-1,7461
103.740486,30.53093,-1,7462
104.22398,30.802646,-1,7463
103.741784,30.576763,-1,7464
103.940311,30.614217,47,7465
104.165798,30.807374,-1,7466
103.834473,30.465702,-1,7467
104.530336,30.447103,-1,7468
104.092367,30.643871,-1,7469
103.960142,30.152063,-1,7470
104.537308,30.365968,201,7471
104.031522,30.528947,-1,7472
104.050407,30.470374,-1,7473
103.995847,30.614652,-1,7474
104.24297,30.645469,42,7475
104.106476,30.740491,102,7476
104.321158,30.71101,-1,7477
104.108787,30.545141,-1,7478
103.559874,30.549187,241,7479
103.796774,30.6468,235,7480
103.936365,30.905765,59,7481
104.559455,30.727875,-1,7482
104.194334,30.738106,-1,7483
103.715895,30.828118,-1,7484
103.459921,30.746985,13,7485
104.487634,30.463216,-1,7486
103.681978,31.027414,-1,7487
104.046471,30.550394,-1,7488
103.696065,30.65345,-1,7489
104.216876,30.783174,-1,7490
103.940161,30.999218,-1,7491
104.119557,30.724361,-1,7492
104.246924,30.643154,-1,7493
104.395379,30.340207,-1,7494
104.181939,30.700186,-1,7495
103.939316,30.422919,-1,7496
104.023562,30.541919,-1,7497
104.266553,30.668895,-1,7498
104.045508,30.445669,86,7499
104.391369,30.287072,104,7500
103.741469,30.694628,126,7501
104.204766,30.750083,-1,7502
104.326366,30.860213,66,7503
103.952975,31.011773,-1,7504
104.36292,31.067787,31,7505
103.90512,30.39727,-1,7506
103.533959,30.694617,217,7507
104.00186,30.685897,-1,7508
104.114193,30.750327,69,7509
103.585904,30.759179,-1,7510
104.057776,30.389233,-1,7511
104.079208,30.694717,-1,7512
103.624334,30.925929,-1,7513
104.104914,30.812983,-1,7514
104.468531,30.848033,255,7515
102.950641,29.967313,-1,7516
104.083383,30.777882,-1,7517
104.039382,30.708126,-1,7518
104.286092,30.646117,-1,7519
104.225009,30.582953,-1,7520
104.521679,30.663053,173,7521
104.185664,30.684698,-1,7522
104.001834,30.128261,257,7523
104.003931,30.606178,-1,7524
104.095376,30.676958,-1,7525
104.08146,30.698236,-1,7526
104.077441,30.794834,57,7527
103.995244,30.884488,-1,7528
103.861372,30.445899,116,7529
104.125489,30.769594,44,7530
104.217358,30.572004,-1,7531
103.953561,30.655902,-1,7532
103.947902,30.327214,-1,7533
104.004202,30.477977,-1,7534
104.226135,30.791656,159,7535
104.203783,30.72607,37,7536
103.988144,30.214057,-1,7537
104.044065,30.445567,86,7538
104.342059,31.150418,-1,7539
103.403998,30.632067,-1,7540
104.236373,30.64637,23,7541
103.892871,30.547508,-1,7542
103.997662,30.75756,-1,7543
104.031432,30.560976,-1,7544
103.460962,30.748321,-1,7545
104.202729,30.725894,37,7546
104.074354,30.714739,-1,7547
104.196078,30.527786,-1,7548
103.834831,30.816682,-1,7549
104.215325,30.773976,-1,7550
103.970665,30.988902,-1,7551
103.971318,30.470295,92,7552
103.50991,30.56425,-1,7553
104.105429,30.464051,-1,7554
103.891745,30.777708,-1,7555
104.392049,30.299115,134,7556
104.071333,30.668933,-1,7557
104.457202,30.8269,-1,7558
103.449697,30.466866,113,7559
103.873992,30.430828,-1,7560
104.671004,30.0541,-1,7561
103.783955,30.652225,-1,7562
104.080528,30.688892,-1,7563
104.328207,30.305697,163,7564
103.880905,30.415029,-1,7565
103.909817,30.544313,240,7566
103.87209,30.778752,5,7567
104.990758,29.542289,218,7568
103.954961,30.569586,-1,7569
103.677995,30.923065,-1,7570
102.707184,29.976279,-1,7571
104.183346,30.710505,39,7572
104.024799,30.558428,-1,7573
104.256678,30.611501,-1,7574
104.533109,30.714561,-1,7575
104.662803,31.091394,234,7576
103.830104,30.335379,-1,7577
104.057628,30.447913,-1,7578
103.889912,30.670701,-1,7579
104.489432,30.493994,65,7580
103.465437,30.437693,225,7581
104.175692,30.787864,-1,7582
104.770784,30.859639,-1,7583
103.449944,30.466832,113,7584
103.938311,30.769038,-1,7585
104.084726,30.657403,-1,7586
104.339054,30.646115,-1,7587
103.902332,30.835067,52,7588
103.45474,30.388705,-1,7589
104.397259,30.357367,-1,7590
104.3361,30.30463,-1,7591
104.597519,30.348259,-1,7592
103.126672,30.069554,-1,7593
103.7639,30.479644,-1,7594
104.204695,30.730712,210,7595
104.326243,30.86036,66,7596
104.201457,30.739829,-1,7597
104.081018,30.715126,-1,7598
104.202665,30.725921,37,7599
103.643465,30.469959,251,7600
103.972575,30.025842,-1,7601
104.228715,30.69223,-1,7602
104.284267,30.89138,-1,7603
103.995153,30.478331,-1,7604
103.863083,30.710823,10,7605
104.20329,30.740706,-1,7606
103.527526,31.41542,250,7607
104.134335,30.922401,-1,7608
104.198203,30.659732,-1,7609
104.091878,30.576201,-1,7610
104.140478,30.827282,-1,7611
103.894518,30.410859,-1,7612
103.960532,30.646851,-1,7613
104.278346,30.894559,-1,7614
103.880217,30.60417,233,7615
104.234074,30.719357,-1,7616
104.106372,30.691163,-1,7617
104.098343,30.531777,-1,7618
103.912528,30.836499,-1,7619
104.203695,30.726037,37,7620
104.1347,30.805968,127,7621
104.20057,30.423701,-1,7622
103.078622,29.986176,-1,7623
104.113368,30.578941,51,7624
104.295532,30.992958,170,7625
104.326427,30.860144,66,7626
104.292962,30.32209,-1,7627
103.681439,30.612479,-1,7628
104.004155,30.881261,-1,7629
103.929599,30.699706,-1,7630
104.509848,30.352833,151,7631
103.447659,30.990749,-1,7632
104.005474,30.731922,-1,7633
103.958331,30.662575,187,7634
104.02162,30.549782,-1,7635
103.938517,30.616431,88,7636
103.933486,30.661884,-1,7637
103.853983,30.639705,-1,7638
103.771637,29.471991,-1,7639
103.894904,30.527601,-1,7640
104.449392,30.336371,-1,7641
104.087279,30.804221,-1,7642
103.985823,30.724693,-1,7643
104.221833,30.711794,-1,7644
103.631273,29.78114,-1,7645
104.201177,30.739438,-1,7646
103.498832,30.383036,-1,7647
103.699291,29.096139,-1,7648
104.085152,30.683614,40,7649
103.955259,30.665691,-1,7650
104.352298,30.740244,-1,7651
104.219236,30.782208,-1,7652
104.003997,30.606512,-1,7653
103.818468,31.766555,-1,7654
103.870928,30.70191,2,7655
104.093145,30.581572,14,7656
104.077183,30.374572,-1,7657
104.236373,30.64637,23,7658
104.009342,30.763927,-1,7659
104.62383,30.101696,-1,7660
104.671317,30.055186,-1,7661
104.404679,31.330316,-1,7662
104.09837,30.532183,-1,7663
103.917186,30.684112,19,7664
103.677897,31.030011,128,7665
103.727854,30.558989,261,7666
103.959057,30.543282,-1,7667
104.087757,30.689055,-1,7668
104.071974,30.254935,-1,7669
103.837761,30.361543,236,7670
104.053052,30.4561,-1,7671
104.097185,30.759223,-1,7672
104.262102,30.807881,-1,7673
104.08122,30.69111,-1,7674
103.681501,30.849045,-1,7675
103.457826,30.476694,-1,7676
104.249025,30.772359,35,7677
103.732023,30.394739,-1,7678
104.171369,30.80609,-1,7679
104.55538,30.352678,148,7680
104.785597,29.795979,-1,7681
104.561789,30.393755,-1,7682
104.487839,30.427375,213,7683
104.317621,30.7133,-1,7684
104.175722,30.715352,194,7685
104.179005,30.537146,-1,7686
104.075084,30.625801,-1,7687
104.027458,30.451475,-1,7688
103.909287,30.543071,176,7689
103.936571,30.614012,55,7690
103.49193,31.255359,-1,7691
103.945572,30.924439,-1,7692
104.077713,30.794756,57,7693
104.204591,30.731128,210,7694
103.832963,30.350341,-1,7695
103.88275,30.669945,-1,7696
104.018123,30.442323,-1,7697
104.0457,30.449154,-1,7698
104.522213,30.662983,173,7699
104.272589,30.826932,-1,7700
104.392034,30.298973,134,7701
104.215104,30.578173,-1,7702
104.139807,30.640739,-1,7703
103.873744,30.417287,72,7704
103.893974,30.250692,-1,7705
103.91951,30.305984,-1,7706
103.954005,30.651182,-1,7707
104.249998,30.774964,-1,7708
104.641927,29.527833,-1,7709
103.469539,30.392221,-1,7710
103.497484,30.568473,112,7711
103.957205,30.743299,-1,7712
103.70159,30.602622,83,7713
104.370535,30.289372,249,7714
103.888623,30.510415,-1,7715
103.974709,30.542666,-1,7716
104.253984,30.859023,0,7717
103.705333,30.401327,-1,7718
104.05596,30.727954,-1,7719
104.420196,30.867009,-1,7720
103.969165,30.614953,-1,7721
103.997133,30.594407,-1,7722
104.203696,30.726015,37,7723
104.550752,29.499979,-1,7724
103.923085,30.716982,132,7725
103.526942,30.203635,-1,7726
103.554293,30.607403,-1,7727
104.072342,30.200882,101,7728
104.349119,30.842917,-1,7729
104.042397,30.464387,-1,7730
104.25299,30.273889,-1,7731
103.916898,30.684,19,7732
104.235973,30.64627,23,7733
104.445749,30.856337,-1,7734
104.491975,30.322845,97,7735
103.835858,30.662538,-1,7736
103.903138,30.658397,28,7737
103.284039,29.585339,-1,7738
104.132176,30.395941,-1,7739
104.267889,30.650139,152,7740
104.076282,30.633437,-1,7741
104.318949,30.275929,45,7742
103.947908,30.554161,-1,7743
104.492881,30.32193,97,7744
104.040654,30.659869,-1,7745
103.766609,30.5365,-1,7746
104.080528,30.688892,-1,7747
103.753592,30.641274,-1,7748
104.11155,30.497292,-1,7749
104.05948,30.442925,-1,7750
103.638239,30.936002,-1,7751
103.984964,30.723684,-1,7752
104.077529,30.794766,57,7753
103.912628,30.824783,24,7754
103.794405,30.441109,-1,7755
104.19849,30.581905,33,7756
103.797343,30.643747,180,7757
104.734764,30.931564,-1,7758
104.05592,30.457706,189,7759
103.854905,30.632934,-1,7760
104.121863,30.538396,143,7761
104.225328,30.707089,125,7762
103.812254,30.632543,34,7763
104.056173,30.84771,4,7764
103.965016,30.614517,-1,7765
103.243765,30.539062,-1,7766
104.223755,30.566198,18,7767
104.106935,30.491092,145,7768
103.923154,30.71716,132,7769
104.30043,30.645947,-1,7770
103.859879,30.76499,-1,7771
103.625432,30.931768,-1,7772
103.912753,30.631007,1,7773
104.120403,30.773119,161,7774
103.787764,30.4273,-1,7775
104.100739,30.594743,-1,7776
104.501899,30.47227,-1,7777
103.558971,30.549337,241,7778
103.790705,30.415691,-1,7779
103.825554,30.452178,-1,7780
103.837219,29.975735,-1,7781
104.026604,30.709562,-1,7782
103.740031,30.531563,-1,7783
103.859118,30.827638,211,7784
103.969622,30.982305,64,7785
104.080189,30.703741,-1,7786
104.01641,30.55982,-1,7787
103.948145,30.597067,-1,7788
103.962343,30.641579,-1,7789
104.019842,30.535466,-1,7790
103.63735,30.957081,-1,7791
103.742505,30.911874,-1,7792
103.882679,30.218171,-1,7793
104.118695,30.757226,53,7794
103.654696,30.664467,-1,7795
104.044515,30.250846,-1,7796
104.106263,30.587365,209,7797
103.908936,30.542324,176,7798
104.017069,30.561347,-1,7799
104.56688,30.387846,-1,7800
104.087043,30.804309,-1,7801
104.114403,30.750606,69,7802
104.110508,30.564685,-1,7803
104.488178,30.493224,65,7804
104.572081,30.687138,224,7805
104.005191,30.522495,-1,7806
103.791445,30.865422,-1,7807
104.271982,30.233082,-1,7808
103.615856,30.95533,-1,7809
103.980713,30.584254,-1,7810
104.093426,30.577396,-1,7811
103.88724,30.500197,-1,7812
104.108002,30.386684,-1,7813
103.974656,30.535231,-1,7814
104.327493,30.306098,163,7815
104.22123,30.638961,131,7816
103.399437,30.742951,-1,7817
103.459927,30.747017,13,7818
104.081077,30.243562,-1,7819
103.350982,30.367978,-1,7820
103.937509,30.619332,130,7821
104.049464,30.476873,90,7822
104.146274,30.909706,-1,7823
104.096256,30.458972,-1,7824
103.898176,30.614413,-1,7825
104.250226,30.579839,-1,7826
104.046935,30.427848,50,7827
103.937645,30.460908,-1,7828
104.320283,30.277895,45,7829
104.537491,30.70266,-1,7830
103.560127,30.548887,241,7831
103.97782,30.688288,26,7832
104.354064,30.43565,71,7833
103.884799,30.633018,-1,7834
104.025488,30.157681,-1,7835
104.017938,30.444741,-1,7836
104.259099,30.529974,-1,7837
104.078915,30.608197,-1,7838
103.084344,29.989415,-1,7839
103.895757,30.84217,-1,7840
103.880269,30.604185,233,7841
104.125208,30.769665,44,7842
104.216748,30.835036,-1,7843
103.708001,30.902856,-1,7844
103.598655,31.003297,-1,7845
104.055911,30.763239,142,7846
104.225293,30.672224,-1,7847
103.934456,30.472501,-1,7848
104.362318,30.306176,-1,7849
104.716603,30.390657,-1,7850
103.621357,30.962445,-1,7851
104.166741,30.659113,-1,7852
104.268821,30.57896,220,7853
104.534681,30.701135,-1,7854
104.186647,30.553317,-1,7855
104.393029,31.165995,-1,7856
104.169224,30.711369,-1,7857
104.043749,30.446352,86,7858
103.959705,30.438575,174,7859
102.950711,29.967053,-1,7860
103.8847,30.368763,-1,7861
104.205765,30.623769,-1,7862
103.938413,30.61619,88,7863
104.015273,30.52449,-1,7864
104.072649,30.288819,-1,7865
103.893437,30.513779,158,7866
103.459035,30.378866,-1,7867
104.32259,30.883809,-1,7868
103.721795,30.60379,-1,7869
103.756372,30.721002,-1,7870
104.538163,30.724153,-1,7871
104.012852,30.546689,-1,7872
103.899581,30.541054,-1,7873
103.914106,30.675683,243,7874
103.739566,30.439113,-1,7875
103.755937,30.75052,-1,7876
104.448448,30.472684,-1,7877
103.965536,30.808652,-1,7878
103.866456,30.013094,-1,7879
104.034236,30.323159,-1,7880
104.522461,30.662716,173,7881
104.326299,30.860176,66,7882
103.6751,30.908277,-1,7883
104.051204,30.274769,-1,7884
103.774562,31.17945,-1,7885
104.101222,30.497669,155,7886
103.527442,31.415482,250,7887
103.981368,30.785067,117,7888
104.111596,30.528687,-1,7889
104.990541,29.542423,218,7890
104.107956,30.506482,221,7891
104.066898,30.842616,-1,7892
103.935871,30.905468,59,7893
104.071083,30.72524,62,7894
104.204795,30.730823,210,7895
104.410158,30.758596,-1,7896
104.292232,30.848728,-1,7897
104.973361,29.870887,122,7898
104.165993,30.71258,118,7899
104.032899,30.322189,-1,7900
103.658954,30.924199,-1,7901
104.353939,30.843484,-1,7902
103.697285,30.813453,-1,7903
104.15847,30.600423,-1,7904
104.448403,30.857485,-1,7905
104.226529,30.861917,-1,7906
104.0569,30.367813,-1,7907
103.873675,30.664702,-1,7908
104.319783,30.275864,45,7909
104.093176,30.798241,-1,7910
104.10607,30.869507,-1,7911
104.377893,30.292513,-1,7912
104.315728,30.303146,165,7913
103.876512,30.669917,-1,7914
104.099551,30.467194,17,7915
104.242372,30.650407,60,7916
104.3931,30.283457,239,7917
104.564353,30.385526,-1,7918
104.255538,30.531372,108,7919
103.560003,30.548473,241,7920
104.047216,30.427399,50,7921
103.791935,30.44547,-1,7922
103.869898,30.984976,-1,7923
104.162351,30.557169,154,7924
103.901611,30.834351,52,7925
104.070425,30.723958,62,7926
104.25482,30.579523,-1,7927
103.989286,30.460367,-1,7928
104.03833,31.3468,-1,7929
104.01005,30.505135,-1,7930
103.942223,30.279631,-1,7931
103.889696,30.383745,-1,7932
104.046525,30.538246,-1,7933
104.22493,30.793636,46,7934
104.019048,30.571676,-1,7935
103.851548,30.367874,-1,7936
104.535683,30.440189,-1,7937
103.465117,30.438271,225,7938
103.909817,30.978168,-1,7939
103.999655,30.46682,-1,7940
103.851294,31.059402,-1,7941
103.456715,30.431858,-1,7942
104.327786,30.305982,163,7943
103.792375,29.636727,-1,7944
103.451905,30.374959,247,7945
104.143256,30.581165,-1,7946
104.115377,30.418239,32,7947
104.125296,30.769444,44,7948
103.726465,30.778443,-1,7949
104.420094,30.917822,-1,7950
104.226461,30.789883,159,7951
104.143215,30.465709,-1,7952
104.378722,30.282063,-1,7953
104.153559,31.000385,-1,7954
103.860238,30.836948,-1,7955
104.188253,30.793388,216,7956
103.980596,30.826523,-1,7957
104.244223,30.709511,-1,7958
104.346407,30.663497,-1,7959
104.244687,30.645486,42,7960
104.159704,30.39693,-1,7961
104.255336,30.735609,-1,7962
104.463501,30.490504,-1,7963
104.001812,30.685764,-1,7964
103.734131,30.596243,-1,7965
103.442258,30.401731,-1,7966
103.994457,30.764869,-1,7967
104.390233,30.297731,-1,7968
103.487991,30.758739,-1,7969
104.412293,30.903149,-1,7970
103.728226,30.921323,-1,7971
104.564122,30.381099,-1,7972
104.329443,30.853879,-1,7973
104.441234,30.979884,-1,7974
104.081052,30.416266,-1,7975
103.974238,30.639243,-1,7976
104.059003,30.634295,-1,7977
103.98974,30.595626,-1,7978
104.080142,30.554494,-1,7979
104.315782,30.302079,165,7980
103.908743,30.543355,176,7981
104.289996,30.847742,-1,7982
103.49526,30.407017,-1,7983
104.203363,30.741041,-1,7984
104.327076,30.306097,163,7985
103.970523,30.650233,93,7986
104.512003,30.42151,106,7987
104.134976,30.712485,-1,7988
104.099598,30.467136,17,7989
103.451106,30.375394,247,7990
103.895974,30.738001,-1,7991
104.025448,29.137494,-1,7992
103.858068,31.065242,-1,7993
104.051993,30.784103,-1,7994
103.917269,30.683885,19,7995
104.04463,30.445007,86,7996
104.040504,30.570805,-1,7997
103.948598,30.661566,-1,7998
103.937083,30.817778,-1,7999
103.901705,30.834403,52,8000
103.505954,30.558844,-1,8001
103.98711,30.629252,-1,8002
104.008597,30.650479,-1,8003
104.191904,30.660548,-1,8004
104.318711,30.861212,8,8005
104.006066,31.047004,-1,8006
103.870727,30.760445,-1,8007
103.973417,30.578483,-1,8008
103.956461,30.832451,-1,8009
103.46575,30.437972,225,8010
104.394343,30.350005,-1,8011
103.701731,30.602633,83,8012
103.985471,31.045909,-1,8013
103.952036,30.45587,-1,8014
103.887768,30.66085,136,8015
103.600949,31.064812,141,8016
104.334062,30.644427,229,8017
103.981576,30.785324,117,8018
104.158859,30.595382,-1,8019
104.323471,30.645009,80,8020
103.819114,30.465965,-1,8021
103.964536,30.637311,99,8022
104.202928,30.726035,37,8023
104.21186,30.686723,-1,8024
104.14501,30.589337,-1,8025
104.321602,31.116862,-1,8026
104.224855,30.794008,46,8027
103.880817,30.218789,-1,8028
103.816454,30.903702,-1,8029
103.914264,30.630315,1,8030
104.804325,30.152492,25,8031
104.244788,30.645232,42,8032
104.354676,30.993039,-1,8033
104.320619,30.281441,232,8034
104.10666,30.756284,-1,8035
104.323397,30.645056,80,8036
104.215493,30.821176,186,8037
104.294913,30.386969,-1,8038
104.32054,30.27794,45,8039
104.160932,30.643423,227,8040
103.978911,30.467515,-1,8041
103.599148,30.66135,-1,8042
103.980165,30.584985,-1,8043
103.959832,30.43786,174,8044
104.97353,29.871087,122,8045
103.90186,30.539565,-1,8046
104.318711,30.861212,8,8047
104.555455,30.35282,148,8048
103.781645,30.640366,-1,8049
104.990541,29.542423,218,8050
103.877356,30.491366,-1,8051
104.125173,30.769564,44,8052
103.898569,30.53678,-1,8053
104.121143,30.477555,-1,8054
104.022879,30.504164,-1,8055
103.880351,30.604073,233,8056
104.039882,29.116015,-1,8057
103.86513,30.779714,-1,8058
104.165993,30.71258,118,8059
103.873686,30.417101,72,8060
103.771303,30.436269,-1,8061
104.040965,30.593496,107,8062
103.906808,30.53616,-1,8063
104.557748,30.085458,-1,8064
103.817664,30.959003,-1,8065
103.997753,30.755171,-1,8066
103.918581,30.683431,19,8067
103.904505,30.395438,-1,8068
103.626029,30.402817,-1,8069
104.221424,30.638912,131,8070
103.898411,30.475016,-1,8071
104.128915,30.693419,-1,8072
104.142003,30.324985,-1,8073
104.223489,30.794307,46,8074
103.859672,31.066659,-1,8075
104.250184,30.77471,-1,8076
104.053095,30.456944,-1,8077
103.894327,30.35961,-1,8078
103.588464,30.773267,-1,8079
103.978678,30.461179,-1,8080
103.980897,30.468142,-1,8081
104.058881,30.446319,-1,8082
104.243033,30.645749,42,8083
104.085689,30.32961,-1,8084
104.131243,30.676984,-1,8085
104.20499,30.730943,210,8086
104.757556,30.910823,-1,8087
103.682031,30.596607,123,8088
104.869929,29.226372,-1,8089
104.212339,30.525983,-1,8090
103.939502,30.603089,-1,8091
103.893301,30.513711,158,8092
104.314096,30.709643,-1,8093
103.798467,29.772263,157,8094
104.008727,30.590917,208,8095
104.185094,30.727061,-1,8096
104.320371,30.277555,45,8097
103.819866,30.665131,-1,8098
103.958693,30.615078,-1,8099
104.099626,30.288494,-1,8100
103.433284,30.397012,-1,8101
104.250207,30.774531,-1,8102
103.969243,30.366402,120,8103
104.132581,30.686297,-1,8104
104.075988,30.761715,-1,8105
104.002105,30.454592,-1,8106
103.94904,30.515422,219,8107
104.325976,30.286275,-1,8108
103.831556,30.667607,-1,8109
104.072733,30.312622,-1,8110
104.504652,30.48834,-1,8111
103.949128,30.515723,219,8112
103.888228,30.591613,-1,8113
103.27749,29.569627,-1,8114
104.186958,30.707522,184,8115
104.326283,30.86016,66,8116
103.832608,30.641009,-1,8117
104.446531,30.473175,-1,8118
103.936092,30.757307,-1,8119
104.452781,30.483946,-1,8120
103.545311,30.589047,-1,8121
103.981372,30.785695,117,8122
104.011803,30.794509,-1,8123
104.045213,30.45391,-1,8124
104.109178,30.392519,-1,8125
103.64781,30.95163,-1,8126
104.645024,30.086674,-1,8127
103.897256,30.667066,36,8128
104.191798,30.790196,150,8129
104.757556,30.910823,-1,8130
104.246058,30.711147,-1,8131
104.611261,30.347862,-1,8132
104.056663,30.649124,-1,8133
104.093351,30.215634,-1,8134
104.020643,30.586197,-1,8135
104.164759,30.577087,-1,8136
103.690177,31.023021,-1,8137
103.960017,30.517647,-1,8138
103.974247,30.402805,-1,8139
103.678423,31.0299,128,8140
103.970912,30.76328,-1,8141
103.870727,30.760445,-1,8142
103.661348,30.961126,144,8143
104.100932,30.438846,-1,8144
104.294512,30.393387,-1,8145
104.107893,30.562365,-1,8146
103.897113,30.666665,36,8147
104.268836,30.578048,220,8148
103.678094,30.399412,-1,8149
103.493335,30.753175,-1,8150
104.078751,30.364973,-1,8151
104.059373,30.38744,-1,8152
104.173376,30.752217,-1,8153
104.235654,30.646404,23,8154
103.94758,30.455888,-1,8155
103.988012,30.723928,-1,8156
104.392818,30.283688,239,8157
104.049668,30.476842,90,8158
104.224722,30.794116,46,8159
103.944347,30.469419,-1,8160
104.309127,30.865215,11,8161
104.31992,30.276116,45,8162
103.905305,30.237129,-1,8163
103.729587,31.018409,-1,8164
104.318534,30.273253,-1,8165
104.105354,30.395534,-1,8166
104.135002,30.805985,127,8167
104.227427,30.858249,-1,8168
104.227348,30.64774,-1,8169
103.696701,30.656775,-1,8170
104.356996,31.07603,-1,8171
103.838048,30.899463,-1,8172
103.790619,29.635924,-1,8173
103.867164,30.535066,245,8174
103.798437,29.435928,-1,8175
104.469226,30.848147,255,8176
104.013807,29.141001,-1,8177
104.055362,30.719778,-1,8178
104.017169,30.845802,-1,8179
104.202665,30.725921,37,8180
103.553233,30.220918,160,8181
104.286786,30.678449,-1,8182
103.947902,30.327214,-1,8183
103.883619,30.665924,139,8184
103.893425,30.513739,158,8185
104.202875,31.188118,-1,8186
104.093655,30.581289,14,8187
104.215282,30.582598,6,8188
103.662991,30.97114,162,8189
104.367471,30.434573,-1,8190
104.079079,30.81821,-1,8191
103.916962,30.683867,19,8192
104.355907,30.742585,-1,8193
103.818706,30.854898,-1,8194
103.998015,30.757387,-1,8195
103.998674,30.756601,-1,8196
104.297001,30.996087,-1,8197
103.902332,30.835067,52,8198
103.89269,31.019994,-1,8199
103.880297,30.604186,233,8200
103.653024,30.920116,202,8201
104.021744,30.809049,-1,8202
104.75929,30.373521,-1,8203
103.828395,30.614412,-1,8204
103.680751,30.895029,-1,8205
103.952384,30.801713,-1,8206
103.964664,30.636803,99,8207
104.213824,30.606163,-1,8208
104.55165,30.735494,-1,8209
103.919091,30.476037,-1,8210
104.108986,30.776696,-1,8211
104.323436,30.644807,80,8212
104.645201,29.549629,-1,8213
104.023582,30.562435,-1,8214
103.028735,29.916144,-1,8215
104.045147,30.206386,-1,8216
104.555427,30.35276,148,8217
104.893753,30.168441,-1,8218
103.959662,30.942803,-1,8219
104.018211,29.13879,-1,8220
104.046123,30.551964,-1,8221
104.215461,30.820976,186,8222
103.666395,30.95763,-1,8223
104.100274,30.45952,77,8224
103.998199,31.281713,-1,8225
104.027357,30.495906,-1,8226
104.165821,30.71251,118,8227
104.120043,30.692843,-1,8228
104.328329,30.345812,-1,8229
103.981239,30.467888,-1,8230
104.081607,30.503982,-1,8231
104.105848,30.767479,-1,8232
103.989774,30.424006,-1,8233
104.171211,30.65971,-1,8234
104.123632,30.912521,-1,8235
104.204873,30.529661,-1,8236
103.851094,30.815213,-1,8237
103.969504,30.981846,64,8238
104.55534,30.352876,148,8239
104.031482,30.468219,-1,8240
104.316214,30.27694,45,8241
103.907991,30.808666,-1,8242
104.030486,30.737846,-1,8243
104.044842,30.444813,86,8244
103.834831,30.816682,-1,8245
104.045583,31.338144,-1,8246
103.936505,30.614086,55,8247
104.249028,30.77239,35,8248
103.871146,30.711272,-1,8249
104.555563,30.352743,148,8250
104.973618,29.871203,122,8251
103.482999,31.332152,-1,8252
104.028799,31.325402,-1,8253
103.874127,30.774221,-1,8254
103.719054,30.594483,-1,8255
104.031182,30.580035,-1,8256
103.938385,30.619936,130,8257
103.912387,30.630836,1,8258
103.888289,30.559965,-1,8259
104.052138,30.259577,258,8260
104.09817,30.454507,-1,8261
104.008739,30.565022,-1,8262
104.288192,30.696411,-1,8263
104.184885,30.544583,-1,8264
103.829334,30.623961,-1,8265
104.079129,30.685113,226,8266
103.891006,30.378186,-1,8267
104.582605,30.116157,207,8268
104.936759,30.282219,-1,8269
104.332326,30.756265,-1,8270
104.182845,30.765749,-1,8271
103.916991,30.684122,19,8272
103.970996,30.650555,93,8273
104.561725,30.393755,-1,8274
104.508867,30.354565,151,8275
103.843743,30.771348,-1,8276
104.173155,30.484395,7,8277
104.354553,30.435935,71,8278
103.95972,30.796882,-1,8279
104.745306,30.451666,-1,8280
104.30878,30.86569,11,8281
104.510989,30.352774,151,8282
103.636655,30.957146,-1,8283
104.241249,30.958142,-1,8284
103.78628,30.640153,-1,8285
104.003382,29.125101,-1,8286
104.125107,30.769473,44,8287
103.998744,30.521967,-1,8288
104.031917,30.321875,-1,8289
103.711105,30.322766,-1,8290
104.046432,30.558495,-1,8291
104.05467,30.654087,-1,8292
103.724741,30.578407,195,8293
103.969647,30.656677,-1,8294
104.269078,30.824034,-1,8295
104.442874,30.843069,-1,8296
104.038297,30.225516,-1,8297
103.696138,29.227951,-1,8298
104.326379,30.86046,66,8299
104.078957,30.818242,-1,8300
103.459857,30.746819,13,8301
103.862173,31.068827,-1,8302
103.876212,30.491269,-1,8303
104.077099,30.789013,-1,8304
103.714064,29.097214,-1,8305
104.401597,30.99726,265,8306
103.97855,30.904282,-1,8307
104.039761,30.597314,-1,8308
103.899641,30.61595,-1,8309
104.588808,30.726658,-1,8310
103.498395,30.569082,112,8311
103.613866,30.959931,-1,8312
103.935155,30.905734,59,8313
104.354056,30.435618,71,8314
103.924917,30.950025,153,8315
104.52286,30.437652,-1,8316
103.970402,30.650047,93,8317
104.433292,30.333315,-1,8318
104.093426,30.577396,-1,8319
104.052836,30.541689,246,8320
103.936365,30.905251,59,8321
103.923136,30.716752,132,8322
104.225982,30.525679,181,8323
103.806228,30.456436,-1,8324
103.965635,30.636533,99,8325
103.837442,30.357854,222,8326
103.673744,30.904003,-1,8327
103.887738,30.961197,-1,8328
104.056187,30.763236,142,8329
103.930435,30.425516,-1,8330
104.446531,30.473175,-1,8331
104.314376,31.124137,-1,8332
104.179088,30.783296,119,8333
104.186742,30.762356,-1,8334
104.572093,30.687361,224,8335
103.58632,30.746038,-1,8336
104.055808,30.457157,189,8337
103.83031,30.742086,-1,8338
104.210799,30.607959,30,8339
104.091203,30.52325,-1,8340
104.16495,30.573497,-1,8341
103.816436,30.633657,34,8342
104.069689,30.768391,146,8343
104.077047,30.230805,-1,8344
104.567813,30.706983,-1,8345
104.234686,30.646021,23,8346
104.146773,30.40573,-1,8347
103.952212,30.427938,-1,8348
104.368006,30.548721,-1,8349
103.872241,30.771271,-1,8350
103.438165,30.363582,-1,8351
104.29162,30.59304,-1,8352
104.236074,30.646524,23,8353
103.702059,30.851226,-1,8354
104.302547,30.955622,-1,8355
104.114609,30.579768,51,8356
104.325622,30.64582,-1,8357
103.558871,30.769262,-1,8358
104.139184,30.690841,-1,8359
104.327076,30.306097,163,8360
104.401244,30.997357,265,8361
104.104019,30.417671,-1,8362
104.138173,30.638278,-1,8363
103.976767,30.644462,-1,8364
103.964423,30.637171,99,8365
104.115151,30.579468,51,8366
104.005185,30.520467,-1,8367
104.488325,30.427025,213,8368
104.171094,30.638637,-1,8369
104.615112,30.163391,-1,8370
104.32338,30.341428,-1,8371
104.222098,30.908735,-1,8372
103.57776,30.851258,-1,8373
103.951323,30.637255,-1,8374
104.038427,30.351852,-1,8375
104.185744,31.632117,-1,8376
104.218919,30.655255,-1,8377
104.136429,30.416947,-1,8378
103.910778,30.400934,-1,8379
104.517456,30.391763,-1,8380
104.070606,30.689656,79,8381
103.8469,30.438416,-1,8382
103.920449,30.297583,-1,8383
103.902682,30.658361,28,8384
104.513995,30.619883,-1,8385
103.720673,30.562982,-1,8386
103.724653,30.327226,-1,8387
103.586305,30.388281,-1,8388
103.876277,30.609989,-1,8389
103.465724,30.754359,-1,8390
103.970977,30.469766,92,8391
104.422467,30.474325,164,8392
103.838385,30.360917,236,8393
104.254777,30.859166,0,8394
104.857602,29.752131,-1,8395
104.668374,30.087733,-1,8396
104.37186,30.86429,-1,8397
104.125107,30.769473,44,8398
104.326685,30.860063,66,8399
103.795318,30.649892,-1,8400
103.873858,30.4172,72,8401
104.167453,30.641569,-1,8402
104.093459,30.577191,-1,8403
104.127845,30.572242,-1,8404
103.896279,30.374277,-1,8405
103.912071,30.630924,1,8406
103.634256,30.952249,-1,8407
103.737722,30.511639,-1,8408
103.804533,30.455481,-1,8409
104.175207,30.664431,149,8410
103.453222,30.374722,247,8411
103.905414,30.810404,82,8412
103.940529,30.615409,191,8413
104.428806,31.149776,-1,8414
104.071973,30.254441,-1,8415
104.088438,30.548657,-1,8416
103.834831,30.816682,-1,8417
104.078769,30.847729,-1,8418
103.696138,29.227951,-1,8419
103.91647,30.369452,179,8420
103.909181,30.380462,-1,8421
104.051906,30.541252,246,8422
104.463957,30.490621,-1,8423
103.924517,30.949706,153,8424
104.092449,30.44598,-1,8425
103.607083,30.826582,-1,8426
103.936397,30.905783,59,8427
103.890075,30.601857,-1,8428
104.006227,30.52256,-1,8429
104.075026,30.360651,-1,8430
104.973233,29.870786,122,8431
103.678772,30.645073,-1,8432
104.095909,30.537996,169,8433
104.081325,30.694121,-1,8434
104.26363,29.943018,-1,8435
104.083752,30.417369,-1,8436
103.872761,30.779527,5,8437
104.309191,30.865031,11,8438
104.235446,30.646554,23,8439
104.49725,30.6826,-1,8440
103.972964,30.661929,-1,8441
104.114341,30.746876,-1,8442
104.331115,30.328797,-1,8443
103.946394,30.487779,-1,8444
103.916918,30.386592,-1,8445
103.825734,30.425483,-1,8446
103.983651,30.572611,-1,8447
103.862719,30.711155,10,8448
104.079971,30.513833,260,8449
104.226018,30.52499,181,8450
104.17762,29.978787,-1,8451
104.143628,30.394534,-1,8452
104.462386,31.234167,-1,8453
104.163226,30.603027,-1,8454
104.140233,30.827409,-1,8455
104.133937,30.647677,-1,8456
104.071967,30.268939,-1,8457
104.093187,30.581067,14,8458
104.057101,30.850418,-1,8459
104.509296,30.617391,-1,8460
104.244068,30.645416,42,8461
104.087902,30.749178,266,8462
104.083302,30.607376,-1,8463
103.944962,30.951784,-1,8464
104.379646,31.036453,-1,8465
104.099465,30.459139,77,8466
104.00185,30.884497,-1,8467
103.892913,30.397769,-1,8468
104.134425,30.66255,-1,8469
103.539665,30.552898,-1,8470
103.727313,30.559247,261,8471
103.883619,30.665924,139,8472
104.115832,30.584703,89,8473
104.180098,30.61965,175,8474
104.338662,30.315307,-1,8475
104.137662,30.41004,-1,8476
103.9402,30.752665,-1,8477
104.070869,30.75231,-1,8478
104.225097,30.672186,-1,8479
103.647435,30.951473,-1,8480
104.18598,30.552796,-1,8481
103.858163,30.706573,-1,8482
103.998338,30.139015,-1,8483
104.257236,30.726286,-1,8484
104.804309,30.153218,25,8485
104.071267,30.725226,62,8486
104.25243,30.646731,-1,8487
104.448432,30.472484,-1,8488
104.016108,29.142252,-1,8489
104.051643,30.259718,258,8490
104.072002,30.303889,-1,8491
104.237881,30.652771,12,8492
104.215542,30.649266,-1,8493
103.903138,30.658397,28,8494
103.937237,30.471553,-1,8495
104.075069,30.438165,-1,8496
104.101264,30.712829,-1,8497
104.172892,30.483959,7,8498
104.237749,30.652698,12,8499
103.81774,30.608423,-1,8500
103.157628,30.11683,-1,8501
104.327323,30.844268,-1,8502
104.06876,30.692767,79,8503
104.213678,30.583847,6,8504
102.736635,29.981508,-1,8505
103.89738,30.836136,54,8506
104.340417,30.322223,-1,8507
104.099846,30.459961,77,8508
104.075242,30.685593,-1,8509
104.741114,30.648904,-1,8510
103.952453,30.428026,-1,8511
103.483318,31.331959,-1,8512
104.202775,30.725894,37,8513
103.701733,30.602371,83,8514
103.793247,30.649912,-1,8515
104.148047,30.620915,-1,8516
103.983358,31.065728,-1,8517
104.211457,30.608563,30,8518
103.761998,30.394579,-1,8519
104.035104,30.532763,-1,8520
103.964677,30.637452,99,8521
103.950817,30.675108,-1,8522
104.162059,30.599844,103,8523
104.115592,30.580901,51,8524
104.003471,30.482974,-1,8525
104.077978,30.794592,57,8526
104.394402,30.350268,-1,8527
104.437329,30.007181,-1,8528
103.690046,31.045981,-1,8529
103.923017,30.717066,132,8530
103.982494,30.738277,-1,8531
104.175433,30.664315,149,8532
104.350741,30.663483,-1,8533
104.282977,29.622661,-1,8534
104.312403,30.874659,-1,8535
103.967633,30.64862,21,8536
104.326699,30.860141,66,8537
103.91271,30.824765,24,8538
104.077047,30.230805,-1,8539
104.018086,30.442506,-1,8540
103.897432,30.836462,54,8541
103.509162,30.562699,256,8542
104.254168,30.859089,0,8543
103.856341,30.627651,-1,8544
104.028547,30.472803,-1,8545
104.056559,30.395161,-1,8546
104.294721,29.659585,-1,8547
104.173087,30.484822,7,8548
103.681763,30.29032,-1,8549
103.442258,30.401731,-1,8550
104.462386,31.234167,-1,8551
104.054716,30.653793,-1,8552
103.464633,30.449645,-1,8553
103.789927,30.688453,-1,8554
104.051689,30.757763,-1,8555
103.662642,31.042986,-1,8556
104.112428,30.753032,121,8557
103.414763,30.757254,-1,8558
104.492941,30.321776,97,8559
103.83706,30.948716,-1,8560
103.843495,30.673421,-1,8561
103.813217,30.631153,34,8562
104.229108,30.791608,-1,8563
104.208745,30.744985,-1,8564
104.492477,30.32199,97,8565
103.964021,30.624032,-1,8566
104.690651,30.326311,-1,8567
104.368322,30.289099,-1,8568
103.777641,30.613633,-1,8569
104.119453,30.771896,161,8570
104.24393,30.645837,42,8571
104.115417,30.417721,32,8572
104.477678,30.502927,-1,8573
104.327188,30.307213,163,8574
104.186649,30.64757,-1,8575
103.896094,30.736162,-1,8576
103.957796,30.439063,-1,8577
103.708001,30.902856,-1,8578
104.068286,30.183576,-1,8579
103.719536,30.592673,-1,8580
103.653127,30.920328,202,8581
104.055385,30.258368,-1,8582
104.108827,30.727436,-1,8583
103.796933,30.398348,-1,8584
104.174878,30.78905,-1,8585
103.861031,30.591016,-1,8586
103.990423,30.454495,-1,8587
104.320252,30.277839,45,8588
103.953528,30.65578,-1,8589
104.24249,30.650333,60,8590
104.070499,30.72603,62,8591
104.97895,30.295427,-1,8592
104.17736,30.718661,9,8593
104.052162,30.541604,246,8594
104.006046,30.519237,-1,8595
104.237373,30.64794,23,8596
103.887328,30.592976,-1,8597
103.837487,30.357779,222,8598
104.016968,30.652151,-1,8599
103.964252,30.571735,-1,8600
104.311936,30.632989,-1,8601
104.18587,30.719254,166,8602
103.883619,30.665924,139,8603
103.850985,30.367911,-1,8604
103.56035,30.752409,-1,8605
103.674579,30.905301,192,8606
104.253894,30.608227,-1,8607
104.262102,30.807881,-1,8608
103.887409,30.572181,-1,8609
103.780845,29.443769,-1,8610
104.069606,30.690903,79,8611
104.320954,30.281368,232,8612
103.6748,30.645146,-1,8613
104.106932,30.587351,209,8614
104.198907,30.51025,63,8615
103.983626,30.45385,105,8616
104.148504,30.401062,-1,8617
104.384714,30.76451,-1,8618
103.999103,30.478523,-1,8619
104.512843,30.420181,76,8620
103.782046,30.675573,-1,8621
104.034548,30.465125,-1,8622
103.981659,30.535357,-1,8623
104.112796,30.940622,-1,8624
104.046267,30.553229,-1,8625
104.037321,30.461449,-1,8626
104.079718,30.759292,-1,8627
104.322113,30.711952,-1,8628
104.255506,30.531138,108,8629
104.329443,30.853879,-1,8630
104.475758,30.427641,-1,8631
104.050828,30.47621,90,8632
103.991005,30.739366,242,8633
103.642775,30.942388,172,8634
104.67334,30.054524,-1,8635
104.501379,30.474515,-1,8636
104.525835,30.664938,-1,8637
103.943398,30.335966,-1,8638
104.052406,30.245917,196,8639
103.896061,30.726454,-1,8640
104.074042,30.527986,-1,8641
104.081626,30.520477,-1,8642
104.121022,30.549612,-1,8643
103.802066,31.025987,-1,8644
103.888105,30.556214,183,8645
104.076388,30.379523,-1,8646
104.071978,30.294338,-1,8647
103.954866,30.784217,-1,8648
103.904328,30.351686,-1,8649
103.866599,30.556936,-1,8650
104.04606,30.471488,-1,8651
103.724369,30.327736,-1,8652
104.21475,30.821124,186,8653
104.366655,30.307048,-1,8654
103.678244,30.338569,-1,8655
104.760567,30.371309,-1,8656
103.916843,30.397672,73,8657
103.863901,30.599988,-1,8658
104.060617,30.598546,-1,8659
103.681915,30.301805,-1,8660
103.642829,30.943391,172,8661
103.964592,30.636875,99,8662
103.819419,30.665654,-1,8663
103.831,30.862966,-1,8664
103.99561,30.613466,203,8665
104.271846,30.865276,-1,8666
103.789442,30.414944,-1,8667
103.96747,30.736557,-1,8668
104.055294,30.678538,-1,8669
104.22674,30.792499,159,8670
104.543966,30.707981,-1,8671
104.037252,30.329142,-1,8672
103.866473,30.774214,-1,8673
104.493957,30.610425,-1,8674
103.802348,30.421626,-1,8675
104.073611,30.527308,-1,8676
103.921139,30.701183,-1,8677
104.405203,31.074648,-1,8678
104.57009,30.350047,-1,8679
103.719558,30.592673,-1,8680
104.597008,30.339166,-1,8681
103.7013,31.030513,-1,8682
104.26895,30.72814,-1,8683
104.03589,30.752086,-1,8684
103.499061,31.001131,-1,8685
104.455222,30.488525,-1,8686
103.458386,30.47411,-1,8687
104.077689,30.794572,57,8688
104.200773,30.55064,-1,8689
103.959422,30.574714,-1,8690
104.168682,30.741594,91,8691
103.873314,30.828807,-1,8692
103.717004,31.021746,-1,8693
104.223489,30.794307,46,8694
104.202753,30.725866,37,8695
104.134636,30.371254,-1,8696
103.662944,30.97112,162,8697
103.885279,30.260754,-1,8698
103.959953,30.620997,-1,8699
104.125309,30.784154,-1,8700
103.79276,30.461016,-1,8701
104.21212,30.609173,30,8702
104.099723,30.949091,-1,8703
104.177668,29.978753,-1,8704
104.309834,30.271151,-1,8705
104.071083,30.72524,62,8706
104.099685,30.467136,17,8707
104.182217,30.457263,-1,8708
103.680259,30.399182,-1,8709
104.318452,30.272059,-1,8710
104.024914,31.385284,-1,8711
104.088446,30.45441,-1,8712
104.196726,30.961265,-1,8713
103.558264,30.752587,-1,8714
103.66625,30.43025,-1,8715
104.07969,30.513165,260,8716
104.19158,30.60119,-1,8717
104.001656,30.586067,-1,8718
103.91257,30.82485,24,8719
103.641383,30.943716,172,8720
103.480669,30.42242,-1,8721
103.936578,30.783023,-1,8722
104.070134,30.767989,146,8723
103.936165,30.905382,59,8724
103.89275,30.4476,56,8725
103.695996,30.653407,-1,8726
104.505735,30.500907,-1,8727
104.015662,30.616367,-1,8728
103.459643,30.496683,-1,8729
103.892474,31.020028,-1,8730
103.879626,30.404512,96,8731
104.489725,30.493852,65,8732
103.936781,30.613981,55,8733
103.945417,30.554694,-1,8734
103.872549,30.631061,-1,8735
104.126352,30.378454,-1,8736
103.812103,30.632169,34,8737
104.186122,30.720391,166,8738
103.867656,30.472211,-1,8739
104.076585,30.295927,-1,8740
104.57197,30.687376,224,8741
103.51054,30.562231,256,8742
104.616515,30.158091,-1,8743
104.040974,30.593328,107,8744
103.956864,30.031006,-1,8745
104.080261,30.69457,-1,8746
104.150193,30.577855,-1,8747
104.05274,30.539757,-1,8748
103.712295,30.322641,-1,8749
104.365896,30.857178,-1,8750
103.741269,30.694562,126,8751
103.899893,30.731691,-1,8752
104.164308,30.658816,15,8753
104.225118,30.707506,125,8754
103.716498,30.405843,-1,8755
103.893367,30.51356,158,8756
104.764517,30.369953,-1,8757
104.091357,30.690751,-1,8758
104.027376,30.766814,-1,8759
104.31179,30.299238,48,8760
104.076585,30.295927,-1,8761
104.099098,30.414042,-1,8762
103.956135,31.007794,-1,8763
104.389748,30.906898,-1,8764
103.728234,30.559182,261,8765
103.441952,30.354452,-1,8766
104.7565,30.633066,-1,8767
103.985984,30.454006,-1,8768
104.244989,30.553683,171,8769
104.033148,30.322243,-1,8770
103.701717,30.602445,83,8771
104.273089,30.681105,-1,8772
104.011652,30.590857,-1,8773
103.79088,30.667066,200,8774
104.125349,30.769399,44,8775
104.225116,30.647679,-1,8776
104.057657,30.389212,-1,8777
104.056226,30.847737,4,8778
103.490886,30.537832,-1,8779
103.617073,30.976287,-1,8780
103.923186,30.71713,132,8781
103.965371,30.467185,-1,8782
104.226651,30.792439,159,8783
104.016545,30.52868,-1,8784
104.135761,30.40787,-1,8785
104.136885,30.527036,-1,8786
104.584872,30.355341,-1,8787
104.099373,30.466962,17,8788
104.007505,30.567978,-1,8789
104.055677,30.45699,189,8790
104.43545,30.600714,-1,8791
103.505786,30.558928,-1,8792
103.912552,30.527,-1,8793
104.05085,30.476239,90,8794
104.10723,30.740669,102,8795
103.922367,30.279897,-1,8796
103.942174,30.332835,-1,8797
103.588221,30.953501,-1,8798
104.224373,30.67528,238,8799
103.676007,30.905987,192,8800
104.240419,30.802144,-1,8801
104.203583,30.725987,37,8802
104.120977,30.500953,3,8803
103.653056,30.920064,202,8804
104.052612,30.474052,58,8805
104.207362,30.525105,95,8806
104.086117,30.777748,-1,8807
104.662907,31.090812,234,8808
103.760101,30.355189,-1,8809
104.226389,30.525266,181,8810
104.466164,31.043149,-1,8811
103.909103,30.542971,176,8812
104.12141,30.539638,143,8813
104.096607,30.831026,-1,8814
104.321031,30.2813,232,8815
103.950944,30.018969,-1,8816
103.955429,30.765211,-1,8817
104.163197,30.572903,-1,8818
103.977804,30.688533,26,8819
104.39756,30.824085,81,8820
104.040284,30.247442,-1,8821
103.87653,30.490786,-1,8822
103.835573,30.320782,-1,8823
104.056256,30.847715,4,8824
104.055824,30.457505,189,8825
104.422472,30.474386,164,8826
104.249737,30.774777,-1,8827
104.52219,30.663009,173,8828
103.936425,30.614202,55,8829
103.874248,30.417136,72,8830
104.318527,30.861246,8,8831
103.837632,30.357836,222,8832
104.418133,30.389788,-1,8833
103.831034,30.617804,-1,8834
104.008554,30.478722,-1,8835
104.235654,30.64642,23,8836
104.532297,30.66466,-1,8837
103.990673,30.733047,-1,8838
103.916938,30.684066,19,8839
103.979663,31.072734,-1,8840
103.944411,30.502342,-1,8841
103.974949,30.564312,-1,8842
103.88811,30.661391,136,8843
104.226049,30.791648,159,8844
104.134562,30.805953,127,8845
104.556107,30.099135,-1,8846
104.020339,29.139562,197,8847
103.962053,30.934999,-1,8848
104.15276,30.781682,70,8849
104.061534,30.653763,-1,8850
103.829023,30.396476,-1,8851
104.341053,30.917531,-1,8852
104.197819,30.961176,-1,8853
103.958069,30.662937,187,8854
104.401464,31.061507,-1,8855
103.474688,30.431549,-1,8856
104.234838,30.645938,23,8857
103.601093,31.064612,141,8858
104.114474,30.749785,69,8859
103.95668,30.030453,-1,8860
103.823033,30.950144,-1,8861
103.654816,30.664419,-1,8862
104.077481,30.79483,57,8863
103.921041,30.702688,-1,8864
104.404743,31.330366,-1,8865
104.221382,30.638395,131,8866
104.481944,30.458649,-1,8867
104.076006,30.23907,-1,8868
103.925194,30.957595,-1,8869
104.072695,30.398627,-1,8870
104.227872,30.79053,-1,8871
104.23793,30.652781,12,8872
104.032502,30.858506,-1,8873
103.674835,30.902547,-1,8874
103.89284,30.447472,56,8875
103.527606,31.415653,250,8876
103.934604,30.548682,-1,8877
104.594421,31.768218,-1,8878
103.929652,30.672075,-1,8879
103.955256,30.919648,-1,8880
103.6328,30.581259,-1,8881
104.197314,30.544878,-1,8882
103.081715,30.373796,-1,8883
104.076297,30.796361,-1,8884
103.958371,30.668255,-1,8885
103.640211,30.945262,-1,8886
103.940311,30.614183,47,8887
104.2976,31.034976,-1,8888
104.076796,30.650323,-1,8889
104.112029,30.753069,121,8890
104.093454,30.44196,-1,8891
104.300169,30.389507,-1,8892
103.670489,30.911326,-1,8893
104.110211,30.77538,-1,8894
103.914074,30.675479,243,8895
104.165826,30.677454,-1,8896
103.927286,30.473918,-1,8897
104.221058,30.896695,-1,8898
104.368114,30.295293,-1,8899
103.950547,30.845569,-1,8900
104.071081,30.67652,-1,8901
104.073536,30.818842,-1,8902
103.845208,30.403801,-1,8903
104.373445,30.487426,-1,8904
103.936296,30.732925,-1,8905
104.165037,30.658772,15,8906
104.215018,30.583261,6,8907
104.165449,30.658883,15,8908
103.939768,30.614309,47,8909
104.211396,30.526648,-1,8910
103.807791,31.171068,-1,8911
103.88177,30.367038,-1,8912
103.97031,30.762314,-1,8913
104.034328,30.601983,-1,8914
102.202495,29.683917,-1,8915
104.174658,30.663632,149,8916
104.178854,30.783081,119,8917
104.100566,30.498325,155,8918
104.083227,30.577675,-1,8919
104.255338,30.530954,108,8920
103.090576,29.970902,-1,8921
104.072117,30.35231,-1,8922
103.780516,30.4043,-1,8923
104.020893,29.139276,197,8924
104.367641,30.288882,-1,8925
104.669519,29.504054,135,8926
103.95103,30.916983,-1,8927
104.215656,30.353154,-1,8928
104.498177,31.729686,-1,8929
103.767861,30.423448,-1,8930
103.922833,30.716942,132,8931
104.224268,30.675307,238,8932
103.936101,30.905332,59,8933
104.578033,30.730784,-1,8934
103.993097,30.74551,-1,8935
103.998271,31.282096,-1,8936
104.111296,30.576949,-1,8937
104.662193,31.091893,234,8938
104.225214,30.997928,-1,8939
104.317898,30.276477,45,8940
104.110487,30.509162,-1,8941
103.514849,30.405606,-1,8942
103.956831,30.030895,-1,8943
104.349689,30.509062,-1,8944
104.323754,30.645103,80,8945
103.872257,30.257322,-1,8946
104.01396,30.617281,-1,8947
103.439702,30.990094,-1,8948
104.173258,30.656014,-1,8949
103.97338,30.468966,92,8950
103.853119,30.819434,-1,8951
104.166729,30.659116,-1,8952
104.064129,30.438506,-1,8953
104.164457,30.594586,-1,8954
104.172423,30.718573,-1,8955
103.654599,30.664369,-1,8956
104.176801,30.771163,-1,8957
104.252983,30.273994,-1,8958
104.005278,30.480863,-1,8959
104.077978,30.794592,57,8960
103.890173,30.516211,-1,8961
104.067061,30.381373,-1,8962
104.238332,30.842152,-1,8963
104.060414,31.245427,110,8964
104.318543,30.861296,8,8965
103.802192,30.429143,-1,8966
103.678748,30.8849,-1,8967
104.297463,31.035008,-1,8968
104.460322,30.607519,-1,8969
104.052406,30.245929,196,8970
104.206573,30.753612,-1,8971
103.687174,30.400753,-1,8972
103.935329,30.603133,-1,8973
104.1158,30.584311,89,8974
104.213891,30.651423,16,8975
103.505874,30.744806,-1,8976
103.935155,30.905734,59,8977
104.114533,30.824674,-1,8978
104.054142,30.260859,-1,8979
104.215333,30.82086,186,8980
104.052936,30.455433,-1,8981
103.697364,30.407419,-1,8982
103.961251,30.940601,206,8983
103.936689,30.613936,55,8984
104.11351,30.579202,51,8985
104.24017,30.802981,-1,8986
103.838696,30.35925,236,8987
104.280879,30.700058,-1,8988
104.12047,30.581261,-1,8989
103.840285,30.678214,-1,8990
103.890808,30.701889,-1,8991
104.060446,31.245477,110,8992
104.161231,30.599896,103,8993
104.025166,30.495134,-1,8994
103.992859,30.745978,156,8995
104.036298,30.489354,-1,8996
104.198546,30.582057,33,8997
103.937754,30.614094,55,8998
104.250904,30.536207,-1,8999
104.066054,30.661933,-1,9000
104.339884,30.777273,-1,9001
104.215927,30.580228,-1,9002
104.392818,30.283688,239,9003
103.837631,30.357188,222,9004
103.491307,30.537586,-1,9005
103.924445,30.949876,153,9006
103.743292,30.735296,-1,9007
103.469459,30.392451,-1,9008
104.008783,30.59067,208,9009
103.9548,30.491868,147,9010
104.041433,30.593313,107,9011
104.072875,30.685759,-1,9012
104.101371,30.497908,155,9013
104.361115,30.309841,-1,9014
104.132766,30.651136,-1,9015
104.485027,30.348469,-1,9016
104.650263,30.966751,-1,9017
103.723552,30.660511,-1,9018
103.723309,30.406667,-1,9019
103.891833,30.777671,-1,9020
104.562957,30.067449,-1,9021
103.991457,30.468053,-1,9022
104.037518,30.588112,-1,9023
103.65467,30.926181,259,9024
104.23793,30.652781,12,9025
104.078875,30.365883,-1,9026
104.03711,30.148366,-1,9027
104.651007,30.048783,-1,9028
104.078609,30.515844,-1,9029
104.191616,30.790356,150,9030
104.243157,30.650418,60,9031
104.132282,30.667243,-1,9032
104.231134,30.789643,-1,9033
103.807185,29.678117,-1,9034
103.67804,31.029904,128,9035
104.15298,30.725662,124,9036
103.986308,30.215845,-1,9037
104.242502,30.650188,60,9038
103.883619,30.665924,139,9039
104.148187,30.719121,-1,9040
104.172971,30.48402,7,9041
104.244972,30.645266,42,9042
103.489787,30.184612,177,9043
104.112626,30.752656,121,9044
104.07198,30.257633,-1,9045
104.250242,30.578108,-1,9046
104.449727,30.480666,22,9047
104.268746,30.644052,-1,9048
104.078808,30.563005,-1,9049
103.916268,30.369181,179,9050
103.819263,30.907272,-1,9051
104.184302,31.021585,-1,9052
103.899013,30.726773,-1,9053
103.601643,30.831268,-1,9054
104.326577,30.888945,-1,9055
103.707768,30.927351,-1,9056
103.94225,30.279607,-1,9057
103.246433,30.224488,-1,9058
104.115002,30.579712,51,9059
104.281415,30.648605,-1,9060
104.103361,30.532655,87,9061
104.172956,30.485044,7,9062
104.119829,30.716804,-1,9063
103.935516,30.905613,59,9064
104.115344,30.580172,51,9065
104.090464,30.739932,244,9066
104.165019,30.658756,15,9067
103.45839,30.43109,-1,9068
104.091269,30.740224,244,9069
103.999504,30.46841,-1,9070
103.963212,30.658155,-1,9071
103.936571,30.614012,55,9072
104.067715,30.667181,-1,9073
104.578061,30.113963,-1,9074
103.414763,30.757254,-1,9075
104.390928,30.284387,263,9076
104.342187,31.150103,-1,9077
103.771303,30.436269,-1,9078
103.09685,30.064436,-1,9079
103.781844,30.675862,-1,9080
103.902425,30.658659,28,9081
104.106577,30.587198,209,9082
103.915213,30.419311,-1,9083
103.762,30.414584,-1,9084
104.198641,30.581988,33,9085
103.902017,30.834301,52,9086
104.006425,30.592306,29,9087
104.04088,30.118439,-1,9088
104.354397,30.435821,71,9089
103.613746,30.871079,-1,9090
104.756644,30.633032,-1,9091
104.235542,30.646486,23,9092
103.851386,30.437281,-1,9093
103.535278,30.747924,-1,9094
104.48943,30.493935,65,9095
104.176378,30.778668,-1,9096
104.109327,31.020858,-1,9097
104.069443,30.768639,146,9098
104.567805,30.706963,-1,9099
103.917102,30.386484,-1,9100
103.873744,30.417287,72,9101
103.88882,30.780851,-1,9102
104.499272,30.467577,-1,9103
103.792365,30.187282,-1,9104
103.941001,30.936182,-1,9105
104.238737,30.56237,-1,9106
104.100739,30.594743,-1,9107
103.664075,30.901,-1,9108
103.451804,30.3752,247,9109
103.952343,30.796051,-1,9110
103.685014,30.298513,-1,9111
104.394512,30.350232,-1,9112
103.222129,30.173285,-1,9113
104.315582,30.303007,165,9114
104.114971,30.751298,69,9115
103.510665,30.562182,256,9116
104.115377,30.418239,32,9117
104.092704,30.448426,-1,9118
104.080608,30.513206,260,9119
103.938277,30.616223,88,9120
103.959663,30.43828,174,9121
103.960064,30.578417,-1,9122
104.137433,30.474385,-1,9123
103.839149,30.317993,-1,9124
103.95397,30.920421,-1,9125
104.309271,30.865516,11,9126
104.235741,30.646354,23,9127
104.642053,29.527743,-1,9128
104.164843,30.658497,15,9129
103.91912,30.784947,-1,9130
104.634363,30.407365,-1,9131
103.493638,30.538672,-1,9132
103.834446,30.322862,-1,9133
103.851699,30.707285,-1,9134
104.45541,30.487018,-1,9135
103.882528,30.525172,-1,9136
104.116036,30.763524,-1,9137
103.77926,30.607321,-1,9138
104.119825,30.387988,-1,9139
103.952309,30.42812,-1,9140
104.058963,30.63622,-1,9141
104.57872,30.729783,-1,9142
104.38661,30.285347,-1,9143
104.201797,30.738621,-1,9144
104.242775,30.650219,60,9145
104.122056,30.753985,-1,9146
103.68761,31.090227,-1,9147
104.803701,30.152711,25,9148
104.220948,30.63849,131,9149
103.987144,30.720779,-1,9150
104.010079,30.736287,-1,9151
104.523953,30.666196,-1,9152
103.658376,30.961997,-1,9153
104.16434,30.658681,15,9154
103.911929,30.798457,-1,9155
104.161291,30.599747,103,9156
104.319162,30.285513,-1,9157
104.153224,30.615952,-1,9158
103.689941,31.011644,-1,9159
103.937708,30.61904,130,9160
104.069727,30.692202,79,9161
104.469393,30.847896,255,9162
103.883569,30.666293,139,9163
104.202915,30.598322,-1,9164
104.155006,30.521213,-1,9165
103.839287,29.975165,-1,9166
104.09772,30.457922,-1,9167
103.489803,30.184576,177,9168
104.198135,30.581909,33,9169
103.882793,30.665916,139,9170
104.353835,30.995865,115,9171
103.936505,30.613802,55,9172
103.963022,30.655743,-1,9173
103.976093,30.456137,-1,9174
104.243157,30.650418,60,9175
104.432422,30.472686,-1,9176
103.937836,30.618944,130,9177
104.66908,30.08785,-1,9178
103.947225,30.673789,-1,9179
104.100172,30.438004,-1,9180
104.102327,30.659577,-1,9181
104.083976,30.59745,-1,9182
104.11723,30.537634,-1,9183
103.761079,30.410383,-1,9184
103.81331,30.632669,34,9185
103.754201,31.014905,-1,9186
104.210179,30.606851,30,9187
104.047326,30.428105,50,9188
103.912027,30.979003,-1,9189
103.926843,30.950664,-1,9190
103.516809,30.578509,-1,9191
103.830793,30.395155,-1,9192
103.884709,30.388486,41,9193
103.949164,30.934417,-1,9194
104.327265,30.307169,163,9195
103.978081,30.20011,212,9196
104.537174,30.365757,201,9197
104.064014,30.438588,-1,9198
103.898728,31.008785,-1,9199
104.477534,30.598918,-1,9200
104.805005,30.151105,25,9201
104.113805,30.772283,-1,9202
104.120049,30.772691,161,9203
104.052422,30.246167,196,9204
104.041433,30.593313,107,9205
104.354169,30.435634,71,9206
103.6414,30.931411,-1,9207
104.389843,30.284651,263,9208
104.059909,30.648519,-1,9209
103.958246,30.663031,187,9210
104.239818,30.598485,-1,9211
104.06159,30.493135,-1,9212
104.13359,30.399164,-1,9213
104.070206,30.724802,62,9214
104.090664,30.5276,-1,9215
103.53624,30.747948,-1,9216
103.096946,30.064252,-1,9217
104.19799,30.581921,33,9218
103.887049,30.528711,137,9219
104.067825,30.444707,-1,9220
104.177054,30.718836,9,9221
104.785597,29.795979,-1,9222
104.291993,30.877606,-1,9223
103.936794,30.613252,55,9224
104.552189,30.716205,231,9225
103.94478,30.528468,-1,9226
103.851052,30.820464,252,9227
103.794282,30.875209,-1,9228
104.554474,30.101946,-1,9229
103.939632,30.620797,-1,9230
103.908337,30.543207,176,9231
103.547516,30.215266,-1,9232
104.11324,30.508071,-1,9233
104.071165,30.689424,79,9234
104.386898,30.864917,-1,9235
104.311001,30.298085,48,9236
104.424156,30.392666,-1,9237
104.212634,30.512617,-1,9238
103.497009,30.547224,230,9239
104.597876,30.700925,-1,9240
104.203317,30.725851,37,9241
104.164761,30.659377,15,9242
104.153157,30.725712,124,9243
104.302313,30.378063,-1,9244
103.999422,30.247739,-1,9245
103.89304,30.633792,-1,9246
104.847201,29.754436,248,9247
104.326675,30.286398,-1,9248
104.41408,30.945807,-1,9249
104.101466,30.497315,155,9250
104.299141,30.387845,-1,9251
104.29746,31.035003,-1,9252
103.996848,31.140841,-1,9253
103.937039,30.613679,55,9254
104.186122,30.720391,166,9255
104.341987,31.150486,-1,9256
104.64942,31.136594,-1,9257
104.255466,30.531306,108,9258
104.353441,30.995964,115,9259
103.840926,30.353354,-1,9260
103.489771,30.184612,177,9261
103.940652,30.615331,191,9262
104.326486,30.860198,66,9263
104.168997,30.532059,-1,9264
103.942923,30.750584,-1,9265
104.136429,30.416947,-1,9266
103.913596,30.993916,-1,9267
104.076455,30.723591,-1,9268
104.16107,30.691656,-1,9269
103.623639,30.519697,-1,9270
103.905305,30.237129,-1,9271
104.536326,30.705032,-1,9272
104.237518,30.652888,12,9273
103.960159,30.165761,-1,9274
104.218553,30.573815,-1,9275
104.038619,30.35173,-1,9276
104.047031,30.42813,50,9277
104.19858,30.739313,-1,9278
103.881361,31.087642,-1,9279
104.069823,30.768715,146,9280
104.09971,30.467086,17,9281
104.097901,30.440641,-1,9282
104.069899,30.768487,146,9283
104.112092,30.752729,121,9284
104.041189,30.558603,-1,9285
104.529908,30.427642,-1,9286
103.983077,30.469644,-1,9287
103.729087,30.327965,-1,9288
104.528278,30.581167,-1,9289
103.465551,30.43782,225,9290
104.350444,30.826783,-1,9291
103.8766,30.491135,-1,9292
103.890956,30.772015,-1,9293
104.017195,30.585315,-1,9294
103.78158,30.627717,-1,9295
104.323746,30.6451,80,9296
103.981261,30.784801,117,9297
104.101648,30.534306,-1,9298
104.303985,30.646089,-1,9299
104.189741,30.505479,-1,9300
104.440972,30.831575,-1,9301
104.006948,30.570274,-1,9302
103.958587,30.612353,-1,9303
103.882799,30.443445,-1,9304
103.937307,30.811354,-1,9305
104.297001,30.996087,-1,9306
104.165557,30.628658,-1,9307
104.040867,30.663122,-1,9308
104.089698,30.741487,244,9309
103.957563,30.046303,-1,9310
104.043499,30.205863,-1,9311
104.026728,30.514381,-1,9312
103.974108,30.964681,-1,9313
104.050576,30.750161,-1,9314
104.235075,30.498517,-1,9315
104.569437,30.37204,-1,9316
103.890208,30.662519,-1,9317
104.48813,30.493225,65,9318
104.162555,30.698721,-1,9319
103.855873,31.70361,-1,9320
104.478171,30.4898,-1,9321
103.912645,30.824763,24,9322
104.02638,30.537632,-1,9323
103.818463,30.56951,-1,9324
103.984271,30.578332,-1,9325
104.162442,31.203338,-1,9326
104.384666,30.763639,-1,9327
104.006672,30.592353,29,9328
103.967296,30.648479,21,9329
104.075087,30.644435,-1,9330
103.908344,30.660378,-1,9331
104.213532,30.744972,-1,9332
104.636098,30.927628,-1,9333
103.826458,30.422253,-1,9334
104.134529,30.603396,-1,9335
104.247697,30.576538,-1,9336
103.989489,30.596616,-1,9337
104.233344,30.717683,-1,9338
104.106873,30.768791,-1,9339
103.956784,30.030611,-1,9340
103.936933,30.774389,-1,9341
103.958048,30.431695,-1,9342
104.287008,30.677864,-1,9343
103.95773,30.598049,-1,9344
103.916515,30.369192,179,9345
103.924398,31.062927,-1,9346
103.888336,30.60032,-1,9347
103.912406,30.630954,1,9348
104.495668,30.417811,-1,9349
104.202108,31.631321,-1,9350
104.32523,30.293008,-1,9351
103.647435,30.951473,-1,9352
103.973487,30.408359,-1,9353
103.701493,30.602313,83,9354
104.040539,30.668991,-1,9355
104.09375,30.441922,-1,9356
104.061254,30.492341,-1,9357
103.94781,31.015115,-1,9358
104.25725,30.530551,-1,9359
103.639857,30.58907,-1,9360
104.083176,30.752234,-1,9361
103.751468,30.346443,-1,9362
104.199635,31.189052,-1,9363
104.112534,30.718218,-1,9364
103.380092,30.36816,-1,9365
104.285623,30.65914,-1,9366
104.17533,30.66446,149,9367
103.647203,30.546972,-1,9368
104.183273,30.717374,168,9369
104.225509,30.611499,-1,9370
104.210879,30.743891,-1,9371
104.236062,30.647005,23,9372
104.098585,30.885143,-1,9373
104.078192,30.684452,226,9374
103.937064,30.613421,55,9375
104.59221,30.019286,253,9376
104.072047,30.410322,-1,9377
104.242811,30.650605,60,9378
103.944331,30.527797,-1,9379
104.234622,30.646203,23,9380
104.026747,30.687937,-1,9381
104.307989,30.707792,-1,9382
103.574218,31.022205,-1,9383
104.087431,30.420498,-1,9384
103.880449,30.604522,233,9385
104.32338,30.341428,-1,9386
103.941271,30.919498,-1,9387
104.156961,30.704248,-1,9388
102.226414,31.897155,-1,9389
104.528397,31.864581,-1,9390
104.078039,30.68429,226,9391
103.887521,30.582015,-1,9392
104.396547,31.064981,-1,9393
103.551571,30.217825,-1,9394
104.071993,30.299463,-1,9395
104.054589,30.65381,-1,9396
104.271395,30.864728,-1,9397
103.967032,30.648318,21,9398
103.974398,30.542695,-1,9399
104.12477,30.768946,44,9400
103.981686,30.785017,117,9401
104.183274,30.710537,39,9402
104.090775,30.435864,-1,9403
103.936657,30.782983,-1,9404
104.037839,30.65903,75,9405
103.883515,30.719634,-1,9406
104.539158,31.859747,-1,9407
103.824053,30.423011,-1,9408
103.967216,30.648372,21,9409
103.875443,30.719293,-1,9410
104.311957,30.846818,-1,9411
103.948255,30.665292,-1,9412
103.886657,30.528353,137,9413
103.871642,30.289893,-1,9414
104.671261,30.053888,-1,9415
103.938787,30.549053,-1,9416
104.077385,30.794566,57,9417
104.315742,30.303201,165,9418
103.838376,30.316676,-1,9419
104.010547,30.517221,-1,9420
104.479887,30.484028,-1,9421
104.311733,30.633016,-1,9422
103.940529,30.615409,191,9423
104.242593,30.651067,60,9424
104.510506,30.352979,151,9425
104.203471,30.726343,37,9426
103.925998,30.951247,153,9427
104.025729,30.823346,-1,9428
103.796121,31.16707,-1,9429
104.022129,29.137809,-1,9430
103.826204,30.612869,-1,9431
104.069804,30.768603,146,9432
103.999746,30.608889,-1,9433
103.601574,31.064154,141,9434
103.956738,30.656207,-1,9435
104.132176,30.395941,-1,9436
103.532193,31.404358,262,9437
103.875113,30.278523,-1,9438
103.701377,30.60277,83,9439
104.434785,30.977705,-1,9440
103.937259,30.614787,55,9441
104.310972,30.87039,-1,9442
104.224085,30.566481,18,9443
103.884769,30.374627,-1,9444
104.08785,30.749028,266,9445
104.061603,30.418927,84,9446
102.014067,31.374367,-1,9447
104.211184,30.608645,30,9448
104.16368,30.384205,-1,9449
104.391217,30.301121,-1,9450
104.345564,30.806867,-1,9451
103.989151,30.726445,-1,9452
103.442176,30.353929,-1,9453
104.323448,30.645011,80,9454
103.554626,30.53344,-1,9455
104.338432,30.774502,-1,9456
103.823523,30.4661,-1,9457
103.833487,30.414228,-1,9458
103.855891,30.823807,-1,9459
104.320249,30.278179,45,9460
104.098299,30.780745,-1,9461
104.245897,30.574053,-1,9462
104.177129,30.718727,9,9463
104.203231,30.726038,37,9464
104.370583,30.289268,249,9465
104.22937,30.854229,215,9466
104.675596,30.084145,-1,9467
103.999552,30.466042,-1,9468
104.237437,30.652972,12,9469
104.535725,29.760128,-1,9470
104.009177,30.764522,-1,9471
104.09024,30.742053,-1,9472
104.082645,30.646152,85,9473
104.365974,30.304281,94,9474
103.739047,30.57559,-1,9475
103.533507,30.57257,-1,9476
103.687649,30.873405,-1,9477
103.795909,31.15983,-1,9478
104.077497,30.794568,57,9479
103.836545,30.466154,-1,9480
104.142664,30.58264,-1,9481
104.217111,30.777876,-1,9482
104.178043,30.718993,9,9483
104.065096,30.179437,267,9484
104.113312,30.584846,-1,9485
104.414998,30.24412,-1,9486
103.992852,29.024289,-1,9487
104.104581,30.718556,-1,9488
104.003908,30.521259,-1,9489
104.201189,30.703529,-1,9490
103.839066,30.360146,236,9491
104.13007,30.777476,-1,9492
104.52296,30.663083,173,9493
103.923942,30.860037,-1,9494
103.654536,30.926022,259,9495
104.093732,30.581541,14,9496
103.816107,30.675142,-1,9497
104.076129,30.723039,-1,9498
103.891417,30.778715,-1,9499
104.492039,30.494211,-1,9500
104.21378,30.769868,-1,9501
104.117213,30.717176,-1,9502
104.171211,30.65971,-1,9503
103.921387,30.686408,-1,9504
103.723429,30.591992,-1,9505
104.521701,30.662207,173,9506
104.321005,30.281284,232,9507
104.283247,30.646266,-1,9508
103.720519,30.562823,-1,9509
103.969131,30.657321,-1,9510
103.644331,30.928307,-1,9511
104.211191,30.568865,-1,9512
104.626261,30.857924,199,9513
104.224268,30.675307,238,9514
104.497761,30.346897,-1,9515
104.342204,30.926704,-1,9516
103.964791,30.636921,99,9517
104.038485,30.333376,-1,9518
104.595931,31.765621,-1,9519
102.961937,30.187726,-1,9520
104.072501,30.351095,-1,9521
103.893083,30.447311,56,9522
104.101173,30.426465,-1,9523
103.886853,30.820425,188,9524
104.20211,30.726045,37,9525
104.18333,30.710537,39,9526
104.022286,30.522298,-1,9527
103.905411,30.810739,82,9528
104.564835,30.37093,-1,9529
104.179672,30.521934,-1,9530
103.530573,31.410599,133,9531
104.000683,30.762871,198,9532
103.754662,30.393377,-1,9533
104.234758,30.646421,23,9534
103.55993,30.548987,241,9535
103.873821,30.417359,72,9536
103.601053,31.064602,141,9537
104.588417,30.698184,-1,9538
103.69459,30.420557,-1,9539
104.158828,30.703089,-1,9540
104.444199,30.982678,-1,9541
104.177217,30.718612,9,9542
104.237831,30.652779,12,9543
104.050765,30.665114,67,9544
103.553065,30.221233,160,9545
103.883586,30.666051,139,9546
103.636577,30.485176,-1,9547
104.19422,30.691617,-1,9548
103.838552,30.353783,-1,9549
103.884684,30.368621,-1,9550
104.066771,30.692482,-1,9551
104.138936,30.01137,-1,9552
104.513549,30.513002,-1,9553
103.43035,30.377426,-1,9554
103.812197,30.571653,-1,9555
104.114398,30.579463,51,9556
104.067957,30.598306,-1,9557
104.0086,30.634152,-1,9558
104.224952,30.793666,46,9559
103.484547,31.332926,-1,9560
103.679167,30.943611,-1,9561
104.39221,30.298973,134,9562
103.999227,30.911643,-1,9563
103.56285,29.86375,-1,9564
103.549401,30.612135,-1,9565
103.904076,30.306035,-1,9566
103.885897,30.590002,-1,9567
103.845127,30.438535,-1,9568
104.169006,30.741231,91,9569
104.427423,30.831183,-1,9570
103.796948,30.64347,180,9571
104.235327,30.490015,-1,9572
104.173534,30.557247,-1,9573
103.88571,31.028308,-1,9574
104.215001,30.772941,-1,9575
104.286329,30.679032,-1,9576
103.315126,31.093577,-1,9577
104.056046,30.763233,142,9578
103.970547,30.650184,93,9579
104.130697,30.963465,-1,9580
104.324021,30.343512,-1,9581
104.185664,30.684698,-1,9582
104.05367,30.456831,-1,9583
103.982723,30.453523,105,9584
103.973739,30.98843,-1,9585
103.818797,30.608874,-1,9586
104.098366,30.536391,-1,9587
104.138604,30.610808,-1,9588
103.688735,30.894885,-1,9589
104.009342,30.763927,-1,9590
103.779998,30.440476,-1,9591
104.423212,30.882399,-1,9592
104.24286,30.651235,60,9593
104.501273,30.42425,-1,9594
104.099552,30.45954,77,9595
104.174202,30.699475,-1,9596
104.316674,30.951472,-1,9597
104.410834,30.343165,-1,9598
104.670469,30.087657,-1,9599
104.259299,29.016185,-1,9600
104.857669,29.752093,-1,9601
104.198474,30.582173,33,9602
103.871415,30.701976,2,9603
104.191936,30.660582,-1,9604
103.934771,30.908392,-1,9605
104.221197,30.63854,131,9606
104.160713,30.643482,227,9607
103.473168,30.3883,-1,9608
103.900224,31.009835,-1,9609
104.166135,31.011815,-1,9610
104.017938,30.444741,-1,9611
104.081567,30.717511,-1,9612
104.393091,30.283651,239,9613
104.318792,30.276244,45,9614
103.671844,30.332606,-1,9615
103.816532,30.640889,-1,9616
104.383069,30.288265,-1,9617
104.24337,30.645902,42,9618
104.235923,30.646256,23,9619
103.867775,30.779399,114,9620
104.005438,30.508667,-1,9621
103.712752,30.582728,-1,9622
104.366487,30.306666,-1,9623
103.861175,30.445605,116,9624
104.326227,30.860326,66,9625
104.072163,30.38325,-1,9626
103.970733,30.464833,-1,9627
103.660786,30.96149,144,9628
104.150414,30.616394,74,9629
104.036562,30.29665,-1,9630
103.862371,30.393076,-1,9631
103.969833,30.654556,-1,9632
104.044444,30.445222,86,9633
103.614246,30.964461,-1,9634
104.32652,30.860293,66,9635
103.674835,30.902547,-1,9636
104.171626,30.478213,-1,9637
104.104965,30.812923,-1,9638
104.131286,30.924531,-1,9639
103.884104,30.605972,-1,9640
104.39443,30.349813,-1,9641
103.937081,30.781555,-1,9642
103.912628,30.824783,24,9643
102.226414,31.897155,-1,9644
103.16726,31.015234,-1,9645
104.069678,30.724079,62,9646
104.162506,30.556346,154,9647
103.888489,30.556346,183,9648
103.762988,30.040931,-1,9649
104.1348,30.590284,205,9650
104.220789,30.638796,131,9651
103.87288,30.779443,5,9652
104.327178,30.307031,163,9653
103.678172,30.923125,-1,9654
104.114233,30.750425,69,9655
104.052542,30.246033,196,9656
103.900224,31.009835,-1,9657
103.591119,30.74215,-1,9658
104.653908,30.674435,-1,9659
104.106669,30.58729,209,9660
104.222221,30.834918,-1,9661
103.931038,30.603137,-1,9662
104.066955,30.621927,-1,9663
104.037924,30.658785,75,9664
103.554262,30.607017,-1,9665
104.034328,30.601983,-1,9666
104.109705,31.076362,-1,9667
103.6403,30.466112,193,9668
103.661174,30.96106,144,9669
103.988658,30.628064,140,9670
103.464095,30.749495,-1,9671
103.819834,30.665147,-1,9672
104.530057,30.423997,-1,9673
104.084046,30.456777,228,9674
104.196256,30.737372,-1,9675
103.69326,31.037566,-1,9676
103.992723,30.746096,156,9677
103.937415,30.61933,130,9678
104.218967,31.429479,-1,9679
104.847233,29.75437,248,9680
104.370583,30.289268,249,9681
104.177389,30.718636,9,9682
104.109337,30.729037,-1,9683
103.537075,30.38491,-1,9684
103.987873,30.454624,-1,9685
103.6548,30.664467,-1,9686
103.640064,30.46793,-1,9687
104.390551,30.284192,263,9688
104.512841,30.420393,76,9689
104.373725,30.487402,-1,9690
103.998263,30.428205,-1,9691
104.22382,30.566254,18,9692
104.06146,30.445395,-1,9693
103.624048,30.400283,-1,9694
104.513228,30.420003,76,9695
104.014791,30.450013,-1,9696
104.083905,30.454145,-1,9697
104.213578,30.815997,-1,9698
103.713222,30.822684,-1,9699
104.051565,30.633444,-1,9700
103.855021,30.443453,-1,9701
104.346443,31.081992,-1,9702
104.783943,30.834431,-1,9703
103.52443,30.751805,-1,9704
104.215149,30.582644,6,9705
103.884749,30.388722,41,9706
104.161511,30.599608,103,9707
104.007995,30.4818,-1,9708
104.234893,30.646822,23,9709
104.115886,30.583929,89,9710
103.926677,30.513346,-1,9711
104.084119,30.53657,-1,9712
103.721459,30.623615,-1,9713
103.995121,30.480432,-1,9714
103.87107,30.702018,2,9715
104.014223,30.617293,-1,9716
103.9698,30.470237,92,9717
104.49677,30.493131,-1,9718
103.969533,30.366571,120,9719
104.060107,30.65815,-1,9720
104.161308,30.890876,-1,9721
104.201024,30.741808,-1,9722
104.006075,30.507991,-1,9723
104.152457,30.516127,-1,9724
103.961315,30.940667,206,9725
104.242502,30.650188,60,9726
104.161688,30.599863,103,9727
104.041017,30.365473,-1,9728
103.796481,30.405085,-1,9729
104.155624,30.582277,-1,9730
103.463098,30.749379,-1,9731
104.269822,30.72818,-1,9732
104.064746,30.632558,38,9733
103.695948,30.396114,-1,9734
103.974709,30.980984,-1,9735
103.624789,31.474719,-1,9736
104.535806,30.352673,-1,9737
104.242505,30.650304,60,9738
104.221198,30.638684,131,9739
104.323514,30.297371,-1,9740
103.995928,30.551532,-1,9741
104.662803,31.091394,234,9742
104.278423,30.82068,-1,9743
103.970274,30.650069,93,9744
104.164702,30.547657,-1,9745
104.27698,30.637673,-1,9746
104.164595,30.658048,15,9747
104.049093,30.599421,-1,9748
103.93813,30.616335,88,9749
104.36189,30.434906,111,9750
104.100576,30.459014,77,9751
104.101889,30.781992,-1,9752
103.94421,30.80648,-1,9753
104.52257,30.429988,109,9754
103.938012,30.619261,130,9755
104.222221,30.834918,-1,9756
103.923186,30.717064,132,9757
104.302364,30.259098,-1,9758
104.164704,30.594405,-1,9759
103.504415,30.573005,237,9760
104.223662,30.794411,46,9761
104.023064,30.428918,-1,9762
104.108919,30.7181,-1,9763
103.918077,30.684091,19,9764
103.673318,30.904646,-1,9765
103.497395,30.545715,-1,9766
104.035463,30.529114,-1,9767
104.757556,30.910823,-1,9768
103.965382,30.478718,-1,9769
104.137909,30.441387,-1,9770
103.974524,30.795943,-1,9771
104.16261,30.556277,154,9772
103.906054,30.5358,-1,9773
103.956967,30.723351,-1,9774
104.16455,30.658668,15,9775
104.308436,31.006497,-1,9776
104.105002,30.392572,-1,9777
104.22213,30.908749,-1,9778
104.071444,30.689122,79,9779
104.529404,31.863606,-1,9780
103.92085,30.703057,-1,9781
104.543081,30.718288,-1,9782
104.046151,30.547595,-1,9783
103.772754,30.399208,-1,9784
104.19422,30.691617,-1,9785
103.709445,30.393807,-1,9786
103.806189,31.171601,-1,9787
104.224113,30.56623,18,9788
104.53009,30.664712,-1,9789
104.547427,30.691266,-1,9790
104.05085,30.476239,90,9791
104.042857,30.91715,-1,9792
104.209394,30.606042,-1,9793
104.538235,30.724036,-1,9794
104.023807,30.449994,-1,9795
104.040712,30.593175,107,9796
104.077761,30.794564,57,9797
104.150023,30.581697,-1,9798
104.412293,30.903149,-1,9799
103.945225,30.945326,-1,9800
103.902171,30.834195,52,9801
104.114785,30.579635,51,9802
104.195002,31.677798,-1,9803
103.964939,30.641071,-1,9804
104.279874,30.727464,-1,9805
104.287574,30.679367,-1,9806
103.524269,31.418651,-1,9807
104.164465,30.658893,15,9808
103.993648,30.489338,-1,9809
103.950272,30.834659,-1,9810
104.177858,30.719201,9,9811
104.047659,30.54121,185,9812
104.32722,30.306181,163,9813
104.593751,30.117101,-1,9814
104.11976,30.110691,-1,9815
104.018373,30.479902,-1,9816
104.128432,30.522029,-1,9817
104.275966,30.718243,-1,9818
104.12226,30.716746,-1,9819
103.796105,31.167038,-1,9820
103.891698,30.409436,-1,9821
103.73742,30.35737,-1,9822
104.393252,30.311043,-1,9823
104.455926,30.35161,-1,9824
104.408275,30.872227,-1,9825
103.997737,30.248568,-1,9826
103.965649,30.637457,99,9827
103.940755,30.853935,-1,9828
104.162363,31.461404,-1,9829
103.700987,30.654104,-1,9830
104.060575,31.245327,110,9831
104.100254,30.459351,77,9832
104.044843,30.445161,86,9833
104.224957,30.638746,98,9834
104.020403,29.139646,197,9835
104.019384,29.138943,197,9836
103.998628,30.249039,-1,9837
104.188287,30.514582,-1,9838
104.354201,30.43571,71,9839
104.268831,30.578019,220,9840
104.130234,30.699038,-1,9841
104.468842,30.839127,-1,9842
103.974081,31.003458,-1,9843
103.981428,30.78527,117,9844
104.198338,30.581805,33,9845
104.168682,30.741594,91,9846
104.113587,30.578976,51,9847
103.896361,30.666065,36,9848
104.015387,30.556042,-1,9849
104.347499,30.643789,-1,9850
104.263012,30.648634,-1,9851
103.87183,30.600627,-1,9852
103.923278,30.717234,132,9853
104.334708,30.643803,229,9854
104.243396,30.6457,42,9855
104.23487,30.645904,23,9856
104.25822,30.093709,-1,9857
104.221627,30.638759,131,9858
104.037097,30.659967,75,9859
103.870867,30.779529,-1,9860
103.917238,30.397802,73,9861
103.911534,30.733575,-1,9862
103.868197,30.77849,114,9863
104.237841,30.652853,12,9864
103.994696,30.490968,-1,9865
104.170048,30.528259,-1,9866
104.075086,30.735418,-1,9867
104.368264,30.295467,-1,9868
104.183413,30.786469,-1,9869
104.445627,30.273722,-1,9870
104.167289,30.642233,-1,9871
103.724878,30.578317,195,9872
103.823935,30.449351,-1,9873
104.555715,30.353975,148,9874
103.887181,30.528768,137,9875
103.856928,30.78561,-1,9876
104.208302,30.524108,95,9877
104.114979,30.765786,-1,9878
104.02862,30.55124,-1,9879
103.992048,30.562277,-1,9880
104.148337,30.683347,-1,9881
103.505387,30.19739,-1,9882
104.059102,30.636171,-1,9883
103.850985,30.367911,-1,9884
104.229561,30.647819,-1,9885
103.855102,30.322712,-1,9886
103.970249,30.650006,93,9887
104.090321,30.740299,244,9888
104.152743,30.781671,70,9889
104.186121,30.756569,-1,9890
104.592426,30.019054,253,9891
103.504049,30.0161,-1,9892
104.198746,30.59166,-1,9893
104.180057,30.619464,175,9894
103.972712,30.991191,-1,9895
103.70184,30.602439,83,9896
104.092205,30.524502,129,9897
104.069503,30.768747,146,9898
104.50384,30.503623,-1,9899
104.058761,30.453587,-1,9900
104.056258,30.660539,-1,9901
104.310888,30.633088,-1,9902
103.560057,30.548919,241,9903
104.421657,31.013277,-1,9904
103.971611,30.46993,92,9905
104.140261,30.646062,-1,9906
104.669415,29.503954,135,9907
103.560839,30.748971,-1,9908
104.165891,30.712658,118,9909
103.962296,30.428295,-1,9910
103.918484,30.565471,-1,9911
104.216394,30.77535,-1,9912
104.572249,30.687036,224,9913
103.887948,30.661376,136,9914
104.107022,30.491287,145,9915
104.662193,31.091943,234,9916
103.970979,30.650381,93,9917
104.237224,30.723923,-1,9918
104.09435,30.537938,-1,9919
104.354056,30.435618,71,9920
104.220784,30.638855,131,9921
104.203209,30.72601,37,9922
104.074013,30.747923,-1,9923
103.888241,30.556046,183,9924
103.861346,30.803453,204,9925
104.213878,30.651539,16,9926
103.792295,30.687343,-1,9927
104.108002,30.386684,-1,9928
104.202296,30.726203,37,9929
103.952743,30.45122,-1,9930
103.940018,30.614457,47,9931
103.677849,30.338437,-1,9932
104.047177,30.449419,-1,9933
103.971381,30.65049,93,9934
104.059554,30.416582,49,9935
103.956284,30.656246,-1,9936
104.164359,30.744173,-1,9937
103.998637,30.466173,-1,9938
103.6782,31.029876,128,9939
104.26304,29.941838,-1,9940
103.914283,30.675447,243,9941
104.32012,30.277147,45,9942
104.366463,30.3067,-1,9943
103.798382,31.167116,-1,9944
103.897162,30.836314,54,9945
104.038314,30.533245,-1,9946
103.913596,30.993916,-1,9947
104.358758,30.489288,-1,9948
103.780779,30.577416,-1,9949
104.243733,30.651191,60,9950
104.326267,30.86041,66,9951
104.108724,30.544382,-1,9952
103.881329,30.201551,-1,9953
104.355981,30.439653,-1,9954
104.392957,31.165827,-1,9955
104.215098,30.582648,6,9956
104.296175,30.993568,170,9957
103.719456,30.624857,-1,9958
104.078536,30.684009,226,9959
104.17556,30.453074,-1,9960
104.2941,30.851184,178,9961
104.135284,30.532627,-1,9962
103.646743,30.296288,-1,9963
103.914449,30.675439,243,9964
104.244788,30.645232,42,9965
104.625259,30.857794,199,9966
104.420014,30.917672,-1,9967
103.569285,30.747339,-1,9968
104.327445,30.307564,163,9969
103.903398,30.365993,-1,9970
104.443393,30.84285,-1,9971
104.278391,30.820698,-1,9972
103.929483,30.944396,-1,9973
104.162033,29.977882,-1,9974
103.894778,30.455146,-1,9975
103.963189,30.656337,-1,9976
104.882232,30.083064,-1,9977
103.935155,30.905734,59,9978
104.223443,30.675241,238,9979
104.400832,31.064568,-1,9980
104.055911,30.763239,142,9981
103.905513,30.810206,82,9982
104.313648,30.468651,-1,9983
104.308646,31.006515,-1,9984
103.983716,30.572577,-1,9985
103.5042,30.574339,237,9986
104.188144,30.693954,-1,9987
104.268821,30.57896,220,9988
104.045741,30.445883,-1,9989
104.163183,30.700019,-1,9990
104.061003,30.432411,-1,9991
104.061882,30.419118,84,9992
104.524396,30.664134,-1,9993
103.848996,30.54004,-1,9994
104.14158,30.950893,-1,9995
103.901618,30.834296,52,9996
104.11869,30.46918,-1,9997
104.226061,30.525347,181,9998
104.028224,30.248157,-1,9999
104.500175,30.428986,-1,10000
103.577699,31.023915,-1,10001
104.567949,30.707064,-1,10002
103.905442,30.810664,82,10003
104.008697,30.590745,208,10004
104.22618,30.790384,159,10005
104.052541,30.473634,58,10006
104.098482,30.595011,-1,10007
104.046829,30.4492,-1,10008
103.909817,30.978168,-1,10009
104.511281,30.352991,151,10010
104.411494,30.34462,-1,10011
104.125396,30.769679,44,10012
104.326891,30.306247,163,10013
104.201175,30.733811,100,10014
104.176035,30.524285,-1,10015
103.8794,30.488752,-1,10016
103.670544,30.895653,-1,10017
103.988496,30.643829,-1,10018
104.495993,30.417847,-1,10019
103.917323,30.683652,19,10020
104.508246,30.617175,-1,10021
104.047241,30.427551,50,10022
104.489247,30.493935,65,10023
104.176206,30.646125,-1,10024
103.455556,30.418725,-1,10025
104.075653,30.761515,-1,10026
103.465232,30.438357,225,10027
104.238564,30.804462,-1,10028
103.858913,30.705645,-1,10029
103.510471,30.562021,256,10030
103.869181,30.781382,254,10031
104.225003,30.793858,46,10032
103.51035,30.397654,-1,10033
104.152311,30.612502,-1,10034
103.902738,30.658435,28,10035
103.967999,30.948338,-1,10036
103.761053,30.40705,-1,10037
103.905758,30.542154,-1,10038
103.098036,30.081936,-1,10039
104.420603,30.849149,-1,10040
104.235662,30.646996,23,10041
104.294409,30.241051,-1,10042
103.844213,30.541389,-1,10043
103.929597,30.941202,-1,10044
104.1801,30.619651,175,10045
104.223489,30.794307,46,10046
104.077817,30.794724,57,10047
104.08178,30.563161,-1,10048
103.966605,30.436957,-1,10049
104.080327,30.6873,-1,10050
104.050141,30.476783,90,10051
104.106107,30.767909,-1,10052
104.115852,30.584161,89,10053
103.945698,30.701231,-1,10054
103.966466,30.626047,-1,10055
103.833825,30.35019,-1,10056
104.06151,30.668721,-1,10057
104.183375,30.710772,39,10058
103.921129,30.294393,-1,10059
104.071928,30.257535,-1,10060
104.848104,29.754268,248,10061
103.939714,30.422568,-1,10062
104.021865,30.651604,-1,10063
104.145102,30.589562,-1,10064
104.025797,30.535843,-1,10065
103.953768,31.016445,-1,10066
103.974383,30.462958,-1,10067
104.046399,30.426929,50,10068
104.200308,31.570323,-1,10069
103.813691,31.655578,-1,10070
103.611435,30.824123,-1,10071
104.071506,30.488691,-1,10072
103.972785,30.623266,-1,10073
104.170885,30.916237,-1,10074
104.128259,30.752257,-1,10075
104.134666,30.805971,127,10076
103.772927,30.704911,-1,10077
104.01938,30.543906,-1,10078
104.161656,30.599443,103,10079
103.841889,30.537152,-1,10080
104.335683,30.712773,-1,10081
103.937708,30.614038,55,10082
104.044815,30.445216,86,10083
103.724741,30.578409,195,10084
104.099994,30.497975,155,10085
104.23459,30.646271,23,10086
103.41175,30.245508,-1,10087
103.725879,30.331726,-1,10088
103.69813,31.027102,-1,10089
103.969505,30.981969,64,10090
104.224969,30.793877,46,10091
104.291821,30.967263,-1,10092
103.76292,30.59915,-1,10093
104.078893,30.683781,226,10094
104.176801,30.771163,-1,10095
103.983708,30.572627,-1,10096
104.040861,30.531009,-1,10097
104.268821,30.57896,220,10098
103.880066,30.404316,96,10099
104.020323,29.13953,197,10100
103.68203,30.596604,123,10101
104.046516,30.549502,-1,10102
104.248934,30.772355,35,10103
103.861272,30.803756,204,10104
104.041786,30.463326,-1,10105
103.85126,30.436999,-1,10106
104.225177,30.67227,-1,10107
104.757556,30.910823,-1,10108
104.765174,30.371155,-1,10109
104.165867,30.712486,118,10110
104.033414,30.46485,-1,10111
104.077785,30.794592,57,10112
103.959408,30.743398,-1,10113
104.123387,30.65066,-1,10114
103.967361,30.648699,21,10115
104.166636,30.658753,-1,10116
103.710004,31.562807,-1,10117
104.037195,30.470679,-1,10118
104.028328,30.480996,-1,10119
103.912969,30.936629,-1,10120
104.053033,30.455934,-1,10121
103.901997,30.834204,52,10122
103.545311,30.589047,-1,10123
104.053739,30.467406,78,10124
103.498321,30.568806,112,10125
104.211815,30.605129,-1,10126
104.08409,30.454227,-1,10127
104.052665,30.849349,-1,10128
103.790623,30.415317,-1,10129
103.973268,30.469784,92,10130
104.203732,30.726205,37,10131
103.437758,30.617201,-1,10132
104.418343,30.923392,-1,10133
103.882982,30.766141,-1,10134
104.002207,30.586521,-1,10135
103.452799,30.374575,247,10136
103.965609,30.981735,-1,10137
104.070463,30.841224,-1,10138
104.491975,30.322845,97,10139
104.055316,30.727576,-1,10140
104.087727,30.745134,-1,10141
104.049917,30.541664,-1,10142
103.653427,30.927623,-1,10143
104.072391,30.731229,-1,10144
104.338751,30.913046,-1,10145
103.879985,30.404495,96,10146
103.627712,30.637412,-1,10147
104.223792,30.675224,238,10148
103.382464,30.731852,-1,10149
103.708063,30.406236,-1,10150
103.461823,30.749857,-1,10151
103.932547,30.810209,-1,10152
104.237233,30.647828,23,10153
103.559768,30.549019,241,10154
104.614783,30.893345,-1,10155
103.863035,30.711804,10,10156
104.224788,30.793708,46,10157
104.326597,30.888911,-1,10158
104.366807,30.294099,-1,10159
103.953652,30.92028,-1,10160
103.916962,30.683867,19,10161
103.760282,30.66507,-1,10162
103.832859,30.549041,-1,10163
104.161568,30.599613,103,10164
104.041965,30.738129,-1,10165
104.061372,30.44315,-1,10166
104.292692,30.386666,-1,10167
104.062808,30.646388,-1,10168
103.795058,30.387947,-1,10169
103.973504,30.621446,-1,10170
104.044919,30.56786,-1,10171
103.447048,30.163036,-1,10172
103.673729,30.612732,-1,10173
103.64253,30.942603,172,10174
104.053108,30.456535,-1,10175
104.114818,30.579296,51,10176
104.473962,30.486178,-1,10177
104.052406,30.245917,196,10178
104.616819,30.68499,-1,10179
104.211033,30.686879,-1,10180
103.974108,30.194777,-1,10181
104.361586,30.43493,111,10182
104.106616,30.492333,145,10183
103.982597,30.469313,-1,10184
104.249819,30.758759,-1,10185
104.214953,30.583311,6,10186
104.583206,30.339704,-1,10187
103.959232,30.647695,-1,10188
103.556403,30.425091,-1,10189
104.669519,29.504054,135,10190
104.117858,30.755259,-1,10191
103.914637,30.419105,-1,10192
103.492466,30.154397,-1,10193
104.082998,30.646738,85,10194
103.118594,30.053661,-1,10195
104.047047,30.427996,50,10196
104.081694,30.455807,138,10197
104.449695,30.480682,22,10198
103.826547,30.799673,-1,10199
103.662591,30.970475,162,10200
104.392125,30.298925,134,10201
104.669415,29.503954,135,10202
103.64033,30.465928,193,10203
104.556097,30.099075,-1,10204
104.078318,30.249464,-1,10205
103.961178,30.940601,206,10206
104.316892,30.825371,-1,10207
104.106414,30.476138,-1,10208
104.061842,31.247663,-1,10209
104.449519,30.480682,22,10210
103.864046,31.050805,-1,10211
103.831523,30.949562,-1,10212
104.019023,29.139644,197,10213
104.172728,30.483825,7,10214
104.059478,30.651142,-1,10215
104.617335,30.681085,-1,10216
103.843103,30.538751,-1,10217
104.67615,30.08413,-1,10218
104.00395,30.60611,-1,10219
103.631605,30.398747,-1,10220
103.676779,30.903251,-1,10221
104.19904,30.510575,63,10222
104.0507,30.541472,246,10223
103.936198,30.905107,59,10224
103.851294,31.059402,-1,10225
104.088711,30.641323,-1,10226
103.888344,30.430781,-1,10227
104.592426,30.019054,253,10228
104.469042,30.847965,255,10229
104.041407,30.59337,107,10230
104.495658,30.417932,-1,10231
104.13197,30.395919,-1,10232
103.936165,30.905366,59,10233
104.227368,30.783226,-1,10234
103.439452,30.360077,-1,10235
103.496272,30.753014,-1,10236
103.965776,30.182975,-1,10237
104.106802,30.563149,-1,10238
103.726568,30.559394,261,10239
103.315158,31.093591,-1,10240
104.378413,30.282913,-1,10241
104.050828,30.757227,-1,10242
103.497359,30.567039,-1,10243
103.901007,30.648661,-1,10244
104.017449,29.138719,-1,10245
104.133704,30.399385,-1,10246
103.498851,30.568196,112,10247
104.32658,30.860195,66,10248
103.518895,31.422528,-1,10249
103.792557,30.187507,-1,10250
104.072342,30.200882,101,10251
103.675622,30.730171,-1,10252
104.470631,30.510601,-1,10253
104.216617,30.581478,-1,10254
104.050745,30.664278,67,10255
103.831007,30.668547,-1,10256
104.253128,30.858922,0,10257
104.669615,29.504088,135,10258
103.856722,30.442234,214,10259
104.071908,30.412848,-1,10260
104.103448,30.716473,-1,10261
104.110414,30.583104,-1,10262
104.009694,30.475006,-1,10263
104.531014,30.645366,-1,10264
104.065117,30.437222,-1,10265
104.312181,30.298418,48,10266
103.859745,30.34717,-1,10267
103.685663,30.946495,-1,10268
103.9119,30.682048,-1,10269
104.006396,30.592157,29,10270
104.161371,30.599619,103,10271
104.065096,30.179437,267,10272
104.166227,30.712177,118,10273
104.117113,30.775359,-1,10274
104.070331,30.381482,-1,10275
104.079659,30.730868,-1,10276
104.116606,30.755921,-1,10277
104.390186,30.33271,-1,10278
103.873729,30.417277,72,10279
103.860808,31.064577,-1,10280
104.112199,30.513094,-1,10281
104.134298,30.661692,-1,10282
103.722668,30.397033,-1,10283
103.610588,31.067236,-1,10284
103.832017,30.643699,-1,10285
104.571858,30.688289,224,10286
103.912631,30.824718,24,10287
104.177721,30.623008,-1,10288
104.509008,30.353984,151,10289
103.678423,31.0299,128,10290
104.071998,30.208148,-1,10291
103.961278,30.644928,-1,10292
103.904247,30.369943,-1,10293
103.978135,30.495337,-1,10294
104.198962,30.510497,63,10295
103.70173,30.602295,83,10296
103.974211,30.625026,182,10297
104.501606,30.684693,-1,10298
104.007973,30.71892,43,10299
103.894048,30.601412,-1,10300
103.837312,30.53176,-1,10301
103.934414,30.425107,-1,10302
103.912307,30.631052,1,10303
103.890808,30.701889,-1,10304
103.659026,30.923539,-1,10305
104.13561,30.533147,-1,10306
104.120015,30.772677,161,10307
104.031389,30.194332,-1,10308
103.914484,30.630794,1,10309
104.211087,30.687749,-1,10310
104.210866,30.68694,-1,10311
104.000972,30.762711,198,10312
104.012291,30.555779,-1,10313
104.128033,30.715893,-1,10314
103.958302,30.663882,187,10315
103.884837,30.388686,41,10316
103.999009,30.628264,-1,10317
104.10723,30.740669,102,10318
104.173224,30.484788,7,10319
104.165258,30.658781,15,10320
104.101165,30.523319,-1,10321
104.005124,30.453555,-1,10322
103.892967,30.513645,158,10323
103.982274,30.453481,105,10324
104.370384,30.288844,249,10325
103.970302,30.470001,92,10326
103.826201,30.543318,-1,10327
104.050878,30.476802,90,10328
104.125476,30.76963,44,10329
104.08638,30.329653,-1,10330
103.958246,30.663031,187,10331
104.528397,31.864581,-1,10332
104.186213,30.684769,-1,10333
103.195304,30.141073,-1,10334
104.48575,30.792273,-1,10335
104.099229,30.585607,-1,10336
103.905297,30.810288,82,10337
103.949594,30.672756,-1,10338
104.060729,30.657917,-1,10339
103.963147,30.448035,-1,10340
104.021553,30.48578,-1,10341
104.942956,30.284612,-1,10342
103.860031,30.301289,-1,10343
103.482042,30.762746,-1,10344
104.20351,30.726351,37,10345
104.349996,30.555425,-1,10346
104.114241,30.579334,51,10347
103.966735,30.822335,-1,10348
104.081448,30.696133,-1,10349
104.009177,30.763863,-1,10350
104.179765,30.455233,-1,10351
103.960761,30.941366,206,10352
103.768196,30.652422,-1,10353
103.701636,30.602351,83,10354
104.164718,30.658772,15,10355
104.555451,30.352678,148,10356
104.093167,30.58309,14,10357
103.911618,30.394067,-1,10358
103.501838,29.779216,-1,10359
104.804231,30.152677,25,10360
104.008841,30.590564,208,10361
104.750724,29.862646,-1,10362
103.974414,30.436017,-1,10363
104.14944,30.628466,-1,10364
104.234958,30.646036,23,10365
103.461948,30.750416,-1,10366
104.309127,30.865215,11,10367
104.323282,30.645046,80,10368
104.051157,30.476779,90,10369
104.378285,30.455741,-1,10370
104.080607,30.432148,-1,10371
103.658568,31.024486,-1,10372
103.984454,30.587387,-1,10373
103.969771,30.470297,92,10374
103.468286,30.430532,-1,10375
104.056484,30.566467,-1,10376
103.871025,30.77704,-1,10377
104.215098,30.582764,6,10378
104.13898,30.412261,-1,10379
104.050439,30.693124,-1,10380
104.25017,30.579902,-1,10381
104.243985,30.645501,42,10382
103.680274,31.136344,-1,10383
103.909928,30.544387,240,10384
103.773238,30.704219,-1,10385
104.072469,30.345413,-1,10386
104.22493,30.793944,46,10387
104.090195,30.740339,244,10388
104.555451,30.352678,148,10389
104.235334,30.64667,23,10390
103.991211,30.419961,-1,10391
104.075698,30.648715,-1,10392
103.530111,31.410629,133,10393
103.096294,29.970668,-1,10394
104.391617,30.282687,-1,10395
103.678172,30.923125,-1,10396
103.936089,30.614119,55,10397
103.676673,30.950478,-1,10398
103.932178,30.726211,-1,10399
104.188144,30.693954,-1,10400
104.153496,30.725926,124,10401
103.426327,31.071638,-1,10402
103.866964,30.872918,-1,10403
103.482338,30.023081,-1,10404
104.006519,30.592503,29,10405
104.207799,30.660572,-1,10406
104.240301,30.653255,-1,10407
104.259099,30.529974,-1,10408
103.98806,30.486794,-1,10409
104.021552,30.549838,-1,10410
104.011609,30.590969,-1,10411
103.678105,31.029887,128,10412
103.674835,30.902547,-1,10413
103.524463,31.418495,-1,10414
104.145648,30.708904,-1,10415
103.95924,30.647751,-1,10416
104.268871,30.578754,220,10417
104.083978,30.748665,-1,10418
103.92668,30.946991,-1,10419
104.354676,30.993039,-1,10420
104.291838,30.994879,-1,10421
103.459873,30.746719,13,10422
103.93954,31.072324,-1,10423
103.923072,30.396109,-1,10424
103.623336,30.395594,-1,10425
103.813253,30.632689,34,10426
103.957935,30.663002,187,10427
104.279572,30.727933,-1,10428
104.054258,30.387431,-1,10429
103.939792,30.614341,47,10430
104.416042,30.494727,-1,10431
103.46575,30.437972,225,10432
103.85098,30.820263,252,10433
104.48232,30.491653,-1,10434
102.645675,30.933778,-1,10435
103.701717,30.602442,83,10436
103.642869,30.942396,172,10437
104.312441,30.289372,-1,10438
104.303733,30.843305,-1,10439
104.172137,30.659078,-1,10440
103.959024,30.54325,-1,10441
103.957698,30.567498,-1,10442
104.49259,30.321994,97,10443
103.338641,30.339995,-1,10444
103.869209,30.777904,-1,10445
104.014549,30.450345,-1,10446
103.737267,30.336767,-1,10447
103.800405,30.830797,-1,10448
104.709262,31.014968,-1,10449
104.627771,30.921944,-1,10450
103.90799,30.731633,-1,10451
104.489094,30.461595,-1,10452
103.943283,30.525215,-1,10453
104.102718,30.66187,-1,10454
104.118623,30.757594,53,10455
104.002035,30.88403,-1,10456
103.279758,30.167952,-1,10457
104.290985,30.877328,-1,10458
103.971277,30.65048,93,10459
104.026172,30.567941,-1,10460
103.971715,30.191409,-1,10461
104.08224,30.45551,138,10462
104.286476,30.678971,-1,10463
103.941247,30.503786,-1,10464
103.966206,30.499597,-1,10465
104.122188,30.539706,143,10466
103.718442,30.589192,-1,10467
104.160904,30.656941,-1,10468
104.312269,30.298435,48,10469
103.655909,30.338097,-1,10470
103.678047,31.029791,128,10471
103.872297,30.771189,-1,10472
104.326371,30.86006,66,10473
104.392049,30.299115,134,10474
103.936521,30.614002,55,10475
103.828367,30.830005,-1,10476
104.061469,30.318771,-1,10477
104.187809,30.505614,-1,10478
103.70164,30.602553,83,10479
104.081149,30.496351,-1,10480
104.239669,30.652104,-1,10481
104.172939,30.48402,7,10482
103.897422,30.491146,-1,10483
104.049355,31.247756,-1,10484
104.298825,30.388091,-1,10485
103.780451,30.401283,-1,10486
104.004981,30.123904,-1,10487
104.524759,31.865036,-1,10488
104.106271,30.507547,-1,10489
104.23793,30.652781,12,10490
104.224983,30.793877,46,10491
104.791853,30.14627,-1,10492
104.183354,30.710452,39,10493
104.286741,30.829978,-1,10494
103.547659,30.215117,-1,10495
104.251475,29.012784,-1,10496
103.838332,30.359902,236,10497
104.225486,30.525563,181,10498
103.640312,30.466035,193,10499
102.989988,30.027198,-1,10500
103.310809,31.087375,-1,10501
103.886079,30.665841,-1,10502
104.154747,30.729109,-1,10503
103.883301,30.665881,139,10504
103.893498,30.250327,-1,10505
103.497046,30.547381,230,10506
103.750078,30.511788,-1,10507
103.531411,31.405341,-1,10508
103.534394,30.69534,217,10509
104.045671,30.760436,-1,10510
104.227346,30.657247,-1,10511
103.858068,31.065242,-1,10512
104.195628,31.579615,-1,10513
103.726806,30.933832,-1,10514
104.107269,30.463735,-1,10515
104.180056,30.522117,-1,10516
104.168525,30.577172,-1,10517
104.112784,30.752997,121,10518
103.686685,30.871882,-1,10519
104.081591,30.526492,-1,10520
103.821885,29.854814,-1,10521
104.365398,30.502119,-1,10522
103.948482,30.501128,-1,10523
104.069571,30.691849,79,10524
103.96135,30.644929,-1,10525
103.935171,30.905597,59,10526
103.531595,31.40359,262,10527
104.256191,30.522589,-1,10528
104.106005,30.452032,61,10529
104.108243,30.42044,-1,10530
103.98221,30.410748,-1,10531
104.12197,30.691424,-1,10532
103.988231,30.464191,-1,10533
104.111687,30.451281,-1,10534
104.083814,30.647109,-1,10535
103.681731,30.290286,-1,10536
104.165784,30.682607,-1,10537
103.690612,30.89864,-1,10538
103.661348,30.961126,144,10539
104.191623,30.741628,-1,10540
103.861577,30.796717,-1,10541
104.246924,30.643154,-1,10542
103.923224,30.723974,-1,10543
103.464697,30.452784,-1,10544
103.081811,30.373946,-1,10545
103.497484,30.568473,112,10546
104.112431,30.753245,121,10547
104.076185,30.77846,-1,10548
103.428151,30.377746,-1,10549
104.19129,31.033834,-1,10550
103.915001,30.708775,-1,10551
104.306898,30.646122,-1,10552
103.874047,30.774189,-1,10553
104.000777,30.762576,198,10554
103.713174,30.805453,-1,10555
103.95863,30.427636,-1,10556
104.105905,30.45115,61,10557
103.924317,30.94989,153,10558
103.917952,30.811777,-1,10559
103.906613,30.709417,-1,10560
103.680308,30.612195,-1,10561
103.702017,30.852844,-1,10562
104.547767,30.691468,-1,10563
103.696274,30.403614,-1,10564
104.223421,30.544057,-1,10565
104.293587,30.850649,178,10566
102.704162,29.995456,-1,10567
104.093581,30.581399,14,10568
103.856751,30.442175,214,10569
104.936759,30.282219,-1,10570
103.878625,30.606877,-1,10571
104.083528,30.606913,-1,10572
103.759904,30.432569,-1,10573
103.754317,30.554941,-1,10574
104.080496,30.513353,260,10575
104.127791,30.794914,-1,10576
103.904285,30.676092,-1,10577
103.701636,30.602351,83,10578
103.902146,30.833979,52,10579
104.14063,30.374302,-1,10580
104.229917,30.562325,-1,10581
103.949329,30.515573,219,10582
104.099949,30.460035,77,10583
104.145711,30.442925,-1,10584
104.234622,30.646439,23,10585
103.940363,30.999269,-1,10586
103.719215,30.594721,-1,10587
103.941091,30.429994,-1,10588
103.812338,30.651812,-1,10589
104.570778,31.033927,-1,10590
103.601262,30.875468,-1,10591
104.27036,30.728643,-1,10592
103.612768,30.732499,-1,10593
103.634047,30.952259,-1,10594
104.025275,30.643499,-1,10595
104.125693,30.7975,-1,10596
103.602538,30.575009,-1,10597
104.316944,30.461739,-1,10598
104.20238,30.726166,37,10599
104.318865,30.861168,8,10600
104.34044,30.84475,-1,10601
103.899233,30.634139,-1,10602
104.078957,30.818242,-1,10603
103.873686,30.417101,72,10604
103.954357,30.638434,-1,10605
104.100399,30.49832,155,10606
103.479698,30.427716,-1,10607
103.887515,30.582806,-1,10608
103.643319,30.469908,251,10609
103.642775,30.942388,172,10610
104.493568,30.322196,97,10611
104.25554,30.531055,108,10612
104.313373,30.852868,-1,10613
103.952018,30.967496,-1,10614
104.015493,30.527089,-1,10615
103.806442,30.456544,-1,10616
104.086765,30.746482,-1,10617
103.70859,29.090465,-1,10618
104.445454,30.840681,-1,10619
104.259266,30.848133,-1,10620
103.796539,30.569185,-1,10621
104.065248,30.179287,267,10622
103.480031,31.328818,-1,10623
104.201248,30.733678,100,10624
104.103208,30.497335,-1,10625
104.069434,30.768464,146,10626
104.165583,30.664007,-1,10627
103.868847,30.613002,-1,10628
104.025987,30.467749,-1,10629
104.003479,30.734837,-1,10630
104.220484,30.647714,-1,10631
104.552007,30.716185,231,10632
104.280713,30.646375,-1,10633
103.873132,30.415624,-1,10634
104.022,30.502521,-1,10635
104.117588,30.762954,-1,10636
104.124397,30.768872,44,10637
104.079087,30.818293,-1,10638
104.245348,30.553408,171,10639
103.892374,30.243099,-1,10640
104.30874,30.8655,11,10641
103.957191,30.948662,-1,10642
104.234662,30.646355,23,10643
104.315043,30.272337,-1,10644
103.885799,31.028435,-1,10645
104.072215,30.570894,-1,10646
103.544961,30.210357,-1,10647
104.071443,30.725159,62,10648
104.161194,30.482005,-1,10649
104.488894,30.461662,-1,10650
104.10714,30.76917,-1,10651
104.040633,30.531343,-1,10652
104.258336,30.810797,-1,10653
103.953312,31.018628,-1,10654
104.005824,30.515488,20,10655
104.453889,30.349858,-1,10656
104.448336,30.472616,-1,10657
104.215542,30.649266,-1,10658
103.983853,30.589216,-1,10659
104.660517,31.130795,-1,10660
104.089321,30.679576,-1,10661
103.791024,30.420675,-1,10662
104.32338,30.645061,80,10663
104.164032,30.391983,-1,10664
104.038565,30.588074,-1,10665
103.883556,30.665898,139,10666
104.060732,30.655795,-1,10667
104.51326,30.420053,76,10668
104.355869,30.994274,-1,10669
104.071999,30.433398,-1,10670
104.054067,30.457502,-1,10671
104.358746,30.921454,-1,10672
104.054654,30.778164,-1,10673
103.933866,30.548308,-1,10674
103.9635,30.812252,-1,10675
103.993527,30.764642,-1,10676
104.115824,30.584401,89,10677
103.948614,30.673113,-1,10678
103.960312,30.16903,-1,10679
104.197324,30.596796,-1,10680
103.8378,30.42095,-1,10681
104.327163,30.306658,163,10682
104.398179,30.303809,-1,10683
104.016189,30.478791,-1,10684
104.118194,30.756916,53,10685
104.146335,30.393564,-1,10686
104.242762,30.650086,60,10687
104.198822,30.510364,63,10688
104.102246,30.520854,-1,10689
104.213757,30.552113,-1,10690
103.922929,30.716842,132,10691
104.348803,31.117848,-1,10692
103.851289,30.437031,-1,10693
104.417116,30.864625,-1,10694
103.525094,31.400535,-1,10695
103.704285,30.402601,-1,10696
104.236789,30.647704,23,10697
103.282426,30.173109,-1,10698
103.892702,30.524067,-1,10699
104.198298,30.582107,33,10700
104.101865,30.497001,155,10701
104.216372,30.775978,-1,10702
103.6817,30.893684,-1,10703
103.799417,29.771395,157,10704
104.38876,30.284789,-1,10705
104.311914,30.944866,-1,10706
104.353859,30.842403,-1,10707
104.503732,30.426643,-1,10708
104.296111,30.995035,170,10709
104.061709,30.270854,-1,10710
103.399234,29.923389,-1,10711
104.155666,30.728974,-1,10712
104.390529,31.062906,-1,10713
104.517437,30.391763,-1,10714
104.149077,30.8392,-1,10715
103.961198,30.817181,-1,10716
103.648264,30.43816,-1,10717
104.326712,30.860341,66,10718
103.487715,30.425465,-1,10719
103.813779,30.632871,34,10720
103.898372,30.772747,-1,10721
104.095032,30.54129,-1,10722
103.465527,30.437906,225,10723
104.011903,30.868503,-1,10724
103.862869,30.305961,-1,10725
104.035105,30.500033,-1,10726
104.05086,30.476115,90,10727
103.965852,30.642773,-1,10728
103.554293,30.607403,-1,10729
103.936506,30.634878,-1,10730
104.657281,29.498679,-1,10731
103.792389,30.344514,-1,10732
103.741477,30.694616,126,10733
104.115249,30.412219,-1,10734
104.468827,30.848216,255,10735
103.93615,30.732078,-1,10736
104.018893,30.455373,-1,10737
104.174374,30.796763,-1,10738
104.170644,30.615363,27,10739
103.64325,30.470046,251,10740
103.958327,30.663545,187,10741
103.92677,30.949207,-1,10742
104.02424,31.320871,-1,10743
104.323311,30.64505,80,10744
104.279387,30.642772,-1,10745
103.790868,30.667072,200,10746
104.379135,30.765698,-1,10747
104.106594,30.740459,102,10748
104.005616,30.515022,20,10749
103.935392,30.905642,59,10750
104.152225,30.579877,-1,10751
104.04705,30.42855,50,10752
103.940459,30.614155,47,10753
104.07276,30.635729,-1,10754
104.096033,30.224529,-1,10755
104.234786,30.451769,-1,10756
103.838173,30.360667,236,10757
103.797009,30.646604,235,10758
103.681495,30.612347,-1,10759
104.046572,30.575034,-1,10760
104.093761,30.441879,-1,10761
104.185702,30.718736,166,10762
104.034252,30.46894,-1,10763
104.804357,30.152042,25,10764
103.59745,31.01133,-1,10765
104.215114,30.582746,6,10766
104.178486,30.782984,119,10767
104.14057,30.82713,-1,10768
103.452093,30.475098,-1,10769
104.04721,30.449697,-1,10770
103.976648,30.481732,-1,10771
103.893025,30.513844,158,10772
103.713517,30.805487,-1,10773
104.205497,30.629362,-1,10774
104.324334,30.286192,-1,10775
104.460892,30.850086,-1,10776
104.221198,30.63888,131,10777
103.819453,30.483122,-1,10778
103.971334,30.470077,92,10779
104.387397,30.307605,-1,10780
103.851386,30.437281,-1,10781
104.020704,30.534292,-1,10782
104.216188,30.571749,-1,10783
104.161052,30.643558,227,10784
104.17272,30.483504,7,10785
104.227101,30.523713,-1,10786
104.165528,30.577889,-1,10787
104.052791,30.260173,258,10788
104.186549,30.707843,184,10789
104.065511,30.685813,-1,10790
104.449181,30.480669,22,10791
103.151462,30.114045,-1,10792
104.007623,30.566732,-1,10793
103.438067,30.616878,-1,10794
104.225209,30.638685,98,10795
103.937305,30.811026,-1,10796
104.145827,30.521471,-1,10797
104.327333,30.307248,163,10798
103.781525,30.640343,-1,10799
103.942331,30.554939,-1,10800
103.868647,30.782219,254,10801
103.724763,30.884216,-1,10802
104.54642,29.503954,-1,10803
104.180074,30.619653,175,10804
103.938012,30.619261,130,10805
104.245393,30.645416,42,10806
104.800922,29.728511,-1,10807
103.972364,30.542185,68,10808
104.54508,29.502102,-1,10809
104.189544,30.731401,-1,10810
103.796822,30.643485,180,10811
104.004774,30.878199,-1,10812
103.56147,29.701719,-1,10813
104.459178,31.104586,-1,10814
104.152244,30.579957,-1,10815
103.867302,30.535044,245,10816
104.115321,30.885115,-1,10817
104.072485,30.372255,-1,10818
104.122298,30.539164,143,10819
104.19866,30.582132,33,10820
104.061508,30.64788,-1,10821
104.005962,30.520676,-1,10822
104.242556,30.650102,60,10823
103.522959,30.736952,-1,10824
104.07676,30.796324,-1,10825
104.008841,30.590564,208,10826
104.318865,30.861168,8,10827
103.939677,30.544265,-1,10828
104.047671,30.541704,185,10829
103.837601,30.31953,-1,10830
103.984153,30.478099,-1,10831
104.36464,30.996556,-1,10832
103.654812,31.02146,-1,10833
104.745382,30.451887,-1,10834
104.069656,30.690228,79,10835
103.940975,30.937048,-1,10836
104.323601,30.645044,80,10837
104.338662,30.315307,-1,10838
104.288032,30.845083,-1,10839
104.308412,30.865264,11,10840
104.20641,30.74606,-1,10841
104.178527,30.782886,119,10842
104.803861,30.152948,25,10843
104.355872,30.994262,-1,10844
104.071354,30.676828,-1,10845
104.017149,30.561521,-1,10846
104.509728,30.352896,151,10847
104.400316,30.99682,-1,10848
103.889166,30.557273,183,10849
103.868702,30.781915,254,10850
103.91012,30.732083,-1,10851
103.897287,30.836187,54,10852
104.179088,30.783296,119,10853
103.890625,30.248439,-1,10854
103.662647,30.970541,162,10855
104.22531,30.70774,125,10856
104.199042,30.510422,63,10857
104.292561,30.305554,-1,10858
104.080986,30.515784,-1,10859
104.848112,29.75425,248,10860
104.070847,30.770332,-1,10861
103.98297,30.581947,-1,10862
103.972491,30.469647,92,10863
104.046507,30.552606,-1,10864
104.582857,30.38803,-1,10865
104.037665,30.360629,-1,10866
103.719166,30.594966,-1,10867
104.371079,30.954741,-1,10868
103.497012,30.545897,-1,10869
103.966517,30.626033,-1,10870
103.987121,30.216019,-1,10871
103.861174,30.709892,10,10872
103.897432,30.836462,54,10873
103.988411,30.627405,140,10874
104.17858,30.699575,-1,10875
103.885077,30.589944,-1,10876
104.086646,30.716586,-1,10877
104.061981,30.181209,-1,10878
104.487839,30.427375,213,10879
103.985913,30.724744,-1,10880
104.537076,30.352985,-1,10881
103.27753,29.569611,-1,10882
103.535789,30.752843,-1,10883
104.097255,30.890823,-1,10884
104.012355,30.555613,-1,10885
104.326366,30.860213,66,10886
103.818685,30.466017,-1,10887
104.002913,30.515359,-1,10888
104.161284,30.601164,-1,10889
103.831995,30.665998,-1,10890
103.993542,30.746715,156,10891
104.617131,30.68089,-1,10892
104.051106,30.476794,90,10893
104.583262,30.339704,-1,10894
103.506118,30.559101,-1,10895
104.037009,30.225198,-1,10896
103.949785,30.67579,-1,10897
103.833736,30.635242,-1,10898
103.879938,30.605136,233,10899
104.295121,30.387419,-1,10900
104.167319,30.675094,-1,10901
103.41175,30.245508,-1,10902
104.045175,30.476951,-1,10903
103.532338,31.404761,262,10904
104.066266,30.180239,267,10905
104.37815,30.313265,-1,10906
104.391735,30.742072,-1,10907
104.470631,30.510601,-1,10908
103.904873,30.238479,-1,10909
103.851285,30.437208,-1,10910
103.817453,30.633988,34,10911
104.251206,30.526476,-1,10912
104.439147,30.980499,-1,10913
104.079818,30.836429,-1,10914
104.152803,30.781829,70,10915
103.834721,30.573912,-1,10916
103.979984,30.411988,-1,10917
103.411161,30.76482,-1,10918
104.055516,30.651616,-1,10919
104.254712,30.858712,0,10920
103.959349,30.363639,-1,10921
104.008935,30.526088,-1,10922
104.168801,30.741464,91,10923
104.168807,30.741434,91,10924
104.036482,30.296812,-1,10925
103.860935,30.68561,-1,10926
104.199721,30.423356,-1,10927
104.224788,30.793708,46,10928
103.693422,31.03695,-1,10929
103.497268,30.545966,-1,10930
103.945249,30.55527,-1,10931
103.902923,30.692164,-1,10932
104.046554,30.574316,-1,10933
103.636577,30.485176,-1,10934
104.242603,30.651035,60,10935
104.036401,30.296848,-1,10936
104.072151,30.366617,-1,10937
103.969484,30.458484,-1,10938
103.738201,30.955652,-1,10939
103.903387,30.538493,-1,10940
104.113395,30.610987,-1,10941
103.38025,30.368114,-1,10942
104.144501,30.813327,-1,10943
103.876515,30.490941,-1,10944
103.959601,30.438374,174,10945
103.871007,30.701712,2,10946
104.215298,30.582648,6,10947
103.910127,30.73285,-1,10948
103.819602,30.646817,-1,10949
104.36153,30.435028,111,10950
104.312186,30.948452,-1,10951
103.724741,30.578405,195,10952
103.844213,30.541389,-1,10953
103.846158,30.457056,-1,10954
104.135239,30.403988,-1,10955
103.931755,30.473267,-1,10956
103.533349,30.693797,217,10957
104.038656,30.333334,-1,10958
104.242565,30.651097,60,10959
104.241641,30.795306,-1,10960
104.242486,30.651246,60,10961
103.832909,30.592541,-1,10962
103.973968,30.624948,182,10963
104.016819,30.560488,-1,10964
104.072021,30.368848,-1,10965
103.90245,30.658443,28,10966
104.612181,30.712218,-1,10967
104.104292,30.386414,-1,10968
104.587353,30.390435,-1,10969
104.556546,30.353908,148,10970
104.530241,30.635767,-1,10971
104.323369,30.645113,80,10972
104.160654,30.65814,-1,10973
104.493024,30.321913,97,10974
104.397355,30.824182,81,10975
104.284331,30.655698,-1,10976
103.998561,30.014783,-1,10977
104.052156,30.487072,-1,10978
103.815537,30.633337,34,10979
103.954886,30.492032,147,10980
103.799874,30.604574,-1,10981
103.711049,30.79852,-1,10982
103.952473,30.926562,-1,10983
104.00782,30.864703,-1,10984
104.130579,30.670345,-1,10985
104.119434,31.058182,-1,10986
104.543518,31.389192,-1,10987
104.497761,30.346897,-1,10988
104.194887,30.387125,-1,10989
104.366054,30.304231,94,10990
103.90389,29.855374,-1,10991
104.134714,30.805971,127,10992
104.366655,30.307048,-1,10993
104.027853,30.450771,-1,10994
104.088357,30.237488,-1,10995
104.186612,30.707434,184,10996
103.691595,31.011771,-1,10997
104.393091,30.283651,239,10998
104.155546,31.128162,-1,10999
103.868758,30.782498,254,11000
103.970408,30.616505,-1,11001
103.483364,30.52685,-1,11002
104.100202,30.569802,-1,11003
104.504254,30.751409,-1,11004
104.489542,30.494003,65,11005
103.971662,30.650307,93,11006
103.80863,30.459325,-1,11007
104.251206,30.526476,-1,11008
104.15125,30.775716,-1,11009
103.840194,29.781591,-1,11010
103.977538,30.689413,26,11011
104.112005,30.502985,-1,11012
103.848992,30.667104,-1,11013
104.401512,30.997355,265,11014
103.811996,30.965137,-1,11015
103.441209,30.357397,-1,11016
104.116716,30.583958,89,11017
103.956364,30.544097,-1,11018
103.954371,30.931475,-1,11019
102.226414,31.897155,-1,11020
103.906783,30.373562,-1,11021
104.077874,30.794574,57,11022
104.129019,30.529724,-1,11023
104.395379,30.340207,-1,11024
104.083557,30.54392,-1,11025
104.149375,30.839322,-1,11026
104.155034,30.640111,-1,11027
104.210247,30.60694,30,11028
103.792452,30.687309,-1,11029
103.111938,30.056183,-1,11030
104.235326,30.646652,23,11031
104.444743,30.837695,-1,11032
104.360607,30.921658,-1,11033
103.960012,30.517311,-1,11034
103.809363,30.402643,-1,11035
103.882513,30.667815,-1,11036
104.203632,30.740933,-1,11037
104.597732,30.699625,-1,11038
103.880379,30.604548,233,11039
103.505699,30.558943,-1,11040
103.707816,30.927385,-1,11041
104.081583,30.454809,138,11042
104.226584,30.792513,159,11043
103.85102,30.820413,252,11044
104.497882,30.465969,-1,11045
103.509299,30.562677,256,11046
103.876512,30.669917,-1,11047
104.268956,30.579239,220,11048
104.209306,30.566287,-1,11049
103.945918,30.487498,-1,11050
103.873821,30.417359,72,11051
104.054479,30.466364,78,11052
103.963664,30.820196,-1,11053
104.083365,30.758588,-1,11054
103.971301,30.470326,92,11055
103.823911,30.642987,-1,11056
104.251405,30.270687,-1,11057
104.131601,30.394817,-1,11058
104.126552,30.404909,-1,11059
103.949294,30.515763,219,11060
103.986767,30.597741,-1,11061
104.219068,31.429511,-1,11062
103.989272,30.596531,-1,11063
104.190645,30.797572,-1,11064
103.981319,30.78512,117,11065
103.429272,30.412105,-1,11066
103.638375,30.947747,-1,11067
103.892485,30.578825,-1,11068
103.889566,30.691548,-1,11069
104.099996,30.533798,-1,11070
103.858568,30.66363,-1,11071
103.980768,30.756341,-1,11072
104.316944,30.461721,-1,11073
102.645675,30.933778,-1,11074
104.117344,30.537768,-1,11075
103.908228,30.660998,-1,11076
104.22423,31.011335,-1,11077
104.29668,30.993269,170,11078
104.576441,30.71788,-1,11079
104.03359,30.525783,-1,11080
104.174658,30.663632,149,11081
103.977558,30.739332,-1,11082
103.897109,30.535192,-1,11083
103.912131,30.403001,-1,11084
104.115234,30.609564,-1,11085
104.106578,31.07823,-1,11086
104.057212,30.487116,-1,11087
104.492278,30.322112,97,11088
104.221566,30.638529,131,11089
104.54508,29.502102,-1,11090
104.346608,30.643969,-1,11091
104.006519,30.592503,29,11092
104.057238,30.695173,-1,11093
104.043655,30.446411,86,11094
104.073852,30.74803,-1,11095
104.151074,30.793199,-1,11096
104.091394,30.517962,-1,11097
104.323872,30.644945,80,11098
103.883681,30.666008,139,11099
104.108272,30.545016,-1,11100
104.546572,29.503978,-1,11101
103.982428,30.784532,117,11102
104.320225,30.278263,45,11103
103.957659,30.045721,-1,11104
104.25299,30.273889,-1,11105
103.796959,29.434363,-1,11106
103.255925,30.555324,-1,11107
104.212519,30.502403,-1,11108
104.026204,30.18335,-1,11109
104.208209,30.52432,95,11110
103.969449,30.981839,64,11111
103.901818,30.834305,52,11112
103.936697,30.776746,-1,11113
104.10117,30.497755,155,11114
104.257397,30.530511,-1,11115
103.806382,30.348073,-1,11116
104.053521,30.466515,78,11117
104.168844,30.741231,91,11118
104.291753,30.877139,-1,11119
103.867579,30.779808,114,11120
103.892496,31.020089,-1,11121
104.566888,30.387743,-1,11122
104.404615,31.330316,-1,11123
104.317669,30.274936,45,11124
103.936601,30.783131,-1,11125
104.324067,30.824852,-1,11126
103.690046,31.045981,-1,11127
104.203874,30.591067,-1,11128
104.058356,30.442355,-1,11129
104.11421,30.579808,51,11130
103.969504,30.981846,64,11131
104.360544,30.604481,-1,11132
104.072657,30.432277,-1,11133
104.324597,30.294391,-1,11134
103.960239,30.16893,-1,11135
104.060423,30.470374,-1,11136
104.074591,30.51565,-1,11137
103.972364,30.65179,-1,11138
104.203747,30.726025,37,11139
104.017337,30.845831,-1,11140
104.335859,30.644553,-1,11141
104.160788,30.716206,-1,11142
104.54579,29.506837,-1,11143
103.915162,30.712136,-1,11144
104.053251,30.654017,-1,11145
104.225285,30.672156,-1,11146
104.020638,29.139611,197,11147
104.226307,30.64422,-1,11148
103.681996,31.14134,-1,11149
104.236357,30.64652,23,11150
104.120342,30.772894,161,11151
104.413983,30.937637,-1,11152
103.976603,30.468217,-1,11153
104.115037,30.417297,32,11154
104.361586,30.434978,111,11155
103.803893,31.166657,-1,11156
104.20124,30.733404,100,11157
104.165961,30.712459,118,11158
103.668937,30.934144,-1,11159
104.029588,30.523504,-1,11160
103.452136,30.374208,247,11161
103.954104,30.920311,-1,11162
104.22556,30.638631,98,11163
104.096597,30.53981,-1,11164
103.870769,30.770582,-1,11165
104.17887,30.783034,119,11166
104.177741,30.719135,9,11167
104.391182,30.281484,-1,11168
104.164591,30.658753,15,11169
104.06035,31.245443,110,11170
104.309071,30.865599,11,11171
104.061986,30.339184,-1,11172
104.055834,30.847931,4,11173
104.139833,30.407857,-1,11174
104.551003,30.719171,-1,11175
104.138926,30.592368,-1,11176
103.898677,30.403094,-1,11177
104.343817,30.882427,-1,11178
103.870827,30.701963,2,11179
104.352892,30.555137,-1,11180
103.965442,30.430253,-1,11181
104.326548,30.860243,66,11182
104.221511,30.834926,-1,11183
104.0159,30.477776,-1,11184
103.871027,30.467967,-1,11185
104.227144,30.657129,-1,11186
104.000961,30.520379,264,11187
103.452741,30.374759,247,11188
104.196078,30.527786,-1,11189
103.611911,30.823657,-1,11190
103.946992,30.665591,-1,11191
103.338641,30.339995,-1,11192
103.999071,30.743909,-1,11193
104.188851,30.69736,-1,11194
104.116218,30.419094,-1,11195
104.008634,30.47319,-1,11196
103.890805,30.676468,-1,11197
104.564537,30.370781,-1,11198
104.010015,30.929158,-1,11199
104.070983,30.791114,-1,11200
104.204795,30.730823,210,11201
104.582197,30.115392,207,11202
104.056722,30.55659,-1,11203
104.211239,30.569981,-1,11204
104.389837,30.635811,-1,11205
104.110233,30.587092,-1,11206
103.937509,30.619332,130,11207
104.3719,30.86429,-1,11208
104.332959,30.888905,-1,11209
103.951323,30.637255,-1,11210
104.594923,31.769862,-1,11211
103.559857,30.748648,-1,11212
104.114313,30.750621,69,11213
104.050582,30.541598,246,11214
104.116218,30.419094,-1,11215
103.896163,30.472068,-1,11216
104.178598,30.782966,119,11217
104.187578,30.874918,-1,11218
103.877293,30.169977,-1,11219
104.330354,30.64548,-1,11220
104.169605,30.476704,-1,11221
103.719456,30.624857,-1,11222
104.2071,30.755037,-1,11223
104.049338,30.787668,-1,11224
103.884837,30.388686,41,11225
104.081541,30.527614,-1,11226
104.079374,30.565079,223,11227
103.932547,30.810209,-1,11228
104.21382,30.65203,16,11229
104.058381,30.392249,-1,11230
104.164495,30.395149,-1,11231
104.184607,30.488648,-1,11232
104.205942,30.752546,-1,11233
104.070628,30.689764,79,11234
103.883017,30.665825,139,11235
103.854965,30.631096,-1,11236
104.37802,30.455452,-1,11237
103.871319,30.298296,-1,11238
103.459721,30.369859,-1,11239
104.077168,30.614483,-1,11240
103.986227,30.723755,-1,11241
104.34733,30.663999,-1,11242
104.09352,30.581406,14,11243
104.213908,30.583734,6,11244
103.881662,30.367041,-1,11245
103.646921,30.934865,-1,11246
104.152995,30.544102,-1,11247
104.670428,30.087969,-1,11248
103.91659,30.397286,73,11249
104.794131,30.148792,-1,11250
103.694775,30.618274,-1,11251
104.315728,30.303146,165,11252
104.312557,30.632849,-1,11253
104.072672,30.40057,-1,11254
104.013807,29.140826,-1,11255
104.176195,30.778902,-1,11256
104.308454,31.006447,-1,11257
104.636118,30.927658,-1,11258
104.537426,30.660427,-1,11259
103.997783,30.248453,-1,11260
103.847722,30.431163,-1,11261
104.471612,30.339171,-1,11262
103.970691,30.649956,93,11263
103.725157,30.332015,-1,11264
104.12514,30.769391,44,11265
103.93744,30.614185,55,11266
104.166382,30.636372,190,11267
104.065794,30.371057,-1,11268
103.541503,30.745791,-1,11269
103.789964,30.432849,-1,11270
103.916405,30.369231,179,11271
104.099994,30.497975,155,11272
104.043437,30.427656,-1,11273
103.690473,30.898757,-1,11274
103.88009,30.604873,233,11275
104.397311,30.824109,81,11276
103.624425,31.482764,-1,11277
104.044728,30.941052,-1,11278
104.036399,30.503285,-1,11279
104.001441,30.597729,-1,11280
103.942091,30.279746,-1,11281
104.212034,30.609036,30,11282
103.833088,30.861385,-1,11283
103.974406,30.624821,182,11284
104.318396,30.464075,-1,11285
104.390164,31.063287,-1,11286
104.125357,30.769552,44,11287
104.201943,30.548559,-1,11288
103.638612,30.970608,-1,11289
103.6803,30.40935,-1,11290
103.978081,30.20011,212,11291
104.700235,30.657012,-1,11292
104.209975,30.901594,-1,11293
104.577195,31.119033,-1,11294
103.904656,30.683238,-1,11295
104.327159,30.306377,163,11296
104.572348,30.686941,224,11297
103.481244,30.762332,-1,11298
103.95583,31.007527,-1,11299
103.877331,30.572595,-1,11300
104.336654,30.709793,-1,11301
104.237317,30.653222,12,11302
103.466078,30.437823,225,11303
104.421892,30.881516,-1,11304
104.071302,30.725187,62,11305
104.32012,30.311446,-1,11306
104.306636,30.8653,-1,11307
104.501335,30.484756,-1,11308
104.408698,30.344366,-1,11309
103.890724,30.511305,-1,11310
103.87107,30.702018,2,11311
104.175233,30.664484,149,11312
103.924765,30.949772,153,11313
104.241565,30.651866,-1,11314
103.967088,30.64818,21,11315
104.083241,30.577635,-1,11316
104.167104,30.636759,190,11317
104.566169,30.371551,-1,11318
103.873344,30.779276,5,11319
104.283282,30.581174,-1,11320
103.813959,30.632876,34,11321
104.573235,30.36845,-1,11322
103.885875,30.165133,-1,11323
104.334036,30.761661,-1,11324
104.461873,30.488158,-1,11325
103.914825,30.710984,-1,11326
104.09938,30.460035,77,11327
103.717713,30.59293,-1,11328
103.266389,30.289214,-1,11329
103.959341,30.162809,-1,11330
104.188192,30.514618,-1,11331
104.104295,30.827676,-1,11332
104.211262,30.608225,30,11333
104.312269,30.298435,48,11334
103.701722,30.602336,83,11335
103.848894,30.641122,-1,11336
103.489739,30.18456,177,11337
102.062497,31.516895,-1,11338
103.861077,30.44535,116,11339
104.47598,30.427116,-1,11340
104.181593,30.53419,-1,11341
104.060012,30.470326,-1,11342
103.619851,30.40546,-1,11343
104.111978,30.636186,-1,11344
104.109967,30.591727,-1,11345
104.001834,30.128261,257,11346
103.534015,30.694635,217,11347
104.242502,30.650188,60,11348
104.2108,30.607627,30,11349
104.276168,30.635726,-1,11350
104.101173,30.426465,-1,11351
104.474658,30.344822,-1,11352
103.981628,30.785167,117,11353
103.704434,30.653774,-1,11354
103.777628,30.7436,-1,11355
104.224966,30.7939,46,11356
104.069996,30.768767,146,11357
104.319655,30.27528,45,11358
104.189344,30.599431,-1,11359
104.301888,30.385661,-1,11360
103.96105,30.939368,-1,11361
104.536997,30.365771,201,11362
104.071062,30.72519,62,11363
104.165902,30.712284,118,11364
103.489755,30.184576,177,11365
104.556395,30.372595,-1,11366
104.509768,30.352862,151,11367
103.85097,30.820443,252,11368
104.858335,29.740299,-1,11369
103.647458,30.95429,-1,11370
104.216348,30.52238,-1,11371
104.526834,30.665839,-1,11372
104.027128,31.332183,-1,11373
104.068286,30.183576,-1,11374
104.235686,30.646336,23,11375
103.870804,30.701892,2,11376
103.959046,30.615095,-1,11377
103.973966,30.624167,182,11378
104.247503,30.775836,-1,11379
104.120257,30.772853,161,11380
103.977803,30.688724,26,11381
104.312298,30.874853,-1,11382
103.974102,30.787716,-1,11383
104.243701,29.945785,-1,11384
103.97081,30.989037,-1,11385
104.054659,30.242065,-1,11386
104.342451,30.788633,-1,11387
103.734955,30.394291,-1,11388
104.361602,30.428379,-1,11389
103.893382,30.513659,158,11390
103.472775,30.980605,-1,11391
104.089877,30.740628,244,11392
104.877298,30.28592,-1,11393
103.975885,30.440242,-1,11394
104.061709,30.270854,-1,11395
104.277112,30.638058,-1,11396
103.837636,30.360554,236,11397
104.079231,30.81821,-1,11398
103.83594,30.320866,-1,11399
104.521501,30.429641,109,11400
103.995496,30.253696,-1,11401
103.995397,30.612833,203,11402
104.226018,30.52499,181,11403
104.402484,30.340637,-1,11404
104.10812,30.545969,-1,11405
104.179218,30.722068,-1,11406
104.000588,30.455574,-1,11407
103.923942,30.860037,-1,11408
104.039617,30.225866,-1,11409
103.877331,30.572595,-1,11410
104.131916,30.685922,-1,11411
104.241639,30.836455,-1,11412
104.402228,30.996318,265,11413
103.838798,30.31582,-1,11414
103.866054,30.304479,-1,11415
103.81691,30.633819,34,11416
103.850985,30.367911,-1,11417
103.96368,30.448187,-1,11418
103.783859,30.652609,-1,11419
104.118903,30.757394,53,11420
103.920174,30.863682,-1,11421
103.917138,30.684184,19,11422
103.888377,30.763916,-1,11423
104.110345,30.493497,-1,11424
103.856722,30.442234,214,11425
104.114233,30.750425,69,11426
103.932649,30.868853,-1,11427
103.861816,30.457061,-1,11428
104.228747,30.692262,-1,11429
104.323387,30.645066,80,11430
104.51185,30.421085,106,11431
103.787654,31.007228,-1,11432
103.656071,30.364765,-1,11433
104.077553,30.794688,57,11434
103.872567,30.664224,-1,11435
104.134337,30.952509,-1,11436
103.981403,30.785438,117,11437
103.768048,30.599591,-1,11438
104.198686,30.582045,33,11439
104.973498,29.870819,122,11440
104.119157,30.728229,-1,11441
103.964972,30.641185,-1,11442
103.64325,30.470046,251,11443
104.103696,30.532445,87,11444
104.973618,29.871203,122,11445
104.152713,30.781615,70,11446
104.070811,30.726633,62,11447
103.912018,30.798722,-1,11448
103.826502,30.576033,-1,11449
103.851004,30.820381,252,11450
103.634395,30.952322,-1,11451
103.857826,31.065623,-1,11452
104.23756,30.721786,-1,11453
103.951323,30.637255,-1,11454
103.717656,30.5941,-1,11455
103.999807,30.617917,-1,11456
104.017987,31.398809,-1,11457
103.914132,30.709289,-1,11458
104.0503,30.259439,258,11459
103.90217,30.658319,28,11460
104.217568,30.584546,-1,11461
103.813549,30.631858,34,11462
104.411939,30.344699,-1,11463
104.232869,30.790652,-1,11464
104.237808,30.720805,-1,11465
103.727962,30.559097,261,11466
104.401893,30.997557,265,11467
103.87973,30.479942,-1,11468
104.464861,31.044156,-1,11469
104.392049,30.299115,134,11470
104.317329,30.275874,45,11471
103.888241,30.556046,183,11472
103.942271,30.847575,-1,11473
104.072833,30.695638,-1,11474
104.06809,30.69243,79,11475
104.161511,30.599733,103,11476
104.375775,30.562925,-1,11477
104.016197,30.478879,-1,11478
104.318388,30.273193,-1,11479
103.696398,30.403773,-1,11480
103.614571,30.964654,-1,11481
103.897059,30.666567,36,11482
104.530392,30.665334,-1,11483
103.977538,30.689413,26,11484
104.048821,30.250881,-1,11485
104.118841,30.46906,-1,11486
103.872724,30.779206,5,11487
104.582197,30.115392,207,11488
103.874408,30.41742,72,11489
103.706952,30.581396,-1,11490
103.898667,30.4752,-1,11491
103.855907,30.823825,-1,11492
103.459314,30.37043,-1,11493
103.812798,30.632624,34,11494
103.932752,30.813551,-1,11495
104.108901,30.464152,-1,11496
103.875859,30.731781,-1,11497
103.642201,30.94319,172,11498
103.964051,30.563239,-1,11499
103.625432,30.9317,-1,11500
104.310879,30.80564,-1,11501
103.662871,30.972113,162,11502
104.321878,30.293652,-1,11503
104.1727,30.483704,7,11504
104.058008,30.453143,-1,11505
103.93744,30.614185,55,11506
104.317971,30.277049,45,11507
103.859881,30.339842,-1,11508
104.043136,30.460903,-1,11509
104.250547,30.752665,-1,11510
103.9646,30.636905,99,11511
103.936532,30.92004,-1,11512
104.402484,30.340637,-1,11513
104.194361,30.587048,-1,11514
104.498435,30.489531,-1,11515
104.061853,30.443251,-1,11516
103.42924,30.412205,-1,11517
104.312448,30.87331,-1,11518
104.242372,30.650407,60,11519
104.002913,30.515359,-1,11520
103.837594,29.771663,-1,11521
104.169399,30.78076,-1,11522
103.90209,30.658429,28,11523
103.934531,30.548659,-1,11524
103.874896,30.8305,-1,11525
104.19017,30.78871,-1,11526
103.73899,30.653191,-1,11527
104.002041,30.598059,-1,11528
104.294023,30.385179,-1,11529
104.505594,30.485536,-1,11530
104.32729,30.306472,163,11531
103.695453,30.394741,-1,11532
103.967714,30.617187,-1,11533
104.138604,30.610808,-1,11534
104.236938,30.498298,-1,11535
104.190345,30.5141,-1,11536
104.05085,30.476239,90,11537
103.81263,30.631742,34,11538
104.16455,30.65906,15,11539
103.490723,30.529401,-1,11540
103.894795,30.478068,-1,11541
104.385815,30.912566,-1,11542
103.92309,30.717013,132,11543
104.177684,30.718966,9,11544
104.36793,30.295409,-1,11545
103.960697,30.169131,-1,11546
104.99071,29.542673,218,11547
104.278255,30.727595,-1,11548
104.154738,30.593671,-1,11549
104.361787,30.434996,111,11550
103.924365,30.950262,153,11551
104.191896,30.660598,-1,11552
104.312162,30.232513,-1,11553
104.223777,30.566289,18,11554
104.345084,31.004528,-1,11555
104.171211,30.65971,-1,11556
104.006669,30.519157,-1,11557
103.470958,31.278552,-1,11558
103.970298,30.649871,93,11559
104.112755,30.753063,121,11560
103.495235,30.574197,-1,11561
104.057341,30.485516,-1,11562
102.202495,29.683917,-1,11563
103.805971,30.456477,-1,11564
104.202875,31.188118,-1,11565
104.311957,30.846818,-1,11566
104.173852,30.539585,-1,11567
104.225538,30.791382,159,11568
103.964216,30.642766,-1,11569
104.178558,30.791679,-1,11570
104.0562,30.763015,142,11571
104.105587,30.587406,209,11572
103.902262,30.834155,52,11573
104.017938,30.444709,-1,11574
104.432732,30.333632,-1,11575
104.184114,30.692073,-1,11576
104.180627,30.682149,-1,11577
103.924521,30.94996,153,11578
104.106443,30.76619,-1,11579
104.064256,30.386933,-1,11580
104.169242,30.577608,-1,11581
104.055035,30.466563,78,11582
103.820101,30.929282,-1,11583
104.97365,29.871105,122,11584
104.973361,29.870953,122,11585
104.077853,30.335065,-1,11586
103.915977,30.678247,-1,11587
104.136391,30.408508,-1,11588
103.928117,30.60664,-1,11589
104.118383,30.758995,-1,11590
104.224939,30.804887,-1,11591
104.473247,30.434679,-1,11592
103.949457,30.554134,-1,11593
103.834565,30.321649,-1,11594
103.380092,30.36816,-1,11595
103.886389,30.820168,188,11596
104.224559,30.675155,238,11597
104.373725,30.487402,-1,11598
104.01698,30.530084,-1,11599
104.121712,30.477262,-1,11600
104.325793,30.273825,-1,11601
104.027905,30.450794,-1,11602
103.995169,30.480448,-1,11603
104.03299,31.048021,-1,11604
104.164659,30.658982,15,11605
104.126679,30.537834,-1,11606
103.902107,30.685059,-1,11607
104.160941,30.735945,-1,11608
104.07813,30.75558,-1,11609
103.936866,30.811765,-1,11610
104.045777,30.427479,50,11611
103.944286,30.467923,-1,11612
104.362103,30.351263,-1,11613
103.978911,30.467515,-1,11614
104.125338,30.769375,44,11615
103.647446,31.021315,-1,11616
103.838289,30.360901,236,11617
103.636831,30.956661,-1,11618
103.973059,30.469232,92,11619
104.072693,30.274946,-1,11620
104.488325,30.427025,213,11621
104.397527,31.057953,-1,11622
103.788286,31.035794,-1,11623
103.701641,30.60257,83,11624
104.426502,30.460528,-1,11625
103.845638,30.439168,-1,11626
104.202587,30.726061,37,11627
104.642053,29.527743,-1,11628
103.499038,30.542675,-1,11629
104.20122,30.733615,100,11630
104.11992,30.772768,161,11631
104.043655,30.446411,86,11632
104.163264,30.720629,-1,11633
104.548981,30.717996,-1,11634
103.976485,30.544941,-1,11635
103.918651,30.565481,-1,11636
104.154975,30.641692,-1,11637
104.244785,30.645719,42,11638
103.840389,29.781873,-1,11639
104.208114,30.52437,95,11640
104.391128,30.283923,263,11641
104.787405,30.162481,-1,11642
103.588423,30.773172,-1,11643
103.972074,30.4726,-1,11644
103.655117,30.927027,259,11645
104.233622,30.794019,-1,11646
103.850937,30.820449,252,11647
104.185883,30.718516,166,11648
104.391617,30.282687,-1,11649
103.956792,30.377639,-1,11650
103.977695,30.613791,-1,11651
104.223873,30.566314,18,11652
104.149077,30.8392,-1,11653
104.384466,30.857282,-1,11654
103.96902,30.991299,-1,11655
103.729102,30.399504,-1,11656
103.921,30.939545,-1,11657
103.849063,30.430344,-1,11658
104.1004,30.459024,77,11659
104.053267,30.465832,78,11660
103.492116,30.753686,-1,11661
104.361586,30.43493,111,11662
104.311603,30.298984,48,11663
104.069633,30.598378,-1,11664
103.848894,30.641122,-1,11665
103.974081,31.003458,-1,11666
103.634668,30.952734,-1,11667
103.89853,30.665162,-1,11668
103.926255,30.947026,-1,11669
104.076071,30.780105,-1,11670
104.537196,30.697827,-1,11671
103.723452,30.586379,-1,11672
103.819364,30.466895,-1,11673
104.137492,30.711617,-1,11674
104.172065,30.602925,-1,11675
104.504809,30.616365,-1,11676
104.353411,30.996004,115,11677
103.823704,30.422572,-1,11678
103.959476,30.438471,174,11679
103.876406,30.220744,-1,11680
104.177731,30.718948,9,11681
104.117678,30.721245,-1,11682
103.972735,30.579349,-1,11683
104.046838,30.451526,-1,11684
104.105715,30.767057,-1,11685
104.004167,30.592484,-1,11686
103.465439,30.437852,225,11687
104.130959,30.677265,-1,11688
104.168924,30.741361,91,11689
104.25537,30.531322,108,11690
104.564122,30.381099,-1,11691
104.051259,30.259753,258,11692
103.433533,30.163098,-1,11693
104.07146,30.725173,62,11694
104.662353,31.091677,234,11695
104.077201,30.803028,-1,11696
103.460332,30.464091,-1,11697
103.945841,30.486836,-1,11698
104.07201,30.245758,-1,11699
103.530428,31.410312,133,11700
104.057481,30.700361,-1,11701
104.053819,30.46602,78,11702
104.397594,30.344015,-1,11703
103.739118,30.653208,-1,11704
104.294721,29.659585,-1,11705
103.901449,30.834603,52,11706
103.645849,30.400386,-1,11707
103.861302,30.803743,204,11708
104.248915,30.772728,35,11709
104.323227,30.34211,-1,11710
104.120244,30.772968,161,11711
104.025283,30.482859,-1,11712
103.881301,31.087448,-1,11713
104.392818,30.283688,239,11714
104.312205,30.298569,48,11715
104.251206,30.526476,-1,11716
103.787767,30.67014,-1,11717
104.076585,30.295927,-1,11718
104.077417,30.794862,57,11719
103.496199,30.175137,-1,11720
103.960761,30.941366,206,11721
104.393868,30.736935,-1,11722
103.892965,30.513511,158,11723
103.931934,30.690557,-1,11724
103.497395,30.547248,230,11725
104.225214,30.997928,-1,11726
103.695905,29.228001,-1,11727
104.125969,30.758638,-1,11728
104.063737,30.442784,-1,11729
104.072342,30.200882,101,11730
104.103183,30.497355,155,11731
104.224922,30.804887,-1,11732
104.075334,30.642684,-1,11733
103.88465,30.388545,41,11734
104.522525,30.662616,173,11735
103.971798,30.472437,-1,11736
104.22548,30.791031,159,11737
104.212415,30.571115,-1,11738
103.938234,30.618941,130,11739
104.225466,30.790798,159,11740
104.047031,30.42813,50,11741
104.20114,30.733804,100,11742
104.123612,30.912498,-1,11743
104.319392,30.309483,-1,11744
103.872297,30.771205,-1,11745
104.211202,30.569053,-1,11746
104.166799,30.658938,-1,11747
104.1695,30.625239,-1,11748
104.006115,30.651717,-1,11749
103.936136,30.614226,55,11750
103.937696,30.614124,55,11751
103.585631,30.388384,-1,11752
103.999227,30.911643,-1,11753
104.007343,30.51853,-1,11754
103.893411,30.250216,-1,11755
103.006337,29.870392,-1,11756
104.157345,30.64821,-1,11757
103.859243,30.827647,211,11758
104.042057,30.239127,-1,11759
104.154642,30.719201,-1,11760
103.662477,31.04317,-1,11761
104.669358,29.504088,135,11762
104.320692,30.281469,232,11763
103.875412,30.736144,-1,11764
104.146274,30.909706,-1,11765
104.249853,30.64845,-1,11766
104.242876,30.651673,60,11767
104.145226,30.700111,-1,11768
103.812458,30.571548,-1,11769
103.980157,30.584883,-1,11770
103.813342,30.631899,34,11771
103.904188,30.631337,-1,11772
104.973361,29.870887,122,11773
104.122833,30.513139,-1,11774
104.55538,30.352678,148,11775
104.36292,31.067787,31,11776
103.640192,30.466058,193,11777
104.037728,30.535555,-1,11778
104.152742,30.725899,124,11779
103.703805,30.799223,-1,11780
103.952415,30.451135,-1,11781
104.003471,30.482974,-1,11782
104.535748,30.655719,-1,11783
103.827098,30.422855,-1,11784
104.154775,30.593658,-1,11785
103.683122,30.399488,-1,11786
104.503732,30.426643,-1,11787
104.023683,30.542003,-1,11788
103.844343,30.878545,-1,11789
103.871002,30.711182,-1,11790
104.558708,30.359778,-1,11791
103.811372,30.405726,-1,11792
104.046941,30.428264,50,11793
104.185173,30.684263,-1,11794
103.038912,30.399045,-1,11795
104.290022,30.87802,-1,11796
103.468392,30.434532,-1,11797
104.093145,30.581572,14,11798
103.892686,31.019971,-1,11799
104.444968,30.3559,-1,11800
104.068743,30.536396,-1,11801
104.226307,30.64422,-1,11802
104.081711,30.455794,138,11803
104.184691,30.552543,-1,11804
103.676713,30.399668,-1,11805
104.044136,30.445229,86,11806
104.226518,30.792589,159,11807
104.143268,30.580875,-1,11808
104.041904,30.224126,-1,11809
103.93647,30.614029,55,11810
103.856722,30.442234,214,11811
104.188253,30.793388,216,11812
104.414884,30.243732,-1,11813
104.119238,30.758294,53,11814
104.071704,30.444012,-1,11815
104.320903,29.735631,-1,11816
103.959416,30.620451,-1,11817
104.010015,30.929158,-1,11818
103.856939,30.442309,214,11819
104.055805,30.847816,4,11820
104.034548,30.465125,-1,11821
104.013005,30.480817,-1,11822
103.798446,31.166982,-1,11823
103.827916,30.425731,-1,11824
104.566911,30.387731,-1,11825
104.522413,30.662767,173,11826
104.18722,30.818629,-1,11827
104.525512,30.670607,-1,11828
104.29162,30.59304,-1,11829
104.234735,30.498005,-1,11830
103.937459,30.613355,55,11831
103.262015,30.573279,-1,11832
103.887217,30.528567,137,11833
104.848184,29.754152,248,11834
103.653136,30.920408,202,11835
104.304329,30.991914,-1,11836
103.966196,30.435466,-1,11837
104.182331,30.7002,-1,11838
103.742783,30.340054,-1,11839
104.164495,30.395149,-1,11840
104.198578,30.582089,33,11841
104.220755,30.681818,-1,11842
104.106674,30.74052,102,11843
103.662952,30.970721,162,11844
103.678336,31.030005,128,11845
104.333912,30.76152,-1,11846
104.074936,30.32095,-1,11847
104.388092,30.866883,-1,11848
103.888423,30.556179,183,11849
103.710246,30.395817,-1,11850
104.589609,30.726374,-1,11851
103.287374,29.581542,-1,11852
103.4508,30.37556,-1,11853
104.019318,30.230066,-1,11854
104.08749,30.746674,-1,11855
104.247432,30.555164,-1,11856
103.763815,30.418599,-1,11857
104.590713,30.726007,-1,11858
104.318663,30.860746,8,11859
103.896747,30.666601,36,11860
104.391617,30.282687,-1,11861
103.991262,30.420662,-1,11862
103.984624,30.218794,-1,11863
103.684737,31.02824,-1,11864
103.873344,30.779276,5,11865
103.6817,30.893684,-1,11866
104.242556,30.651169,60,11867
104.161017,30.594455,-1,11868
104.102042,30.576524,-1,11869
103.636618,30.956796,-1,11870
104.235758,30.646636,23,11871
103.937459,30.613355,55,11872
103.825005,30.798247,-1,11873
104.069664,30.690728,79,11874
104.245007,30.70821,-1,11875
104.164567,30.658662,15,11876
103.915336,30.630966,-1,11877
103.994149,30.746293,156,11878
104.032794,30.194286,-1,11879
104.462217,30.346679,-1,11880
104.532515,30.664653,-1,11881
104.66831,30.08785,-1,11882
104.026866,30.45832,-1,11883
104.05609,30.848005,4,11884
104.072583,30.38882,-1,11885
104.337947,30.665524,-1,11886
103.818144,30.634103,34,11887
104.360057,30.661336,-1,11888
104.804261,30.15251,25,11889
103.783821,30.442127,-1,11890
103.894158,30.411594,-1,11891
103.67804,31.029904,128,11892
104.251206,30.526476,-1,11893
103.530354,30.7382,-1,11894
104.372141,30.864291,-1,11895
103.662053,30.963564,-1,11896
104.166902,30.63685,190,11897
104.480321,30.598656,-1,11898
104.53206,30.452249,-1,11899
104.343452,30.713773,-1,11900
103.851028,30.820326,252,11901
103.969059,30.469621,92,11902
103.971874,30.54315,68,11903
104.168682,30.741594,91,11904
104.070601,30.6897,79,11905
103.464135,30.367114,-1,11906
103.702017,30.852844,-1,11907
103.954992,30.543828,-1,11908
103.611816,30.959697,-1,11909
103.653291,30.919955,202,11910
103.825196,30.447058,-1,11911
104.378574,30.292087,-1,11912
104.154863,30.719109,-1,11913
104.221056,30.638795,131,11914
103.6751,30.908277,-1,11915
103.955567,31.014276,-1,11916
103.771249,29.977921,-1,11917
104.074352,30.719051,-1,11918
104.625627,30.857923,199,11919
104.242567,30.650765,60,11920
104.056305,30.4281,-1,11921
104.006259,30.592252,29,11922
104.572137,30.68697,224,11923
103.939044,30.549066,-1,11924
103.818126,30.634184,34,11925
104.00423,30.508128,-1,11926
104.390332,31.063306,-1,11927
103.833872,30.861133,-1,11928
104.201225,30.739476,-1,11929
104.234502,30.646405,23,11930
104.177166,30.71857,9,11931
104.173786,30.484736,7,11932
103.956427,30.72568,-1,11933
104.198298,30.582071,33,11934
103.685043,30.878994,-1,11935
103.937831,29.938712,-1,11936
104.017833,29.139067,-1,11937
103.902243,30.69156,-1,11938
104.394423,30.349883,-1,11939
104.168592,30.741535,91,11940
104.115321,30.885115,-1,11941
104.242572,30.650837,60,11942
104.012255,30.8313,-1,11943
104.046501,30.55062,-1,11944
103.88571,31.028308,-1,11945
103.805319,30.431255,-1,11946
104.245861,30.652422,-1,11947
103.790885,30.666894,200,11948
104.142892,30.570168,-1,11949
103.958558,30.612278,-1,11950
104.015796,30.478193,-1,11951
104.203658,30.726251,37,11952
104.218937,30.65509,-1,11953
103.914498,30.675418,243,11954
103.935179,30.905381,59,11955
104.12085,30.501653,3,11956
104.220349,30.573855,-1,11957
104.021986,30.66123,-1,11958
104.268821,30.57896,220,11959
104.785597,29.795979,-1,11960
104.161111,30.60078,103,11961
104.760599,30.371919,-1,11962
103.995577,30.628247,-1,11963
104.017169,30.845802,-1,11964
103.874154,30.464597,-1,11965
104.142884,30.473427,-1,11966
104.099844,30.459753,77,11967
104.328574,30.276497,-1,11968
104.145212,30.557332,-1,11969
103.916509,30.369281,179,11970
104.233622,30.794019,-1,11971
104.318885,30.276029,45,11972
104.125046,30.771476,-1,11973
104.188631,30.731806,-1,11974
103.969255,30.36641,120,11975
104.33125,30.897559,-1,11976
104.134037,30.73444,-1,11977
103.507873,29.492523,-1,11978
103.09673,30.06427,-1,11979
104.161731,30.69654,-1,11980
103.643366,30.470214,251,11981
103.711985,30.380931,-1,11982
104.530167,30.664897,-1,11983
104.428254,31.14951,-1,11984
104.445627,30.273722,-1,11985
104.093655,30.581249,14,11986
103.829319,30.465855,-1,11987
103.909287,30.543071,176,11988
103.859344,30.827371,211,11989
104.390432,30.284205,263,11990
104.131086,30.677336,-1,11991
103.737923,30.511054,-1,11992
103.969366,30.428664,-1,11993
104.296095,30.993817,170,11994
104.068276,30.769389,-1,11995
104.016049,30.582303,-1,11996
104.990614,29.542623,218,11997
104.205326,30.75286,-1,11998
104.439454,30.350608,-1,11999
104.125229,30.769255,44,12000
103.855548,30.633236,-1,12001
104.497567,30.469484,-1,12002
103.147253,30.461352,-1,12003
104.266228,30.974699,-1,12004
103.676873,30.339716,-1,12005
103.934209,30.72049,-1,12006
104.244972,30.645266,42,12007
103.795761,30.650425,-1,12008
104.092968,30.58176,14,12009
103.546047,30.209669,-1,12010
104.316944,30.461739,-1,12011
103.970414,30.650361,93,12012
104.022711,30.450112,-1,12013
104.248994,30.77236,35,12014
104.51326,30.420053,76,12015
104.044826,30.444797,86,12016
104.0172,29.14019,-1,12017
104.071603,30.688664,79,12018
103.967125,30.618213,-1,12019
104.116038,30.887691,-1,12020
103.974206,30.624682,182,12021
104.001871,30.587434,-1,12022
104.513373,30.351537,-1,12023
103.993494,30.75343,-1,12024
103.947309,30.920488,-1,12025
103.888219,30.556166,183,12026
104.077183,30.374572,-1,12027
104.235334,30.646117,23,12028
104.120651,30.780157,-1,12029
103.504996,30.725367,-1,12030
104.015322,30.525616,-1,12031
103.850932,30.820529,252,12032
103.496154,30.5486,-1,12033
104.680544,30.051141,-1,12034
103.731476,30.595646,-1,12035
104.223703,30.88517,-1,12036
104.404592,30.351085,-1,12037
103.962617,30.613071,-1,12038
103.837219,30.360185,236,12039
103.940201,30.6213,-1,12040
104.296614,30.993441,170,12041
104.293731,30.850665,178,12042
103.853973,30.341146,-1,12043
103.890237,30.478825,-1,12044
104.056254,30.763258,142,12045
103.517739,30.578393,-1,12046
104.149294,30.725354,-1,12047
103.459721,30.369859,-1,12048
103.937892,30.61894,130,12049
103.497276,30.753586,-1,12050
103.902038,30.834198,52,12051
104.183273,30.717374,168,12052
103.940974,30.936596,-1,12053
104.162291,30.697551,-1,12054
104.084698,30.455578,228,12055
103.909517,30.883565,-1,12056
103.95972,30.656229,-1,12057
104.17718,30.718587,9,12058
104.088467,30.548175,-1,12059
104.444152,30.844167,-1,12060
103.671844,30.332606,-1,12061
103.998913,30.669498,-1,12062
104.078548,30.471277,-1,12063
104.390551,30.284192,263,12064
104.415912,30.939471,-1,12065
103.861406,31.056271,-1,12066
104.020984,30.651702,-1,12067
103.701816,30.602656,83,12068
103.937667,30.421181,-1,12069
103.632018,30.302634,-1,12070
104.312521,30.874803,-1,12071
103.916252,30.368997,179,12072
103.793101,29.436836,-1,12073
104.333975,30.644474,229,12074
104.143394,30.534269,-1,12075
104.164541,30.669673,-1,12076
104.112923,30.578923,51,12077
104.112726,30.752611,121,12078
103.948729,30.553368,-1,12079
103.859973,30.914252,-1,12080
103.858935,30.793101,-1,12081
103.936258,30.905516,59,12082
103.95352,30.655827,-1,12083
103.891282,30.410172,-1,12084
104.361888,30.434904,111,12085
104.04645,30.550747,-1,12086
103.591479,30.742204,-1,12087
104.212973,30.650314,-1,12088
103.531253,30.733237,-1,12089
103.81091,30.396714,-1,12090
104.080279,30.360635,-1,12091
104.044542,30.701334,-1,12092
104.619805,30.889803,-1,12093
103.383899,30.730992,-1,12094
104.079128,30.564015,223,12095
103.940424,29.942254,-1,12096
104.07124,30.675654,-1,12097
104.524839,30.664945,-1,12098
103.96745,30.648599,21,12099
103.806818,30.457028,-1,12100
104.315473,29.733867,-1,12101
103.861078,30.590321,-1,12102
103.694751,29.234253,-1,12103
104.280245,30.645845,-1,12104
104.071509,30.689329,79,12105
104.238442,30.578742,-1,12106
102.704193,29.972957,-1,12107
103.863622,30.598604,-1,12108
104.21545,30.582598,6,12109
104.071122,30.72522,62,12110
104.172223,30.638638,-1,12111
103.455075,30.74517,-1,12112
104.226557,30.525198,181,12113
104.340246,30.460049,-1,12114
104.150364,30.616179,74,12115
104.055809,30.847851,4,12116
104.003452,30.734729,-1,12117
104.202805,30.726075,37,12118
104.047197,30.540453,185,12119
103.538049,30.20769,-1,12120
103.598144,31.01077,-1,12121
104.056418,30.660454,-1,12122
103.739729,31.003762,-1,12123
104.552024,30.716177,231,12124
104.025334,31.295978,-1,12125
104.314131,30.315424,-1,12126
104.243183,30.645736,42,12127
104.260262,30.990025,-1,12128
104.083681,30.719906,-1,12129
103.818518,30.634361,34,12130
103.904495,30.762573,-1,12131
104.00251,31.433457,-1,12132
104.140975,30.407595,-1,12133
103.964463,30.637085,99,12134
104.224869,30.793605,46,12135
103.896783,30.666495,36,12136
104.072663,30.438725,-1,12137
104.23833,30.793526,-1,12138
104.071368,30.725117,62,12139
104.306384,30.864977,-1,12140
103.936333,30.905251,59,12141
104.845981,29.744105,-1,12142
103.8934,30.513655,158,12143
104.048397,30.54059,185,12144
104.326468,30.86026,66,12145
103.896841,30.666526,36,12146
103.88472,30.665477,-1,12147
103.890208,30.662519,-1,12148
104.316693,30.712384,-1,12149
104.014016,30.503729,-1,12150
104.366095,30.857309,-1,12151
103.885875,30.165133,-1,12152
104.049544,30.476788,90,12153
103.859679,30.301456,-1,12154
104.152779,30.725768,124,12155
103.533062,30.207318,-1,12156
103.688016,31.025108,-1,12157
104.18579,30.71874,166,12158
104.16482,30.657876,15,12159
104.043839,30.446113,86,12160
103.969504,30.458441,-1,12161
103.638239,30.936002,-1,12162
103.997578,30.666808,-1,12163
103.957615,30.639871,-1,12164
103.957365,30.610814,-1,12165
104.083777,30.456045,228,12166
104.164439,30.646882,-1,12167
103.884965,30.388638,41,12168
104.39269,30.287006,104,12169
104.071318,30.675647,-1,12170
103.648818,30.477226,-1,12171
104.882208,30.082882,-1,12172
103.820238,30.655746,-1,12173
104.521417,30.662436,173,12174
104.063378,30.681395,-1,12175
103.970523,30.650233,93,12176
104.081719,30.456262,138,12177
104.081638,30.4945,-1,12178
104.97365,29.871105,122,12179
103.963973,30.623194,-1,12180
103.966778,30.738965,-1,12181
103.836995,30.527567,-1,12182
103.899581,30.541054,-1,12183
104.355218,30.348488,-1,12184
104.25479,30.859121,0,12185
104.315695,30.303097,165,12186
103.886853,30.820425,188,12187
103.458691,30.371828,-1,12188
103.50812,29.49272,-1,12189
103.433284,30.397012,-1,12190
104.105626,31.078464,-1,12191
103.972284,30.542267,68,12192
104.161428,30.599526,103,12193
104.02391,30.593322,-1,12194
104.576441,30.71788,-1,12195
103.930024,30.622108,-1,12196
104.226471,30.791706,159,12197
104.320208,30.277313,45,12198
103.92178,30.422847,-1,12199
104.161308,30.890876,-1,12200
104.194554,30.681842,-1,12201
104.157345,30.64821,-1,12202
104.055278,30.685019,-1,12203
103.531778,31.403707,262,12204
103.496971,30.547239,230,12205
104.017845,30.553108,-1,12206
104.449717,30.480822,22,12207
104.204962,30.808634,-1,12208
104.000784,30.591279,-1,12209
104.109177,30.643817,-1,12210
104.069656,30.690748,79,12211
104.102108,30.510874,-1,12212
103.925446,30.9511,153,12213
103.88735,30.666506,-1,12214
104.019515,30.492067,-1,12215
104.175624,30.700188,-1,12216
103.789124,30.35247,-1,12217
103.997094,30.907937,-1,12218
103.960159,30.517487,-1,12219
103.953176,30.920309,-1,12220
104.170842,30.61496,27,12221
104.617973,30.695597,-1,12222
104.057043,30.4276,-1,12223
103.914218,30.675489,243,12224
103.946755,30.665848,-1,12225
103.963075,30.654642,-1,12226
104.213678,30.583847,6,12227
104.10551,30.704872,-1,12228
103.959089,30.499521,-1,12229
104.0623,30.438003,-1,12230
103.702323,30.893991,-1,12231
104.598212,30.701043,-1,12232
103.632764,31.09526,-1,12233
104.233374,30.790921,-1,12234
104.160625,30.643181,227,12235
103.837327,30.846971,-1,12236
103.690845,30.403119,-1,12237
103.504611,30.570897,-1,12238
103.889402,30.384032,-1,12239
104.173083,30.484454,7,12240
103.952753,30.650948,-1,12241
103.924317,30.94989,153,12242
103.95867,30.430088,-1,12243
104.071944,30.259935,-1,12244
104.180679,30.703704,-1,12245
104.106635,30.770766,-1,12246
103.816138,30.486067,-1,12247
104.223328,30.884684,-1,12248
104.108138,30.546245,-1,12249
104.06618,31.258678,-1,12250
103.945696,31.071953,-1,12251
103.370406,30.171886,-1,12252
104.190375,30.662492,-1,12253
104.072716,30.32121,-1,12254
103.896726,30.66664,36,12255
103.806863,30.967577,-1,12256
104.007821,30.524025,-1,12257
104.171355,30.63583,-1,12258
103.489739,30.184576,177,12259
103.820051,30.867023,-1,12260
103.968282,30.616382,-1,12261
103.917296,30.818056,-1,12262
103.736105,30.938113,-1,12263
104.324722,30.701019,-1,12264
103.806137,31.171656,-1,12265
104.010247,30.45157,-1,12266
104.14105,30.645434,-1,12267
103.593936,31.008462,-1,12268
104.161501,30.599719,103,12269
104.175609,30.715337,194,12270
104.233528,30.788759,-1,12271
103.989252,30.722789,-1,12272
103.976439,30.468531,-1,12273
103.813781,30.632868,34,12274
103.952412,30.796106,-1,12275
103.829075,30.93822,-1,12276
104.203449,30.726365,37,12277
104.137113,30.670556,-1,12278
103.887217,30.528567,137,12279
104.119665,31.027274,-1,12280
103.701739,30.602333,83,12281
103.936706,30.613252,55,12282
104.227798,30.593543,-1,12283
104.46016,30.487653,-1,12284
104.001947,30.127845,257,12285
103.608102,30.971304,-1,12286
103.661644,30.961162,144,12287
104.19279,30.734115,-1,12288
104.225851,30.833471,-1,12289
104.410158,30.758596,-1,12290
103.661091,30.961255,144,12291
103.607792,30.600006,-1,12292
104.564569,30.370865,-1,12293
104.2038,30.726013,37,12294
104.186958,30.707522,184,12295
104.071881,30.679702,-1,12296
103.978618,30.20101,212,12297
103.791183,29.43974,-1,12298
104.034701,30.297959,-1,12299
104.043959,30.445827,86,12300
104.198562,30.582089,33,12301
103.897626,30.601819,-1,12302
103.497678,30.568477,112,12303
103.809055,30.403973,-1,12304
103.900224,31.009835,-1,12305
104.32652,30.860293,66,12306
103.884837,30.388686,41,12307
104.369846,30.29502,-1,12308
104.340302,30.459715,-1,12309
104.171211,30.65971,-1,12310
104.040896,30.118453,-1,12311
104.573235,30.36845,-1,12312
103.857642,30.713592,-1,12313
104.098518,30.605645,-1,12314
103.954512,30.570558,-1,12315
103.888657,30.555829,183,12316
104.602008,30.878537,-1,12317
104.165987,30.628508,-1,12318
103.837858,30.356767,222,12319
103.917105,30.398219,73,12320
104.224747,30.804716,-1,12321
104.392931,30.283472,239,12322
104.194694,30.587297,-1,12323
104.539062,31.859081,-1,12324
104.577719,30.767762,-1,12325
103.952274,30.936773,-1,12326
104.292708,30.386632,-1,12327
104.135126,30.594882,-1,12328
104.062438,30.437815,-1,12329
104.615105,30.162824,-1,12330
104.065529,30.668284,-1,12331
103.870722,30.702079,2,12332
103.892227,30.255283,-1,12333
103.645529,30.537233,-1,12334
104.05447,30.849269,-1,12335
103.87975,31.055407,-1,12336
104.216871,30.777031,-1,12337
103.96003,30.155645,-1,12338
103.967369,30.648231,21,12339
104.03224,30.471086,-1,12340
103.764766,30.420115,-1,12341
104.046662,30.427197,50,12342
104.056704,30.428184,-1,12343
104.001035,30.762761,198,12344
103.971122,30.739349,-1,12345
104.072148,30.344762,-1,12346
104.037304,30.19688,-1,12347
103.937432,30.614048,55,12348
104.174729,30.480839,-1,12349
103.962664,30.668731,-1,12350
104.088471,30.760064,167,12351
104.048665,30.653575,-1,12352
103.700808,30.653865,-1,12353
104.060583,30.667012,-1,12354
104.308412,30.865264,11,12355
104.255431,30.859528,0,12356
103.91076,30.732134,-1,12357
104.441219,30.599042,-1,12358
104.002913,30.515359,-1,12359
104.804677,30.151372,25,12360
103.710483,30.586441,-1,12361
103.922539,30.686358,-1,12362
104.33217,30.309789,-1,12363
104.397949,31.008617,-1,12364
104.201175,30.733811,100,12365
103.981238,30.785168,117,12366
103.89902,30.615669,-1,12367
104.226363,30.644422,-1,12368
103.954733,30.638539,-1,12369
103.922873,30.716796,132,12370
104.138428,30.638174,-1,12371
104.284538,30.858742,-1,12372
103.98315,30.474463,-1,12373
104.268049,30.650256,152,12374
104.091648,30.449814,-1,12375
104.396597,30.301415,-1,12376
104.526084,30.665073,-1,12377
103.459873,30.74692,13,12378
103.889482,30.817416,-1,12379
104.035432,30.297926,-1,12380
103.940118,30.614351,47,12381
104.36793,30.295409,-1,12382
104.004009,30.606421,-1,12383
103.933468,30.945326,-1,12384
103.969192,30.656649,-1,12385
103.887898,30.661502,136,12386
104.171578,30.615103,27,12387
104.139762,30.610495,-1,12388
104.010572,30.735978,-1,12389
104.195518,30.588441,-1,12390
103.692155,30.579521,-1,12391
104.076093,30.789353,-1,12392
103.555652,30.534767,-1,12393
104.120778,30.501562,3,12394
103.965769,30.557158,-1,12395
103.969048,30.366288,120,12396
104.39773,31.060319,-1,12397
103.981403,30.785448,117,12398
104.199931,30.549249,-1,12399
104.169002,30.531848,-1,12400
104.06995,30.768845,146,12401
104.043733,31.280057,-1,12402
103.658635,30.922096,-1,12403
103.77915,30.440073,-1,12404
104.044271,30.44557,86,12405
104.194644,30.58733,-1,12406
103.759305,31.197547,-1,12407
104.597516,30.348065,-1,12408
104.235422,30.64687,23,12409
103.808316,30.574509,-1,12410
104.213578,30.815997,-1,12411
103.956734,30.939324,-1,12412
104.58384,30.737367,-1,12413
103.87183,30.600627,-1,12414
104.093655,30.581472,14,12415
104.125056,30.373539,-1,12416
103.790576,29.635883,-1,12417
103.973377,30.470067,92,12418
104.078703,30.374152,-1,12419
104.186582,30.707409,184,12420
103.875116,30.485312,-1,12421
104.243112,30.645766,42,12422
104.04404,30.445669,86,12423
103.661284,30.97985,-1,12424
104.164707,30.658482,15,12425
104.365974,30.304281,94,12426
104.225511,30.791464,159,12427
103.712201,30.812201,-1,12428
104.155013,30.509595,-1,12429
104.279044,29.936973,-1,12430
104.226504,30.79264,159,12431
104.556107,30.099135,-1,12432
103.85098,30.820413,252,12433
104.401973,30.997289,265,12434
104.223977,30.566482,18,12435
103.52127,30.796854,-1,12436
104.079159,30.384874,-1,12437
103.930158,30.425625,-1,12438
104.087814,30.748717,266,12439
104.353396,30.996019,115,12440
103.908143,30.733248,-1,12441
103.789938,30.688428,-1,12442
103.815635,30.426431,-1,12443
103.966052,30.435461,-1,12444
104.191181,30.819139,-1,12445
104.115686,30.583203,89,12446
103.887201,30.582691,-1,12447
103.995121,30.480432,-1,12448
104.168729,30.741491,91,12449
104.242499,30.649973,60,12450
104.317602,30.27631,45,12451
103.991056,30.773441,-1,12452
103.977926,30.688289,26,12453
103.991865,30.663409,-1,12454
104.04224,30.211744,-1,12455
104.444516,30.856269,-1,12456
103.902424,30.834949,52,12457
104.17887,30.783034,119,12458
103.978345,30.68719,-1,12459
104.973546,29.871153,122,12460
104.168783,30.741531,91,12461
104.769198,30.166301,-1,12462
103.661043,30.961273,144,12463
104.23491,30.646154,23,12464
104.296526,30.994321,170,12465
104.01741,30.116407,-1,12466
103.661167,30.96124,144,12467
104.572137,30.68697,224,12468
104.02914,30.55171,-1,12469
104.235813,30.646554,23,12470
104.125379,30.769447,44,12471
103.922865,30.71711,132,12472
104.173051,30.48482,7,12473
104.061007,30.845989,-1,12474
103.701786,30.602256,83,12475
104.101173,30.426465,-1,12476
104.225119,30.707592,125,12477
102.898469,30.178248,-1,12478
103.946104,29.951011,-1,12479
103.967184,30.648336,21,12480
103.956896,30.723068,-1,12481
104.511982,30.421585,106,12482
103.697997,30.404207,-1,12483
103.965383,30.772273,-1,12484
104.155006,30.510173,-1,12485
103.792425,29.723264,-1,12486
103.422786,30.379117,-1,12487
103.873686,30.417101,72,12488
103.847722,30.431163,-1,12489
104.211762,30.608873,30,12490
104.001795,30.747906,-1,12491
103.893453,30.513761,158,12492
104.363033,30.599007,-1,12493
103.678425,31.030127,128,12494
103.630305,30.958789,-1,12495
104.573235,30.36845,-1,12496
103.725301,30.539365,-1,12497
103.847856,30.430724,-1,12498
104.107659,30.759719,-1,12499
104.276125,30.232402,-1,12500
103.887358,30.274487,-1,12501
104.103507,30.532473,87,12502
104.323596,30.645079,80,12503
104.202671,30.725977,37,12504
104.280014,30.702641,-1,12505
103.788203,30.576876,-1,12506
103.727353,30.559241,261,12507
104.078901,30.366003,-1,12508
104.221279,30.638559,131,12509
104.115976,30.584108,89,12510
103.837543,30.357378,222,12511
104.220671,30.63904,131,12512
104.280739,30.893835,-1,12513
104.075931,30.77977,-1,12514
103.911551,30.798428,-1,12515
104.153045,30.596409,-1,12516
104.04283,30.575494,-1,12517
104.073041,30.414091,-1,12518
103.712231,30.322591,-1,12519
104.121412,30.539638,143,12520
103.795932,31.238993,-1,12521
103.974213,30.429575,-1,12522
104.482765,30.491183,-1,12523
104.125401,30.769638,44,12524
103.868032,30.610736,-1,12525
104.166008,30.702993,-1,12526
103.794696,30.44139,-1,12527
104.317154,30.271864,-1,12528
104.499251,30.479438,-1,12529
103.646667,30.925818,-1,12530
104.583969,30.34065,-1,12531
104.021037,29.13963,197,12532
103.651523,31.023702,-1,12533
104.057442,30.700045,-1,12534
103.9373,30.61439,55,12535
104.005997,30.623401,-1,12536
104.055927,30.795776,-1,12537
104.105897,30.855306,-1,12538
103.543756,30.209692,-1,12539
104.140739,30.827156,-1,12540
104.064174,30.486516,-1,12541
104.118564,30.522179,-1,12542
103.849934,30.448913,-1,12543
103.720258,30.563587,-1,12544
103.964525,30.637309,99,12545
104.582426,30.339481,-1,12546
103.925455,30.950451,153,12547
104.046128,30.538563,-1,12548
104.165578,30.642126,-1,12549
103.623639,30.519697,-1,12550
104.521349,30.429808,109,12551
104.060794,30.655953,-1,12552
104.085344,30.461453,-1,12553
103.696875,30.39886,-1,12554
103.627488,30.920367,-1,12555
104.336294,30.698777,-1,12556
104.166798,30.636652,190,12557
103.559944,30.748637,-1,12558
104.330988,30.643986,-1,12559
103.741421,30.69451,126,12560
103.981768,30.784937,117,12561
103.506787,30.744515,-1,12562
104.311211,29.718124,-1,12563
104.172423,30.718573,-1,12564
104.164396,30.670556,-1,12565
104.142659,30.696588,-1,12566
103.45847,30.988023,-1,12567
104.326891,30.306247,163,12568
104.120085,30.772603,161,12569
103.797135,29.641159,-1,12570
103.926501,30.61684,-1,12571
103.916802,30.68353,19,12572
103.981768,30.784937,117,12573
104.465369,30.473431,-1,12574
104.537012,30.6568,-1,12575
104.202108,31.631321,-1,12576
103.681888,30.596712,123,12577
103.9398,30.42415,-1,12578
104.042939,30.583034,-1,12579
104.757556,30.910823,-1,12580
104.307738,30.30641,-1,12581
103.911756,30.733417,-1,12582
103.681846,30.596792,123,12583
103.66291,31.042729,-1,12584
104.115266,30.753008,-1,12585
104.105897,30.855306,-1,12586
103.932178,30.726211,-1,12587
104.072674,30.274287,-1,12588
104.135169,30.805836,127,12589
103.946294,30.618967,-1,12590
104.234686,30.646387,23,12591
103.938261,30.616273,88,12592
103.94553,30.605017,-1,12593
104.15057,30.968505,-1,12594
104.078831,30.365826,-1,12595
103.870735,30.77957,-1,12596
104.052148,30.851526,-1,12597
103.766011,30.536764,-1,12598
104.11324,30.508071,-1,12599
104.501157,30.473908,-1,12600
104.12081,30.501443,3,12601
104.204873,30.529661,-1,12602
103.882982,30.766141,-1,12603
103.923097,30.716654,132,12604
104.44559,30.840362,-1,12605
104.072342,30.200882,101,12606
103.8972,30.404753,-1,12607
104.378413,30.282913,-1,12608
104.175433,30.664315,149,12609
103.887094,30.260771,-1,12610
104.487801,30.35196,-1,12611
103.993754,30.746661,156,12612
104.131845,30.407352,-1,12613
104.1727,30.483738,7,12614
103.861553,30.803913,204,12615
104.102393,30.661496,-1,12616
104.081307,30.693747,-1,12617
103.92329,30.717186,132,12618
104.55538,30.352576,148,12619
104.000149,30.500019,-1,12620
103.949144,30.53858,-1,12621
104.298473,30.385308,-1,12622
104.323436,30.644807,80,12623
104.218135,30.585994,-1,12624
103.829227,30.559784,-1,12625
104.267167,30.650484,152,12626
104.091579,30.525033,129,12627
103.92829,30.763164,-1,12628
102.75881,29.967692,-1,12629
104.047949,30.540436,185,12630
104.087741,30.72714,-1,12631
103.981551,30.785248,117,12632
104.624707,30.886358,-1,12633
104.120914,30.52211,-1,12634
103.4971,30.545998,-1,12635
103.84411,31.144039,-1,12636
104.326737,30.860079,66,12637
103.4789,30.611585,-1,12638
103.887638,30.660929,136,12639
104.203732,30.726205,37,12640
103.930859,30.894369,-1,12641
104.223919,30.675152,238,12642
104.120502,30.773246,161,12643
104.093472,30.581685,14,12644
103.952308,30.999199,-1,12645
104.460667,30.473741,-1,12646
104.626245,30.858456,199,12647
104.305081,30.646002,-1,12648
103.724741,30.578408,195,12649
104.22885,30.85398,215,12650
104.016071,30.52856,-1,12651
104.45447,30.467787,-1,12652
103.94547,30.585405,-1,12653
104.008463,30.23115,-1,12654
104.022324,30.618911,-1,12655
104.187213,30.590596,-1,12656
104.02131,29.139499,197,12657
103.978241,30.200227,212,12658
104.422872,30.474151,164,12659
104.387596,30.296534,-1,12660
103.654741,30.590081,-1,12661
104.542697,30.704032,-1,12662
103.994457,30.764869,-1,12663
103.795148,30.441624,-1,12664
104.162059,30.599844,103,12665
104.58404,30.72861,-1,12666
103.884716,30.1652,-1,12667
104.110207,30.50033,-1,12668
104.397382,30.327755,-1,12669
103.823091,30.647413,-1,12670
104.289731,30.847926,-1,12671
103.036211,29.908232,-1,12672
104.218135,30.585994,-1,12673
104.000672,30.520408,264,12674
104.293699,30.850749,178,12675
103.996806,30.468768,-1,12676
103.970675,30.649906,93,12677
103.637204,30.957184,-1,12678
103.83821,30.576147,-1,12679
104.043887,30.445943,86,12680
104.501854,30.354336,-1,12681
103.945394,30.554466,-1,12682
104.97316,29.870736,122,12683
104.524546,30.664971,-1,12684
104.156412,31.116172,-1,12685
104.1072,30.512582,-1,12686
104.169541,30.705637,-1,12687
104.15385,30.797039,-1,12688
103.936452,30.905778,59,12689
103.907645,30.699661,-1,12690
103.837751,30.361503,236,12691
104.847707,29.754548,248,12692
104.471836,30.862616,-1,12693
104.203236,30.726032,37,12694
103.870584,30.702191,2,12695
104.165449,30.658883,15,12696
104.071196,30.655947,-1,12697
104.235358,30.646688,23,12698
104.077417,30.794862,57,12699
103.680581,30.612696,-1,12700
104.109025,30.506871,221,12701
103.948776,30.918561,-1,12702
103.284039,29.585373,-1,12703
103.465437,30.437693,225,12704
104.02873,30.551474,-1,12705
103.685185,31.024002,-1,12706
103.612541,30.258112,-1,12707
104.366174,30.304548,94,12708
104.049044,30.589719,-1,12709
104.30874,30.8655,11,12710
104.052624,30.473469,58,12711
104.047328,30.428465,50,12712
103.721828,31.101696,-1,12713
104.198296,30.58213,33,12714
104.168216,30.387141,-1,12715
104.075696,30.646246,-1,12716
103.717206,30.40285,-1,12717
103.704074,30.583676,-1,12718
104.075817,30.767637,-1,12719
103.988658,30.628064,140,12720
104.470525,30.489903,-1,12721
103.855351,30.318697,-1,12722
103.754043,31.015164,-1,12723
104.075662,30.755121,-1,12724
102.068048,31.497833,-1,12725
103.618329,30.994864,-1,12726
103.701525,30.602545,83,12727
103.838016,30.899147,-1,12728
104.151205,30.333731,-1,12729
104.287786,30.679668,-1,12730
104.148455,30.401111,-1,12731
104.194725,30.681655,-1,12732
103.895757,30.84217,-1,12733
103.450212,30.466951,113,12734
104.061034,30.245667,-1,12735
103.935167,30.472454,-1,12736
104.236149,30.64677,23,12737
103.701739,30.602332,83,12738
104.039309,30.22464,-1,12739
103.850738,30.565818,-1,12740
104.108248,30.546517,-1,12741
104.17065,30.615365,27,12742
103.987726,30.720037,-1,12743
103.913596,30.993916,-1,12744
104.550752,29.499979,-1,12745
103.914106,30.675683,243,12746
103.552669,30.60747,-1,12747
104.08465,30.455614,228,12748
104.226325,30.5249,181,12749
104.663051,31.091128,234,12750
103.237193,30.379664,-1,12751
103.888946,30.817053,-1,12752
104.366807,30.294099,-1,12753
104.191608,31.033104,-1,12754
103.783955,30.652225,-1,12755
103.971593,30.591206,-1,12756
104.323282,30.645046,80,12757
104.040602,30.667429,-1,12758
104.318679,30.861146,8,12759
103.963014,30.525006,-1,12760
103.95882,30.635282,-1,12761
103.889933,30.677446,-1,12762
104.400997,30.341415,-1,12763
103.947594,30.793122,-1,12764
103.7348,30.7145,-1,12765
104.061986,30.339184,-1,12766
104.047047,30.427996,50,12767
104.196297,30.787202,-1,12768
104.242538,30.651099,60,12769
104.242427,30.650367,60,12770
103.718204,30.590629,-1,12771
103.98707,30.728536,-1,12772
104.300964,30.875758,-1,12773
104.088509,30.735237,-1,12774
103.81439,30.502225,-1,12775
103.782024,30.375401,-1,12776
104.258288,30.093696,-1,12777
103.953989,30.592071,-1,12778
103.977984,30.199874,212,12779
104.203317,30.725851,37,12780
104.05036,30.476781,90,12781
103.859243,30.827647,211,12782
104.164456,30.662419,-1,12783
104.094038,30.581113,14,12784
103.416428,30.754137,-1,12785
103.967184,30.648336,21,12786
104.208931,30.606166,-1,12787
104.092198,30.524434,129,12788
104.06244,30.420966,-1,12789
104.052285,30.246083,196,12790
103.146103,30.124671,-1,12791
104.059559,30.416224,49,12792
103.544051,30.209609,-1,12793
104.074031,30.714882,-1,12794
103.961558,30.816315,-1,12795
104.627771,30.921944,-1,12796
103.817453,30.633988,34,12797
103.926502,30.805703,-1,12798
103.955729,30.464198,-1,12799
104.001592,30.521051,264,12800
104.598621,30.700949,-1,12801
103.873277,30.653143,-1,12802
103.992852,30.745981,156,12803
104.477678,30.502927,-1,12804
104.134072,30.945727,-1,12805
103.902538,30.658467,28,12806
104.305112,30.863594,-1,12807
103.643431,30.470234,251,12808
104.220756,30.638875,131,12809
104.112637,30.832972,-1,12810
104.761419,30.372298,-1,12811
104.072501,30.351095,-1,12812
103.5781,30.557663,-1,12813
103.138353,30.118795,-1,12814
103.984228,30.718941,-1,12815
103.58632,30.746038,-1,12816
104.067376,30.420511,-1,12817
103.856022,30.786136,-1,12818
104.100318,30.458999,77,12819
104.457009,30.845786,-1,12820
104.178934,30.783049,119,12821
104.008727,30.590917,208,12822
104.15477,30.593689,-1,12823
104.088133,30.54966,-1,12824
104.314253,30.642197,-1,12825
104.044065,30.445567,86,12826
104.197224,31.190407,-1,12827
104.494814,30.468846,-1,12828
103.887998,30.66129,136,12829
104.074875,30.238292,-1,12830
104.13854,30.610805,-1,12831
104.109255,30.505496,221,12832
104.09337,30.798169,-1,12833
104.100391,30.68283,-1,12834
104.556363,30.372611,-1,12835
104.326282,30.286282,-1,12836
103.886461,30.426458,-1,12837
104.130697,30.963465,-1,12838
104.002093,30.69385,-1,12839
103.861205,30.445337,116,12840
104.259414,30.858429,-1,12841
104.279292,30.727967,-1,12842
103.965641,30.979066,-1,12843
103.661324,30.960955,144,12844
104.669358,29.504088,135,12845
104.134004,30.73442,-1,12846
103.796867,30.646634,235,12847
103.701437,30.602583,83,12848
103.554198,30.607017,-1,12849
104.487563,30.49294,65,12850
104.173051,30.483987,7,12851
104.203552,30.726068,37,12852
104.188631,30.731806,-1,12853
104.684622,30.025214,-1,12854
104.242492,30.65036,60,12855
104.349425,30.360628,-1,12856
104.11089,30.579269,-1,12857
104.162363,31.461404,-1,12858
104.175337,30.715338,194,12859
103.873266,30.626472,-1,12860
103.942708,30.772869,-1,12861
104.361901,30.603537,-1,12862
103.987701,30.919726,-1,12863
103.964423,30.637301,99,12864
104.564569,30.370762,-1,12865
104.114672,30.579466,51,12866
104.572373,30.686822,224,12867
104.178329,30.590881,-1,12868
104.169171,30.636289,-1,12869
104.115647,30.591535,-1,12870
104.226963,30.790567,159,12871
103.953489,30.655934,-1,12872
104.484595,30.494795,-1,12873
104.112348,30.951171,-1,12874
103.696009,30.606087,-1,12875
104.509728,30.352896,151,12876
103.995586,30.682526,-1,12877
104.522753,30.429888,109,12878
104.491476,30.460584,-1,12879
103.819097,30.797176,-1,12880
104.115216,30.57944,51,12881
103.465551,30.43782,225,12882
104.115779,30.4752,-1,12883
104.093191,30.581667,14,12884
104.056512,30.245543,-1,12885
104.242811,30.650605,60,12886
104.020646,29.139643,197,12887
104.119557,30.724361,-1,12888
104.235158,30.646805,23,12889
103.913568,30.710723,-1,12890
103.875454,30.7194,-1,12891
104.049248,30.541318,-1,12892
104.326891,30.306247,163,12893
103.936401,30.613772,55,12894
104.221197,30.639455,131,12895
103.861422,30.710109,10,12896
104.333525,30.653888,-1,12897
104.256487,30.857287,-1,12898
104.058865,30.552815,-1,12899
103.937538,30.619379,130,12900
103.806153,31.17196,-1,12901
104.05507,30.458538,-1,12902
103.701606,30.602629,83,12903
104.202631,31.188897,-1,12904
104.166174,30.712429,118,12905
104.077817,30.794834,57,12906
104.489907,30.460775,-1,12907
104.181108,30.788441,-1,12908
103.940682,30.614142,47,12909
103.971886,30.802051,-1,12910
104.625844,30.858089,199,12911
103.812349,30.632406,34,12912
104.625932,30.857985,199,12913
103.935028,30.548685,-1,12914
104.216751,30.553805,-1,12915
104.079791,30.758564,-1,12916
104.052664,30.538529,-1,12917
104.012249,30.652144,-1,12918
104.547839,30.691464,-1,12919
103.719907,30.406955,-1,12920
103.333784,29.250299,-1,12921
103.936401,30.613772,55,12922
103.760784,30.635869,-1,12923
103.670246,30.60576,-1,12924
104.188811,30.70014,-1,12925
103.995439,30.612667,203,12926
104.073688,30.445668,-1,12927
104.213274,30.584119,6,12928
103.95757,30.615842,-1,12929
103.777628,30.7436,-1,12930
104.397382,30.327755,-1,12931
102.089254,31.568775,-1,12932
104.297477,31.035013,-1,12933
104.115524,30.442698,-1,12934
103.854337,31.053698,-1,12935
104.501259,30.42435,-1,12936
103.868197,30.77849,114,12937
103.71581,30.398858,-1,12938
104.225486,30.525563,181,12939
104.542881,30.717904,-1,12940
103.861077,30.44535,116,12941
104.202692,30.725919,37,12942
104.046529,30.558498,-1,12943
104.161805,30.661188,-1,12944
104.072656,30.302276,-1,12945
103.68273,30.463217,-1,12946
104.523689,30.652859,-1,12947
104.236393,30.64685,23,12948
103.903138,30.658397,28,12949
104.076185,30.776585,-1,12950
104.226405,30.525282,181,12951
103.771596,31.176151,-1,12952
103.695787,30.653679,-1,12953
104.162307,30.556728,154,12954
104.207196,30.651834,-1,12955
103.915893,30.858727,-1,12956
104.13367,30.522021,-1,12957
104.522203,30.429889,109,12958
103.990563,30.73947,242,12959
103.97475,30.402773,-1,12960
103.970778,30.989303,-1,12961
103.979405,30.585816,-1,12962
104.071664,30.471188,-1,12963
103.922405,30.423881,-1,12964
104.060414,31.245477,110,12965
104.215082,30.582796,6,12966
104.107197,30.464001,-1,12967
104.199784,30.369218,-1,12968
103.978265,30.44862,-1,12969
103.86178,30.71072,10,12970
104.660517,31.131011,-1,12971
104.472861,30.598203,-1,12972
104.028962,30.480098,-1,12973
104.465491,31.044052,-1,12974
103.913463,30.63096,1,12975
103.524268,31.398364,-1,12976
104.286524,30.969029,-1,12977
104.257192,30.736965,-1,12978
104.361843,30.434746,111,12979
104.077607,30.684819,226,12980
103.850795,30.795118,-1,12981
104.0171,30.553352,-1,12982
103.640376,30.465924,193,12983
104.259259,30.811933,-1,12984
104.227427,30.858249,-1,12985
104.101182,30.713125,-1,12986
104.187594,30.874932,-1,12987
104.036934,30.22495,-1,12988
103.789725,30.682843,-1,12989
104.066266,30.690393,-1,12990
104.36151,30.522169,-1,12991
103.904475,29.86731,-1,12992
104.091197,30.559906,-1,12993
103.505539,30.198203,-1,12994
103.89731,30.836524,54,12995
104.050895,30.189979,-1,12996
104.555563,30.352743,148,12997
104.015647,30.525576,-1,12998
103.816118,30.633519,34,12999
103.960312,30.16903,-1,13000
104.115965,30.608264,-1,13001
103.902882,30.658447,28,13002
103.93689,30.61427,55,13003
104.27753,30.639149,-1,13004
104.116904,30.524642,-1,13005
104.500772,29.729943,-1,13006
103.70175,30.602522,83,13007
104.212005,30.571445,-1,13008
103.97005,30.616187,-1,13009
104.503209,30.503265,-1,13010
103.969243,30.36635,120,13011
103.897237,30.735308,-1,13012
103.933573,30.902638,-1,13013
103.854384,30.334369,-1,13014
103.800356,30.830919,-1,13015
104.170048,30.528259,-1,13016
104.237499,30.652848,12,13017
104.068515,30.811006,-1,13018
104.053752,30.466514,78,13019
104.224994,30.793669,46,13020
104.125266,30.769529,44,13021
103.817105,30.608042,-1,13022
104.457555,30.855781,-1,13023
103.796822,30.643485,180,13024
104.070413,30.690297,79,13025
103.709249,30.392517,-1,13026
104.383696,31.175392,-1,13027
104.236514,30.646487,23,13028
104.227151,30.651424,-1,13029
104.073717,30.527603,-1,13030
103.891566,30.777269,-1,13031
103.681348,30.89421,-1,13032
104.178934,30.783049,119,13033
104.267879,30.650122,152,13034
103.934295,30.597978,-1,13035
104.385946,30.301319,-1,13036
103.504367,30.572687,237,13037
104.242556,30.650102,60,13038
102.957897,29.976262,-1,13039
104.090177,30.742,-1,13040
103.823991,30.585353,-1,13041
103.801981,30.452104,-1,13042
104.04637,30.371606,-1,13043
103.710586,31.207375,-1,13044
103.945249,30.55527,-1,13045
103.808271,30.650345,-1,13046
104.443281,30.84285,-1,13047
104.07202,30.299928,-1,13048
103.91976,30.621104,-1,13049
104.530511,30.433161,-1,13050
104.042958,30.447617,-1,13051
104.18313,30.710703,39,13052
103.889634,30.478904,-1,13053
103.661782,30.961472,144,13054
104.367925,30.548721,-1,13055
104.041411,30.593346,107,13056
103.780768,29.443789,-1,13057
104.973602,29.871171,122,13058
103.917132,30.683805,19,13059
103.958855,30.438573,174,13060
104.208904,30.897678,-1,13061
103.661908,30.920078,-1,13062
104.10705,30.587123,209,13063
104.034368,30.598125,-1,13064
103.914105,30.710801,-1,13065
103.701471,30.602655,83,13066
103.759258,30.6658,-1,13067
103.661358,30.960961,144,13068
103.923291,30.717206,132,13069
104.437329,30.007181,-1,13070
104.071144,30.725211,62,13071
104.216421,30.776389,-1,13072
104.170488,30.646055,-1,13073
104.069645,30.692076,79,13074
104.20843,30.524229,95,13075
104.163134,30.72036,-1,13076
103.937595,30.61477,55,13077
103.947105,30.673517,-1,13078
103.805842,30.649371,-1,13079
104.068744,30.437499,-1,13080
104.05588,30.847863,4,13081
104.060191,30.67653,-1,13082
103.973926,31.032202,-1,13083
104.027204,30.481379,-1,13084
103.936934,30.781551,-1,13085
103.504575,30.573303,237,13086
103.861314,30.804188,204,13087
104.670469,30.087657,-1,13088
103.977404,30.689666,26,13089
103.998384,30.756522,-1,13090
104.091608,30.444671,-1,13091
103.95799,30.663031,187,13092
103.91427,30.675581,243,13093
104.190345,30.5141,-1,13094
103.796866,30.6467,235,13095
104.144501,30.813327,-1,13096
103.533032,30.694528,217,13097
104.109575,30.500994,-1,13098
104.301275,30.247585,-1,13099
104.02169,30.501149,-1,13100
104.059623,30.416443,49,13101
104.164495,30.395149,-1,13102
103.686876,30.406312,-1,13103
103.455556,30.418725,-1,13104
104.243198,30.645914,42,13105
103.890227,30.9035,-1,13106
104.036443,30.296761,-1,13107
104.54642,29.503954,-1,13108
104.217358,30.584667,-1,13109
104.205347,30.824508,-1,13110
104.489595,30.493772,65,13111
103.237191,30.379512,-1,13112
104.212118,30.526232,-1,13113
104.082738,30.719701,-1,13114
103.747508,30.525721,-1,13115
104.363332,31.067891,31,13116
104.003478,29.125151,-1,13117
103.917418,30.684112,19,13118
104.2278,30.781323,-1,13119
104.258216,30.531054,-1,13120
103.968947,30.805862,-1,13121
103.887441,30.593035,-1,13122
104.008839,30.590534,208,13123
104.09761,30.518254,-1,13124
104.31992,30.276231,45,13125
104.564417,30.70951,-1,13126
104.087791,30.748311,266,13127
104.184899,30.647206,-1,13128
103.960458,30.819443,-1,13129
104.192475,30.741835,-1,13130
103.701636,30.602351,83,13131
104.079082,30.566111,-1,13132
103.956903,30.934089,-1,13133
103.874744,30.48535,-1,13134
103.931809,30.688801,-1,13135
104.388229,30.300639,-1,13136
104.078966,30.513639,260,13137
104.49175,30.460687,-1,13138
103.952453,30.428026,-1,13139
103.718669,30.566267,-1,13140
104.06588,30.653274,-1,13141
104.044897,30.445211,86,13142
104.09928,30.586321,-1,13143
103.726465,30.778443,-1,13144
103.870038,30.656612,-1,13145
103.905411,30.810739,82,13146
103.949024,30.515702,219,13147
103.838558,30.379968,-1,13148
104.121622,30.568452,-1,13149
104.203563,30.726034,37,13150
103.995665,30.613121,203,13151
104.320906,29.735634,-1,13152
104.028484,30.551482,-1,13153
104.069133,30.663142,-1,13154
104.071973,30.253563,-1,13155
103.701874,30.602406,83,13156
103.866885,30.311995,-1,13157
104.052374,30.245967,196,13158
103.701782,30.602369,83,13159
104.287242,30.697141,-1,13160
104.03844,30.351845,-1,13161
103.487022,31.251499,-1,13162
103.879951,30.348052,-1,13163
104.105897,30.855306,-1,13164
104.333293,30.888627,-1,13165
104.081102,30.457025,138,13166
103.800812,30.647124,-1,13167
104.626293,30.858672,199,13168
103.798398,31.166816,-1,13169
104.021958,30.669403,-1,13170
104.078837,30.68389,226,13171
104.072727,30.415518,-1,13172
103.551571,30.217825,-1,13173
104.105279,30.724043,-1,13174
104.021794,30.515762,-1,13175
104.078971,30.645531,-1,13176
103.946694,30.553586,-1,13177
104.005772,30.513819,20,13178
103.648089,30.894503,-1,13179
104.055862,30.847891,4,13180
103.926053,30.513756,-1,13181
104.23491,30.646271,23,13182
103.97149,30.469922,92,13183
104.45447,30.467787,-1,13184
103.89893,30.634174,-1,13185
103.924127,30.635815,-1,13186
104.160555,30.584599,-1,13187
103.796139,31.027384,-1,13188
104.092816,30.582166,14,13189
104.115377,30.417739,32,13190
104.105688,30.519601,-1,13191
104.087546,30.746674,-1,13192
104.127196,30.624233,-1,13193
103.713368,30.808022,-1,13194
103.95696,30.723354,-1,13195
104.007566,30.519434,-1,13196
104.218135,30.585994,-1,13197
103.974919,30.496252,-1,13198
104.08433,30.454487,-1,13199
103.426327,31.071638,-1,13200
104.060375,30.390618,-1,13201
103.958271,30.668614,-1,13202
104.942956,30.284612,-1,13203
104.135169,30.805835,127,13204
103.750082,30.511725,-1,13205
104.063896,30.245656,-1,13206
104.106415,30.509081,-1,13207
103.895043,30.464889,-1,13208
104.022384,30.522454,-1,13209
104.342476,30.461904,-1,13210
104.537164,30.365755,201,13211
103.527526,31.41557,250,13212
103.94693,30.533857,-1,13213
103.837976,30.899165,-1,13214
104.198178,30.581973,33,13215
103.4971,30.545998,-1,13216
103.979113,30.631178,-1,13217
104.041425,30.593318,107,13218
103.948703,30.717069,-1,13219
103.808189,30.205674,-1,13220
104.14478,30.716871,-1,13221
104.19151,31.033004,-1,13222
103.807009,30.457456,-1,13223
104.165835,30.712577,118,13224
104.497567,30.469484,-1,13225
104.065383,30.18013,267,13226
103.98314,30.630314,-1,13227
104.071335,30.725181,62,13228
103.94009,30.621192,-1,13229
103.921081,30.703035,-1,13230
103.837047,30.360089,236,13231
103.909817,30.544313,240,13232
103.967999,30.948338,-1,13233
103.968266,30.468393,92,13234
104.040801,30.657491,-1,13235
103.890625,30.248439,-1,13236
104.010015,30.929158,-1,13237
104.278268,31.127236,-1,13238
103.652964,30.920512,202,13239
103.993835,30.747116,156,13240
103.959429,30.363776,-1,13241
103.696728,30.582561,-1,13242
103.956031,30.634002,-1,13243
103.701842,30.602515,83,13244
104.190987,31.450167,-1,13245
104.078905,30.684834,226,13246
104.09578,30.537827,169,13247
104.569477,30.371857,-1,13248
104.117768,30.720591,-1,13249
103.866054,30.304479,-1,13250
104.362066,30.604115,-1,13251
104.084035,30.748746,-1,13252
104.535442,30.403016,-1,13253
103.791167,29.43969,-1,13254
104.03479,30.223478,-1,13255
104.522393,30.437961,-1,13256
104.027668,30.450821,-1,13257
104.046988,30.427979,50,13258
104.118409,30.757182,53,13259
104.079022,30.683948,226,13260
104.144784,30.80589,-1,13261
104.592426,30.019054,253,13262
103.861481,30.917556,-1,13263
104.795273,30.145705,-1,13264
104.400957,30.341465,-1,13265
104.102135,30.513649,-1,13266
104.239319,30.618702,-1,13267
104.346375,30.663463,-1,13268
104.457452,30.87039,-1,13269
104.115558,30.378426,-1,13270
104.348263,30.662609,-1,13271
104.880988,30.16795,-1,13272
104.565049,30.740862,-1,13273
103.846487,30.788329,-1,13274
103.865016,31.049427,-1,13275
104.06965,30.691517,79,13276
104.448368,30.47255,-1,13277
104.176993,30.950747,-1,13278
104.222221,30.834918,-1,13279
104.512125,30.421383,106,13280
104.326299,30.860176,66,13281
103.977272,30.447604,-1,13282
104.537168,30.353143,-1,13283
104.120244,30.772968,161,13284
103.974769,30.470287,-1,13285
104.086025,30.385052,-1,13286
104.106718,30.491107,145,13287
104.069883,30.76841,146,13288
103.878467,30.607139,-1,13289
104.009571,30.474749,-1,13290
103.97513,30.470239,-1,13291
104.076536,30.799501,-1,13292
104.204252,30.810559,-1,13293
104.04598,30.656182,-1,13294
104.411397,31.061692,-1,13295
104.057527,30.388247,-1,13296
103.967484,30.668767,-1,13297
104.394512,30.350232,-1,13298
103.912571,30.978655,-1,13299
104.162355,30.557149,154,13300
104.077585,30.794752,57,13301
104.909626,29.841985,-1,13302
104.068551,30.536884,-1,13303
103.897432,30.836462,54,13304
103.510092,30.741996,-1,13305
104.212892,30.768236,-1,13306
104.387938,30.746609,-1,13307
104.04401,30.445577,86,13308
103.960142,30.152063,-1,13309
104.062307,30.443291,-1,13310
103.338641,30.339995,-1,13311
104.010572,30.735978,-1,13312
104.037098,30.238089,-1,13313
104.037869,30.535541,-1,13314
104.208464,30.524235,95,13315
103.925474,30.950017,153,13316
104.090934,30.740849,244,13317
103.91313,30.630949,1,13318
104.436837,31.262502,-1,13319
104.118874,30.757202,53,13320
104.334031,30.644265,229,13321
104.127297,30.709339,-1,13322
103.968597,30.469132,92,13323
104.071703,30.688527,79,13324
103.983654,30.572802,-1,13325
104.029149,30.711882,-1,13326
103.936219,30.61395,55,13327
104.487839,30.427375,213,13328
104.150109,30.616366,74,13329
104.185871,30.719348,166,13330
104.318991,30.641668,-1,13331
103.895713,30.817293,-1,13332
104.521376,30.66282,173,13333
104.140283,30.646111,-1,13334
103.591507,30.742159,-1,13335
103.892113,30.776841,-1,13336
103.694291,30.341581,-1,13337
103.465658,30.438105,225,13338
104.047515,30.428986,50,13339
103.853682,30.571899,-1,13340
103.991172,30.429141,-1,13341
104.050689,30.750013,-1,13342
103.923942,30.860037,-1,13343
104.040454,30.670146,-1,13344
103.932178,30.726211,-1,13345
103.846252,30.427933,-1,13346
104.072342,30.200882,101,13347
104.118586,30.755656,-1,13348
104.360474,30.430308,-1,13349
104.009235,30.763838,-1,13350
104.135649,30.805836,127,13351
104.17762,29.978787,-1,13352
104.064048,30.771586,-1,13353
104.134698,30.806053,127,13354
104.099505,30.46679,17,13355
103.764627,30.535454,-1,13356
103.721095,30.586754,-1,13357
103.778573,30.774968,-1,13358
104.191904,30.660532,-1,13359
103.83436,30.350091,-1,13360
104.334392,30.657259,-1,13361
104.222739,30.85405,-1,13362
103.70175,30.602522,83,13363
103.796822,30.643485,180,13364
103.815945,30.278949,-1,13365
103.862173,31.068827,-1,13366
103.993171,30.764571,-1,13367
104.150145,30.7765,-1,13368
104.309175,30.865081,11,13369
103.969234,30.469891,92,13370
104.341473,30.462686,-1,13371
104.19212,30.741338,-1,13372
103.796444,30.650787,-1,13373
103.796955,30.646563,235,13374
104.106811,30.740772,102,13375
104.521114,30.429702,109,13376
104.422812,30.882266,-1,13377
103.61158,30.519865,-1,13378
103.454792,30.744898,-1,13379
104.171065,30.714063,-1,13380
103.871004,30.803662,-1,13381
104.094007,30.580894,14,13382
103.685603,31.027371,-1,13383
104.508573,30.355587,-1,13384
104.247432,30.555212,-1,13385
104.081711,30.456678,138,13386
104.07028,30.729474,-1,13387
104.217961,30.801746,-1,13388
104.068925,30.692874,79,13389
104.168799,30.741211,91,13390
104.342383,30.359783,-1,13391
103.99887,30.46749,-1,13392
104.603889,30.684618,-1,13393
104.626229,30.858356,199,13394
104.195561,31.677329,-1,13395
104.195535,31.19161,-1,13396
104.142078,30.406219,-1,13397
103.922693,30.424118,-1,13398
104.220528,30.826698,-1,13399
104.22398,30.802646,-1,13400
104.081647,30.64613,85,13401
104.213757,30.552113,-1,13402
104.630525,30.995557,-1,13403
103.974473,31.067841,-1,13404
103.897287,30.836187,54,13405
104.158701,30.650473,-1,13406
104.52176,29.805505,-1,13407
103.762026,30.394675,-1,13408
103.949352,30.747231,-1,13409
103.037345,29.891116,-1,13410
104.491975,30.322845,97,13411
104.022453,30.501053,-1,13412
103.834831,30.816682,-1,13413
104.32344,30.645089,80,13414
103.982283,30.784445,117,13415
104.243318,30.645796,42,13416
104.612102,30.387326,-1,13417
104.07213,30.219903,-1,13418
103.861346,30.804154,204,13419
103.798492,30.651508,-1,13420
104.242556,30.650102,60,13421
103.86195,30.463722,-1,13422
104.072011,30.407675,-1,13423
104.371103,30.954641,-1,13424
104.008061,30.659793,-1,13425
103.876422,30.221012,-1,13426
103.839056,30.953894,-1,13427
104.169019,30.532164,-1,13428
104.160595,30.599421,103,13429
103.953867,30.654834,-1,13430
104.114777,30.750331,69,13431
103.876565,30.609676,-1,13432
103.871116,30.414773,-1,13433
103.444018,30.362056,-1,13434
104.039623,30.537736,-1,13435
103.701377,30.60277,83,13436
104.224999,30.793908,46,13437
104.750724,29.862646,-1,13438
103.751982,30.535885,-1,13439
104.312081,30.633038,-1,13440
104.008377,30.652301,-1,13441
103.785847,30.430752,-1,13442
104.326008,30.278992,-1,13443
104.092981,30.586773,-1,13444
103.810187,30.63186,-1,13445
104.193937,30.773799,-1,13446
104.027459,30.45057,-1,13447
103.923151,30.717092,132,13448
104.402203,30.996761,265,13449
104.07121,30.725195,62,13450
103.754201,31.015205,-1,13451
104.368325,30.295495,-1,13452
104.302364,30.259098,-1,13453
104.009004,30.439723,-1,13454
103.870919,30.655672,-1,13455
103.608144,30.826496,-1,13456
104.101359,30.709848,-1,13457
103.905406,30.810341,82,13458
103.856553,30.784785,-1,13459
103.684061,30.603065,-1,13460
104.185173,30.684263,-1,13461
103.601061,31.064784,141,13462
103.93151,30.695971,-1,13463
104.391954,30.28744,104,13464
103.991138,30.475827,-1,13465
103.486674,30.523324,-1,13466
104.320569,30.277966,45,13467
104.072779,30.542413,-1,13468
104.079806,30.368962,-1,13469
103.903896,31.002553,-1,13470
103.90281,30.658399,28,13471
104.318378,29.711327,-1,13472
104.041752,30.200951,-1,13473
103.661102,30.980109,-1,13474
104.160639,30.600808,-1,13475
103.993364,30.488906,-1,13476
104.108098,30.545774,-1,13477
104.462386,31.234167,-1,13478
104.056763,30.649107,-1,13479
104.338751,30.913046,-1,13480
103.669479,30.605084,-1,13481
104.063416,30.542426,-1,13482
103.19512,30.140507,-1,13483
103.682379,31.027681,-1,13484
104.706201,30.085654,-1,13485
104.108288,30.394535,-1,13486
103.920883,30.540883,-1,13487
104.264847,30.617751,-1,13488
103.710712,30.400154,-1,13489
103.964549,30.386562,-1,13490
103.892665,30.397801,-1,13491
103.417199,30.978826,-1,13492
104.377998,30.313331,-1,13493
104.023562,30.541919,-1,13494
103.460414,30.747009,13,13495
104.379458,31.079082,-1,13496
104.077689,30.794572,57,13497
103.465176,30.438357,225,13498
104.098168,30.460005,-1,13499
103.776003,30.683421,-1,13500
103.884403,30.719117,-1,13501
103.517456,30.578417,-1,13502
103.983587,30.572477,-1,13503
103.993946,30.747045,156,13504
103.802192,30.455585,-1,13505
103.988073,30.464102,-1,13506
104.268883,30.578844,220,13507
104.428502,31.150044,-1,13508
104.244047,30.650428,60,13509
104.110118,30.776314,-1,13510
104.192264,31.192651,-1,13511
104.001809,30.455131,-1,13512
104.161654,30.599645,103,13513
103.707768,30.92735,-1,13514
103.991486,30.468562,-1,13515
104.030234,31.333807,-1,13516
104.182008,30.620683,-1,13517
103.984688,30.587382,-1,13518
103.808223,29.674881,-1,13519
104.023506,30.450202,-1,13520
103.698998,30.924604,-1,13521
103.827991,30.021386,-1,13522
104.315908,30.302093,165,13523
104.072024,30.426725,-1,13524
104.374902,30.285719,-1,13525
104.043733,31.280025,-1,13526
104.223655,30.885336,-1,13527
104.538163,30.724153,-1,13528
104.125436,30.769785,44,13529
104.700761,30.42172,-1,13530
104.050789,30.67561,-1,13531
103.881076,30.163722,-1,13532
103.443828,31.255344,-1,13533
104.106748,30.49141,145,13534
104.050743,30.664263,67,13535
104.235998,30.646926,23,13536
103.874959,30.612019,-1,13537
104.578532,30.809343,-1,13538
103.677943,31.030001,128,13539
103.944946,30.551574,-1,13540
104.153224,30.615952,-1,13541
104.199215,30.510016,63,13542
103.682284,30.301738,-1,13543
104.736885,30.648592,-1,13544
104.07203,30.425561,-1,13545
103.968398,30.468596,92,13546
104.223603,30.794152,46,13547
104.033861,30.537747,-1,13548
104.626598,30.859024,199,13549
104.021609,30.537043,-1,13550
103.798623,30.651155,-1,13551
104.047328,30.428031,50,13552
103.983443,30.453822,105,13553
104.131601,30.394817,-1,13554
103.865977,30.774465,-1,13555
103.895703,30.666203,36,13556
103.661372,30.961087,144,13557
103.55985,30.549001,241,13558
104.180804,30.534775,-1,13559
104.59241,30.01892,253,13560
104.461354,30.488077,-1,13561
104.022404,30.501053,-1,13562
103.528139,31.001518,-1,13563
103.88322,30.606238,-1,13564
103.937059,30.613364,55,13565
104.138649,30.610775,-1,13566
103.970932,30.650555,93,13567
104.529614,30.726126,-1,13568
104.16735,30.636667,190,13569
103.906217,30.064322,-1,13570
104.445765,30.856427,-1,13571
103.671665,30.2812,-1,13572
104.080642,30.471114,-1,13573
104.09525,30.443912,-1,13574
103.817334,30.633884,34,13575
104.517481,30.391886,-1,13576
103.961556,30.431172,-1,13577
104.491703,30.460871,-1,13578
103.904657,30.95059,-1,13579
104.171211,30.65971,-1,13580
104.09278,30.525352,129,13581
103.96135,30.644929,-1,13582
104.445653,31.152469,-1,13583
104.17867,30.782832,119,13584
104.17513,30.71809,-1,13585
104.055968,30.45739,189,13586
104.004788,30.515411,20,13587
103.489787,30.184644,177,13588
103.664075,30.901,-1,13589
104.485027,30.348469,-1,13590
104.045834,31.269458,-1,13591
104.737019,30.648383,-1,13592
104.056048,30.847685,4,13593
103.985405,30.453962,-1,13594
104.071122,30.72522,62,13595
103.690751,30.403314,-1,13596
103.988568,30.627686,140,13597
104.040975,30.531429,-1,13598
103.452418,30.374411,247,13599
103.719541,30.591759,-1,13600
104.100271,30.521186,-1,13601
104.125279,30.76951,44,13602
104.251779,30.7781,-1,13603
103.877299,30.562407,-1,13604
103.817034,30.646245,-1,13605
103.914214,30.675337,243,13606
103.910175,30.733034,-1,13607
103.849822,30.208015,-1,13608
104.124523,30.537964,-1,13609
103.901435,30.834505,52,13610
104.10665,30.740457,102,13611
104.232383,30.709909,-1,13612
104.456905,30.796916,-1,13613
104.283535,30.581175,-1,13614
104.291726,30.877139,-1,13615
103.726465,30.778443,-1,13616
104.183684,29.975875,-1,13617
103.701635,30.602459,83,13618
104.050754,30.664612,67,13619
104.97316,29.87077,122,13620
103.654955,30.92702,259,13621
104.521344,30.662776,173,13622
103.98746,30.467201,-1,13623
104.34266,30.797222,-1,13624
104.120914,30.52211,-1,13625
103.442406,30.418722,-1,13626
104.326227,30.860344,66,13627
104.063912,30.245622,-1,13628
103.939728,30.614241,47,13629
104.041644,30.561221,-1,13630
104.022289,30.50101,-1,13631
103.833861,30.350222,-1,13632
103.861511,30.348309,-1,13633
104.220861,30.63866,131,13634
104.059562,30.424792,-1,13635
103.744009,30.356857,-1,13636
104.326379,30.86046,66,13637
104.100932,30.438846,-1,13638
103.965747,30.637388,99,13639
104.222221,30.834918,-1,13640
103.715848,30.571022,-1,13641
104.025267,30.594196,-1,13642
104.101951,30.497045,155,13643
103.661908,30.920078,-1,13644
103.960142,30.152063,-1,13645
104.103984,30.532073,87,13646
104.170747,30.615212,27,13647
104.226316,30.85901,-1,13648
103.936621,30.614019,55,13649
104.166729,30.659116,-1,13650
103.849096,30.638381,-1,13651
104.644971,30.67577,-1,13652
104.000582,30.520196,264,13653
104.353698,30.842421,-1,13654
104.132094,30.395928,-1,13655
104.183338,30.710697,39,13656
103.990563,30.73947,242,13657
104.068934,30.693389,79,13658
103.988259,30.627513,140,13659
103.870724,30.702077,2,13660
104.211265,30.608645,30,13661
103.831848,30.425949,-1,13662
103.696869,30.602291,-1,13663
104.152743,30.781671,70,13664
104.271277,30.971979,-1,13665
104.00448,30.592275,-1,13666
103.818181,30.846872,-1,13667
104.120264,30.773124,161,13668
104.142837,30.412415,-1,13669
103.647573,30.331439,-1,13670
103.864673,31.069979,-1,13671
104.262269,29.01883,-1,13672
103.598325,30.98556,-1,13673
103.957051,30.723378,-1,13674
104.08853,30.739749,-1,13675
104.017711,31.298578,-1,13676
104.092877,30.523759,129,13677
104.228747,30.692346,-1,13678
104.070795,30.726515,62,13679
103.967425,30.648337,21,13680
104.621131,30.341589,-1,13681
104.539078,31.859947,-1,13682
103.947465,31.014864,-1,13683
104.257243,30.612129,-1,13684
103.962963,30.448078,-1,13685
104.698725,30.65847,-1,13686
104.107654,30.562387,-1,13687
103.965792,30.182925,-1,13688
103.809131,30.879469,-1,13689
104.355771,30.921075,-1,13690
103.661526,30.96111,144,13691
103.930787,30.892318,-1,13692
104.188253,30.793388,216,13693
104.646856,30.675389,-1,13694
104.050863,30.476302,90,13695
104.257397,30.530511,-1,13696
103.454704,30.477491,-1,13697
104.242868,30.650887,60,13698
104.172909,30.64059,-1,13699
103.872279,30.778794,5,13700
104.522714,30.430072,109,13701
104.530538,30.665703,-1,13702
104.473247,30.434679,-1,13703
103.72298,29.103374,-1,13704
104.231396,30.525821,-1,13705
