longitude,latitude,cluster,point_index
103.060277,30.027701,-1,0
104.220863,30.638465,0,1
104.10319,30.469273,1,2
103.701736,30.602328,2,3
103.498711,30.544811,-1,4
103.661594,30.961098,3,5
104.331138,30.644492,-1,6
103.916801,30.397628,4,7
104.364745,30.430684,-1,8
103.624334,30.925929,-1,9
104.234479,30.646423,5,10
103.670181,30.653275,-1,11
104.225472,30.707759,-1,12
104.245479,30.553428,6,13
104.242497,30.650268,7,14
104.118667,30.757022,8,15
103.962053,30.934999,-1,16
103.908903,30.543221,9,17
103.844818,30.680353,-1,18
104.215066,30.582887,10,19
104.169006,30.741231,11,20
104.205636,30.613297,-1,21
104.509191,30.417098,-1,22
104.242448,30.650459,7,23
103.976205,30.652748,12,24
103.697516,30.406999,-1,25
103.694631,30.612766,-1,26
104.237421,30.652816,13,27
104.401528,31.061425,-1,28
103.965609,30.981735,-1,29
104.331342,30.644552,-1,30
103.633135,30.581002,-1,31
104.020056,31.305737,-1,32
104.178549,30.783211,14,33
103.976936,30.653084,12,34
104.164651,30.658771,15,35
104.23454,30.646146,5,36
104.185071,30.718455,16,37
104.221219,30.638642,0,38
104.355901,30.961873,-1,39
103.67632,30.902418,-1,40
104.149526,30.622564,17,41
104.501445,30.484499,-1,42
103.687198,30.629033,-1,43
103.923162,30.717042,18,44
104.071393,30.727978,19,45
104.30533,30.244032,-1,46
103.899293,30.615952,20,47
104.670316,30.087818,21,48
103.533157,30.207052,-1,49
103.097018,30.064154,-1,50
103.647295,30.951541,22,51
104.241706,30.768862,-1,52
103.849456,30.665552,-1,53
104.487882,30.493073,23,54
103.696717,30.656744,-1,55
103.977474,30.688751,24,56
104.512349,30.612709,-1,57
104.292693,30.391408,25,58
104.161677,30.692552,-1,59
103.810552,30.63184,26,60
103.452194,30.47486,27,61
104.453248,30.87105,-1,62
104.069798,30.768707,28,63
104.312609,30.289534,-1,64
104.132631,30.395889,-1,65
103.577028,31.041315,-1,66
104.242577,30.650096,7,67
103.707324,29.088696,-1,68
102.77322,30.063338,-1,69
103.957365,30.647488,29,70
103.937736,30.614126,30,71
103.827895,31.268779,-1,72
104.487394,30.4593,31,73
103.802054,30.455447,32,74
104.254883,30.579517,33,75
104.308768,30.865527,34,76
103.647907,30.951564,22,77
104.074936,30.32095,-1,78
104.125269,30.769608,35,79
104.175553,30.715338,36,80
104.243613,30.651275,7,81
104.004512,30.592397,37,82
104.164801,30.65897,15,83
104.369823,30.492556,-1,84
104.032874,30.858153,319,85
103.872713,30.779443,38,86
103.967622,30.682248,-1,87
104.616146,30.15844,-1,88
104.401101,30.34295,-1,89
104.243701,29.945799,-1,90
104.304305,30.991932,-1,91
104.315592,30.303214,39,92
104.144501,30.813327,40,93
104.361679,30.437808,-1,94
104.110265,30.449836,-1,95
103.601061,31.064706,41,96
103.994771,30.44363,-1,97
104.118279,30.757006,8,98
104.24878,30.522924,-1,99
104.32495,30.308409,-1,100
103.701634,30.602575,2,101
103.916341,30.369463,42,102
104.165194,30.658765,15,103
104.2431,30.6502,7,104
103.908681,30.542156,9,105
103.792114,30.687375,-1,106
104.445822,30.856221,-1,107
104.164555,30.658734,15,108
104.242572,30.650769,7,109
103.999507,30.750788,-1,110
103.85629,30.418696,-1,111
103.937243,30.613605,30,112
103.850815,30.820432,43,113
104.061318,30.492493,-1,114
103.839229,30.317943,-1,115
104.293663,30.572535,-1,116
104.300429,30.381876,44,117
104.050609,30.476106,45,118
103.970661,30.650468,46,119
103.983603,30.572377,47,120
103.888733,30.665799,-1,121
103.640304,30.46596,48,122
103.660891,30.961368,3,123
104.071485,30.72776,19,124
103.506153,30.559275,49,125
103.654955,30.92702,50,126
104.141654,31.604928,-1,127
103.33463,30.334002,-1,128
103.800476,30.830742,-1,129
103.976406,30.652651,12,130
104.366631,30.307016,-1,131
103.601061,31.064706,41,132
104.04479,30.444873,51,133
104.003355,30.735051,52,134
103.793711,30.663974,-1,135
104.21619,30.699662,-1,136
103.830845,30.919092,-1,137
104.224797,30.793769,53,138
104.587927,30.697495,-1,139
104.391845,30.299893,54,140
103.894652,30.676991,-1,141
104.050677,30.476784,45,142
104.219205,30.655137,55,143
104.371844,30.864174,56,144
104.081688,30.488718,-1,145
103.896561,31.014639,-1,146
104.667107,30.126512,-1,147
104.31575,30.303219,39,148
104.105635,30.587685,57,149
104.271631,30.867384,-1,150
103.967355,30.648328,58,151
104.219118,30.655317,55,152
104.165378,30.658662,15,153
103.970707,30.650304,46,154
103.465576,30.43809,59,155
104.098627,30.885131,60,156
104.188275,30.514615,61,157
104.247272,30.554814,-1,158
104.223607,30.885002,-1,159
104.315694,30.303109,39,160
104.312354,30.874783,-1,161
103.935666,30.905517,62,162
103.081875,30.373762,-1,163
104.212511,30.583851,10,164
103.825664,30.417202,-1,165
104.203747,30.726025,63,166
103.704414,30.654989,-1,167
104.326484,30.859992,64,168
104.295204,30.800824,-1,169
104.245291,30.645523,65,170
104.003487,30.482974,-1,171
104.17262,30.48382,66,172
104.439069,30.98092,-1,173
103.974519,30.362801,-1,174
104.108401,30.544808,-1,175
104.143889,30.533986,-1,176
104.455601,30.462693,-1,177
103.964646,30.637312,67,178
104.146212,30.885897,-1,179
103.756836,31.19453,68,180
104.183306,30.710677,69,181
103.701609,30.602581,2,182
103.996622,30.47897,-1,183
104.221089,30.638634,0,184
103.498013,30.567491,-1,185
104.119892,30.772698,70,186
104.380638,30.879902,-1,187
103.819399,30.738518,-1,188
104.164801,30.65897,15,189
103.540876,31.049494,71,190
103.678229,31.029894,72,191
104.20896,30.897818,-1,192
103.995117,30.444068,-1,193
103.742161,30.583399,-1,194
103.826727,30.632957,-1,195
104.046121,30.552895,-1,196
104.104794,31.078762,-1,197
104.071167,30.725219,73,198
103.553344,30.221156,74,199
104.265655,30.835895,-1,200
104.323668,30.342767,75,201
103.691064,30.6101,-1,202
103.932094,30.694543,-1,203
104.225999,30.5251,76,204
103.947316,30.553958,-1,205
103.820812,30.741661,-1,206
104.000181,30.520271,77,207
104.010006,30.765101,78,208
104.177391,30.718755,79,209
104.226385,30.792878,53,210
104.215386,30.583198,10,211
104.25549,30.859561,80,212
104.041052,30.593252,81,213
104.17709,30.525269,-1,214
104.333753,30.6439,-1,215
104.152183,30.776743,-1,216
103.640312,30.963812,-1,217
103.861171,30.445328,82,218
104.099405,30.467136,83,219
103.893049,30.513917,84,220
104.501042,30.473959,85,221
103.760178,30.665116,-1,222
103.926213,30.805916,-1,223
104.070918,30.727299,19,224
104.178806,30.783216,14,225
103.96954,30.982144,86,226
104.217304,30.572284,87,227
104.056155,30.84783,88,228
104.190155,30.662399,89,229
104.501469,30.484594,-1,230
103.901353,30.834603,90,231
104.052818,30.849284,-1,232
104.16588,30.712748,91,233
103.932905,30.813711,-1,234
103.701769,30.602317,2,235
104.161124,30.890958,-1,236
104.093462,30.581362,92,237
104.39513,30.896028,-1,238
103.819129,30.797176,93,239
104.338948,30.666838,-1,240
104.426707,30.980029,-1,241
103.705488,30.655439,-1,242
104.888686,30.274067,-1,243
103.580297,31.023784,-1,244
104.242823,30.650526,7,245
104.032142,30.858756,319,246
103.499652,30.569308,94,247
104.061364,30.418962,95,248
103.940028,30.614142,96,249
104.231883,30.639538,97,250
103.819274,30.633498,26,251
104.523125,30.36189,-1,252
103.612169,30.96004,-1,253
103.924349,30.949644,98,254
104.071332,30.725201,73,255
103.969312,30.366424,99,256
104.241706,30.768862,-1,257
104.114927,30.416989,100,258
103.182317,30.011281,-1,259
104.061899,30.419122,95,260
103.661058,30.96129,3,261
103.873338,30.473264,-1,262
103.62342,31.493937,-1,263
103.902969,30.826415,-1,264
103.915741,30.420421,-1,265
103.98287,31.064231,-1,266
104.844541,30.302743,-1,267
104.378413,30.282913,-1,268
104.203549,30.72627,63,269
104.167826,30.699292,-1,270
104.050828,30.478319,-1,271
104.242573,30.651105,7,272
104.74559,30.451675,101,273
104.489598,30.493786,23,274
104.485027,30.348485,-1,275
103.678003,30.338434,102,276
103.916365,30.369579,42,277
104.073496,30.718553,103,278
103.69439,30.746246,-1,279
104.539229,31.859681,104,280
103.916172,30.369031,42,281
103.792026,31.229088,-1,282
104.320441,30.277966,105,283
103.706084,30.88368,-1,284
104.318511,30.86128,106,285
104.174397,30.396249,-1,286
103.809987,30.630446,-1,287
104.095555,30.540847,107,288
104.268049,30.650256,-1,289
103.701509,30.602345,2,290
104.297001,30.996087,-1,291
104.242577,30.650096,7,292
103.671907,30.317228,108,293
103.600578,30.985685,-1,294
103.147253,30.461352,-1,295
103.922471,30.867356,-1,296
104.314694,30.301364,-1,297
103.878794,30.19819,109,298
103.532203,31.404453,110,299
104.069807,30.768096,28,300
104.003923,30.606335,111,301
104.081361,30.694514,-1,302
104.172684,30.483672,66,303
104.010635,30.517189,-1,304
103.674024,31.93472,-1,305
104.709594,30.416846,-1,306
104.13461,30.805985,112,307
103.942992,30.849796,-1,308
104.138299,30.610656,113,309
104.198306,30.581905,114,310
102.226414,31.897155,-1,311
103.597809,30.985667,-1,312
103.909151,30.543003,9,313
103.969554,30.982092,86,314
104.16875,30.74131,11,315
103.959985,30.517214,115,316
103.986052,30.626291,-1,317
104.317306,30.302504,-1,318
104.140471,30.827323,329,319
104.022475,30.500925,116,320
103.4772,30.422432,-1,321
104.166727,30.659034,-1,322
103.943571,30.50751,117,323
104.021467,30.549832,-1,324
104.070755,30.726499,19,325
104.309135,30.865047,34,326
104.073123,30.715171,118,327
104.254932,30.579437,33,328
104.075565,30.238738,119,329
104.590682,30.388607,-1,330
103.859169,30.827384,120,331
103.87274,30.779325,38,332
103.981466,30.785319,121,333
103.916958,30.386484,-1,334
103.870608,30.702173,122,335
104.23531,30.646837,5,336
103.936142,30.905613,62,337
104.973699,29.871253,123,338
104.040953,30.646138,-1,339
103.643001,30.853297,-1,340
104.001831,30.884787,124,341
103.7042,30.70917,-1,342
104.175482,30.715273,36,343
104.001352,31.047324,-1,344
104.210432,30.74761,-1,345
104.342672,31.057304,-1,346
104.076433,30.789437,-1,347
104.629883,30.098737,-1,348
103.536067,30.742605,125,349
104.872032,30.064591,-1,350
104.242494,30.650289,7,351
104.398137,30.823673,-1,352
103.812571,30.57155,-1,353
103.883166,30.411316,-1,354
104.261342,29.965837,-1,355
103.923413,30.717219,18,356
104.010086,30.765278,78,357
104.5551,30.352694,126,358
103.49979,30.569409,94,359
104.571762,30.688503,-1,360
103.914533,30.630777,127,361
103.823129,30.645889,-1,362
104.203494,30.72602,63,363
104.049702,30.476722,45,364
103.966727,30.739045,-1,365
104.013697,30.225833,-1,366
104.426732,30.980053,-1,367
104.06685,30.630486,-1,368
104.284588,31.059946,-1,369
103.678343,31.030052,72,370
103.749523,30.530399,128,371
102.114771,29.64927,-1,372
103.677918,31.029806,72,373
103.689669,31.032147,-1,374
104.001787,30.884776,124,375
103.900931,30.634083,-1,376
103.818699,30.634298,26,377
104.165448,30.658926,15,378
104.135649,30.805836,112,379
102.062553,31.516843,-1,380
103.646943,30.296223,-1,381
104.489614,30.493802,23,382
103.270023,30.19321,-1,383
103.951724,31.012987,-1,384
104.118794,30.757444,8,385
103.902039,30.834715,90,386
104.547472,30.69139,129,387
103.85128,30.436999,130,388
103.940032,30.614375,96,389
103.878586,30.198224,109,390
104.615041,30.162906,-1,391
104.106907,30.587169,57,392
103.884515,30.402961,-1,393
104.743026,31.572949,-1,394
102.07569,31.582348,-1,395
103.901645,30.834491,90,396
104.236143,30.646558,5,397
104.08606,30.456744,131,398
103.460453,30.747016,132,399
104.488441,30.333773,-1,400
103.952621,30.428033,133,401
103.713886,30.52669,134,402
104.391201,30.286005,-1,403
104.034058,30.465283,-1,404
104.542953,30.721472,-1,405
104.434257,29.596822,-1,406
104.125244,30.769645,35,407
104.397382,30.327755,-1,408
103.845047,31.144351,-1,409
104.061353,30.418912,95,410
103.964847,30.615429,135,411
103.38373,30.732119,136,412
104.320294,30.277842,105,413
104.081639,30.470646,-1,414
103.876639,30.467597,-1,415
104.034456,30.236314,-1,416
103.965595,30.310322,137,417
104.326548,30.85991,64,418
103.912733,30.824959,138,419
103.937375,30.614943,30,420
103.994221,30.616162,-1,421
104.138412,30.610733,113,422
104.908239,30.160005,139,423
104.119956,30.772737,70,424
104.170399,30.659998,140,425
103.937371,30.613637,30,426
103.861333,30.878979,-1,427
104.301999,30.357091,-1,428
103.964486,30.614902,135,429
104.244943,30.645681,65,430
104.059562,30.424792,-1,431
104.133499,30.806305,-1,432
104.323131,30.34296,75,433
103.96705,30.683353,-1,434
104.099653,30.466842,83,435
103.939503,30.4244,-1,436
103.726216,30.559478,-1,437
103.895185,30.397908,-1,438
104.543619,30.718372,-1,439
104.668911,30.087882,-1,440
104.412363,30.344615,-1,441
104.361586,30.435146,-1,442
104.414782,30.243754,141,443
103.777152,30.636659,-1,444
104.106659,30.587106,57,445
104.268763,30.729454,-1,446
104.008783,30.59067,142,447
104.118499,30.75725,8,448
103.641652,30.63639,-1,449
103.561256,30.74867,143,450
104.350353,30.304138,-1,451
104.089325,30.429693,-1,452
104.006332,30.592128,144,453
104.375463,30.949922,-1,454
104.063279,30.665478,-1,455
104.017818,30.444641,-1,456
103.89109,30.47353,-1,457
104.235879,30.646426,5,458
103.577319,31.039003,-1,459
103.999227,30.911643,-1,460
104.64467,31.449354,-1,461
104.03701,30.148123,145,462
103.935948,30.905675,62,463
104.087551,30.746664,-1,464
103.739263,30.734657,-1,465
103.968313,30.98162,-1,466
103.609263,30.969662,-1,467
104.168936,30.741358,11,468
103.84125,30.337268,-1,469
103.111052,29.294402,-1,470
103.902746,30.658433,146,471
103.917114,30.684264,147,472
103.672148,30.31742,108,473
103.940325,30.999307,148,474
103.976583,30.652691,12,475
104.118439,30.757666,8,476
103.795669,31.236518,178,477
103.601205,31.065004,41,478
103.956877,30.723146,-1,479
104.201949,30.726115,63,480
104.2274,30.788629,-1,481
103.977883,30.688895,24,482
103.93257,30.870742,-1,483
104.178758,30.78305,14,484
104.659745,31.092373,-1,485
104.183328,30.710621,69,486
104.521485,30.429659,149,487
103.09725,30.064336,-1,488
103.916605,30.369647,42,489
103.674485,31.958059,-1,490
104.670316,30.087818,21,491
104.201548,30.739413,150,492
103.628397,30.727342,151,493
103.798836,31.168645,-1,494
104.09638,30.541807,107,495
104.209825,30.68735,-1,496
103.88291,30.666143,152,497
104.1655,30.658981,15,498
103.727569,30.558923,-1,499
104.041197,30.642145,-1,500
104.042865,30.215866,-1,501
104.043939,30.446162,51,502
104.070062,30.76861,28,503
104.213849,30.583602,10,504
104.294795,30.969468,-1,505
103.673913,30.732171,-1,506
104.174962,30.715439,36,507
103.954822,30.501198,-1,508
104.472984,30.494051,-1,509
103.847379,30.438499,153,510
104.271535,30.864829,-1,511
104.165855,30.712469,91,512
104.596976,30.69904,-1,513
104.056016,30.847835,88,514
103.914578,30.63092,127,515
103.943603,30.499276,154,516
103.897678,30.984594,-1,517
104.461945,30.490267,-1,518
103.959837,30.517146,115,519
104.061893,30.339326,-1,520
104.225763,30.790732,53,521
103.806321,31.171588,155,522
104.118833,30.756939,8,523
103.911538,30.618041,-1,524
104.245097,30.645434,65,525
104.488297,30.493238,23,526
104.224744,30.794093,53,527
103.722231,31.200651,-1,528
103.11058,29.292401,-1,529
104.595931,31.765621,-1,530
103.885843,30.165167,-1,531
104.061842,31.247663,-1,532
104.001915,30.8842,124,533
103.995496,30.612742,156,534
104.086933,30.834661,-1,535
104.359608,30.310356,-1,536
104.292693,30.391408,25,537
104.018148,30.442291,-1,538
104.379512,30.291613,-1,539
103.812886,30.632742,26,540
104.184661,30.647225,-1,541
103.552908,30.541446,-1,542
104.753974,30.885844,-1,543
104.107127,30.587174,57,544
104.223724,30.566382,157,545
104.168861,30.53206,158,546
103.887291,30.574034,-1,547
103.880537,30.404245,159,548
103.814501,30.633022,26,549
103.701726,30.602493,2,550
104.411494,30.34462,-1,551
103.651956,31.504478,-1,552
104.39825,31.000209,-1,553
104.225416,30.790739,53,554
104.082913,30.465243,-1,555
104.093868,30.580883,92,556
103.912715,30.824946,138,557
103.933143,30.88315,-1,558
104.60367,30.685455,-1,559
103.506382,30.710246,-1,560
104.487298,30.459316,31,561
103.713834,30.526308,134,562
104.237357,30.653272,13,563
104.095289,30.540787,107,564
104.099349,30.466902,83,565
104.041029,30.593462,81,566
103.563011,30.746384,-1,567
103.502463,30.571698,-1,568
104.286546,30.678933,-1,569
103.873482,30.921324,-1,570
103.837471,30.357475,160,571
104.245005,30.645402,65,572
104.318527,30.86128,106,573
103.994095,30.612526,156,574
103.954762,30.491657,-1,575
103.61705,30.858671,-1,576
104.318671,30.861341,106,577
104.112574,30.578994,-1,578
104.556334,30.373193,274,579
104.104609,30.51234,-1,580
103.937764,30.614122,30,581
104.044454,30.206097,161,582
104.108027,30.42044,162,583
104.221855,30.849868,-1,584
104.32674,30.860124,64,585
103.902522,30.658401,146,586
104.118309,30.757051,8,587
104.555604,30.37188,274,588
104.565768,30.371261,163,589
104.138389,30.611187,113,590
104.613189,30.855428,-1,591
103.881416,30.663925,-1,592
104.5553,30.352328,126,593
104.583086,30.34022,-1,594
104.391594,30.300067,54,595
104.041404,30.59334,81,596
104.283276,30.936851,-1,597
103.531467,31.405254,110,598
103.496063,30.548586,-1,599
104.160734,30.83748,-1,600
104.3265,30.859992,64,601
104.296082,30.993645,164,602
104.497685,30.489642,-1,603
103.280423,30.165834,-1,604
103.832846,30.618554,-1,605
104.170734,30.615287,165,606
104.361272,30.435129,-1,607
104.20358,30.726109,63,608
104.593458,31.767819,-1,609
104.991134,29.542969,166,610
104.161326,30.599534,167,611
104.073719,30.695572,-1,612
104.177967,30.719015,79,613
103.981247,30.785489,121,614
104.150122,30.616383,-1,615
104.973384,29.871019,123,616
104.243127,30.650083,7,617
104.476704,30.342724,-1,618
103.859088,30.827441,120,619
103.816376,30.633768,26,620
103.940349,30.614375,96,621
104.021944,31.306422,-1,622
103.952341,30.999281,168,623
103.876845,30.613443,-1,624
104.050442,30.476754,45,625
103.658737,30.943453,-1,626
104.118323,30.757072,8,627
104.169109,30.532041,158,628
104.008727,30.590917,142,629
104.196485,30.589679,169,630
104.149306,30.622249,17,631
104.042916,30.447925,51,632
104.244627,30.645494,65,633
104.199043,30.51043,170,634
103.774905,30.411725,-1,635
103.548643,30.646349,-1,636
103.552696,30.530512,171,637
104.595867,31.765523,-1,638
103.914926,30.86148,-1,639
103.601061,31.064706,41,640
103.95237,30.936811,-1,641
103.653424,30.89405,-1,642
104.043655,30.446411,51,643
104.220766,30.638884,0,644
104.106927,30.491189,172,645
104.991134,29.542969,166,646
104.800922,29.728511,-1,647
103.458518,30.43397,-1,648
103.86498,30.407948,173,649
103.946993,30.472706,-1,650
103.968211,30.981542,-1,651
104.044224,30.446861,51,652
104.487929,30.351887,-1,653
104.320104,30.279129,105,654
104.502154,30.472593,-1,655
104.162463,30.803988,-1,656
103.505922,30.55941,49,657
103.849571,30.538389,-1,658
103.659866,30.926354,-1,659
103.940343,30.999331,148,660
103.825137,31.156925,-1,661
103.966469,30.626033,-1,662
103.929458,30.699535,174,663
103.935864,30.9056,62,664
104.394397,30.350252,175,665
103.851324,31.059245,-1,666
103.673897,30.732171,-1,667
104.548086,30.691357,129,668
103.965032,30.616173,135,669
104.506752,30.350336,-1,670
103.464801,30.452597,176,671
104.049801,30.476701,45,672
104.314955,30.272453,-1,673
104.496442,30.47166,-1,674
103.883701,30.665965,152,675
104.053692,30.76952,-1,676
104.067778,30.253209,-1,677
103.977491,30.68849,24,678
104.50571,30.506785,177,679
103.796941,31.237031,178,680
104.669358,29.503906,-1,681
104.13391,30.400791,-1,682
103.953408,31.016261,-1,683
103.608246,30.971086,-1,684
104.412282,30.73799,-1,685
104.178782,30.782766,14,686
104.170926,30.615116,165,687
103.916341,30.369463,42,688
103.967913,31.00482,-1,689
104.660285,31.131178,179,690
104.564762,30.370963,163,691
104.660333,31.131077,179,692
104.221976,30.526283,-1,693
104.092516,30.582947,-1,694
103.893301,30.513774,84,695
104.22885,30.85398,-1,696
103.971153,30.650338,46,697
104.165292,30.658894,15,698
103.67635,30.902245,-1,699
104.505371,30.506643,177,700
104.362941,30.423146,-1,701
103.859847,30.301322,-1,702
103.813277,30.632791,26,703
103.983244,30.572901,47,704
103.937459,30.613355,30,705
103.940221,30.61429,96,706
104.186694,30.707491,-1,707
103.875681,30.479967,180,708
104.170568,30.635356,181,709
103.916846,30.386434,-1,710
104.762056,30.615223,-1,711
103.912787,30.630934,182,712
104.105859,30.57582,-1,713
104.16497,30.053876,-1,714
104.426692,30.980029,-1,715
104.564189,30.387791,183,716
104.766129,29.762268,-1,717
104.168935,30.741429,11,718
103.876261,30.491414,184,719
104.215082,30.58258,10,720
103.961342,30.64492,-1,721
104.195373,30.595345,-1,722
104.304305,30.991932,-1,723
104.185724,30.718465,16,724
104.009099,30.652517,-1,725
104.243157,30.650418,7,726
104.171917,30.659759,140,727
104.174681,30.865803,-1,728
104.213992,30.651721,185,729
104.22885,30.85398,-1,730
104.4459,30.856359,-1,731
104.103172,30.469393,1,732
103.459075,30.747139,132,733
104.081182,30.690632,-1,734
103.998977,31.434884,-1,735
103.711713,30.321679,-1,736
103.643455,30.470112,186,737
103.468431,30.43435,-1,738
104.046446,30.427481,187,739
104.231883,30.639538,97,740
103.739561,31.001494,-1,741
103.661508,30.927658,-1,742
103.497483,30.547281,-1,743
103.879905,30.404277,159,744
104.096343,30.541206,107,745
104.247336,30.55493,-1,746
103.831244,30.667136,322,747
103.713771,30.525879,134,748
104.660333,31.131077,179,749
103.55997,30.548703,188,750
103.861172,30.445639,82,751
103.696218,29.227833,-1,752
104.221526,30.638547,0,753
104.370201,30.288935,189,754
103.965744,30.182759,-1,755
104.584748,30.355122,190,756
104.234574,30.646287,5,757
104.354133,30.436204,191,758
104.242497,30.650268,7,759
104.997467,29.654328,-1,760
103.67717,30.349845,-1,761
104.17566,30.715345,36,762
103.870446,30.702301,122,763
103.80894,30.401823,-1,764
104.081182,30.690632,-1,765
103.874032,30.41725,192,766
104.501878,30.354382,193,767
104.16833,30.741692,11,768
104.002275,30.485264,194,769
104.234958,30.64582,5,770
104.125404,30.769694,35,771
103.81273,30.907298,-1,772
104.040992,30.593435,81,773
104.233622,30.794019,-1,774
104.175235,30.664492,195,775
104.002027,30.884144,124,776
103.883529,30.665927,152,777
104.398751,30.928917,-1,778
103.883113,30.665909,152,779
104.236221,30.646652,5,780
103.661356,30.961035,3,781
103.974473,31.067739,-1,782
104.38805,30.746911,-1,783
104.118409,30.757477,8,784
104.000181,30.520271,77,785
103.811076,30.439215,-1,786
103.630934,30.934442,-1,787
103.940658,30.618848,196,788
103.851039,30.437253,130,789
103.678343,31.030052,72,790
103.88674,30.820431,197,791
103.886838,30.528443,198,792
104.204463,30.857377,-1,793
103.811108,30.439215,-1,794
103.536067,30.742605,125,795
104.118647,30.757698,8,796
103.937339,30.613571,30,797
104.190473,30.732063,-1,798
103.921079,30.703098,199,799
103.952678,30.427891,133,800
104.169211,30.532161,158,801
104.018187,30.442458,-1,802
103.695299,30.61834,-1,803
104.040959,31.161431,-1,804
104.084542,30.455998,-1,805
103.902156,30.834059,90,806
104.056016,30.847835,88,807
103.709044,30.393363,295,808
103.848177,30.623128,-1,809
104.261079,30.656199,-1,810
104.037568,30.360979,-1,811
104.503009,30.35401,-1,812
104.352611,31.085269,-1,813
103.810386,30.630195,-1,814
103.790651,30.666757,200,815
104.326371,30.860194,64,816
104.316848,30.276091,-1,817
103.923686,30.71689,18,818
103.914384,30.675504,201,819
104.234702,30.646037,5,820
104.53714,30.366046,202,821
104.008783,30.59067,142,822
103.505858,30.558976,49,823
103.879522,30.404462,159,824
103.917549,30.742825,203,825
103.858469,30.82819,120,826
103.679886,30.301209,-1,827
104.042932,30.447925,51,828
104.224396,30.675268,204,829
103.893314,31.019677,-1,830
104.359005,30.959426,-1,831
104.314694,30.301364,-1,832
104.048899,29.117353,-1,833
103.601664,30.831152,-1,834
104.415142,30.24392,141,835
103.55306,30.220808,74,836
104.093617,30.580743,92,837
104.098558,30.885248,60,838
103.601101,31.064772,41,839
103.921001,30.702944,199,840
104.223605,30.675316,204,841
104.028602,30.337802,-1,842
104.494114,30.495539,-1,843
104.272973,30.814537,-1,844
104.020098,30.119596,-1,845
104.362762,31.06773,-1,846
104.175246,30.664312,195,847
104.221043,30.639009,0,848
103.831128,31.281247,-1,849
104.225922,30.793549,53,850
103.627685,30.515998,-1,851
104.244465,30.645466,65,852
104.047217,30.636503,-1,853
103.317269,30.336018,-1,854
104.044713,30.444931,51,855
103.796754,30.646654,205,856
103.903065,30.631671,-1,857
104.157904,30.692187,206,858
104.620848,30.394993,-1,859
103.998991,30.480988,-1,860
104.041146,30.658304,-1,861
103.896213,30.666025,207,862
103.7251,30.332153,-1,863
104.225214,30.997928,-1,864
104.006629,30.523193,-1,865
104.367265,30.307317,-1,866
104.254775,30.642648,-1,867
103.533015,30.693929,208,868
103.269991,30.193228,-1,869
103.98767,29.131809,-1,870
104.201567,30.739804,150,871
104.218952,30.655292,55,872
103.701457,30.602448,2,873
103.741021,30.690057,-1,874
103.909181,30.883346,-1,875
104.198298,30.582071,114,876
103.642829,30.943391,209,877
104.195433,30.859183,210,878
104.174459,30.715306,36,879
103.137686,30.99099,-1,880
103.794739,29.641995,-1,881
103.823362,30.610369,211,882
103.861346,30.803787,212,883
103.969565,30.36656,99,884
103.276209,29.5929,-1,885
103.915318,30.418731,213,886
103.917565,30.742691,203,887
103.878212,30.415699,-1,888
104.107071,30.587029,57,889
104.091533,30.217849,-1,890
104.445885,30.856306,-1,891
104.320586,30.281514,-1,892
103.976807,30.653076,12,893
103.939928,30.999892,148,894
104.183008,30.710945,69,895
103.833017,30.421559,-1,896
104.168682,30.741594,11,897
104.229372,30.853005,-1,898
104.041508,30.530097,-1,899
104.171518,30.659769,140,900
104.051204,30.476653,45,901
104.073219,30.718675,103,902
104.242956,30.645516,65,903
104.373171,30.94077,-1,904
104.302407,30.873591,-1,905
104.093053,30.581207,92,906
104.204275,30.74012,214,907
104.584614,30.35538,190,908
103.677527,30.338803,102,909
103.91254,30.824758,138,910
103.994325,30.765224,215,911
103.383106,30.732192,136,912
104.007177,30.566253,-1,913
104.606033,30.084869,-1,914
103.936537,30.614054,30,915
104.066158,30.633684,-1,916
103.959122,30.543393,-1,917
104.433926,30.394049,-1,918
104.234838,30.645938,5,919
103.654827,30.927182,50,920
104.244804,30.645484,65,921
104.411494,30.34462,-1,922
104.118255,30.757044,8,923
103.702681,30.398756,-1,924
104.537844,30.72397,-1,925
103.962931,30.448085,216,926
103.678343,31.030052,72,927
103.478413,30.42757,284,928
103.604291,30.827159,-1,929
103.619671,30.398767,-1,930
104.052349,30.245937,217,931
104.367567,30.434537,-1,932
104.137019,30.820638,-1,933
104.022721,30.549514,-1,934
104.120914,30.52211,-1,935
104.0703,30.597609,-1,936
104.446915,30.473485,-1,937
104.357743,31.07217,-1,938
103.875098,30.479734,180,939
103.797003,30.643495,218,940
103.677282,30.949646,219,941
104.204276,30.74012,214,942
104.007606,30.554193,220,943
104.230016,30.856847,-1,944
103.89884,30.616063,20,945
104.004448,30.592529,37,946
103.948134,30.327199,-1,947
104.326484,30.860028,64,948
103.968313,30.98162,-1,949
104.150428,30.616222,-1,950
104.30533,30.244032,-1,951
104.094365,30.523318,-1,952
104.369041,30.714898,-1,953
104.19849,30.582071,114,954
104.146213,30.885897,-1,955
104.394511,30.896277,-1,956
103.92962,30.941877,-1,957
103.486044,30.53141,-1,958
103.459969,30.746837,132,959
103.902086,30.834767,90,960
104.135002,30.805985,112,961
103.818452,30.634242,26,962
104.242577,30.650096,7,963
104.011442,30.482793,-1,964
103.642096,31.013325,-1,965
103.893419,30.447445,221,966
103.896561,31.014639,-1,967
104.021778,29.139602,222,968
104.442664,30.979565,-1,969
103.967665,30.683197,-1,970
103.654881,30.926134,50,971
104.422872,30.474251,223,972
104.215461,30.820976,224,973
104.105862,30.587256,57,974
104.393315,30.293897,-1,975
103.604367,30.289971,-1,976
104.11861,30.469234,-1,977
104.084386,30.455754,-1,978
104.29752,31.035033,-1,979
103.453139,30.469944,-1,980
103.924325,30.950376,98,981
103.469563,30.392287,-1,982
104.00452,30.592295,37,983
104.513012,30.420185,225,984
104.498916,30.490658,-1,985
103.517388,30.750669,226,986
104.075527,30.238834,119,987
104.17048,30.661763,-1,988
104.255343,30.859509,80,989
104.215066,30.582887,10,990
103.677252,30.339141,102,991
103.967913,31.00482,-1,992
103.86498,30.407948,173,993
103.880001,30.404323,159,994
104.242728,30.650119,7,995
103.655773,30.338235,-1,996
103.717201,30.592344,-1,997
104.204591,30.731128,227,998
104.122175,30.5398,228,999
104.041423,30.593341,81,1000
104.333933,30.644357,-1,1001
103.836569,30.466116,-1,1002
104.219155,30.655227,55,1003
104.750499,29.745891,-1,1004
103.459937,30.747203,132,1005
104.226005,30.52515,76,1006
104.23454,30.646146,5,1007
103.811323,31.254285,-1,1008
103.942708,30.772869,-1,1009
103.665088,30.643845,-1,1010
103.517563,30.750629,226,1011
104.359281,30.531735,229,1012
104.04158,30.529461,-1,1013
103.673804,30.422871,-1,1014
104.391217,30.285789,-1,1015
104.169275,30.741268,11,1016
104.605307,30.86793,-1,1017
103.738722,30.575733,-1,1018
104.469578,30.599514,-1,1019
103.460269,30.747004,132,1020
104.21385,30.651515,185,1021
104.096561,30.544478,297,1022
104.221079,30.639198,0,1023
104.572641,31.035176,-1,1024
104.327188,30.307213,230,1025
104.308555,30.865217,34,1026
104.243356,30.645766,65,1027
104.088802,30.547395,-1,1028
103.917322,30.683802,147,1029
104.328679,30.276679,-1,1030
103.892901,30.513613,84,1031
103.792377,29.723149,-1,1032
103.82681,31.165328,-1,1033
103.88291,30.666143,152,1034
104.056151,30.847556,88,1035
104.601546,30.876121,-1,1036
104.328233,30.34582,-1,1037
103.540368,31.050329,71,1038
104.115587,30.378459,231,1039
103.49979,30.569409,94,1040
104.036515,30.8573,-1,1041
104.254789,30.859249,80,1042
103.695759,30.65366,-1,1043
103.936013,30.905316,62,1044
103.97283,30.54212,232,1045
103.851457,30.649234,-1,1046
104.237728,30.718718,-1,1047
103.802469,30.185283,-1,1048
104.259203,30.858207,-1,1049
104.090967,30.559804,233,1050
104.128382,30.751777,-1,1051
104.492845,30.32187,-1,1052
103.938389,30.616416,234,1053
103.691273,31.03687,-1,1054
103.916565,30.369663,42,1055
104.076386,30.296123,-1,1056
103.808339,31.251859,-1,1057
103.601077,31.06492,41,1058
104.213849,30.583602,10,1059
103.182317,30.011281,-1,1060
104.392714,30.283688,235,1061
104.244465,30.645466,65,1062
104.118495,30.757278,8,1063
104.095592,30.562813,-1,1064
103.988299,30.45915,-1,1065
103.995031,30.612265,156,1066
103.97169,30.932456,-1,1067
104.552042,30.716255,-1,1068
104.668279,30.087951,-1,1069
103.828366,31.280457,-1,1070
104.001791,30.88448,124,1071
104.106929,30.491193,172,1072
104.039851,30.615137,-1,1073
103.682256,30.596677,236,1074
104.037474,30.710794,-1,1075
104.009703,30.765247,78,1076
104.36464,30.996556,-1,1077
104.090497,30.833522,-1,1078
104.536406,30.428842,-1,1079
104.221181,30.638631,0,1080
104.151545,30.776777,-1,1081
103.792299,30.687454,-1,1082
104.044063,30.446865,51,1083
104.308768,30.865527,34,1084
103.468503,30.434382,-1,1085
104.037342,30.32899,-1,1086
104.376355,30.476527,-1,1087
104.215333,30.82086,224,1088
103.966469,30.626033,-1,1089
104.242937,30.650843,7,1090
103.912254,30.631017,182,1091
103.4652,30.438325,59,1092
103.6541,30.927702,50,1093
103.999976,30.483592,-1,1094
104.292781,30.391485,25,1095
104.028643,30.337852,-1,1096
104.120914,30.52211,-1,1097
104.496442,30.47166,-1,1098
104.170906,30.6153,165,1099
103.889532,30.478934,237,1100
104.119665,31.027274,-1,1101
103.557303,30.74849,-1,1102
104.093833,30.581442,92,1103
103.660055,30.926555,-1,1104
103.95576,31.007856,-1,1105
104.220793,30.638928,0,1106
103.636666,30.485094,-1,1107
103.981578,30.785234,121,1108
104.112739,30.75277,238,1109
103.816107,30.675142,-1,1110
104.072759,30.718769,103,1111
104.12782,30.513118,-1,1112
103.673247,30.904375,-1,1113
104.14952,30.622681,17,1114
104.032021,30.508248,-1,1115
103.916365,30.369579,42,1116
103.976599,30.653083,12,1117
104.606541,30.3489,-1,1118
104.203508,30.726068,63,1119
104.047002,30.520717,-1,1120
104.296183,30.993824,164,1121
104.4886,30.493339,23,1122
104.041439,30.593322,81,1123
104.567812,30.67527,-1,1124
103.11426,30.094798,-1,1125
104.093834,30.58109,92,1126
104.138529,30.369764,-1,1127
103.640239,30.466147,48,1128
104.226049,30.793133,53,1129
104.521485,30.429659,149,1130
103.98767,29.131809,-1,1131
104.050845,30.475997,45,1132
103.533317,30.76529,-1,1133
104.152771,30.78181,239,1134
104.685007,31.706338,-1,1135
103.923287,30.260155,-1,1136
103.643455,30.470112,186,1137
104.234569,30.646187,5,1138
103.677434,30.338651,102,1139
103.816942,30.633805,26,1140
103.981466,30.785319,121,1141
103.92668,30.946991,240,1142
103.79276,30.461016,-1,1143
104.114353,30.750231,241,1144
104.125244,30.769645,35,1145
104.214531,30.651638,185,1146
103.902706,30.658399,146,1147
104.485748,30.444371,-1,1148
104.181268,30.534398,242,1149
103.952278,30.795832,243,1150
103.945601,30.924641,-1,1151
103.531675,30.562713,-1,1152
103.523288,30.207545,-1,1153
103.954857,30.4917,-1,1154
104.201338,30.733423,244,1155
103.46979,31.005244,-1,1156
104.056134,30.76316,245,1157
103.517268,30.750094,226,1158
104.164396,30.659038,15,1159
104.610541,31.29799,-1,1160
103.970706,30.988752,-1,1161
104.243356,30.649802,7,1162
104.037069,31.331557,-1,1163
104.110798,30.579319,-1,1164
104.244117,30.645464,65,1165
104.277725,30.639174,-1,1166
104.20272,30.725866,63,1167
103.911943,30.798662,246,1168
103.896731,30.666553,207,1169
104.102703,30.492411,-1,1170
104.194728,30.587381,-1,1171
104.225286,30.707574,-1,1172
104.858439,29.741215,-1,1173
104.118439,30.757914,8,1174
104.426258,30.883018,-1,1175
103.880001,30.404323,159,1176
103.936425,30.614202,30,1177
104.226385,30.792878,53,1178
103.348854,30.366167,-1,1179
104.118794,30.757444,8,1180
104.003464,30.734809,52,1181
104.175209,30.71537,36,1182
104.112048,30.753143,238,1183
104.125284,30.769593,35,1184
103.876166,30.500862,247,1185
104.12141,30.539784,228,1186
104.093868,30.580883,92,1187
104.172607,30.660003,140,1188
103.795775,31.23644,178,1189
103.838443,30.360968,248,1190
103.802359,30.454866,32,1191
104.627835,30.921978,-1,1192
103.817549,30.633998,26,1193
103.659553,30.961382,-1,1194
104.320505,30.277998,105,1195
103.819251,30.907416,-1,1196
104.218952,30.655292,55,1197
104.520875,30.429898,149,1198
104.544274,30.707798,-1,1199
104.0984,30.885108,60,1200
104.16509,30.658815,15,1201
104.132109,30.804856,-1,1202
104.318267,30.273109,-1,1203
104.202221,30.726056,63,1204
103.698747,30.629633,-1,1205
104.489475,30.493706,23,1206
103.680751,30.895029,-1,1207
104.092647,30.582728,92,1208
104.117911,30.756964,8,1209
104.120746,30.501838,249,1210
104.168607,30.388824,-1,1211
103.923202,30.717302,18,1212
103.677305,30.339128,102,1213
104.144501,30.813327,40,1214
104.289779,30.848158,-1,1215
104.224097,30.566332,157,1216
104.178886,30.782249,14,1217
104.243102,30.645787,65,1218
104.598468,30.684734,-1,1219
104.454276,30.489489,-1,1220
104.523033,30.436206,-1,1221
104.138389,30.611187,113,1222
103.856187,30.633027,-1,1223
103.887702,30.660997,250,1224
103.967971,30.586298,251,1225
104.035307,30.298238,252,1226
104.553942,30.352982,-1,1227
104.188009,30.662298,-1,1228
104.398074,31.008794,-1,1229
104.202759,30.72588,63,1230
103.964407,30.636842,67,1231
103.659702,30.926332,-1,1232
103.937979,30.619281,253,1233
104.075204,30.238753,119,1234
103.916485,30.369463,42,1235
104.115321,30.885115,-1,1236
103.605208,31.067192,-1,1237
104.101265,30.444501,-1,1238
103.969066,30.934999,-1,1239
103.557569,30.396713,-1,1240
103.630489,30.275725,-1,1241
103.867325,30.917709,-1,1242
103.814434,30.802171,-1,1243
104.075527,30.238834,119,1244
103.757843,30.364512,-1,1245
104.041792,30.248677,254,1246
104.249002,30.772394,255,1247
103.687622,30.617143,-1,1248
104.001561,30.127794,256,1249
103.861282,30.919379,-1,1250
104.221089,30.638634,0,1251
103.889947,30.479191,237,1252
104.543669,30.718277,-1,1253
104.118833,30.756939,8,1254
103.858068,31.065242,-1,1255
104.213876,30.583814,10,1256
103.700062,30.309751,-1,1257
104.168864,30.741139,11,1258
104.700621,31.00323,-1,1259
104.555507,30.35291,126,1260
103.970057,30.658506,-1,1261
104.044969,30.94085,-1,1262
104.09621,30.545084,297,1263
103.89153,30.41002,257,1264
104.020591,30.586203,-1,1265
104.392319,30.337623,-1,1266
104.392274,30.337613,-1,1267
104.149041,30.703733,-1,1268
103.3845,30.73233,136,1269
104.513012,30.420185,225,1270
104.004852,30.484901,-1,1271
103.677739,30.339084,102,1272
103.497715,30.567338,-1,1273
104.245011,30.645774,65,1274
103.91713,30.684162,147,1275
103.780476,30.407037,-1,1276
103.902186,30.658339,146,1277
103.678257,31.029726,72,1278
103.897098,30.66667,207,1279
104.449583,30.48065,258,1280
104.540805,30.722428,-1,1281
104.221526,30.638547,0,1282
103.901433,30.834469,90,1283
104.259409,30.812762,-1,1284
104.070856,30.727101,19,1285
104.140838,30.817109,-1,1286
103.65517,30.895256,-1,1287
104.255135,30.471571,-1,1288
103.888301,30.556126,259,1289
103.488356,31.248933,-1,1290
103.923394,30.716598,18,1291
103.997835,30.757509,260,1292
104.521548,30.429557,149,1293
104.099421,30.466802,83,1294
104.063571,30.665538,-1,1295
103.976366,30.652885,12,1296
103.495427,30.407016,261,1297
103.687453,30.611484,-1,1298
104.235215,30.858477,-1,1299
104.168996,30.741308,11,1300
104.149306,30.622249,17,1301
104.329371,30.85398,-1,1302
103.686685,30.871882,-1,1303
104.299491,31.008769,-1,1304
103.70147,30.602703,2,1305
104.116218,30.419094,-1,1306
104.501168,30.355272,193,1307
103.596764,30.859417,-1,1308
104.505284,30.353602,262,1309
103.552848,30.530522,171,1310
103.937538,30.619379,253,1311
104.009998,30.765261,78,1312
103.534063,30.694751,-1,1313
104.396882,30.31098,-1,1314
104.567631,30.707136,-1,1315
103.606941,30.518425,-1,1316
103.983523,30.572377,47,1317
104.199186,30.672005,-1,1318
104.49118,31.049603,-1,1319
103.592307,30.851025,-1,1320
104.479353,30.490489,263,1321
104.08004,31.221693,-1,1322
103.990531,30.739554,264,1323
104.296808,30.994519,164,1324
103.677338,30.338933,102,1325
104.065653,30.880523,-1,1326
103.867647,30.472266,-1,1327
103.936075,30.905375,62,1328
104.095614,30.462956,-1,1329
103.452205,30.47508,27,1330
103.642488,30.941075,-1,1331
104.224183,30.674947,204,1332
104.125409,30.769776,35,1333
103.603259,30.981081,-1,1334
104.202186,30.726207,63,1335
104.159373,30.70108,-1,1336
103.816709,30.568736,-1,1337
104.47446,30.347307,-1,1338
103.793121,31.238907,-1,1339
104.07076,30.726504,19,1340
104.051043,30.4768,45,1341
104.520334,30.401439,-1,1342
104.10819,30.54655,-1,1343
104.237656,30.653033,13,1344
104.800922,29.728511,-1,1345
104.235294,30.64677,5,1346
104.101265,30.444501,-1,1347
103.681976,30.596608,236,1348
104.485748,30.444371,-1,1349
104.308555,30.865217,34,1350
104.14605,31.492663,-1,1351
103.657951,30.925272,-1,1352
104.204279,30.74012,214,1353
104.477783,30.489325,265,1354
104.047341,30.426606,187,1355
104.537149,30.397815,-1,1356
103.814641,30.63306,26,1357
104.308786,30.865297,34,1358
104.172973,30.484597,66,1359
103.661451,30.961208,3,1360
103.957456,30.647454,29,1361
104.208267,30.524263,266,1362
103.601061,31.064706,41,1363
103.859244,30.827714,120,1364
104.071057,30.836505,-1,1365
103.959571,30.517181,115,1366
104.393093,30.751535,-1,1367
103.965019,30.310032,137,1368
103.489313,30.74953,-1,1369
103.914808,30.630762,127,1370
103.677902,30.612641,-1,1371
104.215493,30.821176,224,1372
104.447803,30.857652,267,1373
104.268001,30.650322,-1,1374
104.472984,30.494051,-1,1375
104.280021,30.727683,-1,1376
103.838353,30.360842,248,1377
103.655411,30.895306,-1,1378
103.886709,30.528422,198,1379
104.333613,30.643983,-1,1380
104.196209,30.527415,268,1381
104.278944,29.937095,-1,1382
104.221424,30.639091,0,1383
103.995456,30.614883,-1,1384
104.02857,30.337818,-1,1385
103.795574,31.021872,-1,1386
104.165292,30.658894,15,1387
104.610717,31.298374,-1,1388
103.878342,30.486048,-1,1389
104.215082,30.582782,10,1390
103.641808,30.636199,-1,1391
103.879688,30.363488,-1,1392
104.372101,30.864291,56,1393
104.564105,30.38778,183,1394
103.817302,30.63394,26,1395
104.10693,30.491305,172,1396
104.323051,30.34301,75,1397
104.196209,30.527415,268,1398
103.53551,30.75351,-1,1399
104.189181,30.515839,-1,1400
104.495974,30.417935,-1,1401
104.570466,31.033912,-1,1402
104.208529,30.524305,266,1403
103.540837,31.050584,71,1404
104.300461,30.381908,44,1405
103.921073,30.957422,-1,1406
103.929541,30.69968,174,1407
104.757556,30.910823,-1,1408
104.149897,30.622789,17,1409
103.647748,30.951631,22,1410
103.916786,30.683896,147,1411
104.487882,30.493123,23,1412
103.997407,30.252952,-1,1413
104.234851,30.647037,5,1414
104.084154,30.455583,-1,1415
104.118575,30.758945,-1,1416
104.234917,30.646434,5,1417
104.050828,30.478319,-1,1418
104.256731,30.726102,-1,1419
103.8239,30.585271,-1,1420
104.037065,30.148105,145,1421
104.449615,30.480666,258,1422
103.837505,30.35755,160,1423
104.579144,30.730667,-1,1424
104.242556,30.650102,7,1425
104.564234,30.387884,183,1426
104.563206,30.386008,-1,1427
104.247205,30.65757,-1,1428
104.753974,30.885844,-1,1429
103.917501,30.742775,203,1430
103.818562,30.797154,93,1431
104.209975,30.901594,-1,1432
103.43326,30.39711,-1,1433
103.677434,30.338865,102,1434
104.022279,30.501069,116,1435
104.091529,30.539796,-1,1436
103.860907,30.445098,82,1437
104.07335,30.718572,103,1438
103.914905,30.677588,-1,1439
104.47374,30.486246,-1,1440
104.108923,30.544393,-1,1441
104.226313,30.791664,53,1442
104.243115,30.645762,65,1443
104.462386,31.234167,-1,1444
103.921298,30.979809,-1,1445
104.041961,30.249662,254,1446
103.917564,30.74273,203,1447
103.523352,30.207377,-1,1448
104.198887,31.580392,-1,1449
103.998719,30.756896,260,1450
104.359305,30.531769,229,1451
103.905531,30.810729,269,1452
104.242645,30.650309,7,1453
104.038708,30.359832,-1,1454
103.817514,30.923783,-1,1455
104.116786,30.442699,-1,1456
104.124192,30.538056,-1,1457
104.149306,30.622249,17,1458
104.240589,30.959711,-1,1459
103.912051,30.798685,246,1460
104.224034,30.566614,157,1461
103.921088,30.702896,199,1462
103.640416,30.465892,48,1463
104.339948,31.12622,270,1464
104.043193,30.447136,51,1465
104.204278,30.740119,214,1466
103.713475,30.527194,134,1467
103.882999,30.665921,152,1468
103.469619,30.392221,-1,1469
104.2019,31.631321,-1,1470
103.498468,30.568744,94,1471
104.338354,31.044812,-1,1472
104.202775,30.72583,63,1473
103.465065,30.452845,176,1474
104.471939,30.49347,-1,1475
103.718695,30.614642,-1,1476
104.157345,30.64821,-1,1477
104.142387,30.71653,-1,1478
104.56529,30.371001,163,1479
103.737702,30.512043,271,1480
104.323349,30.645116,272,1481
103.450495,30.468031,-1,1482
104.101085,30.810411,-1,1483
104.086794,30.227497,-1,1484
104.329347,30.853912,-1,1485
103.822697,31.26153,-1,1486
103.991138,30.475837,-1,1487
103.8454,30.541857,-1,1488
104.098344,30.885046,60,1489
104.147587,30.712339,-1,1490
103.701389,30.602475,2,1491
103.884837,30.388686,273,1492
103.990917,30.739337,264,1493
103.911651,30.798717,246,1494
104.030886,30.248891,-1,1495
104.29816,30.685461,-1,1496
104.095887,30.536856,-1,1497
104.215196,30.582977,10,1498
104.048571,30.653529,-1,1499
103.884805,30.388504,273,1500
104.061153,30.418943,95,1501
104.242468,30.650535,7,1502
103.981466,30.785319,121,1503
104.394383,30.349865,175,1504
103.640074,30.895239,-1,1505
104.323302,30.644881,272,1506
104.324726,30.843832,-1,1507
104.048347,30.427851,187,1508
104.114589,30.750798,241,1509
102.837025,29.775757,-1,1510
104.369999,30.288705,189,1511
104.556267,30.372595,274,1512
104.378349,30.282963,-1,1513
103.846844,30.4383,153,1514
103.701742,30.602509,2,1515
103.801768,31.165922,275,1516
104.050684,30.74992,276,1517
104.473226,30.434707,-1,1518
104.117117,30.537785,-1,1519
104.071062,30.769063,-1,1520
104.488782,30.46208,-1,1521
103.882922,30.665894,152,1522
103.965339,30.310152,137,1523
103.797902,31.168463,-1,1524
104.497881,30.450864,-1,1525
104.323309,30.645121,272,1526
103.837536,30.357316,160,1527
103.916982,30.39779,4,1528
103.802329,30.455544,32,1529
104.203277,30.815074,-1,1530
103.695759,30.65366,-1,1531
103.915767,30.6345,-1,1532
103.979045,30.689173,-1,1533
103.85107,30.820331,43,1534
104.004371,30.880223,-1,1535
104.006629,30.523193,-1,1536
103.194595,30.139565,-1,1537
103.986701,30.561914,-1,1538
104.886966,30.171812,-1,1539
104.076125,30.786202,-1,1540
104.055804,30.847848,88,1541
103.917596,30.742803,203,1542
103.673811,30.422869,-1,1543
104.320104,30.279129,105,1544
103.890186,30.479173,237,1545
103.560985,30.748821,143,1546
103.936401,30.613772,30,1547
103.797658,31.238443,-1,1548
104.424636,30.47409,-1,1549
103.451949,30.47503,27,1550
104.432838,29.864765,-1,1551
103.888612,30.448242,-1,1552
103.322748,30.333428,-1,1553
104.059911,30.646182,-1,1554
104.006332,30.592128,144,1555
104.20275,30.725899,63,1556
103.896579,30.666469,207,1557
103.998062,31.448279,-1,1558
103.937207,30.61494,30,1559
104.563387,30.384701,-1,1560
104.196075,30.52731,268,1561
103.696156,30.407305,-1,1562
103.876256,30.500606,247,1563
104.069915,30.768532,28,1564
104.170259,30.659798,140,1565
103.850815,30.820432,43,1566
104.104131,30.417625,-1,1567
104.354265,30.43575,191,1568
103.60029,30.986051,-1,1569
104.342704,31.057354,-1,1570
103.495987,30.548607,-1,1571
104.371973,30.864406,56,1572
103.860949,30.445004,82,1573
104.093423,30.581232,92,1574
104.118623,30.757608,8,1575
104.125369,30.769577,35,1576
104.201338,30.733423,244,1577
103.886735,30.528299,198,1578
103.86498,30.407948,173,1579
103.846432,30.42858,-1,1580
104.202147,30.739174,150,1581
103.893148,30.447349,221,1582
103.860312,30.836727,277,1583
104.108885,30.464068,278,1584
102.198464,29.680979,-1,1585
103.884749,30.388722,273,1586
104.152612,30.418209,-1,1587
103.97143,30.65044,46,1588
104.256159,30.849544,-1,1589
104.175391,30.66443,195,1590
103.896005,30.666341,207,1591
104.235494,30.64662,5,1592
103.843403,31.138298,-1,1593
103.600689,30.986481,-1,1594
103.505395,30.744757,-1,1595
104.206454,31.119973,-1,1596
103.969109,31.007875,-1,1597
103.957071,30.939256,-1,1598
104.195471,30.595272,-1,1599
103.818468,31.766555,-1,1600
104.262566,30.271273,-1,1601
104.037037,30.148462,145,1602
103.881638,30.367099,-1,1603
103.966469,30.626033,-1,1604
104.041052,30.593252,81,1605
104.093204,30.856437,-1,1606
104.20287,30.725805,63,1607
104.070762,30.726506,19,1608
103.796754,30.646654,205,1609
104.041027,30.59328,81,1610
103.903351,30.634033,-1,1611
103.79664,29.434298,-1,1612
103.943555,30.499207,154,1613
104.214059,30.651655,185,1614
104.110139,30.587397,-1,1615
104.205048,30.687633,-1,1616
104.044104,30.445461,51,1617
104.046487,30.428135,187,1618
103.914155,30.675573,201,1619
103.956191,30.833802,-1,1620
104.462386,31.234167,-1,1621
103.618781,30.994105,-1,1622
104.236143,30.646558,5,1623
103.498395,30.569082,94,1624
103.888521,30.556928,259,1625
104.111929,31.075976,279,1626
103.897272,30.836267,280,1627
103.861425,30.445488,82,1628
104.047268,30.42751,187,1629
104.219043,30.655257,55,1630
103.936401,30.613772,30,1631
104.023064,30.428918,-1,1632
104.29619,30.994085,164,1633
103.93782,30.619008,253,1634
103.895701,30.666133,207,1635
103.893048,30.447286,221,1636
104.489574,30.49387,23,1637
103.690557,30.415951,-1,1638
104.537045,30.365719,202,1639
103.678257,31.029726,72,1640
104.529378,31.863659,-1,1641
103.448915,30.483788,-1,1642
104.580056,30.368277,-1,1643
103.965595,30.310322,137,1644
104.099549,30.46687,83,1645
104.501878,30.354382,193,1646
104.030022,30.662638,-1,1647
103.752898,30.491071,-1,1648
103.951672,30.354673,-1,1649
103.701768,30.602376,2,1650
103.973666,30.578719,-1,1651
104.025448,29.137494,-1,1652
103.897575,30.836237,280,1653
104.15271,30.781832,239,1654
104.577737,30.7303,-1,1655
104.318583,30.861146,106,1656
103.69613,30.407927,-1,1657
103.713475,30.527194,134,1658
104.469582,30.599492,-1,1659
103.636698,30.485098,-1,1660
103.994719,30.480241,-1,1661
104.070918,30.727299,19,1662
103.876166,30.500862,247,1663
104.35436,30.43591,191,1664
104.001561,30.127794,256,1665
103.533015,30.693929,208,1666
104.297605,31.03504,-1,1667
103.592298,31.016154,-1,1668
104.533609,29.759931,281,1669
103.820812,30.741661,-1,1670
103.654955,30.92702,50,1671
104.237833,30.65288,13,1672
103.895722,30.841845,-1,1673
103.897123,30.836484,280,1674
104.225209,30.638685,282,1675
103.680809,30.948102,-1,1676
103.82814,31.280079,-1,1677
103.494083,30.753391,-1,1678
104.0935,30.580982,92,1679
103.943531,30.507788,117,1680
103.674256,29.779616,-1,1681
103.829639,31.273526,-1,1682
104.198338,30.581857,114,1683
104.249509,30.774455,-1,1684
104.059766,30.650601,-1,1685
104.188302,30.686435,-1,1686
103.96982,30.981571,86,1687
103.895701,30.666133,207,1688
103.47309,30.388119,-1,1689
104.291998,30.812826,-1,1690
104.079921,30.771896,-1,1691
103.897329,30.836448,280,1692
103.689846,31.045791,-1,1693
103.721899,30.608504,-1,1694
104.07047,30.72639,19,1695
104.462719,31.057261,-1,1696
103.921008,30.702911,199,1697
104.487898,30.493141,23,1698
104.235821,30.64627,5,1699
104.11041,30.617784,-1,1700
104.215074,30.582698,10,1701
104.317306,30.302504,-1,1702
103.682138,31.027734,-1,1703
104.098558,30.885248,60,1704
103.883081,30.665943,152,1705
104.056111,30.847931,88,1706
103.459715,30.746881,132,1707
104.326366,30.860258,64,1708
104.215074,30.582698,10,1709
104.39013,30.337895,-1,1710
104.174999,30.715352,36,1711
103.902706,30.658399,146,1712
104.254848,30.858957,80,1713
103.64325,30.470046,186,1714
103.937595,30.613737,30,1715
103.712263,30.322575,-1,1716
103.974524,30.795943,-1,1717
103.887947,30.556262,259,1718
104.255878,30.531407,283,1719
104.36758,30.434813,-1,1720
103.981595,30.785245,121,1721
103.961342,30.64492,-1,1722
103.478661,30.427923,284,1723
103.687542,30.617061,-1,1724
104.145846,30.052085,-1,1725
103.705542,30.404604,-1,1726
104.025448,29.137494,-1,1727
104.393725,30.824071,-1,1728
104.498658,30.428143,285,1729
104.32419,30.343494,75,1730
103.701401,30.602659,2,1731
104.069988,30.768585,28,1732
103.077252,30.507639,-1,1733
104.392817,30.283438,235,1734
104.339749,30.459748,-1,1735
104.070747,30.727097,19,1736
103.99475,30.612178,156,1737
104.667618,30.069697,-1,1738
104.145867,30.707061,-1,1739
104.16833,30.741692,11,1740
103.91254,30.824758,138,1741
103.720931,31.201753,-1,1742
104.144501,30.813327,40,1743
104.326516,30.860042,64,1744
103.485349,31.063297,-1,1745
104.227883,30.781118,-1,1746
103.83686,31.282449,-1,1747
103.969347,30.366375,99,1748
104.522066,30.429736,149,1749
104.552022,30.716183,-1,1750
104.254256,30.855953,-1,1751
104.242923,30.645619,65,1752
104.008284,30.718941,286,1753
103.847724,30.493753,-1,1754
104.093599,30.581049,92,1755
104.10504,30.812657,-1,1756
103.959913,30.517617,115,1757
104.573897,30.350015,-1,1758
104.372032,30.965869,-1,1759
104.221181,30.638631,0,1760
104.111687,30.571778,-1,1761
104.302391,30.873993,-1,1762
103.498595,30.568966,94,1763
104.203802,30.725976,63,1764
103.937676,30.614238,30,1765
103.89304,30.447249,221,1766
103.816125,30.570628,-1,1767
104.306223,31.019415,-1,1768
104.073653,30.444648,-1,1769
103.971205,30.65065,46,1770
104.101173,30.426465,-1,1771
104.041792,30.248677,254,1772
103.671363,30.332803,287,1773
103.840178,30.359672,288,1774
104.58116,30.330159,-1,1775
104.052973,30.652484,-1,1776
104.0788,30.373994,-1,1777
104.075669,30.239022,119,1778
104.220808,30.638881,0,1779
104.397593,30.757877,-1,1780
104.22114,30.638898,0,1781
103.348854,30.366167,-1,1782
104.516038,30.391372,-1,1783
103.969004,30.36644,99,1784
104.061813,30.270921,-1,1785
103.969121,30.366377,99,1786
103.673851,31.968935,-1,1787
104.190994,30.662602,89,1788
103.833017,30.421559,-1,1789
103.876257,30.491482,184,1790
104.203696,30.726021,63,1791
104.497881,30.450864,-1,1792
104.584748,30.355122,190,1793
104.119974,30.762758,-1,1794
103.888201,30.55628,259,1795
103.923646,30.7169,18,1796
103.383289,30.732142,136,1797
103.525268,31.40054,-1,1798
104.168682,30.741594,11,1799
104.106409,30.740591,289,1800
103.875401,30.48067,180,1801
103.976474,30.562083,-1,1802
103.699856,30.523176,-1,1803
104.548119,30.712306,-1,1804
102.64938,30.917082,-1,1805
103.953715,30.738304,-1,1806
103.886735,30.528299,198,1807
103.962053,30.934999,-1,1808
104.332268,30.355695,-1,1809
104.217478,30.572298,87,1810
104.026127,30.909273,-1,1811
103.453722,30.47236,-1,1812
104.114506,30.750306,241,1813
103.661594,30.960971,3,1814
104.539381,31.859447,104,1815
104.125368,30.769441,35,1816
104.466121,30.343953,-1,1817
104.62284,30.896279,-1,1818
104.244264,30.548911,-1,1819
103.125058,30.092511,-1,1820
103.878794,30.19819,109,1821
104.077654,30.794648,-1,1822
104.166802,30.659226,-1,1823
104.400372,30.996904,-1,1824
104.227849,30.78094,-1,1825
104.008783,30.59067,142,1826
103.662751,30.970865,290,1827
104.991134,29.542969,166,1828
104.042939,30.583034,-1,1829
104.142952,30.82842,-1,1830
104.23454,30.646146,5,1831
104.204275,30.74012,214,1832
104.23531,30.646754,5,1833
104.112419,30.753067,238,1834
103.973338,30.796462,-1,1835
104.54784,30.717811,-1,1836
104.50161,30.354605,193,1837
103.92668,30.946991,240,1838
103.969217,30.36643,99,1839
104.251506,30.573884,-1,1840
104.168017,30.659509,-1,1841
103.912573,30.630927,182,1842
104.522865,30.435957,-1,1843
103.939824,30.617792,196,1844
103.932295,30.547824,-1,1845
104.115587,30.378459,231,1846
104.171106,30.615413,165,1847
103.679606,30.301149,-1,1848
104.271033,30.960313,-1,1849
104.047359,30.426575,187,1850
103.876663,30.467635,-1,1851
103.813298,30.632842,26,1852
104.170583,30.615367,165,1853
103.970369,30.650044,46,1854
104.183492,30.48632,291,1855
103.704816,30.523831,-1,1856
104.246133,30.710881,-1,1857
103.554321,30.607443,-1,1858
103.781277,30.069878,-1,1859
103.891466,30.409736,257,1860
103.92668,30.946991,240,1861
103.903928,31.002499,-1,1862
103.802359,30.454866,32,1863
104.070759,30.726503,19,1864
104.269104,30.578842,292,1865
103.84686,30.438616,153,1866
104.595776,31.769287,-1,1867
104.31668,30.951512,-1,1868
104.019127,29.138972,-1,1869
104.162189,30.685553,-1,1870
103.883304,30.665904,152,1871
103.81811,31.256911,-1,1872
104.473284,30.34467,324,1873
104.42847,31.149692,293,1874
103.453997,30.366937,-1,1875
104.10666,30.756284,-1,1876
104.561749,30.394755,-1,1877
104.066893,30.487005,-1,1878
103.796528,31.237487,178,1879
104.476138,30.348494,-1,1880
103.824203,30.422811,-1,1881
103.855903,30.334716,-1,1882
104.125529,30.76922,35,1883
104.168832,30.741354,11,1884
104.262322,31.003914,-1,1885
104.32059,30.281109,-1,1886
104.061737,30.419032,95,1887
104.203716,30.726015,63,1888
103.701464,30.602714,2,1889
104.242933,30.645647,65,1890
104.145028,30.588656,-1,1891
104.539541,30.662387,-1,1892
104.753974,30.885844,-1,1893
104.077503,30.598331,-1,1894
103.653193,30.9205,294,1895
104.095762,30.790378,-1,1896
104.379415,30.292014,-1,1897
104.312609,30.289534,-1,1898
104.034127,30.510618,-1,1899
104.226221,30.525516,76,1900
103.943387,30.507672,117,1901
104.173083,30.484704,66,1902
104.327487,30.402419,-1,1903
104.24294,30.645582,65,1904
104.183329,30.710617,69,1905
103.462643,30.386537,-1,1906
103.826712,29.979991,-1,1907
103.875867,30.480069,180,1908
103.459993,30.746869,132,1909
103.566385,30.776889,-1,1910
103.941443,30.585153,-1,1911
103.878594,30.198166,109,1912
103.970779,30.65034,46,1913
103.914204,30.675614,201,1914
103.781878,30.675455,-1,1915
103.901711,30.834495,90,1916
103.905401,30.810501,269,1917
104.2449,30.645734,65,1918
104.245201,30.553548,6,1919
103.70981,30.394812,295,1920
104.224491,30.67523,204,1921
104.012444,30.638178,-1,1922
103.968313,30.98162,-1,1923
104.598621,30.701222,-1,1924
104.14658,30.40564,-1,1925
104.227904,30.781191,-1,1926
104.107927,30.4206,162,1927
103.661318,30.961151,3,1928
104.2624,30.851191,-1,1929
103.662896,30.970998,290,1930
103.940298,30.614218,96,1931
103.489803,30.18471,-1,1932
103.497148,30.546016,296,1933
104.32808,30.345886,-1,1934
103.800351,31.16619,326,1935
103.880308,30.404324,159,1936
104.117492,30.537841,-1,1937
104.380211,31.009577,-1,1938
104.006077,30.591884,144,1939
104.055919,30.763253,245,1940
104.096233,30.544109,297,1941
104.191862,30.789929,-1,1942
103.818562,30.797154,93,1943
103.741019,30.631756,-1,1944
104.162475,30.557086,298,1945
103.937628,30.618923,253,1946
104.249654,30.573359,-1,1947
104.111548,30.575504,-1,1948
104.170804,30.614962,165,1949
103.738204,30.358558,-1,1950
104.235462,30.646636,5,1951
104.390186,30.33271,-1,1952
104.118271,30.756652,8,1953
103.840178,30.359672,288,1954
103.280375,30.165802,-1,1955
104.244997,30.645434,65,1956
104.378413,30.282913,-1,1957
103.49723,30.54602,296,1958
104.018783,31.394212,-1,1959
103.570932,30.524372,-1,1960
104.333942,30.644366,-1,1961
104.117117,30.537785,-1,1962
104.472984,30.494051,-1,1963
103.921234,30.703088,199,1964
103.684183,31.013762,-1,1965
104.170717,30.635266,181,1966
103.779956,30.403153,-1,1967
103.696175,30.39625,299,1968
104.105114,30.464083,-1,1969
103.460453,30.747016,132,1970
103.113444,30.096532,-1,1971
103.800642,30.611674,-1,1972
104.50842,30.354316,300,1973
104.220963,30.834957,-1,1974
103.418466,30.337534,-1,1975
103.676463,30.899648,-1,1976
103.887068,30.528598,198,1977
104.454621,30.459684,-1,1978
104.164989,30.658812,15,1979
104.590882,30.388373,-1,1980
103.324823,29.2542,-1,1981
104.20346,30.726301,63,1982
103.902106,30.658415,146,1983
103.91254,30.824848,138,1984
103.867135,30.534933,301,1985
104.061736,30.751957,-1,1986
104.234445,30.860109,313,1987
104.326564,30.860127,64,1988
103.635057,30.95224,-1,1989
103.833736,30.635242,-1,1990
104.121361,30.539728,228,1991
104.215059,30.582714,10,1992
103.91314,30.631024,182,1993
103.90245,30.658365,146,1994
103.859433,30.827356,120,1995
104.177964,30.718961,79,1996
104.097143,30.518588,-1,1997
104.537444,30.365786,202,1998
104.394407,30.350115,175,1999
103.909907,30.544448,9,2000
104.166802,30.659226,-1,2001
104.175198,30.719033,-1,2002
104.112645,30.832972,-1,2003
103.890624,30.478685,237,2004
103.846708,30.437784,153,2005
104.766149,29.762209,-1,2006
103.702017,30.852844,-1,2007
104.138339,30.610994,113,2008
104.198578,30.58197,114,2009
103.957233,30.647389,29,2010
103.902818,30.658407,146,2011
103.796744,31.034337,-1,2012
103.932675,29.138165,-1,2013
103.816122,30.486067,-1,2014
104.157345,30.64821,-1,2015
104.309287,30.865633,34,2016
104.149264,30.622446,17,2017
103.835906,30.847674,-1,2018
103.952333,30.428188,133,2019
104.07707,30.684594,-1,2020
103.893301,30.513774,84,2021
104.690074,30.32549,-1,2022
103.70166,30.60269,2,2023
103.727754,30.558862,-1,2024
103.783403,30.643528,-1,2025
103.867053,30.312078,-1,2026
104.195627,30.683104,-1,2027
103.974524,30.795943,-1,2028
104.118639,30.757846,8,2029
104.195703,30.588584,-1,2030
103.402595,30.739733,-1,2031
103.86615,30.304531,-1,2032
104.027486,31.354497,-1,2033
104.253116,30.773876,-1,2034
104.145955,30.707191,-1,2035
104.521485,30.429659,149,2036
103.461781,30.748822,-1,2037
104.081587,30.521419,-1,2038
104.34767,30.734417,-1,2039
104.093631,30.58094,92,2040
103.814079,30.633056,26,2041
104.24262,30.650418,7,2042
103.830444,31.280923,-1,2043
104.223421,30.544057,-1,2044
104.177972,30.719157,79,2045
104.026173,30.760016,-1,2046
104.282977,29.622661,-1,2047
104.112438,30.753023,238,2048
104.391666,30.300007,54,2049
104.195627,30.683104,-1,2050
103.088533,29.973567,-1,2051
104.166682,30.636629,-1,2052
104.154049,30.725932,-1,2053
104.210597,30.526079,-1,2054
104.155283,30.822861,-1,2055
104.050678,30.749991,276,2056
103.452596,30.475029,27,2057
104.170889,30.61514,165,2058
103.78482,30.88648,-1,2059
103.450433,30.468266,-1,2060
103.994877,30.612306,156,2061
103.859907,31.065489,-1,2062
103.82613,31.158458,-1,2063
103.937459,30.613355,30,2064
104.16875,30.74131,11,2065
104.069948,30.768529,28,2066
104.187661,30.590493,-1,2067
104.315646,30.303025,39,2068
103.94219,30.847693,302,2069
104.3117,30.29886,303,2070
104.03698,30.646822,-1,2071
103.865818,30.675327,-1,2072
104.286064,30.679194,-1,2073
104.238029,30.653028,13,2074
103.595366,30.939212,-1,2075
104.221089,30.638634,0,2076
104.179573,30.619497,304,2077
103.818834,30.854903,-1,2078
103.813739,30.632811,26,2079
104.256381,30.85735,-1,2080
103.677707,30.339034,102,2081
104.003871,30.606395,111,2082
104.242572,30.651035,7,2083
104.121041,30.502388,249,2084
103.626314,30.872949,-1,2085
104.049801,30.476701,45,2086
104.208201,30.524422,266,2087
103.505826,30.558976,49,2088
104.224786,30.794101,53,2089
104.51146,30.354637,-1,2090
103.729587,31.018409,-1,2091
104.22407,30.566353,157,2092
103.770675,30.398609,305,2093
103.959711,30.517177,115,2094
103.876005,31.066647,-1,2095
104.43857,30.72984,-1,2096
104.235094,30.64612,5,2097
104.04854,30.683635,-1,2098
104.036298,30.489326,-1,2099
103.993775,30.564947,-1,2100
103.860892,30.445215,82,2101
104.203305,30.726053,63,2102
104.278268,31.127236,-1,2103
104.093599,30.581049,92,2104
104.583318,30.340204,-1,2105
103.505598,30.559109,49,2106
104.235879,30.646426,5,2107
103.877331,30.572595,-1,2108
103.856435,30.647253,-1,2109
103.612595,30.652679,-1,2110
103.674256,29.779616,-1,2111
104.093892,30.580862,92,2112
103.941111,30.926838,-1,2113
104.538794,30.723985,-1,2114
103.940017,30.614217,96,2115
103.883701,30.665965,152,2116
104.415373,30.880839,-1,2117
103.640312,30.963812,-1,2118
104.21418,30.65165,185,2119
104.326052,30.896436,-1,2120
103.463281,30.749129,-1,2121
104.204278,30.74012,214,2122
104.680471,30.051168,-1,2123
103.696811,29.226949,-1,2124
103.480769,30.763485,-1,2125
103.793121,31.238907,-1,2126
103.903226,30.658389,146,2127
103.902242,30.834827,90,2128
103.95222,30.427908,133,2129
103.671907,30.317228,108,2130
104.226091,30.525043,76,2131
103.967501,30.5859,251,2132
104.072961,30.718636,103,2133
104.214801,30.648501,-1,2134
103.465599,30.438008,59,2135
103.220945,30.380223,-1,2136
104.763703,30.409344,-1,2137
103.4973,30.567305,-1,2138
104.172944,30.484093,66,2139
103.969183,30.36657,99,2140
103.861226,30.803806,212,2141
104.320321,30.278131,105,2142
103.893012,30.447309,221,2143
104.195763,30.858876,210,2144
104.138359,30.611396,113,2145
103.952246,30.796107,243,2146
104.242811,30.650605,7,2147
103.604291,30.827159,-1,2148
104.043716,30.446302,51,2149
104.973683,29.870369,123,2150
103.807536,29.677951,-1,2151
103.75375,30.395199,-1,2152
104.35221,30.768236,-1,2153
104.209999,30.724869,-1,2154
104.226313,30.791664,53,2155
104.22489,30.782996,-1,2156
104.03656,30.296959,306,2157
104.183684,29.975875,-1,2158
103.908457,30.542717,9,2159
104.522203,30.429889,149,2160
104.002355,30.485405,194,2161
104.566352,30.37151,163,2162
103.909101,30.883329,-1,2163
103.915715,30.993341,-1,2164
104.242465,30.6505,7,2165
104.315823,30.301991,39,2166
104.006158,30.233977,307,2167
104.049403,31.247875,-1,2168
104.050845,30.475997,45,2169
104.084714,30.455444,-1,2170
104.489527,30.493846,23,2171
103.611492,30.836239,-1,2172
103.981379,30.785062,121,2173
104.116199,30.755925,-1,2174
104.386261,30.487654,-1,2175
104.101384,30.53399,-1,2176
104.393107,30.301848,-1,2177
103.936165,30.905649,62,2178
104.489472,30.493698,23,2179
103.701641,30.602425,2,2180
104.157904,30.692187,206,2181
103.866736,30.312186,-1,2182
104.045692,30.445849,51,2183
104.394511,30.896277,-1,2184
103.914826,30.630925,127,2185
103.958294,30.722663,-1,2186
103.807536,29.677951,-1,2187
103.940591,30.614175,96,2188
103.91713,30.683614,147,2189
104.146574,30.598897,-1,2190
104.260664,30.954228,-1,2191
103.84125,30.337268,-1,2192
104.213699,30.745022,-1,2193
103.561075,30.748678,143,2194
103.678085,31.029727,72,2195
104.006677,30.523229,-1,2196
104.047261,30.428496,187,2197
104.075381,30.238888,119,2198
103.768182,31.185732,-1,2199
104.237371,30.65319,13,2200
103.878794,30.19819,109,2201
103.976856,30.653154,12,2202
102.480609,29.997855,-1,2203
104.125403,30.769422,35,2204
104.0367,30.147992,145,2205
104.007811,31.204805,-1,2206
104.109493,30.560604,-1,2207
103.464806,30.452682,176,2208
103.655191,30.61283,-1,2209
103.988299,30.45915,-1,2210
103.861714,31.157975,-1,2211
103.936328,30.905321,62,2212
104.120094,30.773152,70,2213
104.144501,30.813327,40,2214
103.754253,30.555157,-1,2215
103.601001,30.994043,-1,2216
104.668847,30.087832,-1,2217
103.581045,31.02545,-1,2218
104.165866,30.712765,91,2219
104.031716,30.321474,-1,2220
103.70167,30.602571,2,2221
103.947792,30.010901,-1,2222
104.25497,30.529089,-1,2223
104.006059,30.522439,-1,2224
104.164606,30.658958,15,2225
103.474688,30.431615,-1,2226
104.201567,30.739804,150,2227
103.942246,30.847677,302,2228
104.521684,30.417722,-1,2229
103.966527,30.626067,-1,2230
104.226126,30.525263,76,2231
103.418466,30.337534,-1,2232
103.661123,30.961155,3,2233
104.120752,30.292132,-1,2234
104.457619,30.855763,-1,2235
103.896705,30.666605,207,2236
104.357571,30.660811,-1,2237
104.492845,30.32187,-1,2238
104.378062,30.313279,308,2239
104.237449,30.65301,13,2240
103.911601,30.798439,246,2241
104.17048,30.659719,140,2242
104.096226,30.541539,107,2243
103.87453,30.417285,192,2244
104.161079,30.600796,167,2245
103.93044,30.957821,-1,2246
103.714497,30.343751,-1,2247
103.790408,29.636199,-1,2248
104.222055,30.834892,-1,2249
104.0367,30.147992,145,2250
103.947089,31.0199,-1,2251
104.20373,30.726134,63,2252
104.426707,30.980056,-1,2253
104.242587,30.650974,7,2254
103.969363,30.366384,99,2255
104.001834,30.128261,256,2256
104.227037,30.789121,-1,2257
103.912666,30.824826,138,2258
103.976294,30.652802,12,2259
104.106511,30.740629,289,2260
104.118695,30.757226,8,2261
103.802214,31.243583,-1,2262
103.887734,30.660823,250,2263
103.705111,30.841434,-1,2264
103.937568,30.619353,253,2265
104.530241,30.635767,-1,2266
104.199043,30.51043,170,2267
104.559423,30.727843,-1,2268
103.642624,30.942562,209,2269
104.393548,30.300308,-1,2270
104.04417,30.445935,51,2271
104.041405,30.593212,81,2272
104.178758,30.78305,14,2273
104.011569,30.590937,-1,2274
104.075565,30.238738,119,2275
103.958229,30.722606,-1,2276
103.942041,30.279597,-1,2277
104.214395,30.65173,185,2278
103.887702,30.660997,250,2279
104.185437,30.684367,309,2280
104.185173,30.684263,309,2281
103.95975,30.544338,-1,2282
103.956792,30.030721,310,2283
104.118351,30.757652,8,2284
104.537844,30.72397,-1,2285
103.883161,30.665793,152,2286
104.164383,30.658772,15,2287
104.391845,30.299893,54,2288
104.04244,30.19926,311,2289
104.215059,30.582698,10,2290
103.498378,30.550582,-1,2291
103.807536,29.677951,-1,2292
103.819113,30.79731,93,2293
103.788398,31.035906,-1,2294
103.973372,31.031233,341,2295
103.935221,30.905404,62,2296
104.536938,30.397289,-1,2297
103.977695,30.688138,24,2298
104.001575,29.125562,-1,2299
103.938157,30.616421,234,2300
103.947072,31.019932,-1,2301
104.188631,30.731806,-1,2302
103.850985,30.367911,-1,2303
103.937307,30.61916,253,2304
103.93558,30.905548,62,2305
103.83042,31.157157,-1,2306
104.584574,30.339935,-1,2307
104.070755,30.726499,19,2308
104.550266,29.499053,-1,2309
104.152713,30.781615,239,2310
103.860133,30.837292,277,2311
103.974868,30.606541,-1,2312
104.046648,30.42746,187,2313
104.52986,31.386673,-1,2314
103.677338,30.339073,102,2315
104.193582,31.029078,-1,2316
103.720662,30.564284,-1,2317
104.176801,30.771163,-1,2318
103.873378,30.828935,-1,2319
104.164468,30.658671,15,2320
103.406671,31.059392,-1,2321
103.619671,30.398767,-1,2322
104.235374,30.64617,5,2323
104.118695,30.757226,8,2324
103.947737,30.01054,-1,2325
104.272827,30.326258,-1,2326
103.444431,30.419032,-1,2327
103.943027,30.3371,-1,2328
104.220784,30.638744,0,2329
104.574447,30.603316,-1,2330
103.987022,30.750823,-1,2331
103.929475,30.941226,-1,2332
103.889684,30.383698,312,2333
104.236421,30.646954,5,2334
103.851301,30.437129,130,2335
104.108369,30.464175,278,2336
104.234905,30.860945,313,2337
103.794352,30.4413,314,2338
104.092503,30.581885,92,2339
103.880059,30.620343,-1,2340
104.179037,30.783049,14,2341
103.704458,30.655497,-1,2342
104.238125,30.653174,13,2343
104.22645,30.80282,-1,2344
103.886837,30.820299,197,2345
103.861425,30.445488,82,2346
103.735849,30.3354,-1,2347
103.903226,30.658389,146,2348
103.843483,30.673401,-1,2349
104.208105,30.524369,266,2350
103.859567,31.066557,-1,2351
103.997986,30.757514,260,2352
104.04162,30.529795,-1,2353
104.067004,30.633733,-1,2354
104.170906,30.6153,165,2355
104.209243,30.606447,-1,2356
103.503739,30.558437,-1,2357
103.840423,30.359774,288,2358
103.902698,30.658317,146,2359
104.203508,30.726068,63,2360
104.089931,30.462886,-1,2361
104.177465,30.718712,79,2362
104.069826,30.759396,-1,2363
103.917522,30.684412,147,2364
103.46603,30.438207,59,2365
103.471582,30.757077,-1,2366
103.940213,30.614285,96,2367
104.226313,30.791664,53,2368
104.185774,30.719394,16,2369
104.046838,30.428275,187,2370
103.854993,31.293566,-1,2371
104.255564,30.531017,283,2372
104.112162,30.452171,-1,2373
104.006672,30.592353,144,2374
104.008318,30.231239,-1,2375
104.175255,30.66433,195,2376
104.215697,30.610211,-1,2377
103.963925,30.615294,135,2378
103.452676,30.475029,27,2379
103.893087,30.447441,221,2380
104.220908,30.638868,0,2381
103.823589,30.422582,-1,2382
103.983734,30.65132,-1,2383
103.938309,30.616389,234,2384
103.912763,30.824776,138,2385
103.807036,30.96771,-1,2386
104.268661,30.578804,292,2387
104.112442,30.752984,238,2388
104.17062,30.659762,140,2389
103.902874,30.658503,146,2390
103.899289,30.370597,-1,2391
103.936053,30.9053,62,2392
103.859149,30.827399,120,2393
103.788398,31.035906,-1,2394
104.118663,30.757608,8,2395
104.069881,30.768531,28,2396
103.916453,30.369565,42,2397
104.556027,30.353409,126,2398
104.079077,30.818192,315,2399
104.505934,30.353038,262,2400
104.038616,30.6617,-1,2401
104.202118,30.734809,-1,2402
104.224963,30.794022,53,2403
104.115365,30.417377,100,2404
103.665088,30.643845,-1,2405
104.164341,30.658497,15,2406
104.225217,30.6388,282,2407
104.237371,30.65319,13,2408
104.242878,30.650566,7,2409
103.653283,30.847244,-1,2410
104.39444,30.349786,175,2411
103.827527,30.579044,-1,2412
103.65453,30.925882,50,2413
103.973252,31.4162,-1,2414
103.642448,30.942762,209,2415
104.181268,30.534398,242,2416
103.924062,30.860288,-1,2417
103.952245,30.428126,133,2418
104.020302,29.13932,222,2419
104.439901,29.476518,-1,2420
104.538934,31.859187,104,2421
104.445879,30.856302,-1,2422
104.007968,30.718818,286,2423
104.081093,30.24346,-1,2424
104.114752,31.074796,-1,2425
103.949072,30.538216,-1,2426
104.454276,30.489489,-1,2427
104.036523,30.296684,306,2428
104.164627,30.452736,-1,2429
104.18946,31.005055,-1,2430
103.770643,30.398475,305,2431
103.933359,31.114197,-1,2432
104.973434,29.871003,123,2433
104.366463,30.306998,-1,2434
103.718519,30.614688,-1,2435
104.753974,30.885844,-1,2436
103.760151,30.665354,-1,2437
104.52353,30.477897,-1,2438
103.94355,30.498978,154,2439
104.111929,31.075976,279,2440
103.549551,30.211095,-1,2441
104.106669,30.487905,-1,2442
104.074026,30.714941,118,2443
103.903928,31.002499,-1,2444
104.343479,31.082768,-1,2445
104.091448,30.809453,-1,2446
103.724464,30.884819,-1,2447
104.354321,30.435801,191,2448
104.800312,30.152649,-1,2449
103.82063,31.158224,-1,2450
104.112064,30.752833,238,2451
104.20348,30.726293,63,2452
104.224183,30.674947,204,2453
104.634507,30.406965,-1,2454
104.223555,30.794441,53,2455
104.083474,30.644313,-1,2456
104.073107,30.718682,103,2457
103.483933,31.332618,-1,2458
104.090967,30.559804,233,2459
104.465403,30.866567,-1,2460
104.080007,30.512541,-1,2461
104.073731,30.718556,103,2462
103.915758,30.419816,-1,2463
104.474374,30.344998,324,2464
104.01151,30.587466,-1,2465
104.39513,30.896028,-1,2466
104.171017,30.615237,165,2467
104.595518,31.769207,-1,2468
103.646799,30.934596,-1,2469
103.942191,30.279681,-1,2470
104.001561,30.127794,256,2471
103.902317,30.834172,90,2472
104.06063,31.245491,-1,2473
103.886836,30.820448,197,2474
104.008841,30.590564,142,2475
104.296063,30.9936,164,2476
103.737843,30.512155,271,2477
103.920894,30.967336,-1,2478
103.935731,30.905485,62,2479
103.535024,30.589738,-1,2480
103.713896,30.527073,134,2481
104.183202,30.710537,69,2482
104.082623,31.287639,-1,2483
104.204623,30.730778,227,2484
103.908737,30.543378,9,2485
104.179884,30.619337,304,2486
104.401397,30.997088,-1,2487
104.177265,30.718845,79,2488
103.642096,31.013325,-1,2489
104.226107,30.8025,-1,2490
102.632773,31.869627,-1,2491
104.080892,30.244262,-1,2492
104.501319,30.355319,193,2493
103.660907,30.961204,3,2494
103.939608,30.617317,196,2495
104.070755,30.726499,19,2496
104.495974,30.417935,-1,2497
103.498168,30.71775,-1,2498
103.932289,30.794275,-1,2499
103.525337,30.748035,-1,2500
104.235879,30.646426,5,2501
103.889436,30.817307,-1,2502
104.101852,30.534933,-1,2503
104.393171,30.283638,235,2504
103.8125,30.571753,-1,2505
104.177044,30.718602,79,2506
104.052098,30.487256,-1,2507
104.115186,30.610045,-1,2508
103.790097,29.636866,-1,2509
103.7642,31.202386,-1,2510
104.112711,30.75281,238,2511
103.851004,30.437238,130,2512
104.165463,30.65902,15,2513
104.377742,30.313413,308,2514
104.39307,30.283516,235,2515
104.201102,30.733807,244,2516
103.883296,30.665939,152,2517
103.48797,30.422752,-1,2518
104.0939,30.581019,92,2519
103.832734,31.162669,-1,2520
103.893271,30.513348,84,2521
104.3901,31.063237,-1,2522
104.218135,30.585994,-1,2523
104.08606,30.456744,131,2524
103.629832,30.512454,-1,2525
103.907802,30.882851,-1,2526
104.38895,30.298233,-1,2527
104.530604,30.433188,-1,2528
103.824025,30.642806,-1,2529
104.040901,30.593458,81,2530
103.837929,30.356424,160,2531
103.967209,30.648435,58,2532
103.970802,30.65039,46,2533
104.066124,30.372621,316,2534
104.20366,30.726015,63,2535
104.183323,30.620829,-1,2536
104.125485,30.769638,35,2537
103.460288,30.746901,132,2538
104.498634,30.428243,285,2539
103.908374,30.543238,9,2540
103.952437,30.427738,133,2541
104.118791,30.757624,8,2542
103.860879,30.445143,82,2543
104.36464,30.996556,-1,2544
104.242923,30.645739,65,2545
104.028806,30.551311,-1,2546
104.146503,31.60704,-1,2547
104.046638,30.427527,187,2548
104.070759,30.726503,19,2549
103.803222,30.496049,-1,2550
104.148031,30.718083,-1,2551
104.487298,30.459316,31,2552
103.809983,30.630619,26,2553
103.832394,30.619326,-1,2554
103.579835,30.757116,-1,2555
104.046977,30.428379,187,2556
104.391585,30.299957,54,2557
104.348742,31.050149,-1,2558
103.682299,31.027689,-1,2559
103.983635,30.610589,-1,2560
103.712127,30.32254,-1,2561
103.896731,30.666553,207,2562
104.539411,30.425692,-1,2563
104.97308,29.870568,123,2564
104.224957,30.638746,282,2565
103.497316,30.567339,-1,2566
103.855873,31.70361,-1,2567
104.203691,30.726029,63,2568
104.222261,30.675856,204,2569
104.112362,30.753148,238,2570
104.886301,29.756982,-1,2571
103.631675,30.954252,-1,2572
104.296183,30.993824,164,2573
103.895706,30.842037,-1,2574
104.112458,30.753102,238,2575
104.118942,30.469041,-1,2576
103.936411,30.613831,30,2577
103.890186,30.479173,237,2578
104.422472,30.474335,223,2579
104.048936,30.477193,45,2580
104.041179,30.59352,81,2581
104.006387,30.515942,-1,2582
103.760658,30.665199,-1,2583
103.533563,30.57342,-1,2584
104.20285,30.725846,63,2585
103.902703,30.53888,-1,2586
104.379487,30.292312,-1,2587
103.937556,30.618989,253,2588
103.368234,30.28612,-1,2589
104.091113,30.55979,233,2590
104.115284,30.752941,-1,2591
104.610701,31.298374,-1,2592
104.080528,30.688892,-1,2593
104.042985,30.447609,51,2594
103.893083,30.447327,221,2595
103.612304,30.519569,-1,2596
103.936087,30.916784,-1,2597
104.160482,30.643567,317,2598
104.003913,30.606188,111,2599
103.43326,30.39711,-1,2600
104.497732,30.465851,-1,2601
104.298088,30.390278,-1,2602
104.258976,30.925767,-1,2603
104.990742,29.542557,166,2604
104.456138,30.855968,-1,2605
104.166802,30.659226,-1,2606
103.870555,30.47715,-1,2607
104.353666,30.99622,318,2608
104.22114,30.638898,0,2609
104.1917,31.033061,-1,2610
103.561024,30.748613,143,2611
104.225231,30.672228,-1,2612
104.096302,30.541305,107,2613
103.61755,30.978023,-1,2614
104.235254,30.646652,5,2615
104.032401,30.738888,-1,2616
104.204278,30.74012,214,2617
104.49397,30.323289,-1,2618
104.877298,30.285968,-1,2619
104.135649,30.805836,112,2620
103.603147,30.980999,-1,2621
103.583909,30.376662,-1,2622
103.904772,30.353531,-1,2623
103.824237,30.422813,-1,2624
103.6429,30.635753,-1,2625
104.203747,30.726025,63,2626
103.643455,30.470112,186,2627
104.109297,31.020945,-1,2628
104.312354,30.874783,-1,2629
104.112571,30.752663,238,2630
103.760226,30.665382,-1,2631
103.942091,30.279746,-1,2632
104.642909,30.676317,-1,2633
104.47219,30.338035,-1,2634
103.843939,31.14341,-1,2635
104.164776,30.452829,-1,2636
104.051607,30.757737,-1,2637
104.004536,30.592663,37,2638
103.828329,30.660637,-1,2639
103.82047,31.157992,-1,2640
103.810479,30.631977,26,2641
104.112064,30.752833,238,2642
103.901158,30.834673,90,2643
104.067069,30.494512,-1,2644
104.152612,30.418209,-1,2645
103.836569,30.466116,-1,2646
103.857826,31.065041,-1,2647
104.238254,30.533604,-1,2648
103.968873,30.656903,-1,2649
103.964696,30.636837,67,2650
103.95218,30.428107,133,2651
103.88568,31.028428,-1,2652
103.497455,30.568669,94,2653
103.846987,30.622477,-1,2654
103.823177,30.610248,211,2655
104.032899,30.322189,-1,2656
104.12036,30.773012,70,2657
104.327112,30.306526,230,2658
104.330191,30.901691,-1,2659
103.496973,30.753571,-1,2660
104.242642,30.650291,7,2661
103.934584,30.548615,-1,2662
103.904327,30.370261,-1,2663
104.014026,30.617139,-1,2664
103.701618,30.602659,2,2665
103.742527,30.533782,-1,2666
103.737843,30.512155,271,2667
103.794722,30.441344,314,2668
103.99806,30.25269,-1,2669
104.06043,31.245493,-1,2670
104.326355,30.860241,64,2671
103.967971,30.586298,251,2672
103.696786,30.396362,299,2673
104.120834,30.501553,249,2674
103.532301,31.405014,110,2675
104.00591,31.163684,-1,2676
103.854108,30.639076,-1,2677
103.937776,30.614296,30,2678
103.872556,30.471257,-1,2679
104.39513,30.896028,-1,2680
104.569613,30.350679,-1,2681
103.990834,30.723266,-1,2682
104.023521,30.502001,-1,2683
103.890443,30.973734,-1,2684
104.106935,30.491092,172,2685
103.579782,31.024308,-1,2686
103.983363,30.024234,-1,2687
104.353834,30.435953,191,2688
104.172944,30.484093,66,2689
103.556735,30.744258,-1,2690
104.112386,30.753121,238,2691
104.223775,30.885302,-1,2692
103.802192,30.454934,32,2693
103.497352,30.546117,296,2694
103.983804,30.572478,47,2695
104.315857,30.30302,39,2696
103.660738,30.961322,3,2697
103.902818,30.658407,146,2698
103.921139,30.702923,199,2699
103.680244,30.612111,-1,2700
104.198609,30.582205,114,2701
104.424156,30.392666,-1,2702
103.840245,30.678458,-1,2703
103.974519,30.362801,-1,2704
104.002003,30.884308,124,2705
103.828706,31.280409,-1,2706
104.613085,30.862013,-1,2707
103.880209,30.404395,159,2708
104.185437,30.684367,309,2709
103.67799,30.398376,-1,2710
104.342794,31.057411,-1,2711
103.474743,30.431699,-1,2712
103.924731,30.950195,98,2713
103.812016,30.632443,26,2714
103.322748,30.333446,-1,2715
103.952301,30.428306,133,2716
104.073191,30.718675,103,2717
104.234502,30.646405,5,2718
104.079157,30.81824,315,2719
103.805112,30.431348,-1,2720
104.269414,30.352102,-1,2721
103.969269,30.3664,99,2722
104.077896,30.674703,-1,2723
103.700515,30.653886,-1,2724
104.032254,30.85844,319,2725
103.647832,30.951729,22,2726
104.318671,30.861341,106,2727
103.410517,30.235492,-1,2728
103.977563,30.688586,24,2729
104.09378,30.581036,92,2730
103.729471,31.017747,-1,2731
104.146716,30.405578,-1,2732
103.828238,31.268759,-1,2733
104.046843,30.428315,187,2734
104.222159,30.847198,-1,2735
103.922873,30.716684,18,2736
103.682834,31.028699,-1,2737
103.745202,30.582992,-1,2738
103.819122,30.633915,26,2739
103.922688,31.067628,-1,2740
103.95988,30.517332,115,2741
104.232031,30.639652,97,2742
104.327188,30.307213,230,2743
104.061491,30.418946,95,2744
104.125261,30.769384,35,2745
103.968027,30.586316,251,2746
104.188852,30.792736,-1,2747
103.744153,30.356839,-1,2748
104.164495,30.395149,-1,2749
104.078176,30.684119,-1,2750
103.647873,30.951703,22,2751
103.610372,30.825314,-1,2752
103.976318,30.652834,12,2753
104.164949,30.658416,15,2754
104.308781,30.865473,34,2755
104.019887,30.570064,-1,2756
104.164396,30.659038,15,2757
104.41511,30.243772,141,2758
104.201635,30.739378,150,2759
104.138299,30.610656,113,2760
104.13617,30.801026,-1,2761
104.166274,30.712664,91,2762
104.50842,30.354316,300,2763
104.575976,30.347362,-1,2764
103.824203,30.422811,-1,2765
103.721891,30.608341,-1,2766
103.867159,30.534983,301,2767
103.915714,29.908032,-1,2768
104.25537,30.531154,283,2769
104.131171,30.960821,-1,2770
103.780476,30.407037,-1,2771
103.533116,30.573319,-1,2772
103.459298,30.378589,-1,2773
103.884709,30.388486,273,2774
103.671844,30.332606,287,2775
103.976719,30.653038,12,2776
103.983472,31.06418,-1,2777
103.843974,30.372092,-1,2778
104.008035,30.718785,286,2779
104.132434,30.396055,-1,2780
104.093667,30.581116,92,2781
103.956086,30.998072,-1,2782
104.082913,30.465243,-1,2783
104.103165,30.46922,1,2784
103.415953,31.063694,-1,2785
103.93665,30.614036,30,2786
104.198659,30.430012,-1,2787
104.101265,30.444501,-1,2788
103.93697,30.61327,30,2789
104.115399,30.378513,231,2790
104.030772,30.80794,320,2791
104.188214,30.995284,-1,2792
103.625344,30.931934,-1,2793
103.690014,31.045949,-1,2794
104.183098,30.717395,-1,2795
103.959741,30.517383,115,2796
104.22452,30.67538,204,2797
103.85356,31.062417,-1,2798
104.364929,30.430434,-1,2799
104.190207,30.662426,89,2800
104.243157,30.650418,7,2801
103.742972,30.395572,-1,2802
103.552848,30.530522,171,2803
104.055785,30.84782,88,2804
103.468431,30.43435,-1,2805
104.361755,30.437381,-1,2806
103.594627,31.037031,-1,2807
103.940852,30.85394,-1,2808
103.914226,30.630488,127,2809
103.94889,30.515513,321,2810
104.221043,30.639009,0,2811
104.16459,30.658798,15,2812
103.640312,30.963812,-1,2813
103.937411,30.614821,30,2814
103.621571,30.97074,-1,2815
104.379512,30.291613,-1,2816
104.091822,30.218165,-1,2817
103.573268,31.045483,-1,2818
103.907837,30.8828,-1,2819
104.469822,30.450462,-1,2820
103.970487,30.650158,46,2821
104.07917,30.818214,315,2822
104.528949,31.863741,-1,2823
103.931429,30.957887,-1,2824
103.877331,30.572595,-1,2825
104.324254,30.343428,75,2826
104.366607,30.306898,-1,2827
103.524483,30.200012,-1,2828
104.24262,30.650418,7,2829
104.428486,31.15001,293,2830
104.104386,30.222017,-1,2831
104.195748,30.543296,-1,2832
103.489915,30.184693,-1,2833
104.245592,30.651056,-1,2834
104.115364,31.512534,-1,2835
103.81969,30.665289,-1,2836
104.539926,31.389063,-1,2837
104.449527,30.480634,258,2838
103.937307,30.613321,30,2839
104.187535,30.724353,-1,2840
103.943643,30.499128,154,2841
104.236005,30.64687,5,2842
103.013454,29.824464,-1,2843
104.133625,30.591036,-1,2844
104.479317,30.490511,263,2845
103.823959,30.585221,-1,2846
104.096215,30.544002,297,2847
104.53731,30.365923,202,2848
104.234742,30.646071,5,2849
104.254072,30.859005,80,2850
104.185071,30.718455,16,2851
104.20211,30.726045,63,2852
104.234958,30.64582,5,2853
104.290575,30.88925,-1,2854
104.057973,30.380819,-1,2855
104.235973,30.646531,5,2856
104.242509,30.650693,7,2857
103.977732,30.688526,24,2858
103.981578,30.785234,121,2859
103.676865,30.906306,-1,2860
104.133955,30.892765,-1,2861
104.075988,30.636381,-1,2862
103.877051,30.562525,-1,2863
103.989778,30.671904,-1,2864
103.893238,30.513732,84,2865
103.994719,30.480241,-1,2866
104.174595,30.715239,36,2867
103.8995,31.007604,-1,2868
103.701602,30.602512,2,2869
103.780733,29.443823,-1,2870
104.136555,30.712919,-1,2871
104.203747,30.726025,63,2872
104.078476,30.598243,-1,2873
103.875354,30.830736,-1,2874
103.909403,30.838106,-1,2875
103.920907,30.702848,199,2876
103.855903,30.334716,-1,2877
104.183822,30.710306,69,2878
104.178651,30.78306,14,2879
104.227092,30.789123,-1,2880
104.096285,30.541468,107,2881
104.269131,30.578962,292,2882
104.32354,30.644933,272,2883
104.86382,29.745508,-1,2884
104.537428,30.365968,202,2885
103.541646,30.746057,-1,2886
104.165938,30.712406,91,2887
104.065729,30.44721,-1,2888
104.162169,30.685767,-1,2889
103.831537,30.667452,322,2890
104.119937,30.772786,70,2891
104.48232,30.491653,-1,2892
103.908132,30.660511,323,2893
104.12204,30.539783,228,2894
103.98125,30.785378,121,2895
103.659946,30.923245,-1,2896
103.937408,30.619069,253,2897
103.800697,30.453384,-1,2898
103.912232,30.630941,182,2899
104.412363,30.344615,-1,2900
103.553352,30.220948,74,2901
104.118409,30.757477,8,2902
104.593458,31.767819,-1,2903
104.106822,30.740586,289,2904
104.188947,30.792802,-1,2905
104.183787,30.711742,69,2906
103.853535,31.292919,-1,2907
103.964993,30.637042,67,2908
104.40375,30.31168,-1,2909
104.093617,30.580744,92,2910
103.933336,31.114222,-1,2911
104.078176,30.684119,-1,2912
104.353968,30.435834,191,2913
103.86645,31.077461,-1,2914
103.643074,30.942466,209,2915
104.321204,30.290821,-1,2916
103.596945,30.986552,-1,2917
103.44439,30.751403,-1,2918
103.937323,30.613571,30,2919
104.111242,30.569642,-1,2920
104.1863,30.513203,-1,2921
104.118695,30.757226,8,2922
103.741317,30.694246,-1,2923
103.956792,30.030721,310,2924
103.645467,30.890861,-1,2925
103.701598,30.602343,2,2926
104.071536,30.727746,19,2927
103.494348,30.719178,-1,2928
103.826513,30.61326,-1,2929
104.09343,30.581461,92,2930
104.538268,30.582007,-1,2931
104.073294,30.715451,118,2932
104.224722,30.793786,53,2933
103.861314,30.803904,212,2934
104.043716,30.446302,51,2935
104.326411,30.860194,64,2936
104.260176,30.953928,-1,2937
103.97386,30.800488,-1,2938
104.513978,30.420611,225,2939
104.164548,30.658715,15,2940
103.81263,30.631558,26,2941
103.937503,30.619384,253,2942
103.890293,30.479161,237,2943
104.211425,31.666446,-1,2944
104.418106,30.491127,-1,2945
104.446294,30.351029,-1,2946
103.977024,30.653148,12,2947
103.969851,30.366457,99,2948
104.208402,30.524387,266,2949
104.198322,30.581989,114,2950
103.794924,30.441227,314,2951
104.445842,30.856357,-1,2952
104.235462,30.647087,5,2953
103.983694,30.572435,47,2954
103.861868,30.804338,212,2955
104.115321,30.885115,-1,2956
104.065919,30.448321,-1,2957
103.915334,30.630936,127,2958
104.013555,30.652217,-1,2959
104.176801,30.771163,-1,2960
104.537165,30.365853,202,2961
103.70159,30.602545,2,2962
104.11242,30.753243,238,2963
102.704347,29.995241,-1,2964
104.567631,30.707136,-1,2965
103.860953,30.445603,82,2966
104.045444,30.445497,51,2967
104.165171,30.658749,15,2968
104.080706,30.816957,-1,2969
103.92668,30.946991,240,2970
103.437734,30.749988,-1,2971
103.917517,30.742909,203,2972
103.799035,31.167916,326,2973
104.323548,30.644984,272,2974
104.019373,30.549021,-1,2975
104.231969,30.865516,-1,2976
104.489614,30.493802,23,2977
104.044215,30.445178,51,2978
103.859591,31.066539,-1,2979
103.459298,30.378589,-1,2980
103.939936,30.999866,148,2981
103.977676,30.688176,24,2982
104.119994,30.772629,70,2983
104.36704,30.305683,-1,2984
103.985041,30.219045,-1,2985
103.916064,30.369382,42,2986
104.006504,30.233346,307,2987
103.959777,30.517596,115,2988
103.797193,30.643843,218,2989
103.909503,30.544621,9,2990
104.167928,30.386974,-1,2991
104.125323,30.769655,35,2992
103.859463,30.827265,120,2993
103.942263,30.847725,302,2994
104.224283,31.011404,-1,2995
103.661336,30.961123,3,2996
104.203364,30.726044,63,2997
104.243157,30.650418,7,2998
103.86615,30.304531,-1,2999
103.939696,30.617258,196,3000
104.183273,30.710814,69,3001
103.796935,30.398503,-1,3002
103.945105,30.555144,-1,3003
103.825323,30.932808,-1,3004
104.050677,30.476784,45,3005
103.768737,30.471386,-1,3006
104.003139,30.515104,-1,3007
103.977695,30.688138,24,3008
104.559447,30.727893,-1,3009
103.628397,30.727342,151,3010
104.2352,30.647134,5,3011
103.540773,31.049447,71,3012
104.0417,30.196958,-1,3013
104.244004,30.645566,65,3014
104.509215,30.417058,-1,3015
103.763992,30.479469,-1,3016
103.847894,30.540292,-1,3017
103.923646,30.7169,18,3018
103.983876,30.572578,47,3019
103.996912,30.757343,260,3020
103.867158,30.535044,301,3021
103.959902,30.152012,-1,3022
104.367056,30.291897,-1,3023
103.358999,30.334778,-1,3024
103.927361,30.462431,-1,3025
103.850151,30.207454,-1,3026
104.10693,30.491305,172,3027
104.202562,30.726195,63,3028
103.878594,30.198166,109,3029
104.008207,30.718783,286,3030
104.10319,30.469273,1,3031
104.108617,30.544263,-1,3032
103.790321,29.636183,-1,3033
104.235239,30.646301,5,3034
104.051536,30.757764,-1,3035
104.179884,30.619321,304,3036
104.234702,30.646055,5,3037
103.698112,31.041867,-1,3038
104.176801,30.771163,-1,3039
104.196681,30.859375,210,3040
104.387397,30.307605,-1,3041
103.640239,30.466147,48,3042
104.189616,31.451111,-1,3043
104.185838,30.718654,16,3044
104.147896,30.834994,-1,3045
104.186071,30.756656,-1,3046
104.036766,30.58871,-1,3047
104.073168,30.718634,103,3048
103.939928,30.999892,148,3049
104.043087,30.447361,51,3050
104.242509,30.650693,7,3051
103.796754,30.646654,205,3052
104.232768,30.79388,-1,3053
103.701718,30.602561,2,3054
104.10504,30.812657,-1,3055
104.041179,30.59352,81,3056
104.373171,30.94077,-1,3057
103.456554,30.43076,338,3058
104.10319,30.469332,1,3059
104.036299,30.489312,-1,3060
104.008756,30.489919,-1,3061
103.497455,30.568669,94,3062
103.818181,30.846922,-1,3063
104.157839,30.692015,206,3064
104.23519,30.646771,5,3065
103.973081,30.991144,-1,3066
103.854908,30.406845,-1,3067
104.243162,30.645806,65,3068
104.234479,30.646423,5,3069
104.223995,30.566471,157,3070
103.567003,31.045533,-1,3071
104.149425,30.622468,17,3072
103.887295,30.52861,198,3073
103.81283,30.631091,26,3074
104.172257,30.659241,140,3075
104.177936,30.777961,-1,3076
104.286545,30.678929,-1,3077
104.228182,30.567008,-1,3078
103.940521,30.618992,196,3079
103.753248,30.581052,-1,3080
104.973683,29.870369,123,3081
103.964735,30.615454,135,3082
104.026422,30.480514,-1,3083
104.120245,30.772888,70,3084
104.308768,30.865527,34,3085
104.245479,30.553428,6,3086
104.548076,30.691354,129,3087
103.831272,30.667062,322,3088
103.554658,30.533324,-1,3089
104.12034,30.773036,70,3090
103.541179,31.051681,71,3091
103.793486,31.244001,-1,3092
104.248185,30.920758,-1,3093
103.97082,30.650357,46,3094
104.072146,30.471275,-1,3095
104.660349,31.130979,179,3096
103.799228,30.421314,-1,3097
104.24901,30.772426,255,3098
104.398465,30.310277,-1,3099
104.204275,30.74012,214,3100
103.50591,30.751443,-1,3101
104.47425,30.34477,324,3102
103.956804,30.030886,310,3103
104.2216,30.638444,0,3104
103.965339,30.310152,137,3105
104.397382,30.327755,-1,3106
104.506569,30.353453,262,3107
104.06029,30.493427,-1,3108
103.9884,30.627552,325,3109
104.323418,30.645049,272,3110
103.856751,30.442175,-1,3111
103.917232,30.683803,147,3112
104.084154,30.455583,-1,3113
103.591167,30.742052,-1,3114
103.718953,30.590427,-1,3115
103.850434,31.2899,-1,3116
104.028806,30.551311,-1,3117
104.556107,30.099092,-1,3118
104.221246,30.638444,0,3119
103.859221,30.82743,120,3120
103.503497,30.558333,-1,3121
104.024815,30.651428,-1,3122
103.737788,30.512071,271,3123
104.093958,30.581242,92,3124
104.217304,30.572284,87,3125
104.321362,31.116664,-1,3126
104.453337,30.491311,-1,3127
104.53891,31.859032,104,3128
104.389948,31.063153,-1,3129
103.796214,31.167178,-1,3130
103.980192,30.212749,-1,3131
104.175613,30.715302,36,3132
104.164368,30.658713,15,3133
103.947792,30.010901,-1,3134
104.312345,30.874833,-1,3135
104.11205,30.753143,238,3136
103.74017,30.531357,-1,3137
104.243287,30.650064,7,3138
103.998698,30.757569,260,3139
103.85086,30.820435,43,3140
104.235811,30.646346,5,3141
104.242785,30.651605,7,3142
104.565768,30.371261,163,3143
104.060609,31.245518,-1,3144
104.973602,29.870721,123,3145
103.723487,30.451177,-1,3146
104.064603,30.269725,-1,3147
103.902799,30.65843,146,3148
104.03656,30.296959,306,3149
103.875376,30.48086,180,3150
103.891314,30.410504,257,3151
104.096271,30.537857,-1,3152
103.65936,30.923175,-1,3153
103.892763,30.447558,221,3154
104.242436,30.64995,7,3155
103.925958,30.941851,-1,3156
104.01138,30.482648,-1,3157
104.597125,30.33935,-1,3158
104.477788,30.489151,265,3159
103.920894,30.967336,-1,3160
102.763645,29.734693,-1,3161
103.610451,30.834948,-1,3162
104.384544,30.301518,-1,3163
103.690557,30.415951,-1,3164
103.984157,30.572763,47,3165
104.12016,30.772647,70,3166
104.393387,30.29409,-1,3167
103.79258,30.187609,-1,3168
104.323308,30.64512,272,3169
104.434257,29.596822,-1,3170
103.922393,30.867178,-1,3171
104.045329,30.445979,51,3172
103.813558,30.632902,26,3173
103.658239,31.023985,-1,3174
104.120818,30.501437,249,3175
104.095675,30.562852,-1,3176
103.867135,30.534933,301,3177
104.166802,30.659226,-1,3178
103.935939,30.614063,30,3179
104.449583,30.480634,258,3180
103.859872,31.065564,-1,3181
103.645625,30.951401,-1,3182
104.564428,30.387429,183,3183
104.225256,30.672233,-1,3184
104.179498,30.725751,-1,3185
103.937621,30.613902,30,3186
104.488327,30.427032,-1,3187
104.302303,30.873775,-1,3188
104.6257,30.858005,-1,3189
104.664425,31.125999,-1,3190
104.255564,30.531017,283,3191
104.17054,30.635594,181,3192
103.628397,30.727342,151,3193
103.903928,31.002499,-1,3194
103.958932,30.953305,-1,3195
104.235925,30.646666,5,3196
104.116218,30.419094,-1,3197
103.838443,30.360968,248,3198
103.959571,30.517181,115,3199
104.174397,30.396249,-1,3200
104.146219,30.909668,-1,3201
104.030677,30.807876,320,3202
103.452159,30.475004,27,3203
104.032069,30.857887,319,3204
104.107927,30.4206,162,3205
104.03711,30.148366,145,3206
103.816639,30.642927,-1,3207
104.618878,30.681039,-1,3208
103.846692,30.4378,153,3209
103.797554,31.240904,-1,3210
103.860312,30.836727,277,3211
103.914155,30.675573,201,3212
103.678378,31.030098,72,3213
103.91254,30.824758,138,3214
104.007604,30.5542,220,3215
104.198425,30.582167,114,3216
104.292965,30.391101,25,3217
104.172874,30.624886,-1,3218
103.528211,30.377502,-1,3219
103.754501,30.555173,-1,3220
104.214058,30.651599,185,3221
103.673834,30.422901,-1,3222
104.372197,30.864475,56,3223
103.53068,31.410622,-1,3224
103.810203,30.63183,26,3225
103.553384,30.221156,74,3226
104.238088,30.653123,13,3227
104.428326,31.14976,293,3228
103.818452,30.634242,26,3229
104.186071,30.756656,-1,3230
103.358942,30.334812,-1,3231
104.236451,30.646557,5,3232
104.238069,30.653013,13,3233
104.017,30.652223,-1,3234
104.185771,30.719811,16,3235
103.91685,30.684028,147,3236
104.125564,30.769562,35,3237
104.172212,30.48549,-1,3238
104.169013,30.531909,158,3239
103.957698,30.567498,-1,3240
104.165843,30.712536,91,3241
103.943651,30.507644,117,3242
103.942263,30.847641,302,3243
103.988867,30.627939,325,3244
104.255588,30.578222,33,3245
103.97382,31.032166,341,3246
103.952381,30.42824,133,3247
103.937678,30.614388,30,3248
104.16875,30.74131,11,3249
104.318599,30.861178,106,3250
104.009717,30.672105,-1,3251
103.619671,30.398767,-1,3252
103.498595,30.568966,94,3253
102.645675,30.933778,-1,3254
104.22114,30.638898,0,3255
104.106927,30.49119,172,3256
104.391605,30.300093,54,3257
104.237717,30.653272,13,3258
103.952341,30.999281,168,3259
103.462775,30.749734,-1,3260
103.994325,30.765224,215,3261
103.460515,30.464109,-1,3262
104.118679,30.757736,8,3263
104.564162,30.387522,183,3264
104.226662,30.792553,53,3265
103.903351,30.634033,-1,3266
104.227251,30.860935,-1,3267
103.857509,30.44957,-1,3268
104.203699,30.726079,63,3269
104.188214,30.995284,-1,3270
104.165594,30.658588,15,3271
103.625794,30.964586,-1,3272
103.961342,30.64492,-1,3273
104.071162,30.725214,73,3274
103.499786,31.258583,-1,3275
103.636481,30.485312,-1,3276
104.155411,30.823191,-1,3277
103.989668,30.725936,-1,3278
103.851243,30.437066,130,3279
104.244264,30.548911,-1,3280
103.940793,30.618102,196,3281
104.45447,30.467787,-1,3282
104.521485,30.429659,149,3283
104.22452,30.675381,204,3284
103.929528,30.582451,-1,3285
103.702681,30.398756,-1,3286
104.572609,31.035126,-1,3287
104.215019,30.58268,10,3288
103.614025,30.964619,-1,3289
104.121442,30.539623,228,3290
104.043326,30.447033,51,3291
104.326466,30.860228,64,3292
104.398339,30.341983,-1,3293
103.850058,31.289468,-1,3294
104.318613,30.861142,106,3295
104.157927,30.69253,206,3296
103.942134,30.797357,-1,3297
104.030371,31.358286,-1,3298
104.757556,30.910823,-1,3299
104.564354,30.388016,183,3300
103.904698,30.353689,-1,3301
103.86498,30.407948,173,3302
104.170578,30.61531,165,3303
103.653287,30.920439,294,3304
104.148899,30.839454,-1,3305
103.978097,30.200192,-1,3306
104.114324,30.612468,-1,3307
104.256175,30.521772,-1,3308
103.873666,30.463383,-1,3309
104.164933,30.549155,-1,3310
104.2429,30.6506,7,3311
103.768067,30.577951,-1,3312
104.459178,31.104586,-1,3313
104.008727,30.590917,142,3314
104.071165,30.725217,73,3315
104.036415,30.296836,306,3316
104.023289,30.894251,-1,3317
104.393283,30.283556,235,3318
104.662368,30.338787,-1,3319
104.54202,30.385078,-1,3320
104.354139,30.436247,191,3321
104.763703,30.409344,-1,3322
104.449727,30.826797,-1,3323
104.636406,30.927911,-1,3324
104.908175,30.159873,139,3325
103.847327,30.540578,-1,3326
104.382239,30.35069,-1,3327
104.065248,30.179287,-1,3328
104.055919,30.763253,245,3329
104.571898,30.708464,-1,3330
104.069045,30.768646,28,3331
104.588039,30.697379,-1,3332
104.551834,30.737278,-1,3333
103.960531,30.941601,-1,3334
103.937375,30.614943,30,3335
103.891559,30.410005,257,3336
104.242943,30.649861,7,3337
104.178558,30.782966,14,3338
103.822224,31.280426,-1,3339
104.328348,30.345978,-1,3340
103.865901,30.665078,-1,3341
103.959777,30.517596,115,3342
103.97033,30.650259,46,3343
104.18325,30.710891,69,3344
104.333979,30.644435,-1,3345
104.380706,30.879805,-1,3346
104.377244,30.300079,-1,3347
103.591329,30.83763,-1,3348
104.571762,30.688503,-1,3349
104.487496,30.459272,31,3350
104.242988,30.651087,7,3351
104.583769,30.340569,-1,3352
103.866951,30.872913,-1,3353
104.584748,30.355122,190,3354
104.044241,30.445158,51,3355
103.530504,31.410547,-1,3356
103.824627,30.417136,-1,3357
103.938123,30.278849,-1,3358
103.914533,30.630777,127,3359
103.937459,30.613355,30,3360
103.917194,30.683946,147,3361
104.391005,30.750142,-1,3362
104.071117,30.471691,-1,3363
104.42859,31.149826,293,3364
104.066776,30.633883,-1,3365
103.977405,30.929111,-1,3366
103.448915,30.483788,-1,3367
104.700621,31.00323,-1,3368
103.921014,30.702979,199,3369
104.402093,30.997307,-1,3370
103.127551,30.062321,-1,3371
104.075588,30.733065,-1,3372
104.304305,30.991932,-1,3373
104.058059,30.476529,-1,3374
104.130425,30.714805,-1,3375
104.579965,30.112959,-1,3376
103.804233,30.718213,-1,3377
103.802085,30.455347,32,3378
104.023289,30.894251,-1,3379
104.242945,30.651102,7,3380
103.689781,31.045757,-1,3381
104.245393,30.645416,65,3382
103.952204,31.000115,168,3383
104.190994,30.662602,89,3384
103.816107,30.675142,-1,3385
104.152721,30.781824,239,3386
103.796754,30.646654,205,3387
104.118512,30.757356,8,3388
103.997569,30.083316,-1,3389
103.936152,30.905598,62,3390
103.617359,30.978188,-1,3391
103.474506,30.43129,-1,3392
104.125147,30.769404,35,3393
103.125087,30.092542,-1,3394
104.44436,30.842932,-1,3395
103.701654,30.602501,2,3396
104.317108,30.877437,-1,3397
104.019735,30.571601,-1,3398
104.013697,30.225833,-1,3399
104.125346,30.769634,35,3400
104.107927,30.4206,162,3401
104.175624,30.700188,-1,3402
104.050845,30.475997,45,3403
104.204761,30.731058,227,3404
104.221614,30.638507,0,3405
104.055894,30.76343,245,3406
104.040358,30.880132,-1,3407
103.498928,30.568201,94,3408
104.198306,30.581889,114,3409
104.213886,30.583812,10,3410
103.832724,30.549674,-1,3411
104.117983,30.756656,8,3412
103.934775,30.813029,-1,3413
103.55993,30.548803,188,3414
104.537276,30.704962,-1,3415
103.936976,30.613391,30,3416
103.460577,30.748053,-1,3417
104.482377,30.49167,-1,3418
103.496993,30.547326,-1,3419
103.815134,30.633234,26,3420
104.533988,29.759405,281,3421
104.007794,30.554427,220,3422
104.684067,31.017493,-1,3423
104.432619,30.486262,-1,3424
104.032401,30.738888,-1,3425
104.52329,30.64017,-1,3426
103.896195,31.012232,-1,3427
104.438088,30.356426,342,3428
103.948682,30.515538,321,3429
103.956819,30.938928,-1,3430
104.321405,30.30852,-1,3431
103.867134,30.53521,301,3432
104.31812,30.917127,-1,3433
103.897381,30.666763,207,3434
103.64199,30.636368,-1,3435
104.454276,30.489489,-1,3436
104.243157,30.650418,7,3437
103.85086,30.820435,43,3438
104.026656,31.321472,-1,3439
102.212058,29.824295,-1,3440
103.937074,30.613368,30,3441
104.161289,30.59948,167,3442
104.066072,30.448268,-1,3443
104.146202,30.909705,-1,3444
103.792377,29.723149,-1,3445
104.315497,30.303632,39,3446
104.302391,30.873993,-1,3447
104.202671,30.725977,63,3448
103.696634,30.396144,299,3449
104.050678,30.749991,276,3450
103.846765,30.438479,153,3451
104.00337,30.73469,52,3452
104.615041,30.162906,-1,3453
104.537277,30.365884,202,3454
103.993256,30.923828,-1,3455
104.183242,30.710587,69,3456
104.164783,30.658978,15,3457
103.937998,30.618898,253,3458
104.120318,30.772996,70,3459
103.790288,30.687959,-1,3460
104.215386,30.583198,10,3461
104.215027,30.582985,10,3462
104.06892,30.692747,-1,3463
104.326474,30.860188,64,3464
104.221976,30.526283,-1,3465
103.633135,30.581002,-1,3466
104.101852,30.534933,-1,3467
103.892753,30.523991,-1,3468
104.312389,30.298253,303,3469
104.424156,30.392666,-1,3470
103.730639,30.594729,-1,3471
104.226469,30.861906,-1,3472
103.799579,31.166766,326,3473
103.460016,30.746847,132,3474
103.949465,30.516251,321,3475
104.973683,29.870369,123,3476
104.030683,30.807885,320,3477
103.895085,31.015358,-1,3478
104.19422,30.691617,-1,3479
103.737722,30.512273,271,3480
103.892975,30.513565,84,3481
104.0935,30.580982,92,3482
103.897372,30.836242,280,3483
104.006519,30.592503,144,3484
103.886649,30.528293,198,3485
103.798246,30.604436,-1,3486
103.851081,30.437319,130,3487
104.45063,30.476258,327,3488
104.253936,30.859089,80,3489
104.323661,30.645056,272,3490
104.283535,30.581175,-1,3491
104.046825,30.428305,187,3492
104.169349,30.532236,158,3493
102.837022,29.775753,-1,3494
103.937556,30.618989,253,3495
103.96026,30.544946,-1,3496
103.640408,30.465924,48,3497
104.080892,30.244262,-1,3498
104.274373,30.820282,-1,3499
104.343479,31.082768,-1,3500
104.523023,30.430215,149,3501
103.876005,31.066647,-1,3502
104.323924,30.308403,-1,3503
104.146038,30.886013,-1,3504
103.902594,30.658375,146,3505
104.102572,30.539738,-1,3506
104.242397,30.650475,7,3507
104.11239,30.75316,238,3508
103.882863,30.665939,152,3509
104.296393,30.993696,164,3510
104.187298,30.598164,-1,3511
104.308781,30.865473,34,3512
103.936586,30.613961,30,3513
104.68062,30.051138,-1,3514
104.237157,30.642736,-1,3515
104.575976,30.347362,-1,3516
104.214875,30.651806,185,3517
104.22452,30.675381,204,3518
103.533015,30.693929,208,3519
104.324402,30.9364,-1,3520
104.523125,30.362058,-1,3521
104.243032,30.651207,7,3522
103.760784,30.635869,-1,3523
104.242483,30.65041,7,3524
103.851308,30.437206,130,3525
104.598412,30.699859,-1,3526
103.82305,31.261776,-1,3527
104.0429,30.447875,51,3528
104.308613,30.865283,34,3529
104.000649,30.763023,328,3530
103.641583,30.960353,-1,3531
104.320338,30.277407,105,3532
103.977405,30.929111,-1,3533
103.997094,30.907937,-1,3534
104.533921,29.759401,281,3535
103.497324,30.568439,94,3536
103.940852,30.85394,-1,3537
104.052349,30.245937,217,3538
104.220823,30.638771,0,3539
103.686685,30.871882,-1,3540
104.050188,30.476563,45,3541
104.051253,30.476819,45,3542
104.185716,30.718523,16,3543
103.535789,30.750208,-1,3544
104.297473,31.035028,-1,3545
104.242436,30.64995,7,3546
104.049427,31.247991,-1,3547
103.790883,30.666854,200,3548
103.823413,30.610492,211,3549
103.916862,30.683772,147,3550
104.854297,30.229338,-1,3551
103.937285,30.925213,-1,3552
104.003846,30.606138,111,3553
104.118309,30.757054,8,3554
103.89644,30.66606,207,3555
104.236063,30.646986,5,3556
103.695688,30.39566,299,3557
104.108015,30.552584,-1,3558
103.886838,30.528443,198,3559
103.862869,30.305961,-1,3560
103.915539,30.630788,127,3561
104.095653,30.540647,107,3562
103.967209,30.648435,58,3563
104.140779,30.826432,329,3564
104.332268,30.355695,-1,3565
103.946476,30.553626,-1,3566
103.937538,30.619379,253,3567
103.959974,30.165695,330,3568
104.242588,30.650969,7,3569
104.091822,30.218165,-1,3570
103.828199,30.660548,-1,3571
103.823413,30.610492,211,3572
103.885614,30.530624,-1,3573
104.149956,30.622814,17,3574
104.296764,30.994426,164,3575
103.658705,31.044082,-1,3576
104.479364,30.49059,263,3577
103.908823,30.543253,9,3578
104.10432,30.512383,-1,3579
103.726261,30.782066,-1,3580
104.521573,30.429634,149,3581
103.99111,30.739296,264,3582
103.635447,30.488491,-1,3583
103.920935,30.70285,199,3584
103.108115,29.288086,-1,3585
103.938397,30.616274,234,3586
104.255156,30.578888,33,3587
104.236248,30.646788,5,3588
103.671728,30.430754,-1,3589
104.028436,30.779737,-1,3590
104.255692,30.578238,33,3591
104.115716,30.583173,337,3592
104.391854,30.300193,54,3593
104.108474,30.464,278,3594
104.202671,30.725977,63,3595
103.859238,30.827287,120,3596
104.204623,30.730778,227,3597
104.59463,30.717148,-1,3598
104.235665,30.647046,5,3599
103.671753,30.281316,-1,3600
103.458518,30.43397,-1,3601
103.376077,30.928053,-1,3602
103.653283,30.847244,-1,3603
103.897516,30.821766,-1,3604
103.944281,30.734636,-1,3605
103.891822,30.410007,257,3606
104.043814,30.206026,161,3607
104.166764,30.659096,-1,3608
104.522066,30.429736,149,3609
104.183652,30.717221,-1,3610
104.204958,30.730643,227,3611
103.971067,30.650676,46,3612
104.093833,30.581442,92,3613
104.164989,30.658812,15,3614
103.471542,30.387815,-1,3615
104.188025,30.793497,-1,3616
104.517346,30.422327,-1,3617
103.889066,30.384166,312,3618
103.959941,30.517246,115,3619
104.050924,30.476726,45,3620
104.198695,30.705141,-1,3621
104.537332,30.365886,202,3622
104.669358,29.503906,-1,3623
104.152713,30.781615,239,3624
103.861537,30.984724,-1,3625
103.496071,31.358631,-1,3626
104.163992,30.391983,-1,3627
104.644433,30.676404,-1,3628
104.188192,30.5146,61,3629
104.163941,30.658084,15,3630
103.977678,30.688208,24,3631
104.310202,30.869586,-1,3632
103.679565,31.134082,-1,3633
103.902658,30.658477,146,3634
104.512396,30.4204,225,3635
104.134759,30.403499,-1,3636
103.896213,30.666025,207,3637
104.221246,30.639197,0,3638
103.897353,30.836277,280,3639
103.536975,30.771209,-1,3640
103.951724,31.013021,-1,3641
103.497021,30.753621,-1,3642
104.152862,30.781728,239,3643
104.525443,30.670248,-1,3644
104.596215,31.766967,-1,3645
103.579798,31.024398,-1,3646
104.223568,30.675416,204,3647
103.993998,30.504635,-1,3648
104.27738,31.141927,-1,3649
104.042716,30.448159,51,3650
104.182291,30.700084,-1,3651
104.615112,30.163391,-1,3652
104.070756,30.7265,19,3653
104.034058,30.465283,-1,3654
103.795675,30.644871,-1,3655
104.508468,30.354482,300,3656
103.872612,30.779209,38,3657
104.089325,30.429693,-1,3658
103.763182,30.396079,-1,3659
104.151272,30.775778,-1,3660
104.242468,30.65045,7,3661
103.937307,30.61916,253,3662
104.522626,30.429638,149,3663
103.498321,30.568806,94,3664
104.10693,30.491305,172,3665
104.159892,30.669203,-1,3666
103.993795,30.764548,215,3667
104.36768,31.126617,-1,3668
103.68391,31.012593,-1,3669
103.937207,30.61494,30,3670
103.901129,30.834569,90,3671
103.935732,30.905482,62,3672
104.758537,30.373873,-1,3673
103.760151,30.665354,-1,3674
104.185657,30.793324,-1,3675
103.93627,30.905509,62,3676
103.829093,30.39639,-1,3677
104.202221,30.726056,63,3678
103.996848,31.140841,-1,3679
103.616272,30.95521,-1,3680
104.466321,30.344051,-1,3681
103.781877,30.675891,-1,3682
103.875481,30.483939,-1,3683
104.520927,30.631007,-1,3684
104.19849,30.582071,114,3685
104.242492,30.651153,7,3686
103.49979,30.569409,94,3687
104.026127,30.909273,-1,3688
103.920902,30.702667,199,3689
104.140635,31.212923,-1,3690
103.970369,30.650044,46,3691
103.945369,30.943453,-1,3692
104.23835,30.842097,-1,3693
103.559906,30.548737,188,3694
104.216348,30.52238,-1,3695
104.09343,30.581449,92,3696
104.202759,30.725913,63,3697
104.204278,30.740119,214,3698
104.422472,30.474468,223,3699
104.144501,30.813327,40,3700
103.815377,30.633348,26,3701
104.179498,30.725751,-1,3702
103.771419,30.599501,-1,3703
104.119382,31.058197,-1,3704
104.555643,30.175395,-1,3705
103.720495,30.564424,-1,3706
104.07198,30.465517,-1,3707
103.916498,30.683828,147,3708
103.963244,30.448017,216,3709
103.473122,30.39447,-1,3710
104.060739,30.44965,-1,3711
104.124806,30.769033,35,3712
104.348039,30.911814,-1,3713
104.172158,30.48404,66,3714
103.916589,30.369413,42,3715
103.912683,30.82461,138,3716
102.870005,29.662804,-1,3717
104.215597,30.821208,224,3718
104.433926,30.394049,-1,3719
103.935195,30.905447,62,3720
104.162626,30.556513,298,3721
103.627495,30.920436,-1,3722
103.870592,30.702233,122,3723
103.623404,31.493689,-1,3724
103.577421,30.35488,-1,3725
104.552011,30.71621,-1,3726
104.224972,30.794027,53,3727
104.006334,30.592217,144,3728
104.125246,30.769528,35,3729
104.051253,30.476819,45,3730
104.204623,30.730778,227,3731
103.877051,30.562525,-1,3732
103.922875,30.716957,18,3733
103.499652,30.569308,94,3734
104.188938,31.451662,-1,3735
104.669358,29.503906,-1,3736
104.521389,30.429782,149,3737
103.901872,30.834057,90,3738
104.168682,30.741594,11,3739
104.567321,30.372053,163,3740
104.244613,30.645746,65,3741
104.494603,31.731999,-1,3742
104.118687,30.757868,8,3743
104.031463,30.468305,-1,3744
103.917394,30.989367,-1,3745
104.616499,30.158559,-1,3746
103.942898,30.52433,-1,3747
104.538809,30.723917,-1,3748
104.000422,30.520359,77,3749
103.883701,30.665965,152,3750
104.58446,30.339847,-1,3751
103.453258,30.470092,-1,3752
103.81736,30.633945,26,3753
104.203287,30.726228,63,3754
103.753726,30.395081,-1,3755
103.499454,30.569383,94,3756
104.114313,30.409654,-1,3757
104.202945,30.726019,63,3758
103.937243,30.613369,30,3759
103.904548,30.352696,-1,3760
104.101173,30.426465,-1,3761
104.047529,30.429072,187,3762
103.811465,30.63226,26,3763
103.695632,30.395676,299,3764
104.20505,30.80945,-1,3765
104.022475,30.500925,116,3766
104.038852,30.359998,-1,3767
103.794236,30.604421,-1,3768
103.865547,30.604237,-1,3769
104.16459,30.65872,15,3770
103.843294,30.537484,-1,3771
104.198887,31.580392,-1,3772
103.936303,30.905113,62,3773
104.157345,30.64821,-1,3774
103.65479,30.92619,50,3775
104.234494,30.646221,5,3776
104.660429,31.131061,179,3777
104.006158,30.233977,307,3778
103.531531,31.405278,110,3779
103.96476,30.636973,67,3780
104.096371,30.54435,297,3781
104.002027,30.884144,124,3782
104.125147,30.769404,35,3783
104.149998,30.622901,17,3784
104.31611,30.943872,-1,3785
103.486179,30.740878,-1,3786
104.093868,30.580883,92,3787
103.966542,30.738991,-1,3788
103.790449,30.666472,200,3789
104.370294,30.28917,189,3790
103.560717,30.749034,143,3791
104.2429,30.6506,7,3792
104.118406,30.75719,8,3793
103.867134,30.53521,301,3794
104.12514,30.769227,35,3795
104.357571,30.660811,-1,3796
104.533921,29.759401,281,3797
103.991138,30.475837,-1,3798
103.460515,30.464109,-1,3799
104.456756,30.856549,-1,3800
103.505906,30.558826,49,3801
104.274579,30.936244,-1,3802
104.567199,30.371909,163,3803
103.935626,30.90555,62,3804
103.986952,30.215786,331,3805
104.327012,30.306163,230,3806
104.495325,30.470745,-1,3807
104.14921,30.839315,-1,3808
104.169275,30.741268,11,3809
103.739397,30.727074,-1,3810
104.506178,30.353839,262,3811
104.236037,30.64682,5,3812
104.242499,30.649973,7,3813
104.177972,30.719157,79,3814
104.401101,30.34295,-1,3815
103.705502,30.40456,-1,3816
104.224783,30.793802,53,3817
104.539229,31.859681,104,3818
103.716359,30.926725,-1,3819
103.576457,30.351616,-1,3820
103.86615,30.304531,-1,3821
103.592307,30.851025,-1,3822
104.004295,30.592346,37,3823
104.11247,30.75284,238,3824
104.117149,30.537573,-1,3825
103.498395,30.569082,94,3826
104.242556,30.650102,7,3827
104.146878,30.40585,-1,3828
103.774553,30.411507,-1,3829
104.330901,30.644476,-1,3830
104.226469,30.861906,-1,3831
104.403734,30.311612,-1,3832
104.457619,30.855747,-1,3833
103.533943,30.694867,-1,3834
104.170895,30.615029,165,3835
104.154426,30.602026,-1,3836
104.201816,30.739125,150,3837
104.226469,30.861906,-1,3838
104.035937,30.751854,-1,3839
104.086839,30.724447,-1,3840
103.681807,30.596766,236,3841
104.076894,30.789195,-1,3842
103.65243,30.929103,-1,3843
104.057547,30.792294,-1,3844
103.90834,30.660911,323,3845
104.095936,30.537152,-1,3846
103.983876,30.572428,47,3847
104.667188,30.126395,-1,3848
103.84666,30.437882,153,3849
103.902274,30.658387,146,3850
104.243613,30.651275,7,3851
104.34667,30.304551,-1,3852
104.22823,30.85414,-1,3853
104.026203,30.651097,-1,3854
104.000746,30.520871,77,3855
104.563996,30.388143,183,3856
103.499652,30.569308,94,3857
104.973715,29.871306,123,3858
104.297001,30.996087,-1,3859
104.236205,30.64662,5,3860
104.323467,30.645168,272,3861
104.348742,31.050149,-1,3862
104.37824,30.455766,332,3863
104.254832,30.579465,33,3864
103.964639,30.615772,135,3865
104.220891,30.638876,0,3866
104.20256,30.726139,63,3867
104.023289,30.894251,-1,3868
103.943596,30.49904,154,3869
104.422872,30.474251,223,3870
104.071343,30.728,19,3871
104.375976,30.951345,-1,3872
104.246473,30.605712,-1,3873
104.070757,30.726501,19,3874
103.720489,30.56378,-1,3875
104.165322,30.658699,15,3876
104.223378,30.794567,53,3877
104.118833,30.756939,8,3878
104.125284,30.769593,35,3879
104.99071,29.542573,166,3880
103.867037,30.312312,-1,3881
104.052098,30.487256,-1,3882
104.05715,30.442516,-1,3883
103.744124,30.356908,-1,3884
104.001561,30.127794,256,3885
104.021116,30.8478,-1,3886
103.9371,30.613587,30,3887
103.753983,30.597827,-1,3888
104.172572,30.483514,66,3889
103.469785,31.005169,-1,3890
104.339245,30.667352,-1,3891
104.24294,30.645582,65,3892
104.035761,30.752123,-1,3893
104.690074,30.32549,-1,3894
104.017573,30.444623,-1,3895
103.92422,30.949778,98,3896
104.973384,29.871019,123,3897
104.109474,30.464122,278,3898
103.684458,30.877801,-1,3899
103.874432,30.417202,192,3900
103.663312,30.959992,-1,3901
103.540906,31.049727,71,3902
104.2429,30.6506,7,3903
104.225866,30.793299,53,3904
104.213799,30.65151,185,3905
104.556347,30.372561,274,3906
104.162123,30.599552,167,3907
103.80227,30.45559,32,3908
103.464849,30.452651,176,3909
104.255092,30.859778,80,3910
104.002003,30.884308,124,3911
104.670582,30.087729,21,3912
103.65449,30.92595,50,3913
103.90229,30.658217,146,3914
104.166135,31.011815,-1,3915
103.669327,29.780831,-1,3916
103.935622,30.905553,62,3917
103.801945,30.74506,-1,3918
104.063309,30.633608,-1,3919
103.449607,30.427025,-1,3920
104.140832,30.817081,-1,3921
104.071621,30.667173,-1,3922
103.280423,30.165834,-1,3923
104.457555,30.855747,-1,3924
103.932752,29.932803,-1,3925
104.312426,30.408051,-1,3926
103.825311,30.658064,-1,3927
104.172191,30.718445,-1,3928
103.902195,30.834808,90,3929
104.048387,30.427817,187,3930
103.971133,30.650341,46,3931
103.553432,30.221121,74,3932
104.369994,30.288603,189,3933
104.186448,30.872173,-1,3934
104.249002,30.772476,255,3935
103.681876,30.596765,236,3936
104.099921,30.467203,83,3937
104.106921,30.491732,172,3938
104.320224,30.277979,105,3939
104.138456,30.611065,113,3940
104.605345,30.116085,-1,3941
103.95213,30.428216,133,3942
104.19422,30.691617,-1,3943
104.099538,30.467218,83,3944
104.040358,30.880132,-1,3945
103.948365,30.846495,-1,3946
104.39825,31.000209,-1,3947
104.017746,29.139205,-1,3948
103.866926,30.535095,301,3949
104.170831,30.659705,140,3950
104.061318,30.492493,-1,3951
104.109181,30.636428,-1,3952
103.402631,30.740449,-1,3953
104.072723,30.718722,103,3954
104.248993,30.772321,255,3955
103.905321,30.811174,269,3956
104.514018,30.352293,-1,3957
103.768196,30.652422,-1,3958
104.183514,30.710486,69,3959
103.980971,30.785097,121,3960
104.016509,29.138735,-1,3961
104.473654,30.486277,-1,3962
104.973514,29.870855,123,3963
104.267765,30.650424,-1,3964
104.539001,31.861387,-1,3965
103.963115,30.448003,216,3966
103.952393,30.427941,133,3967
103.647369,30.951692,22,3968
103.552696,30.530512,171,3969
104.102703,30.492411,-1,3970
104.003139,30.515104,-1,3971
104.195703,30.588584,-1,3972
103.902681,30.826449,-1,3973
103.739397,30.727074,-1,3974
104.453337,30.491329,-1,3975
103.828869,30.397209,-1,3976
104.186742,30.762356,-1,3977
104.10429,30.595122,-1,3978
104.244127,30.645456,65,3979
104.178806,30.783216,14,3980
103.754389,30.555157,-1,3981
104.181268,30.534398,242,3982
104.081748,30.680666,-1,3983
104.498764,30.474104,-1,3984
103.943027,30.3371,-1,3985
104.133983,30.892718,-1,3986
104.387397,30.307605,-1,3987
104.385113,30.300453,-1,3988
104.297453,31.035061,-1,3989
103.478661,30.427923,284,3990
103.942041,30.279597,-1,3991
103.724615,30.55932,-1,3992
103.654857,30.92617,50,3993
103.50561,30.559093,49,3994
104.320426,30.309539,-1,3995
104.055919,30.763253,245,3996
103.676326,30.903358,-1,3997
104.204275,30.74012,214,3998
104.326632,30.860011,64,3999
104.096969,30.758853,-1,4000
103.93326,30.813893,-1,4001
103.797003,30.643495,218,4002
103.903928,31.002499,-1,4003
103.795004,30.440992,314,4004
103.633824,30.960518,-1,4005
103.561099,30.748587,143,4006
103.708766,30.453593,-1,4007
104.170361,30.528485,-1,4008
104.050234,30.476811,45,4009
103.892883,30.447427,221,4010
104.555427,30.707925,-1,4011
104.183381,30.486425,291,4012
104.161533,30.599468,167,4013
104.235278,30.646787,5,4014
104.004713,30.592363,37,4015
104.196537,30.859293,210,4016
104.111929,31.075976,279,4017
104.262102,30.807881,-1,4018
103.851308,30.437206,130,4019
104.43857,30.72984,-1,4020
103.678406,31.029918,72,4021
104.745382,30.451805,101,4022
104.492036,30.427245,-1,4023
104.118359,30.757194,8,4024
104.014994,30.841942,-1,4025
104.243212,30.645685,65,4026
104.108391,30.533065,-1,4027
103.960062,30.151895,-1,4028
104.167029,30.564896,-1,4029
104.166795,30.636824,-1,4030
104.166906,30.636829,-1,4031
104.048936,30.477193,45,4032
104.061364,30.418962,95,4033
103.857509,30.44957,-1,4034
104.529076,30.642857,-1,4035
103.802254,31.24788,-1,4036
103.922889,30.70391,333,4037
104.069881,30.768531,28,4038
104.085247,30.722382,-1,4039
104.384246,30.432623,-1,4040
103.674256,29.779616,-1,4041
104.583769,30.340569,-1,4042
104.168682,30.741594,11,4043
103.462643,30.386537,-1,4044
103.943964,30.79461,-1,4045
104.122985,30.442325,-1,4046
104.202286,30.7262,63,4047
103.930468,30.741003,-1,4048
103.444431,30.419032,-1,4049
104.14952,30.622681,17,4050
104.627835,30.921978,-1,4051
104.055919,30.763253,245,4052
104.237876,30.652858,13,4053
103.981557,30.785082,121,4054
103.737274,30.510971,271,4055
104.882784,30.082898,-1,4056
104.117441,30.537691,-1,4057
103.961088,30.938325,-1,4058
104.393115,30.283572,235,4059
103.916825,30.861806,-1,4060
103.99368,30.764576,215,4061
104.326486,30.860251,64,4062
104.236107,30.850222,-1,4063
104.069962,30.768813,28,4064
103.876787,30.174173,-1,4065
103.86318,30.556339,334,4066
104.000632,30.520238,77,4067
104.32423,30.34353,75,4068
103.634035,31.820003,-1,4069
104.398339,30.341983,-1,4070
104.170819,30.61501,165,4071
103.902274,30.658387,146,4072
103.881197,31.087751,-1,4073
104.115284,30.752941,-1,4074
103.916793,30.397618,4,4075
104.107032,30.550248,-1,4076
103.917638,30.98928,-1,4077
104.242956,30.645534,65,4078
104.310533,30.621188,-1,4079
104.474435,30.347385,-1,4080
104.118639,30.757846,8,4081
104.224838,30.793733,53,4082
103.886805,30.820251,197,4083
103.838443,30.360968,248,4084
103.846923,30.438234,153,4085
103.901561,30.834569,90,4086
104.172607,30.660003,140,4087
103.96928,30.366532,99,4088
104.908175,30.159873,139,4089
104.048194,30.427818,187,4090
104.115365,30.417377,100,4091
104.118383,30.75755,8,4092
104.061893,30.339326,-1,4093
104.023689,30.541978,-1,4094
103.691352,30.640827,-1,4095
103.865429,30.603778,-1,4096
103.861599,30.804327,212,4097
104.218952,30.655292,55,4098
104.011499,30.482727,-1,4099
103.892987,30.51339,84,4100
104.326484,30.860194,64,4101
104.221248,30.638445,0,4102
104.209156,30.606374,-1,4103
103.977732,30.688528,24,4104
103.86703,30.535176,301,4105
104.761703,30.615723,-1,4106
104.243613,30.651275,7,4107
104.164655,30.448688,-1,4108
104.208742,30.524041,266,4109
104.007085,30.513495,-1,4110
103.678246,31.029806,72,4111
104.243287,30.650064,7,4112
104.323298,30.644928,272,4113
104.520535,30.429876,149,4114
103.846772,30.438332,153,4115
103.887883,30.660688,250,4116
103.127551,30.062321,-1,4117
103.883217,30.665843,152,4118
104.364071,31.106883,-1,4119
104.114353,30.750231,241,4120
103.498395,30.569082,94,4121
103.643114,30.853283,-1,4122
104.01745,30.116474,-1,4123
104.118309,30.757052,8,4124
103.997697,30.757436,260,4125
103.833361,30.510605,-1,4126
103.497492,30.568639,94,4127
103.677338,30.338933,102,4128
103.902402,30.658361,146,4129
103.935305,30.905441,62,4130
103.953329,30.592288,-1,4131
103.84035,30.67816,-1,4132
104.858471,29.740897,-1,4133
103.983467,30.572395,47,4134
104.234479,30.646423,5,4135
103.561075,30.748678,143,4136
104.030128,31.371569,-1,4137
103.902698,30.658317,146,4138
104.09195,30.573984,-1,4139
104.224805,30.793727,53,4140
102.075049,31.580195,-1,4141
103.796754,30.646654,205,4142
104.448463,30.85759,267,4143
104.292949,30.391151,25,4144
103.474759,30.431231,-1,4145
103.561099,30.748603,143,4146
104.20396,30.730745,227,4147
104.761727,30.615491,-1,4148
103.573724,31.045282,-1,4149
104.108781,30.463984,278,4150
104.35221,30.768236,-1,4151
104.530789,30.441472,-1,4152
104.063737,30.442784,-1,4153
104.125059,30.769393,35,4154
103.952411,30.795648,243,4155
103.678374,31.029556,72,4156
104.309287,30.865633,34,4157
104.119757,30.724711,-1,4158
103.880154,30.3481,-1,4159
104.48869,30.493389,23,4160
103.956792,30.030721,310,4161
103.816107,30.675142,-1,4162
104.243358,30.645761,65,4163
104.061736,30.751957,-1,4164
104.066893,30.487005,-1,4165
103.859121,30.827666,120,4166
103.902033,30.834269,90,4167
103.714542,30.343702,-1,4168
104.178638,30.782682,14,4169
103.800476,30.830742,-1,4170
104.025788,30.705793,-1,4171
104.387178,30.302574,-1,4172
103.444431,30.419032,-1,4173
104.316403,30.943934,-1,4174
104.157699,30.691978,206,4175
104.323661,30.645056,272,4176
103.958351,30.689764,-1,4177
104.221095,30.638897,0,4178
103.831864,31.015746,-1,4179
104.172267,30.659321,140,4180
104.342798,31.057419,-1,4181
103.937074,30.613404,30,4182
104.172181,30.753704,-1,4183
103.677527,30.338803,102,4184
103.506805,30.74449,-1,4185
104.189776,30.600032,-1,4186
103.964318,30.6373,67,4187
104.320441,30.277966,105,4188
104.198578,30.582121,114,4189
104.164801,30.65897,15,4190
103.559738,30.548519,188,4191
103.851301,30.437129,130,4192
103.916365,30.369547,42,4193
103.878189,30.571899,-1,4194
103.880001,30.404323,159,4195
103.877331,30.572595,-1,4196
104.071057,30.836505,-1,4197
104.537844,30.72397,-1,4198
104.859335,29.752735,-1,4199
103.879842,30.404227,159,4200
104.066142,30.448167,-1,4201
104.226083,30.525023,76,4202
103.591263,30.741936,-1,4203
104.109657,30.562382,-1,4204
103.661123,30.961155,3,4205
103.720576,30.563891,-1,4206
103.741019,30.631756,-1,4207
104.178518,30.782882,14,4208
103.936069,30.905332,62,4209
103.786516,31.007752,-1,4210
104.093506,30.580966,92,4211
103.877331,30.572595,-1,4212
104.044031,30.445902,51,4213
104.587052,30.452039,-1,4214
104.569736,30.433943,-1,4215
104.050924,30.476726,45,4216
104.271848,30.326968,-1,4217
104.664425,31.125999,-1,4218
104.485748,30.444371,-1,4219
104.505204,30.506691,177,4220
103.889562,30.478836,237,4221
104.223474,30.794519,53,4222
103.677506,30.338883,102,4223
103.855983,30.334632,-1,4224
104.201102,30.733807,244,4225
103.826299,30.799866,-1,4226
104.318684,30.861058,106,4227
103.459689,30.746586,132,4228
103.50601,30.559244,49,4229
104.204277,30.740119,214,4230
103.80227,30.45559,32,4231
103.943027,30.3371,-1,4232
104.050845,30.475997,45,4233
103.562602,29.863751,-1,4234
104.182149,30.717492,-1,4235
103.937929,30.614171,30,4236
103.861282,30.445467,82,4237
104.766209,29.762074,-1,4238
104.071062,30.769063,-1,4239
103.914273,30.630013,127,4240
103.943571,30.499258,154,4241
104.249058,30.772259,255,4242
104.364649,30.430471,-1,4243
103.991987,30.6154,-1,4244
104.501307,30.424318,-1,4245
104.106935,30.491092,172,4246
104.183413,30.786469,-1,4247
104.198058,30.752159,-1,4248
104.505834,30.506748,177,4249
103.911651,30.798717,246,4250
104.347614,30.734315,-1,4251
104.225362,30.638793,282,4252
104.320457,30.277832,105,4253
103.977975,30.688983,24,4254
104.392817,30.283438,235,4255
103.70155,30.602513,2,4256
104.112404,30.753027,238,4257
103.813844,30.632815,26,4258
103.495684,30.536893,-1,4259
103.796478,31.237104,178,4260
104.168807,30.741649,11,4261
103.676513,30.399662,-1,4262
103.677434,30.338865,102,4263
103.477185,30.42243,-1,4264
104.24294,30.645582,65,4265
103.977732,30.688526,24,4266
104.108581,30.464018,278,4267
103.465033,30.45728,-1,4268
103.997734,30.757572,260,4269
104.041905,30.248762,254,4270
103.78401,31.008124,-1,4271
103.940048,30.614152,96,4272
103.817827,30.634066,26,4273
103.995818,30.633517,-1,4274
104.555164,30.352728,126,4275
104.16064,30.599996,167,4276
104.049101,30.245594,-1,4277
103.857643,30.449676,-1,4278
104.247238,29.016497,-1,4279
103.675995,30.907813,-1,4280
103.95748,30.936174,-1,4281
104.294512,30.393387,-1,4282
103.871683,30.414957,-1,4283
104.107203,30.512056,-1,4284
104.886301,29.756982,-1,4285
104.489183,30.334037,-1,4286
103.695616,30.39566,299,4287
104.118255,30.757506,8,4288
103.708355,30.579992,-1,4289
103.796649,30.644267,218,4290
104.99104,29.54284,166,4291
103.914361,30.67559,201,4292
103.964592,30.636805,67,4293
103.900673,30.634054,-1,4294
104.398169,30.310077,-1,4295
103.796873,30.398397,-1,4296
104.090987,30.559879,233,4297
103.453744,30.472554,-1,4298
104.079235,30.818101,315,4299
103.936349,30.905817,62,4300
103.459677,30.747005,132,4301
103.964806,30.636864,67,4302
103.896475,30.666145,207,4303
104.090987,30.559879,233,4304
103.80227,30.45559,32,4305
103.952682,30.999564,168,4306
104.093436,30.580998,92,4307
104.17054,30.635594,181,4308
103.976856,30.653154,12,4309
104.555411,30.707841,-1,4310
104.056016,30.847835,88,4311
104.243396,30.645516,65,4312
104.432774,29.864751,-1,4313
104.277312,30.639597,-1,4314
104.235238,30.646837,5,4315
103.777152,30.636659,-1,4316
103.918019,30.684088,147,4317
104.391845,30.299893,54,4318
104.125149,30.769246,35,4319
103.912409,30.631104,182,4320
103.89886,30.615363,20,4321
104.25483,30.57946,33,4322
103.677731,30.338735,102,4323
104.112453,30.753014,238,4324
104.073936,30.718649,103,4325
103.951659,31.012987,-1,4326
104.178651,30.78306,14,4327
104.509385,30.41706,-1,4328
103.701473,30.602704,2,4329
104.300461,30.381908,44,4330
104.203691,30.726029,63,4331
103.937585,30.613975,30,4332
103.777152,30.636659,-1,4333
104.465403,30.866567,-1,4334
103.674911,30.645224,-1,4335
103.44439,30.751403,-1,4336
103.914656,30.63092,127,4337
104.227785,30.802368,335,4338
103.916762,30.683746,147,4339
103.851028,30.437158,130,4340
104.300461,30.381908,44,4341
104.164659,30.658998,15,4342
103.802209,30.455522,32,4343
104.134546,30.806019,112,4344
103.801768,31.165922,275,4345
103.942091,30.279746,-1,4346
104.326484,30.86021,64,4347
103.48982,31.336108,-1,4348
104.135371,29.979307,-1,4349
103.819778,30.665133,-1,4350
103.577759,30.851329,-1,4351
103.595542,30.662477,-1,4352
104.031973,30.857755,319,4353
104.565114,30.371106,163,4354
104.149998,30.622901,17,4355
103.796754,30.646654,205,4356
104.004852,30.484901,-1,4357
104.32441,30.9364,-1,4358
104.17054,30.635594,181,4359
103.961916,30.557816,-1,4360
103.863676,30.556822,334,4361
104.271033,30.960313,-1,4362
103.889066,30.384166,312,4363
103.914226,30.630488,127,4364
104.202201,30.72724,-1,4365
104.485967,30.492281,-1,4366
103.684642,30.300776,-1,4367
104.569397,30.372024,-1,4368
104.036635,30.296755,306,4369
104.224957,30.638746,282,4370
103.883187,30.41131,-1,4371
104.225212,30.672163,-1,4372
103.654304,30.298551,-1,4373
103.399234,29.923389,-1,4374
104.001032,30.762591,328,4375
104.045996,30.427244,187,4376
103.948134,30.327199,-1,4377
103.916509,30.369213,42,4378
104.244478,30.645757,65,4379
104.220768,30.638925,0,4380
104.164651,30.658771,15,4381
104.022279,30.501069,116,4382
104.020412,29.139487,222,4383
104.118647,30.75784,8,4384
103.939928,30.999892,148,4385
103.908761,30.5433,9,4386
104.245719,30.991695,-1,4387
104.149998,30.622901,17,4388
104.22471,30.794128,53,4389
104.090987,30.559879,233,4390
103.723576,30.660443,-1,4391
103.973306,30.991311,-1,4392
104.036546,30.29672,306,4393
104.118406,30.75719,8,4394
103.85441,30.625807,-1,4395
104.567695,30.388345,-1,4396
103.863827,30.346837,-1,4397
103.996991,30.757269,260,4398
104.323578,30.645001,272,4399
104.203378,30.726179,63,4400
103.936182,30.905596,62,4401
104.194361,30.587048,-1,4402
104.152752,30.781785,239,4403
104.237964,30.653178,13,4404
103.874432,30.417202,192,4405
104.229954,30.791729,-1,4406
104.136995,30.199426,-1,4407
103.816655,30.633727,26,4408
103.661053,30.96127,3,4409
104.522921,30.430053,149,4410
104.320585,30.278082,105,4411
103.917603,30.684363,147,4412
103.818178,30.634184,26,4413
104.08606,30.456744,131,4414
104.214058,30.651599,185,4415
104.120327,30.773961,70,4416
104.202118,30.734809,-1,4417
104.506724,30.726751,-1,4418
104.208402,30.524387,266,4419
103.937555,30.614922,30,4420
104.213532,30.744972,-1,4421
103.971149,30.650357,46,4422
104.170564,30.615325,165,4423
104.177405,30.718702,79,4424
103.842815,30.538901,-1,4425
104.056118,30.7634,245,4426
104.096343,30.541206,107,4427
103.936706,30.613466,30,4428
104.36562,30.789681,-1,4429
104.022534,30.459356,-1,4430
104.477783,30.489325,265,4431
104.066124,30.372621,316,4432
104.099419,30.610775,-1,4433
104.108581,30.464018,278,4434
103.874032,30.41725,192,4435
104.069485,30.76839,28,4436
104.576473,30.730004,-1,4437
104.561286,30.394956,-1,4438
104.120089,30.773182,70,4439
104.494603,31.731999,-1,4440
103.554747,30.555247,-1,4441
103.902538,30.658501,146,4442
103.955847,30.638781,-1,4443
102.958434,30.19338,-1,4444
103.990917,30.739337,264,4445
103.677354,30.338699,102,4446
104.114355,30.971729,-1,4447
104.462719,31.057261,-1,4448
104.521485,30.429659,149,4449
104.242923,30.645619,65,4450
103.995209,30.478214,-1,4451
103.97339,31.067969,-1,4452
103.892973,30.447814,221,4453
104.16159,30.599783,167,4454
104.218952,30.655292,55,4455
104.151592,30.795322,-1,4456
103.768737,30.471386,-1,4457
104.007473,30.554208,220,4458
104.320338,30.277407,105,4459
103.541794,31.420984,-1,4460
104.261274,31.078794,-1,4461
104.011053,30.519257,-1,4462
104.446294,30.351029,-1,4463
103.965136,30.614585,135,4464
104.141581,30.944986,-1,4465
103.961342,30.64492,-1,4466
103.952333,30.428222,133,4467
103.94115,30.584999,-1,4468
103.662896,30.970964,290,4469
104.164619,30.659032,15,4470
103.453921,30.471441,-1,4471
103.748395,30.574175,-1,4472
103.855379,31.293746,-1,4473
103.71041,29.091136,-1,4474
104.21467,30.651861,185,4475
103.802155,30.454882,32,4476
103.799367,31.239883,-1,4477
104.1347,30.805968,112,4478
103.895593,31.010755,-1,4479
103.651584,30.550696,-1,4480
103.960029,30.517146,115,4481
104.110487,30.509162,-1,4482
104.234742,30.646405,5,4483
104.56766,30.675191,-1,4484
103.967551,30.586132,251,4485
104.364649,30.430471,-1,4486
104.13947,30.693569,-1,4487
103.89715,30.836501,280,4488
104.168695,30.388824,-1,4489
104.125182,30.769537,35,4490
104.393196,30.299092,-1,4491
104.00797,30.525566,-1,4492
104.183712,30.486647,291,4493
103.662087,30.900044,-1,4494
104.785597,29.795979,-1,4495
103.820025,30.466117,-1,4496
104.308635,30.865091,34,4497
104.118512,30.757356,8,4498
103.535494,30.753544,-1,4499
104.14836,30.405135,-1,4500
103.959062,31.40661,-1,4501
103.756953,31.194484,68,4502
104.05714,30.846622,-1,4503
103.677252,30.339141,102,4504
104.022308,30.500937,116,4505
104.522066,30.429736,149,4506
104.489467,30.493716,23,4507
104.162422,30.557116,298,4508
103.74017,30.531357,-1,4509
103.908903,30.543221,9,4510
104.242916,30.645498,65,4511
104.107987,30.420491,162,4512
104.114452,30.415956,-1,4513
104.008697,30.590745,142,4514
104.512955,30.420132,225,4515
104.07084,30.727065,19,4516
104.204275,30.74012,214,4517
104.262102,30.807881,-1,4518
103.861162,30.803838,212,4519
103.713834,30.526308,134,4520
104.581949,30.113908,-1,4521
103.778712,31.032202,-1,4522
104.010004,30.76541,78,4523
104.22495,30.707396,-1,4524
104.226683,30.83639,-1,4525
104.035909,30.752112,-1,4526
103.952895,31.018761,-1,4527
104.339996,31.126268,270,4528
103.943603,30.499276,154,4529
103.825933,30.41753,-1,4530
104.106244,30.587303,57,4531
104.047396,30.654301,-1,4532
104.16604,30.712803,91,4533
103.872842,30.236749,-1,4534
104.10314,30.469258,1,4535
103.810658,30.439849,-1,4536
103.671363,30.332803,287,4537
104.278944,29.937095,-1,4538
103.710828,30.319806,-1,4539
103.799193,30.421264,-1,4540
104.315823,30.301991,39,4541
104.261097,30.656187,-1,4542
104.099198,30.495978,-1,4543
103.655032,30.926441,50,4544
103.920883,30.703116,199,4545
103.463321,30.749112,-1,4546
103.614025,30.964619,-1,4547
104.036515,30.8573,-1,4548
103.976607,30.652905,12,4549
104.214835,30.583483,10,4550
104.271742,30.864806,-1,4551
104.315857,30.30302,39,4552
104.042939,30.583034,-1,4553
104.090813,30.559712,233,4554
104.248721,30.558847,-1,4555
103.972284,30.542267,232,4556
104.990493,29.542407,166,4557
104.006921,30.234145,307,4558
104.175286,30.452616,-1,4559
104.804349,30.152794,-1,4560
103.970812,30.650147,46,4561
104.108185,30.552721,-1,4562
104.018171,30.444726,-1,4563
104.043773,30.205925,161,4564
104.008841,30.590564,142,4565
104.112475,30.752821,238,4566
104.20269,30.726066,63,4567
103.885699,30.165183,-1,4568
104.010661,30.741447,-1,4569
104.320788,30.327704,-1,4570
104.386104,30.765051,-1,4571
104.3488,31.050111,-1,4572
103.900657,31.049028,-1,4573
104.169193,30.532418,158,4574
103.865404,31.048365,-1,4575
104.53964,30.721982,-1,4576
103.49959,30.569701,94,4577
103.876254,30.221594,-1,4578
103.756515,30.363173,-1,4579
103.921014,30.702979,199,4580
103.923202,30.717108,18,4581
103.956728,30.030478,310,4582
104.161659,30.599668,167,4583
103.33463,30.334002,-1,4584
103.884749,30.388722,273,4585
104.066502,30.771397,-1,4586
103.965001,30.310052,137,4587
104.177557,30.72729,-1,4588
103.602849,30.902839,-1,4589
103.459889,30.746851,132,4590
103.452963,30.47461,27,4591
104.168052,30.659539,-1,4592
103.837796,29.772115,-1,4593
103.681707,30.612769,-1,4594
104.010197,30.745088,-1,4595
104.323302,30.644881,272,4596
103.920896,30.540342,-1,4597
104.244282,30.645511,65,4598
104.867802,29.745702,-1,4599
104.966171,30.482352,-1,4600
104.97308,29.870568,123,4601
104.23479,30.646171,5,4602
104.29762,31.034953,-1,4603
104.088322,30.741861,-1,4604
104.160937,30.643411,317,4605
104.439177,30.980498,-1,4606
104.120874,30.501788,249,4607
104.094691,30.462985,-1,4608
104.234854,30.64607,5,4609
103.500028,30.750811,-1,4610
103.790851,30.667107,200,4611
103.849323,30.540358,-1,4612
104.626928,30.902748,-1,4613
104.555285,30.352677,126,4614
104.095594,30.536037,-1,4615
103.533015,30.693929,208,4616
103.896705,30.666605,207,4617
104.043655,30.446411,51,4618
103.923098,30.716693,18,4619
104.180107,30.550415,-1,4620
103.415076,30.75731,-1,4621
104.034565,30.489665,-1,4622
104.195811,30.85921,210,4623
104.268661,30.578804,292,4624
103.601738,30.831239,-1,4625
103.935804,30.905598,62,4626
104.002027,30.884144,124,4627
103.821885,31.260592,-1,4628
104.236244,30.646298,5,4629
103.960899,30.59665,-1,4630
104.118127,30.756948,8,4631
104.312345,30.874833,-1,4632
103.991229,30.884668,-1,4633
103.916702,30.397718,4,4634
104.002764,30.61561,-1,4635
104.201635,30.739378,150,4636
104.257722,29.020018,-1,4637
103.961748,30.548516,-1,4638
103.969507,30.36647,99,4639
104.278268,31.127236,-1,4640
104.203802,30.725976,63,4641
103.674508,29.779957,-1,4642
103.886524,30.528186,198,4643
104.430016,30.472171,-1,4644
104.537169,30.365925,202,4645
104.106211,30.58735,57,4646
103.683973,30.947993,-1,4647
104.069972,30.768533,28,4648
103.588433,30.773208,-1,4649
104.118439,30.757128,8,4650
103.972875,30.991347,-1,4651
104.521389,30.429782,149,4652
103.797554,31.240904,-1,4653
104.296038,30.993602,164,4654
104.07596,30.746368,-1,4655
104.135129,30.805919,112,4656
104.125346,30.769634,35,4657
103.814212,30.632985,26,4658
104.087221,30.804282,-1,4659
104.046489,30.428073,187,4660
103.947677,30.554093,-1,4661
104.070792,30.727048,19,4662
104.048347,30.427867,187,4663
103.887269,30.528648,198,4664
103.914826,30.630925,127,4665
104.174639,30.715342,36,4666
103.790456,30.666476,200,4667
104.354139,30.436247,191,4668
104.136508,30.37766,-1,4669
104.32357,30.645012,272,4670
104.001915,30.884452,124,4671
103.798094,31.168626,-1,4672
104.17054,30.635594,181,4673
104.513549,30.51292,-1,4674
103.806568,31.171613,155,4675
104.220769,30.63882,0,4676
104.535418,30.403016,-1,4677
103.887906,30.556312,259,4678
104.08002,30.512636,-1,4679
104.071332,30.725201,73,4680
104.164383,30.658772,15,4681
104.204278,30.740119,214,4682
104.077183,30.374572,-1,4683
103.670181,30.653275,-1,4684
104.213997,30.552222,-1,4685
103.97079,30.650328,46,4686
104.029213,30.721671,-1,4687
104.216348,30.52238,-1,4688
103.726084,30.559468,-1,4689
104.584666,30.703723,-1,4690
104.011841,30.74772,-1,4691
104.320505,30.277998,105,4692
104.226554,30.644414,-1,4693
103.929469,30.699619,174,4694
103.7251,30.332153,-1,4695
103.147253,30.461352,-1,4696
104.050442,30.476754,45,4697
103.914139,30.675557,201,4698
103.959985,30.517214,115,4699
103.936753,30.781362,-1,4700
104.046798,30.427799,187,4701
103.801051,30.637422,-1,4702
104.269342,30.729291,-1,4703
104.086601,30.567669,-1,4704
104.112047,30.752728,238,4705
104.203421,30.725965,63,4706
104.234502,30.646171,5,4707
104.044224,30.446861,51,4708
103.915258,30.387885,-1,4709
104.115588,30.378429,231,4710
104.226469,30.861906,-1,4711
104.168935,30.741429,11,4712
104.24262,30.650418,7,4713
103.575035,30.336553,-1,4714
104.014949,30.841963,-1,4715
103.874167,30.774004,336,4716
104.071086,30.725315,73,4717
104.186071,30.756656,-1,4718
104.478301,30.489635,265,4719
103.601069,31.064716,41,4720
104.179573,30.619497,304,4721
104.225525,30.512713,-1,4722
104.00838,30.5664,-1,4723
103.867637,30.535044,301,4724
104.164623,30.658683,15,4725
103.936996,30.613297,30,4726
104.195412,30.85915,210,4727
104.320115,30.277235,105,4728
104.236021,30.64672,5,4729
104.115636,30.584645,337,4730
104.139885,30.826368,329,4731
103.835464,30.816077,-1,4732
103.633895,30.952572,-1,4733
103.678734,30.904345,-1,4734
103.455979,30.431145,338,4735
103.807036,30.96771,-1,4736
104.326474,30.860188,64,4737
104.488623,30.460846,-1,4738
104.255345,30.859593,80,4739
103.969652,30.366603,99,4740
104.455452,30.486077,-1,4741
104.203168,30.74779,-1,4742
104.056909,30.647407,-1,4743
103.969419,30.982068,86,4744
103.723576,30.660443,-1,4745
104.106608,30.593197,-1,4746
103.701685,30.602608,2,4747
104.1347,30.805968,112,4748
104.243263,30.645989,65,4749
104.149077,30.8392,-1,4750
103.888047,30.50697,-1,4751
104.225097,30.63898,282,4752
104.323395,30.645023,272,4753
103.897052,30.836314,280,4754
104.583943,30.355106,190,4755
104.069849,30.768933,28,4756
103.936626,30.613942,30,4757
103.90285,30.658423,146,4758
103.441103,30.75135,-1,4759
103.927231,30.462669,-1,4760
103.533991,30.694801,-1,4761
103.749531,30.530381,128,4762
103.723559,30.451111,-1,4763
104.136555,30.712919,-1,4764
104.43816,30.356804,342,4765
104.604979,30.881105,-1,4766
103.892955,30.514017,84,4767
102.227442,29.787643,-1,4768
103.788041,31.169384,-1,4769
104.643687,30.694176,-1,4770
104.242923,30.645819,65,4771
103.892868,30.447682,221,4772
103.901966,30.834297,90,4773
104.234838,30.645938,5,4774
104.125182,30.769537,35,4775
104.1655,30.658981,15,4776
104.222055,30.834892,-1,4777
103.882883,30.665999,152,4778
103.810658,30.439849,-1,4779
104.523135,30.36175,-1,4780
103.643455,30.470112,186,4781
103.673948,30.612779,-1,4782
103.909856,30.544371,9,4783
104.326337,30.860325,64,4784
103.850985,30.367911,-1,4785
104.041405,30.593212,81,4786
104.24256,30.651039,7,4787
103.559786,30.548919,188,4788
104.804357,30.154092,-1,4789
104.505613,30.354089,262,4790
104.269036,30.578939,292,4791
104.192747,30.540368,-1,4792
103.831618,30.667477,322,4793
104.060042,30.650539,-1,4794
104.170768,30.614963,165,4795
103.662663,30.970631,290,4796
104.112875,30.752825,238,4797
103.402271,30.739482,-1,4798
104.09321,30.581748,92,4799
104.235294,30.64667,5,4800
103.856409,30.784867,-1,4801
104.33028,30.901725,-1,4802
104.326427,30.860228,64,4803
104.204623,30.730778,227,4804
103.993375,30.764575,215,4805
104.533691,29.759876,281,4806
103.458885,30.98784,-1,4807
104.269121,30.578832,292,4808
103.891407,30.410017,257,4809
104.185782,30.718696,16,4810
104.10692,30.490812,172,4811
104.202479,30.734754,-1,4812
104.334881,30.643582,-1,4813
104.242494,30.650289,7,4814
104.234958,30.64582,5,4815
103.785983,30.428267,-1,4816
104.378094,30.313479,308,4817
103.745588,30.721279,-1,4818
103.93697,30.61327,30,4819
103.886849,30.528351,198,4820
104.32337,30.342306,75,4821
104.431863,30.384907,-1,4822
104.195861,30.858944,210,4823
104.223475,30.794507,53,4824
103.95748,30.936174,-1,4825
103.939808,30.620996,339,4826
103.988188,30.628121,325,4827
104.079128,30.818183,315,4828
104.171949,30.659822,140,4829
103.996991,30.757269,260,4830
103.893003,30.447299,221,4831
103.948134,30.327265,-1,4832
104.533988,29.759405,281,4833
103.857384,31.076908,-1,4834
104.198058,30.752159,-1,4835
103.674835,30.902547,-1,4836
103.78143,30.640286,-1,4837
104.04425,30.44692,51,4838
103.837505,30.35755,160,4839
104.243157,30.650418,7,4840
104.003608,30.482876,-1,4841
104.145853,30.707195,-1,4842
104.140471,30.827323,329,4843
104.231883,30.639538,97,4844
104.335403,30.328881,-1,4845
104.072748,30.718758,103,4846
103.994473,30.6158,-1,4847
103.9343,30.582188,-1,4848
103.646916,30.935437,-1,4849
103.952477,30.428016,133,4850
104.109141,30.505477,-1,4851
104.203156,30.726152,63,4852
104.006128,30.592271,144,4853
104.198058,30.752159,-1,4854
103.944693,30.507405,-1,4855
103.877045,30.417267,-1,4856
103.914705,30.419373,213,4857
104.244687,30.645486,65,4858
104.017649,30.444607,-1,4859
104.12042,30.7734,70,4860
104.160545,30.643586,317,4861
103.819214,31.659813,-1,4862
103.896551,30.666246,207,4863
104.296002,30.99366,164,4864
103.917637,30.742625,203,4865
104.169141,30.74136,11,4866
104.10693,30.491305,172,4867
104.051043,30.4768,45,4868
103.384199,30.73148,136,4869
104.224396,30.675268,204,4870
104.323548,30.644984,272,4871
104.421844,30.881482,-1,4872
103.823413,30.610492,211,4873
103.533015,30.693929,208,4874
104.122146,30.539682,228,4875
104.39654,31.064942,-1,4876
103.893012,30.513795,84,4877
103.468503,30.434382,-1,4878
104.085879,30.456644,131,4879
103.628381,30.72731,151,4880
103.935331,30.905331,62,4881
103.64922,30.335416,-1,4882
103.662087,30.900044,-1,4883
104.222114,30.908749,-1,4884
104.33377,30.398855,-1,4885
103.964587,30.636934,67,4886
103.970176,30.650211,46,4887
103.887338,30.592843,340,4888
104.022532,30.459353,-1,4889
104.195664,31.677613,-1,4890
104.574956,30.435892,-1,4891
104.198298,30.581871,114,4892
104.106935,30.491092,172,4893
103.654832,30.664467,-1,4894
103.92668,30.946991,240,4895
103.608246,30.971086,-1,4896
104.061548,30.418942,95,4897
104.18822,30.793345,-1,4898
103.855903,30.334716,-1,4899
104.093901,30.581019,92,4900
104.564995,30.387013,183,4901
103.884945,30.665461,-1,4902
104.16119,30.447301,-1,4903
104.030727,30.807915,320,4904
104.523033,30.436206,-1,4905
103.885404,30.581857,-1,4906
103.661954,30.919927,-1,4907
104.22498,30.793941,53,4908
103.994507,30.780449,-1,4909
103.937749,30.614064,30,4910
103.681928,30.596626,236,4911
103.80227,30.45559,32,4912
103.70167,30.602571,2,4913
103.85107,30.820331,43,4914
104.217641,30.847649,-1,4915
104.02233,30.459449,-1,4916
104.038918,30.533216,-1,4917
104.235462,30.64662,5,4918
104.231951,30.639647,97,4919
104.533793,29.759883,281,4920
103.995404,30.612623,156,4921
103.973674,31.032202,341,4922
103.977676,30.688176,24,4923
104.185893,30.719531,16,4924
104.344958,31.056075,-1,4925
104.202303,30.608114,-1,4926
103.855891,30.823875,-1,4927
104.504909,30.686347,-1,4928
104.447354,30.477653,-1,4929
103.964367,30.637192,67,4930
104.177936,30.777961,-1,4931
103.939773,30.745316,-1,4932
103.870664,30.702157,122,4933
104.071062,30.769063,-1,4934
103.87283,30.779309,38,4935
103.810706,30.631329,26,4936
103.879106,30.197874,109,4937
103.86615,30.304531,-1,4938
103.993431,30.764709,215,4939
103.938413,30.616274,234,4940
104.526406,30.430933,-1,4941
104.138684,30.519632,-1,4942
104.489231,30.493988,23,4943
103.916818,30.684046,147,4944
102.287065,29.184178,-1,4945
104.402065,30.997254,-1,4946
104.3265,30.860345,64,4947
103.964053,30.615229,135,4948
103.798829,31.167316,326,4949
103.965027,30.310132,137,4950
104.18811,30.514587,61,4951
103.749234,30.530365,128,4952
104.214851,30.583531,10,4953
103.924349,30.949644,98,4954
104.286545,30.678926,-1,4955
104.043814,30.206026,161,4956
102.645675,30.933778,-1,4957
103.887423,30.593103,340,4958
103.983884,30.572962,47,4959
104.203471,30.726281,63,4960
104.133169,30.391161,-1,4961
103.892713,30.397819,-1,4962
103.854431,31.292821,-1,4963
103.935416,30.905582,62,4964
104.215381,30.820726,224,4965
104.22523,30.707588,-1,4966
104.238721,30.562352,-1,4967
103.890396,30.248316,-1,4968
103.48982,31.336108,-1,4969
104.114353,30.750231,241,4970
104.043193,30.447136,51,4971
103.501516,30.555871,-1,4972
104.147104,30.40595,-1,4973
104.221466,30.544475,-1,4974
104.023642,30.541919,-1,4975
103.908446,30.660602,323,4976
104.244152,30.645429,65,4977
103.647369,30.951692,22,4978
103.981289,30.785408,121,4979
104.268987,31.015367,-1,4980
104.106287,30.740357,289,4981
104.125223,30.794906,-1,4982
104.052406,30.245917,217,4983
104.255561,30.531012,283,4984
103.887057,30.528553,198,4985
103.890186,30.479173,237,4986
104.112058,30.753163,238,4987
104.224034,30.566613,157,4988
104.073751,30.695622,-1,4989
104.162107,30.55663,298,4990
103.738042,30.511395,271,4991
103.79276,30.461016,-1,4992
102.226414,31.897155,-1,4993
103.671907,30.317228,108,4994
103.840406,30.359706,288,4995
103.945887,30.470974,-1,4996
103.602379,30.98297,-1,4997
103.946809,30.472256,-1,4998
103.971341,30.65039,46,4999
103.87265,30.779382,38,5000
103.816107,30.675142,-1,5001
104.00607,30.233177,307,5002
103.977732,30.688526,24,5003
104.107189,30.512603,-1,5004
103.455979,30.431145,338,5005
103.923386,30.716622,18,5006
103.9409,30.934045,-1,5007
104.203466,30.726054,63,5008
104.163992,30.391983,-1,5009
103.766973,30.039621,-1,5010
103.81617,30.486067,-1,5011
104.023294,30.45916,-1,5012
103.93558,30.905416,62,5013
103.540153,31.050352,71,5014
104.761727,30.615491,-1,5015
103.942836,30.797423,-1,5016
103.9894,30.531477,-1,5017
104.339812,31.126054,270,5018
103.969073,31.007922,-1,5019
103.912107,30.630949,182,5020
104.235983,30.6468,5,5021
104.596215,31.766967,-1,5022
103.946452,30.937628,-1,5023
103.699815,30.523221,-1,5024
104.181268,30.534398,242,5025
103.835992,30.617663,-1,5026
104.004981,31.046434,-1,5027
103.936799,30.937208,-1,5028
104.298088,30.390278,-1,5029
103.806191,31.171671,155,5030
104.979303,31.536194,-1,5031
104.047268,30.42751,187,5032
104.216947,30.571909,87,5033
104.034195,30.60551,-1,5034
104.590681,30.388528,-1,5035
104.16524,30.659117,15,5036
103.98483,30.573036,47,5037
104.04158,30.529461,-1,5038
103.929278,30.699392,174,5039
103.969659,30.982142,86,5040
104.2987,30.992153,-1,5041
104.081468,30.493468,-1,5042
103.481611,30.762154,-1,5043
103.888806,30.665847,-1,5044
104.114891,30.971864,-1,5045
103.586032,30.388368,-1,5046
104.04649,30.428139,187,5047
104.502138,30.472709,-1,5048
104.224088,30.566316,157,5049
103.908132,30.671425,-1,5050
103.676673,30.950478,-1,5051
104.008708,30.590498,142,5052
104.784146,30.834726,-1,5053
104.123606,30.912435,-1,5054
103.915103,30.387782,-1,5055
104.496304,30.417846,-1,5056
104.00337,30.73469,52,5057
103.838185,30.360933,248,5058
103.737762,30.512255,271,5059
103.849383,30.811635,-1,5060
104.106758,30.740508,289,5061
104.325193,30.645868,-1,5062
104.53387,30.405052,-1,5063
104.208482,30.524183,266,5064
104.112081,31.07591,279,5065
103.777628,30.7436,-1,5066
103.709044,30.393363,295,5067
104.168832,30.741354,11,5068
103.741019,30.631756,-1,5069
103.194945,30.141157,-1,5070
104.203563,30.726073,63,5071
104.601568,30.876108,-1,5072
103.818564,30.797089,93,5073
103.819097,30.797194,93,5074
103.701859,30.602622,2,5075
103.553432,30.220537,74,5076
103.994862,30.246812,-1,5077
103.964616,30.636997,67,5078
104.203128,30.648984,-1,5079
104.083352,30.779555,-1,5080
103.916349,30.369497,42,5081
103.964447,30.810486,-1,5082
103.937929,30.614171,30,5083
104.175255,30.66433,195,5084
104.390098,31.063351,-1,5085
103.461901,30.383504,-1,5086
103.884729,30.388494,273,5087
103.819365,30.574401,-1,5088
103.875561,30.480884,180,5089
103.922491,30.867436,-1,5090
103.553597,30.744212,-1,5091
103.902182,30.835036,90,5092
103.653078,30.920722,294,5093
104.099598,30.467136,83,5094
104.393115,30.283756,235,5095
104.096287,30.537939,-1,5096
104.013697,30.225833,-1,5097
104.401967,30.868046,-1,5098
104.077473,30.794624,-1,5099
103.95213,30.428216,133,5100
104.479325,30.490536,263,5101
104.268819,31.015291,-1,5102
103.861551,30.80412,212,5103
104.060629,31.245481,-1,5104
104.049403,31.247875,-1,5105
103.788398,31.035906,-1,5106
103.816391,30.633621,26,5107
103.844573,29.789332,-1,5108
103.9708,30.650112,46,5109
104.745608,30.451686,101,5110
103.678463,31.029698,72,5111
104.235934,30.848772,-1,5112
104.243127,30.650083,7,5113
103.886735,30.528299,198,5114
104.575976,30.347362,-1,5115
103.661107,30.961139,3,5116
103.922481,30.867345,-1,5117
104.16973,30.527941,-1,5118
104.18822,30.793345,-1,5119
104.567208,31.286323,-1,5120
104.203426,30.726265,63,5121
104.199799,30.861719,-1,5122
103.917563,30.742725,203,5123
103.654955,30.92702,50,5124
103.935849,30.905457,62,5125
104.498649,30.428229,285,5126
103.994354,30.952541,-1,5127
103.643319,30.469908,186,5128
104.147058,30.777592,-1,5129
103.070639,30.018983,-1,5130
104.069732,30.768824,28,5131
104.312573,30.289484,-1,5132
104.044312,30.447012,51,5133
104.161303,30.599484,167,5134
103.890274,30.59826,-1,5135
103.743882,30.39563,-1,5136
104.636437,30.927823,-1,5137
104.029353,31.046125,-1,5138
103.792376,29.72324,-1,5139
104.008107,30.718603,286,5140
103.915091,30.861452,-1,5141
103.921058,30.703026,199,5142
104.237833,30.65288,13,5143
103.887257,30.528567,198,5144
104.003895,30.606113,111,5145
102.961983,30.187589,-1,5146
103.952244,30.796102,243,5147
103.777152,30.636659,-1,5148
103.861257,30.445512,82,5149
104.397382,30.327755,-1,5150
103.937074,30.61322,30,5151
103.8995,31.007604,-1,5152
104.119937,30.772786,70,5153
103.938525,30.616256,234,5154
103.916914,30.683896,147,5155
103.90185,30.834378,90,5156
104.095653,30.541063,107,5157
103.893075,30.447436,221,5158
104.315753,30.303017,39,5159
104.045419,30.445543,51,5160
104.202759,30.72588,63,5161
104.032401,30.738888,-1,5162
103.819113,30.797276,93,5163
104.392534,30.33401,-1,5164
104.292693,30.391408,25,5165
104.234901,30.64693,5,5166
103.653151,30.920287,294,5167
104.261789,29.019286,-1,5168
104.378066,30.455491,332,5169
104.24629,30.270854,-1,5170
103.91254,30.824848,138,5171
103.723368,30.451173,-1,5172
103.476148,30.430427,-1,5173
103.929475,30.941226,-1,5174
104.353497,30.996002,318,5175
104.173722,30.66235,-1,5176
103.981531,30.785312,121,5177
104.162457,30.557159,298,5178
103.857466,31.076959,-1,5179
104.086724,30.804473,-1,5180
103.988859,30.627462,325,5181
104.095614,30.462956,-1,5182
103.456682,30.431692,338,5183
103.695995,31.015951,-1,5184
103.598042,30.864883,-1,5185
104.224183,30.674947,204,5186
104.111782,30.754257,-1,5187
103.97708,30.653155,12,5188
104.961747,30.224162,-1,5189
103.936213,30.905633,62,5190
103.873791,30.773805,336,5191
104.212973,30.650314,-1,5192
103.553033,30.221304,74,5193
103.965434,30.636867,67,5194
103.586398,30.388247,-1,5195
104.32655,30.860298,64,5196
103.940273,30.620884,339,5197
103.683729,30.8811,-1,5198
104.32334,30.645018,272,5199
103.883712,30.665908,152,5200
104.147058,30.777592,-1,5201
103.760254,30.665134,-1,5202
103.879929,30.404311,159,5203
103.867159,30.534983,301,5204
104.255326,30.859608,80,5205
103.936411,30.613831,30,5206
103.866004,30.44042,-1,5207
103.846772,30.437948,153,5208
103.541044,31.049638,71,5209
104.112451,30.753011,238,5210
104.106922,30.490813,172,5211
104.590681,30.388528,-1,5212
103.912733,30.824959,138,5213
104.115587,30.378459,231,5214
104.21418,30.65165,185,5215
103.940648,30.614058,96,5216
104.505891,30.353607,262,5217
104.513525,30.513002,-1,5218
103.460256,30.746973,132,5219
103.383898,30.731603,136,5220
103.846676,30.4378,153,5221
103.937776,30.614393,30,5222
103.994182,30.764679,215,5223
104.618101,30.683242,-1,5224
103.496152,30.558707,-1,5225
103.859863,30.301338,-1,5226
103.4154,30.757394,-1,5227
104.223587,30.794236,53,5228
103.87274,30.779325,38,5229
104.501224,30.354338,193,5230
103.882965,30.665928,152,5231
103.720741,30.823038,-1,5232
104.584614,30.35538,190,5233
103.971149,30.650389,46,5234
103.880261,30.604185,-1,5235
103.794924,30.441227,314,5236
103.976928,30.653252,12,5237
104.07136,30.728305,19,5238
104.018123,30.442441,-1,5239
103.859263,30.827722,120,5240
104.196893,30.59021,169,5241
104.118833,30.756939,8,5242
104.084714,30.455444,-1,5243
104.355148,30.994938,-1,5244
104.357482,30.660648,-1,5245
104.973683,29.870369,123,5246
104.347566,30.734349,-1,5247
104.508659,30.354565,300,5248
104.513549,30.51292,-1,5249
103.884749,30.388722,273,5250
104.046847,30.427967,187,5251
103.1292,30.094204,-1,5252
104.223489,30.794307,53,5253
103.621919,30.929668,-1,5254
104.172712,30.483969,66,5255
104.675853,30.084313,-1,5256
103.453155,30.469926,-1,5257
104.242956,30.645498,65,5258
104.112061,30.753119,238,5259
103.940298,30.614218,96,5260
104.209067,30.52344,266,5261
104.535418,30.402932,-1,5262
104.178188,30.727773,-1,5263
104.355602,30.556199,-1,5264
104.576473,30.730004,-1,5265
104.224539,30.793933,53,5266
103.797343,30.643747,218,5267
104.40375,30.31163,-1,5268
103.532163,31.404459,110,5269
104.300461,30.381908,44,5270
104.06743,30.647165,-1,5271
103.701381,30.602462,2,5272
103.799367,31.239883,-1,5273
104.991134,29.542969,166,5274
103.920818,30.540857,-1,5275
103.912083,30.798619,246,5276
104.326366,30.860488,64,5277
104.075527,30.238834,119,5278
104.237833,30.65288,13,5279
104.323413,30.296291,-1,5280
104.190139,30.662354,89,5281
104.216348,30.52238,-1,5282
104.323314,30.64492,272,5283
103.902026,30.658411,146,5284
103.807536,29.677951,-1,5285
103.876296,30.491404,184,5286
103.833017,30.421559,-1,5287
104.393283,30.283556,235,5288
104.564343,30.385486,-1,5289
104.118759,30.757752,8,5290
104.125393,30.769627,35,5291
104.223613,30.675431,204,5292
104.33288,30.756032,-1,5293
103.647547,30.954427,-1,5294
104.112471,30.752841,238,5295
103.81872,30.634283,26,5296
103.601181,31.064726,41,5297
104.022297,30.619442,-1,5298
103.870648,30.702157,122,5299
104.106947,30.587103,57,5300
103.843508,30.673437,-1,5301
104.124806,30.769033,35,5302
104.301411,30.386412,-1,5303
103.828493,31.269954,-1,5304
104.2036,30.726145,63,5305
103.954782,30.491727,-1,5306
104.056915,30.648989,-1,5307
103.742599,30.533864,-1,5308
104.189993,30.772933,-1,5309
104.234569,30.646187,5,5310
103.479826,30.428118,284,5311
103.850867,30.820487,43,5312
104.065248,30.179287,-1,5313
104.497089,30.493014,-1,5314
103.696068,31.84039,-1,5315
103.477167,31.318806,-1,5316
104.393067,30.283472,235,5317
103.861341,30.445694,82,5318
104.323239,30.645048,272,5319
103.93712,30.613222,30,5320
104.249598,30.860373,-1,5321
103.414093,31.061873,-1,5322
104.48943,30.494019,23,5323
103.774522,30.439695,-1,5324
103.841594,30.845074,-1,5325
103.496135,30.548552,-1,5326
104.001967,30.884123,124,5327
104.497551,30.47564,-1,5328
103.499191,30.569416,94,5329
104.308611,30.865154,34,5330
104.00456,30.592481,37,5331
104.036595,30.296885,306,5332
104.604721,30.386567,-1,5333
104.22346,30.79428,53,5334
103.653287,30.920439,294,5335
104.244097,30.645462,65,5336
104.167479,30.473766,-1,5337
103.55261,30.531323,171,5338
104.112443,30.75298,238,5339
104.489542,30.494019,23,5340
103.673881,30.732171,-1,5341
103.926869,30.513318,-1,5342
104.020893,29.139276,222,5343
104.023667,30.541935,-1,5344
103.920932,30.702835,199,5345
103.698012,30.404129,-1,5346
104.044312,30.447012,51,5347
104.093194,30.581283,92,5348
103.438067,30.941686,-1,5349
104.220963,30.834957,-1,5350
104.51301,30.42023,225,5351
104.320371,30.278164,105,5352
103.676937,30.338682,102,5353
104.045315,30.445714,51,5354
104.320626,30.281466,-1,5355
104.071204,30.727277,19,5356
104.065922,30.37309,316,5357
103.97382,31.032166,341,5358
103.71066,30.319722,-1,5359
103.96655,30.813533,-1,5360
103.812436,30.571529,-1,5361
104.175391,30.66443,195,5362
104.220766,30.638884,0,5363
104.112428,30.753075,238,5364
104.007794,30.554427,220,5365
104.14952,30.622681,17,5366
103.846492,30.021009,-1,5367
103.82421,30.422841,-1,5368
103.678118,31.029696,72,5369
103.924349,30.949644,98,5370
104.069612,30.768427,28,5371
104.235038,30.646054,5,5372
103.680751,30.895029,-1,5373
103.963925,30.615294,135,5374
103.639927,30.959419,-1,5375
103.902658,30.658477,146,5376
103.970625,30.988736,-1,5377
103.936601,30.614007,30,5378
102.28717,29.184327,-1,5379
104.010061,30.765355,78,5380
103.846432,30.42858,-1,5381
104.175485,30.715238,36,5382
103.888177,30.556246,259,5383
103.65517,30.895256,-1,5384
104.235954,30.647023,5,5385
104.048363,30.427817,187,5386
104.241249,30.958142,-1,5387
104.099405,30.467102,83,5388
103.802469,30.185283,-1,5389
103.963593,30.624651,-1,5390
103.701638,30.602574,2,5391
104.224081,30.566314,157,5392
104.244844,30.645716,65,5393
103.895803,30.666271,207,5394
104.223961,30.566598,157,5395
104.227928,30.802586,335,5396
103.725097,30.559026,-1,5397
103.897443,30.836529,280,5398
104.266809,30.856443,-1,5399
104.234774,30.646471,5,5400
103.986227,30.723755,-1,5401
104.169155,30.532045,158,5402
104.320115,30.277235,105,5403
103.280375,30.165802,-1,5404
104.627787,30.922044,-1,5405
104.505743,30.433823,-1,5406
103.780007,31.218248,-1,5407
103.523404,30.207336,-1,5408
104.553674,30.430944,-1,5409
104.321378,31.116646,-1,5410
104.537373,30.365906,202,5411
102.062553,31.516843,-1,5412
103.937612,30.619073,253,5413
103.916046,30.369325,42,5414
104.112454,30.753015,238,5415
104.301199,30.386712,-1,5416
103.478748,30.427619,284,5417
104.181299,30.534439,242,5418
103.887134,30.528522,198,5419
103.824456,30.422836,-1,5420
104.201338,30.733423,244,5421
104.003487,30.482974,-1,5422
104.544785,30.429868,-1,5423
104.12073,30.501658,249,5424
103.912638,30.63099,182,5425
103.699717,30.523287,-1,5426
103.818149,30.846939,-1,5427
104.542881,30.72154,-1,5428
104.162042,30.599923,167,5429
103.982409,30.784506,121,5430
103.677943,31.029999,72,5431
104.234542,30.646337,5,5432
104.296638,30.993501,164,5433
104.242945,30.645709,65,5434
103.602849,30.902839,-1,5435
104.156003,30.84229,-1,5436
104.979303,31.536194,-1,5437
104.326516,30.860028,64,5438
104.007608,30.553918,220,5439
103.851039,30.437253,130,5440
103.886837,30.820267,197,5441
103.506026,30.559294,49,5442
104.326395,30.860194,64,5443
103.796867,30.852543,-1,5444
103.991192,30.495056,-1,5445
104.124806,30.769033,35,5446
104.209975,30.901594,-1,5447
104.513549,30.512954,-1,5448
103.452228,30.374379,-1,5449
103.916565,30.369447,42,5450
104.226005,30.525182,76,5451
103.886657,30.528538,198,5452
104.198425,30.582156,114,5453
104.178758,30.78305,14,5454
102.250863,29.751228,-1,5455
104.118663,30.757608,8,5456
104.271535,30.864829,-1,5457
104.102042,30.576524,-1,5458
103.935897,30.614135,30,5459
104.198362,30.581939,114,5460
104.00337,30.734838,52,5461
103.740256,30.356772,-1,5462
103.540813,31.050663,71,5463
103.661301,30.961145,3,5464
104.168935,30.741429,11,5465
104.198609,30.582205,114,5466
104.038917,30.359982,-1,5467
103.49723,30.546019,296,5468
104.213532,30.744972,-1,5469
103.988702,30.627806,325,5470
103.893133,30.447324,221,5471
104.121459,30.539683,228,5472
104.105931,30.58745,57,5473
104.537245,30.36597,202,5474
104.056111,30.847931,88,5475
103.998628,30.7555,-1,5476
104.29816,30.390245,-1,5477
104.397297,30.824157,-1,5478
103.871915,30.415022,-1,5479
104.596976,30.69904,-1,5480
104.152572,30.602025,-1,5481
104.071224,30.82028,-1,5482
104.112088,30.753173,238,5483
103.796478,31.237104,178,5484
103.917406,30.742898,203,5485
103.458548,30.746891,132,5486
104.207678,31.187344,-1,5487
103.84565,31.28274,-1,5488
104.168807,30.741731,11,5489
104.487316,30.492893,23,5490
103.955806,31.007561,-1,5491
104.118807,30.757588,8,5492
103.978911,30.467515,-1,5493
104.061364,30.418962,95,5494
103.710221,29.19303,-1,5495
104.114506,30.750306,241,5496
104.278268,31.127236,-1,5497
103.64024,30.465892,48,5498
104.004852,30.484901,-1,5499
104.496497,30.418138,-1,5500
104.066202,31.066781,-1,5501
104.087493,30.726266,-1,5502
103.896643,30.666219,207,5503
104.487467,30.49294,23,5504
104.111842,30.77008,-1,5505
103.860158,31.065287,-1,5506
104.176801,30.771163,-1,5507
104.209975,30.901594,-1,5508
104.082913,30.465243,-1,5509
104.188208,30.87423,-1,5510
104.037114,30.1481,145,5511
104.005882,30.515561,-1,5512
103.627108,30.970258,-1,5513
103.879824,30.40434,159,5514
104.582222,30.352782,-1,5515
104.473678,30.486195,-1,5516
103.776665,30.636794,-1,5517
103.957968,30.722757,-1,5518
104.387178,30.302574,-1,5519
104.339427,30.666803,-1,5520
103.759305,31.197432,-1,5521
103.763198,30.396079,-1,5522
103.871915,30.415022,-1,5523
103.465335,30.754385,-1,5524
103.876457,30.500886,247,5525
103.969234,30.366527,99,5526
103.70167,30.602571,2,5527
103.601173,31.064822,41,5528
104.120102,30.772586,70,5529
103.678401,31.030043,72,5530
104.114506,30.750306,241,5531
104.169555,30.741393,11,5532
104.503721,30.418518,-1,5533
103.942327,30.847677,302,5534
104.182664,30.717506,-1,5535
104.447596,30.857584,267,5536
104.318495,30.861312,106,5537
104.334854,30.643612,-1,5538
104.079077,30.818192,315,5539
104.74554,30.451735,101,5540
103.477679,30.428796,-1,5541
104.369954,30.723263,-1,5542
103.897128,30.836564,280,5543
104.312389,30.298253,303,5544
104.326891,30.306247,230,5545
104.001561,30.127794,256,5546
103.573836,31.044582,-1,5547
104.308822,30.865515,34,5548
103.617637,30.994656,-1,5549
103.972179,30.542451,232,5550
104.227352,30.788883,-1,5551
104.497881,30.450864,-1,5552
103.797003,30.643495,218,5553
104.668911,30.087882,-1,5554
103.969772,30.5715,-1,5555
104.204639,30.730926,227,5556
103.678085,31.029727,72,5557
103.536706,30.569835,-1,5558
104.096267,30.542516,107,5559
104.378413,30.282913,-1,5560
103.779021,30.40737,-1,5561
103.663948,30.673329,-1,5562
103.459713,30.746652,132,5563
104.533793,29.759883,281,5564
104.326596,30.859993,64,5565
104.075228,30.238787,119,5566
104.186319,30.761508,-1,5567
104.242945,30.645709,65,5568
103.459753,30.746852,132,5569
104.546834,29.503877,-1,5570
104.236248,30.646788,5,5571
104.214358,30.651571,185,5572
103.624425,31.482764,-1,5573
103.949112,30.515473,321,5574
103.835676,30.321174,-1,5575
104.044454,30.206097,161,5576
104.076654,30.723627,-1,5577
104.162155,30.556721,298,5578
103.904359,30.370227,-1,5579
103.601005,31.064538,41,5580
103.909529,30.54412,9,5581
103.956833,30.377581,-1,5582
104.401909,30.997189,-1,5583
104.550266,29.499053,-1,5584
104.372144,30.864427,56,5585
103.653287,30.920439,294,5586
103.960087,30.165511,330,5587
104.328081,30.34591,-1,5588
104.615187,30.162875,-1,5589
104.226785,30.528902,-1,5590
104.138801,30.716452,-1,5591
103.729587,31.018409,-1,5592
103.496297,31.358958,-1,5593
104.340076,30.459833,-1,5594
103.671907,30.317228,108,5595
104.223662,30.794411,53,5596
104.539197,31.859831,104,5597
104.023166,31.376554,-1,5598
104.099198,30.495978,-1,5599
104.112708,30.579014,-1,5600
104.486516,30.418413,-1,5601
104.041058,30.531425,-1,5602
104.120318,30.772996,70,5603
103.654754,30.925605,50,5604
104.020893,29.139276,222,5605
104.073123,30.715171,118,5606
104.050477,30.476794,45,5607
103.969395,30.366435,99,5608
104.255515,30.531,283,5609
104.176993,30.950747,-1,5610
104.085815,30.567302,-1,5611
104.164783,30.658888,15,5612
104.315823,30.301991,39,5613
104.488281,30.493256,23,5614
104.30533,30.244032,-1,5615
104.610677,31.298324,-1,5616
103.835768,30.943969,-1,5617
104.050873,30.476592,45,5618
103.147253,30.461352,-1,5619
103.739815,30.583746,-1,5620
103.989392,30.596529,-1,5621
104.050845,30.475997,45,5622
103.92962,30.941877,-1,5623
103.428143,30.933794,-1,5624
103.686255,30.897149,-1,5625
104.188102,30.514542,61,5626
104.225349,30.672156,-1,5627
104.162474,30.557091,298,5628
104.318543,30.861312,106,5629
104.134072,30.945727,-1,5630
103.612565,30.652708,-1,5631
104.397593,30.757877,-1,5632
104.256731,30.726102,-1,5633
103.967641,30.648604,58,5634
104.07487,30.296442,-1,5635
104.339438,30.666973,-1,5636
103.616202,30.955229,-1,5637
104.199077,30.51058,170,5638
104.31579,30.30361,39,5639
104.857993,29.741175,-1,5640
103.477239,31.318872,-1,5641
103.756836,31.19453,68,5642
103.540869,31.051025,71,5643
103.683226,30.947269,-1,5644
104.118309,30.757051,8,5645
104.391096,30.284105,-1,5646
104.198887,31.580392,-1,5647
104.311893,30.84679,-1,5648
103.709654,30.394218,295,5649
103.716482,30.586777,-1,5650
103.959837,30.517146,115,5651
103.837107,29.975535,-1,5652
103.999565,30.605132,-1,5653
103.936411,30.613831,30,5654
104.430597,30.479413,-1,5655
104.223488,30.885018,-1,5656
104.081751,30.456076,-1,5657
103.816684,30.56966,-1,5658
104.022308,30.500937,116,5659
104.537108,30.704846,-1,5660
103.456764,30.477455,-1,5661
103.454736,30.417341,-1,5662
104.45063,30.476258,327,5663
103.874019,30.479769,-1,5664
103.517331,30.749671,226,5665
104.11521,30.417267,100,5666
104.178951,30.571224,-1,5667
103.91254,30.824758,138,5668
104.393416,30.294137,-1,5669
104.340076,30.459833,-1,5670
104.066106,30.37279,316,5671
104.53714,30.366046,202,5672
104.215549,30.821226,224,5673
103.661053,30.961273,3,5674
103.874752,30.629802,-1,5675
103.977676,30.688176,24,5676
104.418087,30.769973,-1,5677
104.908175,30.159873,139,5678
104.007553,30.554074,220,5679
104.07136,30.728305,19,5680
103.749531,30.530483,128,5681
104.118679,30.757586,8,5682
103.840333,30.359645,288,5683
104.391417,30.299791,54,5684
103.857453,30.920459,-1,5685
104.566984,30.387714,-1,5686
104.22937,30.854229,-1,5687
103.87089,30.711181,-1,5688
104.044005,30.446817,51,5689
103.741019,30.631756,-1,5690
104.242811,30.650605,7,5691
104.050845,30.475997,45,5692
104.056048,30.847881,88,5693
104.008727,30.590917,142,5694
104.144501,30.813327,40,5695
103.877051,30.562525,-1,5696
104.217302,30.686408,-1,5697
104.255298,30.53119,283,5698
103.479443,30.428517,284,5699
103.967551,30.586132,251,5700
103.654851,30.926291,50,5701
103.924325,30.950376,98,5702
104.225955,30.525072,76,5703
103.912099,30.798651,246,5704
104.247205,30.65757,-1,5705
103.81977,30.665119,-1,5706
104.428774,31.14991,293,5707
104.603705,30.684218,-1,5708
104.223715,30.566382,157,5709
104.224635,30.804656,-1,5710
103.932281,30.971481,-1,5711
103.977104,30.653177,12,5712
103.938442,30.616466,234,5713
104.174307,30.865926,-1,5714
103.937749,30.614064,30,5715
104.146393,30.768953,-1,5716
104.731671,30.439344,-1,5717
104.106397,30.740482,289,5718
104.073997,30.714951,118,5719
104.255326,30.531287,283,5720
104.200307,30.858455,-1,5721
103.947056,31.019916,-1,5722
104.196949,30.590078,169,5723
103.709485,30.394278,295,5724
103.920005,30.732907,-1,5725
104.243725,29.945833,-1,5726
104.203317,30.725851,63,5727
103.691249,30.640169,-1,5728
104.398014,30.928598,-1,5729
103.5317,30.56267,-1,5730
103.890956,30.5785,-1,5731
104.149077,30.8392,-1,5732
104.497685,30.489642,-1,5733
103.701576,30.602596,2,5734
104.035937,30.751854,-1,5735
104.106914,30.490807,172,5736
104.289699,30.847476,-1,5737
104.268793,30.578151,292,5738
104.048463,30.732864,-1,5739
104.045444,30.445497,51,5740
103.659447,30.923353,-1,5741
104.641771,29.527402,-1,5742
103.921116,30.703126,199,5743
104.203433,30.72607,63,5744
104.523125,30.36189,-1,5745
104.758673,30.373639,-1,5746
103.505954,30.55916,49,5747
104.517346,30.422327,-1,5748
104.120318,30.772996,70,5749
103.861298,30.803806,212,5750
104.146453,30.405616,-1,5751
104.113037,30.507976,-1,5752
104.354676,30.993039,-1,5753
104.176383,30.783088,-1,5754
103.602849,30.902839,-1,5755
104.415182,30.243954,141,5756
104.085635,30.456613,131,5757
104.308555,30.865217,34,5758
104.22885,30.85398,-1,5759
103.676914,30.900493,-1,5760
104.051071,30.476703,45,5761
103.861257,30.445512,82,5762
103.875418,30.48074,180,5763
104.095766,30.536738,-1,5764
103.645527,30.955619,-1,5765
104.061421,30.418976,95,5766
103.778009,30.755749,-1,5767
104.235983,30.6468,5,5768
104.04008,30.531308,-1,5769
103.535772,30.742588,125,5770
104.051253,30.476819,45,5771
104.234941,30.713012,-1,5772
104.245393,30.645416,65,5773
104.175235,30.664492,195,5774
103.909258,30.998063,-1,5775
104.007569,30.554092,220,5776
104.226469,30.861906,-1,5777
103.452571,30.374279,-1,5778
103.460334,30.749086,-1,5779
104.203424,30.726043,63,5780
104.170731,30.615385,165,5781
104.106919,30.490811,172,5782
103.725709,30.916883,-1,5783
104.745513,30.45158,101,5784
104.047268,30.42751,187,5785
103.85106,30.820331,43,5786
103.568453,30.743771,-1,5787
104.268793,30.578151,292,5788
104.235853,30.646086,5,5789
104.391169,30.286071,-1,5790
104.237723,31.029284,-1,5791
104.236005,30.64682,5,5792
103.901433,30.834469,90,5793
104.098765,30.88511,60,5794
104.175353,30.715304,36,5795
104.557928,30.707235,-1,5796
104.340302,30.459897,-1,5797
103.861891,30.804378,212,5798
103.887947,30.556262,259,5799
103.914155,30.675573,201,5800
104.268819,31.015291,-1,5801
104.245287,30.875723,-1,5802
103.794382,30.441212,314,5803
104.394407,30.350115,175,5804
103.90237,30.658327,146,5805
104.135387,29.979293,-1,5806
104.034121,30.58946,-1,5807
103.901966,30.834297,90,5808
103.942898,30.52433,-1,5809
103.471095,30.38887,-1,5810
104.326809,30.860177,64,5811
103.826219,30.613125,-1,5812
104.120328,30.772943,70,5813
104.165712,30.516298,-1,5814
103.935416,30.905582,62,5815
104.236053,30.647008,5,5816
103.897353,30.836277,280,5817
103.916718,30.397436,4,5818
103.969004,30.36644,99,5819
104.041946,30.249549,254,5820
104.056694,30.561538,-1,5821
104.237449,30.65296,13,5822
103.864863,30.407745,173,5823
103.902271,30.925165,-1,5824
103.945169,30.555296,-1,5825
103.825108,30.581647,-1,5826
103.778973,30.40742,-1,5827
103.940793,30.618102,196,5828
104.076502,30.238973,119,5829
103.708864,29.090384,-1,5830
103.83042,31.157157,-1,5831
104.036415,30.296836,306,5832
104.04244,30.19926,311,5833
103.952393,30.427941,133,5834
103.929141,30.699277,174,5835
103.896199,30.374645,-1,5836
104.093204,30.856437,-1,5837
104.169993,30.838396,-1,5838
103.499651,30.569307,94,5839
103.712506,30.523085,-1,5840
103.897374,30.6668,207,5841
104.169071,30.741203,11,5842
103.859221,30.82743,120,5843
103.468336,30.434482,-1,5844
104.115968,30.585487,337,5845
103.958743,30.652428,-1,5846
104.498131,30.428461,285,5847
103.892901,30.513613,84,5848
103.479834,30.427562,284,5849
104.146562,30.59886,-1,5850
104.243396,30.649818,7,5851
104.366807,30.294099,-1,5852
103.891386,30.409988,257,5853
104.577849,30.730502,-1,5854
103.832846,30.618554,-1,5855
104.080594,30.816886,-1,5856
103.795048,30.441424,314,5857
104.196485,30.589679,169,5858
103.678374,31.029556,72,5859
104.212511,30.583851,10,5860
103.808708,30.401794,-1,5861
103.914155,30.675398,201,5862
104.066847,30.633753,-1,5863
103.6262,30.872863,-1,5864
103.976856,30.653154,12,5865
104.201207,30.739324,150,5866
103.936085,30.905452,62,5867
103.876787,30.174173,-1,5868
104.321346,31.116664,-1,5869
103.677527,30.338803,102,5870
103.796953,30.398387,-1,5871
103.816173,30.570628,-1,5872
103.887134,30.528522,198,5873
104.16532,30.659087,15,5874
104.294512,30.393387,-1,5875
103.661132,30.960962,3,5876
104.006077,30.591884,144,5877
103.561302,29.701801,-1,5878
104.327076,30.306097,230,5879
103.74017,30.531357,-1,5880
103.886095,30.665925,-1,5881
104.766161,29.762124,-1,5882
104.245092,30.645589,65,5883
103.955033,30.544092,-1,5884
104.309135,30.865047,34,5885
103.493336,30.753016,-1,5886
104.001716,30.884798,124,5887
103.60367,30.661178,-1,5888
104.112064,30.753174,238,5889
103.799901,30.824823,-1,5890
104.533988,29.759405,281,5891
104.534005,30.404934,-1,5892
104.031532,30.857938,319,5893
103.9711,30.650373,46,5894
104.486015,30.492146,-1,5895
104.584748,30.355122,190,5896
104.576577,30.730036,-1,5897
103.961026,30.941085,-1,5898
104.460529,30.347225,-1,5899
104.766083,29.762141,-1,5900
103.493918,30.753588,-1,5901
103.578084,31.038205,-1,5902
103.661806,30.920011,-1,5903
104.0417,30.196958,-1,5904
103.835501,30.944672,-1,5905
104.473488,30.344729,324,5906
104.167319,30.675094,-1,5907
104.323239,30.645048,272,5908
104.238219,30.652852,13,5909
104.237931,30.652761,13,5910
103.701475,30.602528,2,5911
104.447596,30.857685,267,5912
103.867027,31.047802,-1,5913
103.709654,30.394218,295,5914
104.489414,30.494037,23,5915
103.777628,30.7436,-1,5916
104.315533,30.301979,39,5917
103.739836,30.320799,-1,5918
103.532151,31.404406,110,5919
103.838394,30.316835,-1,5920
103.901711,30.834279,90,5921
104.223522,30.794373,53,5922
103.972139,30.542219,232,5923
104.394397,30.350252,175,5924
103.914269,30.675313,201,5925
104.190345,30.5141,-1,5926
103.789599,30.352475,-1,5927
104.222261,30.675856,204,5928
104.537381,30.443504,-1,5929
104.248982,30.772398,255,5930
103.768205,30.471386,-1,5931
104.31571,30.303191,39,5932
103.83492,30.574177,-1,5933
103.394185,30.206623,-1,5934
103.808189,30.205674,-1,5935
104.118729,30.468812,-1,5936
102.996836,30.336897,-1,5937
103.883049,30.666009,152,5938
104.330912,30.64457,-1,5939
103.469475,30.392491,-1,5940
103.891865,30.749825,-1,5941
103.358942,30.334778,-1,5942
103.983363,30.024234,-1,5943
103.489771,30.184594,-1,5944
104.36768,31.126617,-1,5945
103.970012,30.344033,-1,5946
104.235837,30.646688,5,5947
103.909529,30.54412,9,5948
103.952303,30.795835,243,5949
104.12141,30.539784,228,5950
104.043655,30.446411,51,5951
103.54098,31.049428,71,5952
104.254863,30.579676,33,5953
103.908866,30.543315,9,5954
104.118406,30.75719,8,5955
104.070759,30.726503,19,5956
104.33288,30.756032,-1,5957
104.487929,30.351887,-1,5958
103.908446,30.660602,323,5959
103.895803,30.666271,207,5960
104.595776,31.769287,-1,5961
104.037007,30.147923,145,5962
104.522833,30.430106,149,5963
103.851159,30.437383,130,5964
104.267765,30.650424,-1,5965
103.921088,30.702896,199,5966
103.80227,30.45559,32,5967
103.990917,30.739337,264,5968
103.705542,30.404604,-1,5969
104.008783,30.59067,142,5970
104.170993,30.61528,165,5971
103.952437,30.427738,133,5972
103.623364,31.494187,-1,5973
103.964528,30.637359,67,5974
103.601045,31.064584,41,5975
104.344841,29.736673,-1,5976
104.203747,30.726025,63,5977
103.799537,31.166574,326,5978
103.861165,30.445375,82,5979
104.006412,30.592317,144,5980
104.225866,30.793299,53,5981
103.924797,30.950095,98,5982
104.315497,30.303632,39,5983
104.326612,30.860127,64,5984
104.191714,31.033163,-1,5985
103.977695,30.688138,24,5986
104.428326,31.14976,293,5987
103.960023,30.15192,-1,5988
103.677282,30.949646,219,5989
103.49979,30.569409,94,5990
104.159082,30.598699,-1,5991
103.912763,30.824776,138,5992
103.870927,30.711208,-1,5993
103.809379,30.402527,-1,5994
103.486106,29.503641,-1,5995
104.149618,30.622696,17,5996
104.517591,30.391708,-1,5997
104.08264,30.513619,-1,5998
103.796715,30.646347,205,5999
103.999507,30.750788,-1,6000
104.323756,30.644961,272,6001
103.619178,30.987276,-1,6002
104.098627,30.885131,60,6003
104.25542,30.531023,283,6004
103.861045,30.44504,82,6005
103.680901,30.803462,-1,6006
103.660776,30.921789,-1,6007
103.561224,30.748702,143,6008
103.962931,30.448085,216,6009
104.190459,30.662485,89,6010
103.531406,30.562581,-1,6011
104.166135,31.011815,-1,6012
103.935072,30.634726,-1,6013
104.113647,30.77699,-1,6014
104.162771,30.647936,-1,6015
104.227101,30.523713,-1,6016
104.459178,31.104586,-1,6017
104.973434,29.871003,123,6018
104.203156,30.726152,63,6019
103.861919,30.804357,212,6020
104.112739,30.75277,238,6021
104.202286,30.7262,63,6022
104.318543,30.86108,106,6023
103.840324,30.359816,288,6024
104.244264,30.548911,-1,6025
104.074357,30.71514,118,6026
104.242988,30.651087,7,6027
103.879824,30.40434,159,6028
104.145571,30.546705,-1,6029
104.168832,30.741354,11,6030
103.99192,30.73964,264,6031
103.795854,31.238557,-1,6032
103.810343,30.631939,26,6033
103.783235,30.644891,-1,6034
103.814443,30.633139,26,6035
103.527078,30.203752,-1,6036
104.479586,30.356636,-1,6037
103.560643,30.748639,143,6038
104.072501,30.351095,-1,6039
103.474556,30.431373,-1,6040
104.056016,30.847835,88,6041
103.932229,30.691414,-1,6042
104.243217,30.645752,65,6043
104.150102,30.615908,-1,6044
103.812011,30.632483,26,6045
104.990509,29.542423,166,6046
104.19642,30.859651,210,6047
103.876166,30.500862,247,6048
104.48943,30.493803,23,6049
104.04367,30.248536,-1,6050
103.661398,30.96134,3,6051
104.572641,31.035176,-1,6052
104.063654,30.725399,-1,6053
103.749507,30.530497,128,6054
104.106895,30.490603,172,6055
103.678085,31.029727,72,6056
104.20322,30.726057,63,6057
104.183537,30.711636,69,6058
103.844618,30.012229,-1,6059
104.113506,30.578971,-1,6060
104.398137,30.823673,-1,6061
104.043762,30.446256,51,6062
103.874032,30.41725,192,6063
104.198695,30.705141,-1,6064
103.64323,30.470047,186,6065
103.879688,30.363488,-1,6066
104.296111,30.993884,164,6067
103.598561,30.985785,-1,6068
103.691472,30.640793,-1,6069
103.771722,29.472488,-1,6070
104.016509,29.138735,-1,6071
103.83742,31.151439,-1,6072
104.226651,30.792559,53,6073
104.041027,30.59328,81,6074
104.245201,30.553548,6,6075
103.871134,30.402692,-1,6076
103.535789,30.750208,-1,6077
104.569149,30.37184,-1,6078
103.45143,30.4724,-1,6079
104.372061,30.864425,56,6080
103.348319,30.419084,-1,6081
104.037733,30.732341,-1,6082
103.516357,30.215045,-1,6083
104.498649,30.428229,285,6084
104.195284,30.683016,-1,6085
104.191703,31.033079,-1,6086
104.243778,30.645466,65,6087
103.81331,30.632669,26,6088
103.937724,30.614122,30,6089
103.464479,30.386632,-1,6090
103.970012,30.344033,-1,6091
103.770638,30.398326,305,6092
104.550886,30.717465,-1,6093
103.981449,30.785359,121,6094
103.722121,31.200679,-1,6095
104.237784,30.652928,13,6096
103.701638,30.602461,2,6097
104.149452,30.622473,17,6098
103.949068,30.67833,-1,6099
103.03748,29.908361,-1,6100
104.450116,30.476066,327,6101
104.040376,30.342183,-1,6102
103.535378,30.74231,125,6103
104.093173,30.581101,92,6104
104.340076,30.459833,-1,6105
104.456857,30.856605,-1,6106
104.07384,30.765679,-1,6107
104.047268,30.42751,187,6108
103.84046,30.542191,-1,6109
103.867037,30.312312,-1,6110
103.790321,29.636183,-1,6111
104.019729,31.426127,-1,6112
104.230542,30.517152,-1,6113
104.115027,30.45283,-1,6114
104.227633,30.802352,335,6115
104.337905,30.31335,-1,6116
102.995764,30.235118,-1,6117
104.405816,30.339332,-1,6118
103.977032,30.653225,12,6119
104.168682,30.741594,11,6120
103.879693,30.490948,-1,6121
104.10666,30.756284,-1,6122
103.742527,30.533782,-1,6123
104.199111,30.739238,-1,6124
103.810874,30.632127,26,6125
103.889578,30.383656,312,6126
103.888521,30.556928,259,6127
104.096215,30.542131,107,6128
104.002649,30.736856,-1,6129
104.118335,30.757136,8,6130
103.937408,30.619069,253,6131
103.66023,30.677698,-1,6132
104.191072,30.797835,-1,6133
104.391585,30.299957,54,6134
103.881016,30.487681,-1,6135
103.937612,30.618923,253,6136
104.58267,30.339654,-1,6137
104.216348,30.52238,-1,6138
103.952245,30.428126,133,6139
103.875313,30.480568,180,6140
103.994022,30.504601,-1,6141
104.393115,30.283756,235,6142
104.149264,30.622446,17,6143
104.157345,30.64821,-1,6144
104.065861,30.373115,316,6145
103.909167,30.543021,9,6146
104.077545,30.794634,-1,6147
104.489119,30.493904,23,6148
104.256381,30.85735,-1,6149
104.24312,30.645846,65,6150
104.538527,31.859199,104,6151
103.892995,30.447311,221,6152
104.260173,30.859189,-1,6153
104.246297,30.752166,-1,6154
103.902044,30.834091,90,6155
104.001032,30.762591,328,6156
104.680558,30.051246,-1,6157
103.909856,30.544371,9,6158
103.643319,30.469908,186,6159
103.966037,30.680359,-1,6160
103.813298,30.632842,26,6161
103.887345,30.528571,198,6162
104.020796,29.139498,222,6163
104.118575,30.757542,8,6164
103.468421,30.755137,-1,6165
103.383417,30.731635,136,6166
103.505892,30.751511,-1,6167
103.937746,30.614201,30,6168
104.154827,30.510194,-1,6169
104.244063,30.645362,65,6170
103.678414,31.029993,72,6171
104.17722,30.718792,79,6172
104.1158,30.584285,337,6173
103.893271,30.513348,84,6174
104.522833,30.430022,149,6175
104.170951,30.615262,165,6176
104.871342,29.225297,-1,6177
104.114506,30.750306,241,6178
104.312354,30.874783,-1,6179
103.794723,29.642045,-1,6180
104.069959,30.768805,28,6181
104.326024,30.278108,-1,6182
104.195703,30.588584,-1,6183
103.856722,30.442234,-1,6184
103.873821,30.417359,192,6185
104.19422,30.691617,-1,6186
104.2043,30.731224,227,6187
104.547919,30.691276,129,6188
104.242559,30.650187,7,6189
103.909239,30.542987,9,6190
103.541582,30.746025,-1,6191
104.061354,30.419062,95,6192
103.989444,30.596597,-1,6193
104.504003,30.430327,-1,6194
104.052098,30.487256,-1,6195
103.701726,30.602493,2,6196
104.18998,30.662486,89,6197
103.961432,30.547605,-1,6198
104.106251,30.576004,-1,6199
104.174605,30.699343,-1,6200
103.92668,30.946991,240,6201
104.278268,31.127236,-1,6202
103.535824,30.742575,125,6203
104.091822,30.218165,-1,6204
103.908935,30.542286,9,6205
103.348319,30.419084,-1,6206
103.897333,30.836504,280,6207
104.03532,30.298081,252,6208
104.248185,30.920758,-1,6209
103.97339,31.067969,-1,6210
104.584143,30.35519,190,6211
104.138665,30.519594,-1,6212
104.248721,30.558847,-1,6213
104.244126,30.650417,7,6214
103.995302,30.649267,-1,6215
104.489542,30.494019,23,6216
103.537404,30.677226,-1,6217
104.112362,30.753148,238,6218
103.727249,30.559278,-1,6219
104.004205,30.747221,-1,6220
103.897143,30.836357,280,6221
104.220863,30.638465,0,6222
103.826537,30.799667,-1,6223
103.468286,30.430532,-1,6224
103.420889,30.337925,-1,6225
103.935564,30.905398,62,6226
103.937555,30.614922,30,6227
104.079234,30.818101,315,6228
104.06062,30.728508,-1,6229
104.22118,30.638631,0,6230
103.633973,30.952219,-1,6231
104.124822,30.494182,-1,6232
104.393283,30.283556,235,6233
104.175235,30.664492,195,6234
103.654586,30.92571,50,6235
104.052502,30.246181,217,6236
103.960097,30.517683,115,6237
103.876222,30.221394,-1,6238
104.041404,30.593339,81,6239
103.904548,30.352696,-1,6240
103.64032,30.46591,48,6241
103.952349,30.42779,133,6242
104.22511,30.638933,282,6243
104.339051,30.926276,-1,6244
104.071329,30.725145,73,6245
104.023723,30.542052,-1,6246
104.00607,30.233177,307,6247
104.269056,30.578987,292,6248
103.887263,30.528672,198,6249
104.106142,30.587288,57,6250
103.581358,30.384879,-1,6251
103.93774,30.614204,30,6252
103.681715,30.290354,-1,6253
104.869189,29.225675,-1,6254
104.321418,30.292001,-1,6255
104.001534,30.88534,124,6256
104.003386,30.73474,52,6257
103.819018,30.633545,26,6258
103.876317,30.491187,184,6259
103.861472,30.445808,82,6260
104.247206,29.016483,-1,6261
104.157819,30.69273,206,6262
103.939808,30.620996,339,6263
103.970028,30.344015,-1,6264
103.981578,30.785234,121,6265
104.663067,31.090444,-1,6266
104.203574,30.726304,63,6267
104.45063,30.476258,327,6268
104.142387,30.71653,-1,6269
104.243157,30.650418,7,6270
103.908132,30.660511,323,6271
103.554946,30.533289,-1,6272
103.474608,30.431799,-1,6273
104.927201,30.591252,-1,6274
103.861279,30.803759,212,6275
104.510749,31.177056,-1,6276
103.899888,31.007596,-1,6277
104.040384,30.342199,-1,6278
104.167319,30.675094,-1,6279
104.226904,30.782608,-1,6280
103.959615,30.728499,-1,6281
104.080657,30.816995,-1,6282
103.885843,30.165167,-1,6283
102.300326,29.223792,-1,6284
104.399286,30.997539,-1,6285
104.118791,30.757624,8,6286
103.888201,30.55628,259,6287
104.145193,30.543061,-1,6288
104.160937,30.643411,317,6289
104.509765,30.352718,-1,6290
103.647873,30.951703,22,6291
103.947056,31.019932,-1,6292
103.802145,31.16592,275,6293
104.218952,30.655292,55,6294
104.03254,31.329729,-1,6295
103.796548,31.23747,178,6296
103.991192,30.495056,-1,6297
104.045778,30.446061,51,6298
103.92325,30.716512,18,6299
103.998003,30.757511,260,6300
104.6257,30.857939,-1,6301
103.91533,30.418698,213,6302
103.909879,30.7332,-1,6303
103.661227,30.961351,3,6304
104.508516,30.354334,300,6305
103.90245,30.658481,146,6306
104.03614,30.360912,-1,6307
104.139876,30.826309,329,6308
103.98767,29.131809,-1,6309
103.456408,30.431791,338,6310
104.537372,30.443479,-1,6311
103.465049,30.452779,176,6312
104.169555,30.741393,11,6313
103.679907,30.616962,-1,6314
104.205266,30.640135,-1,6315
103.972767,30.738364,-1,6316
104.217582,30.85502,-1,6317
103.873832,30.417214,192,6318
104.318621,30.861054,106,6319
104.501165,30.473738,85,6320
104.141027,30.646137,-1,6321
104.161581,30.599693,167,6322
103.552696,30.530512,171,6323
103.684568,31.023867,-1,6324
103.89107,30.478536,237,6325
103.916935,30.684147,147,6326
103.861473,30.804191,212,6327
103.870696,30.702189,122,6328
104.227705,30.802452,335,6329
104.046923,30.428319,187,6330
104.339828,31.126018,270,6331
104.271033,30.960313,-1,6332
103.970686,30.65033,46,6333
104.099921,30.467203,83,6334
104.502354,30.475593,-1,6335
104.539062,31.858931,104,6336
103.967173,30.68119,-1,6337
104.18826,30.793307,-1,6338
103.860748,30.444344,82,6339
104.09944,30.467075,83,6340
103.487339,30.75861,-1,6341
104.522785,30.430088,149,6342
103.810343,30.631939,26,6343
104.118167,30.756772,8,6344
103.888284,30.556092,259,6345
104.04671,30.428098,187,6346
104.03231,30.858248,319,6347
103.987323,30.485705,-1,6348
104.028896,30.551745,-1,6349
103.882592,30.218137,-1,6350
103.561486,29.701935,-1,6351
104.546876,30.372059,-1,6352
104.393067,30.283506,235,6353
103.874832,30.83065,-1,6354
104.165378,30.658698,15,6355
103.90245,30.658237,146,6356
104.111929,31.075976,279,6357
104.523033,30.436206,-1,6358
104.244943,30.645681,65,6359
104.390728,30.284405,-1,6360
104.048387,30.427833,187,6361
104.236173,30.646854,5,6362
103.388766,30.732404,-1,6363
103.790875,30.666952,200,6364
103.88965,30.383818,312,6365
103.726261,30.782066,-1,6366
103.969314,30.36663,99,6367
103.713896,30.527073,134,6368
103.969004,30.36644,99,6369
103.640312,30.963812,-1,6370
104.569661,30.372073,-1,6371
103.4951,30.407051,261,6372
104.308611,30.865154,34,6373
104.223489,30.794307,53,6374
104.036089,31.347078,-1,6375
104.007813,30.566213,-1,6376
104.504057,30.426752,-1,6377
103.96655,30.813533,-1,6378
103.926519,30.947126,240,6379
104.643188,29.784062,-1,6380
102.204094,29.735715,-1,6381
104.118743,30.758929,-1,6382
103.885383,31.028255,-1,6383
103.938525,30.616224,234,6384
104.230385,30.851277,-1,6385
104.254883,30.579517,33,6386
104.326501,30.860255,64,6387
104.05079,30.476217,45,6388
104.20256,30.726139,63,6389
104.179498,30.725751,-1,6390
102.199767,29.731239,-1,6391
104.178518,30.782382,14,6392
104.217478,30.572298,87,6393
104.32365,30.644909,272,6394
103.938164,30.616309,234,6395
104.234502,30.646405,5,6396
103.952252,30.428272,133,6397
103.936537,30.613818,30,6398
104.220766,30.638884,0,6399
103.859433,30.827356,120,6400
104.237371,30.65319,13,6401
103.904772,30.353531,-1,6402
104.17867,30.782382,14,6403
103.50585,30.558994,49,6404
103.49538,30.406934,261,6405
104.202529,31.582522,-1,6406
104.06029,30.650312,-1,6407
104.007611,30.553929,220,6408
103.683244,31.013326,-1,6409
103.832724,30.549674,-1,6410
103.883499,30.665898,152,6411
103.789668,30.603782,-1,6412
104.379458,31.079082,-1,6413
103.908903,30.543221,9,6414
104.058365,30.442421,-1,6415
104.244545,30.64551,65,6416
104.225628,30.790629,53,6417
104.154426,30.602026,-1,6418
104.098798,30.884984,60,6419
103.861314,30.804238,212,6420
104.009183,30.590435,142,6421
103.88965,30.38385,312,6422
103.916325,30.369497,42,6423
104.242813,30.650586,7,6424
104.720781,30.398141,-1,6425
104.342171,31.150036,-1,6426
104.215098,30.582714,10,6427
103.770062,30.469976,-1,6428
103.860409,30.836933,277,6429
103.802199,30.454961,32,6430
104.112739,30.75277,238,6431
104.194361,30.587048,-1,6432
103.968286,30.186931,-1,6433
104.231835,31.02207,-1,6434
103.967209,30.648435,58,6435
103.870928,30.402839,-1,6436
104.039893,30.582545,-1,6437
103.943027,30.3371,-1,6438
104.115992,30.585227,337,6439
104.077446,30.384273,-1,6440
104.17054,30.635594,181,6441
103.489771,30.184728,-1,6442
104.203499,30.726137,63,6443
103.700866,30.931134,-1,6444
104.313865,30.468634,-1,6445
103.696781,30.626502,-1,6446
104.0367,30.147992,145,6447
103.895816,30.666372,207,6448
104.19422,30.691617,-1,6449
103.396681,30.738884,-1,6450
104.234518,30.646189,5,6451
104.169508,30.574964,-1,6452
103.486015,30.756696,-1,6453
104.451152,30.857289,-1,6454
103.902378,30.658425,146,6455
103.50605,30.55931,49,6456
104.175246,30.664312,195,6457
103.895701,30.666133,207,6458
104.141544,30.944779,-1,6459
104.183522,30.711212,69,6460
104.123607,30.912471,-1,6461
103.95242,30.795758,243,6462
104.115191,30.378479,231,6463
104.092655,30.586473,-1,6464
104.522131,30.42984,149,6465
103.902177,30.835015,90,6466
104.244972,30.645266,65,6467
104.538439,30.661023,-1,6468
104.242556,30.650102,7,6469
104.175198,30.719033,-1,6470
103.921154,30.703249,199,6471
103.863364,30.556441,334,6472
104.164648,30.658368,15,6473
104.231863,30.63956,97,6474
103.952303,30.795835,243,6475
103.916958,30.386516,-1,6476
103.949112,30.515473,321,6477
104.198203,30.659732,-1,6478
104.007607,30.554192,220,6479
103.863827,30.346887,-1,6480
103.976494,30.652821,12,6481
103.451813,30.475164,27,6482
104.223647,30.88517,-1,6483
103.129589,30.094003,-1,6484
104.044243,30.445127,51,6485
104.391417,30.286056,-1,6486
104.25246,29.022569,-1,6487
104.1704,30.659699,140,6488
104.201307,30.739393,150,6489
103.662087,30.900044,-1,6490
103.746286,30.653027,-1,6491
103.716769,30.593014,-1,6492
104.248781,30.522929,-1,6493
104.215154,30.58263,10,6494
104.908375,30.159823,139,6495
104.509215,30.417058,-1,6496
103.701573,30.602597,2,6497
104.10692,30.491731,172,6498
104.046847,30.427967,187,6499
103.661496,30.960918,3,6500
103.6749,30.346429,-1,6501
103.883496,30.665896,152,6502
104.201102,30.733807,244,6503
103.577293,30.354832,-1,6504
104.450693,30.476213,327,6505
103.982542,30.784773,121,6506
104.198657,30.582139,114,6507
104.111929,31.075976,279,6508
103.977982,30.687655,24,6509
103.661888,30.921528,-1,6510
103.823145,30.61028,211,6511
103.901129,30.834569,90,6512
103.914139,30.675557,201,6513
103.680809,30.948102,-1,6514
104.49416,30.32569,-1,6515
104.069961,30.768812,28,6516
104.175552,30.71525,36,6517
103.889357,30.258535,-1,6518
104.047958,30.526008,-1,6519
103.860358,30.836918,277,6520
104.203696,30.726021,63,6521
103.65334,30.920805,294,6522
104.622801,30.896191,-1,6523
104.044216,30.444968,51,6524
103.891574,30.599789,-1,6525
104.234357,30.858835,-1,6526
104.277725,30.639174,-1,6527
103.920977,30.966582,-1,6528
103.956032,30.651487,-1,6529
103.661594,30.960971,3,6530
104.073469,30.71862,103,6531
103.978003,30.688913,24,6532
103.497492,30.568639,94,6533
103.912581,30.824515,138,6534
103.861473,30.804191,212,6535
104.509765,30.352718,-1,6536
104.106027,30.57587,-1,6537
104.297635,31.035011,-1,6538
103.860149,30.837242,277,6539
103.861165,30.445375,82,6540
104.036595,30.48757,-1,6541
102.729113,29.986221,-1,6542
103.905401,30.810501,269,6543
103.885825,30.499998,-1,6544
103.936706,30.613466,30,6545
104.185849,30.719683,16,6546
103.886805,30.820285,197,6547
103.880249,30.604186,-1,6548
104.069673,30.768593,28,6549
103.870803,31.045307,-1,6550
104.559626,30.437034,-1,6551
104.223662,30.794411,53,6552
103.91705,30.68424,147,6553
103.775827,30.457758,-1,6554
104.249598,30.860373,-1,6555
104.171162,30.57177,-1,6556
104.534725,30.440241,-1,6557
104.232469,30.821859,-1,6558
104.454255,30.489409,-1,6559
104.224138,30.566298,157,6560
104.209388,30.606431,-1,6561
103.638904,30.486386,-1,6562
103.470704,30.388999,-1,6563
103.795219,30.441202,314,6564
104.62248,30.39804,-1,6565
103.818157,30.846939,-1,6566
103.914808,30.630762,127,6567
103.916914,30.683896,147,6568
104.095918,30.540891,107,6569
103.986952,30.215786,331,6570
104.869174,29.225768,-1,6571
104.130673,30.963883,-1,6572
103.972115,30.542201,232,6573
104.564273,30.387782,183,6574
104.547375,30.691466,129,6575
103.977796,30.688769,24,6576
103.489197,30.750804,-1,6577
103.701437,30.602411,2,6578
104.523943,30.617143,-1,6579
104.422707,30.47403,223,6580
104.31611,30.943872,-1,6581
103.553065,30.221172,74,6582
103.947066,30.472975,-1,6583
104.230841,30.517221,-1,6584
103.987522,30.772044,-1,6585
104.532806,30.61643,-1,6586
103.877544,30.491543,184,6587
103.984282,30.783009,-1,6588
103.957071,30.939256,-1,6589
104.118667,30.757022,8,6590
104.125181,30.769325,35,6591
104.093501,30.58136,92,6592
104.178886,30.782249,14,6593
103.79258,30.187609,-1,6594
104.522849,30.430138,149,6595
104.670388,30.087853,21,6596
103.551548,31.052086,-1,6597
104.501357,30.484449,-1,6598
103.804121,31.249745,-1,6599
104.438697,30.355894,342,6600
103.930627,30.83083,-1,6601
103.792234,30.687522,-1,6602
104.408033,30.341332,-1,6603
103.945692,30.921745,-1,6604
103.994771,30.44363,-1,6605
104.165378,30.65868,15,6606
103.70145,30.602411,2,6607
104.485748,30.444371,-1,6608
104.565768,30.371261,163,6609
103.543997,31.047604,-1,6610
104.660501,31.131061,179,6611
104.243741,29.945833,-1,6612
103.819166,30.569766,-1,6613
103.698054,30.630003,-1,6614
103.924325,30.950376,98,6615
103.952333,30.428222,133,6616
104.172607,30.660003,140,6617
104.003394,30.734672,52,6618
104.508348,30.354348,300,6619
104.234742,30.646371,5,6620
104.069418,30.723985,-1,6621
104.242468,30.651137,7,6622
104.051619,30.757818,-1,6623
103.91162,30.798586,246,6624
103.947502,30.55405,-1,6625
103.94812,30.63656,-1,6626
103.495467,30.40705,261,6627
103.473122,30.39447,-1,6628
103.701525,30.602495,2,6629
103.077252,30.507639,-1,6630
103.861097,30.445364,82,6631
104.215059,30.582698,10,6632
103.967971,30.586298,251,6633
103.994477,30.648722,-1,6634
103.876513,30.500822,247,6635
104.492036,30.427245,-1,6636
104.16214,30.781521,-1,6637
104.25467,30.579702,33,6638
103.801641,31.165763,275,6639
103.879765,30.490914,-1,6640
103.902103,30.834096,90,6641
103.854098,30.709239,-1,6642
104.020588,29.138897,222,6643
104.198609,30.582205,114,6644
103.322764,30.333496,-1,6645
104.039539,30.581658,-1,6646
104.235462,30.64667,5,6647
103.888401,30.556164,259,6648
103.794924,30.441227,314,6649
103.601069,31.064622,41,6650
103.836804,29.769644,-1,6651
103.701383,30.602464,2,6652
104.026173,30.760016,-1,6653
104.238268,30.65304,13,6654
103.965281,30.615788,135,6655
104.007794,30.554427,220,6656
104.255628,30.859371,80,6657
103.781838,30.675456,-1,6658
104.029353,31.046125,-1,6659
103.742527,30.533782,-1,6660
104.226307,30.792948,53,6661
103.959519,30.54381,-1,6662
104.302073,30.597795,-1,6663
104.2043,30.731224,227,6664
104.235294,30.646688,5,6665
104.186617,30.833321,-1,6666
103.986021,30.742974,-1,6667
103.712506,30.523085,-1,6668
103.914352,30.675532,201,6669
103.964691,30.637401,67,6670
104.318601,30.273284,-1,6671
104.2352,30.647134,5,6672
104.587596,30.733276,-1,6673
104.22645,30.802804,-1,6674
103.938442,30.616466,234,6675
104.357571,30.660811,-1,6676
104.301927,30.357193,-1,6677
103.907829,30.882712,-1,6678
104.165852,30.712782,91,6679
104.405816,30.339332,-1,6680
103.660453,30.972943,-1,6681
104.203345,30.726162,63,6682
104.32329,30.644786,272,6683
103.700851,30.397151,-1,6684
104.121983,30.53835,-1,6685
103.628381,30.72731,151,6686
103.857391,31.076921,-1,6687
104.242811,30.650605,7,6688
104.324254,30.343446,75,6689
103.938093,30.616289,234,6690
104.112434,30.75312,238,6691
103.712287,30.52427,-1,6692
104.030666,30.807885,320,6693
103.982316,30.784474,121,6694
103.949032,30.515772,321,6695
103.81273,30.907298,-1,6696
103.917365,30.742709,203,6697
103.95237,30.936811,-1,6698
104.501777,30.354099,193,6699
104.15228,30.776742,-1,6700
103.65316,30.920195,294,6701
103.85492,30.636431,-1,6702
103.705542,30.404604,-1,6703
103.848237,30.668055,-1,6704
103.960256,30.51763,115,6705
104.175624,30.700188,-1,6706
104.203699,30.726056,63,6707
104.02026,30.24117,-1,6708
103.497324,30.568439,94,6709
104.066131,30.372824,316,6710
103.891418,30.410088,257,6711
103.942263,30.847775,302,6712
103.952621,30.428033,133,6713
103.94355,30.498978,154,6714
102.961983,30.187589,-1,6715
103.876256,30.491454,184,6716
104.224819,30.793944,53,6717
104.044235,30.206181,161,6718
104.2352,30.647134,5,6719
104.0984,30.885108,60,6720
103.312772,30.223468,-1,6721
104.259031,30.919778,-1,6722
104.390727,30.284405,-1,6723
103.892827,30.447555,221,6724
104.101486,30.614612,-1,6725
103.93665,30.614036,30,6726
104.412151,30.345056,-1,6727
104.041256,30.64382,-1,6728
103.952975,31.011773,-1,6729
103.964423,30.637119,67,6730
104.181268,30.534398,242,6731
103.660891,30.961368,3,6732
104.295672,30.684629,-1,6733
104.099613,30.466804,83,6734
103.7433,30.395519,-1,6735
104.761727,30.615491,-1,6736
104.026907,30.724177,-1,6737
104.093398,30.581377,92,6738
103.073219,30.5134,-1,6739
104.391417,30.286056,-1,6740
104.166171,30.712266,91,6741
104.435307,30.355431,-1,6742
104.224009,30.566364,157,6743
104.161406,30.599571,167,6744
103.916762,30.683746,147,6745
104.188631,30.731806,-1,6746
103.348259,30.913501,-1,6747
104.216394,30.77535,-1,6748
104.069644,30.249896,-1,6749
104.146662,30.570518,-1,6750
104.205036,30.510038,-1,6751
104.071099,30.725251,73,6752
104.222984,30.712229,-1,6753
104.242492,30.651185,7,6754
103.916834,30.683814,147,6755
103.847722,30.431163,-1,6756
103.938157,30.616421,234,6757
103.97098,30.650041,46,6758
103.823392,30.610341,211,6759
104.392268,30.337512,-1,6760
103.955982,30.997638,-1,6761
104.544875,30.429746,-1,6762
104.537444,30.365968,202,6763
104.213997,30.552222,-1,6764
104.025344,30.157415,-1,6765
103.700622,30.654499,-1,6766
103.970012,30.344001,-1,6767
103.662792,30.970779,290,6768
103.619671,30.398767,-1,6769
103.269919,30.19316,-1,6770
103.708864,29.090384,-1,6771
103.96826,30.603271,-1,6772
103.497198,30.203372,-1,6773
103.936401,30.613772,30,6774
104.323716,30.645125,272,6775
104.392913,30.297123,-1,6776
104.216145,30.692909,-1,6777
104.019909,30.516353,-1,6778
104.089931,30.462886,-1,6779
104.551994,30.716237,-1,6780
103.923243,30.717281,18,6781
104.183118,30.711158,69,6782
103.863523,30.347004,-1,6783
103.794639,30.874727,-1,6784
104.20272,30.725866,63,6785
104.563221,30.388239,183,6786
103.838254,30.491845,-1,6787
104.235741,30.646354,5,6788
103.956086,30.998072,-1,6789
104.060596,30.650095,-1,6790
103.985775,30.661769,-1,6791
103.8649,30.40791,173,6792
104.036546,30.29672,306,6793
104.140739,30.827306,329,6794
103.498057,30.550781,-1,6795
104.581922,30.352839,-1,6796
104.111929,31.075976,279,6797
104.237588,30.652853,13,6798
104.6257,30.857939,-1,6799
104.496783,30.772846,-1,6800
104.450818,30.4761,327,6801
104.175024,30.781524,-1,6802
104.219221,30.655099,55,6803
103.891882,30.409988,257,6804
104.215098,30.58268,10,6805
103.847379,30.438499,153,6806
103.902818,30.658407,146,6807
103.53159,30.562647,-1,6808
103.904711,30.978087,-1,6809
104.501297,30.473822,85,6810
103.810232,30.740521,-1,6811
104.109335,31.020827,-1,6812
104.45384,30.49101,-1,6813
103.790236,31.036126,-1,6814
104.169054,30.741413,11,6815
104.37824,30.455766,332,6816
104.223469,30.79427,53,6817
104.670582,30.087729,21,6818
103.977636,30.688908,24,6819
103.879373,30.489074,-1,6820
104.215386,30.583198,10,6821
103.939712,30.617242,196,6822
104.495809,30.417799,-1,6823
104.119888,30.539763,-1,6824
103.862204,30.712139,-1,6825
104.620258,30.393655,-1,6826
104.313564,30.950354,-1,6827
104.102853,30.512249,-1,6828
103.921196,30.703079,199,6829
103.945195,30.952109,-1,6830
104.306167,31.019391,-1,6831
104.077289,30.615318,-1,6832
104.220908,30.638868,0,6833
104.211586,30.585965,-1,6834
103.662768,30.970681,290,6835
104.046224,30.427357,187,6836
103.90313,30.63165,-1,6837
103.469785,31.005169,-1,6838
103.97303,30.978478,-1,6839
104.175255,30.66433,195,6840
103.909239,30.542987,9,6841
104.10465,30.51243,-1,6842
104.272973,30.814537,-1,6843
104.041808,30.248761,254,6844
104.23491,30.646271,5,6845
104.177967,30.719015,79,6846
104.041122,30.651438,-1,6847
104.075212,30.238855,119,6848
103.661038,30.961235,3,6849
104.144152,30.533905,-1,6850
103.709573,30.394893,295,6851
104.332268,30.355695,-1,6852
104.023689,30.541978,-1,6853
103.994962,30.681641,-1,6854
103.497448,30.203133,-1,6855
104.178934,30.783049,14,6856
104.362762,31.06773,-1,6857
103.843508,30.673384,-1,6858
104.36464,30.996556,-1,6859
104.023933,30.501273,-1,6860
104.112469,30.752837,238,6861
104.213402,30.583957,10,6862
104.035654,30.298282,252,6863
104.224098,30.675258,204,6864
104.374272,30.442115,-1,6865
103.973637,30.578673,-1,6866
104.456756,30.856549,-1,6867
104.339864,31.051961,-1,6868
103.442258,30.401731,-1,6869
104.361755,30.437381,-1,6870
103.936401,30.613772,30,6871
104.22511,30.63898,282,6872
103.73819,30.955701,-1,6873
103.840245,30.359497,288,6874
104.214531,30.651638,185,6875
104.003464,30.734809,52,6876
103.71313,31.203996,-1,6877
103.674835,30.902547,-1,6878
104.046477,30.428142,187,6879
103.96927,30.366682,99,6880
103.726261,30.782066,-1,6881
103.626266,30.872928,-1,6882
104.037898,30.346659,-1,6883
104.120126,30.772975,70,6884
104.394407,30.350299,175,6885
104.235498,30.646582,5,6886
104.199043,30.51043,170,6887
104.051437,30.476795,45,6888
104.055919,30.763253,245,6889
103.952421,30.42789,133,6890
104.214856,30.583464,10,6891
104.018074,30.248463,-1,6892
103.861325,30.803976,212,6893
103.69144,30.640893,-1,6894
104.18325,30.710891,69,6895
104.204144,30.740115,214,6896
104.489542,30.494019,23,6897
103.883217,30.665809,152,6898
104.196441,30.859057,210,6899
104.564273,30.387782,183,6900
104.02655,30.480512,-1,6901
104.333613,30.643983,-1,6902
103.458518,30.43397,-1,6903
103.967456,30.585962,251,6904
104.61581,30.158322,-1,6905
103.982568,30.572852,47,6906
104.203466,30.726054,63,6907
104.093648,30.581438,92,6908
104.513565,30.51302,-1,6909
104.23536,30.860662,313,6910
103.934554,30.711729,-1,6911
104.214856,30.583465,10,6912
104.242604,30.651419,7,6913
104.280021,30.727683,-1,6914
104.175255,30.66433,195,6915
104.202623,30.726095,63,6916
104.03645,30.29669,306,6917
104.125363,30.769594,35,6918
104.104669,30.812914,-1,6919
104.23213,30.709767,-1,6920
104.237493,30.652754,13,6921
104.224907,30.804922,-1,6922
104.155212,30.522586,-1,6923
103.536939,30.770049,-1,6924
103.954,30.592025,-1,6925
104.055919,30.763253,245,6926
104.36562,30.789681,-1,6927
104.202543,30.726089,63,6928
103.990578,30.73945,264,6929
103.650196,30.435934,-1,6930
104.297756,31.025387,-1,6931
103.802273,31.244888,-1,6932
104.203699,30.726056,63,6933
103.896473,30.666045,207,6934
104.51837,30.72619,-1,6935
104.037584,30.296786,306,6936
104.563986,30.381501,-1,6937
104.242533,30.650892,7,6938
103.93806,30.614154,30,6939
104.006672,30.592353,144,6940
103.770731,30.398675,305,6941
103.887809,30.660878,250,6942
103.886836,30.820448,197,6943
103.891362,30.409922,257,6944
104.086925,30.805754,-1,6945
104.119993,30.772629,70,6946
103.972428,30.542452,232,6947
104.000659,30.520245,77,6948
104.104669,30.812914,-1,6949
103.988299,30.45915,-1,6950
104.093423,30.581232,92,6951
103.861601,30.80432,212,6952
103.937538,30.619379,253,6953
104.51301,30.42023,225,6954
104.487745,30.459265,31,6955
103.887348,30.592829,340,6956
103.893055,30.447447,221,6957
103.686968,30.952266,-1,6958
104.222369,30.711677,-1,6959
104.284588,31.059946,-1,6960
103.887371,30.592901,340,6961
103.966236,31.00546,-1,6962
104.114947,30.416932,100,6963
102.25064,29.751344,-1,6964
104.212259,30.526015,-1,6965
103.831523,30.667695,322,6966
104.857993,29.741175,-1,6967
104.450824,30.848383,-1,6968
103.96004,30.940339,-1,6969
104.530241,30.635767,-1,6970
104.084399,30.834906,-1,6971
104.047268,30.42751,187,6972
104.207795,30.563635,-1,6973
103.936706,30.61327,30,6974
104.255411,30.531032,283,6975
103.862869,30.305961,-1,6976
103.838185,30.360683,248,6977
104.520439,30.429944,149,6978
104.538953,31.861304,-1,6979
104.757556,30.910823,-1,6980
104.195453,30.595695,-1,6981
104.235278,30.646805,5,6982
103.825119,30.798335,-1,6983
103.903513,30.6344,-1,6984
104.227928,30.802586,335,6985
103.872612,30.77931,38,6986
103.921014,30.702979,199,6987
103.540198,31.050182,71,6988
104.044005,30.446817,51,6989
103.924521,30.94996,98,6990
104.348905,31.050342,-1,6991
103.707324,29.088696,-1,6992
103.851039,30.437253,130,6993
104.058059,30.476529,-1,6994
104.007605,30.554198,220,6995
104.203589,30.726009,63,6996
102.202503,29.684165,-1,6997
104.245201,30.553548,6,6998
103.892827,30.447555,221,6999
103.793121,31.238907,-1,7000
104.057061,31.256297,-1,7001
104.041027,30.59328,81,7002
104.001791,30.88448,124,7003
104.584748,30.355122,190,7004
104.115588,30.378429,231,7005
103.68229,31.012474,-1,7006
103.974562,31.067775,-1,7007
104.204277,30.740119,214,7008
104.222018,30.709523,-1,7009
103.876256,30.500606,247,7010
103.846692,30.437882,153,7011
104.144152,30.533905,-1,7012
104.13172,30.618253,-1,7013
104.243127,30.650083,7,7014
104.320441,30.277966,105,7015
103.64268,30.942678,209,7016
104.53714,30.366046,202,7017
104.533921,29.759401,281,7018
104.001834,30.128143,256,7019
103.687277,30.616276,-1,7020
103.498378,30.550582,-1,7021
103.961164,30.612343,-1,7022
104.17461,30.715297,36,7023
104.522147,30.429871,149,7024
104.055389,30.795774,-1,7025
103.945879,30.47097,-1,7026
103.849456,30.665552,-1,7027
103.988455,30.627705,325,7028
104.226107,30.8025,-1,7029
104.193862,30.72672,-1,7030
103.887734,30.660823,250,7031
104.074936,30.32095,-1,7032
103.85334,31.125515,-1,7033
103.712263,30.322575,-1,7034
104.038195,30.656371,-1,7035
104.071285,30.769169,-1,7036
103.453155,30.46991,-1,7037
104.339229,30.667336,-1,7038
104.58465,30.34033,-1,7039
104.234494,30.646137,5,7040
103.873378,30.828935,-1,7041
103.849145,31.061019,-1,7042
104.3209,30.327738,-1,7043
103.796624,29.434348,-1,7044
104.62708,30.308409,-1,7045
103.806369,31.171628,155,7046
103.837536,30.357316,160,7047
104.245393,30.645416,65,7048
104.283276,30.936851,-1,7049
103.863085,30.556491,334,7050
103.640224,30.465876,48,7051
103.591179,30.250912,-1,7052
103.961026,30.941085,-1,7053
104.237688,30.718702,-1,7054
104.598829,30.701125,-1,7055
103.744105,30.356789,-1,7056
103.760784,30.635869,-1,7057
103.627486,30.920418,-1,7058
104.076601,30.295843,-1,7059
103.496093,30.175165,-1,7060
104.450344,30.476118,327,7061
104.183537,30.711636,69,7062
103.4772,30.422432,-1,7063
103.993543,30.764692,215,7064
104.096865,30.848824,-1,7065
104.385954,30.300745,-1,7066
104.165088,30.658817,15,7067
103.088665,30.059249,-1,7068
104.112479,30.753154,238,7069
104.508776,30.354333,300,7070
103.756836,31.19453,68,7071
104.226002,30.525207,76,7072
103.880308,30.404324,159,7073
104.161805,30.599771,167,7074
103.546064,30.555404,-1,7075
103.929179,30.699006,174,7076
103.823839,30.585353,-1,7077
104.566008,30.377851,-1,7078
103.887906,30.556312,259,7079
104.188157,30.662384,-1,7080
103.89573,30.841801,-1,7081
104.007611,30.553929,220,7082
103.704414,30.654989,-1,7083
104.37819,30.313582,308,7084
103.936627,30.613926,30,7085
104.112064,30.752833,238,7086
103.799109,31.166899,326,7087
103.911924,30.798775,246,7088
103.684552,31.023885,-1,7089
104.448648,30.819695,-1,7090
103.701659,30.602599,2,7091
103.908304,30.660863,323,7092
103.657152,30.924728,-1,7093
104.093263,30.580748,92,7094
104.236238,30.860353,313,7095
104.564273,30.387782,183,7096
104.057973,30.380819,-1,7097
104.353834,30.435953,191,7098
104.449559,30.48065,258,7099
104.223995,30.566471,157,7100
103.673766,30.903898,-1,7101
104.520958,30.429827,149,7102
103.681491,30.848995,-1,7103
103.954986,30.960006,-1,7104
103.981645,30.785146,121,7105
104.306177,31.019416,-1,7106
104.242811,30.650605,7,7107
104.00452,30.592295,37,7108
104.001761,30.484589,194,7109
104.201801,30.737173,-1,7110
104.0751,30.238787,119,7111
104.162491,30.55711,298,7112
103.90847,30.543063,9,7113
104.543542,30.718165,-1,7114
104.202118,30.734809,-1,7115
103.938449,30.616503,234,7116
103.394273,30.206723,-1,7117
103.541028,31.049428,71,7118
104.592891,30.392689,-1,7119
104.10677,30.58718,57,7120
104.06991,30.768493,28,7121
104.523033,30.436206,-1,7122
104.149264,30.622446,17,7123
103.860741,30.803659,212,7124
104.099079,31.201789,-1,7125
103.969652,30.366603,99,7126
104.095898,30.540685,107,7127
104.400292,30.996856,-1,7128
104.20358,30.726109,63,7129
103.917533,30.742775,203,7130
104.022623,30.549667,-1,7131
104.170888,30.615151,165,7132
103.837511,30.357503,160,7133
104.545321,29.502538,-1,7134
104.236058,30.647,5,7135
103.876457,30.500886,247,7136
103.893139,30.447435,221,7137
104.321418,30.292001,-1,7138
104.093542,30.581453,92,7139
104.117117,30.537785,-1,7140
104.539593,30.371878,-1,7141
104.117402,30.282749,-1,7142
103.781535,30.881197,-1,7143
104.145599,30.575596,-1,7144
103.645527,30.955619,-1,7145
104.393377,30.294115,-1,7146
104.096531,30.459218,-1,7147
104.091363,30.836011,-1,7148
104.534644,30.637188,-1,7149
103.969252,30.366325,99,7150
104.170847,30.659687,140,7151
104.151545,30.776777,-1,7152
104.106511,30.740629,289,7153
104.051536,30.757764,-1,7154
103.659946,30.923245,-1,7155
104.394397,30.350252,175,7156
103.802054,30.455447,32,7157
103.825005,30.581767,-1,7158
103.867637,30.535044,301,7159
104.213711,30.652171,185,7160
103.16996,31.437498,-1,7161
103.917366,30.3864,-1,7162
104.235017,30.794422,-1,7163
103.813739,30.632811,26,7164
104.026074,30.662398,-1,7165
103.93709,30.613404,30,7166
104.216394,30.77535,-1,7167
103.813103,30.632755,26,7168
104.202221,30.726056,63,7169
104.537533,30.443574,-1,7170
104.075581,30.238904,119,7171
104.203477,30.726065,63,7172
104.073489,30.544245,-1,7173
103.280375,30.165618,-1,7174
103.756836,31.19453,68,7175
104.843403,29.737575,-1,7176
103.91525,30.418835,213,7177
103.878594,30.198166,109,7178
104.245647,30.552978,6,7179
103.875489,30.483862,-1,7180
103.8105,30.631969,26,7181
104.073474,30.718615,103,7182
103.952621,30.428033,133,7183
103.898025,30.614449,-1,7184
103.870555,30.47715,-1,7185
104.046596,30.428231,187,7186
104.105946,30.447841,-1,7187
104.175425,30.71532,36,7188
103.88577,30.583558,-1,7189
104.215451,30.583192,10,7190
104.401372,30.99712,-1,7191
103.908636,30.542271,9,7192
104.590681,30.388528,-1,7193
104.422472,30.474468,223,7194
103.890372,30.248316,-1,7195
103.690014,31.045949,-1,7196
104.394454,30.35025,175,7197
104.038371,30.707091,-1,7198
103.851374,31.059597,-1,7199
103.945306,30.952156,-1,7200
103.663123,30.91043,-1,7201
104.244421,30.645475,65,7202
104.236176,30.792053,-1,7203
103.096834,30.064218,-1,7204
104.323349,30.645116,272,7205
104.010056,30.765385,78,7206
103.41378,30.76182,-1,7207
104.055919,30.763253,245,7208
103.905365,30.810498,269,7209
104.882027,30.640996,-1,7210
103.479746,30.42775,284,7211
103.923186,30.716734,18,7212
104.50162,30.473711,85,7213
104.445914,30.856277,-1,7214
103.884669,30.388736,273,7215
104.41511,30.243754,141,7216
103.640468,30.954928,-1,7217
104.224963,30.794022,53,7218
104.201338,30.733423,244,7219
103.914826,30.630925,127,7220
103.654411,30.92612,50,7221
104.312546,30.289534,-1,7222
103.969507,30.36647,99,7223
104.071441,30.725095,73,7224
104.477804,30.489169,265,7225
104.202568,30.726097,63,7226
104.487898,30.493073,23,7227
103.861349,30.878995,-1,7228
104.32378,30.644982,272,7229
104.096955,30.754777,-1,7230
104.108845,30.464018,278,7231
103.917564,30.74273,203,7232
103.718216,30.614154,-1,7233
103.908652,30.898445,-1,7234
103.506575,30.743447,-1,7235
103.960045,30.51723,115,7236
103.111082,29.294297,-1,7237
104.234867,30.646805,5,7238
103.499095,30.56935,94,7239
104.397297,30.824157,-1,7240
104.005697,30.515454,-1,7241
103.696348,30.582659,-1,7242
103.952621,30.428033,133,7243
104.498884,30.49074,-1,7244
104.099317,30.46707,83,7245
104.008877,30.743916,-1,7246
103.798446,31.16695,326,7247
104.069598,30.768478,28,7248
104.55973,30.437086,-1,7249
103.994271,30.612547,156,7250
103.838798,30.31582,-1,7251
103.643455,30.470112,186,7252
103.809379,30.402527,-1,7253
104.070015,30.725367,-1,7254
104.268959,30.579144,292,7255
104.521573,30.429634,149,7256
104.321484,30.292001,-1,7257
104.015002,30.841964,-1,7258
104.543199,30.693642,-1,7259
104.043989,30.445917,51,7260
103.902322,30.658379,146,7261
103.678009,30.338759,102,7262
103.697318,30.655678,-1,7263
103.576013,30.335029,-1,7264
103.965346,30.636883,67,7265
103.967371,30.648546,58,7266
104.601912,30.878503,-1,7267
103.735849,30.3354,-1,7268
103.710221,29.19303,-1,7269
104.327487,30.402419,-1,7270
104.871984,30.064591,-1,7271
103.971174,30.650423,46,7272
104.161324,30.599456,167,7273
103.970264,30.650251,46,7274
104.559455,30.727875,-1,7275
103.879913,30.404395,159,7276
103.959941,30.517246,115,7277
104.273014,30.814535,-1,7278
103.923007,30.717034,18,7279
103.969507,30.36647,99,7280
103.902226,30.834654,90,7281
104.161838,30.599826,167,7282
103.696378,30.608973,-1,7283
103.846692,30.4378,153,7284
104.242811,30.650605,7,7285
104.513509,30.513002,-1,7286
103.71826,30.613826,-1,7287
103.646943,30.296223,-1,7288
104.118487,30.757246,8,7289
103.661038,30.961235,3,7290
104.450834,30.848363,-1,7291
104.023408,30.593705,-1,7292
104.462719,31.057261,-1,7293
103.581419,30.384999,-1,7294
103.971874,30.542184,232,7295
104.162211,30.556764,298,7296
104.209325,30.61504,-1,7297
104.023294,30.45916,-1,7298
104.226077,30.525082,76,7299
104.501878,30.354382,193,7300
103.97741,30.688443,24,7301
103.873764,30.553229,-1,7302
104.990726,29.542539,166,7303
103.885749,30.665158,-1,7304
104.492773,30.321953,-1,7305
103.833736,30.635242,-1,7306
103.936329,30.733048,-1,7307
104.388114,30.746911,-1,7308
104.164488,30.658998,15,7309
104.277283,31.141959,-1,7310
104.589796,30.345751,-1,7311
103.965185,30.637179,67,7312
104.177039,30.718601,79,7313
103.912557,30.824533,138,7314
104.520918,30.429809,149,7315
104.258146,30.649849,-1,7316
103.915758,30.419816,-1,7317
103.663332,30.659499,-1,7318
103.970528,30.650453,46,7319
103.956728,30.030478,310,7320
104.175624,30.700188,-1,7321
104.255613,30.531032,283,7322
104.400792,31.064602,-1,7323
103.812011,30.632483,26,7324
104.597732,30.699625,-1,7325
103.89886,30.615363,20,7326
104.489637,30.49406,23,7327
103.883701,30.665965,152,7328
103.886953,30.528537,198,7329
104.118495,30.757672,8,7330
103.559529,30.549503,188,7331
103.796417,31.237176,178,7332
103.863364,30.556441,334,7333
104.235646,30.646504,5,7334
104.555244,30.352144,126,7335
103.936425,30.614202,30,7336
104.038675,30.485673,-1,7337
103.613939,30.87127,-1,7338
104.125157,30.769271,35,7339
103.940578,30.619146,196,7340
104.213894,30.651962,185,7341
104.220768,30.63892,0,7342
104.16509,30.658831,15,7343
104.162093,30.599855,167,7344
104.067062,30.807054,-1,7345
103.967551,30.586132,251,7346
103.533161,30.765175,-1,7347
104.164468,30.658671,15,7348
104.112454,30.753016,238,7349
103.904327,30.370261,-1,7350
104.539427,30.425726,-1,7351
104.255878,30.531407,283,7352
104.172296,30.718108,-1,7353
104.495522,30.41775,-1,7354
103.677282,30.949646,219,7355
104.262621,30.851254,-1,7356
103.92668,30.946991,240,7357
104.131002,30.961441,-1,7358
104.453248,30.87105,-1,7359
104.040914,30.530809,-1,7360
103.938702,30.61641,234,7361
103.677739,30.338968,102,7362
103.532284,31.404686,110,7363
104.220908,30.638868,0,7364
103.794663,30.604245,-1,7365
104.391495,30.300067,54,7366
104.237675,30.653271,13,7367
104.0911,30.559852,233,7368
104.340655,30.463001,-1,7369
103.912965,30.824611,138,7370
104.102042,30.576524,-1,7371
103.496123,30.175216,-1,7372
103.912381,30.63091,182,7373
104.008783,30.59067,142,7374
104.908375,30.159823,139,7375
104.112442,30.752985,238,7376
103.977676,30.688176,24,7377
104.564958,30.387016,183,7378
104.138299,30.610656,113,7379
104.235462,30.646586,5,7380
103.938261,30.616223,234,7381
104.533958,30.404968,-1,7382
103.917233,30.683656,147,7383
104.23463,30.646184,5,7384
103.969422,30.6427,-1,7385
103.93627,30.905509,62,7386
103.588547,31.011201,-1,7387
104.152713,30.781615,239,7388
103.960256,30.51763,115,7389
104.052406,30.246217,217,7390
103.964447,30.810486,-1,7391
104.080897,30.694777,-1,7392
104.03711,30.148366,145,7393
104.210334,30.884652,-1,7394
104.489342,30.493969,23,7395
104.478301,30.489635,265,7396
104.048793,30.653407,-1,7397
103.896005,30.666341,207,7398
103.678118,31.029696,72,7399
103.799644,31.166564,326,7400
103.952301,30.428306,133,7401
104.320115,30.277235,105,7402
104.636402,30.927908,-1,7403
104.093204,30.856437,-1,7404
103.88674,30.820431,197,7405
103.987701,30.919726,-1,7406
103.908756,30.543325,9,7407
104.626974,30.308527,-1,7408
103.789993,30.688517,-1,7409
104.196075,30.52731,268,7410
104.318495,30.86113,106,7411
103.870204,30.702343,122,7412
103.800925,31.246265,-1,7413
103.997339,30.630719,-1,7414
103.937538,30.619379,253,7415
104.169006,30.741231,11,7416
104.118695,30.757226,8,7417
103.847906,31.027905,-1,7418
103.794996,30.44112,314,7419
103.851602,30.988126,-1,7420
103.955918,31.007709,-1,7421
104.043654,30.206011,161,7422
104.096435,30.547153,-1,7423
104.745608,30.451686,101,7424
104.060681,30.728515,-1,7425
104.37824,30.455766,332,7426
104.096531,30.459218,-1,7427
103.97761,30.688408,24,7428
104.197859,30.659698,-1,7429
104.001882,30.128227,256,7430
104.055832,30.763249,245,7431
103.97337,30.991179,-1,7432
104.16604,30.712803,91,7433
103.647295,30.951541,22,7434
103.634089,31.096132,-1,7435
103.604378,30.739975,-1,7436
104.596241,30.716343,-1,7437
104.311893,30.84679,-1,7438
103.696717,30.656744,-1,7439
104.269342,30.729291,-1,7440
104.203317,30.725851,63,7441
104.243212,30.649984,7,7442
103.494885,30.21473,-1,7443
103.862413,30.393011,-1,7444
104.108043,30.42039,162,7445
104.043716,30.446302,51,7446
104.477545,30.225726,-1,7447
103.937107,30.613436,30,7448
104.223671,30.885252,-1,7449
104.096195,30.543438,297,7450
103.76508,31.205187,-1,7451
103.943643,30.499128,154,7452
104.187935,30.995869,-1,7453
103.671907,30.317228,108,7454
104.115321,30.885115,-1,7455
104.175209,30.71537,36,7456
103.97382,31.032166,341,7457
103.892899,30.447411,221,7458
103.810283,30.631894,26,7459
104.453377,30.491329,-1,7460
104.242559,30.650187,7,7461
103.97725,31.050071,-1,7462
103.533015,30.693929,208,7463
103.860748,30.444344,82,7464
104.377444,30.300177,-1,7465
104.175505,30.715388,36,7466
103.972314,30.945059,-1,7467
104.169555,30.741393,11,7468
104.47222,30.449301,-1,7469
104.267165,30.650552,-1,7470
104.196013,30.52765,268,7471
104.046895,30.427996,187,7472
103.994719,30.480241,-1,7473
104.242524,30.650034,7,7474
103.938245,30.616139,234,7475
104.09379,30.581181,92,7476
104.262509,30.851436,-1,7477
103.966991,30.680736,-1,7478
103.875144,30.830718,-1,7479
104.188617,30.717932,-1,7480
104.036635,30.296755,306,7481
104.235478,30.64692,5,7482
104.243157,30.650418,7,7483
104.330915,30.644216,-1,7484
103.936425,30.614202,30,7485
104.107841,30.874548,-1,7486
104.512888,30.420279,225,7487
103.937182,30.614632,30,7488
104.234569,30.646187,5,7489
103.860288,30.837313,277,7490
104.489494,30.492386,-1,7491
103.855903,30.334716,-1,7492
104.077446,30.384273,-1,7493
103.901914,30.834184,90,7494
103.616222,30.955209,-1,7495
103.878494,30.198226,109,7496
103.388026,30.732598,-1,7497
103.855452,30.630079,-1,7498
104.118335,30.757136,8,7499
104.164468,30.658671,15,7500
104.299402,30.644631,-1,7501
104.118655,30.757584,8,7502
104.203717,30.7153,-1,7503
103.682256,30.596677,236,7504
103.987016,30.216185,331,7505
104.242056,30.554165,-1,7506
104.627835,30.921978,-1,7507
103.969371,30.10341,-1,7508
103.94533,30.776092,-1,7509
104.223662,30.794411,53,7510
104.323867,30.645009,272,7511
104.060405,30.493475,-1,7512
103.968873,30.656903,-1,7513
104.302222,30.86054,-1,7514
103.465176,30.438409,59,7515
103.823839,30.585353,-1,7516
103.937568,30.619353,253,7517
103.89594,30.666331,207,7518
103.942708,30.772869,-1,7519
103.577633,30.851269,-1,7520
103.917533,30.742659,203,7521
103.956017,29.163061,-1,7522
103.55989,30.549019,188,7523
104.24419,30.645742,65,7524
104.272827,30.326258,-1,7525
104.498884,30.49074,-1,7526
104.061813,30.270921,-1,7527
104.106935,30.491092,172,7528
104.58016,30.368277,-1,7529
104.050684,30.749919,276,7530
103.662808,30.971197,290,7531
104.235758,30.646964,5,7532
104.561749,30.394755,-1,7533
104.223883,30.794101,53,7534
104.132429,30.820814,-1,7535
103.498395,30.569082,94,7536
104.393416,30.294137,-1,7537
104.522204,30.429859,149,7538
103.81085,30.632113,26,7539
104.394471,30.350147,175,7540
103.82396,30.611831,-1,7541
104.177374,30.718686,79,7542
103.694631,30.612766,-1,7543
104.056111,30.847931,88,7544
103.890624,30.478685,237,7545
103.854535,31.053506,-1,7546
104.353864,30.99547,318,7547
104.261095,30.656081,-1,7548
103.952083,30.427969,133,7549
104.320224,30.277979,105,7550
103.880154,30.3481,-1,7551
104.152713,30.781615,239,7552
103.921001,30.702944,199,7553
104.595927,31.769274,-1,7554
103.969777,31.053637,-1,7555
104.060635,31.245513,-1,7556
104.203321,30.726115,63,7557
104.221089,30.638634,0,7558
103.721725,30.586644,-1,7559
103.620964,30.191665,-1,7560
102.480609,29.997855,-1,7561
103.908304,30.660863,323,7562
104.25387,30.773941,-1,7563
104.235238,30.646771,5,7564
104.00928,31.205626,-1,7565
103.936069,30.905366,62,7566
103.866397,31.077419,-1,7567
104.53964,30.721982,-1,7568
103.957365,30.647488,29,7569
103.438067,30.941686,-1,7570
103.887305,30.528667,198,7571
103.969996,30.344001,-1,7572
103.814761,30.970791,-1,7573
103.988299,30.45915,-1,7574
103.932992,30.861712,-1,7575
103.48982,31.336108,-1,7576
103.678118,31.029696,72,7577
103.811911,30.632496,26,7578
104.256538,29.021088,-1,7579
104.008667,30.590649,142,7580
104.100932,30.438846,-1,7581
104.041026,30.655197,-1,7582
103.823322,30.610334,211,7583
103.876281,30.491345,184,7584
103.887208,30.528613,198,7585
104.401528,31.061425,-1,7586
104.323842,30.645102,272,7587
104.247919,30.846371,-1,7588
103.673531,30.525545,-1,7589
103.580112,31.025425,-1,7590
103.70831,29.090132,-1,7591
104.20322,30.726057,63,7592
103.16996,31.437498,-1,7593
104.164933,30.549189,-1,7594
104.14605,31.492663,-1,7595
104.051437,30.476804,45,7596
104.605439,30.115513,-1,7597
104.22355,30.675104,204,7598
104.183426,30.710771,69,7599
104.115399,30.378513,231,7600
103.940098,30.614272,96,7601
103.738776,30.575797,-1,7602
103.390882,30.73362,-1,7603
104.106935,30.491092,172,7604
104.400779,30.310662,-1,7605
104.046664,30.428338,187,7606
104.548086,30.691357,129,7607
104.497685,30.489642,-1,7608
103.952895,31.018761,-1,7609
103.882863,30.665939,152,7610
103.352668,30.375338,-1,7611
104.161124,30.890958,-1,7612
104.292243,30.901986,-1,7613
103.800769,30.453581,-1,7614
103.91314,30.631024,182,7615
103.859263,30.827722,120,7616
104.50162,30.473711,85,7617
104.122545,30.511939,-1,7618
104.052098,30.487256,-1,7619
103.883113,30.665943,152,7620
104.046735,30.4281,187,7621
104.098558,30.885248,60,7622
103.920926,30.54078,-1,7623
104.224894,30.793994,53,7624
104.04162,30.529795,-1,7625
103.959985,30.517214,115,7626
103.952252,30.428222,133,7627
104.244421,30.645475,65,7628
103.883187,30.41131,-1,7629
103.560704,30.748773,143,7630
104.102,30.614592,-1,7631
103.96644,30.680536,-1,7632
103.896507,30.666103,207,7633
103.647446,31.021349,-1,7634
104.237449,30.65296,13,7635
104.104309,30.449233,-1,7636
103.880001,30.404323,159,7637
104.165761,30.658648,15,7638
103.309141,30.210632,-1,7639
103.600997,31.06457,41,7640
103.66113,30.961001,3,7641
104.326691,30.860112,64,7642
104.325046,30.295558,-1,7643
103.709549,30.90205,-1,7644
102.22934,29.933315,-1,7645
103.952808,30.486322,-1,7646
103.937042,30.61322,30,7647
104.180137,30.61963,304,7648
104.12042,30.7734,70,7649
104.034058,30.465283,-1,7650
103.647748,30.951631,22,7651
104.24294,30.645566,65,7652
104.12521,30.76928,35,7653
103.497379,30.547264,-1,7654
104.243563,30.645541,65,7655
104.323131,30.34296,75,7656
103.892058,30.634026,-1,7657
103.907885,30.882747,-1,7658
104.203217,30.725876,63,7659
103.127551,30.062321,-1,7660
104.64115,30.100368,-1,7661
104.25541,30.531038,283,7662
103.876513,30.500822,247,7663
103.940707,30.614015,96,7664
104.224836,30.793708,53,7665
104.009183,30.590435,142,7666
103.912965,30.824611,138,7667
104.177603,30.718926,79,7668
103.727646,30.559055,-1,7669
104.644433,30.676404,-1,7670
103.964995,30.310132,137,7671
104.394511,30.896277,-1,7672
104.315614,30.303041,39,7673
104.023419,30.623014,-1,7674
104.216348,30.52238,-1,7675
103.838394,30.316835,-1,7676
103.628146,30.727473,151,7677
103.995937,30.613087,156,7678
103.642454,30.941121,-1,7679
104.669358,29.503906,-1,7680
103.959902,30.152012,-1,7681
103.972179,30.542385,232,7682
103.459641,30.746954,132,7683
103.502463,30.571698,-1,7684
104.394471,30.350147,175,7685
103.905321,30.811174,269,7686
103.970779,30.650422,46,7687
104.118615,30.756898,8,7688
104.001534,30.88534,124,7689
104.218952,30.655292,55,7690
104.115284,30.752941,-1,7691
103.816312,30.633572,26,7692
104.00623,30.59212,144,7693
104.112921,30.770995,-1,7694
104.170557,30.659562,140,7695
104.080951,30.689931,-1,7696
104.050924,30.476726,45,7697
103.498156,31.436623,-1,7698
103.697516,30.406999,-1,7699
104.081265,30.67982,-1,7700
103.713886,30.52669,134,7701
103.696175,30.39625,299,7702
104.216905,30.571919,87,7703
103.8795,31.033374,-1,7704
103.560153,30.548835,188,7705
103.921196,30.703079,199,7706
103.936072,30.610384,-1,7707
103.695902,30.407857,-1,7708
104.339357,30.66667,-1,7709
103.914226,30.630488,127,7710
104.022308,30.500937,116,7711
104.225159,30.638956,282,7712
104.224788,30.793613,53,7713
104.107871,30.496111,-1,7714
103.7251,30.332153,-1,7715
104.242556,30.650601,7,7716
103.502005,30.740918,-1,7717
103.911651,30.798717,246,7718
103.889495,30.478886,237,7719
104.351219,30.985512,-1,7720
103.988465,30.627793,325,7721
104.102784,30.515184,-1,7722
103.940028,30.614216,96,7723
104.073371,30.718722,103,7724
103.975377,30.997936,-1,7725
103.936858,30.613786,30,7726
103.916774,30.397686,4,7727
104.093743,30.581517,92,7728
104.379458,31.079082,-1,7729
104.122985,30.442325,-1,7730
104.469806,30.450512,-1,7731
103.559529,30.549503,188,7732
103.859847,30.301322,-1,7733
104.439901,29.476518,-1,7734
103.876166,30.500862,247,7735
104.116168,30.584202,337,7736
104.567212,30.35789,-1,7737
103.687622,30.617143,-1,7738
103.505699,30.558929,49,7739
104.003844,30.565113,-1,7740
103.914123,30.675455,201,7741
103.959571,30.517181,115,7742
103.561062,30.748587,143,7743
103.674835,30.902547,-1,7744
104.392257,30.337597,-1,7745
103.958548,30.597837,-1,7746
104.201107,30.733794,244,7747
103.711713,30.321679,-1,7748
103.892754,31.020012,-1,7749
103.819396,30.738514,-1,7750
104.211273,30.743756,-1,7751
103.920952,30.540408,-1,7752
104.171052,30.615412,165,7753
104.324313,30.9365,-1,7754
103.924757,30.950077,98,7755
104.499251,30.479438,-1,7756
104.393074,30.301863,-1,7757
103.814857,30.633166,26,7758
103.976936,30.653084,12,7759
104.421756,30.8813,-1,7760
104.690074,30.32549,-1,7761
103.701809,30.602609,2,7762
104.174459,30.715306,36,7763
103.970686,30.65033,46,7764
104.160492,30.731038,-1,7765
103.859815,30.301772,-1,7766
103.896683,30.666516,207,7767
103.698161,31.042075,-1,7768
103.789745,29.6361,-1,7769
104.168017,30.659509,-1,7770
104.380645,30.879935,-1,7771
104.164678,30.658693,15,7772
103.990914,30.427524,-1,7773
103.956817,30.93892,-1,7774
104.574659,30.723146,-1,7775
103.638204,30.944314,-1,7776
104.320321,30.277297,105,7777
103.875729,30.481066,180,7778
104.234933,30.860931,313,7779
104.57173,30.688503,-1,7780
104.097451,30.450266,-1,7781
104.300429,30.381876,44,7782
104.338643,30.845459,-1,7783
104.050684,30.749919,276,7784
104.533921,29.759401,281,7785
104.217304,30.572284,87,7786
104.367436,30.307233,-1,7787
104.292781,30.391485,25,7788
104.10459,30.595764,-1,7789
104.169006,30.741231,11,7790
104.564343,30.385486,-1,7791
104.556371,30.373133,274,7792
104.020058,30.119768,-1,7793
104.247488,30.555264,-1,7794
103.94521,30.951985,-1,7795
104.17715,30.718636,79,7796
104.405576,30.344798,-1,7797
104.567199,30.371909,163,7798
104.165866,30.712729,91,7799
104.035937,30.751854,-1,7800
104.179032,30.7831,14,7801
104.37819,30.313582,308,7802
104.453947,30.489697,-1,7803
104.327365,30.402341,-1,7804
103.810366,30.630378,26,7805
104.046847,30.427964,187,7806
104.322275,30.645841,-1,7807
104.008841,30.590564,142,7808
104.595496,31.767986,-1,7809
103.965744,30.182759,-1,7810
104.243205,30.645931,65,7811
103.798446,31.16695,326,7812
103.861237,30.803809,212,7813
104.16875,30.74131,11,7814
104.047386,30.426573,187,7815
103.561337,30.748858,143,7816
104.183098,30.717394,-1,7817
104.102202,30.420169,-1,7818
103.935221,30.905404,62,7819
104.043655,30.446411,51,7820
103.974709,30.643926,-1,7821
103.91427,30.675561,201,7822
104.501723,30.354028,193,7823
104.074565,30.803609,-1,7824
103.780068,30.403086,-1,7825
103.935347,30.905347,62,7826
103.695299,30.61834,-1,7827
104.438608,30.356093,342,7828
103.936187,30.905626,62,7829
104.50571,30.506785,177,7830
104.160937,30.643411,317,7831
103.097331,30.064252,-1,7832
103.89116,30.478603,237,7833
104.106944,30.621667,-1,7834
104.327076,30.306497,230,7835
104.164668,30.658793,15,7836
103.828836,30.937752,-1,7837
103.976462,30.767247,-1,7838
104.203321,30.726115,63,7839
104.501899,30.474808,-1,7840
104.165601,30.65863,15,7841
103.922977,30.717174,18,7842
103.949634,31.022423,-1,7843
104.449527,30.480634,258,7844
103.449607,30.427025,-1,7845
104.489483,30.493723,23,7846
103.967379,30.681704,-1,7847
104.086029,30.581338,-1,7848
104.149525,30.622483,17,7849
104.47782,30.489185,265,7850
104.539193,30.7244,-1,7851
103.473122,30.39447,-1,7852
104.017317,30.530991,-1,7853
103.709044,30.393363,295,7854
103.757403,30.598184,-1,7855
103.844088,30.621245,-1,7856
104.392969,30.283627,235,7857
104.318965,30.275827,-1,7858
103.955186,30.686029,-1,7859
103.457314,30.467333,-1,7860
104.164116,30.671238,-1,7861
103.683928,30.878983,-1,7862
103.70155,30.602561,2,7863
103.961206,30.8183,-1,7864
103.61796,30.520208,-1,7865
104.214058,30.651599,185,7866
103.871409,30.289502,-1,7867
103.700814,30.654059,-1,7868
104.428486,31.15001,293,7869
103.936792,30.613589,30,7870
104.04244,30.19926,311,7871
104.118323,30.757072,8,7872
103.479834,30.427562,284,7873
103.702017,30.852844,-1,7874
103.932572,30.868037,-1,7875
104.237461,30.652856,13,7876
103.994354,30.952541,-1,7877
103.554493,30.607569,-1,7878
104.65082,30.342863,-1,7879
103.962906,30.811682,-1,7880
103.959135,30.823691,-1,7881
104.544781,30.42962,-1,7882
103.837139,29.975521,-1,7883
103.832179,30.66757,322,7884
103.683665,31.013453,-1,7885
104.459178,31.104586,-1,7886
104.198926,30.51063,170,7887
104.223673,30.675364,204,7888
104.169555,30.741393,11,7889
104.125104,30.769207,35,7890
104.020953,30.544694,-1,7891
103.912666,30.824826,138,7892
104.112246,30.75267,238,7893
104.495853,30.682288,-1,7894
104.242502,30.650188,7,7895
103.812979,30.575272,-1,7896
103.887883,30.660688,250,7897
104.061354,30.419062,95,7898
104.353666,30.99622,318,7899
104.190345,30.5141,-1,7900
104.320626,30.281466,-1,7901
104.144501,30.813327,40,7902
104.164989,30.658676,15,7903
104.37819,30.313582,308,7904
103.97393,30.604062,-1,7905
104.302083,30.597619,-1,7906
104.39156,30.300193,54,7907
103.876169,30.500545,247,7908
104.237157,30.642736,-1,7909
104.2043,30.731224,227,7910
103.901966,30.834297,90,7911
104.088077,30.226692,-1,7912
103.965595,30.310322,137,7913
104.870293,29.226523,-1,7914
104.444838,30.842345,-1,7915
104.069886,30.768459,28,7916
104.221102,30.638899,0,7917
104.046664,30.428338,187,7918
104.544631,30.363493,-1,7919
103.905531,30.810729,269,7920
104.235385,30.86069,313,7921
103.88791,30.556389,259,7922
104.017933,30.866238,-1,7923
103.719931,30.565293,-1,7924
104.061356,30.419392,95,7925
103.993775,30.564947,-1,7926
103.892681,30.397885,-1,7927
104.390148,31.063205,-1,7928
103.754145,31.014939,-1,7929
103.865173,30.346696,-1,7930
103.465216,30.438325,59,7931
103.861619,30.804193,212,7932
104.172971,30.484538,66,7933
104.566848,30.38783,-1,7934
104.111703,30.510896,-1,7935
103.708001,30.902856,-1,7936
104.177584,30.718908,79,7937
103.95213,30.428216,133,7938
104.112374,30.753043,238,7939
104.311884,30.298666,303,7940
104.006504,30.233346,307,7941
103.654463,30.926037,50,7942
104.002027,30.884144,124,7943
104.871984,30.064591,-1,7944
103.803222,30.496049,-1,7945
104.070755,30.726499,19,7946
103.916453,30.369565,42,7947
104.224811,30.793719,53,7948
103.973987,30.65251,-1,7949
104.354241,30.435534,191,7950
104.218135,30.585994,-1,7951
104.547815,30.691214,129,7952
104.152912,30.515311,-1,7953
104.278944,29.937095,-1,7954
103.708076,30.406074,-1,7955
104.37824,30.455766,332,7956
103.96927,30.366682,99,7957
104.038572,30.73218,-1,7958
103.897182,30.836532,280,7959
103.504892,30.725417,-1,7960
104.390186,30.33271,-1,7961
104.234485,30.646136,5,7962
104.247216,30.55488,-1,7963
104.249002,30.772394,255,7964
104.450359,30.476099,327,7965
103.654586,30.92571,50,7966
104.320115,30.277235,105,7967
103.883644,30.666061,152,7968
103.497036,30.547094,-1,7969
103.685737,31.014199,-1,7970
104.203677,30.726051,63,7971
103.796896,31.237231,178,7972
104.221021,30.638916,0,7973
104.274579,30.936244,-1,7974
104.244884,30.645666,65,7975
103.943683,30.499192,154,7976
103.682256,30.596677,236,7977
104.393115,30.283756,235,7978
103.914705,30.419373,213,7979
103.875577,30.479915,180,7980
103.009053,29.838602,-1,7981
103.952605,30.795842,243,7982
103.978097,30.200192,-1,7983
104.334781,30.643642,-1,7984
103.983973,30.57241,47,7985
103.710318,30.319803,-1,7986
104.069738,30.768417,28,7987
104.235909,30.646938,5,7988
104.0939,30.581019,92,7989
104.09567,30.536222,-1,7990
103.935363,30.905699,62,7991
103.812436,30.571529,-1,7992
103.768196,30.652422,-1,7993
104.052502,30.246181,217,7994
104.398153,30.310061,-1,7995
104.504909,30.686347,-1,7996
104.35221,30.768236,-1,7997
103.532949,30.573037,-1,7998
104.49118,31.049603,-1,7999
104.070918,30.727299,19,8000
103.662832,30.970831,290,8001
104.243352,30.651164,7,8002
104.101173,30.426465,-1,8003
104.176774,30.701395,-1,8004
104.990493,29.542423,166,8005
103.817004,30.568109,-1,8006
103.88746,30.592894,340,8007
104.539173,31.858781,104,8008
103.883484,30.339682,-1,8009
103.800955,30.63741,-1,8010
104.135002,30.805985,112,8011
104.069877,30.76851,28,8012
104.331387,30.644502,-1,8013
104.375463,30.949922,-1,8014
104.046398,30.598295,-1,8015
104.326553,30.860022,64,8016
104.3265,30.86026,64,8017
104.740222,30.446618,-1,8018
104.680554,30.051175,-1,8019
104.55621,30.352758,126,8020
103.937408,30.619069,253,8021
104.061364,30.418962,95,8022
104.973667,29.871171,123,8023
104.75642,30.633016,-1,8024
104.570403,30.349753,-1,8025
103.909818,30.544452,9,8026
103.524888,30.731448,-1,8027
104.213861,30.651512,185,8028
104.973699,29.871253,123,8029
104.056357,30.847646,88,8030
104.06996,30.768811,28,8031
103.701888,30.602649,2,8032
104.006519,30.592503,144,8033
104.550886,30.717465,-1,8034
104.168391,30.719633,-1,8035
104.041905,30.248762,254,8036
104.234851,30.647037,5,8037
104.555244,30.353062,126,8038
104.04008,30.531308,-1,8039
104.668895,30.087849,-1,8040
104.033603,30.510004,-1,8041
104.220888,30.638673,0,8042
103.756118,30.395347,-1,8043
103.67369,31.955243,-1,8044
104.202286,30.7262,63,8045
103.87716,30.491415,184,8046
103.806196,31.171761,155,8047
104.245479,30.553428,6,8048
104.048387,30.427867,187,8049
103.952332,30.795788,243,8050
103.917588,30.742681,203,8051
103.916958,30.386484,-1,8052
104.242652,30.651435,7,8053
103.892697,30.397769,-1,8054
104.073338,30.694849,-1,8055
104.149264,30.622447,17,8056
103.994939,30.612351,156,8057
103.902288,30.834941,90,8058
104.06121,30.418991,95,8059
103.70139,30.602474,2,8060
104.546367,29.503754,-1,8061
103.726465,30.778443,-1,8062
103.936275,30.613923,30,8063
104.028479,30.337795,-1,8064
104.391786,30.300239,54,8065
104.523125,30.362058,-1,8066
103.531296,31.405276,110,8067
103.899888,31.007596,-1,8068
103.959777,30.517596,115,8069
103.856466,30.629033,-1,8070
104.391884,30.300243,54,8071
103.923088,30.71702,18,8072
104.214907,30.582803,10,8073
104.181281,30.702366,-1,8074
104.043733,31.280039,-1,8075
103.914188,30.675425,201,8076
103.663312,30.959992,-1,8077
104.006551,30.592237,144,8078
103.976599,30.653083,12,8079
104.006551,30.592237,144,8080
104.22478,30.793725,53,8081
104.118079,30.757134,8,8082
104.149129,30.839428,-1,8083
103.654955,30.92702,50,8084
103.4951,30.407051,261,8085
103.903322,30.658543,146,8086
104.070761,30.726505,19,8087
103.94223,30.847659,302,8088
104.00193,30.484838,194,8089
104.009947,30.765312,78,8090
103.895701,30.666133,207,8091
104.135169,30.805836,112,8092
104.050609,30.476106,45,8093
103.932798,30.880247,-1,8094
103.671907,30.317228,108,8095
104.32337,30.342358,75,8096
103.881638,30.367099,-1,8097
103.662768,30.970697,290,8098
104.178766,30.7827,14,8099
103.682693,30.935725,-1,8100
104.170831,30.659655,140,8101
103.895215,30.528239,-1,8102
104.170109,30.627906,-1,8103
104.164618,30.658967,15,8104
104.188152,30.862408,-1,8105
103.323489,30.33701,-1,8106
103.866004,30.44042,-1,8107
103.56259,30.748668,-1,8108
104.202709,30.725871,63,8109
104.138299,30.610656,113,8110
104.235494,30.646586,5,8111
104.115413,30.378481,231,8112
103.959913,30.517617,115,8113
104.268987,31.015301,-1,8114
103.848786,31.288392,-1,8115
103.947634,30.60393,-1,8116
104.494656,30.323337,-1,8117
103.819153,30.797292,93,8118
104.424551,30.473804,-1,8119
104.308786,30.865297,34,8120
104.097255,30.890823,-1,8121
104.660349,31.130979,179,8122
104.04244,30.19926,311,8123
104.186319,30.761508,-1,8124
104.025344,30.157415,-1,8125
104.079077,30.818192,315,8126
103.661097,30.961105,3,8127
103.860935,30.445122,82,8128
104.848144,29.754184,-1,8129
103.348319,30.419084,-1,8130
103.738453,30.664644,-1,8131
104.226473,30.525207,76,8132
104.006672,30.592353,144,8133
104.45115,30.857177,-1,8134
104.228064,30.566993,-1,8135
104.869189,29.225675,-1,8136
103.874032,30.41725,192,8137
103.969654,30.366456,99,8138
103.5317,30.56267,-1,8139
104.198471,30.581987,114,8140
104.557792,30.707634,-1,8141
104.203749,30.726104,63,8142
104.449615,30.480666,258,8143
103.986952,30.215952,331,8144
103.935256,30.905451,62,8145
104.488975,30.49357,23,8146
104.047814,30.725362,-1,8147
103.880353,30.404032,159,8148
104.477747,30.489115,265,8149
103.738116,30.358782,-1,8150
103.923329,30.716445,18,8151
104.244465,30.645466,65,8152
103.899293,30.615952,20,8153
104.14952,30.622681,17,8154
104.172697,30.69935,-1,8155
103.738965,30.358221,-1,8156
104.038721,30.333355,-1,8157
103.766973,30.039621,-1,8158
104.116168,30.584202,337,8159
104.177019,30.718552,79,8160
104.168909,30.532092,158,8161
103.956808,30.030853,310,8162
104.403799,30.345034,-1,8163
104.189817,30.773005,-1,8164
103.959997,30.517326,115,8165
103.90474,30.353707,-1,8166
104.462386,31.234167,-1,8167
104.25524,30.530835,283,8168
104.403799,30.345034,-1,8169
104.109659,30.595302,-1,8170
104.353536,30.995966,318,8171
103.913292,30.994562,-1,8172
104.661856,31.092059,-1,8173
103.678216,31.029726,72,8174
104.096804,30.75868,-1,8175
103.902036,30.834165,90,8176
104.598085,30.713299,-1,8177
104.36562,30.789681,-1,8178
103.82312,30.647452,-1,8179
104.114521,30.750701,241,8180
104.162003,30.599673,167,8181
103.878666,30.198422,109,8182
104.138299,30.610656,113,8183
104.328128,30.34592,-1,8184
103.616216,30.955254,-1,8185
103.814862,30.72119,-1,8186
104.120914,30.52211,-1,8187
103.670181,30.653275,-1,8188
104.296013,30.993739,164,8189
103.867662,30.472311,-1,8190
104.008035,30.718785,286,8191
104.990493,29.542339,166,8192
104.003728,30.606463,111,8193
104.175255,30.66433,195,8194
104.014961,30.841973,-1,8195
104.321124,30.645876,-1,8196
103.473011,30.387911,-1,8197
103.660416,30.383966,-1,8198
103.844818,30.680353,-1,8199
104.165142,30.658996,15,8200
104.007968,30.718818,286,8201
103.968286,30.186931,-1,8202
104.138542,30.611005,113,8203
103.89381,30.448295,221,8204
104.36768,31.126617,-1,8205
103.682581,30.302205,-1,8206
104.2216,30.638444,0,8207
104.235888,30.646575,5,8208
103.844905,30.682872,-1,8209
102.729257,29.986787,-1,8210
104.25544,30.859746,80,8211
104.004181,30.592374,37,8212
103.552848,30.530522,171,8213
104.460621,30.488028,-1,8214
104.296363,30.993715,164,8215
104.166682,30.636629,-1,8216
103.54584,30.555449,-1,8217
104.203471,30.726281,63,8218
104.537372,30.365922,202,8219
104.226074,30.525068,76,8220
104.4992,30.475017,-1,8221
104.216391,30.776443,-1,8222
103.922865,30.716782,18,8223
104.083555,30.793279,-1,8224
103.823386,30.610075,211,8225
104.536634,30.410837,-1,8226
103.680542,30.611764,-1,8227
103.970358,30.560792,-1,8228
104.071488,30.72509,73,8229
104.275214,30.744171,-1,8230
103.654232,30.926653,50,8231
103.875452,30.481057,180,8232
103.744124,30.356908,-1,8233
103.916285,30.369531,42,8234
104.145569,30.546703,-1,8235
103.916795,30.397695,4,8236
103.683244,31.013326,-1,8237
103.640472,30.465974,48,8238
104.508324,30.354334,300,8239
104.085635,30.456613,131,8240
103.861319,30.803688,212,8241
104.050442,30.476754,45,8242
104.112459,30.753104,238,8243
103.912791,30.824648,138,8244
104.235574,30.646452,5,8245
104.164651,30.658771,15,8246
103.55443,30.607635,-1,8247
103.870592,30.702233,122,8248
104.198425,30.582156,114,8249
104.128382,30.751777,-1,8250
103.917588,30.742681,203,8251
104.046911,30.428048,187,8252
103.443279,30.750921,-1,8253
104.222489,30.710026,-1,8254
103.914808,30.630762,127,8255
104.311884,30.298666,303,8256
103.870781,31.045334,-1,8257
104.555643,30.175395,-1,8258
104.200933,30.733687,244,8259
104.223724,30.566382,157,8260
104.203156,30.726152,63,8261
104.310934,30.273315,-1,8262
104.041792,30.248677,254,8263
103.591263,30.741936,-1,8264
104.085635,30.456613,131,8265
104.093249,30.581446,92,8266
104.220849,30.638868,0,8267
104.223943,30.885302,-1,8268
104.312389,30.298253,303,8269
103.724157,30.559726,-1,8270
104.010075,30.765237,78,8271
103.939944,30.620954,339,8272
103.887734,30.660823,250,8273
104.11247,30.752839,238,8274
103.939936,30.999866,148,8275
104.17155,30.782838,-1,8276
104.098913,30.517854,-1,8277
104.086941,30.805752,-1,8278
104.474956,30.344536,324,8279
104.489287,30.493587,23,8280
103.786266,30.428334,-1,8281
104.061421,30.418976,95,8282
103.95836,30.689676,-1,8283
104.139612,30.825812,-1,8284
104.316227,30.943854,-1,8285
104.377726,30.313413,308,8286
103.721907,30.609026,-1,8287
103.937074,30.61322,30,8288
103.957365,30.647488,29,8289
103.920783,30.703049,199,8290
103.887068,30.528598,198,8291
104.224183,30.674947,204,8292
104.359305,30.531769,229,8293
104.178578,30.521254,-1,8294
104.115284,30.752941,-1,8295
104.190207,30.662426,89,8296
103.824191,30.611929,-1,8297
104.006026,30.520712,-1,8298
104.521588,30.417638,-1,8299
103.682242,30.612821,-1,8300
103.797343,30.643747,218,8301
104.766186,29.762153,-1,8302
104.523129,30.436322,-1,8303
104.096324,30.541019,107,8304
103.863036,30.347339,-1,8305
104.043954,30.445939,51,8306
103.498624,30.176167,-1,8307
104.066394,31.232263,-1,8308
104.223961,30.566364,157,8309
104.548119,30.712306,-1,8310
103.937599,30.618964,253,8311
104.63349,30.440939,-1,8312
103.89592,30.666243,207,8313
104.008061,30.231265,-1,8314
104.14587,30.707098,-1,8315
104.009183,30.590435,142,8316
103.928035,30.600688,-1,8317
103.997986,30.757514,260,8318
103.883369,30.666075,152,8319
104.104251,30.827739,-1,8320
103.943596,30.49904,154,8321
104.105114,30.464083,-1,8322
103.663815,30.673436,-1,8323
104.497266,30.346564,-1,8324
103.619671,30.398767,-1,8325
104.194299,31.191734,-1,8326
104.474401,30.344741,324,8327
103.533015,30.693929,208,8328
103.696749,30.582625,-1,8329
103.494764,30.762316,-1,8330
103.850732,30.820396,43,8331
104.120102,30.772586,70,8332
104.555427,30.707688,-1,8333
104.539541,30.662387,-1,8334
104.595776,31.769287,-1,8335
103.496137,30.548647,-1,8336
104.085805,30.748981,-1,8337
104.07136,30.728305,19,8338
104.426755,30.980041,-1,8339
103.989699,30.751573,-1,8340
104.662153,31.092077,-1,8341
103.916437,30.369213,42,8342
104.198958,31.580427,-1,8343
104.003464,30.734809,52,8344
104.513095,30.420362,225,8345
103.976462,30.767247,-1,8346
104.186694,30.707491,-1,8347
104.002235,30.485069,194,8348
103.948938,30.553557,-1,8349
104.178048,30.719339,79,8350
103.534681,30.784246,-1,8351
103.745656,30.721534,-1,8352
103.849201,31.060903,-1,8353
103.97741,30.688443,24,8354
104.5847,30.35514,190,8355
103.858384,31.066164,-1,8356
103.952332,30.795788,243,8357
104.392714,30.283688,235,8358
104.091314,30.559712,233,8359
103.850985,30.367911,-1,8360
104.006953,30.592738,144,8361
104.055919,30.763253,245,8362
103.93709,30.613436,30,8363
104.448203,30.857299,267,8364
104.161494,30.599645,167,8365
104.237461,30.652922,13,8366
103.849703,30.843378,-1,8367
104.508516,30.354334,300,8368
104.24419,30.645742,65,8369
103.905321,30.811174,269,8370
104.800922,29.728511,-1,8371
104.482377,30.49167,-1,8372
104.308806,30.865531,34,8373
104.015352,30.246539,-1,8374
103.880299,30.799725,-1,8375
103.444803,31.254288,-1,8376
104.296303,30.994785,164,8377
103.453258,30.46991,-1,8378
103.851294,31.059402,-1,8379
104.389434,30.941927,-1,8380
104.750499,29.745891,-1,8381
103.971245,30.6504,46,8382
103.846844,30.438248,153,8383
104.387397,30.307605,-1,8384
103.700866,30.931134,-1,8385
103.661007,30.922232,-1,8386
104.040856,30.655623,-1,8387
103.969555,30.9822,86,8388
103.850867,30.820487,43,8389
104.448055,30.598375,-1,8390
103.97382,31.032166,341,8391
104.386336,30.913217,-1,8392
104.00607,30.233177,307,8393
104.804421,30.152992,-1,8394
104.497685,30.489642,-1,8395
103.65316,30.920195,294,8396
104.043087,30.447361,51,8397
104.272798,30.814596,-1,8398
104.045239,30.567463,-1,8399
104.262773,30.851486,-1,8400
104.075204,30.238771,119,8401
103.983716,30.572093,47,8402
103.552555,31.055572,-1,8403
103.95475,30.491865,-1,8404
104.096326,30.540538,107,8405
104.235941,30.64697,5,8406
104.046798,30.427799,187,8407
104.141306,30.826989,329,8408
103.766773,31.186908,-1,8409
104.242945,30.645709,65,8410
104.327112,30.306526,230,8411
103.920892,30.967334,-1,8412
103.796546,30.646273,205,8413
103.97016,30.98815,-1,8414
103.977796,30.688769,24,8415
103.89884,30.616063,20,8416
103.987016,30.216185,331,8417
104.093423,30.581232,92,8418
104.33906,30.313218,-1,8419
103.969554,30.982092,86,8420
103.940057,30.614286,96,8421
103.696435,30.609007,-1,8422
104.51321,30.420113,225,8423
104.231951,30.639647,97,8424
103.680456,30.590446,-1,8425
104.175391,30.66443,195,8426
103.763182,30.396045,-1,8427
103.911906,30.798567,246,8428
104.190659,30.662235,89,8429
104.226646,30.792705,53,8430
104.235677,30.860528,313,8431
103.529904,31.410646,-1,8432
104.081182,30.690632,-1,8433
103.689085,30.616095,-1,8434
103.923329,30.716445,18,8435
104.125306,30.771111,-1,8436
103.813024,30.607029,-1,8437
103.810097,30.631819,26,8438
103.817865,30.634404,26,8439
104.388161,30.747045,-1,8440
104.208365,30.52412,266,8441
104.370575,30.289274,189,8442
104.149304,30.708379,-1,8443
104.235558,30.64647,5,8444
104.234667,30.646236,5,8445
103.959732,30.517524,115,8446
104.428486,31.15001,293,8447
103.680307,30.611705,-1,8448
104.056102,30.76321,245,8449
103.553017,30.221254,74,8450
104.179573,30.619497,304,8451
103.832045,30.668237,322,8452
103.893017,30.513852,84,8453
103.940537,30.619366,196,8454
104.403758,30.311662,-1,8455
103.893127,30.447326,221,8456
104.566352,30.371446,163,8457
103.974081,30.618186,-1,8458
104.146038,30.886013,-1,8459
104.177967,30.719015,79,8460
104.138539,30.61122,113,8461
104.007537,30.55406,220,8462
103.741205,30.735377,-1,8463
104.223913,30.566418,157,8464
103.958351,30.689764,-1,8465
104.342187,31.150103,-1,8466
104.533988,29.759405,281,8467
104.183147,30.486371,291,8468
104.489374,30.494037,23,8469
104.161558,30.599513,167,8470
103.970946,30.650517,46,8471
103.89641,30.666168,207,8472
103.665088,30.643845,-1,8473
103.994166,30.504536,-1,8474
104.215451,30.583192,10,8475
104.115364,31.512534,-1,8476
102.936405,30.254742,-1,8477
103.49959,30.569701,94,8478
104.234838,30.645938,5,8479
104.11831,30.757055,8,8480
103.687519,30.629063,-1,8481
104.403799,30.345034,-1,8482
103.917522,30.684412,147,8483
104.636401,30.927913,-1,8484
104.001534,30.88534,124,8485
103.871409,30.289502,-1,8486
103.82886,30.938371,-1,8487
104.392725,30.301414,-1,8488
104.121046,30.596887,-1,8489
103.983404,30.024268,-1,8490
103.969492,30.982217,86,8491
104.397863,30.823995,-1,8492
103.938442,30.616466,234,8493
104.741026,31.640965,-1,8494
103.917186,30.683746,147,8495
104.095389,30.540788,107,8496
103.690865,30.526096,-1,8497
104.113663,30.543081,-1,8498
104.509215,30.417058,-1,8499
103.799029,31.166915,326,8500
104.108845,30.464018,278,8501
103.718921,30.586996,-1,8502
104.487173,30.341578,-1,8503
103.964995,30.310016,137,8504
103.96927,30.366682,99,8505
104.59042,31.766998,-1,8506
104.185849,30.719683,16,8507
103.879824,30.40434,159,8508
104.255466,30.859548,80,8509
104.000532,30.763035,328,8510
104.055919,30.763253,245,8511
104.196125,30.527584,268,8512
103.916437,30.369513,42,8513
104.242923,30.645619,65,8514
104.050477,30.476794,45,8515
104.968757,29.684753,-1,8516
103.943531,30.499007,154,8517
104.079077,30.818192,315,8518
104.020179,30.241174,-1,8519
103.885086,30.578031,-1,8520
104.326596,30.859993,64,8521
103.956546,30.95812,-1,8522
103.935283,30.905331,62,8523
103.942708,30.772869,-1,8524
103.93046,30.95782,-1,8525
103.9353,30.905511,62,8526
103.87248,30.779249,38,8527
103.654642,30.925861,50,8528
103.853467,31.292375,-1,8529
103.8846,30.576891,-1,8530
104.043489,30.446561,51,8531
104.043515,30.205897,161,8532
104.235406,30.64677,5,8533
104.546508,29.503918,-1,8534
103.805758,30.43094,-1,8535
103.916054,30.369403,42,8536
104.120186,30.773236,70,8537
103.727894,30.558953,-1,8538
103.914487,30.419055,213,8539
103.851101,30.79516,-1,8540
103.809862,30.606159,-1,8541
103.912871,30.824636,138,8542
103.614025,30.964619,-1,8543
104.093825,30.581266,92,8544
104.408666,30.3419,-1,8545
104.245097,30.645297,65,8546
104.313367,30.274568,-1,8547
103.907947,30.660732,323,8548
104.489191,30.493672,23,8549
104.114506,30.750306,241,8550
104.234479,30.646423,5,8551
104.323309,30.645121,272,8552
104.487298,30.459316,31,8553
104.202701,30.725916,63,8554
104.002649,30.736856,-1,8555
104.149061,30.837462,-1,8556
103.912715,30.824946,138,8557
103.380197,30.368225,-1,8558
103.947792,30.010901,-1,8559
104.116408,30.88736,-1,8560
103.965185,30.637106,67,8561
104.010061,30.765355,78,8562
104.040949,30.593419,81,8563
103.671844,30.332606,287,8564
104.036523,30.296684,306,8565
104.22147,30.638363,0,8566
103.843172,30.666566,-1,8567
104.494603,31.731999,-1,8568
103.972139,30.542303,232,8569
104.269414,30.352102,-1,8570
104.216653,30.648665,-1,8571
104.030893,30.856921,-1,8572
104.010075,30.765237,78,8573
103.977785,30.688281,24,8574
103.991138,30.475837,-1,8575
103.496103,30.54852,-1,8576
104.24262,30.650418,7,8577
104.126066,30.769312,35,8578
103.790883,30.666909,200,8579
103.671258,30.317569,108,8580
104.164076,30.658099,15,8581
104.000709,30.762905,328,8582
104.908119,30.160073,139,8583
103.976437,30.767266,-1,8584
104.007794,30.554427,220,8585
103.820646,30.451939,-1,8586
103.640152,30.465876,48,8587
103.009053,29.838602,-1,8588
104.175198,30.719033,-1,8589
104.16875,30.74131,11,8590
104.199043,30.51043,170,8591
104.243212,30.645685,65,8592
104.061318,30.492493,-1,8593
104.869174,29.225768,-1,8594
104.236249,30.646501,5,8595
103.88291,30.666143,152,8596
104.043716,30.446302,51,8597
104.564958,30.387016,183,8598
104.120746,30.501938,249,8599
104.224911,30.793952,53,8600
104.138299,30.610656,113,8601
104.203168,30.74779,-1,8602
104.181416,30.534309,242,8603
103.669327,29.780831,-1,8604
103.682299,31.027689,-1,8605
103.661522,30.927691,-1,8606
104.564273,30.387782,183,8607
103.914808,30.630762,127,8608
104.182771,30.486506,291,8609
103.485493,31.252829,-1,8610
104.071202,30.727277,19,8611
104.108171,30.420458,162,8612
104.236143,30.646558,5,8613
104.081217,30.517873,-1,8614
104.178638,30.782682,14,8615
104.235638,30.64681,5,8616
103.912533,30.630895,182,8617
103.885887,31.028538,-1,8618
104.255466,30.531106,283,8619
104.018187,30.442408,-1,8620
104.135328,30.773753,-1,8621
103.993404,30.524852,-1,8622
103.883712,30.665908,152,8623
103.882188,30.862856,-1,8624
104.712335,31.030465,-1,8625
103.923089,30.704026,333,8626
103.803705,31.249312,-1,8627
103.878212,30.415699,-1,8628
104.138435,30.611109,113,8629
104.390082,30.845879,-1,8630
104.261338,31.078767,-1,8631
103.695759,30.65366,-1,8632
104.302102,30.59761,-1,8633
104.202745,30.725832,63,8634
104.164187,30.658693,15,8635
104.149877,30.622688,17,8636
104.218954,30.655079,55,8637
103.891644,30.410015,257,8638
103.902086,30.834333,90,8639
103.8864,30.820264,197,8640
104.001534,30.88534,124,8641
103.64268,30.942678,209,8642
104.162363,31.461404,-1,8643
104.003004,29.124683,-1,8644
104.198322,30.582173,114,8645
103.874032,30.41725,192,8646
104.050805,30.476269,45,8647
103.942898,30.52433,-1,8648
104.044104,30.445461,51,8649
103.956819,30.938928,-1,8650
104.306177,31.019383,-1,8651
104.616122,30.158424,-1,8652
103.498993,30.71761,-1,8653
104.235334,30.64602,5,8654
104.157716,30.633013,-1,8655
104.572673,31.03526,-1,8656
103.459418,30.746254,132,8657
104.065886,30.372941,316,8658
103.99082,30.739387,264,8659
103.91314,30.631024,182,8660
103.661259,30.961305,3,8661
103.889436,30.817307,-1,8662
102.897964,30.167832,-1,8663
103.916341,30.369463,42,8664
103.938445,30.616158,234,8665
104.051166,30.47671,45,8666
103.962931,30.448085,216,8667
103.886097,30.665763,-1,8668
104.012589,30.524661,-1,8669
104.234927,30.860931,313,8670
104.882027,30.640996,-1,8671
104.488672,30.493289,23,8672
103.964806,30.636864,67,8673
103.950123,30.33145,-1,8674
104.16875,30.74131,11,8675
104.401116,30.310744,-1,8676
103.782084,30.645026,-1,8677
104.448463,30.85759,267,8678
103.805512,30.455649,-1,8679
103.892731,30.447862,221,8680
104.664425,31.125999,-1,8681
103.973196,30.507701,-1,8682
104.118343,30.757188,8,8683
103.816109,30.57053,-1,8684
103.861701,30.804403,212,8685
104.177861,30.719935,79,8686
103.924062,30.860288,-1,8687
104.313801,30.4687,-1,8688
103.559685,30.548761,188,8689
104.344696,30.663909,-1,8690
104.37186,30.86414,56,8691
103.794729,30.441351,314,8692
103.935997,30.90525,62,8693
104.008061,30.231265,-1,8694
103.496103,30.548502,-1,8695
104.613189,30.855428,-1,8696
103.47953,30.427651,284,8697
104.059493,30.425455,-1,8698
103.536307,30.742819,125,8699
103.870909,30.711128,-1,8700
103.929441,31.072253,-1,8701
103.984005,30.57286,47,8702
104.534999,30.654144,-1,8703
104.221976,30.526283,-1,8704
104.079157,30.81824,315,8705
104.170703,30.615315,165,8706
103.89886,30.615363,20,8707
104.521684,30.417722,-1,8708
103.871915,30.415022,-1,8709
103.959997,30.517326,115,8710
104.235502,30.647087,5,8711
104.231883,30.639538,97,8712
103.780476,30.407037,-1,8713
103.701493,30.602527,2,8714
103.874167,30.774004,336,8715
104.39809,31.008835,-1,8716
103.770691,30.398707,305,8717
104.245201,30.553548,6,8718
103.861202,30.44555,82,8719
104.308768,30.865527,34,8720
103.442798,30.943379,-1,8721
103.536291,30.742803,125,8722
104.002003,30.884308,124,8723
103.889066,30.384166,312,8724
104.394548,30.350021,175,8725
103.956032,30.651487,-1,8726
104.485748,30.444371,-1,8727
103.803222,30.496049,-1,8728
103.813381,30.631922,26,8729
104.391185,30.286187,-1,8730
104.008841,30.590564,142,8731
104.521477,30.429623,149,8732
104.24389,30.645469,65,8733
103.708864,29.090384,-1,8734
104.358971,30.92369,-1,8735
103.94355,30.498978,154,8736
104.084692,30.784406,-1,8737
104.235498,30.646582,5,8738
104.979303,31.536194,-1,8739
104.522753,30.430172,149,8740
103.923089,30.704026,333,8741
103.959741,30.517414,115,8742
103.8864,30.820264,197,8743
103.867576,30.472361,-1,8744
103.497491,30.547281,-1,8745
103.781857,30.640443,-1,8746
104.446915,30.473485,-1,8747
104.428422,31.149776,293,8748
104.093841,30.581162,92,8749
103.860411,30.836922,277,8750
104.492773,30.321953,-1,8751
103.877145,30.912994,-1,8752
103.912895,30.824716,138,8753
104.073409,30.718544,103,8754
104.166352,30.712048,91,8755
103.471253,31.278353,-1,8756
104.242499,30.649973,7,8757
104.22118,30.638631,0,8758
104.436429,31.251982,-1,8759
103.937736,30.614126,30,8760
103.916584,30.369507,42,8761
103.943579,30.507802,117,8762
104.324206,30.343446,75,8763
103.998079,30.73046,-1,8764
104.160937,30.643411,317,8765
104.3399,31.126304,270,8766
103.673447,30.904231,-1,8767
104.015352,30.246539,-1,8768
103.923386,30.716622,18,8769
103.877283,30.562607,-1,8770
103.969507,30.36647,99,8771
103.99778,30.757416,260,8772
104.066893,30.487005,-1,8773
104.199016,30.510549,170,8774
104.004115,30.883747,-1,8775
104.24204,30.554231,-1,8776
103.790838,30.666861,200,8777
103.922857,30.703809,333,8778
103.97303,30.978478,-1,8779
104.036274,30.489324,-1,8780
103.937749,30.614064,30,8781
103.890941,31.020457,-1,8782
103.923413,30.717219,18,8783
104.314826,30.272671,-1,8784
103.739773,30.531578,-1,8785
103.811081,30.632179,26,8786
103.936401,30.613772,30,8787
104.242923,30.645619,65,8788
104.223883,30.794101,53,8789
103.87076,31.045294,-1,8790
104.23559,30.646466,5,8791
103.960496,30.941846,-1,8792
103.812332,30.571501,-1,8793
104.372157,30.864425,56,8794
104.043126,30.639223,-1,8795
103.99192,30.73964,264,8796
104.308781,30.865473,34,8797
104.15144,30.776879,-1,8798
104.225711,30.802637,-1,8799
103.935564,30.905448,62,8800
103.959837,30.517146,115,8801
104.453361,30.491329,-1,8802
104.235502,30.647087,5,8803
104.521588,30.417638,-1,8804
104.165579,30.658772,15,8805
104.081206,30.517532,-1,8806
103.415938,30.332933,-1,8807
104.041227,30.64207,-1,8808
104.50162,30.473711,85,8809
103.787654,31.007378,-1,8810
103.541842,31.052378,-1,8811
103.861282,30.445467,82,8812
104.093724,30.581483,92,8813
104.056126,30.763296,245,8814
103.897172,30.836276,280,8815
104.243468,30.6457,65,8816
103.661003,30.961354,3,8817
103.827522,31.276734,-1,8818
103.939824,30.617792,196,8819
104.355972,30.994266,-1,8820
103.402255,30.741199,-1,8821
103.819952,30.655748,-1,8822
103.870891,30.701757,122,8823
103.99778,30.757416,260,8824
104.662477,31.091052,-1,8825
104.106592,30.827807,-1,8826
104.479364,30.49059,263,8827
103.540798,31.050556,71,8828
104.313921,30.468016,-1,8829
104.190155,30.662399,89,8830
104.16447,30.65868,15,8831
104.069723,30.768735,28,8832
104.236949,30.820567,-1,8833
104.08967,30.741084,-1,8834
104.572641,31.035176,-1,8835
103.966527,30.626067,-1,8836
104.115746,30.584029,337,8837
104.392279,30.337617,-1,8838
103.89881,30.615323,20,8839
104.041528,30.61765,-1,8840
103.70059,30.653865,-1,8841
103.887306,30.59297,340,8842
104.093503,30.581427,92,8843
104.235206,30.646787,5,8844
103.872427,30.239467,-1,8845
104.6257,30.858005,-1,8846
104.326596,30.860145,64,8847
103.517563,30.750629,226,8848
104.566008,30.377851,-1,8849
104.234958,30.64582,5,8850
104.011661,30.465794,-1,8851
103.664084,30.992944,-1,8852
103.977695,30.688138,24,8853
103.89662,30.666256,207,8854
104.112362,30.753148,238,8855
104.235741,30.64637,5,8856
103.854135,30.891811,-1,8857
103.701886,30.602646,2,8858
103.636633,30.474055,-1,8859
104.366807,30.294099,-1,8860
103.904359,30.370227,-1,8861
103.661075,30.96112,3,8862
103.818802,30.854877,-1,8863
104.153437,30.615966,-1,8864
104.199149,30.510746,170,8865
104.00495,30.51548,-1,8866
103.886838,30.528443,198,8867
104.112418,30.753243,238,8868
103.678798,30.943644,-1,8869
104.308829,30.865598,34,8870
103.937771,30.614444,30,8871
104.11521,30.417267,100,8872
104.255466,30.531088,283,8873
104.235692,30.646706,5,8874
104.046977,30.428379,187,8875
103.677522,30.94986,219,8876
104.138962,31.606866,-1,8877
104.193732,30.726611,-1,8878
103.806856,30.605541,-1,8879
103.940521,30.618972,196,8880
104.16048,30.637181,-1,8881
104.228326,30.528338,-1,8882
104.008061,30.231265,-1,8883
104.556155,30.372627,274,8884
103.918061,30.683766,147,8885
103.952814,30.999,168,8886
104.208784,30.703396,-1,8887
104.503185,30.503258,-1,8888
104.435307,30.355431,-1,8889
104.301999,30.357275,-1,8890
103.993354,30.764692,215,8891
103.959997,30.517326,115,8892
103.444431,30.419032,-1,8893
104.386261,30.487654,-1,8894
103.893013,30.447312,221,8895
104.505228,30.506709,177,8896
104.392268,30.337512,-1,8897
104.204176,30.731445,227,8898
104.33858,30.845478,-1,8899
104.208402,30.524387,266,8900
104.187661,30.590493,-1,8901
104.508718,30.424078,-1,8902
104.09319,30.581361,92,8903
104.520998,30.429843,149,8904
104.041776,30.248859,254,8905
104.135649,30.805836,112,8906
103.95475,30.491865,-1,8907
104.071202,30.727277,19,8908
104.215151,30.65201,185,8909
103.798446,31.16695,326,8910
103.937339,30.613553,30,8911
103.939928,30.999892,148,8912
103.87283,30.779309,38,8913
103.825028,30.79828,-1,8914
103.876296,30.491404,184,8915
104.392154,30.319025,-1,8916
104.225987,30.644249,-1,8917
103.936263,30.905137,62,8918
103.976856,30.653154,12,8919
104.318511,30.86133,106,8920
103.701685,30.602608,2,8921
104.146591,30.405532,-1,8922
104.533639,29.759846,281,8923
103.957233,30.647389,29,8924
104.255586,30.531056,283,8925
103.8864,30.820264,197,8926
103.881735,30.367128,-1,8927
103.861314,30.803904,212,8928
104.170603,30.615038,165,8929
104.215066,30.582887,10,8930
104.118079,30.757134,8,8931
103.969821,30.366494,99,8932
103.804121,31.249745,-1,8933
103.956032,30.651487,-1,8934
104.377998,30.313265,308,8935
104.32211,30.293418,-1,8936
104.093564,30.581105,92,8937
104.044315,30.446907,51,8938
103.950183,30.331503,-1,8939
104.086157,30.749942,-1,8940
104.022475,30.500925,116,8941
103.988307,30.562133,-1,8942
103.506127,30.559125,49,8943
104.2995,31.008683,-1,8944
104.046662,30.427495,187,8945
104.447636,30.857684,267,8946
104.036515,30.8573,-1,8947
104.181318,30.534541,242,8948
103.9884,30.627552,325,8949
104.354312,30.435874,191,8950
103.952895,31.018761,-1,8951
103.600917,31.064774,41,8952
104.099758,30.466994,83,8953
104.0036,30.482974,-1,8954
103.678167,31.029689,72,8955
104.745407,30.451721,101,8956
103.757486,30.59824,-1,8957
103.971239,30.909363,-1,8958
104.952933,30.289203,-1,8959
104.003923,30.606335,111,8960
104.114481,30.415471,-1,8961
104.183522,30.711212,69,8962
102.211056,29.233386,-1,8963
104.234646,30.645921,5,8964
103.835921,30.346099,-1,8965
103.8507,30.820582,43,8966
104.522982,30.430112,149,8967
104.225982,30.793221,53,8968
104.312609,30.289534,-1,8969
103.479546,30.427817,284,8970
103.912816,30.824583,138,8971
103.974473,31.067739,-1,8972
104.070763,30.726507,19,8973
104.243725,29.945833,-1,8974
103.756292,30.720992,-1,8975
103.960496,30.941846,-1,8976
104.235334,30.646054,5,8977
104.105474,31.07888,-1,8978
104.185782,30.718696,16,8979
104.167453,30.641569,-1,8980
104.112081,31.07591,279,8981
104.008708,30.590727,142,8982
104.151545,30.776777,-1,8983
103.909444,30.54391,9,8984
104.171278,30.615177,165,8985
103.533015,30.693929,208,8986
104.255032,30.859818,80,8987
104.023966,30.593304,-1,8988
103.922801,30.703909,333,8989
104.595163,30.717233,-1,8990
104.494161,30.495373,-1,8991
103.642664,30.941562,209,8992
103.876787,30.174173,-1,8993
104.120091,30.772697,70,8994
103.855903,30.334716,-1,8995
103.073217,30.513435,-1,8996
103.862033,30.804421,212,8997
104.008266,30.513377,-1,8998
103.456331,30.431692,338,8999
104.046555,30.427467,187,9000
103.642829,30.943391,209,9001
103.923243,30.717281,18,9002
104.177206,30.718902,79,9003
103.497427,30.545847,296,9004
104.313921,30.468016,-1,9005
104.243701,29.945833,-1,9006
104.302608,30.874142,-1,9007
104.198471,30.581987,114,9008
104.051818,30.188397,-1,9009
104.565114,30.371106,163,9010
103.833355,30.939829,-1,9011
104.046664,30.428338,187,9012
104.035937,30.751854,-1,9013
104.556555,30.37271,274,9014
103.698747,30.629633,-1,9015
104.502325,30.419537,-1,9016
103.837511,30.357503,160,9017
103.061761,30.009835,-1,9018
104.164526,30.658725,15,9019
104.118743,30.757902,8,9020
103.917135,30.683826,147,9021
103.908783,30.543303,9,9022
104.568513,30.79723,-1,9023
104.455606,30.462719,-1,9024
104.226313,30.791664,53,9025
104.18828,30.514634,61,9026
104.242811,30.650605,7,9027
103.991318,30.738772,264,9028
103.86731,30.53511,301,9029
103.861234,30.803703,212,9030
104.117434,30.282649,-1,9031
104.136484,30.377642,-1,9032
104.234908,30.860923,313,9033
104.633458,30.440805,-1,9034
104.010197,30.745088,-1,9035
103.922793,30.717086,18,9036
103.640295,30.465963,48,9037
103.857436,31.076876,-1,9038
103.696148,30.396273,299,9039
103.861314,30.803787,212,9040
103.795117,30.441422,314,9041
103.960031,30.165563,330,9042
104.044256,30.447015,51,9043
104.125244,30.769645,35,9044
103.960161,30.939771,-1,9045
104.24991,30.663539,-1,9046
103.640416,30.465892,48,9047
103.897123,30.836484,280,9048
103.912733,30.824959,138,9049
103.832455,30.619196,-1,9050
103.916381,30.369531,42,9051
103.687126,30.629131,-1,9052
104.254016,30.858122,80,9053
103.677282,30.949646,219,9054
103.935248,30.905454,62,9055
104.112047,30.752728,238,9056
103.696218,29.227833,-1,9057
103.878228,30.415699,-1,9058
103.718947,30.586954,-1,9059
103.673311,31.050359,-1,9060
103.973886,31.032001,341,9061
104.044778,30.444948,51,9062
103.929475,30.941226,-1,9063
103.818819,30.634298,26,9064
104.112386,30.753115,238,9065
104.177741,30.719135,79,9066
104.177967,30.719015,79,9067
103.641285,30.944021,-1,9068
104.601912,30.878503,-1,9069
104.039684,30.661718,-1,9070
104.226282,30.792999,53,9071
104.870293,29.226523,-1,9072
103.920977,30.966582,-1,9073
104.048936,30.477193,45,9074
104.006551,30.592237,144,9075
103.640224,30.46591,48,9076
103.479913,30.427754,284,9077
103.506137,30.559359,49,9078
103.348319,30.419084,-1,9079
103.601069,31.064622,41,9080
104.177936,30.777961,-1,9081
103.691012,30.610088,-1,9082
103.89881,30.615323,20,9083
104.242577,30.650096,7,9084
104.64467,31.449354,-1,9085
103.818819,30.854897,-1,9086
104.377001,30.763141,-1,9087
103.670181,30.653275,-1,9088
104.241706,30.768862,-1,9089
103.785563,31.169592,-1,9090
104.047188,30.428161,187,9091
104.215629,30.820809,224,9092
103.352668,30.375338,-1,9093
103.952164,30.428456,133,9094
104.061736,30.751957,-1,9095
104.269342,30.729291,-1,9096
104.069457,30.766861,-1,9097
103.816484,31.255776,-1,9098
103.753878,30.395181,-1,9099
104.23459,30.646287,5,9100
103.943387,30.507672,117,9101
104.213133,30.58485,10,9102
104.120102,30.772586,70,9103
104.169029,30.532109,158,9104
104.385674,30.300811,-1,9105
103.854135,30.891811,-1,9106
104.106919,30.491754,172,9107
104.296063,30.993634,164,9108
103.883256,30.665871,152,9109
103.937853,30.619028,253,9110
104.183008,30.710945,69,9111
103.722206,31.022376,-1,9112
104.203747,30.726025,63,9113
104.071062,30.769063,-1,9114
103.470012,31.011358,-1,9115
103.970996,30.650689,46,9116
104.10693,30.491305,172,9117
103.846362,30.428006,-1,9118
104.056134,30.763228,245,9119
103.599994,30.981665,-1,9120
103.837929,30.356424,160,9121
104.115968,30.584569,337,9122
104.544225,30.707755,-1,9123
104.394425,30.349985,175,9124
104.119903,30.772714,70,9125
103.949098,30.515628,321,9126
104.449534,30.480695,258,9127
103.808563,30.740069,-1,9128
104.061964,30.418988,95,9129
103.901711,30.834279,90,9130
104.463567,30.347724,-1,9131
103.964712,30.636825,67,9132
104.55551,30.35278,126,9133
104.292693,30.391408,25,9134
103.535824,30.742575,125,9135
103.851361,31.059148,-1,9136
104.175645,30.715373,36,9137
104.04416,30.445512,51,9138
103.897063,30.666605,207,9139
102.741123,29.432591,-1,9140
104.093464,30.581295,92,9141
104.033239,31.347572,-1,9142
104.114891,30.971864,-1,9143
104.046596,30.428231,187,9144
104.26074,30.871864,-1,9145
104.204945,30.510072,-1,9146
104.242509,30.650693,7,9147
104.003355,30.735051,52,9148
104.003355,30.735051,52,9149
104.166131,30.712246,91,9150
104.136555,30.712919,-1,9151
103.816827,30.6338,26,9152
103.8795,31.033374,-1,9153
104.060566,30.728495,-1,9154
103.64362,30.469987,186,9155
104.228252,30.567047,-1,9156
103.860079,30.300705,-1,9157
104.180072,30.619506,304,9158
104.165902,30.712284,91,9159
104.500627,30.737583,-1,9160
104.399091,30.341831,-1,9161
103.323489,30.33701,-1,9162
103.987016,30.216185,331,9163
104.16833,30.741692,11,9164
104.221348,30.638757,0,9165
104.052098,30.487256,-1,9166
104.12204,30.539783,228,9167
104.22118,30.638631,0,9168
104.253215,30.848417,-1,9169
103.943611,30.507678,117,9170
103.781886,30.675455,-1,9171
103.863691,30.347288,-1,9172
104.028586,30.337852,-1,9173
104.061354,30.419062,95,9174
104.573233,30.339564,-1,9175
103.681807,30.596766,236,9176
103.967679,30.586102,251,9177
103.964348,30.637213,67,9178
104.438807,30.355692,342,9179
103.638282,30.935989,-1,9180
104.112147,30.753031,238,9181
103.93558,30.905582,62,9182
103.701653,30.602515,2,9183
103.532949,30.573037,-1,9184
103.87625,30.491256,184,9185
104.12081,30.50181,249,9186
103.850732,30.820396,43,9187
103.038575,29.216862,-1,9188
104.007537,30.554042,220,9189
103.823409,30.610229,211,9190
103.963115,30.448003,216,9191
104.059562,30.424792,-1,9192
104.802646,30.154011,-1,9193
104.308768,30.865527,34,9194
104.225571,30.791387,53,9195
103.886505,30.528254,198,9196
103.485493,31.252829,-1,9197
103.851603,30.634639,-1,9198
103.893405,30.513563,84,9199
103.954824,30.544159,-1,9200
104.510749,31.177056,-1,9201
104.520875,30.429898,149,9202
104.584781,30.117636,-1,9203
104.052194,30.246051,217,9204
103.977785,30.688281,24,9205
104.24498,30.645404,65,9206
104.127142,30.707362,-1,9207
104.242556,30.650102,7,9208
104.30065,30.382078,44,9209
103.6747,30.945901,-1,9210
104.12042,30.7734,70,9211
103.428111,30.93376,-1,9212
103.710644,30.319788,-1,9213
103.811581,30.632292,26,9214
104.463714,30.346257,-1,9215
104.204639,30.730926,227,9216
104.390132,31.063255,-1,9217
103.471095,30.38887,-1,9218
103.671844,30.332606,287,9219
104.164618,30.658653,15,9220
104.29639,30.9937,164,9221
104.112037,30.753141,238,9222
103.812151,30.632111,26,9223
104.499963,30.466397,-1,9224
104.326794,30.860097,64,9225
104.0939,30.581019,92,9226
104.32365,30.644909,272,9227
104.242509,30.650693,7,9228
103.534285,30.748052,-1,9229
103.666417,30.917261,-1,9230
104.224944,30.793677,53,9231
104.208598,30.524023,266,9232
104.605307,30.86793,-1,9233
104.035162,30.297976,252,9234
104.120373,30.773644,70,9235
104.020591,30.586203,-1,9236
103.931429,30.957887,-1,9237
104.2163,30.648905,-1,9238
104.42669,30.980036,-1,9239
103.905506,30.810811,269,9240
103.533943,30.694867,-1,9241
104.118663,30.757608,8,9242
104.046694,30.426863,187,9243
103.810203,30.63183,26,9244
104.255634,30.531654,283,9245
104.170763,30.615433,165,9246
103.655751,30.926684,50,9247
103.92422,30.949778,98,9248
103.648353,30.477053,-1,9249
103.935434,30.905636,62,9250
103.738042,30.511395,271,9251
104.244028,30.645466,65,9252
104.025489,30.565678,-1,9253
103.96622,30.62508,-1,9254
104.170564,30.615325,165,9255
104.224183,30.674947,204,9256
103.997075,30.757282,260,9257
104.310543,31.127916,-1,9258
104.520875,30.429898,149,9259
103.928964,30.974947,-1,9260
104.202343,30.726187,63,9261
103.967665,30.585923,251,9262
104.428774,31.14991,293,9263
103.937065,30.781599,-1,9264
104.112454,30.753016,238,9265
103.914826,30.630925,127,9266
104.328647,30.276911,-1,9267
104.195606,30.59528,-1,9268
103.976936,30.653084,12,9269
104.203567,30.875641,-1,9270
104.242636,30.650052,7,9271
104.50838,30.354384,300,9272
103.90245,30.658237,146,9273
103.922889,30.703878,333,9274
104.30271,30.994779,-1,9275
104.235788,30.860453,313,9276
103.689822,31.023609,-1,9277
103.938379,30.616433,234,9278
103.914941,30.630876,127,9279
103.93697,30.61327,30,9280
104.512868,30.420249,225,9281
104.019729,31.426127,-1,9282
104.255692,30.578238,33,9283
104.169244,30.532311,158,9284
104.858471,29.740897,-1,9285
103.909837,30.544385,9,9286
104.203802,30.725976,63,9287
103.635866,30.51775,-1,9288
104.457619,30.855797,-1,9289
103.905365,30.810498,269,9290
103.532338,31.404688,110,9291
103.920977,30.966582,-1,9292
104.439177,30.980498,-1,9293
103.988349,30.627638,325,9294
104.120603,30.693493,-1,9295
104.250432,30.648725,-1,9296
104.0113,30.482847,-1,9297
103.937595,30.614069,30,9298
104.036546,30.29672,306,9299
103.860872,30.445761,82,9300
103.937131,30.613386,30,9301
104.215564,30.697802,-1,9302
103.75908,31.189982,-1,9303
103.936353,30.613952,30,9304
104.30533,30.244032,-1,9305
103.348319,30.419084,-1,9306
103.82844,30.626813,-1,9307
104.168909,30.532076,158,9308
103.502463,30.571698,-1,9309
104.119937,30.772786,70,9310
103.671363,30.332803,287,9311
104.086034,30.580637,-1,9312
103.860468,30.837423,277,9313
104.186644,30.707726,-1,9314
104.503732,30.426643,-1,9315
104.022308,30.500937,116,9316
104.118663,30.757608,8,9317
104.114475,30.415805,-1,9318
103.553153,30.221188,74,9319
103.630727,30.511727,-1,9320
103.962874,30.44825,216,9321
103.846765,30.438479,153,9322
104.43857,30.72984,-1,9323
103.912046,30.798457,246,9324
104.101963,30.420026,-1,9325
104.157699,30.691978,206,9326
103.97106,30.650689,46,9327
103.969996,30.344015,-1,9328
104.069849,30.768933,28,9329
104.412018,30.330679,-1,9330
104.537029,30.365793,202,9331
104.254184,30.85809,80,9332
103.553352,30.220948,74,9333
104.198609,30.582205,114,9334
104.177666,30.718991,79,9335
104.650776,31.135096,-1,9336
104.177669,30.719185,79,9337
103.67386,30.612835,-1,9338
103.93245,30.875427,-1,9339
103.695759,30.65366,-1,9340
103.613866,30.959931,-1,9341
103.960031,30.165563,330,9342
103.50609,30.559243,49,9343
103.677598,30.338815,102,9344
104.242538,30.651035,7,9345
103.90334,30.658587,146,9346
103.812167,30.632575,26,9347
103.746244,30.582987,-1,9348
103.976294,30.652802,12,9349
104.263244,30.271341,-1,9350
103.749507,30.530447,128,9351
104.204639,30.730925,227,9352
103.937903,30.618988,253,9353
104.203275,30.725837,63,9354
104.323792,30.645079,272,9355
104.316062,30.276739,-1,9356
104.49721,30.614914,-1,9357
103.888201,30.55628,259,9358
103.977491,30.68849,24,9359
104.195832,30.010901,-1,9360
104.489776,30.49386,23,9361
103.718438,30.614287,-1,9362
104.021778,29.139602,222,9363
103.839112,30.953894,-1,9364
104.190345,30.5141,-1,9365
104.547453,30.69147,129,9366
104.451152,30.857289,-1,9367
103.773418,30.802124,-1,9368
103.559834,30.548919,188,9369
104.00396,30.606305,111,9370
104.149998,30.622901,17,9371
104.050678,30.749991,276,9372
103.679907,30.616962,-1,9373
103.638553,30.970736,-1,9374
103.878546,30.19819,109,9375
103.821193,31.26067,-1,9376
103.933308,30.813795,-1,9377
103.880026,30.404282,159,9378
103.818786,30.608837,-1,9379
104.2183,30.695055,-1,9380
104.254819,30.859198,80,9381
104.183008,30.710945,69,9382
103.661283,30.961037,3,9383
104.512857,30.359627,-1,9384
104.242811,30.650605,7,9385
103.498407,30.175883,-1,9386
103.813158,30.63279,26,9387
104.093986,30.581014,92,9388
104.115321,30.885115,-1,9389
103.460587,30.46414,-1,9390
104.510749,31.177056,-1,9391
103.795062,30.679891,-1,9392
103.893067,30.447295,221,9393
103.698012,30.404129,-1,9394
103.659702,30.926332,-1,9395
103.62818,30.727491,151,9396
103.797662,30.404697,-1,9397
103.837536,30.357316,160,9398
103.884917,30.388607,273,9399
104.130354,30.520084,-1,9400
104.973482,29.871105,123,9401
104.247222,29.016497,-1,9402
104.00062,30.520243,77,9403
104.571762,30.688503,-1,9404
103.796954,30.646875,205,9405
103.897353,30.836277,280,9406
103.921196,30.703079,199,9407
104.17093,30.615112,165,9408
103.695299,30.61834,-1,9409
103.903617,31.089559,-1,9410
104.576577,30.730036,-1,9411
103.695779,30.980645,-1,9412
104.595922,30.71623,-1,9413
103.49723,30.546019,296,9414
104.342482,31.150593,-1,9415
104.242502,30.650188,7,9416
104.547815,30.691214,129,9417
104.334881,30.643582,-1,9418
104.43541,30.836058,-1,9419
104.209508,30.565879,-1,9420
104.183522,30.711212,69,9421
104.064519,30.374288,-1,9422
104.16604,30.712803,91,9423
103.612511,30.652626,-1,9424
103.9884,30.627552,325,9425
104.036587,30.296969,306,9426
104.125116,30.769283,35,9427
103.959837,30.51713,115,9428
103.87453,30.417285,192,9429
104.271699,30.864888,-1,9430
104.034058,30.465283,-1,9431
103.679739,30.617096,-1,9432
104.451403,30.863579,-1,9433
103.701685,30.602608,2,9434
104.140897,30.817242,-1,9435
104.190659,30.662235,89,9436
103.653315,30.92016,294,9437
104.04416,30.444427,51,9438
103.952333,30.427756,133,9439
103.777628,30.7436,-1,9440
104.218135,30.585994,-1,9441
104.111813,30.524873,-1,9442
104.186213,30.684769,309,9443
103.937175,31.094157,-1,9444
103.877331,30.572595,-1,9445
104.055727,30.763227,245,9446
104.119387,31.058198,-1,9447
104.361755,30.437381,-1,9448
103.908903,30.543221,9,9449
104.188064,30.514547,61,9450
103.871409,30.289502,-1,9451
103.951675,31.012987,-1,9452
103.936582,30.614036,30,9453
104.006334,30.592217,144,9454
103.84676,30.540427,-1,9455
104.57173,30.688503,-1,9456
103.663008,30.960458,-1,9457
104.030755,30.807904,320,9458
104.203697,30.7404,214,9459
104.214058,30.651599,185,9460
104.168836,30.741676,11,9461
104.565528,30.371095,163,9462
103.673536,30.904479,-1,9463
103.584519,30.393785,-1,9464
103.463369,30.749153,-1,9465
103.969357,30.36645,99,9466
103.93697,30.61327,30,9467
104.215074,30.58268,10,9468
104.33282,30.903228,-1,9469
104.219155,30.655227,55,9470
103.861282,30.445467,82,9471
103.935731,30.905485,62,9472
103.701486,30.602733,2,9473
103.929543,30.699649,174,9474
104.348872,31.050114,-1,9475
103.666726,30.916684,-1,9476
103.917378,30.683872,147,9477
103.940122,30.614247,96,9478
104.487745,30.459265,31,9479
104.453377,30.491329,-1,9480
104.224957,30.638746,282,9481
103.851226,30.437041,130,9482
104.239746,30.53879,-1,9483
104.118406,30.75719,8,9484
104.07047,30.72639,19,9485
103.810279,30.631881,26,9486
103.937427,30.614587,30,9487
103.495467,30.407068,261,9488
103.887475,30.573426,-1,9489
103.781974,30.675573,-1,9490
103.84995,30.448945,-1,9491
103.504948,30.725349,-1,9492
104.401512,31.061457,-1,9493
103.97296,30.596556,-1,9494
103.867715,30.472351,-1,9495
103.987016,30.216185,331,9496
104.533988,29.759405,281,9497
104.223932,30.674998,204,9498
104.327188,30.307213,230,9499
104.112701,30.753044,238,9500
103.276177,29.592868,-1,9501
103.65316,30.919474,294,9502
104.23467,30.646055,5,9503
104.294512,30.393387,-1,9504
104.069703,30.768733,28,9505
104.068889,31.262498,-1,9506
104.248928,30.772721,255,9507
104.220763,30.638966,0,9508
104.234542,30.646355,5,9509
103.972546,30.622837,-1,9510
104.23539,30.646736,5,9511
103.932289,30.794275,-1,9512
104.052218,30.446625,-1,9513
104.224483,30.805691,-1,9514
103.09713,30.06432,-1,9515
103.451949,30.47503,27,9516
104.99104,29.54284,166,9517
103.960158,30.517597,115,9518
104.411205,30.90345,-1,9519
103.799212,31.166883,326,9520
103.873791,30.773805,336,9521
104.655392,30.34174,-1,9522
104.196949,30.590062,169,9523
104.227758,30.516313,-1,9524
103.532338,31.404688,110,9525
103.793908,30.417979,-1,9526
104.047476,30.672982,-1,9527
104.456857,30.856605,-1,9528
103.716359,30.926868,-1,9529
104.411138,30.330814,-1,9530
104.101368,30.533906,-1,9531
104.320505,30.277998,105,9532
104.178558,30.782966,14,9533
104.03477,30.736092,-1,9534
103.889248,30.479065,237,9535
104.189181,30.515839,-1,9536
104.230097,30.853428,-1,9537
104.010086,30.765278,78,9538
103.963115,30.448003,216,9539
103.677933,31.029904,72,9540
104.505355,30.506625,177,9541
103.860149,30.837274,277,9542
103.92109,30.634675,-1,9543
103.671679,30.430867,-1,9544
104.951511,30.289869,-1,9545
103.823395,30.610083,211,9546
103.917565,30.742807,203,9547
103.741383,30.694436,-1,9548
103.550693,30.641844,-1,9549
103.959571,30.517181,115,9550
104.448416,30.857605,267,9551
103.992836,29.024323,-1,9552
103.872427,30.239467,-1,9553
104.135114,30.532645,-1,9554
104.069963,30.768819,28,9555
103.861858,30.630319,-1,9556
103.936626,30.613942,30,9557
103.528577,30.78271,-1,9558
104.101173,30.426465,-1,9559
104.224972,30.793858,53,9560
104.047359,30.42754,187,9561
103.887377,30.579023,-1,9562
103.833382,30.635516,-1,9563
103.940065,30.614306,96,9564
104.391152,30.283637,-1,9565
104.511967,30.421555,-1,9566
103.861314,30.803904,212,9567
103.824931,30.582745,-1,9568
104.49118,31.049603,-1,9569
104.537109,30.365844,202,9570
103.687888,31.022982,-1,9571
103.817827,30.634066,26,9572
104.115363,30.452562,-1,9573
104.237371,30.65319,13,9574
104.165866,30.712731,91,9575
103.532301,31.405014,110,9576
104.038708,30.359832,-1,9577
103.586434,30.738744,-1,9578
103.893077,30.513912,84,9579
104.539173,31.858781,104,9580
104.235498,30.646582,5,9581
103.957197,30.555848,-1,9582
104.411205,30.90345,-1,9583
104.084165,30.794182,-1,9584
104.161281,30.599504,167,9585
103.671609,30.281016,-1,9586
103.873911,30.773887,336,9587
104.642624,30.342956,-1,9588
103.801743,31.249854,-1,9589
103.511603,30.405485,-1,9590
103.660416,30.383966,-1,9591
104.050229,30.476746,45,9592
103.505486,30.558827,49,9593
102.961983,30.187588,-1,9594
103.892975,30.513565,84,9595
103.870788,31.045307,-1,9596
104.102703,30.492411,-1,9597
103.95237,30.936811,-1,9598
103.80505,30.400516,-1,9599
103.549591,30.211229,-1,9600
104.14836,30.405135,-1,9601
104.223662,30.794411,53,9602
104.051552,30.476972,45,9603
103.708766,30.453509,-1,9604
103.887289,30.528705,198,9605
104.069614,30.768818,28,9606
103.732973,30.596197,-1,9607
103.969484,30.982038,86,9608
104.449168,30.825448,-1,9609
104.221143,30.834945,-1,9610
104.239901,30.858475,-1,9611
104.988827,29.542657,-1,9612
103.742599,30.533864,-1,9613
104.372101,30.864291,56,9614
103.923386,30.716622,18,9615
103.880297,30.604136,-1,9616
103.917588,30.742681,203,9617
104.235665,30.647046,5,9618
103.374746,30.928449,-1,9619
104.119994,30.772629,70,9620
104.492773,30.321953,-1,9621
103.709573,30.394893,295,9622
103.81283,30.632622,26,9623
104.112437,30.753022,238,9624
103.66102,30.96127,3,9625
104.231614,30.658549,-1,9626
103.802329,30.455544,32,9627
103.674509,30.910366,-1,9628
104.194425,30.587103,-1,9629
104.37803,30.313247,308,9630
103.964335,30.637156,67,9631
104.214395,30.65173,185,9632
104.642909,30.676317,-1,9633
104.177736,30.719023,79,9634
104.220768,30.63892,0,9635
103.905297,30.810288,269,9636
104.243212,30.645685,65,9637
104.208698,31.635545,-1,9638
104.234647,30.646131,5,9639
104.094381,30.778374,-1,9640
104.508603,30.354291,300,9641
103.96456,30.637335,67,9642
103.890467,30.478771,237,9643
103.662848,30.971132,290,9644
103.959992,30.517236,115,9645
104.231922,30.658688,-1,9646
103.936303,30.905113,62,9647
103.851308,30.437206,130,9648
104.167319,30.675094,-1,9649
104.236949,30.820567,-1,9650
104.367768,30.435655,-1,9651
104.508364,30.354416,300,9652
103.464806,30.452682,176,9653
104.221566,30.638929,0,9654
103.689178,30.615513,-1,9655
103.801768,31.165922,275,9656
104.238451,30.538184,-1,9657
103.96937,30.683031,-1,9658
103.6429,30.635971,-1,9659
103.756953,31.194484,68,9660
104.072815,30.700323,-1,9661
104.513014,30.420272,225,9662
103.559682,30.54897,188,9663
104.25246,29.022569,-1,9664
104.105473,30.543281,-1,9665
104.050649,30.749966,276,9666
104.183051,30.711096,69,9667
103.576984,31.020733,-1,9668
103.844621,30.01263,-1,9669
104.798074,29.738622,-1,9670
104.2429,30.6506,7,9671
103.940724,30.614035,96,9672
103.802125,30.455691,32,9673
103.949032,30.515762,321,9674
104.243098,30.645922,65,9675
103.82003,30.466122,-1,9676
103.813636,30.968147,-1,9677
104.242556,30.650102,7,9678
104.07646,30.296059,-1,9679
104.050442,30.476754,45,9680
104.185664,30.684698,309,9681
104.204761,30.731058,227,9682
104.148455,30.816981,-1,9683
104.174962,30.715439,36,9684
103.920883,30.703116,199,9685
104.143889,30.53402,-1,9686
104.234774,30.646487,5,9687
104.537044,30.704712,-1,9688
104.044005,30.446817,51,9689
103.696435,30.608855,-1,9690
103.960031,30.165563,330,9691
104.394447,30.350139,175,9692
104.637691,30.938299,-1,9693
104.400827,30.310694,-1,9694
103.806303,31.171635,155,9695
103.861282,30.445467,82,9696
104.315758,30.302049,39,9697
103.872533,30.491068,-1,9698
104.125454,30.769519,35,9699
104.241249,30.958142,-1,9700
104.198657,30.582139,114,9701
103.859927,30.301688,-1,9702
103.937408,30.619069,253,9703
104.546508,29.503918,-1,9704
103.867014,30.535156,301,9705
104.044001,30.446021,51,9706
104.125182,30.769537,35,9707
104.625419,30.33341,-1,9708
103.789945,30.688428,-1,9709
104.071161,30.725213,73,9710
103.76661,31.18862,-1,9711
103.9353,30.905511,62,9712
104.173035,30.561919,-1,9713
104.109657,30.562382,-1,9714
104.472984,30.494051,-1,9715
104.415498,30.992468,-1,9716
104.21418,30.65165,185,9717
104.243587,30.650969,7,9718
103.943027,30.3371,-1,9719
104.872008,30.064541,-1,9720
103.956032,30.651487,-1,9721
104.314826,30.272671,-1,9722
103.699835,30.92576,-1,9723
104.235811,30.646346,5,9724
104.133625,30.591036,-1,9725
104.323548,30.644984,272,9726
103.147253,30.461352,-1,9727
104.055658,30.763157,245,9728
104.112385,30.753113,238,9729
103.398532,30.740766,-1,9730
103.959997,30.517326,115,9731
104.201635,30.739378,150,9732
104.031076,31.348215,-1,9733
103.78255,29.444113,-1,9734
104.016725,30.561157,-1,9735
103.549639,30.211363,-1,9736
103.917233,30.683527,147,9737
103.855891,30.823907,-1,9738
103.861186,30.803788,212,9739
103.916212,30.368997,42,9740
104.533929,29.759549,281,9741
104.170148,30.659757,140,9742
103.952895,31.018761,-1,9743
104.753974,30.885844,-1,9744
104.19422,30.691617,-1,9745
104.050649,30.749966,276,9746
104.212511,30.583851,10,9747
103.727034,30.58631,-1,9748
104.132146,30.396019,-1,9749
104.183482,30.486282,291,9750
103.814629,31.255235,-1,9751
104.220943,30.638576,0,9752
103.967371,30.648546,58,9753
103.469427,30.392427,-1,9754
104.10693,30.491305,172,9755
104.242556,30.650985,7,9756
104.020147,31.425606,-1,9757
103.701385,30.602464,2,9758
103.532171,31.404406,110,9759
103.988385,30.612886,-1,9760
103.563631,30.529111,-1,9761
103.886735,30.528299,198,9762
103.619803,30.405482,-1,9763
104.118343,30.757188,8,9764
103.92363,30.717027,18,9765
104.359305,30.531769,229,9766
104.235811,30.646346,5,9767
103.937888,30.618918,253,9768
104.185434,30.718464,16,9769
102.77322,30.063388,-1,9770
103.817549,30.633998,26,9771
103.464785,30.45282,176,9772
104.107127,30.587174,57,9773
104.174459,30.715306,36,9774
103.915128,30.388004,-1,9775
103.96464,30.636875,67,9776
104.040384,30.342199,-1,9777
103.826537,30.799667,-1,9778
103.956581,30.544013,-1,9779
104.271642,30.864739,-1,9780
102.632701,31.869659,-1,9781
104.213891,30.651778,185,9782
103.879913,30.404395,159,9783
104.550886,30.717465,-1,9784
103.849456,30.665552,-1,9785
104.23835,30.842097,-1,9786
103.811033,30.632195,26,9787
103.952083,30.427969,133,9788
103.661227,30.961351,3,9789
104.22511,30.638933,282,9790
103.601507,30.994306,-1,9791
103.669726,30.429139,-1,9792
104.674184,30.084976,-1,9793
103.654955,30.92702,50,9794
103.657152,30.924728,-1,9795
104.140154,30.781867,-1,9796
104.226132,30.650692,-1,9797
103.818792,30.634283,26,9798
104.093421,30.581482,92,9799
104.670316,30.087834,21,9800
104.047502,30.429019,187,9801
103.517041,30.749793,226,9802
104.135542,30.773518,-1,9803
103.799494,30.676178,-1,9804
103.829125,30.396424,-1,9805
103.970779,30.650422,46,9806
104.415482,30.992518,-1,9807
104.335403,30.328881,-1,9808
104.001791,30.88448,124,9809
103.496066,31.358931,-1,9810
104.041027,30.59328,81,9811
104.374309,30.442081,-1,9812
103.963244,30.448017,216,9813
103.697516,30.406999,-1,9814
104.202711,30.725866,63,9815
103.696419,30.608923,-1,9816
104.227757,30.802879,335,9817
104.320224,30.277979,105,9818
104.225118,30.707622,-1,9819
104.177465,30.718712,79,9820
104.037399,30.357506,-1,9821
104.242937,30.650843,7,9822
103.973279,30.507905,-1,9823
103.9696,30.98241,86,9824
103.911651,30.798717,246,9825
104.158094,30.415676,-1,9826
103.916786,30.683778,147,9827
103.873821,30.417359,192,9828
104.242945,30.645709,65,9829
103.977883,30.688895,24,9830
103.654867,30.925741,50,9831
104.379458,31.079082,-1,9832
104.487697,30.459249,31,9833
103.088453,29.973733,-1,9834
104.242811,30.650605,7,9835
104.055919,30.763253,245,9836
104.472984,30.494051,-1,9837
103.856342,30.442064,-1,9838
103.500028,30.750811,-1,9839
104.106069,30.587345,57,9840
103.981305,30.785622,121,9841
104.253968,30.859023,80,9842
104.175377,30.715288,36,9843
103.503497,30.558333,-1,9844
103.937097,30.613109,30,9845
103.535024,30.589738,-1,9846
103.993375,30.764575,215,9847
104.044256,30.447015,51,9848
104.019729,31.426127,-1,9849
103.875962,30.624009,-1,9850
103.86498,30.407948,173,9851
104.118055,30.756928,8,9852
103.586071,30.38834,-1,9853
104.479536,30.490681,263,9854
104.298005,30.390314,-1,9855
104.202011,30.726054,63,9856
103.915318,30.418731,213,9857
104.501076,30.473661,85,9858
103.628381,30.72731,151,9859
104.33288,30.756032,-1,9860
103.904947,30.677455,-1,9861
103.838185,30.360683,248,9862
104.044312,30.447046,51,9863
103.701463,30.60271,2,9864
104.188617,30.717932,-1,9865
104.246257,30.271847,-1,9866
104.112036,30.753119,238,9867
104.587959,30.697711,-1,9868
103.88465,30.388545,273,9869
104.189764,30.662297,89,9870
104.224003,30.80249,-1,9871
104.167518,30.864815,-1,9872
103.708001,30.902856,-1,9873
104.011604,30.465696,-1,9874
104.320371,30.278164,105,9875
104.225922,30.793231,53,9876
103.948646,30.677494,-1,9877
103.770638,30.398326,305,9878
103.880537,30.404245,159,9879
104.394402,30.349978,175,9880
104.29619,30.994085,164,9881
103.924731,30.950195,98,9882
104.543991,30.71686,-1,9883
103.812436,30.571529,-1,9884
104.215074,30.58268,10,9885
104.003394,30.734722,52,9886
103.942311,30.847709,302,9887
104.97337,29.871064,123,9888
103.776902,30.599908,-1,9889
104.237588,30.652853,13,9890
103.878228,30.415699,-1,9891
104.872352,30.232812,-1,9892
103.914273,30.630013,127,9893
103.940273,30.620884,339,9894
103.80212,30.455332,32,9895
104.140935,30.817271,-1,9896
103.741317,30.694246,-1,9897
104.020244,30.241057,-1,9898
104.044312,30.446996,51,9899
104.320513,30.278074,105,9900
103.646916,30.935437,-1,9901
104.268001,30.650322,-1,9902
103.709429,30.393581,295,9903
104.30065,30.382078,44,9904
104.002347,30.485274,194,9905
104.081138,30.277421,-1,9906
103.840369,30.359806,288,9907
103.952477,30.428016,133,9908
103.872369,30.779491,38,9909
104.20934,30.606374,-1,9910
103.957365,30.647488,29,9911
103.924797,30.950095,98,9912
103.701638,30.602461,2,9913
104.487978,30.493107,23,9914
103.495396,30.406966,261,9915
104.201949,30.726115,63,9916
103.887702,30.660997,250,9917
103.963957,30.615323,135,9918
104.1655,30.658981,15,9919
103.590635,30.250244,-1,9920
104.225987,30.644249,-1,9921
104.32851,30.276131,-1,9922
104.333357,30.653498,-1,9923
104.485748,30.444371,-1,9924
103.923098,30.716693,18,9925
103.688922,30.615349,-1,9926
103.451174,30.469414,-1,9927
104.151163,30.618188,-1,9928
104.175194,30.71537,36,9929
103.6254,30.93175,-1,9930
104.071116,30.725151,73,9931
104.238138,30.652963,13,9932
103.701404,30.60259,2,9933
104.089349,30.605028,-1,9934
103.844904,29.786318,-1,9935
104.036279,30.489389,-1,9936
103.471095,30.38887,-1,9937
104.254775,30.642648,-1,9938
103.921056,30.540337,-1,9939
103.781754,30.64046,-1,9940
104.164451,30.658998,15,9941
103.87625,30.491256,184,9942
103.72526,30.916629,-1,9943
103.974722,30.703203,-1,9944
104.2429,30.6506,7,9945
103.700054,30.309637,-1,9946
103.972546,30.622837,-1,9947
103.991125,30.739164,264,9948
104.037007,30.147923,145,9949
104.6257,30.858005,-1,9950
103.892975,30.513565,84,9951
104.03534,30.298106,252,9952
103.996354,30.598308,-1,9953
104.479364,30.49059,263,9954
103.908674,30.542142,9,9955
104.908487,30.159721,139,9956
104.125301,30.769497,35,9957
104.20896,30.897818,-1,9958
104.255466,30.859548,80,9959
104.908175,30.159873,139,9960
103.770638,30.398326,305,9961
103.671363,30.332803,287,9962
104.378134,30.313447,308,9963
103.939812,30.328166,-1,9964
103.818792,30.634283,26,9965
104.408291,30.872201,-1,9966
103.914269,30.675313,201,9967
103.861578,30.80432,212,9968
103.942708,30.772869,-1,9969
103.885157,30.400322,-1,9970
104.15227,30.707892,-1,9971
104.124806,30.769033,35,9972
104.070755,30.726499,19,9973
104.035375,30.298116,252,9974
104.442768,30.979529,-1,9975
104.168936,30.741358,11,9976
103.937375,30.614943,30,9977
104.227874,30.78121,-1,9978
104.547919,30.691276,129,9979
104.228152,30.802586,335,9980
104.099921,30.467203,83,9981
103.912733,30.824959,138,9982
104.141079,30.826333,329,9983
103.876696,30.491051,184,9984
104.245719,30.991695,-1,9985
104.185173,30.684263,309,9986
103.802135,30.455587,32,9987
104.118423,30.7566,8,9988
103.917114,30.68368,147,9989
103.820664,30.451971,-1,9990
104.138542,30.611005,113,9991
104.97439,29.869605,-1,9992
104.125223,30.794906,-1,9993
104.051149,30.476735,45,9994
104.202582,30.726172,63,9995
104.099598,30.467136,83,9996
104.566008,30.377851,-1,9997
103.861257,30.445512,82,9998
103.108191,29.288114,-1,9999
104.104251,30.827739,-1,10000
103.955806,31.007561,-1,10001
103.884669,30.388736,273,10002
104.323537,30.64498,272,10003
104.541366,30.419485,-1,10004
104.09329,30.580891,92,10005
103.697516,30.406999,-1,10006
104.109005,30.464018,278,10007
104.030851,30.584725,-1,10008
104.213992,30.651721,185,10009
103.497714,30.545954,296,10010
103.959662,30.942803,-1,10011
104.170603,30.615371,165,10012
103.636851,30.902899,-1,10013
103.892897,30.447421,221,10014
103.820254,31.259576,-1,10015
104.163677,30.574869,-1,10016
104.31666,30.951479,-1,10017
104.203802,30.725976,63,10018
104.31579,30.30361,39,10019
104.138234,30.610797,113,10020
103.780007,31.218248,-1,10021
103.62885,31.069757,-1,10022
103.896659,30.666469,207,10023
104.099461,30.467122,83,10024
103.554342,30.607617,-1,10025
104.501575,30.488476,-1,10026
103.648648,30.931749,-1,10027
103.850092,30.207635,-1,10028
103.935293,30.905474,62,10029
104.221614,30.638507,0,10030
104.050924,30.476726,45,10031
104.236093,30.646786,5,10032
104.221043,30.639009,0,10033
103.91268,30.825161,138,10034
104.555284,30.352162,126,10035
103.756836,31.19453,68,10036
104.235446,30.646888,5,10037
103.936401,30.613772,30,10038
104.224968,30.335499,-1,10039
104.119757,30.724711,-1,10040
104.004394,30.509331,-1,10041
104.166838,30.636702,-1,10042
104.125448,30.769262,35,10043
104.02655,30.480512,-1,10044
103.844869,29.788013,-1,10045
104.09378,30.581036,92,10046
104.223526,30.794379,53,10047
104.359305,30.531769,229,10048
104.521616,30.361549,-1,10049
103.877268,30.562463,-1,10050
104.491794,30.427359,-1,10051
104.1686,30.388398,-1,10052
104.311804,30.298716,303,10053
104.198695,30.705141,-1,10054
104.04416,30.444427,51,10055
103.964543,30.637367,67,10056
104.04404,30.445627,51,10057
104.394407,30.350115,175,10058
102.123896,29.646746,-1,10059
103.970378,30.650237,46,10060
103.574651,31.042848,-1,10061
104.495724,30.470978,-1,10062
103.701647,30.602574,2,10063
104.269036,30.578939,292,10064
104.096286,30.541115,107,10065
104.112479,30.753051,238,10066
103.897264,30.836289,280,10067
104.858471,29.740897,-1,10068
104.002235,30.485069,194,10069
103.952365,30.795686,243,10070
104.489277,30.459194,-1,10071
104.030697,30.807937,320,10072
104.177166,30.718618,79,10073
103.694655,30.612734,-1,10074
104.138299,30.610656,113,10075
103.690557,30.415951,-1,10076
104.631837,30.40908,-1,10077
104.093087,30.581256,92,10078
104.086941,30.805752,-1,10079
104.037568,30.360979,-1,10080
103.733937,30.929265,-1,10081
104.020796,29.139498,222,10082
104.20896,30.897818,-1,10083
104.118503,30.757516,8,10084
103.935303,30.905531,62,10085
104.199059,30.510555,170,10086
103.661003,30.961286,3,10087
104.038834,30.360028,-1,10088
103.701745,30.602508,2,10089
103.976462,30.767247,-1,10090
104.311217,30.645924,-1,10091
104.064562,30.843541,-1,10092
104.339964,31.126318,270,10093
104.448801,30.830367,-1,10094
104.235811,30.646346,5,10095
104.5664,30.371428,163,10096
104.234733,30.64635,5,10097
103.823077,31.261851,-1,10098
103.867027,30.534968,301,10099
104.213699,30.745022,-1,10100
104.138577,30.611018,113,10101
103.853438,30.090748,-1,10102
104.105859,30.57582,-1,10103
103.990531,30.739554,264,10104
103.892975,30.513565,84,10105
104.234569,30.646187,5,10106
104.116168,30.584202,337,10107
103.932752,29.932803,-1,10108
104.13258,30.786127,-1,10109
103.987701,30.919726,-1,10110
104.709554,30.416914,-1,10111
104.165504,30.659006,15,10112
104.057913,30.648534,-1,10113
104.106751,30.491224,172,10114
104.302391,30.873993,-1,10115
103.465531,30.438061,59,10116
104.047031,30.42813,187,10117
104.17715,30.718604,79,10118
104.359281,30.531735,229,10119
104.176966,30.718819,79,10120
104.156087,31.617238,-1,10121
103.98138,30.78505,121,10122
103.560643,30.748639,143,10123
103.872612,30.779209,38,10124
104.449599,30.480682,258,10125
104.567321,30.372053,163,10126
104.12185,30.539707,228,10127
104.125338,30.769499,35,10128
103.969549,30.981747,86,10129
103.655191,30.61283,-1,10130
104.361062,31.05877,-1,10131
103.6429,30.635753,-1,10132
103.738869,30.57539,-1,10133
104.393067,30.301866,-1,10134
104.278294,30.820496,-1,10135
103.695299,30.61834,-1,10136
103.686786,30.952447,-1,10137
103.843513,30.673347,-1,10138
104.165872,30.712717,91,10139
104.031742,30.321392,-1,10140
104.189097,31.451546,-1,10141
104.168905,30.741574,11,10142
103.520297,30.20812,-1,10143
104.173571,30.53922,-1,10144
104.085247,30.722382,-1,10145
104.161821,30.691346,-1,10146
103.47309,30.388119,-1,10147
103.851028,30.820558,43,10148
103.872369,30.779491,38,10149
103.891534,30.410064,257,10150
103.798789,31.1673,326,10151
103.880137,30.404627,159,10152
103.806178,31.17166,155,10153
104.234901,30.64693,5,10154
103.698136,31.041849,-1,10155
103.886849,30.528351,198,10156
103.559946,30.548903,188,10157
104.066199,30.823867,-1,10158
104.510749,31.177056,-1,10159
103.505874,30.55922,49,10160
104.120277,30.772966,70,10161
104.01875,30.548381,-1,10162
104.367736,30.435621,-1,10163
103.993511,30.764742,215,10164
103.705502,30.40456,-1,10165
103.553368,30.22101,74,10166
104.323716,30.645125,272,10167
103.874167,30.774004,336,10168
104.522772,30.430106,149,10169
103.902681,30.826449,-1,10170
104.046977,30.428379,187,10171
103.700792,30.709106,-1,10172
104.170769,30.865276,-1,10173
103.867651,30.472304,-1,10174
104.11527,30.774215,-1,10175
104.227135,30.646846,-1,10176
104.32329,30.644786,272,10177
103.661053,30.96127,3,10178
103.87958,30.40437,159,10179
103.79034,30.666558,200,10180
104.969705,29.682889,-1,10181
104.311684,30.299018,303,10182
104.537197,30.365719,202,10183
103.52683,30.203719,-1,10184
104.074047,30.714854,118,10185
104.003139,30.515104,-1,10186
103.874833,30.61241,-1,10187
103.959928,30.517479,115,10188
104.555899,30.353577,126,10189
104.489207,30.49397,23,10190
104.093284,30.581429,92,10191
103.674024,31.93472,-1,10192
104.215209,30.582557,10,10193
104.196861,30.590145,169,10194
103.873505,30.627386,-1,10195
103.617985,30.994969,-1,10196
103.916846,30.386434,-1,10197
103.921014,30.702979,199,10198
104.070747,30.727097,19,10199
104.110487,30.509162,-1,10200
104.567462,30.371891,163,10201
103.883296,30.665939,152,10202
103.726465,30.778443,-1,10203
104.093302,30.581193,92,10204
103.782647,30.711253,-1,10205
103.96655,30.813533,-1,10206
103.994723,30.612263,156,10207
103.512232,30.410666,-1,10208
103.799554,30.604654,-1,10209
103.947824,30.010969,-1,10210
104.242509,30.650693,7,10211
104.080706,30.816957,-1,10212
103.859238,30.82762,120,10213
103.971117,30.650373,46,10214
104.091314,30.559712,233,10215
104.177972,30.719157,79,10216
104.208529,30.524305,266,10217
104.235813,30.64642,5,10218
104.052502,30.246181,217,10219
104.203275,30.725837,63,10220
104.040693,30.661891,-1,10221
104.173722,30.662366,-1,10222
104.12035,30.773071,70,10223
104.37954,31.070084,-1,10224
104.118743,30.758929,-1,10225
104.297001,30.996087,-1,10226
104.162674,30.556345,298,10227
103.880089,30.404245,159,10228
103.851586,30.98814,-1,10229
103.936231,30.613941,30,10230
104.961892,30.22433,-1,10231
104.091259,30.559739,233,10232
104.043582,30.446637,51,10233
103.586026,30.388298,-1,10234
103.912998,30.63092,182,10235
104.169022,30.741397,11,10236
103.78002,30.403019,-1,10237
104.106511,30.740629,289,10238
104.24878,30.522924,-1,10239
104.144501,30.813327,40,10240
104.096203,30.543662,297,10241
103.415801,30.754108,-1,10242
104.487362,30.459334,31,10243
103.940852,30.85394,-1,10244
103.813277,30.632809,26,10245
104.312502,30.298217,303,10246
103.659337,30.678253,-1,10247
104.222043,30.566366,-1,10248
103.69283,30.589872,-1,10249
103.851159,30.437383,130,10250
103.647005,30.935609,-1,10251
104.164648,30.658368,15,10252
104.020979,30.848062,-1,10253
104.3488,31.050111,-1,10254
103.659665,30.926282,-1,10255
104.041027,30.59328,81,10256
104.400324,30.99687,-1,10257
103.465599,30.438274,59,10258
103.856795,30.464357,-1,10259
103.943571,30.50751,117,10260
104.670332,30.087834,21,10261
104.165801,30.712819,91,10262
103.814641,30.63306,26,10263
104.069881,30.768531,28,10264
104.122146,30.539682,228,10265
104.183226,30.710571,69,10266
103.892965,30.513985,84,10267
103.861114,30.804006,212,10268
103.459785,30.74707,132,10269
104.221219,30.638642,0,10270
104.182664,30.717506,-1,10271
103.982019,30.673898,-1,10272
104.058845,30.635076,-1,10273
103.853438,30.090748,-1,10274
102.706893,29.975685,-1,10275
104.214438,30.651648,185,10276
103.556663,30.74429,-1,10277
104.138339,30.610994,113,10278
104.139905,30.662255,-1,10279
103.882883,30.665999,152,10280
103.695813,30.407894,-1,10281
103.863348,30.556539,334,10282
104.597732,30.699625,-1,10283
103.956792,30.030755,310,10284
104.555451,30.352644,126,10285
103.781477,30.640178,-1,10286
104.046638,30.427527,187,10287
104.393283,30.283556,235,10288
104.017818,30.444641,-1,10289
104.610247,30.34287,-1,10290
103.617359,30.978188,-1,10291
103.936626,30.613942,30,10292
104.221089,30.638634,0,10293
103.922713,30.717088,18,10294
103.635359,30.895429,-1,10295
103.956017,29.163061,-1,10296
104.000697,30.520261,77,10297
104.04244,30.19926,311,10298
103.857976,30.630459,-1,10299
104.220773,30.638855,0,10300
104.50008,30.683501,-1,10301
104.355901,30.961873,-1,10302
103.878498,30.198256,109,10303
103.396181,30.738998,-1,10304
103.678009,30.338759,102,10305
103.976494,30.652927,12,10306
103.473122,30.39447,-1,10307
103.171781,31.020048,-1,10308
103.965741,30.557244,-1,10309
103.863919,30.656101,-1,10310
104.157913,30.692567,206,10311
103.969217,30.36643,99,10312
104.030113,31.371589,-1,10313
104.220679,30.638943,0,10314
103.833736,30.635242,-1,10315
103.56134,30.748857,143,10316
103.947804,30.603711,-1,10317
104.601912,30.878503,-1,10318
104.061499,30.418941,95,10319
104.242502,30.650188,7,10320
104.03982,30.651736,-1,10321
104.172265,30.636664,-1,10322
104.001906,30.884522,124,10323
104.355799,30.994357,-1,10324
104.118879,30.757394,8,10325
104.072743,30.718783,103,10326
103.945394,30.952108,-1,10327
103.981578,30.785234,121,10328
104.057312,30.648768,-1,10329
104.488513,30.493289,23,10330
104.124806,30.769033,35,10331
104.37186,30.864106,56,10332
103.935171,30.905597,62,10333
104.33888,31.446306,-1,10334
103.860907,30.445098,82,10335
104.241706,30.768862,-1,10336
103.742527,30.533782,-1,10337
104.034144,30.530011,-1,10338
104.22645,30.802804,-1,10339
104.235334,30.646036,5,10340
104.077071,30.230773,-1,10341
104.244063,30.645362,65,10342
104.292781,30.391485,25,10343
103.86498,30.407948,173,10344
104.07151,30.725098,73,10345
103.849323,30.540358,-1,10346
103.465033,30.45728,-1,10347
103.940644,30.614077,96,10348
104.115587,30.378459,231,10349
104.367768,30.435655,-1,10350
104.2163,30.648923,-1,10351
104.154624,31.116585,-1,10352
104.164989,30.658812,15,10353
104.009851,30.765209,78,10354
103.861346,30.803787,212,10355
104.300461,30.381908,44,10356
103.551571,30.217825,-1,10357
104.125182,30.769537,35,10358
104.190003,30.662349,89,10359
104.118791,30.757624,8,10360
104.500945,30.473893,85,10361
103.897339,30.836518,280,10362
103.643518,30.469983,186,10363
104.225241,30.672291,-1,10364
103.794604,30.440731,314,10365
103.909914,30.40022,-1,10366
104.582192,30.352826,-1,10367
104.520942,30.429709,149,10368
104.188214,30.995284,-1,10369
104.00637,30.592352,144,10370
104.056048,30.847881,88,10371
104.018148,30.442291,-1,10372
104.339179,30.460997,-1,10373
103.859376,30.827623,120,10374
103.875206,30.479704,180,10375
103.778799,30.406825,-1,10376
104.168943,30.741449,11,10377
103.452077,30.47483,27,10378
104.237833,30.65288,13,10379
103.940304,30.948296,-1,10380
104.339964,31.126236,270,10381
104.036635,30.296755,306,10382
103.701598,30.602343,2,10383
103.661308,30.961195,3,10384
104.12516,30.769344,35,10385
104.204958,30.730643,227,10386
104.37186,30.864124,56,10387
104.450851,30.84842,-1,10388
103.713019,30.806349,-1,10389
104.204176,30.731445,227,10390
104.466429,30.793942,-1,10391
103.499652,30.569308,94,10392
104.51313,30.420133,225,10393
103.535754,30.742589,125,10394
103.640208,30.466198,48,10395
104.000762,30.76268,328,10396
103.949086,30.515723,321,10397
103.902681,30.826449,-1,10398
103.741349,30.694528,-1,10399
103.956086,30.998072,-1,10400
104.045946,30.446274,51,10401
104.115515,30.378494,231,10402
104.59042,31.766998,-1,10403
104.315533,30.301979,39,10404
102.237558,29.756382,-1,10405
103.696218,29.227833,-1,10406
104.221466,30.544475,-1,10407
104.24212,30.554231,-1,10408
104.210242,30.609349,-1,10409
104.235462,30.646636,5,10410
103.861335,30.445857,82,10411
104.150058,30.631713,-1,10412
104.501445,30.484499,-1,10413
104.242436,30.650619,7,10414
103.840423,30.359774,288,10415
103.749451,30.530331,128,10416
104.069956,30.768571,28,10417
104.29816,30.685461,-1,10418
103.953715,30.738304,-1,10419
103.553352,30.220948,74,10420
104.223587,30.794252,53,10421
104.551746,30.735111,-1,10422
103.617485,30.890438,-1,10423
103.701618,30.602422,2,10424
104.122985,30.442325,-1,10425
104.242692,30.650118,7,10426
104.028366,29.142538,-1,10427
104.085856,30.38462,-1,10428
103.923089,30.704026,333,10429
104.109657,30.562382,-1,10430
104.048025,30.217322,-1,10431
104.24389,30.645469,65,10432
104.391834,30.300123,54,10433
103.695759,30.65366,-1,10434
104.195435,30.859083,210,10435
103.861147,30.44536,82,10436
104.066042,30.448301,-1,10437
104.301411,30.386412,-1,10438
103.701453,30.602611,2,10439
103.846955,30.438132,153,10440
104.47782,30.489185,265,10441
103.340679,30.339704,-1,10442
103.923413,30.717219,18,10443
104.131002,30.961441,-1,10444
104.435307,30.355431,-1,10445
104.190345,30.5141,-1,10446
103.799029,31.166915,326,10447
103.98357,30.572563,47,10448
104.662907,31.091262,-1,10449
103.607745,31.066226,-1,10450
103.929662,30.69979,174,10451
103.917114,30.68368,147,10452
104.071161,30.725213,73,10453
103.937676,30.614238,30,10454
103.884889,30.388665,273,10455
104.196209,30.527415,268,10456
104.242777,30.650429,7,10457
103.861619,30.804193,212,10458
104.243693,29.945799,-1,10459
104.165322,30.658713,15,10460
104.061899,30.419122,95,10461
103.497573,30.753382,-1,10462
103.640305,30.465982,48,10463
104.027477,30.662493,-1,10464
104.043499,30.205829,161,10465
103.7018,30.602861,2,10466
102.763645,29.734693,-1,10467
103.778941,30.40732,-1,10468
103.498564,30.56883,94,10469
103.489597,30.749307,-1,10470
104.459456,30.348285,-1,10471
104.093564,30.581105,92,10472
104.377412,30.300129,-1,10473
104.634579,30.406965,-1,10474
103.812084,30.632249,26,10475
103.913318,30.63096,182,10476
103.952325,30.999315,168,10477
104.342227,30.926754,-1,10478
104.106929,30.491193,172,10479
103.920902,30.702667,199,10480
104.297515,30.306611,-1,10481
103.97169,30.932456,-1,10482
104.077654,30.794648,-1,10483
102.961983,30.187588,-1,10484
104.37186,30.86414,56,10485
103.998719,30.756896,260,10486
103.738451,30.664564,-1,10487
103.756515,30.363173,-1,10488
103.943611,30.507678,117,10489
103.943683,30.499192,154,10490
104.146213,30.885897,-1,10491
104.20307,30.72593,63,10492
104.235888,30.646575,5,10493
104.216508,30.648705,-1,10494
103.97339,31.067969,-1,10495
103.661403,30.961103,3,10496
104.178518,30.782382,14,10497
104.201307,30.739393,150,10498
104.248995,30.772671,255,10499
103.792299,30.687454,-1,10500
103.860018,30.764985,-1,10501
103.976968,30.65325,12,10502
103.959732,30.517524,115,10503
104.165354,30.658662,15,10504
103.964526,31.057513,-1,10505
104.539062,31.858931,104,10506
103.936397,30.905781,62,10507
103.977673,30.688691,24,10508
103.649146,30.514919,-1,10509
104.539174,31.859381,104,10510
103.851092,30.437259,130,10511
104.218952,30.655292,55,10512
104.359281,30.531735,229,10513
103.953312,31.015876,-1,10514
103.045643,29.87997,-1,10515
103.819153,30.797209,93,10516
104.605563,30.867998,-1,10517
104.450116,30.476066,327,10518
103.901615,30.834552,90,10519
104.261301,31.07886,-1,10520
103.876872,30.635352,-1,10521
103.817717,30.634012,26,10522
104.296123,30.993775,164,10523
103.718341,30.573564,-1,10524
103.709044,30.393363,295,10525
103.665088,30.643845,-1,10526
104.052304,30.246201,217,10527
103.819576,30.796975,93,10528
103.897329,30.836562,280,10529
104.244398,30.645681,65,10530
103.87635,30.221526,-1,10531
103.970315,30.650367,46,10532
104.077377,30.795056,-1,10533
103.996002,30.6132,156,10534
103.887883,30.660688,250,10535
104.505834,30.506748,177,10536
104.508659,30.354565,300,10537
103.93534,30.905594,62,10538
103.61391,30.242438,-1,10539
104.115077,30.452815,-1,10540
103.90333,30.657624,146,10541
104.449784,30.852728,-1,10542
103.945071,30.709074,-1,10543
103.939808,30.620996,339,10544
104.182387,30.700033,-1,10545
103.616332,30.735619,-1,10546
104.086806,30.664074,-1,10547
103.95222,30.427908,133,10548
102.070334,31.570577,-1,10549
103.540153,31.050352,71,10550
104.414803,30.243747,141,10551
103.712263,30.322575,-1,10552
103.861417,30.592277,-1,10553
104.178651,30.78306,14,10554
104.118655,30.757584,8,10555
104.217304,30.572284,87,10556
104.50571,30.506785,177,10557
103.979612,30.547161,-1,10558
104.225002,30.793861,53,10559
103.517033,30.749727,226,10560
104.312354,30.874783,-1,10561
104.294409,30.241051,-1,10562
104.334749,30.766876,-1,10563
104.007911,30.718883,286,10564
104.101454,30.245553,-1,10565
104.099317,30.467028,83,10566
104.069981,30.768543,28,10567
104.046475,30.428133,187,10568
104.185342,30.684477,309,10569
103.872777,30.778975,38,10570
104.245495,30.707009,-1,10571
104.149468,30.622627,17,10572
104.236021,30.646652,5,10573
103.678306,31.029654,72,10574
103.937074,30.61322,30,10575
104.006488,30.234246,307,10576
104.392714,30.283688,235,10577
104.680536,30.051263,-1,10578
103.595712,30.334961,-1,10579
104.115794,30.583991,337,10580
104.186319,30.761508,-1,10581
103.938341,30.616323,234,10582
103.654106,30.89699,-1,10583
103.967594,30.586099,251,10584
103.945209,30.555328,-1,10585
103.969514,30.982041,86,10586
104.459727,30.190121,-1,10587
104.539565,30.662136,-1,10588
103.70387,30.799036,-1,10589
103.678152,31.029761,72,10590
104.202286,30.7262,63,10591
104.172158,30.48404,66,10592
103.942246,30.847659,302,10593
104.183008,30.710945,69,10594
104.785597,29.795979,-1,10595
104.074092,30.714933,118,10596
104.218952,30.655292,55,10597
104.007636,30.554123,220,10598
104.070755,30.726499,19,10599
104.172607,30.660003,140,10600
103.837511,30.357503,160,10601
103.890467,30.478771,237,10602
104.118759,30.757752,8,10603
103.392411,30.735293,-1,10604
104.238084,30.652791,13,10605
104.112181,30.752977,238,10606
104.035435,30.298472,252,10607
104.044005,30.446817,51,10608
104.034133,30.685921,-1,10609
103.182317,30.011281,-1,10610
104.990557,29.542423,166,10611
104.164523,30.658982,15,10612
104.222844,30.675457,204,10613
103.619671,30.398767,-1,10614
103.861325,30.803976,212,10615
104.061962,30.423725,-1,10616
103.626412,30.872855,-1,10617
104.505411,30.506575,177,10618
104.124806,30.769033,35,10619
104.000341,30.520459,77,10620
104.525723,30.636346,-1,10621
103.999507,30.750788,-1,10622
104.034807,30.858532,-1,10623
103.859376,30.827623,120,10624
103.935532,30.905464,62,10625
104.003931,30.606223,111,10626
104.505125,30.354108,262,10627
104.358794,31.073307,-1,10628
103.876198,30.22131,-1,10629
104.164541,30.65904,15,10630
103.793121,31.238907,-1,10631
104.422472,30.474468,223,10632
104.039012,30.732,-1,10633
104.234068,30.719313,-1,10634
104.937272,30.282788,-1,10635
104.010004,30.765157,78,10636
103.624425,31.482764,-1,10637
104.59042,31.766998,-1,10638
104.196917,30.59021,169,10639
103.805364,30.431295,-1,10640
104.401805,30.997004,-1,10641
103.820669,30.451894,-1,10642
104.118695,30.757226,8,10643
103.914647,30.41931,213,10644
104.75642,30.633016,-1,10645
104.044216,30.444968,51,10646
104.175391,30.66443,195,10647
104.245884,30.270822,-1,10648
103.471095,30.38887,-1,10649
103.954512,30.570558,-1,10650
104.43856,30.356228,342,10651
104.050845,30.475997,45,10652
104.326379,30.860176,64,10653
103.770638,30.398326,305,10654
104.050609,30.476106,45,10655
103.701639,30.602658,2,10656
104.202343,30.726187,63,10657
103.793908,30.417979,-1,10658
104.326347,30.860094,64,10659
104.521389,30.429782,149,10660
103.037255,29.9083,-1,10661
104.191798,30.790196,-1,10662
103.916509,30.369379,42,10663
104.125294,30.769562,35,10664
103.830531,29.847745,-1,10665
103.914123,30.675455,201,10666
103.918079,30.683885,147,10667
103.85768,30.627158,-1,10668
103.964327,30.637268,67,10669
104.370575,30.289274,189,10670
104.018171,30.444726,-1,10671
103.459842,30.746945,132,10672
104.525281,30.684543,-1,10673
103.866381,31.077467,-1,10674
103.942898,30.52433,-1,10675
104.633474,30.440855,-1,10676
104.834761,30.463908,-1,10677
104.26243,29.018974,-1,10678
102.773236,30.063454,-1,10679
104.001973,30.88412,124,10680
103.944819,30.627769,-1,10681
103.938261,30.616239,234,10682
103.857392,31.076908,-1,10683
103.701745,30.602509,2,10684
104.066202,31.066781,-1,10685
104.002235,30.485069,194,10686
104.670337,29.503657,-1,10687
104.488245,30.42705,-1,10688
104.414782,30.243754,141,10689
103.799748,31.166564,326,10690
103.10047,30.080604,-1,10691
103.802135,30.455587,32,10692
104.12085,30.501836,249,10693
104.136484,30.377592,-1,10694
104.497266,30.346564,-1,10695
103.809966,30.630581,-1,10696
104.397593,30.757877,-1,10697
104.168017,30.659509,-1,10698
104.32654,30.860261,64,10699
104.353869,30.995477,318,10700
104.543551,30.718202,-1,10701
103.710221,29.19303,-1,10702
104.061491,30.419166,95,10703
104.320441,30.277966,105,10704
104.221063,30.63918,0,10705
103.945143,30.95205,-1,10706
104.007608,30.55411,220,10707
103.940112,30.614407,96,10708
103.964836,30.636922,67,10709
103.453322,30.469994,-1,10710
104.007585,30.554074,220,10711
103.640256,30.465892,48,10712
104.282977,29.622661,-1,10713
103.897179,30.666517,207,10714
104.175353,30.715288,36,10715
103.984053,30.829317,-1,10716
103.873815,30.773839,336,10717
104.493813,30.610579,-1,10718
103.696412,30.582642,-1,10719
104.257474,29.019683,-1,10720
103.940352,30.572353,-1,10721
103.875939,30.729578,-1,10722
103.701445,30.602412,2,10723
103.493296,30.752998,-1,10724
104.038917,30.359982,-1,10725
103.937796,30.619251,253,10726
104.35221,30.768236,-1,10727
104.347654,30.734417,-1,10728
104.487914,30.493041,23,10729
103.880026,30.404282,159,10730
104.498916,30.490658,-1,10731
103.796432,30.404979,-1,10732
104.140154,30.781867,-1,10733
104.198471,30.581987,114,10734
104.115588,30.378429,231,10735
103.985523,30.588288,-1,10736
104.523042,30.429942,149,10737
104.297001,30.996087,-1,10738
103.876663,30.467635,-1,10739
103.470012,31.011358,-1,10740
103.917522,30.684412,147,10741
104.266484,30.656118,-1,10742
103.952188,31.000131,168,10743
104.438775,30.355608,342,10744
103.647005,30.935609,-1,10745
103.663032,30.970514,290,10746
103.766357,31.196574,-1,10747
104.520958,30.429759,149,10748
104.167992,30.659527,-1,10749
104.460365,30.347232,-1,10750
103.975829,30.563293,-1,10751
102.996836,30.336897,-1,10752
104.254832,30.859123,80,10753
104.393283,30.283556,235,10754
103.498562,30.568981,94,10755
104.324302,30.343446,75,10756
104.370575,30.289274,189,10757
103.831689,31.156087,-1,10758
103.914155,30.675398,201,10759
104.123631,30.91255,-1,10760
103.994719,30.480241,-1,10761
103.862962,30.5565,334,10762
103.933143,30.88315,-1,10763
104.565159,30.378999,-1,10764
104.042716,30.448159,51,10765
104.301167,30.386378,-1,10766
104.387397,30.307605,-1,10767
104.045259,30.445614,51,10768
103.999507,30.750788,-1,10769
103.897143,30.836357,280,10770
103.688913,30.615941,-1,10771
104.118304,30.757212,8,10772
103.969145,31.00791,-1,10773
104.22155,30.638895,0,10774
104.408315,30.872125,-1,10775
103.942207,30.279649,-1,10776
103.797589,30.971614,-1,10777
103.802329,30.455544,32,10778
103.876265,30.491456,184,10779
103.981305,30.785622,121,10780
103.798382,30.651188,-1,10781
104.315592,30.303214,39,10782
104.308635,30.865091,34,10783
104.070755,30.726499,19,10784
103.66128,30.96116,3,10785
103.55306,30.220808,74,10786
104.487745,30.459265,31,10787
104.800328,30.152332,-1,10788
104.201949,30.726115,63,10789
103.982485,31.075283,-1,10790
103.939659,30.617094,196,10791
104.26243,29.018974,-1,10792
104.504523,30.636618,-1,10793
104.37824,30.455766,332,10794
104.050279,30.476673,45,10795
103.820584,30.452013,-1,10796
103.893533,30.513845,84,10797
104.660333,31.131077,179,10798
104.439177,30.980498,-1,10799
103.94883,30.553384,-1,10800
104.533684,29.759779,281,10801
103.796906,30.398542,-1,10802
103.957365,30.647488,29,10803
103.939936,30.999866,148,10804
103.917406,30.742898,203,10805
104.590794,30.388423,-1,10806
104.397382,30.327755,-1,10807
103.70387,30.799036,-1,10808
104.175198,30.719033,-1,10809
104.001948,30.884109,124,10810
103.959973,30.517644,115,10811
104.757556,30.910823,-1,10812
104.224183,30.674947,204,10813
103.530833,30.562635,-1,10814
104.223995,30.566471,157,10815
103.553264,30.221322,74,10816
104.093892,30.580862,92,10817
103.781501,31.227302,-1,10818
104.364796,30.969327,-1,10819
103.977766,30.542692,-1,10820
103.861202,30.803651,212,10821
104.223961,30.566364,157,10822
103.943555,30.499223,154,10823
104.501209,30.473798,85,10824
104.140739,30.827306,329,10825
103.542261,30.583225,-1,10826
104.217304,30.572284,87,10827
103.87283,30.779309,38,10828
104.123601,30.912541,-1,10829
103.969604,30.982349,86,10830
103.933143,30.88315,-1,10831
103.859263,30.827722,120,10832
104.055919,30.763253,245,10833
103.905365,30.810498,269,10834
104.218954,30.655079,55,10835
103.913143,30.504009,-1,10836
104.64467,31.449354,-1,10837
103.981578,30.785234,121,10838
103.825023,30.581534,-1,10839
104.339748,31.126036,270,10840
103.912666,30.824826,138,10841
104.323372,30.645081,272,10842
103.661038,30.961235,3,10843
103.861858,30.804305,212,10844
104.092647,30.582728,92,10845
104.074936,30.32095,-1,10846
103.471095,30.38887,-1,10847
103.553368,30.22101,74,10848
104.220763,30.63892,0,10849
104.595776,31.769287,-1,10850
104.147071,30.709542,-1,10851
104.120874,30.501587,249,10852
104.115145,30.417271,100,10853
104.318657,30.861054,106,10854
104.201107,30.733794,244,10855
104.178518,30.782382,14,10856
104.019994,29.139561,222,10857
103.956728,30.030478,310,10858
103.95222,30.427908,133,10859
104.073035,30.718741,103,10860
103.460016,30.746847,132,10861
103.654849,30.926176,50,10862
104.20307,30.72593,63,10863
103.950095,30.609527,-1,10864
104.17578,30.572478,-1,10865
103.456602,30.431626,338,10866
103.96706,30.680722,-1,10867
104.020323,29.139028,222,10868
103.80227,30.45559,32,10869
104.505371,30.506609,177,10870
103.912881,30.824703,138,10871
104.253968,30.859004,80,10872
103.994325,30.765224,215,10873
104.366096,30.857345,-1,10874
104.228747,30.692346,-1,10875
103.867035,30.535086,301,10876
104.04701,30.427955,187,10877
103.883644,30.666061,152,10878
103.902307,30.835037,90,10879
103.523272,30.207329,-1,10880
104.47782,30.489185,265,10881
103.967971,30.586298,251,10882
104.42859,31.149826,293,10883
103.665559,30.59411,-1,10884
104.177465,30.718712,79,10885
103.553368,30.22101,74,10886
104.634844,30.406867,-1,10887
104.01014,30.765292,78,10888
104.209975,30.901594,-1,10889
104.353497,30.996002,318,10890
104.234646,30.645921,5,10891
104.213799,30.65151,185,10892
104.241968,30.554165,-1,10893
103.937724,30.614172,30,10894
104.327188,30.307213,230,10895
104.315533,30.301979,39,10896
103.691199,30.640529,-1,10897
103.811465,30.63226,26,10898
104.138456,30.611065,113,10899
103.836561,30.465707,-1,10900
104.115389,30.452593,-1,10901
103.890559,30.478666,237,10902
104.016135,30.621484,-1,10903
103.861701,30.804403,212,10904
104.100932,30.438846,-1,10905
103.915066,30.710958,-1,10906
102.763645,29.734693,-1,10907
103.937676,30.614238,30,10908
104.142387,30.71653,-1,10909
104.328647,30.276911,-1,10910
102.870005,29.662804,-1,10911
103.958007,31.069683,-1,10912
103.917562,30.684346,147,10913
103.946992,31.019966,-1,10914
104.393219,30.293841,-1,10915
104.46703,30.491432,-1,10916
104.506069,30.757776,-1,10917
103.844813,30.012399,-1,10918
103.962874,30.44825,216,10919
103.90341,30.658506,146,10920
104.305079,30.645273,-1,10921
104.48798,30.444179,-1,10922
104.041808,30.248859,254,10923
104.348149,30.338624,-1,10924
104.133625,30.591036,-1,10925
104.49397,30.323439,-1,10926
103.671907,30.317228,108,10927
103.964534,30.61485,135,10928
104.176982,30.718818,79,10929
103.940353,30.620544,339,10930
103.602849,30.902839,-1,10931
103.917855,30.398169,4,10932
104.115389,30.452593,-1,10933
104.118855,30.757656,8,10934
104.204268,30.740127,214,10935
103.876056,30.480087,180,10936
104.202847,30.725869,63,10937
104.508516,30.354334,300,10938
104.121041,30.502388,249,10939
104.055919,30.763253,245,10940
104.120318,30.772996,70,10941
104.653904,29.514346,-1,10942
104.296151,30.995001,164,10943
103.662171,30.559902,-1,10944
104.04503,30.65187,-1,10945
104.038416,30.732195,-1,10946
104.075527,30.238834,119,10947
104.03075,30.807907,320,10948
103.875403,30.484036,-1,10949
103.886953,30.528437,198,10950
104.21696,30.571861,87,10951
104.040757,30.593301,81,10952
104.36464,30.996556,-1,10953
104.436411,31.252249,-1,10954
104.081198,30.520225,-1,10955
104.070062,30.76861,28,10956
103.96488,30.636938,67,10957
103.953071,30.427858,133,10958
104.149902,30.688487,-1,10959
103.677522,30.94986,219,10960
103.553184,30.221206,74,10961
104.169193,30.532418,158,10962
104.030711,30.807926,320,10963
103.886836,30.820448,197,10964
104.085247,30.722382,-1,10965
103.86731,30.53511,301,10966
104.106806,30.491011,172,10967
103.925568,30.400896,-1,10968
104.0963,30.540202,107,10969
104.163992,30.391983,-1,10970
103.619803,30.405482,-1,10971
103.654955,30.92702,50,10972
104.224794,30.793675,53,10973
103.544999,30.56874,-1,10974
103.60817,31.066094,-1,10975
103.911691,30.617615,-1,10976
104.151272,30.775778,-1,10977
104.304305,30.991932,-1,10978
104.315497,30.303632,39,10979
104.36149,30.435196,-1,10980
103.721932,30.609126,-1,10981
103.880209,30.404395,159,10982
103.922969,30.716742,18,10983
104.553446,30.352948,-1,10984
104.498649,30.428229,285,10985
103.960087,30.165511,330,10986
104.242785,30.651605,7,10987
103.859304,30.827398,120,10988
104.242577,30.650096,7,10989
103.640416,30.465892,48,10990
103.813832,30.633005,26,10991
103.954723,30.491647,-1,10992
103.864956,30.407848,173,10993
103.856586,30.628861,-1,10994
103.681976,30.596608,236,10995
103.959741,30.517414,115,10996
104.134072,30.945727,-1,10997
104.098765,30.88511,60,10998
104.210894,30.177629,-1,10999
103.690014,31.045949,-1,11000
104.120834,30.501706,249,11001
104.168814,30.741628,11,11002
103.838185,30.360933,248,11003
104.218952,30.655292,55,11004
103.677506,30.338901,102,11005
104.353874,30.995455,318,11006
104.010056,30.765385,78,11007
104.207274,30.703811,-1,11008
104.201215,30.739571,150,11009
103.850961,30.444305,-1,11010
104.115401,30.378457,231,11011
103.976848,30.653134,12,11012
104.26096,30.954312,-1,11013
104.204277,30.740119,214,11014
103.810658,30.439849,-1,11015
104.18357,30.486506,291,11016
104.553942,30.352982,-1,11017
103.492458,30.154385,-1,11018
103.661318,30.961151,3,11019
103.95237,30.936811,-1,11020
104.255361,30.53109,283,11021
103.973739,30.98843,-1,11022
104.869174,29.225768,-1,11023
103.937585,30.613975,30,11024
103.977883,30.688895,24,11025
104.308838,30.865481,34,11026
103.663001,30.971019,290,11027
103.62524,30.725405,-1,11028
104.073436,30.696349,-1,11029
103.994862,30.246812,-1,11030
103.887301,30.592973,340,11031
104.000643,30.520284,77,11032
104.308768,30.865527,34,11033
104.449559,30.48065,258,11034
103.681705,30.612766,-1,11035
104.242572,30.65078,7,11036
103.923041,30.716618,18,11037
104.043929,30.446064,51,11038
104.198887,31.580392,-1,11039
104.17867,30.782382,14,11040
104.353834,30.435953,191,11041
103.857657,30.653055,-1,11042
104.119757,30.724711,-1,11043
103.96928,30.36641,99,11044
103.942898,30.52433,-1,11045
104.254648,30.858238,80,11046
103.739573,30.734266,-1,11047
104.555244,30.352144,126,11048
103.654841,30.926194,50,11049
104.315229,29.59682,-1,11050
104.52397,30.671021,-1,11051
103.553033,30.221272,74,11052
104.04244,30.19926,311,11053
104.103165,30.46922,1,11054
104.166646,30.63645,-1,11055
104.123726,30.786421,-1,11056
104.237717,30.653272,13,11057
104.125537,30.771278,-1,11058
103.922993,30.717184,18,11059
104.607271,30.387372,-1,11060
103.797703,31.166751,326,11061
103.701598,30.602343,2,11062
104.170521,30.635116,181,11063
104.093423,30.581232,92,11064
103.68188,30.596758,236,11065
104.35221,30.768236,-1,11066
104.572689,31.035094,-1,11067
104.564428,30.387429,183,11068
103.976928,30.653252,12,11069
103.551733,31.055157,-1,11070
104.296191,30.993684,164,11071
104.537169,30.365925,202,11072
104.497528,30.491758,-1,11073
104.555451,30.352644,126,11074
104.743058,31.572981,-1,11075
103.880281,30.604154,-1,11076
104.125146,30.769332,35,11077
104.556107,30.099092,-1,11078
103.799196,30.421268,-1,11079
103.55306,30.220808,74,11080
103.817595,30.958883,-1,11081
103.909444,30.54391,9,11082
104.188152,30.5146,61,11083
103.47309,30.388119,-1,11084
104.498131,30.42846,285,11085
104.120328,30.772943,70,11086
103.967184,30.648286,58,11087
103.889534,30.478909,237,11088
103.746585,30.528717,-1,11089
103.717362,30.894303,-1,11090
104.044176,30.446953,51,11091
103.857698,30.452169,-1,11092
103.921216,30.702956,199,11093
103.850471,31.064764,-1,11094
103.678032,31.029826,72,11095
103.970378,30.650237,46,11096
103.987522,30.772044,-1,11097
104.266484,30.656118,-1,11098
103.885611,31.02839,-1,11099
103.857509,30.44957,-1,11100
104.295993,30.993695,164,11101
102.837023,29.775752,-1,11102
103.923383,30.287529,-1,11103
104.098765,30.88511,60,11104
104.202582,30.726172,63,11105
104.242499,30.649973,7,11106
103.677527,30.338803,102,11107
103.917104,30.683797,147,11108
103.887427,30.528607,198,11109
103.577879,30.851376,-1,11110
104.050684,30.749919,276,11111
103.55276,30.53085,171,11112
103.582181,30.241648,-1,11113
104.242943,30.649861,7,11114
104.011334,30.620794,-1,11115
103.937585,30.613975,30,11116
104.224774,30.793708,53,11117
104.502487,30.419496,-1,11118
104.213891,30.651778,185,11119
104.043929,30.446064,51,11120
103.912027,30.979003,-1,11121
103.825475,30.570711,-1,11122
104.112386,30.753116,238,11123
104.235542,30.646438,5,11124
103.640315,30.465915,48,11125
104.245647,30.552978,6,11126
103.922961,30.717084,18,11127
103.93835,30.616179,234,11128
103.929278,30.699392,174,11129
103.489787,30.184626,-1,11130
104.234726,30.646055,5,11131
104.596041,30.836945,-1,11132
104.221542,30.6385,0,11133
104.03872,30.333354,-1,11134
104.000712,30.762935,328,11135
104.010617,30.741469,-1,11136
104.19585,30.85896,210,11137
104.114497,30.416237,100,11138
104.171492,30.657834,-1,11139
103.414151,30.759794,-1,11140
104.118832,30.756788,8,11141
103.914254,30.675534,201,11142
103.68188,30.596758,236,11143
104.392976,30.296453,-1,11144
103.478366,30.427554,284,11145
104.296167,30.994985,164,11146
104.551874,30.737612,-1,11147
104.247616,30.555164,-1,11148
104.043939,30.446162,51,11149
104.125958,30.512254,-1,11150
103.677434,30.338651,102,11151
104.074936,30.32095,-1,11152
103.901649,30.834435,90,11153
103.564111,30.527403,-1,11154
104.198887,31.580392,-1,11155
104.23559,30.646466,5,11156
104.160937,30.643411,317,11157
104.115217,30.417337,100,11158
104.242577,30.650096,7,11159
103.774578,31.1795,-1,11160
104.201244,30.73325,244,11161
104.163944,30.39155,-1,11162
103.850732,31.0608,-1,11163
103.969004,30.36644,99,11164
103.571643,30.317136,-1,11165
103.505922,30.55941,49,11166
103.730396,30.595305,-1,11167
103.801768,31.165922,275,11168
104.301094,30.386346,-1,11169
103.863422,30.801883,-1,11170
104.168416,30.741232,11,11171
103.87453,30.417285,192,11172
104.091501,30.217815,-1,11173
103.974473,31.067739,-1,11174
103.577339,30.354903,-1,11175
103.937719,30.614428,30,11176
103.87248,30.779249,38,11177
103.965595,30.310322,137,11178
104.37824,30.455766,332,11179
103.981537,30.785336,121,11180
104.052098,30.487256,-1,11181
104.32851,30.276131,-1,11182
103.147253,30.461352,-1,11183
104.037273,30.296711,306,11184
104.231863,30.63956,97,11185
103.942271,30.847743,302,11186
104.308613,30.865283,34,11187
104.523125,30.362058,-1,11188
103.989668,30.725936,-1,11189
103.723632,31.019026,-1,11190
104.075381,30.238888,119,11191
103.701654,30.602545,2,11192
104.004424,30.592262,37,11193
104.505213,30.353609,262,11194
104.32658,30.860111,64,11195
103.96954,30.982144,86,11196
104.326891,30.306247,230,11197
104.161124,30.890958,-1,11198
104.182347,30.700167,-1,11199
104.198298,30.582071,114,11200
104.296668,30.993416,164,11201
103.65517,30.895256,-1,11202
104.200498,31.189035,-1,11203
104.263244,30.271341,-1,11204
104.246096,30.710834,-1,11205
104.070105,30.768598,28,11206
104.224811,30.793719,53,11207
104.043286,30.486041,-1,11208
103.701416,30.602697,2,11209
104.175457,30.715338,36,11210
103.601077,31.064784,41,11211
103.909239,30.542987,9,11212
103.837107,29.975535,-1,11213
104.144982,30.80613,-1,11214
104.312124,30.645864,-1,11215
104.059562,30.424792,-1,11216
103.465393,30.437815,59,11217
104.183008,30.710945,69,11218
104.428774,31.14991,293,11219
103.876263,30.4913,184,11220
104.269838,30.757028,-1,11221
104.584781,30.117636,-1,11222
103.678168,31.029642,72,11223
103.870768,31.045314,-1,11224
104.221562,30.638505,0,11225
103.746507,30.528789,-1,11226
104.234901,30.64693,5,11227
104.125493,30.769355,35,11228
104.474649,30.344789,324,11229
104.378349,30.282963,-1,11230
103.815847,30.633517,26,11231
104.522982,30.430112,149,11232
104.56688,30.387812,-1,11233
104.16509,30.658815,15,11234
103.674206,31.934311,-1,11235
103.95216,30.427856,133,11236
103.795062,30.679891,-1,11237
104.332268,30.355695,-1,11238
104.020796,29.139498,222,11239
103.883185,30.665843,152,11240
103.601077,31.064784,41,11241
104.135649,30.805836,112,11242
103.892731,30.447862,221,11243
104.106921,30.490813,172,11244
103.903928,31.002499,-1,11245
104.555643,30.175395,-1,11246
104.185437,30.684367,309,11247
103.976353,30.539895,-1,11248
103.677522,30.94986,219,11249
103.973723,30.651897,-1,11250
104.242676,30.651435,7,11251
103.460426,30.746929,132,11252
104.060101,30.493532,-1,11253
104.092896,30.582889,-1,11254
103.873821,30.417359,192,11255
104.081191,30.277421,-1,11256
104.160811,30.643685,317,11257
103.275824,29.593586,-1,11258
103.790922,30.820041,-1,11259
104.091028,30.462469,-1,11260
104.213926,30.651706,185,11261
104.489472,30.493698,23,11262
104.032246,30.738752,-1,11263
104.237588,30.652853,13,11264
103.908631,30.542141,9,11265
103.709573,30.394893,295,11266
104.660533,31.130929,179,11267
103.914808,30.630762,127,11268
104.670332,30.087818,21,11269
103.763033,30.599177,-1,11270
104.323725,30.644967,272,11271
103.009053,29.838602,-1,11272
104.263244,30.271341,-1,11273
103.728066,30.559143,-1,11274
104.125244,30.769645,35,11275
103.94355,30.498978,154,11276
103.960087,30.165511,330,11277
103.497492,30.568639,94,11278
103.956975,30.543831,-1,11279
103.73852,30.664704,-1,11280
104.12698,30.707215,-1,11281
103.89728,30.836249,280,11282
102.737617,29.428945,-1,11283
104.168935,30.741429,11,11284
103.937459,30.613355,30,11285
103.801768,31.165922,275,11286
104.120746,30.501938,249,11287
103.7042,30.70917,-1,11288
104.559674,30.436886,-1,11289
104.065681,30.445331,-1,11290
104.109141,30.505477,-1,11291
103.928294,30.698713,174,11292
103.505598,30.559109,49,11293
104.099489,30.467132,83,11294
104.521485,30.429659,149,11295
104.000649,30.763023,328,11296
103.497491,30.547281,-1,11297
103.493502,30.721476,-1,11298
104.312654,30.298601,303,11299
103.858068,31.065242,-1,11300
104.564189,30.387791,183,11301
104.003464,30.734809,52,11302
104.169193,30.532418,158,11303
104.49118,31.049603,-1,11304
104.242588,30.650969,7,11305
104.198146,30.582139,114,11306
104.449376,30.825647,-1,11307
104.072818,30.718764,103,11308
104.04244,30.19926,311,11309
103.945162,30.554933,-1,11310
103.662087,30.900044,-1,11311
103.836569,30.466116,-1,11312
104.377919,30.313233,308,11313
104.373171,30.94077,-1,11314
103.97033,30.650259,46,11315
103.806656,31.171425,155,11316
103.902274,30.658387,146,11317
103.50561,30.559093,49,11318
103.938061,30.614143,30,11319
103.828281,30.659313,-1,11320
104.022297,30.619442,-1,11321
103.70167,30.602571,2,11322
104.497205,30.772915,-1,11323
103.959748,30.517482,115,11324
104.170964,30.615286,165,11325
103.937459,30.613355,30,11326
104.49416,30.32569,-1,11327
104.177384,30.719016,79,11328
104.323302,30.644881,272,11329
104.237898,30.65317,13,11330
103.977949,30.688941,24,11331
104.177741,30.719135,79,11332
104.522793,30.430288,149,11333
104.071393,30.727978,19,11334
103.498097,30.550799,-1,11335
104.511847,31.17635,-1,11336
104.312502,30.298217,303,11337
104.565047,30.379101,-1,11338
103.914204,30.675614,201,11339
103.782572,29.44416,-1,11340
103.661336,30.961123,3,11341
104.43541,30.836076,-1,11342
103.497683,30.567306,-1,11343
103.923386,30.716622,18,11344
104.245479,30.553428,6,11345
104.242945,30.651102,7,11346
104.243162,30.645806,65,11347
104.477128,30.355126,-1,11348
103.92422,30.949778,98,11349
103.89881,30.615323,20,11350
103.859668,31.066655,-1,11351
104.573227,30.368356,-1,11352
103.922961,30.717084,18,11353
104.973683,29.870369,123,11354
104.220963,30.834957,-1,11355
103.883201,30.665809,152,11356
104.294721,29.659585,-1,11357
104.326468,30.86001,64,11358
104.314955,30.272453,-1,11359
103.743268,30.395662,-1,11360
104.236938,30.498298,-1,11361
103.682343,30.612831,-1,11362
103.916172,30.369047,42,11363
104.064327,30.492815,-1,11364
103.915121,30.3879,-1,11365
103.998719,30.756896,260,11366
103.959805,30.51757,115,11367
104.323661,30.645056,272,11368
103.825311,30.658064,-1,11369
104.414968,30.243832,141,11370
104.23531,30.64607,5,11371
104.088506,30.540548,-1,11372
104.202671,30.725977,63,11373
104.118687,30.757868,8,11374
103.818834,30.854903,-1,11375
104.398169,30.310043,-1,11376
103.958342,30.543486,-1,11377
103.658608,31.024136,-1,11378
104.302135,30.597722,-1,11379
103.857401,31.076891,-1,11380
104.13646,30.377792,-1,11381
103.696428,30.582655,-1,11382
104.757556,30.910823,-1,11383
103.952269,30.428256,133,11384
104.041345,30.338495,-1,11385
103.862838,30.350081,-1,11386
104.213402,30.583957,10,11387
104.095614,30.462956,-1,11388
103.182317,30.011281,-1,11389
104.235478,30.646604,5,11390
104.354321,30.435717,191,11391
103.697456,30.387167,-1,11392
103.843403,31.138298,-1,11393
104.118695,30.757226,8,11394
103.886649,30.528293,198,11395
104.056118,30.7634,245,11396
104.122985,30.442325,-1,11397
104.115553,30.593106,-1,11398
103.889395,30.817148,-1,11399
104.534005,30.404986,-1,11400
104.172811,30.660204,140,11401
104.000406,30.520343,77,11402
104.070761,30.726505,19,11403
102.202193,29.725583,-1,11404
104.488297,30.493256,23,11405
104.248938,30.772328,255,11406
104.061737,30.419032,95,11407
104.525683,30.649752,-1,11408
103.560321,30.548802,188,11409
103.687622,30.617143,-1,11410
103.915108,30.387877,-1,11411
103.968873,30.656903,-1,11412
103.967323,30.585975,251,11413
103.701631,30.602638,2,11414
104.556268,30.397818,-1,11415
104.056111,30.847931,88,11416
104.164368,30.658713,15,11417
104.31185,30.299272,303,11418
103.866736,30.312186,-1,11419
103.517563,30.750629,226,11420
103.857698,30.452169,-1,11421
104.660469,31.131045,179,11422
103.877698,30.554388,-1,11423
104.373604,30.952093,-1,11424
104.242577,30.650096,7,11425
104.491256,30.460757,-1,11426
104.070062,30.76861,28,11427
104.384544,30.301518,-1,11428
104.353834,30.435953,191,11429
104.218954,30.65524,55,11430
104.199043,30.51043,170,11431
104.116218,30.419094,-1,11432
103.701654,30.602501,2,11433
104.106067,30.575854,-1,11434
103.696717,30.656744,-1,11435
104.162634,30.556361,298,11436
104.24342,30.649768,7,11437
103.680781,30.94846,-1,11438
104.075589,30.735695,-1,11439
