cluster,longitude,latitude,count,original_clusters,original_sources,merged_from_count
0,104.11402538961038,30.57949561688312,154,"[0, 51, 56, 1, 15, 19, 178]","['truck_trajectory_clustering_results_20250725_203345.csv:0', 'truck_trajectory_clustering_results_20250725_204300.csv:51', 'truck_trajectory_clustering_results_20250725_205128.csv:56', 'truck_trajectory_clustering_results_20250725_210016.csv:1', 'truck_trajectory_clustering_results_20250725_211735.csv:15', 'truck_trajectory_clustering_results_20250725_212545.csv:19', 'truck_trajectory_clustering_results_20250725_213331.csv:178']",7
1,104.0873691904762,30.759407499999995,42,"[1, 167, 132]","['truck_trajectory_clustering_results_20250725_203345.csv:1', 'truck_trajectory_clustering_results_20250725_204300.csv:167', 'truck_trajectory_clustering_results_20250725_205128.csv:132']",3
2,103.97377564285713,30.800388785714283,42,"[2, 146, 28, 125]","['truck_trajectory_clustering_results_20250725_203345.csv:2', 'truck_trajectory_clustering_results_20250725_205128.csv:146', 'truck_trajectory_clustering_results_20250725_210852.csv:28', 'truck_trajectory_clustering_results_20250725_213331.csv:125']",4
3,103.70156645433255,30.60254399297424,427,"[3, 83, 35, 78, 19, 37, 11, 27, 2]","['truck_trajectory_clustering_results_20250725_203345.csv:3', 'truck_trajectory_clustering_results_20250725_204300.csv:83', 'truck_trajectory_clustering_results_20250725_205128.csv:35', 'truck_trajectory_clustering_results_20250725_210016.csv:78', 'truck_trajectory_clustering_results_20250725_210852.csv:19', 'truck_trajectory_clustering_results_20250725_211735.csv:37', 'truck_trajectory_clustering_results_20250725_212545.csv:11', 'truck_trajectory_clustering_results_20250725_213331.csv:27', 'truck_trajectory_clustering_results_20250725_213935.csv:2']",9
4,103.96947527480916,30.649572986641225,524,"[4, 8, 21, 93, 85, 185, 114, 155, 75, 134, 36, 43, 70, 105, 70, 118, 46, 58]","['truck_trajectory_clustering_results_20250725_203345.csv:4', 'truck_trajectory_clustering_results_20250725_203345.csv:8', 'truck_trajectory_clustering_results_20250725_204300.csv:21', 'truck_trajectory_clustering_results_20250725_204300.csv:93', 'truck_trajectory_clustering_results_20250725_205128.csv:85', 'truck_trajectory_clustering_results_20250725_205128.csv:185', 'truck_trajectory_clustering_results_20250725_210016.csv:114', 'truck_trajectory_clustering_results_20250725_210016.csv:155', 'truck_trajectory_clustering_results_20250725_210852.csv:75', 'truck_trajectory_clustering_results_20250725_210852.csv:134', 'truck_trajectory_clustering_results_20250725_211735.csv:36', 'truck_trajectory_clustering_results_20250725_211735.csv:43', 'truck_trajectory_clustering_results_20250725_212545.csv:70', 'truck_trajectory_clustering_results_20250725_212545.csv:105', 'truck_trajectory_clustering_results_20250725_213331.csv:70', 'truck_trajectory_clustering_results_20250725_213331.csv:118', 'truck_trajectory_clustering_results_20250725_213935.csv:46', 'truck_trajectory_clustering_results_20250725_213935.csv:58']",18
5,104.06980612765956,30.768512237588656,282,"[5, 146, 69, 71, 25, 114, 75, 119, 28]","['truck_trajectory_clustering_results_20250725_203345.csv:5', 'truck_trajectory_clustering_results_20250725_204300.csv:146', 'truck_trajectory_clustering_results_20250725_205128.csv:69', 'truck_trajectory_clustering_results_20250725_210016.csv:71', 'truck_trajectory_clustering_results_20250725_210852.csv:25', 'truck_trajectory_clustering_results_20250725_211735.csv:114', 'truck_trajectory_clustering_results_20250725_212545.csv:75', 'truck_trajectory_clustering_results_20250725_213331.csv:119', 'truck_trajectory_clustering_results_20250725_213935.csv:28']",9
6,103.91301821052632,30.6309135645933,209,"[6, 1, 60, 9, 47, 105, 96, 156, 275, 127, 182]","['truck_trajectory_clustering_results_20250725_203345.csv:6', 'truck_trajectory_clustering_results_20250725_204300.csv:1', 'truck_trajectory_clustering_results_20250725_205128.csv:60', 'truck_trajectory_clustering_results_20250725_210016.csv:9', 'truck_trajectory_clustering_results_20250725_210852.csv:47', 'truck_trajectory_clustering_results_20250725_211735.csv:105', 'truck_trajectory_clustering_results_20250725_212545.csv:96', 'truck_trajectory_clustering_results_20250725_213331.csv:156', 'truck_trajectory_clustering_results_20250725_213331.csv:275', 'truck_trajectory_clustering_results_20250725_213935.csv:127', 'truck_trajectory_clustering_results_20250725_213935.csv:182']",11
7,104.4890489017094,30.493646824786325,234,"[7, 65, 72, 122, 80, 137, 143, 174, 23]","['truck_trajectory_clustering_results_20250725_203345.csv:7', 'truck_trajectory_clustering_results_20250725_204300.csv:65', 'truck_trajectory_clustering_results_20250725_205128.csv:72', 'truck_trajectory_clustering_results_20250725_210016.csv:122', 'truck_trajectory_clustering_results_20250725_210852.csv:80', 'truck_trajectory_clustering_results_20250725_211735.csv:137', 'truck_trajectory_clustering_results_20250725_212545.csv:143', 'truck_trajectory_clustering_results_20250725_213331.csv:174', 'truck_trajectory_clustering_results_20250725_213935.csv:23']",9
8,103.46010848850574,30.747052252873566,174,"[9, 13, 5, 61, 270, 105, 31, 84, 236, 132]","['truck_trajectory_clustering_results_20250725_203345.csv:9', 'truck_trajectory_clustering_results_20250725_204300.csv:13', 'truck_trajectory_clustering_results_20250725_205128.csv:5', 'truck_trajectory_clustering_results_20250725_210016.csv:61', 'truck_trajectory_clustering_results_20250725_210016.csv:270', 'truck_trajectory_clustering_results_20250725_210852.csv:105', 'truck_trajectory_clustering_results_20250725_211735.csv:31', 'truck_trajectory_clustering_results_20250725_212545.csv:84', 'truck_trajectory_clustering_results_20250725_213331.csv:236', 'truck_trajectory_clustering_results_20250725_213935.csv:132']",10
9,104.09344776623377,30.58136151688312,385,"[10, 14, 67, 64, 56, 130, 14, 2, 92]","['truck_trajectory_clustering_results_20250725_203345.csv:10', 'truck_trajectory_clustering_results_20250725_204300.csv:14', 'truck_trajectory_clustering_results_20250725_205128.csv:67', 'truck_trajectory_clustering_results_20250725_210016.csv:64', 'truck_trajectory_clustering_results_20250725_210852.csv:56', 'truck_trajectory_clustering_results_20250725_211735.csv:130', 'truck_trajectory_clustering_results_20250725_212545.csv:14', 'truck_trajectory_clustering_results_20250725_213331.csv:2', 'truck_trajectory_clustering_results_20250725_213935.csv:92']",9
10,104.5660256724138,30.371400353448276,116,"[11, 32, 159, 176, 221, 92, 198, 246, 163]","['truck_trajectory_clustering_results_20250725_203345.csv:11', 'truck_trajectory_clustering_results_20250725_205128.csv:32', 'truck_trajectory_clustering_results_20250725_210016.csv:159', 'truck_trajectory_clustering_results_20250725_210852.csv:176', 'truck_trajectory_clustering_results_20250725_211735.csv:221', 'truck_trajectory_clustering_results_20250725_212545.csv:92', 'truck_trajectory_clustering_results_20250725_213331.csv:198', 'truck_trajectory_clustering_results_20250725_213331.csv:246', 'truck_trajectory_clustering_results_20250725_213935.csv:163']",9
11,104.24278369738865,30.650562049155145,651,"[12, 60, 9, 25, 39, 6, 80, 66, 7]","['truck_trajectory_clustering_results_20250725_203345.csv:12', 'truck_trajectory_clustering_results_20250725_204300.csv:60', 'truck_trajectory_clustering_results_20250725_205128.csv:9', 'truck_trajectory_clustering_results_20250725_210016.csv:25', 'truck_trajectory_clustering_results_20250725_210852.csv:39', 'truck_trajectory_clustering_results_20250725_211735.csv:6', 'truck_trajectory_clustering_results_20250725_212545.csv:80', 'truck_trajectory_clustering_results_20250725_213331.csv:66', 'truck_trajectory_clustering_results_20250725_213935.csv:7']",9
12,103.85023402985074,30.43744689552239,134,"[13, 161, 73, 94, 29, 44, 149, 86, 130, 153]","['truck_trajectory_clustering_results_20250725_203345.csv:13', 'truck_trajectory_clustering_results_20250725_205128.csv:161', 'truck_trajectory_clustering_results_20250725_210016.csv:73', 'truck_trajectory_clustering_results_20250725_210852.csv:94', 'truck_trajectory_clustering_results_20250725_211735.csv:29', 'truck_trajectory_clustering_results_20250725_212545.csv:44', 'truck_trajectory_clustering_results_20250725_212545.csv:149', 'truck_trajectory_clustering_results_20250725_213331.csv:86', 'truck_trajectory_clustering_results_20250725_213935.csv:130', 'truck_trajectory_clustering_results_20250725_213935.csv:153']",10
13,104.1835465394737,30.710591881578946,152,"[14, 39, 184, 147, 32, 133, 70, 95, 141, 69]","['truck_trajectory_clustering_results_20250725_203345.csv:14', 'truck_trajectory_clustering_results_20250725_204300.csv:39', 'truck_trajectory_clustering_results_20250725_204300.csv:184', 'truck_trajectory_clustering_results_20250725_205128.csv:147', 'truck_trajectory_clustering_results_20250725_210016.csv:32', 'truck_trajectory_clustering_results_20250725_210852.csv:133', 'truck_trajectory_clustering_results_20250725_211735.csv:70', 'truck_trajectory_clustering_results_20250725_212545.csv:95', 'truck_trajectory_clustering_results_20250725_213331.csv:141', 'truck_trajectory_clustering_results_20250725_213935.csv:69']",10
14,104.04417254545453,30.44605416804407,363,"[15, 86, 145, 41, 7, 33, 25, 101, 51]","['truck_trajectory_clustering_results_20250725_203345.csv:15', 'truck_trajectory_clustering_results_20250725_204300.csv:86', 'truck_trajectory_clustering_results_20250725_205128.csv:145', 'truck_trajectory_clustering_results_20250725_210016.csv:41', 'truck_trajectory_clustering_results_20250725_210852.csv:7', 'truck_trajectory_clustering_results_20250725_211735.csv:33', 'truck_trajectory_clustering_results_20250725_212545.csv:25', 'truck_trajectory_clustering_results_20250725_213331.csv:101', 'truck_trajectory_clustering_results_20250725_213935.csv:51']",9
15,104.33323437254901,30.644500784313724,102,"[16, 241, 229, 187, 247, 53, 32, 219, 216]","['truck_trajectory_clustering_results_20250725_203345.csv:16', 'truck_trajectory_clustering_results_20250725_203345.csv:241', 'truck_trajectory_clustering_results_20250725_204300.csv:229', 'truck_trajectory_clustering_results_20250725_205128.csv:187', 'truck_trajectory_clustering_results_20250725_205128.csv:247', 'truck_trajectory_clustering_results_20250725_210016.csv:53', 'truck_trajectory_clustering_results_20250725_210852.csv:32', 'truck_trajectory_clustering_results_20250725_211735.csv:219', 'truck_trajectory_clustering_results_20250725_213331.csv:216']",9
16,104.5733282051282,30.686779871794872,39,"[17, 224]","['truck_trajectory_clustering_results_20250725_203345.csv:17', 'truck_trajectory_clustering_results_20250725_204300.csv:224']",2
17,103.98844792079208,30.627720386138616,101,"[18, 140, 230, 145, 207, 128, 142, 325]","['truck_trajectory_clustering_results_20250725_203345.csv:18', 'truck_trajectory_clustering_results_20250725_204300.csv:140', 'truck_trajectory_clustering_results_20250725_205128.csv:230', 'truck_trajectory_clustering_results_20250725_210016.csv:145', 'truck_trajectory_clustering_results_20250725_210852.csv:207', 'truck_trajectory_clustering_results_20250725_211735.csv:128', 'truck_trajectory_clustering_results_20250725_213331.csv:142', 'truck_trajectory_clustering_results_20250725_213935.csv:325']",8
18,104.05331396153845,30.466219884615384,52,"[19, 78, 130, 142]","['truck_trajectory_clustering_results_20250725_203345.csv:19', 'truck_trajectory_clustering_results_20250725_204300.csv:78', 'truck_trajectory_clustering_results_20250725_210016.csv:130', 'truck_trajectory_clustering_results_20250725_211735.csv:142']",4
19,104.2215278567775,30.638818685422,391,"[20, 45, 98, 131, 33, 0, 14, 57, 108, 239, 10, 0, 282]","['truck_trajectory_clustering_results_20250725_203345.csv:20', 'truck_trajectory_clustering_results_20250725_203345.csv:45', 'truck_trajectory_clustering_results_20250725_204300.csv:98', 'truck_trajectory_clustering_results_20250725_204300.csv:131', 'truck_trajectory_clustering_results_20250725_205128.csv:33', 'truck_trajectory_clustering_results_20250725_210016.csv:0', 'truck_trajectory_clustering_results_20250725_210852.csv:14', 'truck_trajectory_clustering_results_20250725_211735.csv:57', 'truck_trajectory_clustering_results_20250725_212545.csv:108', 'truck_trajectory_clustering_results_20250725_212545.csv:239', 'truck_trajectory_clustering_results_20250725_213331.csv:10', 'truck_trajectory_clustering_results_20250725_213935.csv:0', 'truck_trajectory_clustering_results_20250725_213935.csv:282']",13
20,104.20314207773387,30.7260595085639,759,"[21, 37, 30, 55, 44, 41, 31, 33, 63]","['truck_trajectory_clustering_results_20250725_203345.csv:21', 'truck_trajectory_clustering_results_20250725_204300.csv:37', 'truck_trajectory_clustering_results_20250725_205128.csv:30', 'truck_trajectory_clustering_results_20250725_210016.csv:55', 'truck_trajectory_clustering_results_20250725_210852.csv:44', 'truck_trajectory_clustering_results_20250725_211735.csv:41', 'truck_trajectory_clustering_results_20250725_212545.csv:31', 'truck_trajectory_clustering_results_20250725_213331.csv:33', 'truck_trajectory_clustering_results_20250725_213935.csv:63']",9
21,104.18551116249998,30.684493962500007,80,"[22, 8, 29, 247, 253, 227, 309]","['truck_trajectory_clustering_results_20250725_203345.csv:22', 'truck_trajectory_clustering_results_20250725_210016.csv:8', 'truck_trajectory_clustering_results_20250725_210852.csv:29', 'truck_trajectory_clustering_results_20250725_211735.csv:247', 'truck_trajectory_clustering_results_20250725_212545.csv:253', 'truck_trajectory_clustering_results_20250725_213331.csv:227', 'truck_trajectory_clustering_results_20250725_213935.csv:309']",7
22,103.8025121076923,30.455447276923078,65,"[23, 207, 111, 112, 32]","['truck_trajectory_clustering_results_20250725_203345.csv:23', 'truck_trajectory_clustering_results_20250725_205128.csv:207', 'truck_trajectory_clustering_results_20250725_210852.csv:111', 'truck_trajectory_clustering_results_20250725_213331.csv:112', 'truck_trajectory_clustering_results_20250725_213935.csv:32']",5
23,103.90541840566037,30.810542660377354,106,"[24, 82, 181, 83, 193, 87, 200, 269]","['truck_trajectory_clustering_results_20250725_203345.csv:24', 'truck_trajectory_clustering_results_20250725_204300.csv:82', 'truck_trajectory_clustering_results_20250725_205128.csv:181', 'truck_trajectory_clustering_results_20250725_210852.csv:83', 'truck_trajectory_clustering_results_20250725_211735.csv:193', 'truck_trajectory_clustering_results_20250725_212545.csv:87', 'truck_trajectory_clustering_results_20250725_213331.csv:200', 'truck_trajectory_clustering_results_20250725_213935.csv:269']",8
24,104.17292250276242,30.48429729281768,181,"[25, 7, 174, 102, 70, 226, 244, 29, 66]","['truck_trajectory_clustering_results_20250725_203345.csv:25', 'truck_trajectory_clustering_results_20250725_204300.csv:7', 'truck_trajectory_clustering_results_20250725_205128.csv:174', 'truck_trajectory_clustering_results_20250725_210016.csv:102', 'truck_trajectory_clustering_results_20250725_210852.csv:70', 'truck_trajectory_clustering_results_20250725_211735.csv:226', 'truck_trajectory_clustering_results_20250725_212545.csv:244', 'truck_trajectory_clustering_results_20250725_213331.csv:29', 'truck_trajectory_clustering_results_20250725_213935.csv:66']",9
25,104.1968636,30.590151175,40,"[26, 277, 76, 169]","['truck_trajectory_clustering_results_20250725_203345.csv:26', 'truck_trajectory_clustering_results_20250725_211735.csv:277', 'truck_trajectory_clustering_results_20250725_213331.csv:76', 'truck_trajectory_clustering_results_20250725_213935.csv:169']",4
26,103.85923081818181,30.827532181818178,143,"[27, 211, 188, 203, 55, 86, 93, 53, 120]","['truck_trajectory_clustering_results_20250725_203345.csv:27', 'truck_trajectory_clustering_results_20250725_204300.csv:211', 'truck_trajectory_clustering_results_20250725_205128.csv:188', 'truck_trajectory_clustering_results_20250725_210016.csv:203', 'truck_trajectory_clustering_results_20250725_210852.csv:55', 'truck_trajectory_clustering_results_20250725_211735.csv:86', 'truck_trajectory_clustering_results_20250725_212545.csv:93', 'truck_trajectory_clustering_results_20250725_213331.csv:53', 'truck_trajectory_clustering_results_20250725_213935.csv:120']",9
27,103.66127263214285,30.96116708928571,280,"[28, 144, 2, 77, 63, 200, 41, 97, 3]","['truck_trajectory_clustering_results_20250725_203345.csv:28', 'truck_trajectory_clustering_results_20250725_204300.csv:144', 'truck_trajectory_clustering_results_20250725_205128.csv:2', 'truck_trajectory_clustering_results_20250725_210016.csv:77', 'truck_trajectory_clustering_results_20250725_210852.csv:63', 'truck_trajectory_clustering_results_20250725_211735.csv:200', 'truck_trajectory_clustering_results_20250725_212545.csv:41', 'truck_trajectory_clustering_results_20250725_213331.csv:97', 'truck_trajectory_clustering_results_20250725_213935.csv:3']",9
28,104.166098,30.628436599999997,10,[29],['truck_trajectory_clustering_results_20250725_203345.csv:29'],1
29,104.11300262834223,30.752208248663102,374,"[30, 208, 69, 121, 70, 116, 39, 113, 153, 153, 210, 38, 235, 256, 238, 241]","['truck_trajectory_clustering_results_20250725_203345.csv:30', 'truck_trajectory_clustering_results_20250725_203345.csv:208', 'truck_trajectory_clustering_results_20250725_204300.csv:69', 'truck_trajectory_clustering_results_20250725_204300.csv:121', 'truck_trajectory_clustering_results_20250725_205128.csv:70', 'truck_trajectory_clustering_results_20250725_205128.csv:116', 'truck_trajectory_clustering_results_20250725_210016.csv:39', 'truck_trajectory_clustering_results_20250725_210852.csv:113', 'truck_trajectory_clustering_results_20250725_210852.csv:153', 'truck_trajectory_clustering_results_20250725_211735.csv:153', 'truck_trajectory_clustering_results_20250725_211735.csv:210', 'truck_trajectory_clustering_results_20250725_212545.csv:38', 'truck_trajectory_clustering_results_20250725_213331.csv:235', 'truck_trajectory_clustering_results_20250725_213331.csv:256', 'truck_trajectory_clustering_results_20250725_213935.csv:238', 'truck_trajectory_clustering_results_20250725_213935.csv:241']",16
30,104.05476852325582,30.45733572093023,86,"[31, 189, 217, 138, 265, 204]","['truck_trajectory_clustering_results_20250725_203345.csv:31', 'truck_trajectory_clustering_results_20250725_204300.csv:189', 'truck_trajectory_clustering_results_20250725_205128.csv:217', 'truck_trajectory_clustering_results_20250725_210016.csv:138', 'truck_trajectory_clustering_results_20250725_210852.csv:265', 'truck_trajectory_clustering_results_20250725_212545.csv:204']",6
31,104.13506198529412,30.805922066176475,136,"[32, 127, 235, 132, 156, 30, 169, 85, 112]","['truck_trajectory_clustering_results_20250725_203345.csv:32', 'truck_trajectory_clustering_results_20250725_204300.csv:127', 'truck_trajectory_clustering_results_20250725_205128.csv:235', 'truck_trajectory_clustering_results_20250725_210016.csv:132', 'truck_trajectory_clustering_results_20250725_210852.csv:156', 'truck_trajectory_clustering_results_20250725_211735.csv:30', 'truck_trajectory_clustering_results_20250725_212545.csv:169', 'truck_trajectory_clustering_results_20250725_213331.csv:85', 'truck_trajectory_clustering_results_20250725_213935.csv:112']",9
32,103.95690332558138,30.723975000000003,43,"[33, 252, 27, 280]","['truck_trajectory_clustering_results_20250725_203345.csv:33', 'truck_trajectory_clustering_results_20250725_205128.csv:252', 'truck_trajectory_clustering_results_20250725_210016.csv:27', 'truck_trajectory_clustering_results_20250725_213331.csv:280']",4
33,104.17873965760869,30.782923722826087,184,"[34, 119, 166, 207, 107, 28, 85, 260, 14]","['truck_trajectory_clustering_results_20250725_203345.csv:34', 'truck_trajectory_clustering_results_20250725_204300.csv:119', 'truck_trajectory_clustering_results_20250725_205128.csv:166', 'truck_trajectory_clustering_results_20250725_210016.csv:207', 'truck_trajectory_clustering_results_20250725_210852.csv:107', 'truck_trajectory_clustering_results_20250725_211735.csv:28', 'truck_trajectory_clustering_results_20250725_212545.csv:85', 'truck_trajectory_clustering_results_20250725_213331.csv:260', 'truck_trajectory_clustering_results_20250725_213935.csv:14']",9
34,104.235423880226,30.646510957062144,885,"[35, 23, 4, 24, 13, 2, 49, 87, 5]","['truck_trajectory_clustering_results_20250725_203345.csv:35', 'truck_trajectory_clustering_results_20250725_204300.csv:23', 'truck_trajectory_clustering_results_20250725_205128.csv:4', 'truck_trajectory_clustering_results_20250725_210016.csv:24', 'truck_trajectory_clustering_results_20250725_210852.csv:13', 'truck_trajectory_clustering_results_20250725_211735.csv:2', 'truck_trajectory_clustering_results_20250725_212545.csv:49', 'truck_trajectory_clustering_results_20250725_213331.csv:87', 'truck_trajectory_clustering_results_20250725_213935.csv:5']",9
35,103.71904592307692,30.593644,13,[36],['truck_trajectory_clustering_results_20250725_203345.csv:36'],1
36,103.89653706060605,30.666402822510822,231,"[37, 36, 49, 34, 40, 195, 202, 144, 207]","['truck_trajectory_clustering_results_20250725_203345.csv:37', 'truck_trajectory_clustering_results_20250725_204300.csv:36', 'truck_trajectory_clustering_results_20250725_205128.csv:49', 'truck_trajectory_clustering_results_20250725_210016.csv:34', 'truck_trajectory_clustering_results_20250725_210852.csv:40', 'truck_trajectory_clustering_results_20250725_211735.csv:195', 'truck_trajectory_clustering_results_20250725_212545.csv:202', 'truck_trajectory_clustering_results_20250725_213331.csv:144', 'truck_trajectory_clustering_results_20250725_213935.csv:207']",9
37,104.09599668027212,30.541071605442177,147,"[38, 249, 169, 18, 101, 244, 135, 21, 145, 107, 297]","['truck_trajectory_clustering_results_20250725_203345.csv:38', 'truck_trajectory_clustering_results_20250725_203345.csv:249', 'truck_trajectory_clustering_results_20250725_204300.csv:169', 'truck_trajectory_clustering_results_20250725_210016.csv:18', 'truck_trajectory_clustering_results_20250725_210852.csv:101', 'truck_trajectory_clustering_results_20250725_211735.csv:244', 'truck_trajectory_clustering_results_20250725_212545.csv:135', 'truck_trajectory_clustering_results_20250725_213331.csv:21', 'truck_trajectory_clustering_results_20250725_213331.csv:145', 'truck_trajectory_clustering_results_20250725_213935.csv:107', 'truck_trajectory_clustering_results_20250725_213935.csv:297']",11
38,103.93802987534887,30.614445674418597,1075,"[39, 136, 213, 47, 55, 88, 191, 29, 65, 40, 104, 106, 10, 72, 85, 130, 77, 96, 170, 218, 9, 12, 26, 213, 49, 114, 160, 197, 30, 96, 234]","['truck_trajectory_clustering_results_20250725_203345.csv:39', 'truck_trajectory_clustering_results_20250725_203345.csv:136', 'truck_trajectory_clustering_results_20250725_203345.csv:213', 'truck_trajectory_clustering_results_20250725_204300.csv:47', 'truck_trajectory_clustering_results_20250725_204300.csv:55', 'truck_trajectory_clustering_results_20250725_204300.csv:88', 'truck_trajectory_clustering_results_20250725_204300.csv:191', 'truck_trajectory_clustering_results_20250725_205128.csv:29', 'truck_trajectory_clustering_results_20250725_205128.csv:65', 'truck_trajectory_clustering_results_20250725_210016.csv:40', 'truck_trajectory_clustering_results_20250725_210016.csv:104', 'truck_trajectory_clustering_results_20250725_210016.csv:106', 'truck_trajectory_clustering_results_20250725_210852.csv:10', 'truck_trajectory_clustering_results_20250725_210852.csv:72', 'truck_trajectory_clustering_results_20250725_210852.csv:85', 'truck_trajectory_clustering_results_20250725_210852.csv:130', 'truck_trajectory_clustering_results_20250725_211735.csv:77', 'truck_trajectory_clustering_results_20250725_211735.csv:96', 'truck_trajectory_clustering_results_20250725_211735.csv:170', 'truck_trajectory_clustering_results_20250725_211735.csv:218', 'truck_trajectory_clustering_results_20250725_212545.csv:9', 'truck_trajectory_clustering_results_20250725_212545.csv:12', 'truck_trajectory_clustering_results_20250725_212545.csv:26', 'truck_trajectory_clustering_results_20250725_212545.csv:213', 'truck_trajectory_clustering_results_20250725_213331.csv:49', 'truck_trajectory_clustering_results_20250725_213331.csv:114', 'truck_trajectory_clustering_results_20250725_213331.csv:160', 'truck_trajectory_clustering_results_20250725_213331.csv:197', 'truck_trajectory_clustering_results_20250725_213935.csv:30', 'truck_trajectory_clustering_results_20250725_213935.csv:96', 'truck_trajectory_clustering_results_20250725_213935.csv:234']",31
39,103.91726386666666,30.683909044444444,315,"[40, 19, 94, 178, 157, 107, 28, 124, 147]","['truck_trajectory_clustering_results_20250725_203345.csv:40', 'truck_trajectory_clustering_results_20250725_204300.csv:19', 'truck_trajectory_clustering_results_20250725_205128.csv:94', 'truck_trajectory_clustering_results_20250725_210016.csv:178', 'truck_trajectory_clustering_results_20250725_210852.csv:157', 'truck_trajectory_clustering_results_20250725_211735.csv:107', 'truck_trajectory_clustering_results_20250725_212545.csv:28', 'truck_trajectory_clustering_results_20250725_213331.csv:124', 'truck_trajectory_clustering_results_20250725_213935.csv:147']",9
40,103.85094278888889,30.82035911111111,90,"[41, 252, 96, 185, 187, 3, 12, 43]","['truck_trajectory_clustering_results_20250725_203345.csv:41', 'truck_trajectory_clustering_results_20250725_204300.csv:252', 'truck_trajectory_clustering_results_20250725_205128.csv:96', 'truck_trajectory_clustering_results_20250725_210016.csv:185', 'truck_trajectory_clustering_results_20250725_210852.csv:187', 'truck_trajectory_clustering_results_20250725_212545.csv:3', 'truck_trajectory_clustering_results_20250725_213331.csv:12', 'truck_trajectory_clustering_results_20250725_213935.csv:43']",8
41,104.13853041935484,30.6108025483871,62,"[42, 170, 237, 132, 113]","['truck_trajectory_clustering_results_20250725_203345.csv:42', 'truck_trajectory_clustering_results_20250725_205128.csv:170', 'truck_trajectory_clustering_results_20250725_210016.csv:237', 'truck_trajectory_clustering_results_20250725_213331.csv:132', 'truck_trajectory_clustering_results_20250725_213935.csv:113']",5
42,104.50925768867924,30.35358016509434,212,"[43, 151, 134, 197, 94, 114, 34, 156, 180, 36, 262, 300]","['truck_trajectory_clustering_results_20250725_203345.csv:43', 'truck_trajectory_clustering_results_20250725_204300.csv:151', 'truck_trajectory_clustering_results_20250725_205128.csv:134', 'truck_trajectory_clustering_results_20250725_205128.csv:197', 'truck_trajectory_clustering_results_20250725_210016.csv:94', 'truck_trajectory_clustering_results_20250725_210852.csv:114', 'truck_trajectory_clustering_results_20250725_211735.csv:34', 'truck_trajectory_clustering_results_20250725_211735.csv:156', 'truck_trajectory_clustering_results_20250725_212545.csv:180', 'truck_trajectory_clustering_results_20250725_213331.csv:36', 'truck_trajectory_clustering_results_20250725_213935.csv:262', 'truck_trajectory_clustering_results_20250725_213935.csv:300']",12
43,103.93572783682008,30.905507175732215,478,"[44, 59, 83, 113, 96, 71, 66, 150, 62]","['truck_trajectory_clustering_results_20250725_203345.csv:44', 'truck_trajectory_clustering_results_20250725_204300.csv:59', 'truck_trajectory_clustering_results_20250725_205128.csv:83', 'truck_trajectory_clustering_results_20250725_210016.csv:113', 'truck_trajectory_clustering_results_20250725_210852.csv:96', 'truck_trajectory_clustering_results_20250725_211735.csv:71', 'truck_trajectory_clustering_results_20250725_212545.csv:66', 'truck_trajectory_clustering_results_20250725_213331.csv:150', 'truck_trajectory_clustering_results_20250725_213935.csv:62']",9
44,104.31939871586715,30.27693305904059,271,"[46, 45, 120, 165, 206, 194, 234, 246, 258, 233, 224, 188, 105]","['truck_trajectory_clustering_results_20250725_203345.csv:46', 'truck_trajectory_clustering_results_20250725_204300.csv:45', 'truck_trajectory_clustering_results_20250725_205128.csv:120', 'truck_trajectory_clustering_results_20250725_205128.csv:165', 'truck_trajectory_clustering_results_20250725_205128.csv:206', 'truck_trajectory_clustering_results_20250725_210016.csv:194', 'truck_trajectory_clustering_results_20250725_210852.csv:234', 'truck_trajectory_clustering_results_20250725_210852.csv:246', 'truck_trajectory_clustering_results_20250725_210852.csv:258', 'truck_trajectory_clustering_results_20250725_211735.csv:233', 'truck_trajectory_clustering_results_20250725_212545.csv:224', 'truck_trajectory_clustering_results_20250725_213331.csv:188', 'truck_trajectory_clustering_results_20250725_213935.csv:105']",13
45,104.05078728215769,30.47619656016597,241,"[47, 226, 58, 90, 45, 90, 201, 208, 73, 174, 125, 75, 45]","['truck_trajectory_clustering_results_20250725_203345.csv:47', 'truck_trajectory_clustering_results_20250725_203345.csv:226', 'truck_trajectory_clustering_results_20250725_204300.csv:58', 'truck_trajectory_clustering_results_20250725_204300.csv:90', 'truck_trajectory_clustering_results_20250725_205128.csv:45', 'truck_trajectory_clustering_results_20250725_205128.csv:90', 'truck_trajectory_clustering_results_20250725_210016.csv:201', 'truck_trajectory_clustering_results_20250725_210852.csv:208', 'truck_trajectory_clustering_results_20250725_211735.csv:73', 'truck_trajectory_clustering_results_20250725_211735.csv:174', 'truck_trajectory_clustering_results_20250725_212545.csv:125', 'truck_trajectory_clustering_results_20250725_213331.csv:75', 'truck_trajectory_clustering_results_20250725_213935.csv:45']",13
46,104.03947429310345,30.22566625862069,58,"[48, 97, 93, 179]","['truck_trajectory_clustering_results_20250725_203345.csv:48', 'truck_trajectory_clustering_results_20250725_205128.csv:97', 'truck_trajectory_clustering_results_20250725_210016.csv:93', 'truck_trajectory_clustering_results_20250725_210852.csv:179']",4
47,104.04116329824562,30.593399140350876,171,"[49, 107, 195, 51, 42, 35, 170, 199, 81]","['truck_trajectory_clustering_results_20250725_203345.csv:49', 'truck_trajectory_clustering_results_20250725_204300.csv:107', 'truck_trajectory_clustering_results_20250725_205128.csv:195', 'truck_trajectory_clustering_results_20250725_210016.csv:51', 'truck_trajectory_clustering_results_20250725_210852.csv:42', 'truck_trajectory_clustering_results_20250725_211735.csv:35', 'truck_trajectory_clustering_results_20250725_212545.csv:170', 'truck_trajectory_clustering_results_20250725_213331.csv:199', 'truck_trajectory_clustering_results_20250725_213935.csv:81']",9
48,103.9815059952381,30.785177909523807,210,"[50, 117, 14, 43, 180, 54, 86, 43, 121]","['truck_trajectory_clustering_results_20250725_203345.csv:50', 'truck_trajectory_clustering_results_20250725_204300.csv:117', 'truck_trajectory_clustering_results_20250725_205128.csv:14', 'truck_trajectory_clustering_results_20250725_210016.csv:43', 'truck_trajectory_clustering_results_20250725_210852.csv:180', 'truck_trajectory_clustering_results_20250725_211735.csv:54', 'truck_trajectory_clustering_results_20250725_212545.csv:86', 'truck_trajectory_clustering_results_20250725_213331.csv:43', 'truck_trajectory_clustering_results_20250725_213935.csv:121']",9
49,104.22425221666666,30.708133083333337,60,"[51, 209, 125, 22, 217]","['truck_trajectory_clustering_results_20250725_203345.csv:51', 'truck_trajectory_clustering_results_20250725_203345.csv:209', 'truck_trajectory_clustering_results_20250725_204300.csv:125', 'truck_trajectory_clustering_results_20250725_211735.csv:22', 'truck_trajectory_clustering_results_20250725_212545.csv:217']",5
50,103.65474015686273,30.926404934640516,153,"[52, 259, 37, 72, 31, 154, 79, 111, 50]","['truck_trajectory_clustering_results_20250725_203345.csv:52', 'truck_trajectory_clustering_results_20250725_204300.csv:259', 'truck_trajectory_clustering_results_20250725_205128.csv:37', 'truck_trajectory_clustering_results_20250725_210016.csv:72', 'truck_trajectory_clustering_results_20250725_210852.csv:31', 'truck_trajectory_clustering_results_20250725_211735.csv:154', 'truck_trajectory_clustering_results_20250725_212545.csv:79', 'truck_trajectory_clustering_results_20250725_213331.csv:111', 'truck_trajectory_clustering_results_20250725_213935.csv:50']",9
51,104.26363871428572,29.942342142857147,35,"[53, 233]","['truck_trajectory_clustering_results_20250725_203345.csv:53', 'truck_trajectory_clustering_results_20250725_205128.csv:233']",2
52,104.1648274726477,30.65872395623632,457,"[54, 15, 176, 62, 189, 26, 74, 71, 15]","['truck_trajectory_clustering_results_20250725_203345.csv:54', 'truck_trajectory_clustering_results_20250725_204300.csv:15', 'truck_trajectory_clustering_results_20250725_205128.csv:176', 'truck_trajectory_clustering_results_20250725_210016.csv:62', 'truck_trajectory_clustering_results_20250725_210852.csv:189', 'truck_trajectory_clustering_results_20250725_211735.csv:26', 'truck_trajectory_clustering_results_20250725_212545.csv:74', 'truck_trajectory_clustering_results_20250725_213331.csv:71', 'truck_trajectory_clustering_results_20250725_213935.csv:15']",9
53,104.22393168918919,30.566425560810817,148,"[55, 18, 175, 19, 9, 50, 21, 183, 157]","['truck_trajectory_clustering_results_20250725_203345.csv:55', 'truck_trajectory_clustering_results_20250725_204300.csv:18', 'truck_trajectory_clustering_results_20250725_205128.csv:175', 'truck_trajectory_clustering_results_20250725_210016.csv:19', 'truck_trajectory_clustering_results_20250725_210852.csv:9', 'truck_trajectory_clustering_results_20250725_211735.csv:50', 'truck_trajectory_clustering_results_20250725_212545.csv:21', 'truck_trajectory_clustering_results_20250725_213331.csv:183', 'truck_trajectory_clustering_results_20250725_213935.csv:157']",9
54,103.89985592857143,30.835308953416153,322,"[56, 173, 52, 54, 102, 169, 20, 76, 146, 76, 89, 146, 9, 35, 90, 280]","['truck_trajectory_clustering_results_20250725_203345.csv:56', 'truck_trajectory_clustering_results_20250725_203345.csv:173', 'truck_trajectory_clustering_results_20250725_204300.csv:52', 'truck_trajectory_clustering_results_20250725_204300.csv:54', 'truck_trajectory_clustering_results_20250725_205128.csv:102', 'truck_trajectory_clustering_results_20250725_205128.csv:169', 'truck_trajectory_clustering_results_20250725_210016.csv:20', 'truck_trajectory_clustering_results_20250725_210016.csv:76', 'truck_trajectory_clustering_results_20250725_210852.csv:146', 'truck_trajectory_clustering_results_20250725_211735.csv:76', 'truck_trajectory_clustering_results_20250725_212545.csv:89', 'truck_trajectory_clustering_results_20250725_212545.csv:146', 'truck_trajectory_clustering_results_20250725_213331.csv:9', 'truck_trajectory_clustering_results_20250725_213331.csv:35', 'truck_trajectory_clustering_results_20250725_213935.csv:90', 'truck_trajectory_clustering_results_20250725_213935.csv:280']",16
55,104.32650326860843,30.860194233009707,309,"[57, 66, 38, 126, 137, 61, 155, 54, 64]","['truck_trajectory_clustering_results_20250725_203345.csv:57', 'truck_trajectory_clustering_results_20250725_204300.csv:66', 'truck_trajectory_clustering_results_20250725_205128.csv:38', 'truck_trajectory_clustering_results_20250725_210016.csv:126', 'truck_trajectory_clustering_results_20250725_210852.csv:137', 'truck_trajectory_clustering_results_20250725_211735.csv:61', 'truck_trajectory_clustering_results_20250725_212545.csv:155', 'truck_trajectory_clustering_results_20250725_213331.csv:54', 'truck_trajectory_clustering_results_20250725_213935.csv:64']",9
56,103.92318452320674,30.716974940928267,237,"[58, 132, 13, 80, 126, 116, 154, 172, 18]","['truck_trajectory_clustering_results_20250725_203345.csv:58', 'truck_trajectory_clustering_results_20250725_204300.csv:132', 'truck_trajectory_clustering_results_20250725_205128.csv:13', 'truck_trajectory_clustering_results_20250725_210016.csv:80', 'truck_trajectory_clustering_results_20250725_210852.csv:126', 'truck_trajectory_clustering_results_20250725_211735.csv:116', 'truck_trajectory_clustering_results_20250725_212545.csv:154', 'truck_trajectory_clustering_results_20250725_213331.csv:172', 'truck_trajectory_clustering_results_20250725_213935.csv:18']",9
57,104.17658267954546,30.717575086363638,440,"[59, 120, 9, 194, 53, 121, 17, 153, 21, 67, 10, 52, 23, 53, 61, 103, 36, 79]","['truck_trajectory_clustering_results_20250725_203345.csv:59', 'truck_trajectory_clustering_results_20250725_203345.csv:120', 'truck_trajectory_clustering_results_20250725_204300.csv:9', 'truck_trajectory_clustering_results_20250725_204300.csv:194', 'truck_trajectory_clustering_results_20250725_205128.csv:53', 'truck_trajectory_clustering_results_20250725_205128.csv:121', 'truck_trajectory_clustering_results_20250725_210016.csv:17', 'truck_trajectory_clustering_results_20250725_210016.csv:153', 'truck_trajectory_clustering_results_20250725_210852.csv:21', 'truck_trajectory_clustering_results_20250725_210852.csv:67', 'truck_trajectory_clustering_results_20250725_211735.csv:10', 'truck_trajectory_clustering_results_20250725_211735.csv:52', 'truck_trajectory_clustering_results_20250725_212545.csv:23', 'truck_trajectory_clustering_results_20250725_212545.csv:53', 'truck_trajectory_clustering_results_20250725_213331.csv:61', 'truck_trajectory_clustering_results_20250725_213331.csv:103', 'truck_trajectory_clustering_results_20250725_213935.csv:36', 'truck_trajectory_clustering_results_20250725_213935.csv:79']",18
58,104.16155698773007,30.5997005398773,163,"[60, 103, 7, 235, 91, 185, 144, 264, 167]","['truck_trajectory_clustering_results_20250725_203345.csv:60', 'truck_trajectory_clustering_results_20250725_204300.csv:103', 'truck_trajectory_clustering_results_20250725_205128.csv:7', 'truck_trajectory_clustering_results_20250725_210016.csv:235', 'truck_trajectory_clustering_results_20250725_210852.csv:91', 'truck_trajectory_clustering_results_20250725_211735.csv:185', 'truck_trajectory_clustering_results_20250725_212545.csv:144', 'truck_trajectory_clustering_results_20250725_213331.csv:264', 'truck_trajectory_clustering_results_20250725_213935.csv:167']",9
59,104.97341914450865,29.870890005780346,173,"[61, 122, 103, 50, 213, 39, 23, 123]","['truck_trajectory_clustering_results_20250725_203345.csv:61', 'truck_trajectory_clustering_results_20250725_204300.csv:122', 'truck_trajectory_clustering_results_20250725_205128.csv:103', 'truck_trajectory_clustering_results_20250725_210016.csv:50', 'truck_trajectory_clustering_results_20250725_210852.csv:213', 'truck_trajectory_clustering_results_20250725_212545.csv:39', 'truck_trajectory_clustering_results_20250725_213331.csv:23', 'truck_trajectory_clustering_results_20250725_213935.csv:123']",8
60,104.22533313679246,30.79309671226415,424,"[62, 95, 46, 159, 52, 101, 8, 45, 164, 15, 57, 11, 38, 53]","['truck_trajectory_clustering_results_20250725_203345.csv:62', 'truck_trajectory_clustering_results_20250725_203345.csv:95', 'truck_trajectory_clustering_results_20250725_204300.csv:46', 'truck_trajectory_clustering_results_20250725_204300.csv:159', 'truck_trajectory_clustering_results_20250725_205128.csv:52', 'truck_trajectory_clustering_results_20250725_210016.csv:101', 'truck_trajectory_clustering_results_20250725_210852.csv:8', 'truck_trajectory_clustering_results_20250725_211735.csv:45', 'truck_trajectory_clustering_results_20250725_211735.csv:164', 'truck_trajectory_clustering_results_20250725_212545.csv:15', 'truck_trajectory_clustering_results_20250725_212545.csv:57', 'truck_trajectory_clustering_results_20250725_213331.csv:11', 'truck_trajectory_clustering_results_20250725_213331.csv:38', 'truck_trajectory_clustering_results_20250725_213935.csv:53']",14
61,104.29759822222223,31.035004611111113,18,"[63, 188]","['truck_trajectory_clustering_results_20250725_203345.csv:63', 'truck_trajectory_clustering_results_20250725_210016.csv:188']",2
62,104.371945671875,30.864348656249998,64,"[64, 81, 158, 48, 209, 56]","['truck_trajectory_clustering_results_20250725_203345.csv:64', 'truck_trajectory_clustering_results_20250725_210016.csv:81', 'truck_trajectory_clustering_results_20250725_210852.csv:158', 'truck_trajectory_clustering_results_20250725_212545.csv:48', 'truck_trajectory_clustering_results_20250725_213331.csv:209', 'truck_trajectory_clustering_results_20250725_213935.csv:56']",6
63,103.81403029818779,30.632759212520586,607,"[65, 34, 51, 213, 7, 59, 225, 227, 24, 34, 56, 185, 26]","['truck_trajectory_clustering_results_20250725_203345.csv:65', 'truck_trajectory_clustering_results_20250725_204300.csv:34', 'truck_trajectory_clustering_results_20250725_205128.csv:51', 'truck_trajectory_clustering_results_20250725_205128.csv:213', 'truck_trajectory_clustering_results_20250725_210016.csv:7', 'truck_trajectory_clustering_results_20250725_210852.csv:59', 'truck_trajectory_clustering_results_20250725_210852.csv:225', 'truck_trajectory_clustering_results_20250725_210852.csv:227', 'truck_trajectory_clustering_results_20250725_211735.csv:24', 'truck_trajectory_clustering_results_20250725_212545.csv:34', 'truck_trajectory_clustering_results_20250725_213331.csv:56', 'truck_trajectory_clustering_results_20250725_213331.csv:185', 'truck_trajectory_clustering_results_20250725_213935.csv:26']",13
64,104.06129056589147,30.418768961240307,129,"[66, 49, 84, 236, 26, 12, 281, 257, 8, 95]","['truck_trajectory_clustering_results_20250725_203345.csv:66', 'truck_trajectory_clustering_results_20250725_204300.csv:49', 'truck_trajectory_clustering_results_20250725_204300.csv:84', 'truck_trajectory_clustering_results_20250725_205128.csv:236', 'truck_trajectory_clustering_results_20250725_210016.csv:26', 'truck_trajectory_clustering_results_20250725_210852.csv:12', 'truck_trajectory_clustering_results_20250725_211735.csv:281', 'truck_trajectory_clustering_results_20250725_212545.csv:257', 'truck_trajectory_clustering_results_20250725_213331.csv:8', 'truck_trajectory_clustering_results_20250725_213935.csv:95']",10
65,103.88346452059925,30.66592425468165,267,"[67, 139, 55, 219, 209, 112, 153, 109, 152]","['truck_trajectory_clustering_results_20250725_203345.csv:67', 'truck_trajectory_clustering_results_20250725_204300.csv:139', 'truck_trajectory_clustering_results_20250725_205128.csv:55', 'truck_trajectory_clustering_results_20250725_210016.csv:219', 'truck_trajectory_clustering_results_20250725_210852.csv:209', 'truck_trajectory_clustering_results_20250725_211735.csv:112', 'truck_trajectory_clustering_results_20250725_212545.csv:153', 'truck_trajectory_clustering_results_20250725_213331.csv:109', 'truck_trajectory_clustering_results_20250725_213935.csv:152']",9
66,104.03766393877551,30.659509428571425,49,"[68, 75, 162, 193]","['truck_trajectory_clustering_results_20250725_203345.csv:68', 'truck_trajectory_clustering_results_20250725_204300.csv:75', 'truck_trajectory_clustering_results_20250725_210016.csv:162', 'truck_trajectory_clustering_results_20250725_210852.csv:193']",4
67,104.00748370404983,30.5916172305296,321,"[69, 141, 29, 208, 43, 106, 33, 156, 211, 232, 72, 80, 101, 168, 95, 173, 37, 142, 144]","['truck_trajectory_clustering_results_20250725_203345.csv:69', 'truck_trajectory_clustering_results_20250725_203345.csv:141', 'truck_trajectory_clustering_results_20250725_204300.csv:29', 'truck_trajectory_clustering_results_20250725_204300.csv:208', 'truck_trajectory_clustering_results_20250725_205128.csv:43', 'truck_trajectory_clustering_results_20250725_205128.csv:106', 'truck_trajectory_clustering_results_20250725_210016.csv:33', 'truck_trajectory_clustering_results_20250725_210016.csv:156', 'truck_trajectory_clustering_results_20250725_210852.csv:211', 'truck_trajectory_clustering_results_20250725_210852.csv:232', 'truck_trajectory_clustering_results_20250725_211735.csv:72', 'truck_trajectory_clustering_results_20250725_211735.csv:80', 'truck_trajectory_clustering_results_20250725_212545.csv:101', 'truck_trajectory_clustering_results_20250725_212545.csv:168', 'truck_trajectory_clustering_results_20250725_213331.csv:95', 'truck_trajectory_clustering_results_20250725_213331.csv:173', 'truck_trajectory_clustering_results_20250725_213935.csv:37', 'truck_trajectory_clustering_results_20250725_213935.csv:142', 'truck_trajectory_clustering_results_20250725_213935.csv:144']",19
68,104.80410751048952,30.152374272727275,143,"[70, 25, 64, 205, 100, 21, 187]","['truck_trajectory_clustering_results_20250725_203345.csv:70', 'truck_trajectory_clustering_results_20250725_204300.csv:25', 'truck_trajectory_clustering_results_20250725_205128.csv:64', 'truck_trajectory_clustering_results_20250725_210016.csv:205', 'truck_trajectory_clustering_results_20250725_210852.csv:100', 'truck_trajectory_clustering_results_20250725_211735.csv:21', 'truck_trajectory_clustering_results_20250725_212545.csv:187']",7
69,103.86136108415842,30.803989534653457,202,"[71, 204, 131, 111, 90, 157, 60, 176, 212]","['truck_trajectory_clustering_results_20250725_203345.csv:71', 'truck_trajectory_clustering_results_20250725_204300.csv:204', 'truck_trajectory_clustering_results_20250725_205128.csv:131', 'truck_trajectory_clustering_results_20250725_210016.csv:111', 'truck_trajectory_clustering_results_20250725_210852.csv:90', 'truck_trajectory_clustering_results_20250725_211735.csv:157', 'truck_trajectory_clustering_results_20250725_212545.csv:60', 'truck_trajectory_clustering_results_20250725_213331.csv:176', 'truck_trajectory_clustering_results_20250725_213935.csv:212']",9
70,103.8929578125,30.447482162500002,80,"[72, 56, 161, 220, 261, 221]","['truck_trajectory_clustering_results_20250725_203345.csv:72', 'truck_trajectory_clustering_results_20250725_204300.csv:56', 'truck_trajectory_clustering_results_20250725_210852.csv:161', 'truck_trajectory_clustering_results_20250725_212545.csv:220', 'truck_trajectory_clustering_results_20250725_213331.csv:261', 'truck_trajectory_clustering_results_20250725_213935.csv:221']",6
71,103.88574927272727,31.028313545454544,11,[73],['truck_trajectory_clustering_results_20250725_203345.csv:73'],1
72,104.04686685714285,30.427839168831174,308,"[74, 50, 3, 67, 45, 229, 90, 126, 187]","['truck_trajectory_clustering_results_20250725_203345.csv:74', 'truck_trajectory_clustering_results_20250725_204300.csv:50', 'truck_trajectory_clustering_results_20250725_205128.csv:3', 'truck_trajectory_clustering_results_20250725_210016.csv:67', 'truck_trajectory_clustering_results_20250725_210852.csv:45', 'truck_trajectory_clustering_results_20250725_211735.csv:229', 'truck_trajectory_clustering_results_20250725_212545.csv:90', 'truck_trajectory_clustering_results_20250725_213331.csv:126', 'truck_trajectory_clustering_results_20250725_213935.csv:187']",9
73,104.24569211904762,30.553758714285713,42,"[75, 171, 254, 230, 6]","['truck_trajectory_clustering_results_20250725_203345.csv:75', 'truck_trajectory_clustering_results_20250725_204300.csv:171', 'truck_trajectory_clustering_results_20250725_210852.csv:254', 'truck_trajectory_clustering_results_20250725_213331.csv:230', 'truck_trajectory_clustering_results_20250725_213935.csv:6']",5
74,103.68161570588235,30.6126105,34,"[76, 203, 249]","['truck_trajectory_clustering_results_20250725_203345.csv:76', 'truck_trajectory_clustering_results_20250725_205128.csv:203', 'truck_trajectory_clustering_results_20250725_213331.csv:249']",3
75,104.00956373809524,30.764472857142852,42,"[77, 232, 122, 78]","['truck_trajectory_clustering_results_20250725_203345.csv:77', 'truck_trajectory_clustering_results_20250725_205128.csv:232', 'truck_trajectory_clustering_results_20250725_212545.csv:122', 'truck_trajectory_clustering_results_20250725_213935.csv:78']",4
76,104.34409986956523,30.827341739130436,23,"[78, 51]","['truck_trajectory_clustering_results_20250725_203345.csv:78', 'truck_trajectory_clustering_results_20250725_211735.csv:51']",2
77,104.24403440552017,30.64560544585987,471,"[79, 42, 46, 48, 76, 44, 68, 41, 65]","['truck_trajectory_clustering_results_20250725_203345.csv:79', 'truck_trajectory_clustering_results_20250725_204300.csv:42', 'truck_trajectory_clustering_results_20250725_205128.csv:46', 'truck_trajectory_clustering_results_20250725_210016.csv:48', 'truck_trajectory_clustering_results_20250725_210852.csv:76', 'truck_trajectory_clustering_results_20250725_211735.csv:44', 'truck_trajectory_clustering_results_20250725_212545.csv:68', 'truck_trajectory_clustering_results_20250725_213331.csv:41', 'truck_trajectory_clustering_results_20250725_213935.csv:65']",9
78,103.833874,30.640370375,8,[80],['truck_trajectory_clustering_results_20250725_203345.csv:80'],1
79,104.48792999999999,30.427303176470588,17,"[81, 213]","['truck_trajectory_clustering_results_20250725_203345.csv:81', 'truck_trajectory_clustering_results_20250725_204300.csv:213']",2
80,104.03612732941177,30.297266376470585,85,"[82, 196, 32, 167, 252, 306]","['truck_trajectory_clustering_results_20250725_203345.csv:82', 'truck_trajectory_clustering_results_20250725_210016.csv:196', 'truck_trajectory_clustering_results_20250725_212545.csv:32', 'truck_trajectory_clustering_results_20250725_213331.csv:167', 'truck_trajectory_clustering_results_20250725_213935.csv:252', 'truck_trajectory_clustering_results_20250725_213935.csv:306']",6
81,104.12168881818184,30.539635060606063,33,"[83, 143, 228]","['truck_trajectory_clustering_results_20250725_203345.csv:83', 'truck_trajectory_clustering_results_20250725_204300.csv:143', 'truck_trajectory_clustering_results_20250725_213935.csv:228']",3
82,104.06967914074073,30.691140807407404,135,"[84, 79, 20, 111, 215, 251, 162]","['truck_trajectory_clustering_results_20250725_203345.csv:84', 'truck_trajectory_clustering_results_20250725_204300.csv:79', 'truck_trajectory_clustering_results_20250725_211735.csv:20', 'truck_trajectory_clustering_results_20250725_212545.csv:111', 'truck_trajectory_clustering_results_20250725_212545.csv:215', 'truck_trajectory_clustering_results_20250725_212545.csv:251', 'truck_trajectory_clustering_results_20250725_213331.csv:162']",7
83,104.12526226959247,30.76947299373041,319,"[85, 44, 75, 173, 49, 173, 226, 96, 35]","['truck_trajectory_clustering_results_20250725_203345.csv:85', 'truck_trajectory_clustering_results_20250725_204300.csv:44', 'truck_trajectory_clustering_results_20250725_205128.csv:75', 'truck_trajectory_clustering_results_20250725_210016.csv:173', 'truck_trajectory_clustering_results_20250725_210852.csv:49', 'truck_trajectory_clustering_results_20250725_211735.csv:173', 'truck_trajectory_clustering_results_20250725_212545.csv:226', 'truck_trajectory_clustering_results_20250725_213331.csv:96', 'truck_trajectory_clustering_results_20250725_213935.csv:35']",9
84,103.87176654166667,30.779391071428574,168,"[86, 92, 5, 114, 254, 47, 123, 229, 12, 185, 138, 38]","['truck_trajectory_clustering_results_20250725_203345.csv:86', 'truck_trajectory_clustering_results_20250725_203345.csv:92', 'truck_trajectory_clustering_results_20250725_204300.csv:5', 'truck_trajectory_clustering_results_20250725_204300.csv:114', 'truck_trajectory_clustering_results_20250725_204300.csv:254', 'truck_trajectory_clustering_results_20250725_205128.csv:47', 'truck_trajectory_clustering_results_20250725_210016.csv:123', 'truck_trajectory_clustering_results_20250725_210852.csv:229', 'truck_trajectory_clustering_results_20250725_211735.csv:12', 'truck_trajectory_clustering_results_20250725_212545.csv:185', 'truck_trajectory_clustering_results_20250725_213331.csv:138', 'truck_trajectory_clustering_results_20250725_213935.csv:38']",12
85,104.03218783333332,30.85838483333333,42,"[87, 269, 127, 319]","['truck_trajectory_clustering_results_20250725_203345.csv:87', 'truck_trajectory_clustering_results_20250725_211735.csv:269', 'truck_trajectory_clustering_results_20250725_212545.csv:127', 'truck_trajectory_clustering_results_20250725_213935.csv:319']",4
86,104.11847416144577,30.757160443373497,415,"[88, 53, 44, 13, 51, 67, 69, 20, 8]","['truck_trajectory_clustering_results_20250725_203345.csv:88', 'truck_trajectory_clustering_results_20250725_204300.csv:53', 'truck_trajectory_clustering_results_20250725_205128.csv:44', 'truck_trajectory_clustering_results_20250725_210016.csv:13', 'truck_trajectory_clustering_results_20250725_210852.csv:51', 'truck_trajectory_clustering_results_20250725_211735.csv:67', 'truck_trajectory_clustering_results_20250725_212545.csv:69', 'truck_trajectory_clustering_results_20250725_213331.csv:20', 'truck_trajectory_clustering_results_20250725_213935.csv:8']",9
87,103.99386835849056,30.76471049056603,53,"[89, 145, 132, 163, 215]","['truck_trajectory_clustering_results_20250725_203345.csv:89', 'truck_trajectory_clustering_results_20250725_211735.csv:145', 'truck_trajectory_clustering_results_20250725_212545.csv:132', 'truck_trajectory_clustering_results_20250725_213331.csv:163', 'truck_trajectory_clustering_results_20250725_213935.csv:215']",5
88,104.39211358525344,30.284220506912437,217,"[90, 175, 104, 239, 263, 101, 192, 255, 264, 61, 133, 212, 62, 235]","['truck_trajectory_clustering_results_20250725_203345.csv:90', 'truck_trajectory_clustering_results_20250725_203345.csv:175', 'truck_trajectory_clustering_results_20250725_204300.csv:104', 'truck_trajectory_clustering_results_20250725_204300.csv:239', 'truck_trajectory_clustering_results_20250725_204300.csv:263', 'truck_trajectory_clustering_results_20250725_205128.csv:101', 'truck_trajectory_clustering_results_20250725_210016.csv:192', 'truck_trajectory_clustering_results_20250725_210016.csv:255', 'truck_trajectory_clustering_results_20250725_210016.csv:264', 'truck_trajectory_clustering_results_20250725_210852.csv:61', 'truck_trajectory_clustering_results_20250725_211735.csv:133', 'truck_trajectory_clustering_results_20250725_212545.csv:212', 'truck_trajectory_clustering_results_20250725_213331.csv:62', 'truck_trajectory_clustering_results_20250725_213935.csv:235']",14
89,103.64756200000001,30.951565928571426,56,"[91, 138, 216, 35, 190, 22]","['truck_trajectory_clustering_results_20250725_203345.csv:91', 'truck_trajectory_clustering_results_20250725_210852.csv:138', 'truck_trajectory_clustering_results_20250725_211735.csv:216', 'truck_trajectory_clustering_results_20250725_212545.csv:35', 'truck_trajectory_clustering_results_20250725_213331.csv:190', 'truck_trajectory_clustering_results_20250725_213935.csv:22']",6
90,103.74154204,30.694597039999998,25,"[93, 126, 248]","['truck_trajectory_clustering_results_20250725_203345.csv:93', 'truck_trajectory_clustering_results_20250725_204300.csv:126', 'truck_trajectory_clustering_results_20250725_210016.csv:248']",3
91,103.90906231620554,30.543397000000002,253,"[94, 144, 176, 240, 62, 139, 199, 66, 106, 1, 147, 9]","['truck_trajectory_clustering_results_20250725_203345.csv:94', 'truck_trajectory_clustering_results_20250725_203345.csv:144', 'truck_trajectory_clustering_results_20250725_204300.csv:176', 'truck_trajectory_clustering_results_20250725_204300.csv:240', 'truck_trajectory_clustering_results_20250725_205128.csv:62', 'truck_trajectory_clustering_results_20250725_205128.csv:139', 'truck_trajectory_clustering_results_20250725_210016.csv:199', 'truck_trajectory_clustering_results_20250725_210852.csv:66', 'truck_trajectory_clustering_results_20250725_211735.csv:106', 'truck_trajectory_clustering_results_20250725_212545.csv:1', 'truck_trajectory_clustering_results_20250725_213331.csv:147', 'truck_trajectory_clustering_results_20250725_213935.csv:9']",12
92,104.67592830769232,30.084144769230768,13,[96],['truck_trajectory_clustering_results_20250725_203345.csv:96'],1
93,104.66945772340425,29.503968978723407,47,"[97, 135, 238, 150]","['truck_trajectory_clustering_results_20250725_203345.csv:97', 'truck_trajectory_clustering_results_20250725_204300.csv:135', 'truck_trajectory_clustering_results_20250725_205128.csv:238', 'truck_trajectory_clustering_results_20250725_212545.csv:150']",4
94,104.05603449107143,30.8478685625,112,"[98, 4, 77, 181, 58, 149, 190, 164, 88]","['truck_trajectory_clustering_results_20250725_203345.csv:98', 'truck_trajectory_clustering_results_20250725_204300.csv:4', 'truck_trajectory_clustering_results_20250725_205128.csv:77', 'truck_trajectory_clustering_results_20250725_210016.csv:181', 'truck_trajectory_clustering_results_20250725_210852.csv:58', 'truck_trajectory_clustering_results_20250725_211735.csv:149', 'truck_trajectory_clustering_results_20250725_212545.csv:190', 'truck_trajectory_clustering_results_20250725_213331.csv:164', 'truck_trajectory_clustering_results_20250725_213935.csv:88']",9
95,103.66284579381443,30.970869876288667,97,"[99, 162, 87, 197, 87, 197, 24, 290]","['truck_trajectory_clustering_results_20250725_203345.csv:99', 'truck_trajectory_clustering_results_20250725_204300.csv:162', 'truck_trajectory_clustering_results_20250725_205128.csv:87', 'truck_trajectory_clustering_results_20250725_210016.csv:197', 'truck_trajectory_clustering_results_20250725_210852.csv:87', 'truck_trajectory_clustering_results_20250725_212545.csv:197', 'truck_trajectory_clustering_results_20250725_213331.csv:24', 'truck_trajectory_clustering_results_20250725_213935.csv:290']",8
96,104.09978046456693,30.467145677165355,127,"[100, 17, 245, 184, 17, 217, 133, 155, 1, 83]","['truck_trajectory_clustering_results_20250725_203345.csv:100', 'truck_trajectory_clustering_results_20250725_204300.csv:17', 'truck_trajectory_clustering_results_20250725_205128.csv:245', 'truck_trajectory_clustering_results_20250725_210016.csv:184', 'truck_trajectory_clustering_results_20250725_210852.csv:17', 'truck_trajectory_clustering_results_20250725_211735.csv:217', 'truck_trajectory_clustering_results_20250725_212545.csv:133', 'truck_trajectory_clustering_results_20250725_213331.csv:155', 'truck_trajectory_clustering_results_20250725_213935.csv:1', 'truck_trajectory_clustering_results_20250725_213935.csv:83']",10
97,103.96002366666667,30.373521333333333,9,[101],['truck_trajectory_clustering_results_20250725_203345.csv:101'],1
98,104.16599763265306,30.712440353741492,147,"[102, 118, 10, 109, 178, 38, 147, 104, 91]","['truck_trajectory_clustering_results_20250725_203345.csv:102', 'truck_trajectory_clustering_results_20250725_204300.csv:118', 'truck_trajectory_clustering_results_20250725_205128.csv:10', 'truck_trajectory_clustering_results_20250725_210016.csv:109', 'truck_trajectory_clustering_results_20250725_210852.csv:178', 'truck_trajectory_clustering_results_20250725_211735.csv:38', 'truck_trajectory_clustering_results_20250725_212545.csv:147', 'truck_trajectory_clustering_results_20250725_213331.csv:104', 'truck_trajectory_clustering_results_20250725_213935.csv:91']",9
99,104.20845328888889,30.52418942222223,90,"[103, 95, 27, 169, 143, 260, 161, 266]","['truck_trajectory_clustering_results_20250725_203345.csv:103', 'truck_trajectory_clustering_results_20250725_204300.csv:95', 'truck_trajectory_clustering_results_20250725_205128.csv:27', 'truck_trajectory_clustering_results_20250725_210016.csv:169', 'truck_trajectory_clustering_results_20250725_210852.csv:143', 'truck_trajectory_clustering_results_20250725_211735.csv:260', 'truck_trajectory_clustering_results_20250725_212545.csv:161', 'truck_trajectory_clustering_results_20250725_213935.csv:266']",8
100,103.88701902645502,30.528522206349205,189,"[104, 137, 23, 105, 112, 209, 42, 31, 198]","['truck_trajectory_clustering_results_20250725_203345.csv:104', 'truck_trajectory_clustering_results_20250725_204300.csv:137', 'truck_trajectory_clustering_results_20250725_205128.csv:23', 'truck_trajectory_clustering_results_20250725_210016.csv:105', 'truck_trajectory_clustering_results_20250725_210852.csv:112', 'truck_trajectory_clustering_results_20250725_211735.csv:209', 'truck_trajectory_clustering_results_20250725_212545.csv:42', 'truck_trajectory_clustering_results_20250725_213331.csv:31', 'truck_trajectory_clustering_results_20250725_213935.csv:198']",9
101,104.25548318181819,30.5311901322314,121,"[105, 108, 194, 233, 110, 32, 7, 92, 283]","['truck_trajectory_clustering_results_20250725_203345.csv:105', 'truck_trajectory_clustering_results_20250725_204300.csv:108', 'truck_trajectory_clustering_results_20250725_205128.csv:194', 'truck_trajectory_clustering_results_20250725_210016.csv:233', 'truck_trajectory_clustering_results_20250725_210852.csv:110', 'truck_trajectory_clustering_results_20250725_211735.csv:32', 'truck_trajectory_clustering_results_20250725_212545.csv:7', 'truck_trajectory_clustering_results_20250725_213331.csv:92', 'truck_trajectory_clustering_results_20250725_213935.csv:283']",9
102,104.37805833333333,30.313403794871792,39,"[106, 195, 243, 308]","['truck_trajectory_clustering_results_20250725_203345.csv:106', 'truck_trajectory_clustering_results_20250725_210016.csv:195', 'truck_trajectory_clustering_results_20250725_213331.csv:243', 'truck_trajectory_clustering_results_20250725_213935.csv:308']",4
103,103.49680034693877,30.54742195918367,98,"[107, 149, 230, 93, 239, 244, 226, 91, 251, 46, 296]","['truck_trajectory_clustering_results_20250725_203345.csv:107', 'truck_trajectory_clustering_results_20250725_203345.csv:149', 'truck_trajectory_clustering_results_20250725_204300.csv:230', 'truck_trajectory_clustering_results_20250725_205128.csv:93', 'truck_trajectory_clustering_results_20250725_205128.csv:239', 'truck_trajectory_clustering_results_20250725_205128.csv:244', 'truck_trajectory_clustering_results_20250725_210016.csv:226', 'truck_trajectory_clustering_results_20250725_211735.csv:91', 'truck_trajectory_clustering_results_20250725_211735.csv:251', 'truck_trajectory_clustering_results_20250725_213331.csv:46', 'truck_trajectory_clustering_results_20250725_213935.csv:296']",11
104,104.308686314554,30.865289178403756,213,"[108, 11, 36, 11, 73, 64, 165, 137, 34]","['truck_trajectory_clustering_results_20250725_203345.csv:108', 'truck_trajectory_clustering_results_20250725_204300.csv:11', 'truck_trajectory_clustering_results_20250725_205128.csv:36', 'truck_trajectory_clustering_results_20250725_210016.csv:11', 'truck_trajectory_clustering_results_20250725_210852.csv:73', 'truck_trajectory_clustering_results_20250725_211735.csv:64', 'truck_trajectory_clustering_results_20250725_212545.csv:165', 'truck_trajectory_clustering_results_20250725_213331.csv:137', 'truck_trajectory_clustering_results_20250725_213935.csv:34']",9
105,104.0903387735849,30.740589452830186,53,"[109, 244, 241, 178, 171]","['truck_trajectory_clustering_results_20250725_203345.csv:109', 'truck_trajectory_clustering_results_20250725_204300.csv:244', 'truck_trajectory_clustering_results_20250725_211735.csv:241', 'truck_trajectory_clustering_results_20250725_212545.csv:178', 'truck_trajectory_clustering_results_20250725_213331.csv:171']",5
106,104.19897908000002,30.51039668,50,"[110, 63, 223, 240, 170]","['truck_trajectory_clustering_results_20250725_203345.csv:110', 'truck_trajectory_clustering_results_20250725_204300.csv:63', 'truck_trajectory_clustering_results_20250725_210016.csv:223', 'truck_trajectory_clustering_results_20250725_210852.csv:240', 'truck_trajectory_clustering_results_20250725_213935.csv:170']",5
107,104.32353095348837,30.64502876744186,258,"[111, 80, 126, 54, 106, 94, 131, 17, 272]","['truck_trajectory_clustering_results_20250725_203345.csv:111', 'truck_trajectory_clustering_results_20250725_204300.csv:80', 'truck_trajectory_clustering_results_20250725_205128.csv:126', 'truck_trajectory_clustering_results_20250725_210016.csv:54', 'truck_trajectory_clustering_results_20250725_210852.csv:106', 'truck_trajectory_clustering_results_20250725_211735.csv:94', 'truck_trajectory_clustering_results_20250725_212545.csv:131', 'truck_trajectory_clustering_results_20250725_213331.csv:17', 'truck_trajectory_clustering_results_20250725_213935.csv:272']",9
108,104.0501873888889,30.541177277777777,252,"[112, 244, 185, 246, 57, 211, 98, 42, 58, 64]","['truck_trajectory_clustering_results_20250725_203345.csv:112', 'truck_trajectory_clustering_results_20250725_203345.csv:244', 'truck_trajectory_clustering_results_20250725_204300.csv:185', 'truck_trajectory_clustering_results_20250725_204300.csv:246', 'truck_trajectory_clustering_results_20250725_210016.csv:57', 'truck_trajectory_clustering_results_20250725_210016.csv:211', 'truck_trajectory_clustering_results_20250725_210852.csv:98', 'truck_trajectory_clustering_results_20250725_211735.csv:42', 'truck_trajectory_clustering_results_20250725_212545.csv:58', 'truck_trajectory_clustering_results_20250725_213331.csv:64']",10
109,103.94225896296295,30.84768122222222,27,"[113, 14, 302]","['truck_trajectory_clustering_results_20250725_203345.csv:113', 'truck_trajectory_clustering_results_20250725_211735.csv:14', 'truck_trajectory_clustering_results_20250725_213935.csv:302']",3
110,103.89312391124261,30.513733396449705,169,"[114, 158, 215, 135, 181, 181, 54, 179, 84]","['truck_trajectory_clustering_results_20250725_203345.csv:114', 'truck_trajectory_clustering_results_20250725_204300.csv:158', 'truck_trajectory_clustering_results_20250725_205128.csv:215', 'truck_trajectory_clustering_results_20250725_210016.csv:135', 'truck_trajectory_clustering_results_20250725_210852.csv:181', 'truck_trajectory_clustering_results_20250725_211735.csv:181', 'truck_trajectory_clustering_results_20250725_212545.csv:54', 'truck_trajectory_clustering_results_20250725_213331.csv:179', 'truck_trajectory_clustering_results_20250725_213935.csv:84']",9
111,103.9577220503597,30.66269231654676,139,"[115, 187, 35, 230, 199, 113, 162, 259, 257]","['truck_trajectory_clustering_results_20250725_203345.csv:115', 'truck_trajectory_clustering_results_20250725_204300.csv:187', 'truck_trajectory_clustering_results_20250725_210016.csv:35', 'truck_trajectory_clustering_results_20250725_210016.csv:230', 'truck_trajectory_clustering_results_20250725_210852.csv:199', 'truck_trajectory_clustering_results_20250725_211735.csv:113', 'truck_trajectory_clustering_results_20250725_212545.csv:162', 'truck_trajectory_clustering_results_20250725_212545.csv:259', 'truck_trajectory_clustering_results_20250725_213331.csv:257']",9
112,103.553179136,30.221051879999997,125,"[116, 160, 115, 44, 132, 58, 228, 45, 74]","['truck_trajectory_clustering_results_20250725_203345.csv:116', 'truck_trajectory_clustering_results_20250725_204300.csv:160', 'truck_trajectory_clustering_results_20250725_205128.csv:115', 'truck_trajectory_clustering_results_20250725_210016.csv:44', 'truck_trajectory_clustering_results_20250725_210852.csv:132', 'truck_trajectory_clustering_results_20250725_211735.csv:58', 'truck_trajectory_clustering_results_20250725_212545.csv:228', 'truck_trajectory_clustering_results_20250725_213331.csv:45', 'truck_trajectory_clustering_results_20250725_213935.csv:74']",9
113,103.85821069565218,31.065539260869567,46,"[117, 80, 232, 263]","['truck_trajectory_clustering_results_20250725_203345.csv:117', 'truck_trajectory_clustering_results_20250725_205128.csv:80', 'truck_trajectory_clustering_results_20250725_211735.csv:232', 'truck_trajectory_clustering_results_20250725_213331.csv:263']",4
114,103.88831729113924,30.556385297468353,158,"[118, 183, 133, 4, 164, 78, 64, 81, 259]","['truck_trajectory_clustering_results_20250725_203345.csv:118', 'truck_trajectory_clustering_results_20250725_204300.csv:183', 'truck_trajectory_clustering_results_20250725_205128.csv:133', 'truck_trajectory_clustering_results_20250725_210016.csv:4', 'truck_trajectory_clustering_results_20250725_210852.csv:164', 'truck_trajectory_clustering_results_20250725_211735.csv:78', 'truck_trajectory_clustering_results_20250725_212545.csv:64', 'truck_trajectory_clustering_results_20250725_213331.csv:81', 'truck_trajectory_clustering_results_20250725_213935.csv:259']",9
115,104.02024961538464,29.13936722307692,260,"[119, 197, 50, 70, 60, 212, 182, 134, 6, 222]","['truck_trajectory_clustering_results_20250725_203345.csv:119', 'truck_trajectory_clustering_results_20250725_204300.csv:197', 'truck_trajectory_clustering_results_20250725_205128.csv:50', 'truck_trajectory_clustering_results_20250725_210016.csv:70', 'truck_trajectory_clustering_results_20250725_210852.csv:60', 'truck_trajectory_clustering_results_20250725_210852.csv:212', 'truck_trajectory_clustering_results_20250725_211735.csv:182', 'truck_trajectory_clustering_results_20250725_212545.csv:134', 'truck_trajectory_clustering_results_20250725_213331.csv:6', 'truck_trajectory_clustering_results_20250725_213935.csv:222']",10
116,103.93811015566038,30.619293834905662,212,"[121, 130, 12, 137, 206, 100, 114, 205, 18, 89, 196, 253, 339]","['truck_trajectory_clustering_results_20250725_203345.csv:121', 'truck_trajectory_clustering_results_20250725_204300.csv:130', 'truck_trajectory_clustering_results_20250725_205128.csv:12', 'truck_trajectory_clustering_results_20250725_210016.csv:137', 'truck_trajectory_clustering_results_20250725_210852.csv:206', 'truck_trajectory_clustering_results_20250725_211735.csv:100', 'truck_trajectory_clustering_results_20250725_212545.csv:114', 'truck_trajectory_clustering_results_20250725_212545.csv:205', 'truck_trajectory_clustering_results_20250725_213331.csv:18', 'truck_trajectory_clustering_results_20250725_213331.csv:89', 'truck_trajectory_clustering_results_20250725_213935.csv:196', 'truck_trajectory_clustering_results_20250725_213935.csv:253', 'truck_trajectory_clustering_results_20250725_213935.csv:339']",13
117,104.1624756875,30.556734312499998,80,"[122, 154, 99, 174, 175, 115, 298]","['truck_trajectory_clustering_results_20250725_203345.csv:122', 'truck_trajectory_clustering_results_20250725_204300.csv:154', 'truck_trajectory_clustering_results_20250725_205128.csv:99', 'truck_trajectory_clustering_results_20250725_210016.csv:174', 'truck_trajectory_clustering_results_20250725_210852.csv:175', 'truck_trajectory_clustering_results_20250725_211735.csv:115', 'truck_trajectory_clustering_results_20250725_213935.csv:298']",7
118,103.46554076923077,30.438071362637366,91,"[123, 225, 113, 175, 177, 269, 91, 59]","['truck_trajectory_clustering_results_20250725_203345.csv:123', 'truck_trajectory_clustering_results_20250725_204300.csv:225', 'truck_trajectory_clustering_results_20250725_205128.csv:113', 'truck_trajectory_clustering_results_20250725_210016.csv:175', 'truck_trajectory_clustering_results_20250725_211735.csv:177', 'truck_trajectory_clustering_results_20250725_212545.csv:269', 'truck_trajectory_clustering_results_20250725_213331.csv:91', 'truck_trajectory_clustering_results_20250725_213935.csv:59']",8
119,103.73779585294118,30.511668941176474,34,"[124, 27, 212, 271]","['truck_trajectory_clustering_results_20250725_203345.csv:124', 'truck_trajectory_clustering_results_20250725_212545.csv:27', 'truck_trajectory_clustering_results_20250725_213331.csv:212', 'truck_trajectory_clustering_results_20250725_213935.csv:271']",4
120,103.87394825263156,30.417272473684214,95,"[125, 72, 57, 236, 180, 60, 192]","['truck_trajectory_clustering_results_20250725_203345.csv:125', 'truck_trajectory_clustering_results_20250725_204300.csv:72', 'truck_trajectory_clustering_results_20250725_205128.csv:57', 'truck_trajectory_clustering_results_20250725_210016.csv:236', 'truck_trajectory_clustering_results_20250725_211735.csv:180', 'truck_trajectory_clustering_results_20250725_213331.csv:60', 'truck_trajectory_clustering_results_20250725_213935.csv:192']",7
121,103.96759809090908,30.586073106060606,66,"[126, 91, 246, 178, 233, 251]","['truck_trajectory_clustering_results_20250725_203345.csv:126', 'truck_trajectory_clustering_results_20250725_205128.csv:91', 'truck_trajectory_clustering_results_20250725_210016.csv:246', 'truck_trajectory_clustering_results_20250725_211735.csv:178', 'truck_trajectory_clustering_results_20250725_213331.csv:233', 'truck_trajectory_clustering_results_20250725_213935.csv:251']",6
122,104.18488992962963,30.718331477777777,270,"[127, 153, 166, 168, 34, 58, 242, 14, 134, 182, 129, 147, 205, 72, 163, 74, 267, 16]","['truck_trajectory_clustering_results_20250725_203345.csv:127', 'truck_trajectory_clustering_results_20250725_203345.csv:153', 'truck_trajectory_clustering_results_20250725_204300.csv:166', 'truck_trajectory_clustering_results_20250725_204300.csv:168', 'truck_trajectory_clustering_results_20250725_205128.csv:34', 'truck_trajectory_clustering_results_20250725_205128.csv:58', 'truck_trajectory_clustering_results_20250725_205128.csv:242', 'truck_trajectory_clustering_results_20250725_210016.csv:14', 'truck_trajectory_clustering_results_20250725_210016.csv:134', 'truck_trajectory_clustering_results_20250725_210016.csv:182', 'truck_trajectory_clustering_results_20250725_210852.csv:129', 'truck_trajectory_clustering_results_20250725_210852.csv:147', 'truck_trajectory_clustering_results_20250725_211735.csv:205', 'truck_trajectory_clustering_results_20250725_212545.csv:72', 'truck_trajectory_clustering_results_20250725_212545.csv:163', 'truck_trajectory_clustering_results_20250725_213331.csv:74', 'truck_trajectory_clustering_results_20250725_213331.csv:267', 'truck_trajectory_clustering_results_20250725_213935.csv:16']",18
123,104.21479781900454,30.58311621719457,221,"[128, 6, 21, 218, 16, 139, 208, 115, 10]","['truck_trajectory_clustering_results_20250725_203345.csv:128', 'truck_trajectory_clustering_results_20250725_204300.csv:6', 'truck_trajectory_clustering_results_20250725_205128.csv:21', 'truck_trajectory_clustering_results_20250725_210016.csv:218', 'truck_trajectory_clustering_results_20250725_210852.csv:16', 'truck_trajectory_clustering_results_20250725_211735.csv:139', 'truck_trajectory_clustering_results_20250725_212545.csv:208', 'truck_trajectory_clustering_results_20250725_213331.csv:115', 'truck_trajectory_clustering_results_20250725_213935.csv:10']",9
124,104.0560293164557,30.76324935443038,79,"[129, 142, 171, 37, 245]","['truck_trajectory_clustering_results_20250725_203345.csv:129', 'truck_trajectory_clustering_results_20250725_204300.csv:142', 'truck_trajectory_clustering_results_20250725_211735.csv:171', 'truck_trajectory_clustering_results_20250725_212545.csv:37', 'truck_trajectory_clustering_results_20250725_213935.csv:245']",5
125,103.9026083119266,30.65840009174312,218,"[130, 28, 16, 160, 172, 68, 63, 148, 146]","['truck_trajectory_clustering_results_20250725_203345.csv:130', 'truck_trajectory_clustering_results_20250725_204300.csv:28', 'truck_trajectory_clustering_results_20250725_205128.csv:16', 'truck_trajectory_clustering_results_20250725_210016.csv:160', 'truck_trajectory_clustering_results_20250725_210852.csv:172', 'truck_trajectory_clustering_results_20250725_211735.csv:68', 'truck_trajectory_clustering_results_20250725_212545.csv:63', 'truck_trajectory_clustering_results_20250725_213331.csv:148', 'truck_trajectory_clustering_results_20250725_213935.csv:146']",9
126,104.07992212925171,30.513089870748296,147,"[131, 260, 123, 127, 84, 183, 129]","['truck_trajectory_clustering_results_20250725_203345.csv:131', 'truck_trajectory_clustering_results_20250725_204300.csv:260', 'truck_trajectory_clustering_results_20250725_205128.csv:123', 'truck_trajectory_clustering_results_20250725_210016.csv:127', 'truck_trajectory_clustering_results_20250725_210852.csv:84', 'truck_trajectory_clustering_results_20250725_211735.csv:183', 'truck_trajectory_clustering_results_20250725_212545.csv:129']",7
127,104.03714873333334,30.32875273333333,15,[132],['truck_trajectory_clustering_results_20250725_203345.csv:132'],1
128,104.23773920576133,30.652988045267488,243,"[133, 12, 142, 29, 102, 143, 5, 13, 13]","['truck_trajectory_clustering_results_20250725_203345.csv:133', 'truck_trajectory_clustering_results_20250725_204300.csv:12', 'truck_trajectory_clustering_results_20250725_205128.csv:142', 'truck_trajectory_clustering_results_20250725_210016.csv:29', 'truck_trajectory_clustering_results_20250725_210852.csv:102', 'truck_trajectory_clustering_results_20250725_211735.csv:143', 'truck_trajectory_clustering_results_20250725_212545.csv:5', 'truck_trajectory_clustering_results_20250725_213331.csv:13', 'truck_trajectory_clustering_results_20250725_213935.csv:13']",9
129,103.96936643478261,30.36650954347826,138,"[134, 120, 155, 200, 41, 40, 4, 127, 99]","['truck_trajectory_clustering_results_20250725_203345.csv:134', 'truck_trajectory_clustering_results_20250725_204300.csv:120', 'truck_trajectory_clustering_results_20250725_205128.csv:155', 'truck_trajectory_clustering_results_20250725_210016.csv:200', 'truck_trajectory_clustering_results_20250725_210852.csv:41', 'truck_trajectory_clustering_results_20250725_211735.csv:40', 'truck_trajectory_clustering_results_20250725_212545.csv:4', 'truck_trajectory_clustering_results_20250725_213331.csv:127', 'truck_trajectory_clustering_results_20250725_213935.csv:99']",9
130,104.35422719117648,30.435846573529414,68,"[135, 71, 241, 209, 191]","['truck_trajectory_clustering_results_20250725_203345.csv:135', 'truck_trajectory_clustering_results_20250725_204300.csv:71', 'truck_trajectory_clustering_results_20250725_210852.csv:241', 'truck_trajectory_clustering_results_20250725_212545.csv:209', 'truck_trajectory_clustering_results_20250725_213935.csv:191']",5
131,103.999099875,30.743797875000002,8,[137],['truck_trajectory_clustering_results_20250725_203345.csv:137'],1
132,104.16767892105263,30.636530342105264,38,"[138, 190, 124, 181]","['truck_trajectory_clustering_results_20250725_203345.csv:138', 'truck_trajectory_clustering_results_20250725_204300.csv:190', 'truck_trajectory_clustering_results_20250725_210852.csv:124', 'truck_trajectory_clustering_results_20250725_213935.csv:181']",4
133,104.26889590140846,30.57868061971831,71,"[139, 220, 151, 221, 29, 292]","['truck_trajectory_clustering_results_20250725_203345.csv:139', 'truck_trajectory_clustering_results_20250725_204300.csv:220', 'truck_trajectory_clustering_results_20250725_210016.csv:151', 'truck_trajectory_clustering_results_20250725_210852.csv:221', 'truck_trajectory_clustering_results_20250725_212545.csv:29', 'truck_trajectory_clustering_results_20250725_213935.csv:292']",6
134,104.19841248148148,30.582039835978833,189,"[140, 33, 229, 75, 203, 127, 13, 44, 114]","['truck_trajectory_clustering_results_20250725_203345.csv:140', 'truck_trajectory_clustering_results_20250725_204300.csv:33', 'truck_trajectory_clustering_results_20250725_205128.csv:229', 'truck_trajectory_clustering_results_20250725_210016.csv:75', 'truck_trajectory_clustering_results_20250725_210852.csv:203', 'truck_trajectory_clustering_results_20250725_211735.csv:127', 'truck_trajectory_clustering_results_20250725_212545.csv:13', 'truck_trajectory_clustering_results_20250725_213331.csv:44', 'truck_trajectory_clustering_results_20250725_213935.csv:114']",9
135,103.96477253271027,30.637029700934576,214,"[142, 99, 86, 30, 171, 55, 164, 0, 67]","['truck_trajectory_clustering_results_20250725_203345.csv:142', 'truck_trajectory_clustering_results_20250725_204300.csv:99', 'truck_trajectory_clustering_results_20250725_205128.csv:86', 'truck_trajectory_clustering_results_20250725_210016.csv:30', 'truck_trajectory_clustering_results_20250725_210852.csv:171', 'truck_trajectory_clustering_results_20250725_211735.csv:55', 'truck_trajectory_clustering_results_20250725_212545.csv:164', 'truck_trajectory_clustering_results_20250725_213331.csv:0', 'truck_trajectory_clustering_results_20250725_213935.csv:67']",9
136,104.55548283937824,30.353077430051815,193,"[143, 148, 31, 202, 46, 136, 182, 121, 126]","['truck_trajectory_clustering_results_20250725_203345.csv:143', 'truck_trajectory_clustering_results_20250725_204300.csv:148', 'truck_trajectory_clustering_results_20250725_205128.csv:31', 'truck_trajectory_clustering_results_20250725_210016.csv:202', 'truck_trajectory_clustering_results_20250725_210852.csv:46', 'truck_trajectory_clustering_results_20250725_211735.csv:136', 'truck_trajectory_clustering_results_20250725_212545.csv:182', 'truck_trajectory_clustering_results_20250725_213331.csv:121', 'truck_trajectory_clustering_results_20250725_213935.csv:126']",9
137,104.44963515789473,30.480719912280698,57,"[145, 22, 59, 250, 258]","['truck_trajectory_clustering_results_20250725_203345.csv:145', 'truck_trajectory_clustering_results_20250725_204300.csv:22', 'truck_trajectory_clustering_results_20250725_210016.csv:59', 'truck_trajectory_clustering_results_20250725_211735.csv:250', 'truck_trajectory_clustering_results_20250725_213935.csv:258']",5
138,103.8191313548387,30.797245080645162,62,"[146, 124, 99, 167, 192, 93]","['truck_trajectory_clustering_results_20250725_203345.csv:146', 'truck_trajectory_clustering_results_20250725_210016.csv:124', 'truck_trajectory_clustering_results_20250725_210852.csv:99', 'truck_trajectory_clustering_results_20250725_212545.csv:167', 'truck_trajectory_clustering_results_20250725_213331.csv:192', 'truck_trajectory_clustering_results_20250725_213935.csv:93']",6
139,104.07888725000001,30.365431949999998,20,"[147, 250]","['truck_trajectory_clustering_results_20250725_203345.csv:147', 'truck_trajectory_clustering_results_20250725_205128.csv:250']",2
140,104.17528015584415,30.66437466233766,77,"[148, 149, 2, 142, 232, 272, 195]","['truck_trajectory_clustering_results_20250725_203345.csv:148', 'truck_trajectory_clustering_results_20250725_204300.csv:149', 'truck_trajectory_clustering_results_20250725_210016.csv:2', 'truck_trajectory_clustering_results_20250725_210852.csv:142', 'truck_trajectory_clustering_results_20250725_212545.csv:232', 'truck_trajectory_clustering_results_20250725_213331.csv:272', 'truck_trajectory_clustering_results_20250725_213935.csv:195']",7
141,103.91271038728323,30.824754578034685,173,"[150, 24, 1, 230, 172, 98, 120, 138]","['truck_trajectory_clustering_results_20250725_203345.csv:150', 'truck_trajectory_clustering_results_20250725_204300.csv:24', 'truck_trajectory_clustering_results_20250725_205128.csv:1', 'truck_trajectory_clustering_results_20250725_210852.csv:230', 'truck_trajectory_clustering_results_20250725_211735.csv:172', 'truck_trajectory_clustering_results_20250725_212545.csv:98', 'truck_trajectory_clustering_results_20250725_213331.csv:120', 'truck_trajectory_clustering_results_20250725_213935.csv:138']",8
142,104.12013852808988,30.772941893258427,178,"[151, 161, 164, 171, 86, 184, 148, 169, 70]","['truck_trajectory_clustering_results_20250725_203345.csv:151', 'truck_trajectory_clustering_results_20250725_204300.csv:161', 'truck_trajectory_clustering_results_20250725_205128.csv:164', 'truck_trajectory_clustering_results_20250725_210016.csv:171', 'truck_trajectory_clustering_results_20250725_210852.csv:86', 'truck_trajectory_clustering_results_20250725_211735.csv:184', 'truck_trajectory_clustering_results_20250725_212545.csv:148', 'truck_trajectory_clustering_results_20250725_213331.csv:169', 'truck_trajectory_clustering_results_20250725_213935.csv:70']",9
143,103.87998261111112,30.404369563492065,126,"[152, 96, 138, 119, 74, 184, 30, 159]","['truck_trajectory_clustering_results_20250725_203345.csv:152', 'truck_trajectory_clustering_results_20250725_204300.csv:96', 'truck_trajectory_clustering_results_20250725_205128.csv:138', 'truck_trajectory_clustering_results_20250725_210016.csv:119', 'truck_trajectory_clustering_results_20250725_211735.csv:74', 'truck_trajectory_clustering_results_20250725_212545.csv:184', 'truck_trajectory_clustering_results_20250725_213331.csv:30', 'truck_trajectory_clustering_results_20250725_213935.csv:159']",8
144,103.55983807894738,30.54884452631579,76,"[154, 241, 148, 214, 153, 188]","['truck_trajectory_clustering_results_20250725_203345.csv:154', 'truck_trajectory_clustering_results_20250725_204300.csv:241', 'truck_trajectory_clustering_results_20250725_210016.csv:148', 'truck_trajectory_clustering_results_20250725_212545.csv:214', 'truck_trajectory_clustering_results_20250725_213331.csv:153', 'truck_trajectory_clustering_results_20250725_213935.csv:188']",6
145,103.70950512962962,30.39407355555555,54,"[155, 279, 235, 276, 295]","['truck_trajectory_clustering_results_20250725_203345.csv:155', 'truck_trajectory_clustering_results_20250725_211735.csv:279', 'truck_trajectory_clustering_results_20250725_212545.csv:235', 'truck_trajectory_clustering_results_20250725_213331.csv:276', 'truck_trajectory_clustering_results_20250725_213935.csv:295']",5
146,103.99102993617021,30.739251861702126,94,"[156, 242, 210, 183, 185, 175, 268, 65, 264]","['truck_trajectory_clustering_results_20250725_203345.csv:156', 'truck_trajectory_clustering_results_20250725_204300.csv:242', 'truck_trajectory_clustering_results_20250725_205128.csv:210', 'truck_trajectory_clustering_results_20250725_210016.csv:183', 'truck_trajectory_clustering_results_20250725_210852.csv:185', 'truck_trajectory_clustering_results_20250725_211735.csv:175', 'truck_trajectory_clustering_results_20250725_212545.csv:268', 'truck_trajectory_clustering_results_20250725_213331.csv:65', 'truck_trajectory_clustering_results_20250725_213935.csv:264']",9
147,103.97212155752213,30.54226263716814,113,"[157, 68, 162, 262, 6, 155, 201, 3, 232]","['truck_trajectory_clustering_results_20250725_203345.csv:157', 'truck_trajectory_clustering_results_20250725_204300.csv:68', 'truck_trajectory_clustering_results_20250725_205128.csv:162', 'truck_trajectory_clustering_results_20250725_210016.csv:262', 'truck_trajectory_clustering_results_20250725_210852.csv:6', 'truck_trajectory_clustering_results_20250725_211735.csv:155', 'truck_trajectory_clustering_results_20250725_212545.csv:201', 'truck_trajectory_clustering_results_20250725_213331.csv:3', 'truck_trajectory_clustering_results_20250725_213935.csv:232']",9
148,104.31206318,30.298673806666667,150,"[158, 48, 26, 189, 239, 63, 159, 108, 303]","['truck_trajectory_clustering_results_20250725_203345.csv:158', 'truck_trajectory_clustering_results_20250725_204300.csv:48', 'truck_trajectory_clustering_results_20250725_205128.csv:26', 'truck_trajectory_clustering_results_20250725_210016.csv:189', 'truck_trajectory_clustering_results_20250725_210852.csv:239', 'truck_trajectory_clustering_results_20250725_211735.csv:63', 'truck_trajectory_clustering_results_20250725_212545.csv:159', 'truck_trajectory_clustering_results_20250725_213331.csv:108', 'truck_trajectory_clustering_results_20250725_213935.csv:303']",9
149,104.02749236842105,30.450652631578947,19,"[159, 158]","['truck_trajectory_clustering_results_20250725_203345.csv:159', 'truck_trajectory_clustering_results_20250725_205128.csv:158']",2
150,103.49853021546961,30.568848607734807,181,"[160, 191, 112, 225, 219, 89, 116, 165, 94]","['truck_trajectory_clustering_results_20250725_203345.csv:160', 'truck_trajectory_clustering_results_20250725_203345.csv:191', 'truck_trajectory_clustering_results_20250725_204300.csv:112', 'truck_trajectory_clustering_results_20250725_210016.csv:225', 'truck_trajectory_clustering_results_20250725_210852.csv:219', 'truck_trajectory_clustering_results_20250725_211735.csv:89', 'truck_trajectory_clustering_results_20250725_212545.csv:116', 'truck_trajectory_clustering_results_20250725_213331.csv:165', 'truck_trajectory_clustering_results_20250725_213935.csv:94']",9
151,103.95928731034483,30.940188103448275,29,"[161, 206, 120]","['truck_trajectory_clustering_results_20250725_203345.csv:161', 'truck_trajectory_clustering_results_20250725_204300.csv:206', 'truck_trajectory_clustering_results_20250725_211735.csv:120']",3
152,104.756755125,30.633209375,8,[162],['truck_trajectory_clustering_results_20250725_203345.csv:162'],1
153,104.16881985448916,30.741388650154803,323,"[163, 91, 183, 16, 123, 65, 56, 88, 11]","['truck_trajectory_clustering_results_20250725_203345.csv:163', 'truck_trajectory_clustering_results_20250725_204300.csv:91', 'truck_trajectory_clustering_results_20250725_205128.csv:183', 'truck_trajectory_clustering_results_20250725_210016.csv:16', 'truck_trajectory_clustering_results_20250725_210852.csv:123', 'truck_trajectory_clustering_results_20250725_211735.csv:65', 'truck_trajectory_clustering_results_20250725_212545.csv:56', 'truck_trajectory_clustering_results_20250725_213331.csv:88', 'truck_trajectory_clustering_results_20250725_213935.csv:11']",9
154,103.87864788235294,30.198177517647057,85,"[164, 79, 131, 160, 59, 175, 109]","['truck_trajectory_clustering_results_20250725_203345.csv:164', 'truck_trajectory_clustering_results_20250725_205128.csv:79', 'truck_trajectory_clustering_results_20250725_210016.csv:131', 'truck_trajectory_clustering_results_20250725_211735.csv:160', 'truck_trajectory_clustering_results_20250725_212545.csv:59', 'truck_trajectory_clustering_results_20250725_213331.csv:175', 'truck_trajectory_clustering_results_20250725_213935.csv:109']",7
155,104.25476975949366,30.859242151898734,158,"[165, 0, 157, 228, 79, 179, 110, 146, 80]","['truck_trajectory_clustering_results_20250725_203345.csv:165', 'truck_trajectory_clustering_results_20250725_204300.csv:0', 'truck_trajectory_clustering_results_20250725_205128.csv:157', 'truck_trajectory_clustering_results_20250725_210016.csv:228', 'truck_trajectory_clustering_results_20250725_210852.csv:79', 'truck_trajectory_clustering_results_20250725_211735.csv:179', 'truck_trajectory_clustering_results_20250725_212545.csv:110', 'truck_trajectory_clustering_results_20250725_213331.csv:146', 'truck_trajectory_clustering_results_20250725_213935.csv:80']",9
156,103.9248982,30.949577833333333,60,"[166, 153, 157, 98, 240]","['truck_trajectory_clustering_results_20250725_203345.csv:166', 'truck_trajectory_clustering_results_20250725_204300.csv:153', 'truck_trajectory_clustering_results_20250725_210016.csv:157', 'truck_trajectory_clustering_results_20250725_213935.csv:98', 'truck_trajectory_clustering_results_20250725_213935.csv:240']",5
157,103.96948816250001,30.9820629,80,"[167, 64, 172, 201, 258, 86]","['truck_trajectory_clustering_results_20250725_203345.csv:167', 'truck_trajectory_clustering_results_20250725_204300.csv:64', 'truck_trajectory_clustering_results_20250725_205128.csv:172', 'truck_trajectory_clustering_results_20250725_210852.csv:201', 'truck_trajectory_clustering_results_20250725_211735.csv:258', 'truck_trajectory_clustering_results_20250725_213935.csv:86']",6
158,104.05240224242425,30.246055575757573,66,"[168, 196, 136, 137, 226, 217]","['truck_trajectory_clustering_results_20250725_203345.csv:168', 'truck_trajectory_clustering_results_20250725_204300.csv:196', 'truck_trajectory_clustering_results_20250725_205128.csv:136', 'truck_trajectory_clustering_results_20250725_212545.csv:137', 'truck_trajectory_clustering_results_20250725_213331.csv:226', 'truck_trajectory_clustering_results_20250725_213935.csv:217']",6
159,103.87647333333331,30.491195803921574,51,"[169, 199, 203, 184]","['truck_trajectory_clustering_results_20250725_203345.csv:169', 'truck_trajectory_clustering_results_20250725_211735.csv:199', 'truck_trajectory_clustering_results_20250725_212545.csv:203', 'truck_trajectory_clustering_results_20250725_213935.csv:184']",4
160,103.83827320873787,30.35929324757281,206,"[170, 247, 222, 236, 237, 143, 208, 174, 200, 69, 224, 46, 79, 128, 160, 248, 288]","['truck_trajectory_clustering_results_20250725_203345.csv:170', 'truck_trajectory_clustering_results_20250725_203345.csv:247', 'truck_trajectory_clustering_results_20250725_204300.csv:222', 'truck_trajectory_clustering_results_20250725_204300.csv:236', 'truck_trajectory_clustering_results_20250725_205128.csv:237', 'truck_trajectory_clustering_results_20250725_210016.csv:143', 'truck_trajectory_clustering_results_20250725_210016.csv:208', 'truck_trajectory_clustering_results_20250725_210852.csv:174', 'truck_trajectory_clustering_results_20250725_210852.csv:200', 'truck_trajectory_clustering_results_20250725_211735.csv:69', 'truck_trajectory_clustering_results_20250725_211735.csv:224', 'truck_trajectory_clustering_results_20250725_212545.csv:46', 'truck_trajectory_clustering_results_20250725_213331.csv:79', 'truck_trajectory_clustering_results_20250725_213331.csv:128', 'truck_trajectory_clustering_results_20250725_213935.csv:160', 'truck_trajectory_clustering_results_20250725_213935.csv:248', 'truck_trajectory_clustering_results_20250725_213935.csv:288']",17
161,104.51286858778627,30.420405694656488,131,"[171, 76, 106, 42, 152, 145, 151, 67, 47, 225]","['truck_trajectory_clustering_results_20250725_203345.csv:171', 'truck_trajectory_clustering_results_20250725_204300.csv:76', 'truck_trajectory_clustering_results_20250725_204300.csv:106', 'truck_trajectory_clustering_results_20250725_205128.csv:42', 'truck_trajectory_clustering_results_20250725_210016.csv:152', 'truck_trajectory_clustering_results_20250725_210852.csv:145', 'truck_trajectory_clustering_results_20250725_211735.csv:151', 'truck_trajectory_clustering_results_20250725_212545.csv:67', 'truck_trajectory_clustering_results_20250725_213331.csv:47', 'truck_trajectory_clustering_results_20250725_213935.csv:225']",10
162,104.3694558076923,30.28916919230769,26,"[172, 249, 189]","['truck_trajectory_clustering_results_20250725_203345.csv:172', 'truck_trajectory_clustering_results_20250725_204300.csv:249', 'truck_trajectory_clustering_results_20250725_213935.csv:189']",3
163,104.07107974183006,30.72556249019608,306,"[174, 62, 6, 69, 93, 17, 23, 10, 84, 19, 73]","['truck_trajectory_clustering_results_20250725_203345.csv:174', 'truck_trajectory_clustering_results_20250725_204300.csv:62', 'truck_trajectory_clustering_results_20250725_205128.csv:6', 'truck_trajectory_clustering_results_20250725_210016.csv:69', 'truck_trajectory_clustering_results_20250725_210852.csv:93', 'truck_trajectory_clustering_results_20250725_211735.csv:17', 'truck_trajectory_clustering_results_20250725_211735.csv:23', 'truck_trajectory_clustering_results_20250725_212545.csv:10', 'truck_trajectory_clustering_results_20250725_213331.csv:84', 'truck_trajectory_clustering_results_20250725_213935.csv:19', 'truck_trajectory_clustering_results_20250725_213935.csv:73']",11
164,103.87067436036037,30.7021122972973,111,"[176, 2, 122, 47, 92, 223, 126, 134, 122]","['truck_trajectory_clustering_results_20250725_203345.csv:176', 'truck_trajectory_clustering_results_20250725_204300.csv:2', 'truck_trajectory_clustering_results_20250725_205128.csv:122', 'truck_trajectory_clustering_results_20250725_210016.csv:47', 'truck_trajectory_clustering_results_20250725_210852.csv:92', 'truck_trajectory_clustering_results_20250725_211735.csv:223', 'truck_trajectory_clustering_results_20250725_212545.csv:126', 'truck_trajectory_clustering_results_20250725_213331.csv:134', 'truck_trajectory_clustering_results_20250725_213935.csv:122']",9
165,103.86121805154637,30.445515618556698,97,"[177, 116, 103, 121, 237, 82]","['truck_trajectory_clustering_results_20250725_203345.csv:177', 'truck_trajectory_clustering_results_20250725_204300.csv:116', 'truck_trajectory_clustering_results_20250725_210016.csv:103', 'truck_trajectory_clustering_results_20250725_212545.csv:121', 'truck_trajectory_clustering_results_20250725_213331.csv:237', 'truck_trajectory_clustering_results_20250725_213935.csv:82']",6
166,104.10687873076921,30.491270750000005,104,"[178, 145, 196, 284, 77, 223, 172]","['truck_trajectory_clustering_results_20250725_203345.csv:178', 'truck_trajectory_clustering_results_20250725_204300.csv:145', 'truck_trajectory_clustering_results_20250725_205128.csv:196', 'truck_trajectory_clustering_results_20250725_211735.csv:284', 'truck_trajectory_clustering_results_20250725_212545.csv:77', 'truck_trajectory_clustering_results_20250725_213331.csv:223', 'truck_trajectory_clustering_results_20250725_213935.csv:172']",7
167,104.29627327906977,30.99386576744186,86,"[179, 170, 144, 220, 164]","['truck_trajectory_clustering_results_20250725_203345.csv:179', 'truck_trajectory_clustering_results_20250725_204300.csv:170', 'truck_trajectory_clustering_results_20250725_211735.csv:144', 'truck_trajectory_clustering_results_20250725_213331.csv:220', 'truck_trajectory_clustering_results_20250725_213935.csv:164']",5
168,103.88478770454545,30.388616125000002,88,"[180, 41, 199, 226, 124, 206, 131, 273]","['truck_trajectory_clustering_results_20250725_203345.csv:180', 'truck_trajectory_clustering_results_20250725_204300.csv:41', 'truck_trajectory_clustering_results_20250725_205128.csv:199', 'truck_trajectory_clustering_results_20250725_210852.csv:226', 'truck_trajectory_clustering_results_20250725_211735.csv:124', 'truck_trajectory_clustering_results_20250725_212545.csv:206', 'truck_trajectory_clustering_results_20250725_213331.csv:131', 'truck_trajectory_clustering_results_20250725_213935.csv:273']",8
169,104.14057147222223,30.827207972222215,72,"[181, 90, 102, 192, 204, 329]","['truck_trajectory_clustering_results_20250725_203345.csv:181', 'truck_trajectory_clustering_results_20250725_210016.csv:90', 'truck_trajectory_clustering_results_20250725_211735.csv:102', 'truck_trajectory_clustering_results_20250725_212545.csv:192', 'truck_trajectory_clustering_results_20250725_213331.csv:204', 'truck_trajectory_clustering_results_20250725_213935.csv:329']",6
170,104.20253615068492,30.739631493150682,73,"[182, 256, 123, 98, 113, 150, 214]","['truck_trajectory_clustering_results_20250725_203345.csv:182', 'truck_trajectory_clustering_results_20250725_210852.csv:256', 'truck_trajectory_clustering_results_20250725_212545.csv:123', 'truck_trajectory_clustering_results_20250725_213331.csv:98', 'truck_trajectory_clustering_results_20250725_213331.csv:113', 'truck_trajectory_clustering_results_20250725_213935.csv:150', 'truck_trajectory_clustering_results_20250725_213935.csv:214']",7
171,104.06536132894738,30.179615131578945,76,"[183, 267, 20, 201, 142, 238]","['truck_trajectory_clustering_results_20250725_203345.csv:183', 'truck_trajectory_clustering_results_20250725_204300.csv:267', 'truck_trajectory_clustering_results_20250725_205128.csv:20', 'truck_trajectory_clustering_results_20250725_205128.csv:201', 'truck_trajectory_clustering_results_20250725_210016.csv:142', 'truck_trajectory_clustering_results_20250725_211735.csv:238']",6
172,104.1910333018868,30.790880396226413,53,"[184, 150, 216, 156, 119, 224]","['truck_trajectory_clustering_results_20250725_203345.csv:184', 'truck_trajectory_clustering_results_20250725_204300.csv:150', 'truck_trajectory_clustering_results_20250725_204300.csv:216', 'truck_trajectory_clustering_results_20250725_205128.csv:156', 'truck_trajectory_clustering_results_20250725_211735.csv:119', 'truck_trajectory_clustering_results_20250725_213331.csv:224']",6
173,103.88678176923077,30.820362333333332,39,"[185, 188, 207, 197]","['truck_trajectory_clustering_results_20250725_203345.csv:185', 'truck_trajectory_clustering_results_20250725_204300.csv:188', 'truck_trajectory_clustering_results_20250725_213331.csv:207', 'truck_trajectory_clustering_results_20250725_213935.csv:197']",4
174,104.21384111111111,30.55201588888889,9,[186],['truck_trajectory_clustering_results_20250725_203345.csv:186'],1
175,104.20357254761905,30.731780952380948,126,"[187, 199, 100, 210, 78, 89, 251, 214, 140, 227, 244]","['truck_trajectory_clustering_results_20250725_203345.csv:187', 'truck_trajectory_clustering_results_20250725_203345.csv:199', 'truck_trajectory_clustering_results_20250725_204300.csv:100', 'truck_trajectory_clustering_results_20250725_204300.csv:210', 'truck_trajectory_clustering_results_20250725_205128.csv:78', 'truck_trajectory_clustering_results_20250725_210016.csv:89', 'truck_trajectory_clustering_results_20250725_210852.csv:251', 'truck_trajectory_clustering_results_20250725_211735.csv:214', 'truck_trajectory_clustering_results_20250725_212545.csv:140', 'truck_trajectory_clustering_results_20250725_213935.csv:227', 'truck_trajectory_clustering_results_20250725_213935.csv:244']",11
176,104.07764375739644,30.79474822485207,169,"[188, 57, 105, 121, 36, 3]","['truck_trajectory_clustering_results_20250725_203345.csv:188', 'truck_trajectory_clustering_results_20250725_204300.csv:57', 'truck_trajectory_clustering_results_20250725_205128.csv:105', 'truck_trajectory_clustering_results_20250725_210016.csv:121', 'truck_trajectory_clustering_results_20250725_210852.csv:36', 'truck_trajectory_clustering_results_20250725_211735.csv:3']",6
177,104.15029042528735,30.61620733333333,87,"[189, 74, 179, 37, 139, 110, 172, 100]","['truck_trajectory_clustering_results_20250725_203345.csv:189', 'truck_trajectory_clustering_results_20250725_204300.csv:74', 'truck_trajectory_clustering_results_20250725_205128.csv:179', 'truck_trajectory_clustering_results_20250725_210016.csv:37', 'truck_trajectory_clustering_results_20250725_210852.csv:139', 'truck_trajectory_clustering_results_20250725_211735.csv:110', 'truck_trajectory_clustering_results_20250725_212545.csv:172', 'truck_trajectory_clustering_results_20250725_213331.csv:100']",8
178,104.06377465476189,30.633225952380958,84,"[190, 225, 38, 117, 95, 163, 263, 240]","['truck_trajectory_clustering_results_20250725_203345.csv:190', 'truck_trajectory_clustering_results_20250725_203345.csv:225', 'truck_trajectory_clustering_results_20250725_204300.csv:38', 'truck_trajectory_clustering_results_20250725_205128.csv:117', 'truck_trajectory_clustering_results_20250725_210016.csv:95', 'truck_trajectory_clustering_results_20250725_210852.csv:163', 'truck_trajectory_clustering_results_20250725_212545.csv:263', 'truck_trajectory_clustering_results_20250725_213331.csv:240']",8
179,103.64344838297872,30.470070191489363,47,"[192, 251, 154, 202, 186]","['truck_trajectory_clustering_results_20250725_203345.csv:192', 'truck_trajectory_clustering_results_20250725_204300.csv:251', 'truck_trajectory_clustering_results_20250725_210016.csv:154', 'truck_trajectory_clustering_results_20250725_210852.csv:202', 'truck_trajectory_clustering_results_20250725_213935.csv:186']",5
180,104.10255000000001,30.537138875,8,[193],['truck_trajectory_clustering_results_20250725_203345.csv:193'],1
181,104.10658444999999,30.74054183333333,60,"[194, 102, 196, 122, 289]","['truck_trajectory_clustering_results_20250725_203345.csv:194', 'truck_trajectory_clustering_results_20250725_204300.csv:102', 'truck_trajectory_clustering_results_20250725_211735.csv:196', 'truck_trajectory_clustering_results_20250725_213331.csv:122', 'truck_trajectory_clustering_results_20250725_213935.csv:289']",5
182,103.86715685087717,30.53506152631579,114,"[195, 245, 144, 107, 3, 169, 240, 238, 301]","['truck_trajectory_clustering_results_20250725_203345.csv:195', 'truck_trajectory_clustering_results_20250725_204300.csv:245', 'truck_trajectory_clustering_results_20250725_205128.csv:144', 'truck_trajectory_clustering_results_20250725_210016.csv:107', 'truck_trajectory_clustering_results_20250725_210852.csv:3', 'truck_trajectory_clustering_results_20250725_211735.csv:169', 'truck_trajectory_clustering_results_20250725_212545.csv:240', 'truck_trajectory_clustering_results_20250725_213331.csv:238', 'truck_trajectory_clustering_results_20250725_213935.csv:301']",9
183,103.9295251,30.941690299999998,10,[196],['truck_trajectory_clustering_results_20250725_203345.csv:196'],1
184,104.22405467741936,30.674711258064512,93,"[197, 238, 208, 65, 214, 101, 204]","['truck_trajectory_clustering_results_20250725_203345.csv:197', 'truck_trajectory_clustering_results_20250725_204300.csv:238', 'truck_trajectory_clustering_results_20250725_205128.csv:208', 'truck_trajectory_clustering_results_20250725_210016.csv:65', 'truck_trajectory_clustering_results_20250725_210016.csv:214', 'truck_trajectory_clustering_results_20250725_211735.csv:101', 'truck_trajectory_clustering_results_20250725_213935.csv:204']",7
185,103.85979164705884,30.30141132352941,34,"[198, 89, 82]","['truck_trajectory_clustering_results_20250725_203345.csv:198', 'truck_trajectory_clustering_results_20250725_205128.csv:89', 'truck_trajectory_clustering_results_20250725_212545.csv:82']",3
186,104.17081291275169,30.615230610738255,149,"[200, 27, 15, 177, 52, 16, 145, 78, 165]","['truck_trajectory_clustering_results_20250725_203345.csv:200', 'truck_trajectory_clustering_results_20250725_204300.csv:27', 'truck_trajectory_clustering_results_20250725_205128.csv:15', 'truck_trajectory_clustering_results_20250725_210016.csv:177', 'truck_trajectory_clustering_results_20250725_210852.csv:52', 'truck_trajectory_clustering_results_20250725_211735.csv:16', 'truck_trajectory_clustering_results_20250725_212545.csv:145', 'truck_trajectory_clustering_results_20250725_213331.csv:78', 'truck_trajectory_clustering_results_20250725_213935.csv:165']",9
187,103.95988815950922,30.51740453374233,163,"[201, 40, 28, 2, 166, 130, 58, 115]","['truck_trajectory_clustering_results_20250725_203345.csv:201', 'truck_trajectory_clustering_results_20250725_205128.csv:40', 'truck_trajectory_clustering_results_20250725_210016.csv:28', 'truck_trajectory_clustering_results_20250725_210852.csv:2', 'truck_trajectory_clustering_results_20250725_211735.csv:166', 'truck_trajectory_clustering_results_20250725_212545.csv:130', 'truck_trajectory_clustering_results_20250725_213331.csv:58', 'truck_trajectory_clustering_results_20250725_213935.csv:115']",8
188,104.0586903877551,30.649362857142854,49,"[202, 215, 18, 273]","['truck_trajectory_clustering_results_20250725_203345.csv:202', 'truck_trajectory_clustering_results_20250725_210016.csv:215', 'truck_trajectory_clustering_results_20250725_212545.csv:18', 'truck_trajectory_clustering_results_20250725_212545.csv:273']",4
189,103.97767018888888,30.688512794444442,180,"[203, 26, 218, 91, 140, 104, 113, 28, 24]","['truck_trajectory_clustering_results_20250725_203345.csv:203', 'truck_trajectory_clustering_results_20250725_204300.csv:26', 'truck_trajectory_clustering_results_20250725_205128.csv:218', 'truck_trajectory_clustering_results_20250725_210016.csv:91', 'truck_trajectory_clustering_results_20250725_210852.csv:140', 'truck_trajectory_clustering_results_20250725_211735.csv:104', 'truck_trajectory_clustering_results_20250725_212545.csv:113', 'truck_trajectory_clustering_results_20250725_213331.csv:28', 'truck_trajectory_clustering_results_20250725_213935.csv:24']",9
190,103.65314977777778,30.920328777777772,54,"[204, 202, 58, 238, 215, 294]","['truck_trajectory_clustering_results_20250725_203345.csv:204', 'truck_trajectory_clustering_results_20250725_204300.csv:202', 'truck_trajectory_clustering_results_20250725_210016.csv:58', 'truck_trajectory_clustering_results_20250725_212545.csv:238', 'truck_trajectory_clustering_results_20250725_213331.csv:215', 'truck_trajectory_clustering_results_20250725_213935.csv:294']",6
191,103.88951913793103,30.383821827586203,29,"[205, 34, 312]","['truck_trajectory_clustering_results_20250725_203345.csv:205', 'truck_trajectory_clustering_results_20250725_213331.csv:34', 'truck_trajectory_clustering_results_20250725_213935.csv:312']",3
192,103.95239163157893,30.79583519298246,57,"[206, 223, 167, 231, 264, 243]","['truck_trajectory_clustering_results_20250725_203345.csv:206', 'truck_trajectory_clustering_results_20250725_205128.csv:223', 'truck_trajectory_clustering_results_20250725_210016.csv:167', 'truck_trajectory_clustering_results_20250725_210852.csv:231', 'truck_trajectory_clustering_results_20250725_212545.csv:264', 'truck_trajectory_clustering_results_20250725_213935.csv:243']",6
193,103.561045300813,30.748746918699183,123,"[207, 140, 120, 88, 39, 181, 217, 143]","['truck_trajectory_clustering_results_20250725_203345.csv:207', 'truck_trajectory_clustering_results_20250725_205128.csv:140', 'truck_trajectory_clustering_results_20250725_210016.csv:120', 'truck_trajectory_clustering_results_20250725_210852.csv:88', 'truck_trajectory_clustering_results_20250725_211735.csv:39', 'truck_trajectory_clustering_results_20250725_212545.csv:181', 'truck_trajectory_clustering_results_20250725_213331.csv:217', 'truck_trajectory_clustering_results_20250725_213935.csv:143']",8
194,104.42860148717949,31.149855435897432,39,"[210, 230, 219, 293]","['truck_trajectory_clustering_results_20250725_203345.csv:210', 'truck_trajectory_clustering_results_20250725_212545.csv:230', 'truck_trajectory_clustering_results_20250725_213331.csv:219', 'truck_trajectory_clustering_results_20250725_213935.csv:293']",4
195,103.91443659398495,30.675784180451128,133,"[211, 243, 129, 125, 141, 53, 135, 200, 191, 201]","['truck_trajectory_clustering_results_20250725_203345.csv:211', 'truck_trajectory_clustering_results_20250725_204300.csv:243', 'truck_trajectory_clustering_results_20250725_205128.csv:129', 'truck_trajectory_clustering_results_20250725_210016.csv:125', 'truck_trajectory_clustering_results_20250725_210852.csv:141', 'truck_trajectory_clustering_results_20250725_211735.csv:53', 'truck_trajectory_clustering_results_20250725_211735.csv:135', 'truck_trajectory_clustering_results_20250725_212545.csv:200', 'truck_trajectory_clustering_results_20250725_213331.csv:191', 'truck_trajectory_clustering_results_20250725_213935.csv:201']",10
196,103.67853532270917,31.02964724701195,251,"[212, 128, 100, 147, 62, 18, 94, 112, 7, 234, 72]","['truck_trajectory_clustering_results_20250725_203345.csv:212', 'truck_trajectory_clustering_results_20250725_204300.csv:128', 'truck_trajectory_clustering_results_20250725_205128.csv:100', 'truck_trajectory_clustering_results_20250725_210016.csv:147', 'truck_trajectory_clustering_results_20250725_210852.csv:62', 'truck_trajectory_clustering_results_20250725_211735.csv:18', 'truck_trajectory_clustering_results_20250725_212545.csv:94', 'truck_trajectory_clustering_results_20250725_212545.csv:112', 'truck_trajectory_clustering_results_20250725_213331.csv:7', 'truck_trajectory_clustering_results_20250725_213331.csv:234', 'truck_trajectory_clustering_results_20250725_213935.csv:72']",11
197,104.09961819791666,30.459432687499998,96,"[214, 77, 226, 100, 103, 271, 275]","['truck_trajectory_clustering_results_20250725_203345.csv:214', 'truck_trajectory_clustering_results_20250725_204300.csv:77', 'truck_trajectory_clustering_results_20250725_205128.csv:226', 'truck_trajectory_clustering_results_20250725_210016.csv:100', 'truck_trajectory_clustering_results_20250725_210852.csv:103', 'truck_trajectory_clustering_results_20250725_211735.csv:271', 'truck_trajectory_clustering_results_20250725_211735.csv:275']",7
198,103.99882632142858,30.46712163095238,84,"[215, 151, 198, 119, 129]","['truck_trajectory_clustering_results_20250725_203345.csv:215', 'truck_trajectory_clustering_results_20250725_205128.csv:151', 'truck_trajectory_clustering_results_20250725_210016.csv:198', 'truck_trajectory_clustering_results_20250725_210852.csv:119', 'truck_trajectory_clustering_results_20250725_211735.csv:129']",5
199,104.00760997183099,30.554167169014086,71,"[216, 216, 198, 65, 82, 220]","['truck_trajectory_clustering_results_20250725_203345.csv:216', 'truck_trajectory_clustering_results_20250725_210016.csv:216', 'truck_trajectory_clustering_results_20250725_211735.csv:198', 'truck_trajectory_clustering_results_20250725_212545.csv:65', 'truck_trajectory_clustering_results_20250725_213331.csv:82', 'truck_trajectory_clustering_results_20250725_213935.csv:220']",6
200,104.21427097474746,30.651410297979794,198,"[217, 274, 16, 88, 3, 148, 98, 160, 19, 177, 185]","['truck_trajectory_clustering_results_20250725_203345.csv:217', 'truck_trajectory_clustering_results_20250725_203345.csv:274', 'truck_trajectory_clustering_results_20250725_204300.csv:16', 'truck_trajectory_clustering_results_20250725_205128.csv:88', 'truck_trajectory_clustering_results_20250725_210016.csv:3', 'truck_trajectory_clustering_results_20250725_210852.csv:148', 'truck_trajectory_clustering_results_20250725_211735.csv:98', 'truck_trajectory_clustering_results_20250725_212545.csv:160', 'truck_trajectory_clustering_results_20250725_213331.csv:19', 'truck_trajectory_clustering_results_20250725_213331.csv:177', 'truck_trajectory_clustering_results_20250725_213935.csv:185']",11
201,104.55636264285715,30.37281685714286,28,"[218, 99, 274]","['truck_trajectory_clustering_results_20250725_203345.csv:218', 'truck_trajectory_clustering_results_20250725_211735.csv:99', 'truck_trajectory_clustering_results_20250725_213935.csv:274']",3
202,103.88028299999999,30.604263631578945,38,"[219, 233, 193, 152]","['truck_trajectory_clustering_results_20250725_203345.csv:219', 'truck_trajectory_clustering_results_20250725_204300.csv:233', 'truck_trajectory_clustering_results_20250725_210016.csv:193', 'truck_trajectory_clustering_results_20250725_213331.csv:152']",4
203,103.78192851428571,30.67566034285714,35,"[220, 152, 108, 182]","['truck_trajectory_clustering_results_20250725_203345.csv:220', 'truck_trajectory_clustering_results_20250725_205128.csv:152', 'truck_trajectory_clustering_results_20250725_210016.csv:108', 'truck_trajectory_clustering_results_20250725_213331.csv:182']",4
204,104.1087978095238,30.76849857142857,21,"[221, 248]","['truck_trajectory_clustering_results_20250725_203345.csv:221', 'truck_trajectory_clustering_results_20250725_203345.csv:248']",2
205,104.32729362790698,30.306558796511624,172,"[222, 163, 148, 136, 24, 146, 248, 230]","['truck_trajectory_clustering_results_20250725_203345.csv:222', 'truck_trajectory_clustering_results_20250725_204300.csv:163', 'truck_trajectory_clustering_results_20250725_205128.csv:148', 'truck_trajectory_clustering_results_20250725_210016.csv:136', 'truck_trajectory_clustering_results_20250725_210852.csv:24', 'truck_trajectory_clustering_results_20250725_211735.csv:146', 'truck_trajectory_clustering_results_20250725_213331.csv:248', 'truck_trajectory_clustering_results_20250725_213935.csv:230']",8
206,103.51726529166666,30.75016395833333,24,"[223, 98, 226]","['truck_trajectory_clustering_results_20250725_203345.csv:223', 'truck_trajectory_clustering_results_20250725_205128.csv:98', 'truck_trajectory_clustering_results_20250725_213935.csv:226']",3
207,104.19502632876711,30.528331575342467,73,"[224, 166, 50, 66, 138, 268]","['truck_trajectory_clustering_results_20250725_203345.csv:224', 'truck_trajectory_clustering_results_20250725_210016.csv:166', 'truck_trajectory_clustering_results_20250725_210852.csv:50', 'truck_trajectory_clustering_results_20250725_211735.csv:66', 'truck_trajectory_clustering_results_20250725_211735.csv:138', 'truck_trajectory_clustering_results_20250725_213935.csv:268']",6
208,103.91636715555555,30.369295192592592,135,"[227, 179, 163, 172, 116, 234, 152, 149, 42]","['truck_trajectory_clustering_results_20250725_203345.csv:227', 'truck_trajectory_clustering_results_20250725_204300.csv:179', 'truck_trajectory_clustering_results_20250725_205128.csv:163', 'truck_trajectory_clustering_results_20250725_210016.csv:172', 'truck_trajectory_clustering_results_20250725_210852.csv:116', 'truck_trajectory_clustering_results_20250725_211735.csv:234', 'truck_trajectory_clustering_results_20250725_212545.csv:152', 'truck_trajectory_clustering_results_20250725_213331.csv:149', 'truck_trajectory_clustering_results_20250725_213935.csv:42']",9
209,104.08361589690722,30.455601783505156,194,"[228, 271, 138, 228, 222, 66, 5, 11, 254, 262, 279, 131]","['truck_trajectory_clustering_results_20250725_203345.csv:228', 'truck_trajectory_clustering_results_20250725_203345.csv:271', 'truck_trajectory_clustering_results_20250725_204300.csv:138', 'truck_trajectory_clustering_results_20250725_204300.csv:228', 'truck_trajectory_clustering_results_20250725_205128.csv:222', 'truck_trajectory_clustering_results_20250725_210016.csv:66', 'truck_trajectory_clustering_results_20250725_210852.csv:5', 'truck_trajectory_clustering_results_20250725_211735.csv:11', 'truck_trajectory_clustering_results_20250725_212545.csv:254', 'truck_trajectory_clustering_results_20250725_212545.csv:262', 'truck_trajectory_clustering_results_20250725_213331.csv:279', 'truck_trajectory_clustering_results_20250725_213935.csv:131']",12
210,104.08513924590164,30.68341385245902,61,"[229, 40, 241, 33, 246, 195]","['truck_trajectory_clustering_results_20250725_203345.csv:229', 'truck_trajectory_clustering_results_20250725_204300.csv:40', 'truck_trajectory_clustering_results_20250725_210016.csv:241', 'truck_trajectory_clustering_results_20250725_210852.csv:33', 'truck_trajectory_clustering_results_20250725_211735.csv:246', 'truck_trajectory_clustering_results_20250725_212545.csv:195']",6
211,103.95232023913043,30.427984108695654,184,"[230, 160, 79, 26, 25, 171, 14, 133]","['truck_trajectory_clustering_results_20250725_203345.csv:230', 'truck_trajectory_clustering_results_20250725_205128.csv:160', 'truck_trajectory_clustering_results_20250725_210016.csv:79', 'truck_trajectory_clustering_results_20250725_210852.csv:26', 'truck_trajectory_clustering_results_20250725_211735.csv:25', 'truck_trajectory_clustering_results_20250725_212545.csv:171', 'truck_trajectory_clustering_results_20250725_213331.csv:14', 'truck_trajectory_clustering_results_20250725_213935.csv:133']",8
212,104.31576187128714,30.302894633663364,101,"[231, 165, 251, 192, 227, 118, 4, 39]","['truck_trajectory_clustering_results_20250725_203345.csv:231', 'truck_trajectory_clustering_results_20250725_204300.csv:165', 'truck_trajectory_clustering_results_20250725_205128.csv:251', 'truck_trajectory_clustering_results_20250725_210852.csv:192', 'truck_trajectory_clustering_results_20250725_211735.csv:227', 'truck_trajectory_clustering_results_20250725_212545.csv:118', 'truck_trajectory_clustering_results_20250725_213331.csv:4', 'truck_trajectory_clustering_results_20250725_213935.csv:39']",8
213,104.11561188888889,30.452460777777773,9,[232],['truck_trajectory_clustering_results_20250725_203345.csv:232'],1
214,104.44623618181818,30.473023454545455,11,[233],['truck_trajectory_clustering_results_20250725_203345.csv:233'],1
215,103.91186584848484,30.798623939393938,66,"[234, 39, 196, 62, 232, 246]","['truck_trajectory_clustering_results_20250725_203345.csv:234', 'truck_trajectory_clustering_results_20250725_205128.csv:39', 'truck_trajectory_clustering_results_20250725_210852.csv:196', 'truck_trajectory_clustering_results_20250725_211735.csv:62', 'truck_trajectory_clustering_results_20250725_213331.csv:232', 'truck_trajectory_clustering_results_20250725_213935.csv:246']",6
216,103.95155109090909,31.01271945454545,11,[235],['truck_trajectory_clustering_results_20250725_203345.csv:235'],1
217,104.03695322727273,30.148138712121217,66,"[236, 129, 216, 108, 81, 181, 145]","['truck_trajectory_clustering_results_20250725_203345.csv:236', 'truck_trajectory_clustering_results_20250725_210016.csv:129', 'truck_trajectory_clustering_results_20250725_210852.csv:216', 'truck_trajectory_clustering_results_20250725_211735.csv:108', 'truck_trajectory_clustering_results_20250725_212545.csv:81', 'truck_trajectory_clustering_results_20250725_213331.csv:181', 'truck_trajectory_clustering_results_20250725_213935.csv:145']",7
218,104.31245047619048,30.87462628571429,21,"[237, 255]","['truck_trajectory_clustering_results_20250725_203345.csv:237', 'truck_trajectory_clustering_results_20250725_212545.csv:255']",2
219,104.19316896000001,30.739973159999998,25,"[238, 225]","['truck_trajectory_clustering_results_20250725_203345.csv:238', 'truck_trajectory_clustering_results_20250725_205128.csv:225']",2
220,104.28696612121213,30.696890333333332,33,"[239, 196]","['truck_trajectory_clustering_results_20250725_203345.csv:239', 'truck_trajectory_clustering_results_20250725_212545.csv:196']",2
221,104.4726168,30.49353,10,[240],['truck_trajectory_clustering_results_20250725_203345.csv:240'],1
222,104.2261468190476,30.52520763809524,105,"[242, 181, 184, 52, 183, 85, 91, 94, 76]","['truck_trajectory_clustering_results_20250725_203345.csv:242', 'truck_trajectory_clustering_results_20250725_204300.csv:181', 'truck_trajectory_clustering_results_20250725_205128.csv:184', 'truck_trajectory_clustering_results_20250725_210016.csv:52', 'truck_trajectory_clustering_results_20250725_210852.csv:183', 'truck_trajectory_clustering_results_20250725_211735.csv:85', 'truck_trajectory_clustering_results_20250725_212545.csv:91', 'truck_trajectory_clustering_results_20250725_213331.csv:94', 'truck_trajectory_clustering_results_20250725_213935.csv:76']",9
223,103.89305887500001,31.019377,8,[243],['truck_trajectory_clustering_results_20250725_203345.csv:243'],1
224,104.48850136082476,30.461106546391754,97,"[245, 259, 244, 125, 220, 104, 39, 51, 31]","['truck_trajectory_clustering_results_20250725_203345.csv:245', 'truck_trajectory_clustering_results_20250725_205128.csv:259', 'truck_trajectory_clustering_results_20250725_210016.csv:244', 'truck_trajectory_clustering_results_20250725_210852.csv:125', 'truck_trajectory_clustering_results_20250725_211735.csv:220', 'truck_trajectory_clustering_results_20250725_212545.csv:104', 'truck_trajectory_clustering_results_20250725_213331.csv:39', 'truck_trajectory_clustering_results_20250725_213331.csv:51', 'truck_trajectory_clustering_results_20250725_213935.csv:31']",9
225,104.50150083544303,30.473973582278486,79,"[246, 63, 161, 115, 186, 85]","['truck_trajectory_clustering_results_20250725_203345.csv:246', 'truck_trajectory_clustering_results_20250725_205128.csv:63', 'truck_trajectory_clustering_results_20250725_210016.csv:161', 'truck_trajectory_clustering_results_20250725_210852.csv:115', 'truck_trajectory_clustering_results_20250725_211735.csv:186', 'truck_trajectory_clustering_results_20250725_213935.csv:85']",6
226,104.5369516,30.3529553,10,[250],['truck_trajectory_clustering_results_20250725_203345.csv:250'],1
227,104.36301641176472,31.067834647058824,17,"[251, 31]","['truck_trajectory_clustering_results_20250725_203345.csv:251', 'truck_trajectory_clustering_results_20250725_204300.csv:31']",2
228,104.568242375,30.70709475,8,[252],['truck_trajectory_clustering_results_20250725_203345.csv:252'],1
229,103.50587602752294,30.559128339449543,109,"[253, 177, 150, 65, 187, 249, 247, 49]","['truck_trajectory_clustering_results_20250725_203345.csv:253', 'truck_trajectory_clustering_results_20250725_205128.csv:177', 'truck_trajectory_clustering_results_20250725_210016.csv:150', 'truck_trajectory_clustering_results_20250725_210852.csv:65', 'truck_trajectory_clustering_results_20250725_211735.csv:187', 'truck_trajectory_clustering_results_20250725_212545.csv:249', 'truck_trajectory_clustering_results_20250725_213331.csv:247', 'truck_trajectory_clustering_results_20250725_213935.csv:49']",8
230,104.08341608333335,30.719902083333334,12,[254],['truck_trajectory_clustering_results_20250725_203345.csv:254'],1
231,103.9081890625,30.9727861875,16,"[255, 189]","['truck_trajectory_clustering_results_20250725_203345.csv:255', 'truck_trajectory_clustering_results_20250725_212545.csv:189']",2
232,104.40176077358491,30.997332566037738,53,"[256, 265, 45, 228, 218]","['truck_trajectory_clustering_results_20250725_203345.csv:256', 'truck_trajectory_clustering_results_20250725_204300.csv:265', 'truck_trajectory_clustering_results_20250725_210016.csv:45', 'truck_trajectory_clustering_results_20250725_211735.csv:228', 'truck_trajectory_clustering_results_20250725_212545.csv:218']",5
233,104.02254365217392,30.523018478260866,23,"[257, 161]","['truck_trajectory_clustering_results_20250725_203345.csv:257', 'truck_trajectory_clustering_results_20250725_211735.csv:161']",2
234,104.34223836363635,31.150277000000003,11,[258],['truck_trajectory_clustering_results_20250725_203345.csv:258'],1
235,104.03817411111112,30.35855238888889,18,"[259, 124]","['truck_trajectory_clustering_results_20250725_203345.csv:259', 'truck_trajectory_clustering_results_20250725_212545.csv:124']",2
236,104.492472,30.323046188679246,53,"[260, 97, 68, 255]","['truck_trajectory_clustering_results_20250725_203345.csv:260', 'truck_trajectory_clustering_results_20250725_204300.csv:97', 'truck_trajectory_clustering_results_20250725_205128.csv:68', 'truck_trajectory_clustering_results_20250725_210852.csv:255']",4
237,104.09855953658536,30.8851097804878,41,"[261, 73, 217, 60]","['truck_trajectory_clustering_results_20250725_203345.csv:261', 'truck_trajectory_clustering_results_20250725_205128.csv:73', 'truck_trajectory_clustering_results_20250725_210016.csv:217', 'truck_trajectory_clustering_results_20250725_213935.csv:60']",4
238,104.36659694736842,30.304584578947367,19,"[262, 94]","['truck_trajectory_clustering_results_20250725_203345.csv:262', 'truck_trajectory_clustering_results_20250725_204300.csv:94']",2
239,104.36267143902438,30.658485268292686,41,"[263, 261, 234, 206]","['truck_trajectory_clustering_results_20250725_203345.csv:263', 'truck_trajectory_clustering_results_20250725_205128.csv:261', 'truck_trajectory_clustering_results_20250725_210016.csv:234', 'truck_trajectory_clustering_results_20250725_211735.csv:206']",4
240,103.91261214814814,30.97888748148148,27,"[264, 244]","['truck_trajectory_clustering_results_20250725_203345.csv:264', 'truck_trajectory_clustering_results_20250725_210852.csv:244']",2
241,103.95677888372094,30.03108023255814,43,"[265, 18, 203, 310]","['truck_trajectory_clustering_results_20250725_203345.csv:265', 'truck_trajectory_clustering_results_20250725_210852.csv:18', 'truck_trajectory_clustering_results_20250725_211735.csv:203', 'truck_trajectory_clustering_results_20250725_213935.csv:310']",4
242,103.995193,30.643098,8,[266],['truck_trajectory_clustering_results_20250725_203345.csv:266'],1
243,104.58227135294116,30.11546888235294,17,"[267, 207]","['truck_trajectory_clustering_results_20250725_203345.csv:267', 'truck_trajectory_clustering_results_20250725_204300.csv:207']",2
244,103.97346564,30.57910584,25,"[268, 74, 106]","['truck_trajectory_clustering_results_20250725_203345.csv:268', 'truck_trajectory_clustering_results_20250725_210852.csv:74', 'truck_trajectory_clustering_results_20250725_212545.csv:106']",3
245,104.18116675,30.703539375,8,[269],['truck_trajectory_clustering_results_20250725_203345.csv:269'],1
246,103.47906845454546,30.427886030303032,33,"[270, 276, 284]","['truck_trajectory_clustering_results_20250725_203345.csv:270', 'truck_trajectory_clustering_results_20250725_212545.csv:276', 'truck_trajectory_clustering_results_20250725_213935.csv:284']",3
247,103.69674964102565,30.397622923076923,39,"[272, 268, 38, 299]","['truck_trajectory_clustering_results_20250725_203345.csv:272', 'truck_trajectory_clustering_results_20250725_210016.csv:268', 'truck_trajectory_clustering_results_20250725_210852.csv:38', 'truck_trajectory_clustering_results_20250725_213935.csv:299']",4
248,103.87517452380953,30.480193047619043,21,"[273, 180]","['truck_trajectory_clustering_results_20250725_203345.csv:273', 'truck_trajectory_clustering_results_20250725_213935.csv:180']",2
249,104.12089964285714,30.501598714285716,70,"[3, 204, 57, 189, 210, 249]","['truck_trajectory_clustering_results_20250725_204300.csv:3', 'truck_trajectory_clustering_results_20250725_210016.csv:204', 'truck_trajectory_clustering_results_20250725_210852.csv:57', 'truck_trajectory_clustering_results_20250725_211735.csv:189', 'truck_trajectory_clustering_results_20250725_212545.csv:210', 'truck_trajectory_clustering_results_20250725_213935.csv:249']",6
250,104.31870083823529,30.861166058823528,136,"[8, 108, 22, 108, 152, 43, 57, 106]","['truck_trajectory_clustering_results_20250725_204300.csv:8', 'truck_trajectory_clustering_results_20250725_205128.csv:108', 'truck_trajectory_clustering_results_20250725_210016.csv:22', 'truck_trajectory_clustering_results_20250725_210852.csv:108', 'truck_trajectory_clustering_results_20250725_211735.csv:152', 'truck_trajectory_clustering_results_20250725_212545.csv:43', 'truck_trajectory_clustering_results_20250725_213331.csv:57', 'truck_trajectory_clustering_results_20250725_213935.csv:106']",8
251,103.8621913125,30.7107936875,16,[10],['truck_trajectory_clustering_results_20250725_204300.csv:10'],1
252,104.00552870588236,30.514952,17,"[20, 256]","['truck_trajectory_clustering_results_20250725_204300.csv:20', 'truck_trajectory_clustering_results_20250725_211735.csv:256']",2
253,104.21102144000001,30.60814328,25,[30],['truck_trajectory_clustering_results_20250725_204300.csv:30'],1
254,104.11532120338983,30.41767059322034,59,"[32, 186, 274, 208, 100]","['truck_trajectory_clustering_results_20250725_204300.csv:32', 'truck_trajectory_clustering_results_20250725_205128.csv:186', 'truck_trajectory_clustering_results_20250725_212545.csv:274', 'truck_trajectory_clustering_results_20250725_213331.csv:208', 'truck_trajectory_clustering_results_20250725_213935.csv:100']",5
255,104.24899913793104,30.772455609195408,87,"[35, 118, 133, 194, 231, 76, 67, 255]","['truck_trajectory_clustering_results_20250725_204300.csv:35', 'truck_trajectory_clustering_results_20250725_205128.csv:118', 'truck_trajectory_clustering_results_20250725_210016.csv:133', 'truck_trajectory_clustering_results_20250725_210852.csv:194', 'truck_trajectory_clustering_results_20250725_211735.csv:231', 'truck_trajectory_clustering_results_20250725_212545.csv:76', 'truck_trajectory_clustering_results_20250725_213331.csv:67', 'truck_trajectory_clustering_results_20250725_213935.csv:255']",8
256,104.008053,30.7188754375,16,"[43, 286]","['truck_trajectory_clustering_results_20250725_204300.csv:43', 'truck_trajectory_clustering_results_20250725_213935.csv:286']",2
257,104.105858,30.451281888888886,9,[61],['truck_trajectory_clustering_results_20250725_204300.csv:61'],1
258,104.05074065217391,30.66438006521739,46,"[67, 92, 15]","['truck_trajectory_clustering_results_20250725_204300.csv:67', 'truck_trajectory_clustering_results_20250725_205128.csv:92', 'truck_trajectory_clustering_results_20250725_210016.csv:15']",3
259,104.15278421212122,30.781751106060607,66,"[70, 219, 197, 225, 184, 239]","['truck_trajectory_clustering_results_20250725_204300.csv:70', 'truck_trajectory_clustering_results_20250725_205128.csv:219', 'truck_trajectory_clustering_results_20250725_211735.csv:197', 'truck_trajectory_clustering_results_20250725_212545.csv:225', 'truck_trajectory_clustering_results_20250725_213331.csv:184', 'truck_trajectory_clustering_results_20250725_213935.csv:239']",6
260,103.91706765384615,30.397730923076924,26,"[73, 248, 4]","['truck_trajectory_clustering_results_20250725_204300.csv:73', 'truck_trajectory_clustering_results_20250725_205128.csv:248', 'truck_trajectory_clustering_results_20250725_213935.csv:4']",3
261,104.39753049999999,30.824099999999998,10,[81],['truck_trajectory_clustering_results_20250725_204300.csv:81'],1
262,104.082464,30.646311444444443,9,[85],['truck_trajectory_clustering_results_20250725_204300.csv:85'],1
263,104.10367513636365,30.53215972727273,22,"[87, 154]","['truck_trajectory_clustering_results_20250725_204300.csv:87', 'truck_trajectory_clustering_results_20250725_213331.csv:154']",2
264,104.11589743137255,30.584334901960784,102,"[89, 82, 165, 20, 115, 25, 337]","['truck_trajectory_clustering_results_20250725_204300.csv:89', 'truck_trajectory_clustering_results_20250725_205128.csv:82', 'truck_trajectory_clustering_results_20250725_210016.csv:165', 'truck_trajectory_clustering_results_20250725_210852.csv:20', 'truck_trajectory_clustering_results_20250725_212545.csv:115', 'truck_trajectory_clustering_results_20250725_213331.csv:25', 'truck_trajectory_clustering_results_20250725_213935.csv:337']",7
265,103.97195567391306,30.46946606521739,92,"[92, 110, 54, 224]","['truck_trajectory_clustering_results_20250725_204300.csv:92', 'truck_trajectory_clustering_results_20250725_205128.csv:110', 'truck_trajectory_clustering_results_20250725_210852.csv:54', 'truck_trajectory_clustering_results_20250725_210852.csv:224']",4
266,104.072342,30.200882,8,[101],['truck_trajectory_clustering_results_20250725_204300.csv:101'],1
267,103.98268555555553,30.45364216666667,18,"[105, 153]","['truck_trajectory_clustering_results_20250725_204300.csv:105', 'truck_trajectory_clustering_results_20250725_205128.csv:153']",2
268,104.52210300000002,30.42985798870057,177,"[109, 241, 38, 263, 168, 199, 48, 149]","['truck_trajectory_clustering_results_20250725_204300.csv:109', 'truck_trajectory_clustering_results_20250725_205128.csv:241', 'truck_trajectory_clustering_results_20250725_210016.csv:38', 'truck_trajectory_clustering_results_20250725_210852.csv:263', 'truck_trajectory_clustering_results_20250725_211735.csv:168', 'truck_trajectory_clustering_results_20250725_212545.csv:199', 'truck_trajectory_clustering_results_20250725_213331.csv:48', 'truck_trajectory_clustering_results_20250725_213935.csv:149']",8
269,104.06050762068966,31.245428689655174,29,"[110, 8, 119]","['truck_trajectory_clustering_results_20250725_204300.csv:110', 'truck_trajectory_clustering_results_20250725_205128.csv:8', 'truck_trajectory_clustering_results_20250725_212545.csv:119']",3
270,104.36158162500001,30.4349394375,32,"[111, 190, 163]","['truck_trajectory_clustering_results_20250725_204300.csv:111', 'truck_trajectory_clustering_results_20250725_210852.csv:190', 'truck_trajectory_clustering_results_20250725_211735.csv:163']",3
271,103.44969958823529,30.466805705882354,17,"[113, 17]","['truck_trajectory_clustering_results_20250725_204300.csv:113', 'truck_trajectory_clustering_results_20250725_205128.csv:17']",2
272,104.3535945882353,30.99590647058823,17,"[115, 318]","['truck_trajectory_clustering_results_20250725_204300.csv:115', 'truck_trajectory_clustering_results_20250725_213935.csv:318']",2
273,103.68192040909092,30.596692954545457,44,"[123, 24, 211, 236]","['truck_trajectory_clustering_results_20250725_204300.csv:123', 'truck_trajectory_clustering_results_20250725_205128.csv:24', 'truck_trajectory_clustering_results_20250725_212545.csv:211', 'truck_trajectory_clustering_results_20250725_213935.csv:236']",4
274,104.1538982,30.727164949999995,20,"[124, 193]","['truck_trajectory_clustering_results_20250725_204300.csv:124', 'truck_trajectory_clustering_results_20250725_205128.csv:193']",2
275,104.09252587499999,30.524203205357143,112,"[129, 81, 83, 15, 27, 123]","['truck_trajectory_clustering_results_20250725_204300.csv:129', 'truck_trajectory_clustering_results_20250725_205128.csv:81', 'truck_trajectory_clustering_results_20250725_210016.csv:83', 'truck_trajectory_clustering_results_20250725_210852.csv:15', 'truck_trajectory_clustering_results_20250725_211735.csv:27', 'truck_trajectory_clustering_results_20250725_213331.csv:123']",6
276,103.5305112,31.4103818,10,[133],['truck_trajectory_clustering_results_20250725_204300.csv:133'],1
277,104.39190454761906,30.29949038095238,84,"[134, 104, 144, 218, 139, 54]","['truck_trajectory_clustering_results_20250725_204300.csv:134', 'truck_trajectory_clustering_results_20250725_205128.csv:104', 'truck_trajectory_clustering_results_20250725_210016.csv:144', 'truck_trajectory_clustering_results_20250725_210852.csv:218', 'truck_trajectory_clustering_results_20250725_213331.csv:139', 'truck_trajectory_clustering_results_20250725_213935.csv:54']",6
278,103.88786793999999,30.661085840000002,50,"[136, 223, 191, 244, 250]","['truck_trajectory_clustering_results_20250725_204300.csv:136', 'truck_trajectory_clustering_results_20250725_210852.csv:223', 'truck_trajectory_clustering_results_20250725_211735.csv:191', 'truck_trajectory_clustering_results_20250725_213331.csv:244', 'truck_trajectory_clustering_results_20250725_213935.csv:250']",5
279,103.60111141836734,31.064686469387755,98,"[141, 76, 96, 233, 259, 186, 157, 41]","['truck_trajectory_clustering_results_20250725_204300.csv:141', 'truck_trajectory_clustering_results_20250725_205128.csv:76', 'truck_trajectory_clustering_results_20250725_210016.csv:96', 'truck_trajectory_clustering_results_20250725_210852.csv:233', 'truck_trajectory_clustering_results_20250725_211735.csv:259', 'truck_trajectory_clustering_results_20250725_212545.csv:186', 'truck_trajectory_clustering_results_20250725_213331.csv:157', 'truck_trajectory_clustering_results_20250725_213935.csv:41']",8
280,103.95490833333332,30.491991,9,[147],['truck_trajectory_clustering_results_20250725_204300.csv:147'],1
281,104.26785289473683,30.65039515789474,19,"[152, 173]","['truck_trajectory_clustering_results_20250725_204300.csv:152', 'truck_trajectory_clustering_results_20250725_205128.csv:173']",2
282,104.10192553260869,30.497608826086953,92,"[155, 114, 184, 56, 107]","['truck_trajectory_clustering_results_20250725_204300.csv:155', 'truck_trajectory_clustering_results_20250725_205128.csv:114', 'truck_trajectory_clustering_results_20250725_210852.csv:184', 'truck_trajectory_clustering_results_20250725_211735.csv:56', 'truck_trajectory_clustering_results_20250725_213331.csv:107']",5
283,103.99363240000001,30.746540400000004,25,"[156, 150]","['truck_trajectory_clustering_results_20250725_204300.csv:156', 'truck_trajectory_clustering_results_20250725_210852.csv:150']",2
284,103.798969,29.771908555555555,9,[157],['truck_trajectory_clustering_results_20250725_204300.csv:157'],1
285,104.42356195652174,30.474178739130434,46,"[164, 249, 260, 229, 223]","['truck_trajectory_clustering_results_20250725_204300.csv:164', 'truck_trajectory_clustering_results_20250725_210852.csv:249', 'truck_trajectory_clustering_results_20250725_212545.csv:260', 'truck_trajectory_clustering_results_20250725_213331.csv:229', 'truck_trajectory_clustering_results_20250725_213935.csv:223']",5
286,103.6425954637681,30.942844884057973,69,"[172, 48, 190, 268, 2, 206, 209]","['truck_trajectory_clustering_results_20250725_204300.csv:172', 'truck_trajectory_clustering_results_20250725_205128.csv:48', 'truck_trajectory_clustering_results_20250725_210016.csv:190', 'truck_trajectory_clustering_results_20250725_210852.csv:268', 'truck_trajectory_clustering_results_20250725_212545.csv:2', 'truck_trajectory_clustering_results_20250725_213331.csv:206', 'truck_trajectory_clustering_results_20250725_213935.csv:209']",7
287,104.52211792,30.662803720000003,25,"[173, 253]","['truck_trajectory_clustering_results_20250725_204300.csv:173', 'truck_trajectory_clustering_results_20250725_205128.csv:253']",2
288,103.95953715384616,30.43824230769231,13,[174],['truck_trajectory_clustering_results_20250725_204300.csv:174'],1
289,104.17998917647058,30.61949964705882,17,"[175, 304]","['truck_trajectory_clustering_results_20250725_204300.csv:175', 'truck_trajectory_clustering_results_20250725_213935.csv:304']",2
290,103.48978902272728,30.184626522727275,44,"[177, 220, 92, 262]","['truck_trajectory_clustering_results_20250725_204300.csv:177', 'truck_trajectory_clustering_results_20250725_210016.csv:220', 'truck_trajectory_clustering_results_20250725_211735.csv:92', 'truck_trajectory_clustering_results_20250725_213331.csv:262']",4
291,104.29350500000001,30.850475692307693,13,[178],['truck_trajectory_clustering_results_20250725_204300.csv:178'],1
292,103.79696492957744,30.64491311267606,142,"[180, 235, 61, 211, 158, 176, 11, 8, 147, 158, 180, 205, 218]","['truck_trajectory_clustering_results_20250725_204300.csv:180', 'truck_trajectory_clustering_results_20250725_204300.csv:235', 'truck_trajectory_clustering_results_20250725_205128.csv:61', 'truck_trajectory_clustering_results_20250725_205128.csv:211', 'truck_trajectory_clustering_results_20250725_210016.csv:158', 'truck_trajectory_clustering_results_20250725_210016.csv:176', 'truck_trajectory_clustering_results_20250725_210852.csv:11', 'truck_trajectory_clustering_results_20250725_211735.csv:8', 'truck_trajectory_clustering_results_20250725_211735.csv:147', 'truck_trajectory_clustering_results_20250725_213331.csv:158', 'truck_trajectory_clustering_results_20250725_213331.csv:180', 'truck_trajectory_clustering_results_20250725_213935.csv:205', 'truck_trajectory_clustering_results_20250725_213935.csv:218']",13
293,103.97341779661018,30.623720237288133,59,"[182, 137, 141, 146, 204]","['truck_trajectory_clustering_results_20250725_204300.csv:182', 'truck_trajectory_clustering_results_20250725_205128.csv:137', 'truck_trajectory_clustering_results_20250725_210016.csv:141', 'truck_trajectory_clustering_results_20250725_210016.csv:146', 'truck_trajectory_clustering_results_20250725_211735.csv:204']",5
294,104.21535436082475,30.821080814432985,97,"[186, 192, 21, 173, 245, 245, 186, 224]","['truck_trajectory_clustering_results_20250725_204300.csv:186', 'truck_trajectory_clustering_results_20250725_205128.csv:192', 'truck_trajectory_clustering_results_20250725_210016.csv:21', 'truck_trajectory_clustering_results_20250725_210852.csv:173', 'truck_trajectory_clustering_results_20250725_211735.csv:245', 'truck_trajectory_clustering_results_20250725_212545.csv:245', 'truck_trajectory_clustering_results_20250725_213331.csv:186', 'truck_trajectory_clustering_results_20250725_213935.csv:224']",8
295,103.67519225,30.905589250000002,8,[192],['truck_trajectory_clustering_results_20250725_204300.csv:192'],1
296,103.6402790625,30.4660160625,96,"[193, 119, 42, 165, 50, 63, 48]","['truck_trajectory_clustering_results_20250725_204300.csv:193', 'truck_trajectory_clustering_results_20250725_205128.csv:119', 'truck_trajectory_clustering_results_20250725_210016.csv:42', 'truck_trajectory_clustering_results_20250725_211735.csv:165', 'truck_trajectory_clustering_results_20250725_212545.csv:50', 'truck_trajectory_clustering_results_20250725_213331.csv:63', 'truck_trajectory_clustering_results_20250725_213935.csv:48']",7
297,103.72487522535211,30.578262295774646,71,"[195, 130, 257, 122, 93, 176]","['truck_trajectory_clustering_results_20250725_204300.csv:195', 'truck_trajectory_clustering_results_20250725_205128.csv:130', 'truck_trajectory_clustering_results_20250725_210016.csv:257', 'truck_trajectory_clustering_results_20250725_210852.csv:122', 'truck_trajectory_clustering_results_20250725_211735.csv:93', 'truck_trajectory_clustering_results_20250725_212545.csv:176']",6
298,104.00081727272728,30.762796333333338,33,"[198, 191, 35, 328]","['truck_trajectory_clustering_results_20250725_204300.csv:198', 'truck_trajectory_clustering_results_20250725_205128.csv:191', 'truck_trajectory_clustering_results_20250725_210852.csv:35', 'truck_trajectory_clustering_results_20250725_213935.csv:328']",4
299,104.62611606666665,30.858279333333332,15,[199],['truck_trajectory_clustering_results_20250725_204300.csv:199'],1
300,103.79071352941176,30.666833352941172,17,"[200, 200]","['truck_trajectory_clustering_results_20250725_204300.csv:200', 'truck_trajectory_clustering_results_20250725_213935.csv:200']",2
301,104.53726503883495,30.365869029126213,103,"[201, 202, 112, 117, 60, 236, 201, 202]","['truck_trajectory_clustering_results_20250725_204300.csv:201', 'truck_trajectory_clustering_results_20250725_205128.csv:202', 'truck_trajectory_clustering_results_20250725_210016.csv:112', 'truck_trajectory_clustering_results_20250725_210852.csv:117', 'truck_trajectory_clustering_results_20250725_211735.csv:60', 'truck_trajectory_clustering_results_20250725_212545.csv:236', 'truck_trajectory_clustering_results_20250725_213331.csv:201', 'truck_trajectory_clustering_results_20250725_213935.csv:202']",8
302,103.99525074999998,30.612722386363636,44,"[203, 60, 157, 156]","['truck_trajectory_clustering_results_20250725_204300.csv:203', 'truck_trajectory_clustering_results_20250725_210016.csv:60', 'truck_trajectory_clustering_results_20250725_212545.csv:157', 'truck_trajectory_clustering_results_20250725_213935.csv:156']",4
303,104.135034875,30.59014325,8,[205],['truck_trajectory_clustering_results_20250725_204300.csv:205'],1
304,104.10622578518517,30.587278518518517,135,"[209, 141, 92, 144, 9, 55, 143, 57]","['truck_trajectory_clustering_results_20250725_204300.csv:209', 'truck_trajectory_clustering_results_20250725_205128.csv:141', 'truck_trajectory_clustering_results_20250725_210016.csv:92', 'truck_trajectory_clustering_results_20250725_210852.csv:144', 'truck_trajectory_clustering_results_20250725_211735.csv:9', 'truck_trajectory_clustering_results_20250725_212545.csv:55', 'truck_trajectory_clustering_results_20250725_213331.csv:143', 'truck_trajectory_clustering_results_20250725_213935.csv:57']",8
305,103.97813542105264,30.200280473684213,19,"[212, 231]","['truck_trajectory_clustering_results_20250725_204300.csv:212', 'truck_trajectory_clustering_results_20250725_213331.csv:231']",2
306,103.85671490909091,30.442189363636363,22,"[214, 183]","['truck_trajectory_clustering_results_20250725_204300.csv:214', 'truck_trajectory_clustering_results_20250725_212545.csv:183']",2
307,104.22902722222221,30.854020111111108,9,[215],['truck_trajectory_clustering_results_20250725_204300.csv:215'],1
308,103.53330829411765,30.694224647058824,17,"[217, 208]","['truck_trajectory_clustering_results_20250725_204300.csv:217', 'truck_trajectory_clustering_results_20250725_213935.csv:208']",2
309,104.99066721568627,29.54255921568628,51,"[218, 128, 243, 166]","['truck_trajectory_clustering_results_20250725_204300.csv:218', 'truck_trajectory_clustering_results_20250725_210016.csv:128', 'truck_trajectory_clustering_results_20250725_212545.csv:243', 'truck_trajectory_clustering_results_20250725_213935.csv:166']",4
310,103.94907188235294,30.515648147058823,34,"[219, 0, 215, 321]","['truck_trajectory_clustering_results_20250725_204300.csv:219', 'truck_trajectory_clustering_results_20250725_205128.csv:0', 'truck_trajectory_clustering_results_20250725_210852.csv:215', 'truck_trajectory_clustering_results_20250725_213935.csv:321']",4
311,104.10935508917197,30.506794203821652,157,"[221, 154, 260, 263, 85, 260, 68, 237, 283, 24, 191, 225]","['truck_trajectory_clustering_results_20250725_204300.csv:221', 'truck_trajectory_clustering_results_20250725_205128.csv:154', 'truck_trajectory_clustering_results_20250725_205128.csv:260', 'truck_trajectory_clustering_results_20250725_205128.csv:263', 'truck_trajectory_clustering_results_20250725_210016.csv:85', 'truck_trajectory_clustering_results_20250725_210016.csv:260', 'truck_trajectory_clustering_results_20250725_210852.csv:68', 'truck_trajectory_clustering_results_20250725_210852.csv:237', 'truck_trajectory_clustering_results_20250725_211735.csv:283', 'truck_trajectory_clustering_results_20250725_212545.csv:24', 'truck_trajectory_clustering_results_20250725_212545.csv:191', 'truck_trajectory_clustering_results_20250725_213331.csv:225']",12
312,104.07927775,30.564606375,8,[223],['truck_trajectory_clustering_results_20250725_204300.csv:223'],1
313,104.0787004347826,30.684293652173913,23,"[226, 264]","['truck_trajectory_clustering_results_20250725_204300.csv:226', 'truck_trajectory_clustering_results_20250725_210852.csv:264']",2
314,104.16079596428573,30.643452857142854,28,"[227, 179, 317]","['truck_trajectory_clustering_results_20250725_204300.csv:227', 'truck_trajectory_clustering_results_20250725_210016.csv:179', 'truck_trajectory_clustering_results_20250725_213935.csv:317']",3
315,104.55206419999999,30.7162186,10,[231],['truck_trajectory_clustering_results_20250725_204300.csv:231'],1
316,104.32086944444444,30.281402666666665,9,[232],['truck_trajectory_clustering_results_20250725_204300.csv:232'],1
317,104.66265714285714,31.091485142857145,28,"[234, 173, 187]","['truck_trajectory_clustering_results_20250725_204300.csv:234', 'truck_trajectory_clustering_results_20250725_212545.csv:173', 'truck_trajectory_clustering_results_20250725_213331.csv:187']",3
318,103.50437037500001,30.57282545833333,24,"[237, 134]","['truck_trajectory_clustering_results_20250725_204300.csv:237', 'truck_trajectory_clustering_results_20250725_211735.csv:134']",2
319,103.45239838636365,30.37453211363636,44,"[247, 71, 12, 228]","['truck_trajectory_clustering_results_20250725_204300.csv:247', 'truck_trajectory_clustering_results_20250725_205128.csv:71', 'truck_trajectory_clustering_results_20250725_210016.csv:12', 'truck_trajectory_clustering_results_20250725_213331.csv:228']",4
320,104.84774375,29.75433875,8,[248],['truck_trajectory_clustering_results_20250725_204300.csv:248'],1
321,103.52751641176471,31.415504176470584,17,"[250, 59]","['truck_trajectory_clustering_results_20250725_204300.csv:250', 'truck_trajectory_clustering_results_20250725_205128.csv:59']",2
322,104.592379,30.0190825,8,[253],['truck_trajectory_clustering_results_20250725_204300.csv:253'],1
323,104.46905004477611,30.848088985074625,67,"[255, 149, 6, 197, 280, 51, 254]","['truck_trajectory_clustering_results_20250725_204300.csv:255', 'truck_trajectory_clustering_results_20250725_205128.csv:149', 'truck_trajectory_clustering_results_20250725_210016.csv:6', 'truck_trajectory_clustering_results_20250725_210852.csv:197', 'truck_trajectory_clustering_results_20250725_211735.csv:280', 'truck_trajectory_clustering_results_20250725_212545.csv:51', 'truck_trajectory_clustering_results_20250725_213331.csv:254']",7
324,103.509895625,30.562359999999998,8,[256],['truck_trajectory_clustering_results_20250725_204300.csv:256'],1
325,104.0018215,30.1279776875,16,"[257, 256]","['truck_trajectory_clustering_results_20250725_204300.csv:257', 'truck_trajectory_clustering_results_20250725_213935.csv:256']",2
326,104.0510146875,30.2598185625,48,"[258, 159, 71, 225]","['truck_trajectory_clustering_results_20250725_204300.csv:258', 'truck_trajectory_clustering_results_20250725_205128.csv:159', 'truck_trajectory_clustering_results_20250725_210852.csv:71', 'truck_trajectory_clustering_results_20250725_211735.csv:225']",4
327,103.72738326923078,30.559171346153846,26,"[261, 116, 279]","['truck_trajectory_clustering_results_20250725_204300.csv:261', 'truck_trajectory_clustering_results_20250725_210016.csv:116', 'truck_trajectory_clustering_results_20250725_212545.csv:279']",3
328,103.53208938235294,31.404750411764706,68,"[262, 11, 99, 135, 110]","['truck_trajectory_clustering_results_20250725_204300.csv:262', 'truck_trajectory_clustering_results_20250725_205128.csv:11', 'truck_trajectory_clustering_results_20250725_210016.csv:99', 'truck_trajectory_clustering_results_20250725_213331.csv:135', 'truck_trajectory_clustering_results_20250725_213935.csv:110']",5
329,104.00185483636363,30.5206004,55,"[264, 252, 261, 222, 266, 77]","['truck_trajectory_clustering_results_20250725_204300.csv:264', 'truck_trajectory_clustering_results_20250725_210016.csv:252', 'truck_trajectory_clustering_results_20250725_211735.csv:261', 'truck_trajectory_clustering_results_20250725_213331.csv:222', 'truck_trajectory_clustering_results_20250725_213331.csv:266', 'truck_trajectory_clustering_results_20250725_213935.csv:77']",6
330,104.0871668275862,30.748387379310348,29,"[266, 247, 129]","['truck_trajectory_clustering_results_20250725_204300.csv:266', 'truck_trajectory_clustering_results_20250725_210852.csv:247', 'truck_trajectory_clustering_results_20250725_213331.csv:129']",3
331,103.68259655555556,31.01294944444444,9,[18],['truck_trajectory_clustering_results_20250725_205128.csv:18'],1
332,103.97077709999999,30.989066100000002,10,[19],['truck_trajectory_clustering_results_20250725_205128.csv:19'],1
333,104.08346739759035,30.57860281927711,83,"[22, 227, 126, 266, 52]","['truck_trajectory_clustering_results_20250725_205128.csv:22', 'truck_trajectory_clustering_results_20250725_205128.csv:227', 'truck_trajectory_clustering_results_20250725_211735.csv:126', 'truck_trajectory_clustering_results_20250725_211735.csv:266', 'truck_trajectory_clustering_results_20250725_212545.csv:52']",5
334,103.92114465068494,30.703001849315072,146,"[25, 74, 104, 201, 6, 90, 199, 333]","['truck_trajectory_clustering_results_20250725_205128.csv:25', 'truck_trajectory_clustering_results_20250725_210016.csv:74', 'truck_trajectory_clustering_results_20250725_210852.csv:104', 'truck_trajectory_clustering_results_20250725_211735.csv:201', 'truck_trajectory_clustering_results_20250725_212545.csv:6', 'truck_trajectory_clustering_results_20250725_213331.csv:90', 'truck_trajectory_clustering_results_20250725_213935.csv:199', 'truck_trajectory_clustering_results_20250725_213935.csv:333']",8
335,104.21892355555556,30.655220694444445,36,"[28, 110, 55]","['truck_trajectory_clustering_results_20250725_205128.csv:28', 'truck_trajectory_clustering_results_20250725_213331.csv:110', 'truck_trajectory_clustering_results_20250725_213935.csv:55']",3
336,104.084975,30.44668275,8,[41],['truck_trajectory_clustering_results_20250725_205128.csv:41'],1
337,103.944947375,30.48401075,8,[54],['truck_trajectory_clustering_results_20250725_205128.csv:54'],1
338,103.91905525,30.2313125,12,[66],['truck_trajectory_clustering_results_20250725_205128.csv:66'],1
339,103.71381630645159,30.5265840483871,62,"[74, 238, 131, 194, 1, 134]","['truck_trajectory_clustering_results_20250725_205128.csv:74', 'truck_trajectory_clustering_results_20250725_210016.csv:238', 'truck_trajectory_clustering_results_20250725_210852.csv:131', 'truck_trajectory_clustering_results_20250725_212545.csv:194', 'truck_trajectory_clustering_results_20250725_213331.csv:1', 'truck_trajectory_clustering_results_20250725_213935.csv:134']",6
340,103.96309241463416,30.448117414634147,41,"[84, 168, 261, 216]","['truck_trajectory_clustering_results_20250725_205128.csv:84', 'truck_trajectory_clustering_results_20250725_210016.csv:168', 'truck_trajectory_clustering_results_20250725_210852.csv:261', 'truck_trajectory_clustering_results_20250725_213935.csv:216']",4
341,104.14341714285713,30.465786476190477,21,"[95, 176]","['truck_trajectory_clustering_results_20250725_205128.csv:95', 'truck_trajectory_clustering_results_20250725_211735.csv:176']",2
342,104.1495258,30.62258522,100,"[107, 163, 195, 131, 221, 116, 17]","['truck_trajectory_clustering_results_20250725_205128.csv:107', 'truck_trajectory_clustering_results_20250725_210016.csv:163', 'truck_trajectory_clustering_results_20250725_210852.csv:195', 'truck_trajectory_clustering_results_20250725_211735.csv:131', 'truck_trajectory_clustering_results_20250725_212545.csv:221', 'truck_trajectory_clustering_results_20250725_213331.csv:116', 'truck_trajectory_clustering_results_20250725_213935.csv:17']",7
343,104.23702610000001,30.7240876,10,[109],['truck_trajectory_clustering_results_20250725_205128.csv:109'],1
344,104.00388021212122,30.606360939393937,33,"[111, 69, 111, 111]","['truck_trajectory_clustering_results_20250725_205128.csv:111', 'truck_trajectory_clustering_results_20250725_210852.csv:69', 'truck_trajectory_clustering_results_20250725_211735.csv:111', 'truck_trajectory_clustering_results_20250725_213935.csv:111']",4
345,103.87508170000001,30.8305243,10,[112],['truck_trajectory_clustering_results_20250725_205128.csv:112'],1
346,104.60380496153847,30.684980807692305,26,"[124, 98]","['truck_trajectory_clustering_results_20250725_205128.csv:124', 'truck_trajectory_clustering_results_20250725_210016.csv:98']",2
347,104.36603418749999,30.857265062499998,16,"[125, 166]","['truck_trajectory_clustering_results_20250725_205128.csv:125', 'truck_trajectory_clustering_results_20250725_212545.csv:166']",2
348,104.3911371111111,30.281330777777775,9,[127],['truck_trajectory_clustering_results_20250725_205128.csv:127'],1
349,103.8912604,30.777580066666665,15,[128],['truck_trajectory_clustering_results_20250725_205128.csv:128'],1
350,104.1861085,30.55278939473685,76,"[135, 263, 167, 194, 267]","['truck_trajectory_clustering_results_20250725_205128.csv:135', 'truck_trajectory_clustering_results_20250725_210016.csv:263', 'truck_trajectory_clustering_results_20250725_210852.csv:167', 'truck_trajectory_clustering_results_20250725_211735.csv:194', 'truck_trajectory_clustering_results_20250725_212545.csv:267']",5
351,103.48264875,30.383871875,8,[143],['truck_trajectory_clustering_results_20250725_205128.csv:143'],1
352,103.96646476744185,30.4357361627907,43,"[150, 110, 89]","['truck_trajectory_clustering_results_20250725_205128.csv:150', 'truck_trajectory_clustering_results_20250725_210016.csv:110', 'truck_trajectory_clustering_results_20250725_210852.csv:89']",3
353,103.95976147058822,30.363571176470593,17,"[167, 272]","['truck_trajectory_clustering_results_20250725_205128.csv:167', 'truck_trajectory_clustering_results_20250725_211735.csv:272']",2
354,104.06306557894736,30.438180157894738,19,"[168, 251]","['truck_trajectory_clustering_results_20250725_205128.csv:168', 'truck_trajectory_clustering_results_20250725_213331.csv:251']",2
355,104.10829155555555,30.545179555555553,9,[171],['truck_trajectory_clustering_results_20250725_205128.csv:171'],1
356,103.95872233333333,30.648492230769232,78,"[178, 31, 210, 83, 272, 278, 29]","['truck_trajectory_clustering_results_20250725_205128.csv:178', 'truck_trajectory_clustering_results_20250725_210016.csv:31', 'truck_trajectory_clustering_results_20250725_210016.csv:210', 'truck_trajectory_clustering_results_20250725_211735.csv:83', 'truck_trajectory_clustering_results_20250725_212545.csv:272', 'truck_trajectory_clustering_results_20250725_212545.csv:278', 'truck_trajectory_clustering_results_20250725_213935.csv:29']",7
357,104.15784703333333,30.692308866666668,30,"[180, 23, 206]","['truck_trajectory_clustering_results_20250725_205128.csv:180', 'truck_trajectory_clustering_results_20250725_210852.csv:23', 'truck_trajectory_clustering_results_20250725_213935.csv:206']",3
358,103.67759684126982,30.338803365079364,126,"[182, 117, 43, 215, 231, 106, 102]","['truck_trajectory_clustering_results_20250725_205128.csv:182', 'truck_trajectory_clustering_results_20250725_210016.csv:117', 'truck_trajectory_clustering_results_20250725_210852.csv:43', 'truck_trajectory_clustering_results_20250725_211735.csv:215', 'truck_trajectory_clustering_results_20250725_212545.csv:231', 'truck_trajectory_clustering_results_20250725_213331.csv:106', 'truck_trajectory_clustering_results_20250725_213935.csv:102']",7
359,104.41195175,30.34484325,8,[189],['truck_trajectory_clustering_results_20250725_205128.csv:189'],1
360,103.93694652941178,30.78182870588235,17,"[190, 162]","['truck_trajectory_clustering_results_20250725_205128.csv:190', 'truck_trajectory_clustering_results_20250725_211735.csv:162']",2
361,103.79010559375,29.636174562500003,32,"[198, 236, 78]","['truck_trajectory_clustering_results_20250725_205128.csv:198', 'truck_trajectory_clustering_results_20250725_211735.csv:236', 'truck_trajectory_clustering_results_20250725_212545.csv:78']",3
362,103.9983175882353,30.252933764705887,17,"[200, 97]","['truck_trajectory_clustering_results_20250725_205128.csv:200', 'truck_trajectory_clustering_results_20250725_210016.csv:97']",2
363,104.22356435294118,30.885143470588233,17,"[204, 186]","['truck_trajectory_clustering_results_20250725_205128.csv:204', 'truck_trajectory_clustering_results_20250725_210852.csv:186']",2
364,103.4989757,30.5424262,10,[205],['truck_trajectory_clustering_results_20250725_205128.csv:205'],1
365,104.19021099999999,30.66238217241379,58,"[209, 205, 242, 141, 89]","['truck_trajectory_clustering_results_20250725_205128.csv:209', 'truck_trajectory_clustering_results_20250725_210852.csv:205', 'truck_trajectory_clustering_results_20250725_211735.csv:242', 'truck_trajectory_clustering_results_20250725_212545.csv:141', 'truck_trajectory_clustering_results_20250725_213935.csv:89']",5
366,103.9621211904762,30.93346923809524,21,"[212, 238]","['truck_trajectory_clustering_results_20250725_205128.csv:212', 'truck_trajectory_clustering_results_20250725_210852.csv:238']",2
367,104.10896157142857,30.46408775510204,49,"[214, 211, 207, 161, 278]","['truck_trajectory_clustering_results_20250725_205128.csv:214', 'truck_trajectory_clustering_results_20250725_211735.csv:211', 'truck_trajectory_clustering_results_20250725_212545.csv:207', 'truck_trajectory_clustering_results_20250725_213331.csv:161', 'truck_trajectory_clustering_results_20250725_213935.csv:278']",5
368,103.866315375,30.775471,8,[216],['truck_trajectory_clustering_results_20250725_205128.csv:216'],1
369,103.95245085185185,30.999396296296297,27,"[220, 87, 168]","['truck_trajectory_clustering_results_20250725_205128.csv:220', 'truck_trajectory_clustering_results_20250725_211735.csv:87', 'truck_trajectory_clustering_results_20250725_213935.csv:168']",3
370,103.66116811111111,30.97985366666667,9,[221],['truck_trajectory_clustering_results_20250725_205128.csv:221'],1
371,104.0338135,30.4659725,30,"[224, 267, 250]","['truck_trajectory_clustering_results_20250725_205128.csv:224', 'truck_trajectory_clustering_results_20250725_205128.csv:267', 'truck_trajectory_clustering_results_20250725_210852.csv:250']",3
372,104.00184416129031,30.884528838709677,31,"[228, 124]","['truck_trajectory_clustering_results_20250725_205128.csv:228', 'truck_trajectory_clustering_results_20250725_213935.csv:124']",2
373,104.13070868253969,30.670611634920636,63,"[231, 165, 252, 117, 59]","['truck_trajectory_clustering_results_20250725_205128.csv:231', 'truck_trajectory_clustering_results_20250725_210852.csv:165', 'truck_trajectory_clustering_results_20250725_211735.csv:252', 'truck_trajectory_clustering_results_20250725_212545.csv:117', 'truck_trajectory_clustering_results_20250725_213331.csv:59']",5
374,103.960005875,30.152020250000003,24,"[234, 237, 198]","['truck_trajectory_clustering_results_20250725_205128.csv:234', 'truck_trajectory_clustering_results_20250725_211735.csv:237', 'truck_trajectory_clustering_results_20250725_212545.csv:198']",3
375,103.65493012499999,30.664779375,8,[240],['truck_trajectory_clustering_results_20250725_205128.csv:240'],1
376,104.17524950769231,30.787940692307693,65,"[243, 254, 245, 53, 75]","['truck_trajectory_clustering_results_20250725_205128.csv:243', 'truck_trajectory_clustering_results_20250725_205128.csv:254', 'truck_trajectory_clustering_results_20250725_210016.csv:245', 'truck_trajectory_clustering_results_20250725_210852.csv:53', 'truck_trajectory_clustering_results_20250725_211735.csv:75']",5
377,104.01103766666667,30.517683969696968,33,"[246, 49]","['truck_trajectory_clustering_results_20250725_205128.csv:246', 'truck_trajectory_clustering_results_20250725_210016.csv:49']",2
378,104.00217540000001,30.590778899999997,10,[249],['truck_trajectory_clustering_results_20250725_205128.csv:249'],1
379,104.227067625,30.858505125,8,[255],['truck_trajectory_clustering_results_20250725_205128.csv:255'],1
380,104.14915581818182,30.65964987878788,33,"[256, 253, 32]","['truck_trajectory_clustering_results_20250725_205128.csv:256', 'truck_trajectory_clustering_results_20250725_210852.csv:253', 'truck_trajectory_clustering_results_20250725_213331.csv:32']",3
381,104.46299833333333,30.34759322222222,9,[257],['truck_trajectory_clustering_results_20250725_205128.csv:257'],1
382,104.05618294736843,30.42771192105263,38,"[258, 46, 140, 138]","['truck_trajectory_clustering_results_20250725_205128.csv:258', 'truck_trajectory_clustering_results_20250725_210016.csv:46', 'truck_trajectory_clustering_results_20250725_211735.csv:140', 'truck_trajectory_clustering_results_20250725_212545.csv:138']",4
383,103.94356733333332,30.336708416666667,12,[262],['truck_trajectory_clustering_results_20250725_205128.csv:262'],1
384,104.02769512,30.48091404,25,"[264, 63, 203]","['truck_trajectory_clustering_results_20250725_205128.csv:264', 'truck_trajectory_clustering_results_20250725_210016.csv:63', 'truck_trajectory_clustering_results_20250725_213331.csv:203']",3
385,103.953716875,30.656023625,8,[265],['truck_trajectory_clustering_results_20250725_205128.csv:265'],1
386,104.10467849206348,30.513056777777777,63,"[266, 249, 40, 77]","['truck_trajectory_clustering_results_20250725_205128.csv:266', 'truck_trajectory_clustering_results_20250725_211735.csv:249', 'truck_trajectory_clustering_results_20250725_212545.csv:40', 'truck_trajectory_clustering_results_20250725_213331.csv:77']",4
387,104.06573906349207,30.44746180952381,63,"[5, 77, 263, 252]","['truck_trajectory_clustering_results_20250725_210016.csv:5', 'truck_trajectory_clustering_results_20250725_210852.csv:77', 'truck_trajectory_clustering_results_20250725_211735.csv:263', 'truck_trajectory_clustering_results_20250725_212545.csv:252']",4
388,104.49877616129032,30.427927677419355,31,"[10, 235, 285]","['truck_trajectory_clustering_results_20250725_210016.csv:10', 'truck_trajectory_clustering_results_20250725_210852.csv:235', 'truck_trajectory_clustering_results_20250725_213935.csv:285']",3
389,104.05215588888888,30.487071999999998,9,[23],['truck_trajectory_clustering_results_20250725_210016.csv:23'],1
390,104.5309301111111,30.66280188888889,9,[36],['truck_trajectory_clustering_results_20250725_210016.csv:36'],1
391,104.47680394736842,30.354865684210523,19,"[56, 257]","['truck_trajectory_clustering_results_20250725_210016.csv:56', 'truck_trajectory_clustering_results_20250725_210852.csv:257']",2
392,104.38683270000001,30.301798,10,[68],['truck_trajectory_clustering_results_20250725_210016.csv:68'],1
393,104.1879005,30.793525,8,[82],['truck_trajectory_clustering_results_20250725_210016.csv:82'],1
394,104.151630375,30.77522975,32,"[84, 220, 259]","['truck_trajectory_clustering_results_20250725_210016.csv:84', 'truck_trajectory_clustering_results_20250725_210852.csv:220', 'truck_trajectory_clustering_results_20250725_213331.csv:259']",3
395,104.87091894444445,29.22605272222222,36,"[86, 260, 212]","['truck_trajectory_clustering_results_20250725_210016.csv:86', 'truck_trajectory_clustering_results_20250725_210852.csv:260', 'truck_trajectory_clustering_results_20250725_211735.csv:212']",3
396,103.9739301,30.429197699999996,10,[87],['truck_trajectory_clustering_results_20250725_210016.csv:87'],1
397,104.1080104375,30.420533312499998,16,"[88, 162]","['truck_trajectory_clustering_results_20250725_210016.csv:88', 'truck_trajectory_clustering_results_20250725_213935.csv:162']",2
398,103.79240863333331,30.187202533333334,30,"[115, 64, 88]","['truck_trajectory_clustering_results_20250725_210016.csv:115', 'truck_trajectory_clustering_results_20250725_210852.csv:64', 'truck_trajectory_clustering_results_20250725_211735.csv:88']",3
399,103.9988514761905,30.669496952380953,21,"[118, 154]","['truck_trajectory_clustering_results_20250725_210016.csv:118', 'truck_trajectory_clustering_results_20250725_210852.csv:154']",2
400,104.05462444444446,30.654083851851855,27,"[139, 102]","['truck_trajectory_clustering_results_20250725_210016.csv:139', 'truck_trajectory_clustering_results_20250725_212545.csv:102']",2
401,103.97374041379311,31.03206772413793,29,"[140, 103, 341]","['truck_trajectory_clustering_results_20250725_210016.csv:140', 'truck_trajectory_clustering_results_20250725_212545.csv:103', 'truck_trajectory_clustering_results_20250725_213935.csv:341']",3
402,103.92935192307694,30.69947512820513,39,"[149, 170, 117, 174]","['truck_trajectory_clustering_results_20250725_210016.csv:149', 'truck_trajectory_clustering_results_20250725_210852.csv:170', 'truck_trajectory_clustering_results_20250725_213331.csv:117', 'truck_trajectory_clustering_results_20250725_213935.csv:174']",4
403,103.51670525,30.57852725,8,[164],['truck_trajectory_clustering_results_20250725_210016.csv:164'],1
404,104.073366,30.717898864864868,37,"[170, 103, 118]","['truck_trajectory_clustering_results_20250725_210016.csv:170', 'truck_trajectory_clustering_results_20250725_213935.csv:103', 'truck_trajectory_clustering_results_20250725_213935.csv:118']",3
405,103.90820681250001,30.660721125000002,32,"[180, 68, 323]","['truck_trajectory_clustering_results_20250725_210016.csv:180', 'truck_trajectory_clustering_results_20250725_213331.csv:68', 'truck_trajectory_clustering_results_20250725_213935.csv:323']",3
406,104.08753909090909,30.548254090909094,11,[186],['truck_trajectory_clustering_results_20250725_210016.csv:186'],1
407,104.02235152941176,30.500999882352943,17,"[187, 116]","['truck_trajectory_clustering_results_20250725_210016.csv:187', 'truck_trajectory_clustering_results_20250725_213935.csv:116']",2
408,104.174595,30.727579545454546,22,[191],['truck_trajectory_clustering_results_20250725_210016.csv:191'],1
409,104.01069526470589,30.511507382352942,34,"[206, 191, 205]","['truck_trajectory_clustering_results_20250725_210016.csv:206', 'truck_trajectory_clustering_results_20250725_210852.csv:191', 'truck_trajectory_clustering_results_20250725_213331.csv:205']",3
410,104.171755828125,30.659636921875,64,"[209, 8, 5, 140]","['truck_trajectory_clustering_results_20250725_210016.csv:209', 'truck_trajectory_clustering_results_20250725_212545.csv:8', 'truck_trajectory_clustering_results_20250725_213331.csv:5', 'truck_trajectory_clustering_results_20250725_213935.csv:140']",4
411,104.406655125,30.34594475,8,[212],['truck_trajectory_clustering_results_20250725_210016.csv:212'],1
412,104.16914990000001,30.532146633333333,30,"[213, 188, 158]","['truck_trajectory_clustering_results_20250725_210016.csv:213', 'truck_trajectory_clustering_results_20250725_210852.csv:188', 'truck_trajectory_clustering_results_20250725_213935.csv:158']",3
413,103.79491720689656,30.441187241379307,29,"[221, 255, 314]","['truck_trajectory_clustering_results_20250725_210016.csv:221', 'truck_trajectory_clustering_results_20250725_211735.csv:255', 'truck_trajectory_clustering_results_20250725_213935.csv:314']",3
414,104.54659207142858,29.503886857142856,14,[222],['truck_trajectory_clustering_results_20250725_210016.csv:222'],1
415,103.9220599,30.686460699999998,10,[224],['truck_trajectory_clustering_results_20250725_210016.csv:224'],1
416,103.85736762500001,30.449636875,8,[227],['truck_trajectory_clustering_results_20250725_210016.csv:227'],1
417,103.259596125,30.560030375,8,[229],['truck_trajectory_clustering_results_20250725_210016.csv:229'],1
418,103.68665329999999,30.837172400000004,10,[231],['truck_trajectory_clustering_results_20250725_210016.csv:231'],1
419,104.49543788888889,30.417804888888888,9,[232],['truck_trajectory_clustering_results_20250725_210016.csv:232'],1
420,104.05745244444444,30.36794822222222,9,[239],['truck_trajectory_clustering_results_20250725_210016.csv:239'],1
421,103.47469483333333,30.431560875000002,48,"[240, 243, 16, 40]","['truck_trajectory_clustering_results_20250725_210016.csv:240', 'truck_trajectory_clustering_results_20250725_211735.csv:243', 'truck_trajectory_clustering_results_20250725_212545.csv:16', 'truck_trajectory_clustering_results_20250725_213331.csv:40']",4
422,103.95986225,30.796132,8,[242],['truck_trajectory_clustering_results_20250725_210016.csv:242'],1
423,103.71801960317461,30.60994580952381,63,"[243, 37, 245, 273]","['truck_trajectory_clustering_results_20250725_210016.csv:243', 'truck_trajectory_clustering_results_20250725_210852.csv:37', 'truck_trajectory_clustering_results_20250725_210852.csv:245', 'truck_trajectory_clustering_results_20250725_211735.csv:273']",4
424,104.04025894736843,30.582316263157892,19,"[247, 261]","['truck_trajectory_clustering_results_20250725_210016.csv:247', 'truck_trajectory_clustering_results_20250725_212545.csv:261']",2
425,104.05364266666668,30.44675088888889,9,[249],['truck_trajectory_clustering_results_20250725_210016.csv:249'],1
426,103.81243984615384,30.571594730769228,26,"[250, 109, 100]","['truck_trajectory_clustering_results_20250725_210016.csv:250', 'truck_trajectory_clustering_results_20250725_210852.csv:109', 'truck_trajectory_clustering_results_20250725_212545.csv:100']",3
427,104.39444048148147,30.350088148148146,54,"[251, 1, 234, 69, 175]","['truck_trajectory_clustering_results_20250725_210016.csv:251', 'truck_trajectory_clustering_results_20250725_210852.csv:1', 'truck_trajectory_clustering_results_20250725_212545.csv:234', 'truck_trajectory_clustering_results_20250725_213331.csv:69', 'truck_trajectory_clustering_results_20250725_213935.csv:175']",5
428,104.01177591666665,30.463963708333335,24,"[253, 202]","['truck_trajectory_clustering_results_20250725_210016.csv:253', 'truck_trajectory_clustering_results_20250725_211735.csv:202']",2
429,104.37888776470588,30.29234517647059,17,"[254, 99]","['truck_trajectory_clustering_results_20250725_210016.csv:254', 'truck_trajectory_clustering_results_20250725_213331.csv:99']",2
430,104.29170839999999,30.5883939,10,[256],['truck_trajectory_clustering_results_20250725_210016.csv:256'],1
431,104.1555642051282,30.580583846153843,39,"[258, 81, 1]","['truck_trajectory_clustering_results_20250725_210016.csv:258', 'truck_trajectory_clustering_results_20250725_210852.csv:81', 'truck_trajectory_clustering_results_20250725_211735.csv:1']",3
432,103.52836525,30.377345124999998,8,[259],['truck_trajectory_clustering_results_20250725_210016.csv:259'],1
433,104.16333688888888,30.593730777777775,9,[261],['truck_trajectory_clustering_results_20250725_210016.csv:261'],1
434,104.100079625,30.651837625,8,[265],['truck_trajectory_clustering_results_20250725_210016.csv:265'],1
435,104.1005097037037,30.750977555555554,27,"[266, 150]","['truck_trajectory_clustering_results_20250725_210016.csv:266', 'truck_trajectory_clustering_results_20250725_211735.csv:150']",2
436,103.91028374999999,30.7334065,8,[267],['truck_trajectory_clustering_results_20250725_210016.csv:267'],1
437,104.05832229166667,30.38606308333333,24,"[269, 243, 262]","['truck_trajectory_clustering_results_20250725_210016.csv:269', 'truck_trajectory_clustering_results_20250725_210852.csv:243', 'truck_trajectory_clustering_results_20250725_210852.csv:262']",3
438,104.06726923611112,30.32961906944444,72,"[271, 48, 120, 109, 239]","['truck_trajectory_clustering_results_20250725_210016.csv:271', 'truck_trajectory_clustering_results_20250725_210852.csv:48', 'truck_trajectory_clustering_results_20250725_210852.csv:120', 'truck_trajectory_clustering_results_20250725_211735.csv:109', 'truck_trajectory_clustering_results_20250725_211735.csv:239']",5
439,104.30759836363637,30.84524559090909,66,"[0, 4, 265]","['truck_trajectory_clustering_results_20250725_210852.csv:0', 'truck_trajectory_clustering_results_20250725_211735.csv:4', 'truck_trajectory_clustering_results_20250725_213331.csv:265']",3
440,104.31554360714287,30.6050665,28,"[4, 82]","['truck_trajectory_clustering_results_20250725_210852.csv:4', 'truck_trajectory_clustering_results_20250725_211735.csv:82']",2
441,103.83286700000001,30.549802500000006,18,"[22, 133]","['truck_trajectory_clustering_results_20250725_210852.csv:22', 'truck_trajectory_clustering_results_20250725_213331.csv:133']",2
442,103.92088110714285,30.5408055,28,"[27, 59, 142]","['truck_trajectory_clustering_results_20250725_210852.csv:27', 'truck_trajectory_clustering_results_20250725_211735.csv:59', 'truck_trajectory_clustering_results_20250725_212545.csv:142']",3
443,103.96433999999999,30.47830622727273,22,"[30, 193]","['truck_trajectory_clustering_results_20250725_210852.csv:30', 'truck_trajectory_clustering_results_20250725_212545.csv:193']",2
444,104.23185735714286,30.793460250000003,28,"[34, 207]","['truck_trajectory_clustering_results_20250725_210852.csv:34', 'truck_trajectory_clustering_results_20250725_211735.csv:207']",2
445,104.08515075,30.238491437500002,16,"[78, 7]","['truck_trajectory_clustering_results_20250725_210852.csv:78', 'truck_trajectory_clustering_results_20250725_211735.csv:7']",2
446,103.90205171929824,30.834443719298243,57,"[82, 122]","['truck_trajectory_clustering_results_20250725_210852.csv:82', 'truck_trajectory_clustering_results_20250725_211735.csv:122']",2
447,103.84057522222223,30.678258333333336,9,[95],['truck_trajectory_clustering_results_20250725_210852.csv:95'],1
448,104.14913037837839,30.839270756756758,37,"[97, 132, 175]","['truck_trajectory_clustering_results_20250725_210852.csv:97', 'truck_trajectory_clustering_results_20250725_211735.csv:132', 'truck_trajectory_clustering_results_20250725_212545.csv:175']",3
449,103.92951911111112,30.974608333333336,9,[118],['truck_trajectory_clustering_results_20250725_210852.csv:118'],1
450,104.61512345454547,30.16331809090909,11,[121],['truck_trajectory_clustering_results_20250725_210852.csv:121'],1
451,104.14320316666665,30.581649277777778,18,"[127, 248]","['truck_trajectory_clustering_results_20250725_210852.csv:127', 'truck_trajectory_clustering_results_20250725_211735.csv:248']",2
452,104.54424631428572,30.70710894285714,35,"[128, 208, 216]","['truck_trajectory_clustering_results_20250725_210852.csv:128', 'truck_trajectory_clustering_results_20250725_211735.csv:208', 'truck_trajectory_clustering_results_20250725_212545.csv:216']",3
453,104.00339265853658,30.734843682926826,41,"[135, 223, 242, 52]","['truck_trajectory_clustering_results_20250725_210852.csv:135', 'truck_trajectory_clustering_results_20250725_212545.csv:223', 'truck_trajectory_clustering_results_20250725_213331.csv:242', 'truck_trajectory_clustering_results_20250725_213935.csv:52']",4
454,104.23187977419356,30.63961480645161,31,"[136, 156, 97]","['truck_trajectory_clustering_results_20250725_210852.csv:136', 'truck_trajectory_clustering_results_20250725_212545.csv:156', 'truck_trajectory_clustering_results_20250725_213935.csv:97']",3
455,103.924171125,30.80011875,8,[149],['truck_trajectory_clustering_results_20250725_210852.csv:149'],1
456,103.91750584615384,30.742758615384613,26,"[151, 203]","['truck_trajectory_clustering_results_20250725_210852.csv:151', 'truck_trajectory_clustering_results_20250725_213935.csv:203']",2
457,104.06793554545453,30.662726727272727,11,[152],['truck_trajectory_clustering_results_20250725_210852.csv:152'],1
458,104.24974940909091,30.58037486363636,22,"[155, 42]","['truck_trajectory_clustering_results_20250725_210852.csv:155', 'truck_trajectory_clustering_results_20250725_213331.csv:42']",2
459,103.6866771904762,30.629212476190474,21,"[159, 253]","['truck_trajectory_clustering_results_20250725_210852.csv:159', 'truck_trajectory_clustering_results_20250725_211735.csv:253']",2
460,104.53914451219511,31.859444121951217,41,"[160, 33, 151, 104]","['truck_trajectory_clustering_results_20250725_210852.csv:160', 'truck_trajectory_clustering_results_20250725_212545.csv:33', 'truck_trajectory_clustering_results_20250725_213331.csv:151', 'truck_trajectory_clustering_results_20250725_213935.csv:104']",4
461,104.43852191666666,30.35617527777778,36,"[162, 73, 342]","['truck_trajectory_clustering_results_20250725_210852.csv:162', 'truck_trajectory_clustering_results_20250725_213331.csv:73', 'truck_trajectory_clustering_results_20250725_213935.csv:342']",3
462,104.5009690625,30.483482062500002,16,"[166, 267]","['truck_trajectory_clustering_results_20250725_210852.csv:166', 'truck_trajectory_clustering_results_20250725_210852.csv:267']",2
463,103.95995431818181,30.165407318181817,44,"[168, 167, 97, 330]","['truck_trajectory_clustering_results_20250725_210852.csv:168', 'truck_trajectory_clustering_results_20250725_211735.csv:167', 'truck_trajectory_clustering_results_20250725_212545.csv:97', 'truck_trajectory_clustering_results_20250725_213935.csv:330']",4
464,103.885838,30.583834,8,[169],['truck_trajectory_clustering_results_20250725_210852.csv:169'],1
465,104.47367756756756,30.486262648648648,37,"[177, 118, 218]","['truck_trajectory_clustering_results_20250725_210852.csv:177', 'truck_trajectory_clustering_results_20250725_211735.csv:118', 'truck_trajectory_clustering_results_20250725_213331.csv:218']",3
466,103.86284075,30.5564023125,16,"[182, 334]","['truck_trajectory_clustering_results_20250725_210852.csv:182', 'truck_trajectory_clustering_results_20250725_213935.csv:334']",2
467,104.22151545,30.69591385,20,[198],['truck_trajectory_clustering_results_20250725_210852.csv:198'],1
468,103.7211093,31.102189599999996,10,[204],['truck_trajectory_clustering_results_20250725_210852.csv:204'],1
469,103.8763455,30.22100775,8,[210],['truck_trajectory_clustering_results_20250725_210852.csv:210'],1
470,103.55276557692308,30.5306935,26,"[214, 158, 171]","['truck_trajectory_clustering_results_20250725_210852.csv:214', 'truck_trajectory_clustering_results_20250725_211735.csv:158', 'truck_trajectory_clustering_results_20250725_213935.csv:171']",3
471,103.876321,30.500795870967742,31,"[217, 166, 247]","['truck_trajectory_clustering_results_20250725_210852.csv:217', 'truck_trajectory_clustering_results_20250725_213331.csv:166', 'truck_trajectory_clustering_results_20250725_213935.csv:247']",3
472,103.53597242857143,30.74258425,28,"[222, 120, 125]","['truck_trajectory_clustering_results_20250725_210852.csv:222', 'truck_trajectory_clustering_results_20250725_212545.csv:120', 'truck_trajectory_clustering_results_20250725_213935.csv:125']",3
473,104.96996227777777,29.867273555555553,18,"[228, 125]","['truck_trajectory_clustering_results_20250725_210852.csv:228', 'truck_trajectory_clustering_results_20250725_211735.csv:125']",2
474,104.5954836,31.767997100000002,10,[236],['truck_trajectory_clustering_results_20250725_210852.csv:236'],1
475,103.4522559142857,30.47489514285714,35,"[242, 235, 241, 27]","['truck_trajectory_clustering_results_20250725_210852.csv:242', 'truck_trajectory_clustering_results_20250725_211735.csv:235', 'truck_trajectory_clustering_results_20250725_213331.csv:241', 'truck_trajectory_clustering_results_20250725_213935.csv:27']",4
476,104.20845475,30.745009125,8,[248],['truck_trajectory_clustering_results_20250725_210852.csv:248'],1
477,104.39318475,30.2935485,8,[252],['truck_trajectory_clustering_results_20250725_210852.csv:252'],1
478,104.10666322222222,30.60810711111111,9,[259],['truck_trajectory_clustering_results_20250725_210852.csv:259'],1
479,104.20157876470589,30.678572058823526,17,"[266, 257]","['truck_trajectory_clustering_results_20250725_210852.csv:266', 'truck_trajectory_clustering_results_20250725_211735.csv:257']",2
480,104.55673630000001,30.7251011,10,[269],['truck_trajectory_clustering_results_20250725_210852.csv:269'],1
481,104.188476125,30.717727375,16,[0],['truck_trajectory_clustering_results_20250725_211735.csv:0'],1
482,103.99780558695652,30.75742686956522,46,"[5, 174, 15, 260]","['truck_trajectory_clustering_results_20250725_211735.csv:5', 'truck_trajectory_clustering_results_20250725_212545.csv:174', 'truck_trajectory_clustering_results_20250725_213331.csv:15', 'truck_trajectory_clustering_results_20250725_213935.csv:260']",4
483,104.16431195238094,30.38361380952381,21,"[13, 139]","['truck_trajectory_clustering_results_20250725_211735.csv:13', 'truck_trajectory_clustering_results_20250725_212545.csv:139']",2
484,103.62836431034484,30.727395655172412,29,"[19, 62, 151]","['truck_trajectory_clustering_results_20250725_211735.csv:19', 'truck_trajectory_clustering_results_20250725_212545.csv:62', 'truck_trajectory_clustering_results_20250725_213935.csv:151']",3
485,103.87718578947369,30.562536894736837,19,"[46, 219]","['truck_trajectory_clustering_results_20250725_211735.csv:46', 'truck_trajectory_clustering_results_20250725_212545.csv:219']",2
486,103.98931835294118,30.59635811764706,17,"[47, 213]","['truck_trajectory_clustering_results_20250725_211735.csv:47', 'truck_trajectory_clustering_results_20250725_213331.csv:213']",2
487,104.04183842105263,30.248861894736844,19,"[48, 254]","['truck_trajectory_clustering_results_20250725_211735.csv:48', 'truck_trajectory_clustering_results_20250725_213935.csv:254']",2
488,104.14794629999999,30.4029252,10,[49],['truck_trajectory_clustering_results_20250725_211735.csv:49'],1
489,104.0765977368421,30.37520278947368,19,"[79, 280]","['truck_trajectory_clustering_results_20250725_211735.csv:79', 'truck_trajectory_clustering_results_20250725_212545.csv:280']",2
490,104.20049954166666,30.684032458333334,24,"[81, 177]","['truck_trajectory_clustering_results_20250725_211735.csv:81', 'truck_trajectory_clustering_results_20250725_212545.csv:177']",2
491,103.89903107142858,30.61571557142857,28,"[84, 140, 20]","['truck_trajectory_clustering_results_20250725_211735.csv:84', 'truck_trajectory_clustering_results_20250725_213331.csv:140', 'truck_trajectory_clustering_results_20250725_213935.csv:20']",3
492,104.27741155555556,31.14163322222222,9,[90],['truck_trajectory_clustering_results_20250725_211735.csv:90'],1
493,103.653238,30.894018,8,[95],['truck_trajectory_clustering_results_20250725_211735.csv:95'],1
494,104.13418166666666,30.400306222222223,9,[97],['truck_trajectory_clustering_results_20250725_211735.csv:97'],1
495,104.07917071428571,30.818185714285715,21,"[103, 315]","['truck_trajectory_clustering_results_20250725_211735.csv:103', 'truck_trajectory_clustering_results_20250725_213935.csv:315']",2
496,103.97290502857143,30.663707428571428,35,"[117, 50]","['truck_trajectory_clustering_results_20250725_211735.csv:117', 'truck_trajectory_clustering_results_20250725_213331.csv:50']",2
497,104.2916654736842,30.877438736842105,19,"[121, 93]","['truck_trajectory_clustering_results_20250725_211735.csv:121', 'truck_trajectory_clustering_results_20250725_213331.csv:93']",2
498,104.32395015,30.343143249999997,20,"[123, 75]","['truck_trajectory_clustering_results_20250725_211735.csv:123', 'truck_trajectory_clustering_results_20250725_213935.csv:75']",2
499,104.35822265384614,30.66088053846154,26,"[141, 230, 170]","['truck_trajectory_clustering_results_20250725_211735.csv:141', 'truck_trajectory_clustering_results_20250725_211735.csv:230', 'truck_trajectory_clustering_results_20250725_213331.csv:170']",3
500,104.091961125,30.218086625,8,[148],['truck_trajectory_clustering_results_20250725_211735.csv:148'],1
501,104.18889663636364,30.69724990909091,11,[159],['truck_trajectory_clustering_results_20250725_211735.csv:159'],1
502,103.79911501923077,31.167114115384614,52,"[188, 247, 278, 275, 326]","['truck_trajectory_clustering_results_20250725_211735.csv:188', 'truck_trajectory_clustering_results_20250725_212545.csv:247', 'truck_trajectory_clustering_results_20250725_213331.csv:278', 'truck_trajectory_clustering_results_20250725_213935.csv:275', 'truck_trajectory_clustering_results_20250725_213935.csv:326']",5
503,104.013260125,29.13989975,8,[190],['truck_trajectory_clustering_results_20250725_211735.csv:190'],1
504,104.14089912903226,30.64573141935484,31,"[192, 0, 274]","['truck_trajectory_clustering_results_20250725_211735.csv:192', 'truck_trajectory_clustering_results_20250725_212545.csv:0', 'truck_trajectory_clustering_results_20250725_213331.csv:274']",3
505,103.90494665384615,30.676349461538464,26,"[213, 158]","['truck_trajectory_clustering_results_20250725_211735.csv:213', 'truck_trajectory_clustering_results_20250725_212545.csv:158']",2
506,103.90391455555556,30.243987555555552,9,[222],['truck_trajectory_clustering_results_20250725_211735.csv:222'],1
507,103.53824075,30.20792375,8,[240],['truck_trajectory_clustering_results_20250725_211735.csv:240'],1
508,103.97710834482757,30.639340482758623,29,"[254, 88]","['truck_trajectory_clustering_results_20250725_211735.csv:254', 'truck_trajectory_clustering_results_20250725_212545.csv:88']",2
509,103.9855943,30.7233564,10,[262],['truck_trajectory_clustering_results_20250725_211735.csv:262'],1
510,103.91721844444444,30.38638511111111,9,[264],['truck_trajectory_clustering_results_20250725_211735.csv:264'],1
511,104.280120875,30.6457345,8,[265],['truck_trajectory_clustering_results_20250725_211735.csv:265'],1
512,104.35443955555556,30.735885333333336,9,[267],['truck_trajectory_clustering_results_20250725_211735.csv:267'],1
513,103.6087905,30.393090625,8,[268],['truck_trajectory_clustering_results_20250725_211735.csv:268'],1
514,103.94731177777777,30.53789422222222,9,[270],['truck_trajectory_clustering_results_20250725_211735.csv:270'],1
515,104.58687188235295,30.734552588235292,17,"[274, 256]","['truck_trajectory_clustering_results_20250725_211735.csv:274', 'truck_trajectory_clustering_results_20250725_212545.csv:256']",2
516,104.03570325,30.447789,8,[276],['truck_trajectory_clustering_results_20250725_211735.csv:276'],1
517,104.618441625,30.683343875,8,[278],['truck_trajectory_clustering_results_20250725_211735.csv:278'],1
518,104.11192836842106,30.511991052631583,19,"[282, 252]","['truck_trajectory_clustering_results_20250725_211735.csv:282', 'truck_trajectory_clustering_results_20250725_213331.csv:252']",2
519,104.109681375,30.562284625,8,[17],['truck_trajectory_clustering_results_20250725_212545.csv:17'],1
520,103.993187,29.02429475,8,[20],['truck_trajectory_clustering_results_20250725_212545.csv:20'],1
521,104.07559237254902,30.238851352941175,51,"[22, 52, 119]","['truck_trajectory_clustering_results_20250725_212545.csv:22', 'truck_trajectory_clustering_results_20250725_213331.csv:52', 'truck_trajectory_clustering_results_20250725_213935.csv:119']",3
522,103.846417,30.428358375000002,8,[30],['truck_trajectory_clustering_results_20250725_212545.csv:30'],1
523,104.1916343,30.8203197,10,[36],['truck_trajectory_clustering_results_20250725_212545.csv:36'],1
524,104.63135418181818,30.872069545454544,11,[45],['truck_trajectory_clustering_results_20250725_212545.csv:45'],1
525,103.97405558333332,30.737623499999998,12,[47],['truck_trajectory_clustering_results_20250725_212545.csv:47'],1
526,104.74552972727273,30.451696181818182,33,"[61, 22, 101]","['truck_trajectory_clustering_results_20250725_212545.csv:61', 'truck_trajectory_clustering_results_20250725_213331.csv:22', 'truck_trajectory_clustering_results_20250725_213935.csv:101']",3
527,104.117648,30.2827575,8,[71],['truck_trajectory_clustering_results_20250725_212545.csv:71'],1
528,103.79276,30.461016,10,[73],['truck_trajectory_clustering_results_20250725_212545.csv:73'],1
529,104.410183125,30.758619125,8,[83],['truck_trajectory_clustering_results_20250725_212545.csv:83'],1
530,103.82332865000001,30.610263850000003,20,"[99, 211]","['truck_trajectory_clustering_results_20250725_212545.csv:99', 'truck_trajectory_clustering_results_20250725_213935.csv:211']",2
531,104.50053741666666,30.33898591666667,12,[107],['truck_trajectory_clustering_results_20250725_212545.csv:107'],1
532,104.90828522222222,30.15987888888889,18,"[109, 139]","['truck_trajectory_clustering_results_20250725_212545.csv:109', 'truck_trajectory_clustering_results_20250725_213935.csv:139']",2
533,104.85833283333334,29.740992388888888,18,"[128, 83]","['truck_trajectory_clustering_results_20250725_212545.csv:128', 'truck_trajectory_clustering_results_20250725_213331.csv:83']",2
534,103.985922,30.2176798,15,"[136, 331]","['truck_trajectory_clustering_results_20250725_212545.csv:136', 'truck_trajectory_clustering_results_20250725_213935.csv:331']",2
535,104.498884,30.490758,10,[151],['truck_trajectory_clustering_results_20250725_212545.csv:151'],1
536,104.53380825641024,29.759659999999997,39,"[179, 239, 281]","['truck_trajectory_clustering_results_20250725_212545.csv:179', 'truck_trajectory_clustering_results_20250725_213331.csv:239', 'truck_trajectory_clustering_results_20250725_213935.csv:281']",3
537,103.483392125,31.33234125,8,[188],['truck_trajectory_clustering_results_20250725_212545.csv:188'],1
538,104.11203629411766,31.075912352941177,17,"[222, 279]","['truck_trajectory_clustering_results_20250725_212545.csv:222', 'truck_trajectory_clustering_results_20250725_213935.csv:279']",2
539,104.09295433333334,30.443266444444443,9,[227],['truck_trajectory_clustering_results_20250725_212545.csv:227'],1
540,104.16304,30.699521875000002,8,[229],['truck_trajectory_clustering_results_20250725_212545.csv:229'],1
541,103.693559,30.93776125,8,[233],['truck_trajectory_clustering_results_20250725_212545.csv:233'],1
542,103.94006442857143,30.99956757142857,28,"[237, 221, 148]","['truck_trajectory_clustering_results_20250725_212545.csv:237', 'truck_trajectory_clustering_results_20250725_213331.csv:221', 'truck_trajectory_clustering_results_20250725_213935.csv:148']",3
543,104.03748066666667,30.73209675,12,[241],['truck_trajectory_clustering_results_20250725_212545.csv:241'],1
544,104.21718457894737,30.571983947368416,19,"[242, 87]","['truck_trajectory_clustering_results_20250725_212545.csv:242', 'truck_trajectory_clustering_results_20250725_213935.csv:87']",2
545,104.38785041666667,30.7617705,12,[246],['truck_trajectory_clustering_results_20250725_212545.csv:246'],1
546,104.21619,30.699662,8,[248],['truck_trajectory_clustering_results_20250725_212545.csv:248'],1
547,104.36767066666667,30.434721333333332,9,[250],['truck_trajectory_clustering_results_20250725_212545.csv:250'],1
548,104.4958145,30.471175375,8,[258],['truck_trajectory_clustering_results_20250725_212545.csv:258'],1
549,103.99145552380952,30.436700238095238,21,"[265, 202]","['truck_trajectory_clustering_results_20250725_212545.csv:265', 'truck_trajectory_clustering_results_20250725_213331.csv:202']",2
550,104.04245066666667,30.19924573333333,15,"[266, 311]","['truck_trajectory_clustering_results_20250725_212545.csv:266', 'truck_trajectory_clustering_results_20250725_213935.csv:311']",2
551,104.07286895454546,30.695619818181818,22,"[270, 72]","['truck_trajectory_clustering_results_20250725_212545.csv:270', 'truck_trajectory_clustering_results_20250725_213331.csv:72']",2
552,104.4782284814815,30.48960866666667,27,"[271, 263, 265]","['truck_trajectory_clustering_results_20250725_212545.csv:271', 'truck_trajectory_clustering_results_20250725_213935.csv:263', 'truck_trajectory_clustering_results_20250725_213935.csv:265']",3
553,104.56512362162162,30.387770027027027,37,"[275, 214, 183]","['truck_trajectory_clustering_results_20250725_212545.csv:275', 'truck_trajectory_clustering_results_20250725_213331.csv:214', 'truck_trajectory_clustering_results_20250725_213935.csv:183']",3
554,104.009792375,30.480189875,8,[277],['truck_trajectory_clustering_results_20250725_212545.csv:277'],1
555,103.98375443333335,30.572629599999996,30,"[16, 47]","['truck_trajectory_clustering_results_20250725_213331.csv:16', 'truck_trajectory_clustering_results_20250725_213935.csv:47']",2
556,103.83360325,30.63534475,8,[26],['truck_trajectory_clustering_results_20250725_213331.csv:26'],1
557,103.94869064285714,30.678349071428574,14,[37],['truck_trajectory_clustering_results_20250725_213331.csv:37'],1
558,103.9970464,30.9079468,10,[55],['truck_trajectory_clustering_results_20250725_213331.csv:55'],1
559,103.46482776470587,30.452676411764703,17,"[80, 176]","['truck_trajectory_clustering_results_20250725_213331.csv:80', 'truck_trajectory_clustering_results_20250725_213935.csv:176']",2
560,103.97671665853657,30.653008902439026,41,"[102, 12]","['truck_trajectory_clustering_results_20250725_213331.csv:102', 'truck_trajectory_clustering_results_20250725_213935.csv:12']",2
561,103.94357252941175,30.50768188235294,17,"[105, 117]","['truck_trajectory_clustering_results_20250725_213331.csv:105', 'truck_trajectory_clustering_results_20250725_213935.csv:117']",2
562,104.58367050000001,30.340424125,8,[130],['truck_trajectory_clustering_results_20250725_213331.csv:130'],1
563,104.06375206666667,30.609734066666665,15,[136],['truck_trajectory_clustering_results_20250725_213331.csv:136'],1
564,103.8812715,31.087577599999996,10,[159],['truck_trajectory_clustering_results_20250725_213331.csv:159'],1
565,104.11539391999999,30.37847484,25,"[168, 231]","['truck_trajectory_clustering_results_20250725_213331.csv:168', 'truck_trajectory_clustering_results_20250725_213935.csv:231']",2
566,104.18818646666666,30.5146102,15,"[189, 61]","['truck_trajectory_clustering_results_20250725_213331.csv:189', 'truck_trajectory_clustering_results_20250725_213935.csv:61']",2
567,104.09747368421051,30.585185631578945,19,[193],['truck_trajectory_clustering_results_20250725_213331.csv:193'],1
568,103.754216625,31.0148915,8,[194],['truck_trajectory_clustering_results_20250725_213331.csv:194'],1
569,103.49605240000001,31.358639599999997,10,[195],['truck_trajectory_clustering_results_20250725_213331.csv:195'],1
570,103.74940360000001,30.530383399999998,15,"[196, 128]","['truck_trajectory_clustering_results_20250725_213331.csv:196', 'truck_trajectory_clustering_results_20250725_213935.csv:128']",2
571,104.564808125,30.379360375,8,[210],['truck_trajectory_clustering_results_20250725_213331.csv:210'],1
572,104.1057679090909,30.580483636363635,11,[211],['truck_trajectory_clustering_results_20250725_213331.csv:211'],1
573,104.10657275,30.513076375,8,[245],['truck_trajectory_clustering_results_20250725_213331.csv:245'],1
574,103.76020427272728,30.665308818181817,11,[250],['truck_trajectory_clustering_results_20250725_213331.csv:250'],1
575,104.222665375,30.998936125,8,[253],['truck_trajectory_clustering_results_20250725_213331.csv:253'],1
576,104.76210388888889,30.615731222222223,9,[255],['truck_trajectory_clustering_results_20250725_213331.csv:255'],1
577,103.85653706666668,30.785598933333336,15,[258],['truck_trajectory_clustering_results_20250725_213331.csv:258'],1
578,104.09521377777777,30.462941555555556,9,[268],['truck_trajectory_clustering_results_20250725_213331.csv:268'],1
579,104.028414,30.55138275,8,[269],['truck_trajectory_clustering_results_20250725_213331.csv:269'],1
580,103.697045125,30.407291999999998,8,[270],['truck_trajectory_clustering_results_20250725_213331.csv:270'],1
581,103.986583,30.332524125,8,[271],['truck_trajectory_clustering_results_20250725_213331.csv:271'],1
582,104.06115936363636,30.389578636363638,11,[273],['truck_trajectory_clustering_results_20250725_213331.csv:273'],1
583,103.67468625000001,30.64528175,8,[277],['truck_trajectory_clustering_results_20250725_213331.csv:277'],1
584,104.6703955,30.087804124999998,8,[21],['truck_trajectory_clustering_results_20250725_213935.csv:21'],1
585,104.292781,30.391371,9,[25],['truck_trajectory_clustering_results_20250725_213935.csv:25'],1
586,104.25509281818182,30.579123636363637,11,[33],['truck_trajectory_clustering_results_20250725_213935.csv:33'],1
587,104.144501,30.813327,8,[40],['truck_trajectory_clustering_results_20250725_213935.csv:40'],1
588,104.30049588888889,30.38193866666667,9,[44],['truck_trajectory_clustering_results_20250725_213935.csv:44'],1
589,103.75686942857143,31.194516857142855,7,[68],['truck_trajectory_clustering_results_20250725_213935.csv:68'],1
590,103.54073166666667,31.0501924,15,[71],['truck_trajectory_clustering_results_20250725_213935.csv:71'],1
591,103.67186166666667,30.317287222222223,9,[108],['truck_trajectory_clustering_results_20250725_213935.csv:108'],1
592,104.5478016,30.6913374,10,[129],['truck_trajectory_clustering_results_20250725_213935.csv:129'],1
593,103.96454583333333,30.615341083333334,12,[135],['truck_trajectory_clustering_results_20250725_213935.csv:135'],1
594,103.38373414285715,30.731928714285715,7,[136],['truck_trajectory_clustering_results_20250725_213935.csv:136'],1
595,103.96528136363636,30.310177818181817,11,[137],['truck_trajectory_clustering_results_20250725_213935.csv:137'],1
596,104.414984875,30.243810875,8,[141],['truck_trajectory_clustering_results_20250725_213935.csv:141'],1
597,103.943591375,30.4991174375,16,[154],['truck_trajectory_clustering_results_20250725_213935.csv:154'],1
598,103.80634775,31.171622624999998,8,[155],['truck_trajectory_clustering_results_20250725_213935.csv:155'],1
599,104.04391244444444,30.206009888888886,9,[161],['truck_trajectory_clustering_results_20250725_213935.csv:161'],1
600,103.86495544444445,30.407910111111114,9,[173],['truck_trajectory_clustering_results_20250725_213935.csv:173'],1
601,104.50552163636362,30.506700272727276,11,[177],['truck_trajectory_clustering_results_20250725_213935.csv:177'],1
602,103.79641444444445,31.23706233333333,9,[178],['truck_trajectory_clustering_results_20250725_213935.csv:178'],1
603,104.66039140000001,31.1310463,10,[179],['truck_trajectory_clustering_results_20250725_213935.csv:179'],1
604,104.58457539999999,30.3551806,10,[190],['truck_trajectory_clustering_results_20250725_213935.csv:190'],1
605,104.50160611111112,30.35453411111111,9,[193],['truck_trajectory_clustering_results_20250725_213935.csv:193'],1
606,104.002171625,30.485072125,8,[194],['truck_trajectory_clustering_results_20250725_213935.csv:194'],1
607,104.19596763636363,30.859162,11,[210],['truck_trajectory_clustering_results_20250725_213935.csv:210'],1
608,103.91497,30.41901325,8,[213],['truck_trajectory_clustering_results_20250725_213935.csv:213'],1
609,103.67738485714287,30.949737714285714,7,[219],['truck_trajectory_clustering_results_20250725_213935.csv:219'],1
610,104.35929471428572,30.53175442857143,7,[229],['truck_trajectory_clustering_results_20250725_213935.csv:229'],1
611,104.09107345454545,30.559796545454546,11,[233],['truck_trajectory_clustering_results_20250725_213935.csv:233'],1
612,103.89018470588235,30.478895176470587,17,[237],['truck_trajectory_clustering_results_20250725_213935.csv:237'],1
613,104.181296625,30.534409875,8,[242],['truck_trajectory_clustering_results_20250725_213935.csv:242'],1
614,103.891527,30.410029499999997,12,[257],['truck_trajectory_clustering_results_20250725_213935.csv:257'],1
615,103.49533385714287,30.407019428571427,7,[261],['truck_trajectory_clustering_results_20250725_213935.csv:261'],1
616,104.44802200000001,30.857586125,8,[267],['truck_trajectory_clustering_results_20250725_213935.csv:267'],1
617,104.339895,31.12618175,8,[270],['truck_trajectory_clustering_results_20250725_213935.csv:270'],1
618,104.05067422222223,30.749953555555553,9,[276],['truck_trajectory_clustering_results_20250725_213935.csv:276'],1
619,103.8602989,30.8370771,10,[277],['truck_trajectory_clustering_results_20250725_213935.csv:277'],1
620,103.67156914285714,30.33271857142857,7,[287],['truck_trajectory_clustering_results_20250725_213935.csv:287'],1
621,104.183365,30.486436714285713,7,[291],['truck_trajectory_clustering_results_20250725_213935.csv:291'],1
622,103.7706615,30.39847125,8,[305],['truck_trajectory_clustering_results_20250725_213935.csv:305'],1
623,104.006327,30.23361866666667,9,[307],['truck_trajectory_clustering_results_20250725_213935.csv:307'],1
624,104.2352566,30.860652500000004,10,[313],['truck_trajectory_clustering_results_20250725_213935.csv:313'],1
625,104.066022,30.37285742857143,7,[316],['truck_trajectory_clustering_results_20250725_213935.csv:316'],1
626,104.03071533333333,30.80790833333333,9,[320],['truck_trajectory_clustering_results_20250725_213935.csv:320'],1
627,103.83163114285715,30.66751842857143,7,[322],['truck_trajectory_clustering_results_20250725_213935.csv:322'],1
628,104.47420028571428,30.34474757142857,7,[324],['truck_trajectory_clustering_results_20250725_213935.csv:324'],1
629,104.45048177777778,30.476159555555554,9,[327],['truck_trajectory_clustering_results_20250725_213935.csv:327'],1
630,104.37821514285714,30.455726714285714,7,[332],['truck_trajectory_clustering_results_20250725_213935.csv:332'],1
631,104.22784114285714,30.80254414285714,7,[335],['truck_trajectory_clustering_results_20250725_213935.csv:335'],1
632,103.87397271428571,30.77390685714286,7,[336],['truck_trajectory_clustering_results_20250725_213935.csv:336'],1
633,103.45636214285715,30.43140728571429,7,[338],['truck_trajectory_clustering_results_20250725_213935.csv:338'],1
634,103.88736385714286,30.592930428571428,7,[340],['truck_trajectory_clustering_results_20250725_213935.csv:340'],1
