longitude,latitude,cluster,point_index
103.948789,30.515513,0,0
104.053411,30.446797,-1,1
104.14735,30.41824,-1,2
103.912628,30.824783,1,3
103.552913,30.222435,-1,4
103.661566,30.961078,2,5
104.046173,30.427596,3,6
104.235821,30.64672,4,7
104.076707,30.785409,-1,8
104.551784,30.684253,-1,9
103.836538,30.352462,-1,10
104.537108,30.352985,-1,11
104.046096,30.459703,-1,12
104.007594,30.743705,-1,13
104.10669,30.477407,-1,14
104.503732,30.426643,-1,15
104.040515,30.465858,-1,16
104.268062,30.684392,-1,17
104.456692,30.845905,-1,18
103.459957,30.747055,5,19
103.833424,30.640697,-1,20
104.071129,30.725227,6,21
103.952387,30.968363,-1,22
104.161701,30.599629,7,23
104.060514,31.245355,8,24
104.242499,30.649973,9,25
103.806454,30.456571,-1,26
104.165793,30.712713,10,27
104.020207,30.726702,-1,28
104.033838,30.580191,-1,29
104.501275,30.424284,-1,30
104.3234,30.342958,-1,31
103.531858,31.405107,11,32
103.81997,30.466179,-1,33
104.53241,30.419109,-1,34
104.054782,30.468959,-1,35
103.965068,30.64181,-1,36
103.937886,30.619288,12,37
104.329786,30.725701,-1,38
103.697132,30.407601,-1,39
103.922953,30.71696,13,40
103.969245,30.470002,-1,41
103.928448,30.3212,-1,42
103.981528,30.785328,14,43
104.170059,30.614951,15,44
103.966815,30.646412,-1,45
104.328077,30.27893,-1,46
104.489928,30.225575,-1,47
103.903002,30.658451,16,48
104.095588,30.649365,-1,49
103.925087,30.320835,-1,50
103.942708,30.772869,-1,51
104.488325,30.427025,-1,52
103.449801,30.466848,17,53
104.01873,30.455966,-1,54
103.682698,31.013231,18,55
103.970946,30.989135,19,56
103.594219,30.688051,-1,57
104.065061,30.179966,20,58
104.476549,30.599125,-1,59
104.401989,30.997307,-1,60
104.448403,30.857485,-1,61
103.544686,30.209006,-1,62
104.040545,30.403525,-1,63
104.176784,30.71992,121,64
104.225214,30.997928,-1,65
103.431832,30.178756,-1,66
103.286763,30.162991,-1,67
104.214771,30.583581,21,68
103.489437,30.749457,-1,69
104.17343,30.776058,-1,70
104.180721,30.76962,-1,71
103.879685,30.798677,-1,72
104.082541,30.577655,22,73
103.887158,30.528737,23,74
103.676471,30.902068,-1,75
103.663312,30.959992,-1,76
104.175989,30.727975,-1,77
103.965073,30.641758,-1,78
103.828137,31.021236,-1,79
103.926318,30.941852,-1,80
104.356469,30.661356,-1,81
103.474759,30.431715,-1,82
103.681561,30.59697,24,83
104.46292,30.348144,257,84
104.171187,30.78082,-1,85
104.493568,30.322196,-1,86
104.060179,30.668921,-1,87
104.291163,30.58811,-1,88
103.920917,30.703007,25,89
104.311547,30.298967,26,90
104.505833,30.484969,-1,91
103.70409,30.583874,-1,92
104.389347,30.298571,-1,93
104.040358,30.880132,-1,94
104.118564,30.60602,-1,95
104.208315,30.524415,27,96
104.218937,30.65509,28,97
103.936241,30.614119,29,98
103.958469,30.620514,-1,99
104.073011,30.685918,-1,100
103.886625,30.528402,23,101
104.098039,30.594862,-1,102
103.920178,30.991214,-1,103
102.729009,29.986703,-1,104
104.202934,30.726024,30,105
104.050828,30.478319,-1,106
104.044599,30.206116,-1,107
103.961699,30.933642,212,108
104.495722,30.417848,-1,109
104.155754,30.729046,193,110
104.135023,30.590075,-1,111
104.186862,30.590128,-1,112
103.087668,29.972817,-1,113
104.203777,30.725979,30,114
104.213987,30.575531,-1,115
104.364812,30.839401,-1,116
104.555795,30.352993,31,117
104.186325,30.544631,-1,118
104.435692,30.981256,-1,119
104.11553,30.378488,-1,120
104.517719,30.433839,-1,121
104.565337,30.371047,32,122
103.532338,31.404761,11,123
103.826389,30.465601,-1,124
104.220774,30.639006,33,125
103.912226,30.970208,-1,126
104.185678,30.718465,34,127
104.832398,30.45872,-1,128
103.444429,30.377391,-1,129
104.176616,30.918929,-1,130
103.701638,30.602445,35,131
103.627451,30.92033,-1,132
103.646574,30.277688,-1,133
103.973373,30.429343,-1,134
104.11324,30.508071,-1,135
104.070005,30.6686,-1,136
104.030839,30.856742,-1,137
104.231981,30.658553,-1,138
103.705837,29.083802,-1,139
103.975643,31.046331,-1,140
104.006018,30.522445,-1,141
104.510471,30.50783,-1,142
104.308822,30.865531,36,143
104.478187,30.489734,-1,144
104.018141,30.485252,-1,145
103.654813,30.926262,37,146
104.326549,30.860339,38,147
104.243157,30.650418,9,148
104.287794,30.682369,-1,149
103.912178,30.798645,39,150
104.213013,30.573564,-1,151
103.908039,30.794551,-1,152
104.012166,30.467302,-1,153
103.99968,30.717364,-1,154
103.874047,30.774087,-1,155
104.026417,30.480517,-1,156
104.293826,30.646246,-1,157
104.046292,30.538126,-1,158
103.960073,30.517447,40,159
103.67866,30.303547,-1,160
104.394439,30.349883,-1,161
104.085074,30.446673,41,162
104.512033,30.421452,42,163
104.008783,30.59067,43,164
103.816138,30.486035,-1,165
104.222562,30.667672,-1,166
104.221728,30.638171,33,167
104.326721,30.859982,38,168
103.619833,30.522234,-1,169
104.391217,30.301121,-1,170
104.118667,30.757022,44,171
104.112081,30.554375,-1,172
103.661042,30.961047,2,173
104.554876,30.354545,31,174
104.154348,30.729397,193,175
103.844213,30.541389,-1,176
103.940466,30.834567,-1,177
103.647116,30.934981,-1,178
104.05261,30.473292,45,179
104.244201,30.645666,46,180
104.385056,30.289483,-1,181
103.874154,30.464549,-1,182
103.872713,30.779325,47,183
104.3375,30.772974,-1,184
104.053442,30.45749,217,185
104.308777,30.865281,36,186
103.522927,30.737236,-1,187
104.170965,30.615274,15,188
103.642544,30.942796,48,189
103.496981,30.174772,-1,190
104.106429,30.465841,-1,191
104.006683,30.519181,-1,192
103.681843,30.596787,24,193
104.072004,30.291303,-1,194
104.021058,30.516007,-1,195
104.190516,30.737332,-1,196
103.786865,31.169555,-1,197
103.897139,30.666901,49,198
104.378418,30.718305,-1,199
104.019921,30.726655,-1,200
104.060514,31.245355,8,201
103.697949,30.630495,-1,202
104.027763,30.470948,-1,203
104.29762,31.034935,-1,204
104.020975,29.139544,50,205
103.84993,30.637146,-1,206
104.05126,30.688683,-1,207
104.252526,30.655619,-1,208
103.71871,30.588114,-1,209
103.811267,30.632237,51,210
104.326506,30.860044,38,211
104.224936,30.793843,52,212
104.349996,30.555425,-1,213
104.175409,30.715356,53,214
103.86183,30.796837,-1,215
104.064933,30.665544,-1,216
103.945214,30.48429,54,217
104.242499,30.649973,9,218
103.695984,30.653407,-1,219
104.509857,30.508026,-1,220
104.355903,30.647307,-1,221
103.883621,30.66591,55,222
103.897168,30.666555,49,223
104.114238,30.579981,56,224
104.188328,30.765942,-1,225
104.38047,30.743535,-1,226
103.874112,30.417678,57,227
104.313457,30.318104,-1,228
103.798382,31.167116,-1,229
103.919098,30.634616,-1,230
104.19321,30.741052,225,231
102.736712,29.429463,-1,232
103.662418,31.042285,-1,233
103.808249,30.87849,-1,234
103.778343,31.17808,-1,235
104.077607,30.230806,-1,236
104.115391,30.580148,56,237
104.182292,30.718242,58,238
104.480679,30.350716,-1,239
104.534856,30.42921,-1,240
103.736001,30.335532,-1,241
103.527579,31.414849,59,242
104.387576,30.761811,-1,243
104.113641,30.579423,56,244
103.82266,30.656984,-1,245
103.976655,30.469125,-1,246
104.3438,30.623842,-1,247
104.32722,30.645637,-1,248
104.055229,30.426596,258,249
104.03332,30.780517,-1,250
103.957328,30.938098,-1,251
103.920991,30.703011,25,252
103.912026,30.631124,60,253
104.75929,30.373521,-1,254
103.796822,30.643485,61,255
104.2429,30.6506,9,256
104.187078,30.590212,-1,257
103.975233,30.431612,-1,258
103.812808,30.632638,51,259
104.036118,30.234678,-1,260
103.617252,30.722804,-1,261
104.29816,30.390245,-1,262
104.340246,30.460049,-1,263
103.68291,30.597505,-1,264
104.231712,30.655253,-1,265
103.992691,29.024573,-1,266
104.013096,30.652169,-1,267
104.145448,30.39395,-1,268
103.90982,30.54449,62,269
103.536979,30.569753,-1,270
103.996058,30.871861,-1,271
103.912683,30.824323,1,272
104.282977,29.622661,-1,273
103.711163,30.322778,-1,274
104.415173,30.880792,-1,275
104.170667,30.615212,15,276
104.09825,30.793599,-1,277
103.950648,30.01874,-1,278
104.172321,30.784842,-1,279
103.86009,30.836998,-1,280
103.834615,30.512674,-1,281
104.400781,30.341265,-1,282
103.925895,30.714376,-1,283
104.501085,30.473738,63,284
103.930256,30.321842,-1,285
104.003386,30.734822,-1,286
104.157376,30.649369,-1,287
104.101528,30.497181,114,288
104.80403,30.151927,64,289
104.310466,30.621179,-1,290
104.59532,31.767905,-1,291
103.694406,30.612715,-1,292
103.712231,30.322575,-1,293
103.995415,30.612411,-1,294
103.896215,30.374513,-1,295
103.940463,30.614143,65,296
103.539276,30.558704,-1,297
104.102351,30.496194,114,298
104.235555,30.735964,-1,299
103.749829,30.778039,-1,300
104.102126,30.711179,-1,301
103.881357,30.398497,-1,302
103.918699,30.230874,66,303
104.093394,30.581115,67,304
104.099245,30.58583,-1,305
104.072085,30.35902,-1,306
104.09573,30.790341,-1,307
104.491793,30.324522,68,308
104.069761,30.768726,69,309
103.937621,30.61402,29,310
104.114495,30.750301,70,311
104.001244,30.598039,-1,312
104.06516,30.179403,20,313
104.221573,30.638619,33,314
103.452741,30.374759,71,315
104.45975,30.341802,-1,316
104.489533,30.493619,72,317
104.098565,30.885121,73,318
103.701742,30.602425,35,319
104.044241,30.468952,-1,320
104.507881,30.617058,-1,321
103.9532,30.465717,-1,322
104.800922,29.728511,-1,323
104.261286,31.07873,-1,324
103.713892,30.527,74,325
104.147885,30.398805,-1,326
103.940311,30.614217,65,327
104.125304,30.769621,75,328
103.661174,30.96106,2,329
103.681037,30.399434,-1,330
104.496688,30.614307,-1,331
104.083962,30.45671,222,332
104.052516,30.634877,-1,333
103.62751,30.585091,-1,334
104.000148,30.394671,-1,335
104.191394,31.03295,-1,336
104.06618,31.258678,-1,337
104.170556,30.615286,15,338
103.601021,31.064774,76,339
104.060459,30.650274,-1,340
104.111481,30.55476,-1,341
103.831881,30.339346,-1,342
104.055849,30.847929,77,343
103.885678,31.028205,-1,344
103.676932,30.60617,-1,345
104.390529,31.062906,-1,346
103.100534,30.080986,-1,347
104.024176,30.448442,-1,348
103.903487,30.246369,-1,349
104.230422,30.789263,-1,350
103.953382,30.638229,-1,351
104.214072,30.575734,-1,352
103.591922,30.8331,-1,353
104.185678,30.718465,34,354
103.968685,30.805889,-1,355
104.06302,30.597912,-1,356
104.06516,30.179389,20,357
104.071057,30.836505,-1,358
104.21183,30.747023,-1,359
104.111842,30.523493,-1,360
104.064951,30.179371,20,361
103.68364,30.302707,-1,362
104.201126,30.733556,78,363
104.475499,30.348112,-1,364
104.136412,30.409684,-1,365
104.01732,30.451257,-1,366
104.207488,30.526238,-1,367
104.579718,30.687196,-1,368
104.392997,31.165961,-1,369
104.234086,30.647934,-1,370
103.684647,30.946665,-1,371
104.577067,30.728696,-1,372
104.185247,30.551751,135,373
103.698467,30.630286,-1,374
104.247124,30.284441,-1,375
104.494459,30.325757,-1,376
103.830425,29.995334,-1,377
104.4628,30.34786,257,378
104.145946,30.707101,-1,379
104.295969,30.684234,-1,380
103.87881,30.198324,79,381
104.482338,30.491679,-1,382
104.135023,30.590075,-1,383
104.374659,30.723769,-1,384
103.937684,30.619033,12,385
103.970593,30.988952,19,386
103.895726,30.666095,49,387
104.221328,30.67647,-1,388
103.940128,30.614191,65,389
103.797198,30.643392,61,390
103.695322,30.61838,-1,391
104.3209,29.735628,-1,392
103.857603,31.064607,80,393
104.092962,30.523817,81,394
103.459957,30.747055,5,395
104.167827,30.529085,-1,396
104.115912,30.584563,82,397
103.824885,30.581273,-1,398
103.527914,30.376919,-1,399
103.936029,30.905332,83,400
103.962883,30.4481,84,401
103.971413,30.650495,85,402
104.204591,30.731128,-1,403
103.786079,30.428517,-1,404
104.045017,30.74393,-1,405
104.015609,30.527485,-1,406
103.964712,30.636811,86,407
104.108154,30.560133,-1,408
103.915871,30.858791,-1,409
103.662858,30.971095,87,410
103.971621,30.40779,-1,411
103.499198,30.749663,-1,412
103.877197,30.165886,-1,413
104.218263,30.695028,-1,414
104.090268,30.742091,-1,415
104.213794,30.65161,88,416
104.050194,30.259367,159,417
103.920828,30.702953,25,418
104.0431,30.790096,-1,419
104.077393,30.802996,-1,420
104.104726,30.504319,-1,421
104.069508,30.444657,-1,422
103.861537,30.984724,-1,423
104.075579,30.728062,-1,424
104.034985,30.298047,-1,425
104.081176,30.49835,-1,426
103.816138,30.486019,-1,427
103.946879,30.615602,-1,428
103.797323,30.643565,61,429
104.115888,30.585203,82,430
104.033679,30.801319,-1,431
103.965132,30.696563,-1,432
103.309345,30.36741,-1,433
103.866305,30.775665,216,434
103.976451,30.544957,-1,435
103.705151,31.029007,-1,436
104.048116,30.42529,-1,437
104.324221,31.658247,-1,438
103.75959,30.394664,-1,439
103.851249,30.367595,-1,440
103.860031,30.301289,89,441
104.380198,30.743453,-1,442
103.701412,30.602823,35,443
104.002977,30.590407,249,444
104.050202,30.476753,90,445
103.466788,30.992656,-1,446
104.168291,30.699114,-1,447
104.037007,30.147923,-1,448
104.018295,30.154792,-1,449
103.865932,30.778165,-1,450
103.881119,30.415538,-1,451
103.967711,30.585989,91,452
103.637061,30.927783,-1,453
104.13463,30.68869,-1,454
103.006333,29.870358,-1,455
104.242556,30.650102,9,456
103.639796,30.468759,-1,457
104.050764,30.664353,92,458
104.061645,30.380919,-1,459
103.902666,30.658365,16,460
103.921913,30.291094,-1,461
104.242988,30.645866,46,462
104.230266,30.872155,-1,463
103.987456,30.717428,-1,464
103.765648,30.8372,-1,465
104.353524,30.552666,-1,466
103.497042,30.548575,93,467
103.917173,30.683773,94,468
104.179956,30.619336,-1,469
103.642829,30.943391,48,470
103.806991,30.917508,-1,471
103.936457,30.61377,29,472
104.294721,29.659585,-1,473
104.478187,30.489734,-1,474
104.335851,30.64495,-1,475
104.052171,30.684916,-1,476
104.143502,30.465742,95,477
103.937621,30.618965,12,478
103.850732,30.820396,96,479
104.326379,30.860492,38,480
104.039527,30.225721,97,481
104.380211,31.009577,-1,482
104.540483,30.659483,-1,483
103.51728,30.750359,98,484
103.643463,30.470198,-1,485
104.230601,30.85683,-1,486
103.816257,30.633581,51,487
104.114297,30.750283,70,488
104.66826,30.08794,-1,489
103.942211,30.27947,-1,490
103.970876,30.650041,85,491
103.936481,30.613802,29,492
104.565244,30.371179,32,493
104.118729,30.46893,-1,494
104.134087,30.408731,-1,495
103.530518,31.410152,-1,496
103.682787,31.012583,18,497
103.824957,30.582736,-1,498
104.195158,30.542601,-1,499
103.496193,30.17512,-1,500
103.968242,30.981472,-1,501
103.811447,30.967187,-1,502
104.212713,30.743879,-1,503
103.962053,30.934999,212,504
104.083393,30.384336,-1,505
104.162765,30.556373,99,506
103.988278,30.214057,-1,507
104.382239,30.35069,-1,508
103.678353,31.029977,100,509
103.938452,30.742846,-1,510
104.057457,30.408876,-1,511
104.160152,30.599782,-1,512
103.781573,30.640104,-1,513
104.16078,30.697422,-1,514
103.875329,30.478066,-1,515
104.583901,30.13574,-1,516
103.998594,30.73539,-1,517
103.653127,30.920095,-1,518
103.613325,30.959724,-1,519
104.804256,30.152079,64,520
103.939935,30.58443,-1,521
104.242785,30.651605,9,522
104.142952,30.82842,-1,523
104.203325,30.725979,30,524
104.271823,30.3269,-1,525
104.11576,30.584002,82,526
103.882547,30.535429,-1,527
103.684134,30.602645,-1,528
103.959636,30.363722,167,529
104.039871,30.582611,-1,530
103.975636,31.046248,-1,531
104.391689,30.283939,101,532
104.42014,30.866975,-1,533
104.063941,30.84376,-1,534
103.847153,30.783558,-1,535
104.143619,31.604527,-1,536
104.357507,30.660699,-1,537
103.839239,29.975149,-1,538
103.436936,30.617581,-1,539
103.559131,30.548886,-1,540
104.462392,30.48824,-1,541
103.966034,30.466053,-1,542
103.897098,30.836144,102,543
103.960053,30.517484,40,544
104.97312,29.870568,103,545
104.807699,30.837698,-1,546
104.106527,30.594571,-1,547
104.205347,31.192095,-1,548
104.392034,30.298973,104,549
104.077726,30.794627,105,550
104.433189,30.846593,-1,551
104.311882,30.633025,-1,552
104.094272,30.580829,67,553
104.087269,30.639575,-1,554
103.524194,30.710988,-1,555
104.006953,30.592738,106,556
103.697524,30.396061,-1,557
104.045992,30.917388,-1,558
104.149439,30.622659,107,559
104.140598,30.374086,-1,560
104.318865,30.861168,108,561
104.056378,30.424977,-1,562
104.473303,30.485962,-1,563
103.701908,30.602592,35,564
104.238259,30.710023,-1,565
104.237246,30.723438,109,566
103.887217,30.528567,23,567
104.272686,30.814588,-1,568
103.843595,30.673447,-1,569
104.221496,30.798339,-1,570
104.118664,30.468618,-1,571
104.478189,30.348565,-1,572
104.419942,30.917838,-1,573
104.689738,30.325977,-1,574
104.400804,31.169566,-1,575
103.704212,30.632011,-1,576
104.032733,30.713681,-1,577
103.454824,30.744931,-1,578
104.743491,31.572234,-1,579
103.937107,30.61347,29,580
104.262437,30.85107,-1,581
103.973724,30.468833,110,582
103.936594,30.613986,29,583
104.230009,30.657429,-1,584
104.003728,30.606411,111,585
104.020893,29.139276,50,586
103.913022,30.630932,60,587
103.589217,30.393496,-1,588
104.13955,30.691607,-1,589
104.117344,30.537793,-1,590
103.875137,30.8304,112,591
104.057505,30.388262,-1,592
104.111888,30.717791,-1,593
104.072501,30.351095,-1,594
103.465765,30.438103,113,595
104.300191,30.884861,-1,596
104.040409,30.447899,-1,597
104.102482,30.49742,114,598
104.450766,29.475565,-1,599
103.660983,30.960764,2,600
104.176027,30.778218,-1,601
104.07204,30.435492,-1,602
103.553248,30.220804,115,603
104.112002,30.753204,116,604
104.064507,30.633165,117,605
103.869916,30.776071,-1,606
104.142952,30.82842,-1,607
104.165733,30.71248,10,608
104.085226,30.446744,41,609
104.115871,30.584949,82,610
103.856939,30.442309,-1,611
103.970593,30.988952,19,612
104.072829,30.258735,-1,613
104.219316,30.898614,-1,614
103.6252,30.341647,-1,615
103.725179,30.558982,-1,616
103.750032,30.492349,-1,617
104.249178,30.772444,118,618
104.068656,30.693462,-1,619
104.3343,30.764057,-1,620
103.950537,30.80292,-1,621
103.308979,30.214313,-1,622
103.819129,30.797276,-1,623
103.978817,30.642767,-1,624
103.640305,30.465888,119,625
103.923009,30.71709,13,626
104.064879,30.179537,20,627
103.626703,30.402577,-1,628
103.87881,30.198324,79,629
103.713917,30.526212,74,630
104.320473,30.278048,120,631
104.358244,30.814193,-1,632
104.115379,30.45251,-1,633
103.465846,30.43819,113,634
104.031364,31.368216,-1,635
103.943602,30.716906,-1,636
103.535805,30.750176,-1,637
103.876897,30.635286,-1,638
104.007119,30.524831,-1,639
103.8738,30.417279,57,640
103.68196,30.596608,24,641
103.985503,30.454093,-1,642
104.286815,30.669533,-1,643
104.177958,30.719091,121,644
103.653683,30.92046,-1,645
103.870724,30.702077,122,646
104.398043,30.342365,-1,647
104.089062,30.739724,-1,648
104.080275,30.5136,123,649
104.603801,30.684502,124,650
104.244332,30.645792,46,651
104.365896,30.857178,125,652
103.881978,30.666128,-1,653
104.046467,30.683267,-1,654
103.661218,30.961065,2,655
104.078576,30.679807,-1,656
103.954703,30.638311,-1,657
104.175546,30.699561,-1,658
104.485748,30.444371,-1,659
103.816289,30.465547,-1,660
103.909531,30.883084,-1,661
104.286573,30.830262,-1,662
103.87842,30.198109,79,663
104.323801,30.644798,126,664
104.156374,30.511119,-1,665
104.361806,30.435124,-1,666
104.082293,30.577293,22,667
104.218581,30.647725,-1,668
104.202395,30.744236,-1,669
103.8995,31.007604,-1,670
103.420466,30.159734,-1,671
104.245037,29.946462,-1,672
103.825116,30.581681,-1,673
103.855524,30.631165,-1,674
104.390904,30.281108,127,675
103.870483,30.760602,-1,676
104.050239,30.541663,-1,677
103.714007,30.803188,-1,678
103.61314,30.871579,-1,679
104.09881,30.885027,73,680
103.884732,30.368659,-1,681
104.223087,29.961315,-1,682
104.203136,30.875318,-1,683
103.935845,30.914253,-1,684
103.890937,30.776972,128,685
103.831247,30.547942,-1,686
104.401464,31.061493,-1,687
104.342854,31.005157,-1,688
103.920921,30.540645,-1,689
104.30862,30.865332,36,690
103.92194,30.88547,-1,691
103.661174,30.96106,2,692
103.661758,30.919919,-1,693
104.048648,30.668274,-1,694
103.449665,30.466914,17,695
104.481777,30.351669,-1,696
104.083611,30.519778,-1,697
103.781597,30.640322,-1,698
104.077035,30.619196,-1,699
104.61087,31.298608,-1,700
103.881364,30.365296,-1,701
103.914245,30.675435,129,702
103.72541,30.577685,130,703
103.943031,30.337104,262,704
104.583926,30.34062,-1,705
104.064325,30.432632,-1,706
103.886047,30.665443,-1,707
103.861344,30.803956,131,708
104.497001,30.472124,-1,709
104.379735,31.123095,-1,710
104.361786,30.658561,-1,711
104.511908,30.421632,42,712
102.226155,29.783544,-1,713
104.803746,30.152763,64,714
103.822473,30.949399,-1,715
104.183684,29.975875,-1,716
104.134072,30.945727,-1,717
104.088458,30.730638,-1,718
104.291929,30.877686,-1,719
103.891306,30.409854,-1,720
104.803941,30.152411,64,721
104.116078,30.452196,-1,722
103.552796,30.530344,-1,723
103.978911,30.467515,-1,724
103.608694,31.009307,-1,725
103.701548,30.602687,35,726
103.535811,30.742544,-1,727
104.088484,30.759913,132,728
104.14605,31.492663,-1,729
103.964272,30.62339,-1,730
103.662848,30.970763,87,731
104.063613,30.633323,117,732
103.85121,31.05936,-1,733
103.883301,30.665881,55,734
103.883081,30.666169,55,735
104.219099,30.701326,-1,736
104.044599,30.206116,-1,737
103.963313,30.931851,-1,738
103.552307,30.831968,-1,739
104.022975,30.505738,-1,740
104.009897,30.527796,-1,741
103.794842,29.440237,-1,742
104.583056,30.339955,-1,743
103.888369,30.557096,133,744
104.326637,30.860099,38,745
103.678308,31.029887,100,746
103.970999,30.650333,85,747
103.971185,30.650595,85,748
104.908287,30.159889,-1,749
104.092895,30.523851,81,750
104.236448,30.646681,4,751
103.502476,30.356862,-1,752
103.981552,30.785301,14,753
103.983603,30.566941,-1,754
103.792256,30.187097,-1,755
104.419464,30.946739,-1,756
104.391385,30.284087,101,757
104.179932,30.722674,-1,758
104.509513,30.352512,134,759
104.217961,30.801746,-1,760
104.312253,30.842976,-1,761
103.643677,31.0166,-1,762
104.22646,30.792702,52,763
104.239796,30.818857,-1,764
103.988501,30.213873,-1,765
104.31812,30.917127,-1,766
103.936472,30.848916,-1,767
103.994769,30.468936,-1,768
103.660724,30.961895,2,769
104.093204,30.856437,-1,770
104.052156,30.487072,-1,771
103.861277,30.803766,131,772
103.636483,30.957161,-1,773
104.213991,30.575436,-1,774
104.220951,30.638547,33,775
103.93542,30.905415,83,776
104.073603,30.360114,-1,777
104.203721,30.725968,30,778
104.389568,30.310123,-1,779
103.940814,30.32995,-1,780
103.570704,30.524526,-1,781
103.615528,30.955269,-1,782
104.012255,30.8313,-1,783
103.46575,30.437972,113,784
104.077657,30.794764,105,785
104.404827,30.340056,-1,786
103.990895,30.573983,-1,787
104.187012,30.553283,135,788
103.695759,30.395772,-1,789
103.972917,30.613613,-1,790
103.974108,30.964681,-1,791
104.272044,30.78017,-1,792
104.05239,30.246269,136,793
103.74925,30.530365,-1,794
104.049293,30.759325,-1,795
104.572297,31.034444,-1,796
104.049648,30.476773,90,797
104.397505,31.058845,-1,798
104.426407,30.697864,-1,799
104.412282,30.73799,-1,800
104.323485,30.645031,126,801
104.908287,30.159889,-1,802
104.483843,30.458692,-1,803
103.960647,30.818678,-1,804
104.165841,30.664732,-1,805
104.089861,30.52325,-1,806
104.002796,29.124817,-1,807
104.072726,30.695615,-1,808
104.328446,30.275131,-1,809
104.079693,30.836535,-1,810
104.040307,30.403425,-1,811
103.972552,30.622932,137,812
103.880046,30.404233,138,813
104.242811,30.650605,9,814
104.097532,30.518469,-1,815
104.052016,30.684468,-1,816
103.825018,30.79831,-1,817
104.042605,30.53791,-1,818
103.934216,30.710141,-1,819
104.050729,30.664237,92,820
104.144104,30.789869,-1,821
103.964616,30.636871,86,822
104.161558,30.599631,7,823
103.193694,30.138716,-1,824
104.217084,30.693969,-1,825
103.640568,30.895292,-1,826
104.218238,30.869559,-1,827
104.118359,30.757194,44,828
103.908503,30.543119,139,829
103.987271,30.721851,-1,830
103.153549,31.004823,-1,831
103.800466,30.830791,-1,832
104.227008,30.861899,-1,833
104.326724,30.860092,38,834
103.561265,30.74876,140,835
104.247432,30.554646,-1,836
103.866988,30.873068,-1,837
103.477127,31.319289,-1,838
104.513597,30.512954,-1,839
103.857333,30.630328,-1,840
104.07194,30.339325,-1,841
104.106889,30.587126,141,842
104.0101,30.518471,-1,843
103.966438,30.660998,-1,844
104.973361,29.870887,103,845
103.843974,30.372176,-1,846
104.064951,30.179371,20,847
104.055039,30.653651,-1,848
103.902914,30.658339,16,849
104.23765,30.653233,142,850
104.115852,30.584161,82,851
103.482672,30.383801,143,852
104.760389,30.37231,-1,853
103.933601,30.554308,-1,854
104.073833,30.549778,-1,855
103.867413,30.53526,144,856
104.97439,29.869605,-1,857
104.595931,31.765621,-1,858
104.059149,30.650734,-1,859
103.971244,30.777418,-1,860
104.165094,30.604323,-1,861
104.35806,30.660282,-1,862
104.00753,30.743807,-1,863
104.262053,30.850936,-1,864
104.097917,30.461278,-1,865
104.363149,30.600665,-1,866
104.302364,30.259098,-1,867
104.324722,30.701019,-1,868
103.875137,30.8304,112,869
103.593951,30.972096,-1,870
104.04787,30.654363,-1,871
103.732194,30.333408,-1,872
104.04398,30.446084,145,873
104.045385,30.206484,-1,874
104.475292,30.348012,-1,875
103.973707,30.800604,146,876
104.18341,30.71037,147,877
104.002472,30.704997,-1,878
104.166615,30.659024,-1,879
104.218519,30.585195,-1,880
104.572858,30.708929,-1,881
104.231956,30.71847,-1,882
103.880226,30.604196,-1,883
103.832956,30.749221,-1,884
104.080719,30.817036,-1,885
104.005141,30.515144,-1,886
103.647731,30.336112,-1,887
103.902354,30.658385,16,888
104.345759,30.741654,-1,889
103.883681,30.665976,55,890
104.143495,30.679055,-1,891
103.58948,30.516817,-1,892
104.327721,30.306052,148,893
104.00185,30.128195,-1,894
104.469629,30.847905,149,895
103.966084,30.435671,150,896
104.575636,30.732932,-1,897
103.920588,30.881191,-1,898
103.239645,30.37541,-1,899
104.186143,30.75667,-1,900
104.089673,30.51751,-1,901
103.929424,30.699632,-1,902
104.072697,30.695569,-1,903
104.206036,30.617741,-1,904
104.041979,30.744696,-1,905
104.308469,30.865196,36,906
104.185896,30.513301,-1,907
103.697019,30.397929,-1,908
103.533566,30.694204,-1,909
104.023894,30.593354,-1,910
103.999014,30.466854,151,911
103.945921,30.93397,-1,912
104.115418,30.452594,-1,913
103.781927,30.675894,152,914
103.934326,30.425041,-1,915
103.982868,30.453505,153,916
104.077401,30.79485,105,917
104.079233,30.207684,-1,918
104.297648,30.237906,-1,919
104.135424,30.773753,-1,920
104.10677,30.507235,154,921
104.973466,29.871055,103,922
103.80518,30.431491,-1,923
103.221025,30.380155,-1,924
103.917273,30.683977,94,925
104.144501,30.813327,-1,926
104.155172,30.823149,-1,927
104.574364,30.686008,-1,928
104.026739,30.848857,-1,929
103.403552,30.738616,-1,930
104.122696,30.500264,-1,931
103.995799,30.574744,-1,932
103.880457,30.604083,-1,933
104.288825,30.845457,-1,934
103.725411,30.577851,130,935
104.218878,30.655305,28,936
103.909149,30.543092,139,937
104.007281,30.568267,-1,938
103.617359,30.978188,-1,939
103.987485,29.132359,-1,940
103.459754,30.747041,5,941
104.079344,30.818624,-1,942
104.244065,30.645454,46,943
104.20921,30.584323,-1,944
103.969159,30.36652,155,945
103.943568,30.507628,-1,946
103.481345,30.524922,-1,947
104.072682,30.334173,-1,948
104.131724,30.675875,-1,949
104.191616,30.790356,156,950
103.837484,30.348797,-1,951
104.236588,30.608872,-1,952
104.072705,30.248929,-1,953
104.465273,30.473279,-1,954
104.254799,30.859183,157,955
103.037423,29.908385,-1,956
104.022174,30.522235,-1,957
104.027957,30.450824,158,958
104.050316,30.259504,159,959
103.940201,30.6213,-1,960
104.501452,30.474196,63,961
104.240323,30.802304,-1,962
103.852773,31.122846,-1,963
104.237838,30.652773,142,964
103.839239,29.975149,-1,965
103.847567,30.664699,-1,966
103.401685,31.061815,-1,967
103.484063,30.08101,-1,968
103.952092,30.428042,160,969
103.830181,30.646935,-1,970
104.484676,30.348452,-1,971
104.178013,30.727029,-1,972
104.213436,30.575064,-1,973
102.068833,31.480976,-1,974
104.118182,30.551021,-1,975
103.998451,30.428489,-1,976
104.279907,30.645267,-1,977
103.499406,30.569499,-1,978
103.851066,30.437163,161,979
103.658503,31.024068,-1,980
104.023236,30.651666,-1,981
104.198695,30.705141,-1,982
103.960913,30.939367,-1,983
104.358883,30.662443,-1,984
103.800421,30.830785,-1,985
104.09213,30.486024,-1,986
104.563996,30.388143,-1,987
103.865658,30.774598,216,988
103.629557,30.478931,-1,989
103.971842,30.54215,162,990
103.858455,30.663877,-1,991
103.996766,30.631824,-1,992
103.859867,30.836503,-1,993
104.236504,30.646377,4,994
104.057555,30.255144,-1,995
103.676094,30.90363,-1,996
103.844126,31.144025,-1,997
103.90465,30.683175,-1,998
104.326468,30.860028,38,999
103.922081,30.475556,-1,1000
104.429048,30.356623,-1,1001
104.185918,30.552766,135,1002
104.077721,30.794662,105,1003
104.2429,30.6506,9,1004
103.669852,30.644222,-1,1005
103.995674,30.643044,-1,1006
104.484548,30.348436,-1,1007
104.234747,30.183284,-1,1008
103.984917,30.464036,-1,1009
103.553268,30.220894,115,1010
104.038708,30.359832,-1,1011
103.962553,30.640863,-1,1012
103.896659,30.666767,49,1013
103.496119,30.546269,-1,1014
104.051667,30.75784,-1,1015
103.93879,30.549066,-1,1016
103.988936,30.887106,-1,1017
103.99491,30.615327,-1,1018
103.747722,30.51521,-1,1019
104.039466,30.225726,97,1020
103.916589,30.369463,163,1021
104.202659,30.726171,30,1022
104.581959,30.711938,-1,1023
104.061208,30.41556,-1,1024
103.714681,31.023016,-1,1025
103.713989,30.526523,74,1026
104.178289,30.662241,-1,1027
103.680751,30.895029,-1,1028
104.133145,30.397766,-1,1029
104.420756,30.880316,-1,1030
103.908983,30.543071,139,1031
103.37685,30.277164,-1,1032
104.378195,30.71616,-1,1033
104.235278,30.64597,4,1034
103.956164,30.940173,-1,1035
103.499336,30.569331,-1,1036
103.973228,30.46965,110,1037
104.077619,30.651994,-1,1038
103.945402,30.95249,-1,1039
104.174506,30.717604,-1,1040
103.648452,30.335975,-1,1041
103.474656,30.431443,-1,1042
104.155872,30.728992,193,1043
104.175624,30.700188,-1,1044
104.005133,30.551957,-1,1045
103.763246,30.396045,-1,1046
104.244452,30.6456,46,1047
103.858769,31.066374,-1,1048
104.067915,30.386515,-1,1049
103.98753,30.467284,-1,1050
104.065702,30.667184,-1,1051
103.879112,30.487941,-1,1052
103.28171,29.268394,-1,1053
103.71196,30.540167,-1,1054
104.174319,30.581916,-1,1055
103.704224,30.708962,-1,1056
104.120103,30.772603,164,1057
103.676875,30.39811,-1,1058
103.506772,30.744515,-1,1059
103.970747,30.650022,85,1060
104.356192,30.841755,-1,1061
104.028569,30.662496,-1,1062
104.203211,30.726035,30,1063
104.31953,30.275367,165,1064
103.95844,30.689474,-1,1065
104.179091,30.783498,166,1066
104.170977,30.615338,15,1067
104.148263,30.835877,-1,1068
104.31674,30.277627,206,1069
103.820195,30.917463,-1,1070
103.661138,30.961076,2,1071
103.935171,30.905597,83,1072
104.106764,30.740724,-1,1073
104.322776,30.303636,-1,1074
104.06669,30.645378,-1,1075
103.937973,30.614194,29,1076
104.103675,30.714849,-1,1077
104.15751,30.646786,-1,1078
104.347337,30.643721,-1,1079
103.959753,30.363205,167,1080
104.09566,30.563007,-1,1081
104.216303,30.6927,-1,1082
104.008616,30.590691,43,1083
104.008147,30.718848,-1,1084
103.426327,31.071638,-1,1085
104.388231,30.761647,-1,1086
103.307385,31.091132,-1,1087
104.062566,30.437681,168,1088
104.573235,30.36845,-1,1089
104.010176,30.480311,-1,1090
104.044131,30.445623,145,1091
103.901805,30.834344,169,1092
104.230202,30.872071,-1,1093
104.092126,30.524185,81,1094
104.083094,30.722078,-1,1095
104.021928,29.138266,-1,1096
103.988405,30.212339,-1,1097
104.138824,30.610795,170,1098
103.536731,30.569817,-1,1099
103.694748,30.936993,-1,1100
104.503732,30.426643,-1,1101
104.538091,30.723903,-1,1102
104.100666,30.749823,-1,1103
104.102447,30.497113,114,1104
104.080552,30.513608,123,1105
103.637594,30.957156,-1,1106
104.031917,30.321875,-1,1107
104.030625,30.808107,-1,1108
104.069723,30.767991,69,1109
104.143416,30.465753,95,1110
103.989998,30.482682,-1,1111
104.2261,29.019027,-1,1112
104.509417,30.352679,134,1113
104.056676,30.659924,-1,1114
104.451491,30.471544,-1,1115
104.431857,30.891943,-1,1116
103.937684,30.619033,12,1117
103.960685,30.650029,-1,1118
103.708391,29.166463,-1,1119
104.092235,30.523889,81,1120
103.923217,30.887977,-1,1121
103.035488,29.891095,-1,1122
104.245393,30.645416,46,1123
104.24454,30.645682,46,1124
103.956712,30.031303,-1,1125
104.175399,30.523217,-1,1126
104.13188,30.676698,-1,1127
104.505404,30.352725,-1,1128
103.966673,30.435317,150,1129
103.970627,30.650272,85,1130
103.939632,30.422416,-1,1131
104.108184,30.544917,171,1132
103.969543,30.98202,172,1133
104.487589,30.459615,259,1134
104.083626,30.64727,-1,1135
104.184832,30.544666,-1,1136
103.930273,30.740552,-1,1137
104.562957,30.067449,-1,1138
103.933705,30.781478,-1,1139
103.937636,30.618889,12,1140
103.976451,30.544957,-1,1141
104.230113,30.852612,-1,1142
104.477678,30.502927,-1,1143
103.88168,30.205356,-1,1144
104.580115,30.443558,-1,1145
104.215019,30.58258,21,1146
104.267889,30.650139,173,1147
103.887966,30.660709,-1,1148
103.601413,31.064546,76,1149
104.774127,30.33916,-1,1150
103.964765,30.378903,-1,1151
104.1727,30.483754,174,1152
103.878048,30.474942,-1,1153
104.029001,30.735259,-1,1154
104.078391,30.37475,-1,1155
104.221123,30.638671,33,1156
103.696268,30.407477,-1,1157
103.661055,30.961323,2,1158
104.223825,30.566564,175,1159
103.861325,30.803964,131,1160
103.912663,30.630884,60,1161
103.96433,30.637083,86,1162
104.044565,30.526966,-1,1163
103.643029,30.469889,-1,1164
104.165354,30.658698,176,1165
103.936561,30.614067,29,1166
104.031874,31.156655,-1,1167
104.796394,30.143404,-1,1168
104.12895,30.757484,-1,1169
104.086564,30.758583,-1,1170
104.394589,30.301333,-1,1171
104.750251,29.746141,-1,1172
104.311531,30.298933,26,1173
103.972947,30.470066,110,1174
103.921176,30.703074,25,1175
103.888165,31.035471,-1,1176
103.074158,30.013255,-1,1177
103.861924,31.068418,-1,1178
103.856435,30.647253,-1,1179
103.940582,29.942306,-1,1180
104.205347,31.192095,-1,1181
103.904642,30.81854,-1,1182
103.505882,30.559378,177,1183
104.164636,30.658663,176,1184
104.25299,30.273889,-1,1185
104.855185,30.486324,-1,1186
103.959032,30.649783,178,1187
103.974021,30.800183,146,1188
103.552791,30.530136,-1,1189
104.131124,30.95474,-1,1190
103.608099,30.82683,-1,1191
104.1142,30.579993,56,1192
104.464551,30.179689,-1,1193
104.475513,30.348096,-1,1194
103.494573,29.975894,-1,1195
104.319035,30.276608,165,1196
104.157051,30.089017,-1,1197
103.604295,31.067212,-1,1198
103.946407,30.487949,-1,1199
103.650369,30.933069,-1,1200
104.150469,30.616407,179,1201
104.454113,30.856773,-1,1202
104.107026,30.394586,-1,1203
103.541092,31.051497,-1,1204
104.243176,30.650783,9,1205
103.960937,30.934915,212,1206
104.138571,30.638237,-1,1207
104.572858,30.708929,-1,1208
104.131156,30.682303,-1,1209
104.143368,30.394502,-1,1210
104.15787,30.69265,180,1211
104.357913,30.648193,-1,1212
103.961126,30.644546,-1,1213
103.838834,30.317681,-1,1214
104.071808,30.2556,-1,1215
104.174068,30.540855,-1,1216
103.716956,30.631895,-1,1217
103.905297,30.810406,181,1218
104.57884,30.727592,-1,1219
103.740953,30.395544,-1,1220
103.591519,30.742163,-1,1221
104.384207,30.288951,-1,1222
103.902137,30.834005,169,1223
103.870483,30.76057,-1,1224
104.002507,30.860133,-1,1225
103.790737,30.419293,-1,1226
104.057812,30.38967,-1,1227
104.094698,30.486761,-1,1228
103.952695,30.333063,-1,1229
104.469615,30.599519,-1,1230
103.974957,30.468038,110,1231
104.083761,30.577641,22,1232
103.742118,30.736438,-1,1233
103.851366,30.437263,161,1234
103.836301,30.842792,-1,1235
103.942017,30.523746,-1,1236
104.278884,30.727487,-1,1237
103.697051,30.40379,-1,1238
104.057605,30.405201,-1,1239
103.875137,30.8304,112,1240
104.143465,30.465808,95,1241
104.459178,31.104586,-1,1242
104.280851,30.646496,-1,1243
103.936505,30.613802,29,1244
103.668088,31.051149,-1,1245
103.872939,30.625584,-1,1246
103.810187,30.63186,51,1247
104.207732,30.658782,-1,1248
103.88682,30.820268,-1,1249
103.722339,30.6228,-1,1250
104.355869,30.994476,-1,1251
104.098565,30.885121,73,1252
103.963917,30.616213,-1,1253
104.574546,30.731522,-1,1254
103.920302,29.916532,-1,1255
104.006519,30.592503,106,1256
104.115364,31.512534,-1,1257
104.595899,31.769505,-1,1258
103.886144,30.479879,-1,1259
103.800835,30.645425,-1,1260
104.578581,30.117513,-1,1261
103.682803,31.013264,18,1262
104.23726,30.724333,109,1263
104.071057,30.836505,-1,1264
104.574634,30.897878,-1,1265
104.254804,30.579773,-1,1266
104.177708,29.978903,-1,1267
103.760863,30.40872,-1,1268
104.259805,30.559692,-1,1269
104.023894,30.593272,-1,1270
103.996696,30.468737,-1,1271
104.052094,30.473974,45,1272
104.080865,30.690724,-1,1273
104.040672,30.665868,-1,1274
104.136019,30.690199,-1,1275
104.147899,30.692225,-1,1276
104.108879,30.776728,-1,1277
103.796163,30.447352,-1,1278
103.991377,30.674251,-1,1279
103.96351,30.500385,-1,1280
104.215107,30.582625,21,1281
104.235446,30.646604,4,1282
103.243365,30.538478,-1,1283
103.668352,30.655606,-1,1284
103.986453,30.755282,-1,1285
104.350938,30.643529,-1,1286
104.101751,30.459142,-1,1287
103.960127,30.165745,-1,1288
104.634367,30.407156,-1,1289
104.059085,30.759083,-1,1290
103.786047,30.428017,-1,1291
104.057478,30.555944,-1,1292
104.224886,30.793983,52,1293
104.164032,30.391983,-1,1294
103.877211,30.562373,-1,1295
104.451171,30.857304,-1,1296
104.223489,30.794307,52,1297
103.677843,30.339218,182,1298
104.17738,30.51924,-1,1299
103.952309,30.428049,160,1300
103.846063,30.789605,-1,1301
104.384544,30.301518,-1,1302
103.971478,30.469928,110,1303
103.697254,30.653043,-1,1304
104.036318,30.234488,-1,1305
103.703513,30.583373,-1,1306
103.838995,30.317943,-1,1307
103.762278,30.394565,-1,1308
104.247569,30.580923,-1,1309
104.077489,30.794706,105,1310
103.969467,30.347148,-1,1311
103.956874,30.831443,-1,1312
104.448626,30.337023,-1,1313
104.452338,30.352569,-1,1314
103.50454,30.573277,-1,1315
104.036762,30.446812,-1,1316
104.08452,30.460545,-1,1317
104.131221,30.791982,-1,1318
104.522849,30.436023,-1,1319
104.064976,30.179505,20,1320
104.510266,30.507784,-1,1321
104.207678,31.187344,-1,1322
104.147453,30.602993,-1,1323
103.789027,31.174199,-1,1324
103.861904,30.796794,-1,1325
104.057007,30.385026,-1,1326
104.163311,30.66449,-1,1327
104.153138,30.471453,-1,1328
103.940345,30.999083,-1,1329
103.950415,30.017942,-1,1330
103.772197,30.666614,-1,1331
104.168416,30.741232,183,1332
104.118729,30.46903,-1,1333
103.619229,30.52572,-1,1334
104.003432,30.583007,-1,1335
104.242756,30.649918,9,1336
104.292818,30.588968,-1,1337
103.508833,30.754836,-1,1338
103.954464,30.452467,-1,1339
104.223745,30.566314,175,1340
103.698364,30.865234,-1,1341
104.226118,30.525035,184,1342
103.864185,30.451073,-1,1343
104.355901,30.962189,-1,1344
103.956749,30.03076,-1,1345
103.701341,30.602592,35,1346
104.03964,30.593134,-1,1347
103.967312,30.648489,185,1348
104.117958,30.390261,-1,1349
104.04648,30.558734,-1,1350
104.034346,30.447422,-1,1351
103.914036,30.802344,-1,1352
103.1633,30.11905,-1,1353
103.857826,31.065609,80,1354
103.725471,30.916717,-1,1355
104.051028,30.664418,92,1356
103.701058,30.397213,-1,1357
104.027408,30.248265,-1,1358
104.131373,30.821277,-1,1359
104.04238,30.744673,-1,1360
104.32364,30.64517,126,1361
104.202914,30.72598,30,1362
104.115527,30.418009,186,1363
103.592873,31.013916,-1,1364
103.82424,30.422803,-1,1365
104.101425,30.713034,-1,1366
104.04403,30.445701,145,1367
104.242948,30.649849,9,1368
103.912545,30.630895,60,1369
104.044885,30.59442,-1,1370
103.896496,30.66607,49,1371
104.086857,30.579268,-1,1372
104.049355,31.247756,-1,1373
104.106753,30.740634,-1,1374
103.632419,30.735118,-1,1375
104.254832,30.858907,157,1376
103.710388,30.526088,-1,1377
103.833957,30.646588,-1,1378
103.737756,30.512743,-1,1379
103.923097,30.716732,13,1380
103.614246,30.964461,-1,1381
104.121361,30.539646,-1,1382
103.981218,30.785204,14,1383
104.075265,30.515813,-1,1384
104.330842,30.644313,187,1385
104.308777,30.865281,36,1386
103.883099,30.666051,55,1387
103.494579,29.9759,-1,1388
104.327188,30.307213,148,1389
104.198695,30.705141,-1,1390
104.064577,30.61083,-1,1391
103.960438,30.795786,-1,1392
103.897168,30.666555,49,1393
103.46407,30.751275,-1,1394
103.859286,30.827712,188,1395
104.411755,30.344949,189,1396
103.81063,30.632093,51,1397
103.937001,30.781521,190,1398
104.662473,31.087309,-1,1399
104.191401,30.742448,225,1400
104.244047,30.650428,9,1401
104.488678,30.459304,259,1402
104.004424,30.592328,-1,1403
104.235478,30.646902,4,1404
104.107972,30.518065,-1,1405
103.875421,30.484789,-1,1406
104.001022,30.762688,191,1407
104.06119,30.845145,-1,1408
104.265834,30.721737,-1,1409
104.242492,30.650302,9,1410
104.014517,30.766606,-1,1411
104.040601,30.531361,-1,1412
104.013393,30.445859,-1,1413
104.176824,30.782918,-1,1414
104.318347,30.273209,165,1415
103.555042,30.609108,-1,1416
104.072109,30.680667,-1,1417
104.643339,29.784464,-1,1418
104.173704,30.521441,-1,1419
104.226099,30.525057,184,1420
104.006487,30.592169,106,1421
104.804357,30.152176,64,1422
104.164787,30.658531,176,1423
104.234498,30.710383,-1,1424
103.916212,30.368963,163,1425
103.669806,30.644961,-1,1426
103.70159,30.602461,35,1427
104.323111,30.34217,-1,1428
104.271973,30.865313,-1,1429
104.226725,30.792479,52,1430
104.304601,30.256718,-1,1431
103.568593,30.23251,-1,1432
104.5561,30.353207,31,1433
103.957393,30.352455,-1,1434
104.080211,30.513515,123,1435
104.215597,30.821208,192,1436
104.114099,30.5793,56,1437
104.005356,30.62382,-1,1438
104.283847,30.815301,-1,1439
103.918196,30.684002,94,1440
103.904169,30.386739,-1,1441
104.121935,30.41514,-1,1442
104.15488,30.729164,193,1443
104.095761,30.540863,-1,1444
103.969336,30.630888,-1,1445
104.615953,30.679186,-1,1446
103.905301,30.976271,-1,1447
104.085689,30.456639,-1,1448
103.910111,30.73275,-1,1449
103.889254,30.499245,-1,1450
103.880872,30.199174,-1,1451
104.129417,30.690712,-1,1452
104.070982,30.72519,6,1453
104.009302,30.743811,-1,1454
104.168559,30.74183,183,1455
103.967264,30.648352,185,1456
103.700357,30.653809,-1,1457
104.124548,30.769172,75,1458
103.939096,30.47102,-1,1459
104.034866,30.223377,-1,1460
104.052801,30.540361,-1,1461
104.226049,30.791598,52,1462
104.582592,30.739235,-1,1463
104.668679,30.08783,-1,1464
104.170799,30.615253,15,1465
104.323432,30.645057,126,1466
104.081166,30.510939,-1,1467
104.228747,30.692246,-1,1468
103.911977,30.630903,60,1469
103.813902,30.633016,51,1470
104.111019,30.50315,-1,1471
103.671819,30.317464,-1,1472
104.57212,30.687415,-1,1473
103.970466,30.650322,85,1474
104.077254,30.684557,-1,1475
104.453554,30.347297,-1,1476
103.989549,30.673548,-1,1477
103.959151,30.438557,-1,1478
104.094969,30.541323,-1,1479
103.97238,30.541935,162,1480
103.819587,30.665172,-1,1481
103.108145,29.288086,-1,1482
104.255554,30.531338,194,1483
103.813781,30.632868,51,1484
104.439074,30.359352,-1,1485
104.752728,30.629632,-1,1486
104.533474,30.651749,-1,1487
104.093609,30.441863,-1,1488
103.83773,30.349592,-1,1489
104.16102,30.538158,-1,1490
104.281147,30.64875,-1,1491
103.936571,30.848715,-1,1492
103.81511,30.644626,-1,1493
104.485748,30.444371,-1,1494
103.964511,30.637145,86,1495
103.505157,30.197048,-1,1496
104.217621,30.694508,-1,1497
104.041041,30.593267,195,1498
103.948014,30.327296,-1,1499
104.173714,30.484834,174,1500
104.242785,30.651605,9,1501
104.106935,30.491092,196,1502
104.050828,30.478319,-1,1503
104.508609,30.354591,197,1504
103.724742,30.578401,130,1505
103.8794,30.488752,-1,1506
104.248878,30.77276,118,1507
103.648971,31.446917,-1,1508
104.492063,30.325545,68,1509
103.831586,30.667725,-1,1510
103.138118,30.119253,-1,1511
104.16531,30.659064,176,1512
104.102642,30.750113,-1,1513
103.787936,30.688799,-1,1514
104.077922,30.794346,105,1515
103.872449,30.779125,47,1516
104.020957,29.139464,50,1517
104.085555,30.748987,-1,1518
103.789027,31.174199,-1,1519
104.070492,30.633529,-1,1520
103.790448,29.636083,198,1521
103.836301,30.842792,-1,1522
103.971423,30.650339,85,1523
104.448715,30.598756,-1,1524
103.969523,30.9821,172,1525
103.902842,30.658441,16,1526
104.166782,30.636618,-1,1527
103.671144,30.281131,-1,1528
103.394328,30.73948,-1,1529
104.087757,30.689055,-1,1530
103.525656,30.7484,-1,1531
104.224332,30.686126,-1,1532
103.937227,30.925398,-1,1533
104.007682,30.554324,-1,1534
103.983627,30.453914,153,1535
104.166135,31.011815,-1,1536
104.098976,30.585109,-1,1537
103.962746,30.772018,-1,1538
104.140316,30.690734,-1,1539
104.470631,30.510601,-1,1540
103.867381,30.535142,144,1541
104.393251,30.293939,-1,1542
103.676351,30.903424,-1,1543
104.134855,30.403949,-1,1544
103.497764,30.202387,-1,1545
104.308686,30.865315,36,1546
103.91702,30.684134,94,1547
104.183447,30.717299,58,1548
104.166322,30.703699,-1,1549
103.436609,30.37739,-1,1550
104.028729,30.479463,264,1551
104.288129,30.688239,-1,1552
103.99528,30.248225,-1,1553
104.139566,30.691539,-1,1554
104.236814,30.661542,-1,1555
104.224463,30.786166,-1,1556
104.556106,31.407849,-1,1557
103.937509,30.619332,12,1558
104.186703,30.70769,-1,1559
103.459721,30.74687,5,1560
104.249025,30.772358,118,1561
104.076078,30.778786,-1,1562
104.114807,30.579442,56,1563
104.061609,30.696271,-1,1564
104.292815,30.802789,-1,1565
104.054726,30.426573,258,1566
104.140401,30.670458,-1,1567
103.887276,30.593058,-1,1568
104.077125,30.8032,-1,1569
104.416015,30.927835,-1,1570
104.389078,30.282736,-1,1571
104.190345,30.5141,-1,1572
103.974547,30.469007,110,1573
104.071836,30.679245,-1,1574
104.046742,30.427129,3,1575
104.54508,29.502102,-1,1576
104.088745,30.760129,132,1577
104.223689,30.566082,175,1578
104.108752,30.505533,260,1579
104.0554,30.79575,-1,1580
103.862313,30.71076,-1,1581
103.886884,30.275144,-1,1582
104.06923,30.326438,-1,1583
103.499734,30.404803,-1,1584
103.983629,30.646182,-1,1585
103.612269,30.959694,-1,1586
104.136139,30.820579,-1,1587
104.237142,29.938802,-1,1588
103.678297,31.029626,100,1589
103.854416,30.717819,-1,1590
104.521114,30.429702,-1,1591
104.366377,30.351404,-1,1592
104.071138,30.725231,6,1593
104.154464,30.719378,-1,1594
103.810934,29.837787,-1,1595
104.360979,30.659354,-1,1596
104.256348,30.58709,-1,1597
104.132452,30.686424,-1,1598
104.161821,30.599681,7,1599
104.524422,30.664863,-1,1600
103.867182,30.352933,-1,1601
104.598989,30.870917,-1,1602
104.312491,30.408151,-1,1603
103.936594,30.923601,-1,1604
103.888166,30.665723,-1,1605
104.382239,30.35069,-1,1606
103.741269,30.694562,-1,1607
104.043741,31.280007,-1,1608
103.884889,30.388665,199,1609
104.546564,31.101824,-1,1610
103.998692,30.25304,200,1611
104.45682,30.856715,-1,1612
104.329291,30.853896,-1,1613
104.543081,30.718288,-1,1614
103.907074,30.374164,-1,1615
104.315714,30.303074,251,1616
103.952737,30.486562,-1,1617
104.066298,30.179959,201,1618
103.878803,30.404162,138,1619
104.52138,30.358896,-1,1620
104.412245,30.903301,-1,1621
104.107438,30.774987,-1,1622
103.785776,30.442899,-1,1623
104.162522,30.557098,99,1624
103.981654,30.785167,14,1625
104.491402,30.32399,68,1626
104.010622,30.742262,-1,1627
103.932769,30.322375,-1,1628
104.537406,30.365808,202,1629
104.366294,30.295697,-1,1630
103.847115,30.622374,-1,1631
103.536043,30.550749,-1,1632
104.243063,30.645752,46,1633
103.703763,30.584032,-1,1634
104.050694,30.541441,-1,1635
103.773075,30.435165,-1,1636
104.336812,30.966125,-1,1637
104.017818,30.444641,-1,1638
103.883681,30.665976,55,1639
104.084349,30.578451,22,1640
104.131805,30.395504,-1,1641
104.175551,30.788625,254,1642
104.194514,30.801815,-1,1643
104.03052,30.808561,-1,1644
103.84674,30.437907,-1,1645
104.064927,30.437651,-1,1646
104.011627,30.664058,-1,1647
104.130944,30.533431,-1,1648
104.136925,30.404914,-1,1649
104.035308,30.298071,-1,1650
104.703602,30.083547,-1,1651
104.32682,30.860111,38,1652
104.202435,30.72617,30,1653
104.072666,30.373647,-1,1654
104.066244,30.180091,201,1655
103.987505,30.561903,-1,1656
104.259077,30.81204,-1,1657
104.056126,30.763374,-1,1658
103.906385,30.414834,-1,1659
104.195453,30.696421,-1,1660
103.995893,30.512407,-1,1661
104.061279,30.565513,-1,1662
104.088661,30.436142,-1,1663
104.392412,31.166812,-1,1664
104.147951,30.709293,-1,1665
103.913576,30.710721,-1,1666
104.007866,30.71879,-1,1667
103.681385,30.612595,203,1668
103.497767,30.546024,239,1669
104.351147,30.818617,-1,1670
103.898372,30.772747,-1,1671
104.082381,30.747438,-1,1672
103.918561,30.230768,66,1673
104.22352,30.88512,204,1674
103.880043,30.399275,-1,1675
104.097255,30.890823,-1,1676
104.379323,30.292191,-1,1677
103.981352,30.785204,14,1678
104.215542,30.649266,-1,1679
103.990036,30.482656,-1,1680
104.353987,30.842485,-1,1681
103.601085,31.06469,76,1682
104.041403,30.593353,195,1683
104.287985,30.683587,-1,1684
104.010345,30.662027,-1,1685
104.318597,30.287063,-1,1686
104.125263,30.769494,75,1687
103.867893,30.779517,-1,1688
104.052664,30.465385,-1,1689
104.069649,30.689713,-1,1690
104.453384,30.351529,-1,1691
103.749333,30.393548,-1,1692
104.011111,30.55729,-1,1693
104.794079,29.729294,-1,1694
104.052789,30.458449,-1,1695
104.29195,30.81321,-1,1696
104.235464,30.64668,4,1697
104.237399,30.65298,142,1698
103.617969,30.994573,-1,1699
102.843429,30.020312,-1,1700
104.249028,30.77239,118,1701
104.990557,29.542639,-1,1702
104.177741,30.719135,121,1703
104.25299,30.273889,-1,1704
104.038764,30.360082,-1,1705
104.208511,30.524014,27,1706
104.138724,30.474381,-1,1707
103.39271,30.735543,-1,1708
104.323334,30.645002,126,1709
103.858068,31.065242,80,1710
104.191616,30.790356,156,1711
103.688874,31.024443,-1,1712
104.044111,30.445805,145,1713
104.412088,30.793472,-1,1714
104.01086,30.519875,-1,1715
104.546744,30.685198,-1,1716
104.498039,30.490106,-1,1717
104.087697,30.596852,-1,1718
104.329307,30.853878,-1,1719
103.694623,30.612756,-1,1720
104.262269,30.850852,-1,1721
104.216348,30.52238,-1,1722
104.014643,30.540275,-1,1723
104.234741,30.646208,4,1724
102.068833,31.480976,-1,1725
104.106899,30.510671,-1,1726
104.221623,30.696291,-1,1727
104.392165,30.298943,104,1728
104.328631,30.279001,-1,1729
104.216748,30.835036,-1,1730
104.011575,30.590853,-1,1731
103.90269,30.658241,16,1732
104.302559,30.860802,-1,1733
104.250635,30.734625,-1,1734
103.879479,30.480347,-1,1735
103.505605,30.559136,177,1736
103.936077,30.905465,83,1737
104.391279,30.281388,127,1738
103.920013,30.302662,-1,1739
103.667266,30.366534,-1,1740
104.088981,30.547348,-1,1741
103.851669,30.464344,-1,1742
103.800709,30.631885,-1,1743
104.268931,30.57884,-1,1744
103.918711,30.565799,-1,1745
104.424229,30.317678,-1,1746
103.671835,30.317536,-1,1747
103.862546,30.463762,-1,1748
103.96696,30.435735,150,1749
103.640224,30.465924,119,1750
104.19265,30.540718,-1,1751
103.073877,29.995055,-1,1752
104.078872,30.365051,250,1753
103.498528,30.542645,205,1754
104.006069,30.866468,-1,1755
104.037809,30.537906,-1,1756
103.712151,30.322574,-1,1757
104.392955,30.287374,-1,1758
104.108991,30.675588,-1,1759
103.958448,30.450846,-1,1760
103.692029,30.890246,-1,1761
104.083393,30.446582,-1,1762
104.204655,30.730676,-1,1763
103.795188,30.446835,-1,1764
104.495766,30.341652,-1,1765
103.710295,29.091229,-1,1766
104.021224,30.506417,-1,1767
104.112037,30.752942,116,1768
104.11101,30.510451,-1,1769
104.025557,30.449552,-1,1770
104.072285,30.685728,-1,1771
104.326371,30.86011,38,1772
103.981983,30.409897,-1,1773
103.874946,30.830815,112,1774
104.433447,30.333273,-1,1775
104.057322,30.390388,-1,1776
104.125059,30.769325,75,1777
104.367063,30.799148,-1,1778
104.005305,30.732343,-1,1779
104.214817,30.58326,21,1780
104.327108,30.308495,-1,1781
104.170783,30.659687,-1,1782
104.60585,30.568902,-1,1783
104.201157,30.733727,78,1784
104.32413,30.621203,-1,1785
104.062748,31.245397,-1,1786
104.177885,30.719067,121,1787
103.701589,30.602621,35,1788
104.101796,30.5161,266,1789
103.879694,30.50502,-1,1790
104.361952,30.603332,-1,1791
104.105713,30.942638,-1,1792
102.645675,30.933778,-1,1793
104.681546,30.6686,-1,1794
103.77505,30.438424,-1,1795
104.28055,30.646763,-1,1796
103.974285,30.428297,-1,1797
104.48891,30.46183,-1,1798
104.188249,30.514617,-1,1799
103.903114,30.631748,-1,1800
103.857384,30.452545,-1,1801
104.074525,30.445082,-1,1802
103.790448,29.636083,198,1803
104.201103,30.733829,78,1804
103.796822,30.643485,61,1805
103.905704,30.936503,-1,1806
104.512859,30.420181,-1,1807
103.884001,30.677073,-1,1808
103.665287,30.609031,-1,1809
103.41518,30.757279,-1,1810
103.885799,31.028435,-1,1811
103.969535,30.366733,155,1812
104.31546,30.276576,206,1813
104.192032,31.192735,-1,1814
103.87393,30.773507,-1,1815
104.031204,30.537689,-1,1816
103.802013,30.455462,207,1817
103.598515,31.003629,-1,1818
104.115711,30.523076,-1,1819
103.914616,30.677108,-1,1820
104.466668,30.602602,-1,1821
104.048988,30.470774,-1,1822
104.223084,30.67501,208,1823
104.523011,30.663139,253,1824
103.894872,30.490703,-1,1825
104.168929,30.741254,183,1826
104.17639,30.524412,-1,1827
104.555891,30.709056,-1,1828
104.049299,30.541318,-1,1829
104.202753,30.725866,30,1830
103.924896,30.691911,-1,1831
104.533069,30.695084,-1,1832
104.181391,30.534261,-1,1833
103.855516,30.630379,-1,1834
104.710897,30.663307,-1,1835
104.067447,30.450744,-1,1836
103.670282,30.400561,-1,1837
103.690245,30.890226,-1,1838
104.312269,30.298435,26,1839
104.361586,30.43493,-1,1840
103.707129,30.524587,-1,1841
104.19011,30.662379,209,1842
103.972688,30.579436,-1,1843
103.814381,30.633054,51,1844
104.077959,30.385007,-1,1845
103.940926,30.429266,-1,1846
103.030373,29.914867,-1,1847
104.10132,30.534156,-1,1848
103.850876,30.820514,96,1849
104.326699,30.860141,38,1850
104.093577,30.581562,67,1851
103.990829,30.739132,210,1852
103.811576,30.632299,51,1853
103.973611,30.782909,-1,1854
104.159705,30.696027,-1,1855
104.158199,30.470722,-1,1856
104.326732,30.860279,38,1857
103.998644,30.483488,-1,1858
104.452443,30.845953,-1,1859
103.850535,30.634888,-1,1860
104.029058,30.479766,264,1861
104.237293,30.653506,142,1862
104.105892,30.765244,-1,1863
104.122787,30.892432,-1,1864
103.912728,30.824646,1,1865
103.816623,30.633613,213,1866
103.936425,30.614202,29,1867
103.823209,30.425237,-1,1868
104.130379,30.68407,-1,1869
104.125862,30.512204,-1,1870
103.887968,30.661365,-1,1871
103.857845,30.627323,-1,1872
104.109239,30.555911,-1,1873
104.019322,30.726087,-1,1874
104.244882,30.783864,-1,1875
104.058335,30.649539,-1,1876
103.987892,30.723745,-1,1877
104.538896,30.697072,-1,1878
103.782935,30.375924,-1,1879
103.423374,30.046493,-1,1880
103.889514,30.383805,-1,1881
103.781927,30.675894,152,1882
103.758849,31.196335,-1,1883
104.595496,31.767986,-1,1884
103.916946,30.684064,94,1885
103.678379,31.030088,100,1886
103.701412,30.602823,35,1887
104.184201,30.552804,-1,1888
104.435466,30.836044,-1,1889
103.816273,30.465513,-1,1890
103.807399,30.457739,-1,1891
103.462747,30.386205,-1,1892
103.794778,30.755472,-1,1893
104.000899,30.598054,-1,1894
104.240379,30.80216,-1,1895
104.333444,30.643759,247,1896
104.112303,30.513165,-1,1897
104.318612,30.273044,165,1898
104.203921,30.730973,-1,1899
104.003886,30.606143,111,1900
104.147088,30.932644,-1,1901
104.533673,29.759734,-1,1902
104.537345,31.860469,-1,1903
104.202875,31.188118,-1,1904
103.410523,30.749036,-1,1905
103.796891,30.398447,-1,1906
104.234838,30.645938,4,1907
104.340532,30.672325,-1,1908
104.000941,29.127127,-1,1909
104.112463,30.752778,116,1910
104.064707,30.179421,20,1911
103.926255,30.947026,-1,1912
103.943595,30.499208,-1,1913
103.985894,31.052,-1,1914
104.169118,30.741212,183,1915
104.25557,30.531072,194,1916
103.974524,30.795943,-1,1917
103.846519,30.428032,-1,1918
103.970542,30.540198,-1,1919
104.174714,30.715334,53,1920
103.790397,29.745853,-1,1921
104.392931,30.28349,101,1922
104.229363,30.702418,-1,1923
103.861596,30.086326,-1,1924
103.745657,31.106178,-1,1925
104.050857,30.665161,92,1926
103.83407,30.465812,-1,1927
103.489945,30.524639,-1,1928
103.883264,30.665926,55,1929
104.662907,31.090812,-1,1930
103.541383,30.747764,-1,1931
103.701718,30.602295,35,1932
103.678182,31.029677,100,1933
104.129498,30.820788,-1,1934
103.496171,30.548603,93,1935
103.94435,30.438538,-1,1936
104.263606,29.94299,233,1937
104.17744,30.718818,121,1938
104.174137,30.481935,-1,1939
104.149565,30.725288,-1,1940
103.923453,30.275656,-1,1941
103.901057,30.63427,-1,1942
103.923569,30.577271,-1,1943
104.202704,30.725991,30,1944
104.357527,30.659825,-1,1945
104.338489,30.830525,-1,1946
104.178406,30.782916,166,1947
104.521501,30.429641,241,1948
103.700004,31.035503,-1,1949
104.254832,30.859191,157,1950
104.112734,30.753302,116,1951
103.659181,30.923568,-1,1952
103.970523,30.650172,85,1953
103.924385,31.062984,-1,1954
103.797009,30.646604,211,1955
103.856525,30.627496,-1,1956
104.97312,29.870568,103,1957
103.969351,30.656487,-1,1958
104.029692,30.481018,-1,1959
104.053065,30.467612,-1,1960
104.258992,30.61307,-1,1961
103.92477,30.691723,-1,1962
104.418752,30.6124,-1,1963
103.895747,30.842096,-1,1964
103.83757,30.361768,237,1965
103.999786,30.751974,-1,1966
103.963949,30.380527,-1,1967
103.88202,30.707213,-1,1968
103.824165,30.351626,-1,1969
104.092025,30.575673,-1,1970
103.868965,30.780443,-1,1971
103.661413,30.961113,2,1972
104.445517,30.474196,-1,1973
103.9746,30.469088,110,1974
103.961459,30.934326,212,1975
103.918116,30.684127,94,1976
102.645675,30.933778,-1,1977
104.393172,30.311059,-1,1978
104.368563,30.289201,-1,1979
104.115377,30.417705,186,1980
104.089535,30.739232,-1,1981
104.064584,30.438789,-1,1982
104.175457,30.715388,53,1983
104.213713,30.651926,88,1984
104.231448,30.79404,-1,1985
103.902172,30.83422,169,1986
104.325743,30.64587,-1,1987
103.966124,30.436006,150,1988
104.25569,30.531622,194,1989
103.890625,30.248439,-1,1990
103.876299,30.500658,-1,1991
103.27753,29.569611,-1,1992
103.899546,30.536449,-1,1993
103.182636,30.010662,-1,1994
104.203186,30.726066,30,1995
104.558517,30.369911,-1,1996
103.95492,30.452338,-1,1997
104.110588,30.566885,-1,1998
104.191944,31.192533,-1,1999
103.919435,30.317473,-1,2000
104.188342,31.004441,-1,2001
103.70199,30.602258,35,2002
104.17153,30.630326,-1,2003
104.010767,30.652404,-1,2004
104.169848,30.640732,-1,2005
103.62338,31.493705,-1,2006
103.958384,30.662325,-1,2007
103.968178,30.598063,-1,2008
103.848425,30.638769,-1,2009
104.575753,30.722801,-1,2010
104.099262,30.587136,-1,2011
104.049232,30.374128,-1,2012
103.502372,30.356921,-1,2013
104.129281,30.640469,-1,2014
104.372162,30.965483,-1,2015
104.13166,30.946267,-1,2016
104.196749,30.589945,-1,2017
103.497403,30.545895,239,2018
104.485935,30.491929,-1,2019
103.732344,30.391617,-1,2020
104.028544,30.480356,264,2021
103.68176,30.85237,-1,2022
104.044661,30.594062,-1,2023
103.477588,30.522349,-1,2024
104.105475,30.587334,141,2025
103.817223,30.63395,213,2026
104.120611,30.477173,-1,2027
104.174443,30.717525,-1,2028
103.9566,30.426333,-1,2029
103.0902,30.386972,-1,2030
104.14158,30.950893,-1,2031
104.018279,30.45171,-1,2032
103.730458,30.34086,-1,2033
104.115171,30.971616,-1,2034
103.945914,30.531326,-1,2035
104.366655,30.304098,-1,2036
104.188745,30.548062,-1,2037
103.77236,30.345283,-1,2038
104.501082,30.473739,63,2039
104.183684,29.975875,-1,2040
104.040709,30.248625,-1,2041
103.940529,30.615409,65,2042
104.106384,30.587234,141,2043
104.366095,30.857261,125,2044
104.261269,30.871215,-1,2045
103.720048,30.407064,-1,2046
103.85828,30.633331,-1,2047
104.075474,30.685175,-1,2048
103.958205,30.204853,-1,2049
103.540195,30.779728,-1,2050
103.846751,30.318814,-1,2051
104.150295,30.72552,-1,2052
103.548016,30.553398,-1,2053
104.242524,30.650519,9,2054
103.929437,30.941695,-1,2055
104.385949,30.355994,-1,2056
103.798364,30.423608,-1,2057
104.356503,31.134938,-1,2058
104.603821,30.684722,124,2059
104.283006,30.838565,-1,2060
103.712463,30.393567,-1,2061
104.280457,30.646298,-1,2062
104.226643,30.792598,52,2063
103.908251,30.660553,-1,2064
103.8211,30.575705,-1,2065
104.366487,30.306666,-1,2066
104.078915,30.818383,-1,2067
104.249654,30.536949,-1,2068
103.49715,30.561064,-1,2069
103.96135,30.644929,-1,2070
104.298617,30.388229,-1,2071
103.795898,31.167054,-1,2072
104.158316,30.560398,-1,2073
104.174193,30.787317,254,2074
104.106814,30.775994,-1,2075
103.967421,30.585862,91,2076
104.043655,30.446411,145,2077
103.973645,30.651925,-1,2078
104.456273,30.607544,-1,2079
104.508783,30.355381,197,2080
104.120752,30.292132,-1,2081
104.212973,30.650314,-1,2082
103.853923,30.340236,-1,2083
104.235294,30.646702,4,2084
104.026922,30.450658,158,2085
104.020181,30.862692,-1,2086
103.925056,30.621425,-1,2087
104.168344,30.387167,-1,2088
104.108928,30.464009,214,2089
103.802385,30.455554,207,2090
104.185647,30.552436,135,2091
104.378139,30.716055,-1,2092
103.820907,30.466176,-1,2093
103.961516,30.436859,-1,2094
103.661292,30.961185,2,2095
103.843556,30.673486,-1,2096
104.041422,30.593358,195,2097
104.416736,30.617337,-1,2098
103.60178,30.828458,-1,2099
103.912898,30.82464,1,2100
104.119072,30.585373,-1,2101
103.49715,30.561064,-1,2102
104.033273,30.466386,-1,2103
104.086963,30.758514,132,2104
104.489781,30.493986,72,2105
103.860183,30.837172,-1,2106
103.936799,30.773967,-1,2107
104.05447,30.849269,-1,2108
104.074936,30.32095,-1,2109
104.22885,30.85398,-1,2110
104.226102,30.85918,255,2111
103.822859,30.647094,-1,2112
104.094,30.581208,67,2113
104.564865,30.379081,-1,2114
103.901681,30.834435,169,2115
104.215053,30.582606,21,2116
103.909307,30.23529,-1,2117
104.091388,30.695143,-1,2118
103.896847,30.602159,-1,2119
104.481892,30.491739,-1,2120
104.116567,30.390915,-1,2121
104.039512,30.225792,97,2122
104.464737,30.794613,-1,2123
103.861576,30.804265,131,2124
103.888165,31.035471,-1,2125
103.961517,30.940401,-1,2126
104.051581,30.634689,-1,2127
103.908195,30.973106,-1,2128
103.861362,30.803562,131,2129
104.108009,30.545709,171,2130
104.178758,30.782798,166,2131
103.917527,30.684279,94,2132
103.053546,30.025104,-1,2133
103.714112,30.526388,74,2134
103.892937,30.513944,215,2135
104.194361,30.587048,-1,2136
104.04354,30.205879,-1,2137
103.914754,30.419183,-1,2138
104.565243,30.37118,32,2139
104.071533,30.677203,-1,2140
103.96533,30.636933,86,2141
104.361693,30.658614,-1,2142
104.16833,30.741692,183,2143
104.331424,30.644432,187,2144
104.081108,30.498843,-1,2145
103.885818,30.589031,-1,2146
104.219569,30.800848,-1,2147
103.969073,31.007922,-1,2148
104.125134,30.769195,75,2149
103.943233,30.584161,-1,2150
104.563996,30.388143,-1,2151
103.937257,30.614772,29,2152
104.556555,30.37271,-1,2153
104.04643,30.427513,3,2154
104.034248,30.736154,-1,2155
104.185664,30.684698,-1,2156
103.916453,30.369247,163,2157
103.878641,30.753663,-1,2158
103.442623,30.354461,-1,2159
104.23479,30.646037,4,2160
104.320473,30.281364,-1,2161
103.814442,30.607211,-1,2162
103.917653,30.742709,-1,2163
103.812444,30.819882,-1,2164
104.145042,30.394065,-1,2165
104.031352,31.157084,-1,2166
103.535648,30.748103,-1,2167
104.170667,30.615212,15,2168
104.108355,30.544293,171,2169
104.17151,30.714751,-1,2170
104.024147,30.507876,-1,2171
103.884732,30.368659,-1,2172
104.260653,30.720917,-1,2173
103.910186,30.731615,-1,2174
103.694799,29.233453,-1,2175
103.88109,30.798398,-1,2176
104.16462,30.658693,176,2177
104.400859,31.064623,-1,2178
103.866241,30.775297,216,2179
104.207971,30.756832,-1,2180
103.948256,30.701688,-1,2181
104.204655,30.730676,-1,2182
104.203846,30.726037,30,2183
104.197045,30.431128,-1,2184
103.704256,30.709084,-1,2185
104.172271,30.484205,174,2186
103.971958,30.428203,-1,2187
103.842331,30.538862,-1,2188
103.631175,30.478017,-1,2189
103.95427,30.339126,-1,2190
104.387984,30.865541,-1,2191
103.527574,31.415319,59,2192
104.094947,30.462935,-1,2193
104.053788,30.457091,217,2194
104.042151,30.763461,-1,2195
103.977523,30.688358,218,2196
104.185395,30.552132,135,2197
103.817595,30.890139,-1,2198
104.189171,30.793336,-1,2199
103.486604,31.133763,-1,2200
104.552487,30.684267,-1,2201
103.912421,30.630915,60,2202
103.892288,30.342983,-1,2203
104.408522,30.345116,-1,2204
104.224747,30.63992,-1,2205
104.162771,30.647936,-1,2206
104.039617,30.225866,97,2207
104.087335,30.467678,-1,2208
103.676859,30.398092,-1,2209
104.041221,30.627652,-1,2210
103.896385,30.782915,-1,2211
104.028781,30.479651,264,2212
103.988629,30.422425,-1,2213
104.135271,30.40386,-1,2214
104.123581,30.91245,-1,2215
104.050117,30.568202,-1,2216
104.097489,30.75645,-1,2217
104.105398,30.543291,-1,2218
103.819717,30.673427,-1,2219
103.923379,30.63872,-1,2220
104.54647,31.389522,-1,2221
104.04403,30.445701,145,2222
104.045873,30.216224,-1,2223
103.673121,30.904565,-1,2224
104.1533,30.782496,219,2225
103.928434,30.672048,-1,2226
103.448465,30.616422,-1,2227
104.174627,30.715356,53,2228
104.710632,30.664365,-1,2229
104.106594,30.740459,-1,2230
103.493433,30.75317,-1,2231
103.914352,30.675349,129,2232
103.682092,31.012583,18,2233
103.812183,30.632477,51,2234
103.952377,30.999041,220,2235
104.119069,30.726012,-1,2236
103.618975,30.922673,-1,2237
104.236813,30.724416,109,2238
104.223603,30.794336,52,2239
103.763339,30.700299,-1,2240
103.900822,30.363161,-1,2241
104.32756,30.71962,-1,2242
104.308412,30.865264,36,2243
104.11992,30.772768,164,2244
104.057815,30.475822,-1,2245
104.118769,30.281448,-1,2246
104.255505,30.859407,157,2247
104.380211,31.009577,-1,2248
103.705173,30.404693,-1,2249
104.056031,30.425103,-1,2250
103.937592,30.614381,29,2251
104.027689,30.249359,-1,2252
104.028234,30.24872,-1,2253
103.926499,30.474431,-1,2254
104.41562,30.992642,-1,2255
103.887137,30.528253,23,2256
103.661156,30.979981,221,2257
103.890101,30.478787,-1,2258
102.882618,30.186973,-1,2259
103.905929,30.235163,-1,2260
104.04668,30.588567,-1,2261
104.522849,30.435905,-1,2262
104.183531,30.553239,-1,2263
104.213548,30.744854,-1,2264
104.135047,31.077925,-1,2265
103.617343,30.994477,-1,2266
104.217105,30.572171,-1,2267
104.208733,30.523896,27,2268
104.091269,30.740224,-1,2269
104.803829,30.148793,-1,2270
103.957872,30.5428,-1,2271
104.236366,30.489264,-1,2272
103.644925,31.016323,-1,2273
104.173714,30.484768,174,2274
104.579962,30.778125,-1,2275
103.838215,30.316771,-1,2276
104.103423,30.497386,114,2277
104.38898,30.286859,-1,2278
104.236714,30.608999,-1,2279
104.066554,30.701711,-1,2280
104.004488,30.592265,-1,2281
104.586494,30.132609,-1,2282
104.015981,30.478494,-1,2283
103.948211,30.501458,-1,2284
103.956072,30.797067,-1,2285
104.154887,30.728158,193,2286
104.170799,30.659705,-1,2287
104.033932,30.528419,-1,2288
104.366096,30.857261,125,2289
104.07455,30.658527,-1,2290
104.084698,30.455666,222,2291
104.300269,30.389177,-1,2292
103.950279,30.628275,-1,2293
104.152464,30.54159,-1,2294
103.560686,30.748703,140,2295
103.465,31.002249,-1,2296
104.492881,30.32193,-1,2297
104.464483,30.471431,-1,2298
103.713222,30.822684,-1,2299
103.498743,30.542394,205,2300
104.463251,30.488315,-1,2301
103.837603,31.148239,-1,2302
104.116218,30.419094,186,2303
103.637158,30.956572,-1,2304
104.112439,30.753145,116,2305
103.903928,31.002527,-1,2306
103.972481,30.647958,-1,2307
103.888858,30.557887,133,2308
104.255322,30.531022,194,2309
104.150118,30.615896,179,2310
104.183538,30.743286,-1,2311
104.198203,30.659732,-1,2312
103.681215,30.612679,203,2313
104.234909,30.647001,4,2314
103.952397,30.795703,223,2315
104.053367,30.485267,-1,2316
104.153642,30.586337,-1,2317
104.145769,30.618838,-1,2318
102.223147,29.896204,-1,2319
103.934227,30.425224,-1,2320
104.130354,30.520084,-1,2321
104.068766,30.693016,-1,2322
104.081177,30.510292,-1,2323
103.639871,30.466491,119,2324
104.537332,30.36602,202,2325
104.286525,30.830228,-1,2326
104.600513,30.492364,-1,2327
104.32338,30.341428,-1,2328
104.501549,30.473832,63,2329
103.707289,30.581596,-1,2330
104.223809,30.566298,175,2331
103.974952,30.402891,-1,2332
104.04625,30.537458,-1,2333
103.956908,31.069198,-1,2334
104.489595,30.493772,72,2335
103.802043,30.455486,207,2336
104.177428,30.519355,-1,2337
104.083794,30.578009,22,2338
104.303607,30.318829,-1,2339
104.075609,30.751706,-1,2340
103.648089,30.894503,-1,2341
104.287352,30.701897,-1,2342
103.883345,30.665759,55,2343
103.939795,30.614441,65,2344
104.120824,30.501585,-1,2345
104.23483,30.646471,4,2346
104.343928,30.669283,-1,2347
103.502476,30.356862,-1,2348
103.747625,30.348671,-1,2349
103.968093,30.394399,-1,2350
103.880034,30.404341,138,2351
104.177501,30.718735,121,2352
103.661201,30.979894,221,2353
103.936873,30.781645,190,2354
104.796546,30.151038,-1,2355
103.936505,30.613802,29,2356
103.286803,30.162933,-1,2357
103.992761,30.747982,-1,2358
104.242863,30.650386,9,2359
103.983973,30.572328,-1,2360
103.642829,30.943391,48,2361
103.914123,30.675699,129,2362
103.980149,30.203046,-1,2363
104.0036,30.482958,-1,2364
104.358423,30.818628,-1,2365
104.753561,30.628798,-1,2366
103.904855,30.567444,-1,2367
104.108733,30.46425,214,2368
103.967015,30.648316,185,2369
103.406128,30.746396,-1,2370
104.068966,30.676863,-1,2371
104.392598,30.286785,-1,2372
104.019318,30.230066,-1,2373
103.760784,30.635869,-1,2374
103.860649,30.836096,-1,2375
104.397617,30.824157,-1,2376
103.456922,30.031181,-1,2377
103.91589,30.52517,-1,2378
103.972546,30.622837,137,2379
104.209904,30.740775,-1,2380
104.23765,30.653233,142,2381
103.609846,29.739011,-1,2382
103.896696,30.408101,-1,2383
104.625163,30.427811,-1,2384
103.905374,30.810502,181,2385
104.078176,30.684119,-1,2386
104.151902,30.579501,-1,2387
104.391202,30.315725,-1,2388
104.204213,30.857524,-1,2389
104.051149,30.259871,159,2390
104.156066,30.645342,-1,2391
104.532594,30.440595,-1,2392
104.035292,30.465048,224,2393
103.973991,30.579099,-1,2394
103.938894,30.615735,-1,2395
104.187116,30.553199,135,2396
104.23049,30.872239,-1,2397
104.405318,30.460989,-1,2398
104.473878,30.486191,-1,2399
103.977678,30.688101,218,2400
104.372013,30.864206,-1,2401
104.019318,30.230066,-1,2402
104.326486,30.860198,38,2403
103.552838,30.530157,-1,2404
104.064951,30.179371,20,2405
104.125314,30.769369,75,2406
104.192415,30.997412,-1,2407
104.192659,30.741437,225,2408
104.152721,30.781724,219,2409
104.183413,30.786469,-1,2410
103.784072,30.866182,-1,2411
104.072132,30.346576,-1,2412
103.890937,30.776972,128,2413
104.564236,30.38783,-1,2414
104.57036,30.34975,-1,2415
103.917208,30.683717,94,2416
103.923119,30.266971,-1,2417
103.880229,30.604133,-1,2418
103.534353,30.542694,-1,2419
103.995172,30.612657,-1,2420
103.85542,30.630863,-1,2421
104.23123,30.792456,-1,2422
103.837291,30.352683,-1,2423
104.243157,30.650418,9,2424
103.884485,30.400575,-1,2425
104.680481,30.051286,-1,2426
103.966052,30.435855,150,2427
104.523081,30.430171,241,2428
104.020892,29.139248,50,2429
103.903399,30.398837,-1,2430
103.897637,30.542253,-1,2431
104.090436,30.742077,-1,2432
104.027684,30.448506,-1,2433
103.452192,30.474728,-1,2434
104.077183,30.374572,-1,2435
103.255925,30.555324,-1,2436
104.164383,30.658772,176,2437
104.466305,30.343893,-1,2438
103.965144,30.310131,-1,2439
104.099978,30.459955,226,2440
104.109718,30.503778,-1,2441
103.914684,30.477129,-1,2442
103.943402,30.558744,-1,2443
103.654827,30.926996,37,2444
104.216004,30.580325,-1,2445
103.998724,30.756241,-1,2446
104.223544,30.885068,204,2447
103.825311,30.658064,-1,2448
104.396547,31.064981,-1,2449
104.168697,30.741439,183,2450
104.227178,30.642891,-1,2451
104.2429,30.6506,9,2452
104.008147,30.718848,-1,2453
104.760389,30.37231,-1,2454
104.103289,30.780771,-1,2455
104.144025,30.533902,-1,2456
103.958056,30.431647,-1,2457
103.789967,30.603961,-1,2458
103.961597,30.204968,-1,2459
104.09245,30.547251,-1,2460
103.910079,30.732834,-1,2461
104.063067,30.339112,-1,2462
103.966466,30.626047,-1,2463
104.233449,30.716236,-1,2464
104.139497,30.408328,-1,2465
104.006953,30.592738,106,2466
103.858266,30.632966,-1,2467
104.183699,30.531428,-1,2468
104.190704,30.436675,-1,2469
104.380211,31.009577,-1,2470
104.020066,29.13963,50,2471
104.497928,30.348713,-1,2472
104.236357,30.64652,4,2473
103.72443,30.396415,-1,2474
104.398214,30.756137,-1,2475
104.165181,30.379761,-1,2476
103.893027,30.447337,-1,2477
104.072041,30.265526,-1,2478
104.380693,30.879839,-1,2479
103.889851,30.532426,-1,2480
104.477678,30.502927,-1,2481
103.9543,30.592148,-1,2482
104.344054,30.623982,-1,2483
103.939845,30.42339,-1,2484
103.872485,30.779209,47,2485
103.759274,30.665732,-1,2486
104.06618,31.258678,-1,2487
103.961239,30.934824,212,2488
104.225019,30.793936,52,2489
103.973138,30.623035,137,2490
104.009461,30.480843,-1,2491
103.914991,30.630905,-1,2492
104.086048,30.580828,227,2493
104.001743,30.884946,228,2494
104.429087,30.500703,-1,2495
104.513206,30.420077,-1,2496
104.488712,30.493405,72,2497
103.964648,30.636925,86,2498
104.488787,30.459447,259,2499
103.837377,30.694419,-1,2500
104.198233,30.581892,229,2501
103.638239,30.936002,-1,2502
104.25239,30.646683,-1,2503
104.082925,30.717851,-1,2504
103.97382,31.032166,-1,2505
104.020784,29.139517,50,2506
104.127604,30.681499,-1,2507
104.359835,30.531686,-1,2508
104.011448,30.518099,246,2509
103.95972,30.796055,-1,2510
104.062998,30.438461,168,2511
103.937612,30.614672,29,2512
103.901985,30.834301,169,2513
103.956644,30.797863,-1,2514
104.077475,30.794751,105,2515
104.319031,30.28514,-1,2516
103.933121,30.58359,-1,2517
103.887989,30.556194,133,2518
103.89897,30.615611,-1,2519
103.701493,30.602557,35,2520
104.973514,29.871121,103,2521
103.561245,30.748748,140,2522
103.843294,30.5375,-1,2523
103.617915,30.994271,-1,2524
103.967962,30.648578,185,2525
104.249466,30.757102,-1,2526
103.681763,30.290252,-1,2527
104.394274,30.35036,-1,2528
104.43154,30.47061,-1,2529
104.1013,30.775688,-1,2530
103.895612,30.824658,-1,2531
104.221327,30.675665,-1,2532
104.380032,30.290313,-1,2533
103.972203,30.65334,-1,2534
103.969491,30.366519,155,2535
104.235766,30.646762,4,2536
104.17517,30.715288,53,2537
104.158747,30.597799,-1,2538
104.244084,30.645866,46,2539
103.460381,30.746959,5,2540
103.626029,30.402817,-1,2541
103.601037,31.06457,76,2542
104.023775,30.448379,-1,2543
104.489595,30.493772,72,2544
104.269295,30.643781,-1,2545
103.981279,30.600826,-1,2546
103.897776,30.403684,-1,2547
103.678537,31.029709,100,2548
104.039345,30.305051,-1,2549
104.006953,30.592738,106,2550
103.606438,30.826767,-1,2551
103.934788,30.548643,-1,2552
104.555196,30.352626,31,2553
104.086862,30.779553,-1,2554
104.223198,30.67191,-1,2555
104.18337,30.710486,147,2556
103.231984,30.242513,-1,2557
104.254888,30.859739,157,2558
104.020975,29.139544,50,2559
104.061936,30.339311,-1,2560
103.943015,30.433508,-1,2561
104.129498,30.820788,-1,2562
104.601862,30.123553,-1,2563
104.389816,30.300122,-1,2564
103.988206,30.627389,230,2565
104.003387,30.734844,-1,2566
104.324847,30.622012,-1,2567
104.312574,30.298651,26,2568
103.563526,30.549439,-1,2569
103.612325,30.871525,-1,2570
104.164308,30.658816,176,2571
104.552064,31.749422,-1,2572
104.530028,30.393153,-1,2573
103.777628,30.7436,-1,2574
104.042891,30.290373,-1,2575
104.153982,30.726017,-1,2576
104.093314,30.572857,-1,2577
104.249984,30.774932,-1,2578
104.328422,30.275224,-1,2579
104.108607,30.508139,-1,2580
104.197254,31.190423,-1,2581
104.0109,30.51182,-1,2582
103.84664,30.541145,-1,2583
104.06874,30.693198,-1,2584
104.028505,30.519806,-1,2585
104.028099,30.450514,158,2586
104.412218,30.331963,-1,2587
103.687663,31.024907,-1,2588
104.654515,31.132701,-1,2589
104.021543,29.139282,50,2590
103.881465,31.087498,-1,2591
104.00244,30.485308,-1,2592
104.202934,30.726024,30,2593
104.176883,30.722287,-1,2594
103.754385,31.014855,-1,2595
104.263683,30.897886,-1,2596
104.440502,30.714821,-1,2597
104.231957,30.639805,-1,2598
103.859264,30.827319,188,2599
102.925908,30.169091,-1,2600
104.309607,30.64255,-1,2601
103.964624,30.637345,86,2602
104.00763,30.453314,-1,2603
103.835606,30.345554,-1,2604
104.103025,30.689295,-1,2605
104.052156,30.487072,-1,2606
104.041138,30.76676,-1,2607
104.068896,30.692548,-1,2608
103.922023,30.686535,-1,2609
104.17998,30.619352,-1,2610
103.177992,30.299262,-1,2611
104.10427,30.513579,-1,2612
104.108653,30.560086,-1,2613
103.277691,29.569293,-1,2614
103.971369,30.650218,85,2615
103.932591,30.869248,-1,2616
103.465216,30.457206,-1,2617
103.87706,30.167286,-1,2618
103.937764,30.613938,29,2619
103.823429,30.610321,-1,2620
104.000694,30.762932,191,2621
104.398379,30.342065,-1,2622
103.792645,30.385034,-1,2623
104.11446,30.415109,-1,2624
104.118591,30.75726,44,2625
103.941476,30.523351,-1,2626
103.533045,30.572521,-1,2627
103.93471,30.548767,-1,2628
104.23479,30.64602,4,2629
104.008862,30.69772,-1,2630
104.02722,30.481477,-1,2631
104.099922,30.749066,-1,2632
104.034337,30.588784,-1,2633
104.130522,30.671164,231,2634
103.963329,30.65436,-1,2635
104.031341,30.197214,-1,2636
104.048644,30.46238,-1,2637
104.166151,30.712239,10,2638
104.536607,30.430376,-1,2639
103.914336,30.630468,60,2640
104.071992,30.40529,-1,2641
104.112437,30.752987,116,2642
104.107214,30.587273,141,2643
104.009367,30.763832,232,2644
103.662912,30.970829,87,2645
104.217555,30.650773,-1,2646
102.201115,29.70048,-1,2647
103.79843,30.42374,-1,2648
102.211874,29.821047,-1,2649
104.471899,30.488885,-1,2650
104.106185,30.587344,141,2651
103.69784,29.096671,-1,2652
104.104503,30.501027,-1,2653
103.826325,30.465165,-1,2654
104.175119,30.719118,-1,2655
103.93653,30.78318,190,2656
104.047166,30.428431,3,2657
103.410508,30.762893,-1,2658
103.967272,30.648579,185,2659
104.266759,30.819241,-1,2660
104.338574,30.666901,-1,2661
104.152337,30.843197,-1,2662
103.972195,30.542101,162,2663
103.937555,30.613637,29,2664
103.609403,31.066811,-1,2665
104.225702,30.790725,52,2666
104.088585,30.760024,132,2667
104.167453,30.641569,-1,2668
103.960929,30.372015,-1,2669
103.502868,30.197605,-1,2670
104.116723,30.77559,-1,2671
103.934716,30.548675,-1,2672
104.554298,30.101661,-1,2673
104.069891,30.768285,69,2674
103.449839,30.427077,-1,2675
104.140233,30.827408,-1,2676
103.680751,30.895029,-1,2677
104.392818,30.283688,101,2678
104.189827,30.797044,-1,2679
104.364852,30.839451,-1,2680
104.31279,30.298386,26,2681
104.021828,30.727675,-1,2682
104.172169,30.580683,-1,2683
103.858034,31.065141,80,2684
103.988567,30.530441,-1,2685
104.310625,30.942287,-1,2686
103.921681,30.286966,-1,2687
103.977605,30.542704,-1,2688
104.747538,30.626328,-1,2689
104.081579,30.498588,-1,2690
104.0186,30.887934,-1,2691
103.948354,30.455155,-1,2692
103.884876,30.369013,-1,2693
104.343928,30.669283,-1,2694
104.366807,30.294099,-1,2695
103.81568,30.424421,-1,2696
104.263223,29.942064,233,2697
103.974703,30.68309,-1,2698
104.079878,30.686668,-1,2699
104.259896,30.872341,-1,2700
103.854965,30.631096,-1,2701
104.793583,29.727194,-1,2702
104.108823,30.542682,-1,2703
104.575624,30.345212,-1,2704
104.397288,31.056573,-1,2705
104.06443,30.685933,-1,2706
104.361484,30.661554,-1,2707
104.803589,30.148777,-1,2708
103.661322,30.979984,221,2709
104.020588,29.139397,50,2710
104.049639,30.63044,-1,2711
103.936523,30.782398,190,2712
104.109881,30.505228,263,2713
104.063965,30.665611,-1,2714
104.036051,30.535505,-1,2715
103.781189,30.441067,-1,2716
104.184864,30.551616,135,2717
104.066282,30.180189,201,2718
104.369718,30.28775,-1,2719
103.922581,30.628638,-1,2720
104.446084,30.473022,-1,2721
104.052397,30.466072,-1,2722
104.020641,29.139606,50,2723
103.987121,30.216019,-1,2724
103.68388,30.878968,-1,2725
103.923529,30.583434,-1,2726
104.076476,30.627817,-1,2727
104.203168,30.74779,-1,2728
104.056039,30.847962,77,2729
104.177692,29.979003,-1,2730
103.960167,30.795663,-1,2731
104.110051,30.506837,260,2732
103.819092,30.867921,-1,2733
104.385609,30.285733,-1,2734
104.053666,30.466064,-1,2735
103.973645,30.651925,-1,2736
103.781927,30.675894,152,2737
103.943603,30.499066,-1,2738
104.256541,30.587576,-1,2739
104.293566,30.392052,-1,2740
104.051883,30.541745,-1,2741
104.223418,30.67522,208,2742
103.741469,30.694628,-1,2743
104.076489,30.295877,-1,2744
104.319277,30.861036,108,2745
104.007478,30.587372,-1,2746
103.47751,30.761366,-1,2747
103.892381,30.778297,128,2748
103.859829,30.881049,-1,2749
104.225486,30.525563,184,2750
103.682688,31.013211,18,2751
103.98639,30.415341,-1,2752
104.175708,30.788225,254,2753
104.114169,30.750465,70,2754
103.687575,31.012984,-1,2755
103.932272,30.745824,-1,2756
104.108928,30.464009,214,2757
104.020656,29.139609,50,2758
103.847927,30.558589,-1,2759
104.189647,30.731535,-1,2760
104.039239,30.225675,97,2761
103.558507,30.532691,-1,2762
104.554692,30.353124,31,2763
104.197054,30.961136,-1,2764
104.157345,30.64821,-1,2765
103.891309,30.778935,128,2766
104.224952,30.793897,52,2767
104.326454,30.860144,38,2768
104.555424,30.353501,31,2769
104.225713,30.790775,52,2770
104.159762,30.720286,-1,2771
104.210919,30.568565,-1,2772
104.255634,30.531138,194,2773
103.876512,30.669917,-1,2774
104.551728,30.684287,-1,2775
104.355197,30.30098,-1,2776
104.366653,30.488051,-1,2777
104.393147,30.755781,-1,2778
104.283953,30.985081,-1,2779
103.645566,30.336725,-1,2780
104.190163,30.662436,209,2781
104.293566,30.390968,-1,2782
104.049016,30.540876,-1,2783
104.320271,30.277817,120,2784
103.621809,30.727164,-1,2785
104.164597,30.658704,176,2786
103.661391,30.979458,221,2787
103.526918,30.395705,-1,2788
104.498694,30.682946,-1,2789
104.419168,30.9463,-1,2790
103.965756,30.460126,-1,2791
104.091996,30.524082,81,2792
103.897028,30.666658,49,2793
103.468182,30.391464,-1,2794
103.997735,30.757552,-1,2795
103.534063,30.694719,-1,2796
104.622987,30.319612,-1,2797
103.655314,30.300303,-1,2798
103.921081,30.703166,25,2799
104.213891,30.651837,88,2800
104.198907,30.51025,-1,2801
104.009838,30.743224,-1,2802
103.973605,30.651799,-1,2803
103.998561,30.014783,-1,2804
104.175225,30.715338,53,2805
104.075901,30.238754,-1,2806
103.836301,30.842792,-1,2807
104.412493,30.903099,-1,2808
104.402029,30.343351,-1,2809
104.223662,30.794411,52,2810
103.973893,30.470831,-1,2811
103.98846,30.627748,230,2812
104.021354,29.137722,-1,2813
104.473247,30.434679,-1,2814
104.223603,30.794202,52,2815
104.066166,30.439939,-1,2816
103.484371,31.134254,-1,2817
103.958153,30.542816,-1,2818
103.921991,30.28184,-1,2819
104.317112,30.277391,206,2820
103.804272,30.875229,-1,2821
104.134426,30.638123,-1,2822
104.033956,30.650943,-1,2823
104.529132,31.863804,-1,2824
103.588423,30.773172,-1,2825
104.229331,30.70245,-1,2826
104.334147,30.70613,-1,2827
103.959771,30.151852,234,2828
104.080059,30.368972,-1,2829
104.046491,30.538027,-1,2830
104.333273,30.757464,-1,2831
103.396802,30.738947,-1,2832
103.868782,30.78245,-1,2833
104.162175,30.675311,-1,2834
104.393157,30.755802,-1,2835
103.97382,31.032166,-1,2836
104.325839,30.273821,-1,2837
103.919289,30.231556,66,2838
103.941843,30.773318,-1,2839
103.850959,30.820278,96,2840
104.261339,31.078762,-1,2841
103.762256,30.415407,-1,2842
103.484514,30.762779,-1,2843
104.113126,30.771827,-1,2844
104.006486,30.571449,-1,2845
103.892713,30.35679,-1,2846
103.85546,30.630911,-1,2847
103.582721,30.368826,-1,2848
104.172986,30.484414,174,2849
103.952148,30.428106,160,2850
103.971115,30.407406,-1,2851
104.01818,30.553161,-1,2852
104.046408,30.451687,-1,2853
104.008062,30.805125,-1,2854
104.247677,30.846022,-1,2855
104.112042,30.752939,116,2856
103.99771,30.427527,-1,2857
104.025448,29.137494,-1,2858
104.495965,30.326625,-1,2859
103.861255,30.803778,131,2860
104.512645,30.350907,-1,2861
104.114438,30.416198,-1,2862
104.072361,30.840484,-1,2863
104.236357,30.64652,4,2864
104.541385,30.718497,-1,2865
104.112103,30.512965,-1,2866
104.004538,30.879884,-1,2867
104.19422,30.691617,-1,2868
103.952212,30.427938,160,2869
103.681035,30.803535,-1,2870
103.750951,30.346119,-1,2871
104.130679,30.670762,231,2872
104.494635,30.352973,-1,2873
103.553216,30.22104,115,2874
103.677594,30.338383,182,2875
104.030539,30.737921,-1,2876
104.236021,30.646555,4,2877
103.918546,30.872479,-1,2878
103.671981,31.001401,-1,2879
104.324375,30.286181,-1,2880
104.039239,30.225675,97,2881
104.991562,29.542176,-1,2882
103.916252,30.368981,163,2883
104.072571,30.385714,-1,2884
104.595748,30.385521,-1,2885
104.289897,30.972631,-1,2886
103.883638,30.350049,-1,2887
103.870724,30.702077,122,2888
103.694773,30.936737,-1,2889
104.428675,30.993953,-1,2890
103.809565,30.630439,-1,2891
104.173786,30.484902,174,2892
104.191716,30.742317,225,2893
104.272689,30.866819,-1,2894
104.182142,30.71747,58,2895
104.066209,30.688506,-1,2896
104.41385,30.355536,-1,2897
103.61158,30.519865,-1,2898
103.504351,30.572441,-1,2899
104.316534,30.271805,-1,2900
104.159404,30.65247,-1,2901
104.165902,30.712284,10,2902
104.010547,30.517221,246,2903
103.535805,30.550532,-1,2904
102.719786,30.858314,-1,2905
104.135169,30.805835,235,2906
104.099362,30.426965,-1,2907
103.811963,30.462834,-1,2908
103.939795,30.614441,65,2909
103.787829,30.427315,-1,2910
103.461221,30.749569,-1,2911
104.505331,30.506659,-1,2912
103.1354,30.983859,-1,2913
104.081944,30.638067,-1,2914
104.489078,30.461529,-1,2915
103.714267,30.80265,-1,2916
103.913921,30.710779,-1,2917
104.224957,30.638746,-1,2918
103.809965,31.039616,-1,2919
103.970523,30.650172,85,2920
103.958157,30.635013,-1,2921
104.225644,30.794269,52,2922
103.986711,30.216102,-1,2923
104.041099,30.470621,-1,2924
104.092659,30.524603,81,2925
104.379856,31.123129,-1,2926
103.965001,30.636934,86,2927
103.883681,30.665976,55,2928
103.68415,30.609033,-1,2929
104.617012,30.157609,-1,2930
104.177154,30.721357,-1,2931
103.958667,30.932102,-1,2932
104.291489,30.877285,-1,2933
104.213713,30.651926,88,2934
103.522012,30.796535,-1,2935
104.40148,31.061441,-1,2936
104.187213,30.590596,-1,2937
104.040974,30.593328,195,2938
103.696717,30.65676,-1,2939
104.101315,30.776448,-1,2940
104.55647,30.091194,-1,2941
103.890937,30.776972,128,2942
104.22646,30.792702,52,2943
103.943234,30.84489,-1,2944
103.917226,30.579553,-1,2945
103.792432,30.687549,-1,2946
104.080521,30.689441,-1,2947
104.1433,30.581084,-1,2948
104.551834,30.737178,-1,2949
104.093514,30.581004,67,2950
104.168682,30.741594,183,2951
104.657222,30.673106,-1,2952
104.205833,30.808976,-1,2953
104.09562,30.559369,-1,2954
104.078468,30.454433,-1,2955
104.363264,30.657139,261,2956
103.991273,30.625936,-1,2957
103.883296,30.665914,55,2958
103.706041,30.583403,-1,2959
104.045271,30.445595,145,2960
104.237904,30.652985,142,2961
104.516708,30.486151,-1,2962
103.257158,30.558584,-1,2963
104.052414,30.245965,136,2964
104.566695,30.371877,32,2965
104.021557,30.544561,-1,2966
104.072501,30.351095,-1,2967
103.917883,30.475977,-1,2968
104.112637,30.832972,-1,2969
104.185071,30.718455,34,2970
104.069823,30.768715,69,2971
103.992259,30.494609,-1,2972
103.812183,30.632477,51,2973
103.468656,30.434402,-1,2974
103.746081,30.342316,-1,2975
103.790337,29.635833,198,2976
104.175609,30.715237,53,2977
103.984168,30.829999,-1,2978
104.484915,30.348085,-1,2979
103.816424,30.643374,-1,2980
103.91702,30.684134,94,2981
104.326451,30.86001,38,2982
104.061334,30.419311,236,2983
103.965591,30.557179,-1,2984
103.901313,30.834551,169,2985
104.203317,30.725851,30,2986
104.079436,30.498788,-1,2987
103.740913,30.395501,-1,2988
103.858068,31.065242,80,2989
104.311212,30.63299,-1,2990
104.158466,30.560754,-1,2991
104.24791,30.800285,-1,2992
104.056532,30.649261,-1,2993
103.797193,30.643843,61,2994
103.458386,30.47411,-1,2995
104.223673,30.566299,175,2996
104.241249,30.958142,-1,2997
103.964605,30.386382,-1,2998
104.004937,30.591115,-1,2999
104.615112,30.163391,-1,3000
104.050922,30.670549,-1,3001
103.695857,30.395863,-1,3002
103.674327,31.028568,-1,3003
104.198922,30.510507,-1,3004
103.534123,29.403221,-1,3005
103.866305,30.775665,216,3006
103.880204,30.465025,-1,3007
104.154285,30.588953,-1,3008
104.169322,30.532164,-1,3009
104.349369,30.360412,-1,3010
103.485591,30.762976,-1,3011
104.187827,30.553888,135,3012
104.120023,30.772665,164,3013
104.200535,30.423787,-1,3014
103.916365,30.369081,163,3015
102.805113,30.091315,-1,3016
104.205266,30.640135,-1,3017
103.256974,30.558868,-1,3018
103.922672,30.579217,-1,3019
104.326737,30.860079,38,3020
104.167942,30.712276,-1,3021
103.989969,30.722533,-1,3022
104.323376,30.644845,126,3023
103.690528,30.898679,-1,3024
104.010798,30.742088,-1,3025
104.70223,30.082743,-1,3026
104.499255,30.467576,-1,3027
104.242756,30.650252,9,3028
103.593818,30.832281,-1,3029
103.892871,30.447849,-1,3030
104.040742,30.364641,-1,3031
103.513709,30.207799,-1,3032
104.103547,30.419991,-1,3033
104.627771,30.921994,-1,3034
104.235804,30.646309,4,3035
103.951373,30.935322,-1,3036
103.561167,30.748503,140,3037
103.896234,31.012482,-1,3038
103.797316,30.643788,61,3039
103.744041,30.356857,-1,3040
103.984232,30.829882,-1,3041
104.099931,30.712245,-1,3042
103.940616,30.614158,65,3043
104.132431,30.667242,-1,3044
104.044218,30.447005,145,3045
104.31546,30.276576,206,3046
104.25476,30.858782,157,3047
104.000132,30.514843,-1,3048
104.162381,30.698274,-1,3049
103.814872,30.575032,-1,3050
104.409519,30.624509,-1,3051
104.184217,30.543935,-1,3052
104.08785,30.548375,-1,3053
104.234675,30.646163,4,3054
103.838177,30.360933,237,3055
104.218056,30.654911,28,3056
103.876962,30.736103,-1,3057
104.055426,30.457025,-1,3058
104.440438,30.980359,-1,3059
104.29195,30.81321,-1,3060
104.26576,30.618638,-1,3061
103.697956,30.404109,-1,3062
103.490916,30.301998,-1,3063
104.019771,30.535364,-1,3064
104.006831,30.739169,-1,3065
104.046951,30.42853,3,3066
103.964589,30.636957,86,3067
104.080608,30.51314,123,3068
103.936365,30.905349,83,3069
104.122545,30.511939,-1,3070
104.041955,30.744694,-1,3071
104.328167,30.305815,148,3072
104.196489,30.604348,-1,3073
104.229716,30.659249,-1,3074
104.512349,30.612709,-1,3075
104.150221,30.616061,179,3076
104.119665,31.027274,-1,3077
104.36507,30.289462,-1,3078
103.545168,30.209189,-1,3079
104.539245,31.859649,-1,3080
103.824785,30.798451,-1,3081
104.540214,30.373122,-1,3082
104.848432,29.753418,-1,3083
104.066893,30.487005,-1,3084
104.213508,30.744872,-1,3085
104.324036,30.302189,-1,3086
103.668789,30.897765,-1,3087
104.185639,30.552335,135,3088
103.071087,30.008301,-1,3089
104.185437,30.684367,-1,3090
104.125318,30.769544,75,3091
104.308111,30.233295,-1,3092
104.410757,30.905035,-1,3093
104.367858,30.716145,-1,3094
103.597342,30.985394,-1,3095
104.108173,30.546985,-1,3096
104.570442,31.033928,-1,3097
103.95973,30.363475,167,3098
103.875168,30.830484,112,3099
104.327076,30.306097,148,3100
104.112656,30.753265,116,3101
103.970828,30.650489,85,3102
103.85576,30.8251,-1,3103
103.968781,30.802024,-1,3104
103.880955,30.453141,-1,3105
103.997123,30.761322,-1,3106
104.217961,30.801746,-1,3107
103.969467,30.366319,155,3108
104.2013,30.739414,-1,3109
103.902729,30.826347,-1,3110
104.494185,30.325763,-1,3111
103.794159,30.604323,-1,3112
103.503339,30.398225,-1,3113
104.215098,30.58248,21,3114
104.395232,30.896027,-1,3115
104.158084,30.692335,180,3116
103.973223,30.456837,-1,3117
104.23592,30.530092,-1,3118
104.215542,30.649266,-1,3119
103.673552,30.904079,-1,3120
103.837078,30.618235,-1,3121
104.589992,31.76707,-1,3122
104.415589,30.881656,-1,3123
104.266822,30.570257,-1,3124
104.221568,30.638744,33,3125
104.327329,30.306818,148,3126
104.271544,30.864744,-1,3127
104.109254,30.464097,214,3128
104.135196,30.522097,-1,3129
104.043733,31.280039,-1,3130
103.861751,30.804345,131,3131
104.020134,30.506677,-1,3132
104.064325,30.432632,-1,3133
104.242855,30.650599,9,3134
104.334022,30.64435,247,3135
103.994475,30.629802,-1,3136
103.897928,30.385215,-1,3137
104.443968,30.842901,-1,3138
104.202967,30.72596,30,3139
104.669391,29.504138,238,3140
104.203747,30.726025,30,3141
103.883555,30.719684,-1,3142
104.35085,30.826135,-1,3143
103.953462,30.38227,-1,3144
103.98054,31.037635,-1,3145
103.952991,30.02303,-1,3146
104.394453,30.350239,-1,3147
104.108133,30.506713,260,3148
104.146274,30.909706,-1,3149
104.342482,31.150593,-1,3150
103.78995,30.688445,-1,3151
104.18279,30.717395,58,3152
104.009624,30.521612,-1,3153
103.682067,31.012895,18,3154
103.499337,30.569298,-1,3155
104.174374,30.796763,-1,3156
104.267941,30.650318,173,3157
104.09822,30.461851,-1,3158
103.912716,30.824766,1,3159
104.118667,30.757022,44,3160
104.045407,30.445725,145,3161
104.168416,30.741232,183,3162
104.12526,30.769496,75,3163
104.537411,30.443529,-1,3164
104.070316,30.725839,6,3165
104.237838,30.652813,142,3166
103.917114,30.68368,94,3167
104.128979,30.693053,-1,3168
104.489683,30.493883,72,3169
104.623458,30.854138,-1,3170
104.150404,30.616407,179,3171
104.426493,30.604843,-1,3172
104.089633,30.739659,-1,3173
104.187578,30.874918,-1,3174
104.189299,30.772453,-1,3175
104.034548,30.465125,224,3176
104.112497,30.512893,-1,3177
104.0827,30.75273,-1,3178
103.508922,30.004102,-1,3179
104.358229,30.662005,-1,3180
104.162578,30.55713,99,3181
103.970426,30.650321,85,3182
104.21374,30.574263,-1,3183
103.89388,30.466562,-1,3184
104.236345,30.90702,-1,3185
104.35956,30.659502,-1,3186
104.050764,30.664286,92,3187
104.522456,30.438059,-1,3188
103.866544,30.556918,-1,3189
104.173786,30.484902,174,3190
103.960127,30.165729,-1,3191
104.154892,30.849299,-1,3192
103.850641,30.668984,-1,3193
104.114353,30.750231,70,3194
104.074598,30.735417,-1,3195
104.046779,30.372456,-1,3196
104.419042,30.501027,-1,3197
104.217074,30.692273,-1,3198
103.891072,30.777645,128,3199
103.933922,30.74851,-1,3200
103.691184,30.641359,-1,3201
104.433926,30.394049,-1,3202
104.341159,30.824466,-1,3203
104.487744,30.427673,-1,3204
103.976451,30.544957,-1,3205
104.839326,29.81031,-1,3206
104.043882,30.446826,145,3207
104.055106,30.646695,-1,3208
103.888537,30.556163,133,3209
103.670621,30.605334,-1,3210
103.917114,30.68368,94,3211
104.235206,30.646799,4,3212
104.036458,30.296856,-1,3213
103.739982,30.730873,-1,3214
104.462386,31.234167,-1,3215
104.226479,30.525308,184,3216
104.058038,30.654859,-1,3217
103.969505,30.981969,172,3218
103.872577,30.779305,47,3219
104.134134,30.66241,-1,3220
103.625876,30.402727,-1,3221
104.29162,30.59304,-1,3222
103.921064,30.540574,-1,3223
104.093117,30.581068,67,3224
104.153534,30.615815,-1,3225
103.5057,30.211463,-1,3226
103.671695,30.43052,-1,3227
103.708823,29.090549,-1,3228
104.06413,30.633097,117,3229
103.937692,30.618958,12,3230
104.066596,30.179604,201,3231
104.125367,30.76941,75,3232
104.021497,30.537368,-1,3233
103.861157,30.803856,131,3234
103.838233,30.360767,237,3235
104.106766,30.491058,196,3236
104.368747,30.289168,-1,3237
103.585005,30.48726,-1,3238
104.045844,30.427261,3,3239
104.235542,30.64647,4,3240
103.816154,30.486067,-1,3241
103.884805,30.388504,199,3242
103.689327,31.01187,-1,3243
104.052406,30.245917,136,3244
104.342187,31.149952,-1,3245
103.983379,30.572526,-1,3246
103.887691,30.660953,-1,3247
104.084746,30.662317,-1,3248
104.092249,30.582093,67,3249
104.150404,30.616407,179,3250
104.041383,30.593365,195,3251
103.905513,30.810206,181,3252
103.640224,30.466076,119,3253
104.487823,30.427341,-1,3254
103.88878,30.55697,133,3255
104.243063,30.645752,46,3256
104.03627,30.587936,-1,3257
104.353977,30.84329,-1,3258
104.184401,30.552587,135,3259
104.3643,30.658,261,3260
104.384002,30.6388,-1,3261
104.05447,30.849269,-1,3262
104.675396,30.084294,-1,3263
104.111334,30.389651,-1,3264
104.114297,30.750283,70,3265
104.292962,30.32209,-1,3266
104.085177,30.366515,-1,3267
103.873426,30.626455,-1,3268
104.108597,30.463934,214,3269
104.368264,30.295467,-1,3270
103.68196,30.596658,24,3271
103.738752,30.620894,-1,3272
104.018295,30.154792,-1,3273
103.982278,30.784523,14,3274
104.462386,31.234167,-1,3275
104.164355,30.658598,176,3276
104.428806,31.149776,-1,3277
103.505394,30.754843,-1,3278
104.165005,30.658724,176,3279
104.138468,30.610724,170,3280
104.198231,30.581947,229,3281
104.236079,30.646181,4,3282
104.13752,30.81548,-1,3283
103.91453,30.861758,-1,3284
104.741026,31.640965,-1,3285
103.981672,30.454036,153,3286
103.89651,30.475065,-1,3287
104.600513,30.492364,-1,3288
104.055863,30.794908,-1,3289
103.895144,30.435486,-1,3290
103.972244,30.542553,162,3291
104.324375,30.286181,-1,3292
103.942311,30.847641,-1,3293
103.800619,30.576816,-1,3294
104.085203,30.459395,-1,3295
103.990287,30.461668,-1,3296
104.111917,30.510979,-1,3297
104.173979,30.787335,254,3298
103.949577,30.501335,-1,3299
104.134856,30.603597,-1,3300
103.936353,30.613886,29,3301
103.857642,30.713592,-1,3302
104.08998,30.777774,-1,3303
104.138821,30.518951,-1,3304
104.220909,30.638496,33,3305
104.164063,30.658251,176,3306
104.135169,30.805836,235,3307
104.140503,30.690966,-1,3308
104.075701,30.242138,-1,3309
103.977024,30.455371,-1,3310
104.174704,30.66088,-1,3311
104.251206,30.526476,-1,3312
104.082617,30.577231,22,3313
104.03993,30.231988,-1,3314
103.802066,31.025987,-1,3315
103.840664,30.648267,-1,3316
104.555547,30.353762,31,3317
104.04404,30.445527,145,3318
104.112106,30.753032,116,3319
104.242829,30.650824,9,3320
103.55266,30.53114,-1,3321
104.103884,30.44303,-1,3322
104.564365,30.385641,-1,3323
104.071513,30.725106,6,3324
103.465378,30.437666,113,3325
103.684647,30.946665,-1,3326
103.945648,30.921442,-1,3327
104.093008,30.582794,67,3328
104.082151,30.45476,222,3329
104.094425,30.778961,-1,3330
103.966944,30.435537,150,3331
103.88545,30.479865,-1,3332
104.454668,30.352144,-1,3333
104.01518,30.52177,-1,3334
103.949571,30.834787,-1,3335
103.70159,30.60262,35,3336
104.193597,30.800573,-1,3337
104.154796,30.639453,-1,3338
103.497365,30.20324,-1,3339
104.174252,30.715236,53,3340
103.701437,30.602583,35,3341
103.701589,30.602622,35,3342
103.680833,30.302785,-1,3343
104.574873,30.89776,-1,3344
104.180679,30.703704,-1,3345
104.021928,29.138266,-1,3346
103.551179,30.545751,-1,3347
103.916405,30.369379,163,3348
104.105597,30.465386,-1,3349
103.714027,30.52653,74,3350
104.454654,30.471437,-1,3351
104.662712,30.051511,-1,3352
104.079265,30.752584,-1,3353
104.412067,30.345265,189,3354
103.997527,30.455637,-1,3355
103.940354,30.614258,65,3356
104.218967,30.655205,28,3357
103.969407,30.653446,-1,3358
103.980792,30.63709,-1,3359
104.101265,30.444501,-1,3360
103.541233,30.400603,-1,3361
103.922551,30.867325,-1,3362
103.663312,30.959992,-1,3363
103.969254,30.366512,155,3364
103.902522,30.658523,16,3365
104.022694,30.522394,-1,3366
103.813133,30.631241,51,3367
103.916827,30.683891,94,3368
104.456896,30.856512,-1,3369
103.800769,30.453581,-1,3370
104.175373,30.664245,-1,3371
104.072501,30.351095,-1,3372
104.155544,30.5795,-1,3373
104.117559,30.758045,44,3374
104.242572,30.650789,9,3375
104.349362,30.360499,-1,3376
103.738894,30.575843,-1,3377
104.10666,30.756284,-1,3378
104.19935,31.580259,-1,3379
104.074265,30.718638,-1,3380
103.997331,30.757385,-1,3381
104.369882,30.288306,-1,3382
104.323397,30.645043,126,3383
104.057743,30.672406,-1,3384
104.48339,30.497578,-1,3385
104.203186,30.726066,30,3386
104.043957,30.445882,145,3387
103.517042,30.391967,-1,3388
103.934464,30.472534,-1,3389
103.889569,30.383735,-1,3390
104.10197,30.49858,114,3391
104.365831,30.857226,125,3392
104.177528,30.718763,121,3393
103.997624,30.42685,-1,3394
104.211854,30.57048,-1,3395
103.844126,31.144025,-1,3396
104.36537,30.239325,-1,3397
104.218932,30.655247,28,3398
103.918561,30.230768,66,3399
103.725277,30.330857,-1,3400
104.061318,30.492493,-1,3401
103.905321,30.236995,-1,3402
104.070965,30.725176,6,3403
104.327188,30.307213,148,3404
104.166257,30.703278,-1,3405
104.057815,30.475822,-1,3406
104.169053,30.741336,183,3407
104.102351,30.496194,114,3408
104.125134,30.769195,75,3409
103.823513,30.609897,-1,3410
103.969737,30.470179,-1,3411
104.307114,30.263663,-1,3412
103.968926,30.466678,-1,3413
103.588423,30.773172,-1,3414
103.690183,31.0229,-1,3415
103.923335,30.268608,-1,3416
104.546675,29.503799,-1,3417
104.489749,30.493852,72,3418
104.438367,30.347342,-1,3419
104.29195,30.81321,-1,3420
103.687646,30.617645,-1,3421
104.358232,30.661953,-1,3422
103.947432,30.468014,-1,3423
103.4973,30.545969,239,3424
104.310847,30.232293,-1,3425
104.492756,30.321901,-1,3426
104.291801,30.877493,-1,3427
104.050895,30.664218,92,3428
104.140233,30.827408,-1,3429
104.077697,30.794676,105,3430
103.82407,30.585118,-1,3431
104.020644,29.139651,50,3432
104.246693,30.664405,-1,3433
104.356426,30.608588,-1,3434
103.723093,30.560687,-1,3435
104.495271,30.325802,-1,3436
104.105493,30.450393,-1,3437
103.871115,30.711205,-1,3438
104.056184,30.847766,77,3439
104.326498,30.742795,-1,3440
103.958218,30.662697,-1,3441
103.833721,30.350337,-1,3442
104.323282,30.645046,126,3443
104.165913,30.712714,10,3444
104.564236,30.38783,-1,3445
103.465033,30.45728,-1,3446
104.084954,30.454963,222,3447
103.401856,30.212387,-1,3448
103.728059,30.559108,-1,3449
103.871642,30.289893,-1,3450
103.895085,31.015358,-1,3451
103.710394,29.091086,-1,3452
104.52245,30.429823,241,3453
103.827641,30.629707,-1,3454
104.422226,30.955386,-1,3455
103.817004,30.958102,-1,3456
104.100207,30.651578,-1,3457
103.851028,30.820429,96,3458
103.94785,31.014815,-1,3459
103.866581,31.077569,-1,3460
103.921326,30.475607,-1,3461
104.150159,30.616096,179,3462
104.152771,30.781732,219,3463
103.825539,30.570678,-1,3464
103.532398,31.404661,11,3465
104.161712,30.599848,7,3466
104.168707,30.741679,183,3467
104.97316,29.870736,103,3468
103.905466,30.81066,181,3469
104.085722,30.248558,-1,3470
103.532336,31.404613,11,3471
104.169235,30.532269,-1,3472
104.020055,29.138645,50,3473
104.234842,30.647121,4,3474
104.059124,30.650734,-1,3475
104.052414,30.245965,136,3476
103.845127,30.438519,-1,3477
104.125529,30.769638,75,3478
103.874099,30.485287,-1,3479
104.041394,30.59335,195,3480
103.701516,30.602719,35,3481
104.267941,30.650318,173,3482
103.943802,30.499192,-1,3483
103.861511,30.917564,-1,3484
103.918897,30.2312,66,3485
104.202775,30.725899,30,3486
104.118456,30.757305,44,3487
104.102844,30.42017,-1,3488
104.037204,30.460298,-1,3489
104.204647,30.557338,-1,3490
104.050249,30.259642,159,3491
103.613399,30.652443,-1,3492
104.047241,30.427551,3,3493
103.877284,30.782521,-1,3494
104.22485,30.7936,52,3495
104.073936,30.747803,-1,3496
104.09318,30.581252,67,3497
104.139826,30.407815,-1,3498
103.647647,30.932495,-1,3499
103.972803,30.730838,-1,3500
104.134818,30.820761,-1,3501
104.585806,30.696578,-1,3502
104.092123,30.518199,-1,3503
104.031966,30.537839,-1,3504
104.259046,30.581524,-1,3505
103.560992,30.748598,140,3506
103.990829,30.739132,210,3507
103.953672,30.65619,265,3508
104.603778,30.685588,124,3509
104.341361,30.699239,-1,3510
103.960142,30.152063,234,3511
103.705981,30.583947,-1,3512
104.014501,30.823996,-1,3513
103.87647,30.609889,-1,3514
104.231863,30.63956,-1,3515
104.543966,30.707981,-1,3516
103.972212,30.542369,162,3517
103.909712,30.544563,62,3518
104.764202,30.301328,-1,3519
104.407713,30.345382,-1,3520
104.063164,30.681369,-1,3521
104.078756,30.365023,250,3522
103.955051,30.025325,-1,3523
104.23765,30.653233,142,3524
103.977627,30.561442,-1,3525
104.130697,30.963465,-1,3526
103.951175,30.939312,-1,3527
104.114166,30.750396,70,3528
104.177545,30.724463,-1,3529
103.973027,30.469298,110,3530
104.456092,30.487207,-1,3531
104.106935,30.491092,196,3532
104.072496,30.368855,-1,3533
103.948007,30.731408,-1,3534
103.939783,30.614461,65,3535
104.0676,30.450696,-1,3536
104.155435,30.63303,-1,3537
103.997735,30.757532,-1,3538
104.087925,30.760098,132,3539
104.234654,30.646254,4,3540
104.32352,30.645029,126,3541
103.682162,31.027308,-1,3542
104.124612,30.442269,-1,3543
104.333939,30.644367,247,3544
104.224922,30.804838,-1,3545
103.896984,30.666875,49,3546
103.695905,29.228001,-1,3547
103.578206,30.393438,-1,3548
103.868623,30.613018,-1,3549
103.940438,30.614198,65,3550
104.219791,31.567596,-1,3551
104.052156,30.487072,-1,3552
103.532313,31.404594,11,3553
104.033318,30.464879,224,3554
104.16236,30.699516,-1,3555
104.183921,30.711136,147,3556
104.176977,30.718691,121,3557
104.220139,30.708512,-1,3558
104.242772,30.650601,9,3559
103.760784,30.635869,-1,3560
103.458638,30.988072,-1,3561
104.213828,30.651474,88,3562
104.103769,30.775935,-1,3563
103.545479,30.589028,-1,3564
103.844925,30.429418,-1,3565
104.197763,30.738794,-1,3566
104.268771,31.015199,-1,3567
104.319035,30.274174,165,3568
104.106951,30.491742,196,3569
104.313553,30.87358,-1,3570
104.299972,30.384708,-1,3571
104.706265,30.085651,-1,3572
104.043741,31.280007,-1,3573
103.952991,30.02303,-1,3574
103.489398,30.749892,-1,3575
104.11976,30.110691,-1,3576
103.960186,30.432991,-1,3577
103.859166,30.827336,188,3578
104.391689,30.283939,101,3579
103.884889,30.388665,199,3580
103.505445,30.198863,-1,3581
103.286851,30.162816,-1,3582
103.654511,30.664851,240,3583
103.728132,30.594492,-1,3584
104.08279,30.577914,22,3585
103.849821,30.400119,-1,3586
103.978263,30.454762,-1,3587
103.613694,30.871142,-1,3588
103.86956,30.46257,-1,3589
103.960029,30.517547,40,3590
103.888872,30.532253,-1,3591
103.921194,30.602885,-1,3592
104.077553,30.794688,105,3593
103.872976,30.773924,-1,3594
104.016509,29.138735,-1,3595
104.080988,30.243344,-1,3596
103.50633,30.187199,-1,3597
104.024202,30.5606,-1,3598
103.972195,30.542517,162,3599
104.070006,30.522154,-1,3600
104.055855,30.424937,-1,3601
104.027662,30.522776,-1,3602
103.06043,30.027651,-1,3603
103.662864,30.971198,87,3604
104.796413,30.145449,-1,3605
104.120275,30.581569,-1,3606
104.110487,30.509162,-1,3607
104.062286,30.438065,168,3608
104.109307,31.020837,-1,3609
103.838155,30.316734,-1,3610
104.202659,30.726171,30,3611
104.36829,30.293833,-1,3612
103.503339,30.398225,-1,3613
103.856163,30.629029,-1,3614
104.273068,31.109823,-1,3615
103.964936,30.309952,-1,3616
104.609884,31.298624,-1,3617
103.978927,30.467597,-1,3618
103.940346,30.614398,65,3619
104.461315,30.858506,-1,3620
103.637668,30.48826,-1,3621
103.908264,30.660542,-1,3622
104.533252,30.699786,-1,3623
104.073803,30.445231,-1,3624
104.021928,29.138266,-1,3625
104.226041,30.525325,184,3626
104.459918,30.3421,-1,3627
104.178638,30.782266,166,3628
103.940177,30.616008,65,3629
103.616592,30.976208,-1,3630
103.884578,30.402836,-1,3631
103.962164,30.939618,-1,3632
104.582621,30.116491,-1,3633
104.355985,30.994427,-1,3634
103.943802,30.499192,-1,3635
103.861362,30.803567,131,3636
104.327782,30.30588,148,3637
104.20869,30.523827,27,3638
104.294236,30.851818,-1,3639
104.104891,30.4043,-1,3640
103.906265,30.414752,-1,3641
104.548105,29.500509,-1,3642
103.824448,30.446466,-1,3643
104.323528,30.645074,126,3644
104.0468,30.448152,-1,3645
103.957314,30.034257,-1,3646
104.224198,30.566418,175,3647
104.394529,30.349933,-1,3648
103.537163,30.569362,-1,3649
104.170891,30.615044,15,3650
103.997566,30.467024,151,3651
104.391168,30.281323,127,3652
104.055546,30.426689,258,3653
104.223544,30.885068,204,3654
103.700404,30.653832,-1,3655
104.097136,30.595147,-1,3656
103.895867,30.842065,-1,3657
104.012147,30.794506,-1,3658
103.953768,31.016445,-1,3659
103.671695,30.43052,-1,3660
103.862275,30.791057,-1,3661
104.011691,30.621376,-1,3662
103.617429,30.994516,-1,3663
103.936817,30.781839,190,3664
103.859134,30.82762,188,3665
104.537412,30.365886,202,3666
103.856826,30.449549,-1,3667
104.184201,30.55287,-1,3668
104.671245,30.053902,-1,3669
104.165733,30.71248,10,3670
103.501456,30.194893,-1,3671
104.527262,31.296582,-1,3672
103.933486,30.661884,-1,3673
103.909817,30.978168,-1,3674
104.274897,30.63326,-1,3675
103.936437,30.905333,83,3676
103.998727,30.249932,-1,3677
104.366447,30.30695,-1,3678
104.411715,30.350416,-1,3679
104.046988,30.717221,-1,3680
103.517058,30.215173,-1,3681
104.52237,30.429755,241,3682
104.440216,30.983694,-1,3683
104.508818,30.354956,197,3684
103.918196,30.684002,94,3685
104.415305,30.805259,-1,3686
104.299499,30.88576,-1,3687
104.602818,30.740413,-1,3688
104.012509,30.866011,-1,3689
104.075291,30.739687,-1,3690
104.234958,30.64582,4,3691
104.325935,30.694952,-1,3692
104.014289,31.428274,-1,3693
104.207839,30.522627,-1,3694
103.902275,30.834384,169,3695
104.143654,30.465782,95,3696
103.687678,30.616593,-1,3697
104.041638,30.196258,-1,3698
103.908927,30.543221,139,3699
104.165134,30.577348,-1,3700
104.320915,30.64001,-1,3701
103.947517,30.010739,-1,3702
104.357179,30.820075,-1,3703
103.949184,30.515641,0,3704
104.316693,30.712384,-1,3705
104.06406,30.759053,-1,3706
104.395976,30.34043,-1,3707
104.165902,30.712284,10,3708
104.166959,30.63684,-1,3709
104.492685,30.49511,-1,3710
104.409714,30.341615,-1,3711
102.720377,30.858067,-1,3712
103.461366,30.7499,-1,3713
103.761046,30.404713,-1,3714
104.009247,30.764554,232,3715
103.936448,30.424485,-1,3716
104.218349,30.585557,-1,3717
103.898926,30.511773,-1,3718
104.112377,30.753197,116,3719
104.149671,30.622689,107,3720
103.195576,30.141372,-1,3721
104.462386,31.234167,-1,3722
103.912408,30.713258,-1,3723
104.671317,30.055186,-1,3724
103.9726,30.998997,-1,3725
104.199042,30.510422,-1,3726
104.007642,30.453338,-1,3727
104.14681,30.405687,-1,3728
103.601037,31.06457,76,3729
104.315801,30.272225,-1,3730
104.081715,30.455766,-1,3731
104.235758,30.646636,4,3732
104.32966,30.853897,-1,3733
103.883264,30.665926,55,3734
104.382138,30.355374,-1,3735
103.983901,30.21916,-1,3736
104.195787,30.588502,-1,3737
103.857642,30.713592,-1,3738
104.311737,30.234315,-1,3739
104.556043,30.709106,-1,3740
103.678288,31.029606,100,3741
104.127836,30.712846,-1,3742
104.12541,30.76949,75,3743
103.64028,30.465942,119,3744
104.134125,30.732822,-1,3745
103.964219,30.941298,-1,3746
104.14497,30.589287,-1,3747
104.224664,30.565587,175,3748
104.41228,30.620561,-1,3749
104.489078,30.459127,259,3750
104.461179,30.849451,-1,3751
104.230435,30.851258,-1,3752
103.604426,30.734815,-1,3753
103.909659,30.237755,-1,3754
104.470984,30.489403,-1,3755
103.873971,30.77339,-1,3756
104.202828,30.72606,30,3757
103.493758,30.536321,-1,3758
104.661486,31.091278,-1,3759
103.977425,30.447006,-1,3760
103.860031,30.301289,89,3761
104.519775,30.726338,-1,3762
103.797009,30.646604,211,3763
103.644173,30.961665,-1,3764
104.105818,30.767458,-1,3765
104.046677,30.57944,-1,3766
104.25542,30.577788,-1,3767
104.066352,30.180373,201,3768
103.51738,30.74966,98,3769
104.144101,30.533879,-1,3770
103.991504,30.420189,-1,3771
104.075021,30.487058,-1,3772
103.959225,30.358999,-1,3773
103.723308,30.660578,-1,3774
104.150211,30.616069,179,3775
103.940497,30.615827,65,3776
104.499013,30.428081,-1,3777
104.032824,30.466011,-1,3778
103.678274,31.030142,100,3779
104.700621,31.003164,-1,3780
104.060381,30.673893,-1,3781
104.069576,30.52003,-1,3782
104.036386,30.296868,-1,3783
104.10698,30.491558,196,3784
104.106429,30.785636,-1,3785
104.479977,30.598698,-1,3786
104.23765,30.653233,142,3787
103.449449,30.466333,17,3788
103.67356,30.904389,-1,3789
104.214475,30.651671,88,3790
104.135891,30.787985,-1,3791
104.512853,30.420246,42,3792
104.064083,30.611938,-1,3793
104.185565,30.716719,242,3794
104.129498,30.820788,-1,3795
104.165902,30.712284,10,3796
103.701309,30.602445,35,3797
104.238153,30.653215,142,3798
103.952325,30.999215,220,3799
104.254,30.859057,157,3800
103.464593,30.44195,-1,3801
104.07865,30.566924,-1,3802
103.8794,30.488752,-1,3803
103.806493,30.45667,-1,3804
104.396547,31.064981,-1,3805
103.883622,30.66588,55,3806
104.361091,30.658499,-1,3807
103.935564,30.905416,83,3808
104.5561,30.353475,31,3809
104.190286,30.537922,-1,3810
103.702979,29.089458,-1,3811
104.014517,30.766606,-1,3812
104.224517,30.67531,208,3813
103.610123,31.065545,-1,3814
103.957274,30.034354,-1,3815
103.989916,30.751914,-1,3816
103.885423,31.028205,-1,3817
104.311488,30.233994,-1,3818
104.004528,30.592385,-1,3819
104.316463,30.27579,206,3820
104.531342,30.646651,-1,3821
103.937935,30.616304,-1,3822
104.326363,30.860378,38,3823
104.090594,30.575023,-1,3824
104.474494,30.34478,-1,3825
104.318724,30.27526,165,3826
104.115321,30.885115,-1,3827
104.111887,30.51103,-1,3828
104.090854,30.753649,-1,3829
103.522235,30.796503,-1,3830
104.409954,30.341247,-1,3831
104.064768,30.632686,117,3832
104.966081,30.481653,-1,3833
103.853782,29.828719,-1,3834
104.177832,30.788908,243,3835
104.093117,30.581068,67,3836
103.857241,30.81173,-1,3837
104.669112,30.087882,-1,3838
103.940369,30.999265,-1,3839
104.250002,30.579823,-1,3840
103.871508,30.776829,-1,3841
104.181278,30.732503,-1,3842
103.497028,30.547167,244,3843
104.07487,30.296442,-1,3844
103.951986,30.544382,-1,3845
103.866599,30.556936,-1,3846
104.389695,30.299066,-1,3847
104.093454,30.581653,67,3848
104.594768,30.116335,-1,3849
103.996223,30.253451,-1,3850
104.315683,30.301986,251,3851
104.485115,30.348485,-1,3852
103.906242,30.842652,-1,3853
103.937459,30.613355,29,3854
104.310178,30.870504,-1,3855
104.258617,30.093488,-1,3856
104.197816,30.696388,-1,3857
104.186072,30.550819,-1,3858
104.525063,31.865017,-1,3859
104.093114,30.581083,67,3860
104.198578,30.581939,229,3861
104.365467,30.530864,-1,3862
104.045715,30.700222,-1,3863
104.142398,30.649356,-1,3864
104.012055,30.481183,-1,3865
104.582022,30.689277,-1,3866
103.973642,30.782944,-1,3867
104.027811,30.450866,158,3868
103.952397,30.795703,223,3869
104.501079,30.473761,63,3870
104.05269,30.446801,-1,3871
104.069112,30.60856,-1,3872
103.957442,30.044757,-1,3873
103.974974,30.621732,-1,3874
104.247544,30.708385,-1,3875
103.941662,30.470396,-1,3876
104.320858,30.826898,-1,3877
104.179918,30.78898,-1,3878
103.963527,30.375727,-1,3879
104.101688,30.49715,114,3880
104.397481,30.824044,-1,3881
104.506829,30.616781,-1,3882
103.984189,30.829543,-1,3883
103.870583,30.477023,-1,3884
103.881832,30.398965,-1,3885
103.692116,30.304424,-1,3886
104.297653,31.034903,-1,3887
104.025581,30.449648,-1,3888
103.182636,30.010662,-1,3889
104.110521,30.583634,-1,3890
103.887311,30.52871,23,3891
104.003452,30.734729,-1,3892
104.161588,30.599633,7,3893
104.245346,30.5534,-1,3894
104.085107,30.459158,-1,3895
103.981677,30.785279,14,3896
103.681978,31.027414,-1,3897
104.092962,30.523817,81,3898
104.198362,30.581871,229,3899
103.981586,30.785278,14,3900
104.392215,31.456261,-1,3901
104.195959,30.527712,-1,3902
104.169118,30.741212,183,3903
104.046596,30.427209,3,3904
103.697177,30.521059,-1,3905
103.88604,30.500832,-1,3906
103.506805,30.744483,-1,3907
103.904336,30.370871,-1,3908
104.227427,30.858249,255,3909
104.234838,30.645938,4,3910
103.990508,30.739573,210,3911
103.860269,30.834332,-1,3912
103.878858,30.198318,79,3913
103.724742,30.578401,130,3914
104.392152,30.283455,101,3915
103.928666,30.947363,-1,3916
104.51185,30.421085,42,3917
103.761134,30.402703,-1,3918
104.308412,30.865264,36,3919
103.724742,30.578401,130,3920
103.935804,30.905532,83,3921
104.177485,30.719202,121,3922
103.952532,30.021044,-1,3923
103.90297,30.658465,16,3924
104.063643,30.682177,-1,3925
103.943514,30.336101,262,3926
104.054871,30.847903,77,3927
104.402301,30.997255,-1,3928
104.004046,30.763955,-1,3929
103.821393,30.90685,-1,3930
103.591749,30.25034,-1,3931
104.572205,30.772192,-1,3932
103.680581,30.612696,203,3933
104.099453,30.467022,245,3934
104.234502,30.646137,4,3935
104.394427,30.349805,-1,3936
104.454652,30.352176,-1,3937
104.100579,30.469656,-1,3938
104.39209,30.295393,-1,3939
104.46133,30.490293,-1,3940
104.356686,30.290587,-1,3941
103.943035,30.337108,262,3942
103.06043,30.027651,-1,3943
104.244687,30.645486,46,3944
104.309418,30.688005,-1,3945
103.861139,30.803993,131,3946
103.653287,30.920439,-1,3947
104.154822,30.52103,-1,3948
103.955782,30.44015,-1,3949
104.555779,30.353143,31,3950
104.100217,30.74906,-1,3951
104.037149,30.859035,-1,3952
104.115377,30.418239,186,3953
103.872713,30.779325,47,3954
103.802258,30.455559,207,3955
104.198471,30.581889,229,3956
104.203704,30.740723,-1,3957
104.08345,30.577656,22,3958
104.077489,30.794706,105,3959
103.877742,30.472829,-1,3960
104.110337,30.564047,-1,3961
104.224955,30.793925,52,3962
103.937506,30.619334,12,3963
103.892631,30.551235,-1,3964
104.501888,30.471912,-1,3965
103.965609,30.981735,-1,3966
104.325839,30.273821,-1,3967
104.059153,30.680486,-1,3968
103.63673,30.485234,-1,3969
103.182636,30.010662,-1,3970
103.89683,30.666591,49,3971
103.754577,31.196601,-1,3972
104.088298,30.199031,-1,3973
104.060529,31.245408,8,3974
104.242886,30.651386,9,3975
104.221124,30.639255,33,3976
103.76714,30.038895,-1,3977
104.97345,29.870971,103,3978
104.236632,30.489704,-1,3979
104.057973,30.380819,-1,3980
103.945322,30.952624,-1,3981
103.905417,30.396948,-1,3982
103.901955,30.68328,-1,3983
103.99992,30.429334,-1,3984
104.108734,30.459337,-1,3985
102.996836,30.336897,-1,3986
104.099835,31.288713,-1,3987
104.323524,30.644802,126,3988
103.883151,30.665853,55,3989
104.071518,30.725153,6,3990
103.715947,30.638297,-1,3991
103.851294,31.059402,-1,3992
104.320329,30.277911,120,3993
104.324722,30.701019,-1,3994
104.084406,30.721338,-1,3995
103.939223,30.422147,-1,3996
103.697412,30.396047,-1,3997
104.098451,30.793155,-1,3998
103.981343,30.785221,14,3999
104.524414,30.664202,-1,4000
103.708126,30.406023,-1,4001
103.89579,30.842141,-1,4002
104.202694,30.553615,-1,4003
103.496151,30.548352,93,4004
103.489788,30.582417,-1,4005
104.046566,30.542911,-1,4006
103.897023,30.666565,49,4007
103.081755,30.373846,-1,4008
104.07705,30.378021,-1,4009
103.462787,30.386219,-1,4010
104.05602,30.847958,77,4011
104.076137,30.455856,-1,4012
103.997921,30.252871,200,4013
104.101603,30.516325,266,4014
104.004134,30.580873,-1,4015
104.134696,30.371204,-1,4016
104.225513,30.791464,52,4017
103.823807,30.585269,-1,4018
103.952325,30.999215,220,4019
104.040702,30.658876,-1,4020
103.501452,29.993486,-1,4021
104.501335,30.484756,-1,4022
103.640063,30.466143,119,4023
104.077657,30.794764,105,4024
104.102813,30.718814,-1,4025
104.231019,30.902423,-1,4026
104.098042,30.64405,-1,4027
104.079031,30.513416,123,4028
104.07788,30.794794,105,4029
103.861221,30.836131,-1,4030
104.804125,30.152492,64,4031
104.221295,30.639128,33,4032
103.527606,31.415753,59,4033
103.678259,31.029341,100,4034
104.069898,30.768478,69,4035
103.952178,30.428264,160,4036
104.094272,30.580829,67,4037
104.441004,30.847658,-1,4038
104.537159,30.657042,-1,4039
103.629344,30.720615,-1,4040
104.170847,30.614929,15,4041
103.530546,31.41055,-1,4042
103.964543,30.636871,86,4043
102.251663,29.255606,-1,4044
103.87294,30.664715,-1,4045
104.170479,30.638374,-1,4046
103.89379,30.379423,-1,4047
103.625387,30.639924,-1,4048
104.350779,30.493346,-1,4049
104.171638,30.388829,-1,4050
104.222126,30.696188,-1,4051
104.313945,30.70983,-1,4052
104.164737,30.658699,176,4053
104.040807,30.593175,195,4054
104.062874,30.498231,-1,4055
103.835564,30.491966,-1,4056
103.956704,30.939218,-1,4057
103.900373,30.475107,-1,4058
104.150114,30.616013,179,4059
104.058506,30.721954,-1,4060
103.963949,30.380527,-1,4061
104.112546,30.595957,-1,4062
104.444832,30.356467,-1,4063
104.59532,31.767905,-1,4064
104.180072,30.619649,-1,4065
103.795933,30.686063,-1,4066
104.323517,30.64514,126,4067
103.952274,30.936773,-1,4068
104.555812,30.353168,31,4069
104.28772,30.682186,-1,4070
104.053685,30.772789,-1,4071
104.195787,30.543784,-1,4072
103.459096,30.747007,5,4073
103.95763,31.069641,-1,4074
104.106311,30.506482,154,4075
103.884148,30.71948,-1,4076
104.12664,30.581216,-1,4077
103.912805,30.824666,1,4078
104.161635,30.470749,-1,4079
103.908823,30.543203,139,4080
104.203317,30.725851,30,4081
104.185173,30.684263,-1,4082
103.913523,30.71069,-1,4083
103.683325,31.012581,18,4084
103.819263,30.907272,-1,4085
103.956619,30.932189,-1,4086
103.90129,30.834641,169,4087
104.17373,30.484718,174,4088
104.194463,30.737103,-1,4089
103.888853,30.479372,-1,4090
104.007373,30.568223,-1,4091
104.172657,30.641137,-1,4092
104.391015,30.281077,127,4093
104.595899,31.769505,-1,4094
104.122204,30.716917,-1,4095
104.584845,30.117908,-1,4096
104.077741,30.385134,-1,4097
104.154713,30.848704,-1,4098
104.415459,30.992547,-1,4099
104.071233,30.725228,6,4100
103.538516,30.56201,-1,4101
104.586327,30.394114,-1,4102
103.999223,30.466091,151,4103
104.052464,30.474045,45,4104
103.449601,30.466867,17,4105
103.838173,30.360667,237,4106
104.45941,30.490151,-1,4107
104.099705,30.466971,245,4108
104.173424,30.727368,-1,4109
104.188155,30.71636,-1,4110
104.134714,30.805971,235,4111
104.327312,30.307007,148,4112
103.652545,30.965237,-1,4113
104.030311,30.662567,-1,4114
103.824053,30.423011,-1,4115
104.333942,30.644366,247,4116
104.044582,30.735139,-1,4117
103.740941,30.690376,-1,4118
104.099993,30.707926,-1,4119
104.464856,30.473349,-1,4120
103.348423,30.419082,-1,4121
104.191758,30.790246,156,4122
103.837986,30.576359,-1,4123
104.500312,30.481952,-1,4124
103.654832,30.664485,240,4125
103.850985,30.367911,-1,4126
104.238109,30.652855,142,4127
104.187603,30.018068,-1,4128
104.2424,30.650057,9,4129
104.087318,30.759526,132,4130
104.301828,31.004983,-1,4131
103.982469,30.453486,153,4132
104.164585,30.658704,176,4133
104.333135,30.647101,-1,4134
103.713239,30.80538,-1,4135
103.98167,30.626951,-1,4136
103.968781,30.802024,-1,4137
104.003532,30.719314,-1,4138
103.696581,30.52462,-1,4139
104.061986,30.180864,-1,4140
103.464825,30.452717,-1,4141
104.016756,30.226474,-1,4142
103.991979,30.61535,-1,4143
104.506736,30.687942,-1,4144
104.033082,30.299285,-1,4145
104.371276,30.546157,-1,4146
103.790432,30.666404,-1,4147
103.957868,30.04769,-1,4148
104.220893,30.638871,33,4149
103.560808,30.748553,140,4150
104.517477,30.391823,-1,4151
104.312237,30.298467,26,4152
104.124202,30.683562,-1,4153
103.511412,30.428555,-1,4154
104.112798,30.753099,116,4155
103.534793,30.784196,-1,4156
104.055655,30.456989,-1,4157
103.762985,30.040919,-1,4158
104.19222,30.742054,225,4159
103.613866,30.959931,-1,4160
104.242785,30.651605,9,4161
103.977818,30.688699,218,4162
103.813253,30.632689,51,4163
104.075834,30.710794,-1,4164
104.178638,30.782748,166,4165
104.382239,30.35069,-1,4166
104.09315,30.581498,67,4167
104.441195,30.464417,-1,4168
104.546559,29.503768,-1,4169
104.044826,30.445195,145,4170
103.449558,30.386389,-1,4171
103.636807,30.956726,-1,4172
104.169027,30.476129,-1,4173
104.077922,30.794346,105,4174
103.988601,30.541727,-1,4175
103.929505,30.699693,-1,4176
103.987965,30.723749,-1,4177
104.097024,30.381884,-1,4178
103.661748,30.919872,-1,4179
104.24024,30.794359,-1,4180
104.238112,30.718386,-1,4181
104.245344,30.710672,-1,4182
104.155255,30.728681,193,4183
103.935419,30.905716,83,4184
104.187011,30.53475,-1,4185
103.943568,30.507628,-1,4186
104.669174,29.503953,238,4187
104.047552,30.697572,-1,4188
104.110487,30.509162,-1,4189
104.354553,30.435935,-1,4190
104.20211,30.726045,30,4191
103.932667,29.13802,-1,4192
104.401416,31.061441,-1,4193
104.326484,30.860294,38,4194
104.071084,30.688665,-1,4195
104.011318,30.517787,246,4196
103.909573,30.883497,-1,4197
104.586376,30.734414,-1,4198
103.670573,30.605399,-1,4199
103.638686,30.486345,-1,4200
104.075464,30.547733,-1,4201
104.10036,30.521138,-1,4202
104.401694,30.343116,-1,4203
103.921125,30.959645,-1,4204
103.937676,30.61407,29,4205
103.920683,30.634511,-1,4206
104.22118,30.638641,33,4207
103.887095,30.44342,-1,4208
104.069897,30.768332,69,4209
104.058836,30.673885,-1,4210
104.162554,30.55708,99,4211
104.214144,30.651584,88,4212
104.017732,30.864341,-1,4213
104.584821,30.355116,-1,4214
104.170556,30.615286,15,4215
103.856722,30.442234,-1,4216
104.044381,30.737288,-1,4217
103.828137,31.021236,-1,4218
104.088525,30.759914,132,4219
103.689685,30.401627,-1,4220
104.327373,30.307346,148,4221
103.891404,30.343223,-1,4222
103.482874,30.526176,-1,4223
103.970876,30.650105,85,4224
103.988134,30.454439,-1,4225
104.233622,30.794019,-1,4226
104.04111,30.59352,195,4227
104.093351,30.215634,-1,4228
104.242948,30.649849,9,4229
104.266627,30.721697,-1,4230
103.858568,30.66363,-1,4231
104.509417,30.352679,134,4232
103.931245,30.531949,-1,4233
104.092738,30.618985,-1,4234
104.605162,30.867465,-1,4235
104.152314,30.690186,-1,4236
104.090135,30.45207,-1,4237
103.846776,30.649374,-1,4238
103.955936,31.007632,-1,4239
104.186142,30.550733,-1,4240
103.970892,30.650389,85,4241
104.198411,30.373658,-1,4242
103.497403,30.545895,239,4243
103.659024,30.923464,-1,4244
104.081327,30.471259,-1,4245
104.027755,30.551505,-1,4246
104.199021,30.510439,-1,4247
103.969176,30.366492,155,4248
103.678204,30.338663,182,4249
103.65447,30.926027,37,4250
103.97826,30.448575,-1,4251
103.845423,30.649172,-1,4252
103.944577,30.484017,54,4253
103.795927,31.238988,-1,4254
104.242486,30.651246,9,4255
104.198351,30.582023,229,4256
103.957698,30.567498,-1,4257
104.389948,31.063071,-1,4258
104.152837,30.744508,-1,4259
104.508525,30.354539,197,4260
104.118255,30.757044,44,4261
103.751689,30.667186,-1,4262
103.907853,30.882712,-1,4263
104.326724,30.860015,38,4264
104.249025,30.772358,118,4265
103.935171,30.905597,83,4266
103.791496,30.603924,-1,4267
104.505394,30.485287,-1,4268
103.591538,30.231126,-1,4269
103.940624,30.614093,65,4270
104.203275,30.72626,30,4271
104.24254,30.650969,9,4272
104.110804,30.580289,-1,4273
103.527482,31.415532,59,4274
104.057119,30.648723,-1,4275
103.499198,30.749663,-1,4276
103.867272,30.7801,-1,4277
103.551651,30.611808,-1,4278
104.056751,30.40271,-1,4279
104.255792,30.610862,-1,4280
103.996495,30.76206,-1,4281
104.152727,30.781768,219,4282
103.880281,30.604104,-1,4283
103.895849,30.477364,-1,4284
103.738511,30.664571,-1,4285
103.278139,29.569178,-1,4286
104.071816,30.678954,-1,4287
104.10677,30.507235,154,4288
104.374197,30.293835,-1,4289
104.215539,30.542193,-1,4290
103.974865,30.475406,-1,4291
104.093545,30.581201,67,4292
103.966846,30.435857,150,4293
104.669399,29.504038,238,4294
104.368464,30.289388,-1,4295
104.177054,30.718786,121,4296
104.246169,30.584109,-1,4297
104.298473,30.385308,-1,4298
104.169986,30.712497,-1,4299
103.550426,30.600915,-1,4300
103.858068,31.065242,80,4301
103.859244,30.827289,188,4302
103.977708,30.68862,218,4303
104.061198,30.41556,-1,4304
103.97391,30.470986,-1,4305
103.661163,30.373474,-1,4306
104.177916,30.727199,-1,4307
104.173989,30.480021,-1,4308
104.584364,30.340378,-1,4309
103.988294,30.627456,230,4310
103.796748,30.646636,211,4311
103.769048,30.684953,-1,4312
103.95246,30.795764,223,4313
103.953083,30.920454,-1,4314
104.134562,30.806053,235,4315
103.853287,30.442152,-1,4316
104.026866,30.45832,-1,4317
104.173632,30.634707,-1,4318
103.921932,30.963272,-1,4319
103.479993,30.427884,-1,4320
103.954926,30.491912,-1,4321
104.311857,30.299196,26,4322
103.55481,30.533173,-1,4323
104.106951,30.491742,196,4324
103.692394,30.884569,-1,4325
104.069279,30.66776,-1,4326
103.790926,30.667027,-1,4327
104.033763,30.466184,224,4328
103.708782,30.453509,-1,4329
104.139868,30.825841,-1,4330
104.150511,30.616367,179,4331
103.701582,30.602568,35,4332
104.189826,30.538706,-1,4333
104.058449,30.677127,-1,4334
104.331432,30.644374,187,4335
103.902162,30.834157,169,4336
104.235766,30.646762,4,4337
103.516242,30.578721,-1,4338
103.867272,30.7801,-1,4339
103.547699,30.215233,-1,4340
104.45459,30.467776,-1,4341
104.187603,30.017916,-1,4342
103.814791,30.892626,-1,4343
104.0362,30.46507,224,4344
104.392983,31.165915,-1,4345
103.743892,30.395588,-1,4346
104.566861,30.387708,-1,4347
104.326032,30.278456,-1,4348
104.308778,31.006573,-1,4349
104.150024,30.725571,-1,4350
104.161907,30.69852,-1,4351
104.114474,30.750549,70,4352
104.793742,29.736144,-1,4353
104.024868,30.651399,-1,4354
103.961465,30.935013,212,4355
103.498321,30.568806,-1,4356
104.021264,30.861977,-1,4357
104.333612,30.644504,247,4358
104.307807,30.939517,-1,4359
104.011283,30.46351,-1,4360
103.897168,30.666555,49,4361
103.96633,30.936777,-1,4362
104.215493,30.821176,192,4363
103.348423,30.419082,-1,4364
103.967401,30.648309,185,4365
103.957955,30.616611,-1,4366
104.182266,30.533601,-1,4367
103.790488,29.635749,198,4368
103.822741,30.865132,-1,4369
104.468772,30.847912,149,4370
103.787652,30.576856,-1,4371
104.30023,30.244525,-1,4372
103.967224,30.64838,185,4373
104.35135,30.842915,-1,4374
103.642869,30.942491,48,4375
103.97238,30.541803,162,4376
103.952709,30.325445,-1,4377
103.959998,30.517264,40,4378
104.501028,30.473763,63,4379
104.114225,30.750629,70,4380
104.52353,30.477897,-1,4381
103.972546,30.651751,-1,4382
103.952355,30.795662,223,4383
103.862264,30.711416,-1,4384
103.27753,29.569611,-1,4385
103.777628,30.7436,-1,4386
104.420563,30.849265,-1,4387
104.006108,30.738532,-1,4388
104.182142,30.71747,58,4389
104.244013,30.645509,46,4390
103.97766,30.688668,218,4391
103.936177,30.905698,83,4392
104.150347,30.616289,179,4393
104.035525,30.593123,-1,4394
103.464825,30.452717,-1,4395
103.914296,30.675536,129,4396
103.850545,30.634558,-1,4397
104.08465,30.455614,222,4398
104.616983,30.681254,-1,4399
103.693655,30.526038,-1,4400
102.22341,29.89602,-1,4401
103.983893,30.219014,-1,4402
104.173855,30.71732,-1,4403
104.655336,30.341617,-1,4404
104.163894,30.392161,-1,4405
104.630613,30.995655,-1,4406
104.146756,30.7097,-1,4407
104.556097,30.099075,-1,4408
104.07724,30.795081,105,4409
103.9965,30.253533,-1,4410
104.0107,30.839241,-1,4411
103.792338,30.687544,-1,4412
103.786288,30.640877,-1,4413
104.363342,30.657326,261,4414
104.184693,30.544316,-1,4415
103.882978,30.67153,-1,4416
104.868913,29.225553,-1,4417
104.168682,30.741594,183,4418
103.982273,30.784552,14,4419
104.078534,30.684269,-1,4420
104.137594,30.783821,-1,4421
104.323282,30.645046,126,4422
104.175673,30.727809,-1,4423
104.218879,30.655132,28,4424
104.133793,30.399159,-1,4425
104.017418,30.116373,-1,4426
104.488792,30.493471,72,4427
103.979819,30.824912,-1,4428
104.446077,30.839445,-1,4429
104.578833,30.389,-1,4430
104.106487,30.582642,-1,4431
104.505657,30.481467,-1,4432
104.349703,30.643102,-1,4433
103.837275,30.353634,-1,4434
103.897062,30.474908,-1,4435
104.530241,30.635767,-1,4436
103.961764,30.933364,212,4437
104.793183,29.726649,-1,4438
104.333391,30.706843,-1,4439
104.196709,30.526696,-1,4440
104.496442,30.47166,-1,4441
103.847926,30.54036,-1,4442
103.972139,30.542401,162,4443
103.983468,30.219893,-1,4444
103.695924,30.653785,-1,4445
103.917208,30.683717,94,4446
103.996397,30.468883,-1,4447
104.029403,31.373437,-1,4448
104.099317,30.466902,245,4449
104.510421,30.50776,-1,4450
104.056021,30.428226,-1,4451
104.088244,30.759894,132,4452
104.179343,30.484486,-1,4453
104.535826,30.352618,-1,4454
104.224961,30.793944,52,4455
103.968194,30.806458,-1,4456
104.108821,30.464084,214,4457
104.159293,30.595568,-1,4458
104.089869,30.247966,-1,4459
104.176801,30.771163,-1,4460
103.596333,30.857258,-1,4461
103.938469,30.61629,-1,4462
104.09376,30.581545,67,4463
104.072631,30.278167,-1,4464
104.076212,30.7717,-1,4465
104.340793,30.665418,-1,4466
104.488325,30.427025,-1,4467
103.449665,30.466914,17,4468
104.135649,30.805836,235,4469
104.221924,30.834939,-1,4470
104.215597,30.821208,192,4471
103.757553,30.809353,-1,4472
103.952562,30.453608,-1,4473
104.061254,30.492341,-1,4474
104.207944,30.522702,-1,4475
104.735103,30.648866,-1,4476
103.661179,30.961102,2,4477
104.100279,30.507269,-1,4478
103.990439,30.454681,-1,4479
103.642869,30.942396,48,4480
104.243328,30.645731,46,4481
104.167431,30.67506,-1,4482
103.775476,30.878629,-1,4483
104.238084,30.653013,142,4484
103.975677,30.690646,-1,4485
103.971371,30.789141,-1,4486
103.873768,30.417277,57,4487
104.398947,30.341865,-1,4488
104.238788,30.633013,-1,4489
103.6633,30.659533,-1,4490
104.025961,30.467676,-1,4491
104.058015,30.452372,-1,4492
103.797126,30.38731,-1,4493
104.378413,30.282913,-1,4494
104.31688,30.271873,-1,4495
103.797589,30.971614,-1,4496
104.074665,30.533791,-1,4497
103.891855,30.778039,128,4498
104.098677,30.712594,-1,4499
104.279782,30.720071,-1,4500
103.962714,30.448284,84,4501
104.161542,30.599547,7,4502
104.185902,30.718638,34,4503
103.520002,30.788721,-1,4504
103.440387,30.75121,-1,4505
104.062948,30.66534,-1,4506
103.687329,30.870972,-1,4507
103.532398,31.404661,11,4508
104.32834,30.345858,-1,4509
103.979829,30.638854,-1,4510
104.256215,30.522674,-1,4511
104.420603,30.849149,-1,4512
103.801219,31.02627,-1,4513
104.04871,30.653492,-1,4514
104.061524,30.653684,-1,4515
104.312298,30.874853,-1,4516
103.916696,30.414798,-1,4517
104.238395,30.817581,-1,4518
104.429032,30.356539,-1,4519
103.953773,30.920422,-1,4520
104.114879,30.378413,-1,4521
104.007598,30.554202,-1,4522
104.320473,30.281364,-1,4523
104.164595,30.658016,176,4524
103.997635,30.75744,-1,4525
103.944419,30.528034,-1,4526
103.603545,30.866908,-1,4527
103.937321,30.562402,-1,4528
103.644583,30.942823,-1,4529
103.53666,30.400146,-1,4530
104.057646,30.455663,-1,4531
103.482672,30.383801,143,4532
103.921575,30.634761,-1,4533
104.237685,30.653249,142,4534
104.008622,30.566417,-1,4535
104.130652,30.402404,-1,4536
104.237152,30.72433,109,4537
103.967818,30.648714,185,4538
104.234998,30.64607,4,4539
103.942343,30.847743,-1,4540
104.118971,30.522271,-1,4541
103.792266,29.723199,-1,4542
104.261033,30.614536,-1,4543
104.059573,30.646036,-1,4544
103.964367,30.637184,86,4545
104.181023,30.514061,-1,4546
103.8973,30.836442,102,4547
104.474462,30.34478,-1,4548
104.361075,30.657235,-1,4549
104.179517,30.963476,-1,4550
103.837306,30.352599,-1,4551
103.894079,30.63413,-1,4552
103.95751,30.640294,-1,4553
104.138194,30.638253,-1,4554
104.019809,29.139911,50,4555
103.887513,30.529537,23,4556
104.151504,30.776896,-1,4557
104.011978,30.793877,-1,4558
104.050487,30.663878,92,4559
104.242563,30.650942,9,4560
104.573235,30.36845,-1,4561
104.051276,30.562137,-1,4562
104.127803,30.57202,-1,4563
104.854521,30.229572,-1,4564
104.064458,30.611194,-1,4565
104.079588,30.706774,-1,4566
104.229588,30.65734,-1,4567
103.889388,30.447114,-1,4568
104.314156,30.709908,-1,4569
103.414404,31.061605,-1,4570
103.725717,30.396381,-1,4571
104.55567,30.353544,31,4572
103.888266,30.385111,-1,4573
104.188631,30.731806,-1,4574
103.901975,30.975165,-1,4575
104.192546,30.948214,-1,4576
104.323485,30.645031,126,4577
104.041707,30.485682,-1,4578
104.114449,30.750355,70,4579
103.982281,30.784519,14,4580
104.437271,30.977338,-1,4581
104.106551,30.509113,-1,4582
103.969441,30.47042,-1,4583
104.140068,30.645952,-1,4584
104.014276,30.766743,-1,4585
104.886966,30.171812,-1,4586
103.697964,30.404086,-1,4587
103.55266,30.53114,-1,4588
104.224988,30.793883,52,4589
104.341522,30.82974,-1,4590
104.115896,30.585367,82,4591
103.878825,30.347686,-1,4592
104.240734,30.872699,-1,4593
103.711163,30.322778,-1,4594
103.87077,30.619399,-1,4595
104.564734,30.37099,32,4596
104.026996,30.448439,-1,4597
104.327721,30.306052,148,4598
103.974097,30.427519,-1,4599
103.845007,30.431669,-1,4600
103.147253,30.461352,-1,4601
103.749061,30.393496,-1,4602
104.061118,30.443031,-1,4603
103.958944,30.649659,178,4604
104.756364,30.633366,-1,4605
104.158084,30.692335,180,4606
104.107171,30.587242,141,4607
104.058041,30.368176,-1,4608
103.843671,30.319346,-1,4609
103.921176,30.703074,25,4610
104.057568,30.419989,-1,4611
103.901041,30.834762,169,4612
104.551562,30.735312,-1,4613
103.936101,30.9053,83,4614
103.652964,30.920512,-1,4615
103.554827,30.555381,-1,4616
104.078783,30.37107,-1,4617
104.366016,30.857278,125,4618
104.109628,30.503686,-1,4619
103.884708,30.368631,-1,4620
103.887021,30.820535,-1,4621
103.700357,30.653809,-1,4622
103.843403,31.138298,-1,4623
104.099626,30.288494,-1,4624
104.391917,30.296476,-1,4625
104.106846,30.74056,-1,4626
104.203286,30.726255,30,4627
103.59151,30.742188,-1,4628
104.138643,30.593044,-1,4629
103.912637,30.978826,-1,4630
103.953705,30.326618,-1,4631
103.481346,30.162602,-1,4632
104.57061,31.033946,-1,4633
104.595155,31.768097,-1,4634
104.533434,30.651249,-1,4635
103.535157,30.562799,-1,4636
103.964448,30.637167,86,4637
104.555467,30.352826,31,4638
103.92345,30.716528,13,4639
104.242811,30.650605,9,4640
104.709526,31.014969,-1,4641
104.462968,30.348328,257,4642
104.006281,30.521634,-1,4643
104.318126,30.860829,108,4644
103.50405,30.574156,-1,4645
103.836284,30.520908,-1,4646
104.543081,30.718288,-1,4647
104.028663,31.327386,-1,4648
103.911292,30.242449,-1,4649
104.168277,30.475687,-1,4650
103.534262,30.694468,-1,4651
104.523121,30.436418,-1,4652
104.537548,30.365836,202,4653
104.167431,30.67506,-1,4654
104.237453,30.652778,142,4655
104.135255,30.403802,-1,4656
103.802785,30.606431,-1,4657
104.266889,30.570232,-1,4658
103.589574,29.718808,-1,4659
104.047409,30.627034,-1,4660
103.952204,30.637697,-1,4661
104.164836,30.658741,176,4662
104.36704,30.305733,-1,4663
104.035778,30.701617,-1,4664
104.011395,30.463545,-1,4665
104.147155,30.396698,-1,4666
104.46457,30.471665,-1,4667
104.111246,30.57368,-1,4668
103.970834,30.989053,19,4669
104.077777,30.794706,105,4670
104.107882,30.921239,-1,4671
104.140719,30.789536,-1,4672
104.076316,30.631142,-1,4673
103.701574,30.602495,35,4674
103.0902,30.386972,-1,4675
103.915776,30.861208,-1,4676
104.051509,30.276261,-1,4677
104.23711,29.93882,-1,4678
103.463521,30.367433,-1,4679
104.2548,30.859214,157,4680
104.539062,31.859081,-1,4681
104.357548,30.66025,-1,4682
104.362249,31.067725,-1,4683
104.311857,30.299196,26,4684
104.100319,30.520818,-1,4685
104.225168,30.671943,-1,4686
104.010932,30.51509,-1,4687
104.107343,30.769374,-1,4688
104.051286,30.259491,159,4689
103.727804,30.801639,-1,4690
104.005745,30.514752,-1,4691
103.70084,30.70894,-1,4692
103.987906,30.452693,-1,4693
103.855532,30.626443,-1,4694
103.919132,30.931679,-1,4695
104.11866,30.580975,-1,4696
104.230798,30.79415,-1,4697
103.402647,30.742133,-1,4698
103.812197,30.571653,-1,4699
103.960142,30.152063,234,4700
103.976468,30.410427,-1,4701
104.026585,30.451368,-1,4702
104.063483,30.438035,168,4703
103.940618,30.614185,65,4704
104.059777,30.634934,-1,4705
104.804026,30.148785,-1,4706
104.005401,30.519895,-1,4707
104.24254,30.650837,9,4708
104.154227,30.726072,-1,4709
104.225737,30.671996,-1,4710
104.406975,30.62637,-1,4711
103.879413,30.489264,-1,4712
104.411491,30.350282,-1,4713
104.072834,30.445845,-1,4714
104.804445,30.153626,64,4715
104.05386,30.771882,-1,4716
104.04158,30.529461,-1,4717
104.445215,30.355816,-1,4718
103.812199,30.632493,51,4719
104.008783,30.59067,43,4720
104.120748,30.551221,-1,4721
103.937834,30.619031,12,4722
104.320249,30.279231,120,4723
103.935532,30.905447,83,4724
104.047905,30.540897,-1,4725
103.598568,30.75082,-1,4726
103.632419,30.735118,-1,4727
103.870682,30.702154,122,4728
104.125338,30.769377,75,4729
103.927926,30.761698,-1,4730
104.118663,30.757412,44,4731
103.920089,30.880089,-1,4732
103.735588,30.959868,-1,4733
103.465378,30.437666,113,4734
104.198215,30.582029,229,4735
104.099362,30.426965,-1,4736
104.462864,30.34801,257,4737
104.10596,30.587414,141,4738
104.197453,30.43155,-1,4739
103.770142,30.430325,-1,4740
103.981248,30.785146,14,4741
103.917349,30.397755,248,4742
104.225118,30.707506,-1,4743
103.558831,30.752598,-1,4744
103.958879,30.649643,178,4745
104.236405,30.724097,109,4746
103.908983,30.543071,139,4747
103.661624,30.960985,2,4748
104.748459,30.623928,-1,4749
103.952392,30.795868,223,4750
103.653127,30.920328,-1,4751
103.999544,30.466896,151,4752
104.243133,30.645949,46,4753
104.277267,31.141877,-1,4754
104.107045,30.463217,-1,4755
103.823281,30.610292,-1,4756
104.102784,30.515184,266,4757
104.177237,30.788159,243,4758
104.566909,30.387848,-1,4759
104.397382,30.327755,-1,4760
103.958326,30.65616,-1,4761
104.412192,30.846762,-1,4762
103.876943,30.913009,-1,4763
104.041133,30.59373,195,4764
104.109678,30.826452,-1,4765
104.039161,30.793152,-1,4766
103.695283,30.393686,-1,4767
104.160706,30.720258,-1,4768
104.323651,30.704783,-1,4769
104.447449,30.479214,-1,4770
104.178651,30.78306,166,4771
104.224972,30.707419,-1,4772
104.161718,30.599854,7,4773
103.912147,30.798601,39,4774
104.034643,30.465136,224,4775
104.908151,30.159823,-1,4776
104.149518,30.622508,107,4777
104.364586,30.292344,-1,4778
104.093821,30.581628,67,4779
103.199768,30.264304,-1,4780
103.847501,30.301126,-1,4781
104.236473,30.90672,-1,4782
104.255468,30.577806,-1,4783
104.041905,30.248212,-1,4784
104.020893,29.139276,50,4785
103.857257,30.811748,-1,4786
103.896526,30.666131,49,4787
104.172923,30.484957,174,4788
103.653347,30.89399,-1,4789
104.492783,30.325661,68,4790
104.273095,30.827579,-1,4791
103.437986,30.364135,-1,4792
104.077401,30.79485,105,4793
104.028222,30.248792,-1,4794
104.111827,30.510374,-1,4795
104.582413,30.135258,-1,4796
104.463006,30.488273,-1,4797
104.342902,30.668708,-1,4798
104.428806,31.149776,-1,4799
103.837827,30.316796,-1,4800
103.883108,30.735588,-1,4801
104.389519,30.300122,-1,4802
103.942898,30.52433,-1,4803
103.521214,30.209451,-1,4804
104.213901,30.651418,88,4805
104.439349,30.980471,-1,4806
104.604779,30.18387,-1,4807
104.585554,30.394007,-1,4808
104.538407,30.658039,-1,4809
103.601262,30.875468,-1,4810
104.083471,30.578014,22,4811
104.25474,30.579573,-1,4812
104.044647,30.206198,-1,4813
104.418994,30.501013,-1,4814
103.873557,30.867249,-1,4815
104.105786,30.414154,-1,4816
103.834424,30.641103,-1,4817
103.973741,30.429649,-1,4818
104.140074,30.781767,-1,4819
104.06043,31.245461,8,4820
103.798647,30.662153,-1,4821
103.64325,30.470046,-1,4822
104.094031,30.790105,-1,4823
103.932667,29.13802,-1,4824
104.262016,30.271823,-1,4825
104.052156,30.541365,-1,4826
104.3889,30.596376,-1,4827
104.338574,30.666901,-1,4828
104.064382,30.451434,-1,4829
104.204561,30.590666,-1,4830
104.002178,30.590471,249,4831
103.987165,30.416233,-1,4832
103.890769,30.777458,128,4833
104.135328,30.773753,-1,4834
103.903996,30.67624,-1,4835
104.567455,30.37201,-1,4836
103.791453,29.781624,-1,4837
103.974524,30.795943,-1,4838
103.921932,30.963272,-1,4839
103.572285,30.523754,-1,4840
104.284232,30.815874,-1,4841
104.401461,30.342898,-1,4842
104.095435,30.540793,-1,4843
104.093044,30.524486,81,4844
104.311716,30.2988,26,4845
104.048022,30.738469,-1,4846
103.861636,30.80428,131,4847
104.372,30.864266,-1,4848
103.920447,29.916552,-1,4849
104.179498,30.725751,-1,4850
103.875349,30.575256,-1,4851
104.52237,30.429755,241,4852
104.574764,30.775761,-1,4853
103.947902,30.327214,-1,4854
104.279044,29.936973,-1,4855
104.367956,30.351456,-1,4856
104.615112,30.163391,-1,4857
104.140972,30.817082,-1,4858
104.213508,30.744872,-1,4859
104.171071,30.615418,15,4860
104.021212,31.305235,-1,4861
104.225702,30.790725,52,4862
104.277498,30.639885,-1,4863
104.489614,30.493768,72,4864
103.997752,30.252834,200,4865
103.809156,30.744955,-1,4866
104.082388,30.578442,22,4867
104.157144,30.089166,-1,4868
103.195456,30.141489,-1,4869
104.511061,30.353124,134,4870
104.0111,30.869151,-1,4871
104.046543,30.559135,-1,4872
103.887388,30.592805,-1,4873
104.202074,30.812671,-1,4874
104.196629,30.589679,-1,4875
103.732568,31.19766,-1,4876
104.470072,30.505101,-1,4877
104.481938,30.331399,-1,4878
103.937892,30.618972,12,4879
104.803941,30.152211,64,4880
103.710576,30.526245,-1,4881
104.180629,30.523305,-1,4882
104.041694,30.196259,-1,4883
104.221165,30.639111,33,4884
104.020893,30.458787,-1,4885
104.661018,30.685002,-1,4886
104.150316,30.616384,179,4887
104.028073,30.536828,-1,4888
104.044839,30.724489,-1,4889
104.054151,30.646058,-1,4890
103.948789,30.515513,0,4891
103.972154,30.429279,-1,4892
104.086048,30.580828,227,4893
103.675763,30.743761,-1,4894
104.375958,30.56287,-1,4895
104.268931,30.57884,-1,4896
103.957191,30.948662,-1,4897
103.932545,30.810209,-1,4898
104.052664,30.465385,-1,4899
104.775875,30.887101,-1,4900
104.185437,30.684367,-1,4901
104.173613,30.727563,-1,4902
103.88811,30.661391,-1,4903
104.266127,30.619,-1,4904
104.178298,30.728113,-1,4905
103.70141,30.602545,35,4906
103.67505,30.645196,-1,4907
104.083872,30.455505,222,4908
104.164276,30.671036,-1,4909
104.597732,30.699625,-1,4910
103.819394,30.466215,-1,4911
104.182791,30.717396,58,4912
103.7966,30.404814,-1,4913
104.111661,30.472085,-1,4914
104.53738,30.365852,202,4915
104.161788,30.599631,7,4916
104.565337,30.371047,32,4917
104.13447,30.371298,-1,4918
103.751703,30.328614,-1,4919
103.873078,30.653485,-1,4920
103.971782,30.469852,110,4921
104.338662,30.315306,-1,4922
104.253599,30.870557,-1,4923
104.359007,30.66245,-1,4924
104.598981,30.701091,-1,4925
104.441597,30.883594,-1,4926
104.007378,30.873633,-1,4927
104.166949,30.627828,-1,4928
104.516545,30.422538,-1,4929
103.647498,30.335996,-1,4930
104.222489,30.710026,-1,4931
104.185913,30.552696,135,4932
104.349993,30.842958,-1,4933
104.213901,30.651418,88,4934
103.945257,30.55523,-1,4935
104.071329,30.725156,6,4936
104.237481,30.652865,142,4937
104.473792,30.598265,-1,4938
104.315801,30.272225,-1,4939
104.506394,30.687984,-1,4940
104.316938,30.316795,-1,4941
103.701501,30.602343,35,4942
103.97248,30.623047,137,4943
103.89106,30.63375,-1,4944
104.008727,30.590917,43,4945
103.937467,30.614121,29,4946
104.23089,30.872438,-1,4947
104.559503,30.727909,-1,4948
103.819332,30.867672,-1,4949
103.654952,30.664886,240,4950
104.23683,30.490548,-1,4951
104.836347,29.244975,-1,4952
104.97439,29.869605,-1,4953
104.178702,30.783082,166,4954
103.917194,30.683748,94,4955
103.496948,30.547185,244,4956
104.040926,30.531165,-1,4957
104.078747,30.364998,250,4958
103.960037,30.373566,-1,4959
104.099842,30.712903,-1,4960
104.111623,30.519165,-1,4961
104.511275,30.352754,134,4962
104.238085,30.718618,-1,4963
104.032902,30.468111,267,4964
103.94191,30.470353,-1,4965
104.099835,31.288713,-1,4966
104.22207,30.626111,-1,4967
103.872049,30.778493,47,4968
104.112439,30.753177,116,4969
104.300897,30.246127,-1,4970
104.043927,30.457372,-1,4971
103.680373,30.998645,-1,4972
104.21673,30.571928,-1,4973
104.105515,30.580492,-1,4974
103.967591,30.58607,91,4975
103.42913,30.04343,-1,4976
104.756452,30.6331,-1,4977
103.7254,30.559094,-1,4978
104.20111,30.733736,78,4979
104.18478,30.5446,-1,4980
104.141098,30.645184,-1,4981
104.204271,30.703562,-1,4982
104.028521,31.038481,-1,4983
103.662591,30.970475,87,4984
103.942375,30.279531,-1,4985
103.946457,30.748742,-1,4986
104.408522,30.345116,-1,4987
104.030973,30.737986,-1,4988
103.898891,30.475282,-1,4989
104.08465,30.455614,222,4990
103.986123,30.454126,-1,4991
104.311732,30.298784,26,4992
103.651294,30.434818,-1,4993
104.182084,30.791214,-1,4994
104.521333,30.429758,241,4995
103.55939,30.74855,-1,4996
103.705736,29.083958,-1,4997
103.506137,30.559343,177,4998
104.511957,30.421517,42,4999
104.370076,30.436816,-1,5000
104.168871,30.741597,183,5001
103.887657,30.735367,-1,5002
104.061395,30.419032,236,5003
103.716359,30.926757,-1,5004
103.895849,30.477364,-1,5005
104.379816,30.731127,-1,5006
104.005095,30.52039,-1,5007
103.971197,30.65049,85,5008
103.754369,31.014721,-1,5009
103.814373,30.633042,51,5010
103.936425,30.614202,29,5011
103.939246,30.653532,-1,5012
104.804325,30.15266,64,5013
103.517313,30.578589,-1,5014
104.391859,31.163708,-1,5015
103.689219,30.615692,-1,5016
103.942825,30.334788,-1,5017
104.48943,30.494019,72,5018
104.007809,30.805244,-1,5019
104.018305,30.863962,-1,5020
104.496073,30.417914,-1,5021
104.199321,30.810905,-1,5022
103.976116,29.991199,-1,5023
104.063991,30.486527,-1,5024
103.884863,30.665546,55,5025
104.083746,30.578048,22,5026
103.897443,30.836399,102,5027
104.425977,30.855982,-1,5028
103.867064,30.534943,144,5029
104.140199,30.40768,-1,5030
103.51724,30.750359,98,5031
103.922449,30.670692,-1,5032
104.164047,30.65849,176,5033
104.326866,30.625726,-1,5034
104.038708,30.359832,-1,5035
103.978153,30.200243,-1,5036
104.391465,30.298391,104,5037
104.004188,30.522277,-1,5038
103.941746,30.736148,-1,5039
103.552814,30.541671,-1,5040
104.175233,30.481238,-1,5041
104.010106,30.771539,-1,5042
103.280439,30.165552,-1,5043
104.242985,30.645722,46,5044
104.255618,30.531322,194,5045
103.866635,30.776098,216,5046
104.437329,30.007181,-1,5047
104.222114,30.908717,-1,5048
103.91509,30.936637,-1,5049
104.165014,30.628873,-1,5050
104.144704,30.548039,-1,5051
104.080562,30.816828,-1,5052
104.391217,30.301121,-1,5053
104.071122,30.72522,6,5054
103.809911,31.039651,-1,5055
104.109822,30.493442,-1,5056
103.286909,30.162927,-1,5057
104.254888,30.859157,157,5058
104.31696,30.712384,-1,5059
104.235526,30.647,4,5060
104.20499,30.730943,-1,5061
104.326534,30.86012,38,5062
103.733659,30.799676,-1,5063
104.282977,29.622661,-1,5064
104.012384,30.843225,-1,5065
104.131653,30.676067,-1,5066
103.823403,30.466034,-1,5067
104.368464,30.289388,-1,5068
104.024793,30.509557,-1,5069
103.536859,30.782908,-1,5070
103.870346,31.040184,-1,5071
103.909287,30.543071,139,5072
104.203542,30.609542,-1,5073
104.23765,30.653233,142,5074
104.047878,30.540656,-1,5075
103.292622,31.111116,-1,5076
103.798316,31.167974,-1,5077
104.169058,30.741286,183,5078
104.092473,30.758334,-1,5079
104.48477,30.490131,-1,5080
103.99433,30.953143,-1,5081
103.939956,30.504185,-1,5082
104.069863,30.768026,69,5083
104.05744,30.388578,-1,5084
103.661174,30.96106,2,5085
104.098698,30.414774,-1,5086
104.240674,30.95965,-1,5087
103.628552,31.071059,-1,5088
104.126286,30.77779,-1,5089
103.949757,30.017273,-1,5090
103.974599,30.624588,-1,5091
103.799527,31.166701,-1,5092
103.817595,30.890139,-1,5093
103.660986,30.980158,221,5094
103.861344,30.803956,131,5095
104.406787,30.345826,-1,5096
104.38982,31.063121,-1,5097
104.314116,30.300954,-1,5098
104.507562,30.617023,-1,5099
103.895569,30.824599,-1,5100
103.137772,29.943642,-1,5101
103.526918,30.395705,-1,5102
104.069821,30.768575,69,5103
103.677897,31.029957,100,5104
104.070057,30.526414,-1,5105
103.902682,30.658481,16,5106
104.203483,30.72632,30,5107
104.501557,30.6851,-1,5108
104.010635,30.517355,246,5109
104.089096,30.517232,-1,5110
104.069921,30.768486,69,5111
104.522844,30.684631,-1,5112
103.784498,30.085286,-1,5113
103.977118,30.40423,-1,5114
104.164297,30.781586,-1,5115
103.887983,30.660582,-1,5116
104.223793,30.566374,175,5117
104.134944,30.781342,-1,5118
103.967264,30.648352,185,5119
104.101435,30.517374,-1,5120
104.119583,30.936793,-1,5121
104.21183,30.747023,-1,5122
103.992723,30.66167,-1,5123
104.135327,30.403844,-1,5124
104.175688,30.78818,254,5125
104.047002,30.488063,-1,5126
103.963179,30.447969,84,5127
104.00227,30.736717,-1,5128
103.889055,30.499611,-1,5129
104.41023,30.758691,-1,5130
104.072922,30.730888,-1,5131
104.101586,30.386903,-1,5132
104.02994,30.477573,-1,5133
103.885623,31.028255,-1,5134
104.146265,30.599874,-1,5135
104.201841,30.729631,-1,5136
104.488894,30.461662,-1,5137
104.225913,30.793246,52,5138
103.905513,30.810206,181,5139
104.111846,30.493637,-1,5140
104.08607,30.5807,227,5141
103.724085,30.405618,-1,5142
104.043882,30.446826,145,5143
103.854337,31.053698,-1,5144
104.443258,30.481599,-1,5145
103.921549,30.7936,-1,5146
103.701515,30.602726,35,5147
104.469195,30.848331,149,5148
103.912827,30.975348,-1,5149
104.044256,30.445212,145,5150
103.943234,30.507593,-1,5151
104.286635,30.664614,-1,5152
104.502258,30.473127,63,5153
104.199042,30.510422,-1,5154
103.61769,30.994281,-1,5155
104.035543,30.298234,-1,5156
104.263662,29.943084,233,5157
104.073965,30.747788,-1,5158
103.972722,30.622247,137,5159
104.962738,30.295135,-1,5160
104.077356,30.745186,-1,5161
103.945494,30.468971,-1,5162
104.669519,29.504054,238,5163
104.028942,30.522017,-1,5164
104.08465,30.455614,222,5165
104.289699,30.847958,-1,5166
103.831545,30.667614,-1,5167
103.874829,30.86335,-1,5168
104.311111,30.944064,-1,5169
103.825418,30.543851,-1,5170
104.244884,30.645484,46,5171
104.150889,31.118637,-1,5172
104.2429,30.6506,9,5173
104.397623,30.823962,-1,5174
103.840659,30.678315,-1,5175
104.086505,30.456569,-1,5176
104.07876,30.365287,250,5177
103.988418,30.627953,230,5178
104.183884,30.717136,58,5179
104.052675,30.473337,45,5180
103.75638,30.720946,-1,5181
104.188817,30.59084,-1,5182
104.555643,30.175395,-1,5183
104.498008,30.345248,-1,5184
104.054896,30.675715,-1,5185
103.991186,30.475707,-1,5186
104.803589,30.152993,64,5187
104.437889,30.355298,-1,5188
104.139951,30.715311,-1,5189
103.859791,30.301388,89,5190
103.523016,30.7205,-1,5191
104.526571,30.665474,-1,5192
104.522858,30.663116,253,5193
103.531858,31.405107,11,5194
103.795223,30.937648,-1,5195
103.655067,30.925931,37,5196
104.140612,30.827349,-1,5197
104.501291,30.424318,-1,5198
103.532346,31.404613,11,5199
104.49188,30.324094,68,5200
104.155847,30.692599,-1,5201
103.862396,30.711655,-1,5202
104.316143,30.302257,251,5203
104.266478,30.619771,-1,5204
103.998041,30.249319,-1,5205
104.215722,30.582563,21,5206
104.104766,30.4967,-1,5207
103.914269,30.675386,129,5208
103.90325,30.853296,-1,5209
103.855162,30.634733,-1,5210
103.554338,30.609915,-1,5211
104.136197,30.671984,-1,5212
104.294242,30.801933,-1,5213
103.884965,30.388638,199,5214
103.908823,30.543203,139,5215
104.293045,30.387012,-1,5216
103.972216,30.651577,-1,5217
103.831205,30.620519,-1,5218
103.811447,30.967169,-1,5219
104.115656,30.581148,-1,5220
103.810746,30.630739,-1,5221
104.317739,30.288728,-1,5222
104.075821,30.766884,-1,5223
103.983821,30.572556,-1,5224
103.674835,30.902547,-1,5225
103.458386,30.47411,-1,5226
103.831393,30.667776,-1,5227
103.934679,30.548672,-1,5228
104.205753,30.824941,-1,5229
104.198362,30.581939,229,5230
103.969073,31.007922,-1,5231
103.511088,30.410787,-1,5232
104.174694,30.796915,-1,5233
102.70688,29.975877,-1,5234
104.242469,30.650447,9,5235
104.326732,30.860279,38,5236
103.897159,30.391898,-1,5237
103.700625,30.397269,-1,5238
104.185004,30.542734,-1,5239
104.074782,30.723364,-1,5240
104.363136,30.659278,-1,5241
104.109269,30.464068,214,5242
104.662698,31.08736,-1,5243
103.907611,30.845714,-1,5244
102.762689,29.792859,-1,5245
103.712137,30.798381,-1,5246
104.689983,30.059419,-1,5247
104.141681,30.645183,-1,5248
104.357222,30.549809,-1,5249
103.658407,31.02412,-1,5250
103.867626,30.472237,-1,5251
104.198562,30.581973,229,5252
104.179021,30.782849,166,5253
103.937595,30.614788,29,5254
104.448519,29.598549,-1,5255
104.153147,30.725684,-1,5256
103.939301,30.421946,-1,5257
103.973661,30.409088,-1,5258
104.208315,30.5243,27,5259
104.037246,30.328224,-1,5260
104.203777,30.725979,30,5261
104.25504,30.859701,157,5262
104.391802,30.29893,104,5263
104.268723,31.015549,-1,5264
104.255425,30.859534,157,5265
103.969445,30.981928,172,5266
103.845853,30.789168,-1,5267
103.99989,30.483483,-1,5268
103.797086,30.387344,-1,5269
104.31546,30.276576,206,5270
103.976222,30.470058,-1,5271
104.072342,30.200882,-1,5272
104.202407,30.726201,30,5273
103.986146,30.481794,-1,5274
104.097207,30.877175,-1,5275
104.168249,30.518048,-1,5276
104.011111,30.562693,-1,5277
103.790098,30.409259,-1,5278
103.797138,30.64413,61,5279
103.690488,30.898654,-1,5280
103.800612,30.632339,-1,5281
103.531653,30.562768,-1,5282
104.539565,30.662136,-1,5283
103.691021,31.011426,-1,5284
104.063084,30.370167,-1,5285
103.860031,30.301289,89,5286
104.249678,30.860413,-1,5287
103.68362,30.407656,-1,5288
104.000069,30.891342,-1,5289
103.963028,30.656005,-1,5290
103.991681,30.454963,-1,5291
103.95718,30.723232,252,5292
104.235344,30.874618,-1,5293
103.917308,30.683614,94,5294
103.50955,31.432462,-1,5295
104.011038,30.479823,-1,5296
104.120914,30.52211,-1,5297
104.384656,30.30087,-1,5298
104.019466,29.138927,50,5299
103.9994,30.466891,151,5300
103.722896,30.591718,-1,5301
104.315683,30.301986,251,5302
103.678308,31.029887,100,5303
103.969446,30.800142,-1,5304
104.342413,30.825697,-1,5305
103.701713,30.602594,35,5306
104.172929,30.484362,174,5307
104.16773,30.618664,-1,5308
103.919364,30.231679,66,5309
104.253256,30.85879,157,5310
104.055571,30.445429,-1,5311
104.094272,30.580829,67,5312
104.070326,30.675694,-1,5313
104.428033,30.355489,-1,5314
103.940681,29.942214,-1,5315
103.940652,30.615331,65,5316
104.027415,31.329233,-1,5317
104.020988,30.237687,-1,5318
104.194597,30.737196,-1,5319
104.846832,30.427748,-1,5320
103.919129,30.931665,-1,5321
103.840509,29.781854,-1,5322
104.433284,30.843483,-1,5323
104.533881,29.760217,-1,5324
103.891535,30.432517,-1,5325
103.654952,30.664886,240,5326
104.010619,30.517523,246,5327
104.020034,29.139712,50,5328
104.213122,30.605168,-1,5329
104.021339,30.546346,-1,5330
104.556555,30.37271,-1,5331
104.10618,30.767889,-1,5332
104.364531,30.647805,-1,5333
103.981412,30.785428,14,5334
103.949505,30.501387,-1,5335
104.001834,30.128261,-1,5336
103.661163,30.373474,-1,5337
103.638694,30.70863,-1,5338
104.04112,30.516761,-1,5339
104.223011,30.590792,-1,5340
103.516731,30.750045,98,5341
103.922913,30.267626,-1,5342
104.045344,30.453445,-1,5343
103.871996,30.831256,-1,5344
103.583721,30.376884,-1,5345
104.101345,30.810201,-1,5346
104.046502,30.427313,3,5347
104.150316,30.616384,179,5348
103.99368,30.764576,-1,5349
103.937018,30.614703,29,5350
104.368264,30.295467,-1,5351
104.005951,30.633817,-1,5352
103.97382,31.032166,-1,5353
103.559267,30.548904,-1,5354
103.87934,30.499109,-1,5355
104.180661,30.789299,-1,5356
104.486199,30.491844,-1,5357
103.974612,30.408942,-1,5358
104.119161,30.786334,-1,5359
104.093121,30.581181,67,5360
103.719346,30.592381,-1,5361
104.076628,30.802782,-1,5362
103.985737,30.03254,-1,5363
103.911961,30.798471,39,5364
104.10897,30.506986,260,5365
103.652691,31.441368,-1,5366
104.056479,30.660142,-1,5367
103.964524,30.941227,-1,5368
104.407236,30.481922,-1,5369
104.075111,30.62556,-1,5370
104.667321,30.069879,-1,5371
104.090677,30.23004,-1,5372
104.36849,30.289283,-1,5373
104.211408,30.608579,-1,5374
104.97312,29.870568,103,5375
104.385448,30.638256,-1,5376
103.948367,30.80479,-1,5377
103.716521,30.569721,-1,5378
104.459192,30.34797,-1,5379
104.255282,30.531256,194,5380
104.041702,30.196291,-1,5381
104.225738,30.790725,52,5382
103.935909,30.912756,-1,5383
103.916636,30.47641,-1,5384
104.392194,30.301228,-1,5385
103.870333,30.462411,-1,5386
103.897235,30.49264,-1,5387
103.936852,30.614151,29,5388
103.959806,30.163994,-1,5389
104.041375,30.5933,195,5390
104.469221,30.847836,149,5391
103.95309,30.50101,-1,5392
103.885844,30.583557,-1,5393
104.303716,30.58636,-1,5394
104.329909,30.892372,-1,5395
104.418001,30.306908,-1,5396
104.362318,30.658132,261,5397
104.072703,30.723579,-1,5398
103.904359,30.370025,-1,5399
104.177489,30.719214,121,5400
104.367736,30.435794,-1,5401
103.876977,30.166662,-1,5402
103.502022,30.187857,-1,5403
103.999126,30.669423,-1,5404
104.392082,30.287156,-1,5405
103.958767,30.648328,178,5406
103.909194,30.711496,-1,5407
104.105398,30.543291,-1,5408
104.185871,30.719348,34,5409
104.196697,30.738329,-1,5410
104.036391,30.224497,-1,5411
103.44172,30.358825,-1,5412
104.093112,30.581159,67,5413
104.007521,30.55406,-1,5414
103.953835,30.32705,-1,5415
103.81255,30.632626,51,5416
103.497046,30.547381,244,5417
103.957191,30.948662,-1,5418
103.643299,30.591686,-1,5419
103.680373,30.998645,-1,5420
104.063216,30.438164,168,5421
103.681399,30.612413,203,5422
104.132785,30.689138,-1,5423
103.934484,30.716849,-1,5424
104.051442,30.757825,-1,5425
104.047515,30.429032,3,5426
104.046167,30.552021,-1,5427
104.002024,30.591143,249,5428
104.973217,29.87142,103,5429
104.067715,30.633583,-1,5430
103.908471,30.543187,139,5431
104.068275,30.586225,-1,5432
104.02391,30.593354,-1,5433
104.018027,29.138989,-1,5434
103.680991,30.803455,-1,5435
104.223897,30.67527,208,5436
103.998655,30.75588,-1,5437
103.971845,30.936471,-1,5438
103.970942,30.650618,85,5439
103.940433,30.616161,65,5440
103.677897,31.029957,100,5441
104.072704,30.266672,-1,5442
103.998325,30.497074,-1,5443
104.566426,30.430625,-1,5444
103.67688,30.900249,-1,5445
104.037952,30.49871,-1,5446
104.216771,30.693929,-1,5447
104.162363,31.461404,-1,5448
104.760389,30.37231,-1,5449
104.086346,30.585951,-1,5450
103.973801,30.578524,-1,5451
104.650752,31.135096,-1,5452
104.348294,30.663826,-1,5453
104.316959,30.605818,-1,5454
104.131221,30.791982,-1,5455
104.221334,30.639063,33,5456
104.189331,30.793336,-1,5457
103.965008,30.614535,-1,5458
103.80863,30.459325,-1,5459
104.001939,30.586006,-1,5460
103.962231,30.206667,-1,5461
103.981642,30.785053,14,5462
104.388251,30.747043,-1,5463
103.896577,30.771885,-1,5464
103.56108,30.748677,140,5465
103.724742,30.578401,130,5466
103.959805,30.517644,40,5467
104.565327,30.371044,32,5468
103.902735,30.658567,16,5469
103.937735,30.61447,29,5470
104.013753,30.5175,-1,5471
103.496239,30.753124,-1,5472
103.701389,30.602695,35,5473
104.594256,30.117819,-1,5474
104.166474,30.70394,-1,5475
103.969523,30.9821,172,5476
104.235969,30.904021,-1,5477
103.93794,30.619,12,5478
104.085562,30.428808,-1,5479
104.100801,30.719386,-1,5480
103.535413,30.742321,-1,5481
104.152183,30.690066,-1,5482
104.347005,30.74252,-1,5483
104.040088,30.447583,-1,5484
104.23776,30.720666,-1,5485
104.36486,30.839467,-1,5486
104.233622,30.794019,-1,5487
104.268793,30.578726,-1,5488
103.883681,30.665976,55,5489
104.106544,30.587278,141,5490
103.290925,30.58192,-1,5491
103.940614,29.942256,-1,5492
103.953763,30.934972,-1,5493
104.113063,30.578973,56,5494
104.22088,30.573084,-1,5495
104.068286,30.183576,-1,5496
103.908194,30.238503,-1,5497
103.980699,30.618936,-1,5498
103.874915,30.830642,112,5499
103.919092,30.692015,-1,5500
104.09334,30.651306,-1,5501
104.434297,29.596904,-1,5502
103.747719,30.390009,-1,5503
103.996308,30.425367,-1,5504
104.05527,30.598449,-1,5505
104.213713,30.651926,88,5506
104.169043,30.741289,183,5507
103.960174,30.793191,-1,5508
104.07267,30.369148,-1,5509
104.210456,30.762841,-1,5510
103.982152,30.61649,-1,5511
104.184354,30.552698,135,5512
104.285993,30.819203,-1,5513
103.940046,30.61435,65,5514
103.874055,30.774189,-1,5515
104.320587,30.826371,-1,5516
104.109903,30.505041,263,5517
103.776197,30.78003,-1,5518
103.964672,30.636745,86,5519
104.339737,30.700857,-1,5520
104.263396,29.941948,233,5521
104.093128,30.580917,67,5522
103.407706,30.748835,-1,5523
104.052626,30.473121,45,5524
103.889245,30.466644,-1,5525
103.93923,30.687658,-1,5526
102.632829,31.869293,-1,5527
104.379458,31.079082,-1,5528
103.947568,30.010486,-1,5529
103.952317,30.428122,160,5530
103.916589,30.369379,163,5531
103.941867,30.733349,-1,5532
104.512412,30.421166,42,5533
103.998969,30.867716,-1,5534
104.432625,30.966305,-1,5535
104.099645,30.466802,245,5536
103.598632,30.75082,-1,5537
103.995331,30.712767,-1,5538
104.023166,31.376554,-1,5539
103.969653,30.982064,172,5540
104.036368,30.485243,-1,5541
104.081326,30.57749,22,5542
104.104921,30.46403,-1,5543
103.980582,31.073027,-1,5544
103.988637,30.627679,230,5545
104.257411,30.530302,-1,5546
104.366082,30.303853,-1,5547
104.268859,30.643902,-1,5548
104.082706,30.577564,22,5549
104.582205,30.352715,-1,5550
104.077752,30.794978,105,5551
104.054836,30.759206,-1,5552
104.439202,30.980491,-1,5553
103.923464,30.254227,-1,5554
103.973886,31.032151,-1,5555
103.917423,30.684436,94,5556
104.191616,30.790356,156,5557
104.214174,30.607371,-1,5558
103.795764,30.650542,-1,5559
104.161503,30.447382,-1,5560
104.09983,30.459973,226,5561
103.986358,30.778646,-1,5562
103.940258,30.622811,-1,5563
103.670317,30.653443,-1,5564
103.865648,30.52856,-1,5565
104.395224,30.339329,-1,5566
104.401934,30.343232,-1,5567
104.070109,30.725849,6,5568
104.109131,30.391465,-1,5569
104.050099,30.675149,-1,5570
103.951738,30.79028,-1,5571
103.982279,30.784511,14,5572
103.902522,30.658451,16,5573
104.21577,31.638453,-1,5574
103.591159,31.037659,-1,5575
104.448344,30.996277,-1,5576
104.55531,30.352852,31,5577
104.056023,30.847926,77,5578
103.710394,29.091086,-1,5579
103.944413,30.483874,54,5580
103.686346,30.40031,-1,5581
103.537019,30.771251,-1,5582
103.884965,30.388638,199,5583
104.095434,30.790221,-1,5584
104.172335,30.718413,-1,5585
104.520998,30.630068,-1,5586
104.070484,30.749876,-1,5587
104.023707,30.542051,-1,5588
104.22523,30.793805,52,5589
103.914492,30.388469,-1,5590
103.936401,30.613772,29,5591
104.25299,30.273889,-1,5592
103.114908,30.105647,-1,5593
104.113002,30.442945,-1,5594
103.987121,30.216019,-1,5595
104.091291,30.672671,-1,5596
104.418001,30.306908,-1,5597
104.138936,30.01137,-1,5598
103.991318,30.738772,210,5599
104.219858,31.567863,-1,5600
104.148356,30.720217,-1,5601
103.888719,30.499127,-1,5602
104.175645,30.662188,-1,5603
104.597181,30.342338,-1,5604
103.884184,30.373815,-1,5605
103.959658,30.438486,-1,5606
104.323111,30.34217,-1,5607
104.42573,30.354142,-1,5608
103.526998,30.203853,-1,5609
103.8995,31.007604,-1,5610
103.990959,30.419089,-1,5611
103.772113,30.577289,-1,5612
103.833382,30.635516,-1,5613
103.903988,30.683077,-1,5614
103.967526,30.648644,185,5615
104.031828,30.321509,-1,5616
103.666416,30.562098,-1,5617
104.336978,30.910293,-1,5618
104.04432,30.752467,-1,5619
104.393311,30.283614,101,5620
104.093563,30.581586,67,5621
103.927216,29.927798,-1,5622
103.914245,30.675435,129,5623
103.891262,30.77759,128,5624
103.642266,30.943294,48,5625
103.970583,30.649949,85,5626
103.91266,30.824736,1,5627
104.119665,31.027274,-1,5628
104.11451,30.457816,-1,5629
104.118793,30.468964,-1,5630
103.638128,30.258289,-1,5631
104.283949,30.822406,-1,5632
104.007385,30.485366,-1,5633
104.23491,30.646271,4,5634
103.970507,30.649938,85,5635
103.660512,30.971152,-1,5636
103.893025,30.51387,215,5637
103.679681,30.379962,-1,5638
104.279044,29.936973,-1,5639
103.452592,30.374157,71,5640
104.198689,30.582056,229,5641
103.912895,30.824663,1,5642
104.115671,30.608848,-1,5643
103.481708,30.410873,-1,5644
103.935684,30.610271,-1,5645
104.10284,30.533121,-1,5646
104.293812,30.976541,-1,5647
103.18262,30.010564,-1,5648
104.041043,30.706094,-1,5649
103.813451,30.953991,-1,5650
103.952515,30.608171,-1,5651
104.150019,30.400487,-1,5652
104.231398,30.790227,-1,5653
103.904954,30.839822,-1,5654
103.631058,29.781324,-1,5655
103.702017,30.852844,-1,5656
104.254794,30.859166,157,5657
104.044353,30.526456,-1,5658
104.020574,29.139549,50,5659
104.671317,30.055186,-1,5660
103.776698,30.839362,-1,5661
104.397382,30.327755,-1,5662
103.988339,30.627608,230,5663
103.952955,31.009784,-1,5664
103.815863,30.642475,-1,5665
104.038764,30.360082,-1,5666
103.989008,30.418165,-1,5667
104.400141,30.349783,-1,5668
104.662907,31.090812,-1,5669
104.505594,30.485452,-1,5670
104.122169,30.510639,-1,5671
104.044272,30.444992,145,5672
103.841344,30.620339,-1,5673
104.66135,31.091073,-1,5674
104.785597,29.795979,-1,5675
103.88181,30.488259,-1,5676
103.823164,30.663244,-1,5677
103.999227,30.911643,-1,5678
104.215597,30.821208,192,5679
103.922358,30.576446,-1,5680
103.942602,30.33428,-1,5681
103.937879,30.618988,12,5682
103.97118,30.650386,85,5683
104.399101,30.34186,-1,5684
104.01087,30.512016,-1,5685
104.148714,30.401783,-1,5686
104.083321,30.454961,222,5687
104.383267,30.579316,-1,5688
104.093415,30.362212,-1,5689
104.448434,30.857133,-1,5690
103.815006,30.90676,-1,5691
104.116586,30.478635,-1,5692
103.808056,30.660512,-1,5693
104.298886,30.991957,-1,5694
104.188631,30.731806,-1,5695
104.300358,30.245176,-1,5696
103.661038,30.961235,2,5697
104.764389,30.371369,-1,5698
103.811071,30.632226,51,5699
104.455453,30.48709,-1,5700
104.06464,30.179393,20,5701
104.538392,30.660923,-1,5702
103.945965,30.437361,-1,5703
104.172505,30.645862,-1,5704
104.000316,30.618455,-1,5705
104.503732,30.426643,-1,5706
103.780437,30.440394,-1,5707
104.244787,30.645716,46,5708
104.193215,30.74003,-1,5709
104.104295,30.827676,-1,5710
103.97767,30.688249,218,5711
104.218357,30.585833,-1,5712
104.331619,30.89921,-1,5713
104.489558,30.493783,72,5714
104.195156,30.698894,-1,5715
104.591184,30.868099,-1,5716
104.776099,30.887017,-1,5717
104.477287,30.354992,-1,5718
104.152735,30.781696,219,5719
103.647858,30.951642,-1,5720
103.700585,30.397265,-1,5721
104.217688,30.538339,-1,5722
104.973715,29.871188,103,5723
103.925093,30.769687,-1,5724
104.08925,30.520495,-1,5725
103.751173,30.378128,-1,5726
104.321212,30.307202,-1,5727
104.103838,30.48239,-1,5728
103.996672,30.594257,-1,5729
103.90049,30.4756,-1,5730
103.899061,30.615881,-1,5731
104.105947,30.767656,-1,5732
103.981322,30.785267,14,5733
104.239604,30.784948,-1,5734
103.500442,30.168585,-1,5735
104.198442,30.581905,229,5736
104.095803,30.462901,-1,5737
104.202809,30.725913,30,5738
103.962714,30.448284,84,5739
104.595203,31.940201,-1,5740
104.380211,31.009577,-1,5741
104.317281,30.277142,206,5742
104.287487,30.678512,-1,5743
103.868758,30.782498,-1,5744
103.860031,30.301289,89,5745
103.969309,30.366495,155,5746
104.443041,30.843919,-1,5747
104.115321,30.885115,-1,5748
104.148866,30.839567,-1,5749
104.440502,30.714821,-1,5750
104.582897,30.388044,-1,5751
104.328385,30.275863,-1,5752
103.945921,30.93397,-1,5753
104.049849,30.283049,-1,5754
103.984987,30.829617,-1,5755
104.215542,30.649266,-1,5756
104.125223,30.769395,75,5757
104.152899,30.705512,-1,5758
103.808588,30.401543,-1,5759
104.220935,30.638562,33,5760
103.469595,30.392287,-1,5761
104.134858,30.374768,-1,5762
103.989238,30.917687,-1,5763
104.302672,30.874194,-1,5764
103.537126,30.742749,-1,5765
104.125123,30.7692,75,5766
104.008839,30.590534,43,5767
104.125343,30.769507,75,5768
103.970903,30.989096,19,5769
104.379697,30.730626,-1,5770
104.489595,30.493772,72,5771
104.10106,30.789647,-1,5772
104.105592,30.769371,-1,5773
103.948284,30.701002,-1,5774
104.105064,30.539764,-1,5775
104.161774,30.599788,7,5776
104.213532,30.744972,-1,5777
104.00068,30.762889,191,5778
103.969543,30.98202,172,5779
104.183479,30.700608,-1,5780
104.184395,30.783872,-1,5781
103.944153,30.629607,-1,5782
104.195559,30.543881,-1,5783
104.140686,30.372035,-1,5784
104.146274,30.909706,-1,5785
103.880887,30.363053,-1,5786
104.072514,30.312288,-1,5787
104.497453,30.343755,-1,5788
104.343046,30.825959,-1,5789
104.052961,30.44843,-1,5790
103.653535,30.920554,-1,5791
104.060851,30.655965,-1,5792
103.79764,30.645342,-1,5793
103.878496,30.16348,-1,5794
103.818078,30.634106,213,5795
104.689738,30.325977,-1,5796
104.390388,31.063272,-1,5797
103.917296,30.818056,-1,5798
104.152011,30.690719,-1,5799
103.494261,30.749928,-1,5800
104.288741,30.979956,-1,5801
104.109744,30.525015,-1,5802
104.217557,30.69449,-1,5803
103.96584,30.808473,-1,5804
104.139499,30.412085,-1,5805
103.810126,30.690698,-1,5806
103.971197,30.65049,85,5807
103.925768,30.850164,-1,5808
104.20839,30.819534,-1,5809
103.861314,30.803769,131,5810
103.935268,30.905452,83,5811
104.548449,29.49923,-1,5812
103.442402,30.418769,-1,5813
104.062863,30.633339,117,5814
103.824116,30.422785,-1,5815
104.065112,30.179437,20,5816
103.902762,30.658371,16,5817
103.846519,30.428032,-1,5818
103.449529,30.470334,-1,5819
103.872951,30.779184,47,5820
103.915104,30.387882,-1,5821
103.473122,30.76171,-1,5822
103.875929,30.732281,-1,5823
103.715407,30.364623,-1,5824
103.823713,30.466147,-1,5825
104.388846,30.298271,-1,5826
104.177239,30.718863,121,5827
103.888165,31.035471,-1,5828
104.147683,30.708784,-1,5829
103.824096,30.422637,-1,5830
104.308457,30.865177,36,5831
103.902258,30.658375,16,5832
103.936934,30.781551,190,5833
103.8059,30.865045,-1,5834
104.22057,30.573122,-1,5835
104.531214,30.45327,-1,5836
103.661038,30.961235,2,5837
104.037998,30.447087,-1,5838
104.106551,30.507297,154,5839
104.069926,30.768346,69,5840
104.115399,30.378497,-1,5841
104.97439,29.869605,-1,5842
103.661419,30.96107,2,5843
104.242822,30.645719,46,5844
104.0186,30.887934,-1,5845
103.884447,30.423244,-1,5846
103.797535,31.168564,-1,5847
104.818554,29.680193,-1,5848
103.818487,30.907654,-1,5849
103.944958,30.84786,-1,5850
104.110671,30.510758,-1,5851
103.899468,30.634236,-1,5852
104.105437,30.464033,-1,5853
103.682052,30.301688,-1,5854
104.224229,30.48431,-1,5855
104.084831,30.455128,222,5856
104.235924,30.64623,4,5857
104.318495,30.861312,108,5858
104.245393,30.645416,46,5859
103.916914,30.68418,94,5860
103.678635,30.303547,-1,5861
104.078336,30.59811,-1,5862
104.286536,30.678907,-1,5863
102.789756,29.782528,-1,5864
103.661038,30.961235,2,5865
103.536731,30.569817,-1,5866
104.242956,30.64555,46,5867
104.165597,30.575879,-1,5868
103.701361,30.602224,35,5869
104.555467,30.352826,31,5870
103.945641,30.548377,-1,5871
104.195561,31.677313,-1,5872
104.071491,30.725145,6,5873
104.235808,30.646303,4,5874
104.107862,30.507916,154,5875
104.263054,30.666983,-1,5876
104.582205,30.352715,-1,5877
104.080513,30.513405,123,5878
104.326315,30.860176,38,5879
104.319767,30.275546,165,5880
103.94008,30.614207,65,5881
103.505852,30.751503,-1,5882
104.004493,30.521988,-1,5883
103.999143,30.466036,151,5884
103.86183,30.796837,-1,5885
104.18694,30.690633,-1,5886
103.886646,30.588512,-1,5887
104.13477,30.4084,-1,5888
104.21497,30.577779,-1,5889
104.071138,30.725231,6,5890
104.27036,30.728759,-1,5891
104.220768,30.63892,33,5892
104.112214,30.753282,116,5893
103.888245,30.453786,-1,5894
104.140423,30.646093,-1,5895
104.055075,30.763068,-1,5896
104.854521,30.229572,-1,5897
104.20282,30.725913,30,5898
103.93231,30.322273,-1,5899
104.038537,30.857187,-1,5900
103.888073,30.556296,133,5901
104.014289,31.428158,-1,5902
104.387663,31.458277,-1,5903
104.038252,30.709624,-1,5904
103.801388,31.635422,-1,5905
103.85753,30.631124,-1,5906
103.883268,30.420479,-1,5907
103.959848,30.796667,-1,5908
104.555324,30.352728,31,5909
104.177726,30.71893,121,5910
103.916833,30.684019,94,5911
103.981651,30.7853,14,5912
103.887727,30.479655,-1,5913
104.039953,30.764586,-1,5914
103.802252,30.455029,207,5915
103.921685,30.286941,-1,5916
103.68361,30.949757,-1,5917
104.080557,30.656973,-1,5918
104.026866,30.45832,-1,5919
104.263918,29.942016,233,5920
104.05072,30.259658,159,5921
103.964814,30.951804,-1,5922
104.186312,30.552823,135,5923
103.615363,30.734351,-1,5924
104.126078,30.51217,-1,5925
103.398313,30.562011,-1,5926
103.562961,30.746244,-1,5927
104.129167,30.64025,-1,5928
103.936165,30.905548,83,5929
103.600973,31.064918,76,5930
104.576441,30.71788,-1,5931
104.04295,31.047562,-1,5932
104.024797,30.560323,-1,5933
103.602186,30.978485,-1,5934
104.105949,30.464019,-1,5935
103.750696,30.378,-1,5936
104.066186,30.633353,-1,5937
103.940639,30.61417,65,5938
103.999885,30.464302,-1,5939
103.924412,30.860584,-1,5940
104.164495,30.395149,-1,5941
103.482925,30.384022,143,5942
104.226037,30.793207,52,5943
104.071063,30.725123,6,5944
103.465437,30.437693,113,5945
104.089637,30.73882,-1,5946
104.245379,30.707358,-1,5947
104.1441,30.813481,-1,5948
103.654955,30.92702,37,5949
103.690435,30.605288,-1,5950
104.064327,30.492815,-1,5951
104.176731,30.524905,-1,5952
104.082216,30.454626,222,5953
104.19011,30.662379,209,5954
103.962231,30.206667,-1,5955
104.97329,29.870538,103,5956
104.104885,30.81313,-1,5957
104.245393,30.645416,46,5958
103.458386,30.47411,-1,5959
104.46457,30.471431,-1,5960
103.499446,30.569451,-1,5961
104.071416,30.725252,6,5962
103.882818,30.669601,-1,5963
104.032283,30.448224,-1,5964
104.45707,30.352264,-1,5965
104.462408,30.488174,-1,5966
104.086095,30.580238,227,5967
104.37562,30.44673,-1,5968
104.250442,30.579839,-1,5969
104.011422,30.518142,246,5970
104.300989,30.884149,-1,5971
104.117751,30.537593,-1,5972
104.098647,30.462188,-1,5973
104.312477,30.874593,-1,5974
103.91438,30.394196,-1,5975
104.143372,30.465758,95,5976
103.989533,30.596626,-1,5977
104.237663,30.653273,142,5978
104.235278,30.646755,4,5979
103.683059,30.612702,-1,5980
103.884732,30.368659,-1,5981
103.796424,29.43448,-1,5982
104.242556,30.650102,9,5983
103.464063,30.367298,-1,5984
104.159261,30.803447,-1,5985
104.13481,30.62634,-1,5986
104.237691,30.653228,142,5987
104.380198,30.743453,-1,5988
103.720303,30.577497,-1,5989
103.917439,30.663187,-1,5990
104.158814,30.598098,-1,5991
103.687633,30.871819,-1,5992
104.239796,30.818857,-1,5993
104.013226,30.727132,-1,5994
103.617636,30.994546,-1,5995
104.002011,30.88429,228,5996
104.041109,30.593337,195,5997
103.908592,30.543165,139,5998
104.101904,30.534748,-1,5999
104.451152,30.857323,-1,6000
104.14801,30.719077,-1,6001
104.215493,30.821176,192,6002
104.037676,30.507781,-1,6003
104.418001,30.306908,-1,6004
104.082782,30.577792,22,6005
104.224957,30.638746,-1,6006
104.453002,30.825664,-1,6007
103.940096,30.998904,-1,6008
104.392469,31.456238,-1,6009
104.208325,30.524169,27,6010
103.79664,29.434396,-1,6011
103.96937,30.470274,-1,6012
103.943665,30.716995,-1,6013
104.398045,31.008707,-1,6014
103.060349,30.027601,-1,6015
104.336529,30.910176,-1,6016
103.975186,30.470588,-1,6017
104.202407,30.726201,30,6018
104.522166,30.662914,253,6019
104.077054,30.471221,-1,6020
104.439055,30.359527,-1,6021
104.035209,30.450175,-1,6022
104.092138,30.524202,81,6023
104.327376,30.30705,148,6024
103.438405,30.363149,-1,6025
104.241911,30.498635,-1,6026
104.02159,30.544318,-1,6027
103.522863,30.737186,-1,6028
104.018191,30.442285,-1,6029
104.165042,30.658865,176,6030
104.077399,30.684372,-1,6031
104.391056,30.284171,101,6032
103.8873,30.593011,-1,6033
104.157807,30.692716,180,6034
104.494185,30.325763,-1,6035
104.040508,30.706959,-1,6036
103.995701,30.531398,-1,6037
103.111071,29.294447,-1,6038
103.877378,30.562407,-1,6039
104.336319,30.644542,-1,6040
104.049803,30.476725,90,6041
104.063695,30.633352,117,6042
103.449601,30.466767,17,6043
104.334295,30.645771,-1,6044
103.961313,30.934634,212,6045
103.659811,30.923517,-1,6046
102.202138,29.726001,-1,6047
103.918513,30.230601,66,6048
104.415322,30.485777,-1,6049
104.150311,30.616134,179,6050
104.170847,30.614929,15,6051
104.243133,30.649692,9,6052
104.061499,30.419014,236,6053
103.929394,30.699512,-1,6054
103.663053,30.910429,-1,6055
103.442295,30.353517,-1,6056
104.020833,30.548305,-1,6057
104.406787,30.345826,-1,6058
104.088413,30.730539,-1,6059
104.061123,30.419001,236,6060
103.506828,31.435472,-1,6061
104.013286,30.560054,-1,6062
103.722251,31.038042,-1,6063
103.936403,30.666882,-1,6064
103.838321,30.361067,237,6065
104.164854,30.658771,176,6066
104.092389,30.579105,-1,6067
104.020655,30.586268,-1,6068
103.921932,30.963272,-1,6069
104.164391,30.571215,-1,6070
104.070824,30.689715,-1,6071
104.435205,30.600823,-1,6072
104.53808,31.861533,-1,6073
104.091447,30.559649,-1,6074
103.836789,30.321206,-1,6075
104.220768,30.63892,33,6076
104.047706,30.541458,-1,6077
103.496031,30.548486,93,6078
103.662591,30.970475,87,6079
104.149077,30.8392,-1,6080
103.561277,30.748955,140,6081
104.379458,31.079082,-1,6082
104.015012,31.428307,-1,6083
104.296721,30.993486,-1,6084
104.057804,30.60235,-1,6085
103.661533,30.961166,2,6086
103.653332,30.894072,-1,6087
104.080104,30.51379,123,6088
103.949184,30.515641,0,6089
103.498985,30.542806,205,6090
103.709036,30.392418,-1,6091
104.228747,30.692246,-1,6092
104.259409,30.812762,-1,6093
104.476985,30.355345,-1,6094
104.115904,30.585369,82,6095
104.039296,30.225938,97,6096
103.474536,30.431365,-1,6097
103.245519,30.380472,-1,6098
104.203485,30.726026,30,6099
103.934382,30.581586,-1,6100
103.96442,30.637146,86,6101
103.936101,30.9053,83,6102
103.796847,30.387395,-1,6103
104.000853,30.762853,191,6104
103.991861,30.486392,-1,6105
103.875141,30.485379,-1,6106
104.1628,30.665553,-1,6107
104.185502,30.716804,242,6108
104.103185,30.469205,-1,6109
104.132091,30.411389,-1,6110
103.934788,30.548693,-1,6111
104.017803,30.516798,-1,6112
103.985471,31.045909,-1,6113
103.9397,30.422758,-1,6114
104.480044,30.349616,-1,6115
104.190345,30.5141,-1,6116
103.844678,30.012718,-1,6117
104.069602,30.768305,69,6118
104.091341,30.586834,-1,6119
104.09942,30.568784,-1,6120
104.213756,30.575031,-1,6121
104.32706,30.306363,148,6122
104.097251,30.793639,-1,6123
104.052448,30.465753,-1,6124
104.167698,30.618855,-1,6125
104.164597,30.658704,176,6126
103.537232,30.551977,-1,6127
103.674835,30.902547,-1,6128
103.905018,30.24237,-1,6129
103.957074,31.016569,-1,6130
104.226253,30.525622,184,6131
104.348766,30.666835,-1,6132
104.086254,30.672287,-1,6133
103.991154,30.78041,-1,6134
103.532351,31.404624,11,6135
104.268921,30.57908,-1,6136
104.17554,30.787836,254,6137
104.114166,30.750396,70,6138
104.601862,30.123553,-1,6139
104.362249,31.067725,-1,6140
104.419026,30.500979,-1,6141
104.546283,30.360346,-1,6142
104.087092,30.804105,-1,6143
104.185872,30.716163,242,6144
103.933823,30.830057,-1,6145
103.920526,30.29868,-1,6146
104.214835,30.583515,21,6147
103.904238,30.977123,-1,6148
104.170068,30.639814,-1,6149
103.901932,30.834308,169,6150
103.962547,30.813178,-1,6151
104.226268,30.853248,-1,6152
104.703923,30.083713,-1,6153
104.211862,30.747059,-1,6154
103.515375,30.207168,-1,6155
103.917241,30.989109,-1,6156
104.051442,30.757825,-1,6157
103.613866,30.959931,-1,6158
103.832945,30.646761,-1,6159
104.476074,30.350994,-1,6160
104.522235,30.429805,241,6161
103.957027,30.72343,252,6162
104.114879,30.378413,-1,6163
104.261936,30.271959,-1,6164
104.709382,31.015135,-1,6165
104.223571,30.67542,208,6166
104.320249,30.278179,120,6167
103.918227,30.243138,-1,6168
103.824104,30.466125,-1,6169
104.047494,30.426506,3,6170
104.120526,30.596872,-1,6171
103.887739,30.665959,-1,6172
104.298577,30.38829,-1,6173
104.221116,30.639129,33,6174
104.106394,30.523072,-1,6175
104.179866,30.696555,-1,6176
104.633713,30.405882,-1,6177
104.311571,30.298983,26,6178
104.234958,30.64582,4,6179
103.716291,30.622532,-1,6180
104.008001,30.718865,-1,6181
103.680932,30.948201,-1,6182
104.031181,30.448401,-1,6183
104.803997,30.152277,64,6184
104.030639,30.808099,-1,6185
104.14605,31.492663,-1,6186
104.146846,30.661386,-1,6187
103.853287,30.442152,-1,6188
103.496154,30.5486,93,6189
104.064815,30.633001,117,6190
104.226924,30.858816,255,6191
104.62584,30.426927,-1,6192
104.118695,30.757226,44,6193
103.391805,30.734626,-1,6194
104.318797,30.277074,165,6195
104.489725,30.493902,72,6196
103.991186,30.475707,-1,6197
104.096648,30.756593,-1,6198
103.969505,30.981969,172,6199
103.286386,30.163143,-1,6200
104.556411,30.372595,-1,6201
104.261499,30.614789,-1,6202
104.031416,30.799163,-1,6203
103.937611,30.613653,29,6204
103.796559,30.569181,-1,6205
103.832767,30.791432,-1,6206
104.16163,30.599645,7,6207
104.044361,30.449387,-1,6208
104.064446,30.428906,-1,6209
104.242811,30.650605,9,6210
104.020114,30.542507,-1,6211
103.661429,30.960948,2,6212
103.627003,30.474624,-1,6213
104.251779,30.857324,-1,6214
104.214812,30.786505,-1,6215
104.369397,30.294901,-1,6216
103.696728,30.582561,-1,6217
103.938452,30.616453,-1,6218
103.531858,31.405107,11,6219
104.318803,30.27553,165,6220
103.851116,30.437348,161,6221
104.052589,30.467131,-1,6222
104.07301,30.608585,-1,6223
104.489683,30.493883,72,6224
104.162906,30.67403,-1,6225
104.794311,29.73006,-1,6226
104.106151,30.507597,154,6227
104.447833,30.473219,-1,6228
103.848794,30.641466,-1,6229
104.215386,30.578863,-1,6230
104.077809,30.794911,105,6231
103.981628,30.785167,14,6232
104.326714,30.859981,38,6233
104.198695,30.705141,-1,6234
103.821638,30.647314,-1,6235
103.460658,30.748463,-1,6236
104.115379,30.452546,-1,6237
104.142983,30.466017,95,6238
104.363741,30.899133,-1,6239
104.010374,30.517808,246,6240
103.95908,30.649281,178,6241
104.202331,30.738961,-1,6242
103.468656,30.434402,-1,6243
103.46333,30.208075,-1,6244
104.044577,30.444928,145,6245
104.197157,30.787801,-1,6246
104.008516,30.525846,-1,6247
104.391004,30.301057,-1,6248
104.499568,30.428512,-1,6249
104.007197,30.485593,-1,6250
103.936401,30.613772,29,6251
103.535805,30.750176,-1,6252
104.151413,30.775814,-1,6253
104.323791,30.644927,126,6254
103.948887,30.515694,0,6255
104.388127,30.761605,-1,6256
103.879465,30.404427,138,6257
104.177366,30.723728,-1,6258
104.200773,30.55064,-1,6259
103.970828,30.650305,85,6260
103.599299,30.517344,-1,6261
103.848481,30.649919,-1,6262
103.812095,30.632173,51,6263
104.049219,30.653444,-1,6264
103.884146,30.706545,-1,6265
104.1001,30.444015,-1,6266
104.01237,30.727777,-1,6267
103.438293,30.363461,-1,6268
103.810666,30.632065,51,6269
103.955567,31.014276,-1,6270
104.511678,30.618344,-1,6271
104.323376,30.644845,126,6272
103.678038,31.029739,100,6273
104.327612,30.279061,-1,6274
104.085921,30.581139,227,6275
104.114371,30.750234,70,6276
104.555467,30.352362,31,6277
104.08625,30.579359,227,6278
104.329529,30.696492,-1,6279
103.935227,30.905365,83,6280
103.97025,30.650089,85,6281
104.021209,31.305267,-1,6282
103.884652,30.665533,55,6283
104.213902,30.651418,88,6284
104.259549,30.725521,-1,6285
103.837953,30.576483,-1,6286
103.987297,30.423796,-1,6287
103.996271,30.895856,-1,6288
103.980902,31.037908,-1,6289
103.70013,30.403071,-1,6290
104.143841,30.534054,-1,6291
103.870934,30.462276,-1,6292
104.471836,30.862616,-1,6293
103.844818,30.680353,-1,6294
103.980549,31.037607,-1,6295
104.363332,31.067891,-1,6296
104.24306,30.650754,9,6297
104.269806,30.729355,-1,6298
104.144015,30.667455,-1,6299
103.803042,30.497427,-1,6300
104.039563,30.225699,97,6301
103.819164,30.907307,-1,6302
103.801219,31.02627,-1,6303
103.938707,30.504593,-1,6304
103.801609,31.165644,-1,6305
103.963043,30.060918,-1,6306
103.695726,30.653713,-1,6307
104.354676,30.993039,-1,6308
103.525873,30.006952,-1,6309
103.876005,31.066647,-1,6310
104.08064,30.362228,-1,6311
104.34895,30.666787,-1,6312
104.573065,30.687351,-1,6313
104.366722,30.351424,-1,6314
103.467504,30.389193,-1,6315
104.106124,30.766034,-1,6316
104.323585,30.644985,126,6317
104.115852,30.584161,82,6318
103.965063,30.640705,-1,6319
104.474449,30.347345,-1,6320
103.535822,30.588668,-1,6321
104.046293,30.538351,-1,6322
104.187138,30.728909,-1,6323
103.875137,30.8304,112,6324
104.068701,30.692787,-1,6325
103.845043,30.431759,-1,6326
104.174553,30.542291,-1,6327
103.83539,30.344886,-1,6328
104.161614,30.601604,-1,6329
104.434297,29.596954,-1,6330
104.238056,30.652997,142,6331
103.896661,30.824522,-1,6332
103.844878,30.446107,-1,6333
104.065176,30.179389,20,6334
104.366703,30.63857,-1,6335
103.958832,30.639845,-1,6336
104.085697,30.749153,-1,6337
103.414889,31.062226,-1,6338
104.804735,30.1524,64,6339
103.890937,30.776972,128,6340
104.162818,30.556963,99,6341
104.15762,30.80255,-1,6342
104.105413,30.450382,-1,6343
103.948014,30.327296,-1,6344
103.738114,31.015407,-1,6345
104.087679,30.760023,132,6346
104.118657,30.78682,-1,6347
104.582301,30.114757,-1,6348
104.007231,30.687132,-1,6349
104.485748,30.444371,-1,6350
103.792338,30.687544,-1,6351
104.098202,30.459855,-1,6352
104.164495,30.395149,-1,6353
103.859096,30.827814,188,6354
103.866885,30.311995,-1,6355
103.970097,30.653632,-1,6356
104.108031,30.547529,-1,6357
103.969235,30.366449,155,6358
103.875523,30.484849,-1,6359
103.971687,30.457991,-1,6360
103.908211,30.660887,-1,6361
103.904359,30.370025,-1,6362
104.535348,30.440096,-1,6363
103.892277,30.249379,-1,6364
103.983958,30.21911,-1,6365
104.237253,30.723871,109,6366
103.101999,30.07597,-1,6367
103.701627,30.60274,35,6368
103.953438,30.637121,-1,6369
104.31546,30.276576,206,6370
103.902706,30.658425,16,6371
104.120986,30.78591,-1,6372
103.991782,30.886235,-1,6373
104.022141,30.619156,-1,6374
104.08407,30.523237,-1,6375
104.130657,30.964022,-1,6376
104.477294,30.489136,-1,6377
103.998686,30.754573,-1,6378
103.911496,30.630964,60,6379
104.415459,30.992546,-1,6380
104.521399,30.662817,253,6381
104.804125,30.152608,64,6382
104.236686,30.490197,-1,6383
104.048304,30.672451,-1,6384
103.948929,30.538511,-1,6385
104.625851,30.427468,-1,6386
104.055132,30.430487,-1,6387
104.169816,30.712317,-1,6388
103.952565,30.428023,160,6389
103.954838,30.491807,-1,6390
103.859134,30.827336,188,6391
104.044553,30.454938,-1,6392
104.147073,30.624087,-1,6393
103.921146,30.702943,25,6394
103.981883,30.453595,153,6395
103.959286,30.934953,-1,6396
103.952436,30.795666,223,6397
103.936557,30.613969,29,6398
103.940646,30.614222,65,6399
103.754188,31.015017,-1,6400
104.300229,30.389277,-1,6401
103.912755,30.824645,1,6402
103.443941,31.273015,-1,6403
103.943874,30.469638,-1,6404
103.535047,30.747508,-1,6405
103.913857,30.710805,-1,6406
103.678291,31.029766,100,6407
104.310466,30.621179,-1,6408
104.101051,30.516923,-1,6409
103.959125,30.654899,-1,6410
104.043974,30.206058,-1,6411
104.362249,31.067725,-1,6412
104.167319,30.675094,-1,6413
104.064886,30.437629,-1,6414
104.168531,30.741512,183,6415
103.532398,31.404661,11,6416
104.005772,30.52488,-1,6417
103.522575,30.525792,-1,6418
103.492096,30.740754,-1,6419
103.504281,30.573806,-1,6420
103.442299,30.401851,-1,6421
103.719333,30.592519,-1,6422
104.059694,30.652237,-1,6423
103.937473,30.619271,12,6424
104.09308,30.581357,67,6425
103.872552,30.779165,47,6426
103.676126,30.902067,-1,6427
104.224957,30.638746,-1,6428
104.470631,30.510601,-1,6429
103.499459,31.258072,-1,6430
103.516531,30.427965,-1,6431
103.966338,30.568211,-1,6432
104.195388,30.689005,-1,6433
103.499369,30.542218,205,6434
104.181281,30.702366,-1,6435
103.784636,30.886294,-1,6436
103.492616,31.350123,-1,6437
103.890045,30.779562,-1,6438
104.323528,30.645074,126,6439
104.465597,30.493446,-1,6440
104.312269,30.298435,26,6441
104.430496,30.965686,-1,6442
104.036134,30.234412,-1,6443
103.78587,29.631519,-1,6444
104.064327,30.492815,-1,6445
104.203394,30.726009,30,6446
103.73819,30.955701,-1,6447
103.963895,31.055841,-1,6448
104.098508,30.462189,-1,6449
103.777628,30.7436,-1,6450
104.223462,30.675109,208,6451
104.10775,30.507753,154,6452
104.392311,30.284154,101,6453
104.112287,30.512964,-1,6454
103.561055,30.748542,140,6455
104.067778,30.253209,-1,6456
104.093596,30.581576,67,6457
104.205046,30.80975,-1,6458
103.988766,30.561951,-1,6459
103.94009,30.621192,-1,6460
104.345556,30.828542,-1,6461
104.470047,30.599202,-1,6462
104.317121,30.645769,-1,6463
103.438165,30.363545,-1,6464
103.725457,30.577829,130,6465
104.316328,30.276891,206,6466
103.982526,30.638394,-1,6467
104.237331,30.653437,142,6468
104.54591,29.506871,-1,6469
103.936425,30.614202,29,6470
103.861314,30.803769,131,6471
104.213991,30.651459,88,6472
103.602535,30.940216,-1,6473
103.831306,30.632241,-1,6474
103.55297,30.2208,115,6475
104.501579,30.488461,-1,6476
104.017628,30.531491,-1,6477
104.184727,30.716858,242,6478
103.803926,30.667725,-1,6479
103.875032,30.83065,112,6480
103.468656,30.434402,-1,6481
103.451815,30.470089,-1,6482
104.326451,30.860194,38,6483
103.920386,30.802442,-1,6484
103.962231,30.206667,-1,6485
103.603001,30.939645,-1,6486
104.345284,30.828512,-1,6487
104.089704,30.517518,-1,6488
104.233622,30.794019,-1,6489
103.965708,30.614815,-1,6490
104.116066,30.452112,-1,6491
104.073526,30.69596,-1,6492
104.680571,30.051225,-1,6493
104.221074,30.638971,33,6494
104.455134,30.488557,-1,6495
104.428382,31.149826,-1,6496
104.319767,30.275546,165,6497
104.350235,31.046627,-1,6498
103.883681,30.665976,55,6499
104.102565,30.549956,-1,6500
103.538424,30.400444,-1,6501
104.051585,30.188863,-1,6502
104.595931,31.765621,-1,6503
102.716973,29.984132,-1,6504
103.917296,30.818056,-1,6505
103.991318,30.738772,210,6506
103.950681,30.835036,-1,6507
104.177804,29.978619,-1,6508
103.520066,31.420838,-1,6509
104.345765,30.828929,-1,6510
104.501126,30.48715,-1,6511
104.170907,30.615214,15,6512
103.4811,30.383904,-1,6513
104.147872,30.620284,-1,6514
104.967632,29.684032,-1,6515
103.952682,30.999564,220,6516
103.994431,30.423458,-1,6517
103.956533,30.939389,-1,6518
104.051372,30.259066,159,6519
103.936425,30.614202,29,6520
104.280237,30.645798,-1,6521
104.119303,30.639156,-1,6522
104.24262,30.651035,9,6523
103.9525,30.020812,-1,6524
104.411494,30.34462,189,6525
104.339983,30.922917,-1,6526
104.057661,30.419174,-1,6527
104.181076,30.723508,-1,6528
104.05626,30.366892,-1,6529
104.220768,30.63892,33,6530
103.94773,30.67312,-1,6531
103.940046,30.61435,65,6532
103.925795,30.478377,-1,6533
104.093649,30.441895,-1,6534
103.912645,30.824763,1,6535
104.177177,30.723188,-1,6536
104.157157,30.704874,-1,6537
103.9834,30.896424,-1,6538
104.669519,29.504072,238,6539
103.998452,30.573716,-1,6540
104.522777,30.6332,-1,6541
104.1583,30.594535,-1,6542
104.061262,30.844841,-1,6543
104.273624,30.731574,-1,6544
103.902,30.83429,169,6545
103.937459,30.613355,29,6546
103.895797,30.400473,-1,6547
103.892273,30.579355,-1,6548
104.320967,31.116621,-1,6549
104.047089,30.453628,-1,6550
104.160414,30.5568,-1,6551
104.008269,30.719078,-1,6552
103.869085,30.778047,-1,6553
104.069568,30.691888,-1,6554
104.23527,30.64605,4,6555
103.91254,30.63095,60,6556
104.055078,30.64682,-1,6557
104.066515,30.180023,201,6558
102.823508,30.023931,-1,6559
104.118695,30.757226,44,6560
104.1836,30.717231,58,6561
103.55241,30.423199,-1,6562
103.497007,30.558932,-1,6563
103.675149,30.346496,-1,6564
104.108543,30.765478,-1,6565
103.545527,30.589078,-1,6566
103.677938,31.029831,100,6567
104.50968,30.352396,134,6568
104.070362,30.675711,-1,6569
104.160625,30.643181,-1,6570
103.964418,30.460627,-1,6571
104.192521,30.948161,-1,6572
104.007257,30.568714,-1,6573
104.064829,30.632756,117,6574
104.657682,29.496681,-1,6575
104.161443,30.890858,-1,6576
104.046516,30.427696,3,6577
104.305804,30.259586,-1,6578
104.798319,29.738521,-1,6579
104.488868,30.231112,-1,6580
104.337936,30.64549,-1,6581
103.833736,30.635242,-1,6582
104.00178,30.591156,249,6583
103.958821,30.051865,-1,6584
103.937157,30.927676,-1,6585
103.979995,30.202622,-1,6586
104.227427,30.858249,255,6587
103.937633,30.613993,29,6588
104.044773,30.445204,145,6589
104.196261,31.630864,-1,6590
104.333327,30.645431,247,6591
103.709503,30.39418,-1,6592
103.913358,30.630954,60,6593
104.149089,30.659852,256,6594
103.981346,30.785223,14,6595
103.671474,30.895664,-1,6596
104.164848,30.658754,176,6597
104.332789,30.650467,-1,6598
104.019127,29.138972,50,6599
104.117684,30.522331,-1,6600
104.503213,30.503274,-1,6601
104.418523,30.844131,-1,6602
103.835992,30.617614,-1,6603
103.960329,30.654616,-1,6604
103.410684,30.749157,-1,6605
104.420925,30.905931,-1,6606
104.162559,30.66177,-1,6607
104.498955,30.467667,-1,6608
104.535955,30.573537,-1,6609
103.903001,30.824982,-1,6610
103.615503,30.734633,-1,6611
103.536859,30.782908,-1,6612
104.593474,31.767803,-1,6613
104.469042,30.847731,149,6614
104.008477,30.565949,-1,6615
104.55355,30.353213,-1,6616
103.87486,30.465138,-1,6617
103.972995,30.47005,110,6618
104.393067,30.283624,101,6619
103.943027,30.3371,262,6620
103.891006,30.777538,128,6621
104.367339,30.304062,-1,6622
104.603769,30.684702,124,6623
104.463032,30.347409,257,6624
104.047221,30.728441,-1,6625
103.951619,30.661952,-1,6626
104.011389,30.523258,-1,6627
104.100932,30.438846,-1,6628
103.896133,30.666296,49,6629
104.09902,30.853822,-1,6630
104.05082,30.664343,92,6631
104.088796,30.22637,-1,6632
104.18652,30.647375,-1,6633
103.912555,30.404613,-1,6634
103.912822,30.978951,-1,6635
104.168726,30.741551,183,6636
104.221457,30.696205,-1,6637
103.936117,30.905648,83,6638
103.97479,30.53518,-1,6639
104.178737,30.521041,-1,6640
103.903521,30.24608,-1,6641
104.473598,30.486228,-1,6642
103.900517,30.723775,-1,6643
103.62342,31.493805,-1,6644
103.903869,30.538104,-1,6645
104.126634,30.79017,-1,6646
103.653347,30.89399,-1,6647
104.078608,30.563899,-1,6648
104.114297,30.750283,70,6649
104.06642,30.437456,-1,6650
104.114353,30.750231,70,6651
103.861132,30.44529,-1,6652
104.186823,30.535016,-1,6653
104.390186,30.33271,-1,6654
103.873344,30.779276,47,6655
103.879295,30.796066,-1,6656
104.002669,30.504395,-1,6657
104.31546,30.276576,206,6658
104.037533,30.296571,-1,6659
103.897491,30.49121,-1,6660
104.320249,30.278179,120,6661
104.098421,30.532041,-1,6662
103.944821,30.584948,-1,6663
103.936401,30.613772,29,6664
104.254968,30.859723,157,6665
104.522393,30.437961,-1,6666
104.466137,30.343935,-1,6667
104.053651,30.772614,-1,6668
103.696009,30.65339,-1,6669
104.49118,31.049603,-1,6670
103.585547,30.228729,-1,6671
104.294811,30.969386,-1,6672
103.715961,30.406975,-1,6673
104.221583,30.672177,-1,6674
104.529387,30.643107,-1,6675
104.235726,30.646452,4,6676
104.397416,30.757987,-1,6677
103.991138,30.475827,-1,6678
103.897107,30.666969,49,6679
103.942898,30.52433,-1,6680
102.202495,29.683917,-1,6681
104.242863,30.650386,9,6682
103.494675,30.536036,-1,6683
104.198695,30.705141,-1,6684
104.000131,30.520349,-1,6685
103.828085,30.709978,-1,6686
103.935302,30.472292,-1,6687
103.892995,30.513642,215,6688
104.202753,30.725866,30,6689
103.970866,30.649955,85,6690
103.893616,30.478287,-1,6691
103.629823,31.08564,-1,6692
103.958077,30.639721,-1,6693
104.530511,30.433161,-1,6694
103.504359,30.573804,-1,6695
103.479897,30.42775,-1,6696
104.130273,30.671175,231,6697
104.000707,30.431289,-1,6698
104.283621,30.231564,-1,6699
104.242524,30.650819,9,6700
103.886047,30.665991,-1,6701
104.401734,30.343116,-1,6702
103.839872,30.359934,-1,6703
104.326363,30.860378,38,6704
104.054874,30.427337,258,6705
103.977666,30.656144,-1,6706
104.056721,30.256992,-1,6707
103.681767,30.596578,24,6708
103.780028,30.775058,-1,6709
104.368306,30.287199,-1,6710
104.320812,30.327636,-1,6711
104.121747,30.771345,-1,6712
103.820669,30.451944,-1,6713
104.100579,30.469656,-1,6714
103.772406,30.345493,-1,6715
104.216031,30.351628,-1,6716
103.702017,30.852844,-1,6717
103.571223,31.459459,-1,6718
103.814381,30.633054,51,6719
103.535805,30.750176,-1,6720
103.912913,30.824633,1,6721
103.95573,30.54161,-1,6722
103.978081,30.200258,-1,6723
104.044499,30.455121,-1,6724
104.262094,30.271988,-1,6725
104.155248,30.996676,-1,6726
104.179588,30.690812,-1,6727
104.370263,30.913244,-1,6728
104.345501,30.828507,-1,6729
104.105979,30.765781,-1,6730
103.975128,30.408699,-1,6731
104.044218,30.447005,145,6732
104.501166,30.480522,-1,6733
104.181662,30.71761,58,6734
104.229899,30.789019,-1,6735
103.937839,30.618926,12,6736
103.61158,30.519865,-1,6737
104.075062,30.626141,-1,6738
103.661593,30.38562,-1,6739
103.799062,30.649233,-1,6740
104.020153,29.139712,50,6741
104.48232,30.491653,-1,6742
104.061889,30.419007,236,6743
104.112505,30.753001,116,6744
104.109358,30.508246,-1,6745
104.05447,30.849269,-1,6746
104.069908,30.821016,-1,6747
104.018918,29.138974,50,6748
103.561446,29.701885,-1,6749
104.11085,30.509657,-1,6750
103.243293,30.538894,-1,6751
103.875421,30.484789,-1,6752
103.936468,30.613864,29,6753
104.224855,30.794008,52,6754
104.075508,30.510604,-1,6755
104.118439,30.757128,44,6756
104.598645,30.701059,-1,6757
103.876614,30.500769,-1,6758
104.498955,30.467667,-1,6759
103.670404,30.426367,-1,6760
104.112505,30.753001,116,6761
104.109705,31.076362,-1,6762
103.66493,30.901095,-1,6763
104.051879,30.670038,-1,6764
104.109439,30.508352,-1,6765
103.962387,30.816636,-1,6766
104.886966,30.171812,-1,6767
103.883619,30.665924,55,6768
103.900269,30.783788,-1,6769
103.88614,30.590075,-1,6770
103.91691,30.397875,248,6771
104.102683,30.420226,-1,6772
104.003886,30.606143,111,6773
104.138921,30.647048,-1,6774
104.198601,30.739424,-1,6775
104.107098,30.394652,-1,6776
104.313173,30.945228,-1,6777
104.128012,30.682031,-1,6778
104.09322,30.581401,67,6779
103.725157,30.332015,-1,6780
103.490921,30.224822,-1,6781
103.694591,30.420556,-1,6782
103.958807,30.649593,178,6783
103.959768,30.79605,-1,6784
104.554654,30.353909,31,6785
103.976935,30.624844,-1,6786
104.129863,30.688707,-1,6787
104.104909,30.464263,-1,6788
103.713809,30.526308,74,6789
104.750724,29.862646,-1,6790
104.069758,30.767998,69,6791
104.055449,30.387322,-1,6792
103.861374,30.803828,131,6793
104.212711,30.829271,-1,6794
104.043496,30.446786,145,6795
103.57829,30.618934,-1,6796
104.397382,30.327755,-1,6797
104.387914,30.761609,-1,6798
103.98233,30.465174,-1,6799
103.91744,30.742711,-1,6800
104.226279,30.671981,-1,6801
104.058998,30.648521,-1,6802
104.144501,30.813327,-1,6803
104.077183,30.374572,-1,6804
103.888365,30.583477,-1,6805
103.967353,30.648207,185,6806
103.517034,30.391975,-1,6807
104.20282,30.725869,30,6808
104.115952,30.584493,82,6809
104.080699,30.816833,-1,6810
103.949638,30.921923,-1,6811
104.534738,30.722661,-1,6812
103.902274,30.658407,16,6813
104.366487,30.306666,-1,6814
104.10944,30.541588,-1,6815
104.512645,30.350907,-1,6816
103.452309,30.748598,-1,6817
103.891035,30.77772,128,6818
104.276706,30.23233,-1,6819
103.50812,29.49272,-1,6820
103.716564,30.631395,-1,6821
103.892939,30.447145,-1,6822
104.018121,30.40546,-1,6823
103.936765,30.634503,-1,6824
104.202909,30.725957,30,6825
104.179613,30.619537,-1,6826
104.57198,30.687145,-1,6827
104.166103,30.712357,10,6828
103.790448,29.636083,198,6829
103.911732,30.634456,-1,6830
103.916833,30.684019,94,6831
104.142062,30.824661,-1,6832
104.669615,29.504088,238,6833
104.161583,30.599471,7,6834
103.952164,30.428106,160,6835
104.16833,30.741692,183,6836
104.049355,31.247756,-1,6837
104.496442,30.467025,-1,6838
104.214509,30.583455,21,6839
104.215528,30.780945,-1,6840
103.973804,30.621869,-1,6841
103.970971,30.650368,85,6842
104.49271,30.325727,68,6843
104.113641,30.40952,-1,6844
104.020387,29.139581,50,6845
104.018193,30.442548,-1,6846
104.222305,30.66881,-1,6847
104.242556,30.650102,9,6848
103.150269,30.113655,-1,6849
104.186765,30.552931,135,6850
104.071155,30.542387,-1,6851
103.912646,30.824911,1,6852
103.872218,30.654308,-1,6853
104.177465,30.718712,121,6854
103.917514,30.684463,94,6855
104.229065,30.789628,-1,6856
103.654806,30.927025,37,6857
102.805151,30.277835,-1,6858
103.833586,30.350274,-1,6859
104.176258,30.715366,53,6860
104.16165,30.698087,-1,6861
104.108168,30.545793,171,6862
104.008952,30.764538,232,6863
103.863175,30.665376,-1,6864
104.110199,30.585628,-1,6865
104.390929,30.29869,104,6866
104.32307,30.713016,-1,6867
104.072501,30.351095,-1,6868
103.917102,30.386484,-1,6869
103.80215,30.455636,207,6870
104.053915,30.466372,-1,6871
104.226294,30.725046,-1,6872
103.805029,30.431342,-1,6873
104.084502,30.577965,22,6874
104.973715,29.871222,103,6875
103.801609,31.165644,-1,6876
104.052684,30.677099,-1,6877
104.003394,30.734972,-1,6878
104.157209,30.853552,-1,6879
103.804995,30.431287,-1,6880
103.998771,30.576091,-1,6881
103.865712,30.52851,-1,6882
104.001915,30.884294,228,6883
104.291821,30.967263,-1,6884
103.687579,30.616457,-1,6885
104.098381,30.792956,-1,6886
104.187324,30.729194,-1,6887
104.255135,30.471571,-1,6888
103.935746,30.905565,83,6889
104.332746,30.632245,-1,6890
103.962053,30.371317,-1,6891
104.116218,30.419094,186,6892
104.203805,30.726162,30,6893
104.056277,30.366868,-1,6894
104.11027,30.616712,-1,6895
104.226405,30.524532,184,6896
104.465145,30.473196,-1,6897
104.049654,30.476866,90,6898
104.526504,30.430977,-1,6899
104.203704,30.740718,-1,6900
103.845266,30.541843,-1,6901
104.146274,30.909706,-1,6902
104.097363,30.450204,-1,6903
104.471836,30.862616,-1,6904
104.164535,30.658662,176,6905
104.154734,30.729081,193,6906
103.930371,30.32189,-1,6907
103.883619,30.665924,55,6908
104.017313,30.845778,-1,6909
104.023249,30.732012,-1,6910
104.155637,30.446326,-1,6911
104.099598,30.467136,245,6912
104.050629,30.663608,92,6913
103.96634,30.659836,-1,6914
104.143148,30.411689,-1,6915
104.191669,30.741669,225,6916
104.302636,30.316768,-1,6917
104.11928,30.605703,-1,6918
103.771938,30.774879,-1,6919
103.533045,30.572521,-1,6920
104.05737,30.255545,-1,6921
104.076696,30.801225,-1,6922
104.183813,31.022031,-1,6923
104.495674,30.417848,-1,6924
104.194372,30.689064,-1,6925
104.466137,30.343935,-1,6926
103.662591,30.970475,87,6927
104.49995,30.428804,-1,6928
104.224483,30.484362,-1,6929
103.881378,31.087628,-1,6930
103.897264,30.836212,102,6931
103.869132,30.462665,-1,6932
104.317998,30.713435,-1,6933
104.489595,30.493772,72,6934
103.185904,30.012158,-1,6935
103.991939,30.421392,-1,6936
103.993256,30.923828,-1,6937
104.033737,30.465344,224,6938
103.994769,30.468936,-1,6939
104.07487,30.645883,-1,6940
103.971836,30.78384,-1,6941
103.701677,30.602624,35,6942
103.968341,30.668979,-1,6943
104.040715,30.467256,-1,6944
103.825189,30.447059,-1,6945
103.916302,30.369272,163,6946
103.90297,30.658503,16,6947
104.255692,30.578238,-1,6948
104.329972,30.327005,-1,6949
104.37694,30.991353,-1,6950
103.89579,30.842141,-1,6951
104.210401,30.675905,-1,6952
104.488623,30.459614,259,6953
104.242811,30.650605,9,6954
103.678474,31.029863,100,6955
104.167149,30.608616,-1,6956
103.932545,30.810209,-1,6957
103.496171,30.548603,93,6958
104.113946,30.657529,-1,6959
104.140233,30.827408,-1,6960
104.165354,30.658662,176,6961
103.937139,30.613452,29,6962
104.024309,31.37419,-1,6963
104.149077,30.8392,-1,6964
103.977523,30.688358,218,6965
103.857257,30.811716,-1,6966
103.879446,30.798342,-1,6967
104.135169,30.805836,235,6968
104.235537,30.646968,4,6969
104.267889,30.650139,173,6970
104.413432,30.944923,-1,6971
104.365831,30.857226,125,6972
103.45929,30.378667,-1,6973
104.234947,30.646201,4,6974
103.98158,30.785381,14,6975
103.680458,30.874158,-1,6976
103.716033,30.574956,-1,6977
104.0036,30.482958,-1,6978
104.225749,30.790734,52,6979
104.172375,30.710233,-1,6980
104.307592,30.264893,-1,6981
104.226405,30.524532,184,6982
103.798398,31.166816,-1,6983
104.053514,30.458819,-1,6984
103.512121,30.254023,-1,6985
103.920977,30.966582,-1,6986
103.959822,30.164644,-1,6987
104.125338,30.769505,75,6988
104.024352,30.561642,-1,6989
104.098499,30.884361,73,6990
104.356803,30.349307,-1,6991
104.015179,30.52744,-1,6992
103.65527,30.926939,37,6993
104.319277,30.861036,108,6994
104.101173,30.426465,-1,6995
104.236804,30.724391,109,6996
103.976246,30.442819,-1,6997
104.041116,30.593562,195,6998
103.441205,30.382843,-1,6999
104.022627,30.522477,-1,7000
103.588689,30.389996,-1,7001
104.584726,30.355151,-1,7002
104.020461,30.435572,-1,7003
103.96078,31.014142,-1,7004
104.050681,30.664841,92,7005
104.380198,30.743453,-1,7006
103.856209,30.784985,-1,7007
103.452304,30.374208,71,7008
103.919572,30.242013,-1,7009
103.602831,30.902824,-1,7010
102.202495,29.683917,-1,7011
104.22885,30.85398,-1,7012
104.522454,30.437985,-1,7013
104.364955,30.360639,-1,7014
103.851039,30.820321,96,7015
104.27586,30.636034,-1,7016
104.185451,30.533323,-1,7017
103.67311,30.525568,-1,7018
104.235464,30.64668,4,7019
104.000189,30.52035,-1,7020
103.463281,30.749393,-1,7021
104.536246,30.705265,-1,7022
103.897345,30.836416,102,7023
104.326371,30.86051,38,7024
104.220742,30.639235,33,7025
104.061466,30.677893,-1,7026
103.973282,30.800402,146,7027
103.96507,30.950154,-1,7028
104.223782,30.566432,175,7029
104.014517,30.766606,-1,7030
104.0563,30.428152,-1,7031
104.538452,30.582075,-1,7032
104.462386,31.234167,-1,7033
103.527455,31.415488,59,7034
103.981638,30.785166,14,7035
104.131984,30.395915,-1,7036
104.087753,30.749203,-1,7037
104.055808,30.457366,-1,7038
103.636916,30.956848,-1,7039
103.963147,30.448035,84,7040
104.071491,30.72514,6,7041
103.437758,30.617201,-1,7042
104.762184,30.615541,-1,7043
104.349996,30.555425,-1,7044
104.244638,30.645439,46,7045
104.464666,30.471382,-1,7046
104.06109,30.419286,236,7047
104.148009,30.472575,-1,7048
104.266137,30.873849,-1,7049
103.918893,30.72736,-1,7050
103.492897,29.976734,-1,7051
104.730721,30.637691,-1,7052
103.996848,31.140841,-1,7053
103.482911,30.384117,143,7054
103.974838,30.969538,-1,7055
104.0541,30.597885,-1,7056
104.039871,30.582611,-1,7057
103.95274,30.795849,223,7058
104.007811,30.453251,-1,7059
104.315801,30.272225,-1,7060
103.859134,30.827822,188,7061
104.203802,30.725976,30,7062
103.731804,30.333398,-1,7063
103.689765,31.045825,-1,7064
104.237224,30.723937,109,7065
104.603769,30.685136,124,7066
103.957916,30.438971,-1,7067
104.107636,30.943873,-1,7068
103.887273,30.528869,23,7069
103.838368,30.360772,237,7070
103.499135,30.542279,205,7071
104.583969,30.34065,-1,7072
103.749967,31.196442,-1,7073
104.28184,30.721666,-1,7074
103.780811,30.407219,-1,7075
104.028594,31.038777,-1,7076
104.497567,30.469484,-1,7077
103.997698,30.427982,-1,7078
104.059762,30.650633,-1,7079
104.066886,30.6257,-1,7080
103.892954,30.513957,215,7081
104.083176,30.577533,22,7082
104.064036,30.598391,-1,7083
104.320417,30.278198,120,7084
104.326516,30.860094,38,7085
104.513191,30.420109,-1,7086
104.405526,30.469707,-1,7087
103.681772,30.893489,-1,7088
104.144009,30.53392,-1,7089
104.283831,30.815283,-1,7090
104.669391,29.504138,238,7091
104.598781,30.701209,-1,7092
103.887998,30.665621,-1,7093
103.945301,30.467502,-1,7094
103.923234,30.717338,13,7095
103.812693,30.632513,51,7096
104.106699,30.644996,-1,7097
104.536973,30.353041,-1,7098
103.927093,30.699194,-1,7099
102.968717,29.979356,-1,7100
104.04912,30.47034,-1,7101
103.886781,30.820367,-1,7102
104.06616,30.674454,-1,7103
103.967693,30.585972,91,7104
104.058866,30.720237,-1,7105
104.001465,30.597834,-1,7106
104.077121,30.794671,105,7107
104.236448,30.646681,4,7108
103.800388,30.639331,-1,7109
103.989317,30.596528,-1,7110
104.488792,30.493471,72,7111
104.323666,30.644937,126,7112
104.293919,30.572499,-1,7113
103.704192,30.799154,-1,7114
103.559906,30.548819,-1,7115
103.913773,30.235667,-1,7116
104.584661,30.117574,-1,7117
104.425935,30.605033,-1,7118
104.221164,30.638427,33,7119
103.920982,30.686984,-1,7120
104.070484,30.749876,-1,7121
104.348258,30.615368,-1,7122
104.321075,30.281315,-1,7123
103.226602,30.255769,-1,7124
103.984221,30.829756,-1,7125
103.280649,30.164667,-1,7126
104.282977,29.622661,-1,7127
103.68273,30.463217,-1,7128
104.077585,30.794752,105,7129
104.081359,30.454613,-1,7130
104.364867,30.303948,-1,7131
104.525193,30.636697,-1,7132
104.596039,30.717703,-1,7133
103.496171,30.548603,93,7134
103.953186,30.451684,-1,7135
103.790145,29.636333,198,7136
104.135271,30.40383,-1,7137
103.976093,30.456137,-1,7138
104.377854,30.313347,-1,7139
104.318724,30.27526,165,7140
102.702921,29.97221,-1,7141
104.198673,30.582004,229,7142
103.940471,30.662088,-1,7143
103.884732,30.368659,-1,7144
103.887966,30.660709,-1,7145
103.549387,30.550101,-1,7146
103.278852,30.164717,-1,7147
104.071961,30.253842,-1,7148
103.98856,30.627726,230,7149
103.960209,30.362586,167,7150
104.115377,30.418239,186,7151
104.671317,30.055186,-1,7152
104.199736,31.632092,-1,7153
104.076648,30.800406,-1,7154
103.880018,30.404419,138,7155
103.469587,30.392203,-1,7156
103.460905,30.998125,-1,7157
104.027009,30.514997,-1,7158
104.185852,30.715955,242,7159
103.865356,30.602831,-1,7160
103.922731,30.716798,13,7161
104.473598,30.486228,-1,7162
104.580128,30.368211,-1,7163
104.242502,30.650188,9,7164
103.896153,30.666106,49,7165
104.059554,30.416582,-1,7166
103.060967,30.027984,-1,7167
103.91433,30.67731,-1,7168
104.215229,30.820926,192,7169
104.109289,30.464164,214,7170
104.388886,30.296023,-1,7171
104.051744,30.665986,-1,7172
104.235526,30.647,4,7173
103.902561,30.631471,-1,7174
103.985471,31.045909,-1,7175
103.983604,30.219759,-1,7176
104.021928,29.138266,-1,7177
103.946225,30.485728,-1,7178
104.072694,30.269148,-1,7179
104.804037,30.151943,64,7180
104.332575,30.756184,-1,7181
104.071647,30.248754,-1,7182
104.49118,31.049603,-1,7183
104.079276,30.513205,123,7184
103.68556,31.022208,-1,7185
104.391857,30.299758,104,7186
104.101637,30.459138,-1,7187
104.165045,30.658734,176,7188
103.837275,30.353052,-1,7189
103.985305,30.219149,-1,7190
103.701732,30.602412,35,7191
104.291979,30.87778,-1,7192
104.005759,30.537573,-1,7193
103.886625,30.528402,23,7194
104.177748,29.978903,-1,7195
104.169327,30.741202,183,7196
103.77168,29.472053,-1,7197
104.24983,31.01938,-1,7198
103.51387,30.254625,-1,7199
103.237193,30.379664,-1,7200
104.164655,30.65863,176,7201
104.165005,30.548988,-1,7202
104.387124,30.293169,-1,7203
103.921093,30.540357,-1,7204
104.181198,30.703371,-1,7205
104.082591,30.564676,-1,7206
104.050028,30.476824,90,7207
104.173477,30.727397,-1,7208
104.574416,30.685967,-1,7209
104.185664,30.684698,-1,7210
104.393174,30.755966,-1,7211
104.235885,30.646891,4,7212
104.235848,30.64684,4,7213
104.01564,30.726794,-1,7214
103.654319,30.666085,-1,7215
103.999392,30.465957,151,7216
104.005801,30.515388,-1,7217
103.733025,30.585411,-1,7218
104.195002,31.677798,-1,7219
104.226189,30.524982,184,7220
104.319767,30.275546,165,7221
103.967112,30.648148,185,7222
104.060514,31.245355,8,7223
103.681976,30.596658,24,7224
104.023423,30.556617,-1,7225
103.922147,30.927069,-1,7226
104.196894,30.737996,-1,7227
103.901211,30.834659,169,7228
103.688098,30.940644,-1,7229
103.952196,30.432275,-1,7230
104.501028,30.473763,63,7231
103.495298,30.749342,-1,7232
103.957028,30.723402,252,7233
104.224309,30.484487,-1,7234
104.461353,30.606555,-1,7235
104.287368,30.677688,-1,7236
103.988365,30.215055,-1,7237
104.220745,30.695717,-1,7238
103.733063,30.330207,-1,7239
104.22047,30.695577,-1,7240
103.885887,31.028538,-1,7241
103.825116,30.581681,-1,7242
104.700589,31.00323,-1,7243
104.105048,30.586891,141,7244
103.652779,30.666949,-1,7245
104.070689,30.671057,-1,7246
103.465216,30.438391,113,7247
104.018731,30.652041,-1,7248
104.107296,30.56326,-1,7249
103.45692,30.387364,-1,7250
104.137919,30.647369,-1,7251
104.07213,30.304805,-1,7252
103.713859,30.5263,74,7253
104.190459,30.662501,209,7254
103.917322,30.684428,94,7255
104.23981,30.597934,-1,7256
103.80044,31.031357,-1,7257
104.851739,30.517556,-1,7258
103.489803,30.184612,-1,7259
103.495787,30.416407,-1,7260
103.887182,30.428555,-1,7261
103.500387,30.554725,-1,7262
104.106331,30.587287,141,7263
103.286851,30.162816,-1,7264
103.922413,30.867318,-1,7265
103.536621,30.563623,-1,7266
103.939327,30.617123,-1,7267
103.688682,31.017289,-1,7268
104.515098,30.620801,-1,7269
104.052945,30.467502,-1,7270
103.957286,30.647411,-1,7271
103.604389,30.827354,-1,7272
104.628095,31.175134,-1,7273
103.8076,29.677599,-1,7274
103.950605,30.018735,-1,7275
103.912958,30.824625,1,7276
104.448505,30.995796,-1,7277
104.255135,30.471571,-1,7278
104.028119,30.450533,158,7279
104.095906,30.649634,-1,7280
103.696455,30.582569,-1,7281
103.988764,30.628093,230,7282
103.953672,30.65619,265,7283
104.20817,30.524455,27,7284
103.452308,30.474979,-1,7285
103.920169,30.792386,-1,7286
104.003725,30.606468,111,7287
104.584661,30.117574,-1,7288
104.213856,30.867244,-1,7289
103.690196,30.40191,-1,7290
104.224957,30.638746,-1,7291
103.910008,30.544453,62,7292
104.226665,30.79253,52,7293
104.411494,30.34462,189,7294
104.554907,30.676175,-1,7295
103.788374,31.03584,-1,7296
103.51693,30.391949,-1,7297
103.861204,30.803849,131,7298
104.20778,30.615689,-1,7299
104.333906,30.645961,247,7300
104.218471,30.655805,28,7301
104.045142,30.206386,-1,7302
103.917296,30.818056,-1,7303
103.591687,30.964716,-1,7304
104.140282,30.412055,-1,7305
104.087757,30.689055,-1,7306
103.459909,30.74697,5,7307
103.494181,29.975212,-1,7308
104.009682,30.744353,-1,7309
104.201396,30.739153,-1,7310
103.959585,30.438164,-1,7311
104.083509,30.451503,-1,7312
104.390529,31.062906,-1,7313
103.921146,30.702943,25,7314
104.107997,30.420568,-1,7315
104.4989,30.47737,-1,7316
104.120432,30.773134,164,7317
104.20773,30.703768,-1,7318
104.202671,30.725977,30,7319
104.326366,30.860213,38,7320
104.456283,30.475501,-1,7321
104.099945,30.459733,226,7322
104.163028,30.699623,-1,7323
103.989346,30.820709,-1,7324
104.103053,30.458947,-1,7325
104.051467,30.777476,-1,7326
104.04404,30.445527,145,7327
104.062748,31.245397,-1,7328
103.95068,30.018775,-1,7329
103.972425,30.661302,-1,7330
103.92167,30.233799,-1,7331
103.881717,30.204911,-1,7332
103.961292,30.436856,-1,7333
103.96007,30.152258,234,7334
103.987109,30.509248,-1,7335
103.851188,30.437198,161,7336
103.998339,30.253105,200,7337
104.476792,30.348308,-1,7338
103.669535,30.367622,-1,7339
103.826009,30.658434,-1,7340
104.366895,30.291881,-1,7341
103.481188,30.383838,-1,7342
103.785966,30.602538,-1,7343
104.107362,30.394238,-1,7344
103.678195,31.029904,100,7345
103.967184,30.648018,185,7346
103.514891,29.268374,-1,7347
103.527407,31.415438,59,7348
102.786133,30.397784,-1,7349
103.992764,30.747913,-1,7350
104.555427,30.352826,31,7351
104.0699,30.768575,69,7352
104.165836,30.576036,-1,7353
103.763097,30.040665,-1,7354
103.804995,30.431281,-1,7355
104.062518,30.438353,168,7356
104.224129,30.56623,175,7357
104.18279,30.717395,58,7358
104.234697,30.646011,4,7359
104.022572,30.618646,-1,7360
103.737904,30.511101,-1,7361
104.049279,30.478692,-1,7362
104.041198,30.593347,195,7363
104.157769,30.692033,180,7364
103.940096,30.998904,-1,7365
103.884669,30.388736,199,7366
104.309449,30.708117,-1,7367
103.96316,30.656217,-1,7368
104.178207,30.727917,-1,7369
103.93627,30.916739,-1,7370
104.119765,30.774116,-1,7371
104.244538,30.645464,46,7372
103.809174,30.606043,-1,7373
104.076038,30.239188,-1,7374
104.047241,30.427551,3,7375
103.701626,30.60274,35,7376
103.873368,30.779164,47,7377
104.252038,30.653668,-1,7378
104.040715,30.467256,-1,7379
103.937684,30.619033,12,7380
104.110045,30.508767,-1,7381
104.466327,30.485224,-1,7382
104.061863,30.728483,-1,7383
104.20535,30.631498,-1,7384
103.792338,30.687544,-1,7385
103.886074,30.665954,-1,7386
104.354064,30.43565,-1,7387
103.988812,30.818812,-1,7388
104.509703,30.508246,-1,7389
103.972475,30.623529,137,7390
103.921951,30.686542,-1,7391
104.116616,30.58005,-1,7392
103.961615,30.643404,-1,7393
103.849851,30.369147,-1,7394
103.9228,30.716837,13,7395
103.917421,30.742709,-1,7396
103.969637,30.366337,155,7397
104.320225,30.279231,120,7398
104.076322,30.7809,-1,7399
104.210995,30.667022,-1,7400
104.418863,30.951944,-1,7401
104.019709,30.726421,-1,7402
104.319913,30.304165,-1,7403
103.492548,31.349872,-1,7404
104.099601,30.438088,-1,7405
104.222221,30.834918,-1,7406
104.194916,30.689208,-1,7407
104.104885,30.81313,-1,7408
103.497269,30.567255,-1,7409
104.249004,30.77235,118,7410
104.316143,30.302257,251,7411
104.084987,30.496319,-1,7412
104.574754,30.686139,-1,7413
104.186462,30.662383,-1,7414
103.476558,30.520051,-1,7415
103.884663,30.423764,-1,7416
103.96135,30.644929,-1,7417
104.296872,30.234373,-1,7418
104.242556,30.650102,9,7419
104.475824,30.42753,-1,7420
104.439069,30.359773,-1,7421
104.075829,30.767049,-1,7422
104.493929,31.32961,-1,7423
103.917808,30.811811,-1,7424
103.557556,30.507544,-1,7425
104.200869,30.70036,-1,7426
103.875168,30.830468,112,7427
103.916301,30.369213,163,7428
103.796833,30.61935,-1,7429
103.981429,30.785472,14,7430
104.23408,30.647787,4,7431
104.000692,30.470861,-1,7432
103.850111,30.665803,-1,7433
103.897338,30.666912,49,7434
103.498759,30.54256,205,7435
103.713222,30.822684,-1,7436
103.987893,30.624363,-1,7437
103.654806,30.927025,37,7438
104.92259,30.277252,-1,7439
104.061665,30.493045,-1,7440
104.326678,30.286305,-1,7441
103.795188,30.446835,-1,7442
103.662687,30.970771,87,7443
103.945995,30.939494,-1,7444
104.035787,30.661766,-1,7445
104.163129,30.657085,-1,7446
103.833736,30.635242,-1,7447
104.005951,30.633817,-1,7448
104.106951,30.491742,196,7449
104.043977,30.446781,145,7450
103.916589,30.369315,163,7451
103.93499,30.607465,-1,7452
103.966935,30.648336,185,7453
103.605119,31.065135,-1,7454
103.585664,30.759095,-1,7455
104.074805,30.658638,-1,7456
103.905414,30.810404,181,7457
104.598973,30.870981,-1,7458
104.081265,30.531403,-1,7459
103.977019,30.469515,-1,7460
104.214517,30.821493,192,7461
104.093794,30.561541,-1,7462
103.876281,30.500854,-1,7463
104.20498,30.687841,-1,7464
103.678676,30.303547,-1,7465
104.386614,30.301616,-1,7466
103.876512,30.669917,-1,7467
104.023327,30.859848,-1,7468
104.250186,30.579823,-1,7469
104.031994,30.461716,-1,7470
104.188253,30.765804,-1,7471
104.990091,29.542271,-1,7472
103.978038,30.689073,218,7473
104.115171,30.971616,-1,7474
104.230186,30.872123,-1,7475
103.890336,30.343803,-1,7476
103.746569,30.34286,-1,7477
104.382437,30.639407,-1,7478
104.042875,30.467252,-1,7479
104.034869,30.715733,-1,7480
104.010948,30.520107,-1,7481
103.993093,30.74543,-1,7482
104.076238,30.755749,-1,7483
103.949114,31.015113,-1,7484
103.837801,30.315101,-1,7485
104.004507,30.515389,-1,7486
103.813078,30.632795,51,7487
104.08822,30.760081,132,7488
103.715216,30.596083,-1,7489
104.226568,30.861882,-1,7490
104.326612,30.860377,38,7491
103.947902,30.327214,-1,7492
104.327308,30.307331,148,7493
104.086459,30.758867,132,7494
104.484433,30.445521,-1,7495
104.3234,30.342958,-1,7496
103.913572,30.993858,-1,7497
104.422228,31.01081,-1,7498
104.224855,30.794008,52,7499
103.838048,30.899197,-1,7500
103.497266,30.567061,-1,7501
103.946387,30.920842,-1,7502
103.908597,30.242465,-1,7503
104.105496,30.587317,141,7504
104.555427,30.352826,31,7505
103.890941,31.020457,-1,7506
104.058613,30.426951,-1,7507
104.106668,30.770921,-1,7508
103.504836,30.725265,-1,7509
104.041964,30.744638,-1,7510
104.504735,30.364092,-1,7511
103.060349,30.027601,-1,7512
103.701765,30.602332,35,7513
104.323781,30.645135,126,7514
104.136478,30.416761,-1,7515
104.097001,30.758803,-1,7516
103.341059,30.122699,-1,7517
104.19405,30.738196,-1,7518
104.076511,30.790744,-1,7519
104.252649,30.539825,-1,7520
104.415644,30.871596,-1,7521
104.162665,30.67874,-1,7522
103.946323,30.552711,-1,7523
104.048284,30.429144,-1,7524
104.136493,30.592344,-1,7525
103.800356,30.830919,-1,7526
103.670317,30.653443,-1,7527
103.498743,30.54256,205,7528
104.231666,30.639398,-1,7529
103.683936,30.302509,-1,7530
104.323801,30.644798,126,7531
104.297555,30.306611,-1,7532
103.969504,30.981846,172,7533
104.00667,30.52325,-1,7534
104.203284,30.726131,30,7535
104.201103,30.733829,78,7536
104.203535,30.72632,30,7537
103.787759,30.670056,-1,7538
104.224038,30.675148,208,7539
103.491751,30.540066,-1,7540
103.874048,30.417296,57,7541
104.232004,30.794102,-1,7542
103.415658,30.754297,-1,7543
104.389221,29.739316,-1,7544
104.056111,30.847816,77,7545
104.453075,30.486754,-1,7546
104.080699,30.816833,-1,7547
103.964659,30.637327,86,7548
104.165005,30.548988,-1,7549
104.755331,30.628514,-1,7550
104.667137,30.070496,-1,7551
103.614246,30.964461,-1,7552
104.175371,30.441371,-1,7553
103.500387,30.554725,-1,7554
103.958013,30.61624,-1,7555
104.211302,30.569014,-1,7556
104.102055,30.784362,-1,7557
104.203168,30.74779,-1,7558
104.634082,30.407116,-1,7559
103.55266,30.53114,-1,7560
104.397617,30.824157,-1,7561
104.023461,30.506284,-1,7562
103.881694,30.367119,-1,7563
103.4925,31.438219,-1,7564
103.826547,30.799673,-1,7565
104.079532,30.807957,-1,7566
104.209251,30.523782,27,7567
104.25299,30.273889,-1,7568
103.760282,30.66507,-1,7569
103.713917,30.526212,74,7570
103.662808,30.970681,87,7571
103.872586,30.663553,-1,7572
103.915018,30.711192,-1,7573
104.0379,30.659191,-1,7574
103.876249,30.491336,-1,7575
103.902047,30.834012,169,7576
104.350803,30.667962,-1,7577
104.268956,30.578974,-1,7578
103.497044,30.547183,244,7579
104.120435,30.692829,-1,7580
104.043187,30.447251,145,7581
104.247124,30.284441,-1,7582
104.14112,30.611253,-1,7583
104.495586,30.424217,-1,7584
104.107751,30.508431,154,7585
104.20327,30.726045,30,7586
104.291947,30.390965,-1,7587
103.886591,30.528348,23,7588
104.226651,30.789614,-1,7589
104.299612,30.310566,-1,7590
104.555931,30.353061,31,7591
104.547818,29.500164,-1,7592
103.481636,30.410975,-1,7593
104.10521,30.586332,141,7594
103.585784,30.759345,-1,7595
104.219307,30.683432,-1,7596
104.318527,30.861296,108,7597
104.083636,30.455386,222,7598
103.851012,30.43729,161,7599
103.936117,30.905316,83,7600
103.886079,30.665664,-1,7601
104.224955,30.793925,52,7602
103.916688,30.683694,94,7603
104.065156,30.439568,-1,7604
104.19167,30.734957,-1,7605
103.971393,30.615247,-1,7606
103.929437,30.941695,-1,7607
103.796833,30.435704,-1,7608
103.967272,30.64825,185,7609
104.143498,30.465804,95,7610
103.835941,30.346087,-1,7611
104.166774,30.659099,-1,7612
103.921046,30.703036,25,7613
103.942708,30.772869,-1,7614
104.099131,30.426973,-1,7615
103.901552,30.834374,169,7616
104.072069,30.263715,-1,7617
104.051902,30.540712,-1,7618
103.937612,30.614672,29,7619
104.221183,30.63866,33,7620
104.105883,30.587356,141,7621
103.911512,30.798332,39,7622
104.23527,30.64605,4,7623
104.378565,30.27741,-1,7624
103.533641,30.524622,-1,7625
104.170742,30.615177,15,7626
104.020892,29.139248,50,7627
103.697336,30.376111,-1,7628
104.323237,30.645129,126,7629
104.22193,30.696075,-1,7630
103.965967,30.435512,150,7631
103.920912,30.540642,-1,7632
103.718645,30.398945,-1,7633
103.497046,30.547381,244,7634
103.973612,30.800531,146,7635
104.650889,31.134878,-1,7636
103.919777,30.301676,-1,7637
103.802055,30.455149,207,7638
103.972828,30.823438,-1,7639
104.072039,30.263698,-1,7640
103.995858,30.643203,-1,7641
104.320906,29.735634,-1,7642
103.701638,30.602445,35,7643
103.772719,30.434736,-1,7644
103.912646,30.824911,1,7645
104.177157,30.52594,-1,7646
104.028969,30.479795,264,7647
104.577612,30.725429,-1,7648
104.054194,30.770453,-1,7649
104.178353,30.516919,-1,7650
104.3228,30.295754,-1,7651
104.254832,30.858923,157,7652
103.922897,30.717056,13,7653
104.508843,30.355783,197,7654
103.545679,30.209103,-1,7655
104.062563,30.251186,-1,7656
104.108187,30.420532,-1,7657
103.867062,30.535028,144,7658
104.148989,30.659575,256,7659
104.032899,30.322189,-1,7660
103.601165,31.064762,76,7661
104.027853,30.450671,158,7662
104.235142,30.645904,4,7663
103.469595,30.392287,-1,7664
104.125421,30.769404,75,7665
104.388002,30.746609,-1,7666
103.964939,30.641024,-1,7667
103.724742,30.5784,130,7668
104.168951,30.741364,183,7669
104.02209,31.378666,-1,7670
103.87975,31.055407,-1,7671
104.166711,30.659142,-1,7672
103.942059,30.522957,-1,7673
104.202736,30.725919,30,7674
103.479993,30.427884,-1,7675
104.449931,30.480843,-1,7676
104.417943,30.918672,-1,7677
104.197852,30.431011,-1,7678
103.823807,30.585269,-1,7679
104.072035,30.425209,-1,7680
104.063679,30.597884,-1,7681
103.935624,30.557543,-1,7682
103.873236,30.777738,-1,7683
104.025852,30.448178,-1,7684
103.957081,30.033904,-1,7685
103.819386,30.633214,-1,7686
103.96724,30.648464,185,7687
103.711318,30.319027,-1,7688
104.280157,30.727667,-1,7689
104.210866,30.68694,-1,7690
104.041418,30.593328,195,7691
104.133259,30.687241,-1,7692
104.04644,30.487944,-1,7693
104.099239,30.58637,-1,7694
104.250083,30.774492,-1,7695
104.54647,31.389522,-1,7696
103.981292,30.785258,14,7697
103.66085,30.961442,2,7698
104.471836,30.862616,-1,7699
103.505923,30.751498,-1,7700
103.909531,30.883084,-1,7701
104.220703,30.638991,33,7702
103.892713,30.397783,-1,7703
104.445727,30.856451,-1,7704
103.96042,30.843011,-1,7705
104.232524,30.790464,-1,7706
104.109657,30.562382,-1,7707
104.058004,30.649639,-1,7708
104.804373,30.152094,64,7709
104.325502,30.278823,-1,7710
103.812367,30.630408,-1,7711
103.836724,30.358735,-1,7712
104.566909,30.387848,-1,7713
104.092384,30.579338,-1,7714
104.168344,30.615237,-1,7715
103.601165,31.064762,76,7716
104.07198,30.466102,-1,7717
104.057242,30.444632,-1,7718
103.676126,30.902031,-1,7719
104.543966,30.707981,-1,7720
103.661296,30.979832,221,7721
103.639987,30.717461,-1,7722
104.584872,30.355341,-1,7723
104.355423,30.77058,-1,7724
103.917269,30.683885,94,7725
103.535397,30.742321,-1,7726
103.952559,30.427857,160,7727
104.049332,30.749931,-1,7728
104.509055,30.354012,197,7729
103.944183,30.337063,262,7730
103.937074,30.61322,29,7731
104.046582,30.54039,-1,7732
103.680727,30.382219,-1,7733
104.392277,30.299017,104,7734
103.920895,30.540813,-1,7735
104.090618,30.517868,-1,7736
104.235637,30.646923,4,7737
104.102249,30.498011,114,7738
104.080662,30.81688,-1,7739
103.880529,30.350058,-1,7740
103.711008,31.02543,-1,7741
103.847874,30.644854,-1,7742
104.072679,30.376238,-1,7743
103.193323,30.13801,-1,7744
103.96958,30.366428,155,7745
104.162213,30.698387,-1,7746
104.315292,30.276556,206,7747
104.036354,30.48942,-1,7748
104.071061,30.657146,-1,7749
104.052382,30.47376,45,7750
103.911841,30.798567,39,7751
103.962118,30.206485,-1,7752
104.044821,30.741137,-1,7753
104.065352,30.44725,-1,7754
104.105946,31.078262,-1,7755
104.004724,30.479027,-1,7756
104.155353,30.99662,-1,7757
104.223128,30.884987,204,7758
104.069092,30.487436,-1,7759
103.965601,30.796635,-1,7760
104.072068,30.680195,-1,7761
104.137005,30.40573,-1,7762
104.474554,30.347254,-1,7763
104.051203,30.259733,159,7764
104.473893,30.486268,-1,7765
103.847755,30.645539,-1,7766
103.678537,31.029709,100,7767
103.684235,30.608449,-1,7768
104.120037,30.772661,164,7769
104.449431,30.480884,-1,7770
104.09131,30.741364,-1,7771
104.388306,30.761873,-1,7772
103.892833,30.397735,-1,7773
103.971858,30.802338,-1,7774
104.360046,30.66191,-1,7775
104.201582,30.73306,78,7776
103.276305,29.593952,-1,7777
104.362905,31.067794,-1,7778
103.905373,30.715657,-1,7779
103.908481,30.634327,-1,7780
103.678297,31.029626,100,7781
104.043909,30.716781,-1,7782
103.678027,30.339116,182,7783
103.967963,30.467586,-1,7784
104.28825,30.702564,-1,7785
104.004584,30.592409,-1,7786
104.082244,30.416718,-1,7787
103.871116,30.414773,-1,7788
103.994948,30.468883,-1,7789
104.242486,30.651246,9,7790
104.19794,30.430995,-1,7791
103.996948,30.649761,-1,7792
103.912691,30.82472,1,7793
104.594204,31.768035,-1,7794
103.981031,30.786216,14,7795
103.963361,30.931987,-1,7796
103.970354,30.458122,-1,7797
104.39789,30.342183,-1,7798
103.926653,30.321128,-1,7799
104.090316,30.7406,-1,7800
104.18812,30.514518,-1,7801
103.857642,30.713592,-1,7802
104.227427,30.858249,255,7803
103.649446,30.932674,-1,7804
104.404743,31.330366,-1,7805
104.063148,30.179884,-1,7806
103.834372,30.343232,-1,7807
104.076273,30.779007,-1,7808
103.810666,30.632065,51,7809
104.526504,30.430977,-1,7810
103.974917,30.73634,-1,7811
103.591199,30.742034,-1,7812
104.002768,30.590058,249,7813
103.454521,30.417247,-1,7814
104.521047,30.630222,-1,7815
104.342874,31.056715,-1,7816
103.825806,30.575617,-1,7817
104.081768,30.472066,-1,7818
103.964351,30.637106,86,7819
103.964945,30.636868,86,7820
103.939827,30.328207,-1,7821
104.184719,30.672435,-1,7822
103.860031,30.301289,89,7823
104.166281,30.712381,10,7824
103.86699,30.53501,144,7825
103.970448,30.650198,85,7826
104.293002,30.589288,-1,7827
103.460009,30.747004,5,7828
104.286512,30.968872,-1,7829
103.855117,30.628013,-1,7830
103.940433,30.616161,65,7831
104.296854,30.234992,-1,7832
104.176993,30.950747,-1,7833
104.149518,30.622592,107,7834
103.867959,30.779365,-1,7835
104.326411,30.860042,38,7836
103.811385,30.632278,51,7837
104.400973,30.342898,-1,7838
103.998696,30.630298,-1,7839
104.213713,30.651926,88,7840
104.39277,30.286129,-1,7841
104.261701,29.020111,-1,7842
104.433883,30.333046,-1,7843
104.298473,30.385308,-1,7844
104.112145,31.075876,-1,7845
103.619833,30.522234,-1,7846
103.888165,31.035471,-1,7847
104.156149,30.896787,-1,7848
103.700695,30.654016,-1,7849
104.351332,30.494878,-1,7850
104.103068,30.38006,-1,7851
104.00927,30.763793,232,7852
104.054148,30.468589,-1,7853
104.202435,30.72617,30,7854
104.168682,30.741594,183,7855
104.125109,30.769202,75,7856
104.105309,30.392557,-1,7857
104.198426,30.582121,229,7858
103.760784,30.635869,-1,7859
104.012768,30.867147,-1,7860
104.008371,30.590549,43,7861
104.804076,30.152395,64,7862
103.917182,30.397718,248,7863
104.530028,30.393153,-1,7864
104.508715,30.355815,197,7865
104.098585,30.885143,73,7866
103.945744,30.485722,-1,7867
103.530052,30.550705,-1,7868
104.096945,30.758767,-1,7869
104.124202,30.683562,-1,7870
104.19422,30.691617,-1,7871
103.937764,30.613954,29,7872
104.133516,30.60273,-1,7873
103.882272,30.664578,-1,7874
104.259409,30.812762,-1,7875
104.086173,30.579747,227,7876
104.071509,30.689329,-1,7877
104.97312,29.870568,103,7878
103.959843,30.654778,-1,7879
104.115832,30.584703,82,7880
103.749028,30.674438,-1,7881
104.017914,30.444791,-1,7882
104.455038,30.488557,-1,7883
103.929483,30.944396,-1,7884
104.808671,30.300155,-1,7885
104.379305,30.292157,-1,7886
103.973643,30.800371,146,7887
104.116785,30.607761,-1,7888
103.4522,30.37459,71,7889
104.101173,30.426465,-1,7890
103.935171,30.905597,83,7891
103.881632,30.205454,-1,7892
104.491518,30.325398,68,7893
104.527016,30.638661,-1,7894
104.392124,30.299053,104,7895
104.047681,30.42765,3,7896
103.993463,30.764757,-1,7897
103.957996,30.048206,-1,7898
104.025356,30.450332,-1,7899
104.073172,30.696362,-1,7900
104.16906,30.741173,183,7901
104.134072,30.945727,-1,7902
103.697204,30.398647,-1,7903
104.203802,30.725976,30,7904
103.452338,30.374346,71,7905
104.312884,30.9451,-1,7906
104.220077,30.573261,-1,7907
104.244678,30.64803,-1,7908
103.691056,30.610071,-1,7909
104.355181,30.645555,-1,7910
104.484686,30.352175,-1,7911
104.115545,30.418352,186,7912
103.965138,30.652455,-1,7913
102.211778,29.821214,-1,7914
103.426327,31.071638,-1,7915
103.963949,30.380527,-1,7916
104.071129,30.725227,6,7917
104.550813,29.500357,-1,7918
104.216984,30.692423,-1,7919
104.162181,30.696662,-1,7920
104.148989,30.659575,256,7921
103.981423,30.7855,14,7922
103.940812,30.853906,-1,7923
103.917269,30.683885,94,7924
104.436707,30.982778,-1,7925
104.156693,30.891917,-1,7926
103.560686,30.748703,140,7927
104.419164,30.869108,-1,7928
104.161585,30.803704,-1,7929
103.969505,30.981969,172,7930
104.198298,30.582071,229,7931
104.118255,30.757044,44,7932
104.106509,30.452105,-1,7933
104.18722,30.729689,-1,7934
104.079243,30.818338,-1,7935
103.847856,30.430724,-1,7936
104.154464,30.719462,-1,7937
104.021543,29.139282,50,7938
104.077874,30.794574,105,7939
104.008371,30.590549,43,7940
104.329909,30.892372,-1,7941
103.922132,30.794437,-1,7942
104.4004,31.093911,-1,7943
104.006267,30.70149,-1,7944
104.130725,30.68445,-1,7945
104.021079,29.139497,50,7946
104.135537,30.522052,-1,7947
104.311148,30.79924,-1,7948
103.937713,30.614089,29,7949
104.00068,30.762889,191,7950
103.898144,30.410485,-1,7951
104.130354,30.520084,-1,7952
104.112916,30.752803,116,7953
104.167512,30.449593,-1,7954
104.448419,30.857515,-1,7955
104.112433,30.754621,-1,7956
104.169253,30.031886,-1,7957
103.881134,30.367857,-1,7958
104.198546,30.582107,229,7959
103.964314,30.668748,-1,7960
104.205714,30.830112,-1,7961
103.634308,30.953448,-1,7962
104.214505,30.771972,-1,7963
103.893242,31.018909,-1,7964
103.560356,30.219877,-1,7965
103.878786,30.19824,79,7966
104.177325,30.718789,121,7967
104.440502,30.714821,-1,7968
104.42014,30.866943,-1,7969
104.298473,30.385308,-1,7970
104.323718,30.645064,126,7971
103.51592,29.267322,-1,7972
104.059748,29.093086,-1,7973
104.114322,30.750287,70,7974
104.014321,31.428224,-1,7975
103.912646,30.824911,1,7976
103.963917,30.616213,-1,7977
103.640312,30.466035,119,7978
104.149395,30.724522,-1,7979
104.244868,30.645531,46,7980
104.492649,30.325598,68,7981
104.283535,30.581175,-1,7982
104.061118,30.419095,236,7983
104.570478,30.370866,-1,7984
104.55834,30.082666,-1,7985
103.866432,30.556868,-1,7986
103.94043,30.932238,-1,7987
104.190012,30.662386,209,7988
104.050511,30.752977,-1,7989
104.018347,30.248148,-1,7990
103.280198,30.164931,-1,7991
103.960271,30.934815,212,7992
103.817278,30.278809,-1,7993
104.101796,30.5161,266,7994
103.761133,30.410521,-1,7995
104.202662,30.81454,-1,7996
104.092923,30.524323,81,7997
104.494352,30.34871,-1,7998
104.668265,30.087823,-1,7999
103.900575,30.829598,-1,8000
104.013487,30.554444,-1,8001
103.973742,30.621548,-1,8002
104.043483,30.205813,-1,8003
103.920025,30.974871,-1,8004
104.408479,30.622342,-1,8005
104.09311,30.581197,67,8006
104.108931,30.523256,-1,8007
104.215333,30.82086,192,8008
104.193245,30.738874,-1,8009
104.084586,30.446594,41,8010
104.060517,31.245458,8,8011
103.838173,30.360667,237,8012
104.29195,30.81321,-1,8013
104.062128,31.245015,-1,8014
103.957028,30.723415,252,8015
104.099362,30.426965,-1,8016
104.59421,31.768053,-1,8017
103.659565,30.926207,-1,8018
104.749444,29.746811,-1,8019
103.27664,30.378049,-1,8020
104.164974,30.594083,-1,8021
103.965763,30.642922,-1,8022
103.462912,30.749805,-1,8023
104.312534,30.289479,-1,8024
103.963614,30.475967,-1,8025
103.816138,30.486019,-1,8026
102.114771,29.64927,-1,8027
104.0921,30.573038,-1,8028
103.923202,30.717344,13,8029
103.880333,30.482929,-1,8030
103.678388,31.029561,100,8031
103.711049,30.79852,-1,8032
103.438935,30.36217,-1,8033
104.072201,30.364252,-1,8034
103.814167,30.46433,-1,8035
103.098684,30.08107,-1,8036
104.221231,30.638695,33,8037
103.952148,30.428106,160,8038
104.202086,30.726145,30,8039
103.966605,30.813472,-1,8040
104.255285,30.531133,194,8041
104.076279,30.784934,-1,8042
104.149254,30.622305,107,8043
103.996606,30.59915,-1,8044
104.044614,30.667885,-1,8045
103.936738,30.61352,29,8046
103.908407,30.542886,139,8047
104.003716,30.606475,111,8048
103.886679,30.479733,-1,8049
104.272827,30.326258,-1,8050
103.874939,30.713289,-1,8051
103.740902,30.725692,-1,8052
104.555316,30.352844,31,8053
104.224957,30.638746,-1,8054
104.077809,30.794911,105,8055
104.58155,30.135558,-1,8056
103.995681,30.25372,-1,8057
103.49723,30.203388,-1,8058
103.862173,31.068827,-1,8059
104.051412,30.446294,-1,8060
104.241514,30.723351,-1,8061
104.24906,30.772568,118,8062
103.813691,31.655578,-1,8063
103.871482,30.77615,-1,8064
104.342482,31.150593,-1,8065
103.955422,30.343138,-1,8066
103.957733,30.620294,-1,8067
104.3187,30.276994,165,8068
103.961445,30.614102,-1,8069
103.721795,30.60379,-1,8070
104.438281,30.977412,-1,8071
104.133485,30.666699,-1,8072
103.93964,30.617242,-1,8073
104.555427,30.352826,31,8074
104.112618,30.639889,-1,8075
104.144834,30.411236,-1,8076
104.804357,30.152358,64,8077
103.90209,30.658429,16,8078
104.045145,30.206296,-1,8079
104.23487,30.646136,4,8080
104.171052,30.615311,15,8081
104.804357,30.151942,64,8082
104.196171,30.527506,-1,8083
104.166103,30.712357,10,8084
103.662808,30.970529,87,8085
103.899112,30.615844,-1,8086
104.020293,30.72637,-1,8087
103.916698,30.683896,94,8088
103.952325,30.999215,220,8089
104.375191,30.951444,-1,8090
104.038721,30.485549,-1,8091
104.204655,30.730676,-1,8092
104.439349,30.980471,-1,8093
103.919411,29.915496,-1,8094
103.997094,30.907937,-1,8095
104.014438,30.450262,-1,8096
103.969343,30.467221,-1,8097
103.822471,30.912403,-1,8098
103.547715,30.215299,-1,8099
104.543879,30.706647,-1,8100
103.505477,30.754726,-1,8101
104.024287,30.54062,-1,8102
103.972115,30.542701,162,8103
103.892909,30.513917,215,8104
103.973926,30.470925,-1,8105
104.122505,30.513139,-1,8106
104.05836,30.686994,-1,8107
104.463107,30.346597,257,8108
104.389816,30.300122,-1,8109
103.936401,30.613772,29,8110
103.673866,30.904851,-1,8111
103.968212,30.468737,-1,8112
103.949956,30.636993,-1,8113
103.959846,30.164679,-1,8114
103.944422,30.337141,262,8115
104.053643,30.652356,-1,8116
104.32722,30.306181,148,8117
104.115164,30.824448,-1,8118
104.335403,30.328881,-1,8119
103.946761,30.337675,-1,8120
104.327076,30.306097,148,8121
103.781974,30.67593,152,8122
103.910329,30.777023,-1,8123
104.14842,30.720516,-1,8124
104.072441,30.257845,-1,8125
103.489745,30.408701,-1,8126
104.093872,30.581144,67,8127
104.072835,30.634742,-1,8128
104.326596,30.860161,38,8129
103.828948,30.93782,-1,8130
103.661787,30.674533,-1,8131
104.225365,30.67224,-1,8132
104.034473,30.602151,-1,8133
103.82004,30.816918,-1,8134
104.278294,30.820496,-1,8135
103.866549,31.077601,-1,8136
104.085178,30.44674,41,8137
104.532924,31.86403,-1,8138
104.194646,30.587258,-1,8139
104.035087,30.604499,-1,8140
104.330093,30.85408,-1,8141
104.150707,30.358947,-1,8142
104.122093,30.539761,-1,8143
103.861661,30.710747,-1,8144
103.709365,30.393597,-1,8145
103.957907,30.046656,-1,8146
104.080087,30.509142,-1,8147
103.973787,30.621823,-1,8148
104.315714,30.303074,251,8149
103.268224,30.293215,-1,8150
104.463286,30.347608,257,8151
103.995014,30.667643,-1,8152
103.672482,30.936735,-1,8153
104.012636,30.55544,-1,8154
104.254,30.859057,157,8155
103.965799,30.614922,-1,8156
103.923653,30.255989,-1,8157
104.03711,30.148366,-1,8158
103.798824,30.421199,-1,8159
104.089613,30.692532,-1,8160
103.901994,30.676594,-1,8161
104.082645,30.577989,22,8162
104.509952,30.352729,134,8163
104.362905,31.067794,-1,8164
104.131134,30.670859,231,8165
104.432236,31.155393,-1,8166
104.049464,30.476873,90,8167
103.960841,30.940966,-1,8168
103.67745,30.338817,182,8169
104.050708,30.259276,159,8170
103.981935,30.410443,-1,8171
103.796867,30.646634,211,8172
103.643367,30.470066,-1,8173
103.986093,30.45364,-1,8174
104.564857,30.370998,32,8175
103.530922,30.773649,-1,8176
103.616607,30.976093,-1,8177
103.497197,30.567173,-1,8178
103.889603,30.817348,-1,8179
103.724404,30.405681,-1,8180
104.115515,30.378428,-1,8181
104.242672,30.651005,9,8182
104.522833,30.430022,241,8183
103.964993,30.309919,-1,8184
103.954998,30.492014,-1,8185
103.688112,31.022407,-1,8186
104.047207,30.449666,-1,8187
104.318949,30.274177,165,8188
104.312985,30.272777,-1,8189
104.188252,30.792803,-1,8190
103.676616,30.344582,-1,8191
104.397539,30.355783,-1,8192
103.917738,30.476504,-1,8193
104.065925,30.513739,-1,8194
104.525044,30.664946,-1,8195
103.910631,30.634437,-1,8196
103.825539,30.570678,-1,8197
103.862173,31.068827,-1,8198
104.071393,30.725194,6,8199
104.192251,30.74206,225,8200
103.513046,30.392493,-1,8201
104.244757,30.783149,-1,8202
103.895574,30.529287,-1,8203
104.109005,30.464018,214,8204
103.916895,30.805912,-1,8205
104.2928,30.646293,-1,8206
103.922072,29.920415,-1,8207
103.676891,30.398058,-1,8208
104.487823,30.427341,-1,8209
103.903843,30.477136,-1,8210
104.098457,30.885103,73,8211
103.974442,30.542529,-1,8212
104.55531,30.352852,31,8213
103.999675,30.514299,-1,8214
104.29305,30.849547,-1,8215
103.956651,30.349539,-1,8216
104.115927,30.5841,82,8217
103.889586,30.383832,-1,8218
104.428286,31.149576,-1,8219
103.85121,31.05936,-1,8220
104.242785,30.651605,9,8221
104.095464,30.535735,-1,8222
104.065909,30.513858,-1,8223
104.494537,30.335671,-1,8224
104.393722,30.488836,-1,8225
104.104835,30.402538,-1,8226
104.316864,30.277223,206,8227
104.491995,30.32441,68,8228
103.118899,30.059314,-1,8229
104.09325,30.581135,67,8230
103.685544,30.619498,-1,8231
103.912104,30.798461,39,8232
104.053093,30.456928,217,8233
103.678083,31.029716,100,8234
104.152929,30.515415,-1,8235
104.063023,30.633359,117,8236
104.304355,30.929968,-1,8237
104.445627,30.273722,-1,8238
103.919186,30.231416,66,8239
104.97345,29.870971,103,8240
103.601085,31.06469,76,8241
104.547572,30.691176,-1,8242
103.89806,30.614348,-1,8243
104.105003,30.754642,-1,8244
104.555643,30.175395,-1,8245
103.89131,30.777565,128,8246
104.166711,30.659142,-1,8247
103.917849,30.684191,94,8248
103.553161,30.221206,115,8249
104.054004,30.466996,-1,8250
104.148145,30.692392,-1,8251
103.994317,30.764754,-1,8252
104.108913,30.506477,260,8253
103.601021,31.064774,76,8254
104.159622,30.653159,-1,8255
104.149041,30.703733,-1,8256
103.979421,30.688509,-1,8257
104.464064,30.604525,-1,8258
103.812559,30.632558,51,8259
104.289994,30.847869,-1,8260
104.186844,30.01832,-1,8261
104.10005,30.748707,-1,8262
103.968201,30.632256,-1,8263
103.850823,30.820435,96,8264
104.858986,30.304907,-1,8265
103.697949,30.630495,-1,8266
103.505962,30.558894,177,8267
104.195193,30.700224,-1,8268
103.922503,30.670257,-1,8269
104.450663,30.342486,-1,8270
104.177209,30.718617,121,8271
103.981016,30.785016,14,8272
104.509321,30.352571,134,8273
103.84662,30.428396,-1,8274
104.564903,30.386946,-1,8275
104.186071,30.756772,-1,8276
103.828769,30.671895,-1,8277
103.973717,30.468901,110,8278
103.460381,30.746959,5,8279
103.887426,30.528657,23,8280
104.405576,30.344798,-1,8281
103.99001,30.482363,-1,8282
103.966183,30.460281,-1,8283
104.522844,30.684631,-1,8284
103.53065,30.738524,-1,8285
103.848258,30.643697,-1,8286
104.428806,31.149776,-1,8287
104.230097,30.853428,-1,8288
103.93798,30.61902,12,8289
104.187379,30.553532,135,8290
104.019408,30.451331,-1,8291
104.235826,30.919628,-1,8292
103.893419,30.51383,215,8293
103.896772,30.474905,-1,8294
103.796536,30.404664,-1,8295
103.857009,30.628926,-1,8296
104.149476,30.622573,107,8297
103.894081,30.478227,-1,8298
103.560153,30.548669,-1,8299
103.445637,30.162668,-1,8300
104.244607,30.710561,-1,8301
103.916109,30.802121,-1,8302
103.710241,29.091168,-1,8303
103.601413,31.064546,76,8304
103.532353,31.40465,11,8305
104.215229,30.820926,192,8306
104.15293,30.781994,219,8307
104.229884,30.789122,-1,8308
104.11937,30.605139,-1,8309
103.689516,31.032149,-1,8310
103.976093,30.456137,-1,8311
103.980581,31.073115,-1,8312
104.462936,30.346444,257,8313
104.47783,30.348421,-1,8314
104.615105,30.162824,-1,8315
103.504615,30.571906,-1,8316
104.169021,30.532321,-1,8317
104.164751,31.621189,-1,8318
103.866496,30.556852,-1,8319
103.952682,30.999564,220,8320
103.70159,30.602643,35,8321
103.457003,30.474569,-1,8322
103.904073,30.676177,-1,8323
104.165771,30.712607,10,8324
103.528922,30.377637,-1,8325
103.995533,30.424773,-1,8326
103.984249,30.587474,-1,8327
104.036002,30.465089,224,8328
103.338641,30.339995,-1,8329
104.23491,30.646271,4,8330
103.988277,30.817787,-1,8331
104.120968,30.522116,-1,8332
104.453465,30.491111,-1,8333
103.798182,31.168067,-1,8334
104.401725,30.997357,-1,8335
103.963949,30.380527,-1,8336
104.393311,30.283614,101,8337
104.112377,30.753197,116,8338
104.203951,30.748139,-1,8339
104.237542,30.721845,-1,8340
104.761571,30.372388,-1,8341
104.187193,30.553886,135,8342
104.109237,30.601613,-1,8343
104.083353,30.451426,-1,8344
103.901433,30.834319,169,8345
103.991822,30.877714,-1,8346
104.107181,30.39429,-1,8347
103.701507,30.602697,35,8348
104.188289,30.716014,-1,8349
104.008001,30.718865,-1,8350
104.061842,31.247663,-1,8351
104.191978,30.798601,-1,8352
103.931897,30.609478,-1,8353
103.088165,29.973001,-1,8354
104.348095,30.66269,-1,8355
104.112834,30.753141,116,8356
104.241972,30.648418,-1,8357
104.573012,30.687697,-1,8358
103.937033,30.781555,190,8359
103.929439,30.699574,-1,8360
103.837494,30.357824,-1,8361
103.796867,30.643355,61,8362
103.696701,30.656775,-1,8363
103.94858,30.636349,-1,8364
103.655037,30.927074,37,8365
104.40095,30.310752,-1,8366
103.694538,30.61847,-1,8367
104.149439,30.622659,107,8368
104.130171,30.67019,231,8369
104.007017,30.796396,-1,8370
102.702921,29.97221,-1,8371
103.926745,30.389775,-1,8372
104.54027,30.721965,-1,8373
103.449297,30.466533,17,8374
104.233693,30.708986,-1,8375
104.530306,30.665554,-1,8376
104.28708,30.69706,-1,8377
103.851044,30.820395,96,8378
104.046582,30.546431,-1,8379
103.09004,30.386972,-1,8380
103.978318,30.461242,-1,8381
103.986308,30.215845,-1,8382
104.177689,30.718943,121,8383
103.792143,30.344354,-1,8384
104.344073,30.623876,-1,8385
104.494814,30.468846,-1,8386
103.820524,30.466092,-1,8387
103.79795,30.404142,-1,8388
103.942947,30.52558,-1,8389
104.057312,30.693531,-1,8390
103.920178,30.991214,-1,8391
103.929716,30.942191,-1,8392
104.048485,30.653421,-1,8393
103.981301,30.785219,14,8394
103.922221,30.234586,-1,8395
104.003386,30.734838,-1,8396
103.637273,30.501823,-1,8397
103.954547,30.543589,-1,8398
104.521812,30.434359,-1,8399
104.086754,30.749456,-1,8400
104.06685,30.771617,-1,8401
103.935529,30.90564,83,8402
103.753224,30.347821,-1,8403
103.851386,30.437281,161,8404
104.319101,30.274561,165,8405
104.031737,30.437814,-1,8406
104.609963,30.741213,-1,8407
104.013697,30.225833,-1,8408
103.601309,31.064536,76,8409
104.412445,30.903183,-1,8410
103.917114,30.68368,94,8411
103.685634,31.021736,-1,8412
104.203039,30.726005,30,8413
104.06308,30.181528,-1,8414
104.004121,30.52168,-1,8415
104.449431,30.480884,-1,8416
104.48232,30.491653,-1,8417
103.95386,30.32697,-1,8418
103.525303,30.70936,-1,8419
104.023954,30.859407,-1,8420
104.006254,30.592152,106,8421
104.42318,30.882365,-1,8422
104.027755,30.551505,-1,8423
104.359887,30.289555,-1,8424
103.95975,30.363578,167,8425
104.170805,30.61544,15,8426
104.204623,30.730778,-1,8427
104.18079,30.514053,-1,8428
103.910186,30.731615,-1,8429
104.208444,30.605598,-1,8430
103.859981,30.833522,-1,8431
103.937148,30.774707,-1,8432
103.937179,30.471553,-1,8433
103.928901,30.974768,-1,8434
104.093155,30.581666,67,8435
104.162955,30.699343,-1,8436
104.107003,30.49157,196,8437
103.772671,30.668431,-1,8438
103.79664,29.434314,-1,8439
104.150221,30.616061,179,8440
104.391064,30.286855,-1,8441
104.391897,30.283156,101,8442
103.820779,30.741628,-1,8443
104.148804,30.839361,-1,8444
103.953541,30.543256,-1,8445
104.164585,30.658704,176,8446
104.536023,30.352584,-1,8447
104.157104,30.632569,-1,8448
104.415459,30.992547,-1,8449
104.177648,30.718985,121,8450
104.577009,30.732236,-1,8451
104.115171,30.971616,-1,8452
104.173139,30.484269,174,8453
104.103114,30.469248,-1,8454
104.032464,30.305234,-1,8455
103.776766,30.779284,-1,8456
103.790457,30.415275,-1,8457
104.260188,30.872631,-1,8458
104.513581,30.512986,-1,8459
103.838233,30.360767,237,8460
103.627505,30.92033,-1,8461
104.450399,29.475299,-1,8462
103.701564,30.602539,35,8463
104.395776,30.34023,-1,8464
104.207678,31.187344,-1,8465
104.22636,30.791675,52,8466
103.896496,30.66607,49,8467
104.200847,30.599633,-1,8468
104.137216,30.522091,-1,8469
103.65864,31.024202,-1,8470
104.268417,30.829935,-1,8471
104.263054,30.666983,-1,8472
103.976093,30.456137,-1,8473
103.891637,30.520582,-1,8474
103.936505,30.613802,29,8475
103.847398,30.318494,-1,8476
104.076225,30.456143,-1,8477
104.173802,30.484834,174,8478
104.62844,31.007994,-1,8479
104.32658,30.860161,38,8480
104.008918,31.20483,-1,8481
104.175625,30.771432,-1,8482
104.410283,30.758633,-1,8483
104.099637,30.466984,245,8484
104.100159,30.652602,-1,8485
104.237776,30.720703,-1,8486
103.912114,30.798652,39,8487
103.972032,30.47241,-1,8488
103.502038,30.556471,-1,8489
104.151536,30.775928,-1,8490
104.501291,30.4243,-1,8491
103.898088,30.614481,-1,8492
104.379351,30.292196,-1,8493
103.921032,30.702893,25,8494
103.889634,30.383818,-1,8495
103.917358,30.683933,94,8496
103.79276,30.461016,-1,8497
104.510039,30.352785,134,8498
104.09796,30.594995,-1,8499
104.409898,30.341747,-1,8500
104.138496,30.610702,170,8501
103.985894,31.052,-1,8502
104.235766,30.646762,4,8503
104.247672,30.546227,-1,8504
103.967406,30.586187,91,8505
104.112505,30.752869,116,8506
104.300606,30.684835,-1,8507
104.004224,30.812285,-1,8508
104.072063,30.339285,-1,8509
102.805151,30.277835,-1,8510
103.52474,30.198291,-1,8511
104.191535,30.741832,225,8512
103.820298,30.609578,-1,8513
104.25921,30.529965,-1,8514
103.415511,30.757424,-1,8515
103.928579,30.67209,-1,8516
103.8973,30.836241,102,8517
104.089155,30.383299,-1,8518
104.115936,30.584801,82,8519
104.172716,30.48397,174,8520
104.146038,30.620026,-1,8521
103.857411,30.46425,-1,8522
104.224774,30.839648,-1,8523
104.176027,30.778218,-1,8524
103.937491,30.614954,29,8525
104.052414,30.245953,136,8526
103.689595,31.023836,-1,8527
104.327373,30.307332,148,8528
104.129788,30.683789,-1,8529
103.612568,30.822515,-1,8530
103.969022,30.802005,-1,8531
103.96368,30.448187,84,8532
104.09947,30.70752,-1,8533
103.818132,30.636642,-1,8534
104.700621,31.003164,-1,8535
104.323397,30.645043,126,8536
103.987636,30.717792,-1,8537
103.917102,30.386484,-1,8538
103.910634,30.40105,-1,8539
103.584196,30.376679,-1,8540
104.10936,31.020827,-1,8541
103.737756,30.512743,-1,8542
104.085492,30.685911,-1,8543
104.233613,30.790975,-1,8544
104.064818,30.633154,117,8545
103.947456,30.512256,-1,8546
103.878527,30.517735,-1,8547
104.065136,30.179271,20,8548
103.890851,30.70182,-1,8549
104.143206,30.409735,-1,8550
103.843403,31.138298,-1,8551
103.856751,30.442175,-1,8552
104.197881,30.697018,-1,8553
103.637787,30.47289,-1,8554
104.296408,30.963529,-1,8555
104.127137,30.599606,-1,8556
103.936096,30.614035,29,8557
104.107197,30.464001,-1,8558
103.084263,30.383134,-1,8559
103.81266,30.5715,-1,8560
103.795068,30.441082,-1,8561
104.803765,30.152701,64,8562
104.250652,30.734575,-1,8563
104.001791,30.884423,228,8564
103.918451,30.476186,-1,8565
104.167629,30.968431,-1,8566
104.005321,30.731977,-1,8567
104.142952,30.82842,-1,8568
104.453797,30.351933,-1,8569
103.701526,30.602708,35,8570
103.677901,30.338457,182,8571
104.663027,31.091062,-1,8572
104.021385,30.861977,-1,8573
103.888717,30.78038,-1,8574
103.998854,30.466923,151,8575
104.505052,30.505186,-1,8576
103.831352,30.429593,-1,8577
103.92114,30.634661,-1,8578
104.668862,30.0876,-1,8579
104.317057,30.461664,-1,8580
103.995551,30.613199,-1,8581
104.02328,30.651554,-1,8582
104.072032,30.263817,-1,8583
103.866544,30.556918,-1,8584
104.506123,30.727163,-1,8585
103.884438,30.665438,55,8586
104.052551,30.466175,-1,8587
103.496342,30.5456,239,8588
104.236512,30.646464,4,8589
104.234704,30.178947,-1,8590
103.65864,31.024202,-1,8591
104.183101,30.531108,-1,8592
104.202183,30.726121,30,8593
104.17891,30.782965,166,8594
103.940233,30.999046,-1,8595
104.019334,30.448372,-1,8596
104.079712,30.667183,-1,8597
104.078717,30.371743,-1,8598
104.100351,30.521268,-1,8599
103.496199,30.175134,-1,8600
104.045239,30.744814,-1,8601
104.076744,30.818748,-1,8602
103.780883,30.407184,-1,8603
104.025418,30.609563,-1,8604
104.071091,30.725226,6,8605
103.719511,30.590366,-1,8606
103.970593,30.988952,19,8607
104.141308,30.612581,-1,8608
103.987937,30.704463,-1,8609
103.496114,31.358646,-1,8610
103.94519,30.484374,54,8611
103.712017,30.798445,-1,8612
103.796364,29.434332,-1,8613
104.03448,30.59051,-1,8614
103.883194,30.492029,-1,8615
103.868623,30.613018,-1,8616
103.816466,30.869955,-1,8617
104.014788,30.839959,-1,8618
104.0661,30.372808,-1,8619
104.19849,30.582107,229,8620
103.971646,30.447795,-1,8621
104.076515,30.788204,-1,8622
104.533069,30.695084,-1,8623
104.046062,30.561035,-1,8624
103.461916,30.74596,-1,8625
104.217183,30.691292,-1,8626
103.688588,31.01198,-1,8627
104.580662,30.688812,-1,8628
104.512349,30.612709,-1,8629
104.293034,30.849964,-1,8630
104.07976,30.56512,-1,8631
104.237192,30.723673,109,8632
103.884132,30.665545,55,8633
104.174151,30.788021,254,8634
103.704388,30.394563,-1,8635
103.970731,30.650104,85,8636
104.581728,30.738601,-1,8637
104.115832,30.584703,82,8638
104.050949,30.663717,92,8639
104.0431,30.790096,-1,8640
104.568249,30.797449,-1,8641
104.244276,30.710632,-1,8642
103.872513,30.779093,47,8643
104.025488,30.482854,-1,8644
103.95248,30.999216,220,8645
104.494539,30.038459,-1,8646
104.20282,30.725869,30,8647
103.849822,30.208015,-1,8648
104.172811,30.639594,-1,8649
104.006049,30.514556,-1,8650
103.932555,30.874121,-1,8651
104.218457,30.695129,-1,8652
104.014585,30.712555,-1,8653
104.978082,30.274139,-1,8654
104.286124,30.679217,-1,8655
104.18102,30.534476,-1,8656
104.009408,30.763737,232,8657
104.162033,29.977882,-1,8658
104.14355,30.465854,95,8659
104.319767,30.275912,165,8660
104.014276,30.766743,-1,8661
103.751609,30.597702,-1,8662
104.189806,31.569759,-1,8663
103.655064,30.664852,240,8664
104.111453,30.472435,-1,8665
103.920999,30.702689,25,8666
103.660983,30.960764,2,8667
104.065885,30.471258,-1,8668
104.025214,30.644294,-1,8669
104.271344,30.582632,-1,8670
103.999206,30.751679,-1,8671
103.915836,30.744394,-1,8672
104.093635,30.581411,67,8673
104.185838,30.71962,34,8674
104.182182,30.533647,-1,8675
104.363701,30.657563,261,8676
104.6568,29.512652,-1,8677
104.568551,30.38871,-1,8678
103.845222,30.431765,-1,8679
104.10504,30.470628,-1,8680
104.002246,30.811878,-1,8681
104.298074,30.992404,-1,8682
104.585596,30.734418,-1,8683
104.051035,30.476825,90,8684
104.077617,30.795002,105,8685
104.247697,30.576538,-1,8686
104.129887,30.441713,-1,8687
103.850996,30.433518,-1,8688
104.397458,30.342433,-1,8689
104.617188,30.686591,-1,8690
104.052295,30.465734,-1,8691
103.988339,30.627608,230,8692
103.960053,30.517484,40,8693
104.208269,30.795001,-1,8694
104.21434,30.686521,-1,8695
103.929474,30.699624,-1,8696
104.149836,30.634844,-1,8697
103.611671,30.9968,-1,8698
104.839276,29.81029,-1,8699
103.646981,30.935356,-1,8700
103.796246,30.447371,-1,8701
104.213578,30.815997,-1,8702
104.366835,30.351251,-1,8703
104.093158,30.581642,67,8704
103.958788,30.432752,-1,8705
103.977587,30.688094,218,8706
104.458213,30.830107,-1,8707
104.147848,30.712615,-1,8708
104.069666,30.759381,-1,8709
104.106718,30.491107,196,8710
104.034878,30.529795,-1,8711
103.980809,31.037881,-1,8712
104.427952,30.355706,-1,8713
104.012835,30.517846,-1,8714
104.314324,30.31557,-1,8715
104.45284,30.460072,-1,8716
104.17242,30.483955,174,8717
104.621467,30.861185,-1,8718
103.654536,30.926022,37,8719
104.167699,30.615152,-1,8720
104.495367,30.340501,-1,8721
104.370607,31.132774,-1,8722
103.895787,30.54394,-1,8723
104.101173,30.426465,-1,8724
103.939819,30.423222,-1,8725
104.026253,30.759878,-1,8726
103.890937,30.776972,128,8727
104.092722,30.644012,-1,8728
104.463072,30.347939,257,8729
104.135335,30.40396,-1,8730
103.919076,30.691782,-1,8731
103.938157,30.616323,-1,8732
104.294512,30.393387,-1,8733
104.180021,30.536207,-1,8734
103.7289,30.399421,-1,8735
103.687494,30.616342,-1,8736
103.99874,30.466755,151,8737
104.793699,30.147992,-1,8738
104.108179,30.769011,-1,8739
103.9239,31.002967,-1,8740
104.428186,30.896553,-1,8741
103.730583,30.80279,-1,8742
104.214606,30.707898,-1,8743
103.915464,30.678374,-1,8744
104.237667,30.721544,-1,8745
104.365133,30.502753,-1,8746
103.959793,30.728782,-1,8747
104.668862,30.0876,-1,8748
103.833448,30.640372,-1,8749
104.165965,30.628479,-1,8750
104.247124,30.284441,-1,8751
103.970872,30.650473,85,8752
104.05353,30.458851,-1,8753
104.195359,30.58828,-1,8754
104.112042,30.752938,116,8755
103.753798,30.395131,-1,8756
103.923341,30.252515,-1,8757
104.125059,30.769325,75,8758
104.169327,30.741202,183,8759
104.21161,31.004351,-1,8760
103.872577,30.779305,47,8761
104.307724,30.939382,-1,8762
104.149518,30.622592,107,8763
104.153265,30.707601,-1,8764
104.25145,30.740759,-1,8765
103.93709,30.613436,29,8766
104.054045,30.652106,-1,8767
104.497761,30.346897,-1,8768
103.902471,30.834767,169,8769
104.149041,30.703733,-1,8770
103.973372,31.031233,-1,8771
104.326516,30.859926,38,8772
103.902425,30.834713,169,8773
103.825304,30.400767,-1,8774
104.751295,29.74437,-1,8775
104.12935,30.411173,-1,8776
103.90263,30.400764,-1,8777
104.351196,30.842944,-1,8778
103.968364,30.468821,-1,8779
103.998894,30.466598,151,8780
103.949431,30.608596,-1,8781
104.071485,30.72512,6,8782
104.66684,30.070342,-1,8783
104.174553,30.542291,-1,8784
104.346128,30.692992,-1,8785
104.002705,30.590554,249,8786
104.439202,30.980491,-1,8787
104.382239,30.35069,-1,8788
104.166727,30.659088,-1,8789
103.866521,30.775015,216,8790
103.956792,30.031255,-1,8791
104.326315,30.86016,38,8792
103.970876,30.650305,85,8793
104.135023,30.590075,-1,8794
104.176543,30.724179,-1,8795
103.91578,30.525066,-1,8796
104.116786,30.584048,82,8797
103.891342,30.684406,-1,8798
104.326427,30.860028,38,8799
103.713892,30.527,74,8800
104.274579,30.936244,-1,8801
103.929475,30.941228,-1,8802
103.656862,29.783411,-1,8803
104.20206,30.726036,30,8804
103.967465,30.648341,185,8805
103.786106,30.652341,-1,8806
104.08763,30.383746,-1,8807
103.673699,30.612705,-1,8808
104.501259,30.424266,-1,8809
103.459096,30.747007,5,8810
104.186236,30.715967,242,8811
103.856093,30.874135,-1,8812
104.073448,30.54632,-1,8813
104.012416,30.843279,-1,8814
103.992774,30.746076,-1,8815
103.940337,30.999285,-1,8816
103.74263,30.339921,-1,8817
104.102667,30.765615,-1,8818
104.242836,30.650018,9,8819
104.392124,30.299053,104,8820
103.979918,30.787618,-1,8821
104.054756,30.427847,258,8822
103.709766,30.39464,-1,8823
103.738949,30.735182,-1,8824
104.329784,30.736657,-1,8825
104.393176,30.755965,-1,8826
104.140832,30.6108,-1,8827
103.964624,30.636755,86,8828
103.862324,30.710628,-1,8829
103.654832,30.664485,240,8830
104.056991,30.384776,-1,8831
103.275391,30.184702,-1,8832
103.286851,30.162816,-1,8833
104.804043,30.152222,64,8834
104.040083,30.764523,-1,8835
103.847937,30.431204,-1,8836
104.140654,30.610578,-1,8837
103.877527,30.170297,-1,8838
104.390984,30.281655,127,8839
104.599631,30.74438,-1,8840
104.04782,30.541658,-1,8841
103.798467,29.772263,-1,8842
104.100613,30.789823,-1,8843
104.518333,30.623341,-1,8844
104.087405,30.759286,132,8845
103.901801,30.834219,169,8846
103.546124,30.555449,-1,8847
103.952789,30.795935,223,8848
103.59264,30.831534,-1,8849
104.319064,30.861263,108,8850
104.040411,30.766927,-1,8851
104.124955,30.433056,-1,8852
104.237293,30.653506,142,8853
103.68098,30.381396,-1,8854
103.866979,30.463034,-1,8855
103.959573,30.158644,-1,8856
103.954429,30.501447,-1,8857
103.897445,30.491445,-1,8858
103.682848,30.597689,-1,8859
103.922974,30.716827,13,8860
103.502022,30.187857,-1,8861
104.327188,30.307213,148,8862
103.434489,30.161304,-1,8863
103.985734,30.454081,-1,8864
103.897443,30.836399,102,8865
103.951355,30.637421,-1,8866
104.16163,30.599645,7,8867
104.312549,30.289577,-1,8868
104.222972,30.802478,-1,8869
103.902849,30.825148,-1,8870
104.500639,30.489584,-1,8871
104.492756,30.321901,-1,8872
103.9543,30.592148,-1,8873
103.919655,30.563833,-1,8874
104.158462,30.598247,-1,8875
104.115304,30.417599,186,8876
103.678474,31.029863,100,8877
104.049242,30.374104,-1,8878
104.41381,30.482411,-1,8879
104.073415,30.37125,-1,8880
103.632763,30.58128,-1,8881
104.286512,30.968872,-1,8882
103.859489,30.827371,188,8883
104.112001,30.753192,116,8884
103.808476,30.740145,-1,8885
104.029665,30.480852,264,8886
103.955567,31.014276,-1,8887
103.692202,30.885229,-1,8888
103.972239,30.74111,-1,8889
104.148241,30.709196,-1,8890
103.797051,30.871538,-1,8891
103.536721,30.400095,-1,8892
103.964578,30.818861,-1,8893
103.975377,30.997936,-1,8894
104.338662,30.315306,-1,8895
104.328929,30.30515,-1,8896
103.801169,31.166732,-1,8897
103.877243,30.397047,-1,8898
104.110299,30.417173,-1,8899
104.125163,30.769385,75,8900
104.329275,30.278555,-1,8901
104.075797,30.754964,-1,8902
103.988418,30.627953,230,8903
103.661429,30.960948,2,8904
104.05582,30.76333,-1,8905
104.077817,30.794834,105,8906
103.977756,30.68818,218,8907
104.296664,30.994485,-1,8908
104.102426,30.498055,114,8909
104.088244,30.759894,132,8910
104.115661,30.58061,-1,8911
103.96331,30.931757,-1,8912
103.973027,30.469787,110,8913
103.964913,30.63695,86,8914
103.881986,30.485787,-1,8915
104.46457,30.471431,-1,8916
103.844448,30.373286,-1,8917
104.229114,30.860283,-1,8918
104.116101,30.452129,-1,8919
104.23491,30.646271,4,8920
104.162661,30.761175,-1,8921
104.002892,29.124949,-1,8922
103.958627,30.648954,178,8923
103.678718,30.938225,-1,8924
103.850014,30.636617,-1,8925
104.004488,30.592265,-1,8926
104.050828,30.478319,-1,8927
103.870584,30.702191,122,8928
104.150328,30.616392,179,8929
104.096531,30.459218,-1,8930
104.040546,30.467229,-1,8931
104.171201,30.774864,-1,8932
102.668794,29.535809,-1,8933
103.963272,30.931044,-1,8934
104.004432,30.592536,-1,8935
104.092567,30.231834,-1,8936
104.091534,30.67298,-1,8937
104.242756,30.650302,9,8938
104.18279,30.717395,58,8939
104.267881,30.650838,173,8940
104.534588,30.394798,-1,8941
104.160444,30.579253,-1,8942
104.079693,30.836535,-1,8943
103.966854,30.435575,150,8944
104.170104,30.712742,-1,8945
103.936183,30.905573,83,8946
103.952775,31.019777,-1,8947
104.215542,30.649266,-1,8948
103.554421,30.610035,-1,8949
104.109997,30.501294,-1,8950
103.909187,30.898372,-1,8951
104.26176,30.938436,-1,8952
103.883629,30.665878,55,8953
104.095721,30.846331,-1,8954
103.959485,30.36356,167,8955
104.469713,30.847695,149,8956
104.190345,30.5141,-1,8957
104.001791,30.884423,228,8958
103.910186,30.731615,-1,8959
104.111347,30.421023,-1,8960
103.904135,30.915712,-1,8961
104.111188,30.10983,-1,8962
103.977477,30.533694,-1,8963
103.939712,30.61736,-1,8964
104.489595,30.493772,72,8965
104.221245,30.639386,33,8966
103.99698,30.631583,-1,8967
103.71742,30.591364,-1,8968
103.972674,30.469631,110,8969
103.677269,30.337294,-1,8970
103.781854,30.640628,-1,8971
104.412387,30.344797,189,8972
103.644925,31.016323,-1,8973
103.957707,30.43909,-1,8974
103.945402,30.95249,-1,8975
104.166825,30.636726,-1,8976
104.319026,30.714567,-1,8977
104.446803,30.473235,-1,8978
103.527482,31.415532,59,8979
103.829172,30.39644,-1,8980
104.074598,30.735417,-1,8981
104.049892,30.541722,-1,8982
104.087743,30.677994,-1,8983
103.812184,30.632564,51,8984
104.125291,30.769688,75,8985
104.414455,30.61878,-1,8986
103.723294,30.660588,-1,8987
104.16054,30.700313,-1,8988
103.716715,30.404491,-1,8989
103.720326,30.563755,-1,8990
103.817701,30.634016,213,8991
104.052043,30.669603,-1,8992
104.120657,30.773214,164,8993
104.120146,30.773102,164,8994
104.235574,30.646438,4,8995
104.139536,30.408295,-1,8996
103.834831,30.816682,-1,8997
104.096531,30.539814,-1,8998
103.853287,30.442152,-1,8999
103.929459,30.941843,-1,9000
104.326451,30.86021,38,9001
104.328233,30.34582,-1,9002
104.356157,30.66126,-1,9003
103.960285,30.616263,-1,9004
104.151601,30.399831,-1,9005
104.355286,30.84322,-1,9006
103.738326,30.577311,-1,9007
104.513565,30.512968,-1,9008
104.804157,30.152326,64,9009
103.767616,30.423578,-1,9010
104.050323,30.663865,92,9011
104.027696,30.723072,-1,9012
104.204054,30.703762,-1,9013
104.092995,30.798099,-1,9014
104.055852,30.847786,77,9015
104.064381,30.633131,117,9016
103.695922,30.653847,-1,9017
104.195959,30.527712,-1,9018
104.205363,31.192129,-1,9019
104.051135,30.6641,92,9020
103.62548,30.9318,-1,9021
103.544802,30.20907,-1,9022
104.166422,30.628294,-1,9023
103.884917,30.388607,199,9024
103.66321,30.901208,-1,9025
104.072384,30.569884,-1,9026
104.583863,30.34064,-1,9027
103.561754,30.748549,140,9028
103.773827,30.437381,-1,9029
103.886989,30.820549,-1,9030
104.11001,30.393885,-1,9031
103.952306,30.936879,-1,9032
103.886847,30.590422,-1,9033
104.06618,31.258678,-1,9034
102.123896,29.646746,-1,9035
104.064472,30.611065,-1,9036
104.429439,30.849359,-1,9037
104.244687,30.645486,46,9038
103.59264,30.831534,-1,9039
104.102784,30.515184,266,9040
104.202953,30.726044,30,9041
103.999609,30.594635,-1,9042
104.092377,30.564941,-1,9043
104.51354,30.351581,-1,9044
104.22123,30.639189,33,9045
104.417425,30.802341,-1,9046
104.326552,30.860394,38,9047
104.24631,30.647969,-1,9048
104.29816,30.390245,-1,9049
103.981071,30.494311,-1,9050
104.065054,30.439624,-1,9051
104.193569,31.615769,-1,9052
104.365149,30.502703,-1,9053
104.522334,30.663028,253,9054
104.033987,30.493865,-1,9055
104.011395,30.793392,-1,9056
103.658771,30.89848,-1,9057
104.161749,30.599578,7,9058
103.935666,30.90553,83,9059
104.193404,30.739542,-1,9060
103.937586,30.937584,-1,9061
104.041659,30.599739,-1,9062
103.554747,30.555281,-1,9063
104.033258,30.466386,-1,9064
103.964624,30.636783,86,9065
103.842775,30.648526,-1,9066
104.02997,29.113353,-1,9067
103.936473,30.613818,29,9068
104.474729,30.418992,-1,9069
104.023289,30.894251,-1,9070
103.948482,30.501128,-1,9071
103.899927,30.784676,-1,9072
104.663069,30.051455,-1,9073
104.248878,30.77276,118,9074
103.645952,30.953556,-1,9075
103.97331,30.429047,-1,9076
104.243338,30.645921,46,9077
104.415362,30.991149,-1,9078
104.296215,30.994935,-1,9079
104.062733,30.235176,-1,9080
104.24505,30.783998,-1,9081
103.746211,30.393864,-1,9082
104.076181,30.770957,-1,9083
104.120397,30.693153,-1,9084
104.678204,30.0703,-1,9085
104.296957,30.386756,-1,9086
103.846309,30.457121,-1,9087
103.800348,30.830844,-1,9088
104.111822,30.940485,-1,9089
104.37803,30.455588,-1,9090
104.175593,30.715237,53,9091
104.173312,30.62428,-1,9092
104.141128,30.612447,-1,9093
103.640456,30.465838,119,9094
103.970866,30.649955,85,9095
103.77192,30.3465,-1,9096
104.198522,30.582107,229,9097
104.127895,30.627018,-1,9098
104.644033,30.669336,-1,9099
104.393268,30.298242,104,9100
104.056826,30.448639,-1,9101
104.00152,30.81198,-1,9102
104.093321,30.581678,67,9103
104.103263,30.640967,-1,9104
104.107171,30.587242,141,9105
104.022624,30.651692,-1,9106
104.206004,30.808685,-1,9107
104.087105,30.804195,-1,9108
104.014276,30.766743,-1,9109
104.171107,30.638611,-1,9110
103.382507,30.733597,-1,9111
104.263718,29.943034,233,9112
103.851371,30.437263,161,9113
104.365133,30.502753,-1,9114
103.680965,31.033691,-1,9115
103.992595,30.745829,-1,9116
104.627206,30.308277,-1,9117
104.150064,30.61606,179,9118
104.227355,30.858199,255,9119
103.840408,30.359761,-1,9120
103.943957,30.33679,262,9121
104.022356,30.501169,-1,9122
104.354474,30.288994,-1,9123
103.516134,30.428011,-1,9124
104.197205,30.43103,-1,9125
104.019907,30.493678,-1,9126
104.181715,31.023096,-1,9127
103.512618,29.271099,-1,9128
104.227274,30.861396,-1,9129
103.819619,30.665101,-1,9130
104.14973,30.585911,-1,9131
104.213983,30.651533,88,9132
104.078844,30.365981,250,9133
104.489638,30.493838,72,9134
103.912104,30.798461,39,9135
103.904187,30.683176,-1,9136
104.243252,30.645897,46,9137
104.084634,30.446614,41,9138
103.925645,30.474573,-1,9139
104.115399,30.378497,-1,9140
104.49101,30.321664,-1,9141
103.60399,30.73858,-1,9142
104.064791,30.633028,117,9143
103.961679,30.452863,-1,9144
103.661656,30.397309,-1,9145
104.032954,30.466425,267,9146
104.60293,30.739662,-1,9147
104.089952,30.832548,-1,9148
103.695905,29.228001,-1,9149
103.685663,30.946495,-1,9150
103.967606,30.586149,91,9151
103.94025,30.999155,-1,9152
104.235753,30.646448,4,9153
104.277749,30.639893,-1,9154
103.853922,30.339906,-1,9155
104.000285,30.520355,-1,9156
104.106795,30.755831,-1,9157
103.937595,30.614788,29,9158
103.561314,30.74873,140,9159
103.671368,30.276615,-1,9160
104.119045,30.723493,-1,9161
103.937257,30.614772,29,9162
103.494404,30.540854,-1,9163
104.115861,30.585159,82,9164
103.874047,30.774171,-1,9165
104.22937,30.854229,-1,9166
104.099362,30.426965,-1,9167
104.222574,30.666126,-1,9168
104.069786,30.768493,69,9169
104.237691,30.653228,142,9170
104.099516,30.466901,245,9171
104.076105,30.455339,-1,9172
103.819134,30.907332,-1,9173
103.859373,30.287727,-1,9174
103.89769,30.493148,-1,9175
104.102784,30.515184,266,9176
103.977678,30.688101,218,9177
104.268049,30.650256,173,9178
104.08067,30.513271,123,9179
103.681976,30.596658,24,9180
103.958599,30.649078,178,9181
104.011999,30.794359,-1,9182
103.867172,30.77703,-1,9183
104.193288,30.740701,225,9184
103.97749,30.689316,218,9185
104.318684,30.861126,108,9186
104.519119,31.391312,-1,9187
103.849436,30.811785,-1,9188
104.257411,30.530302,-1,9189
104.53544,30.352773,-1,9190
104.16921,30.532036,-1,9191
103.549142,30.743707,-1,9192
103.937225,30.61381,29,9193
104.02767,30.482095,-1,9194
104.186644,30.707726,-1,9195
104.177502,30.724272,-1,9196
104.116614,30.888001,-1,9197
104.19422,30.691617,-1,9198
104.078867,30.758646,-1,9199
104.254775,30.859201,157,9200
103.348423,30.419082,-1,9201
103.685386,30.619412,-1,9202
104.365398,30.502119,-1,9203
104.491082,30.322498,-1,9204
103.832295,30.775225,-1,9205
104.003326,29.125201,-1,9206
103.884548,31.087651,-1,9207
103.977013,30.445341,-1,9208
104.183447,30.717299,58,9209
103.597954,31.011,-1,9210
104.503144,30.468469,-1,9211
104.178104,30.727136,-1,9212
103.97118,30.650386,85,9213
104.523528,30.436855,-1,9214
103.987679,30.540799,-1,9215
104.032622,30.475961,-1,9216
103.468559,30.434432,-1,9217
104.474571,30.598698,-1,9218
103.66192,30.440822,-1,9219
104.242752,30.650013,9,9220
103.804785,30.743818,-1,9221
104.136004,31.078567,-1,9222
103.878834,30.19824,79,9223
103.61807,30.873359,-1,9224
104.19711,30.738341,-1,9225
104.132588,30.575947,-1,9226
103.458574,30.988323,-1,9227
103.556767,30.744174,-1,9228
103.655024,30.926271,37,9229
103.967848,30.393983,-1,9230
103.663053,30.910429,-1,9231
104.167701,30.615777,-1,9232
103.943311,30.335738,262,9233
104.077593,30.794784,105,9234
103.970903,30.989096,19,9235
102.818777,29.799736,-1,9236
103.922655,30.279256,-1,9237
103.713577,30.317628,-1,9238
103.452708,30.473978,-1,9239
103.993978,30.637689,-1,9240
104.016334,30.449588,-1,9241
103.710088,30.395305,-1,9242
104.164534,30.549355,-1,9243
104.595579,30.717385,-1,9244
104.489533,30.493619,72,9245
104.541348,31.858746,-1,9246
104.299339,30.390872,-1,9247
103.21473,30.076727,-1,9248
104.248865,30.772773,118,9249
104.140122,30.781883,-1,9250
103.781477,30.640178,-1,9251
104.162323,30.55663,99,9252
104.273294,30.629431,-1,9253
104.072032,30.249418,-1,9254
104.148428,30.402431,-1,9255
104.311668,30.298834,26,9256
104.070393,30.516848,-1,9257
103.861393,30.803569,131,9258
103.997996,30.755001,-1,9259
103.531714,31.405136,11,9260
104.366487,30.306666,-1,9261
104.403399,30.353385,-1,9262
104.040152,30.707417,-1,9263
103.647435,30.951473,-1,9264
104.129803,30.61192,-1,9265
103.92313,30.717274,13,9266
104.057486,30.442353,-1,9267
104.003489,30.434931,-1,9268
103.985857,30.529001,-1,9269
103.820414,30.91289,-1,9270
104.211155,30.764398,-1,9271
103.936425,30.614202,29,9272
103.934679,30.548672,-1,9273
104.003843,30.606379,111,9274
104.294721,29.659585,-1,9275
104.234854,30.646054,4,9276
104.134138,30.732826,-1,9277
103.857009,30.628926,-1,9278
103.909009,30.542341,139,9279
104.215118,30.583186,21,9280
104.018295,30.154792,-1,9281
103.54747,30.746641,-1,9282
104.175396,30.441871,-1,9283
103.796713,31.034352,-1,9284
104.529984,30.363078,-1,9285
103.887401,30.592965,-1,9286
103.749746,30.808254,-1,9287
103.800667,30.631912,-1,9288
104.268049,30.650256,173,9289
104.052156,30.487072,-1,9290
104.154604,30.638907,-1,9291
104.432422,30.472686,-1,9292
104.131267,30.960321,-1,9293
103.937646,30.614234,29,9294
104.235869,30.647054,4,9295
103.969243,30.366334,155,9296
104.118307,30.757059,44,9297
103.860727,30.337309,-1,9298
103.981887,30.627024,-1,9299
103.861577,30.796667,-1,9300
103.826547,30.799673,-1,9301
104.083257,30.455043,222,9302
104.386831,30.301904,-1,9303
103.60322,30.998541,-1,9304
104.349975,30.809492,-1,9305
103.937592,30.614381,29,9306
104.04517,30.453628,-1,9307
104.116883,30.698557,-1,9308
104.125109,30.769202,75,9309
103.759334,30.665656,-1,9310
103.897223,30.836211,102,9311
103.876291,30.35961,-1,9312
104.32616,30.278758,-1,9313
103.972211,30.542235,162,9314
104.272974,30.81454,-1,9315
103.907314,30.624947,-1,9316
103.893483,30.51336,215,9317
104.214655,30.648502,-1,9318
104.068815,30.693102,-1,9319
103.919244,30.663689,-1,9320
103.751719,30.328519,-1,9321
104.173882,30.787429,254,9322
104.04302,30.470487,-1,9323
104.318141,30.713646,-1,9324
103.466046,30.438171,113,9325
104.115236,30.765806,-1,9326
103.972114,30.991207,-1,9327
103.627052,30.970174,-1,9328
104.098585,30.885143,73,9329
103.998561,30.014783,-1,9330
104.249032,30.772628,118,9331
104.049464,30.476873,90,9332
103.643495,30.470082,-1,9333
103.854838,29.870939,-1,9334
104.349385,30.360146,-1,9335
104.166109,30.705601,-1,9336
104.750724,29.862646,-1,9337
103.701348,30.602607,35,9338
103.848899,30.430252,-1,9339
103.598616,30.75077,-1,9340
103.919044,30.691849,-1,9341
104.04737,30.449398,-1,9342
103.995585,30.25368,-1,9343
104.147772,30.692019,-1,9344
104.181388,30.682545,-1,9345
103.887288,30.528682,23,9346
104.339844,31.126136,-1,9347
103.813131,30.632005,51,9348
103.814381,30.633054,51,9349
104.044141,30.44564,145,9350
104.138468,30.610724,170,9351
103.922793,30.795031,-1,9352
103.457283,30.477437,-1,9353
104.80422,30.152264,64,9354
103.838233,30.352466,-1,9355
104.488561,30.493355,72,9356
104.274822,30.655512,-1,9357
102.828386,29.787254,-1,9358
104.800922,29.728511,-1,9359
104.172468,30.485537,174,9360
104.045479,30.453703,-1,9361
103.760194,30.665182,-1,9362
104.066885,30.565739,-1,9363
104.277225,30.638834,-1,9364
104.022552,30.429493,-1,9365
103.489437,30.749457,-1,9366
104.308457,30.865177,36,9367
104.036712,30.232648,-1,9368
104.149315,30.575502,-1,9369
103.795956,31.167047,-1,9370
103.937862,30.614419,29,9371
104.224906,30.641278,-1,9372
103.670317,30.653443,-1,9373
104.174688,30.660864,-1,9374
104.194604,30.681889,-1,9375
104.165368,30.448759,-1,9376
104.444203,30.399573,-1,9377
103.653389,30.517868,-1,9378
104.042718,30.465721,-1,9379
103.84454,30.012646,-1,9380
104.089858,30.549519,-1,9381
103.982238,30.829364,-1,9382
104.794295,29.72996,-1,9383
104.206232,30.559901,-1,9384
103.967999,30.948338,-1,9385
104.256929,30.857441,-1,9386
104.162189,30.685553,-1,9387
104.163542,30.666878,-1,9388
103.701437,30.602583,35,9389
103.9605,30.640177,-1,9390
104.332268,30.355695,-1,9391
104.302918,30.994529,-1,9392
104.082624,30.454926,222,9393
104.020616,30.544327,-1,9394
104.173786,30.484902,174,9395
103.888603,30.556652,133,9396
104.109148,30.508097,-1,9397
104.005527,30.482264,-1,9398
103.867331,30.454931,-1,9399
104.125314,30.769369,75,9400
103.981353,30.785379,14,9401
104.049623,30.694493,-1,9402
104.1347,30.805968,235,9403
104.079751,30.683578,-1,9404
103.851116,30.437348,161,9405
104.207795,30.563635,-1,9406
104.325286,30.286191,-1,9407
103.950393,30.834733,-1,9408
103.814771,30.645472,-1,9409
104.296183,30.993824,-1,9410
103.528014,30.376752,-1,9411
103.53065,30.738524,-1,9412
104.237461,30.652802,142,9413
104.3438,30.623842,-1,9414
104.186629,30.553433,135,9415
104.212973,30.650314,-1,9416
104.213532,30.744972,-1,9417
104.179907,30.68935,-1,9418
104.07209,30.680544,-1,9419
104.804157,30.152976,64,9420
103.845757,30.804266,-1,9421
103.897443,30.491387,-1,9422
103.684715,30.87896,-1,9423
103.524963,30.197756,-1,9424
103.810171,30.631812,51,9425
103.721275,30.623497,-1,9426
104.107171,30.587242,141,9427
104.085074,30.446673,41,9428
104.226192,30.525715,184,9429
104.078647,30.683969,-1,9430
104.193714,30.680208,-1,9431
104.224115,30.67492,208,9432
104.103688,30.387265,-1,9433
104.125254,30.769252,75,9434
103.998838,30.467008,151,9435
104.088602,30.777713,-1,9436
104.059748,29.093086,-1,9437
104.048365,30.475561,-1,9438
103.814381,30.633054,51,9439
104.098529,30.459723,-1,9440
103.969543,30.98202,172,9441
103.824896,30.665034,-1,9442
103.903002,30.658451,16,9443
104.236484,30.646536,4,9444
104.220903,30.638646,33,9445
103.65393,30.897079,-1,9446
103.9994,30.466891,151,9447
103.647858,30.951642,-1,9448
104.50991,30.617557,-1,9449
103.992178,30.61552,-1,9450
104.031828,30.321509,-1,9451
104.226158,30.524978,184,9452
103.815383,30.633332,51,9453
104.075549,30.736964,-1,9454
103.640271,30.465925,119,9455
103.921528,30.293411,-1,9456
103.897432,30.836462,102,9457
104.093415,30.362212,-1,9458
103.437758,30.617201,-1,9459
104.204041,30.748471,-1,9460
104.198597,30.659774,-1,9461
104.043187,30.447251,145,9462
103.959792,30.151962,234,9463
104.391096,30.282455,127,9464
104.804286,30.152097,64,9465
103.952682,30.999564,220,9466
104.308833,30.395126,-1,9467
103.816107,30.675142,-1,9468
104.033017,30.466359,-1,9469
104.449181,30.480669,-1,9470
103.958017,30.463653,-1,9471
104.259585,30.09297,-1,9472
103.650254,30.542942,-1,9473
103.703805,30.799223,-1,9474
104.152189,30.776791,-1,9475
104.321123,30.287384,-1,9476
104.052406,30.245917,136,9477
103.987056,30.453974,-1,9478
104.17998,30.61937,-1,9479
104.195383,30.58828,-1,9480
104.388151,30.746809,-1,9481
104.497011,30.342849,-1,9482
104.02009,29.139551,50,9483
103.888256,30.556099,133,9484
103.976588,30.467781,-1,9485
103.935185,30.905726,83,9486
104.046797,30.427418,3,9487
104.056803,30.427961,-1,9488
104.077481,30.794866,105,9489
103.891157,30.681144,-1,9490
104.079079,30.81821,-1,9491
103.936797,30.614167,29,9492
104.155006,30.726757,-1,9493
104.318484,30.273094,165,9494
104.07884,30.366114,250,9495
103.972915,30.470081,110,9496
103.973093,30.4695,110,9497
103.70174,30.602441,35,9498
103.89145,30.409904,-1,9499
104.043741,31.280039,-1,9500
103.679697,30.379912,-1,9501
104.081867,30.516743,-1,9502
104.134997,30.709553,-1,9503
104.001427,30.597807,-1,9504
103.877077,30.167374,-1,9505
104.226069,30.525276,184,9506
103.978434,30.200575,-1,9507
103.918524,30.872526,-1,9508
103.425491,30.46043,-1,9509
103.810075,30.630514,-1,9510
104.308918,30.865531,36,9511
103.694688,30.52573,-1,9512
104.201949,30.726115,30,9513
104.408085,30.340102,-1,9514
103.912272,30.631015,60,9515
104.000709,30.762886,191,9516
104.185766,30.71847,34,9517
103.496964,30.547233,244,9518
103.242181,30.148704,-1,9519
104.62106,30.891245,-1,9520
104.29162,30.59304,-1,9521
103.773882,30.437047,-1,9522
104.198686,30.582045,229,9523
104.108364,30.649259,-1,9524
104.315036,30.605315,-1,9525
103.755644,30.340804,-1,9526
104.146935,30.623775,-1,9527
104.57036,30.34975,-1,9528
104.020893,29.139552,50,9529
104.242465,30.650069,9,9530
104.523129,30.436288,-1,9531
104.355824,30.663816,-1,9532
104.099349,30.46706,245,9533
104.585285,30.118093,-1,9534
103.905198,30.477176,-1,9535
104.171602,30.635868,-1,9536
103.974108,30.964681,-1,9537
104.029622,30.480695,264,9538
104.16987,30.615032,15,9539
103.819217,30.655367,-1,9540
104.136006,30.405066,-1,9541
104.366833,30.30378,-1,9542
104.106631,30.740439,-1,9543
104.043686,30.39208,-1,9544
104.177958,30.719091,121,9545
103.490063,31.343588,-1,9546
104.011025,30.510654,-1,9547
103.482672,30.383801,143,9548
104.247124,30.284441,-1,9549
103.819297,30.797193,-1,9550
104.312478,30.298385,26,9551
103.498871,30.542358,205,9552
103.893245,30.513764,215,9553
104.973518,30.27066,-1,9554
104.099702,30.498396,-1,9555
104.136238,30.405335,-1,9556
104.102431,30.49653,114,9557
104.157802,30.69198,180,9558
103.0902,30.386972,-1,9559
104.027925,30.451039,158,9560
104.083993,30.238292,-1,9561
103.96808,30.586408,91,9562
103.561304,30.748734,140,9563
104.222887,30.591039,-1,9564
103.100182,30.080986,-1,9565
103.859791,30.301388,89,9566
104.10034,30.443692,-1,9567
103.77736,30.636625,-1,9568
103.800933,30.396412,-1,9569
103.995568,30.612728,-1,9570
104.034548,30.465125,224,9571
103.937459,30.613355,29,9572
103.926257,30.805899,-1,9573
104.255569,30.870411,-1,9574
104.546872,30.67339,-1,9575
104.053023,30.454908,-1,9576
103.96691,30.662064,-1,9577
104.183234,30.710879,147,9578
104.488465,30.493372,72,9579
103.674458,30.905778,-1,9580
103.937972,30.61929,12,9581
104.3604,30.747855,-1,9582
103.957245,30.723223,252,9583
103.855787,30.629162,-1,9584
104.083153,30.637357,-1,9585
104.521963,30.662164,253,9586
103.889606,30.499143,-1,9587
103.667432,30.90225,-1,9588
103.600837,31.064974,76,9589
104.258133,30.832389,-1,9590
104.243372,30.6457,46,9591
103.818627,30.634298,-1,9592
103.68196,30.596658,24,9593
104.140846,30.610925,-1,9594
103.474819,30.516737,-1,9595
103.922783,30.475158,-1,9596
104.000252,30.483548,-1,9597
104.053811,30.456939,217,9598
104.391303,30.280915,127,9599
104.312101,30.298368,26,9600
104.500304,30.481959,-1,9601
104.100925,30.497631,114,9602
104.188631,30.731806,-1,9603
103.878466,30.198475,79,9604
104.055558,30.430699,-1,9605
103.498767,30.554563,-1,9606
104.236853,30.647454,4,9607
104.669455,29.504054,238,9608
103.867175,30.535036,144,9609
104.603721,30.684284,124,9610
103.917303,30.771932,-1,9611
104.624707,30.886358,-1,9612
103.452799,30.374575,71,9613
103.837922,30.360335,237,9614
104.085945,30.581267,227,9615
103.790747,29.442401,-1,9616
103.502476,30.356862,-1,9617
103.774877,30.878099,-1,9618
103.920018,30.232478,66,9619
104.144101,30.533879,-1,9620
103.968374,30.665784,-1,9621
104.507887,30.509098,-1,9622
104.016509,29.138735,-1,9623
103.660843,30.980223,221,9624
104.276944,30.638753,-1,9625
104.050873,30.664234,92,9626
104.134562,30.806053,235,9627
104.060119,30.565842,-1,9628
103.94927,30.636708,-1,9629
103.94908,30.515739,0,9630
103.923314,30.716558,13,9631
103.94613,30.92099,-1,9632
103.942617,30.333972,-1,9633
104.075132,30.72546,-1,9634
104.3265,30.860311,38,9635
103.851067,30.437146,161,9636
103.887886,30.661359,-1,9637
103.76035,30.394196,-1,9638
104.267474,30.854959,-1,9639
103.641048,31.012516,-1,9640
103.965835,30.625033,-1,9641
104.054279,30.646522,-1,9642
104.109925,30.767478,-1,9643
104.10865,30.505907,260,9644
104.148103,30.625893,-1,9645
104.367858,30.716145,-1,9646
104.180676,30.646546,-1,9647
104.039512,30.225792,97,9648
103.894163,30.363304,-1,9649
102.089254,31.568775,-1,9650
104.029748,30.478325,-1,9651
104.318543,30.861346,108,9652
104.531083,30.394122,-1,9653
104.071138,30.725231,6,9654
104.332248,30.785665,-1,9655
104.071061,30.725248,6,9656
104.254396,30.609987,-1,9657
104.109902,30.505176,263,9658
104.10622,30.507152,154,9659
104.237521,30.653002,142,9660
103.954512,30.570558,-1,9661
103.674359,31.028618,-1,9662
103.50552,30.559117,177,9663
104.203345,30.747567,-1,9664
104.335767,30.660901,-1,9665
103.66288,30.970863,87,9666
103.959264,30.431503,-1,9667
103.745277,30.513168,-1,9668
103.649517,30.932486,-1,9669
104.412207,30.903164,-1,9670
104.189852,30.731676,-1,9671
104.235022,30.646002,4,9672
103.933799,30.859637,-1,9673
104.107448,30.507979,154,9674
104.662907,31.091194,-1,9675
104.164378,30.701403,-1,9676
103.908839,30.543271,139,9677
103.959648,30.363813,167,9678
104.323746,30.645085,126,9679
104.001345,30.887746,-1,9680
104.14342,30.589592,-1,9681
103.908181,30.660848,-1,9682
103.940609,30.614026,65,9683
104.101715,30.516156,266,9684
103.946556,30.553162,-1,9685
104.466137,30.343935,-1,9686
103.754241,31.014271,-1,9687
103.562724,30.530464,-1,9688
103.945744,30.485722,-1,9689
103.640397,30.466555,119,9690
103.993775,30.564947,-1,9691
104.469497,30.847845,149,9692
103.934716,30.548675,-1,9693
104.135419,30.756518,-1,9694
103.825837,31.021208,-1,9695
103.902258,30.658375,16,9696
104.231377,31.03238,-1,9697
104.574474,30.730654,-1,9698
103.974108,30.964681,-1,9699
104.465419,30.866535,-1,9700
103.695558,30.937189,-1,9701
104.260517,30.656164,-1,9702
104.061346,30.419099,236,9703
104.391369,30.286956,-1,9704
104.569477,30.371873,-1,9705
104.30122,30.31652,-1,9706
103.819985,30.465813,-1,9707
104.096018,30.594202,-1,9708
104.435204,30.349699,-1,9709
104.099911,30.458902,226,9710
104.351573,30.678429,-1,9711
104.413619,30.351087,-1,9712
103.957089,30.034672,-1,9713
103.498616,30.176417,-1,9714
103.9452,31.001918,-1,9715
104.056191,30.635658,-1,9716
103.642869,30.942396,48,9717
104.187822,30.793537,-1,9718
104.489725,30.493852,72,9719
104.224988,30.793991,52,9720
103.79542,29.434871,-1,9721
103.998886,30.669473,-1,9722
104.335237,30.705337,-1,9723
104.45168,30.486624,-1,9724
104.071697,30.59837,-1,9725
104.107258,30.491717,196,9726
104.125932,30.586441,-1,9727
104.354064,30.43565,-1,9728
104.555455,30.35282,31,9729
103.781974,30.67593,152,9730
104.054147,30.466675,-1,9731
104.167657,30.393627,-1,9732
104.138707,30.610783,170,9733
104.054164,30.458737,-1,9734
103.962915,30.663187,-1,9735
103.972889,30.800718,146,9736
104.886301,29.756982,-1,9737
103.661038,30.961235,2,9738
103.976552,30.767659,-1,9739
103.49526,30.407017,-1,9740
103.96332,30.932157,-1,9741
104.145748,30.707388,-1,9742
103.84066,30.541706,-1,9743
103.963364,30.811076,-1,9744
103.677183,30.90057,-1,9745
104.669174,29.503953,238,9746
103.602187,30.516856,-1,9747
104.04694,30.428109,3,9748
104.164591,30.65898,176,9749
103.956898,30.377699,-1,9750
104.061882,30.419118,236,9751
104.398329,30.976892,-1,9752
104.044111,30.445805,145,9753
103.968427,30.806227,-1,9754
103.859269,30.827605,188,9755
103.812184,30.632564,51,9756
104.112451,30.753154,116,9757
104.020631,29.139636,50,9758
104.385726,30.300968,-1,9759
104.081163,30.690695,-1,9760
103.429646,30.380379,-1,9761
104.422545,30.823833,-1,9762
104.380954,30.640438,-1,9763
104.230386,30.872423,-1,9764
104.220768,30.63892,33,9765
103.914237,30.675378,129,9766
104.235206,30.646799,4,9767
104.328929,30.30515,-1,9768
103.482369,30.383816,143,9769
104.384544,30.301518,-1,9770
104.161525,30.5998,7,9771
102.212872,29.824078,-1,9772
104.050634,30.447026,-1,9773
103.725157,30.332015,-1,9774
103.940569,30.614142,65,9775
104.555427,30.35276,31,9776
104.424074,30.861553,-1,9777
103.949184,30.515641,0,9778
103.455769,30.748563,-1,9779
104.134563,30.589324,-1,9780
104.324242,31.119869,-1,9781
103.848309,30.623147,-1,9782
104.047575,30.428927,3,9783
104.06618,31.258678,-1,9784
104.072532,30.248673,-1,9785
103.617018,30.858593,-1,9786
102.805032,30.277688,-1,9787
104.703218,30.083258,-1,9788
104.187213,30.590596,-1,9789
103.95146,30.339599,-1,9790
104.077506,30.794522,105,9791
104.495359,30.417865,-1,9792
104.072162,30.73141,-1,9793
103.721584,30.605856,-1,9794
104.052998,30.851323,-1,9795
103.795507,30.621731,-1,9796
104.155965,30.580409,-1,9797
103.496317,30.753054,-1,9798
104.108506,30.459246,-1,9799
103.966517,30.625985,-1,9800
103.966234,31.004363,-1,9801
103.724742,30.578403,130,9802
104.188194,30.76576,-1,9803
104.570762,31.03433,-1,9804
104.199268,30.671945,-1,9805
103.646106,31.01666,-1,9806
104.108068,30.554702,-1,9807
103.980416,30.824885,-1,9808
104.055717,30.758923,-1,9809
103.527455,31.41567,59,9810
103.712518,29.09556,-1,9811
104.043887,30.446061,145,9812
104.044272,30.446996,145,9813
104.079775,30.513645,123,9814
104.135169,30.805836,235,9815
104.170772,30.615273,15,9816
104.209975,30.901594,-1,9817
104.099182,30.748618,-1,9818
104.306275,30.307774,-1,9819
104.135002,30.805985,235,9820
103.884837,30.388686,199,9821
104.071647,30.248916,-1,9822
104.198215,30.582029,229,9823
103.917371,30.397457,248,9824
103.71668,30.593517,-1,9825
104.000482,30.520405,-1,9826
103.414888,30.75719,-1,9827
103.803435,30.642019,-1,9828
103.937155,30.613453,29,9829
104.081624,30.456295,-1,9830
103.888521,30.556213,133,9831
104.472984,30.494051,-1,9832
103.914269,30.675325,129,9833
104.008783,30.59067,43,9834
103.533641,30.524622,-1,9835
103.727928,30.559085,-1,9836
103.801219,31.02627,-1,9837
104.181893,30.712724,-1,9838
103.923192,30.937656,-1,9839
103.949852,30.487291,-1,9840
104.111382,30.497468,-1,9841
104.286403,30.968423,-1,9842
104.046686,30.453401,-1,9843
104.146274,30.909706,-1,9844
104.565243,30.37118,32,9845
103.974473,31.067841,-1,9846
102.436769,29.136551,-1,9847
104.071509,30.689329,-1,9848
104.615112,30.163391,-1,9849
103.795956,31.167047,-1,9850
104.16323,30.663871,-1,9851
103.51768,30.578566,-1,9852
104.312573,30.289518,-1,9853
104.29574,30.388175,-1,9854
103.681848,30.596773,24,9855
103.892686,31.019971,-1,9856
104.119849,30.772851,164,9857
103.847087,30.54116,-1,9858
103.572048,29.707295,-1,9859
104.019127,29.138972,50,9860
103.504352,30.356544,-1,9861
104.050853,30.476099,90,9862
104.468958,30.847736,149,9863
103.998741,30.464339,-1,9864
103.960282,30.7966,-1,9865
104.539605,30.661056,-1,9866
103.517845,30.57819,-1,9867
103.965723,30.63733,86,9868
103.060382,30.027983,-1,9869
104.072057,30.263706,-1,9870
103.940685,30.61409,65,9871
103.883825,30.48005,-1,9872
103.970795,30.650138,85,9873
104.214616,30.651788,88,9874
103.858068,31.065242,80,9875
104.448874,30.854148,-1,9876
104.06054,31.245485,8,9877
104.075594,30.737325,-1,9878
104.539062,31.859281,-1,9879
104.072013,30.226454,-1,9880
103.254225,31.10401,-1,9881
103.765213,30.578351,-1,9882
103.993617,30.242756,-1,9883
104.244699,30.78322,-1,9884
104.54541,30.599512,-1,9885
104.256215,30.522674,-1,9886
103.950658,30.662019,-1,9887
103.784943,30.455315,-1,9888
103.874761,30.863377,-1,9889
103.708358,29.090349,-1,9890
103.530468,31.410452,-1,9891
104.243226,30.649892,9,9892
104.224333,30.484383,-1,9893
103.450525,30.616512,-1,9894
104.555451,30.352444,31,9895
103.660768,30.525211,-1,9896
103.960214,30.517647,40,9897
104.071285,30.725176,6,9898
103.819603,30.665306,-1,9899
104.131845,30.407352,-1,9900
104.221947,30.696192,-1,9901
104.006034,30.520647,-1,9902
103.970834,30.989053,19,9903
103.798085,30.61716,-1,9904
103.961271,30.817892,-1,9905
103.943917,30.336589,262,9906
104.524423,30.65164,-1,9907
104.236149,30.64657,4,9908
104.160125,30.699105,-1,9909
104.041077,30.593493,195,9910
104.073288,30.736237,-1,9911
104.221517,30.638365,33,9912
104.213086,30.611524,-1,9913
104.167431,30.67506,-1,9914
104.176993,30.950747,-1,9915
104.326395,30.86006,38,9916
104.16182,30.599538,7,9917
103.985732,30.032535,-1,9918
103.892227,30.255283,-1,9919
103.884729,30.388494,199,9920
104.093127,30.581262,67,9921
103.983266,30.572194,-1,9922
102.202138,29.726001,-1,9923
104.236021,30.646555,4,9924
104.041212,30.530691,-1,9925
103.505962,30.558894,177,9926
104.191616,30.790356,156,9927
104.543972,30.096741,-1,9928
104.215333,30.82086,192,9929
103.561165,30.748758,140,9930
104.572858,30.708929,-1,9931
104.038484,30.612878,-1,9932
104.008727,30.590917,43,9933
103.846316,30.622275,-1,9934
103.952116,30.42799,160,9935
103.516274,30.75011,98,9936
104.448344,30.996277,-1,9937
104.143823,30.403243,-1,9938
104.091086,30.758181,-1,9939
103.974425,30.737885,-1,9940
104.079649,30.513872,123,9941
104.084239,30.578069,22,9942
104.286461,30.66426,-1,9943
104.001689,30.748018,-1,9944
103.896184,30.474872,-1,9945
103.452338,30.374346,71,9946
104.161887,30.696198,-1,9947
104.197635,30.428714,-1,9948
104.449695,30.480682,-1,9949
103.535339,30.742256,-1,9950
104.207575,30.660279,-1,9951
104.16114,30.692398,-1,9952
104.165751,30.712316,10,9953
104.316654,30.951455,-1,9954
104.183229,30.710789,147,9955
103.900614,30.363409,-1,9956
103.902602,30.658351,16,9957
104.042045,30.464374,-1,9958
103.947834,30.487513,-1,9959
104.069901,30.320758,-1,9960
104.272507,30.827009,-1,9961
103.919294,30.892312,-1,9962
104.107675,30.580687,-1,9963
104.082085,30.577981,22,9964
104.671317,30.055186,-1,9965
104.122188,30.539706,-1,9966
104.119661,30.724142,-1,9967
103.795927,31.238988,-1,9968
103.609413,30.82571,-1,9969
104.155256,30.728684,193,9970
104.205714,30.830112,-1,9971
104.200709,31.188985,-1,9972
104.990563,29.52792,-1,9973
104.206312,30.712747,-1,9974
104.487619,30.493058,72,9975
104.230113,30.852612,-1,9976
104.006137,30.521587,-1,9977
103.710633,30.603279,-1,9978
103.972695,30.622534,137,9979
103.908759,30.543321,139,9980
104.876185,29.772527,-1,9981
103.952353,30.427919,160,9982
104.877298,30.28592,-1,9983
104.112007,30.522028,-1,9984
104.121329,30.539728,-1,9985
103.21473,30.076727,-1,9986
104.136464,30.405437,-1,9987
103.918775,30.243323,-1,9988
104.287241,30.701796,-1,9989
103.977564,30.688194,218,9990
103.879078,30.463596,-1,9991
104.164323,30.658816,176,9992
104.042957,30.447825,145,9993
104.106331,30.755183,-1,9994
103.845111,30.438503,-1,9995
104.363534,30.657477,261,9996
104.552362,29.498903,-1,9997
103.959548,30.517151,40,9998
103.839253,30.317709,-1,9999
103.902633,30.826833,-1,10000
102.150226,31.486993,-1,10001
104.268936,30.578849,-1,10002
104.126789,30.793371,-1,10003
103.893245,30.513764,215,10004
103.663712,30.525431,-1,10005
104.087936,30.579289,-1,10006
104.130374,30.679229,-1,10007
104.090713,30.83237,-1,10008
103.812798,30.632624,51,10009
104.177741,30.719135,121,10010
103.872325,30.462719,-1,10011
104.069366,30.522769,-1,10012
104.09315,30.581498,67,10013
104.133996,30.661883,-1,10014
103.624425,31.482764,-1,10015
104.082285,30.577378,22,10016
104.138194,30.638253,-1,10017
103.952569,30.451255,-1,10018
104.100068,30.459571,226,10019
103.86524,31.044096,-1,10020
103.866553,30.776015,216,10021
104.220768,30.63892,33,10022
103.975761,30.197202,-1,10023
104.183106,30.710817,147,10024
103.891753,30.578631,-1,10025
103.969505,30.981969,172,10026
104.224913,30.794019,52,10027
103.643832,31.451124,-1,10028
104.08338,30.455865,222,10029
103.698253,30.342092,-1,10030
104.547299,29.504613,-1,10031
103.950235,30.662159,-1,10032
104.379831,30.292367,-1,10033
103.929589,30.699732,-1,10034
103.97312,30.429024,-1,10035
103.963212,30.447969,84,10036
103.896501,30.666055,49,10037
103.698467,30.630286,-1,10038
104.543081,30.718288,-1,10039
104.327328,30.306818,148,10040
104.669391,29.504138,238,10041
104.069041,30.56033,-1,10042
104.282977,29.622661,-1,10043
104.509473,30.352577,134,10044
104.300991,30.584566,-1,10045
104.603778,30.685588,124,10046
104.09966,30.460069,226,10047
103.902624,30.834821,169,10048
104.202718,31.188881,-1,10049
103.796497,30.644582,61,10050
104.234958,30.64582,4,10051
103.917194,30.684046,94,10052
104.015448,30.472391,-1,10053
104.00189,30.591202,249,10054
102.961937,30.187727,-1,10055
103.87881,30.198324,79,10056
103.918174,30.684006,94,10057
104.109881,30.50495,263,10058
103.544869,30.209107,-1,10059
103.538083,30.552774,-1,10060
104.148145,30.692392,-1,10061
104.001921,30.763472,-1,10062
104.496915,30.682383,-1,10063
104.316062,30.276739,206,10064
104.177769,30.788845,243,10065
104.028972,30.48015,264,10066
104.589063,30.726758,-1,10067
104.041055,30.916557,-1,10068
104.047789,30.541233,-1,10069
104.105215,30.67446,-1,10070
104.139432,30.789563,-1,10071
104.037393,30.588371,-1,10072
104.537244,30.353427,-1,10073
103.648818,30.477226,-1,10074
104.489595,30.493772,72,10075
104.532588,30.648632,-1,10076
104.070407,30.675422,-1,10077
104.203003,30.725996,30,10078
103.792365,30.187282,-1,10079
104.10545,30.580415,-1,10080
104.522844,30.684631,-1,10081
103.748412,30.393714,-1,10082
103.866714,30.219906,-1,10083
104.235022,30.64597,4,10084
104.211425,31.666446,-1,10085
103.41106,30.764965,-1,10086
103.936922,30.613236,29,10087
104.349996,30.555425,-1,10088
103.912645,30.824763,1,10089
103.916445,30.369423,163,10090
104.244972,30.645266,46,10091
104.148958,30.659317,256,10092
103.861593,30.796683,-1,10093
104.24275,30.501048,-1,10094
103.987878,30.096785,-1,10095
103.887371,30.593028,-1,10096
103.904635,30.676778,-1,10097
103.986093,30.45364,-1,10098
104.641886,29.51843,-1,10099
103.643447,30.47013,-1,10100
102.238804,29.240082,-1,10101
103.962073,30.371175,-1,10102
103.880901,30.414901,-1,10103
104.109145,30.506363,260,10104
103.967369,30.648153,185,10105
103.96732,30.648004,185,10106
104.026127,30.909273,-1,10107
104.312865,30.872708,-1,10108
103.917198,30.397752,248,10109
103.701568,30.602541,35,10110
104.367755,30.501622,-1,10111
104.215774,30.352999,-1,10112
103.825894,30.932244,-1,10113
104.020997,29.139582,50,10114
104.00753,30.743806,-1,10115
103.418256,30.753601,-1,10116
104.564122,30.381099,-1,10117
104.171426,30.48429,174,10118
104.172716,30.48397,174,10119
104.175668,30.727374,-1,10120
104.070299,30.3959,-1,10121
104.57822,30.809675,-1,10122
104.04442,30.28781,-1,10123
103.85097,30.820443,96,10124
104.397416,30.757987,-1,10125
103.860796,30.834899,-1,10126
104.045371,30.598445,-1,10127
104.807699,30.837698,-1,10128
104.223623,30.885052,204,10129
103.878682,30.198274,79,10130
104.48373,30.329361,-1,10131
104.34039,30.460031,-1,10132
104.182791,30.717396,58,10133
104.505542,30.506647,-1,10134
103.97041,30.650255,85,10135
104.495159,30.325809,-1,10136
104.161558,30.599637,7,10137
103.937107,30.613384,29,10138
104.19422,30.691617,-1,10139
104.303887,30.258983,-1,10140
103.93885,31.08777,-1,10141
103.745775,31.106341,-1,10142
104.195077,30.388878,-1,10143
103.998372,30.467056,151,10144
104.02766,30.450504,158,10145
104.285275,30.841333,-1,10146
103.883212,30.411265,-1,10147
103.922913,30.267626,-1,10148
103.917346,30.68438,94,10149
104.482051,30.348509,-1,10150
103.877331,30.572595,-1,10151
104.041369,30.655179,-1,10152
104.107129,30.509971,-1,10153
103.734026,30.596332,-1,10154
103.742431,30.53393,-1,10155
104.183684,29.975875,-1,10156
104.170374,30.482829,-1,10157
104.530001,30.368948,-1,10158
103.956796,30.935857,-1,10159
104.435466,30.836044,-1,10160
103.940347,30.71047,-1,10161
103.923246,30.261135,-1,10162
104.025062,30.515071,-1,10163
103.912805,30.824666,1,10164
102.837044,29.775627,-1,10165
103.796183,30.569311,-1,10166
104.177294,30.718848,121,10167
104.484963,30.347251,-1,10168
104.020112,30.726352,-1,10169
104.332806,30.641907,-1,10170
104.195553,31.677313,-1,10171
104.186644,30.707726,-1,10172
104.071935,30.278936,-1,10173
103.973695,30.410189,-1,10174
104.002275,30.600758,-1,10175
103.917327,30.397752,248,10176
103.862979,30.710657,-1,10177
103.999267,30.627885,-1,10178
104.751236,29.745393,-1,10179
104.099381,30.466936,245,10180
103.815156,30.906643,-1,10181
103.86717,30.535021,144,10182
103.782518,30.458166,-1,10183
103.986844,30.825587,-1,10184
103.953881,30.763822,-1,10185
103.78805,30.669817,-1,10186
104.202892,30.726032,30,10187
103.851004,30.820463,96,10188
104.021224,30.854658,-1,10189
103.960578,30.656193,-1,10190
104.500639,30.489584,-1,10191
103.967458,30.648712,185,10192
103.860031,30.301289,89,10193
103.902139,30.834114,169,10194
103.140316,30.99467,-1,10195
104.177104,30.718789,121,10196
103.971435,30.615126,-1,10197
103.880236,30.604143,-1,10198
103.940403,30.614128,65,10199
103.482297,30.383816,143,10200
104.044272,30.445362,145,10201
103.489771,30.184678,-1,10202
104.592426,30.018886,-1,10203
103.971365,30.650458,85,10204
103.979322,30.638462,-1,10205
104.076327,30.797228,-1,10206
104.17565,30.71535,53,10207
103.847538,30.431079,-1,10208
104.412345,30.903123,-1,10209
104.082461,30.577515,22,10210
104.056051,30.366695,-1,10211
103.797009,30.646604,211,10212
104.202811,30.725905,30,10213
104.255784,30.531397,194,10214
104.433189,30.846593,-1,10215
104.038751,30.794093,-1,10216
104.078719,30.371214,-1,10217
103.957931,30.438992,-1,10218
103.768923,30.577742,-1,10219
103.904339,30.683058,-1,10220
104.120078,30.773014,164,10221
104.195472,30.738077,-1,10222
104.040409,30.447899,-1,10223
103.100085,30.080852,-1,10224
103.936133,30.9057,83,10225
104.664497,31.125481,-1,10226
104.382196,30.286284,-1,10227
104.086343,30.585962,-1,10228
104.262269,29.01883,-1,10229
104.454233,30.347995,-1,10230
104.063057,30.438048,168,10231
103.114924,30.105681,-1,10232
104.099381,30.467102,245,10233
104.164498,30.658648,176,10234
104.187707,30.016634,-1,10235
104.131688,30.519789,-1,10236
104.091838,30.524292,81,10237
104.121835,30.553703,-1,10238
103.972016,30.783005,-1,10239
104.160822,30.737526,-1,10240
104.187578,30.874918,-1,10241
104.052831,30.727099,-1,10242
104.378785,30.356904,-1,10243
103.681896,30.596724,24,10244
104.106643,30.587252,141,10245
104.221168,30.63876,33,10246
103.846519,30.428032,-1,10247
103.934123,30.80669,-1,10248
104.329684,30.853897,-1,10249
104.169222,30.740946,183,10250
104.056807,30.427812,-1,10251
104.039471,30.22571,97,10252
104.077601,30.79494,105,10253
103.437942,30.377468,-1,10254
104.538514,30.723868,-1,10255
104.215629,30.820809,192,10256
104.175587,30.788018,254,10257
104.080988,30.243344,-1,10258
103.835526,30.351837,-1,10259
103.4973,30.545969,239,10260
103.95497,30.492053,-1,10261
104.186175,30.716201,242,10262
104.177918,30.725486,-1,10263
104.330946,30.644983,187,10264
102.692453,29.964237,-1,10265
103.816154,30.486067,-1,10266
103.96368,30.448187,84,10267
104.798277,29.738403,-1,10268
103.517773,30.578179,-1,10269
104.107379,30.780126,-1,10270
103.881694,30.367119,-1,10271
104.174034,30.788048,254,10272
104.312515,30.948085,-1,10273
103.888521,30.556177,133,10274
104.05136,30.259815,159,10275
103.880249,30.404359,138,10276
103.976559,31.036098,-1,10277
104.207871,30.524215,27,10278
104.123466,30.513257,-1,10279
103.943699,30.499242,-1,10280
104.942956,30.284612,-1,10281
103.739769,31.006381,-1,10282
104.120119,30.52208,-1,10283
104.803885,30.153145,64,10284
104.108152,30.545398,171,10285
103.772623,30.345765,-1,10286
104.016509,29.138735,-1,10287
103.840253,30.359793,-1,10288
104.042998,30.448915,-1,10289
103.799186,30.648915,-1,10290
103.675443,30.908491,-1,10291
103.945733,30.922832,-1,10292
104.193622,30.7382,-1,10293
104.006652,30.515483,-1,10294
104.11552,30.580501,-1,10295
104.391417,30.298423,104,10296
104.186579,30.553392,135,10297
103.967799,30.582822,-1,10298
104.538974,31.858748,-1,10299
104.20327,30.726045,30,10300
104.532611,30.648483,-1,10301
104.243063,30.645752,46,10302
103.959806,30.163994,-1,10303
104.130632,30.670362,231,10304
104.101441,30.499943,-1,10305
103.817557,30.634004,213,10306
103.605578,30.734159,-1,10307
103.927778,30.321379,-1,10308
104.320024,30.278147,120,10309
104.095961,30.444042,-1,10310
104.234669,30.646291,4,10311
103.441833,30.751107,-1,10312
104.397481,30.823989,-1,10313
104.176801,30.771163,-1,10314
103.533045,30.572521,-1,10315
104.167778,30.597951,-1,10316
104.530272,30.635699,-1,10317
104.326468,30.860461,38,10318
103.874388,30.314869,-1,10319
103.921176,30.703074,25,10320
104.244973,30.645376,46,10321
104.071491,30.725145,6,10322
103.532427,30.549453,-1,10323
104.309134,30.865095,36,10324
104.093565,30.580939,67,10325
104.149193,30.659611,256,10326
104.062128,31.245015,-1,10327
104.352358,30.667763,-1,10328
103.790408,29.635833,198,10329
104.2433,30.645702,46,10330
103.764199,30.043496,-1,10331
103.967056,30.648394,185,10332
104.141112,30.611302,-1,10333
104.225155,30.707521,-1,10334
104.228014,30.788089,-1,10335
104.882448,30.083014,-1,10336
104.326724,30.860092,38,10337
104.208332,30.794807,-1,10338
103.713809,30.526308,74,10339
104.192112,31.192699,-1,10340
104.140267,30.646099,-1,10341
104.071432,30.725156,6,10342
104.093407,30.581605,67,10343
103.867381,30.535142,144,10344
104.597985,30.45652,-1,10345
103.72404,30.55989,-1,10346
104.354535,30.435976,-1,10347
103.701638,30.602445,35,10348
103.904696,30.91556,-1,10349
104.448431,30.473007,-1,10350
104.125059,30.769325,75,10351
104.188285,30.765922,-1,10352
103.816107,30.675142,-1,10353
104.011616,30.662933,-1,10354
103.981552,30.785301,14,10355
104.077506,30.794522,105,10356
104.101581,30.78091,-1,10357
104.387397,30.307605,-1,10358
103.903526,30.758663,-1,10359
104.857721,29.740947,-1,10360
103.963163,30.061181,-1,10361
104.356712,31.137906,-1,10362
104.254628,30.806865,-1,10363
104.38891,30.297905,-1,10364
104.157805,30.692065,180,10365
104.516545,30.422538,-1,10366
104.080411,30.688269,-1,10367
103.966862,30.435447,150,10368
104.609711,31.298949,-1,10369
104.014278,30.471937,-1,10370
104.652156,31.133781,-1,10371
103.883104,30.666041,55,10372
104.278255,30.727595,-1,10373
104.153525,30.6159,-1,10374
104.990541,29.542657,-1,10375
103.647367,30.951708,-1,10376
103.716129,30.570515,-1,10377
104.109289,30.464164,214,10378
104.149625,30.725197,-1,10379
103.878454,31.065763,-1,10380
104.032603,30.525082,-1,10381
104.556242,30.353358,31,10382
103.882978,30.666677,55,10383
103.834388,30.640921,-1,10384
104.41546,30.992548,-1,10385
103.838053,30.899322,-1,10386
104.525684,30.63638,-1,10387
104.109161,30.560075,-1,10388
104.030449,30.737828,-1,10389
103.948629,30.804063,-1,10390
103.91733,30.683929,94,10391
104.144057,30.570282,-1,10392
103.63605,30.722149,-1,10393
103.887206,30.66604,-1,10394
104.235726,30.646438,4,10395
104.271158,30.671305,-1,10396
104.368872,30.552056,-1,10397
104.390754,30.99655,-1,10398
104.224886,30.793983,52,10399
104.254168,30.859057,157,10400
103.7639,30.462237,-1,10401
104.070713,30.433351,-1,10402
104.221989,30.695897,-1,10403
103.730556,30.59539,-1,10404
103.9269,30.94699,-1,10405
104.504562,30.636661,-1,10406
104.230414,30.857009,-1,10407
103.901377,30.834869,169,10408
103.97222,30.469792,110,10409
104.093169,30.581631,67,10410
104.316078,30.275857,206,10411
103.975146,30.468589,110,10412
104.063047,30.43847,168,10413
104.041018,30.651204,-1,10414
103.84047,30.678347,-1,10415
103.935392,30.905627,83,10416
104.338006,30.461086,-1,10417
103.854806,30.464308,-1,10418
104.204207,30.726858,30,10419
103.995897,30.614552,-1,10420
104.114385,30.750103,70,10421
103.601013,31.064668,76,10422
104.112106,30.753032,116,10423
104.161969,30.668372,-1,10424
103.677959,30.33856,182,10425
103.677594,30.338383,182,10426
104.248818,30.756099,-1,10427
104.093267,30.581081,67,10428
103.902945,30.824964,-1,10429
103.872689,30.461911,-1,10430
103.80838,30.401363,-1,10431
104.564903,30.386946,-1,10432
104.106698,30.587155,141,10433
104.071949,30.374232,-1,10434
104.005178,30.591116,-1,10435
104.378046,30.313247,-1,10436
103.718931,30.594589,-1,10437
104.630613,30.995655,-1,10438
104.167635,30.614491,-1,10439
103.873409,30.417283,57,10440
103.903036,30.676402,-1,10441
103.684724,30.598636,-1,10442
103.111132,29.294397,-1,10443
104.43279,29.864783,-1,10444
104.367471,30.434573,-1,10445
103.948184,30.636496,-1,10446
104.001212,30.887513,-1,10447
104.04641,30.544836,-1,10448
104.267468,30.731591,-1,10449
104.475378,30.486723,-1,10450
104.062522,30.658398,-1,10451
104.26343,29.941934,233,10452
103.496079,30.54852,93,10453
103.458386,30.47411,-1,10454
104.200178,30.42855,-1,10455
104.269295,30.643781,-1,10456
104.499013,30.428081,-1,10457
104.035446,30.604256,-1,10458
104.032911,30.468407,267,10459
104.079452,30.444721,-1,10460
103.535478,30.75351,-1,10461
104.052374,30.245967,136,10462
104.024738,30.651371,-1,10463
104.010179,30.66183,-1,10464
104.020893,29.139276,50,10465
103.920178,30.991214,-1,10466
104.050577,30.476044,90,10467
103.914881,30.711532,-1,10468
103.945995,30.939532,-1,10469
103.81466,30.484537,-1,10470
104.007312,30.518915,-1,10471
103.895613,30.534335,-1,10472
103.816898,30.568198,-1,10473
104.002004,30.884158,228,10474
104.293831,30.384749,-1,10475
104.511937,30.421674,42,10476
104.5054,30.506319,-1,10477
104.445864,30.856391,-1,10478
104.082752,30.454926,222,10479
104.141233,30.611298,-1,10480
103.909087,30.542971,139,10481
104.215154,30.58268,21,10482
103.8387,30.846318,-1,10483
104.275598,30.73008,-1,10484
104.184502,30.54422,-1,10485
104.008929,30.526058,-1,10486
103.464044,30.367365,-1,10487
103.741389,30.694628,-1,10488
104.522058,30.662174,253,10489
104.988521,30.292901,-1,10490
103.948776,30.538261,-1,10491
104.085298,30.44674,41,10492
103.859241,30.342976,-1,10493
104.326543,30.76678,-1,10494
104.034469,30.755196,-1,10495
104.537412,30.365886,202,10496
103.943935,30.336672,262,10497
104.056862,30.542304,-1,10498
104.006359,30.592322,106,10499
104.186001,30.793858,-1,10500
104.196665,30.73817,-1,10501
104.151394,30.632309,-1,10502
104.375408,30.908748,-1,10503
104.001298,30.591101,249,10504
103.730086,30.598946,-1,10505
103.452196,30.47514,-1,10506
104.236308,30.646962,4,10507
103.957698,30.567498,-1,10508
104.176416,30.5457,-1,10509
104.010579,30.520026,-1,10510
104.005319,30.512314,-1,10511
104.16231,30.55658,99,10512
104.106544,30.587278,141,10513
104.279506,30.643929,-1,10514
104.662971,31.091076,-1,10515
103.909885,30.544377,62,10516
103.912887,30.630935,60,10517
103.465437,30.437693,113,10518
104.201126,30.733556,78,10519
104.139769,30.406403,-1,10520
104.300251,30.885386,-1,10521
104.150701,30.358987,-1,10522
104.123907,30.373413,-1,10523
104.505408,30.506701,-1,10524
104.073124,30.48749,-1,10525
104.489095,30.493872,72,10526
104.021182,30.450002,-1,10527
104.41562,30.992642,-1,10528
104.187063,30.553292,135,10529
103.761662,30.399704,-1,10530
104.069748,30.768816,69,10531
104.061986,30.180864,-1,10532
104.235558,30.64647,4,10533
103.932793,30.885097,-1,10534
103.936999,30.613266,29,10535
104.00264,30.695315,-1,10536
103.695984,30.653407,-1,10537
104.197556,30.430762,-1,10538
104.169566,30.527795,-1,10539
103.690134,30.958776,-1,10540
104.400371,30.469225,-1,10541
103.28097,30.162695,-1,10542
104.300389,30.389381,-1,10543
104.172148,30.646128,-1,10544
104.161079,30.60068,7,10545
104.492925,30.325643,68,10546
104.244162,30.645727,46,10547
103.959112,30.647893,-1,10548
103.957191,30.948662,-1,10549
104.242982,30.651285,9,10550
103.657987,30.366967,-1,10551
104.088175,30.759991,132,10552
103.841423,30.648435,-1,10553
103.191019,30.27712,-1,10554
103.470329,30.756259,-1,10555
104.247155,30.648084,-1,10556
104.094331,30.778314,-1,10557
104.00083,30.496268,-1,10558
104.21654,30.648705,-1,10559
104.069821,30.768575,69,10560
104.07348,30.298318,-1,10561
103.786928,31.007439,-1,10562
104.053241,30.454017,-1,10563
104.008538,30.481291,-1,10564
103.901515,30.834545,169,10565
103.800815,29.762942,-1,10566
104.089604,30.517456,-1,10567
104.196108,30.52768,-1,10568
104.107662,30.769301,-1,10569
104.145216,30.543136,-1,10570
103.936448,30.424485,-1,10571
103.642109,31.013363,-1,10572
103.778287,31.17823,-1,10573
103.876334,30.22111,-1,10574
103.521254,31.420424,-1,10575
103.679931,30.943575,-1,10576
104.315306,30.604595,-1,10577
103.97408,30.800103,146,10578
104.177314,30.718577,121,10579
103.689841,30.939612,-1,10580
103.678259,31.029341,100,10581
104.763134,30.563953,-1,10582
103.907031,30.23439,-1,10583
103.975475,30.469589,110,10584
104.138686,30.412449,-1,10585
104.319102,30.276171,165,10586
102.728656,29.986603,-1,10587
104.190267,30.662446,209,10588
104.227427,30.858249,255,10589
103.903333,30.657411,16,10590
103.509559,30.565433,-1,10591
104.482224,30.458648,-1,10592
104.152314,30.690186,-1,10593
103.797806,30.548758,-1,10594
104.235876,30.646383,4,10595
104.234669,30.646291,4,10596
103.936818,30.613604,29,10597
103.696988,30.403495,-1,10598
103.879985,30.404495,138,10599
103.678162,31.029824,100,10600
103.974021,30.800182,146,10601
103.750445,30.777353,-1,10602
103.908434,30.660852,-1,10603
104.046649,30.540022,-1,10604
103.970916,30.650123,85,10605
104.462386,31.234167,-1,10606
103.91167,30.814309,-1,10607
104.556097,30.099075,-1,10608
103.517568,30.578616,-1,10609
103.686213,30.618482,-1,10610
103.938351,30.613915,29,10611
104.103411,30.500517,-1,10612
104.477678,30.502927,-1,10613
103.934574,30.424925,-1,10614
104.254777,30.859119,157,10615
104.294409,30.241051,-1,10616
103.892227,30.255217,-1,10617
104.224366,30.675077,208,10618
104.16247,30.653659,-1,10619
104.076662,30.621827,-1,10620
104.236912,30.72439,109,10621
103.505663,30.559132,177,10622
104.255768,30.471273,-1,10623
104.908223,30.160055,-1,10624
104.580598,30.72932,-1,10625
103.547627,30.215251,-1,10626
104.242502,30.650188,9,10627
104.052542,30.246033,136,10628
103.860815,30.628534,-1,10629
103.578922,30.845669,-1,10630
103.717309,30.398365,-1,10631
103.70199,30.602258,35,10632
103.38975,29.882784,-1,10633
103.949846,30.834706,-1,10634
103.459899,30.74717,5,10635
103.707713,30.581515,-1,10636
104.477678,30.502927,-1,10637
104.164595,30.658016,176,10638
103.544019,30.209623,-1,10639
103.517566,30.562991,-1,10640
103.908681,30.399299,-1,10641
103.879954,30.404277,138,10642
104.016929,30.637733,-1,10643
104.2938,30.976534,-1,10644
104.186213,30.684769,-1,10645
104.052542,30.246033,136,10646
104.549045,29.49907,-1,10647
104.143912,30.616138,-1,10648
103.662919,30.910372,-1,10649
104.150025,30.622859,107,10650
104.30173,30.248379,-1,10651
103.754089,31.014989,-1,10652
104.098667,30.885154,73,10653
103.27326,30.192596,-1,10654
104.362864,30.657673,261,10655
103.99456,30.620689,-1,10656
104.064468,30.633096,117,10657
103.818021,30.634169,213,10658
104.15787,30.692742,180,10659
104.25299,30.273889,-1,10660
104.145155,30.589487,-1,10661
104.75843,30.629164,-1,10662
103.970828,30.650489,85,10663
104.382138,30.355374,-1,10664
104.115483,30.417954,186,10665
104.050715,30.651838,-1,10666
104.129134,30.693059,-1,10667
103.902805,30.631634,-1,10668
103.953866,30.786407,-1,10669
103.968852,30.438033,-1,10670
104.300059,30.389473,-1,10671
103.960226,30.362801,167,10672
103.71365,30.340289,-1,10673
103.936505,30.613802,29,10674
104.221473,30.638639,33,10675
104.046461,30.427443,3,10676
104.162328,30.683781,-1,10677
104.175139,30.715404,53,10678
103.11409,30.063098,-1,10679
104.398379,30.342065,-1,10680
103.579172,30.350846,-1,10681
104.166085,30.712266,10,10682
104.061388,30.419009,236,10683
103.909104,30.543148,139,10684
103.812798,30.632624,51,10685
103.92385,30.577387,-1,10686
103.937972,30.618874,12,10687
104.130643,30.670712,231,10688
103.824116,30.422785,-1,10689
103.857349,30.451667,-1,10690
104.185724,30.716371,242,10691
104.107059,30.491598,196,10692
104.397527,31.057953,-1,10693
103.799018,30.649402,-1,10694
104.764057,30.371563,-1,10695
104.564236,30.38783,-1,10696
104.070402,30.496959,-1,10697
103.081827,30.373878,-1,10698
104.239195,30.785181,-1,10699
103.99526,30.612637,-1,10700
103.942898,30.52433,-1,10701
103.932121,30.791748,-1,10702
104.081242,30.525811,-1,10703
103.797589,30.971614,-1,10704
104.105597,30.465386,-1,10705
104.111255,30.523182,-1,10706
104.361106,30.970244,-1,10707
104.071293,30.725317,6,10708
104.009367,30.763832,232,10709
103.56305,29.863268,-1,10710
103.670317,30.653443,-1,10711
104.310248,30.994426,-1,10712
103.808189,30.205674,-1,10713
103.826225,30.397051,-1,10714
104.160809,30.594783,-1,10715
103.848602,30.667707,-1,10716
104.36983,30.292255,-1,10717
103.942204,30.279578,-1,10718
103.932126,30.609543,-1,10719
103.789559,30.352381,-1,10720
104.450855,30.342744,-1,10721
104.092997,30.582662,67,10722
104.319655,30.275746,165,10723
103.496505,30.548503,93,10724
104.001596,30.597876,-1,10725
104.069814,30.768596,69,10726
104.16066,31.211938,-1,10727
104.488695,30.462165,-1,10728
104.140544,30.715399,-1,10729
103.956704,30.939218,-1,10730
103.535494,30.75356,-1,10731
104.119319,30.578257,-1,10732
103.984522,30.924611,-1,10733
103.735129,30.584684,-1,10734
104.580379,30.446426,-1,10735
103.793303,30.575542,-1,10736
104.178651,30.78306,166,10737
104.327004,30.306273,148,10738
103.957461,30.647143,-1,10739
104.308525,30.865214,36,10740
104.207678,31.187344,-1,10741
103.909187,30.54287,139,10742
104.157812,30.692766,180,10743
103.887289,30.666288,-1,10744
104.008841,30.590564,43,10745
103.961251,30.940601,-1,10746
104.140514,30.411861,-1,10747
104.319864,30.276056,165,10748
104.216348,30.52238,-1,10749
103.905374,30.810502,181,10750
104.04021,30.804696,-1,10751
104.194786,30.587468,-1,10752
103.740231,30.531287,-1,10753
104.334948,30.64364,-1,10754
104.384789,30.747861,-1,10755
104.158107,30.648851,-1,10756
104.234958,30.64582,4,10757
103.834512,30.343387,-1,10758
103.909626,30.544145,62,10759
103.961285,30.437673,-1,10760
103.936077,30.905455,83,10761
104.073088,30.752263,-1,10762
104.229801,30.65974,-1,10763
103.931135,30.722394,-1,10764
103.829204,30.396508,-1,10765
104.196529,30.737491,-1,10766
103.96046,30.934746,212,10767
104.240535,30.534309,-1,10768
104.110579,30.616922,-1,10769
104.455725,30.485821,-1,10770
103.86476,30.407706,-1,10771
104.388234,30.747043,-1,10772
103.936112,30.916255,-1,10773
104.16163,30.599645,7,10774
104.14935,31.006377,-1,10775
104.077092,30.37869,-1,10776
104.477678,30.502927,-1,10777
104.043655,30.448861,-1,10778
104.149747,30.659363,256,10779
103.715659,31.203148,-1,10780
104.474454,30.347262,-1,10781
104.501473,30.429518,-1,10782
104.225035,30.707349,-1,10783
104.198855,31.580428,-1,10784
103.463567,30.367398,-1,10785
104.152257,30.634374,-1,10786
103.956606,30.029861,-1,10787
104.122504,30.637554,-1,10788
103.861089,30.445349,-1,10789
103.828134,30.573224,-1,10790
104.166357,30.703227,-1,10791
104.101173,30.426465,-1,10792
103.761852,30.900171,-1,10793
103.138242,30.119007,-1,10794
103.877213,30.56261,-1,10795
103.790337,29.635833,198,10796
104.010588,30.662192,-1,10797
104.046414,30.427495,3,10798
104.064901,30.665894,-1,10799
104.049038,30.454059,-1,10800
104.229919,30.791751,-1,10801
103.908393,30.543121,139,10802
103.880098,30.404231,138,10803
104.070963,30.333401,-1,10804
104.001791,30.884423,228,10805
104.491441,30.324081,68,10806
104.237984,30.653032,142,10807
103.642887,30.714773,-1,10808
104.371908,30.864203,-1,10809
103.937365,30.855456,-1,10810
103.92481,29.923242,-1,10811
104.161591,30.658966,-1,10812
104.168547,30.74149,183,10813
104.041019,30.593503,195,10814
104.69985,30.656977,-1,10815
103.870759,30.701864,122,10816
104.47674,30.353722,-1,10817
104.29626,30.389547,-1,10818
104.115841,30.584269,82,10819
103.608248,30.826593,-1,10820
104.198686,30.582045,229,10821
104.282485,30.646232,-1,10822
104.329902,30.892325,-1,10823
104.006831,30.739169,-1,10824
103.857262,30.451848,-1,10825
103.654768,30.664835,240,10826
103.960168,30.517623,40,10827
104.040676,30.467227,-1,10828
104.011986,30.518102,246,10829
103.50597,30.559344,177,10830
104.220903,30.638646,33,10831
104.046699,30.540412,-1,10832
104.349362,30.360499,-1,10833
103.696581,30.52462,-1,10834
103.961777,30.668882,-1,10835
104.394521,31.064106,-1,10836
103.941492,30.432887,-1,10837
103.921872,30.319778,-1,10838
103.640323,30.466164,119,10839
104.0355,30.464953,224,10840
104.049308,30.488963,-1,10841
103.845821,30.432,-1,10842
104.198233,30.581942,229,10843
103.920447,29.916552,-1,10844
104.397311,30.824109,-1,10845
103.730865,30.497623,-1,10846
104.112303,30.512964,-1,10847
104.052156,30.487072,-1,10848
103.843087,30.538601,-1,10849
104.460285,30.343031,-1,10850
104.232257,30.793819,-1,10851
103.983651,30.572677,-1,10852
104.081574,30.582025,-1,10853
103.84674,30.437907,-1,10854
104.109149,30.464152,214,10855
104.371674,30.479505,-1,10856
104.491864,30.324246,68,10857
104.297001,30.996087,-1,10858
104.188224,30.514666,-1,10859
103.832891,30.549557,-1,10860
104.389615,30.300238,-1,10861
103.535767,30.742657,-1,10862
104.283953,30.985081,-1,10863
103.873744,30.417287,57,10864
103.932178,30.72621,-1,10865
104.082617,30.815816,-1,10866
103.929186,30.69932,-1,10867
103.973115,30.428994,-1,10868
104.243063,30.645752,46,10869
104.171052,30.615311,15,10870
103.941893,30.332792,-1,10871
104.538163,30.724153,-1,10872
104.561928,30.806627,-1,10873
104.10209,30.498065,114,10874
104.609447,30.857009,-1,10875
104.075612,30.747597,-1,10876
103.937753,30.614123,29,10877
104.208754,30.88507,-1,10878
103.860255,30.837217,-1,10879
103.6403,30.465922,119,10880
103.661412,30.961017,2,10881
103.991694,30.661292,-1,10882
103.859229,30.827693,188,10883
104.221798,30.638511,33,10884
104.192032,31.192735,-1,10885
103.878582,30.477374,-1,10886
103.764414,30.419867,-1,10887
104.680563,30.05126,-1,10888
103.710125,30.797926,-1,10889
104.089241,30.679706,-1,10890
104.076237,30.78699,-1,10891
104.039533,30.225992,97,10892
104.328459,30.275801,-1,10893
104.110732,30.617102,-1,10894
103.892964,30.513705,215,10895
103.633315,31.461176,-1,10896
103.967104,30.459864,-1,10897
104.494808,30.329119,-1,10898
104.50275,30.419261,-1,10899
103.971849,30.403576,-1,10900
103.642775,30.942388,48,10901
104.006235,30.513515,-1,10902
103.796822,30.643485,61,10903
103.778383,31.17836,-1,10904
104.090501,30.570432,-1,10905
103.917247,30.684016,94,10906
104.32352,30.645029,126,10907
104.23491,30.646271,4,10908
103.846287,30.289251,-1,10909
103.935854,30.905422,83,10910
104.062748,31.245397,-1,10911
104.530539,30.662674,-1,10912
104.220893,30.638871,33,10913
104.323397,30.645043,126,10914
103.679612,31.041485,-1,10915
103.607705,30.826214,-1,10916
104.139683,30.637877,-1,10917
103.953426,30.9203,-1,10918
104.071975,30.326935,-1,10919
104.173056,30.484454,174,10920
104.2429,30.6506,9,10921
103.871121,30.402852,-1,10922
104.534345,30.447893,-1,10923
103.737756,30.512743,-1,10924
103.647639,30.264447,-1,10925
103.980849,30.645436,-1,10926
104.168918,30.741473,183,10927
103.380202,30.368128,-1,10928
103.961435,30.368365,-1,10929
104.464588,30.473476,-1,10930
103.971365,30.650387,85,10931
104.203145,30.726069,30,10932
103.965207,30.637096,86,10933
104.150833,31.118705,-1,10934
104.139759,30.610543,170,10935
103.845295,30.439303,-1,10936
104.059296,31.255731,-1,10937
103.999266,30.429747,-1,10938
103.918085,30.579494,-1,10939
104.57453,30.731855,-1,10940
104.235654,30.646452,4,10941
103.854644,30.635229,-1,10942
103.935168,30.905667,83,10943
104.168616,30.740519,183,10944
104.085272,30.748957,-1,10945
104.050772,30.664293,92,10946
104.099351,30.586877,-1,10947
103.789027,31.174199,-1,10948
103.867062,30.535028,144,10949
104.223623,30.885052,204,10950
104.489171,30.494,72,10951
104.104674,30.79804,-1,10952
104.015076,30.652279,-1,10953
104.114668,30.641333,-1,10954
104.151863,30.725573,-1,10955
104.564441,30.385464,-1,10956
104.572858,30.708929,-1,10957
104.36793,30.295409,-1,10958
103.56147,29.701735,-1,10959
104.355889,30.994239,-1,10960
104.029149,30.176178,-1,10961
104.008727,30.590917,43,10962
104.488615,30.45943,259,10963
104.010701,30.557157,-1,10964
104.326315,30.860126,38,10965
103.96327,30.493707,-1,10966
104.499739,30.479118,-1,10967
103.860939,29.838192,-1,10968
103.99057,30.562056,-1,10969
104.390931,30.284227,101,10970
104.603778,30.685588,124,10971
103.8995,31.007604,-1,10972
104.405816,30.339332,-1,10973
104.270908,30.960367,-1,10974
103.905297,30.810288,181,10975
104.090567,30.447838,-1,10976
103.940582,29.942222,-1,10977
104.505408,30.506701,-1,10978
104.169118,30.741212,183,10979
103.892474,31.020028,-1,10980
103.464823,30.4526,-1,10981
103.983969,30.829638,-1,10982
104.151429,30.775855,-1,10983
104.138409,30.612015,-1,10984
103.843723,30.673252,-1,10985
103.503772,30.574029,-1,10986
104.172668,30.483686,174,10987
104.154651,30.726504,-1,10988
103.94001,30.614349,65,10989
104.002171,30.485022,-1,10990
103.969534,30.981842,172,10991
104.345498,30.669023,-1,10992
103.761157,30.411123,-1,10993
103.880137,30.404411,138,10994
104.027599,30.471034,-1,10995
104.039553,30.225679,97,10996
103.985305,30.219149,-1,10997
103.974087,30.40721,-1,10998
103.535811,30.742544,-1,10999
104.142742,30.582623,-1,11000
103.585704,30.759161,-1,11001
104.015759,30.478279,-1,11002
104.157063,30.089625,-1,11003
104.160652,30.643531,-1,11004
104.07146,31.247311,-1,11005
104.292888,30.589458,-1,11006
103.837474,30.360323,237,11007
103.743969,30.356823,-1,11008
104.321718,30.306219,-1,11009
104.029698,31.327755,-1,11010
104.38905,30.429257,-1,11011
104.235711,30.596361,-1,11012
104.02234,30.50612,-1,11013
103.783873,30.652769,-1,11014
104.054287,30.44688,-1,11015
103.912663,30.630884,60,11016
104.155194,30.694481,-1,11017
104.058707,30.725878,-1,11018
104.079106,30.684861,-1,11019
103.949144,30.515673,0,11020
104.530241,30.635767,-1,11021
103.967714,30.648662,185,11022
104.152314,30.690186,-1,11023
104.449431,30.480884,-1,11024
104.154904,30.639609,-1,11025
103.973966,30.471027,-1,11026
104.049873,30.759023,-1,11027
104.973602,29.871171,103,11028
103.883307,30.907069,-1,11029
104.298473,30.385308,-1,11030
103.720097,30.592225,-1,11031
104.262437,30.85107,-1,11032
104.097255,30.890823,-1,11033
103.760646,30.393964,-1,11034
104.323083,30.34301,-1,11035
104.099553,30.459232,226,11036
104.159853,30.014292,-1,11037
103.870775,31.045382,-1,11038
104.047578,30.627344,-1,11039
104.085927,30.581162,227,11040
104.108401,30.544808,171,11041
103.99001,30.751724,-1,11042
103.800367,30.569168,-1,11043
104.202886,30.725963,30,11044
104.052513,30.598664,-1,11045
103.961596,30.436865,-1,11046
104.050908,30.720925,-1,11047
104.474729,30.418992,-1,11048
104.763997,30.371571,-1,11049
103.859264,30.827319,188,11050
104.052439,30.474013,45,11051
103.637183,30.956962,-1,11052
103.512285,30.410551,-1,11053
104.123085,30.597511,-1,11054
103.742431,30.53393,-1,11055
104.203311,30.726112,30,11056
103.796707,31.034247,-1,11057
104.002227,30.485039,-1,11058
104.234814,30.646071,4,11059
104.088756,30.517143,-1,11060
103.681763,30.290286,-1,11061
103.977554,30.688584,218,11062
103.989197,30.417709,-1,11063
103.933486,30.661884,-1,11064
103.836476,30.522417,-1,11065
103.802209,30.455493,207,11066
104.32698,30.306579,148,11067
104.224855,30.794008,52,11068
104.495969,30.417833,-1,11069
103.845127,30.438519,-1,11070
104.263166,29.941302,233,11071
104.060178,30.470291,-1,11072
104.081598,30.563354,-1,11073
104.031917,30.321875,-1,11074
104.298863,30.605193,-1,11075
104.44309,30.849722,-1,11076
104.312309,30.298419,26,11077
103.907661,30.477032,-1,11078
102.202495,29.683917,-1,11079
104.060124,30.658372,-1,11080
104.225097,30.672186,-1,11081
104.08376,30.578042,22,11082
104.043582,30.44643,145,11083
104.169118,30.741212,183,11084
103.933668,30.425097,-1,11085
104.128877,30.693159,-1,11086
104.287589,30.702028,-1,11087
103.647858,30.951642,-1,11088
104.07154,30.463448,-1,11089
103.701021,30.634653,-1,11090
104.167188,30.705725,-1,11091
103.669673,30.400656,-1,11092
104.80422,30.152201,64,11093
103.921119,30.702963,25,11094
103.662938,30.971061,87,11095
104.064938,30.447271,-1,11096
104.203846,30.726037,30,11097
104.391875,30.310976,-1,11098
103.992859,30.746078,-1,11099
103.643225,30.930389,-1,11100
104.330983,30.64496,187,11101
104.055394,30.42684,258,11102
104.510039,30.352785,134,11103
104.081279,30.812045,-1,11104
104.07832,30.567981,-1,11105
104.158285,30.803887,-1,11106
103.774546,31.179418,-1,11107
103.772761,30.577257,-1,11108
103.936564,30.614082,29,11109
104.175932,30.481585,-1,11110
104.151592,30.795322,-1,11111
103.823429,30.610321,-1,11112
104.143418,30.581944,-1,11113
104.390186,30.33271,-1,11114
103.878724,30.63196,-1,11115
104.332678,30.641998,-1,11116
104.091617,30.812628,-1,11117
104.408698,30.344366,-1,11118
103.7839,30.866234,-1,11119
104.498955,30.467667,-1,11120
104.238355,30.597399,-1,11121
103.988692,30.417779,-1,11122
103.661175,30.979282,221,11123
104.089177,30.739667,-1,11124
104.030919,30.513613,-1,11125
103.919517,30.231892,66,11126
103.902191,30.975267,-1,11127
103.716291,30.616452,-1,11128
104.066525,30.448869,-1,11129
104.190267,30.662446,209,11130
103.912645,30.824763,1,11131
104.118439,30.757128,44,11132
103.977201,30.613776,-1,11133
103.997176,30.707779,-1,11134
104.75929,30.373521,-1,11135
104.014276,30.766743,-1,11136
103.815402,30.64375,-1,11137
104.247422,29.016533,-1,11138
103.553216,30.22104,115,11139
104.973811,29.871306,103,11140
104.188147,30.514562,-1,11141
103.74091,30.909992,-1,11142
104.314373,30.710059,-1,11143
104.166306,30.703499,-1,11144
104.155671,30.507557,-1,11145
103.517747,30.749975,98,11146
103.964589,30.636957,86,11147
103.664075,30.901,-1,11148
104.568095,30.707076,-1,11149
103.914704,30.477235,-1,11150
104.071972,30.254928,-1,11151
104.455314,30.830386,-1,11152
104.115377,30.418239,186,11153
104.152412,30.636352,-1,11154
103.816944,30.798456,-1,11155
103.840724,29.782438,-1,11156
103.96368,30.448187,84,11157
103.91266,30.824736,1,11158
103.899581,30.541054,-1,11159
104.03013,30.448257,-1,11160
103.981104,30.785141,14,11161
104.219083,30.801171,-1,11162
103.611816,30.959697,-1,11163
103.497547,30.545847,239,11164
103.876601,30.500928,-1,11165
103.971164,30.933141,-1,11166
104.10177,30.497077,114,11167
104.279143,30.643287,-1,11168
103.920447,29.916552,-1,11169
104.44587,30.856387,-1,11170
104.213578,30.815997,-1,11171
104.06545,31.260642,-1,11172
104.210842,30.686892,-1,11173
104.099131,30.426973,-1,11174
104.010223,30.452004,-1,11175
104.071995,30.336595,-1,11176
104.392652,30.301276,-1,11177
103.999201,30.669541,-1,11178
104.021242,30.727289,-1,11179
104.610797,31.29831,-1,11180
104.10991,30.563404,-1,11181
103.948737,30.747483,-1,11182
104.162765,30.682307,-1,11183
103.911424,30.733651,-1,11184
103.861305,30.803884,131,11185
104.076079,30.455226,-1,11186
104.230097,30.853428,-1,11187
104.093063,30.581071,67,11188
103.813448,30.632791,51,11189
104.218879,30.655132,28,11190
104.125478,30.769564,75,11191
103.952324,30.999065,220,11192
103.923942,30.860037,-1,11193
104.150386,30.691289,-1,11194
104.636537,29.520589,-1,11195
104.167297,30.47446,-1,11196
104.392971,30.283722,101,11197
103.680809,30.302819,-1,11198
103.940311,30.614217,65,11199
103.915928,30.858782,-1,11200
104.099019,30.496455,-1,11201
104.089359,30.517311,-1,11202
103.700932,30.602849,35,11203
103.89269,31.019994,-1,11204
104.08051,30.513448,123,11205
103.86711,30.535028,144,11206
104.143188,30.410405,-1,11207
104.150114,30.616013,179,11208
104.126921,30.600109,-1,11209
104.035578,30.297775,-1,11210
104.097533,30.483291,-1,11211
103.878973,30.46346,-1,11212
104.505729,30.500956,-1,11213
104.064869,30.490887,-1,11214
103.877089,30.315032,-1,11215
103.610135,30.967679,-1,11216
103.800827,30.453553,-1,11217
104.114201,30.750485,70,11218
103.86085,30.791316,-1,11219
103.983651,30.895011,-1,11220
104.195991,30.527749,-1,11221
103.962053,30.787699,-1,11222
103.512519,30.199642,-1,11223
103.903776,30.602441,-1,11224
103.626808,31.464919,-1,11225
103.989312,30.573944,-1,11226
103.677079,30.906074,-1,11227
103.990663,30.724746,-1,11228
104.342697,30.799416,-1,11229
103.894945,30.410452,-1,11230
103.887935,30.556457,133,11231
104.014077,30.460434,-1,11232
103.42398,30.984942,-1,11233
104.226725,30.792479,52,11234
103.455556,30.418725,-1,11235
102.765833,29.73964,-1,11236
104.119918,30.772757,164,11237
103.957348,30.72294,252,11238
103.978409,30.554132,-1,11239
104.071138,30.725231,6,11240
103.912576,30.712977,-1,11241
104.1658,30.658316,176,11242
104.070953,30.725167,6,11243
103.464873,30.452711,-1,11244
104.323686,30.645129,126,11245
103.883744,30.666062,55,11246
103.973023,30.744579,-1,11247
103.64024,30.466126,119,11248
103.778722,31.178492,-1,11249
103.505915,30.751498,-1,11250
104.203569,30.726387,30,11251
104.054204,30.458787,-1,11252
104.517416,30.39173,-1,11253
104.220522,30.695571,-1,11254
104.128348,30.679497,-1,11255
104.177393,30.788229,243,11256
103.956921,30.723238,252,11257
104.208217,30.524353,27,11258
103.941008,30.937524,-1,11259
103.91272,30.824518,1,11260
104.07076,30.487186,-1,11261
103.887273,30.528869,23,11262
104.066887,30.61182,-1,11263
103.800393,30.395781,-1,11264
104.417263,30.616791,-1,11265
103.817463,30.608513,-1,11266
104.113612,30.578988,56,11267
104.203846,30.726037,30,11268
103.598378,31.010363,-1,11269
103.927654,30.613596,-1,11270
104.07637,30.769306,-1,11271
104.198298,30.582071,229,11272
104.102351,30.496194,114,11273
104.366095,30.857261,125,11274
103.959437,30.16331,-1,11275
104.491744,30.324278,68,11276
104.128259,30.752257,-1,11277
104.107882,30.921239,-1,11278
103.869797,30.584403,-1,11279
104.323395,30.644953,126,11280
103.822655,31.025094,-1,11281
103.975608,31.046338,-1,11282
103.971162,30.650389,85,11283
104.009156,30.764549,232,11284
103.938093,30.61899,12,11285
103.93709,30.613452,29,11286
103.691665,31.011854,-1,11287
104.153538,30.726049,-1,11288
104.07806,30.523187,-1,11289
103.678308,31.029887,100,11290
104.202047,30.726036,30,11291
104.069772,30.755837,-1,11292
104.031208,30.448152,-1,11293
104.155082,30.580618,-1,11294
104.401075,30.341562,-1,11295
104.308777,30.865281,36,11296
103.919903,30.976977,-1,11297
104.044706,30.449314,-1,11298
103.460512,30.748592,-1,11299
103.997921,30.252903,200,11300
104.52937,31.863637,-1,11301
104.138496,30.610702,170,11302
104.106696,30.587165,141,11303
104.328705,30.276871,-1,11304
104.019127,29.138972,50,11305
104.006978,30.524016,-1,11306
103.008104,30.026969,-1,11307
104.214512,30.577739,-1,11308
104.735135,30.6487,-1,11309
103.534232,29.947164,-1,11310
103.861681,30.445583,-1,11311
104.327104,30.306799,148,11312
104.189084,30.772406,-1,11313
104.351219,30.985512,-1,11314
103.78445,30.651814,-1,11315
103.528317,30.377721,-1,11316
104.050876,30.434332,-1,11317
103.825813,29.854754,-1,11318
103.87504,30.830584,112,11319
104.099684,30.459435,226,11320
104.175207,30.664431,-1,11321
104.005866,30.515458,-1,11322
103.884709,30.388486,199,11323
103.936533,30.614142,29,11324
104.011255,30.55747,-1,11325
103.919184,30.242973,-1,11326
103.685663,30.946495,-1,11327
103.86081,31.064597,-1,11328
104.493827,31.327483,-1,11329
103.972899,30.470115,110,11330
104.150393,30.616267,179,11331
104.040391,30.665162,-1,11332
104.973281,29.870486,103,11333
104.071491,30.725145,6,11334
104.616996,30.157609,-1,11335
103.861349,30.803607,131,11336
104.231959,30.639807,-1,11337
103.937563,30.614158,29,11338
103.737778,30.512305,-1,11339
104.749677,30.629646,-1,11340
104.172171,30.580685,-1,11341
103.660802,30.961072,2,11342
104.490683,30.323431,68,11343
104.187602,30.683523,-1,11344
104.17146,30.388706,-1,11345
104.157744,30.691882,180,11346
104.317057,30.461664,-1,11347
104.21922,30.587301,-1,11348
103.954926,30.491896,-1,11349
104.167319,30.675094,-1,11350
104.199444,30.548835,-1,11351
103.404961,30.192575,-1,11352
103.885875,30.165133,-1,11353
104.356735,30.961858,-1,11354
104.63616,29.519322,-1,11355
104.581621,30.11326,-1,11356
104.162818,30.556963,99,11357
104.038151,30.659236,-1,11358
103.938611,30.550015,-1,11359
104.536605,30.704915,-1,11360
104.02067,30.862438,-1,11361
104.138428,30.638174,-1,11362
104.303758,30.244682,-1,11363
103.972375,30.472203,-1,11364
104.185071,30.718455,34,11365
104.320152,30.277397,120,11366
104.163944,30.39155,-1,11367
103.986621,30.215948,-1,11368
103.806741,30.917365,-1,11369
104.233596,30.725136,-1,11370
104.118439,30.757128,44,11371
104.052398,30.473939,45,11372
103.981388,30.785425,14,11373
103.934203,30.748294,-1,11374
104.210866,30.68694,-1,11375
104.198695,30.705141,-1,11376
104.186137,30.555471,-1,11377
104.062098,30.429382,-1,11378
104.391818,30.299157,104,11379
104.091471,30.564612,-1,11380
104.397673,30.997306,-1,11381
103.795935,31.238996,-1,11382
103.936934,30.781551,190,11383
103.791155,30.760725,-1,11384
104.067876,30.416238,-1,11385
103.798239,30.448337,-1,11386
103.6769,30.60617,-1,11387
103.949069,31.015307,-1,11388
103.625312,30.931602,-1,11389
104.07267,30.372499,-1,11390
104.394501,30.301196,-1,11391
104.008548,30.718969,-1,11392
103.960809,30.170029,-1,11393
104.235726,30.646652,4,11394
103.704124,30.583879,-1,11395
104.076074,30.684952,-1,11396
104.506,30.482014,-1,11397
104.485099,30.348519,-1,11398
103.830803,30.618619,-1,11399
103.931531,30.690058,-1,11400
103.965927,30.808174,-1,11401
103.951175,30.939312,-1,11402
104.185774,30.715837,242,11403
103.887978,30.556196,133,11404
104.47071,30.497172,-1,11405
103.942271,30.847677,-1,11406
104.018685,29.13999,50,11407
103.690984,31.011426,-1,11408
103.242196,30.540281,-1,11409
103.338641,30.339995,-1,11410
104.218829,30.781766,-1,11411
104.000253,30.569763,-1,11412
104.491678,30.325097,68,11413
103.898389,30.403771,-1,11414
103.989759,30.511557,-1,11415
104.669391,29.504106,238,11416
103.878973,30.46346,-1,11417
104.202086,30.726145,30,11418
104.220711,30.63928,33,11419
103.875337,30.46651,-1,11420
104.366295,30.304132,-1,11421
103.952346,30.427821,160,11422
103.96399,30.642602,-1,11423
104.218135,30.585994,-1,11424
104.312574,30.298651,26,11425
104.174658,30.715404,53,11426
103.682341,30.596496,24,11427
103.983358,31.065728,-1,11428
104.445627,30.273722,-1,11429
104.318495,30.86128,108,11430
103.894314,30.434741,-1,11431
104.099598,30.467136,245,11432
103.943449,30.335995,262,11433
103.801904,31.16596,-1,11434
104.174209,30.717442,-1,11435
104.168751,30.740979,183,11436
104.002238,30.586296,-1,11437
103.970794,30.989069,19,11438
103.935564,30.90568,83,11439
103.459909,30.74697,5,11440
103.505673,30.559272,177,11441
104.003256,30.505348,-1,11442
104.535619,30.439687,-1,11443
104.344459,30.620086,-1,11444
104.125399,30.769532,75,11445
103.56106,30.748659,140,11446
104.16455,30.658992,176,11447
104.035318,31.344926,-1,11448
104.47806,30.489418,-1,11449
104.061607,30.696305,-1,11450
104.033807,30.464854,224,11451
104.31369,30.873567,-1,11452
103.38416,30.730969,-1,11453
104.0001,30.430306,-1,11454
104.257322,30.328136,-1,11455
103.933112,30.957544,-1,11456
104.049609,30.47696,90,11457
103.819081,30.797292,-1,11458
104.045115,30.445528,145,11459
104.09371,30.58112,67,11460
103.943027,30.3371,262,11461
104.484825,30.458891,-1,11462
103.988101,30.421502,-1,11463
104.109958,30.667341,-1,11464
104.348465,30.828047,-1,11465
104.332181,30.90046,-1,11466
104.373054,31.047142,-1,11467
104.048161,29.117333,-1,11468
103.920653,30.784141,-1,11469
104.091579,30.525033,81,11470
103.459035,30.378866,-1,11471
103.919851,30.859364,-1,11472
104.321107,30.287384,-1,11473
104.071129,30.725227,6,11474
104.536356,29.759811,-1,11475
104.163434,30.593763,-1,11476
104.175624,30.700188,-1,11477
104.605427,30.867848,-1,11478
104.040825,30.675101,-1,11479
104.326345,30.278441,-1,11480
104.019384,29.140028,50,11481
102.155502,31.485292,-1,11482
104.283433,30.675502,-1,11483
103.861298,30.803671,131,11484
104.070021,30.723645,-1,11485
103.941314,30.470621,-1,11486
103.537029,30.548873,-1,11487
103.585704,30.759161,-1,11488
104.209149,30.565472,-1,11489
104.196351,30.700612,-1,11490
104.448482,30.851423,-1,11491
103.949688,30.467294,-1,11492
103.640192,30.466058,119,11493
104.31888,30.861113,108,11494
104.175335,30.664364,-1,11495
104.208483,30.524363,27,11496
104.053033,30.456926,217,11497
104.505408,30.506701,-1,11498
104.071041,30.675355,-1,11499
104.247672,30.546227,-1,11500
103.912613,30.824497,1,11501
104.607221,30.865128,-1,11502
104.452473,30.605318,-1,11503
103.8794,30.488752,-1,11504
104.093599,30.580944,67,11505
103.838839,30.367257,-1,11506
103.89897,30.615611,-1,11507
104.086707,30.777757,-1,11508
103.492625,30.526539,-1,11509
104.155305,30.823516,-1,11510
104.264888,30.864379,-1,11511
103.796849,30.64677,211,11512
104.164048,30.391999,-1,11513
104.081201,30.512008,-1,11514
104.595732,30.385473,-1,11515
103.969116,30.436722,-1,11516
104.005576,30.520071,-1,11517
104.018809,30.521815,-1,11518
104.326479,30.860206,38,11519
104.36157,30.434862,-1,11520
104.108719,30.675475,-1,11521
104.39314,30.756034,-1,11522
104.38504,30.61313,-1,11523
103.983942,30.219278,-1,11524
104.10087,30.713128,-1,11525
104.487571,30.493078,72,11526
103.496239,30.753124,-1,11527
103.505882,30.559378,177,11528
103.937459,30.613355,29,11529
104.134072,30.945727,-1,11530
103.791414,30.346999,-1,11531
104.405576,30.344798,-1,11532
104.07094,30.395271,-1,11533
103.952263,30.490892,-1,11534
104.043006,30.675826,-1,11535
104.316496,30.825369,-1,11536
104.101238,30.51669,-1,11537
103.602831,30.902824,-1,11538
103.944887,30.728687,-1,11539
104.323432,30.645057,126,11540
104.120392,30.522127,-1,11541
104.051879,30.541911,-1,11542
103.763106,30.685458,-1,11543
103.7974,30.569541,-1,11544
104.391232,30.281105,127,11545
104.344538,30.828095,-1,11546
104.185846,30.719416,34,11547
104.071971,30.254024,-1,11548
103.442527,30.16214,-1,11549
103.68223,30.525572,-1,11550
103.905411,30.810739,181,11551
103.898866,30.683731,-1,11552
103.93248,30.872607,-1,11553
104.017368,29.138821,-1,11554
104.139515,30.651339,-1,11555
104.803893,30.153235,64,11556
104.120239,30.772842,164,11557
104.021857,29.139503,50,11558
104.12728,30.681265,-1,11559
103.724742,30.578404,130,11560
103.761103,30.403817,-1,11561
104.083393,30.446582,-1,11562
103.790361,29.636133,198,11563
104.166878,30.636634,-1,11564
104.18277,30.530774,-1,11565
103.893323,30.513618,215,11566
104.053546,30.456955,217,11567
103.492393,31.438585,-1,11568
104.374916,30.293609,-1,11569
103.851477,31.058954,-1,11570
104.008841,30.590564,43,11571
104.491975,30.322845,-1,11572
103.681731,30.290336,-1,11573
103.546226,30.594642,-1,11574
104.420092,30.866943,-1,11575
104.298074,30.992404,-1,11576
103.798467,29.772181,-1,11577
103.917571,30.989305,-1,11578
103.592375,30.249597,-1,11579
103.681004,30.902491,-1,11580
103.99584,30.765249,-1,11581
103.959278,30.823425,-1,11582
104.314796,30.272513,-1,11583
103.948211,30.501458,-1,11584
104.29287,30.58904,-1,11585
103.699908,31.035435,-1,11586
104.049862,30.476713,90,11587
104.406236,30.339615,-1,11588
103.977735,30.617222,-1,11589
103.964398,30.614901,-1,11590
103.649614,30.695959,-1,11591
104.074401,30.719897,-1,11592
104.108773,30.805819,-1,11593
103.908839,30.543271,139,11594
104.191936,30.660598,-1,11595
104.488297,30.493174,72,11596
104.235939,30.646871,4,11597
103.91752,30.812011,-1,11598
104.139019,30.41059,-1,11599
104.143367,30.826402,-1,11600
104.061482,30.389869,-1,11601
104.135328,30.773753,-1,11602
103.677469,30.399627,-1,11603
104.080856,30.277122,-1,11604
104.087252,30.760111,132,11605
104.034946,30.223493,-1,11606
104.034548,30.465125,224,11607
104.522393,30.437961,-1,11608
104.066186,30.179897,201,11609
104.23765,30.653233,142,11610
104.045115,30.445528,145,11611
104.115326,30.579483,56,11612
103.760475,30.706324,-1,11613
104.076259,30.487074,-1,11614
103.970963,30.627481,-1,11615
104.327312,30.307077,148,11616
103.696717,30.65676,-1,11617
103.953734,30.655077,265,11618
104.17293,30.752988,-1,11619
103.896658,30.476535,-1,11620
104.449431,30.480968,-1,11621
104.078891,30.684437,-1,11622
103.971349,30.469945,110,11623
104.362079,30.660753,-1,11624
103.981169,30.785005,14,11625
103.705998,30.583279,-1,11626
104.148866,30.839567,-1,11627
103.709365,30.393597,-1,11628
104.164848,30.658754,176,11629
103.698357,30.865257,-1,11630
104.262789,30.852203,-1,11631
104.500493,30.426003,-1,11632
104.227951,30.706489,-1,11633
104.060537,31.245358,8,11634
103.455616,31.258526,-1,11635
104.053785,30.456373,217,11636
104.329275,30.853912,-1,11637
104.511789,30.421638,42,11638
104.231092,30.719887,-1,11639
103.880679,30.751584,-1,11640
103.952322,30.936761,-1,11641
103.714348,30.800301,-1,11642
103.995738,30.643183,-1,11643
104.080049,30.51188,-1,11644
104.536695,30.430303,-1,11645
103.908159,30.660932,-1,11646
103.838063,30.899351,-1,11647
104.582205,30.352715,-1,11648
104.188152,30.514534,-1,11649
104.037743,30.621947,-1,11650
104.052903,30.652844,-1,11651
104.401778,30.997207,-1,11652
103.983038,30.453681,153,11653
104.187213,30.590596,-1,11654
104.183266,30.710693,147,11655
104.220549,31.645229,-1,11656
103.903489,30.78935,-1,11657
103.945046,30.484192,54,11658
103.797335,29.640574,-1,11659
104.053809,30.770843,-1,11660
103.689709,31.045723,-1,11661
104.220859,30.639134,33,11662
103.737997,30.959399,-1,11663
103.691664,31.011842,-1,11664
103.87727,30.774392,-1,11665
103.811926,30.966986,-1,11666
104.093727,30.580534,67,11667
104.292621,30.588906,-1,11668
103.902202,30.658349,16,11669
104.632516,30.699614,-1,11670
104.244687,30.645486,46,11671
103.917349,30.397755,248,11672
104.236513,30.64647,4,11673
104.176915,30.727282,-1,11674
104.465689,30.603288,-1,11675
103.897199,30.836481,102,11676
104.16507,30.658784,176,11677
103.951323,30.637255,-1,11678
103.724742,30.578402,130,11679
103.817031,30.654462,-1,11680
104.35339,30.287389,-1,11681
103.966364,30.436099,150,11682
103.916752,30.678031,-1,11683
103.883665,30.666093,55,11684
103.498785,30.568572,-1,11685
103.825162,31.156592,-1,11686
104.492941,30.321776,-1,11687
104.501653,30.354429,-1,11688
103.941381,30.470412,-1,11689
103.846676,30.428298,-1,11690
103.888194,30.581721,-1,11691
103.517385,30.749618,98,11692
104.750163,29.745593,-1,11693
103.527526,31.415622,59,11694
104.235502,30.64657,4,11695
104.161981,30.574777,-1,11696
104.494458,30.336925,-1,11697
103.887367,30.376518,-1,11698
103.94535,30.483474,54,11699
104.093503,30.580829,67,11700
103.873821,30.417359,57,11701
103.843087,30.538601,-1,11702
104.465401,30.473713,-1,11703
103.616592,30.976208,-1,11704
103.813091,30.632662,51,11705
103.833811,30.924964,-1,11706
103.079655,30.374576,-1,11707
104.040213,30.80469,-1,11708
103.968043,30.795756,-1,11709
104.108381,30.50559,260,11710
104.194134,30.73725,-1,11711
103.893392,30.513654,215,11712
103.945814,30.485836,-1,11713
104.4536,30.490921,-1,11714
103.687301,30.620264,-1,11715
104.178934,30.783049,166,11716
103.735913,30.335466,-1,11717
103.977788,30.688148,218,11718
104.314924,30.604829,-1,11719
104.521415,30.662519,253,11720
104.184964,30.596283,-1,11721
104.347436,30.667573,-1,11722
103.986616,30.452598,-1,11723
103.973874,30.652552,-1,11724
103.115148,30.105531,-1,11725
103.986133,30.586908,-1,11726
103.543315,30.555221,-1,11727
103.794987,31.760258,-1,11728
104.168135,30.528738,-1,11729
103.965963,30.614785,-1,11730
104.25541,30.859579,157,11731
103.510524,30.562097,-1,11732
104.138656,30.714831,-1,11733
103.338641,30.339995,-1,11734
104.4603,30.607329,-1,11735
103.627741,30.970591,-1,11736
104.191798,30.790196,156,11737
103.795188,30.446835,-1,11738
104.226452,30.85885,255,11739
104.215293,30.82071,192,11740
103.701638,30.602656,35,11741
103.883262,30.16413,-1,11742
104.497487,30.466089,-1,11743
103.781927,30.675894,152,11744
104.076083,30.781801,-1,11745
104.177894,30.789119,243,11746
103.912027,30.979003,-1,11747
104.028786,30.175921,-1,11748
104.163873,30.593923,-1,11749
103.937373,30.619139,12,11750
103.744873,30.722242,-1,11751
103.872892,30.779172,47,11752
103.848002,29.305394,-1,11753
104.052564,30.473085,45,11754
104.489171,30.494,72,11755
104.090263,30.499032,-1,11756
104.359251,31.074642,-1,11757
104.502414,30.494042,-1,11758
103.941307,30.432819,-1,11759
103.878284,30.631801,-1,11760
103.812197,30.571653,-1,11761
103.979572,30.547485,-1,11762
104.266829,30.570345,-1,11763
104.186362,30.55291,135,11764
104.142285,30.658206,-1,11765
103.969523,30.9821,172,11766
103.720387,30.595049,-1,11767
104.147899,30.692225,-1,11768
104.072475,30.444798,-1,11769
104.041359,30.57602,-1,11770
103.975124,30.408016,-1,11771
104.112069,30.510025,-1,11772
103.11327,29.951817,-1,11773
103.607584,30.599885,-1,11774
104.31546,30.276576,206,11775
104.343655,30.62399,-1,11776
103.544314,30.209957,-1,11777
104.178101,30.727888,-1,11778
104.134133,30.52223,-1,11779
103.949198,30.515539,0,11780
104.181522,30.5342,-1,11781
103.965832,30.183041,-1,11782
104.006953,30.592738,106,11783
103.973624,30.317695,-1,11784
103.701618,30.602526,35,11785
103.745187,30.576212,-1,11786
103.827727,30.629923,-1,11787
104.136478,30.416761,-1,11788
104.029486,30.53737,-1,11789
103.778836,29.784669,-1,11790
104.196293,31.63093,-1,11791
103.800742,30.746198,-1,11792
103.617359,30.978188,-1,11793
104.215118,30.583186,21,11794
104.042869,30.470665,-1,11795
104.112436,30.752984,116,11796
104.347486,30.686328,-1,11797
104.203391,30.726026,30,11798
104.087436,30.759635,132,11799
104.318652,30.27361,165,11800
103.711008,31.02543,-1,11801
104.235716,30.646418,4,11802
103.960748,31.01406,-1,11803
104.492504,30.325598,68,11804
104.125051,30.598366,-1,11805
103.699206,30.746622,-1,11806
103.913473,30.63099,60,11807
103.792338,30.687544,-1,11808
103.998443,30.252923,200,11809
103.95917,30.647819,-1,11810
103.887278,30.66636,-1,11811
104.175233,30.664484,-1,11812
103.795223,30.937648,-1,11813
103.886287,30.479774,-1,11814
104.035104,30.533564,-1,11815
103.898371,30.475062,-1,11816
104.848085,29.754525,-1,11817
104.882248,30.082716,-1,11818
104.115377,30.417739,186,11819
103.990828,30.739405,210,11820
104.127796,30.626946,-1,11821
103.689554,30.401616,-1,11822
104.253784,30.870429,-1,11823
104.080531,30.513365,123,11824
104.115927,30.608316,-1,11825
104.226077,30.525132,184,11826
103.838645,30.465453,-1,11827
104.091547,30.523229,81,11828
103.553161,30.221222,115,11829
103.93689,30.613252,29,11830
103.959393,30.649688,178,11831
104.236371,30.646738,4,11832
103.844334,30.621535,-1,11833
104.054298,30.453986,-1,11834
104.508548,30.355498,197,11835
104.122188,30.539706,-1,11836
104.454145,30.347946,-1,11837
104.16261,30.556329,99,11838
104.326468,30.860194,38,11839
103.904572,30.305221,-1,11840
104.072009,30.441028,-1,11841
104.105794,30.580265,-1,11842
104.118823,30.75781,44,11843
104.424156,30.392666,-1,11844
103.985212,30.668284,-1,11845
104.098053,30.503037,-1,11846
104.323814,30.645125,126,11847
104.311152,30.943312,-1,11848
103.763135,30.041389,-1,11849
104.349012,30.68647,-1,11850
104.595084,30.383373,-1,11851
103.964367,30.64123,-1,11852
103.721827,30.605532,-1,11853
104.167405,30.636627,-1,11854
104.032939,30.467679,267,11855
104.026882,30.45847,-1,11856
104.115408,30.52306,-1,11857
104.152727,30.613725,-1,11858
104.006793,30.524641,-1,11859
104.469346,30.848081,149,11860
104.143657,30.71639,-1,11861
104.011615,30.590982,-1,11862
104.052842,30.541302,-1,11863
103.923009,30.717118,13,11864
103.937033,30.781555,190,11865
103.861154,30.803756,131,11866
103.536996,30.771196,-1,11867
104.099159,30.790328,-1,11868
104.223623,30.885052,204,11869
104.539975,30.721947,-1,11870
104.069901,30.768373,69,11871
103.940529,30.615409,65,11872
103.812919,30.463569,-1,11873
104.868943,29.225567,-1,11874
104.392467,30.298691,104,11875
103.904083,30.683743,-1,11876
104.046512,30.555896,-1,11877
104.339866,30.459374,-1,11878
103.935179,30.905531,83,11879
103.641935,30.943044,48,11880
104.242927,30.651004,9,11881
103.851289,30.437031,161,11882
104.756364,30.633366,-1,11883
104.330953,30.64499,187,11884
104.492278,30.322112,-1,11885
104.081298,30.694513,-1,11886
104.390368,30.297662,-1,11887
103.93542,30.905415,83,11888
104.108142,30.545561,171,11889
103.98635,30.58684,-1,11890
104.203449,30.726056,30,11891
104.069215,30.667712,-1,11892
103.974398,30.542454,-1,11893
102.719775,30.858166,-1,11894
103.968443,30.467521,-1,11895
103.990508,30.739573,210,11896
104.235006,30.64612,4,11897
103.789419,30.478627,-1,11898
104.412181,30.90345,-1,11899
103.983595,30.700657,-1,11900
103.987764,30.985848,-1,11901
103.872697,30.779291,47,11902
103.940649,30.614192,65,11903
104.161538,30.599596,7,11904
103.497579,30.546113,239,11905
102.805151,30.277835,-1,11906
104.292538,30.902252,-1,11907
104.286967,30.677709,-1,11908
104.503543,30.418712,-1,11909
103.871884,30.414993,-1,11910
104.332575,30.756184,-1,11911
103.452093,30.47488,-1,11912
104.323313,30.645081,126,11913
104.201397,30.739261,-1,11914
104.167376,30.706449,-1,11915
102.805032,30.277688,-1,11916
103.923081,30.717166,13,11917
104.501126,30.486166,-1,11918
103.497156,30.547098,244,11919
104.008727,30.590917,43,11920
104.358184,30.757694,-1,11921
104.452417,30.603161,-1,11922
104.362292,30.658218,261,11923
104.172804,30.48377,174,11924
104.072922,30.695328,-1,11925
104.453793,30.49063,-1,11926
104.678204,30.0703,-1,11927
103.977973,30.688517,218,11928
104.037306,30.537817,-1,11929
104.130875,30.533527,-1,11930
104.022704,30.522434,-1,11931
103.781927,30.675894,152,11932
103.710323,30.319556,-1,11933
103.984192,30.453957,-1,11934
104.192269,30.948133,-1,11935
104.319767,30.275546,165,11936
103.870966,30.4623,-1,11937
104.18678,30.544462,-1,11938
103.873976,30.783806,-1,11939
104.072213,30.681119,-1,11940
104.312544,30.689134,-1,11941
103.964647,30.637319,86,11942
104.318724,30.27526,165,11943
104.411851,30.345115,189,11944
103.497007,30.558932,-1,11945
104.107831,30.520044,-1,11946
104.084987,30.455044,222,11947
103.597342,30.985394,-1,11948
104.057542,30.385148,-1,11949
104.437678,30.600554,-1,11950
103.851057,30.820311,96,11951
103.917198,30.683956,94,11952
104.082888,30.454961,222,11953
103.878602,30.198206,79,11954
104.333446,30.645037,247,11955
104.254779,30.859854,157,11956
103.633216,30.581028,-1,11957
104.662939,31.088725,-1,11958
104.010547,30.517221,246,11959
104.333744,30.706371,-1,11960
104.203599,30.726068,30,11961
104.07937,30.808597,-1,11962
103.452741,30.374759,71,11963
104.14205,30.522104,-1,11964
104.000739,30.762823,191,11965
104.051922,30.540706,-1,11966
103.716359,30.926757,-1,11967
103.897263,30.836196,102,11968
103.661143,30.979871,221,11969
104.027415,31.329233,-1,11970
104.220743,30.695422,-1,11971
103.940698,30.614092,65,11972
103.789863,29.782826,-1,11973
103.645869,30.514048,-1,11974
104.248878,30.77276,118,11975
103.10183,30.075986,-1,11976
104.161788,30.599631,7,11977
104.237437,30.652972,142,11978
103.977942,30.688767,218,11979
104.078647,30.371141,-1,11980
103.458276,30.371394,-1,11981
104.115195,30.753628,-1,11982
103.779612,30.577252,-1,11983
104.242797,30.650508,9,11984
104.112719,30.753276,116,11985
104.110569,30.581886,-1,11986
104.102257,30.517392,-1,11987
103.871945,30.759766,-1,11988
104.354553,30.435935,-1,11989
104.174595,30.715239,53,11990
104.440563,30.465662,-1,11991
104.18191,30.713191,-1,11992
103.964359,30.63693,86,11993
103.79843,31.166968,-1,11994
104.065086,30.437439,-1,11995
103.960328,30.941717,-1,11996
104.185622,30.716469,242,11997
103.383527,30.625601,-1,11998
103.982754,30.453516,153,11999
103.68273,30.463217,-1,12000
103.737733,30.945341,-1,12001
104.083203,30.659464,-1,12002
104.555451,30.35341,31,12003
104.259972,30.872247,-1,12004
103.670005,30.281663,-1,12005
104.288096,30.686985,-1,12006
104.20856,30.524184,27,12007
104.072814,30.635763,-1,12008
104.017818,30.444641,-1,12009
104.258328,30.093652,-1,12010
104.018295,30.154792,-1,12011
104.075787,30.818901,-1,12012
104.242833,30.650606,9,12013
104.155126,30.72873,193,12014
104.318223,30.713736,-1,12015
103.709722,30.395178,-1,12016
104.175568,30.788647,254,12017
104.231893,30.658637,-1,12018
103.962046,30.206735,-1,12019
104.358842,31.073707,-1,12020
104.636368,29.519256,-1,12021
104.023707,30.542035,-1,12022
104.200225,31.18969,-1,12023
104.168416,30.741232,183,12024
104.338839,30.701681,-1,12025
103.936521,30.613854,29,12026
104.092186,30.524155,81,12027
103.953561,30.656159,265,12028
104.202586,30.553444,-1,12029
104.040538,30.466074,-1,12030
104.152727,30.613725,-1,12031
103.903362,30.657081,-1,12032
104.018043,30.449227,-1,12033
104.034276,30.469035,-1,12034
104.302364,30.259098,-1,12035
104.136557,30.408624,-1,12036
103.959926,30.164545,-1,12037
104.668277,30.087891,-1,12038
103.785286,30.653623,-1,12039
104.451404,30.486476,-1,12040
104.036048,30.603806,-1,12041
103.897242,30.836302,102,12042
104.404676,30.342912,-1,12043
103.896953,30.404882,-1,12044
103.708467,30.628092,-1,12045
103.866885,30.311995,-1,12046
103.505699,30.558875,177,12047
103.836775,30.426416,-1,12048
104.109975,30.505529,263,12049
104.03214,30.858772,-1,12050
103.879681,30.490122,-1,12051
103.95971,30.164176,-1,12052
104.185738,30.716605,242,12053
104.17063,30.766329,-1,12054
104.237632,30.720603,-1,12055
104.051743,30.66572,92,12056
104.489348,30.616905,-1,12057
104.215053,30.582606,21,12058
104.028213,30.248792,-1,12059
104.304553,30.256534,-1,12060
104.127356,30.680347,-1,12061
103.959525,30.938678,-1,12062
104.52937,31.863637,-1,12063
104.059925,30.416908,-1,12064
104.366807,30.294099,-1,12065
104.177894,30.789121,243,12066
104.120698,30.501694,-1,12067
104.006704,30.519055,-1,12068
104.198609,30.582189,229,12069
103.879629,30.490882,-1,12070
103.730142,30.802591,-1,12071
104.052374,30.471421,-1,12072
104.082472,30.817635,-1,12073
103.816627,30.633701,213,12074
103.695984,30.653407,-1,12075
103.849602,30.638031,-1,12076
103.930341,30.691561,-1,12077
104.318596,30.273026,165,12078
104.101173,30.426465,-1,12079
103.701606,30.602595,35,12080
103.872477,30.776601,-1,12081
104.06052,31.245422,8,12082
103.678474,31.029863,100,12083
104.267889,30.650139,173,12084
104.137892,30.408196,-1,12085
104.95271,30.289042,-1,12086
104.112423,30.753214,116,12087
103.436428,30.38253,-1,12088
104.085149,30.683381,-1,12089
103.476148,30.429161,-1,12090
103.917936,30.811989,-1,12091
104.323203,30.342992,-1,12092
104.278255,30.727595,-1,12093
103.973507,30.429457,-1,12094
104.584872,30.355341,-1,12095
104.125229,30.769324,75,12096
104.990557,29.542607,-1,12097
103.949139,30.467169,-1,12098
104.078943,30.365639,250,12099
104.211034,30.687018,-1,12100
104.523767,30.429701,-1,12101
104.177184,30.525139,-1,12102
103.792143,30.344354,-1,12103
103.521214,30.209501,-1,12104
103.659024,30.923464,-1,12105
104.203423,30.555026,-1,12106
104.107321,30.508172,154,12107
103.909285,30.235354,-1,12108
103.697059,30.399013,-1,12109
104.112439,30.753173,116,12110
104.098332,30.462451,-1,12111
104.050556,30.664323,92,12112
104.255327,30.610844,-1,12113
103.859296,30.827659,188,12114
104.187373,30.553665,135,12115
104.187147,30.717899,-1,12116
103.496933,30.547051,244,12117
104.007594,30.743705,-1,12118
104.388002,30.746609,-1,12119
104.804029,30.152077,64,12120
104.255586,30.531006,194,12121
104.107397,30.447431,-1,12122
103.905297,30.810288,181,12123
103.892917,30.513761,215,12124
103.789027,31.174199,-1,12125
103.658407,31.02412,-1,12126
103.255894,30.553674,-1,12127
104.192347,30.741938,225,12128
104.613282,30.263543,-1,12129
103.679129,30.40988,-1,12130
103.531406,31.405254,11,12131
104.046972,30.587841,-1,12132
104.109093,30.544445,171,12133
104.162189,30.685553,-1,12134
104.202775,30.725899,30,12135
104.564285,30.798353,-1,12136
103.662687,30.970771,87,12137
104.014992,30.449162,-1,12138
104.213828,30.651474,88,12139
104.01073,30.511374,-1,12140
104.151576,30.725439,-1,12141
104.132781,30.651039,-1,12142
104.38994,31.063089,-1,12143
104.477195,30.598941,-1,12144
104.004042,30.606496,111,12145
104.495989,30.326266,-1,12146
103.321409,30.352778,-1,12147
104.323404,30.644904,126,12148
104.260372,30.869698,-1,12149
104.226579,30.647494,-1,12150
104.006256,30.592137,106,12151
104.482338,30.491679,-1,12152
104.036564,30.587909,-1,12153
104.053003,30.432079,-1,12154
104.411962,30.35048,-1,12155
104.108296,30.725994,-1,12156
103.662418,31.042285,-1,12157
103.331868,31.068477,-1,12158
104.164355,30.65865,176,12159
103.857826,31.065609,80,12160
103.624425,31.482764,-1,12161
104.390647,30.599929,-1,12162
104.126949,30.927991,-1,12163
104.0462,30.453321,-1,12164
104.537162,30.660075,-1,12165
104.011438,30.517958,246,12166
104.01095,30.557039,-1,12167
104.104757,30.464299,-1,12168
103.452073,30.374158,71,12169
104.008616,30.590691,43,12170
104.223664,30.785824,-1,12171
104.659544,31.090003,-1,12172
103.964936,30.309952,-1,12173
104.209909,30.615349,-1,12174
104.886966,30.171812,-1,12175
104.157757,30.692768,180,12176
104.177489,30.788512,243,12177
104.564174,30.387808,-1,12178
103.867834,30.461878,-1,12179
104.489285,30.459028,259,12180
104.067757,30.169491,-1,12181
103.880532,30.480373,-1,12182
103.923216,30.700949,-1,12183
103.676431,30.899634,-1,12184
103.718391,30.579231,-1,12185
104.113503,30.641754,-1,12186
103.542795,30.747999,-1,12187
104.106417,30.607691,-1,12188
103.988151,30.463908,-1,12189
104.565137,30.378963,-1,12190
104.214547,30.583463,21,12191
104.109682,30.503966,263,12192
103.644421,30.944917,-1,12193
103.920862,30.702982,25,12194
104.044782,30.445109,145,12195
104.369944,30.86072,-1,12196
104.243063,30.645752,46,12197
103.867684,30.309243,-1,12198
104.203488,30.726012,30,12199
103.636601,30.48518,-1,12200
104.064518,30.559373,-1,12201
104.567829,30.706983,-1,12202
104.234958,30.64582,4,12203
104.137951,30.647072,-1,12204
103.668352,30.655606,-1,12205
104.046817,30.587479,-1,12206
104.132082,30.791989,-1,12207
104.242499,30.649973,9,12208
104.165621,31.104055,-1,12209
103.974297,30.652378,-1,12210
104.045802,31.048309,-1,12211
103.897387,30.474933,-1,12212
104.361586,30.435062,-1,12213
104.114241,30.579334,56,12214
104.106935,30.491092,196,12215
104.226037,30.524087,184,12216
104.138315,30.591998,-1,12217
103.786031,30.428035,-1,12218
102.202495,29.683917,-1,12219
103.837853,30.576461,-1,12220
104.363128,30.657418,261,12221
104.310913,30.708412,-1,12222
104.07268,30.24769,-1,12223
103.905475,30.810787,181,12224
104.396226,30.357232,-1,12225
104.164585,30.658704,176,12226
104.020772,29.139397,50,12227
103.863063,30.458052,-1,12228
103.94713,30.63606,-1,12229
103.797009,30.646604,211,12230
103.866496,30.556852,-1,12231
103.662679,30.970839,87,12232
103.971229,30.65044,85,12233
103.963411,30.615063,-1,12234
104.53353,29.759734,-1,12235
104.203186,30.726066,30,12236
103.992751,30.746207,-1,12237
104.432271,30.891445,-1,12238
104.610698,30.871419,-1,12239
104.1347,30.805968,235,12240
104.436317,31.263785,-1,12241
104.534961,30.717726,-1,12242
103.896659,30.666469,49,12243
103.497372,30.567365,-1,12244
103.553216,30.221138,115,12245
104.120147,30.773082,164,12246
104.224488,30.484395,-1,12247
104.192729,30.741317,225,12248
102.202495,29.683917,-1,12249
104.768371,30.606885,-1,12250
103.777876,29.784473,-1,12251
104.231643,30.525909,-1,12252
103.945174,30.484012,54,12253
103.808472,30.401362,-1,12254
103.882879,30.218137,-1,12255
103.563617,30.641051,-1,12256
103.883104,30.666041,55,12257
104.4886,30.493339,72,12258
104.14585,30.707247,-1,12259
103.587274,30.738604,-1,12260
104.309175,30.865047,36,12261
103.678156,30.338635,182,12262
103.526998,30.203853,-1,12263
104.297621,30.683759,-1,12264
103.890625,30.248439,-1,12265
104.203802,30.725943,30,12266
103.805176,30.431496,-1,12267
104.391914,30.299791,104,12268
103.658503,31.024068,-1,12269
103.976573,30.468203,-1,12270
104.052308,30.684214,-1,12271
103.49162,30.753903,-1,12272
104.027021,30.51516,-1,12273
103.859673,30.301243,89,12274
103.836117,30.662601,-1,12275
103.667138,30.953962,-1,12276
104.511275,30.352754,134,12277
104.379968,30.290563,-1,12278
104.132151,30.689495,-1,12279
103.825901,30.451746,-1,12280
104.111068,30.458882,-1,12281
103.583721,30.376884,-1,12282
103.660653,31.036097,-1,12283
104.03549,30.298199,-1,12284
103.113724,30.104764,-1,12285
104.0547,30.427946,258,12286
103.897459,30.836529,102,12287
104.201667,30.730499,-1,12288
103.778439,31.17803,-1,12289
103.936533,30.614142,29,12290
103.873924,30.430873,-1,12291
104.118499,30.75725,44,12292
104.158462,30.598247,-1,12293
104.501187,30.42947,-1,12294
103.633084,30.954742,-1,12295
103.959653,30.438063,-1,12296
103.953633,30.327251,-1,12297
103.91574,30.409295,-1,12298
103.496964,30.547233,244,12299
103.708652,30.789693,-1,12300
103.86032,30.837107,-1,12301
104.134072,30.945727,-1,12302
104.255722,30.531654,194,12303
104.011294,30.523379,-1,12304
104.050737,30.665121,92,12305
104.150344,30.616359,179,12306
103.795803,30.405035,-1,12307
103.990948,30.420203,-1,12308
103.536975,30.569619,-1,12309
104.011041,30.835127,-1,12310
104.125329,30.769627,75,12311
104.318141,30.713646,-1,12312
104.571858,30.688289,-1,12313
103.832652,30.549458,-1,12314
104.100503,30.521084,-1,12315
104.105142,30.868206,-1,12316
104.084987,30.455044,222,12317
103.796961,30.643548,61,12318
103.517224,30.750325,98,12319
104.37694,30.991353,-1,12320
104.088605,30.548534,-1,12321
104.990726,29.542507,-1,12322
104.03299,30.468317,267,12323
104.101457,30.657144,-1,12324
104.084923,30.455128,222,12325
104.167458,30.393577,-1,12326
104.093649,30.441895,-1,12327
104.215194,30.582619,21,12328
103.895643,30.66615,49,12329
104.569571,30.137439,-1,12330
103.923419,30.263631,-1,12331
103.949403,30.937433,-1,12332
104.093964,30.89173,-1,12333
103.559283,30.548738,-1,12334
103.846061,30.431909,-1,12335
104.450629,30.467779,-1,12336
104.477104,30.355524,-1,12337
103.791183,30.445178,-1,12338
103.853682,30.571899,-1,12339
103.944564,30.664325,-1,12340
103.653178,30.847116,-1,12341
104.609447,30.857009,-1,12342
104.498978,30.61555,-1,12343
104.225097,30.672186,-1,12344
104.178585,30.782162,166,12345
103.438067,30.616878,-1,12346
104.485115,30.348485,-1,12347
104.224177,30.566032,175,12348
104.0025,30.586944,-1,12349
104.149295,30.659544,256,12350
104.165293,30.677505,-1,12351
103.452272,30.37459,71,12352
103.999149,30.669398,-1,12353
104.077121,30.794671,105,12354
103.465,31.002249,-1,12355
104.081441,30.496559,-1,12356
104.248185,30.920758,-1,12357
104.120077,30.37803,-1,12358
104.590682,30.388541,-1,12359
104.001539,30.88525,228,12360
104.32834,30.345858,-1,12361
104.064656,30.437918,-1,12362
103.713989,30.526523,74,12363
103.825898,30.948382,-1,12364
104.112252,30.752641,116,12365
103.838869,30.735451,-1,12366
104.157854,30.692244,180,12367
103.950966,30.918976,-1,12368
103.833038,30.421758,-1,12369
104.644913,30.676041,-1,12370
104.365421,30.303898,-1,12371
104.046257,30.699457,-1,12372
104.26343,29.941934,233,12373
103.452502,30.374581,71,12374
104.659994,31.097426,-1,12375
104.55547,30.352922,31,12376
104.09208,30.524011,81,12377
104.319286,30.274095,165,12378
103.922202,30.320012,-1,12379
103.954618,30.937755,-1,12380
104.293282,30.849548,-1,12381
103.998743,30.466759,151,12382
104.086764,30.444961,-1,12383
103.680757,30.611662,203,12384
103.891894,30.551127,-1,12385
104.22382,30.794167,52,12386
104.392066,30.299141,104,12387
103.856751,30.442175,-1,12388
103.614246,30.964461,-1,12389
104.421464,30.955409,-1,12390
104.078966,30.513505,123,12391
103.717147,30.405928,-1,12392
104.095753,30.59306,-1,12393
103.662944,30.970948,87,12394
103.889226,30.447012,-1,12395
103.798451,29.773079,-1,12396
104.126905,30.599465,-1,12397
103.969159,30.469773,-1,12398
103.659474,30.524133,-1,12399
103.84523,30.431925,-1,12400
103.661403,30.960876,2,12401
104.050073,30.476739,90,12402
103.973018,30.996509,-1,12403
103.940598,29.942272,-1,12404
103.989461,30.596556,-1,12405
104.347005,30.74252,-1,12406
104.001857,30.484731,-1,12407
103.52299,31.414804,-1,12408
103.459769,30.746804,5,12409
104.106904,30.587223,141,12410
103.888946,30.817053,-1,12411
103.893349,30.513761,215,12412
104.053386,30.439506,-1,12413
104.005824,30.515728,-1,12414
104.114241,30.579334,56,12415
104.42071,30.920423,-1,12416
104.319864,30.276056,165,12417
104.669174,29.503953,238,12418
104.098667,30.885154,73,12419
104.001352,31.047324,-1,12420
103.937836,30.61884,12,12421
104.149129,30.659662,256,12422
104.377906,30.917009,-1,12423
103.942338,30.523181,-1,12424
103.628793,30.388253,-1,12425
104.277532,31.141477,-1,12426
103.8572,30.794805,-1,12427
104.342187,31.150103,-1,12428
104.117425,30.537691,-1,12429
104.3449,30.828301,-1,12430
104.310648,30.273363,-1,12431
103.881986,30.485787,-1,12432
103.977672,30.405146,-1,12433
103.812579,30.632587,51,12434
104.286846,30.668313,-1,12435
104.031828,30.321509,-1,12436
103.654806,30.927025,37,12437
103.726357,30.781876,-1,12438
104.150221,30.727226,-1,12439
103.914245,30.675435,129,12440
103.640224,30.466076,119,12441
104.633799,30.699365,-1,12442
103.633875,30.95967,-1,12443
103.912932,30.631,60,12444
103.952487,30.650407,-1,12445
104.027573,30.450833,158,12446
103.994536,30.764735,-1,12447
103.980429,30.82491,-1,12448
104.335171,30.832886,-1,12449
104.590643,30.392154,-1,12450
104.163814,30.594003,-1,12451
103.712167,30.322608,-1,12452
103.892222,30.778054,128,12453
103.629095,30.955586,-1,12454
103.888946,30.817053,-1,12455
104.536973,30.35304,-1,12456
103.351021,30.368151,-1,12457
104.181453,30.515981,-1,12458
104.018138,30.579978,-1,12459
103.532379,31.404716,11,12460
103.937074,30.61322,29,12461
104.15793,30.692152,180,12462
103.859261,30.827739,188,12463
103.911593,30.850659,-1,12464
103.27358,30.192545,-1,12465
103.947715,30.747595,-1,12466
103.194545,30.139574,-1,12467
103.885906,30.583375,-1,12468
103.823749,30.955745,-1,12469
103.818706,30.854898,-1,12470
104.164739,30.658698,176,12471
104.009202,30.763923,232,12472
104.354553,30.435935,-1,12473
104.327124,30.306413,148,12474
103.683148,31.01334,18,12475
104.272981,30.814498,-1,12476
104.3117,30.298952,26,12477
104.165857,30.664732,-1,12478
103.826547,30.799673,-1,12479
104.213532,30.744972,-1,12480
103.910033,30.73246,-1,12481
104.080289,30.704489,-1,12482
103.711008,31.02543,-1,12483
104.19422,30.691617,-1,12484
103.796822,30.643485,61,12485
104.119557,30.724361,-1,12486
103.973322,30.800771,146,12487
104.109332,30.5605,-1,12488
103.983145,30.411801,-1,12489
104.040722,30.531361,-1,12490
104.205363,31.192129,-1,12491
103.829065,30.396401,-1,12492
103.460605,30.748625,-1,12493
104.152727,30.78171,219,12494
103.953996,30.656198,265,12495
103.83795,30.342788,-1,12496
104.551957,30.71611,-1,12497
104.231658,30.52586,-1,12498
104.037552,30.551103,-1,12499
103.956523,30.930628,-1,12500
103.959623,30.517439,40,12501
104.24309,30.782866,-1,12502
103.79694,30.398437,-1,12503
103.262015,30.573279,-1,12504
104.12829,30.64003,-1,12505
104.22356,30.88517,204,12506
104.10019,30.749125,-1,12507
104.230138,30.939777,-1,12508
104.530511,30.433161,-1,12509
104.163342,30.593671,-1,12510
104.138496,30.610702,170,12511
104.186644,30.707726,-1,12512
104.011395,30.463545,-1,12513
104.143769,30.534036,-1,12514
104.005305,30.732343,-1,12515
104.000884,30.650859,-1,12516
103.914911,30.817625,-1,12517
104.325904,30.294343,-1,12518
103.97789,30.628604,-1,12519
103.289176,30.154644,-1,12520
104.046993,30.461356,-1,12521
104.215493,30.821176,192,12522
104.052793,30.472153,45,12523
103.98032,31.037489,-1,12524
104.322776,30.303636,-1,12525
103.909666,30.544552,62,12526
103.506196,30.428972,-1,12527
104.378194,30.715417,-1,12528
104.109617,30.594871,-1,12529
104.298577,30.38829,-1,12530
104.244177,30.650396,9,12531
103.850748,30.82043,96,12532
103.460991,30.387191,-1,12533
103.491208,31.346875,-1,12534
103.935436,30.905565,83,12535
104.510263,30.352794,134,12536
104.118511,30.478213,-1,12537
104.066306,30.180271,201,12538
104.18962,30.662289,209,12539
103.970915,30.627827,-1,12540
104.088516,30.22653,-1,12541
104.072011,30.438282,-1,12542
104.055387,30.4204,-1,12543
103.907846,30.717044,-1,12544
104.398257,30.97686,-1,12545
104.22586,30.790581,52,12546
104.193711,30.738146,-1,12547
104.205519,30.874896,-1,12548
103.917067,30.683526,94,12549
104.152813,30.781786,219,12550
104.057009,30.453734,-1,12551
104.143303,30.833906,-1,12552
104.063198,30.438283,168,12553
103.489723,30.184576,-1,12554
103.883081,30.665893,55,12555
103.846663,31.687159,-1,12556
104.349987,30.362347,-1,12557
103.957816,30.616677,-1,12558
103.820779,30.741628,-1,12559
104.31808,30.515239,-1,12560
104.03956,30.225927,97,12561
103.356592,30.113918,-1,12562
103.816107,30.675142,-1,12563
104.183413,30.786469,-1,12564
103.944246,30.528568,-1,12565
104.168767,30.740929,183,12566
104.178638,30.782682,166,12567
104.295867,30.321979,-1,12568
104.106586,30.607793,-1,12569
103.680787,30.590128,-1,12570
104.055857,30.685221,-1,12571
103.932664,30.472807,-1,12572
104.11976,30.110691,-1,12573
104.006299,30.522162,-1,12574
104.312403,30.874659,-1,12575
104.321542,30.712438,-1,12576
103.414888,30.75719,-1,12577
104.079042,30.818182,-1,12578
104.164041,30.59389,-1,12579
104.071985,30.302183,-1,12580
104.435498,30.836126,-1,12581
104.236371,30.646738,4,12582
103.861264,30.803839,131,12583
104.235869,30.647086,4,12584
104.037424,30.857739,-1,12585
104.762012,29.714968,-1,12586
104.29195,30.81321,-1,12587
104.075383,30.551258,-1,12588
103.792567,30.344307,-1,12589
103.954166,30.605227,-1,12590
104.149427,30.724929,-1,12591
104.081763,30.722525,-1,12592
104.074366,30.670162,-1,12593
103.963147,30.448035,84,12594
104.202407,30.726201,30,12595
103.936425,30.613836,29,12596
104.100865,30.775865,-1,12597
104.250136,30.774684,-1,12598
103.533293,30.207302,-1,12599
104.202934,30.726024,30,12600
103.558838,30.76924,-1,12601
104.644666,30.675686,-1,12602
104.320747,30.826579,-1,12603
104.046517,30.453497,-1,12604
103.918176,30.683949,94,12605
104.202438,30.553841,-1,12606
104.281173,30.721706,-1,12607
103.612325,30.871525,-1,12608
103.740913,30.395501,-1,12609
104.02157,31.378577,-1,12610
104.320955,30.281315,-1,12611
103.64015,31.011864,-1,12612
103.882889,30.164085,-1,12613
103.959894,30.15196,234,12614
104.297678,31.034933,-1,12615
103.872469,30.491086,-1,12616
104.185886,30.719978,34,12617
104.316959,30.606341,-1,12618
104.360345,30.739288,-1,12619
103.482672,30.383801,143,12620
104.051226,30.260028,159,12621
104.020074,30.63971,-1,12622
103.923097,30.716732,13,12623
104.332814,30.648457,-1,12624
103.923278,30.717292,13,12625
104.000132,30.514843,-1,12626
104.204843,30.590553,-1,12627
104.093013,30.582654,67,12628
104.214931,30.583447,21,12629
104.225167,30.59264,-1,12630
103.904104,30.978519,-1,12631
104.081576,30.508782,-1,12632
103.860349,30.837207,-1,12633
104.352329,31.050143,-1,12634
103.982089,30.453665,153,12635
103.810773,30.632075,51,12636
103.967575,30.392926,-1,12637
103.823738,30.466108,-1,12638
103.982731,30.453551,153,12639
103.958151,30.662,-1,12640
104.609884,31.298624,-1,12641
103.677905,31.029917,100,12642
103.930026,30.510791,-1,12643
104.030012,30.809776,-1,12644
103.691048,30.568207,-1,12645
104.107113,30.510009,-1,12646
104.428273,30.873722,-1,12647
104.056351,30.763212,-1,12648
104.132414,30.651116,-1,12649
104.161874,30.53584,-1,12650
103.923055,30.716957,13,12651
104.118815,30.756615,44,12652
103.8794,30.488752,-1,12653
104.564505,30.370915,32,12654
103.887411,30.592937,-1,12655
104.435307,30.355431,-1,12656
103.402071,30.742149,-1,12657
104.043582,30.44643,145,12658
104.174605,30.715252,53,12659
103.850876,30.820514,96,12660
103.923312,30.272294,-1,12661
104.118499,30.75725,44,12662
103.988214,30.627613,230,12663
103.959928,30.517229,40,12664
104.101453,30.713109,-1,12665
103.92271,30.71674,13,12666
104.196791,30.737892,-1,12667
104.170577,30.712471,-1,12668
103.93747,30.61368,29,12669
104.499785,30.479252,-1,12670
104.297103,30.236921,-1,12671
104.453451,30.34203,-1,12672
103.91575,30.678348,-1,12673
103.866305,30.775415,216,12674
103.904621,30.915315,-1,12675
104.331028,30.644508,187,12676
104.215629,30.820809,192,12677
104.287968,30.685721,-1,12678
104.460533,30.343933,-1,12679
104.489598,30.493786,72,12680
103.725399,30.5778,130,12681
104.191798,30.790196,156,12682
104.756052,30.633348,-1,12683
103.490916,30.301998,-1,12684
103.489754,30.537235,-1,12685
104.379751,31.123011,-1,12686
104.349427,30.487065,-1,12687
104.151029,30.631554,-1,12688
104.064282,30.431089,-1,12689
104.109835,30.504928,263,12690
104.312929,30.872658,-1,12691
103.952531,30.427798,160,12692
103.833743,30.925054,-1,12693
103.876469,30.220728,-1,12694
104.413147,30.353184,-1,12695
104.488665,30.459304,259,12696
103.916517,30.369397,163,12697
103.60354,29.999357,-1,12698
104.566904,30.387746,-1,12699
103.701499,30.602629,35,12700
104.287616,30.679519,-1,12701
103.921297,30.947774,-1,12702
103.967637,30.930595,-1,12703
103.937721,30.619013,12,12704
104.412699,30.344949,189,12705
103.953409,30.327276,-1,12706
104.120242,30.772986,164,12707
103.969653,30.982064,172,12708
103.926255,30.947026,-1,12709
104.359094,30.659643,-1,12710
104.00753,30.743806,-1,12711
104.501173,30.474002,63,12712
104.167026,30.56492,-1,12713
104.246254,30.895467,-1,12714
104.312575,30.861285,-1,12715
103.888401,30.556095,133,12716
104.371676,30.86459,-1,12717
104.061907,30.180857,-1,12718
104.242508,30.650455,9,12719
103.738932,30.575767,-1,12720
104.228575,30.791951,-1,12721
104.134714,30.805971,235,12722
104.362089,30.660663,-1,12723
103.791965,30.575983,-1,12724
104.236736,30.490309,-1,12725
104.164623,30.658595,176,12726
104.565578,30.377892,-1,12727
104.29626,30.389547,-1,12728
104.323922,30.286307,-1,12729
104.569221,30.431818,-1,12730
103.509025,30.562902,-1,12731
104.149484,30.622479,107,12732
103.534074,30.583838,-1,12733
104.098809,30.499307,-1,12734
104.293059,30.703921,-1,12735
104.183431,30.710623,147,12736
104.058882,30.720286,-1,12737
103.497054,30.561055,-1,12738
104.057555,30.699231,-1,12739
104.382196,30.286284,-1,12740
104.688791,30.104437,-1,12741
104.070951,30.72519,6,12742
104.378413,30.282913,-1,12743
104.062038,30.419041,236,12744
104.312918,30.283818,-1,12745
104.091001,30.559759,-1,12746
103.824429,30.466098,-1,12747
104.200483,30.550185,-1,12748
103.838651,30.36777,-1,12749
104.214194,30.583622,21,12750
104.063649,30.167507,-1,12751
103.974108,30.964681,-1,12752
104.07264,30.35945,-1,12753
103.937379,30.811181,-1,12754
103.681848,30.596773,24,12755
104.178638,30.782682,166,12756
103.967334,30.766139,-1,12757
104.539078,31.859515,-1,12758
103.532353,31.40465,11,12759
103.873372,30.463401,-1,12760
104.049785,30.630839,-1,12761
104.089489,30.833021,-1,12762
104.174199,30.788137,254,12763
104.397002,30.342731,-1,12764
104.107955,30.580687,-1,12765
104.330463,30.734605,-1,12766
104.178585,30.782162,166,12767
104.572393,31.035194,-1,12768
103.982046,30.40986,-1,12769
103.711256,30.397951,-1,12770
104.008841,30.590564,43,12771
104.502073,30.429849,-1,12772
104.163242,30.700109,-1,12773
103.96809,30.935548,-1,12774
104.07539,30.625225,-1,12775
103.856435,30.647253,-1,12776
104.312237,30.298467,26,12777
104.107675,30.580687,-1,12778
104.002063,30.590994,249,12779
104.223856,30.794976,52,12780
104.101345,30.810201,-1,12781
104.094365,30.523318,-1,12782
104.210253,30.567361,-1,12783
103.994317,30.764754,-1,12784
104.419945,30.805393,-1,12785
103.946866,30.922163,-1,12786
104.099835,31.288713,-1,12787
104.066527,30.597779,-1,12788
103.788544,30.576615,-1,12789
104.050828,30.478319,-1,12790
103.936219,30.614011,29,12791
103.795068,30.441082,-1,12792
103.487328,31.079332,-1,12793
104.07015,30.729944,-1,12794
104.352995,30.678384,-1,12795
104.377916,30.454822,-1,12796
104.002071,30.590703,249,12797
104.130688,30.963535,-1,12798
103.795931,31.238992,-1,12799
104.597181,30.342338,-1,12800
104.173056,30.484454,174,12801
103.685778,30.619361,-1,12802
103.905297,30.810288,181,12803
104.495104,30.339288,-1,12804
104.323395,30.644953,126,12805
103.64033,30.466032,119,12806
103.837494,30.357635,-1,12807
104.108187,30.420532,-1,12808
103.503593,30.181936,-1,12809
104.169404,30.532175,-1,12810
103.688393,31.012101,-1,12811
103.68168,30.612732,203,12812
104.008803,30.590619,43,12813
104.509768,30.352862,134,12814
103.970949,30.650731,85,12815
104.080749,30.36243,-1,12816
104.460911,30.859992,-1,12817
103.97382,31.032166,-1,12818
104.041639,30.561658,-1,12819
104.71141,30.976989,-1,12820
104.509401,30.352429,134,12821
104.224057,30.675078,208,12822
103.990853,30.739152,210,12823
103.947835,30.662143,-1,12824
103.937459,30.613355,29,12825
104.600385,30.871587,-1,12826
104.155911,30.580046,-1,12827
102.109214,29.139018,-1,12828
103.912421,30.630915,60,12829
103.147253,30.461352,-1,12830
104.055675,30.763146,-1,12831
104.244066,30.645691,46,12832
104.162363,31.461404,-1,12833
104.020156,29.139702,50,12834
104.051667,30.75784,-1,12835
104.070847,31.305493,-1,12836
104.110045,30.508767,-1,12837
103.673898,30.422814,-1,12838
104.32161,31.116862,-1,12839
103.859096,30.827814,188,12840
103.636526,30.956898,-1,12841
103.961825,30.933379,212,12842
104.033207,30.604722,-1,12843
104.177628,30.788748,243,12844
104.09978,30.458934,226,12845
104.485748,30.444371,-1,12846
103.878602,30.198206,79,12847
104.003971,30.606301,111,12848
104.224859,30.849541,-1,12849
104.59464,30.111903,-1,12850
103.902538,30.658371,16,12851
103.896779,30.404876,-1,12852
103.824086,30.585234,-1,12853
104.007646,30.805257,-1,12854
104.109199,30.506962,260,12855
103.905297,30.810288,181,12856
104.072785,30.758895,-1,12857
104.236345,30.90702,-1,12858
104.387636,30.296755,-1,12859
104.165293,30.677505,-1,12860
104.235406,30.646604,4,12861
103.936133,30.905566,83,12862
104.075607,30.814517,-1,12863
104.250158,30.838229,-1,12864
104.213578,30.815997,-1,12865
103.96285,30.732282,-1,12866
103.872469,30.491086,-1,12867
104.169149,30.710668,-1,12868
104.023707,30.542003,-1,12869
103.691273,31.03687,-1,12870
103.724742,30.578402,130,12871
104.237701,30.721645,-1,12872
104.214955,30.582915,21,12873
104.245037,29.946462,-1,12874
104.112656,30.479259,-1,12875
104.220181,30.695381,-1,12876
104.24262,30.650418,9,12877
103.586336,30.746188,-1,12878
103.998877,30.252972,200,12879
103.633783,30.952355,-1,12880
103.974391,30.45679,-1,12881
103.84581,30.553867,-1,12882
103.686685,30.871882,-1,12883
103.915164,30.630925,-1,12884
104.069916,30.768384,69,12885
103.970778,30.989303,19,12886
104.537108,30.352985,-1,12887
104.174694,30.796915,-1,12888
104.161797,30.599763,7,12889
104.890196,30.274815,-1,12890
104.028311,30.640333,-1,12891
104.01191,30.621105,-1,12892
104.433946,30.386449,-1,12893
103.913596,30.993916,-1,12894
104.203702,30.740722,-1,12895
103.957931,30.438992,-1,12896
103.788702,30.870098,-1,12897
103.824859,30.580989,-1,12898
102.966214,29.773757,-1,12899
103.643319,30.469908,-1,12900
103.598745,30.985401,-1,12901
104.208177,30.898395,-1,12902
104.271994,30.826296,-1,12903
103.876393,30.500588,-1,12904
103.860514,30.79185,-1,12905
104.223789,30.675472,208,12906
103.904383,30.683075,-1,12907
103.955966,31.007627,-1,12908
103.891572,30.409356,-1,12909
104.355466,30.7404,-1,12910
104.315742,30.303095,251,12911
104.015474,30.450602,-1,12912
103.9543,30.339013,-1,12913
104.138536,30.691858,-1,12914
104.236721,30.49036,-1,12915
104.415459,30.992547,-1,12916
104.106109,30.607688,-1,12917
103.437997,30.364013,-1,12918
104.040828,30.402545,-1,12919
104.477239,30.355274,-1,12920
104.543567,30.706549,-1,12921
104.027122,31.328866,-1,12922
104.078879,30.365078,250,12923
104.244047,30.650428,9,12924
104.355556,30.291775,-1,12925
103.870396,30.984798,-1,12926
103.13777,30.120046,-1,12927
103.557002,30.425672,-1,12928
103.952325,30.999215,220,12929
103.553121,30.22129,115,12930
103.241117,30.540317,-1,12931
102.632829,31.869293,-1,12932
103.836012,30.3208,-1,12933
103.681447,30.612781,203,12934
104.432732,30.334814,-1,12935
104.364829,30.969327,-1,12936
104.184057,30.717106,58,12937
103.935564,30.905448,83,12938
103.991981,30.464925,-1,12939
104.149476,30.622573,107,12940
104.22991,30.791689,-1,12941
104.669399,29.504038,238,12942
104.214583,30.651728,88,12943
103.922608,30.686285,-1,12944
104.401443,30.343042,-1,12945
104.35391,31.000152,-1,12946
104.060208,30.585087,-1,12947
104.243267,30.645937,46,12948
104.296183,30.993824,-1,12949
104.173587,30.727197,-1,12950
103.792535,30.687399,-1,12951
104.046711,30.427689,3,12952
104.227004,30.654379,-1,12953
104.173155,30.484403,174,12954
104.116575,30.390727,-1,12955
104.070129,30.725784,6,12956
104.104983,30.580212,-1,12957
103.942271,30.847641,-1,12958
103.922974,30.716827,13,12959
104.008803,30.590619,43,12960
104.071138,30.725231,6,12961
104.538546,30.723752,-1,12962
104.264495,30.864829,-1,12963
104.046096,30.540981,-1,12964
104.095755,30.540873,-1,12965
104.627771,30.921944,-1,12966
104.237743,30.720674,-1,12967
104.316062,30.276739,206,12968
104.053518,30.772662,-1,12969
103.993256,30.923828,-1,12970
104.104356,30.453403,-1,12971
104.317569,30.275092,-1,12972
103.815055,30.633316,51,12973
104.575024,30.68605,-1,12974
104.134634,30.805985,235,12975
104.318684,30.861126,108,12976
104.405576,30.344798,-1,12977
104.231255,30.792814,-1,12978
103.464697,30.452784,-1,12979
103.594493,30.737717,-1,12980
104.229357,30.708232,-1,12981
103.988687,30.628013,230,12982
103.870424,30.702273,122,12983
104.09176,30.428156,-1,12984
103.857531,31.064525,80,12985
103.709581,30.393998,-1,12986
104.074698,30.566036,-1,12987
104.340252,30.304491,-1,12988
103.534817,30.405402,-1,12989
104.973361,29.870887,103,12990
104.64467,31.449354,-1,12991
104.082133,30.747156,-1,12992
104.244162,30.645727,46,12993
103.680557,30.612762,203,12994
104.010032,30.493174,-1,12995
103.950651,30.662109,-1,12996
104.102405,30.459093,-1,12997
103.87835,30.445328,-1,12998
104.268871,30.644004,-1,12999
104.237135,30.658771,-1,13000
103.969119,30.469671,-1,13001
104.257411,30.530302,-1,13002
104.555931,30.709088,-1,13003
103.790448,29.636083,198,13004
103.90636,30.395764,-1,13005
104.077497,30.794602,105,13006
104.168924,30.741361,183,13007
104.051667,30.541331,-1,13008
104.242524,30.650519,9,13009
103.97122,30.437687,-1,13010
104.084099,30.57805,22,13011
102.629879,31.848678,-1,13012
103.917517,30.742875,-1,13013
103.973875,31.032301,-1,13014
104.034946,30.223359,-1,13015
104.109657,30.562382,-1,13016
103.913292,30.994562,-1,13017
104.131043,30.569181,-1,13018
104.09843,30.45979,-1,13019
104.08259,30.564729,-1,13020
104.605162,30.867465,-1,13021
104.203802,30.726031,30,13022
104.165409,30.658698,176,13023
102.7342,29.982957,-1,13024
104.062133,30.438022,168,13025
104.18341,30.71037,147,13026
103.678134,30.338561,182,13027
104.09593,30.443912,-1,13028
103.936724,30.921766,-1,13029
103.138074,30.119252,-1,13030
103.918116,30.684127,94,13031
104.396631,30.311932,-1,13032
104.03543,30.298267,-1,13033
104.109621,30.503976,263,13034
103.804259,31.249705,-1,13035
104.235326,30.646636,4,13036
104.016959,30.620145,-1,13037
103.468656,30.434402,-1,13038
104.1871,30.553166,135,13039
104.440242,29.830079,-1,13040
103.612553,30.819966,-1,13041
104.508819,30.354549,197,13042
104.242452,30.650318,9,13043
103.990425,30.594936,-1,13044
104.043238,30.205925,-1,13045
104.064293,30.633093,117,13046
104.107243,30.4917,196,13047
103.937676,30.614122,29,13048
104.299505,30.992558,-1,13049
103.886758,30.274393,-1,13050
104.177164,30.718646,121,13051
104.061324,30.791728,-1,13052
104.041041,30.593267,195,13053
104.257612,30.736526,-1,13054
104.065741,30.443938,-1,13055
103.935459,30.905685,83,13056
103.680576,30.61168,203,13057
104.364019,30.658979,-1,13058
104.040546,30.467229,-1,13059
104.277648,30.639807,-1,13060
104.57212,30.687415,-1,13061
104.316143,30.302257,251,13062
104.125277,30.79499,-1,13063
104.196088,30.527534,-1,13064
104.126445,30.377009,-1,13065
103.937491,30.614954,29,13066
103.681896,30.596724,24,13067
104.140854,30.370535,-1,13068
103.942295,30.847641,-1,13069
103.752898,30.491071,-1,13070
104.390128,30.29824,-1,13071
103.816801,30.798464,-1,13072
103.971108,30.650386,85,13073
103.956029,30.440035,-1,13074
104.195177,30.70009,-1,13075
104.082532,30.577488,22,13076
103.50416,30.57289,-1,13077
104.041404,30.59337,195,13078
104.603649,30.684436,124,13079
104.264078,29.942598,233,13080
104.036562,30.29665,-1,13081
104.133217,30.391323,-1,13082
104.213734,30.583803,21,13083
104.366016,30.857328,125,13084
104.063087,30.438314,168,13085
103.976093,30.456137,-1,13086
103.977121,31.049438,-1,13087
103.89299,30.447226,-1,13088
104.973602,29.871055,103,13089
104.022846,30.861136,-1,13090
104.120651,30.581308,-1,13091
104.075622,30.377991,-1,13092
104.215312,30.582532,21,13093
103.958307,30.748113,-1,13094
104.555979,30.70899,-1,13095
103.907041,30.236154,-1,13096
103.943196,30.937412,-1,13097
104.38309,31.459013,-1,13098
103.17827,30.299496,-1,13099
104.144782,30.394121,-1,13100
103.85552,30.341233,-1,13101
104.194799,30.5874,-1,13102
103.997862,30.248964,-1,13103
104.031521,30.858023,-1,13104
103.612553,30.819966,-1,13105
103.928043,30.600771,-1,13106
104.555427,30.35276,31,13107
104.073361,30.371195,-1,13108
104.411867,30.344431,189,13109
104.05338,30.453824,-1,13110
104.533893,30.428938,-1,13111
103.874047,30.774155,-1,13112
103.787283,30.675602,-1,13113
104.084554,30.455928,222,13114
103.680216,30.874924,-1,13115
103.909862,30.63434,-1,13116
104.056336,30.425109,-1,13117
103.71406,30.526552,74,13118
104.043846,30.470695,-1,13119
104.071138,30.725231,6,13120
104.053065,30.454899,-1,13121
104.021744,30.809049,-1,13122
104.330733,30.643932,187,13123
104.112329,30.754547,-1,13124
103.935171,30.905597,83,13125
104.185932,30.552799,135,13126
104.087757,30.689055,-1,13127
103.945417,30.554694,-1,13128
104.093583,30.581096,67,13129
103.943802,30.499192,-1,13130
103.901433,30.834319,169,13131
103.967739,30.648622,185,13132
104.296175,30.994985,-1,13133
104.081607,30.513397,123,13134
104.282132,30.821415,-1,13135
103.80843,29.678331,-1,13136
104.45321,30.852623,-1,13137
103.813337,30.631984,51,13138
103.870781,31.045316,-1,13139
103.862949,30.791056,-1,13140
104.039416,30.22602,97,13141
104.324021,30.343512,-1,13142
104.164724,30.62914,-1,13143
104.104618,30.502921,-1,13144
104.380198,30.743453,-1,13145
103.984135,30.572559,-1,13146
104.214144,30.651584,88,13147
103.988936,30.887106,-1,13148
104.243007,30.650954,9,13149
103.796554,30.447508,-1,13150
104.244201,30.645666,46,13151
103.701437,30.602583,35,13152
104.054966,30.457188,-1,13153
103.678537,31.029709,100,13154
104.128347,30.682264,-1,13155
104.185894,30.54503,-1,13156
104.135651,30.712245,-1,13157
104.597732,30.699625,-1,13158
103.916802,30.683546,94,13159
104.493065,30.325631,68,13160
104.146133,30.620821,-1,13161
103.893303,30.513757,215,13162
104.512107,30.352736,-1,13163
103.912822,30.978951,-1,13164
104.453793,30.49063,-1,13165
104.225126,30.707522,-1,13166
103.497044,30.547149,244,13167
103.975514,30.644241,-1,13168
103.508255,30.742502,-1,13169
103.952212,30.427938,160,13170
103.820532,30.465755,-1,13171
104.556097,30.099075,-1,13172
104.211931,30.701604,-1,13173
104.035909,30.572263,-1,13174
103.461366,30.7499,-1,13175
103.546474,30.602493,-1,13176
104.086046,30.580415,227,13177
104.393555,31.111383,-1,13178
104.100708,30.789879,-1,13179
104.554614,30.374267,-1,13180
103.82686,30.858697,-1,13181
104.093204,30.856437,-1,13182
104.063017,30.633311,117,13183
103.861295,30.445586,-1,13184
103.307385,31.091132,-1,13185
103.956729,30.931796,-1,13186
104.50842,30.354584,197,13187
104.202671,30.725977,30,13188
103.937692,30.618889,12,13189
103.10075,30.080486,-1,13190
103.671963,30.31752,-1,13191
103.578922,30.845669,-1,13192
103.804259,31.249705,-1,13193
103.981315,30.761604,-1,13194
104.170799,30.615253,15,13195
103.967962,30.648578,185,13196
103.912762,30.824818,1,13197
103.532386,31.404674,11,13198
104.60381,30.684633,124,13199
104.051617,30.75777,-1,13200
103.961896,30.369296,-1,13201
104.071493,30.725137,6,13202
103.558528,30.75252,-1,13203
103.701412,30.602823,35,13204
104.555691,30.353093,31,13205
104.046113,30.549304,-1,13206
104.06669,30.645378,-1,13207
103.797569,30.645328,-1,13208
103.55447,30.607583,-1,13209
103.966713,30.458751,-1,13210
104.069745,30.768723,69,13211
103.588555,30.773228,-1,13212
104.163817,30.593941,-1,13213
104.405302,30.460907,-1,13214
104.227101,30.523713,-1,13215
104.236369,30.646693,4,13216
104.173003,30.681193,-1,13217
103.678379,31.030088,100,13218
104.296442,30.884084,-1,13219
103.499283,30.542334,205,13220
103.819263,30.907272,-1,13221
104.387989,30.761762,-1,13222
103.969504,30.981846,172,13223
104.559031,30.896775,-1,13224
104.065248,30.179287,20,13225
103.902202,30.658349,16,13226
104.51114,30.353862,-1,13227
104.061538,30.418977,236,13228
103.8762,30.47118,-1,13229
103.702863,30.60828,-1,13230
104.041042,30.593267,195,13231
104.084585,30.661786,-1,13232
104.056444,30.457517,-1,13233
104.756625,30.656494,-1,13234
103.914602,30.602353,-1,13235
103.686484,31.014473,-1,13236
104.592899,30.019936,-1,13237
103.995769,30.780759,-1,13238
104.054316,30.466507,-1,13239
103.864508,30.601428,-1,13240
104.364423,30.658348,-1,13241
103.960147,30.649796,178,13242
103.714364,30.801123,-1,13243
104.138801,30.716418,-1,13244
104.214817,30.58326,21,13245
103.193694,30.138716,-1,13246
104.243226,30.649892,9,13247
104.356718,30.820336,-1,13248
104.017746,29.139205,-1,13249
103.987509,30.98393,-1,13250
104.202932,30.649264,-1,13251
104.041065,30.593497,195,13252
103.889116,30.447358,-1,13253
103.681247,30.612679,203,13254
104.150122,30.615907,179,13255
102.238972,29.240082,-1,13256
104.041116,30.676152,-1,13257
103.950466,30.662275,-1,13258
104.22725,30.657431,-1,13259
104.001026,30.887643,-1,13260
103.734127,30.394412,-1,13261
104.044076,30.445771,145,13262
104.24253,30.649981,9,13263
103.997094,30.907937,-1,13264
104.091579,30.525033,81,13265
103.585005,30.48726,-1,13266
103.914311,30.629963,-1,13267
104.372,30.864266,-1,13268
103.925292,30.89035,-1,13269
104.074936,30.32095,-1,13270
103.959012,30.358842,-1,13271
103.792557,30.187507,-1,13272
104.062791,30.442815,-1,13273
104.120358,30.772987,164,13274
104.049301,30.541339,-1,13275
104.224188,30.786027,-1,13276
103.953471,30.65598,265,13277
103.902492,30.539018,-1,13278
104.322449,30.71277,-1,13279
104.195561,31.677313,-1,13280
104.48899,30.46163,-1,13281
104.254579,30.845556,-1,13282
103.892174,30.548827,-1,13283
104.114353,30.750231,70,13284
104.111688,30.735803,-1,13285
104.448882,30.854114,-1,13286
103.696811,29.226949,-1,13287
103.262015,30.573279,-1,13288
103.617359,30.978188,-1,13289
103.867893,30.779517,-1,13290
104.145529,30.61771,-1,13291
104.36649,30.304724,-1,13292
104.043796,30.458104,-1,13293
104.24274,30.650252,9,13294
103.955696,31.007016,-1,13295
103.913143,30.504009,-1,13296
104.134222,30.707754,-1,13297
104.055834,30.847931,77,13298
103.71774,30.799385,-1,13299
103.514617,30.20932,-1,13300
104.203317,30.725851,30,13301
104.224855,30.794008,52,13302
104.277468,31.141409,-1,13303
104.415589,30.881656,-1,13304
103.986146,30.481794,-1,13305
104.490835,30.321702,-1,13306
103.65553,30.664955,240,13307
103.829172,30.39644,-1,13308
103.836382,30.321396,-1,13309
103.99585,30.643203,-1,13310
103.892195,30.255199,-1,13311
104.203211,30.726077,30,13312
103.660818,30.961454,2,13313
104.256802,30.869997,-1,13314
104.009111,30.74053,-1,13315
103.958046,30.662842,-1,13316
104.131716,30.601756,-1,13317
103.99158,30.473353,-1,13318
103.701453,30.602527,35,13319
104.453959,30.490234,-1,13320
104.579691,30.603149,-1,13321
103.685861,30.619561,-1,13322
103.919009,30.231234,66,13323
104.539605,30.661056,-1,13324
104.152412,30.732675,-1,13325
104.182228,30.70015,-1,13326
103.737803,30.337163,-1,13327
104.269342,30.729291,-1,13328
103.583425,30.371479,-1,13329
103.614737,30.868341,-1,13330
104.213548,30.744854,-1,13331
104.170843,30.638652,-1,13332
104.072507,30.411929,-1,13333
104.225026,30.793888,52,13334
104.544444,30.373032,-1,13335
104.002922,29.659112,-1,13336
103.796497,30.644582,61,13337
104.161303,30.659955,-1,13338
103.429413,30.162726,-1,13339
104.234893,30.646822,4,13340
103.838215,30.360275,237,13341
103.876055,30.399484,-1,13342
104.114551,30.750684,70,13343
103.821774,30.465987,-1,13344
103.921314,30.233541,-1,13345
104.131533,30.668059,-1,13346
103.499341,30.542108,205,13347
103.904073,30.676177,-1,13348
104.489316,30.493996,72,13349
104.522828,30.662978,253,13350
104.023029,30.463143,-1,13351
104.129675,30.569052,-1,13352
104.144866,30.618311,-1,13353
103.685652,30.619613,-1,13354
103.956921,30.723238,252,13355
103.910653,30.476933,-1,13356
104.103799,30.518545,-1,13357
104.224885,30.639366,-1,13358
104.155298,30.58102,-1,13359
104.185678,30.718465,34,13360
104.233783,30.661834,-1,13361
104.014653,30.448513,-1,13362
103.99192,30.73964,-1,13363
104.393283,30.293973,-1,13364
104.032914,30.46844,267,13365
104.535767,30.352554,-1,13366
104.13892,30.370158,-1,13367
103.936188,30.905392,83,13368
104.323524,30.644802,126,13369
103.962025,30.369993,-1,13370
104.877546,30.286626,-1,13371
104.527262,31.296582,-1,13372
104.331344,30.644346,187,13373
104.026866,30.45832,-1,13374
104.327298,30.307068,148,13375
104.15305,30.543881,-1,13376
104.178137,30.403255,-1,13377
103.988262,30.627377,230,13378
104.263606,29.94299,233,13379
103.982821,30.638472,-1,13380
104.179193,30.520386,-1,13381
104.332575,30.756184,-1,13382
103.937696,30.614124,29,13383
103.799697,30.631999,-1,13384
104.135169,30.805835,235,13385
104.025448,29.137494,-1,13386
104.198466,30.582155,229,13387
103.788469,30.576729,-1,13388
104.454408,30.487742,-1,13389
103.459873,30.747054,5,13390
104.279044,29.936973,-1,13391
103.96989,30.405743,-1,13392
103.497036,30.547265,244,13393
103.725028,30.332183,-1,13394
103.688193,31.024758,-1,13395
104.886966,30.171812,-1,13396
104.028213,30.248774,-1,13397
103.973041,30.800402,146,13398
103.590974,30.519794,-1,13399
104.254507,30.643164,-1,13400
104.037007,30.147923,-1,13401
103.792557,30.187507,-1,13402
104.010757,30.737308,-1,13403
104.203459,30.726217,30,13404
104.391253,30.280951,127,13405
103.958278,30.663471,-1,13406
104.503852,29.730365,-1,13407
103.903928,31.002527,-1,13408
104.197614,30.697716,-1,13409
104.060021,30.574971,-1,13410
103.455556,30.418725,-1,13411
103.535805,30.750176,-1,13412
103.956802,30.723059,252,13413
103.545479,30.589028,-1,13414
104.332433,30.709972,-1,13415
103.548841,30.218531,-1,13416
104.061984,30.180861,-1,13417
103.893242,31.018909,-1,13418
104.472858,30.346536,-1,13419
103.970342,30.650219,85,13420
104.166555,30.628258,-1,13421
104.077641,30.794738,105,13422
104.077814,30.373971,-1,13423
103.593739,30.973843,-1,13424
103.844126,31.144025,-1,13425
103.638361,30.936026,-1,13426
104.165771,30.712607,10,13427
103.981387,30.785427,14,13428
104.55556,30.353184,31,13429
103.339211,30.338596,-1,13430
104.203752,30.72597,30,13431
103.681761,31.012857,18,13432
103.9383,30.61627,-1,13433
103.781737,30.640401,-1,13434
104.139686,30.693275,-1,13435
103.598515,31.003629,-1,13436
104.457833,31.172291,-1,13437
104.240379,30.80216,-1,13438
103.974,30.625164,-1,13439
103.970029,30.629831,-1,13440
104.106935,30.491092,196,13441
104.362182,30.658003,261,13442
104.568265,30.796562,-1,13443
104.034476,30.465181,224,13444
103.782942,30.711259,-1,13445
103.942293,30.279562,-1,13446
104.294392,30.930513,-1,13447
104.254772,30.859159,157,13448
104.148038,30.655292,-1,13449
104.080679,30.816786,-1,13450
103.890819,30.432025,-1,13451
104.076236,30.370587,-1,13452
104.052542,30.246033,136,13453
104.003387,30.734844,-1,13454
104.392818,30.283688,101,13455
103.194885,30.140114,-1,13456
104.16228,30.662068,-1,13457
104.151549,30.632511,-1,13458
103.089623,30.386235,-1,13459
103.53089,30.202942,-1,13460
104.185365,30.716762,242,13461
104.077456,30.608616,-1,13462
104.187883,30.79357,-1,13463
104.154647,30.726702,-1,13464
103.285897,30.155124,-1,13465
102.211778,29.821214,-1,13466
104.12803,30.56891,-1,13467
103.696701,30.656775,-1,13468
103.902799,30.476572,-1,13469
104.157778,30.703593,-1,13470
103.524293,30.395612,-1,13471
104.08465,30.455614,222,13472
104.161611,30.669572,-1,13473
103.695857,30.395863,-1,13474
104.050582,30.541653,-1,13475
104.030272,30.639574,-1,13476
104.235924,30.64623,4,13477
104.114403,30.707672,-1,13478
103.674997,30.905919,-1,13479
103.724125,30.405451,-1,13480
103.872593,30.779119,47,13481
104.018295,30.154792,-1,13482
104.175443,30.788202,254,13483
104.37031,30.28912,-1,13484
104.161606,30.599646,7,13485
103.97069,30.65029,85,13486
104.189455,30.731235,-1,13487
104.114321,30.750319,70,13488
104.07325,30.715433,-1,13489
104.33287,30.707662,-1,13490
103.87107,30.702018,122,13491
104.006953,30.592738,106,13492
103.960962,30.939233,-1,13493
103.850028,30.207975,-1,13494
104.73358,30.635844,-1,13495
103.967594,30.586028,91,13496
104.830293,29.668536,-1,13497
103.901213,30.922051,-1,13498
103.586881,30.388082,-1,13499
103.957245,30.723223,252,13500
104.237626,30.647651,4,13501
103.902466,30.834979,169,13502
103.887385,30.528621,23,13503
104.017746,29.139205,-1,13504
103.860795,30.791548,-1,13505
104.129137,30.534939,-1,13506
103.684566,30.598627,-1,13507
103.952018,30.967496,-1,13508
103.989317,30.596528,-1,13509
104.102072,30.515803,266,13510
103.468559,30.434432,-1,13511
104.118667,30.757022,44,13512
104.188555,30.772474,-1,13513
103.700932,30.602849,35,13514
103.935697,30.905657,83,13515
104.161503,30.447382,-1,13516
104.039666,30.443389,-1,13517
104.130644,30.670276,231,13518
104.179123,30.783489,166,13519
104.170871,30.615182,15,13520
104.491839,30.32464,68,13521
104.12935,30.519057,-1,13522
104.36464,30.996556,-1,13523
103.474704,30.431765,-1,13524
104.134681,30.805935,235,13525
103.962482,30.663105,-1,13526
103.982937,30.765745,-1,13527
103.997206,30.251685,-1,13528
104.237212,30.642519,-1,13529
104.073533,30.718611,-1,13530
104.066205,30.448286,-1,13531
104.191814,30.790529,156,13532
103.883756,30.632729,-1,13533
103.927943,30.766356,-1,13534
104.543567,30.706549,-1,13535
104.346055,30.66902,-1,13536
103.677354,30.338483,182,13537
104.595931,31.765621,-1,13538
103.454521,30.417247,-1,13539
103.856722,30.442234,-1,13540
104.120342,30.773026,164,13541
104.200804,30.702741,-1,13542
103.987052,29.133492,-1,13543
103.909885,30.544377,62,13544
104.113549,30.578908,56,13545
104.125421,30.769713,75,13546
104.093136,30.581319,67,13547
103.942825,30.334788,-1,13548
104.128601,30.639896,-1,13549
104.488894,30.461662,-1,13550
104.365133,30.502753,-1,13551
104.036424,30.498639,-1,13552
103.993342,30.764607,-1,13553
104.086435,30.758828,-1,13554
103.460024,30.746803,5,13555
103.921111,30.702919,25,13556
103.97069,30.65029,85,13557
103.971229,30.65044,85,13558
103.676776,30.90581,-1,13559
104.350078,30.667986,-1,13560
104.04404,30.445527,145,13561
103.920828,30.702953,25,13562
104.342754,30.917406,-1,13563
103.970482,30.650272,85,13564
104.113133,30.47927,-1,13565
104.490763,30.460381,-1,13566
103.892687,30.478524,-1,13567
103.6769,30.60617,-1,13568
104.209916,30.666471,-1,13569
104.112439,30.753217,116,13570
104.063737,30.442784,-1,13571
104.053228,30.456344,217,13572
103.680446,30.944151,-1,13573
104.225032,30.707506,-1,13574
103.912083,30.798601,39,13575
104.312192,30.708982,-1,13576
104.05367,30.457018,217,13577
103.49248,31.43768,-1,13578
104.34973,30.643262,-1,13579
104.071967,30.363341,-1,13580
103.781976,30.675904,152,13581
104.189199,30.69362,-1,13582
103.988454,30.533963,-1,13583
103.959393,30.649678,178,13584
104.061498,30.419566,236,13585
103.709599,30.414461,-1,13586
103.954893,30.491971,-1,13587
104.028623,31.14839,-1,13588
104.449875,31.087345,-1,13589
103.84674,30.43805,-1,13590
104.242623,30.650974,9,13591
103.861298,30.803769,131,13592
104.08473,30.446684,41,13593
103.953894,30.32696,-1,13594
104.539573,31.85977,-1,13595
104.109031,30.506596,260,13596
104.161544,30.599568,7,13597
104.202596,30.726025,30,13598
103.818116,30.636695,-1,13599
104.142952,30.82842,-1,13600
103.886829,30.479756,-1,13601
104.053806,30.429802,-1,13602
104.040878,30.491773,-1,13603
104.230704,30.790557,-1,13604
104.052542,30.246033,136,13605
103.866992,30.535088,144,13606
104.411765,30.621296,-1,13607
103.977778,30.688668,218,13608
103.934498,30.906765,-1,13609
104.107181,30.39429,-1,13610
104.494367,30.611133,-1,13611
104.071202,30.725325,6,13612
104.150669,30.51812,-1,13613
103.96586,30.466928,-1,13614
104.004239,30.592366,-1,13615
103.970168,30.650122,85,13616
104.361498,30.351586,-1,13617
104.56524,30.3712,32,13618
104.149089,30.659852,256,13619
103.901957,30.538369,-1,13620
103.611733,30.60823,-1,13621
103.939327,30.617123,-1,13622
104.405285,30.460855,-1,13623
104.184083,30.54386,-1,13624
103.824692,30.647634,-1,13625
104.176977,30.718691,121,13626
104.18599,30.552634,135,13627
104.117854,30.717658,-1,13628
104.045157,30.427385,3,13629
103.785301,29.7853,-1,13630
104.36801,30.290033,-1,13631
103.709814,30.39486,-1,13632
103.916453,30.369347,163,13633
104.185302,30.552197,135,13634
104.069618,30.326904,-1,13635
104.297555,30.384725,-1,13636
104.029399,30.450086,-1,13637
103.685024,30.618443,-1,13638
104.098585,30.885143,73,13639
104.151592,30.775704,-1,13640
103.967265,30.648415,185,13641
103.959984,30.362614,167,13642
104.020403,29.139646,50,13643
104.057676,30.447657,-1,13644
104.064904,30.437642,-1,13645
103.819129,30.797226,-1,13646
104.250578,30.751981,-1,13647
104.376618,30.564794,-1,13648
103.703689,30.583409,-1,13649
103.905471,30.810689,181,13650
104.990742,29.542906,-1,13651
103.925443,30.426341,-1,13652
103.987394,30.466888,-1,13653
104.920375,29.731463,-1,13654
104.18513,30.551993,135,13655
103.468563,30.430604,-1,13656
104.152705,30.612105,-1,13657
104.326947,30.306243,148,13658
103.875558,30.655029,-1,13659
103.887063,30.274772,-1,13660
104.127166,30.68123,-1,13661
103.67814,30.727859,-1,13662
103.686685,30.871882,-1,13663
104.535723,30.440069,-1,13664
103.57414,30.262225,-1,13665
103.972752,30.991075,-1,13666
104.202917,30.726063,30,13667
103.837976,30.899297,-1,13668
103.917342,30.397492,248,13669
104.603785,30.684668,124,13670
104.192496,30.948178,-1,13671
104.474729,30.418992,-1,13672
102.630745,31.87887,-1,13673
104.161404,30.599539,7,13674
104.26339,30.863043,-1,13675
104.244991,30.708944,-1,13676
103.986788,30.528384,-1,13677
104.134491,30.373797,-1,13678
104.179956,30.619336,-1,13679
103.924254,30.625721,-1,13680
104.134714,30.805971,235,13681
104.235422,30.646604,4,13682
104.037665,30.360629,-1,13683
104.17916,31.018732,-1,13684
104.134714,30.805971,235,13685
104.163917,30.392178,-1,13686
104.109528,30.594313,-1,13687
104.220985,30.681598,-1,13688
104.000277,30.521177,-1,13689
103.492396,31.350455,-1,13690
104.142767,30.326042,-1,13691
103.946883,30.439572,-1,13692
104.315652,30.272286,-1,13693
103.877331,30.572595,-1,13694
103.935669,30.905577,83,13695
103.545661,30.555532,-1,13696
104.074354,30.737312,-1,13697
104.059509,30.651027,-1,13698
104.098575,30.792969,-1,13699
104.108839,30.542326,-1,13700
103.966132,30.436016,150,13701
103.987878,30.096785,-1,13702
104.041404,30.593336,195,13703
104.75098,29.744592,-1,13704
103.498616,30.176417,-1,13705
103.940812,30.933733,-1,13706
104.244404,30.645866,46,13707
104.115239,30.452668,-1,13708
104.046742,30.427197,3,13709
104.253559,30.735893,-1,13710
104.566909,30.387848,-1,13711
104.169333,30.53224,-1,13712
104.046622,30.540312,-1,13713
103.45254,30.475079,-1,13714
104.183502,30.711279,147,13715
104.566874,30.387736,-1,13716
104.409914,30.341915,-1,13717
104.262029,30.272061,-1,13718
102.123896,29.646746,-1,13719
104.203339,30.726023,30,13720
104.215432,30.820814,192,13721
104.179498,30.725751,-1,13722
104.071091,30.529185,-1,13723
104.235334,30.64662,4,13724
104.208269,30.524218,27,13725
104.364499,30.658085,261,13726
103.522863,30.737186,-1,13727
104.000683,30.762871,191,13728
104.092091,30.740278,-1,13729
103.909783,30.544453,62,13730
104.191303,30.832344,-1,13731
104.192034,30.741721,225,13732
103.995857,30.425021,-1,13733
104.084888,30.655234,-1,13734
103.935171,30.905597,83,13735
104.186213,30.684769,-1,13736
104.572858,30.708929,-1,13737
104.503382,30.470707,-1,13738
103.880892,30.41493,-1,13739
104.071396,30.725193,6,13740
104.164631,30.658582,176,13741
103.960093,30.152216,234,13742
103.987924,30.465604,-1,13743
103.990239,30.623568,-1,13744
103.73022,30.362376,-1,13745
103.987701,30.919726,-1,13746
103.877025,30.166652,-1,13747
104.297443,31.03503,-1,13748
104.170788,30.536841,-1,13749
104.103655,30.431898,-1,13750
104.069836,30.759267,-1,13751
104.221183,30.63866,33,13752
104.586484,30.394085,-1,13753
104.111558,30.464064,-1,13754
104.491142,30.32175,-1,13755
104.073993,30.384805,-1,13756
104.231093,30.790368,-1,13757
103.973613,30.408406,-1,13758
103.863691,30.629456,-1,13759
104.21607,30.821595,192,13760
103.947568,30.010486,-1,13761
104.51112,30.42232,42,13762
104.06273,30.681648,-1,13763
104.108138,30.552864,-1,13764
104.269733,30.86118,-1,13765
103.742223,30.441635,-1,13766
104.183684,29.975875,-1,13767
103.883264,30.665926,55,13768
104.18333,30.710721,147,13769
104.258478,30.583491,-1,13770
104.141983,30.61354,-1,13771
104.504679,30.364127,-1,13772
104.164047,30.65849,176,13773
104.551991,30.716223,-1,13774
103.496981,30.174772,-1,13775
104.021857,29.139503,50,13776
104.099748,30.460039,226,13777
104.054475,30.243057,-1,13778
103.963364,30.447904,84,13779
104.020988,30.237671,-1,13780
104.488695,30.462165,-1,13781
104.095331,30.594224,-1,13782
104.607239,30.74178,-1,13783
104.046487,30.550637,-1,13784
104.747123,30.65746,-1,13785
103.914025,30.675654,129,13786
104.567288,30.388395,-1,13787
104.058827,30.635304,-1,13788
104.10812,30.545692,171,13789
104.105822,30.767452,-1,13790
104.03146,30.877851,-1,13791
104.198362,30.581939,229,13792
104.561773,30.393723,-1,13793
103.887137,30.528253,23,13794
104.244819,30.605667,-1,13795
103.972158,30.025741,-1,13796
104.173747,30.522166,-1,13797
104.046167,30.575723,-1,13798
104.203802,30.725976,30,13799
104.348194,30.614395,-1,13800
103.750192,30.32771,-1,13801
103.85967,31.066657,-1,13802
104.055936,30.457424,-1,13803
103.911379,30.814404,-1,13804
103.98228,30.784519,14,13805
104.099621,30.466786,245,13806
103.936495,30.613975,29,13807
103.987975,30.719698,-1,13808
104.167646,30.475358,-1,13809
104.255768,30.471273,-1,13810
103.972826,30.469865,110,13811
103.965672,30.385094,-1,13812
104.150689,30.358988,-1,13813
104.328705,30.276871,-1,13814
104.031244,30.537633,-1,13815
104.05064,30.476245,90,13816
103.896861,30.666501,49,13817
103.678366,31.030128,100,13818
103.502772,30.37469,-1,13819
103.974881,30.469682,110,13820
103.455688,30.151749,-1,13821
103.997071,30.670232,-1,13822
104.176512,30.555987,-1,13823
103.490896,30.537766,-1,13824
103.519374,31.421584,-1,13825
104.175624,30.700188,-1,13826
103.940356,30.614233,65,13827
104.109012,30.558818,-1,13828
103.918511,30.476168,-1,13829
103.886065,30.777491,-1,13830
103.910142,30.236621,-1,13831
103.53406,30.208454,-1,13832
103.936017,30.614235,29,13833
103.984586,30.453828,-1,13834
104.011627,30.482312,-1,13835
104.362905,31.067794,-1,13836
103.663312,30.959992,-1,13837
104.077955,30.361709,-1,13838
103.873821,30.417359,57,13839
103.989266,30.596244,-1,13840
104.149089,30.659852,256,13841
104.182266,30.533601,-1,13842
104.102551,30.497729,114,13843
104.354185,30.435584,-1,13844
104.485961,30.352149,-1,13845
103.701541,30.602345,35,13846
103.662734,31.163152,-1,13847
102.436769,29.136551,-1,13848
104.473503,30.491407,-1,13849
104.537548,30.365836,202,13850
103.977721,30.688081,218,13851
103.866054,30.304479,-1,13852
104.032319,30.527787,-1,13853
104.229285,30.791495,-1,13854
103.942241,30.333655,-1,13855
104.233676,30.595677,-1,13856
104.112437,30.752987,116,13857
104.452243,30.352717,-1,13858
104.099761,30.45962,226,13859
103.880329,30.404337,138,13860
103.826712,29.979991,-1,13861
103.704639,30.653892,-1,13862
104.185559,30.716374,242,13863
103.953546,30.65616,265,13864
103.851012,30.43729,161,13865
104.508843,30.355783,197,13866
104.202753,30.725866,30,13867
104.351242,31.131691,-1,13868
104.171761,30.77245,-1,13869
104.02349,30.593199,-1,13870
103.909332,30.850329,-1,13871
104.175625,30.715303,53,13872
103.998694,30.466209,151,13873
104.201192,30.739478,-1,13874
104.071917,30.373248,-1,13875
104.071962,30.311574,-1,13876
104.29816,30.685461,-1,13877
104.032959,30.467426,267,13878
103.760726,30.393777,-1,13879
103.970984,30.407296,-1,13880
103.684209,30.946777,-1,13881
103.922677,30.628647,-1,13882
103.45506,30.21952,-1,13883
103.974474,30.542563,-1,13884
103.908434,30.660852,-1,13885
104.128047,30.694332,-1,13886
103.748646,30.393411,-1,13887
103.960023,30.152201,234,13888
103.973928,30.401713,-1,13889
103.681976,30.596658,24,13890
103.896133,30.666165,49,13891
104.309135,30.865047,36,13892
103.912316,30.630826,60,13893
104.073797,30.299107,-1,13894
104.356425,30.607492,-1,13895
103.923942,30.860037,-1,13896
104.511989,30.421567,42,13897
103.998732,30.253306,200,13898
104.354338,30.288274,-1,13899
104.244066,30.64569,46,13900
103.677282,30.338495,182,13901
104.142051,30.393393,-1,13902
104.537178,30.365705,202,13903
103.972059,30.542451,162,13904
104.52138,30.358896,-1,13905
104.028647,30.551228,-1,13906
104.107083,30.769148,-1,13907
104.214771,30.583581,21,13908
104.055272,30.427169,258,13909
104.242811,30.650605,9,13910
104.422305,30.474336,-1,13911
103.869167,30.781203,-1,13912
104.235478,30.64662,4,13913
103.640087,30.465992,119,13914
103.92668,30.946991,-1,13915
103.972511,30.622934,137,13916
104.886301,29.756982,-1,13917
103.963076,30.931306,-1,13918
103.267419,30.18804,-1,13919
104.221292,30.647819,-1,13920
104.356282,30.349038,-1,13921
104.566123,30.371319,32,13922
104.053334,30.452582,-1,13923
104.199268,30.671945,-1,13924
103.921814,30.28334,-1,13925
103.752898,30.491071,-1,13926
103.900213,30.919075,-1,13927
104.240577,30.959738,-1,13928
104.135002,30.805985,235,13929
104.161952,30.670556,-1,13930
104.25577,30.53139,194,13931
103.833736,30.635242,-1,13932
104.159617,30.595299,-1,13933
104.072669,30.376235,-1,13934
104.434443,30.972608,-1,13935
104.581701,30.113158,-1,13936
103.536093,30.550523,-1,13937
104.364692,30.503484,-1,13938
103.919049,30.231284,66,13939
104.326371,30.860144,38,13940
104.419943,30.918071,-1,13941
103.701548,30.602645,35,13942
104.292062,30.81276,-1,13943
104.2976,31.03499,-1,13944
103.80041,30.830744,-1,13945
103.927943,30.766356,-1,13946
104.112529,30.754578,-1,13947
104.036562,30.29665,-1,13948
104.071717,30.678875,-1,13949
104.071071,30.484794,-1,13950
103.92668,30.946991,-1,13951
104.361989,30.660833,-1,13952
103.553229,30.530558,-1,13953
104.164632,30.658605,176,13954
104.102763,30.76779,-1,13955
104.203569,30.726387,30,13956
103.701654,30.602534,35,13957
103.870166,30.702306,122,13958
104.118499,30.75725,44,13959
104.079344,30.597449,-1,13960
104.138428,30.638174,-1,13961
104.311857,30.299196,26,13962
104.150737,30.359025,-1,13963
104.034548,30.465125,224,13964
104.268499,30.597011,-1,13965
104.200867,30.70343,-1,13966
104.19011,30.662379,209,13967
103.694871,29.230248,-1,13968
104.046076,30.427122,3,13969
104.071421,30.725145,6,13970
103.959397,30.162593,-1,13971
104.18812,30.514534,-1,13972
103.819193,30.797243,-1,13973
104.001186,30.431057,-1,13974
104.013124,30.616318,-1,13975
104.082533,30.607706,-1,13976
103.713718,30.600512,-1,13977
104.309615,31.007064,-1,13978
103.959304,30.438492,-1,13979
103.893649,30.478481,-1,13980
103.531364,30.561781,-1,13981
103.885028,30.165252,-1,13982
104.057321,30.404781,-1,13983
104.291521,30.87733,-1,13984
103.861372,30.803558,131,13985
103.959661,30.615201,-1,13986
104.021152,30.854176,-1,13987
104.235673,30.64694,4,13988
104.502905,30.480175,-1,13989
104.198648,30.372999,-1,13990
104.108059,30.42049,-1,13991
104.203724,30.726088,30,13992
104.032978,30.467869,267,13993
104.118359,30.75736,44,13994
103.961916,30.815021,-1,13995
104.081574,30.530317,-1,13996
103.775228,30.877933,-1,13997
103.789631,30.352235,-1,13998
104.076674,30.371866,-1,13999
104.108289,30.556262,-1,14000
104.174714,30.787292,254,14001
103.713138,30.322462,-1,14002
104.326379,30.860492,38,14003
104.031986,30.385922,-1,14004
104.309127,30.865215,36,14005
103.88947,30.479221,-1,14006
104.172389,30.718515,-1,14007
103.862486,30.17085,-1,14008
103.967018,30.634804,-1,14009
103.851499,31.059093,-1,14010
103.880018,30.404419,138,14011
103.794816,30.690393,-1,14012
104.249678,30.860413,-1,14013
103.974122,30.469316,110,14014
103.951323,30.637255,-1,14015
104.051484,30.260038,159,14016
103.967146,30.699505,-1,14017
104.178822,30.783294,166,14018
104.028958,30.521943,-1,14019
104.242492,30.650318,9,14020
103.497046,30.547381,244,14021
103.913322,30.631024,60,14022
104.052475,30.433199,-1,14023
103.832674,30.616616,-1,14024
104.219718,31.643164,-1,14025
104.097691,30.793507,-1,14026
104.351552,30.555914,-1,14027
104.10677,30.507235,154,14028
104.44626,30.478358,-1,14029
103.940386,30.61424,65,14030
103.902706,30.658385,16,14031
104.522618,30.43794,-1,14032
104.069652,30.686294,-1,14033
103.928752,30.511574,-1,14034
104.333545,30.644733,247,14035
104.22352,30.88512,204,14036
104.208511,30.523806,27,14037
103.713833,30.803532,-1,14038
104.198471,30.70204,-1,14039
103.711798,30.320072,-1,14040
103.532341,31.404696,11,14041
103.967521,30.648585,185,14042
104.061857,30.750282,-1,14043
103.489342,30.74947,-1,14044
104.060374,31.245493,8,14045
103.937176,30.927048,-1,14046
103.690138,30.93926,-1,14047
103.885875,30.165133,-1,14048
103.913372,30.405218,-1,14049
103.880361,30.604215,-1,14050
104.323528,30.645074,126,14051
103.081274,30.373946,-1,14052
104.072052,30.263691,-1,14053
104.09051,30.777469,-1,14054
104.320916,30.692616,-1,14055
104.42859,30.473681,-1,14056
104.05055,30.750202,-1,14057
104.286902,30.667808,-1,14058
103.954083,30.656235,265,14059
104.056834,30.427845,-1,14060
103.372053,30.374056,-1,14061
103.736511,30.404117,-1,14062
104.144749,30.588869,-1,14063
103.460873,30.749373,-1,14064
104.361599,30.289307,-1,14065
104.005867,30.651742,-1,14066
104.389816,30.300122,-1,14067
104.314662,30.850656,-1,14068
104.107211,30.723728,-1,14069
104.183513,30.711152,147,14070
104.177068,30.721683,-1,14071
104.139417,30.608873,-1,14072
103.857283,31.064742,80,14073
104.069795,30.768459,69,14074
104.962738,30.295135,-1,14075
103.561245,30.748748,140,14076
104.107201,30.42623,-1,14077
103.940651,30.61533,65,14078
104.244972,30.645266,46,14079
103.880345,30.60407,-1,14080
104.348656,30.555977,-1,14081
104.081638,30.510237,-1,14082
103.987326,30.596738,-1,14083
104.4741,30.339022,-1,14084
103.85102,30.820479,96,14085
104.113902,30.579496,56,14086
104.065037,30.17966,20,14087
104.053734,30.772144,-1,14088
104.050199,30.526416,-1,14089
104.108213,30.54712,-1,14090
102.692453,29.964237,-1,14091
104.342187,31.150103,-1,14092
103.528064,30.375933,-1,14093
104.513026,30.42018,-1,14094
104.032786,30.713789,-1,14095
104.09233,30.582131,67,14096
103.964114,30.938206,-1,14097
103.907536,30.476998,-1,14098
104.226854,30.647831,-1,14099
103.944615,30.483853,54,14100
104.233491,30.661506,-1,14101
104.255554,30.531356,194,14102
104.114371,30.750234,70,14103
103.936197,30.905514,83,14104
104.138786,30.610815,170,14105
103.886839,30.528348,23,14106
103.690138,30.93926,-1,14107
103.952132,30.428388,160,14108
103.959073,30.649389,178,14109
104.320489,30.278048,120,14110
104.603778,30.685588,124,14111
103.937538,30.619379,12,14112
104.030627,30.808107,-1,14113
103.79276,30.461016,-1,14114
103.569441,30.525088,-1,14115
104.209904,30.740775,-1,14116
104.093155,30.581666,67,14117
104.075486,30.725471,-1,14118
104.06629,30.180213,201,14119
104.388833,30.738164,-1,14120
104.082591,30.564676,-1,14121
104.299918,30.244225,-1,14122
103.597255,30.57217,-1,14123
104.300411,30.8852,-1,14124
104.16479,30.65868,176,14125
103.957191,30.948662,-1,14126
104.169043,30.741289,183,14127
104.225638,30.525365,184,14128
104.177421,30.718618,121,14129
103.96711,30.796037,-1,14130
103.784452,30.88603,-1,14131
104.081493,30.59742,-1,14132
104.109821,30.505446,263,14133
104.462506,31.05878,-1,14134
104.397311,30.824109,-1,14135
103.90125,30.834708,169,14136
104.259099,30.529974,-1,14137
104.320898,30.281333,-1,14138
103.559746,30.548935,-1,14139
104.051063,30.476723,90,14140
104.201103,30.733829,78,14141
104.022388,30.501169,-1,14142
103.859269,30.827605,188,14143
104.00789,30.554803,-1,14144
104.058931,30.720143,-1,14145
104.00637,30.592192,106,14146
103.796927,30.646832,211,14147
103.897555,30.475017,-1,14148
103.935315,30.905565,83,14149
104.16531,30.659064,176,14150
103.998498,30.75823,-1,14151
104.37803,30.455588,-1,14152
104.062261,30.242519,-1,14153
104.100128,30.472904,-1,14154
103.871129,30.778906,47,14155
104.214277,30.583612,21,14156
103.779711,30.44043,-1,14157
104.082888,30.454961,222,14158
103.540693,31.050932,-1,14159
103.967005,30.435708,150,14160
104.137966,30.647071,-1,14161
104.056664,30.423845,-1,14162
103.973669,30.651911,-1,14163
104.404301,30.468291,-1,14164
103.867005,30.535063,144,14165
104.293771,30.850999,-1,14166
104.33142,30.644382,187,14167
103.561055,30.748542,140,14168
104.387492,30.299696,-1,14169
102.436769,29.136551,-1,14170
104.24244,30.650414,9,14171
103.9228,30.716837,13,14172
103.663128,30.971096,87,14173
104.025349,30.524077,-1,14174
104.291937,30.877838,-1,14175
104.249678,30.860413,-1,14176
103.696868,30.582673,-1,14177
104.082575,30.564704,-1,14178
104.162506,30.557046,99,14179
103.802043,30.455486,207,14180
103.948119,30.922188,-1,14181
104.056691,30.547115,-1,14182
104.473598,30.486228,-1,14183
103.44988,30.466882,17,14184
