longitude,latitude,cluster,point_index
103.964685,30.652499,-1,0
103.860261,30.83469,-1,1
104.255676,30.578254,-1,2
104.342226,30.926676,-1,3
104.265504,30.859342,-1,4
104.546437,29.503886,-1,5
104.498649,30.428229,-1,6
103.967433,30.655648,-1,7
103.989495,30.596633,-1,8
104.002967,30.882284,-1,9
103.944582,30.9374,-1,10
104.503732,30.426643,-1,11
104.19917,30.510484,-1,12
104.190345,30.5141,-1,13
104.14605,31.492663,-1,14
104.140946,30.645966,0,15
103.908903,30.543237,1,16
103.64248,30.943331,2,17
103.277675,29.569361,-1,18
103.85104,30.820391,3,19
103.945273,30.555394,-1,20
103.904663,30.370193,-1,21
103.969509,30.366625,4,22
103.963135,30.541496,-1,23
104.237486,30.652857,5,24
104.268058,30.650274,-1,25
103.921028,30.703021,6,26
104.255405,30.531373,7,27
103.784795,30.823873,-1,28
104.171478,30.659669,8,29
104.294721,29.659585,-1,30
103.006258,29.870295,-1,31
104.552071,30.716337,-1,32
103.921136,30.702933,6,33
104.119665,31.027274,-1,34
103.992743,30.313554,-1,35
104.158782,30.671179,-1,36
104.5723,30.913824,-1,37
103.938047,30.616551,9,38
104.071334,30.725212,10,39
104.038512,30.712875,-1,40
103.701241,30.602454,11,41
103.940233,30.615992,12,42
103.70141,30.602674,11,43
104.198322,30.581989,13,44
104.093107,30.581382,14,45
104.19099,31.450608,-1,46
104.021112,30.582955,-1,47
104.225058,30.793811,15,48
104.177531,30.788632,-1,49
103.474807,30.431665,16,50
104.109657,30.562382,17,51
104.059799,30.648794,18,52
104.140571,30.690749,-1,53
104.071022,30.420369,-1,54
103.793049,31.230961,-1,55
103.878324,30.355345,-1,56
104.403774,30.311662,-1,57
104.056214,30.424952,-1,58
104.114418,30.579428,19,59
103.474539,30.431273,16,60
103.9929,29.02434,20,61
104.22404,30.566248,21,62
104.390648,30.284387,212,63
104.075204,30.238771,22,64
104.072162,30.695445,270,65
103.741516,30.69289,-1,66
103.876663,30.467603,-1,67
104.31812,30.917127,-1,68
104.177963,30.71901,23,69
104.077697,30.794918,-1,70
104.110887,30.509589,24,71
104.573209,30.339546,-1,72
103.674466,30.910337,-1,73
104.045144,30.445484,25,74
104.141027,30.646137,0,75
103.937678,30.614899,26,76
103.738042,30.511395,27,77
104.199186,30.672005,-1,78
103.917114,30.68368,28,79
104.021928,29.138266,134,80
104.178265,30.728239,-1,81
103.981069,30.453789,-1,82
103.907164,30.476971,-1,83
104.269018,30.578754,29,84
104.19499,30.542791,-1,85
103.876457,30.398007,-1,86
104.188096,30.514618,-1,87
103.968641,30.554814,-1,88
104.316062,30.276739,-1,89
103.846544,30.428354,30,90
104.202329,30.726172,31,91
104.106672,30.740585,-1,92
103.478278,29.262246,-1,93
104.036418,30.296818,32,94
104.053854,30.551161,-1,95
104.086889,30.805705,-1,96
104.116613,30.379002,-1,97
104.025197,30.76378,-1,98
103.598309,30.971923,-1,99
104.17735,30.718936,23,100
104.539118,31.859547,33,101
103.933325,30.813726,-1,102
103.815142,30.633306,34,103
104.342115,31.149952,-1,104
103.907426,30.6244,-1,105
104.735352,30.648667,-1,106
103.647775,30.951394,35,107
104.191405,30.819738,36,108
103.785801,30.652203,-1,109
104.055852,30.763192,37,110
104.112764,30.752931,38,111
103.741349,30.69451,-1,112
103.77143,30.343087,-1,113
104.415144,30.944306,-1,114
104.973546,29.871055,39,115
104.105239,30.51181,40,116
103.929146,30.699169,-1,117
103.661193,30.961231,41,118
103.898413,30.542787,-1,119
103.819859,31.258221,-1,120
103.4973,30.567289,-1,121
103.882395,30.909389,-1,122
103.789967,30.603961,-1,123
104.429678,30.893381,-1,124
103.887298,30.528618,42,125
104.208618,30.745079,-1,126
104.318495,30.861246,43,127
103.952927,30.50145,-1,128
104.044435,30.761787,-1,129
104.223929,30.566698,21,130
103.892642,30.433522,-1,131
103.418466,30.337534,-1,132
104.138174,30.610778,-1,133
104.289731,30.847976,-1,134
104.194989,30.595328,-1,135
103.851001,30.437109,44,136
104.193356,30.541224,-1,137
104.631473,30.872151,45,138
103.837586,30.359418,46,139
104.798114,29.738593,-1,140
104.20867,30.661579,-1,141
103.639003,30.943769,-1,142
103.619416,30.730653,-1,143
104.185754,30.719771,163,144
103.474624,30.431647,16,145
103.973715,30.737707,47,146
103.908844,30.476568,-1,147
104.115731,30.590211,-1,148
104.255405,30.531373,7,149
104.105569,30.412867,-1,150
104.798247,29.738657,-1,151
104.271977,30.718121,-1,152
104.326782,30.896422,-1,153
104.0452,30.427446,90,154
104.372045,30.864391,48,155
104.465169,30.471979,-1,156
103.770976,30.692184,-1,157
104.235869,30.647057,49,158
103.640352,30.465924,50,159
104.469409,30.848249,51,160
103.955634,30.344632,-1,161
104.083767,30.578,52,162
104.855636,29.792144,-1,163
104.097475,30.450316,-1,164
104.093927,30.580918,14,165
103.512294,30.410701,-1,166
104.848962,30.143379,-1,167
103.912591,30.71919,-1,168
104.174349,30.715293,53,169
103.873847,30.773989,-1,170
103.893069,30.513313,54,171
104.223623,30.885068,-1,172
104.105397,30.587358,55,173
104.064608,30.373788,-1,174
104.168839,30.740989,56,175
104.223662,30.794411,57,176
104.05136,30.541129,58,177
103.878794,30.198056,59,178
103.903145,30.241729,-1,179
104.511893,30.421634,-1,180
104.115042,30.417061,274,181
103.664719,30.643744,-1,182
103.861643,30.804368,60,183
104.745658,30.451636,61,184
104.164174,30.61526,-1,185
104.412282,30.73799,-1,186
103.845433,30.541896,-1,187
103.628139,30.727428,62,188
103.902386,30.658331,63,189
103.99048,30.672965,-1,190
103.876579,30.171306,-1,191
103.420705,30.753076,-1,192
104.445832,30.856279,-1,193
103.957191,30.948662,-1,194
102.961875,30.187717,-1,195
104.801617,30.155407,-1,196
103.943511,30.499187,-1,197
104.196236,30.52748,-1,198
104.131091,30.961587,-1,199
104.172747,30.66013,8,200
103.221313,30.172104,-1,201
104.335403,30.328881,-1,202
103.887978,30.556196,64,203
104.00759,30.554198,65,204
104.179509,30.619553,-1,205
104.040874,30.530911,-1,206
103.86952,30.614747,-1,207
104.167431,30.67506,-1,208
103.95555,30.633755,-1,209
104.095065,30.432393,-1,210
104.302364,30.259098,-1,211
104.051135,30.673764,-1,212
103.647875,30.336009,-1,213
103.688361,31.024392,-1,214
103.701317,30.602639,11,215
104.093965,30.5189,-1,216
103.935333,30.905546,66,217
104.19891,30.510482,-1,218
104.264333,30.995369,-1,219
103.738902,30.576017,-1,220
104.026121,31.379229,-1,221
104.241249,30.958142,-1,222
104.498677,30.428164,-1,223
104.195643,30.859111,-1,224
104.513226,30.420079,67,225
104.24368,30.645739,68,226
104.07626,30.37592,280,227
104.523518,30.663332,-1,228
103.739077,30.358323,-1,229
104.118279,30.757214,69,230
103.967393,30.648445,70,231
104.114105,30.409802,-1,232
104.117674,30.282799,71,233
104.182985,30.717311,72,234
103.937393,30.613977,26,235
103.8738,30.417299,-1,236
103.79276,30.461016,73,237
103.924259,30.69984,-1,238
103.897216,30.953106,-1,239
103.833439,30.849093,-1,240
104.391044,30.867772,-1,241
104.165456,30.658763,74,242
103.395044,30.738818,-1,243
102.645675,30.933778,-1,244
104.069673,30.768435,75,245
103.663135,30.910475,-1,246
104.249016,30.772422,76,247
104.081701,30.459839,-1,248
104.106786,30.491332,77,249
104.642861,30.676415,-1,250
103.713253,30.805556,-1,251
104.11712,30.596424,-1,252
104.357587,30.659965,-1,253
104.133449,30.398882,-1,254
104.083326,30.325783,-1,255
103.429119,31.073549,-1,256
103.790321,29.636665,78,257
103.654955,30.92702,79,258
104.002204,30.433998,-1,259
104.072739,30.415834,-1,260
104.227528,30.788693,-1,261
104.242499,30.649973,80,262
104.245132,30.645737,68,263
104.197463,30.738499,-1,264
103.987996,30.211771,-1,265
104.501255,30.473922,-1,266
104.005277,30.519355,-1,267
104.597732,30.699625,-1,268
104.03711,30.148366,81,269
103.977212,31.049562,-1,270
104.198362,30.581857,13,271
103.859391,30.301238,82,272
104.41018,30.758663,83,273
103.908356,30.6605,-1,274
103.47464,30.431831,16,275
104.565859,30.371267,92,276
103.460321,30.746956,84,277
103.701295,30.602418,11,278
103.976601,30.444377,-1,279
104.096907,30.586227,-1,280
104.178574,30.782548,85,281
102.109214,29.139018,-1,282
104.221512,30.847767,-1,283
104.155755,30.64876,-1,284
103.982421,30.784811,86,285
104.118239,30.75701,69,286
103.74443,30.668733,-1,287
104.170095,30.640078,-1,288
103.709823,30.394958,235,289
103.838385,30.360767,46,290
104.077968,30.250491,-1,291
104.58016,30.368211,-1,292
104.115364,31.512534,-1,293
104.152487,30.796555,-1,294
104.297469,30.962429,-1,295
104.000609,30.520397,-1,296
104.184026,30.726163,-1,297
103.524448,30.200022,-1,298
103.883484,30.339682,-1,299
104.115377,30.418239,274,300
103.723576,30.660443,-1,301
104.459163,30.863771,-1,302
103.724722,30.559204,-1,303
103.850985,30.367911,-1,304
103.905365,30.810499,87,305
104.198333,30.581925,13,306
103.974824,30.639513,88,307
104.318478,30.86123,43,308
104.034281,30.236208,-1,309
103.937049,30.613326,26,310
103.972906,30.652013,-1,311
103.701429,30.397352,-1,312
103.901452,30.834645,89,313
103.977232,30.641086,88,314
104.105162,30.413287,-1,315
104.227638,30.647964,-1,316
103.854535,31.053506,-1,317
104.083651,30.326493,-1,318
104.046879,30.428182,90,319
104.12542,30.794608,-1,320
104.325638,30.645826,-1,321
104.271284,30.864826,-1,322
103.741358,30.575869,-1,323
104.226909,30.525479,91,324
104.221668,30.611589,-1,325
103.467128,31.003338,-1,326
104.536595,30.367078,-1,327
103.479714,30.4278,276,328
104.157991,30.649306,-1,329
104.591224,30.347485,-1,330
104.254857,30.579479,-1,331
104.115954,30.609315,-1,332
104.240635,30.877322,-1,333
104.566752,30.371836,92,334
103.859134,30.827572,93,335
104.047464,30.426815,90,336
104.039257,30.863829,-1,337
103.677968,31.029641,94,338
103.844818,30.680353,-1,339
103.973725,30.737353,47,340
103.892945,30.513889,54,341
103.854904,30.651823,-1,342
104.45983,31.178437,-1,343
103.969371,30.10341,-1,344
103.936365,30.811683,-1,345
104.066771,30.535673,-1,346
103.937182,30.613587,26,347
104.198922,30.510515,-1,348
104.199605,31.57899,-1,349
104.186506,30.707799,-1,350
103.961326,30.6439,-1,351
104.505676,30.501043,-1,352
104.168682,30.741594,56,353
104.20786,30.509196,-1,354
103.720583,30.563808,-1,355
103.874915,30.830223,-1,356
103.102015,30.076002,-1,357
104.076835,30.684622,-1,358
103.956896,30.031274,-1,359
104.140722,30.817251,-1,360
104.18337,30.710689,95,361
104.051405,30.446393,-1,362
104.36708,30.305683,-1,363
103.942273,30.524074,-1,364
104.077745,30.794884,-1,365
104.577193,30.730003,-1,366
104.023064,30.428918,-1,367
103.912189,30.631077,96,368
103.936916,30.614758,26,369
104.84816,29.75425,-1,370
103.737767,30.512051,27,371
104.058477,30.426837,-1,372
103.676744,30.90577,-1,373
104.059562,30.424792,-1,374
104.318605,30.861031,43,375
104.109194,30.393003,-1,376
104.164323,30.658664,74,377
103.934249,30.905445,66,378
103.960031,30.165879,97,379
103.974801,30.639697,88,380
103.912666,30.824826,98,381
103.823497,30.610329,99,382
104.150345,30.631633,-1,383
104.128752,30.63997,-1,384
104.162578,30.556277,-1,385
103.881258,31.087576,-1,386
104.035942,30.752019,-1,387
104.162626,30.556395,-1,388
103.545402,30.253191,-1,389
103.459889,30.74717,84,390
103.812722,30.571428,100,391
104.196357,30.589445,-1,392
104.008727,30.590917,101,393
104.367514,30.487736,-1,394
104.097123,30.450086,-1,395
104.241504,30.554116,-1,396
104.242536,30.650466,80,397
103.673969,30.732119,-1,398
104.011602,30.843508,-1,399
104.174113,30.728066,-1,400
103.973612,30.800531,-1,401
103.952008,30.607351,-1,402
104.054116,30.654208,102,403
104.146043,30.831226,-1,404
103.973838,31.032267,103,405
104.390744,30.287373,-1,406
103.979734,30.202347,-1,407
104.262533,30.85137,-1,408
104.488684,30.462052,104,409
104.226196,30.79306,15,410
104.049283,30.421334,-1,411
104.147817,30.834632,-1,412
103.986837,30.332912,-1,413
104.178574,30.782548,85,414
103.905377,30.810724,87,415
104.106611,30.740646,-1,416
103.421009,30.337936,-1,417
104.032899,30.322189,-1,418
103.970964,30.650505,105,419
103.909151,30.542837,1,420
104.051276,30.541372,58,421
103.500044,30.750811,-1,422
103.942898,30.52433,-1,423
104.000181,30.520271,-1,424
104.140701,30.64609,0,425
104.005341,30.546984,-1,426
103.897579,30.493404,-1,427
103.973698,30.579184,106,428
103.981226,30.785125,86,429
103.41259,30.762578,-1,430
103.695794,30.395767,-1,431
104.50042,30.338556,107,432
104.221186,30.638449,108,433
103.691249,30.640338,-1,434
104.552879,30.353265,-1,435
104.908223,30.159855,109,436
103.978535,30.494964,-1,437
104.020234,30.241149,-1,438
104.236601,30.852848,-1,439
103.956568,30.939569,-1,440
104.112318,30.513238,-1,441
104.513138,30.420214,67,442
104.419026,30.501077,-1,443
104.120662,30.770981,-1,444
103.67661,30.399309,-1,445
103.981776,30.453752,-1,446
103.970491,30.650406,105,447
103.905416,30.810534,87,448
104.537082,30.443377,-1,449
104.232331,30.985073,-1,450
104.254848,30.858907,110,451
104.164718,30.548873,-1,452
104.679181,30.880205,-1,453
103.795403,30.441358,-1,454
104.038656,30.466505,-1,455
103.816329,30.476582,-1,456
104.109284,30.415486,-1,457
103.902393,30.551825,-1,458
104.064051,30.665562,-1,459
104.211098,30.569025,-1,460
104.06891,30.692937,111,461
104.333966,30.6443,-1,462
103.682148,31.02756,112,463
103.459993,30.371675,-1,464
104.146349,30.791331,-1,465
103.914716,30.388381,-1,466
104.203273,30.725899,31,467
104.211502,30.570265,-1,468
104.097302,30.434774,-1,469
103.96245,30.526296,-1,470
104.120951,30.785502,-1,471
104.010446,30.51364,-1,472
103.962642,30.4484,-1,473
104.098642,30.41469,-1,474
104.188631,30.731806,-1,475
104.105548,30.580212,-1,476
104.093543,30.581469,14,477
104.087514,30.726451,-1,478
103.991385,30.615066,-1,479
103.437526,30.364582,-1,480
104.062554,30.665494,-1,481
103.688393,31.024374,-1,482
103.793764,30.604245,-1,483
104.172311,30.659308,8,484
103.977698,30.688666,113,485
104.471067,30.598563,-1,486
103.837462,31.151176,-1,487
103.97382,31.032166,103,488
103.69971,30.523082,-1,489
104.059383,30.425657,-1,490
103.937556,30.618989,114,491
104.051256,30.541686,58,492
104.505433,30.506743,-1,493
104.231386,30.872838,-1,494
103.977565,30.688524,113,495
103.921446,30.686414,-1,496
103.852826,31.120272,-1,497
104.116034,30.585395,115,498
103.440691,30.751077,-1,499
104.370647,30.28929,-1,500
103.499374,30.569465,116,501
104.267977,30.650049,-1,502
104.181281,30.702366,-1,503
104.002055,30.591283,-1,504
104.130542,30.670279,117,505
104.093075,30.581725,14,506
104.31582,30.303025,118,507
104.623742,30.101662,-1,508
103.937362,30.552775,-1,509
104.037007,30.147923,81,510
104.01512,30.450802,-1,511
104.32851,30.276131,-1,512
104.06048,31.245423,119,513
104.449814,30.480732,-1,514
103.969732,30.366385,4,515
103.916371,30.678261,-1,516
104.666225,30.987433,-1,517
104.390372,31.063272,-1,518
103.676342,30.902253,-1,519
103.536665,30.742613,120,520
103.888848,30.663345,-1,521
104.371436,31.049578,-1,522
103.561134,30.633203,-1,523
104.06672,30.419186,-1,524
103.861059,30.445044,121,525
104.37938,31.07005,-1,526
103.905377,30.810706,87,527
104.009205,30.763983,122,528
103.844818,30.680353,-1,529
103.886776,30.528317,42,530
104.202011,30.73912,123,531
104.58221,30.352832,-1,532
104.145547,30.636133,-1,533
104.164323,30.658664,74,534
104.198203,30.659732,-1,535
104.493787,30.325456,-1,536
103.852797,30.844512,-1,537
104.118231,30.756718,69,538
104.039037,30.359999,124,539
104.073121,30.227824,-1,540
104.496442,30.47166,258,541
104.06626,30.505534,-1,542
103.82515,30.421026,-1,543
104.025417,30.763936,-1,544
102.771773,30.061605,-1,545
104.301775,30.35704,-1,546
104.007965,30.231264,-1,547
104.11283,30.579869,19,548
103.973773,31.032235,103,549
103.874326,30.773788,-1,550
104.051453,30.476672,125,551
104.174647,30.715339,53,552
103.802687,31.248326,-1,553
104.194361,30.587048,-1,554
104.17155,30.782839,-1,555
104.603889,30.684502,-1,556
104.132024,30.39598,-1,557
103.489875,30.184778,-1,558
104.027153,31.332177,-1,559
103.138454,30.119997,-1,560
103.9777,30.688629,113,561
104.160118,30.414591,-1,562
103.976124,30.791915,-1,563
104.05048,30.762934,-1,564
104.440699,30.980051,-1,565
104.497701,30.465819,-1,566
104.212409,30.647565,-1,567
103.886805,30.820285,-1,568
103.920848,30.948646,-1,569
103.870487,30.702209,126,570
104.396627,31.064992,-1,571
103.82851,31.267086,-1,572
104.060127,30.370233,-1,573
104.24286,30.651235,80,574
104.504687,30.364055,-1,575
104.032656,30.858235,127,576
104.858471,29.740897,128,577
104.176886,30.701596,-1,578
104.236837,30.653905,5,579
104.449814,30.480732,-1,580
103.589184,30.880718,-1,581
104.192983,30.787503,-1,582
104.007181,30.873845,-1,583
104.112484,30.752856,38,584
103.551239,30.614537,-1,585
104.432377,30.472665,-1,586
104.186786,30.550235,-1,587
103.69451,30.612701,-1,588
103.589165,30.880689,-1,589
104.197485,30.964368,-1,590
103.096666,30.06437,-1,591
104.064223,30.679634,-1,592
104.19998,30.549475,-1,593
104.079665,30.512912,129,594
103.273011,30.192512,-1,595
104.422736,30.352967,-1,596
104.522747,30.633137,-1,597
104.16011,30.609822,-1,598
104.093876,30.580707,14,599
103.474556,30.431373,16,600
103.865147,30.407844,-1,601
103.534175,30.694919,-1,602
104.036594,30.646826,-1,603
104.203256,30.726023,31,604
103.96005,30.517642,130,605
104.634071,30.153492,-1,606
103.701418,30.602674,11,607
103.955948,30.940004,-1,608
103.937049,30.613326,26,609
104.323458,30.645078,131,610
103.642116,30.946034,-1,611
103.878054,30.363546,-1,612
103.669463,30.934443,-1,613
103.993479,30.764607,132,614
104.073136,30.694856,270,615
103.858068,31.065242,-1,616
104.168964,30.531972,-1,617
104.055377,30.427967,-1,618
103.779376,30.577292,-1,619
103.490287,31.25496,-1,620
104.09944,30.466973,133,621
104.997467,29.654328,-1,622
104.138801,30.716452,-1,623
104.084207,30.454312,-1,624
104.058352,30.64859,273,625
104.315954,30.611485,-1,626
104.168024,30.386441,-1,627
104.203231,30.726255,31,628
103.935171,30.905597,66,629
104.021005,29.139364,134,630
103.937155,30.613368,26,631
103.195113,30.140725,-1,632
104.110074,30.621099,-1,633
104.103942,30.531983,-1,634
104.09556,30.540777,135,635
104.009758,30.780693,-1,636
104.216877,30.69264,-1,637
104.221328,30.639449,108,638
103.674544,30.902374,-1,639
104.522817,30.684678,-1,640
103.984945,30.219147,136,641
104.777433,30.849413,-1,642
104.038667,30.333351,-1,643
104.028037,30.551418,-1,644
104.227234,30.644844,-1,645
104.164964,30.658898,74,646
103.350795,30.368417,-1,647
103.972599,30.403683,-1,648
104.316062,30.276739,-1,649
103.536196,30.683384,-1,650
104.181281,30.702366,-1,651
104.058557,30.427004,-1,652
104.052382,30.246171,137,653
104.076367,30.792786,-1,654
104.194786,31.19169,-1,655
104.238126,30.653053,5,656
104.056789,30.427874,138,657
104.164239,30.383501,139,658
104.137197,30.668447,-1,659
103.983766,30.925377,-1,660
103.770638,30.398326,-1,661
104.204623,30.730778,140,662
103.910531,30.223833,-1,663
103.962177,30.65854,-1,664
103.902101,30.538518,-1,665
104.049617,30.476674,125,666
104.188053,30.793438,-1,667
104.340107,30.460293,-1,668
104.0751,30.238687,22,669
103.986809,30.484763,-1,670
103.468286,30.430532,-1,671
104.049313,30.600663,-1,672
104.525221,30.648198,-1,673
104.283949,30.891798,-1,674
104.485951,30.492429,-1,675
104.105286,30.587291,55,676
104.228577,30.854207,-1,677
104.190173,30.662426,141,678
103.619787,30.405492,-1,679
104.262736,30.862001,-1,680
104.118729,30.468914,-1,681
104.054076,30.654959,102,682
103.920805,30.540983,142,683
104.233622,30.794019,-1,684
103.945377,30.554478,-1,685
104.051866,30.541609,58,686
103.687703,30.613895,-1,687
102.230182,29.777608,-1,688
104.488848,30.493821,143,689
104.24745,30.775813,-1,690
103.826703,30.711652,-1,691
104.161631,30.599678,144,692
103.695746,30.653749,-1,693
104.1026,30.533256,-1,694
103.676194,30.612972,-1,695
104.17098,30.615209,145,696
103.897263,30.836475,146,697
102.958514,30.177514,-1,698
103.606982,30.611342,-1,699
104.165979,30.712414,147,700
103.908703,30.543253,1,701
104.067606,30.692625,111,702
103.7678,30.694857,-1,703
104.11986,30.772828,148,704
104.479215,30.490636,-1,705
104.107396,30.425926,-1,706
104.168167,30.70827,-1,707
104.24329,30.645742,68,708
104.255322,30.531038,7,709
103.87635,30.468946,-1,710
104.205584,30.743173,-1,711
104.008818,30.482281,-1,712
104.082414,30.577267,52,713
103.540394,30.777961,-1,714
104.16735,30.636653,-1,715
104.042194,30.222767,-1,716
104.324345,30.93645,-1,717
103.814045,30.633047,34,718
103.995193,30.478482,-1,719
104.062509,30.438495,-1,720
103.84677,30.438019,149,721
104.669358,29.504088,150,722
104.24262,30.651419,80,723
103.892722,31.02006,-1,724
104.185886,30.71995,163,725
104.007882,31.20509,-1,726
104.144501,30.813327,-1,727
103.92089,30.967332,-1,728
104.023351,30.522914,-1,729
104.290276,30.977804,-1,730
104.161147,30.447271,-1,731
104.087011,30.420144,-1,732
103.287805,30.164393,-1,733
104.04502,30.445074,25,734
104.069753,30.768346,75,735
103.664582,30.365415,-1,736
104.498884,30.490758,151,737
104.242502,30.650188,80,738
103.918141,30.683787,28,739
103.876965,30.357086,-1,740
104.234914,30.646992,49,741
104.578313,30.358177,-1,742
104.3238,30.64501,131,743
104.183186,30.710555,95,744
104.104427,30.512972,40,745
104.087125,30.80292,-1,746
103.886581,30.428777,-1,747
104.004584,30.592553,-1,748
103.977952,30.68894,113,749
103.607904,30.826227,-1,750
104.000649,30.763052,-1,751
104.157815,30.691994,-1,752
104.364649,30.430471,-1,753
104.012245,30.843775,-1,754
104.056872,30.447169,-1,755
103.490965,30.537692,-1,756
104.039643,30.447549,-1,757
104.166135,31.011815,-1,758
103.884499,30.342181,-1,759
104.523064,30.361999,-1,760
103.916252,30.368915,152,761
104.185406,30.555061,-1,762
103.638913,30.967966,-1,763
104.007983,30.872645,-1,764
103.941317,30.661879,-1,765
104.112409,30.752956,38,766
103.871101,30.389298,-1,767
104.559655,30.728075,-1,768
104.669947,30.087402,-1,769
104.318671,30.861352,43,770
104.056874,30.446889,-1,771
103.973675,31.032203,103,772
104.565528,30.371095,92,773
104.973361,29.870805,39,774
103.893102,30.513904,54,775
104.117706,30.282731,71,776
103.84976,30.665656,-1,777
104.373388,30.952475,-1,778
104.178589,30.782686,85,779
104.412885,30.61979,-1,780
104.165589,30.658524,74,781
104.016509,29.138735,-1,782
103.962804,30.939164,-1,783
103.399513,29.897039,-1,784
103.984659,30.453497,-1,785
104.294365,30.646089,-1,786
103.918694,30.540424,-1,787
104.227106,30.648806,-1,788
103.96012,30.517658,130,789
103.883937,30.665563,153,790
103.881006,30.352952,-1,791
103.923282,30.717054,154,792
104.10328,30.689732,-1,793
104.014093,29.141979,-1,794
104.326687,30.860264,155,795
104.186319,30.761508,-1,796
104.231936,30.639536,156,797
104.087926,30.465967,-1,798
103.86152,30.591688,-1,799
103.995809,30.613012,157,800
103.628381,30.72731,62,801
104.192415,30.997362,-1,802
103.917619,30.684013,28,803
104.136871,30.672214,-1,804
104.088459,30.73205,-1,805
103.905001,30.676303,158,806
104.081594,30.581763,-1,807
104.091501,30.217815,-1,808
103.865725,30.463207,-1,809
104.16426,30.658651,74,810
103.970909,30.650136,105,811
104.364231,30.292557,-1,812
104.312389,30.298253,159,813
104.583822,30.340588,-1,814
103.861518,30.804237,60,815
103.926957,30.617404,-1,816
103.938888,30.504602,-1,817
104.225189,30.672283,-1,818
103.958966,30.612446,-1,819
104.108675,30.543306,-1,820
104.213935,30.651572,160,821
103.789979,30.439933,-1,822
104.330093,30.85408,-1,823
103.949784,30.33979,-1,824
103.878794,30.19819,59,825
104.595496,31.767986,-1,826
103.977636,30.688488,113,827
103.988217,30.628059,-1,828
104.253968,30.859039,110,829
104.23563,30.646486,49,830
104.058398,30.648459,273,831
104.668398,30.087665,-1,832
104.198976,30.510278,-1,833
103.801811,30.451844,-1,834
103.847011,30.4383,149,835
104.029885,31.370971,-1,836
103.922953,30.51583,-1,837
103.881118,30.620126,-1,838
104.526193,30.431178,-1,839
103.962414,30.940269,-1,840
104.076398,30.239023,22,841
104.302364,30.259098,-1,842
103.966998,30.438208,-1,843
104.421183,30.264102,-1,844
103.840678,30.794468,-1,845
104.175478,30.715253,53,846
104.208187,30.524462,161,847
104.501287,30.483881,-1,848
104.237962,30.652801,5,849
104.09701,30.594107,-1,850
103.957256,30.66048,162,851
104.680533,30.051153,-1,852
104.185668,30.718451,163,853
104.312758,30.298436,159,854
104.329347,30.853944,-1,855
103.96464,30.636891,164,856
103.937483,30.614959,26,857
103.974343,30.542964,-1,858
104.080609,30.816856,-1,859
103.500044,30.750811,-1,860
103.97922,30.425958,-1,861
103.614059,30.964695,-1,862
103.829175,30.465905,-1,863
104.246222,30.645158,68,864
104.501092,30.473628,-1,865
104.308786,30.865297,165,866
103.831858,30.646903,-1,867
103.989364,30.596547,-1,868
104.547927,30.712124,-1,869
104.095625,30.541041,135,870
104.307311,30.643102,-1,871
104.203009,30.726019,31,872
103.68141,30.300886,-1,873
104.04298,30.467011,-1,874
104.177963,30.71901,23,875
104.028679,30.551277,-1,876
104.075683,30.769088,-1,877
103.95827,30.665985,-1,878
104.261598,30.725931,-1,879
104.081556,30.512767,129,880
104.053555,30.430364,-1,881
103.884031,30.344909,-1,882
104.3117,30.29886,159,883
103.640215,30.466067,50,884
103.919885,30.244836,-1,885
104.36608,30.857245,166,886
104.221466,30.544475,-1,887
104.268819,31.015451,-1,888
104.22097,30.638689,108,889
103.915682,30.678365,-1,890
104.594811,30.716235,-1,891
104.028785,30.229023,-1,892
104.263693,30.649001,-1,893
104.177578,30.461044,-1,894
103.697833,30.630753,-1,895
103.983565,30.572508,-1,896
104.455575,30.828402,-1,897
103.826712,29.979991,-1,898
103.536706,30.569835,-1,899
103.911779,30.798369,-1,900
104.12078,30.785574,-1,901
103.982726,31.073799,-1,902
104.032899,30.322189,-1,903
103.908409,30.543173,1,904
104.203598,30.875859,-1,905
104.308525,30.846086,-1,906
104.221274,30.639242,108,907
103.70293,30.632562,-1,908
104.449766,30.4806,-1,909
103.96781,30.648724,70,910
104.168682,30.741594,56,911
104.312157,30.298534,159,912
103.819137,30.797244,167,913
103.909534,30.544528,1,914
104.304819,30.644628,-1,915
104.006423,30.592326,168,916
104.141398,30.669223,-1,917
103.935299,30.905331,66,918
104.378349,30.282963,-1,919
103.733811,30.63181,-1,920
103.885939,30.165283,-1,921
103.883801,30.66621,153,922
104.222489,30.710026,-1,923
103.97781,30.688242,113,924
104.23724,30.723855,-1,925
104.135649,30.805836,169,926
103.799299,30.453603,-1,927
103.829876,30.621624,-1,928
104.041163,30.593731,170,929
103.495898,31.358515,-1,930
104.234958,30.64582,49,931
104.099963,30.64706,-1,932
103.498067,30.204004,-1,933
104.168799,30.741411,56,934
103.952068,30.427964,171,935
104.593124,31.768181,-1,936
103.842247,30.31914,-1,937
104.072653,30.377438,-1,938
104.211303,30.764051,-1,939
104.006367,30.5924,168,940
103.861314,30.804138,60,941
103.967012,30.676611,-1,942
104.178965,30.782997,85,943
104.104984,30.399828,-1,944
104.449766,30.4806,-1,945
103.892625,30.397901,-1,946
104.317063,30.606652,-1,947
104.054638,30.426129,-1,948
104.244676,30.645716,68,949
103.965022,30.636925,164,950
104.185754,30.719771,163,951
103.819137,30.797292,167,952
104.004595,30.579555,-1,953
104.171899,30.659775,8,954
103.740514,30.631656,-1,955
104.032492,30.73895,-1,956
104.150361,30.616189,172,957
104.308786,30.865297,165,958
104.522533,30.662743,-1,959
104.193582,31.029078,-1,960
103.969063,30.951161,-1,961
103.602503,30.902714,-1,962
103.975446,30.639659,88,963
104.765703,29.763231,-1,964
103.69649,29.227435,-1,965
104.503186,30.342596,-1,966
104.164878,30.599763,-1,967
104.662169,31.092127,173,968
103.906547,30.695428,-1,969
104.535717,30.661748,-1,970
103.863036,30.150341,-1,971
104.078804,30.366466,-1,972
104.027853,30.449487,-1,973
104.151353,30.632319,-1,974
103.649574,30.932569,-1,975
103.99772,30.757555,174,976
103.509136,30.754735,-1,977
104.149002,30.839388,175,978
103.859927,30.301772,82,979
104.06906,30.535727,-1,980
103.549337,30.211135,-1,981
103.956803,30.935821,-1,982
103.72474,30.578398,176,983
104.497652,30.42061,-1,984
104.118847,30.757056,69,985
104.173001,30.786269,-1,986
103.90824,30.970533,-1,987
103.949193,30.769045,-1,988
104.108093,30.554304,-1,989
104.225958,30.525032,91,990
104.141009,30.587374,-1,991
104.098611,30.539744,-1,992
104.066764,30.626735,-1,993
103.910017,30.476885,-1,994
104.200491,30.684412,177,995
104.245383,30.553585,-1,996
103.452224,30.374374,-1,997
104.213984,30.552204,-1,998
104.259409,30.812762,-1,999
104.199186,30.672005,-1,1000
103.799367,31.239883,-1,1001
103.947474,30.677737,-1,1002
104.033043,30.915789,-1,1003
103.581316,30.384865,-1,1004
103.825311,30.658064,-1,1005
104.196164,30.73151,-1,1006
104.172051,30.659278,8,1007
103.852118,31.292842,-1,1008
104.491438,30.6046,-1,1009
103.920952,30.540676,142,1010
104.075924,30.374853,280,1011
104.118439,30.757128,69,1012
104.089958,30.740726,178,1013
104.262607,30.851096,-1,1014
103.866733,31.077585,-1,1015
104.001469,30.885326,-1,1016
103.938305,30.616447,9,1017
103.893014,30.378593,-1,1018
104.277235,31.141943,-1,1019
104.417384,30.945756,-1,1020
104.302151,30.873975,-1,1021
103.880164,30.480415,-1,1022
104.190826,30.49571,-1,1023
103.886841,30.528419,42,1024
103.920095,30.792262,-1,1025
103.918846,30.979829,-1,1026
103.157189,30.116277,-1,1027
103.851172,31.291334,-1,1028
104.132856,30.398339,-1,1029
104.182985,30.717311,72,1030
103.969699,30.587113,-1,1031
104.533592,29.759656,179,1032
104.187913,30.793467,-1,1033
103.246634,30.380452,-1,1034
103.978657,30.313335,-1,1035
102.061487,31.517158,-1,1036
103.759411,30.365421,-1,1037
103.896855,30.915077,-1,1038
104.178638,30.782682,85,1039
104.513952,30.420727,67,1040
104.226686,30.861952,-1,1041
103.918794,30.800707,-1,1042
104.165317,30.658857,74,1043
104.521484,30.417823,-1,1044
103.882794,30.665909,153,1045
103.997571,30.625539,-1,1046
104.081045,30.243394,-1,1047
103.750108,30.32764,-1,1048
103.939511,30.61711,12,1049
103.820288,30.816834,-1,1050
104.009822,30.480892,277,1051
103.975963,30.613013,-1,1052
103.902354,30.658361,63,1053
104.042097,30.226383,-1,1054
104.02826,30.977879,-1,1055
104.094333,30.709837,-1,1056
104.109849,30.562214,17,1057
104.505394,30.485619,-1,1058
104.117252,30.596439,-1,1059
104.055508,30.390122,-1,1060
103.900405,30.616283,-1,1061
104.497058,30.682435,-1,1062
104.115587,30.378303,-1,1063
104.52903,31.386957,-1,1064
103.916914,30.683896,28,1065
103.791292,30.603796,-1,1066
104.081671,30.503198,-1,1067
103.717088,30.593636,-1,1068
104.245136,29.946558,-1,1069
103.724389,30.559584,-1,1070
104.0293,30.859383,-1,1071
104.044952,30.445278,25,1072
103.956684,30.797933,-1,1073
104.23089,30.872172,-1,1074
104.174595,30.715239,53,1075
104.14118,30.645502,0,1076
104.008219,30.488333,-1,1077
103.797343,30.643747,-1,1078
104.70932,30.88556,-1,1079
104.331016,31.04072,-1,1080
103.909179,30.22643,-1,1081
103.91522,30.6781,-1,1082
104.508563,30.354532,180,1083
103.560754,30.749063,181,1084
103.641304,30.895105,-1,1085
103.925117,30.602703,-1,1086
104.179644,30.797872,-1,1087
104.226686,30.861952,-1,1088
104.556264,30.352665,182,1089
104.501512,30.488381,-1,1090
104.533578,29.759768,179,1091
103.915638,30.99135,-1,1092
104.109286,30.603483,-1,1093
104.115379,30.452562,-1,1094
104.226809,30.873555,-1,1095
103.939824,30.617792,12,1096
104.181431,30.534241,-1,1097
104.122098,30.539753,-1,1098
103.875224,30.830552,-1,1099
104.149077,30.8392,175,1100
103.815848,30.63357,34,1101
104.072704,30.376446,-1,1102
103.856701,30.442413,183,1103
104.577529,30.729969,-1,1104
103.879851,30.404392,184,1105
103.896671,30.915312,-1,1106
103.902789,30.631504,-1,1107
104.186727,30.550144,-1,1108
104.174273,30.864646,-1,1109
104.546423,29.504492,-1,1110
103.851294,31.059402,-1,1111
104.393147,30.293627,-1,1112
103.795955,30.650725,-1,1113
103.661523,30.961081,41,1114
103.50554,30.199465,-1,1115
104.15967,30.69604,-1,1116
103.872238,30.779257,185,1117
103.221081,30.380173,-1,1118
103.967799,30.947455,-1,1119
104.108446,30.424204,-1,1120
104.202139,30.750507,-1,1121
103.872712,30.774138,-1,1122
103.887993,30.556196,64,1123
104.221379,30.572773,-1,1124
103.958346,30.689652,-1,1125
104.1157,30.650799,-1,1126
104.151794,30.608415,-1,1127
103.917098,30.684037,28,1128
104.000409,30.569609,-1,1129
104.237337,30.556234,-1,1130
104.266705,30.648493,-1,1131
103.600997,31.064866,186,1132
103.965889,30.18311,-1,1133
103.891599,30.498263,-1,1134
103.720297,30.564599,-1,1135
103.760887,30.406448,-1,1136
103.853267,30.820076,-1,1137
104.095564,30.462956,-1,1138
103.415605,30.75732,-1,1139
103.239611,30.375429,-1,1140
104.139619,30.824388,-1,1141
104.049808,30.283116,-1,1142
104.235979,30.646865,49,1143
104.172056,30.659243,8,1144
104.217168,30.582928,-1,1145
104.243603,30.651606,80,1146
104.509968,30.355227,-1,1147
104.066388,30.686656,-1,1148
103.696271,30.40752,-1,1149
104.775707,30.887486,-1,1150
104.459178,31.104586,-1,1151
103.861559,30.445899,121,1152
103.800769,30.453581,-1,1153
103.682611,30.647548,-1,1154
103.460253,30.747,84,1155
104.153046,30.543953,-1,1156
104.445865,30.856224,-1,1157
103.921091,30.703138,6,1158
104.017746,29.139205,-1,1159
103.935851,30.766055,-1,1160
104.309215,30.86535,165,1161
103.944959,30.337462,-1,1162
103.960495,30.534487,-1,1163
104.551186,30.719102,-1,1164
103.923218,30.717276,154,1165
104.268785,30.62266,-1,1166
103.875454,30.613064,-1,1167
103.810211,30.630496,34,1168
104.804077,30.152095,187,1169
103.483486,31.332427,188,1170
103.772607,30.345565,-1,1171
104.106755,30.587107,55,1172
104.256765,30.853248,-1,1173
104.174599,30.71533,53,1174
104.049269,30.54157,58,1175
104.071177,30.725115,10,1176
104.13107,30.7919,-1,1177
103.687961,30.868404,-1,1178
103.967818,30.648706,70,1179
103.861285,30.879063,-1,1180
103.472545,30.515943,-1,1181
104.121057,30.502604,210,1182
103.85935,30.827371,93,1183
104.579962,30.778125,-1,1184
103.996251,30.425243,-1,1185
103.937652,30.614756,26,1186
103.994104,30.243861,-1,1187
104.050936,30.541214,58,1188
103.979513,30.407151,-1,1189
103.983989,30.572812,-1,1190
104.02503,30.510563,-1,1191
104.035243,30.232194,-1,1192
103.99434,30.244492,-1,1193
104.072003,30.438558,-1,1194
103.963457,30.940673,-1,1195
104.109657,30.562382,17,1196
103.876512,30.669917,-1,1197
103.908135,30.973151,189,1198
104.09821,30.585145,-1,1199
103.680737,30.894253,-1,1200
103.818149,30.846889,-1,1201
104.118191,30.75732,69,1202
104.315614,30.303025,118,1203
104.108815,30.393271,-1,1204
104.668177,30.087969,-1,1205
104.092809,30.619494,-1,1206
104.255692,30.578238,-1,1207
104.007878,30.739857,-1,1208
104.060061,30.648408,18,1209
104.093105,30.581052,14,1210
103.918295,30.981634,-1,1211
103.060325,30.027635,-1,1212
103.713454,30.822684,-1,1213
103.912988,30.630927,96,1214
104.056213,30.847768,190,1215
103.940463,30.973179,-1,1216
104.387397,30.307605,-1,1217
104.05239,30.246185,137,1218
103.87853,30.198158,59,1219
103.1942,30.139161,-1,1220
104.05065,30.749972,-1,1221
104.109059,30.505516,191,1222
103.911731,30.798782,-1,1223
103.408779,30.748236,-1,1224
104.072882,30.696449,270,1225
103.872196,30.388953,-1,1226
104.04193,30.249458,-1,1227
104.038708,30.359832,124,1228
104.202163,30.739114,123,1229
103.819634,30.655079,-1,1230
104.243677,29.945785,-1,1231
103.639962,30.468352,-1,1232
103.962682,30.372667,-1,1233
103.873365,30.779165,185,1234
103.660613,31.037579,-1,1235
104.209036,30.805926,-1,1236
103.717436,30.609221,-1,1237
103.808468,30.205591,-1,1238
104.29568,30.684216,-1,1239
103.68833,30.894879,-1,1240
104.238336,30.842151,-1,1241
104.113448,30.579564,19,1242
104.140004,30.827374,192,1243
104.196697,30.737626,-1,1244
103.964111,30.478079,193,1245
104.321586,31.11678,-1,1246
104.078579,30.652692,-1,1247
104.169006,30.741231,56,1248
104.508659,30.354565,180,1249
103.714044,30.526515,194,1250
103.877798,30.473029,-1,1251
103.825501,30.579161,-1,1252
103.861317,30.445464,121,1253
104.06627,30.698232,-1,1254
104.085303,30.683147,195,1255
104.040746,30.531411,-1,1256
103.700792,30.709106,-1,1257
104.245818,30.645988,68,1258
104.51132,30.349893,-1,1259
103.972042,30.936767,-1,1260
104.134072,30.945727,-1,1261
104.221112,30.638313,108,1262
104.142975,30.412389,-1,1263
103.959796,30.685801,-1,1264
104.182181,30.79125,-1,1265
103.647715,30.951353,35,1266
103.945377,30.554478,-1,1267
104.028351,30.337867,-1,1268
104.285973,30.696344,196,1269
103.628381,30.72731,62,1270
103.66288,30.970729,197,1271
104.259409,30.812762,-1,1272
104.64245,30.676335,-1,1273
103.921091,30.703138,6,1274
103.959942,30.152245,198,1275
103.973865,30.652533,-1,1276
104.120385,30.772945,148,1277
103.937931,30.618983,114,1278
104.071176,30.725219,10,1279
104.518371,30.624164,-1,1280
104.473614,30.486245,-1,1281
104.110059,30.590131,-1,1282
104.064608,30.373788,-1,1283
104.164044,30.658283,74,1284
104.522316,30.438249,-1,1285
104.107392,30.511041,-1,1286
104.069944,30.725264,-1,1287
104.107247,30.738521,-1,1288
103.951159,30.948423,-1,1289
103.939824,30.617792,12,1290
104.221056,30.638948,108,1291
104.350353,30.304138,-1,1292
103.865404,31.048365,-1,1293
104.24334,30.649884,80,1294
104.175624,30.700188,-1,1295
103.734397,30.912176,-1,1296
104.001425,30.520743,-1,1297
104.059305,30.651288,18,1298
104.173413,30.727381,-1,1299
103.945209,30.937447,-1,1300
104.539309,31.859965,33,1301
102.202296,29.683883,-1,1302
104.221183,30.638713,108,1303
103.835367,30.514228,-1,1304
104.055965,30.847832,190,1305
104.057844,30.447691,-1,1306
104.216348,30.52238,-1,1307
103.721482,30.586456,-1,1308
104.566405,30.371521,92,1309
103.459849,30.746906,84,1310
104.068775,30.692368,111,1311
104.181986,30.533192,-1,1312
104.188107,30.514634,-1,1313
103.828145,30.62763,-1,1314
104.97357,29.870805,39,1315
104.311715,30.997802,-1,1316
104.081853,30.48133,-1,1317
104.323755,30.64501,131,1318
104.069696,30.768657,75,1319
103.791922,30.667786,-1,1320
103.939512,30.616916,12,1321
104.111903,31.37726,-1,1322
104.075581,30.238904,22,1323
104.323458,30.645078,131,1324
104.177141,30.865816,-1,1325
104.311804,30.298716,159,1326
104.056213,30.847768,190,1327
104.546604,29.503978,-1,1328
104.32329,30.645011,131,1329
104.522051,30.429756,199,1330
103.643319,30.469908,-1,1331
104.858471,29.740897,128,1332
104.339348,30.46218,-1,1333
103.496287,30.548419,-1,1334
103.998099,30.467534,-1,1335
103.832735,30.85325,-1,1336
103.840245,30.359533,46,1337
104.155328,30.684898,-1,1338
104.025053,30.593583,-1,1339
104.244883,30.708985,-1,1340
104.481593,30.460835,-1,1341
103.924521,30.94996,-1,1342
104.218044,31.570516,-1,1343
104.13418,30.780808,-1,1344
103.963064,30.647524,-1,1345
104.30717,30.865157,165,1346
104.625451,30.333344,-1,1347
103.989924,30.48256,-1,1348
103.83282,30.549607,-1,1349
104.177578,30.461044,-1,1350
103.65445,30.926919,79,1351
103.889599,30.383685,-1,1352
104.116444,30.582837,115,1353
103.906035,30.064526,-1,1354
103.914261,30.675519,200,1355
104.800922,29.728511,-1,1356
103.972195,30.542101,201,1357
103.780316,30.4038,-1,1358
104.266002,30.619103,-1,1359
103.917501,30.742807,-1,1360
104.055548,30.388429,-1,1361
104.008783,30.59067,101,1362
103.474807,30.431815,16,1363
103.790153,29.636149,78,1364
104.14158,30.950893,-1,1365
104.055102,30.464056,-1,1366
104.435808,30.977172,-1,1367
102.436769,29.136551,-1,1368
104.023289,30.894251,-1,1369
103.856939,30.442309,183,1370
104.057118,30.427393,138,1371
104.300196,30.385644,-1,1372
103.857133,30.441935,183,1373
104.638872,30.09828,-1,1374
104.133589,30.640329,-1,1375
103.896485,30.666036,202,1376
104.342854,31.005108,-1,1377
104.580766,30.866855,-1,1378
104.178695,30.190877,-1,1379
103.813408,30.632687,34,1380
104.118181,30.597203,-1,1381
103.883262,30.612338,-1,1382
103.80863,30.459325,-1,1383
103.990776,30.454746,-1,1384
104.220815,30.63861,108,1385
104.595496,31.767986,-1,1386
103.876339,30.491495,203,1387
104.411138,30.343597,-1,1388
103.533641,30.524622,-1,1389
103.878666,30.198274,59,1390
103.902514,30.658481,63,1391
104.073121,30.227824,-1,1392
104.397489,30.997538,-1,1393
104.105897,30.855306,-1,1394
103.614059,30.964695,-1,1395
103.908887,30.543237,1,1396
103.647128,30.951921,35,1397
104.176059,30.778794,-1,1398
104.53055,30.43318,-1,1399
104.029907,30.246697,-1,1400
103.926608,30.946988,-1,1401
103.808444,30.67267,-1,1402
103.81533,30.643976,-1,1403
104.188631,30.731806,-1,1404
104.433926,30.394049,-1,1405
104.078925,30.68482,-1,1406
104.115901,30.585765,115,1407
104.097195,30.830532,-1,1408
104.13654,30.417159,-1,1409
103.997407,30.252952,-1,1410
104.013312,30.511037,-1,1411
103.90886,30.86406,-1,1412
104.863652,29.745474,-1,1413
104.186935,30.534556,-1,1414
104.5949,30.383373,-1,1415
103.851132,30.819362,3,1416
104.152387,30.634384,-1,1417
104.481482,30.460651,-1,1418
104.103834,30.587617,-1,1419
104.352192,30.768294,-1,1420
104.090316,30.740702,178,1421
104.520564,30.628827,-1,1422
103.64032,30.465982,50,1423
104.2425,30.650136,80,1424
104.032353,30.738902,-1,1425
103.993511,30.764724,132,1426
104.037384,30.357178,-1,1427
104.069705,30.768183,75,1428
103.714032,30.526535,194,1429
103.709349,30.393197,235,1430
103.872552,30.779237,185,1431
103.452529,30.374283,-1,1432
104.107466,30.562648,-1,1433
103.451797,30.471495,-1,1434
104.041163,30.530811,-1,1435
104.639252,30.684732,-1,1436
103.705477,30.404606,-1,1437
104.179807,30.619406,-1,1438
103.739077,30.358323,-1,1439
103.974505,31.067923,-1,1440
104.055695,30.456931,204,1441
104.567373,30.372086,92,1442
104.326395,30.860444,155,1443
103.819637,30.899966,-1,1444
104.286545,30.677352,-1,1445
104.065248,30.179287,-1,1446
103.939592,30.620867,205,1447
104.115364,31.512534,-1,1448
103.71517,30.644782,-1,1449
104.302151,30.873975,-1,1450
103.662679,30.970639,197,1451
104.059978,30.648928,18,1452
104.804293,30.151776,187,1453
104.428714,30.735415,-1,1454
104.034127,30.495005,-1,1455
104.164648,30.38353,139,1456
103.951747,31.014978,-1,1457
104.632058,30.872011,45,1458
104.118079,30.7568,69,1459
104.382721,31.057146,-1,1460
104.798114,29.738593,-1,1461
104.079455,30.513111,129,1462
104.109657,30.562382,17,1463
104.118197,30.756772,69,1464
103.736834,30.339583,-1,1465
104.048039,30.372209,-1,1466
103.995063,30.249228,-1,1467
103.965258,30.637003,164,1468
103.948211,30.636399,-1,1469
103.640413,30.965367,-1,1470
103.678321,31.02961,94,1471
104.242548,30.650825,80,1472
103.971471,30.650435,105,1473
103.954375,30.632284,-1,1474
103.806241,31.171612,-1,1475
103.986711,30.216,-1,1476
103.977639,30.640608,88,1477
104.214643,30.651899,160,1478
103.884917,30.388607,206,1479
104.159734,30.6958,-1,1480
104.301163,30.316548,-1,1481
104.109269,30.464164,207,1482
103.933353,30.81372,-1,1483
104.316165,30.943619,-1,1484
104.662217,31.091793,173,1485
103.737615,30.707689,-1,1486
104.45063,30.476258,-1,1487
104.235169,30.860812,-1,1488
104.164525,30.658507,74,1489
104.215154,30.5831,208,1490
104.041648,30.64122,-1,1491
103.972083,30.542219,201,1492
103.957835,30.431709,-1,1493
103.926757,30.615577,-1,1494
104.097161,30.758741,-1,1495
104.244557,30.645756,68,1496
103.981551,30.785344,86,1497
103.915001,30.387935,-1,1498
103.481899,30.410975,-1,1499
104.182809,30.530758,-1,1500
103.993454,29.024241,20,1501
104.052976,30.456296,-1,1502
104.0109,30.510854,-1,1503
104.008543,30.2313,-1,1504
104.29568,30.684234,-1,1505
103.640192,30.465924,50,1506
104.193582,31.029078,-1,1507
103.878616,30.912076,-1,1508
103.796203,30.569134,-1,1509
103.733532,30.333732,-1,1510
103.973731,30.436085,-1,1511
104.179021,30.783486,85,1512
103.93588,30.913201,-1,1513
104.363019,31.067829,-1,1514
104.415102,30.243838,-1,1515
102.673454,29.53225,-1,1516
104.234542,30.646239,49,1517
103.380108,30.36816,-1,1518
104.223489,30.794307,57,1519
104.295937,31.009174,-1,1520
104.244687,30.645486,68,1521
103.981398,30.785012,86,1522
103.839629,30.358655,46,1523
103.935874,30.905513,66,1524
104.112375,30.523326,-1,1525
104.335086,30.304926,-1,1526
104.072269,30.732601,-1,1527
103.722277,30.590858,-1,1528
103.643767,30.470148,-1,1529
104.213244,30.58409,-1,1530
104.354553,30.435935,209,1531
104.287031,30.69722,196,1532
103.969481,30.982223,-1,1533
104.245093,30.645684,68,1534
103.964423,30.637135,164,1535
103.897081,30.66693,202,1536
104.269342,30.729291,-1,1537
104.148733,30.839098,175,1538
104.007706,30.805252,-1,1539
104.188069,30.514482,-1,1540
103.960127,30.165761,97,1541
103.962353,30.641531,-1,1542
104.229668,30.900255,-1,1543
104.247304,30.554976,-1,1544
104.202329,30.726172,31,1545
104.466296,30.602843,-1,1546
103.912858,30.824759,98,1547
104.12085,30.501579,210,1548
104.287931,30.696781,196,1549
104.277323,31.141909,-1,1550
104.397382,30.327755,-1,1551
103.498271,30.568657,116,1552
103.719063,30.609746,-1,1553
103.182604,30.010698,-1,1554
103.681928,30.596676,211,1555
104.089884,30.5704,-1,1556
104.216401,30.581367,-1,1557
103.803749,30.516602,-1,1558
104.329883,30.294367,-1,1559
104.226523,30.792584,15,1560
104.745679,30.451648,61,1561
104.721868,29.815939,-1,1562
104.357339,30.659965,-1,1563
104.393235,30.283424,212,1564
104.973667,29.871171,39,1565
103.748015,30.674888,-1,1566
104.115957,30.584699,115,1567
104.213099,30.177444,-1,1568
103.940609,30.614092,213,1569
104.183154,30.711158,95,1570
103.968184,30.947372,-1,1571
103.917984,30.414538,-1,1572
104.286507,30.678941,-1,1573
103.819404,30.573395,-1,1574
104.045642,30.724776,-1,1575
104.07578,30.838576,-1,1576
103.585584,30.759029,-1,1577
104.094968,30.648305,-1,1578
104.073121,30.227824,-1,1579
104.555563,30.352559,182,1580
104.040579,30.60021,-1,1581
103.937074,30.61322,26,1582
104.180996,30.53451,-1,1583
103.707218,30.39425,-1,1584
103.999281,30.514104,-1,1585
104.0014,30.735682,-1,1586
103.559818,30.548935,214,1587
104.132076,30.785751,-1,1588
103.853448,30.442531,-1,1589
103.692124,31.011109,-1,1590
103.966728,30.388449,-1,1591
104.159449,30.763097,-1,1592
104.434257,29.596838,-1,1593
103.716392,30.926753,-1,1594
104.107023,30.520997,-1,1595
104.605147,30.881005,-1,1596
103.713997,30.591715,-1,1597
104.333961,30.644626,-1,1598
104.326379,30.860126,155,1599
104.015559,30.737962,-1,1600
103.971931,30.936009,-1,1601
104.191629,30.820425,36,1602
103.459894,30.746932,84,1603
104.071578,30.688626,215,1604
104.083965,30.578085,52,1605
103.734723,30.962035,-1,1606
104.070922,30.688649,215,1607
104.544816,30.706681,216,1608
103.739397,30.727074,-1,1609
103.936158,30.905435,66,1610
104.411205,30.90345,-1,1611
104.051936,30.434292,-1,1612
104.144501,30.813327,-1,1613
104.049622,30.651732,-1,1614
103.912573,30.824547,98,1615
104.071176,30.725219,10,1616
104.166982,30.564908,-1,1617
104.112025,30.753127,38,1618
104.015537,30.616508,-1,1619
104.162189,30.685553,-1,1620
104.162467,30.557121,-1,1621
104.11275,30.579249,19,1622
103.56125,30.748718,181,1623
104.136049,30.711375,-1,1624
104.084118,30.719157,-1,1625
103.698219,30.584044,-1,1626
103.879152,30.35787,-1,1627
104.162853,30.699043,229,1628
103.859552,30.301606,82,1629
103.920805,30.540983,142,1630
103.861372,30.445824,121,1631
104.514037,30.352218,-1,1632
104.076387,30.296072,-1,1633
104.660485,31.131011,-1,1634
103.937447,30.619339,114,1635
103.908719,30.543375,1,1636
103.886657,30.47976,-1,1637
103.476993,30.422585,-1,1638
103.863877,30.656012,-1,1639
103.46012,30.746969,84,1640
104.10432,30.690904,-1,1641
103.813565,30.632811,34,1642
104.111071,30.509819,24,1643
103.290162,30.16478,-1,1644
104.366064,30.857297,166,1645
103.468286,30.430532,-1,1646
104.676815,30.407822,-1,1647
103.535796,29.948076,-1,1648
104.225198,30.707456,217,1649
104.110869,30.510905,24,1650
103.791454,30.603875,-1,1651
103.650455,30.694025,-1,1652
104.401741,30.997223,218,1653
104.069405,30.675922,-1,1654
103.862919,30.789626,-1,1655
103.851544,30.367794,-1,1656
104.203261,30.725981,31,1657
103.95748,30.936174,-1,1658
104.422676,30.474106,-1,1659
104.099493,30.46715,133,1660
103.893423,30.776449,-1,1661
103.876336,30.490651,203,1662
104.202925,30.726071,31,1663
103.877139,30.562489,219,1664
103.788016,30.577038,-1,1665
104.164964,30.658898,74,1666
104.267948,30.650822,-1,1667
104.355313,30.55537,-1,1668
103.883259,30.665956,153,1669
103.832831,30.618692,-1,1670
104.177741,30.719135,23,1671
103.669335,30.368003,-1,1672
103.625344,30.931784,-1,1673
104.069603,30.685281,-1,1674
104.47107,30.490431,-1,1675
104.036684,30.446784,-1,1676
103.894075,30.460905,-1,1677
103.89295,30.447657,220,1678
104.035415,30.713148,-1,1679
104.164651,30.658771,74,1680
104.176887,30.722538,-1,1681
103.857225,30.811782,-1,1682
104.069609,30.249864,-1,1683
104.495492,30.470945,258,1684
104.022452,30.501037,-1,1685
104.161147,30.447271,-1,1686
104.262309,30.851004,-1,1687
104.149401,30.622584,221,1688
104.2141,30.583516,208,1689
104.268793,30.578151,29,1690
104.159223,30.67335,-1,1691
104.112161,31.075776,222,1692
104.498677,30.428164,-1,1693
103.932454,30.696418,-1,1694
104.118311,30.75736,69,1695
104.003354,30.734779,223,1696
103.496079,30.548352,-1,1697
103.817533,30.633978,34,1698
104.235678,30.64696,49,1699
104.228633,30.85737,-1,1700
104.40531,30.294378,-1,1701
104.445912,30.856214,-1,1702
104.328297,30.34567,-1,1703
104.057729,30.447892,-1,1704
104.32077,30.278064,224,1705
104.060202,30.452046,-1,1706
104.178012,30.719091,23,1707
103.381222,30.289623,-1,1708
104.152777,30.781763,225,1709
104.3701,30.245814,-1,1710
103.528026,30.376565,-1,1711
104.215154,30.582996,208,1712
104.220768,30.63892,108,1713
104.242499,30.649973,80,1714
103.912675,30.977839,-1,1715
104.020509,29.139664,134,1716
103.903619,30.676438,-1,1717
104.302243,30.597885,-1,1718
104.109795,30.449092,-1,1719
103.717324,30.609303,-1,1720
104.125254,30.769494,226,1721
104.462386,31.234167,-1,1722
104.037008,30.148143,81,1723
103.701469,30.602621,11,1724
104.454966,30.489041,-1,1725
103.851643,30.624467,-1,1726
104.046913,30.428112,90,1727
104.076339,30.375884,280,1728
104.069956,30.725434,-1,1729
104.146038,30.886013,-1,1730
103.916914,30.683896,28,1731
104.208498,30.524176,161,1732
104.092674,30.443654,227,1733
103.917375,30.985459,-1,1734
103.701112,31.030658,-1,1735
103.906934,30.476777,-1,1736
104.268783,30.578109,29,1737
104.631319,30.872124,45,1738
104.254294,30.642654,-1,1739
103.999281,30.514104,-1,1740
104.297677,31.034963,-1,1741
103.61769,30.994323,-1,1742
103.969073,31.007922,-1,1743
103.810259,30.631968,34,1744
104.311884,30.298666,159,1745
104.526177,30.431144,-1,1746
103.474775,30.431699,16,1747
104.237708,30.652728,5,1748
103.678241,31.029592,94,1749
103.960127,30.165761,97,1750
104.069874,30.768682,75,1751
103.498283,30.568661,116,1752
104.164311,30.383813,139,1753
104.099598,30.467136,133,1754
103.881126,31.087386,-1,1755
104.149093,30.659799,-1,1756
103.91937,30.233506,-1,1757
104.198522,30.582039,13,1758
103.647255,30.951531,35,1759
104.075132,30.727139,-1,1760
103.535824,30.742569,120,1761
104.173819,30.787525,-1,1762
104.201012,30.733635,-1,1763
104.065248,30.179287,-1,1764
104.054512,30.655288,102,1765
103.99192,30.73964,-1,1766
104.073191,30.715171,-1,1767
104.354265,30.435716,209,1768
103.376667,30.291365,-1,1769
104.169178,30.636407,-1,1770
103.920307,30.232699,-1,1771
103.904695,30.370261,-1,1772
103.723576,30.660443,-1,1773
104.066893,30.487005,-1,1774
104.13174,30.676792,-1,1775
103.454628,30.744798,-1,1776
103.553033,30.221238,228,1777
103.892858,30.447647,220,1778
104.491374,30.604214,-1,1779
103.710716,30.319806,-1,1780
104.076283,30.375902,280,1781
103.701471,30.634481,-1,1782
104.521813,30.631555,-1,1783
103.921507,30.687606,-1,1784
103.64248,30.943331,2,1785
104.908223,30.159855,109,1786
103.892915,30.447311,220,1787
103.601053,31.064868,186,1788
103.906961,30.236045,-1,1789
104.009433,30.763834,122,1790
103.866462,30.311795,-1,1791
103.91254,30.824848,98,1792
104.068241,30.644109,-1,1793
104.163187,30.699797,229,1794
104.162145,30.704058,-1,1795
104.247304,30.554976,-1,1796
103.839231,30.359531,46,1797
103.938445,30.61639,9,1798
104.166044,30.712531,147,1799
103.807187,30.574465,-1,1800
104.523751,30.429601,199,1801
104.069874,30.768682,75,1802
103.856701,30.442413,183,1803
104.433328,30.846478,-1,1804
104.359305,30.531769,-1,1805
104.045671,30.760436,-1,1806
104.084138,30.578049,52,1807
104.213972,30.651559,160,1808
104.801617,30.155407,-1,1809
104.858503,29.740615,128,1810
103.060325,30.027635,-1,1811
104.091258,30.559853,-1,1812
104.115882,30.580218,19,1813
104.04164,30.344476,-1,1814
104.099074,30.71238,-1,1815
104.462386,31.234167,-1,1816
104.522817,30.684678,-1,1817
103.839602,30.358459,46,1818
104.082018,30.509108,-1,1819
104.16833,30.741692,56,1820
103.504511,30.571935,-1,1821
104.092448,30.431843,-1,1822
103.661238,30.961221,41,1823
104.21675,31.054357,-1,1824
103.659157,30.923106,-1,1825
103.856661,30.442249,183,1826
104.080026,30.512701,129,1827
104.428518,31.149942,230,1828
104.118239,30.75701,69,1829
103.927468,30.321257,-1,1830
103.825172,30.581693,-1,1831
103.952862,30.339359,-1,1832
103.514448,30.750935,-1,1833
104.060261,30.649166,18,1834
104.07487,30.296442,-1,1835
104.164651,30.658771,74,1836
104.133935,30.893354,-1,1837
104.287799,30.696917,196,1838
103.965874,30.643117,-1,1839
104.174584,30.788829,-1,1840
104.169006,30.741231,56,1841
103.892048,30.521475,-1,1842
103.559283,30.549143,214,1843
103.691255,30.417304,-1,1844
104.48947,30.493987,143,1845
104.18337,30.710689,95,1846
103.794957,31.233499,-1,1847
104.268819,31.015291,-1,1848
104.23582,30.7326,-1,1849
103.69058,30.40017,-1,1850
104.036562,30.29665,32,1851
104.421716,30.88125,-1,1852
103.492508,31.350123,-1,1853
104.485748,30.444371,-1,1854
103.516898,30.392049,-1,1855
104.393115,30.283756,212,1856
104.096425,30.539814,135,1857
104.509178,30.352263,180,1858
103.677435,30.338711,231,1859
103.942191,30.279631,-1,1860
104.175246,30.664312,232,1861
103.948208,31.022828,-1,1862
103.971361,30.777437,-1,1863
104.073805,30.549638,-1,1864
103.903703,30.676522,-1,1865
103.677634,30.338584,231,1866
104.006198,30.738465,-1,1867
103.960562,30.632205,-1,1868
103.474435,30.431293,16,1869
104.569841,30.350193,-1,1870
104.056552,30.795428,-1,1871
104.051125,30.671139,-1,1872
104.006953,30.592738,168,1873
103.693554,30.937668,233,1874
103.785897,30.652139,-1,1875
103.586456,30.388196,-1,1876
103.936823,30.781843,-1,1877
104.166664,30.658663,74,1878
104.197951,30.545863,-1,1879
104.055856,30.458394,204,1880
104.050946,30.673719,-1,1881
104.063303,31.35063,-1,1882
103.81443,30.633067,34,1883
103.992892,29.024306,20,1884
104.354051,30.84282,-1,1885
104.015434,30.450087,-1,1886
103.97341,30.404685,-1,1887
103.882834,30.665943,153,1888
104.308596,30.296046,-1,1889
103.859912,30.833464,-1,1890
103.789745,29.6361,78,1891
103.993256,30.923828,-1,1892
104.318768,30.860989,43,1893
104.05407,30.652285,-1,1894
104.485678,30.447302,-1,1895
103.964792,30.641221,-1,1896
104.075565,30.238738,22,1897
103.838684,30.84635,-1,1898
104.380211,31.009577,-1,1899
103.952682,30.999564,-1,1900
104.546264,30.365467,-1,1901
104.01711,30.84557,-1,1902
104.17735,30.718936,23,1903
104.854297,30.229338,-1,1904
103.91717,30.683596,28,1905
104.108087,30.503377,-1,1906
103.888398,30.55662,64,1907
104.083783,30.578101,52,1908
104.017097,30.845505,-1,1909
103.775325,30.896143,-1,1910
104.352192,30.768294,-1,1911
104.021621,31.291635,-1,1912
104.225187,30.672223,-1,1913
104.39052,30.287373,-1,1914
104.094365,30.523318,-1,1915
103.781569,29.440252,-1,1916
103.995432,30.249164,-1,1917
103.853892,30.363955,-1,1918
103.910729,30.56813,-1,1919
104.140789,30.569963,-1,1920
104.394474,30.349881,234,1921
104.84816,29.754166,-1,1922
104.249056,30.77236,76,1923
104.466888,31.043116,-1,1924
104.102117,30.75074,-1,1925
103.997094,30.907937,-1,1926
103.872356,31.066337,-1,1927
104.07131,30.688434,215,1928
104.311884,30.298666,159,1929
103.408779,30.748236,-1,1930
103.654458,30.925868,79,1931
104.379095,30.64053,-1,1932
103.895854,30.747331,-1,1933
103.494742,30.21483,-1,1934
104.23559,30.646438,49,1935
104.105225,30.41244,-1,1936
104.107304,30.513376,40,1937
104.112199,30.513081,-1,1938
104.198203,30.659732,-1,1939
104.242912,30.651282,80,1940
103.940772,30.852114,-1,1941
103.974193,30.736644,47,1942
104.521935,30.43787,-1,1943
104.513054,30.420254,67,1944
103.977565,30.688524,113,1945
104.241694,30.275086,-1,1946
103.912224,30.631049,96,1947
103.736485,31.01717,-1,1948
103.959942,30.152245,198,1949
104.204869,30.689399,-1,1950
104.533442,29.759684,179,1951
103.799224,30.421268,-1,1952
103.498553,30.568482,116,1953
104.191728,30.820703,36,1954
104.165589,30.658524,74,1955
104.007643,30.554041,65,1956
103.935524,30.905459,66,1957
104.158196,30.604637,-1,1958
104.063226,30.369624,-1,1959
103.914326,30.630432,96,1960
103.905137,30.243483,-1,1961
104.102042,30.576524,-1,1962
104.072269,30.732601,-1,1963
103.923073,30.716992,154,1964
104.057959,30.447771,-1,1965
104.309134,30.865095,165,1966
103.937074,30.61322,26,1967
103.920529,30.891497,-1,1968
104.120666,30.50172,210,1969
104.397617,30.824157,-1,1970
104.362958,30.806719,-1,1971
103.917068,30.634615,-1,1972
104.203017,30.506644,-1,1973
104.392266,30.283836,212,1974
103.693754,30.938102,233,1975
103.701571,30.528269,-1,1976
103.879983,30.347968,-1,1977
103.815718,30.6333,34,1978
104.049472,30.476751,125,1979
103.696753,30.582685,-1,1980
103.769025,30.652689,-1,1981
104.020804,30.5484,-1,1982
104.627449,30.902316,-1,1983
103.709413,30.393997,235,1984
103.782633,30.774555,-1,1985
104.003334,30.734724,223,1986
104.226801,30.792364,15,1987
103.971317,30.650542,105,1988
103.889847,30.708548,-1,1989
104.360561,30.813696,-1,1990
104.135002,30.805985,169,1991
103.607333,30.826497,-1,1992
104.254947,30.859858,110,1993
104.168841,30.740889,56,1994
103.901313,30.834572,89,1995
103.489875,30.184778,-1,1996
104.249538,30.580713,-1,1997
104.00066,30.691793,-1,1998
103.68229,31.027583,112,1999
104.062298,30.653215,-1,2000
104.117642,30.282749,71,2001
104.099951,30.712612,-1,2002
104.537338,30.365999,236,2003
103.902681,30.826449,-1,2004
103.976333,30.442388,-1,2005
104.675765,30.083997,-1,2006
103.838798,30.31582,-1,2007
103.974927,30.61742,-1,2008
104.075733,30.735618,-1,2009
103.810938,30.6321,34,2010
104.125401,30.769563,226,2011
103.939574,30.617132,12,2012
103.862989,30.556607,-1,2013
104.109845,30.449385,-1,2014
104.80016,30.152401,-1,2015
103.914087,30.710805,-1,2016
103.998685,30.460674,-1,2017
103.768877,30.693613,-1,2018
103.797786,31.241086,-1,2019
103.83748,31.15104,-1,2020
103.662036,30.395827,-1,2021
104.101173,30.426465,-1,2022
104.025368,30.157613,-1,2023
103.967336,30.648577,70,2024
104.567756,30.388366,275,2025
104.215066,30.582887,208,2026
104.801617,30.155407,-1,2027
104.046741,30.451045,-1,2028
104.286495,30.968697,-1,2029
104.033076,30.584108,-1,2030
104.111614,30.510924,24,2031
103.511617,30.565129,-1,2032
103.929437,30.941695,-1,2033
104.02816,31.356457,-1,2034
103.964559,30.636867,164,2035
104.151176,30.61828,-1,2036
104.378983,30.292528,-1,2037
104.567715,30.388408,275,2038
102.996836,30.336897,-1,2039
103.991789,30.661308,-1,2040
104.112422,30.51323,-1,2041
104.115132,30.751905,-1,2042
104.065986,30.446132,252,2043
104.021206,29.139014,134,2044
104.115042,30.417061,274,2045
103.940096,30.998894,237,2046
104.389241,30.762025,246,2047
103.861593,30.796717,-1,2048
104.439901,29.476518,-1,2049
103.904703,30.675803,158,2050
104.223328,30.674871,-1,2051
104.052098,30.487256,-1,2052
103.765592,30.800299,-1,2053
104.411494,30.34462,-1,2054
104.015264,29.142288,-1,2055
103.546461,30.58961,-1,2056
104.020856,30.524204,-1,2057
104.544174,30.70783,216,2058
104.231042,30.647892,-1,2059
104.191473,30.820037,36,2060
104.185823,30.551256,267,2061
103.778917,30.407254,-1,2062
104.249678,30.860413,-1,2063
104.449789,30.283199,-1,2064
104.020723,29.13965,134,2065
103.734809,30.919912,-1,2066
103.76175,30.579114,-1,2067
104.332748,30.328096,-1,2068
104.012255,30.8313,-1,2069
104.087336,30.642058,-1,2070
103.902156,30.834059,89,2071
103.647128,30.951612,35,2072
103.946651,30.472154,-1,2073
104.329883,30.294367,-1,2074
103.968129,30.981589,-1,2075
103.988009,30.723805,-1,2076
103.55709,30.425656,-1,2077
104.057623,30.390084,-1,2078
103.911763,30.798401,-1,2079
103.652834,30.920519,238,2080
104.166999,30.564928,-1,2081
104.005222,30.550718,-1,2082
104.064962,30.440031,-1,2083
103.771279,31.17682,-1,2084
104.427112,31.012553,-1,2085
104.495926,30.417811,-1,2086
104.307315,30.866114,165,2087
104.157467,30.646898,-1,2088
104.225206,30.638852,239,2089
104.400859,30.310646,-1,2090
103.914226,30.675401,200,2091
104.199592,31.631941,-1,2092
104.035245,30.496939,-1,2093
104.104738,30.747743,-1,2094
104.31887,30.86106,43,2095
103.877127,30.177902,-1,2096
104.489614,30.493786,143,2097
104.395961,30.756102,-1,2098
104.112561,30.75262,38,2099
103.87853,30.198158,59,2100
104.501809,30.34026,-1,2101
104.326371,30.86011,155,2102
104.23513,30.646162,49,2103
103.885204,30.375352,-1,2104
104.20348,30.726293,31,2105
103.497078,30.406511,-1,2106
104.125242,30.769563,226,2107
104.194712,30.587429,-1,2108
104.142173,30.582909,-1,2109
104.543632,30.718121,-1,2110
103.727933,30.558951,279,2111
104.473698,30.486336,-1,2112
103.661886,30.397473,-1,2113
104.042957,30.447631,25,2114
104.434257,29.596838,-1,2115
104.00325,30.748569,-1,2116
103.846724,30.4385,149,2117
104.482758,30.44486,-1,2118
103.937285,30.925213,-1,2119
103.817882,30.471708,-1,2120
103.876607,30.484245,-1,2121
104.094997,30.591863,-1,2122
103.62741,30.920696,-1,2123
104.318721,30.861054,43,2124
104.30768,30.865306,165,2125
103.617359,30.978188,-1,2126
103.896503,30.666186,202,2127
104.090722,30.815054,-1,2128
104.059427,30.42573,-1,2129
103.82086,30.659657,-1,2130
103.009053,29.838602,-1,2131
104.235853,30.646604,49,2132
103.923449,30.716708,154,2133
103.969643,30.982158,-1,2134
103.516755,30.392061,-1,2135
104.046935,30.428232,90,2136
104.202011,30.73912,123,2137
104.311612,30.299176,159,2138
103.662399,31.042985,-1,2139
104.201747,30.65925,-1,2140
103.867024,30.535071,240,2141
104.546437,29.503886,-1,2142
103.894836,30.485186,-1,2143
104.070352,30.494311,-1,2144
104.060587,30.650153,18,2145
103.986283,30.332557,-1,2146
104.096302,30.541245,135,2147
104.163673,30.720582,-1,2148
103.45867,30.989289,-1,2149
104.169301,30.741405,56,2150
103.970857,30.650204,105,2151
104.496826,30.493115,-1,2152
104.052098,30.487256,-1,2153
103.989459,30.596561,-1,2154
104.014352,30.510985,-1,2155
104.544446,30.707564,216,2156
103.924278,30.635885,-1,2157
103.975341,30.639561,88,2158
104.076132,30.798597,-1,2159
104.044141,30.445462,25,2160
103.870346,31.040184,-1,2161
103.943515,30.499129,-1,2162
103.886253,30.431194,-1,2163
103.608106,31.066082,-1,2164
104.563996,30.388143,-1,2165
104.182884,30.725357,-1,2166
103.914448,30.63092,96,2167
103.857315,30.285247,-1,2168
104.564169,30.708842,-1,2169
104.366096,30.857311,166,2170
103.883391,30.665929,153,2171
103.949072,30.51533,-1,2172
104.537548,30.365836,236,2173
104.152715,30.781726,225,2174
103.479857,30.427602,276,2175
104.046808,30.449086,-1,2176
103.760784,30.635869,-1,2177
103.962388,30.815491,-1,2178
103.879913,30.404395,184,2179
104.94609,29.178973,-1,2180
104.037811,30.732453,241,2181
103.986936,30.215918,-1,2182
104.531287,30.646233,-1,2183
103.960256,30.602129,-1,2184
104.226285,30.525382,91,2185
103.872427,30.239467,-1,2186
103.037568,29.908417,-1,2187
104.050691,30.476755,125,2188
104.505834,30.506748,-1,2189
103.936425,30.614202,26,2190
103.981446,30.784933,86,2191
104.121361,30.500953,210,2192
104.235326,30.647021,49,2193
104.208544,30.523843,161,2194
104.041073,30.650659,-1,2195
104.302364,30.259098,-1,2196
104.356357,31.094864,-1,2197
104.555279,30.372502,-1,2198
104.235958,30.646914,49,2199
103.963075,30.447885,-1,2200
103.82743,30.919146,-1,2201
104.070027,30.371053,-1,2202
104.065741,30.694212,-1,2203
103.654691,30.926153,79,2204
104.056321,30.45379,-1,2205
104.434643,30.339512,-1,2206
103.97541,30.456089,-1,2207
103.880307,30.604121,-1,2208
104.023231,30.860564,-1,2209
104.333893,30.644287,-1,2210
103.996375,30.709827,-1,2211
104.234958,30.64582,49,2212
103.772392,30.345369,-1,2213
103.74746,30.808775,-1,2214
104.471836,30.862616,-1,2215
104.488759,30.462196,104,2216
103.956786,30.72306,-1,2217
104.076529,30.295775,-1,2218
104.000426,30.61939,-1,2219
104.241872,30.553997,-1,2220
104.190547,30.662069,141,2221
104.076455,30.838318,-1,2222
104.104147,30.41224,-1,2223
104.212973,30.650314,-1,2224
104.041072,30.570902,-1,2225
104.094838,30.229762,-1,2226
104.098856,30.614473,-1,2227
104.098448,30.885093,-1,2228
103.808189,30.205674,-1,2229
103.967296,30.648405,70,2230
103.912152,30.630994,96,2231
103.921003,30.702607,6,2232
104.253981,30.609651,-1,2233
104.106443,30.755015,-1,2234
104.019849,30.544508,-1,2235
104.509215,30.417058,-1,2236
103.83915,30.710286,-1,2237
103.828672,30.465956,-1,2238
103.921976,30.28468,-1,2239
103.953589,30.544025,-1,2240
103.500233,30.510342,-1,2241
103.892772,30.468107,-1,2242
104.066274,30.451109,-1,2243
103.964256,30.478043,193,2244
104.040522,30.616462,-1,2245
104.118079,30.757134,69,2246
104.087051,30.576676,-1,2247
103.968561,30.948286,-1,2248
104.02259,30.523242,-1,2249
104.10672,30.491908,77,2250
103.468286,30.430532,-1,2251
104.071658,30.633536,-1,2252
103.957177,30.034338,-1,2253
104.098967,30.496916,-1,2254
103.847251,30.63815,-1,2255
103.710221,29.19303,-1,2256
104.386239,30.761612,246,2257
103.868749,30.800608,-1,2258
104.018046,30.479749,-1,2259
103.850877,30.444266,-1,2260
104.378349,30.282963,-1,2261
103.8839,30.362851,-1,2262
103.802451,31.250831,-1,2263
104.220755,30.638777,108,2264
104.217396,30.571918,242,2265
103.902322,30.658375,63,2266
103.981211,30.927483,-1,2267
103.686685,30.871882,-1,2268
104.139262,30.692833,-1,2269
103.97611,29.991266,-1,2270
104.139816,30.693944,-1,2271
104.386957,30.846596,-1,2272
103.637219,30.485325,-1,2273
103.849702,30.812811,-1,2274
104.103314,30.80816,-1,2275
103.92147,30.293706,-1,2276
104.217214,30.614388,-1,2277
104.105626,30.452567,-1,2278
104.882576,30.082848,-1,2279
103.716144,30.613192,-1,2280
104.080388,30.244711,-1,2281
103.839568,30.356288,-1,2282
103.554326,30.607601,-1,2283
104.387397,30.307605,-1,2284
104.800922,29.728511,-1,2285
104.570029,30.371989,-1,2286
104.239905,30.634776,-1,2287
104.5331,30.428307,-1,2288
104.105897,30.855306,-1,2289
104.044273,30.445112,25,2290
104.660349,31.131011,-1,2291
104.030154,30.582081,-1,2292
103.97382,31.032166,103,2293
104.396627,31.064992,-1,2294
103.929491,30.941595,-1,2295
103.560034,30.548835,214,2296
104.20265,30.506492,-1,2297
104.168711,30.780928,-1,2298
104.508208,30.617205,-1,2299
102.958418,30.193346,-1,2300
104.533442,29.759684,179,2301
103.811066,30.606537,-1,2302
103.917233,30.683527,28,2303
103.851586,30.988174,-1,2304
104.318671,30.861352,43,2305
103.952734,30.438891,-1,2306
104.174341,30.396231,-1,2307
103.70098,30.397235,-1,2308
103.663763,30.673075,-1,2309
103.839465,30.358534,46,2310
104.124075,30.537957,-1,2311
104.03125,30.858103,127,2312
103.965678,30.384156,-1,2313
104.163168,30.699798,229,2314
104.3117,30.29886,159,2315
103.790145,29.636299,78,2316
103.850126,30.405471,-1,2317
104.870441,29.226171,-1,2318
104.172163,30.715342,-1,2319
104.022024,29.133078,-1,2320
103.536089,30.74465,-1,2321
104.093494,30.442904,227,2322
104.292967,30.680898,-1,2323
103.915836,30.744394,-1,2324
103.52056,30.209637,-1,2325
104.1524,30.634333,-1,2326
103.45847,30.988241,-1,2327
104.177718,30.718958,23,2328
104.030592,30.321689,-1,2329
103.766074,31.192344,-1,2330
103.846432,30.428422,30,2331
104.080004,30.51285,129,2332
104.215081,30.582707,208,2333
104.123992,30.538051,-1,2334
104.060703,31.245444,119,2335
104.01485,30.723373,-1,2336
103.642829,30.943391,2,2337
104.140538,30.827059,192,2338
104.049018,31.247956,-1,2339
104.292138,30.901764,-1,2340
104.112296,30.754575,-1,2341
104.247216,30.55508,-1,2342
103.53431,30.695501,-1,2343
103.763997,30.955757,-1,2344
103.771572,29.471981,-1,2345
103.897368,30.836537,146,2346
104.991023,29.542924,243,2347
103.959641,30.438536,-1,2348
103.921799,30.670546,-1,2349
104.223603,30.794202,57,2350
104.671317,30.055186,-1,2351
104.56406,30.387751,-1,2352
104.107719,30.505678,-1,2353
104.107236,30.608891,-1,2354
104.238029,30.65288,5,2355
103.992892,29.024324,20,2356
103.829307,30.61461,-1,2357
103.88281,30.665943,153,2358
104.104421,30.512447,40,2359
104.886966,30.171812,-1,2360
104.0374,30.357194,-1,2361
103.964572,30.554888,-1,2362
103.921056,30.7026,6,2363
104.088515,30.46613,-1,2364
104.026928,29.111643,-1,2365
104.16529,30.658899,74,2366
104.234804,30.646087,49,2367
104.311106,30.799194,-1,2368
104.304872,30.644809,-1,2369
103.813408,30.632687,34,2370
103.918116,30.684118,28,2371
104.006335,30.592218,168,2372
103.800358,30.574338,-1,2373
103.955556,30.633809,-1,2374
104.069787,30.768346,75,2375
103.870659,30.779117,-1,2376
104.073514,30.686173,-1,2377
104.173067,30.484121,244,2378
103.877183,30.562525,219,2379
104.105869,30.513107,40,2380
104.237437,30.653146,5,2381
104.112161,31.075776,222,2382
104.164221,30.658673,74,2383
104.318543,30.861362,43,2384
104.537165,30.365871,236,2385
102.637157,31.845838,-1,2386
104.634443,30.407099,-1,2387
104.096336,30.538055,-1,2388
103.962577,30.431046,-1,2389
104.574809,30.702956,-1,2390
103.498654,30.568683,116,2391
103.839522,30.338828,-1,2392
103.929102,30.97453,-1,2393
103.988109,30.332272,-1,2394
104.099716,30.524658,-1,2395
104.081377,30.694864,-1,2396
103.671363,30.332803,-1,2397
103.600925,31.0647,186,2398
104.04502,30.445074,25,2399
104.215477,30.821194,245,2400
103.886206,30.431162,-1,2401
103.85148,30.437365,44,2402
104.180679,30.703704,-1,2403
103.850974,30.437298,44,2404
104.309112,30.86524,165,2405
103.828301,31.279688,-1,2406
104.373465,31.047937,-1,2407
104.072165,30.732008,-1,2408
104.154485,30.510636,-1,2409
104.080563,30.513144,129,2410
104.105556,30.5873,55,2411
104.198286,30.660605,-1,2412
104.025811,30.819723,-1,2413
103.744814,30.722415,-1,2414
103.912505,30.630872,96,2415
104.046187,30.552145,-1,2416
104.115822,30.584229,115,2417
104.104666,30.512442,40,2418
104.178654,30.782716,85,2419
104.149077,30.8392,175,2420
104.242499,30.649973,80,2421
104.008697,30.590745,101,2422
104.163956,30.658399,74,2423
103.611815,30.823782,-1,2424
104.451114,30.857315,-1,2425
103.86528,30.346987,-1,2426
103.880907,30.66412,-1,2427
104.185173,30.684263,253,2428
104.242811,30.650605,80,2429
103.960031,30.165879,97,2430
104.029523,31.289661,-1,2431
103.828773,31.281469,-1,2432
104.149494,30.724625,-1,2433
103.995445,30.614921,-1,2434
104.219802,30.686584,-1,2435
103.976105,30.639625,88,2436
103.920299,30.30024,-1,2437
103.992325,30.438497,265,2438
103.817435,30.638427,-1,2439
103.654955,30.92702,79,2440
104.533697,29.759852,179,2441
103.561273,30.62233,-1,2442
104.489379,30.600739,-1,2443
104.474495,30.3474,-1,2444
104.02419,30.560439,-1,2445
103.720387,30.595049,-1,2446
103.94815,30.327163,-1,2447
103.815932,30.712354,-1,2448
104.117181,30.537573,-1,2449
104.409012,31.22099,-1,2450
103.505445,30.197963,-1,2451
104.973048,29.870354,39,2452
104.043733,31.280039,-1,2453
104.207795,30.563635,-1,2454
104.052309,30.246101,137,2455
104.973048,29.870486,39,2456
104.194863,30.738091,-1,2457
103.93968,30.617276,12,2458
103.875939,30.729578,-1,2459
104.135209,30.805852,169,2460
104.394522,30.350226,234,2461
104.037334,30.659734,-1,2462
104.241706,30.768845,-1,2463
104.469198,30.848586,51,2464
104.044272,30.446996,25,2465
103.959942,30.152245,198,2466
104.174865,30.52333,-1,2467
104.048084,30.82831,-1,2468
103.506598,30.74419,-1,2469
103.937548,30.614106,26,2470
103.762328,31.197582,-1,2471
103.870899,30.701783,126,2472
103.909611,30.236115,-1,2473
104.990726,29.542523,243,2474
103.932979,30.662119,-1,2475
103.818909,30.634272,34,2476
104.098083,30.523167,-1,2477
103.718649,30.61463,-1,2478
103.770428,30.431332,-1,2479
104.165722,30.712496,147,2480
103.182317,30.011281,-1,2481
104.489654,30.493552,143,2482
104.389372,30.941887,-1,2483
104.387851,30.761794,246,2484
104.412403,30.345331,-1,2485
103.553232,30.221206,228,2486
103.964423,30.637135,164,2487
103.857826,31.065041,-1,2488
104.115321,30.885115,-1,2489
103.421009,30.337936,-1,2490
104.513155,30.420118,67,2491
103.969304,30.396556,-1,2492
104.148339,30.719867,-1,2493
103.926498,30.805695,-1,2494
104.568017,30.354087,-1,2495
104.119879,30.772909,148,2496
104.10647,30.587407,55,2497
104.205414,30.612926,-1,2498
104.194361,30.587048,-1,2499
103.798396,31.168268,247,2500
104.202536,31.188904,-1,2501
104.168847,30.741626,56,2502
104.142848,30.828486,-1,2503
103.796228,30.569189,-1,2504
103.876276,30.491137,203,2505
104.069819,30.768511,75,2506
103.823576,30.42263,-1,2507
103.917482,30.742864,-1,2508
103.72247,31.198786,-1,2509
103.970482,30.649887,105,2510
103.800333,30.693994,-1,2511
103.83005,30.33526,-1,2512
103.614332,30.867057,-1,2513
103.701824,30.6025,11,2514
103.909211,30.226472,-1,2515
104.432339,30.472435,-1,2516
103.799689,31.166656,-1,2517
104.118359,30.757152,69,2518
103.913737,30.631009,96,2519
103.937613,30.613977,26,2520
104.115832,30.584703,115,2521
103.964343,30.637126,164,2522
104.007706,30.805252,-1,2523
103.908729,30.543398,1,2524
104.118359,30.757194,69,2525
104.21619,30.699662,248,2526
103.851602,30.988126,-1,2527
103.505699,30.558911,249,2528
104.182985,30.717311,72,2529
104.121729,30.764783,-1,2530
104.367816,30.434639,250,2531
104.555643,30.175395,-1,2532
103.682138,31.027734,112,2533
103.676904,30.906289,-1,2534
104.604645,30.223954,-1,2535
104.065151,30.338949,-1,2536
104.044024,30.445761,25,2537
103.858406,30.793821,-1,2538
103.64268,30.590346,-1,2539
104.669374,29.503754,150,2540
103.879913,30.404395,184,2541
104.166695,30.659084,74,2542
104.099598,30.467136,133,2543
104.176801,30.771163,-1,2544
103.691479,30.417517,-1,2545
104.268049,30.650256,-1,2546
104.414947,30.243748,-1,2547
103.929102,30.97453,-1,2548
104.02684,30.647867,-1,2549
104.078845,30.359621,-1,2550
104.093132,30.581651,14,2551
104.087796,30.548162,-1,2552
104.111925,30.518903,-1,2553
104.144989,30.806097,-1,2554
104.066754,30.842771,-1,2555
103.901632,30.8344,89,2556
104.285849,30.696387,196,2557
104.318768,30.860989,43,2558
104.254832,30.859123,110,2559
104.065006,30.514631,-1,2560
103.993056,30.435391,-1,2561
103.935267,30.905531,66,2562
104.056632,30.399153,-1,2563
103.983968,30.453958,-1,2564
104.010894,30.556957,-1,2565
104.00415,30.50816,-1,2566
103.99532,30.250021,-1,2567
104.539174,31.859631,33,2568
104.228014,30.788089,-1,2569
103.873368,30.778576,185,2570
104.106184,30.522995,-1,2571
104.358076,30.661499,-1,2572
104.391312,30.48876,-1,2573
104.226785,30.80342,-1,2574
103.963059,30.448017,-1,2575
103.67885,30.904113,-1,2576
103.255925,30.555324,-1,2577
103.474815,30.431731,16,2578
104.12294,30.76884,-1,2579
104.412203,30.344681,-1,2580
104.020459,29.139313,134,2581
104.798114,29.738593,-1,2582
103.818796,30.465859,-1,2583
103.967388,30.648568,70,2584
104.178012,30.719091,23,2585
104.124925,30.769422,226,2586
104.178989,30.783366,85,2587
104.311636,30.298818,159,2588
103.888457,30.55682,64,2589
103.861386,30.804204,60,2590
104.097333,30.584863,-1,2591
104.17481,30.715289,53,2592
104.069678,30.690519,251,2593
104.487491,30.492908,143,2594
104.138801,30.716452,-1,2595
104.199109,30.599267,-1,2596
103.993614,30.328811,-1,2597
103.903758,30.676424,158,2598
104.111923,30.587061,-1,2599
103.437395,30.617455,-1,2600
102.958418,30.193364,-1,2601
104.667538,30.069897,-1,2602
104.387178,30.302574,-1,2603
104.250407,30.775715,-1,2604
103.796344,29.43458,-1,2605
103.940557,30.615464,12,2606
104.29203,30.812776,-1,2607
104.044272,30.446996,25,2608
104.092664,30.443401,227,2609
103.823488,30.647592,-1,2610
104.336064,30.713167,-1,2611
104.508208,30.617205,-1,2612
103.620824,30.884436,-1,2613
103.533955,30.583755,-1,2614
104.320489,30.277966,224,2615
103.888759,30.556896,64,2616
104.190345,30.5141,-1,2617
103.77112,30.343143,-1,2618
103.892649,30.397801,-1,2619
103.971413,30.650074,105,2620
104.041347,30.593353,170,2621
103.981051,30.785285,86,2622
103.838798,30.31582,-1,2623
103.857826,31.065041,-1,2624
103.862199,30.710414,-1,2625
103.964376,30.478062,193,2626
104.597732,30.699625,-1,2627
104.253116,30.773876,-1,2628
103.694322,30.704909,-1,2629
103.592307,30.851025,-1,2630
104.058352,30.64859,273,2631
103.966017,30.936736,-1,2632
103.995899,30.613079,157,2633
104.137712,30.582787,-1,2634
104.569149,30.37184,-1,2635
104.389664,30.310307,-1,2636
103.897657,30.493143,-1,2637
104.237939,30.652723,5,2638
104.178762,30.782662,85,2639
104.022452,30.500874,-1,2640
104.103357,30.46936,-1,2641
103.912691,30.824683,98,2642
103.722925,30.800429,-1,2643
104.208558,30.523979,161,2644
103.9034,30.662472,-1,2645
103.875101,30.707398,-1,2646
104.389424,30.761982,246,2647
104.191914,30.927741,-1,2648
103.957203,30.660439,162,2649
103.64701,30.935497,-1,2650
104.536973,30.365818,236,2651
103.794301,30.937693,-1,2652
104.189579,30.772516,-1,2653
103.95712,30.72327,-1,2654
104.481593,30.460835,-1,2655
104.187879,30.874994,-1,2656
103.912217,30.631057,96,2657
104.065187,30.447201,252,2658
104.182243,30.683506,-1,2659
104.185664,30.684698,253,2660
103.531459,31.405262,-1,2661
104.081815,30.722543,-1,2662
103.945073,30.943685,-1,2663
103.939824,30.620884,205,2664
104.02208,29.110529,-1,2665
104.399522,30.30076,-1,2666
103.920979,30.703083,6,2667
103.687558,30.616392,-1,2668
104.069111,30.686188,-1,2669
104.237689,30.653327,5,2670
103.554794,30.533423,-1,2671
103.952381,30.428056,171,2672
103.807568,29.677883,-1,2673
104.001022,30.762733,-1,2674
104.051437,30.54128,58,2675
104.174339,30.718007,-1,2676
104.084786,30.45531,254,2677
104.002195,30.74785,-1,2678
104.132482,30.396,-1,2679
104.104799,30.495128,-1,2680
103.585174,30.503174,-1,2681
104.069583,31.247665,-1,2682
103.90293,30.658441,63,2683
103.562604,30.746184,-1,2684
104.332268,30.355695,-1,2685
104.68463,30.884617,-1,2686
104.005689,30.51494,-1,2687
103.93774,30.619074,114,2688
103.971031,30.650531,105,2689
104.312682,30.874518,255,2690
104.112425,30.753071,38,2691
104.034228,30.715216,-1,2692
104.424081,30.605849,-1,2693
103.889432,30.383735,-1,2694
103.707155,29.08893,-1,2695
103.738042,30.511395,27,2696
104.190616,30.683761,-1,2697
103.972107,30.436385,-1,2698
103.935265,30.905791,66,2699
103.876163,30.664307,-1,2700
103.921099,30.702871,6,2701
103.833355,30.939829,-1,2702
104.182771,30.486506,-1,2703
104.857993,29.741175,128,2704
104.006335,30.592218,168,2705
103.096914,30.064286,-1,2706
104.043582,30.446637,25,2707
104.196933,30.59016,-1,2708
103.535945,30.742564,120,2709
104.582613,30.115497,-1,2710
103.936162,30.917307,-1,2711
103.687206,30.629231,-1,2712
103.591574,30.742151,-1,2713
103.998347,30.686953,-1,2714
104.052384,30.474037,-1,2715
104.508208,30.617205,-1,2716
103.901448,30.642432,-1,2717
103.504085,31.262404,-1,2718
104.390984,30.284137,212,2719
104.04752,30.428986,90,2720
104.008658,30.518777,-1,2721
104.140635,30.827373,192,2722
104.404944,30.346599,-1,2723
103.70157,30.602534,11,2724
104.184446,30.53084,-1,2725
104.041407,30.248476,-1,2726
104.118263,30.756868,69,2727
103.864885,30.77809,-1,2728
104.272758,30.814596,-1,2729
104.195445,30.595662,-1,2730
104.102276,30.511806,-1,2731
103.967232,30.648524,70,2732
104.200272,30.527468,-1,2733
104.099198,30.495978,-1,2734
104.126544,30.599299,-1,2735
103.968194,30.812256,-1,2736
103.875086,30.830605,-1,2737
104.139905,30.412028,-1,2738
104.024139,30.560292,-1,2739
104.055953,30.794899,-1,2740
104.256138,30.522635,-1,2741
104.324369,30.936434,-1,2742
104.196744,30.730989,-1,2743
104.498884,30.490758,151,2744
104.087071,30.576706,-1,2745
104.032861,30.858242,127,2746
104.886966,30.171812,-1,2747
104.226616,30.792496,15,2748
104.069966,30.768698,75,2749
103.871337,30.600176,-1,2750
103.940096,30.998894,237,2751
104.220768,30.63892,108,2752
104.502344,30.341275,-1,2753
103.88549,31.02851,-1,2754
104.168986,30.532168,-1,2755
104.225987,30.643955,-1,2756
104.16516,30.659016,74,2757
104.529807,30.648706,-1,2758
103.497392,30.567279,-1,2759
103.670482,30.563602,-1,2760
103.800428,30.830794,-1,2761
104.015378,29.1422,-1,2762
104.002671,30.69719,-1,2763
104.43911,30.980689,-1,2764
104.073297,30.694985,270,2765
103.976761,30.589535,-1,2766
103.988264,30.62749,-1,2767
104.508408,30.348115,-1,2768
103.943611,30.507678,-1,2769
104.597732,30.699625,-1,2770
103.944803,30.627028,-1,2771
103.826549,30.422318,-1,2772
104.098667,30.885115,-1,2773
104.240443,30.801994,-1,2774
104.176993,30.950747,-1,2775
103.871116,30.402704,-1,2776
104.393147,30.293627,-1,2777
103.890559,30.4317,-1,2778
104.280302,30.646331,-1,2779
103.861334,30.803818,60,2780
103.818104,30.634124,34,2781
103.919154,30.243792,-1,2782
103.967505,30.648265,70,2783
104.213815,30.651644,160,2784
104.771352,30.858939,-1,2785
104.535917,30.366703,-1,2786
104.456763,30.826658,-1,2787
104.254857,30.579479,-1,2788
104.196814,30.731152,-1,2789
104.54075,30.723764,-1,2790
103.981692,30.78512,86,2791
104.131063,30.670899,117,2792
104.091695,30.433877,-1,2793
104.518939,30.354853,-1,2794
104.25215,29.022551,-1,2795
103.808444,30.401603,-1,2796
103.974583,30.930225,-1,2797
103.887368,30.572246,-1,2798
104.30884,30.865597,165,2799
104.172056,30.659243,8,2800
103.652395,30.92845,-1,2801
104.509013,30.417209,-1,2802
103.676527,30.900417,-1,2803
103.941191,30.919414,-1,2804
103.726174,30.559429,279,2805
104.398987,30.334264,-1,2806
104.586528,30.73458,256,2807
104.090965,30.559726,-1,2808
104.244924,30.645816,68,2809
104.007648,30.561093,-1,2810
103.839047,30.356141,-1,2811
104.050828,30.478319,-1,2812
103.920784,30.23809,-1,2813
104.1347,30.805968,169,2814
103.887423,30.479623,-1,2815
104.870793,29.226287,-1,2816
104.443434,30.354901,-1,2817
103.980248,30.4086,-1,2818
104.315708,30.303021,118,2819
103.698092,30.404175,-1,2820
103.696027,31.015551,-1,2821
103.628134,30.7275,62,2822
103.923327,30.717083,154,2823
104.165226,30.658881,74,2824
104.044106,30.448853,-1,2825
103.760058,30.665932,-1,2826
104.249146,30.772542,76,2827
104.050828,30.478319,-1,2828
104.093593,30.444136,227,2829
104.105227,30.586258,55,2830
103.851379,30.43889,-1,2831
103.239611,30.375429,-1,2832
103.595364,30.291805,-1,2833
103.97452,30.543015,-1,2834
104.973483,29.871155,39,2835
104.226503,30.849114,-1,2836
103.995701,30.531398,-1,2837
102.996836,30.336897,-1,2838
104.055102,30.730044,-1,2839
104.060297,30.452322,-1,2840
104.158652,30.67107,-1,2841
104.136381,30.407862,-1,2842
103.949182,30.467405,-1,2843
103.920977,30.966582,-1,2844
104.236539,30.709589,-1,2845
104.249136,30.538024,-1,2846
103.785992,30.651842,-1,2847
103.812167,30.632125,34,2848
104.243156,30.64555,68,2849
104.286298,30.679287,-1,2850
104.099565,30.466986,133,2851
103.902269,30.662566,-1,2852
104.161725,30.683054,-1,2853
104.121521,30.539618,-1,2854
104.061514,30.418937,257,2855
104.495588,30.47106,258,2856
103.879173,30.463671,-1,2857
103.973742,30.737719,47,2858
103.89155,30.777484,-1,2859
103.912647,30.630952,96,2860
104.109657,30.562382,17,2861
104.312169,30.646054,-1,2862
104.161717,30.599853,144,2863
103.872864,30.773856,-1,2864
104.068389,30.644324,-1,2865
104.991023,29.542924,243,2866
104.540563,30.703667,-1,2867
103.452527,30.374278,-1,2868
103.875992,30.650159,-1,2869
104.426695,30.980006,-1,2870
104.292669,30.391616,-1,2871
104.24749,29.016451,-1,2872
104.096201,30.541973,135,2873
104.176886,30.701596,-1,2874
103.586066,30.388325,-1,2875
104.50103,30.473897,-1,2876
104.044852,30.940837,-1,2877
104.187597,30.729721,-1,2878
104.053123,30.454302,-1,2879
104.209904,30.740775,-1,2880
103.905242,31.002033,-1,2881
104.285873,30.696379,196,2882
104.095382,30.444178,-1,2883
103.958271,30.662367,259,2884
103.653117,30.920365,238,2885
104.284979,31.003068,-1,2886
103.69977,29.094363,-1,2887
104.278944,29.937095,-1,2888
104.223977,30.566264,21,2889
104.062417,30.497373,-1,2890
104.361361,30.425794,-1,2891
103.922889,29.921566,-1,2892
103.601581,30.831096,-1,2893
104.473232,30.434729,-1,2894
104.092347,30.695842,-1,2895
103.897036,30.691276,-1,2896
103.302287,30.580902,-1,2897
104.160562,30.643683,-1,2898
104.156331,30.643653,-1,2899
104.115121,30.466695,-1,2900
103.942174,30.847709,-1,2901
103.891953,30.478548,-1,2902
104.201213,30.733601,-1,2903
104.064669,30.666328,-1,2904
103.970766,30.650468,105,2905
104.28211,30.322577,-1,2906
103.988521,30.332093,-1,2907
103.967714,30.648516,70,2908
103.954617,30.60499,-1,2909
104.17098,30.615209,145,2910
104.524898,30.647841,-1,2911
104.172955,30.484238,244,2912
104.069656,30.690631,251,2913
104.054385,30.654412,102,2914
103.770211,30.692761,-1,2915
104.400875,30.310662,-1,2916
104.105919,30.580572,-1,2917
104.318671,30.861352,43,2918
103.781911,30.675999,-1,2919
103.72901,30.333461,-1,2920
103.737744,31.017018,-1,2921
103.94788,30.545745,-1,2922
104.118832,30.756788,69,2923
104.049387,30.476792,125,2924
104.11007,30.620942,-1,2925
104.226131,30.644311,-1,2926
104.061318,30.492493,-1,2927
103.973473,30.578705,106,2928
104.168941,30.741146,56,2929
103.86131,30.804008,60,2930
104.516684,30.621749,-1,2931
103.466152,30.441781,-1,2932
104.215493,30.821176,245,2933
104.044852,30.940837,-1,2934
103.904637,30.73237,-1,2935
104.318495,30.861262,43,2936
104.009491,30.480762,277,2937
103.879442,30.404396,184,2938
103.969499,30.982019,-1,2939
104.462386,31.234167,-1,2940
103.84622,30.428053,30,2941
104.102632,30.533256,-1,2942
104.035923,30.447795,-1,2943
104.870793,29.226287,-1,2944
103.818468,31.766555,-1,2945
103.934404,30.322668,-1,2946
104.131141,30.960663,-1,2947
103.806566,30.923236,-1,2948
103.815267,30.633271,34,2949
103.661027,30.961054,41,2950
104.14605,31.492663,-1,2951
104.30171,31.004942,-1,2952
104.378413,30.282913,-1,2953
103.977377,30.68837,113,2954
104.321627,31.116796,-1,2955
104.235262,30.646827,49,2956
104.378983,30.292528,-1,2957
104.089908,30.710804,-1,2958
103.98465,30.453994,-1,2959
103.824225,30.422783,-1,2960
103.705127,30.841366,-1,2961
104.660349,31.131077,-1,2962
103.970414,30.650242,105,2963
104.212299,30.884649,-1,2964
103.348319,30.419084,-1,2965
104.504061,30.636794,-1,2966
104.508994,30.354382,180,2967
104.177825,30.719085,23,2968
104.182833,30.834302,-1,2969
104.224791,30.793652,15,2970
104.183259,30.710607,95,2971
104.043903,30.446095,25,2972
104.140039,30.825793,-1,2973
104.202997,30.726005,31,2974
104.312546,30.289534,-1,2975
104.09524,30.540743,135,2976
104.242772,30.650284,80,2977
103.824941,30.581577,-1,2978
104.308721,30.865093,165,2979
103.655233,30.895172,-1,2980
104.393235,30.283424,212,2981
104.001583,30.597531,-1,2982
104.16318,30.700086,229,2983
103.908104,30.66054,-1,2984
104.074936,30.32095,-1,2985
104.631537,30.872119,45,2986
104.134648,30.945915,-1,2987
103.908687,30.543387,1,2988
103.816138,30.486085,-1,2989
103.954997,30.663108,-1,2990
104.167067,30.636696,-1,2991
104.070635,31.248178,-1,2992
104.208821,30.524132,161,2993
104.48876,30.493437,143,2994
104.050016,30.476818,125,2995
103.859348,30.827346,93,2996
104.022422,30.540497,-1,2997
104.075565,30.238738,22,2998
104.235376,30.332901,-1,2999
104.037453,30.479472,-1,3000
103.84677,30.438019,149,3001
103.992149,30.438351,265,3002
104.317306,30.302504,-1,3003
103.882813,30.665916,153,3004
104.133712,30.399282,-1,3005
104.108307,30.556467,-1,3006
103.915922,30.86513,-1,3007
104.320489,29.735675,-1,3008
104.160238,30.013503,-1,3009
103.736874,30.51107,-1,3010
103.147253,30.461352,-1,3011
103.959902,30.152012,198,3012
104.280702,30.646343,-1,3013
104.164327,30.383797,139,3014
104.509218,30.352495,180,3015
103.985211,30.723212,-1,3016
104.13079,30.684822,-1,3017
104.631065,30.35972,-1,3018
103.66171,30.919948,-1,3019
104.019127,29.138972,134,3020
104.082073,30.464536,-1,3021
103.777152,30.636727,-1,3022
103.975936,30.359727,-1,3023
104.033873,30.447969,-1,3024
103.748364,30.716941,-1,3025
104.077231,30.230823,-1,3026
104.530241,30.635767,-1,3027
103.667367,30.918656,-1,3028
103.551492,30.219075,-1,3029
104.424824,30.473983,260,3030
104.083662,30.461016,-1,3031
104.877306,30.285882,-1,3032
103.66198,30.397813,-1,3033
104.202753,30.725866,31,3034
103.806462,31.121398,-1,3035
103.959634,30.517214,130,3036
103.795269,31.234252,-1,3037
103.604325,30.827478,-1,3038
104.118351,30.757184,69,3039
104.108043,30.420557,-1,3040
103.686883,30.629142,-1,3041
104.203273,30.725924,31,3042
104.318663,30.861112,43,3043
103.433244,30.397028,-1,3044
104.159709,30.696139,-1,3045
103.819298,30.633446,34,3046
104.393115,30.283756,212,3047
104.164485,30.658618,74,3048
103.12946,30.094024,-1,3049
104.270162,30.728429,-1,3050
104.169203,30.710521,-1,3051
104.014377,31.067035,-1,3052
104.268819,31.015451,-1,3053
104.225566,30.791389,15,3054
103.877846,30.178782,-1,3055
104.031806,30.3215,-1,3056
103.817533,30.633978,34,3057
104.309215,30.865448,165,3058
104.521573,30.429634,199,3059
104.107826,30.587694,55,3060
103.498097,30.550881,-1,3061
103.989081,30.819423,-1,3062
103.861427,30.445871,121,3063
104.051523,30.476639,125,3064
104.168919,30.741531,56,3065
104.229806,30.647871,-1,3066
104.023667,30.542035,-1,3067
104.085848,30.38469,-1,3068
104.202671,30.725977,31,3069
104.126518,30.715736,-1,3070
104.094148,30.518605,-1,3071
104.14114,30.645276,0,3072
103.489755,30.184678,-1,3073
104.235789,30.64615,49,3074
103.9861,30.332406,-1,3075
104.021561,30.861852,-1,3076
104.804237,30.148626,-1,3077
103.4522,30.374392,-1,3078
103.532428,30.620954,-1,3079
104.396211,30.896429,-1,3080
104.386352,30.913183,-1,3081
103.967075,31.00506,-1,3082
104.191896,30.660566,-1,3083
103.95126,30.55398,-1,3084
104.116098,30.452143,-1,3085
104.265465,30.858385,-1,3086
104.183892,30.786892,-1,3087
104.268663,30.578993,29,3088
103.841394,30.344467,-1,3089
103.6546,30.294819,-1,3090
103.777404,30.894726,-1,3091
104.136555,30.712919,-1,3092
104.069636,30.690763,251,3093
104.202515,30.726036,31,3094
104.108601,30.543624,-1,3095
104.807699,30.837698,-1,3096
104.118735,30.756701,69,3097
103.935373,30.905664,66,3098
104.433129,30.8465,-1,3099
103.559243,30.547832,214,3100
103.659288,30.923165,-1,3101
103.4776,30.428757,-1,3102
104.237949,30.652738,5,3103
104.231931,30.639404,156,3104
103.667041,30.916417,-1,3105
104.331365,30.644337,-1,3106
104.125282,30.769282,226,3107
103.937074,30.61322,26,3108
103.952252,30.428126,171,3109
104.066096,30.843244,-1,3110
103.941298,30.603639,-1,3111
104.069705,30.768183,75,3112
104.66204,31.092243,173,3113
104.04136,30.593401,170,3114
103.958236,30.663193,259,3115
103.847263,30.667683,-1,3116
104.272827,30.326258,-1,3117
104.139473,30.8259,-1,3118
104.247657,30.576656,-1,3119
103.923729,30.298893,-1,3120
104.319802,30.687924,-1,3121
104.38066,30.879842,-1,3122
104.326652,30.860311,155,3123
104.041132,30.557117,-1,3124
104.072255,30.429222,-1,3125
104.804077,30.152377,187,3126
104.514037,30.352218,-1,3127
104.43978,31.153017,-1,3128
104.162189,30.685553,-1,3129
104.221563,30.738751,-1,3130
104.052496,30.474037,-1,3131
104.084154,30.455583,254,3132
103.921086,30.703153,6,3133
103.535725,29.94796,-1,3134
104.039898,30.582518,261,3135
103.457273,30.430583,-1,3136
104.182771,30.486506,-1,3137
104.323433,30.644954,131,3138
103.700792,30.709106,-1,3139
104.203317,30.725851,31,3140
103.817626,30.637971,-1,3141
103.671017,30.90404,-1,3142
104.398987,30.334264,-1,3143
103.882978,30.665943,153,3144
104.152834,30.781694,225,3145
104.044192,30.445596,25,3146
103.860444,30.837357,-1,3147
103.921166,30.703174,6,3148
103.932485,30.872434,-1,3149
104.044622,30.76167,-1,3150
103.967833,30.63362,-1,3151
104.065345,30.43893,-1,3152
104.922798,30.277186,-1,3153
104.168874,30.740863,56,3154
104.046873,30.428469,90,3155
104.168104,30.386607,-1,3156
103.994693,30.615578,-1,3157
103.926695,30.947091,-1,3158
103.557286,30.351322,-1,3159
103.425232,30.37838,-1,3160
103.876787,30.174173,-1,3161
104.046877,30.428429,90,3162
104.547737,30.691193,-1,3163
104.140651,30.827241,192,3164
104.318663,30.861112,43,3165
104.109615,30.504661,191,3166
104.007965,30.231264,-1,3167
104.010749,30.557121,-1,3168
103.898958,30.744315,-1,3169
103.883299,30.665991,153,3170
104.08232,30.577364,52,3171
103.951042,31.011955,-1,3172
103.759048,31.19008,-1,3173
104.188569,30.738416,-1,3174
104.053001,30.458766,-1,3175
104.052664,30.465385,-1,3176
103.772761,30.345133,-1,3177
103.921943,30.293541,-1,3178
103.459949,30.747,84,3179
103.884187,30.735541,-1,3180
104.04639,30.787386,-1,3181
104.170625,30.665743,-1,3182
103.981605,30.785017,86,3183
103.966564,30.81348,-1,3184
103.953486,30.660272,-1,3185
103.923547,30.716938,154,3186
104.257251,30.530588,-1,3187
104.204591,30.731128,140,3188
103.837519,30.360159,46,3189
104.349362,30.360466,-1,3190
103.557604,30.533214,-1,3191
104.240815,30.544411,-1,3192
103.70165,30.602566,11,3193
104.19061,30.662233,141,3194
104.3117,30.29886,159,3195
104.054309,30.654296,102,3196
104.491161,31.327034,-1,3197
103.83282,30.549607,-1,3198
103.959952,30.517379,130,3199
104.202911,30.725971,31,3200
104.097662,30.46085,-1,3201
104.040358,30.880132,-1,3202
104.010995,30.736423,-1,3203
104.071155,30.675193,-1,3204
104.085177,30.238394,-1,3205
104.083277,30.577614,52,3206
104.178574,30.782548,85,3207
103.798297,31.168016,247,3208
104.224838,30.793888,15,3209
103.876222,30.221294,-1,3210
104.112923,30.578923,19,3211
103.561304,30.74872,181,3212
104.140598,30.611748,-1,3213
103.914185,30.70939,-1,3214
104.021858,31.377383,-1,3215
104.110455,30.509007,24,3216
104.569437,30.37199,-1,3217
104.056569,30.42825,138,3218
103.674546,30.902344,-1,3219
104.410213,30.758578,83,3220
103.987156,30.457322,-1,3221
103.096354,30.064369,-1,3222
103.893004,30.513875,54,3223
103.825188,30.581871,-1,3224
104.079388,30.45429,-1,3225
104.094167,30.561074,-1,3226
104.073672,30.376201,-1,3227
104.544454,30.707005,216,3228
104.493698,30.471052,-1,3229
103.766012,31.194827,-1,3230
104.267872,30.855633,-1,3231
104.523017,30.430303,199,3232
104.14605,31.492663,-1,3233
103.996896,30.907936,-1,3234
104.122786,30.637461,-1,3235
104.510383,30.349034,-1,3236
104.212222,30.586686,-1,3237
103.736412,30.990679,-1,3238
104.191671,30.618415,-1,3239
104.062086,30.666977,-1,3240
103.648885,30.335714,-1,3241
104.997467,29.654328,-1,3242
104.111524,30.575753,-1,3243
103.742182,30.694026,-1,3244
104.471836,30.862616,-1,3245
104.213815,30.651402,160,3246
104.060268,30.59693,-1,3247
104.204623,30.730778,140,3248
104.397617,30.824157,-1,3249
104.031337,30.857959,127,3250
104.074994,30.746183,-1,3251
103.828983,30.927445,-1,3252
103.912605,30.824748,98,3253
104.2211,30.63892,108,3254
104.033814,30.465306,-1,3255
104.084472,30.577381,52,3256
104.08446,30.57813,52,3257
104.30884,30.865597,165,3258
104.502918,30.41916,-1,3259
104.039358,30.359441,124,3260
104.720781,30.398141,-1,3261
104.36562,30.789681,-1,3262
104.261369,31.078775,-1,3263
103.965668,30.434576,-1,3264
104.046614,30.428063,90,3265
103.681527,30.597292,211,3266
104.003825,30.704263,-1,3267
103.992883,30.175411,-1,3268
103.653238,30.894018,-1,3269
104.135277,30.374808,-1,3270
103.888177,30.556246,64,3271
103.996604,30.426507,-1,3272
103.858982,30.827673,93,3273
103.937074,30.61322,26,3274
103.800416,30.63935,-1,3275
103.84013,30.35989,46,3276
103.883517,30.665886,153,3277
103.866054,30.304513,-1,3278
103.920828,30.23306,-1,3279
104.169048,30.741386,56,3280
104.18285,30.792193,-1,3281
103.889114,30.38405,-1,3282
103.999406,30.428882,-1,3283
103.851618,30.988108,-1,3284
103.679907,31.136051,-1,3285
104.096011,30.45859,-1,3286
104.082405,30.577491,52,3287
103.952276,31.000131,-1,3288
104.089574,30.430175,-1,3289
104.973546,29.871055,39,3290
103.723576,30.660443,-1,3291
104.086013,30.456733,262,3292
103.861899,30.804365,60,3293
104.040896,30.118521,-1,3294
104.080665,30.816974,-1,3295
104.344538,30.827977,-1,3296
104.485748,30.444371,-1,3297
104.462386,31.234167,-1,3298
103.853488,31.062417,-1,3299
103.897297,30.836419,146,3300
104.504741,30.344642,-1,3301
103.531014,30.561986,-1,3302
104.174875,30.728595,-1,3303
104.255423,30.859739,110,3304
104.191862,30.789929,-1,3305
104.229314,30.704371,-1,3306
104.255569,30.85492,-1,3307
104.204727,30.731128,140,3308
104.237961,30.65288,5,3309
103.870468,30.630671,-1,3310
103.830552,30.660337,-1,3311
104.247745,30.603247,-1,3312
104.678884,30.880054,-1,3313
103.530963,30.405846,-1,3314
104.224738,30.793944,15,3315
103.837275,30.357564,-1,3316
104.412495,30.943657,-1,3317
104.160379,30.655456,-1,3318
103.648754,30.477086,-1,3319
104.617824,30.391263,-1,3320
103.899238,30.745772,-1,3321
104.178963,30.521539,-1,3322
104.177879,30.719005,23,3323
104.508659,30.354565,180,3324
103.653975,30.896987,-1,3325
104.063532,30.633312,263,3326
104.213006,30.888472,-1,3327
104.234814,30.64602,49,3328
104.49873,30.428275,-1,3329
104.010873,30.442308,-1,3330
103.581276,30.393651,-1,3331
104.023328,30.51532,-1,3332
104.036508,30.650897,-1,3333
103.954512,30.570558,-1,3334
104.380211,31.009577,-1,3335
103.552849,30.220923,228,3336
104.146005,30.88598,-1,3337
103.87584,30.483314,-1,3338
103.940249,30.614258,213,3339
103.927055,30.321004,-1,3340
104.093576,30.581398,14,3341
104.487672,30.427641,-1,3342
104.227181,30.789003,-1,3343
104.155429,30.521529,-1,3344
103.860222,30.836968,-1,3345
103.72694,30.593865,-1,3346
104.221466,30.544475,-1,3347
104.199186,30.672005,-1,3348
104.054354,30.243361,-1,3349
104.072242,30.424653,-1,3350
104.099702,30.499005,-1,3351
104.153598,30.615907,-1,3352
104.234542,30.645953,49,3353
104.17361,30.659731,8,3354
104.37819,30.313582,-1,3355
103.797698,31.241002,-1,3356
103.828728,30.935667,-1,3357
104.310021,31.126764,-1,3358
103.644331,30.928307,-1,3359
104.176104,30.715394,53,3360
103.527459,30.322787,-1,3361
103.936133,30.905682,66,3362
104.501277,30.483927,-1,3363
103.835701,30.520058,-1,3364
104.093167,30.581719,14,3365
103.696027,31.01555,-1,3366
104.196123,30.527505,-1,3367
104.090413,30.741747,178,3368
104.164495,30.395149,-1,3369
104.482377,30.49167,-1,3370
104.009356,30.652326,-1,3371
103.937555,30.614037,26,3372
104.269374,30.352152,-1,3373
104.104459,30.716622,-1,3374
104.22149,30.638985,108,3375
104.122545,30.511939,-1,3376
104.152846,30.844963,-1,3377
104.667188,30.126395,-1,3378
104.175827,30.71517,53,3379
103.483645,31.332439,188,3380
103.952492,30.795688,264,3381
103.942827,30.334906,-1,3382
104.312806,30.298468,159,3383
104.239429,30.833529,-1,3384
103.813691,31.655578,-1,3385
103.819491,30.665474,-1,3386
103.843797,30.726245,-1,3387
103.937523,30.614069,26,3388
103.746792,30.498555,-1,3389
104.235918,30.646274,49,3390
104.500337,30.33897,107,3391
103.846692,30.43785,149,3392
103.478501,30.42776,276,3393
103.790401,30.666442,-1,3394
104.095162,30.540778,135,3395
104.071699,30.677367,-1,3396
104.076734,30.624292,-1,3397
104.094365,30.523318,-1,3398
103.867127,30.534993,240,3399
103.940233,30.616542,12,3400
103.916958,30.386516,-1,3401
104.059554,30.416582,-1,3402
103.46364,30.748972,-1,3403
103.879709,30.78471,-1,3404
104.028716,30.474374,-1,3405
103.952644,30.427638,171,3406
104.015305,29.138347,-1,3407
104.263058,30.948742,-1,3408
104.038512,30.712858,-1,3409
104.105421,30.560425,-1,3410
103.858068,31.065242,-1,3411
103.766862,30.039487,-1,3412
104.222724,30.67565,-1,3413
104.148489,30.704765,-1,3414
103.849513,30.795626,-1,3415
104.55538,30.352994,182,3416
104.168414,30.661838,-1,3417
104.111289,30.571288,-1,3418
104.164527,30.744006,-1,3419
104.973361,29.870805,39,3420
103.961604,30.369916,-1,3421
103.93202,30.547798,-1,3422
104.309534,31.006795,-1,3423
103.441705,30.751192,-1,3424
104.118191,30.75703,69,3425
103.861577,30.796783,-1,3426
104.323821,30.645089,131,3427
103.86131,30.804008,60,3428
104.164691,30.658348,74,3429
104.522666,30.430038,199,3430
103.498696,30.176367,-1,3431
104.225801,30.790648,15,3432
103.660892,30.960659,41,3433
104.279073,29.937077,-1,3434
104.193528,30.734832,-1,3435
104.070807,30.545055,-1,3436
104.125999,30.894223,-1,3437
103.912468,30.226325,-1,3438
104.112975,30.579139,19,3439
103.732083,30.707574,-1,3440
104.104173,30.827691,-1,3441
103.872612,30.779209,185,3442
103.830153,30.647076,-1,3443
104.124659,30.769111,226,3444
104.020956,29.139432,134,3445
103.802846,30.398536,-1,3446
104.029365,30.479444,-1,3447
103.614059,30.964695,-1,3448
104.524122,30.359332,-1,3449
104.386785,30.761423,246,3450
104.151197,30.444573,-1,3451
104.118279,30.756937,69,3452
103.717436,30.609221,-1,3453
104.220754,30.638906,108,3454
103.893087,30.447306,220,3455
103.794907,29.641844,-1,3456
103.914335,30.675626,200,3457
104.13566,30.711923,-1,3458
103.991165,30.434755,-1,3459
104.177963,30.71901,23,3460
103.766639,31.190496,-1,3461
104.061824,30.380044,-1,3462
103.980774,30.827119,-1,3463
103.858113,30.285757,-1,3464
103.970295,30.650291,105,3465
104.235278,30.64667,49,3466
103.818505,30.634227,34,3467
104.393235,30.283424,212,3468
103.998063,30.757823,174,3469
104.155305,30.606395,-1,3470
103.87984,30.358003,-1,3471
104.059346,30.426953,-1,3472
103.975337,30.438982,-1,3473
103.654955,30.92702,79,3474
104.573193,30.339564,-1,3475
104.080041,30.51252,129,3476
103.904695,30.370261,-1,3477
104.015525,30.50911,-1,3478
104.296183,30.993824,-1,3479
104.643338,29.784464,-1,3480
103.909892,30.544505,1,3481
103.884837,30.388686,206,3482
103.959902,30.152012,198,3483
104.203502,30.725987,31,3484
104.185071,30.718455,163,3485
104.106784,30.491334,77,3486
104.154426,30.602026,-1,3487
103.912605,30.824748,98,3488
103.983373,30.412214,-1,3489
104.178574,30.782548,85,3490
104.079549,30.513671,129,3491
103.643455,30.470112,-1,3492
104.202911,30.725907,31,3493
104.235738,30.646393,49,3494
104.168857,30.532071,-1,3495
104.055691,30.763248,37,3496
103.964757,30.636924,164,3497
103.761982,30.394571,-1,3498
103.952189,30.553997,-1,3499
104.576921,30.730119,-1,3500
103.972115,30.542253,201,3501
103.714002,30.526497,194,3502
104.244687,30.645486,68,3503
104.092074,30.46192,-1,3504
103.813467,30.632739,34,3505
103.46145,30.748663,-1,3506
104.80444,30.152427,187,3507
103.794181,30.446333,-1,3508
103.87274,30.779325,185,3509
103.452058,30.374195,-1,3510
103.923041,30.717228,154,3511
104.21525,30.582782,208,3512
103.710618,30.589389,-1,3513
103.973465,30.66443,-1,3514
104.311612,30.299176,159,3515
104.090263,30.740431,178,3516
104.281187,30.646331,-1,3517
104.069828,30.759292,-1,3518
104.94294,30.284728,-1,3519
104.236393,30.646783,49,3520
104.509632,30.352578,180,3521
103.935548,30.9055,66,3522
103.830791,30.91869,-1,3523
104.236037,30.646438,49,3524
104.99071,29.542557,243,3525
103.948135,30.79228,-1,3526
104.51321,30.420113,67,3527
104.12542,30.794608,-1,3528
103.846412,30.428034,30,3529
103.956453,30.939289,-1,3530
104.038418,30.333699,-1,3531
103.414823,30.757184,-1,3532
103.992301,30.438173,265,3533
104.138174,30.610778,-1,3534
104.096131,30.540829,135,3535
104.176333,30.778658,-1,3536
104.775262,30.855505,-1,3537
104.075786,30.374921,-1,3538
103.936761,30.614051,26,3539
104.126194,30.586462,-1,3540
104.19698,30.590044,-1,3541
103.895448,30.404307,-1,3542
103.70129,30.602538,11,3543
103.101919,30.07597,-1,3544
103.677602,30.338615,231,3545
104.393139,30.283572,212,3546
103.901649,30.834703,89,3547
103.873896,30.412785,-1,3548
104.185886,30.71995,163,3549
104.235478,30.647087,49,3550
103.775604,30.685774,-1,3551
103.917672,30.811879,-1,3552
103.843484,30.673419,-1,3553
103.89907,30.615923,-1,3554
103.810562,30.439999,-1,3555
104.364796,30.969327,-1,3556
104.503608,30.343147,-1,3557
104.220851,30.63848,108,3558
103.888759,30.556896,64,3559
104.038082,30.446783,-1,3560
103.99528,30.615041,-1,3561
104.215082,30.582664,208,3562
104.625842,30.104848,-1,3563
104.24262,30.650418,80,3564
104.007651,30.554012,65,3565
104.113825,30.410288,-1,3566
104.207355,30.525298,-1,3567
104.111985,30.752721,38,3568
104.216348,30.52238,-1,3569
103.879981,30.404409,184,3570
104.042925,30.675508,-1,3571
104.316062,30.276739,-1,3572
104.164011,30.70093,-1,3573
103.69365,30.937802,233,3574
103.981808,30.452836,-1,3575
104.223963,30.566501,21,3576
104.061395,30.418975,257,3577
104.074977,30.711325,-1,3578
103.934743,30.548819,-1,3579
103.984085,30.572512,-1,3580
104.049235,30.541542,58,3581
103.802639,31.251282,-1,3582
104.587344,30.734479,256,3583
104.098475,30.885118,-1,3584
104.046823,30.428277,90,3585
104.49404,30.325803,-1,3586
103.851361,31.059148,-1,3587
104.209099,30.523555,161,3588
103.962984,30.582428,-1,3589
104.061848,30.679579,-1,3590
104.016514,30.480137,-1,3591
103.960524,30.646787,278,3592
104.578568,30.358017,-1,3593
104.22123,30.638564,108,3594
103.999604,30.885808,-1,3595
103.713042,30.806138,-1,3596
103.487019,30.758587,-1,3597
104.235731,30.646364,49,3598
104.261005,30.867161,-1,3599
104.254345,29.00997,-1,3600
104.601607,30.87622,-1,3601
104.134098,30.372673,-1,3602
104.069785,30.768424,75,3603
103.640296,30.466092,50,3604
104.043716,31.280057,-1,3605
103.677273,30.337283,-1,3606
103.838136,30.7878,-1,3607
104.077926,30.361521,-1,3608
104.052098,30.487256,-1,3609
104.050886,30.540388,58,3610
103.973796,30.800504,-1,3611
104.103972,30.532028,-1,3612
104.191264,31.571121,-1,3613
104.02731,30.516305,-1,3614
103.81512,30.633278,34,3615
104.404944,30.346599,-1,3616
104.050062,30.541854,58,3617
103.773183,30.576463,-1,3618
104.167816,30.660178,-1,3619
104.347387,29.746021,-1,3620
103.884749,30.388722,206,3621
104.115346,30.753675,-1,3622
104.064325,30.432632,-1,3623
104.121113,30.500971,210,3624
104.397257,30.997021,-1,3625
103.689427,30.61618,-1,3626
103.554382,30.607519,-1,3627
104.022188,30.515757,-1,3628
104.245799,30.991772,-1,3629
104.537208,30.365885,236,3630
104.218839,30.870215,-1,3631
104.448126,30.598553,-1,3632
103.760254,30.665134,-1,3633
104.174595,30.715239,53,3634
104.006354,30.592352,168,3635
104.068276,30.692422,111,3636
104.161735,30.691573,-1,3637
104.086137,30.576658,-1,3638
104.242811,30.650605,80,3639
104.056883,30.648342,273,3640
104.024282,30.82723,-1,3641
103.960513,30.646816,278,3642
104.412282,30.73799,-1,3643
103.760418,30.665348,-1,3644
104.522817,30.684678,-1,3645
104.118381,30.757432,69,3646
103.61688,30.520116,-1,3647
104.908399,30.159939,109,3648
104.125356,30.402738,-1,3649
104.021061,30.53718,-1,3650
103.681763,30.290368,-1,3651
103.541092,31.051497,-1,3652
104.254767,30.859251,110,3653
103.952991,30.02303,-1,3654
104.023779,30.542036,-1,3655
104.168418,30.661206,-1,3656
103.798426,31.166948,247,3657
104.067323,30.450685,-1,3658
104.630904,30.871901,45,3659
104.17155,30.782839,-1,3660
103.547196,30.218418,-1,3661
103.972643,30.428111,-1,3662
103.562067,30.748556,181,3663
104.432023,30.891245,-1,3664
103.972537,30.936477,-1,3665
104.445966,30.856321,-1,3666
104.101621,30.467239,-1,3667
103.859076,30.827449,93,3668
104.196263,30.527487,-1,3669
103.498477,30.569024,116,3670
103.466152,30.441781,-1,3671
104.525286,30.647906,-1,3672
103.857273,30.811748,-1,3673
104.029365,30.479444,-1,3674
104.191635,30.820668,36,3675
104.053329,30.454334,-1,3676
102.061567,31.516948,-1,3677
103.964102,30.641156,-1,3678
104.106414,30.740552,-1,3679
104.055927,30.795342,-1,3680
103.908887,30.543237,1,3681
103.792477,30.187349,-1,3682
103.893307,30.77623,-1,3683
104.541084,30.373037,-1,3684
103.991277,30.904244,-1,3685
104.048597,30.653602,-1,3686
103.967521,30.648631,70,3687
104.222327,30.847983,-1,3688
104.061741,30.270954,-1,3689
104.166047,30.712465,147,3690
103.656277,30.926402,-1,3691
103.79276,30.461016,73,3692
103.981328,30.785075,86,3693
103.851301,30.439096,-1,3694
104.113647,30.523467,-1,3695
104.466113,30.343919,-1,3696
104.118167,30.756772,69,3697
103.529514,30.561784,-1,3698
104.80368,30.152702,187,3699
103.973773,31.032235,103,3700
104.073121,30.227824,-1,3701
103.638625,30.970583,-1,3702
104.244444,30.645561,68,3703
103.552503,30.531554,-1,3704
103.936401,30.613772,26,3705
104.617019,30.681256,-1,3706
104.186842,30.534499,-1,3707
103.872864,30.773856,-1,3708
104.175391,30.66443,232,3709
103.929158,30.892594,-1,3710
103.880719,30.356168,-1,3711
104.069656,30.69141,251,3712
103.497939,30.202078,-1,3713
103.996175,30.253522,-1,3714
104.268881,30.578703,29,3715
103.40607,30.983095,-1,3716
104.099941,30.712867,-1,3717
103.936451,30.613937,26,3718
104.23491,30.646271,49,3719
103.895489,31.01579,-1,3720
104.367415,30.434537,250,3721
103.840125,30.922674,-1,3722
103.903656,30.741361,-1,3723
104.631473,30.872151,45,3724
104.046615,30.538475,-1,3725
103.795604,31.172256,-1,3726
103.483598,31.332471,188,3727
104.105454,30.587235,55,3728
103.861177,30.44499,121,3729
103.968828,30.737633,-1,3730
103.936425,30.614202,26,3731
104.161717,30.599853,144,3732
104.042957,30.447631,25,3733
104.026723,30.76655,-1,3734
103.977623,30.688601,113,3735
104.044261,30.446935,25,3736
104.320788,30.327704,-1,3737
104.306954,30.864994,165,3738
103.859179,30.827447,93,3739
103.9996,30.465275,-1,3740
104.223662,30.794411,57,3741
104.159763,30.696794,-1,3742
104.046956,30.537944,-1,3743
103.97372,31.002698,-1,3744
103.795275,30.441242,-1,3745
104.009627,30.479459,277,3746
104.172382,30.579905,-1,3747
104.235756,30.646333,49,3748
103.881597,30.904087,-1,3749
104.202011,30.73912,123,3750
103.941319,30.919556,-1,3751
103.923287,30.260155,-1,3752
104.064985,30.447424,252,3753
103.796642,30.646305,-1,3754
103.892432,30.776709,-1,3755
103.823329,30.610314,99,3756
103.654832,30.664467,-1,3757
103.917258,30.683839,28,3758
103.874326,30.773788,-1,3759
103.702017,30.852844,-1,3760
104.044261,30.447148,25,3761
103.531288,30.739398,-1,3762
103.956604,30.660068,162,3763
104.069585,30.768351,75,3764
103.887998,30.665905,-1,3765
104.491161,31.327016,-1,3766
104.307121,31.007344,-1,3767
104.003656,30.482842,-1,3768
103.796456,30.396303,-1,3769
104.051175,30.54142,58,3770
104.372045,30.864391,48,3771
103.748364,30.574325,-1,3772
104.504463,30.343254,-1,3773
103.923296,30.71656,154,3774
104.118183,30.756894,69,3775
103.277675,29.569361,-1,3776
104.213712,30.55219,-1,3777
104.185173,30.684263,253,3778
104.093612,30.581019,14,3779
103.806462,31.121364,-1,3780
104.10327,30.512072,40,3781
103.919181,30.308124,-1,3782
104.533697,29.7598,179,3783
103.74925,30.530407,-1,3784
103.908228,30.660998,-1,3785
104.061575,30.451885,-1,3786
104.214037,30.651645,160,3787
104.060442,30.59785,-1,3788
104.105635,30.413024,-1,3789
104.186693,30.553099,267,3790
104.11206,30.752935,38,3791
103.79276,30.461016,73,3792
104.034144,30.530056,-1,3793
103.938453,30.61639,9,3794
103.972114,30.991207,-1,3795
103.966176,30.53765,-1,3796
103.760334,30.394164,-1,3797
104.322963,30.342792,-1,3798
103.725282,30.592904,-1,3799
103.952381,30.999891,-1,3800
104.631056,30.872003,45,3801
103.936112,30.90526,66,3802
104.089724,30.438318,-1,3803
103.915006,30.387877,-1,3804
103.884729,30.388494,206,3805
103.826519,30.799677,-1,3806
104.367816,30.434639,250,3807
104.041594,30.599768,-1,3808
104.085856,30.384514,-1,3809
103.903393,30.241961,-1,3810
104.530241,30.635767,-1,3811
104.319329,30.860929,43,3812
103.904803,30.353591,-1,3813
103.796905,30.39833,-1,3814
104.172851,30.484186,244,3815
104.040867,30.657169,-1,3816
104.166751,30.474819,-1,3817
103.680368,30.894797,-1,3818
104.511723,30.350187,-1,3819
104.161542,30.599079,144,3820
104.168377,30.577092,-1,3821
104.412586,30.332145,-1,3822
103.827761,30.829043,-1,3823
104.223929,30.566482,21,3824
104.191814,30.790529,-1,3825
104.131213,30.670594,117,3826
104.165274,30.658899,74,3827
104.112923,30.578923,19,3828
104.414984,30.244024,-1,3829
104.523023,30.430215,199,3830
103.937084,30.613594,26,3831
104.086008,30.580651,-1,3832
103.803281,31.248991,-1,3833
104.603354,30.869268,-1,3834
103.852945,30.83937,-1,3835
103.847755,30.464737,-1,3836
103.674078,31.028768,-1,3837
103.657641,30.869942,-1,3838
103.854098,30.709239,-1,3839
103.946885,30.553881,-1,3840
104.242552,30.65083,80,3841
103.986819,30.484793,-1,3842
104.030626,30.480845,-1,3843
104.203009,30.726019,31,3844
104.177578,30.461044,-1,3845
104.05736,30.420674,-1,3846
103.912805,30.824733,98,3847
104.268831,30.578753,29,3848
104.292909,30.391217,-1,3849
104.006367,30.5924,168,3850
104.053017,30.455751,-1,3851
104.046082,30.453315,-1,3852
103.995701,30.531398,-1,3853
103.939928,30.999908,237,3854
103.687936,30.941209,-1,3855
104.193732,30.726611,-1,3856
104.342187,31.150103,-1,3857
103.662981,30.970978,197,3858
104.153449,30.572032,-1,3859
103.917508,30.684072,28,3860
104.13017,30.010569,-1,3861
104.24257,30.650825,80,3862
104.394454,30.349808,234,3863
103.957884,30.788916,-1,3864
103.879495,30.506287,-1,3865
103.961438,30.433778,-1,3866
103.825937,31.021479,-1,3867
104.093957,30.580877,14,3868
104.225566,30.791389,15,3869
104.581935,30.352875,-1,3870
103.908396,30.660548,-1,3871
103.968211,30.981542,-1,3872
104.10931,30.505536,191,3873
103.722438,29.103895,-1,3874
103.772368,30.345363,-1,3875
104.363617,30.657555,-1,3876
103.455083,30.388438,-1,3877
103.958158,30.662781,259,3878
103.998858,30.752024,-1,3879
103.552865,30.221041,228,3880
103.792298,29.723149,-1,3881
104.169006,30.741231,56,3882
104.294512,30.393387,-1,3883
104.48903,30.461837,104,3884
104.497792,30.450548,-1,3885
103.587689,30.886313,-1,3886
104.172883,30.48387,244,3887
103.957003,30.660609,162,3888
103.654867,30.927326,79,3889
104.05896,30.725859,-1,3890
103.90504,30.976024,-1,3891
104.215472,30.821136,245,3892
104.161745,30.599815,144,3893
103.853188,31.292992,-1,3894
104.099598,30.467136,133,3895
103.955328,30.342126,-1,3896
104.242836,30.651003,80,3897
104.592475,30.392546,-1,3898
104.18341,30.531305,-1,3899
103.502463,30.571698,-1,3900
104.149285,30.622489,221,3901
103.663718,30.929718,-1,3902
104.334888,30.643725,-1,3903
102.21193,29.824714,-1,3904
104.321602,31.11678,-1,3905
103.350956,30.368023,-1,3906
103.918295,30.981634,-1,3907
104.114478,30.750287,-1,3908
103.897182,30.836273,146,3909
103.726209,30.781759,-1,3910
103.908761,30.5433,1,3911
104.120913,30.501005,210,3912
103.977144,30.404739,-1,3913
104.182633,30.792013,-1,3914
103.973033,30.405304,-1,3915
103.964765,30.378903,-1,3916
103.800615,30.453828,-1,3917
103.766518,30.423481,-1,3918
104.057651,30.659094,-1,3919
103.878482,30.198356,59,3920
104.313439,30.274719,-1,3921
104.146372,30.708622,-1,3922
103.974393,31.067841,-1,3923
104.256058,30.855186,-1,3924
104.13949,30.64951,-1,3925
104.777281,30.849631,-1,3926
103.940269,30.61613,12,3927
103.965528,30.636734,164,3928
104.404679,31.330451,-1,3929
103.819373,30.633271,34,3930
103.87274,30.779325,185,3931
104.118543,30.75725,69,3932
104.165317,30.658857,74,3933
103.812254,30.632064,34,3934
104.106738,30.608017,-1,3935
104.481593,30.460683,-1,3936
103.909952,30.544437,1,3937
104.327076,30.306097,-1,3938
103.939727,30.61702,12,3939
103.552849,30.220923,228,3940
104.047734,30.748135,-1,3941
103.850989,30.444276,-1,3942
103.827542,30.919196,-1,3943
104.003946,30.60632,-1,3944
103.802048,30.455732,-1,3945
103.813691,31.655578,-1,3946
104.465545,30.866435,-1,3947
104.244844,30.645382,68,3948
104.080528,30.516652,-1,3949
104.251206,30.526476,-1,3950
103.960022,30.15205,198,3951
103.877235,30.562525,219,3952
104.180751,30.788661,-1,3953
104.570446,30.349688,-1,3954
104.080519,30.71212,-1,3955
104.122732,30.407849,-1,3956
104.236405,30.64642,49,3957
103.869188,30.786374,-1,3958
103.662012,30.919546,-1,3959
104.039356,30.348193,-1,3960
104.245456,30.553435,-1,3961
104.3125,30.8747,255,3962
104.135192,30.80597,169,3963
103.45993,30.74639,84,3964
104.149432,30.44399,-1,3965
104.047213,30.852509,-1,3966
103.917484,30.634457,-1,3967
104.04244,30.19926,266,3968
103.83749,30.357468,-1,3969
104.556107,30.099092,-1,3970
104.069746,30.768454,75,3971
103.867083,30.873079,-1,3972
104.116804,30.464412,-1,3973
103.661059,30.961186,41,3974
104.108559,30.533097,-1,3975
104.570675,30.706647,-1,3976
104.021507,30.459957,-1,3977
104.184938,30.552108,267,3978
103.812121,30.860693,-1,3979
103.936425,30.614202,26,3980
104.048586,30.653491,-1,3981
103.891514,30.409988,-1,3982
103.865163,30.603605,-1,3983
103.556064,30.748177,-1,3984
103.912874,30.712215,-1,3985
104.222782,30.647765,-1,3986
104.53891,31.857232,-1,3987
104.075176,30.72493,-1,3988
103.892922,30.5138,54,3989
103.878866,30.198158,59,3990
104.397513,30.997488,-1,3991
103.951884,31.013288,-1,3992
103.070607,30.01925,-1,3993
104.170558,30.615286,145,3994
103.912336,30.630929,96,3995
103.870779,30.701808,126,3996
103.915003,30.711173,-1,3997
103.915823,30.832335,-1,3998
104.118439,30.757128,69,3999
103.990674,30.739401,268,4000
102.837099,29.77551,-1,4001
104.160794,30.574405,-1,4002
103.86282,30.0881,-1,4003
104.469065,30.847988,51,4004
104.167319,30.675094,-1,4005
103.626217,30.87277,-1,4006
103.957274,30.034154,-1,4007
104.014517,30.766606,-1,4008
103.920805,30.540983,142,4009
104.319345,30.860881,43,4010
103.695759,30.653677,-1,4011
104.332268,30.355695,-1,4012
104.536934,30.365933,236,4013
103.474807,30.431815,16,4014
103.893354,30.600647,-1,4015
103.859391,30.301238,82,4016
104.149002,30.839388,175,4017
104.485027,30.348485,-1,4018
103.996987,30.907953,-1,4019
103.682795,31.02534,-1,4020
103.982673,30.92625,-1,4021
104.182771,30.486506,-1,4022
103.877201,30.165807,-1,4023
104.052876,30.597761,-1,4024
103.832407,30.61907,-1,4025
104.223489,30.794307,57,4026
103.662768,30.970507,197,4027
104.110487,30.509162,24,4028
103.774522,31.17945,-1,4029
104.556378,30.353074,182,4030
104.052601,30.597781,-1,4031
103.99368,30.764576,132,4032
104.037007,30.147923,81,4033
103.861181,30.464076,-1,4034
103.893035,30.447243,220,4035
104.065571,30.835072,-1,4036
103.964634,30.636929,164,4037
103.986029,30.332144,-1,4038
104.036439,30.58787,-1,4039
103.723838,30.621516,-1,4040
103.875063,30.027925,-1,4041
103.974258,30.994296,-1,4042
103.882314,30.66529,153,4043
104.37819,30.313582,-1,4044
104.111258,30.577271,-1,4045
103.964551,30.941712,-1,4046
103.731458,30.389375,-1,4047
104.19917,30.510484,-1,4048
103.479794,30.42765,276,4049
103.383959,30.731144,-1,4050
103.498266,30.203803,-1,4051
103.971397,30.65039,105,4052
104.04736,30.428499,90,4053
104.237486,30.652857,5,4054
104.071074,30.725138,10,4055
103.891906,30.778058,-1,4056
103.505703,30.558867,249,4057
104.061749,30.419045,257,4058
104.509513,30.353529,180,4059
104.005714,30.51363,-1,4060
104.67063,30.087789,-1,4061
103.761703,30.040808,-1,4062
103.798893,31.168683,247,4063
103.945312,30.338011,-1,4064
103.887241,30.528815,42,4065
103.900368,30.828894,-1,4066
103.061897,30.009037,-1,4067
103.653975,30.896987,-1,4068
104.201559,30.735723,-1,4069
103.535733,30.74257,120,4070
103.673929,30.732137,-1,4071
103.465589,30.43811,269,4072
103.878578,30.198198,59,4073
104.046972,30.428487,90,4074
104.219001,30.655307,-1,4075
104.150691,30.358972,-1,4076
104.226612,30.792586,15,4077
103.648164,30.934982,-1,4078
104.056443,30.448492,-1,4079
103.802114,31.025919,-1,4080
104.176273,30.401528,-1,4081
104.361276,30.425979,-1,4082
104.137053,30.5918,-1,4083
104.104933,30.81308,-1,4084
104.224872,30.79398,15,4085
104.231674,30.63945,156,4086
103.908742,30.543413,1,4087
104.164747,30.6589,74,4088
103.89727,30.836302,146,4089
104.370414,30.28907,-1,4090
103.903737,30.241245,-1,4091
104.060484,31.245392,119,4092
104.041031,30.676175,-1,4093
104.187626,30.873999,-1,4094
104.168951,30.741231,56,4095
104.235494,30.646604,49,4096
103.945573,30.485559,-1,4097
104.130875,30.761305,-1,4098
103.795018,29.64196,-1,4099
104.075527,30.238834,22,4100
104.324329,30.936484,-1,4101
104.265137,31.64336,-1,4102
104.134714,30.805971,169,4103
103.91254,30.824848,98,4104
104.256514,30.726324,-1,4105
103.934665,30.613774,-1,4106
104.48899,30.461478,104,4107
104.04617,30.543622,-1,4108
103.553124,30.530376,-1,4109
104.198203,30.659732,-1,4110
103.580443,30.740009,-1,4111
103.953826,30.654784,-1,4112
104.225132,30.638848,239,4113
103.797786,31.241086,-1,4114
104.121113,30.500971,210,4115
104.016418,30.615914,-1,4116
104.170938,30.615159,145,4117
103.997825,30.252787,-1,4118
104.245393,30.645416,68,4119
103.940341,30.999315,237,4120
103.935336,30.905502,66,4121
103.987677,30.422667,-1,4122
104.50231,30.341072,-1,4123
104.126409,30.586729,-1,4124
104.049726,30.541937,58,4125
104.391705,30.283873,212,4126
103.981513,30.828275,-1,4127
104.908399,30.159939,109,4128
103.936764,30.614689,26,4129
103.957169,30.034211,-1,4130
103.978676,30.824679,-1,4131
104.206755,30.508802,-1,4132
103.915186,30.712498,-1,4133
103.872612,30.779209,185,4134
103.709556,30.394486,235,4135
103.909151,30.542837,1,4136
104.063815,30.652121,-1,4137
104.538237,30.659614,-1,4138
104.247189,30.65767,-1,4139
104.203805,30.725984,31,4140
104.060182,30.648252,18,4141
103.376001,30.290598,-1,4142
104.08763,30.540407,-1,4143
103.723351,30.560429,-1,4144
103.984903,30.550413,-1,4145
104.15306,30.725945,-1,4146
103.911852,30.631039,96,4147
103.851618,30.988108,-1,4148
103.670831,30.28003,-1,4149
104.115541,30.581839,-1,4150
103.940296,30.549878,-1,4151
104.540947,30.419133,-1,4152
103.876291,30.491152,203,4153
104.243108,30.645796,68,4154
104.105675,30.580237,-1,4155
103.560673,30.748561,181,4156
103.796744,31.034337,-1,4157
104.086794,30.227497,-1,4158
104.104629,30.448832,-1,4159
104.321029,30.645957,-1,4160
104.31017,30.171473,-1,4161
104.050979,30.779851,-1,4162
103.96495,30.381526,-1,4163
104.52295,30.43,199,4164
104.071155,30.675193,-1,4165
103.865287,31.043406,-1,4166
104.050743,30.541431,58,4167
103.973739,30.98843,-1,4168
104.474729,30.418992,-1,4169
104.255674,30.531122,7,4170
104.594299,30.715031,-1,4171
103.935373,30.905664,66,4172
104.225118,30.707506,217,4173
104.19813,30.581989,13,4174
103.908799,30.543287,1,4175
104.172971,30.484534,244,4176
103.941087,30.8516,-1,4177
104.392817,30.283438,212,4178
103.83721,30.359073,46,4179
104.140656,30.82752,192,4180
104.474789,30.344835,-1,4181
104.149077,30.8392,175,4182
103.314476,31.077957,-1,4183
104.0698,30.530523,-1,4184
104.308596,30.296046,-1,4185
103.701445,30.602385,11,4186
104.22547,30.525873,91,4187
104.118079,30.7568,69,4188
103.93759,30.614673,26,4189
104.363019,31.067829,-1,4190
104.226113,30.793231,15,4191
104.181228,30.790216,-1,4192
104.04524,30.575045,-1,4193
103.884749,30.388722,206,4194
104.598605,30.735264,-1,4195
104.127188,30.586813,-1,4196
103.988565,30.627526,-1,4197
104.32038,30.277462,224,4198
104.056865,30.768452,-1,4199
104.235189,30.646283,49,4200
104.615491,30.676004,-1,4201
104.101173,30.426465,-1,4202
103.994233,30.612168,157,4203
104.474208,30.344849,-1,4204
104.015518,30.556205,-1,4205
104.050886,30.540388,58,4206
103.945185,30.555284,-1,4207
104.292981,30.391151,-1,4208
104.022223,30.501065,-1,4209
104.083662,30.578012,52,4210
104.1682,30.517792,-1,4211
104.745597,30.451664,61,4212
103.79276,30.461016,73,4213
104.225801,30.790648,15,4214
103.912718,30.978193,-1,4215
103.957891,30.63981,-1,4216
104.192457,30.928455,-1,4217
104.054218,30.654317,102,4218
104.140611,30.646349,0,4219
104.097255,30.890823,-1,4220
104.381686,31.116607,-1,4221
103.68318,31.01333,-1,4222
103.687526,30.892976,-1,4223
103.935084,30.554628,-1,4224
104.211853,30.902542,-1,4225
104.168021,30.665745,-1,4226
103.883048,30.632613,-1,4227
104.272758,30.814596,-1,4228
104.695367,30.884787,-1,4229
104.320489,30.277966,224,4230
104.050539,30.541643,58,4231
104.200763,30.683243,177,4232
104.157914,30.692184,-1,4233
104.55362,30.35319,-1,4234
103.895026,30.63409,-1,4235
104.100457,30.732838,-1,4236
104.326379,30.860444,155,4237
103.923138,30.717342,154,4238
104.072601,30.433629,-1,4239
103.812796,30.95486,-1,4240
104.00501,30.515478,-1,4241
103.602827,30.737285,-1,4242
104.255367,30.994839,-1,4243
103.352633,30.37525,-1,4244
104.094593,30.900361,-1,4245
103.972083,30.542369,201,4246
104.072408,30.69544,270,4247
103.816557,30.903146,-1,4248
103.50436,30.573046,-1,4249
104.080281,30.75886,-1,4250
104.164221,30.658673,74,4251
103.720777,30.798712,-1,4252
104.244429,29.946655,-1,4253
104.055205,30.427999,-1,4254
103.753825,31.015239,-1,4255
103.936722,30.61417,26,4256
103.812299,30.632524,34,4257
103.701407,30.602669,11,4258
104.5949,30.383373,-1,4259
104.393147,30.293627,-1,4260
104.172716,30.483704,244,4261
104.106165,30.580402,-1,4262
104.286349,30.679292,-1,4263
104.318527,30.861246,43,4264
103.796717,30.646409,-1,4265
103.990315,30.330874,-1,4266
104.388751,30.636474,-1,4267
104.12016,30.771325,-1,4268
103.996848,31.140841,-1,4269
103.61079,30.835214,-1,4270
103.929401,30.699457,-1,4271
103.918312,30.415923,-1,4272
104.908375,30.159823,109,4273
104.069303,30.453967,-1,4274
104.161892,30.599716,144,4275
104.262335,30.850868,-1,4276
103.815852,30.719692,-1,4277
103.938093,30.616323,9,4278
104.33701,30.703519,-1,4279
103.833006,31.270514,-1,4280
104.125183,30.769464,226,4281
103.887937,30.556344,64,4282
104.564194,30.387807,-1,4283
104.102583,30.497063,-1,4284
103.912813,30.979167,-1,4285
103.194393,30.139408,-1,4286
103.878578,30.198198,59,4287
104.132624,30.395923,-1,4288
103.957677,30.663428,259,4289
104.0367,30.147992,81,4290
104.20772,30.562668,-1,4291
104.013726,30.512779,-1,4292
104.312121,30.298544,159,4293
103.964753,30.558861,-1,4294
104.090157,30.740505,178,4295
103.706363,30.404377,-1,4296
104.176993,30.950747,-1,4297
103.998117,30.466539,-1,4298
103.914335,30.675626,200,4299
104.587267,30.734559,256,4300
104.162417,30.697386,-1,4301
103.81736,31.256277,-1,4302
104.238596,30.597315,-1,4303
103.831507,31.015328,-1,4304
103.866701,30.312013,-1,4305
104.038917,30.359982,124,4306
103.639003,30.943769,-1,4307
104.469122,30.847933,51,4308
104.266102,30.619159,-1,4309
103.61079,30.835214,-1,4310
103.533425,30.735723,-1,4311
103.642266,30.943294,2,4312
103.959569,30.438207,-1,4313
104.124963,30.769177,226,4314
104.175291,30.664507,232,4315
104.087036,30.576656,-1,4316
104.088084,30.540579,-1,4317
103.913596,30.993916,-1,4318
104.078787,30.366413,-1,4319
103.936235,30.905307,66,4320
104.169113,30.741207,56,4321
104.157345,30.64821,-1,4322
103.992932,29.02434,20,4323
103.897185,30.836259,146,4324
104.128218,30.64023,-1,4325
104.20322,30.72618,31,4326
104.055043,30.427641,-1,4327
103.892339,30.634073,-1,4328
103.607905,31.066122,-1,4329
103.93529,30.905489,66,4330
104.251206,30.526476,-1,4331
104.108914,30.392927,-1,4332
104.051203,30.850069,-1,4333
104.0079,30.718812,-1,4334
103.961428,30.368796,-1,4335
104.489595,30.493772,143,4336
104.504652,30.48834,-1,4337
104.526778,30.66584,-1,4338
104.09339,30.581274,14,4339
103.992228,30.615485,-1,4340
103.960994,30.934997,-1,4341
103.86731,30.535028,240,4342
104.404883,30.771539,-1,4343
103.875191,30.027725,-1,4344
103.723576,30.660443,-1,4345
104.020459,29.139313,134,4346
104.500771,30.338951,107,4347
103.997575,30.757506,174,4348
104.203394,30.726029,31,4349
103.886841,30.528571,42,4350
103.819332,30.907254,-1,4351
103.914258,30.675547,200,4352
103.859371,30.628023,-1,4353
103.952068,30.427924,171,4354
103.904321,30.239397,-1,4355
104.555355,30.707723,-1,4356
103.837768,30.316662,-1,4357
104.215322,30.582564,208,4358
104.292046,30.812876,-1,4359
104.046423,30.563057,-1,4360
103.812466,30.571462,100,4361
104.115832,30.584703,115,4362
104.624282,30.681711,-1,4363
103.819402,30.633262,34,4364
104.50967,30.352708,180,4365
103.969036,30.99255,-1,4366
103.624425,31.482764,-1,4367
104.309134,30.865095,165,4368
103.221009,30.380189,-1,4369
103.532339,31.404693,-1,4370
103.880297,30.604238,-1,4371
102.22934,29.933315,-1,4372
104.97439,29.869605,-1,4373
103.904983,30.677138,158,4374
104.135649,30.805836,169,4375
103.510465,29.493948,-1,4376
104.080393,30.512975,129,4377
104.908223,30.159855,109,4378
104.007215,30.518996,-1,4379
104.093647,30.580902,14,4380
104.449342,30.59944,-1,4381
103.756842,31.19472,-1,4382
103.604511,31.066626,-1,4383
104.487842,30.493123,143,4384
104.065888,30.439824,-1,4385
104.101497,30.687779,-1,4386
104.053081,30.456902,-1,4387
104.298081,30.865101,-1,4388
104.157815,30.691994,-1,4389
104.165027,30.659014,74,4390
104.104933,30.81308,-1,4391
104.242502,30.650188,80,4392
103.81175,30.967119,-1,4393
104.174288,30.787159,-1,4394
104.191514,30.524689,-1,4395
104.009783,30.870319,-1,4396
103.984229,30.82994,-1,4397
104.203139,30.725866,31,4398
103.601796,30.831196,-1,4399
103.682132,30.301672,-1,4400
103.802114,31.025919,-1,4401
104.164368,30.658615,74,4402
103.883106,30.665909,153,4403
104.225118,30.707506,217,4404
103.216986,30.122874,-1,4405
104.282977,29.622661,-1,4406
104.003278,30.651298,-1,4407
103.668965,30.735213,-1,4408
103.695691,30.395522,-1,4409
103.812742,30.631129,34,4410
104.101173,30.426465,-1,4411
104.008841,30.590564,101,4412
104.187462,30.772874,-1,4413
104.034302,30.602606,-1,4414
103.973597,30.427823,-1,4415
104.03535,30.456743,-1,4416
104.0461,30.555914,-1,4417
104.307169,30.865159,165,4418
104.280021,30.727717,-1,4419
104.082467,30.463315,-1,4420
104.177302,30.718712,23,4421
104.5251,30.651215,-1,4422
103.918219,30.683978,28,4423
104.107361,30.521276,-1,4424
104.0364,30.296703,32,4425
103.897303,30.836264,146,4426
103.969264,30.982454,-1,4427
103.801904,31.16596,-1,4428
104.392132,30.298903,-1,4429
103.939824,30.617792,12,4430
104.118911,30.756285,69,4431
103.633495,30.954372,-1,4432
104.066274,30.448751,-1,4433
104.066177,31.258685,-1,4434
104.237521,30.55645,-1,4435
103.925518,30.943475,-1,4436
104.041855,30.366949,-1,4437
103.96285,30.448168,-1,4438
104.060524,30.846947,-1,4439
103.880574,30.404251,184,4440
104.501397,30.486883,-1,4441
104.000714,30.60389,-1,4442
103.99368,30.764576,132,4443
104.001167,30.464092,-1,4444
104.065217,30.447434,252,4445
104.22107,30.638911,108,4446
104.204751,30.730695,140,4447
104.102932,30.689368,-1,4448
103.973544,30.578729,106,4449
104.186509,30.55315,267,4450
103.952605,30.427925,171,4451
104.220615,30.573035,-1,4452
103.415361,30.757274,-1,4453
103.785495,31.169569,-1,4454
104.53613,30.439254,-1,4455
104.249146,30.77251,76,4456
104.063781,30.177857,-1,4457
103.952605,30.427907,171,4458
103.937699,30.614301,26,4459
104.16396,30.3919,-1,4460
103.856226,30.418712,-1,4461
104.118176,30.756747,69,4462
103.972409,31.07368,-1,4463
104.522817,30.684678,-1,4464
103.795634,31.172657,-1,4465
103.696106,30.611556,-1,4466
103.854866,30.575048,-1,4467
103.805188,30.431384,-1,4468
104.118327,30.757404,69,4469
104.882576,30.082848,-1,4470
104.511727,31.176785,-1,4471
104.222146,30.908735,-1,4472
104.225108,30.793766,15,4473
104.23668,30.357109,-1,4474
103.957177,30.034338,-1,4475
104.241249,30.958142,-1,4476
103.946801,30.846851,-1,4477
103.957854,30.94329,-1,4478
103.824451,30.641074,-1,4479
103.933167,30.554114,-1,4480
103.856328,30.44191,183,4481
104.138669,30.610865,-1,4482
103.578999,30.845764,-1,4483
104.2036,30.726023,31,4484
103.812222,30.571792,100,4485
104.233874,30.363188,-1,4486
103.790485,29.746353,-1,4487
104.34659,29.745612,-1,4488
104.060632,31.245533,119,4489
104.30252,30.874291,-1,4490
103.651018,30.550152,-1,4491
103.924333,30.95041,-1,4492
104.18283,30.743896,-1,4493
104.222098,30.908699,-1,4494
103.654955,30.92702,79,4495
103.866135,30.60095,-1,4496
104.109228,30.464082,207,4497
104.326484,30.86021,155,4498
103.990836,30.739191,268,4499
103.921752,30.670589,-1,4500
104.020646,30.612221,-1,4501
103.930041,30.81537,-1,4502
103.465176,30.438357,269,4503
104.118199,30.75678,69,4504
103.972929,30.436278,-1,4505
104.065698,30.443708,-1,4506
104.041337,30.593412,170,4507
104.243156,30.64555,68,4508
103.929388,30.943521,-1,4509
104.072287,30.702742,-1,4510
104.505617,30.481367,-1,4511
104.111801,30.525924,-1,4512
103.701415,30.602738,11,4513
103.844821,29.786931,-1,4514
103.952359,30.796182,264,4515
103.921106,30.703219,6,4516
104.082305,30.577193,52,4517
104.239665,30.33101,-1,4518
103.991634,30.437643,265,4519
103.454796,30.388655,-1,4520
104.106875,30.513077,40,4521
104.150019,30.622753,221,4522
103.845286,30.803148,-1,4523
103.856751,30.442175,183,4524
103.870089,30.394689,-1,4525
104.183785,30.71091,95,4526
103.528203,31.007788,-1,4527
104.001902,30.587453,-1,4528
104.224705,30.793939,15,4529
104.204552,30.650513,-1,4530
103.952975,31.011773,-1,4531
103.72474,30.578398,176,4532
104.544526,30.70689,216,4533
104.115587,30.378303,-1,4534
104.093666,30.580648,14,4535
104.035747,30.447255,-1,4536
104.235494,30.647071,49,4537
103.97774,30.688546,113,4538
104.214999,30.651758,160,4539
104.072625,30.695598,270,4540
103.820651,30.451921,-1,4541
103.90456,30.687955,-1,4542
104.432377,30.472665,-1,4543
104.512918,30.420349,67,4544
104.00971,30.652293,-1,4545
103.701393,30.602633,11,4546
104.477623,30.489232,271,4547
104.177314,30.718639,23,4548
103.991762,30.434852,-1,4549
104.302073,30.5976,-1,4550
103.796406,30.644148,-1,4551
104.420859,30.849148,-1,4552
103.851239,31.291706,-1,4553
104.227706,30.883936,-1,4554
104.872144,30.233028,-1,4555
104.059709,30.608752,-1,4556
103.995992,30.425345,-1,4557
103.741324,30.575618,-1,4558
104.057213,30.391066,-1,4559
104.03738,30.732015,241,4560
104.489494,30.494003,143,4561
104.215461,30.820976,245,4562
103.901094,30.677165,-1,4563
103.789745,29.6361,78,4564
104.49401,30.323421,-1,4565
104.105142,30.511601,40,4566
104.390736,30.907606,-1,4567
104.595121,31.767751,-1,4568
104.53165,30.445431,-1,4569
103.917038,30.386334,-1,4570
103.494789,30.214712,-1,4571
103.937074,30.61322,26,4572
104.061083,31.255579,-1,4573
104.00222,30.747917,-1,4574
104.008026,30.805053,-1,4575
103.816037,30.633534,34,4576
104.003334,30.734724,223,4577
103.724878,30.578317,176,4578
103.688663,30.37466,-1,4579
104.39322,30.293673,-1,4580
103.952469,30.795604,264,4581
104.013774,30.512975,-1,4582
103.662012,30.919546,-1,4583
104.297488,31.035015,-1,4584
104.112923,30.578923,19,4585
103.923674,30.320546,-1,4586
103.946953,30.920802,-1,4587
103.994094,30.899322,-1,4588
104.143978,30.82865,-1,4589
104.584875,30.355316,-1,4590
103.963124,30.647102,-1,4591
104.046308,30.583502,-1,4592
104.213972,30.651559,160,4593
104.217563,30.571068,242,4594
104.177146,30.718861,23,4595
104.052158,30.46573,-1,4596
104.050828,30.478319,-1,4597
104.323511,30.644934,131,4598
103.53574,30.742502,120,4599
104.882576,30.082848,-1,4600
103.726864,30.920534,-1,4601
104.294643,30.969618,-1,4602
104.795063,29.735726,-1,4603
104.14605,31.492663,-1,4604
103.520457,30.563323,-1,4605
104.069784,30.691079,251,4606
103.95587,31.007053,-1,4607
104.334654,30.713049,-1,4608
104.037716,30.712068,-1,4609
104.23487,30.646337,49,4610
103.464841,30.452823,-1,4611
103.988834,30.628109,-1,4612
104.060321,30.431966,-1,4613
104.150544,30.577306,-1,4614
103.967088,30.648414,70,4615
103.647542,30.838445,-1,4616
104.010005,30.493364,-1,4617
104.32499,30.308459,-1,4618
104.462719,31.057261,-1,4619
104.242907,30.645577,68,4620
104.067603,30.692425,111,4621
104.243217,30.645726,68,4622
104.175547,30.715364,53,4623
103.889949,30.478863,-1,4624
103.481759,30.391934,-1,4625
103.997094,30.907937,-1,4626
103.879996,30.664125,-1,4627
104.09409,30.580886,14,4628
104.564353,30.385629,-1,4629
104.510821,30.349508,-1,4630
103.907023,30.697141,-1,4631
103.629868,30.959286,-1,4632
103.815706,30.65388,-1,4633
104.081484,30.472131,-1,4634
104.455356,30.462868,-1,4635
103.963811,30.623083,-1,4636
103.897081,30.66693,202,4637
103.833878,31.015286,-1,4638
103.981358,30.785467,86,4639
103.860452,30.834539,-1,4640
104.555523,30.352625,182,4641
103.496114,31.35878,-1,4642
104.126769,30.647691,-1,4643
103.922005,30.88554,-1,4644
104.942907,30.284778,-1,4645
103.713454,30.822684,-1,4646
103.684578,30.878952,-1,4647
104.033563,30.525207,-1,4648
103.968466,31.00694,-1,4649
103.535733,30.742538,120,4650
104.152713,30.781615,225,4651
103.182317,30.011281,-1,4652
103.927483,30.32132,-1,4653
103.719724,30.328335,-1,4654
104.118239,30.75701,69,4655
104.228354,30.567551,-1,4656
104.371973,30.86434,48,4657
104.312367,30.874849,255,4658
104.451041,30.857312,-1,4659
103.817222,30.639105,-1,4660
104.11235,30.62022,-1,4661
104.030388,30.737856,-1,4662
103.80364,31.24933,-1,4663
104.542666,30.373074,-1,4664
103.945642,30.925169,-1,4665
103.978566,30.625476,-1,4666
104.119687,30.596754,-1,4667
104.093977,30.5811,14,4668
104.099819,31.288565,-1,4669
104.041407,30.248476,-1,4670
104.233978,30.736647,-1,4671
103.853314,30.625183,-1,4672
103.781838,30.675456,-1,4673
103.897081,30.66693,202,4674
104.196677,30.859397,-1,4675
103.661043,30.961323,41,4676
104.006361,30.738542,-1,4677
103.943715,30.499326,-1,4678
103.261138,30.560724,-1,4679
103.940265,30.614226,213,4680
103.888016,30.661365,-1,4681
103.770675,30.398391,-1,4682
103.964824,30.641337,-1,4683
104.470072,30.505101,-1,4684
104.489678,30.493952,143,4685
104.247235,29.016468,-1,4686
104.044135,30.445748,25,4687
104.161746,30.693869,-1,4688
104.595931,31.765621,-1,4689
104.172828,30.483928,244,4690
104.036877,30.73183,241,4691
104.096314,30.540148,135,4692
104.01081,30.869381,-1,4693
104.105282,30.513083,40,4694
104.210846,30.568641,-1,4695
104.138873,30.692362,-1,4696
104.329371,30.853912,-1,4697
103.770638,30.398326,-1,4698
104.044805,30.44522,25,4699
103.884949,30.791203,-1,4700
103.528139,31.001518,-1,4701
104.151649,30.608556,-1,4702
103.966469,30.626033,-1,4703
103.914707,30.419073,-1,4704
104.496442,30.47166,258,4705
103.73748,31.015835,-1,4706
103.937338,30.614783,26,4707
104.255792,30.577973,-1,4708
104.238664,30.597344,-1,4709
103.98533,30.217414,-1,4710
103.724781,30.578193,176,4711
104.125274,30.769516,226,4712
103.454979,30.745364,-1,4713
104.243156,30.64555,68,4714
104.256031,30.855084,-1,4715
104.178011,30.521789,-1,4716
104.421716,30.88125,-1,4717
103.536251,30.742753,120,4718
104.244452,30.645316,68,4719
104.049567,30.597931,-1,4720
103.861537,30.984724,-1,4721
104.093085,30.581279,14,4722
103.823361,30.610297,99,4723
104.287048,30.697078,196,4724
103.937456,30.619061,114,4725
104.085096,30.683392,195,4726
104.020242,29.139756,134,4727
103.8839,30.362851,-1,4728
103.922301,30.234837,-1,4729
104.202028,30.750089,-1,4730
104.050935,30.541254,58,4731
104.058272,30.566123,-1,4732
103.981564,30.785066,86,4733
104.202671,30.72601,31,4734
103.512426,30.253839,-1,4735
103.83967,30.360048,46,4736
103.995175,30.612492,157,4737
104.086692,30.576663,-1,4738
103.897368,30.836537,146,4739
104.107272,30.513148,40,4740
103.880286,30.407042,-1,4741
104.326684,30.860327,155,4742
104.204623,30.730778,140,4743
104.309112,30.86524,165,4744
104.019184,29.137791,-1,4745
103.95839,30.648921,272,4746
104.489279,30.493969,143,4747
103.913325,30.630999,96,4748
103.936401,30.613772,26,4749
104.08516,30.683611,195,4750
104.070824,30.655282,-1,4751
104.050946,30.541541,58,4752
104.272758,30.814596,-1,4753
103.914859,30.419048,-1,4754
103.94879,30.805296,-1,4755
104.15882,30.673289,-1,4756
103.873762,30.463665,-1,4757
103.896043,30.667086,202,4758
103.338882,30.339961,-1,4759
104.060482,31.245478,119,4760
103.989668,30.725936,-1,4761
103.966976,30.080493,-1,4762
103.860798,30.76858,-1,4763
104.164651,30.658771,74,4764
103.971268,30.633783,-1,4765
103.678059,30.338652,231,4766
104.006606,30.739318,-1,4767
104.111977,31.076026,222,4768
104.50103,30.473897,-1,4769
103.907399,30.362727,-1,4770
103.80863,30.459325,-1,4771
104.085971,30.581105,-1,4772
103.990879,30.436059,-1,4773
104.115042,30.417061,274,4774
103.846962,30.649649,-1,4775
103.935767,30.905445,66,4776
103.912825,30.824643,98,4777
104.25565,30.531072,7,4778
103.95237,30.936811,-1,4779
104.071084,30.689085,215,4780
104.242442,30.650539,80,4781
103.954114,31.018912,-1,4782
103.881126,31.087386,-1,4783
104.107304,30.512882,40,4784
104.053189,30.537913,-1,4785
103.879805,30.404284,184,4786
104.064984,30.555102,-1,4787
104.201385,30.678806,-1,4788
103.960071,30.165795,97,4789
104.09838,30.532938,-1,4790
103.774301,30.702723,-1,4791
104.316052,30.604342,-1,4792
103.961076,30.438592,-1,4793
103.887241,30.528815,42,4794
104.587144,30.734675,256,4795
103.414188,30.760125,-1,4796
104.118279,30.757267,69,4797
103.936636,30.614047,26,4798
103.89727,30.836302,146,4799
103.81331,30.632669,34,4800
104.193247,31.19194,-1,4801
104.399865,30.790553,-1,4802
104.001772,30.747944,-1,4803
102.877589,30.151127,-1,4804
104.387301,30.761331,246,4805
104.00386,30.606309,-1,4806
104.172233,30.661894,-1,4807
104.109749,30.464084,207,4808
104.110262,30.495868,-1,4809
103.979252,30.749274,-1,4810
103.806441,31.17145,-1,4811
104.007505,30.554142,65,4812
103.936849,30.855898,-1,4813
103.922889,29.921566,-1,4814
103.916906,30.683748,28,4815
104.525803,30.649049,-1,4816
104.198351,30.582023,13,4817
103.878666,30.198274,59,4818
103.90366,30.688259,-1,4819
104.244804,30.645916,68,4820
103.967201,30.58604,-1,4821
103.714044,30.526515,194,4822
103.465521,30.438046,269,4823
104.118239,30.756848,69,4824
103.923247,30.271231,-1,4825
103.87496,30.612244,-1,4826
103.859219,30.827288,93,4827
104.355828,31.076423,-1,4828
103.873593,30.417203,-1,4829
104.508208,30.617205,-1,4830
104.16458,30.669953,-1,4831
104.014575,30.472188,-1,4832
104.175475,30.71866,-1,4833
103.977724,30.641183,88,4834
103.9909,30.436523,-1,4835
103.877002,30.166599,-1,4836
103.883373,30.362551,-1,4837
103.866812,30.872952,-1,4838
103.474807,30.431815,16,4839
104.323515,30.645098,131,4840
104.530241,30.635767,-1,4841
103.96928,30.366492,4,4842
104.288288,30.789996,-1,4843
103.925298,30.474412,-1,4844
103.954961,30.569586,-1,4845
103.696153,30.396295,-1,4846
104.176801,30.771163,-1,4847
103.773535,31.172432,-1,4848
103.638644,30.47815,-1,4849
104.201937,30.678191,-1,4850
103.759292,30.710521,-1,4851
104.366096,30.857311,166,4852
104.052098,30.487256,-1,4853
104.069889,30.768385,75,4854
104.243156,30.64555,68,4855
104.069767,30.767931,75,4856
104.501275,30.42425,-1,4857
103.967146,30.499174,-1,4858
104.294643,30.969618,-1,4859
104.452233,30.603221,-1,4860
103.889482,30.383858,-1,4861
104.060169,30.431858,-1,4862
104.028231,30.51941,-1,4863
104.139924,30.646084,0,4864
103.844076,30.800813,-1,4865
104.019143,29.137829,-1,4866
104.497121,30.493246,-1,4867
104.000598,30.701409,-1,4868
104.432377,30.472665,-1,4869
104.278326,30.820546,-1,4870
104.17715,30.718818,23,4871
104.060768,30.658213,-1,4872
103.805169,30.431331,-1,4873
104.407114,30.345737,-1,4874
104.200367,30.684258,177,4875
104.304233,30.992464,-1,4876
104.043795,30.205945,-1,4877
103.965554,30.637349,164,4878
103.89134,30.377855,-1,4879
103.875086,30.830605,-1,4880
103.586386,30.388219,-1,4881
103.697543,30.407107,-1,4882
104.018376,30.552942,-1,4883
104.349506,30.556361,-1,4884
103.664719,30.643744,-1,4885
103.864931,30.407734,-1,4886
104.097123,30.450086,-1,4887
104.54386,30.707819,216,4888
104.294721,29.659585,-1,4889
104.539174,31.859631,33,4890
104.326283,30.86016,155,4891
104.18872,30.717714,-1,4892
104.096355,30.544359,-1,4893
103.612904,30.913547,-1,4894
103.86326,30.834841,-1,4895
104.254784,30.859023,110,4896
104.038764,30.360082,124,4897
104.055852,30.763192,37,4898
104.47766,30.489247,271,4899
104.112674,30.752801,38,4900
104.221991,30.847232,-1,4901
104.296514,30.683683,-1,4902
104.093198,30.581699,14,4903
104.420254,30.915771,-1,4904
104.143431,30.581983,-1,4905
104.056932,30.648438,273,4906
104.047226,30.428075,90,4907
103.959958,30.165895,97,4908
104.064327,30.492815,-1,4909
104.858455,29.741215,128,4910
104.185886,30.71995,163,4911
103.977652,30.68818,113,4912
104.086884,30.80573,-1,4913
104.465169,30.471979,-1,4914
104.595931,31.765621,-1,4915
104.057748,30.648996,273,4916
104.662217,31.092093,173,4917
104.220873,30.63869,108,4918
103.970595,30.650406,105,4919
104.135649,30.805836,169,4920
104.118847,30.757056,69,4921
103.858233,30.285607,-1,4922
104.10719,30.513519,40,4923
104.203361,30.726129,31,4924
104.163117,30.64793,-1,4925
102.702921,29.97221,-1,4926
103.535024,30.589738,-1,4927
104.21619,30.699662,248,4928
104.225118,30.707506,217,4929
104.245823,30.645993,68,4930
104.023061,30.515475,-1,4931
103.937931,30.618983,114,4932
103.925387,30.890411,-1,4933
104.079367,30.513005,129,4934
104.118551,30.756722,69,4935
103.952531,30.427672,171,4936
104.125999,30.894223,-1,4937
104.152713,30.781615,225,4938
103.948012,30.475225,-1,4939
103.830209,30.945618,-1,4940
103.687686,30.617177,-1,4941
103.701469,30.602379,11,4942
104.157304,30.646308,-1,4943
104.522769,30.429822,199,4944
103.887169,30.593035,-1,4945
104.086375,30.456529,262,4946
103.91271,30.824633,98,4947
103.737931,30.512309,27,4948
103.490441,30.758043,-1,4949
104.081734,30.456848,-1,4950
104.10963,30.505473,191,4951
104.556105,30.354049,182,4952
103.916068,30.369365,152,4953
103.912908,30.824688,98,4954
103.991729,30.723882,-1,4955
103.867404,30.787155,-1,4956
104.463164,30.490458,-1,4957
104.372045,30.864391,48,4958
103.589248,30.880744,-1,4959
104.115394,30.466743,-1,4960
103.723344,30.660749,-1,4961
103.713588,30.526701,194,4962
103.839116,30.677036,-1,4963
103.942898,30.52433,-1,4964
104.367495,30.434621,250,4965
104.220768,30.63892,108,4966
104.235158,30.64607,49,4967
104.439197,30.980803,-1,4968
104.004258,30.48386,-1,4969
103.981649,30.634041,-1,4970
104.087762,30.74848,-1,4971
103.64868,31.022386,-1,4972
103.847244,30.664918,-1,4973
104.006367,30.5924,168,4974
104.026882,30.4804,-1,4975
104.12118,30.781387,-1,4976
104.168919,30.741218,56,4977
104.287441,30.697056,196,4978
104.063882,30.587155,-1,4979
104.177719,30.718981,23,4980
104.113798,30.282445,-1,4981
104.020509,29.139664,134,4982
104.024954,31.386005,-1,4983
103.483015,31.332116,188,4984
103.860412,30.837207,-1,4985
104.168954,30.741151,56,4986
104.046482,30.560628,-1,4987
104.313189,31.125986,-1,4988
103.881355,30.39899,-1,4989
103.82922,30.396472,-1,4990
103.986227,30.723755,-1,4991
104.125259,30.769505,226,4992
104.387654,30.761765,246,4993
103.736647,31.017352,-1,4994
103.681763,30.29027,-1,4995
102.805071,30.277553,-1,4996
104.226643,30.792617,15,4997
103.767809,30.576975,-1,4998
104.21619,30.699662,248,4999
104.544239,30.70783,216,5000
104.076438,30.238973,22,5001
104.152789,30.781791,225,5002
103.551571,30.217825,-1,5003
104.239796,30.818857,-1,5004
103.832917,30.939374,-1,5005
103.498115,30.204054,-1,5006
104.199667,30.86848,-1,5007
104.105273,30.511683,40,5008
103.859238,30.827287,93,5009
104.043582,30.446637,25,5010
104.394522,30.350226,234,5011
104.013225,30.445603,-1,5012
103.72247,31.198786,-1,5013
104.54508,29.502102,-1,5014
104.062558,30.419379,257,5015
104.02361,30.54352,-1,5016
103.806378,30.456678,-1,5017
104.135678,30.711894,-1,5018
103.561318,29.702035,-1,5019
104.023747,30.541936,-1,5020
103.559914,30.548603,214,5021
104.162563,30.678067,-1,5022
103.937049,30.613326,26,5023
103.737931,30.512309,27,5024
103.853049,30.819757,-1,5025
104.070103,30.841443,-1,5026
104.164279,30.66855,-1,5027
103.45843,30.988241,-1,5028
104.198716,30.592485,-1,5029
104.08164,30.51642,-1,5030
103.973252,31.4162,-1,5031
103.741789,30.693327,-1,5032
103.88549,31.02851,-1,5033
104.054557,30.654373,102,5034
103.980224,30.212767,-1,5035
104.026365,30.480515,-1,5036
103.952678,30.427907,171,5037
103.918109,30.683902,28,5038
104.609447,30.857093,-1,5039
104.212128,30.525997,-1,5040
103.819664,30.867179,-1,5041
103.754185,31.014887,-1,5042
104.112161,31.075776,222,5043
103.858,30.630487,-1,5044
103.96424,30.478153,193,5045
104.097255,30.890823,-1,5046
104.24243,30.650549,80,5047
104.388552,30.762009,246,5048
103.826995,30.265159,-1,5049
103.806121,31.171656,-1,5050
104.005092,30.453955,-1,5051
103.965474,30.636769,164,5052
104.073805,30.549638,-1,5053
104.389924,31.063205,-1,5054
104.068042,30.692639,111,5055
103.879518,30.480199,-1,5056
103.822907,30.610268,99,5057
103.681454,30.59719,211,5058
103.869288,30.666646,-1,5059
104.543632,30.718121,-1,5060
104.187913,30.793467,-1,5061
104.262437,30.851052,-1,5062
103.921291,30.701913,6,5063
104.237548,31.029752,-1,5064
104.081537,30.581977,-1,5065
104.050691,30.476755,125,5066
103.984987,30.648497,-1,5067
104.12933,30.671529,-1,5068
104.10947,30.503855,191,5069
104.590729,30.726041,-1,5070
103.09888,29.955968,-1,5071
104.013697,30.225833,-1,5072
104.202136,30.678004,-1,5073
103.839072,30.953894,-1,5074
104.268881,30.578703,29,5075
103.53752,30.739332,-1,5076
103.846432,30.42858,30,5077
104.220768,30.63892,108,5078
103.969411,30.366485,4,5079
104.043533,30.529359,-1,5080
103.640153,30.96354,-1,5081
104.060433,30.431942,-1,5082
104.177274,30.718834,23,5083
104.364649,30.430471,-1,5084
104.223929,30.566714,21,5085
103.874312,30.41727,-1,5086
103.963016,30.373888,-1,5087
103.819153,30.797292,167,5088
103.781371,30.43877,-1,5089
103.881126,31.087386,-1,5090
104.064608,30.373788,-1,5091
104.217961,30.801746,-1,5092
103.710221,29.19303,-1,5093
104.338924,30.844858,-1,5094
104.520636,30.35713,-1,5095
104.286502,30.968787,-1,5096
104.047065,30.45357,-1,5097
103.852643,30.573638,-1,5098
103.88586,30.583807,-1,5099
104.100401,30.521137,-1,5100
104.498931,30.467701,-1,5101
103.939808,30.621004,205,5102
103.790899,30.666973,-1,5103
104.236193,30.646643,49,5104
103.908719,30.54227,1,5105
104.394472,30.34988,234,5106
103.935788,30.905482,66,5107
104.401416,31.061441,-1,5108
104.071057,30.836505,-1,5109
103.554762,30.533439,-1,5110
103.796828,31.16691,-1,5111
103.692073,30.991065,-1,5112
104.118151,30.757186,69,5113
104.177669,30.78433,-1,5114
104.066131,30.37269,-1,5115
103.870236,30.77541,-1,5116
103.855719,30.628107,-1,5117
104.225969,30.525078,91,5118
104.118423,30.757194,69,5119
103.861593,30.796733,-1,5120
103.81633,30.633635,34,5121
104.242785,30.651605,80,5122
103.92668,30.946991,-1,5123
104.522769,30.429822,199,5124
104.226371,30.525073,91,5125
103.939951,30.470774,-1,5126
104.101255,31.371117,-1,5127
104.000181,30.520271,-1,5128
103.655003,30.926295,79,5129
104.583822,30.340588,-1,5130
103.818181,30.846854,-1,5131
103.90289,30.658347,63,5132
104.076585,30.295927,-1,5133
104.140628,30.827388,192,5134
103.883041,30.665951,153,5135
104.308648,30.865273,165,5136
104.07487,30.296442,-1,5137
103.278083,30.188383,-1,5138
103.483765,31.332574,188,5139
103.663702,30.673229,-1,5140
104.546912,30.372643,-1,5141
104.149395,30.359192,-1,5142
103.552018,30.612726,-1,5143
104.215333,30.82086,245,5144
103.838437,30.360885,46,5145
104.218663,30.777214,-1,5146
103.77013,30.652156,-1,5147
103.602461,30.926972,-1,5148
104.216257,30.776008,-1,5149
104.237665,30.653248,5,5150
104.615105,30.162868,-1,5151
104.133185,30.391209,-1,5152
104.278944,29.937095,-1,5153
104.498931,30.467701,-1,5154
103.660224,30.923124,-1,5155
103.94948,30.679252,-1,5156
103.838714,30.359597,46,5157
103.416289,31.06336,-1,5158
104.109426,30.504496,191,5159
104.367096,30.638854,-1,5160
104.112566,30.512996,-1,5161
104.209833,30.566386,-1,5162
104.072311,30.406936,-1,5163
103.694564,30.420502,-1,5164
104.120609,30.604217,-1,5165
103.8942,30.777656,-1,5166
103.64652,30.937149,-1,5167
104.075687,30.633859,-1,5168
104.069946,30.768684,75,5169
104.111524,30.596471,-1,5170
103.936242,30.90542,66,5171
104.151402,30.7078,-1,5172
104.220768,30.63892,108,5173
104.118359,30.757094,69,5174
103.999461,30.688644,-1,5175
104.135649,30.805836,169,5176
104.500847,30.483966,-1,5177
104.043365,30.675571,-1,5178
104.509626,30.36056,-1,5179
104.208705,30.524069,161,5180
103.195113,30.140473,-1,5181
103.912426,30.630949,96,5182
104.804844,30.152409,187,5183
104.242785,30.651605,80,5184
104.178019,30.683018,-1,5185
104.017097,30.845505,-1,5186
103.952324,30.795862,264,5187
104.06228,30.725938,-1,5188
104.908399,30.159939,109,5189
104.08755,30.748203,-1,5190
104.329347,30.853896,-1,5191
104.115018,30.579647,19,5192
103.959974,30.165695,97,5193
103.962473,30.372743,-1,5194
103.701317,30.602639,11,5195
104.208411,30.585641,-1,5196
103.861537,30.984724,-1,5197
104.036017,30.752311,-1,5198
104.387916,30.761726,246,5199
104.019753,29.139661,134,5200
103.973321,30.403201,-1,5201
103.868165,30.352652,-1,5202
104.200196,30.684363,177,5203
104.564953,30.386933,-1,5204
104.075082,30.729522,-1,5205
104.315535,30.860624,-1,5206
103.859439,30.827323,93,5207
103.705921,29.084142,-1,5208
103.794986,29.641894,-1,5209
104.241249,30.958142,-1,5210
103.888109,30.430803,-1,5211
103.936053,30.905348,66,5212
104.118367,30.757238,69,5213
103.915777,30.678332,-1,5214
104.968773,29.684653,-1,5215
103.887204,30.665992,-1,5216
103.845787,30.363287,-1,5217
104.07146,30.689199,215,5218
104.09409,30.580886,14,5219
104.051629,30.676394,-1,5220
103.940417,30.616127,12,5221
104.050016,30.476818,125,5222
103.449625,30.747203,-1,5223
104.012223,30.845119,-1,5224
104.048999,30.421511,-1,5225
104.047031,30.42813,90,5226
104.071179,30.725222,10,5227
103.418804,30.380686,-1,5228
104.509215,30.417058,-1,5229
103.705985,29.083339,-1,5230
104.075527,30.238834,22,5231
104.502807,30.419134,-1,5232
103.658978,30.923416,-1,5233
103.701373,30.602429,11,5234
103.783991,31.169786,-1,5235
104.229118,30.789584,-1,5236
103.55258,30.531358,-1,5237
104.118359,30.757176,69,5238
104.494236,31.329609,-1,5239
104.324021,30.343512,-1,5240
103.977783,30.688056,113,5241
104.430928,30.89258,-1,5242
104.175426,30.664355,232,5243
103.998637,30.428726,-1,5244
103.504455,30.573319,-1,5245
103.691943,30.420436,-1,5246
104.510821,30.353343,-1,5247
104.527616,30.666269,-1,5248
103.137458,30.100328,-1,5249
103.42944,30.412235,-1,5250
103.964495,30.636883,164,5251
104.226403,30.525382,91,5252
104.164292,30.658817,74,5253
104.093578,30.469818,-1,5254
104.260227,29.004556,-1,5255
103.819008,30.484397,-1,5256
104.277307,31.142011,-1,5257
104.069909,30.768678,75,5258
103.955771,31.008106,-1,5259
104.24251,30.651139,80,5260
104.196519,30.80683,-1,5261
104.238323,30.652634,5,5262
104.242636,30.651351,80,5263
103.560355,30.748705,181,5264
104.178574,30.782548,85,5265
104.556259,30.725563,-1,5266
103.997761,30.252904,-1,5267
103.508125,30.749324,-1,5268
103.884548,31.087651,-1,5269
104.308671,30.865113,165,5270
103.920589,30.686442,-1,5271
103.973825,30.738254,47,5272
103.497467,30.547215,-1,5273
103.624334,30.925929,-1,5274
104.078418,30.652453,-1,5275
104.561773,30.393723,-1,5276
103.816816,30.654372,-1,5277
103.878449,30.476592,-1,5278
103.990033,30.482574,-1,5279
103.782688,30.639864,-1,5280
104.326315,30.860426,155,5281
103.938445,30.616408,9,5282
104.175787,30.523762,-1,5283
104.077707,30.794626,-1,5284
104.237437,30.653146,5,5285
103.769772,30.692795,-1,5286
103.967322,30.647975,70,5287
103.77647,30.894009,-1,5288
104.236094,30.646896,49,5289
104.250078,30.663523,-1,5290
103.940281,30.99888,237,5291
104.198362,30.581905,13,5292
104.187795,30.772458,-1,5293
104.06009,30.648176,18,5294
104.164383,30.658772,74,5295
103.959958,30.165895,97,5296
104.55538,30.352944,182,5297
103.662911,30.672786,-1,5298
103.141914,30.996171,-1,5299
104.016575,30.450587,-1,5300
103.938245,30.616171,9,5301
103.496598,30.54735,-1,5302
103.761999,30.04279,-1,5303
103.936157,30.905432,66,5304
103.408779,30.748236,-1,5305
103.590142,30.738144,-1,5306
103.894041,30.406902,-1,5307
103.936401,30.613772,26,5308
103.738874,30.575947,-1,5309
103.974082,30.737997,47,5310
104.118079,30.757134,69,5311
104.476261,30.425591,-1,5312
103.984945,30.219147,136,5313
104.14924,30.622305,221,5314
103.895157,30.778947,-1,5315
103.940249,30.614158,213,5316
104.044702,30.575051,-1,5317
103.963059,30.448017,-1,5318
103.90233,30.658409,63,5319
103.986424,30.454149,-1,5320
104.092975,30.583007,14,5321
104.444375,30.597816,-1,5322
103.797193,30.643843,-1,5323
104.060415,30.650109,18,5324
104.04617,30.547107,-1,5325
104.393139,30.283572,212,5326
103.91268,30.824646,98,5327
104.20214,31.631371,-1,5328
104.101265,30.444501,-1,5329
104.292046,30.812858,-1,5330
103.458355,30.474101,-1,5331
104.052253,30.246001,137,5332
102.8819,30.019345,-1,5333
103.972195,30.542101,201,5334
104.101997,30.420126,-1,5335
104.131742,30.760656,-1,5336
103.69669,31.840409,-1,5337
104.388311,30.761886,246,5338
104.530764,30.394224,-1,5339
104.118775,30.757226,69,5340
103.495529,30.557475,-1,5341
103.818066,30.634169,34,5342
104.447202,30.477254,-1,5343
104.060466,30.669493,-1,5344
103.678313,31.030018,94,5345
103.505786,30.559044,249,5346
103.497244,30.545932,-1,5347
104.125196,30.769277,226,5348
103.8738,30.417299,-1,5349
104.502208,30.419496,-1,5350
104.311571,30.298983,159,5351
103.851618,30.988108,-1,5352
103.845809,30.429702,-1,5353
104.059782,30.424711,-1,5354
104.158822,30.775439,-1,5355
103.414823,30.757184,-1,5356
103.92962,30.941877,-1,5357
104.242573,30.65106,80,5358
104.501277,30.483927,-1,5359
104.489095,30.493538,143,5360
103.825392,30.948521,-1,5361
104.193569,31.615735,-1,5362
104.474495,30.3474,-1,5363
104.091654,30.586781,-1,5364
104.54428,31.102398,-1,5365
104.051831,30.434656,-1,5366
104.104935,30.504514,-1,5367
104.393115,30.283756,212,5368
103.985041,30.219129,136,5369
103.902642,30.658555,63,5370
103.498955,30.545421,-1,5371
103.654088,30.897054,-1,5372
104.391713,30.283821,212,5373
104.422872,30.474251,-1,5374
103.954347,30.339081,-1,5375
103.723111,29.103662,-1,5376
103.781297,30.459944,-1,5377
103.859719,30.301556,82,5378
103.681928,30.596676,211,5379
104.247157,30.657652,-1,5380
103.837684,30.360321,46,5381
104.315646,30.303057,118,5382
104.610203,30.342918,-1,5383
104.198228,30.581962,13,5384
103.617359,30.978188,-1,5385
104.326622,30.860192,155,5386
103.696266,30.609923,-1,5387
104.339203,30.459797,-1,5388
103.933339,30.813812,-1,5389
104.532173,30.647746,-1,5390
104.21619,30.699662,248,5391
104.392484,30.283749,212,5392
103.72483,30.578233,176,5393
104.215629,30.820809,245,5394
103.81913,30.633847,34,5395
104.020893,29.139276,134,5396
104.139093,30.418042,-1,5397
103.553153,30.221238,228,5398
103.897117,30.836509,146,5399
103.967136,30.64829,70,5400
104.172669,30.660075,8,5401
104.008727,30.590917,101,5402
104.099552,30.438162,-1,5403
103.862296,30.447349,-1,5404
104.539062,31.858997,33,5405
104.308949,30.755397,-1,5406
104.177222,30.718802,23,5407
104.115434,30.417827,274,5408
104.056311,30.402153,-1,5409
103.973252,31.4162,-1,5410
103.533317,30.76529,-1,5411
104.202343,30.726074,31,5412
103.498698,31.180138,-1,5413
103.93558,30.9055,66,5414
104.134607,30.669451,-1,5415
104.243124,30.65073,80,5416
104.037837,30.446777,-1,5417
103.914188,30.675427,200,5418
104.20078,30.720081,-1,5419
104.326451,30.86021,155,5420
104.225209,30.638685,239,5421
103.885939,30.165283,-1,5422
104.106368,30.583079,-1,5423
104.361233,30.425994,-1,5424
104.2037,30.726088,31,5425
104.243157,30.650418,80,5426
104.093135,30.581661,14,5427
104.001022,30.762733,-1,5428
103.912152,30.630994,96,5429
103.886753,30.528325,42,5430
103.851618,30.988108,-1,5431
104.352611,31.085269,-1,5432
104.170872,30.615042,145,5433
103.760582,30.598688,-1,5434
104.343218,30.624279,-1,5435
103.935348,30.905571,66,5436
103.945056,30.55506,-1,5437
104.243163,30.645911,68,5438
103.856068,30.837551,-1,5439
103.851415,30.437438,44,5440
104.122562,30.519266,-1,5441
103.940273,30.614208,213,5442
103.861213,30.446172,121,5443
104.052382,30.246171,137,5444
103.833561,30.342007,-1,5445
103.632718,30.955992,-1,5446
103.960047,30.165879,97,5447
104.107302,30.621632,-1,5448
104.188456,30.662317,-1,5449
104.128992,30.640189,-1,5450
104.255708,30.578088,-1,5451
103.964375,30.641402,-1,5452
104.10494,30.587169,55,5453
104.559559,30.727793,-1,5454
104.187019,30.549633,-1,5455
104.160872,30.643328,-1,5456
103.88281,30.665909,153,5457
104.411494,30.34462,-1,5458
104.177351,30.788373,-1,5459
103.935621,30.770968,-1,5460
103.88958,30.597191,-1,5461
104.498884,30.490758,151,5462
104.176886,30.701596,-1,5463
103.850975,30.820368,3,5464
103.863172,30.353373,-1,5465
104.131652,30.649685,-1,5466
104.326675,30.859969,155,5467
104.25299,30.273889,-1,5468
103.524293,30.395612,-1,5469
103.976402,30.639739,88,5470
103.553264,30.221322,228,5471
103.829112,30.396466,-1,5472
104.283484,30.937069,-1,5473
104.015317,30.616639,-1,5474
104.731128,30.646028,-1,5475
104.051897,30.540674,58,5476
104.49118,31.049603,-1,5477
104.749456,30.211257,-1,5478
104.413386,30.832927,-1,5479
103.961308,30.337535,-1,5480
104.577104,30.175851,-1,5481
104.417695,30.918708,-1,5482
104.669358,29.504172,150,5483
104.107032,30.513199,40,5484
104.488215,31.295597,-1,5485
104.054306,30.245521,-1,5486
103.900127,30.744502,-1,5487
104.320788,30.327704,-1,5488
104.052551,30.444548,-1,5489
104.223529,30.566149,21,5490
103.876905,30.164564,-1,5491
103.661038,30.961235,41,5492
104.17266,30.485413,244,5493
103.792969,30.445853,-1,5494
104.056769,30.428077,138,5495
103.991387,30.571811,-1,5496
104.225069,30.804943,-1,5497
104.106534,30.740636,-1,5498
103.870763,30.77204,-1,5499
103.800245,30.64643,-1,5500
104.001907,30.884264,-1,5501
104.205712,30.613589,-1,5502
103.380069,30.368212,-1,5503
103.701606,30.602329,11,5504
103.895489,31.01579,-1,5505
103.797589,30.971614,-1,5506
103.916485,30.369097,152,5507
104.324021,30.343512,-1,5508
104.208334,30.524338,161,5509
104.108708,30.39373,-1,5510
104.130884,30.671036,117,5511
104.041649,30.448406,-1,5512
103.956896,30.031274,-1,5513
104.096476,30.540681,135,5514
104.064196,30.665593,-1,5515
104.315582,30.303106,118,5516
103.617359,30.978188,-1,5517
104.005217,30.519634,-1,5518
104.049018,31.247956,-1,5519
103.633827,30.959918,-1,5520
104.044553,30.444928,25,5521
103.988749,30.459282,-1,5522
103.902402,30.658437,63,5523
103.81861,30.634246,34,5524
104.569176,30.707264,-1,5525
103.973612,30.800531,-1,5526
104.025053,30.593583,-1,5527
104.12537,30.769628,226,5528
103.909148,30.883166,-1,5529
103.798084,31.168251,247,5530
103.664719,30.643744,-1,5531
104.865603,30.239787,-1,5532
104.176868,30.722191,-1,5533
103.967615,30.586066,-1,5534
103.767651,30.54359,-1,5535
104.12085,30.501671,210,5536
104.040687,30.656741,-1,5537
103.988197,30.627792,-1,5538
103.986475,30.721929,-1,5539
104.236811,30.596689,-1,5540
103.994919,30.480365,-1,5541
104.255135,30.471571,-1,5542
104.134552,30.401377,-1,5543
103.964208,30.478191,193,5544
104.339796,31.12622,-1,5545
103.97293,30.661811,-1,5546
103.797698,31.241002,-1,5547
103.906201,30.414786,-1,5548
104.093422,30.442974,227,5549
104.183202,30.710571,95,5550
104.700621,31.00323,-1,5551
104.20015,30.549725,-1,5552
103.81855,30.854833,-1,5553
104.006519,30.592503,168,5554
103.912943,30.63094,96,5555
103.970707,30.649922,105,5556
104.392817,30.283438,212,5557
104.053511,30.446712,-1,5558
103.936425,30.614202,26,5559
104.003334,30.734724,223,5560
103.864808,30.40781,-1,5561
103.9041,30.243363,-1,5562
104.432377,30.472665,-1,5563
103.929212,30.699208,-1,5564
104.522051,30.429756,199,5565
103.646943,30.296223,-1,5566
103.882006,30.363402,-1,5567
103.886333,30.8201,-1,5568
104.095013,31.230275,-1,5569
103.9814,30.785426,86,5570
104.095649,30.677636,-1,5571
104.391522,30.299857,-1,5572
104.324329,30.936416,-1,5573
103.827582,30.919196,-1,5574
103.799465,30.422408,-1,5575
103.499248,30.569269,116,5576
104.215356,30.582665,208,5577
104.105901,30.587351,55,5578
104.125181,30.769295,226,5579
104.021066,30.54341,-1,5580
103.72474,30.578398,176,5581
103.792346,30.68751,-1,5582
103.990674,30.739401,268,5583
104.111463,30.587263,-1,5584
104.356642,30.609276,-1,5585
103.9523,30.795796,264,5586
103.921041,30.703038,6,5587
104.043929,30.445881,25,5588
103.958415,30.662463,259,5589
104.11553,30.378398,-1,5590
103.907531,30.671198,-1,5591
103.890899,30.431902,-1,5592
104.174962,30.715439,53,5593
104.155328,30.684898,-1,5594
104.073563,30.515707,-1,5595
104.235535,30.646565,49,5596
104.516722,30.635005,-1,5597
104.242556,30.650102,80,5598
103.96886,30.802142,-1,5599
104.242577,30.650839,80,5600
104.188065,30.793489,-1,5601
104.03748,30.361011,-1,5602
104.009233,30.763806,122,5603
103.923133,30.277173,-1,5604
103.827545,30.919242,-1,5605
104.004436,30.737634,-1,5606
104.018529,30.55309,-1,5607
104.555509,30.759618,-1,5608
104.170859,30.615048,145,5609
103.954443,30.632508,-1,5610
104.026917,30.480972,-1,5611
104.586204,30.734306,256,5612
104.150113,31.613664,-1,5613
103.738042,30.511395,27,5614
103.958279,31.069167,-1,5615
104.228014,30.788089,-1,5616
104.440661,30.847641,-1,5617
104.242492,30.650318,80,5618
104.180883,30.72329,-1,5619
104.164651,30.658771,74,5620
104.546588,29.504164,-1,5621
104.231111,30.705516,-1,5622
103.973773,31.032235,103,5623
104.253952,30.858938,110,5624
103.52675,30.39549,-1,5625
104.37819,30.313582,-1,5626
103.854167,30.639051,-1,5627
103.489512,30.749221,-1,5628
104.064473,30.438068,-1,5629
104.060188,30.452684,-1,5630
103.738455,30.664573,-1,5631
103.287236,30.581086,-1,5632
103.970826,30.650045,105,5633
104.774204,30.857997,-1,5634
104.094474,30.447179,-1,5635
103.849585,30.812711,-1,5636
103.880217,30.604252,-1,5637
104.235606,30.64642,49,5638
104.034144,30.530056,-1,5639
103.530786,30.557153,-1,5640
103.426327,31.071638,-1,5641
103.937699,30.614301,26,5642
103.895314,30.779316,-1,5643
103.452508,30.475079,-1,5644
103.920555,30.246392,-1,5645
103.543393,30.596089,-1,5646
104.315839,30.302879,118,5647
103.11342,30.096898,-1,5648
103.682244,30.870094,-1,5649
103.961621,30.368681,-1,5650
103.601053,31.06451,186,5651
104.311612,30.299176,159,5652
103.958672,30.662893,259,5653
104.107191,30.508697,-1,5654
103.489755,30.184576,-1,5655
104.515747,30.621164,-1,5656
103.706363,30.404377,-1,5657
104.54508,29.502102,-1,5658
103.874448,30.417286,-1,5659
103.756697,31.19485,-1,5660
104.008783,30.59067,101,5661
104.108195,30.420356,-1,5662
103.780348,30.403836,-1,5663
104.106729,30.756411,-1,5664
104.096979,30.586282,-1,5665
104.152028,30.542826,-1,5666
103.876331,30.491141,203,5667
104.326427,30.860028,155,5668
103.972099,30.542351,201,5669
104.52151,30.631005,-1,5670
103.464525,30.752261,-1,5671
103.677321,31.83659,-1,5672
104.071152,30.725256,10,5673
104.039743,30.531209,-1,5674
104.556107,30.099092,-1,5675
103.894746,30.410561,-1,5676
104.050781,30.540342,58,5677
104.241178,30.598462,-1,5678
104.085807,30.720139,-1,5679
104.161817,30.695419,-1,5680
104.215477,30.820825,245,5681
104.06612,30.448263,252,5682
103.941793,30.584758,-1,5683
103.701329,30.602436,11,5684
103.896757,30.915448,-1,5685
104.203747,30.726025,31,5686
104.500401,30.3391,107,5687
104.146218,30.621911,-1,5688
103.601005,31.064756,186,5689
103.919629,30.241723,-1,5690
104.167401,30.796335,-1,5691
104.059207,31.255665,-1,5692
104.103457,30.443596,-1,5693
104.311917,30.846796,-1,5694
104.129575,30.683329,-1,5695
104.08828,30.730434,-1,5696
104.404679,31.3303,-1,5697
103.958832,30.648103,272,5698
104.044879,30.206332,-1,5699
103.861717,30.804202,60,5700
103.888241,30.55608,64,5701
104.302032,30.597639,-1,5702
103.882296,30.612821,-1,5703
103.96008,30.571949,-1,5704
104.168994,30.532153,-1,5705
103.484423,30.405271,-1,5706
103.801853,31.165924,-1,5707
103.541794,31.420984,-1,5708
103.991642,30.903537,-1,5709
103.749479,30.492583,-1,5710
103.959453,30.617484,-1,5711
103.701622,30.602595,11,5712
104.375359,30.951362,-1,5713
104.543911,30.706749,216,5714
103.994633,30.612148,157,5715
103.296977,30.583514,-1,5716
103.997825,30.252787,-1,5717
103.832438,30.426034,-1,5718
103.634298,30.952664,-1,5719
104.219546,30.620295,-1,5720
104.183258,30.710637,95,5721
104.09278,30.582738,14,5722
104.198903,31.580392,-1,5723
104.03626,30.360826,-1,5724
104.164351,30.383657,139,5725
104.484057,30.444342,-1,5726
103.91284,30.82467,98,5727
104.184252,30.552869,267,5728
103.988268,30.62756,-1,5729
104.061254,30.492341,-1,5730
103.876262,30.491137,203,5731
104.496688,30.614307,-1,5732
104.227459,30.647842,-1,5733
103.815218,30.633236,34,5734
104.092914,30.442817,227,5735
103.917298,30.683946,28,5736
104.784134,30.834403,-1,5737
103.935998,30.614058,26,5738
104.495588,30.47106,258,5739
104.0399,30.582673,261,5740
104.02638,30.581163,-1,5741
104.203139,30.725866,31,5742
104.326347,30.86011,155,5743
104.051502,30.476652,125,5744
104.237765,30.65281,5,5745
103.859407,30.663221,-1,5746
104.255461,30.530972,7,5747
103.923287,30.260155,-1,5748
104.118712,30.468781,-1,5749
104.048708,30.241727,-1,5750
104.178965,30.782997,85,5751
103.971349,30.458161,-1,5752
104.492462,30.325544,-1,5753
104.170955,30.615285,145,5754
103.850732,31.0608,-1,5755
103.974084,30.639154,88,5756
104.193068,30.740728,-1,5757
104.079542,30.512959,129,5758
103.701558,30.602687,11,5759
103.69451,30.612701,-1,5760
104.080166,30.510907,129,5761
103.766094,31.192555,-1,5762
104.00428,30.698542,-1,5763
103.984351,30.561798,-1,5764
104.500321,30.338738,107,5765
103.715769,30.324787,-1,5766
103.701802,30.602442,11,5767
104.200429,30.684336,177,5768
103.800993,30.401775,-1,5769
104.027008,30.748793,-1,5770
103.991757,30.437844,265,5771
104.128276,30.682465,-1,5772
103.86136,30.446249,121,5773
103.905277,30.396541,-1,5774
104.071606,30.687852,215,5775
104.277283,31.141893,-1,5776
104.092577,30.58644,-1,5777
104.248671,30.346046,-1,5778
102.202296,29.683883,-1,5779
103.479626,30.427801,276,5780
103.957979,30.59781,-1,5781
104.152124,30.776784,-1,5782
103.985057,30.219063,136,5783
103.908926,30.543165,1,5784
104.317447,30.302702,-1,5785
103.477103,31.319339,-1,5786
103.478501,30.42776,276,5787
104.120488,30.757875,-1,5788
103.886945,30.528451,42,5789
104.018074,30.248463,-1,5790
103.952844,30.842221,-1,5791
103.711614,29.149433,-1,5792
103.965063,30.310091,-1,5793
103.851255,30.437034,44,5794
104.062558,30.709951,-1,5795
104.234974,30.646238,49,5796
104.251885,30.327955,-1,5797
104.03662,30.602835,-1,5798
104.100485,30.521622,-1,5799
104.137484,30.412446,-1,5800
104.761583,30.615591,-1,5801
103.854551,30.341123,-1,5802
104.037665,30.360629,-1,5803
103.819074,30.633981,34,5804
104.393348,30.755991,-1,5805
104.162307,30.55668,-1,5806
103.71351,30.574256,-1,5807
103.972072,30.614177,-1,5808
103.972195,30.542101,201,5809
104.223489,30.794307,57,5810
104.233606,30.609651,-1,5811
104.057554,30.427192,138,5812
103.844881,30.682496,-1,5813
104.041399,30.59335,170,5814
104.364829,30.293382,-1,5815
104.14019,30.781881,-1,5816
104.224003,30.566269,21,5817
104.555268,30.35271,182,5818
104.055952,30.45764,204,5819
104.570675,30.706647,-1,5820
103.867159,30.534983,240,5821
103.91757,30.68189,-1,5822
104.063573,30.633251,263,5823
104.163461,30.648964,-1,5824
104.531933,30.364238,-1,5825
103.531586,31.405223,-1,5826
103.443278,31.271498,-1,5827
103.920918,30.703133,6,5828
103.861119,30.445445,121,5829
104.077553,30.794698,-1,5830
104.44963,30.48065,-1,5831
104.735135,30.6487,-1,5832
103.54528,30.589079,-1,5833
103.853328,30.635013,-1,5834
104.253339,30.576705,-1,5835
104.485748,30.444371,-1,5836
104.087001,30.804334,-1,5837
103.820024,30.466116,-1,5838
103.856769,30.355977,-1,5839
104.243163,30.645899,68,5840
104.18872,30.717714,-1,5841
103.937948,30.619008,114,5842
103.671707,30.430629,-1,5843
104.02856,30.337783,-1,5844
103.95218,30.428222,171,5845
103.969467,30.366435,4,5846
104.422736,30.474085,-1,5847
104.418001,30.306908,-1,5848
103.638644,30.47815,-1,5849
104.037844,30.658224,-1,5850
103.677166,30.564852,-1,5851
104.120805,30.501846,210,5852
104.157345,30.64821,-1,5853
104.169006,30.741231,56,5854
103.69365,30.937852,233,5855
103.915097,30.607897,-1,5856
104.317447,30.302702,-1,5857
104.172524,30.483766,244,5858
104.089488,30.832282,-1,5859
104.085063,30.683409,195,5860
102.211842,29.821148,-1,5861
103.959877,30.517328,130,5862
103.790145,29.636299,78,5863
104.616234,30.158322,-1,5864
104.190101,31.570642,-1,5865
103.597993,30.985217,-1,5866
103.872275,30.799279,-1,5867
103.91324,30.235832,-1,5868
104.216827,30.571906,242,5869
104.111797,30.523346,-1,5870
104.127636,30.648045,-1,5871
104.071184,30.469262,-1,5872
104.052098,30.487256,-1,5873
104.2429,30.6506,80,5874
103.932361,30.810094,-1,5875
104.094836,30.58659,-1,5876
103.735501,30.868969,-1,5877
103.829745,30.918137,-1,5878
103.986728,30.484999,-1,5879
104.118666,30.756586,69,5880
104.038116,30.732443,241,5881
104.115014,30.466465,-1,5882
104.051456,30.541124,58,5883
104.177825,30.719085,23,5884
104.148336,30.718234,-1,5885
103.71954,30.565818,-1,5886
104.072057,30.695392,270,5887
103.72477,30.578188,176,5888
104.075527,30.238834,22,5889
104.258969,30.811887,-1,5890
103.833017,30.421559,-1,5891
104.858423,29.741199,128,5892
103.969467,30.366435,4,5893
104.122098,30.539753,-1,5894
103.995448,30.612711,157,5895
104.138577,30.610768,-1,5896
104.109616,30.522506,-1,5897
104.201165,30.739019,123,5898
104.177511,30.718926,23,5899
104.11861,30.469194,-1,5900
104.039021,30.360005,124,5901
104.33608,30.91051,-1,5902
103.831155,30.465907,-1,5903
103.896923,30.666535,202,5904
104.159245,30.673395,-1,5905
104.215493,30.821244,245,5906
104.200451,30.684296,177,5907
104.744371,31.016202,-1,5908
103.939237,30.654687,-1,5909
103.956846,30.93929,-1,5910
104.12528,30.769535,226,5911
104.078438,30.53247,-1,5912
104.038176,30.498677,-1,5913
103.845973,30.431866,-1,5914
104.183529,30.550054,-1,5915
104.076837,30.375682,280,5916
103.838502,30.359804,46,5917
104.118359,30.757194,69,5918
103.785713,30.652175,-1,5919
104.04639,30.787386,-1,5920
104.112789,30.752669,38,5921
104.043178,31.268467,-1,5922
103.61391,30.242438,-1,5923
103.717356,30.609271,-1,5924
103.948146,30.673066,-1,5925
103.800477,31.247387,-1,5926
104.220783,30.638714,108,5927
103.977969,30.620076,-1,5928
104.235502,30.647139,49,5929
104.268868,30.578083,29,5930
103.924521,30.94996,-1,5931
103.973948,30.80022,-1,5932
103.981641,30.785088,86,5933
104.103965,30.715391,-1,5934
103.977398,30.640984,88,5935
104.858488,29.740873,128,5936
104.242956,30.645484,68,5937
103.966224,30.537684,-1,5938
104.339526,30.666902,-1,5939
104.253116,30.773876,-1,5940
104.338075,30.702441,-1,5941
103.584929,30.501802,-1,5942
104.105343,30.512479,40,5943
103.729287,30.594892,-1,5944
104.064327,30.492815,-1,5945
103.905496,30.810822,87,5946
103.893898,30.439377,-1,5947
104.183186,30.710771,95,5948
103.680304,30.611554,-1,5949
103.899947,30.496288,-1,5950
103.912825,30.824643,98,5951
104.096185,30.543168,-1,5952
103.682393,30.612763,-1,5953
104.168266,30.754513,-1,5954
103.560673,30.748561,181,5955
103.945535,30.925239,-1,5956
103.662012,30.919546,-1,5957
104.108148,30.505445,191,5958
103.97155,30.650575,105,5959
103.877364,30.554913,-1,5960
104.358871,31.073419,-1,5961
103.788932,30.862494,-1,5962
104.509215,30.417058,-1,5963
103.833561,30.342007,-1,5964
104.133101,30.946102,-1,5965
104.224835,30.804722,-1,5966
104.072248,30.488051,-1,5967
103.581346,30.523263,-1,5968
103.990954,30.436412,-1,5969
104.24286,30.651235,80,5970
104.326364,30.718708,-1,5971
104.073876,30.748577,-1,5972
103.972114,30.991207,-1,5973
103.464801,30.452597,-1,5974
103.928303,30.925234,-1,5975
104.079445,30.513167,129,5976
103.885624,30.479974,-1,5977
103.831079,30.919189,-1,5978
103.710221,29.19303,-1,5979
103.806273,31.17178,-1,5980
104.235585,30.646772,49,5981
104.078567,30.373832,-1,5982
104.201026,30.682658,-1,5983
103.967232,30.648524,70,5984
103.85967,31.066657,-1,5985
104.548143,30.364278,-1,5986
104.087577,30.579279,-1,5987
103.952743,30.795872,264,5988
104.297001,30.996087,-1,5989
104.371973,30.86434,48,5990
103.653117,30.920365,238,5991
104.082845,30.513516,-1,5992
104.613277,30.855378,-1,5993
103.654482,30.925948,79,5994
104.74554,30.451858,61,5995
103.796196,30.678851,-1,5996
103.991407,30.885664,-1,5997
103.929134,30.974539,-1,5998
103.928203,30.889121,-1,5999
104.196279,30.52772,-1,6000
103.808436,30.205623,-1,6001
104.213484,30.573847,-1,6002
103.865767,30.528344,-1,6003
103.990405,30.436919,-1,6004
103.901738,30.659371,-1,6005
103.981653,30.785279,86,6006
104.071184,30.725227,10,6007
103.87584,30.483314,-1,6008
104.570691,30.706115,-1,6009
104.080609,30.816817,-1,6010
103.870487,30.702209,126,6011
104.226169,30.791632,15,6012
104.149241,30.839298,175,6013
104.052269,30.246013,137,6014
103.929552,30.941741,-1,6015
104.102747,30.767724,-1,6016
103.948356,30.46779,-1,6017
104.11157,30.575502,-1,6018
104.245753,30.577857,-1,6019
103.479808,31.328668,-1,6020
103.72247,31.198786,-1,6021
103.877331,30.572595,-1,6022
104.064068,30.679734,-1,6023
104.055503,30.458255,204,6024
104.233622,30.794019,-1,6025
104.151397,30.35889,-1,6026
104.177374,30.718654,23,6027
103.648874,30.477323,-1,6028
103.987519,30.332572,-1,6029
104.162189,30.685553,-1,6030
103.90356,30.658082,63,6031
104.803757,30.148811,-1,6032
104.075636,30.769314,-1,6033
103.769792,30.696421,-1,6034
104.125363,30.769591,226,6035
104.255488,30.859413,110,6036
104.97316,29.870536,39,6037
103.870792,30.701812,126,6038
103.91375,30.389867,-1,6039
104.150397,30.577412,-1,6040
103.736175,30.699552,-1,6041
104.105855,30.563526,-1,6042
104.1128,30.579223,19,6043
104.18587,30.718588,163,6044
104.209242,30.584307,-1,6045
104.572082,30.70883,-1,6046
104.245393,30.645416,68,6047
104.055102,30.730044,-1,6048
103.660863,30.961165,41,6049
104.225118,30.707506,217,6050
104.114313,30.750267,-1,6051
104.175355,30.788736,-1,6052
104.041803,30.746535,-1,6053
104.313335,30.274702,-1,6054
103.815393,30.633371,34,6055
103.90245,30.658519,63,6056
104.367415,30.434537,250,6057
104.533769,29.759933,179,6058
103.924593,30.474741,-1,6059
104.315587,30.611184,-1,6060
104.009368,30.763793,122,6061
104.004155,30.514887,-1,6062
103.82655,30.799688,-1,6063
104.032666,30.85823,127,6064
104.320267,30.278178,224,6065
103.521771,30.748961,-1,6066
104.177374,30.718686,23,6067
103.872522,30.390217,-1,6068
104.641818,29.527254,-1,6069
103.416332,30.756571,-1,6070
104.570084,30.350038,-1,6071
104.060339,30.649017,18,6072
103.792298,29.723149,-1,6073
103.873643,30.485701,-1,6074
104.245343,30.70771,-1,6075
103.954305,30.726206,-1,6076
104.102231,30.748602,-1,6077
104.066202,31.066781,-1,6078
103.591525,30.742254,-1,6079
103.60936,30.393248,-1,6080
103.902562,30.658317,63,6081
104.154764,30.572356,-1,6082
103.502923,30.564855,-1,6083
103.940296,30.670529,-1,6084
104.172829,30.483433,244,6085
104.153063,30.514508,-1,6086
104.318495,30.861346,43,6087
104.09326,30.581394,14,6088
102.707304,29.976243,-1,6089
103.795403,30.441358,-1,6090
104.085476,30.727257,-1,6091
104.226147,30.64781,-1,6092
103.616332,30.735903,-1,6093
103.694826,30.618503,-1,6094
103.89153,30.41007,-1,6095
103.823004,30.646504,-1,6096
104.603486,30.712155,-1,6097
104.08588,30.384592,-1,6098
104.149077,30.8392,175,6099
104.196279,30.52772,-1,6100
103.801407,30.45146,-1,6101
104.093204,30.856437,-1,6102
104.615825,30.158124,-1,6103
103.89875,30.677205,-1,6104
104.049448,30.651643,-1,6105
104.014619,30.83898,-1,6106
103.677993,31.029861,94,6107
103.885656,30.47999,-1,6108
103.534298,30.783961,-1,6109
103.752898,30.491071,-1,6110
104.022966,31.388389,-1,6111
104.220903,30.638561,108,6112
104.191798,30.790196,-1,6113
104.10529,30.563783,-1,6114
103.817638,30.742086,-1,6115
103.802289,30.455564,-1,6116
103.926678,30.949261,-1,6117
103.615312,30.2562,-1,6118
104.253102,30.870455,-1,6119
103.977676,30.688528,113,6120
104.082601,30.577565,52,6121
102.704162,29.995456,-1,6122
104.36608,30.857245,166,6123
104.150881,30.631385,-1,6124
103.977118,30.640181,88,6125
104.248975,30.772343,76,6126
103.861247,30.804161,60,6127
103.923632,30.716922,154,6128
104.242785,30.651605,80,6129
104.227684,30.527442,-1,6130
104.554433,30.398985,-1,6131
104.071142,30.752841,-1,6132
104.55621,30.353576,182,6133
104.226171,30.644751,-1,6134
104.669947,30.087402,-1,6135
103.987701,30.919726,-1,6136
104.016038,30.553992,-1,6137
104.044993,30.427434,90,6138
104.342214,30.926701,-1,6139
104.15507,30.520997,-1,6140
103.877183,30.562525,219,6141
103.798152,31.168314,247,6142
104.460683,30.48791,-1,6143
104.307171,30.865161,165,6144
104.545196,30.372809,-1,6145
103.718332,30.614352,-1,6146
104.522596,30.662466,-1,6147
104.075034,30.730706,-1,6148
104.377947,30.455808,-1,6149
104.169006,30.741231,56,6150
104.587339,30.734865,256,6151
104.212446,30.583736,-1,6152
103.58407,30.289935,-1,6153
104.423914,30.861281,-1,6154
103.938305,30.616447,9,6155
104.568076,30.681657,-1,6156
104.106451,30.513057,40,6157
104.166254,30.712219,147,6158
103.940159,30.575559,-1,6159
103.924853,30.475084,-1,6160
103.798307,31.168415,247,6161
104.150241,30.616217,172,6162
104.235478,30.646836,49,6163
104.036562,30.29665,32,6164
103.987538,30.7606,-1,6165
103.945133,30.555226,-1,6166
103.937139,30.613404,26,6167
103.994776,30.443635,-1,6168
103.847678,30.540027,-1,6169
104.012846,29.140214,-1,6170
104.007581,30.453087,-1,6171
104.280021,30.727717,-1,6172
103.854964,30.314867,-1,6173
104.112018,30.753076,38,6174
103.656882,30.961428,-1,6175
104.164763,30.658746,74,6176
104.228779,30.692312,-1,6177
104.061811,30.419027,257,6178
103.940231,30.57266,-1,6179
104.47712,30.355274,-1,6180
103.664828,30.958702,-1,6181
104.149902,30.688539,-1,6182
103.851044,30.437239,44,6183
104.175391,30.66443,232,6184
104.023532,30.593271,-1,6185
104.118063,30.756908,69,6186
103.867084,30.53499,240,6187
103.919402,30.235002,-1,6188
103.993709,30.610911,-1,6189
104.52295,30.43,199,6190
103.720602,30.563038,-1,6191
104.237813,30.652932,5,6192
104.252467,30.574871,-1,6193
104.231936,30.639536,156,6194
103.451294,30.471915,-1,6195
103.991377,30.439511,-1,6196
104.130873,30.671038,117,6197
104.3125,30.8747,255,6198
104.292693,30.391408,-1,6199
104.061899,30.453581,-1,6200
103.968572,30.632077,-1,6201
104.015153,29.142331,-1,6202
103.923439,30.717018,154,6203
104.045664,30.537873,-1,6204
104.196236,30.52748,-1,6205
103.969524,30.366535,4,6206
103.633758,30.340392,-1,6207
104.245336,30.553414,-1,6208
104.166047,30.712465,147,6209
104.309107,30.865307,165,6210
103.961204,30.367766,-1,6211
104.11005,30.579086,-1,6212
103.726465,30.778443,-1,6213
104.138205,30.412401,-1,6214
104.073782,30.376336,-1,6215
104.203009,30.726019,31,6216
104.017474,31.380387,-1,6217
104.594299,30.715031,-1,6218
104.037063,30.148023,81,6219
103.881348,30.416689,-1,6220
104.173315,30.727713,-1,6221
103.754185,31.014939,-1,6222
104.069036,30.692837,111,6223
103.498266,30.203803,-1,6224
104.082106,30.48828,-1,6225
103.629509,30.894043,-1,6226
103.995049,30.648988,-1,6227
104.068286,30.183576,-1,6228
103.864673,31.069979,-1,6229
103.446314,30.747214,-1,6230
103.784784,29.441758,-1,6231
103.86695,30.53501,240,6232
103.739077,30.358323,-1,6233
103.457628,31.26237,-1,6234
104.109485,30.518455,-1,6235
104.162834,30.699003,229,6236
104.315979,30.303022,118,6237
104.112474,30.752942,38,6238
103.87853,30.198158,59,6239
104.177825,30.719085,23,6240
104.207974,30.756943,-1,6241
103.723111,29.103662,-1,6242
104.162296,30.682872,-1,6243
104.047513,30.426133,90,6244
104.556411,30.372645,-1,6245
104.171997,30.658799,8,6246
104.178651,30.78306,85,6247
104.615112,30.163391,-1,6248
104.533921,29.759401,179,6249
104.003334,30.734724,223,6250
104.401677,30.997239,218,6251
103.868623,30.613018,-1,6252
103.661468,30.961089,41,6253
103.683116,31.013274,-1,6254
104.502918,30.41916,-1,6255
104.067662,30.450633,-1,6256
104.191862,30.789929,-1,6257
104.04244,30.19926,266,6258
104.178091,30.521487,-1,6259
103.878879,30.357825,-1,6260
104.522067,30.429706,199,6261
104.052098,30.487256,-1,6262
103.819081,30.79721,167,6263
104.066453,30.68606,-1,6264
103.465557,30.438094,269,6265
103.850903,30.820514,3,6266
104.207462,30.65334,-1,6267
104.348149,30.338624,-1,6268
104.36612,30.857261,166,6269
104.017097,30.845505,-1,6270
104.118176,30.756747,69,6271
104.386302,30.762723,-1,6272
103.896923,30.666535,202,6273
104.21699,30.571861,242,6274
104.354002,30.999769,-1,6275
104.164964,30.658898,74,6276
104.118729,30.468896,-1,6277
104.028498,30.337802,-1,6278
103.901449,30.834551,89,6279
104.148453,30.839638,175,6280
104.492064,30.325542,-1,6281
104.566864,30.387768,275,6282
104.178574,30.782548,85,6283
103.505541,30.558972,249,6284
104.235869,30.646554,49,6285
104.1313,30.670645,117,6286
104.410196,30.758645,83,6287
104.202651,30.725902,31,6288
103.762263,31.19753,-1,6289
104.23232,30.984965,-1,6290
103.552818,30.530644,-1,6291
103.879296,30.357838,-1,6292
104.237441,30.652932,5,6293
104.112422,30.753196,38,6294
103.958378,30.648738,272,6295
103.892918,30.447838,220,6296
104.042882,30.462513,-1,6297
104.18872,30.717714,-1,6298
104.603625,30.869032,-1,6299
104.237528,30.718852,-1,6300
103.79944,31.037599,-1,6301
104.254791,30.642412,-1,6302
104.0788,30.498772,-1,6303
104.299828,30.389277,-1,6304
104.140004,30.827374,192,6305
104.424847,30.473989,260,6306
104.566861,30.387332,275,6307
103.883282,30.665931,153,6308
104.044011,30.445887,25,6309
104.02857,30.55128,-1,6310
104.32851,30.276131,-1,6311
104.081847,30.492835,-1,6312
103.654677,30.926045,79,6313
103.967304,30.64811,70,6314
103.905015,30.676393,158,6315
104.160585,30.643414,-1,6316
103.560902,30.748664,181,6317
103.882052,30.975507,-1,6318
104.108669,30.464018,207,6319
103.852098,30.282602,-1,6320
104.532327,30.648115,-1,6321
104.134978,30.374996,-1,6322
103.680368,30.894797,-1,6323
103.762743,30.041875,-1,6324
104.216348,30.52238,-1,6325
104.036562,30.29665,32,6326
104.161475,30.53464,-1,6327
104.083853,30.577522,52,6328
103.846666,30.38837,-1,6329
103.714017,30.490269,-1,6330
104.16501,30.658881,74,6331
103.881938,30.454739,-1,6332
103.963036,30.662655,-1,6333
104.556131,30.353626,182,6334
104.080001,30.513036,129,6335
104.378109,30.455716,-1,6336
104.056636,30.366841,-1,6337
104.008442,30.688868,-1,6338
103.969581,30.62662,-1,6339
104.081929,30.458871,-1,6340
104.411995,30.345065,-1,6341
103.922323,30.279818,-1,6342
103.940634,30.61424,213,6343
103.643101,30.942561,2,6344
104.00131,30.650934,-1,6345
103.875863,30.399741,-1,6346
104.15623,30.549339,-1,6347
103.874498,30.464631,-1,6348
104.009187,30.479683,277,6349
104.075381,30.238815,22,6350
103.841627,30.7915,-1,6351
104.106293,30.465844,-1,6352
103.824934,30.421087,-1,6353
103.79276,30.461016,73,6354
103.503548,30.574332,-1,6355
103.828619,30.397197,-1,6356
104.536994,30.656923,-1,6357
103.726482,30.559467,279,6358
103.697523,30.407122,-1,6359
103.903091,30.676362,-1,6360
103.958246,30.662847,259,6361
104.390545,31.063022,-1,6362
104.50046,30.339084,107,6363
104.050347,30.476641,125,6364
103.687912,31.024862,-1,6365
104.096763,30.623924,-1,6366
104.489266,30.459159,-1,6367
103.84674,30.4381,149,6368
104.586542,30.132623,-1,6369
104.111985,30.752721,38,6370
104.206815,30.807973,-1,6371
104.243247,30.645757,68,6372
104.086794,30.227497,-1,6373
104.093434,30.581358,14,6374
103.845428,30.541844,-1,6375
104.262454,30.861676,-1,6376
104.108931,30.50482,191,6377
104.015325,29.140429,-1,6378
104.530931,30.442266,-1,6379
103.872552,30.779237,185,6380
104.204288,30.557159,-1,6381
104.500417,30.338852,107,6382
104.566288,30.386481,275,6383
103.856287,30.784915,-1,6384
103.465539,30.437673,269,6385
104.221199,30.638511,108,6386
104.469425,30.847985,51,6387
104.185506,30.55238,267,6388
104.308525,30.846086,-1,6389
103.837107,30.359219,46,6390
104.662217,31.091793,173,6391
104.389664,30.310307,-1,6392
104.242551,30.650987,80,6393
103.960259,30.822665,-1,6394
104.096213,30.543328,-1,6395
104.113035,30.579708,19,6396
104.070768,30.48202,-1,6397
103.661043,30.960854,41,6398
103.533412,30.572436,-1,6399
103.937491,30.613437,26,6400
103.897179,30.666567,202,6401
104.089158,30.590035,-1,6402
104.084326,30.578065,52,6403
103.269789,30.565283,-1,6404
104.260572,30.871813,-1,6405
103.708001,30.902856,-1,6406
104.173925,30.545301,-1,6407
104.573243,30.368326,-1,6408
104.049708,30.541808,58,6409
103.701376,30.602662,11,6410
104.48947,30.493987,143,6411
103.376578,30.282702,-1,6412
104.080369,30.583227,-1,6413
104.070547,30.726665,-1,6414
104.201747,30.65925,-1,6415
104.185331,30.552207,267,6416
104.118865,30.757093,69,6417
103.902789,30.631504,-1,6418
104.056685,30.367643,-1,6419
104.22498,30.793858,15,6420
104.286191,30.696358,196,6421
103.278083,30.188383,-1,6422
103.559946,30.548819,214,6423
104.040447,30.672882,-1,6424
104.081547,30.581902,-1,6425
104.047217,30.45022,-1,6426
104.293938,30.603209,-1,6427
103.835215,30.640474,-1,6428
104.488759,30.462196,104,6429
104.378525,30.2921,-1,6430
104.267946,30.650808,-1,6431
104.481482,30.460799,-1,6432
103.678313,31.030018,94,6433
104.165129,30.658927,74,6434
104.054511,30.653975,102,6435
104.054682,30.457431,204,6436
104.501277,30.483927,-1,6437
104.026917,30.480972,-1,6438
104.041752,30.248827,-1,6439
103.974081,31.003458,-1,6440
103.916285,30.369247,152,6441
104.541273,31.858873,-1,6442
104.075058,30.729138,-1,6443
104.049833,30.283082,-1,6444
103.985806,30.454038,-1,6445
104.245393,30.645416,68,6446
103.990861,30.419446,-1,6447
104.026177,30.473125,-1,6448
104.178083,30.521687,-1,6449
104.454107,31.172281,-1,6450
104.234926,30.646255,49,6451
103.96826,31.004346,-1,6452
104.105869,30.644726,-1,6453
104.25009,30.579773,-1,6454
104.199918,30.36888,-1,6455
103.600893,31.063966,186,6456
103.816336,30.633564,34,6457
104.756948,30.633782,-1,6458
104.020164,30.241145,-1,6459
104.316062,30.276739,-1,6460
103.972827,30.620946,-1,6461
104.075527,30.238834,22,6462
103.935548,30.905464,66,6463
104.052532,30.799777,-1,6464
104.669358,29.504172,150,6465
103.934908,30.580917,-1,6466
104.387314,30.432926,-1,6467
104.414872,30.24389,-1,6468
104.332999,30.903848,-1,6469
104.543504,30.718253,-1,6470
103.96653,31.005453,-1,6471
104.026657,30.450368,-1,6472
103.838213,30.360003,46,6473
104.092663,30.582153,14,6474
103.989597,30.643731,-1,6475
104.326684,30.860395,155,6476
104.775707,30.887486,-1,6477
104.031272,30.529458,-1,6478
103.660234,30.592344,-1,6479
104.113971,30.419578,-1,6480
104.165796,30.658491,74,6481
103.678336,31.029687,94,6482
103.497196,30.547382,-1,6483
103.886781,30.820233,-1,6484
103.956017,29.163061,-1,6485
104.103049,30.713048,-1,6486
103.974181,30.737908,47,6487
104.301163,30.316548,-1,6488
104.001194,30.569961,-1,6489
104.101982,30.534827,-1,6490
103.825375,30.658044,-1,6491
104.11194,30.518457,-1,6492
104.519833,30.43008,-1,6493
103.861125,30.44527,121,6494
103.936213,30.905701,66,6495
104.061878,30.752609,-1,6496
104.221976,30.526283,-1,6497
103.937443,30.614569,26,6498
104.041994,30.464431,-1,6499
104.105897,30.855306,-1,6500
104.169296,30.710774,-1,6501
103.48763,31.250924,-1,6502
104.383252,30.585768,-1,6503
104.202248,30.726106,31,6504
103.925542,30.634599,-1,6505
103.714591,30.40919,-1,6506
103.332628,29.24943,-1,6507
103.561279,30.748722,181,6508
104.244003,30.645517,68,6509
103.625416,30.9318,-1,6510
104.037122,30.857873,-1,6511
103.625847,30.402626,-1,6512
103.536677,30.569837,-1,6513
104.625347,30.33346,-1,6514
103.970996,30.650589,105,6515
104.099381,30.466802,133,6516
103.835458,30.816044,-1,6517
104.090214,30.517419,-1,6518
103.464997,30.452671,-1,6519
103.469619,30.392221,-1,6520
104.428518,31.149942,230,6521
104.203718,30.726003,31,6522
103.639123,30.946751,-1,6523
103.988969,30.817554,-1,6524
103.508191,30.749515,-1,6525
104.227784,30.780873,-1,6526
103.576307,30.523582,-1,6527
104.064608,30.373788,-1,6528
104.555195,30.353029,182,6529
103.680751,30.895029,-1,6530
104.05014,30.709977,-1,6531
104.050679,30.541476,58,6532
104.093636,30.581581,14,6533
104.044983,30.761495,-1,6534
103.904776,30.977885,-1,6535
103.959979,30.655608,-1,6536
103.967296,30.648519,70,6537
104.446978,30.473531,-1,6538
104.269089,30.622711,-1,6539
104.017252,30.845657,-1,6540
104.028793,30.571218,-1,6541
104.244156,30.645432,68,6542
104.139421,30.392751,-1,6543
104.131446,30.395006,-1,6544
103.9521,30.427991,171,6545
104.202867,30.725935,31,6546
104.148693,30.628402,-1,6547
103.060325,30.027635,-1,6548
104.166697,30.659068,74,6549
104.152012,30.766289,-1,6550
104.098882,30.414658,-1,6551
103.859668,31.066655,-1,6552
103.527062,30.2038,-1,6553
104.152683,30.744716,-1,6554
103.92137,30.670459,-1,6555
104.522067,30.429706,199,6556
103.459809,30.746888,84,6557
104.301183,30.395164,-1,6558
103.640192,30.465924,50,6559
104.047787,30.828593,-1,6560
104.353931,31.077339,-1,6561
104.125333,30.769698,226,6562
103.955938,30.834226,-1,6563
104.151501,30.776722,-1,6564
103.956728,30.030478,-1,6565
103.565804,30.525958,-1,6566
103.790313,29.636399,78,6567
104.008522,30.481007,-1,6568
103.918352,30.415557,-1,6569
104.539174,31.859931,33,6570
103.987169,30.415561,-1,6571
103.573038,31.466971,-1,6572
103.970357,30.635954,-1,6573
104.224662,30.33546,-1,6574
103.837684,30.360321,46,6575
103.939792,30.616126,12,6576
104.010779,30.869356,-1,6577
103.497188,30.545962,-1,6578
103.492564,31.350302,-1,6579
102.700923,29.989285,-1,6580
104.07321,30.445845,-1,6581
103.939696,30.61731,12,6582
103.870394,30.702281,126,6583
103.771666,29.472136,-1,6584
103.698278,30.630189,-1,6585
104.345855,30.864866,-1,6586
104.096852,30.586619,-1,6587
103.661058,30.961318,41,6588
103.964256,30.478043,193,6589
103.994236,30.680425,-1,6590
104.098911,30.585115,-1,6591
103.7174,30.608161,-1,6592
104.258554,30.852586,-1,6593
104.237301,30.652888,5,6594
103.195392,30.141423,-1,6595
104.535238,31.86429,-1,6596
103.923678,30.800089,-1,6597
104.1691,30.390682,-1,6598
104.078353,30.36794,-1,6599
104.118047,30.75687,69,6600
104.089785,30.832147,-1,6601
103.826712,29.979991,-1,6602
103.989668,30.725936,-1,6603
103.827512,30.91876,-1,6604
104.236268,30.646997,49,6605
103.913066,30.71138,-1,6606
104.179904,30.535606,-1,6607
104.088047,30.540247,-1,6608
104.21619,30.699662,248,6609
104.496436,30.613778,-1,6610
104.224702,30.804707,-1,6611
103.768218,30.426749,-1,6612
104.059362,30.442117,-1,6613
103.498395,30.568639,116,6614
103.775238,30.599653,-1,6615
104.112356,30.752811,38,6616
104.50495,29.727804,-1,6617
103.452527,30.374279,-1,6618
103.506153,30.559093,249,6619
103.984433,30.57278,-1,6620
104.0903,30.777694,-1,6621
104.202768,30.874173,-1,6622
104.114777,30.579733,19,6623
104.226371,30.525073,91,6624
103.958343,30.689766,-1,6625
103.971805,30.638745,-1,6626
104.023421,30.523096,-1,6627
104.195707,30.859045,-1,6628
103.881331,30.416704,-1,6629
104.422257,30.474454,-1,6630
104.504662,30.343926,-1,6631
104.148138,30.71876,-1,6632
103.940952,30.573642,-1,6633
104.501129,30.215643,-1,6634
103.917377,30.68398,28,6635
102.805071,30.277553,-1,6636
103.917882,30.68405,28,6637
104.059554,30.416582,-1,6638
104.042234,30.536904,-1,6639
104.221299,30.638458,108,6640
104.32654,30.859944,155,6641
104.007588,30.554198,65,6642
103.866334,31.077619,-1,6643
103.929437,30.699502,-1,6644
103.974917,30.743311,-1,6645
103.872612,30.779209,185,6646
104.159983,30.697629,-1,6647
103.952397,30.427868,171,6648
104.745597,30.451664,61,6649
104.183717,30.725915,-1,6650
103.790485,29.746353,-1,6651
104.193169,30.740053,-1,6652
104.203617,30.726028,31,6653
104.221112,30.638313,108,6654
103.657807,31.044546,-1,6655
104.456896,30.856464,-1,6656
103.918194,30.684018,28,6657
103.884035,30.719049,-1,6658
104.318527,30.861262,43,6659
104.477573,30.489102,271,6660
104.328112,30.34587,-1,6661
104.164555,30.658982,74,6662
103.955948,30.940004,-1,6663
103.945086,30.439658,-1,6664
104.508747,30.354565,180,6665
103.936505,30.613802,26,6666
104.215542,30.649266,-1,6667
104.221366,30.639163,108,6668
103.922057,30.282421,-1,6669
104.072815,30.696233,270,6670
103.837322,30.35752,-1,6671
104.97316,29.870536,39,6672
104.101933,30.381731,-1,6673
104.137154,30.412431,-1,6674
103.454796,30.388655,-1,6675
104.059955,30.416204,-1,6676
103.887138,30.528747,42,6677
104.203139,30.725866,31,6678
102.068552,31.480824,-1,6679
104.226171,30.644751,-1,6680
103.64032,30.46596,50,6681
104.256395,30.72602,-1,6682
104.205266,30.640135,-1,6683
103.76944,30.696522,-1,6684
103.601262,30.8755,-1,6685
103.997339,30.757459,174,6686
104.034838,30.537848,-1,6687
104.076472,30.79188,-1,6688
103.969292,30.36646,4,6689
103.534175,30.694919,-1,6690
104.30884,30.865597,165,6691
104.022452,30.500874,-1,6692
104.326651,30.860296,155,6693
104.036486,30.325091,-1,6694
103.684225,30.888238,-1,6695
104.0889,30.735831,-1,6696
104.515741,30.634992,-1,6697
103.878701,30.491879,-1,6698
103.912038,30.798655,-1,6699
104.243701,29.945867,-1,6700
104.543737,31.389381,-1,6701
104.254343,30.993514,-1,6702
104.128233,30.640121,-1,6703
103.920781,30.29549,-1,6704
104.063618,30.633116,263,6705
103.944059,30.663059,-1,6706
103.489875,30.184778,-1,6707
104.179523,31.628895,-1,6708
103.744086,30.495087,-1,6709
104.04252,30.199172,266,6710
103.85104,30.820391,3,6711
104.021105,31.311839,-1,6712
103.817391,30.633899,34,6713
103.701218,30.60247,11,6714
104.500907,30.339023,107,6715
104.42847,31.14971,230,6716
104.54508,29.502102,-1,6717
103.45211,30.474919,-1,6718
104.047595,30.428827,90,6719
103.632787,31.095151,-1,6720
104.110138,30.587245,-1,6721
103.847059,30.438248,149,6722
104.036228,30.489222,-1,6723
103.630964,30.957691,-1,6724
104.099381,30.466802,133,6725
104.502686,30.616206,-1,6726
104.973361,29.870805,39,6727
104.488959,30.493504,143,6728
103.64032,30.46596,50,6729
104.363263,30.28986,-1,6730
104.080626,30.817033,-1,6731
104.118263,30.757134,69,6732
104.24444,30.574919,-1,6733
104.221454,30.638972,108,6734
103.885876,30.583791,-1,6735
104.016461,30.445697,-1,6736
104.255236,30.859594,110,6737
104.512924,30.420138,67,6738
104.203273,30.725899,31,6739
103.921134,30.702981,6,6740
104.070917,30.727133,-1,6741
103.474759,30.431231,16,6742
104.07197,30.432137,-1,6743
103.6536,30.920566,238,6744
103.973621,30.578636,106,6745
104.224528,31.441108,-1,6746
103.802469,30.185283,-1,6747
103.863792,30.777519,-1,6748
104.081853,30.467801,-1,6749
103.990887,30.419349,-1,6750
104.008019,30.561046,-1,6751
104.060722,30.442449,-1,6752
103.965476,30.182201,-1,6753
104.149077,30.8392,175,6754
104.117674,30.282717,71,6755
103.896027,30.666285,202,6756
104.229101,30.789534,-1,6757
104.000649,30.763052,-1,6758
103.64958,30.695692,-1,6759
104.231913,30.639461,156,6760
104.183494,30.486326,-1,6761
104.266648,30.620209,-1,6762
104.069761,30.76857,75,6763
103.880574,30.404251,184,6764
104.162394,30.557146,-1,6765
104.409605,30.746599,-1,6766
103.880169,30.404395,184,6767
104.394407,30.350115,234,6768
104.185437,30.684367,253,6769
104.091589,30.67857,-1,6770
104.500593,30.338987,107,6771
103.464833,30.452695,-1,6772
104.040753,30.593284,170,6773
104.081627,30.493822,-1,6774
103.957829,30.663132,259,6775
104.041216,30.59336,170,6776
103.696613,30.656841,-1,6777
104.099236,30.712305,-1,6778
103.591067,30.834213,-1,6779
104.279399,30.674188,-1,6780
103.877015,30.664314,-1,6781
103.985265,30.723501,-1,6782
104.248995,30.772394,76,6783
104.273089,30.681123,-1,6784
103.965802,30.637733,164,6785
103.862233,30.790009,-1,6786
103.639353,30.946512,-1,6787
104.046179,30.551048,-1,6788
103.871409,30.289502,-1,6789
103.981449,30.785783,86,6790
104.361689,30.425984,-1,6791
103.532782,30.405741,-1,6792
104.113503,30.57963,19,6793
104.236357,30.646438,49,6794
104.118647,30.757068,69,6795
103.97774,30.688546,113,6796
104.153348,30.649046,-1,6797
104.221486,30.638905,108,6798
103.701404,30.60266,11,6799
103.480728,30.761804,-1,6800
103.453606,30.374587,-1,6801
104.225965,30.593186,-1,6802
103.929874,30.524483,-1,6803
104.057442,30.426891,-1,6804
104.177279,30.718641,23,6805
103.86125,30.804176,60,6806
104.244156,30.645432,68,6807
103.561225,30.748867,181,6808
104.522983,30.633483,-1,6809
104.234542,30.645953,49,6810
104.414208,30.944657,-1,6811
104.069944,30.725362,-1,6812
104.247697,30.576538,-1,6813
104.064023,30.665569,-1,6814
104.045813,30.4462,25,6815
103.94667,30.468227,-1,6816
103.889432,30.383735,-1,6817
104.21619,30.699662,248,6818
103.874138,30.707266,-1,6819
104.041961,30.249662,-1,6820
103.760254,30.665134,-1,6821
103.684905,31.028158,-1,6822
104.392473,30.283769,212,6823
104.202679,31.188765,-1,6824
103.893042,30.513855,54,6825
104.071176,30.725219,10,6826
103.842185,30.538866,-1,6827
104.182336,30.449911,-1,6828
103.701493,30.602725,11,6829
104.049018,31.247956,-1,6830
104.179762,30.619374,-1,6831
104.138028,30.608013,-1,6832
104.182985,30.717311,72,6833
104.067702,30.64719,-1,6834
104.329347,30.85393,-1,6835
103.499247,30.569269,116,6836
103.753673,31.015255,-1,6837
104.096852,30.586654,-1,6838
104.119171,30.756959,69,6839
104.555483,30.352826,182,6840
103.454758,30.417419,-1,6841
104.370236,31.088334,-1,6842
103.981208,30.785313,86,6843
103.569269,30.747257,-1,6844
103.754169,31.014873,-1,6845
103.969399,30.366448,4,6846
104.172056,30.659243,8,6847
103.934386,30.322726,-1,6848
104.097123,30.450086,-1,6849
103.647898,30.951411,35,6850
104.529623,30.66407,-1,6851
104.107073,30.587117,55,6852
103.977623,30.689287,113,6853
104.579998,30.866543,-1,6854
103.934743,30.548819,-1,6855
104.16626,30.712249,147,6856
104.241916,30.651885,80,6857
103.654832,30.664467,-1,6858
104.157047,30.720057,-1,6859
103.901313,30.834572,89,6860
104.076222,30.769625,-1,6861
104.08867,30.466149,-1,6862
104.97439,29.869605,-1,6863
104.007658,30.554192,65,6864
104.20216,30.677656,-1,6865
104.349366,30.643144,-1,6866
103.872493,30.49108,-1,6867
103.957831,30.638489,-1,6868
103.920898,30.702713,6,6869
103.503339,30.564542,-1,6870
103.908093,30.973073,189,6871
103.862204,30.712139,-1,6872
104.213548,30.744888,-1,6873
103.872552,30.779237,185,6874
104.236003,30.64696,49,6875
103.708766,30.453593,-1,6876
104.067477,30.433518,-1,6877
104.115392,30.417804,274,6878
103.877183,30.562525,219,6879
103.909192,30.678016,-1,6880
103.646943,30.296223,-1,6881
103.994519,30.728015,-1,6882
104.086614,30.664378,-1,6883
103.997514,30.869961,-1,6884
104.108058,30.553834,-1,6885
103.911989,30.630904,96,6886
103.902306,30.658335,63,6887
103.636682,30.485172,-1,6888
103.908615,30.972918,189,6889
103.701464,30.602657,11,6890
103.845397,30.431897,-1,6891
104.003346,30.73474,223,6892
103.717917,30.590576,-1,6893
103.769116,30.428032,-1,6894
103.856432,30.442397,183,6895
103.802331,31.250867,-1,6896
104.033124,30.58396,-1,6897
103.683712,30.878896,-1,6898
103.736874,30.51107,-1,6899
104.498884,30.490758,151,6900
103.662803,30.397715,-1,6901
104.064121,30.526912,-1,6902
104.104531,30.405854,-1,6903
104.016326,30.843334,-1,6904
104.973016,29.870702,39,6905
104.467158,30.836998,-1,6906
104.009427,30.763785,122,6907
104.23284,30.496068,-1,6908
103.939672,30.424348,-1,6909
104.0498,30.283166,-1,6910
104.056287,30.763248,37,6911
104.391578,30.299807,-1,6912
104.118279,30.757267,69,6913
104.310479,30.62128,-1,6914
104.584822,30.355098,-1,6915
103.959362,30.431612,-1,6916
104.003133,30.515386,-1,6917
103.646801,30.934696,-1,6918
104.081739,30.491912,-1,6919
104.312121,30.298544,159,6920
104.559157,30.671667,-1,6921
103.614355,30.964434,-1,6922
104.089325,30.429693,-1,6923
103.694275,30.936556,-1,6924
104.395967,30.756103,-1,6925
103.607987,30.826275,-1,6926
104.310873,31.118475,-1,6927
104.036284,30.529115,-1,6928
104.039308,30.806378,-1,6929
104.239995,30.598031,-1,6930
104.04605,30.557474,-1,6931
104.219106,30.655249,-1,6932
103.802093,31.165877,-1,6933
104.223955,30.80259,-1,6934
104.08997,30.463138,-1,6935
103.552265,30.831986,-1,6936
103.885939,30.165283,-1,6937
103.552265,30.831986,-1,6938
104.047113,30.590008,-1,6939
104.417158,31.233477,-1,6940
104.057886,30.47646,-1,6941
103.71423,30.582606,-1,6942
104.595496,31.767986,-1,6943
103.970593,30.989987,-1,6944
104.109213,30.464018,207,6945
104.000553,30.44127,-1,6946
103.856666,30.629107,-1,6947
104.446899,30.473503,-1,6948
104.243157,30.650418,80,6949
104.479291,30.490622,-1,6950
104.092793,30.618643,-1,6951
104.255618,30.530954,7,6952
103.695703,30.395612,-1,6953
103.962549,30.939437,-1,6954
103.459841,30.747036,84,6955
103.959501,30.364978,-1,6956
103.977756,30.688374,113,6957
103.977727,30.616727,-1,6958
104.410986,30.343249,-1,6959
104.083586,30.57793,52,6960
104.236005,30.646736,49,6961
103.969476,30.62667,-1,6962
104.093127,30.581368,14,6963
103.878818,30.781266,-1,6964
104.160492,30.731038,-1,6965
104.061741,30.270954,-1,6966
103.487072,31.252102,-1,6967
103.924207,30.800186,-1,6968
103.859076,30.827449,93,6969
104.154923,30.510379,-1,6970
104.082702,30.643564,-1,6971
104.05734,30.648908,273,6972
104.19154,30.820112,36,6973
104.203394,30.726029,31,6974
103.914707,30.419073,-1,6975
104.215282,30.582814,208,6976
104.08001,30.511075,129,6977
103.93559,30.472206,-1,6978
104.225214,30.997928,-1,6979
104.008697,30.590745,101,6980
104.01278,30.540903,-1,6981
103.681727,30.596608,211,6982
104.078895,30.684603,-1,6983
104.118279,30.757006,69,6984
103.498625,30.568714,116,6985
103.973413,30.404644,-1,6986
104.428662,31.149844,230,6987
103.797343,30.643747,-1,6988
104.456937,30.82631,-1,6989
104.213972,30.651559,160,6990
104.015541,30.616559,-1,6991
103.822566,30.647566,-1,6992
103.68115,30.612643,-1,6993
104.42101,30.500634,-1,6994
104.005763,30.514752,-1,6995
103.888201,30.556112,64,6996
104.125999,30.894223,-1,6997
104.102581,30.450795,-1,6998
103.888744,30.558231,-1,6999
104.522626,30.429888,199,7000
104.326379,30.860076,155,7001
104.268783,30.578109,29,7002
104.024709,31.356721,-1,7003
104.013078,30.324356,-1,7004
104.428093,30.955535,-1,7005
104.112209,30.834544,-1,7006
104.106871,30.510518,-1,7007
104.655392,30.34174,-1,7008
103.803765,31.165329,-1,7009
103.859248,30.827655,93,7010
103.801712,31.247187,-1,7011
103.602643,30.982964,-1,7012
104.055922,30.763161,37,7013
104.804061,30.152287,187,7014
103.83618,30.522024,-1,7015
103.81398,30.63294,34,7016
103.901681,30.834703,89,7017
103.673941,30.722585,-1,7018
103.885939,30.165283,-1,7019
102.632957,31.869575,-1,7020
104.194118,30.73808,-1,7021
103.694292,30.370919,-1,7022
104.473928,30.486296,-1,7023
103.996457,30.455488,-1,7024
104.038567,30.334377,-1,7025
104.203648,30.726006,31,7026
104.189746,30.662292,141,7027
104.255135,30.471571,-1,7028
103.553081,30.221254,228,7029
104.143314,30.58178,-1,7030
104.283783,30.815301,-1,7031
104.095133,30.445727,-1,7032
104.169959,30.86503,-1,7033
103.985179,30.633996,-1,7034
103.674467,30.910319,-1,7035
104.053521,30.526551,-1,7036
104.05892,30.650871,-1,7037
103.889498,30.38383,-1,7038
103.691361,30.610083,-1,7039
104.098774,30.712592,-1,7040
104.101185,30.59439,-1,7041
104.10119,30.594497,-1,7042
104.10801,30.562498,-1,7043
104.058745,30.635321,-1,7044
104.169469,30.518911,-1,7045
104.377957,30.45484,-1,7046
104.015285,30.842549,-1,7047
104.041231,30.593457,170,7048
103.879518,30.480199,-1,7049
104.069823,30.768713,75,7050
104.151593,30.84225,-1,7051
104.078861,30.359792,-1,7052
104.171973,30.478254,-1,7053
104.00389,30.606378,-1,7054
104.424808,30.474049,260,7055
103.701421,30.602654,11,7056
103.929136,30.974534,-1,7057
104.997467,29.654328,-1,7058
104.804405,30.152726,187,7059
104.17098,30.615209,145,7060
103.904847,30.631508,-1,7061
104.234909,30.647026,49,7062
103.552265,30.831986,-1,7063
104.051695,30.686412,-1,7064
104.028424,30.52226,-1,7065
104.234509,30.646396,49,7066
104.307171,30.865161,165,7067
104.117642,30.282883,71,7068
104.105475,30.587334,55,7069
103.535829,30.75019,-1,7070
104.392364,30.31905,-1,7071
103.864885,30.77809,-1,7072
103.771823,31.175635,-1,7073
104.055922,30.763161,37,7074
103.408951,29.918039,-1,7075
103.918165,30.541156,-1,7076
103.99782,30.171065,-1,7077
104.181989,30.533921,-1,7078
103.974022,30.639392,88,7079
103.94521,30.847744,-1,7080
103.639219,30.946258,-1,7081
104.038708,30.359832,124,7082
103.964616,30.636821,164,7083
104.059562,30.424792,-1,7084
104.231785,30.639466,156,7085
103.871815,30.784933,-1,7086
103.504892,30.725333,-1,7087
103.990947,30.739211,268,7088
104.07905,30.818214,-1,7089
104.002781,30.69579,-1,7090
103.903842,30.244384,-1,7091
103.921041,30.703038,6,7092
104.019127,29.138972,134,7093
104.075515,30.769916,-1,7094
103.819081,30.79721,167,7095
104.252605,30.640413,-1,7096
104.262325,30.850852,-1,7097
104.235678,30.64696,49,7098
104.223955,30.80259,-1,7099
104.235238,30.646855,49,7100
103.454148,30.366953,-1,7101
104.121129,30.501069,210,7102
104.08449,30.456094,254,7103
103.004854,29.963934,-1,7104
104.121707,30.771309,-1,7105
104.082416,30.643689,-1,7106
104.122707,30.597379,-1,7107
103.99336,30.616104,-1,7108
104.059688,30.420846,-1,7109
103.940417,30.616127,12,7110
103.956728,30.030478,-1,7111
104.33133,30.898257,-1,7112
104.173067,30.484203,244,7113
103.796751,30.646782,-1,7114
103.957572,30.660527,162,7115
104.226626,30.792598,15,7116
104.284692,31.141671,-1,7117
103.943707,30.50754,-1,7118
104.104911,30.812965,-1,7119
103.675414,30.90267,-1,7120
104.137484,30.412446,-1,7121
104.242283,30.650461,80,7122
104.225241,30.707552,217,7123
103.97372,31.002698,-1,7124
103.739417,31.014766,-1,7125
104.17278,30.483846,244,7126
104.50103,30.473897,-1,7127
104.04872,30.6535,-1,7128
104.215767,30.855222,-1,7129
104.153717,30.725872,-1,7130
104.20157,30.73308,-1,7131
104.06623,30.44372,-1,7132
104.032134,30.526886,-1,7133
104.33288,30.756032,-1,7134
104.169555,30.741393,56,7135
103.881119,30.359919,-1,7136
104.118729,30.468914,-1,7137
104.202784,30.725899,31,7138
103.812564,30.571587,100,7139
104.019375,30.574739,-1,7140
103.688597,30.353382,-1,7141
104.614897,30.695546,-1,7142
104.043733,31.280025,-1,7143
103.955223,30.341763,-1,7144
104.115851,30.583686,115,7145
103.742125,30.576604,-1,7146
103.832753,30.66795,-1,7147
104.595048,30.111751,-1,7148
104.21492,30.583356,208,7149
104.708741,30.885657,-1,7150
104.296062,30.272574,-1,7151
104.498884,30.490758,151,7152
104.193445,30.832183,-1,7153
103.811678,30.632335,34,7154
104.114673,30.579467,19,7155
103.659055,30.923479,-1,7156
103.673774,30.422849,-1,7157
103.904708,30.676023,158,7158
104.223655,30.885102,-1,7159
103.846087,31.283185,-1,7160
103.82776,31.277907,-1,7161
104.247672,30.546493,-1,7162
103.940653,30.614098,213,7163
104.021928,29.138266,134,7164
104.178574,30.782548,85,7165
103.912172,30.631046,96,7166
104.03738,30.732015,241,7167
103.861298,30.803687,60,7168
103.776299,30.83882,-1,7169
104.29568,30.684248,-1,7170
104.065839,30.445697,252,7171
104.323478,30.644901,131,7172
104.570459,30.349503,-1,7173
104.182128,30.717458,72,7174
104.097359,30.573542,-1,7175
104.10909,30.602855,-1,7176
103.86503,30.407819,-1,7177
104.118271,30.757034,69,7178
104.026141,30.75994,-1,7179
104.401415,30.997589,218,7180
103.649382,30.335695,-1,7181
103.610213,30.834748,-1,7182
104.243248,30.645954,68,7183
103.958211,30.662087,259,7184
104.080545,30.711949,-1,7185
103.93562,30.905632,66,7186
103.081226,30.374762,-1,7187
104.187853,30.793504,-1,7188
103.796744,31.034337,-1,7189
103.940337,30.62091,205,7190
103.703671,30.341922,-1,7191
104.430952,30.891029,-1,7192
104.213748,30.583726,208,7193
103.54185,30.746874,-1,7194
104.212206,30.586786,-1,7195
103.681711,30.596676,211,7196
104.108448,30.543896,-1,7197
104.857792,29.740866,128,7198
103.860348,30.837198,-1,7199
103.686685,30.871882,-1,7200
104.096411,30.459142,-1,7201
104.09114,30.59579,-1,7202
104.571762,30.688503,-1,7203
103.908135,30.973151,189,7204
103.792377,29.723149,-1,7205
104.045076,30.76145,-1,7206
104.00694,30.517462,-1,7207
103.839539,30.846067,-1,7208
104.065294,30.439439,-1,7209
104.610432,31.298352,-1,7210
104.367024,30.305649,-1,7211
104.02024,29.139923,134,7212
104.06498,30.447228,252,7213
103.534175,30.694919,-1,7214
103.948174,30.327199,-1,7215
103.802469,30.185283,-1,7216
103.815923,30.742291,-1,7217
104.20433,30.857399,-1,7218
103.796608,29.434498,-1,7219
103.940337,30.620904,205,7220
103.986824,30.482589,-1,7221
103.876297,30.491318,203,7222
103.996736,30.417357,-1,7223
103.839746,30.359091,46,7224
104.432377,30.472665,-1,7225
103.64021,30.466077,50,7226
104.515794,30.391481,-1,7227
104.185575,30.552363,267,7228
104.144101,30.533879,-1,7229
103.647501,30.547364,-1,7230
103.677933,31.030009,94,7231
104.179661,30.619437,-1,7232
103.89673,30.915341,-1,7233
104.3185,29.924104,-1,7234
103.517018,30.391949,-1,7235
103.992364,30.421179,-1,7236
103.908439,30.543053,1,7237
104.160861,30.643535,-1,7238
104.054684,30.542323,-1,7239
103.899539,30.496138,-1,7240
104.098,30.556239,-1,7241
103.726937,30.559394,279,7242
103.956017,29.163061,-1,7243
103.815404,30.906807,-1,7244
103.988059,30.635444,-1,7245
104.286462,30.968803,-1,7246
103.433244,30.397028,-1,7247
103.785793,30.652243,-1,7248
104.039989,30.582606,261,7249
103.936112,30.90526,66,7250
104.101148,30.435381,-1,7251
104.097385,30.584738,-1,7252
103.985385,30.41415,-1,7253
103.943555,30.499223,-1,7254
103.706363,30.404377,-1,7255
104.537277,30.365704,236,7256
104.093151,30.581491,14,7257
104.118015,30.756956,69,7258
104.057291,30.444639,-1,7259
104.066893,30.487005,-1,7260
103.878088,30.490303,-1,7261
103.983861,30.572959,-1,7262
103.921716,30.235902,-1,7263
103.776206,30.838877,-1,7264
103.932705,30.683996,-1,7265
104.090203,30.43072,-1,7266
104.083908,30.818598,-1,7267
103.843287,30.537734,-1,7268
103.902514,30.658481,63,7269
104.296704,30.994504,-1,7270
104.235958,30.646914,49,7271
103.878897,30.463302,-1,7272
104.065568,30.44644,252,7273
102.88112,29.644605,-1,7274
104.191473,30.819975,36,7275
104.04134,30.338685,-1,7276
103.982184,30.7656,-1,7277
104.231402,30.87302,-1,7278
104.39022,31.062987,-1,7279
104.19855,30.582122,13,7280
103.677079,30.902167,-1,7281
103.705127,30.841366,-1,7282
103.936415,30.614004,26,7283
104.44717,30.473587,-1,7284
104.428238,30.485449,-1,7285
103.81652,30.640893,-1,7286
103.628445,30.727476,62,7287
104.393115,30.283756,212,7288
104.02985,30.764976,-1,7289
104.038764,30.360082,124,7290
104.502195,30.493977,-1,7291
104.033962,30.2986,-1,7292
104.098262,30.534062,-1,7293
103.701412,30.602749,11,7294
104.240443,30.801994,-1,7295
103.292309,31.112287,-1,7296
104.102989,30.689355,-1,7297
103.964559,30.636867,164,7298
103.875191,30.027725,-1,7299
103.789917,30.688555,-1,7300
103.861459,30.456637,-1,7301
103.895593,30.477413,-1,7302
104.041595,30.510759,-1,7303
104.020434,29.139297,134,7304
103.557604,30.533214,-1,7305
104.327076,30.306097,-1,7306
103.561104,30.748568,181,7307
103.958126,30.662185,259,7308
104.115352,30.753631,-1,7309
104.126706,30.400681,-1,7310
103.993399,30.764575,132,7311
104.051046,30.541178,58,7312
103.459727,30.74673,84,7313
104.207678,31.187344,-1,7314
104.112685,30.834857,-1,7315
104.308648,30.865273,165,7316
103.981533,30.784971,86,7317
104.387978,30.746559,-1,7318
104.177324,30.718614,23,7319
104.393374,30.294178,-1,7320
103.887963,30.66137,-1,7321
104.179247,30.733134,-1,7322
103.688448,30.894881,-1,7323
104.140764,30.610665,-1,7324
103.730542,30.574855,-1,7325
103.953771,30.525744,-1,7326
104.081961,30.48657,-1,7327
104.112281,30.754551,-1,7328
104.118551,30.756722,69,7329
103.765112,31.205203,-1,7330
103.953897,31.012926,-1,7331
104.092695,30.58277,14,7332
103.822483,30.949705,-1,7333
104.106336,30.580637,-1,7334
104.221486,30.638905,108,7335
103.887993,30.661402,-1,7336
104.526975,30.638224,-1,7337
104.424156,30.392666,-1,7338
103.991577,30.661536,-1,7339
103.8116,30.632345,34,7340
103.959352,30.663925,-1,7341
103.880801,30.414779,-1,7342
103.592789,30.831491,-1,7343
104.007882,31.20509,-1,7344
103.726465,30.778443,-1,7345
104.55355,30.353013,-1,7346
104.150187,30.615792,172,7347
103.97016,30.98815,-1,7348
104.118792,30.537235,-1,7349
104.333704,30.643989,-1,7350
103.941117,30.552615,-1,7351
104.793039,29.726753,-1,7352
103.876996,30.397123,-1,7353
103.80319,30.604747,-1,7354
103.89727,30.836302,146,7355
104.101173,30.426465,-1,7356
104.129143,30.610523,-1,7357
104.235278,30.645904,49,7358
103.992165,30.593252,-1,7359
104.037395,30.732127,241,7360
103.853323,30.839298,-1,7361
104.041428,30.593313,170,7362
103.497492,30.568339,116,7363
103.895731,30.666168,202,7364
103.505731,30.559093,249,7365
104.215404,30.35396,-1,7366
103.668271,30.370964,-1,7367
104.215081,30.582707,208,7368
103.496997,30.547083,-1,7369
103.986336,30.456448,-1,7370
104.198322,30.581989,13,7371
103.877235,30.562525,219,7372
104.753974,30.885844,-1,7373
104.072661,30.695517,270,7374
103.912124,30.236899,-1,7375
104.663027,31.091262,173,7376
103.895012,30.242984,-1,7377
103.560343,30.748795,181,7378
104.192456,30.821369,36,7379
104.092848,30.752429,-1,7380
103.861309,30.803861,60,7381
103.846432,30.42858,30,7382
103.921113,30.702966,6,7383
104.297451,30.237591,-1,7384
103.960992,30.577507,-1,7385
104.223662,30.794411,57,7386
103.84767,30.779357,-1,7387
103.47472,30.431715,16,7388
103.380181,30.368266,-1,7389
103.93671,31.095307,-1,7390
103.936537,30.613902,26,7391
103.871317,30.462202,-1,7392
104.266636,30.742248,-1,7393
103.720387,30.595049,-1,7394
104.025204,30.644071,-1,7395
104.505371,30.506643,-1,7396
104.489279,30.493969,143,7397
104.234542,30.645971,49,7398
104.254832,30.858923,110,7399
104.175391,30.66443,232,7400
103.701765,30.602454,11,7401
104.118987,30.75704,69,7402
103.45216,30.475004,-1,7403
104.238106,30.653047,5,7404
103.597882,30.867061,-1,7405
103.592307,30.851025,-1,7406
103.80474,30.601895,-1,7407
104.312758,30.298436,159,7408
104.244588,30.645616,68,7409
103.656912,30.916853,-1,7410
103.947436,30.70112,-1,7411
103.496454,30.753103,-1,7412
103.879879,30.404377,184,7413
104.249056,30.77236,76,7414
104.153598,30.615907,-1,7415
104.044318,30.206065,-1,7416
104.318582,30.861039,43,7417
104.235853,30.646238,49,7418
104.117149,30.53763,-1,7419
104.627153,30.902582,-1,7420
104.292669,30.391616,-1,7421
103.819332,30.907254,-1,7422
103.917233,30.683527,28,7423
104.098714,30.41469,-1,7424
103.798267,30.423735,-1,7425
103.893069,30.513313,54,7426
104.432404,31.155192,-1,7427
103.887031,30.528516,42,7428
103.731614,30.914018,-1,7429
104.177721,30.718958,23,7430
104.215542,30.649266,-1,7431
103.948111,30.554285,-1,7432
104.009515,30.76398,122,7433
103.955696,31.007016,-1,7434
103.969673,30.366795,4,7435
104.06597,30.44621,252,7436
104.242876,30.649818,80,7437
103.912324,30.630931,96,7438
104.233622,30.794019,-1,7439
103.958178,30.662823,259,7440
103.489755,30.184576,-1,7441
103.919186,30.243815,-1,7442
104.125311,30.769624,226,7443
103.768205,30.471404,-1,7444
103.93976,30.617372,12,7445
103.916509,30.369579,152,7446
104.081406,30.473969,-1,7447
103.684084,30.648359,-1,7448
104.059351,30.425705,-1,7449
104.118383,30.757078,69,7450
104.078597,30.667686,-1,7451
104.215493,30.821176,245,7452
104.498633,30.428258,-1,7453
103.967336,31.005041,-1,7454
104.287807,30.697194,196,7455
104.213815,30.651402,160,7456
104.379458,31.079082,-1,7457
104.881827,30.641115,-1,7458
103.945819,30.937583,-1,7459
103.893271,30.513348,54,7460
103.912988,30.630927,96,7461
104.085119,30.683434,195,7462
104.119665,31.027274,-1,7463
104.262248,30.272358,-1,7464
103.495916,31.357886,-1,7465
104.387939,30.761812,246,7466
104.144136,30.533975,-1,7467
104.252612,30.595979,-1,7468
104.015446,29.142246,-1,7469
104.361931,30.604433,-1,7470
103.602503,30.902714,-1,7471
104.176333,30.778658,-1,7472
104.175426,30.664355,232,7473
104.224003,30.566269,21,7474
104.278374,30.82063,-1,7475
104.315269,30.830057,-1,7476
103.890841,30.701965,-1,7477
104.055808,30.457185,204,7478
104.118351,30.757184,69,7479
102.645675,30.933778,-1,7480
103.549337,30.211135,-1,7481
104.225801,30.790648,15,7482
104.106084,30.523357,-1,7483
104.394309,30.350331,234,7484
104.124972,30.769395,226,7485
103.524293,30.395612,-1,7486
104.123291,30.404796,-1,7487
103.85786,30.6309,-1,7488
103.952196,30.427806,171,7489
103.79258,30.187609,-1,7490
103.536993,30.771153,-1,7491
103.859391,30.301238,82,7492
103.920918,30.703133,6,7493
103.770324,30.431332,-1,7494
104.159208,30.720125,-1,7495
103.792642,30.186596,-1,7496
104.048598,30.462451,-1,7497
104.991134,29.542969,243,7498
104.094019,30.580997,14,7499
103.720566,30.590223,-1,7500
103.958193,30.662025,259,7501
104.249083,30.772415,76,7502
103.579803,30.757166,-1,7503
103.602503,30.902714,-1,7504
104.121443,30.539658,-1,7505
104.11075,30.581704,-1,7506
103.732274,30.495503,-1,7507
104.192631,31.192048,-1,7508
103.664719,30.643744,-1,7509
104.115846,30.583831,115,7510
104.177125,30.718651,23,7511
103.891631,30.778664,-1,7512
104.17796,30.718949,23,7513
103.72917,30.583912,-1,7514
104.069629,30.768781,75,7515
103.923372,30.261237,-1,7516
104.222931,30.675354,-1,7517
103.464801,30.45272,-1,7518
104.311716,31.006883,-1,7519
103.384082,30.731212,-1,7520
104.068384,30.692721,111,7521
103.851279,30.437034,44,7522
103.846432,30.428422,30,7523
104.235334,30.646652,49,7524
103.473265,30.388292,-1,7525
104.088339,30.73922,-1,7526
104.465369,30.472213,-1,7527
103.946622,30.553817,-1,7528
103.72476,30.578268,176,7529
103.730534,30.362001,-1,7530
104.072723,30.496318,-1,7531
104.106795,30.755831,-1,7532
103.825091,30.798317,-1,7533
103.79906,31.168366,247,7534
103.940064,30.614341,213,7535
104.114777,30.579369,19,7536
104.382239,30.35069,-1,7537
104.105028,30.493313,-1,7538
104.103787,30.513289,40,7539
103.640536,30.46615,50,7540
104.149241,30.839298,175,7541
103.809599,30.880072,-1,7542
104.020029,29.139286,134,7543
104.19254,30.787712,-1,7544
103.912298,30.800308,-1,7545
104.111977,31.076026,222,7546
103.910085,30.83719,-1,7547
104.54508,29.502102,-1,7548
104.248968,30.772355,76,7549
103.881442,30.621417,-1,7550
104.252612,30.595961,-1,7551
104.394437,30.350134,234,7552
103.665694,30.374382,-1,7553
104.15284,30.781983,225,7554
104.203474,30.726326,31,7555
104.508708,30.354451,180,7556
103.781573,30.640104,-1,7557
104.508563,30.354532,180,7558
104.11349,30.579746,19,7559
104.352192,30.768294,-1,7560
103.874312,30.41727,-1,7561
104.011287,30.464555,-1,7562
103.898915,30.370381,-1,7563
103.878741,30.442431,-1,7564
103.856751,30.442175,183,7565
103.913372,30.63097,96,7566
103.825475,30.570711,-1,7567
103.920733,30.541128,142,7568
103.466102,30.441806,-1,7569
103.718372,30.614615,-1,7570
103.939896,30.620988,205,7571
104.485951,30.492429,-1,7572
104.326484,30.86001,155,7573
103.544856,30.583765,-1,7574
104.098671,30.885152,-1,7575
103.859391,30.301238,82,7576
104.081605,30.490718,-1,7577
104.243183,30.350419,-1,7578
104.349438,30.64321,-1,7579
104.097991,30.556233,-1,7580
103.474539,30.431273,16,7581
104.133935,30.893354,-1,7582
103.905056,30.676507,158,7583
103.451722,30.387629,-1,7584
104.027806,30.479528,-1,7585
103.86528,30.346987,-1,7586
103.709185,29.158759,-1,7587
104.050828,30.478319,-1,7588
103.835458,30.816044,-1,7589
103.872612,30.779209,185,7590
104.054798,30.653786,102,7591
104.175391,30.66443,232,7592
103.97098,30.650607,105,7593
103.897185,30.836259,146,7594
104.013441,30.512727,-1,7595
104.072287,30.73147,-1,7596
103.586415,30.388281,-1,7597
104.140341,30.827075,192,7598
103.878849,30.357802,-1,7599
103.67441,30.910271,-1,7600
103.897046,30.666636,202,7601
104.149435,30.839161,175,7602
103.461366,30.38689,-1,7603
104.113951,30.568405,-1,7604
104.115413,30.54248,-1,7605
103.578999,30.845764,-1,7606
103.92668,30.946991,-1,7607
103.683952,30.302557,-1,7608
104.057587,30.448095,-1,7609
103.896505,30.666156,202,7610
104.11005,30.579086,-1,7611
103.891299,30.683972,-1,7612
103.907266,30.634379,-1,7613
103.495982,30.548486,-1,7614
103.961,30.461909,-1,7615
103.893685,30.520144,-1,7616
104.371918,30.864156,48,7617
104.33288,30.756032,-1,7618
103.895874,30.841816,-1,7619
104.169171,30.741303,56,7620
104.286758,30.696923,196,7621
103.87068,30.702139,126,7622
104.55095,30.430085,-1,7623
103.480986,30.763244,-1,7624
104.093566,30.580963,14,7625
103.89881,30.615323,-1,7626
104.53055,30.43318,-1,7627
103.443278,31.271498,-1,7628
104.022786,30.229492,-1,7629
104.119974,30.772698,148,7630
104.018595,30.22983,-1,7631
103.834983,30.724126,-1,7632
103.736874,31.017345,-1,7633
103.973304,30.428927,-1,7634
104.145042,30.589167,-1,7635
104.164437,30.669249,-1,7636
103.705127,30.841532,-1,7637
104.323821,30.6451,131,7638
104.240569,30.959684,-1,7639
104.036579,30.296654,32,7640
103.642907,30.85327,-1,7641
103.823465,30.609739,99,7642
103.670285,30.653559,-1,7643
104.008783,30.59067,101,7644
104.31742,30.645955,-1,7645
104.208678,30.523818,161,7646
103.792341,30.186948,-1,7647
104.406225,30.626824,-1,7648
103.869749,30.601532,-1,7649
103.987421,30.731652,-1,7650
103.888991,30.666013,-1,7651
104.008869,30.702088,-1,7652
104.007184,30.518505,-1,7653
104.412051,30.345033,-1,7654
103.660166,30.677763,-1,7655
104.041901,30.745063,-1,7656
103.99206,30.438362,265,7657
103.888141,31.035355,-1,7658
104.224265,30.566398,21,7659
103.966631,30.388144,-1,7660
104.106871,30.510518,-1,7661
104.245027,30.645422,68,7662
104.006367,30.5924,168,7663
104.22152,30.8498,-1,7664
104.081445,30.243026,-1,7665
103.985894,31.052,-1,7666
103.809957,31.164038,-1,7667
104.073096,30.471258,-1,7668
104.432822,29.864699,-1,7669
103.946214,30.620274,-1,7670
104.001807,30.685762,-1,7671
104.174913,30.787294,-1,7672
104.196846,30.964169,-1,7673
103.917157,30.683889,28,7674
104.057336,30.390528,-1,7675
104.361289,30.435146,-1,7676
103.941341,30.470546,-1,7677
103.497286,30.754879,-1,7678
104.049519,30.540426,-1,7679
103.710922,30.615202,-1,7680
103.897704,30.984555,-1,7681
104.024747,30.576388,-1,7682
104.036858,31.334426,-1,7683
103.780741,30.055612,-1,7684
104.249163,30.580002,-1,7685
104.502239,30.685392,-1,7686
103.990033,30.482574,-1,7687
104.10672,30.491908,77,7688
104.079121,30.512906,129,7689
104.181281,30.702366,-1,7690
104.012199,30.844132,-1,7691
104.110887,30.509589,24,7692
104.217879,30.584728,-1,7693
104.17599,30.453526,-1,7694
103.695719,30.653701,-1,7695
104.231215,30.819581,-1,7696
104.328647,30.276911,-1,7697
103.812056,30.632193,34,7698
103.661451,30.961105,41,7699
103.959952,30.517379,130,7700
103.885707,31.02832,-1,7701
103.938008,30.619256,114,7702
104.110925,30.509771,24,7703
103.527081,30.203874,-1,7704
104.119123,30.596603,-1,7705
104.311695,30.298777,159,7706
104.101871,30.611047,-1,7707
104.00026,30.483452,-1,7708
103.932752,29.932803,-1,7709
104.126852,30.401528,-1,7710
104.221454,30.638972,108,7711
104.566405,30.371523,92,7712
103.806494,31.121364,-1,7713
103.892617,30.397885,-1,7714
103.530413,30.405866,-1,7715
104.185782,30.71874,163,7716
103.790485,29.746353,-1,7717
104.320321,30.277297,224,7718
104.014517,30.766606,-1,7719
104.474729,30.418992,-1,7720
104.106928,30.533778,-1,7721
104.00544,30.876759,-1,7722
103.621819,30.727369,-1,7723
104.235894,30.646826,49,7724
103.523431,30.207158,-1,7725
104.149265,30.622343,221,7726
104.139591,30.6469,0,7727
103.904776,30.977885,-1,7728
103.714032,30.526535,194,7729
104.04244,30.19926,266,7730
103.912532,30.978923,-1,7731
103.635022,30.279269,-1,7732
103.963485,30.461415,-1,7733
104.323522,30.831089,-1,7734
103.908887,30.543237,1,7735
104.235734,30.646762,49,7736
104.19422,30.691617,-1,7737
103.880317,30.604098,-1,7738
104.745274,30.451713,61,7739
104.390116,31.063071,-1,7740
104.023862,30.523844,-1,7741
104.08469,30.455728,254,7742
103.552849,30.220923,228,7743
104.07562,30.769706,-1,7744
103.917261,30.986151,-1,7745
103.775293,30.896361,-1,7746
104.316669,30.951407,-1,7747
103.679167,29.777641,-1,7748
104.03543,30.298267,-1,7749
104.795047,29.735594,-1,7750
104.06976,30.768035,75,7751
104.339764,31.126202,-1,7752
104.136263,29.979154,-1,7753
103.527061,30.20383,-1,7754
104.340222,30.459933,-1,7755
103.799608,30.422647,-1,7756
103.850046,30.433375,-1,7757
104.137936,30.783562,-1,7758
103.992787,30.464907,-1,7759
103.845624,30.62194,-1,7760
103.819406,30.741964,-1,7761
104.052098,30.487256,-1,7762
103.856751,30.442175,183,7763
103.838415,30.736148,-1,7764
103.923242,30.717066,154,7765
104.086275,30.456764,262,7766
103.839696,30.358973,46,7767
103.79258,30.187609,-1,7768
103.662928,30.971132,197,7769
103.912858,30.824759,98,7770
103.842703,31.114108,-1,7771
104.3265,30.860194,155,7772
104.050748,30.541475,58,7773
104.410186,30.758676,83,7774
103.876281,30.500804,-1,7775
103.814827,30.970295,-1,7776
104.16833,30.741692,56,7777
104.257348,30.725034,-1,7778
104.027689,30.535732,-1,7779
103.527975,30.376617,-1,7780
104.32624,30.860343,155,7781
103.894654,30.778295,-1,7782
103.908292,30.242515,-1,7783
104.501497,30.488416,-1,7784
104.990726,29.542507,243,7785
103.952991,30.02303,-1,7786
103.662084,30.378018,-1,7787
103.802114,31.025919,-1,7788
104.17278,30.483846,244,7789
103.646801,30.934696,-1,7790
103.417588,30.383806,-1,7791
103.927478,30.672289,-1,7792
104.081193,30.715222,-1,7793
104.131118,30.761161,-1,7794
104.025536,30.157297,-1,7795
104.04236,30.19931,266,7796
103.967577,30.648017,70,7797
104.440981,30.354655,-1,7798
103.937603,30.614038,26,7799
103.924395,31.062979,-1,7800
103.68845,30.894868,-1,7801
103.970828,30.65004,105,7802
104.183171,30.710797,95,7803
104.089325,30.429693,-1,7804
103.842837,30.665656,-1,7805
104.166047,30.712465,147,7806
104.242772,30.650226,80,7807
103.837614,30.724819,-1,7808
103.701535,30.602558,11,7809
104.870811,29.225952,-1,7810
104.025454,30.662355,-1,7811
104.071057,30.836505,-1,7812
104.059672,30.339543,-1,7813
103.901681,30.834337,89,7814
103.922375,30.408445,-1,7815
103.952707,30.486411,-1,7816
103.859906,30.663143,-1,7817
104.042207,30.245471,-1,7818
103.89385,30.777078,-1,7819
103.999617,30.468654,-1,7820
103.838205,30.465438,-1,7821
104.063417,30.453798,-1,7822
104.081255,30.500525,-1,7823
104.023329,30.523028,-1,7824
103.499358,30.569001,116,7825
103.934743,30.548819,-1,7826
104.263558,30.851221,-1,7827
103.908618,30.808366,-1,7828
103.903713,30.676292,158,7829
104.237603,30.652967,5,7830
103.70832,30.405954,-1,7831
103.591167,30.742052,-1,7832
104.057547,30.792294,-1,7833
104.036856,30.731791,241,7834
104.215493,30.821176,245,7835
104.198666,30.592457,-1,7836
103.992502,30.437053,265,7837
104.536876,30.397053,-1,7838
104.072678,30.381659,-1,7839
104.183582,30.486244,-1,7840
104.498884,30.490758,151,7841
104.198442,30.586791,-1,7842
103.653117,30.920365,238,7843
104.106902,30.513074,40,7844
103.936401,30.613772,26,7845
104.242427,30.65055,80,7846
103.476953,29.26225,-1,7847
103.72474,30.578398,176,7848
104.209762,30.609332,-1,7849
103.99772,30.757555,174,7850
103.986897,30.597697,-1,7851
103.76092,31.184012,-1,7852
104.078787,30.366413,-1,7853
104.023626,30.541863,-1,7854
104.706308,31.033604,-1,7855
104.117787,30.537605,-1,7856
103.986252,30.33254,-1,7857
104.299069,30.683978,-1,7858
104.670582,30.087729,-1,7859
103.690501,30.415971,-1,7860
103.859189,30.827609,93,7861
103.909474,30.544037,1,7862
103.959267,30.663911,-1,7863
104.098051,30.603727,-1,7864
104.804061,30.152287,187,7865
104.046799,30.426813,90,7866
104.242556,30.650102,80,7867
104.042666,30.448179,-1,7868
103.676194,30.612854,-1,7869
103.800612,30.830509,-1,7870
103.810697,30.63205,34,7871
104.074049,30.717349,-1,7872
103.810674,30.632005,34,7873
104.339749,30.459814,-1,7874
103.819379,30.665544,-1,7875
103.916853,30.791596,-1,7876
103.674932,30.346496,-1,7877
103.83488,31.282055,-1,7878
104.581935,30.352875,-1,7879
104.021885,30.515891,-1,7880
103.887041,30.59305,-1,7881
103.98025,30.454347,-1,7882
104.135236,30.522153,-1,7883
103.844818,30.680353,-1,7884
104.12537,30.769628,226,7885
104.062213,30.645291,-1,7886
104.004123,30.883785,-1,7887
104.356008,30.483512,-1,7888
104.140451,30.377242,-1,7889
104.168809,30.741591,56,7890
103.936117,30.905487,66,7891
104.410714,30.343231,-1,7892
104.062569,30.453668,-1,7893
104.075701,30.238856,22,7894
104.307387,30.687176,-1,7895
103.451909,30.467744,-1,7896
104.48232,30.491653,-1,7897
103.850521,30.464662,-1,7898
104.08769,30.429727,-1,7899
103.682906,30.59771,-1,7900
103.918174,30.684006,28,7901
104.344538,30.827977,-1,7902
104.118063,30.757094,69,7903
104.079991,30.512249,129,7904
103.959562,30.364752,-1,7905
103.479443,30.427933,276,7906
104.392782,30.283637,212,7907
104.198562,30.582005,13,7908
103.621827,30.395199,-1,7909
104.055136,30.445667,-1,7910
103.87049,30.61885,-1,7911
104.091293,30.563728,-1,7912
103.958734,30.639764,-1,7913
104.164103,30.383782,139,7914
103.798945,30.635454,-1,7915
104.042059,30.640936,-1,7916
104.191616,30.790356,-1,7917
104.028914,30.479499,-1,7918
103.8839,30.362851,-1,7919
104.14924,30.622305,221,7920
104.573041,31.035241,-1,7921
104.5782,30.358213,-1,7922
104.423885,30.606253,-1,7923
104.056046,30.440231,-1,7924
104.227849,30.80252,-1,7925
103.964208,30.478193,193,7926
104.669567,29.504106,150,7927
104.246545,30.658765,-1,7928
103.506105,30.559325,249,7929
104.202739,30.726049,31,7930
104.312555,30.408101,-1,7931
102.206726,29.645362,-1,7932
103.922801,30.703843,-1,7933
103.911649,30.798591,-1,7934
104.566136,30.371412,92,7935
104.131765,30.791899,-1,7936
104.167712,30.706931,-1,7937
103.981363,30.785228,86,7938
103.467128,31.003338,-1,7939
104.231905,30.639859,156,7940
103.888835,30.788911,-1,7941
103.710345,29.091452,-1,7942
104.105265,30.587283,55,7943
104.391417,30.286056,-1,7944
104.973249,29.87052,39,7945
103.967345,30.648465,70,7946
103.757309,30.373913,-1,7947
104.308596,30.296046,-1,7948
104.235198,30.646785,49,7949
104.497792,30.450548,-1,7950
104.160585,30.643414,-1,7951
104.404944,30.346599,-1,7952
104.334363,30.631439,-1,7953
104.631056,30.872003,45,7954
104.266552,30.656089,-1,7955
103.682096,31.027544,112,7956
104.242918,30.651077,80,7957
104.059823,30.453527,-1,7958
103.921124,30.703181,6,7959
103.94904,30.51539,-1,7960
104.609924,31.298648,-1,7961
103.757784,31.183545,-1,7962
104.488744,30.493839,143,7963
103.5612,30.748792,181,7964
103.662719,30.382024,-1,7965
104.168659,30.741258,56,7966
103.825091,30.798317,-1,7967
104.164643,30.658982,74,7968
104.058418,31.253827,-1,7969
104.033539,30.525781,-1,7970
103.947902,30.327214,-1,7971
104.268729,30.578749,29,7972
103.798373,29.435594,-1,7973
104.421716,30.88125,-1,7974
103.955049,30.565535,-1,7975
103.810466,30.631045,34,7976
103.627595,30.957646,-1,7977
103.920123,30.240817,-1,7978
103.661058,30.961318,41,7979
103.871409,30.289502,-1,7980
103.867159,30.534983,240,7981
103.709349,30.393197,235,7982
102.186774,29.558701,-1,7983
104.594945,30.716448,-1,7984
103.477648,30.428794,-1,7985
103.934743,30.548819,-1,7986
103.79276,30.461016,73,7987
104.079448,30.807744,-1,7988
104.148072,30.650207,-1,7989
103.887241,30.528503,42,7990
104.121205,30.50103,210,7991
104.244291,31.503406,-1,7992
103.919085,30.316291,-1,7993
104.039948,30.582608,261,7994
104.164325,30.575494,-1,7995
104.221112,30.638313,108,7996
103.68487,30.376137,-1,7997
104.215477,30.820825,245,7998
104.973281,29.87027,39,7999
103.883041,30.665951,153,8000
104.593124,31.768181,-1,8001
104.192073,31.192017,-1,8002
103.856826,30.449549,-1,8003
104.103764,30.532298,-1,8004
104.20297,30.726052,31,8005
103.872481,30.779213,185,8006
104.051046,30.541178,58,8007
104.320788,30.327704,-1,8008
103.995141,30.612469,157,8009
104.006777,30.437438,-1,8010
104.236093,30.646325,49,8011
103.940281,30.99888,237,8012
104.234838,30.645938,49,8013
104.388035,30.746858,-1,8014
104.064357,30.633344,263,8015
104.23828,30.638826,-1,8016
104.104491,30.512905,40,8017
103.852905,30.839626,-1,8018
104.05239,30.246185,137,8019
104.351231,30.555963,-1,8020
103.674348,31.156749,-1,8021
104.357571,30.660811,-1,8022
104.094379,30.779294,-1,8023
104.121676,30.771342,-1,8024
103.479626,30.427651,276,8025
103.815393,30.633371,34,8026
104.059554,30.416582,-1,8027
104.103747,30.532273,-1,8028
104.311116,31.046289,-1,8029
104.090153,30.74007,178,8030
104.040229,30.463923,-1,8031
103.838784,30.359598,46,8032
104.59301,31.768703,-1,8033
103.987896,30.562344,-1,8034
104.066893,30.487005,-1,8035
104.482377,30.49167,-1,8036
104.094838,30.229762,-1,8037
103.255925,30.555324,-1,8038
103.960496,30.941846,-1,8039
103.803142,31.166725,-1,8040
103.957391,30.647464,-1,8041
104.477842,30.598811,-1,8042
103.973273,30.579317,106,8043
103.948888,30.636616,-1,8044
104.156035,30.729074,-1,8045
104.249598,30.860373,-1,8046
104.318768,30.861044,43,8047
102.067566,31.502098,-1,8048
103.861114,30.4452,121,8049
104.054796,30.431531,-1,8050
104.039924,30.582549,261,8051
104.130785,30.962782,-1,8052
103.862475,30.710772,-1,8053
104.151153,30.775732,-1,8054
103.965438,30.383242,-1,8055
104.121465,30.520127,-1,8056
103.991318,30.738772,268,8057
104.48876,30.493437,143,8058
104.492885,30.325787,-1,8059
103.69668,30.396341,-1,8060
104.00601,30.522397,-1,8061
102.206726,29.645362,-1,8062
104.051538,30.757802,-1,8063
104.016192,30.842994,-1,8064
104.722146,30.430799,-1,8065
104.072148,30.633612,-1,8066
104.227427,30.858249,-1,8067
104.472772,30.598148,-1,8068
103.940011,30.564698,-1,8069
103.837745,30.532226,-1,8070
104.047121,30.45107,-1,8071
104.018074,30.248463,-1,8072
103.902682,30.658351,63,8073
104.033265,30.525117,-1,8074
104.07272,30.398281,-1,8075
104.020611,29.139716,134,8076
103.671232,30.281008,-1,8077
104.130497,30.670266,117,8078
103.91289,30.824737,98,8079
104.360177,30.661636,-1,8080
104.504647,30.505198,-1,8081
103.705127,30.841532,-1,8082
103.516962,30.749887,-1,8083
104.191904,30.660532,-1,8084
104.056205,30.763404,37,8085
102.206726,29.645362,-1,8086
104.445488,30.710998,-1,8087
104.118359,30.757152,69,8088
104.505394,30.485619,-1,8089
104.153143,30.734621,-1,8090
104.477637,30.489185,271,8091
104.428502,31.14971,230,8092
104.350201,30.304156,-1,8093
104.320321,30.277297,224,8094
104.169178,30.636407,-1,8095
104.011156,30.482865,-1,8096
103.916301,30.369547,152,8097
103.85486,30.406913,-1,8098
103.970359,30.650067,105,8099
104.113315,30.584709,-1,8100
104.224957,30.638746,239,8101
104.386352,30.913115,-1,8102
103.974093,30.737938,47,8103
103.887565,30.592742,-1,8104
104.180322,30.522639,-1,8105
103.936516,30.905274,66,8106
103.934731,30.907526,-1,8107
104.243372,30.6458,68,8108
103.572315,30.781237,-1,8109
103.468392,30.434532,-1,8110
104.213981,30.651551,160,8111
104.234838,30.645938,49,8112
104.141241,30.689678,-1,8113
103.033568,29.904149,-1,8114
104.746303,31.016446,-1,8115
104.278743,30.829637,-1,8116
104.34886,31.050091,-1,8117
103.991176,30.909794,-1,8118
104.352199,30.768279,-1,8119
103.290331,30.16473,-1,8120
103.942265,30.279514,-1,8121
104.200209,30.8586,-1,8122
104.087758,30.448997,-1,8123
104.081257,30.471417,-1,8124
103.978249,30.752482,-1,8125
104.201927,30.607988,-1,8126
103.877172,30.356101,-1,8127
103.974028,30.800587,-1,8128
104.586976,31.768206,-1,8129
103.870664,30.702139,126,8130
104.125291,30.40282,-1,8131
104.318663,30.861112,43,8132
103.862869,30.305961,-1,8133
104.21433,30.651679,160,8134
104.006511,30.72086,-1,8135
103.954164,30.63835,-1,8136
104.052664,30.465385,-1,8137
104.185545,30.596835,-1,8138
103.977736,30.641202,88,8139
103.705477,30.404606,-1,8140
103.810746,30.630276,34,8141
102.378381,29.211464,-1,8142
104.108893,30.507191,-1,8143
104.215172,30.651986,160,8144
104.537165,30.365871,236,8145
104.957887,29.686488,-1,8146
104.066028,30.447731,252,8147
104.222752,30.711661,-1,8148
103.875154,30.485469,-1,8149
103.882102,30.367985,-1,8150
104.183342,30.450676,-1,8151
104.49766,30.489507,-1,8152
103.875708,30.399616,-1,8153
103.802299,31.244745,-1,8154
104.004561,30.438658,-1,8155
103.861222,30.803809,60,8156
104.05612,30.647544,-1,8157
104.092962,30.523505,-1,8158
104.442599,30.470283,-1,8159
104.056886,30.718088,-1,8160
104.203361,30.59804,-1,8161
104.099779,30.524097,-1,8162
103.689635,30.615998,-1,8163
104.320561,30.277916,224,8164
103.693353,30.937517,233,8165
104.046652,30.45353,-1,8166
103.701711,30.602462,11,8167
104.389983,30.284135,212,8168
104.328647,30.276911,-1,8169
103.736485,31.01717,-1,8170
104.099523,30.51702,-1,8171
104.254832,30.859123,110,8172
103.810259,30.631968,34,8173
103.936964,30.613479,26,8174
104.215181,30.582849,208,8175
104.037665,30.360629,-1,8176
104.041303,30.33863,-1,8177
103.936082,30.905484,66,8178
104.164651,30.658771,74,8179
103.994682,30.89839,-1,8180
104.223745,30.566533,21,8181
104.037357,30.479736,-1,8182
104.057432,30.390326,-1,8183
103.937998,30.618898,114,8184
103.896465,30.666125,202,8185
103.797589,30.971614,-1,8186
103.970485,30.650352,105,8187
104.161563,30.599501,144,8188
103.975083,30.794641,-1,8189
104.462187,31.059687,-1,8190
103.969011,30.801968,-1,8191
104.148812,30.837067,-1,8192
103.677994,30.943378,-1,8193
104.525408,30.360307,-1,8194
104.235526,30.647109,49,8195
104.105041,30.610984,-1,8196
104.203317,30.725851,31,8197
103.673568,30.904207,-1,8198
103.884189,30.665537,153,8199
104.524152,30.66391,-1,8200
104.053702,30.458858,-1,8201
104.278407,30.820564,-1,8202
104.603489,30.869098,-1,8203
103.842983,30.536716,-1,8204
104.25578,30.57789,-1,8205
104.145775,30.618998,-1,8206
104.115934,30.584719,115,8207
104.092121,30.539724,-1,8208
104.97316,29.870536,39,8209
103.674257,30.902796,-1,8210
103.958542,30.648556,272,8211
104.227684,30.527442,-1,8212
104.086289,30.456657,262,8213
104.055534,30.46986,-1,8214
104.056411,30.807126,-1,8215
103.929547,30.941244,-1,8216
103.701395,30.602639,11,8217
103.671122,30.912978,-1,8218
104.141314,30.645165,0,8219
104.292062,30.812892,-1,8220
104.054365,31.262152,-1,8221
104.371973,30.86434,48,8222
103.877044,30.396768,-1,8223
104.020596,29.139219,134,8224
104.1018,30.534556,-1,8225
103.879357,30.479995,-1,8226
102.961875,30.187716,-1,8227
103.918109,30.683902,28,8228
103.870397,30.630791,-1,8229
103.504331,30.013231,-1,8230
104.410158,30.758596,83,8231
103.883299,30.665991,153,8232
103.822378,30.949771,-1,8233
103.610664,30.976715,-1,8234
103.862833,30.348324,-1,8235
103.638027,30.259806,-1,8236
103.831231,30.863257,-1,8237
103.964039,30.478625,193,8238
103.997609,30.75745,174,8239
104.22752,30.781091,-1,8240
103.969831,30.616256,-1,8241
104.188065,30.793489,-1,8242
104.173169,30.484476,244,8243
104.176247,30.787911,-1,8244
103.884729,30.388494,206,8245
103.958662,30.825696,-1,8246
103.634646,30.895324,-1,8247
104.32077,30.278064,224,8248
104.189558,30.772524,-1,8249
104.045415,30.445575,25,8250
103.561304,30.74872,181,8251
103.937058,30.613368,26,8252
104.084394,30.455866,254,8253
104.237886,30.652888,5,8254
104.527692,30.666383,-1,8255
104.47712,30.355274,-1,8256
104.109812,30.593245,-1,8257
103.851061,30.437141,44,8258
104.235678,30.64696,49,8259
104.057756,30.389905,-1,8260
104.235909,30.646238,49,8261
103.337721,30.197613,-1,8262
103.970857,30.650204,105,8263
103.813257,30.632811,34,8264
104.524839,30.646984,-1,8265
103.647255,30.951531,35,8266
104.069658,30.691452,251,8267
103.789948,30.688477,-1,8268
103.935564,30.905482,66,8269
104.244775,30.709136,-1,8270
103.689637,31.032073,-1,8271
103.767509,30.423632,-1,8272
104.108081,30.551046,-1,8273
104.049209,30.607276,-1,8274
104.054437,30.654266,102,8275
103.956882,30.723061,-1,8276
104.221215,30.638747,108,8277
103.54749,30.568833,-1,8278
103.699113,30.631008,-1,8279
103.870937,30.476926,-1,8280
103.777628,30.7436,-1,8281
104.164742,30.548889,-1,8282
104.326631,30.860311,155,8283
104.312367,30.874849,255,8284
104.099589,30.467004,133,8285
103.856142,30.445777,-1,8286
104.804309,30.15181,187,8287
104.496751,30.418062,-1,8288
104.052316,30.776237,-1,8289
104.255466,30.531172,7,8290
104.04685,30.625991,-1,8291
104.045865,30.446181,25,8292
103.696041,29.227801,-1,8293
104.003936,30.6063,-1,8294
103.724743,30.578255,176,8295
104.544119,30.707746,216,8296
103.73713,30.510971,27,8297
103.956017,29.163061,-1,8298
104.30974,29.699928,-1,8299
104.052646,30.542149,58,8300
104.032572,30.486298,-1,8301
104.072998,30.47099,-1,8302
103.904163,30.683235,-1,8303
103.850516,31.064618,-1,8304
103.195046,30.140487,-1,8305
103.92552,30.400876,-1,8306
103.90193,30.83417,89,8307
104.040935,30.593429,170,8308
104.061457,31.257618,-1,8309
103.888241,30.556312,64,8310
104.06367,30.443333,-1,8311
104.20829,30.563503,-1,8312
104.11021,30.731362,-1,8313
103.887954,30.556196,64,8314
103.58974,30.817294,-1,8315
103.713901,30.526561,194,8316
104.008841,30.590564,101,8317
103.800588,30.453474,-1,8318
103.514342,30.75089,-1,8319
104.299828,30.389277,-1,8320
103.561104,30.748568,181,8321
104.112356,30.753027,38,8322
104.297472,31.035078,-1,8323
103.758818,30.665268,-1,8324
103.79276,30.461016,73,8325
104.153726,30.637176,-1,8326
104.001837,30.484654,-1,8327
104.046823,30.428277,90,8328
104.23467,30.646453,49,8329
103.879891,30.445004,-1,8330
104.525094,30.66486,-1,8331
104.498884,30.490758,151,8332
103.93562,30.905632,66,8333
104.21619,30.699662,248,8334
104.203225,30.740567,-1,8335
104.185823,30.552696,267,8336
104.454572,30.863238,-1,8337
103.701469,30.602621,11,8338
103.571327,30.524158,-1,8339
104.19491,30.010316,-1,8340
103.922354,30.802992,-1,8341
104.102856,30.533224,-1,8342
103.534458,30.748033,-1,8343
104.106326,30.465807,-1,8344
103.968326,30.604097,-1,8345
103.877331,30.572595,-1,8346
104.23184,30.639829,156,8347
103.843196,30.465047,-1,8348
104.33386,30.644416,-1,8349
104.062882,30.442552,-1,8350
104.066504,30.685938,-1,8351
103.737744,31.017018,-1,8352
104.426526,30.497259,-1,8353
104.078567,30.373832,-1,8354
103.79141,30.382456,-1,8355
103.601382,30.828735,-1,8356
103.943578,30.507298,-1,8357
103.960023,30.15192,198,8358
103.419024,30.380875,-1,8359
104.045368,30.853667,-1,8360
104.166697,30.659068,74,8361
103.9362,30.905604,66,8362
104.064339,30.633364,263,8363
104.211603,30.526566,-1,8364
104.043594,30.446494,25,8365
103.997705,30.523031,-1,8366
104.182862,30.715521,-1,8367
104.326675,30.859969,155,8368
103.850516,31.064618,-1,8369
104.015284,30.448417,-1,8370
104.035519,30.448669,-1,8371
104.036567,30.795765,-1,8372
104.064819,30.632833,263,8373
103.684238,30.946764,-1,8374
104.567856,30.388561,275,8375
104.152718,30.781699,225,8376
103.829027,30.39646,-1,8377
103.687558,30.616392,-1,8378
104.45263,30.914757,-1,8379
103.923864,30.634814,-1,8380
104.211425,31.666446,-1,8381
103.87851,30.47713,-1,8382
104.215098,30.58248,208,8383
104.138768,30.638058,-1,8384
103.663908,31.012661,-1,8385
104.195466,30.588412,-1,8386
103.719364,30.587735,-1,8387
104.02552,30.538824,-1,8388
103.959545,30.363813,-1,8389
104.037686,30.479486,-1,8390
104.283484,30.937069,-1,8391
103.99299,30.464862,-1,8392
104.121025,30.501021,210,8393
104.057973,30.380819,-1,8394
103.859433,30.827356,93,8395
103.896318,30.543253,-1,8396
104.488487,30.462131,104,8397
103.79276,30.461016,73,8398
104.193732,30.726611,-1,8399
103.654832,30.664467,-1,8400
104.593362,31.767603,-1,8401
104.001866,30.127893,-1,8402
103.914945,30.711814,-1,8403
103.887954,30.556246,64,8404
103.861314,30.803938,60,8405
104.085476,30.650089,-1,8406
104.085441,30.238497,-1,8407
103.709349,30.393197,235,8408
104.161174,30.599242,144,8409
103.835458,30.816044,-1,8410
104.061253,30.418899,257,8411
103.939824,30.617792,12,8412
103.906114,30.397081,-1,8413
103.496103,30.175135,-1,8414
104.491129,31.327034,-1,8415
103.964248,30.478093,193,8416
104.114115,30.478992,-1,8417
104.48947,30.493719,143,8418
103.940281,30.99888,237,8419
103.992661,30.816232,-1,8420
103.883245,30.373085,-1,8421
104.190157,30.662339,141,8422
104.28843,30.678758,-1,8423
104.131331,30.670126,117,8424
104.177609,30.718968,23,8425
104.30677,30.865828,165,8426
103.935524,30.905459,66,8427
104.196397,30.787527,-1,8428
104.094365,30.523318,-1,8429
104.115936,30.584519,115,8430
103.883144,30.411301,-1,8431
104.237788,30.652804,5,8432
104.485748,30.444371,-1,8433
103.820024,30.466116,-1,8434
104.552069,30.716327,-1,8435
104.122985,30.442325,-1,8436
104.060559,31.245408,119,8437
104.002208,30.597592,-1,8438
104.110102,30.495892,-1,8439
104.060177,30.43198,-1,8440
104.090909,30.559829,-1,8441
103.654622,30.896557,-1,8442
103.663206,30.672964,-1,8443
104.401709,30.997154,218,8444
104.433701,30.868346,-1,8445
104.000022,30.596736,-1,8446
103.504439,30.573103,-1,8447
103.881271,30.360844,-1,8448
103.935554,30.905465,66,8449
104.028117,30.472707,-1,8450
103.886625,30.528378,42,8451
103.873092,30.415526,-1,8452
103.714568,30.994267,-1,8453
104.074362,30.723429,-1,8454
103.913118,30.630934,96,8455
104.509848,30.352595,180,8456
103.52696,31.415189,-1,8457
104.141318,30.522039,-1,8458
104.177042,30.718602,23,8459
103.913518,30.602364,-1,8460
104.108765,30.464068,207,8461
103.696748,30.582638,-1,8462
104.012027,30.464095,-1,8463
103.860996,30.713034,-1,8464
104.765703,29.763231,-1,8465
104.1706,30.665924,-1,8466
103.923503,30.255757,-1,8467
104.326379,30.86046,155,8468
103.859391,30.301238,82,8469
103.876787,30.174173,-1,8470
104.109829,30.464,207,8471
103.952469,30.795604,264,8472
104.14224,30.408062,-1,8473
104.052269,30.246117,137,8474
103.987701,30.919726,-1,8475
103.974425,31.068057,-1,8476
104.235535,30.646565,49,8477
103.861427,30.445871,121,8478
104.537548,30.368152,-1,8479
104.477788,30.489353,271,8480
103.860927,30.336992,-1,8481
103.872573,30.491052,-1,8482
103.920484,30.392377,-1,8483
104.332818,30.638027,-1,8484
104.097986,30.594953,-1,8485
104.34397,30.624205,-1,8486
103.674956,30.346696,-1,8487
103.88483,30.601788,-1,8488
104.2037,30.726088,31,8489
104.547737,30.691193,-1,8490
103.932421,30.634804,-1,8491
104.164651,30.658771,74,8492
103.617359,30.978188,-1,8493
104.261318,31.078822,-1,8494
103.981152,30.82607,-1,8495
104.231595,30.794055,-1,8496
104.136597,30.411764,-1,8497
104.024461,30.560257,-1,8498
103.499247,30.569269,116,8499
103.886609,30.528522,42,8500
104.037204,30.588205,-1,8501
104.396884,30.339472,-1,8502
103.914141,30.675398,200,8503
104.06531,30.514264,-1,8504
104.118471,30.757378,69,8505
104.118752,30.46887,-1,8506
104.536876,30.397053,-1,8507
104.179102,30.524394,-1,8508
104.244529,29.946345,-1,8509
103.904927,30.950455,-1,8510
104.523017,30.430303,199,8511
103.865035,30.407865,-1,8512
103.826415,30.613068,-1,8513
103.825667,30.578139,-1,8514
103.440091,30.355359,-1,8515
104.019484,30.553677,-1,8516
103.983387,30.02418,-1,8517
104.46908,30.848641,51,8518
104.250156,30.573519,-1,8519
104.033224,30.525237,-1,8520
104.10694,30.394508,-1,8521
104.08516,30.683611,195,8522
104.552819,30.353177,-1,8523
104.291821,30.967263,-1,8524
104.00766,30.554078,65,8525
104.034144,30.530056,-1,8526
103.72438,30.586228,-1,8527
104.045725,30.449316,-1,8528
104.162499,30.682212,-1,8529
104.125321,30.76918,226,8530
104.161718,30.599798,144,8531
104.175781,30.524031,-1,8532
103.924137,30.800338,-1,8533
103.607802,30.826459,-1,8534
104.104186,30.568593,-1,8535
104.219108,30.65525,-1,8536
104.11581,30.688661,-1,8537
103.95764,30.663426,259,8538
104.573257,30.33938,-1,8539
103.813408,30.632687,34,8540
103.959957,30.517296,130,8541
104.213041,30.512873,-1,8542
103.371556,30.169934,-1,8543
104.213712,30.55219,-1,8544
104.071176,30.725219,10,8545
104.533988,29.759405,179,8546
104.035221,30.798118,-1,8547
104.185663,30.552519,267,8548
103.993256,30.923828,-1,8549
104.177465,30.718712,23,8550
103.875622,30.613096,-1,8551
104.132355,30.396237,-1,8552
104.160492,30.731038,-1,8553
104.234838,30.645938,49,8554
104.111211,30.53699,-1,8555
104.046554,30.428233,90,8556
104.43915,30.980601,-1,8557
103.986388,30.332798,-1,8558
104.213771,30.652072,160,8559
104.364218,30.292326,-1,8560
104.027146,30.480218,-1,8561
103.79276,30.461016,73,8562
104.236599,30.661892,-1,8563
104.082965,30.753209,-1,8564
104.072494,30.377458,-1,8565
104.41897,30.497428,-1,8566
104.357571,30.660811,-1,8567
104.159772,30.841233,-1,8568
104.457034,30.826795,-1,8569
104.115251,30.542527,-1,8570
103.816096,30.633602,34,8571
104.477557,30.489102,271,8572
103.744756,30.712078,-1,8573
103.940297,30.999037,237,8574
104.393348,30.755991,-1,8575
103.995476,30.614844,-1,8576
104.09929,30.586055,-1,8577
103.847469,30.646747,-1,8578
102.649408,30.917628,-1,8579
103.936333,30.905799,66,8580
104.103243,30.420291,-1,8581
103.49927,30.749294,-1,8582
104.032492,30.448007,-1,8583
103.774122,30.438431,-1,8584
104.804389,30.154176,-1,8585
103.970733,30.98891,-1,8586
103.952734,30.438891,-1,8587
104.412586,30.332145,-1,8588
103.993775,30.564947,-1,8589
104.265331,30.618173,-1,8590
103.924319,30.625476,-1,8591
104.160238,30.013503,-1,8592
103.90535,30.243678,-1,8593
104.076494,30.375716,280,8594
104.532646,30.66431,-1,8595
104.425183,30.474033,260,8596
104.172052,30.659731,8,8597
104.055965,30.847832,190,8598
104.166261,30.712168,147,8599
103.99396,30.504435,-1,8600
104.582613,30.115497,-1,8601
103.553017,30.221206,228,8602
104.255354,30.531072,7,8603
104.52503,30.646944,-1,8604
103.995528,30.612827,157,8605
104.213987,30.651609,160,8606
104.275041,30.634154,-1,8607
104.489654,30.494769,143,8608
104.224986,30.793905,15,8609
103.960048,30.151966,198,8610
104.244972,30.645266,68,8611
103.759248,31.197524,-1,8612
104.118303,30.756986,69,8613
103.985007,30.21899,136,8614
103.942168,30.279596,-1,8615
104.398987,30.334264,-1,8616
103.829801,30.331543,-1,8617
104.428662,31.149844,230,8618
104.268889,31.015272,-1,8619
104.20124,30.733751,-1,8620
104.220651,30.572955,-1,8621
103.977062,30.40418,-1,8622
104.342482,31.150593,-1,8623
104.991023,29.542924,243,8624
104.108079,30.506658,-1,8625
103.952581,30.427867,171,8626
104.221003,31.44093,-1,8627
103.903928,31.002499,-1,8628
103.850046,30.433375,-1,8629
104.296684,30.993421,-1,8630
104.299884,30.389333,-1,8631
104.617933,30.686721,-1,8632
104.064735,30.375243,-1,8633
104.342206,30.926724,-1,8634
104.323821,30.645089,131,8635
103.850046,30.433375,-1,8636
104.223616,30.710693,-1,8637
103.839941,30.356481,-1,8638
104.059974,30.650431,18,8639
103.718806,30.593866,-1,8640
104.462719,31.057261,-1,8641
103.926213,30.805916,-1,8642
104.80016,30.152401,-1,8643
104.14137,30.612865,-1,8644
104.240591,30.959716,-1,8645
103.553184,30.221206,228,8646
104.195494,30.683126,-1,8647
104.024106,31.424652,-1,8648
104.576441,30.71788,-1,8649
104.164651,30.658771,74,8650
104.522477,30.662532,-1,8651
103.960813,30.63515,-1,8652
103.463531,30.749918,-1,8653
104.523421,30.663408,-1,8654
104.350201,30.304156,-1,8655
104.073047,30.715199,-1,8656
104.342791,31.057374,-1,8657
104.36157,30.43513,-1,8658
104.054572,30.428316,-1,8659
104.1502,30.616458,172,8660
103.769545,31.179161,-1,8661
104.046276,30.427727,90,8662
103.380108,30.36816,-1,8663
104.075637,30.238754,22,8664
104.610432,31.298352,-1,8665
104.074559,30.735827,-1,8666
104.210699,30.61507,-1,8667
104.065382,30.43961,-1,8668
104.145239,30.543046,-1,8669
103.486516,30.565196,-1,8670
103.586464,30.745904,-1,8671
103.553033,30.221238,228,8672
104.085807,30.581805,-1,8673
104.580128,30.368277,-1,8674
104.053618,30.458617,-1,8675
104.093536,30.779401,-1,8676
104.058246,30.648609,273,8677
104.522881,30.430003,199,8678
104.109064,30.519615,-1,8679
104.311313,31.118526,-1,8680
103.808189,30.205674,-1,8681
104.454129,30.856773,-1,8682
103.946114,30.338228,-1,8683
104.16292,30.699226,229,8684
104.514165,30.352154,-1,8685
103.79497,29.641812,-1,8686
104.003434,30.887291,-1,8687
103.713035,30.527097,194,8688
104.032382,30.858726,127,8689
103.753091,30.378952,-1,8690
103.965306,30.637199,164,8691
104.104014,30.512835,40,8692
104.059067,30.442349,-1,8693
104.392132,30.298903,-1,8694
104.060062,30.370856,-1,8695
104.161491,30.599513,144,8696
104.214999,30.651758,160,8697
103.92438,30.635616,-1,8698
104.222801,30.834838,-1,8699
103.889182,30.479111,-1,8700
103.952398,30.427946,171,8701
103.840509,30.678263,-1,8702
104.05316,30.77364,-1,8703
104.522533,30.662743,-1,8704
104.225214,30.70749,217,8705
104.176775,30.722705,-1,8706
104.000582,30.701825,-1,8707
104.118439,30.757314,69,8708
103.882384,30.613005,-1,8709
104.09289,30.582827,14,8710
104.088012,30.22668,-1,8711
103.93617,30.613999,26,8712
104.307466,30.865245,165,8713
103.938715,30.616175,9,8714
103.72189,31.0219,-1,8715
103.554826,30.533405,-1,8716
102.206726,29.645362,-1,8717
103.920727,30.237713,-1,8718
104.081277,30.243394,-1,8719
104.390032,30.300122,-1,8720
102.061567,31.516948,-1,8721
103.526798,30.32192,-1,8722
103.850892,30.634961,-1,8723
104.055872,30.457104,204,8724
104.202842,30.725846,31,8725
104.221186,30.638449,108,8726
104.354337,30.435635,209,8727
103.701405,30.602565,11,8728
103.954559,30.543875,-1,8729
104.194616,30.587313,-1,8730
104.059464,30.650682,18,8731
103.687961,30.868404,-1,8732
103.854934,30.406953,-1,8733
103.920993,30.962703,-1,8734
104.493263,30.470858,-1,8735
103.83282,30.549607,-1,8736
104.745417,30.451688,61,8737
103.971903,30.936526,-1,8738
104.210408,30.687102,-1,8739
103.060325,30.027635,-1,8740
103.864075,31.040801,-1,8741
103.847774,30.739768,-1,8742
104.069631,30.686296,-1,8743
103.533015,30.693929,-1,8744
104.393018,30.283771,212,8745
103.952895,31.018761,-1,8746
104.05491,30.653693,102,8747
104.204552,30.730825,140,8748
103.984961,30.219147,136,8749
103.864075,31.040801,-1,8750
103.895603,30.435882,-1,8751
104.104622,30.512956,40,8752
104.202547,30.726195,31,8753
103.813408,30.632687,34,8754
103.717452,30.609237,-1,8755
103.701443,30.602374,11,8756
103.861317,30.445464,121,8757
104.060675,30.451991,-1,8758
104.400779,30.31068,-1,8759
104.242495,30.650354,80,8760
104.056331,30.763278,37,8761
103.935352,30.620619,-1,8762
104.243084,30.646032,68,8763
103.531406,31.405331,-1,8764
104.112476,30.753111,38,8765
103.939768,30.670926,-1,8766
103.855286,30.634261,-1,8767
104.041361,30.649739,-1,8768
104.110855,30.388057,-1,8769
103.909187,30.24223,-1,8770
103.958392,31.069051,-1,8771
104.191374,30.819726,36,8772
104.172899,30.484254,244,8773
103.825475,30.570711,-1,8774
104.36772,30.43452,250,8775
104.061749,30.419045,257,8776
103.662824,30.970913,197,8777
103.781245,29.441333,-1,8778
104.203322,30.726176,31,8779
103.823441,30.610263,99,8780
103.883254,30.411461,-1,8781
104.225897,30.793274,15,8782
103.678172,30.923125,-1,8783
104.572884,31.034934,-1,8784
104.076721,30.796311,-1,8785
104.18337,30.710689,95,8786
104.109015,30.448376,-1,8787
104.017881,30.846484,-1,8788
104.394511,30.896277,-1,8789
104.3265,30.85996,155,8790
104.462824,30.857736,-1,8791
104.131636,30.948737,-1,8792
104.445075,30.856758,-1,8793
104.075985,30.752403,-1,8794
104.067334,30.692218,111,8795
104.277594,30.63971,-1,8796
103.483015,31.332116,188,8797
104.015572,30.557093,-1,8798
103.908649,30.543518,1,8799
104.350453,30.555912,-1,8800
103.96907,30.657053,-1,8801
104.522067,30.429706,199,8802
103.99419,30.112338,-1,8803
103.964344,30.478188,193,8804
104.305798,30.864486,-1,8805
104.161936,30.660135,-1,8806
103.964104,30.478979,193,8807
104.470072,30.505101,-1,8808
104.053419,30.458866,-1,8809
103.861977,30.804487,60,8810
103.42023,30.381005,-1,8811
104.323067,29.777537,-1,8812
104.323871,30.343594,-1,8813
104.055527,30.457011,204,8814
103.795932,31.238993,-1,8815
104.107085,30.510821,-1,8816
104.628095,31.175134,-1,8817
104.243157,30.650418,80,8818
103.86731,30.535028,240,8819
103.676448,30.899746,-1,8820
104.072364,30.454116,-1,8821
104.522881,30.430071,199,8822
103.800791,30.453679,-1,8823
103.713673,30.526773,194,8824
104.070475,30.675783,-1,8825
103.815194,30.633294,34,8826
104.422439,30.609405,-1,8827
104.026723,30.76655,-1,8828
103.58828,30.393993,-1,8829
104.201969,30.728613,-1,8830
103.857962,31.065691,-1,8831
104.104542,30.512422,40,8832
103.790317,29.746237,-1,8833
104.104707,30.512956,40,8834
103.686685,30.871882,-1,8835
104.0818,30.483942,-1,8836
103.917387,30.684226,28,8837
103.823398,30.610151,99,8838
104.848184,29.754284,-1,8839
104.405916,30.626965,-1,8840
104.20125,30.739308,123,8841
104.233957,30.984752,-1,8842
104.10649,30.74041,-1,8843
104.213821,30.583797,208,8844
104.161479,30.599793,144,8845
103.973675,31.032203,103,8846
103.937187,30.613687,26,8847
103.942708,30.772869,-1,8848
103.794959,29.641829,-1,8849
103.858696,30.653652,-1,8850
104.046261,30.453347,-1,8851
104.067778,30.253209,-1,8852
103.989668,30.725936,-1,8853
104.115832,30.584703,115,8854
104.244473,30.645511,68,8855
103.89563,30.534355,-1,8856
104.033148,30.58441,-1,8857
104.318551,30.688922,-1,8858
103.850945,30.820548,3,8859
104.151851,30.725525,-1,8860
102.202138,29.726001,-1,8861
104.055086,30.457156,204,8862
104.088558,30.739608,-1,8863
104.092006,30.218015,-1,8864
103.819153,30.797292,167,8865
104.118591,30.757444,69,8866
104.225772,30.525059,91,8867
104.499963,30.466397,-1,8868
103.792694,30.344409,-1,8869
104.050798,30.476071,125,8870
103.270153,30.565558,-1,8871
104.255405,30.531373,7,8872
103.986227,30.723755,-1,8873
104.172788,30.483604,244,8874
104.279075,29.937079,-1,8875
104.554619,30.760302,-1,8876
104.150134,30.616136,172,8877
103.939122,30.504468,-1,8878
103.686278,31.014299,-1,8879
103.972787,30.931153,-1,8880
104.283535,30.581175,-1,8881
104.059738,30.420477,-1,8882
104.008266,30.718831,-1,8883
104.054992,30.457446,204,8884
103.829111,30.465906,-1,8885
104.244397,30.645471,68,8886
103.855437,30.662443,-1,8887
104.537483,30.365822,236,8888
104.24286,30.649968,80,8889
104.020756,29.139694,134,8890
103.662213,30.961063,41,8891
103.72667,30.329978,-1,8892
103.662695,30.970713,197,8893
103.851004,30.437238,44,8894
103.669327,29.780831,-1,8895
104.055992,30.448712,-1,8896
103.752898,30.491071,-1,8897
104.128845,30.64011,-1,8898
104.152169,30.776751,-1,8899
104.680478,30.051176,-1,8900
104.089884,30.5704,-1,8901
103.80149,31.24572,-1,8902
104.082262,30.577005,52,8903
104.051015,30.54127,58,8904
104.428502,31.14971,230,8905
104.224977,30.793969,15,8906
104.094838,30.229762,-1,8907
103.851132,30.819362,3,8908
103.681763,30.290252,-1,8909
104.165842,30.712707,147,8910
103.908927,30.543221,1,8911
104.099198,30.517137,-1,8912
103.99134,30.439372,-1,8913
104.065233,30.443851,-1,8914
104.046369,30.428155,90,8915
103.893394,30.37921,-1,8916
104.049178,31.247824,-1,8917
103.912605,30.824748,98,8918
104.185437,30.684367,253,8919
104.222114,30.908735,-1,8920
104.019131,29.13774,-1,8921
104.324021,30.343512,-1,8922
104.172624,30.631747,-1,8923
104.045574,30.68269,-1,8924
103.942091,30.279746,-1,8925
103.890929,30.70197,-1,8926
103.937613,30.613977,26,8927
103.496066,31.358931,-1,8928
104.005902,30.234058,-1,8929
104.539261,31.859565,33,8930
104.080001,30.511647,129,8931
104.057766,30.648563,273,8932
103.97382,31.032166,103,8933
104.097652,30.52308,-1,8934
104.111385,30.543831,-1,8935
103.720711,31.019964,-1,8936
104.091556,30.565247,-1,8937
103.809014,30.459575,-1,8938
104.179498,30.725751,-1,8939
103.73148,30.585528,-1,8940
104.061553,30.419049,257,8941
104.256138,30.522635,-1,8942
104.08638,30.456489,262,8943
103.902234,30.83424,89,8944
104.077648,30.651407,-1,8945
103.338097,30.339326,-1,8946
103.701878,30.602514,11,8947
104.0092,30.763848,122,8948
103.527159,31.415721,-1,8949
104.198884,30.739499,-1,8950
104.045115,31.341266,-1,8951
103.759915,29.454947,-1,8952
103.98111,30.785281,86,8953
103.635591,30.260453,-1,8954
103.883081,30.665909,153,8955
103.901449,30.834551,89,8956
103.590044,30.520205,-1,8957
104.201095,30.733809,-1,8958
104.067051,30.44959,-1,8959
103.838296,30.359995,46,8960
103.875308,30.484784,-1,8961
104.459663,30.863013,-1,8962
104.478203,30.489234,271,8963
103.986259,30.721924,-1,8964
103.459772,30.747051,84,8965
103.815194,30.633294,34,8966
104.229685,30.594556,-1,8967
104.091275,30.559702,-1,8968
104.198958,31.580427,-1,8969
104.093091,30.674453,-1,8970
104.12748,30.537162,-1,8971
104.066347,30.448827,-1,8972
104.238066,30.6529,5,8973
104.055904,30.653545,102,8974
104.007598,30.554301,65,8975
104.114949,30.57988,19,8976
104.203494,30.726012,31,8977
103.911864,30.714674,-1,8978
103.888759,30.556896,64,8979
104.174647,30.715342,53,8980
104.10785,30.392628,-1,8981
104.164555,30.658982,74,8982
104.031715,30.859046,127,8983
103.956983,30.723373,-1,8984
104.013139,30.865659,-1,8985
103.844237,30.541673,-1,8986
103.881385,31.087626,-1,8987
103.973675,31.032203,103,8988
103.792298,29.723149,-1,8989
104.708983,30.88576,-1,8990
104.292669,30.391616,-1,8991
104.006953,30.592738,168,8992
103.79276,30.461016,73,8993
103.686685,30.871882,-1,8994
103.777628,30.7436,-1,8995
104.069916,30.768586,75,8996
103.880299,30.604111,-1,8997
104.107739,30.420571,-1,8998
104.268879,31.015288,-1,8999
104.235821,30.64677,49,9000
104.081425,30.454539,-1,9001
104.354553,30.435935,209,9002
103.278083,30.188383,-1,9003
103.438827,30.382824,-1,9004
104.059909,30.650457,18,9005
103.969537,30.638155,-1,9006
103.944563,30.337048,-1,9007
103.974421,30.362347,-1,9008
103.885514,30.530524,-1,9009
104.266144,30.856931,-1,9010
104.026455,30.448173,-1,9011
104.223729,30.566282,21,9012
104.009725,30.451853,-1,9013
104.535651,30.440171,-1,9014
104.103068,30.767816,-1,9015
104.124202,30.683562,-1,9016
104.007925,30.231298,-1,9017
104.062554,30.65841,-1,9018
104.441238,31.391074,-1,9019
104.567373,30.372086,92,9020
104.144626,30.80599,-1,9021
104.069799,30.768498,75,9022
104.153337,30.514066,-1,9023
103.818643,30.854858,-1,9024
103.800945,30.396406,-1,9025
104.505539,30.506476,-1,9026
103.981605,30.025185,-1,9027
103.890985,30.446712,-1,9028
103.681215,30.803502,-1,9029
103.483015,31.332116,188,9030
104.14605,31.492663,-1,9031
103.721938,30.602624,-1,9032
104.68776,30.88539,-1,9033
103.942091,30.279746,-1,9034
104.221332,30.638912,108,9035
103.942586,30.326637,-1,9036
103.884548,31.087651,-1,9037
104.215477,30.820825,245,9038
103.580596,30.382726,-1,9039
104.117409,30.537838,-1,9040
103.967474,30.58599,-1,9041
103.510162,29.493667,-1,9042
104.053683,30.419893,-1,9043
104.198203,30.659732,-1,9044
103.919296,30.4757,-1,9045
103.970842,30.650536,105,9046
103.857453,30.920459,-1,9047
103.483598,31.332471,188,9048
102.061656,31.516912,-1,9049
104.08581,30.384397,-1,9050
104.198371,30.581874,13,9051
104.067632,30.429507,-1,9052
104.072702,30.364164,-1,9053
104.076281,30.797359,-1,9054
103.549949,30.548653,-1,9055
104.217605,30.584662,-1,9056
103.468357,30.430662,-1,9057
104.012634,30.843167,-1,9058
104.01118,30.482681,-1,9059
104.286567,30.696443,196,9060
104.093835,30.581232,14,9061
104.07854,30.684012,-1,9062
103.784139,30.775128,-1,9063
103.531233,30.561954,-1,9064
104.401464,31.061409,-1,9065
103.960063,30.165879,97,9066
104.111798,30.495998,-1,9067
103.896835,30.40333,-1,9068
104.166742,30.636536,-1,9069
104.063283,30.682065,-1,9070
104.331405,30.644477,-1,9071
103.860914,30.768432,-1,9072
104.559359,30.727809,-1,9073
103.837322,30.35752,-1,9074
103.921134,30.702981,6,9075
104.240449,30.80204,-1,9076
103.949419,30.467085,-1,9077
103.653975,30.896987,-1,9078
104.391898,30.284044,212,9079
103.992076,30.437296,265,9080
104.105332,30.512045,40,9081
104.286447,30.696425,196,9082
103.960447,30.646937,278,9083
103.461033,30.427633,-1,9084
103.960061,30.517447,130,9085
103.824225,30.422783,-1,9086
104.30884,30.865597,165,9087
103.995374,30.468896,-1,9088
103.562971,30.746461,-1,9089
104.448792,30.350467,-1,9090
104.177405,30.71867,23,9091
103.808504,30.401392,-1,9092
103.926608,30.946988,-1,9093
104.318527,30.86128,43,9094
104.458481,30.487491,-1,9095
104.104272,30.412148,-1,9096
103.992663,30.436399,-1,9097
104.006078,30.591885,168,9098
104.004538,30.512403,-1,9099
104.48876,30.493437,143,9100
103.48647,30.40167,-1,9101
104.272758,30.814596,-1,9102
104.134,30.401065,-1,9103
104.110951,30.51027,24,9104
104.198546,30.582189,13,9105
104.115281,30.753653,-1,9106
103.7905,29.745961,-1,9107
103.904695,30.370261,-1,9108
103.89085,30.781763,-1,9109
104.234123,30.362777,-1,9110
104.449766,30.4806,-1,9111
104.513124,30.420151,67,9112
104.111893,30.517822,-1,9113
104.171518,30.659753,8,9114
104.235066,30.860879,-1,9115
103.969274,30.366535,4,9116
103.877798,30.473029,-1,9117
103.668464,30.642751,-1,9118
104.111075,30.509827,24,9119
103.495982,30.548486,-1,9120
104.202715,31.112959,-1,9121
103.891402,30.409804,-1,9122
104.314892,30.275985,-1,9123
104.545439,30.097191,-1,9124
104.537809,31.861834,-1,9125
104.478302,30.489655,271,9126
103.990887,30.420189,-1,9127
104.063471,30.438082,-1,9128
104.048668,30.598855,-1,9129
103.861202,30.803672,60,9130
104.159907,30.654014,-1,9131
103.981876,30.536062,-1,9132
103.977459,30.432108,-1,9133
103.923218,30.717276,154,9134
104.081233,30.454611,-1,9135
103.913833,30.710807,-1,9136
103.723607,30.451145,-1,9137
104.205318,30.558287,-1,9138
103.967818,30.648706,70,9139
104.069695,30.768508,75,9140
104.539174,31.859665,33,9141
104.312838,30.298218,159,9142
103.839737,30.671259,-1,9143
104.445966,30.856321,-1,9144
103.921028,30.703021,6,9145
103.459809,30.746888,84,9146
103.914646,30.643077,-1,9147
104.01095,30.556871,-1,9148
104.266552,30.656089,-1,9149
103.749531,30.530381,-1,9150
104.078787,30.366413,-1,9151
103.686757,30.62918,-1,9152
104.235198,30.646785,49,9153
104.449773,30.283231,-1,9154
104.108928,30.559223,-1,9155
103.936476,30.613932,26,9156
103.956017,29.163061,-1,9157
103.93802,30.616289,9,9158
103.860578,30.590121,-1,9159
104.252203,30.595879,-1,9160
104.157209,30.693194,-1,9161
103.880162,30.719723,-1,9162
103.967497,30.648421,70,9163
103.453789,30.744018,-1,9164
104.058301,30.368413,-1,9165
103.923496,30.716918,154,9166
103.937998,30.618898,114,9167
104.494457,30.323172,-1,9168
104.108327,30.533035,-1,9169
104.05578,30.458143,204,9170
103.977698,30.688666,113,9171
104.063635,30.681467,-1,9172
104.072424,30.425115,-1,9173
104.234883,30.646177,49,9174
104.096285,30.540125,135,9175
104.3236,30.645158,131,9176
104.18575,30.55135,267,9177
103.862117,30.710606,-1,9178
103.87709,30.356472,-1,9179
104.052614,30.774196,-1,9180
104.201932,30.749691,-1,9181
104.067778,30.253209,-1,9182
104.050012,30.541819,58,9183
104.391524,30.300083,-1,9184
103.887906,30.556246,64,9185
103.530515,30.55672,-1,9186
104.071079,30.68578,-1,9187
103.850967,30.444316,-1,9188
104.161714,30.59985,144,9189
103.939712,30.617342,12,9190
104.110489,30.385028,-1,9191
104.117586,30.282833,71,9192
103.958409,30.661793,259,9193
103.917102,30.38655,-1,9194
104.392266,30.283836,212,9195
103.972512,30.622965,-1,9196
104.504754,30.364083,-1,9197
104.107446,30.562701,-1,9198
104.441436,30.355054,-1,9199
103.994536,30.764788,132,9200
104.102644,30.404227,-1,9201
103.917146,30.684238,28,9202
103.599047,31.003796,-1,9203
104.072789,30.376531,-1,9204
104.672798,30.668051,-1,9205
103.977928,30.200242,-1,9206
104.015383,30.571205,-1,9207
104.196001,30.527754,-1,9208
104.185541,30.596755,-1,9209
103.916753,30.677478,-1,9210
103.676142,30.905967,-1,9211
104.17171,30.659735,8,9212
104.110213,30.463952,207,9213
104.115321,30.885115,-1,9214
103.958807,30.649098,272,9215
104.168894,30.741133,56,9216
103.451725,30.475381,-1,9217
104.09565,30.541026,135,9218
103.935416,30.905582,66,9219
103.971597,30.936793,-1,9220
104.757556,30.910823,-1,9221
103.677952,31.029842,94,9222
104.244112,30.645744,68,9223
104.320321,30.277163,224,9224
104.320788,30.327704,-1,9225
103.887358,30.528403,42,9226
103.937826,30.618921,114,9227
104.476948,30.337529,-1,9228
104.235406,30.646688,49,9229
104.757556,30.910823,-1,9230
104.178185,30.782392,85,9231
104.094365,30.523318,-1,9232
103.639847,30.276328,-1,9233
103.906201,30.414786,-1,9234
104.12164,30.664863,-1,9235
104.162639,30.664454,-1,9236
104.005874,30.562578,-1,9237
104.426784,31.006518,-1,9238
104.147058,30.777592,-1,9239
103.861866,30.804362,60,9240
103.887397,30.528598,42,9241
103.698083,31.041825,-1,9242
103.98862,30.723368,-1,9243
103.958767,30.649096,272,9244
104.269342,30.729291,-1,9245
104.070309,30.675538,-1,9246
104.114369,30.579768,19,9247
103.687975,30.616259,-1,9248
104.114137,30.750645,-1,9249
103.586978,30.78017,-1,9250
104.011363,30.464045,-1,9251
103.936861,30.811672,-1,9252
104.886301,29.756982,-1,9253
103.871373,30.468819,-1,9254
104.153583,31.000517,-1,9255
103.803855,30.648444,-1,9256
104.412511,30.94194,-1,9257
104.088973,30.423661,-1,9258
104.421213,30.501317,-1,9259
103.691261,30.640384,-1,9260
104.202163,30.739114,123,9261
104.01367,30.512747,-1,9262
103.43894,30.362158,-1,9263
104.049549,30.541895,58,9264
103.644158,30.479199,-1,9265
104.032851,30.46879,-1,9266
103.917266,30.683962,28,9267
103.973179,30.579779,106,9268
104.182575,30.717575,72,9269
104.220759,30.638821,108,9270
104.185664,30.684698,253,9271
104.018767,30.652018,-1,9272
103.704256,30.709114,-1,9273
104.408698,30.344366,-1,9274
103.896951,30.490748,-1,9275
104.201569,30.731551,-1,9276
104.296151,30.995001,-1,9277
104.231992,30.639619,156,9278
104.118079,30.7568,69,9279
103.732345,31.018856,-1,9280
104.423914,30.861281,-1,9281
104.088487,30.750142,-1,9282
104.088393,30.833661,-1,9283
103.952012,30.428456,171,9284
103.859878,30.664519,-1,9285
104.176722,30.585894,-1,9286
104.227366,30.647752,-1,9287
104.425159,30.473983,260,9288
104.263965,30.995653,-1,9289
103.686631,30.629165,-1,9290
104.457388,30.607857,-1,9291
104.204879,30.731108,140,9292
103.913596,30.993916,-1,9293
104.120919,30.785452,-1,9294
104.24475,30.844337,-1,9295
103.967205,31.005152,-1,9296
104.243648,30.645678,68,9297
103.67805,31.029746,94,9298
104.508404,30.354232,180,9299
103.195113,30.140725,-1,9300
104.324329,30.93645,-1,9301
104.023648,31.377256,-1,9302
104.493906,30.323439,-1,9303
104.005705,30.514986,-1,9304
103.871851,30.414988,-1,9305
103.977719,30.200007,-1,9306
103.678329,31.030152,94,9307
103.887937,30.556344,64,9308
104.071541,30.688454,215,9309
104.60815,30.867732,-1,9310
103.883307,30.60188,-1,9311
103.876336,30.490651,203,9312
104.09338,30.581563,14,9313
103.536859,30.770081,-1,9314
104.118239,30.756854,69,9315
103.512211,30.254164,-1,9316
103.958196,30.603086,-1,9317
103.725847,30.559411,-1,9318
104.039929,30.582674,261,9319
103.967199,30.585982,-1,9320
103.937173,30.614477,26,9321
104.010792,30.442062,-1,9322
103.437637,30.617196,-1,9323
104.161654,30.599563,144,9324
103.959974,30.165695,97,9325
104.213532,30.744972,-1,9326
103.888009,30.507962,-1,9327
104.028676,30.735148,-1,9328
103.952148,30.427956,171,9329
103.935998,30.614058,26,9330
104.05149,30.476646,125,9331
103.695703,30.395612,-1,9332
104.412586,30.332145,-1,9333
104.102672,30.53329,-1,9334
103.950882,31.018339,-1,9335
104.156359,30.501551,-1,9336
104.232244,30.547445,-1,9337
104.581229,30.112342,-1,9338
104.402061,30.997239,218,9339
104.167652,30.598286,-1,9340
103.874,30.464366,-1,9341
104.170769,30.615239,145,9342
103.720375,31.202203,-1,9343
104.566904,30.387812,275,9344
104.146448,30.667303,-1,9345
103.86136,30.446249,121,9346
104.061005,30.844778,-1,9347
104.19192,30.660598,-1,9348
103.757309,30.373913,-1,9349
104.052444,30.774178,-1,9350
104.125311,30.769624,226,9351
103.601013,31.064768,186,9352
104.225269,30.67224,-1,9353
103.887954,30.556164,64,9354
103.660923,30.961204,41,9355
103.897354,30.821615,-1,9356
103.923666,30.717113,154,9357
104.537737,30.427331,-1,9358
104.007871,30.718778,-1,9359
104.565784,30.377946,-1,9360
104.143431,30.581983,-1,9361
104.496442,30.47166,258,9362
103.678107,31.029791,94,9363
104.234509,30.646396,49,9364
104.508659,30.354565,180,9365
103.958022,30.663047,259,9366
104.074026,30.74843,-1,9367
104.040637,30.601118,-1,9368
104.25545,30.531005,7,9369
104.501772,30.488599,-1,9370
104.050016,30.476818,125,9371
103.505851,30.559146,249,9372
103.55979,30.549016,214,9373
103.815138,31.189249,-1,9374
103.986728,30.484999,-1,9375
104.308786,30.865297,165,9376
104.050748,30.540313,58,9377
104.798114,29.738593,-1,9378
104.164416,30.658708,74,9379
103.959032,30.358206,-1,9380
103.460436,30.746773,84,9381
104.026127,30.909273,-1,9382
104.02849,30.337786,-1,9383
104.886966,30.171812,-1,9384
103.915664,30.678349,-1,9385
104.254849,30.859163,110,9386
103.972268,30.542267,201,9387
104.498283,30.615452,-1,9388
103.560002,30.548653,214,9389
104.238215,30.639027,-1,9390
104.161954,30.668298,-1,9391
103.934962,30.634838,-1,9392
104.19163,30.820444,36,9393
103.989244,30.460374,-1,9394
104.336735,30.70002,-1,9395
104.255575,30.530918,7,9396
103.614059,30.964695,-1,9397
103.995264,30.615116,-1,9398
104.203022,30.726052,31,9399
104.068635,30.692687,111,9400
103.947737,30.01054,-1,9401
104.046603,30.725263,-1,9402
104.133259,30.408676,-1,9403
104.023506,30.564318,-1,9404
103.716292,30.631976,-1,9405
104.165765,30.712589,147,9406
103.851001,30.437109,44,9407
104.036238,30.58782,-1,9408
103.454758,30.417419,-1,9409
103.967697,30.625754,-1,9410
104.050997,30.541467,58,9411
103.8116,30.632345,34,9412
103.95242,30.79579,264,9413
103.687571,30.616336,-1,9414
103.971074,30.605089,-1,9415
103.700686,30.654013,-1,9416
104.463493,30.486521,-1,9417
103.459809,30.747036,84,9418
103.796985,30.398398,-1,9419
103.671844,30.332606,-1,9420
103.896489,30.915322,-1,9421
104.061741,30.270954,-1,9422
104.567335,30.372047,92,9423
103.847856,30.430724,-1,9424
104.066053,30.439835,-1,9425
103.497172,30.547288,-1,9426
104.082932,30.53535,-1,9427
104.570789,30.389241,-1,9428
104.173977,30.662316,-1,9429
102.226355,29.78361,-1,9430
104.081921,30.533914,-1,9431
104.195717,30.858854,-1,9432
103.794314,30.446572,-1,9433
103.826995,30.265159,-1,9434
103.88064,30.362471,-1,9435
104.107264,30.521071,-1,9436
103.631616,30.954435,-1,9437
103.50359,30.564494,-1,9438
104.177768,29.978644,-1,9439
104.071463,30.414948,-1,9440
104.477613,30.489195,271,9441
103.92988,30.510789,-1,9442
104.101533,30.49706,-1,9443
103.754041,31.014855,-1,9444
104.356304,30.841995,-1,9445
103.465216,30.438375,269,9446
104.18824,30.51465,-1,9447
104.106873,30.621727,-1,9448
103.996213,30.613264,157,9449
103.859238,30.827287,93,9450
104.584622,30.340303,-1,9451
104.093123,30.581738,14,9452
104.488543,30.493348,143,9453
103.760334,30.394164,-1,9454
104.072975,30.685472,-1,9455
104.326451,30.860042,155,9456
104.155353,30.99662,-1,9457
104.486776,30.418427,-1,9458
103.709823,30.394958,235,9459
103.757309,30.373913,-1,9460
103.524018,30.206482,-1,9461
104.068779,30.693991,-1,9462
104.034924,30.509313,-1,9463
103.739077,30.358323,-1,9464
104.485808,30.491679,-1,9465
103.949116,30.602677,-1,9466
103.555969,30.397403,-1,9467
103.983784,30.738293,-1,9468
104.203168,30.74779,-1,9469
104.14969,30.622688,221,9470
104.261483,30.646367,-1,9471
103.856977,30.449397,-1,9472
103.968868,30.604173,-1,9473
103.899501,30.691386,-1,9474
103.620641,30.891227,-1,9475
104.000235,30.483548,-1,9476
103.794329,30.446481,-1,9477
103.534199,30.695035,-1,9478
104.393371,30.294115,-1,9479
103.687961,30.868404,-1,9480
102.21193,29.824714,-1,9481
104.060225,30.370799,-1,9482
104.589408,30.388067,-1,9483
103.922253,30.235553,-1,9484
103.960249,30.430234,-1,9485
104.505834,30.506748,-1,9486
103.66125,30.9612,41,9487
103.996391,30.908597,-1,9488
103.681215,30.803502,-1,9489
104.091399,30.74136,178,9490
103.865696,30.528492,-1,9491
103.795739,30.446975,-1,9492
103.872713,30.779443,185,9493
103.990935,30.739162,268,9494
103.903159,30.97695,-1,9495
104.354123,30.43612,209,9496
104.064608,30.373788,-1,9497
104.394454,30.349808,234,9498
104.0452,30.427446,90,9499
103.97747,30.688408,113,9500
103.929581,30.699744,-1,9501
103.72996,31.198377,-1,9502
103.911375,30.402665,-1,9503
104.326675,30.859969,155,9504
104.204591,30.731128,140,9505
104.087355,30.420506,-1,9506
104.244804,30.645916,68,9507
104.217961,30.801746,-1,9508
104.010295,30.441575,-1,9509
103.851159,30.437383,44,9510
103.760243,30.665451,-1,9511
104.075671,30.745411,-1,9512
103.84749,30.438515,149,9513
103.928546,30.545134,-1,9514
103.762783,30.041923,-1,9515
104.08271,30.577708,52,9516
104.140667,30.646135,0,9517
104.561876,30.3513,-1,9518
104.152167,30.776743,-1,9519
103.877331,30.572595,-1,9520
104.525342,31.865016,-1,9521
103.914701,30.630777,96,9522
103.666076,30.364048,-1,9523
104.278642,31.645214,-1,9524
104.092256,30.695719,-1,9525
103.998536,30.466947,-1,9526
103.959926,30.166013,97,9527
103.995769,30.612984,157,9528
104.177739,30.721529,-1,9529
104.575728,30.345112,-1,9530
104.108413,30.464208,207,9531
103.880774,30.414628,-1,9532
103.999486,30.430267,-1,9533
103.77409,30.437649,-1,9534
104.210878,30.177379,-1,9535
104.147789,30.708488,-1,9536
104.117911,30.756852,69,9537
104.510256,30.349219,-1,9538
104.569149,30.37184,-1,9539
104.072688,30.73386,-1,9540
104.070305,30.675473,-1,9541
104.200918,31.125184,-1,9542
103.673847,30.422887,-1,9543
104.510215,30.34901,-1,9544
104.53416,29.759282,179,9545
104.063606,30.665586,-1,9546
103.901575,30.393348,-1,9547
104.072439,30.410102,-1,9548
104.248921,30.772341,76,9549
104.089884,30.5704,-1,9550
103.302349,30.580865,-1,9551
104.202104,30.678057,-1,9552
104.310866,31.005833,-1,9553
104.068074,30.810175,-1,9554
103.979663,31.072734,-1,9555
104.205479,30.558992,-1,9556
103.88079,30.345794,-1,9557
104.393385,30.756385,-1,9558
103.904238,30.977123,-1,9559
104.112389,30.654164,-1,9560
104.00667,30.918484,-1,9561
104.036194,30.661966,-1,9562
104.240449,30.80204,-1,9563
104.134562,30.806053,169,9564
103.870728,31.045341,-1,9565
103.468286,30.430532,-1,9566
104.393115,30.283606,212,9567
104.130201,30.671322,117,9568
103.866904,30.657788,-1,9569
103.825296,30.612636,-1,9570
104.090461,30.579214,-1,9571
104.106785,30.491314,77,9572
104.067927,30.647275,-1,9573
103.993385,30.45537,-1,9574
103.765216,31.19819,-1,9575
103.890774,30.498558,-1,9576
104.084077,30.579135,52,9577
103.701244,30.397151,-1,9578
103.867787,30.61108,-1,9579
104.618791,30.692847,-1,9580
104.429547,30.603674,-1,9581
104.31833,29.711273,-1,9582
103.814625,30.633129,34,9583
104.069767,30.767931,75,9584
104.173101,30.521818,-1,9585
103.691286,30.640359,-1,9586
104.323555,30.644969,131,9587
104.072203,30.443714,-1,9588
103.693652,30.937698,233,9589
103.902194,30.658325,63,9590
104.131166,30.956874,-1,9591
104.213972,30.651559,160,9592
102.996836,30.336897,-1,9593
104.354265,30.435716,209,9594
103.969264,30.982454,-1,9595
103.893809,30.776945,-1,9596
103.957593,30.577777,-1,9597
103.878794,30.19819,59,9598
103.831532,30.741793,-1,9599
103.851481,30.816103,-1,9600
104.144752,30.806027,-1,9601
103.883124,30.665916,153,9602
104.592691,30.392741,-1,9603
104.445803,30.273649,-1,9604
103.814244,30.632975,34,9605
103.950954,31.014537,-1,9606
104.054091,30.458804,-1,9607
104.07927,30.513035,129,9608
104.164383,30.658772,74,9609
103.947711,30.793166,-1,9610
104.108795,30.605398,-1,9611
104.462386,31.234167,-1,9612
103.909476,30.544102,1,9613
103.648019,30.335895,-1,9614
104.200291,30.684128,177,9615
103.878666,30.198274,59,9616
103.866079,30.784166,-1,9617
104.318751,30.861262,43,9618
104.061349,30.419041,257,9619
103.861965,30.711057,-1,9620
103.789987,30.68841,-1,9621
104.070547,30.726665,-1,9622
103.902586,30.658495,63,9623
104.009749,30.480136,277,9624
104.168919,30.741097,56,9625
103.885518,30.314242,-1,9626
103.986182,30.721976,-1,9627
104.041074,30.855857,-1,9628
104.234838,30.645938,49,9629
104.166254,30.712219,147,9630
104.410158,30.758596,83,9631
103.883185,30.665793,153,9632
103.86184,30.59341,-1,9633
103.708001,30.902856,-1,9634
103.904635,30.353462,-1,9635
103.941796,30.919858,-1,9636
103.859368,31.06602,-1,9637
103.834978,30.512707,-1,9638
103.973854,31.032235,103,9639
104.315157,30.646079,-1,9640
104.051105,30.674122,-1,9641
104.453248,30.87105,-1,9642
104.099819,31.288565,-1,9643
103.873821,30.417359,-1,9644
104.20235,30.815291,-1,9645
104.011113,30.523042,-1,9646
103.674126,31.028768,-1,9647
104.213976,30.651631,160,9648
104.080528,30.688892,-1,9649
104.46755,30.848686,-1,9650
103.908609,30.602342,-1,9651
103.724916,30.331873,-1,9652
104.00069,30.76287,-1,9653
104.135002,30.805985,169,9654
104.032028,30.650968,-1,9655
104.513194,30.420095,67,9656
104.109657,30.562382,17,9657
104.224586,30.639717,239,9658
104.032666,30.85823,127,9659
103.723519,30.451093,-1,9660
103.958847,30.649146,272,9661
104.164953,30.658084,74,9662
103.842988,30.576567,-1,9663
104.537335,30.365997,236,9664
103.840509,30.678263,-1,9665
104.245383,30.553585,-1,9666
104.006628,30.874884,-1,9667
103.837481,30.31403,-1,9668
104.231913,30.639461,156,9669
104.236938,30.498298,-1,9670
103.828739,30.919381,-1,9671
103.942142,30.847677,-1,9672
102.961875,30.187717,-1,9673
104.229701,30.594229,-1,9674
103.955987,30.345083,-1,9675
103.97466,30.737708,47,9676
104.531853,30.646868,-1,9677
103.882052,30.091397,-1,9678
104.165302,30.658008,74,9679
103.816107,30.675142,-1,9680
103.681999,30.596679,211,9681
104.007452,30.805123,-1,9682
104.473614,30.486245,-1,9683
104.11181,30.420773,-1,9684
104.112778,30.753252,38,9685
103.846099,30.554923,-1,9686
104.20348,30.726293,31,9687
104.312448,30.87356,255,9688
103.851294,31.059402,-1,9689
104.066202,31.066781,-1,9690
104.111762,30.525069,-1,9691
103.914746,30.630886,96,9692
103.8969,30.666706,202,9693
104.071178,30.725221,10,9694
104.221568,30.638649,108,9695
104.242556,30.650469,80,9696
104.043571,30.446545,25,9697
103.517272,30.578646,-1,9698
103.977078,30.404146,-1,9699
103.696055,30.653579,-1,9700
104.215067,30.582887,208,9701
103.819113,30.797276,167,9702
104.161055,30.736861,-1,9703
104.205928,30.644018,-1,9704
104.326331,30.860444,155,9705
104.106334,30.587287,55,9706
103.638683,30.970573,-1,9707
104.064458,30.611682,-1,9708
104.185071,30.718455,163,9709
104.056801,30.554326,-1,9710
104.221536,30.847749,-1,9711
104.046006,30.45295,-1,9712
103.533844,31.412726,-1,9713
102.880233,30.009804,-1,9714
103.873355,30.626172,-1,9715
104.056446,30.448484,-1,9716
103.817694,30.958934,-1,9717
103.952252,30.428126,171,9718
103.892899,30.85677,-1,9719
103.872983,30.779263,185,9720
103.909101,30.883181,-1,9721
104.091042,30.559833,-1,9722
104.172684,30.483638,244,9723
104.01594,30.554262,-1,9724
103.855137,30.838128,-1,9725
103.885939,30.165283,-1,9726
104.286828,30.696854,196,9727
103.521843,30.748813,-1,9728
104.318582,30.861039,43,9729
103.98465,30.453878,-1,9730
103.936409,30.613868,26,9731
103.940122,30.614244,213,9732
103.557604,30.533214,-1,9733
103.691479,30.417517,-1,9734
104.973667,29.871137,39,9735
103.524448,30.200022,-1,9736
104.136753,30.410624,-1,9737
104.053491,30.453872,-1,9738
104.22505,30.707614,217,9739
104.085987,30.58135,-1,9740
104.064124,30.633116,263,9741
104.555579,30.707888,-1,9742
103.826712,29.979991,-1,9743
103.96745,30.639085,-1,9744
104.127813,30.796663,-1,9745
104.628095,31.175134,-1,9746
104.152713,30.781615,225,9747
104.171614,30.659653,8,9748
104.461822,30.488071,-1,9749
104.572841,31.035059,-1,9750
104.145788,30.707338,-1,9751
104.265776,30.857091,-1,9752
103.859902,30.833956,-1,9753
104.537362,30.365697,236,9754
103.640192,30.465876,50,9755
104.221064,30.638928,108,9756
104.536934,30.365933,236,9757
103.926243,30.47411,-1,9758
104.318605,30.861031,43,9759
104.013948,29.142264,-1,9760
103.50601,30.559294,249,9761
103.642829,30.943391,2,9762
104.174285,30.788364,-1,9763
103.680352,30.612123,-1,9764
104.366055,30.857307,166,9765
104.47348,30.344198,-1,9766
104.302032,30.597639,-1,9767
103.457162,30.430867,-1,9768
104.397382,30.327755,-1,9769
104.394437,30.350134,234,9770
103.988749,30.459282,-1,9771
104.302016,30.386812,-1,9772
104.06043,30.429958,-1,9773
104.090321,30.740023,178,9774
103.524448,30.200022,-1,9775
104.092073,30.461333,-1,9776
103.940433,30.61551,12,9777
103.958629,30.612283,-1,9778
104.28733,30.646141,-1,9779
104.069862,30.690027,251,9780
104.156692,30.729093,-1,9781
104.566898,30.387718,275,9782
103.922087,30.31976,-1,9783
104.397481,30.823989,-1,9784
104.196108,31.578646,-1,9785
104.31158,30.302958,-1,9786
104.140748,30.689604,-1,9787
104.057152,30.390778,-1,9788
104.099184,30.585912,-1,9789
104.484847,30.599635,-1,9790
103.535756,30.742554,120,9791
104.537013,30.365753,236,9792
104.242883,30.796021,-1,9793
103.949136,30.673989,-1,9794
104.213099,30.177444,-1,9795
104.050599,30.749977,-1,9796
104.060239,30.339458,-1,9797
103.697318,30.655678,-1,9798
104.311884,30.298666,159,9799
104.537208,30.365885,236,9800
103.822907,30.610268,99,9801
104.162626,30.556513,-1,9802
104.745369,30.451801,61,9803
103.859041,30.827544,93,9804
103.893685,30.520144,-1,9805
104.235821,30.64675,49,9806
103.720889,30.589533,-1,9807
104.179032,30.7831,85,9808
103.678378,31.030097,94,9809
103.796814,30.646735,-1,9810
103.882962,30.665909,153,9811
104.039948,30.582608,261,9812
103.676194,30.612854,-1,9813
104.121443,30.539658,-1,9814
103.465599,30.438008,269,9815
103.902389,30.834699,89,9816
104.369998,30.289501,-1,9817
104.110704,30.393856,-1,9818
104.533713,29.759968,179,9819
104.249678,30.860413,-1,9820
104.46921,30.848415,51,9821
103.70158,30.602607,11,9822
103.681408,30.612062,-1,9823
104.437149,30.886676,-1,9824
104.446978,30.473531,-1,9825
104.144501,30.813327,-1,9826
103.710361,29.091202,-1,9827
104.331016,31.04072,-1,9828
104.031575,30.58012,-1,9829
104.242468,30.650601,80,9830
104.112715,30.567123,-1,9831
103.859999,30.301721,82,9832
104.107882,30.921239,-1,9833
104.20494,30.857429,-1,9834
103.601045,31.064628,186,9835
104.595931,31.765621,-1,9836
104.198228,30.581962,13,9837
103.804533,30.455481,-1,9838
104.049251,30.541622,58,9839
103.963105,30.375225,-1,9840
104.016645,30.422501,-1,9841
103.889177,30.376815,-1,9842
103.883902,30.7833,-1,9843
104.209109,30.725119,-1,9844
104.16833,30.741692,56,9845
104.164618,30.658448,74,9846
104.082739,30.869922,-1,9847
104.047836,30.828143,-1,9848
103.583697,30.376727,-1,9849
103.922913,30.716654,154,9850
103.726703,30.395932,-1,9851
104.36464,30.996556,-1,9852
104.511945,30.421589,-1,9853
104.08997,30.463138,-1,9854
104.631228,30.872027,45,9855
104.097941,30.436058,-1,9856
104.804098,30.151882,187,9857
103.774893,30.690703,-1,9858
103.883107,30.665966,153,9859
103.958144,30.662116,259,9860
104.125293,30.769427,226,9861
104.014845,30.823835,-1,9862
103.866453,31.077369,-1,9863
103.837915,30.787452,-1,9864
104.032395,30.586703,-1,9865
104.1433,30.581799,-1,9866
103.270527,30.193344,-1,9867
103.792694,30.344409,-1,9868
103.933023,30.813623,-1,9869
104.367416,31.126648,-1,9870
103.923148,30.265071,-1,9871
103.877426,30.357572,-1,9872
103.681807,30.596766,211,9873
104.062836,30.438084,-1,9874
104.170697,30.615122,145,9875
103.942091,30.279746,-1,9876
104.070019,30.768329,75,9877
103.91422,30.675789,200,9878
103.82512,30.638793,-1,9879
103.992419,30.438016,265,9880
104.063905,30.611023,-1,9881
103.661584,30.67564,-1,9882
103.849215,30.623555,-1,9883
104.068856,30.724043,-1,9884
104.006248,30.453175,-1,9885
103.662768,30.970507,197,9886
103.67799,30.398376,-1,9887
104.04639,30.787386,-1,9888
103.785897,30.652139,-1,9889
104.032899,30.322189,-1,9890
104.051456,30.541124,58,9891
104.575891,30.345368,-1,9892
103.542547,31.437038,-1,9893
103.884904,30.479927,-1,9894
104.169992,30.639822,-1,9895
103.789599,30.352475,-1,9896
104.326792,30.860217,155,9897
104.22772,30.789928,-1,9898
104.410158,30.758596,83,9899
104.161018,30.578514,-1,9900
103.677993,31.029861,94,9901
103.964982,30.575562,-1,9902
103.795188,30.446835,-1,9903
104.036017,30.752311,-1,9904
104.222842,30.710537,-1,9905
103.842064,30.31907,-1,9906
104.120148,30.773204,148,9907
103.630788,30.398411,-1,9908
104.587745,30.734911,256,9909
104.075669,30.238804,22,9910
103.820718,30.607867,-1,9911
104.594975,30.716577,-1,9912
104.112923,30.578923,19,9913
104.225801,30.790648,15,9914
103.883299,30.665991,153,9915
104.576441,30.71788,-1,9916
104.20211,30.726045,31,9917
104.007295,30.554122,65,9918
104.080039,30.511356,129,9919
104.214205,30.651665,160,9920
104.06081,30.685913,-1,9921
104.072505,30.447898,-1,9922
103.97429,30.98959,-1,9923
103.97016,30.98815,-1,9924
103.842982,30.576522,-1,9925
103.795256,31.234034,-1,9926
103.535899,30.74255,120,9927
104.066019,30.447704,252,9928
103.771134,30.696022,-1,9929
103.978412,30.449007,-1,9930
103.774837,30.690669,-1,9931
104.669519,29.504106,150,9932
103.498283,30.568661,116,9933
103.861393,30.803769,60,9934
103.876626,30.170479,-1,9935
104.166219,30.664784,-1,9936
103.861114,30.4452,121,9937
104.477678,30.502927,-1,9938
104.105352,30.512699,40,9939
104.167378,30.60417,-1,9940
104.019722,30.862969,-1,9941
103.74004,30.531333,-1,9942
104.059447,30.425807,-1,9943
103.901665,30.834685,89,9944
103.889698,30.383782,-1,9945
103.937497,30.619335,114,9946
104.092664,30.443263,227,9947
103.828065,30.628031,-1,9948
103.989364,30.596547,-1,9949
103.700792,30.709106,-1,9950
104.00412,30.439333,-1,9951
103.965713,30.182817,-1,9952
104.501397,30.486883,-1,9953
103.926515,30.805763,-1,9954
103.677849,30.338757,231,9955
103.753974,30.395213,-1,9956
104.054635,30.42453,-1,9957
103.582105,30.74344,-1,9958
103.883282,30.665931,153,9959
104.20348,30.726293,31,9960
104.045146,30.445479,25,9961
104.118769,30.281448,-1,9962
104.372029,30.864357,48,9963
104.530187,30.644273,-1,9964
103.976937,30.482214,-1,9965
103.97268,30.665825,-1,9966
104.223662,30.794411,57,9967
104.125209,30.783937,-1,9968
104.064984,30.555102,-1,9969
104.108295,30.496109,-1,9970
104.236524,30.646631,49,9971
104.007295,30.554122,65,9972
103.870487,30.702209,126,9973
103.900339,30.616269,-1,9974
104.037007,30.147923,81,9975
104.108887,30.50718,-1,9976
103.952068,30.427964,171,9977
103.93374,30.322572,-1,9978
103.999582,30.628781,-1,9979
103.86129,30.803941,60,9980
104.231785,30.639466,156,9981
104.234462,30.646105,49,9982
103.529286,30.561839,-1,9983
103.878578,30.198198,59,9984
103.915142,30.630952,-1,9985
104.108137,30.544792,-1,9986
104.377813,30.640819,-1,9987
104.099851,31.288565,-1,9988
103.885336,30.424931,-1,9989
103.850732,31.0608,-1,9990
104.36064,30.60313,-1,9991
104.108153,30.545654,-1,9992
103.80272,31.251203,-1,9993
104.009833,30.480376,277,9994
103.827123,30.42346,-1,9995
103.648353,30.477053,-1,9996
104.11243,30.753059,38,9997
104.367904,30.434755,250,9998
103.552961,30.220798,228,9999
104.53812,30.65774,-1,10000
104.266434,30.656023,-1,10001
104.225209,30.638685,239,10002
103.824621,31.156765,-1,10003
104.244873,30.645387,68,10004
103.767384,30.424913,-1,10005
104.009287,30.763929,122,10006
103.967048,30.648384,70,10007
104.316104,30.302258,118,10008
103.662981,30.970978,197,10009
104.066589,30.41927,-1,10010
104.067007,30.427802,-1,10011
104.052382,30.246171,137,10012
104.102858,30.404525,-1,10013
103.693289,30.937583,233,10014
104.312682,30.874518,255,10015
104.120945,30.500971,210,10016
104.083168,30.46053,-1,10017
103.989307,30.596538,-1,10018
103.983569,30.700614,-1,10019
103.559834,30.549053,214,10020
104.505859,30.353023,-1,10021
104.045484,30.760396,-1,10022
103.919985,30.24469,-1,10023
104.185674,30.718506,163,10024
104.537165,30.365771,236,10025
104.432822,29.864699,-1,10026
104.436448,31.251533,-1,10027
103.81443,30.633067,34,10028
104.312375,30.874755,255,10029
103.829147,30.93767,-1,10030
104.513059,30.432965,-1,10031
104.498884,30.490758,151,10032
103.770603,30.398475,-1,10033
104.046426,30.470636,-1,10034
104.334868,30.719168,-1,10035
103.795155,31.233864,-1,10036
103.761634,30.666506,-1,10037
104.020291,29.139544,134,10038
103.751688,30.638221,-1,10039
103.888693,30.558989,-1,10040
103.93678,30.81163,-1,10041
104.48797,30.493189,143,10042
103.859975,30.301822,82,10043
104.065562,31.260974,-1,10044
104.196414,30.737404,-1,10045
103.937459,30.613355,26,10046
104.508747,30.354565,180,10047
104.540563,30.703667,-1,10048
104.508708,30.354451,180,10049
104.069171,30.250062,-1,10050
103.980035,30.637681,-1,10051
103.883457,30.265905,-1,10052
104.238156,30.652898,5,10053
103.675,30.902265,-1,10054
104.247182,29.016431,-1,10055
104.146038,30.886013,-1,10056
104.220815,30.63861,108,10057
104.164404,30.658463,74,10058
103.970988,30.739311,-1,10059
104.113037,30.507976,-1,10060
104.084598,30.455789,254,10061
103.921076,30.703028,6,10062
103.72213,30.561708,-1,10063
103.549337,30.211135,-1,10064
103.818219,30.608638,-1,10065
104.236045,30.646835,49,10066
104.567461,30.388093,275,10067
103.718542,30.613748,-1,10068
104.233826,30.552985,-1,10069
104.168481,30.741189,56,10070
104.261351,31.078837,-1,10071
104.242852,30.582467,-1,10072
104.244208,30.549829,-1,10073
104.183494,30.486326,-1,10074
103.975696,30.403712,-1,10075
104.489598,30.493786,143,10076
103.077205,30.507624,-1,10077
103.92086,30.295191,-1,10078
104.024954,31.386005,-1,10079
103.808444,30.401603,-1,10080
103.930309,30.815418,-1,10081
104.110627,30.404529,-1,10082
104.078427,30.367943,-1,10083
103.592295,30.390325,-1,10084
104.471836,30.862616,-1,10085
104.069835,30.768685,75,10086
104.193582,31.029078,-1,10087
103.150234,30.11352,-1,10088
103.997236,30.757382,174,10089
103.336647,30.61423,-1,10090
104.014418,30.476495,-1,10091
104.041915,30.640469,-1,10092
103.969036,30.99255,-1,10093
104.118247,30.756592,69,10094
104.09562,30.538875,-1,10095
104.008633,30.66792,-1,10096
104.020364,30.516304,-1,10097
103.965121,30.636982,164,10098
103.469427,30.392497,-1,10099
103.937922,30.906237,-1,10100
103.902272,30.639268,-1,10101
104.45084,30.863571,-1,10102
104.112681,30.752845,38,10103
104.154584,30.726279,-1,10104
103.921569,30.948485,-1,10105
103.496071,31.358631,-1,10106
103.893379,30.51355,54,10107
104.026337,30.468621,-1,10108
104.056768,30.405496,-1,10109
102.870031,29.662766,-1,10110
104.501259,30.424318,-1,10111
103.936514,30.688803,-1,10112
104.149978,30.622885,221,10113
104.263198,29.941268,-1,10114
103.973841,30.73824,47,10115
103.904251,30.683026,-1,10116
104.008521,30.452515,-1,10117
104.101951,30.496945,-1,10118
104.177182,30.718787,23,10119
103.818836,30.634274,34,10120
103.823441,30.610213,99,10121
103.913292,30.994562,-1,10122
103.781965,30.577428,-1,10123
103.670512,30.911143,-1,10124
103.677711,30.338662,231,10125
103.955324,30.998671,-1,10126
104.671026,30.087973,-1,10127
103.963661,30.630312,-1,10128
104.084714,30.455444,254,10129
103.949034,30.515697,-1,10130
104.168227,30.741773,56,10131
104.4115,30.621661,-1,10132
103.856426,30.285271,-1,10133
103.953448,30.605734,-1,10134
104.111842,30.523045,-1,10135
104.570084,30.350038,-1,10136
104.323734,30.847988,-1,10137
104.803666,30.152728,187,10138
104.566671,30.371781,92,10139
104.059748,30.432439,-1,10140
104.598596,30.684818,-1,10141
104.060555,30.650306,18,10142
103.79804,30.653155,-1,10143
103.798432,31.168466,247,10144
104.165317,30.658857,74,10145
104.083273,30.454973,-1,10146
104.202753,30.725866,31,10147
104.123654,30.912531,-1,10148
103.929552,30.941741,-1,10149
103.706563,29.088672,-1,10150
104.247497,29.016463,-1,10151
104.576718,30.345701,-1,10152
103.981597,30.785182,86,10153
104.571715,30.708247,-1,10154
104.158907,30.671446,-1,10155
103.886841,30.528419,42,10156
104.477623,30.489232,271,10157
104.050463,30.753485,-1,10158
104.255434,30.531056,7,10159
104.19547,30.588482,-1,10160
103.994909,30.6123,157,10161
103.920149,30.301508,-1,10162
104.253009,30.858973,110,10163
104.662193,31.091975,173,10164
103.921026,30.702928,6,10165
103.843151,30.538684,-1,10166
103.977681,30.640358,88,10167
103.968682,30.65684,-1,10168
104.086877,30.805704,-1,10169
104.080609,30.816856,-1,10170
104.204591,30.731128,140,10171
104.071525,30.688552,215,10172
103.920943,30.793073,-1,10173
103.819316,30.633271,34,10174
104.017535,30.405682,-1,10175
104.438803,30.600258,-1,10176
104.201012,30.733635,-1,10177
104.415102,30.243838,-1,10178
103.918109,30.683902,28,10179
104.032647,30.858323,127,10180
103.96857,30.972087,-1,10181
104.115332,30.753702,-1,10182
103.888061,30.661348,-1,10183
104.967616,29.684084,-1,10184
104.685906,30.88472,-1,10185
103.833017,30.421559,-1,10186
103.964672,30.636987,164,10187
104.231753,30.639475,156,10188
103.94815,30.327163,-1,10189
103.959021,30.647952,272,10190
104.563822,30.381917,-1,10191
104.055,30.778626,-1,10192
104.0367,30.147992,81,10193
104.016509,29.138735,-1,10194
103.805002,30.431228,-1,10195
104.065854,30.447575,252,10196
104.118408,30.786893,-1,10197
104.046859,30.428149,90,10198
103.836122,31.054956,-1,10199
104.23531,30.646754,49,10200
104.00762,30.553863,65,10201
102.211727,29.884258,-1,10202
104.166545,30.704431,-1,10203
104.020029,29.139286,134,10204
103.87937,30.404794,184,10205
103.983013,30.830056,-1,10206
104.18583,30.719095,163,10207
104.112447,30.752959,38,10208
103.662368,31.001228,-1,10209
104.096453,31.366806,-1,10210
103.717219,30.609513,-1,10211
103.886776,30.590412,-1,10212
103.850859,31.672331,-1,10213
104.669399,29.504004,150,10214
104.118847,30.757056,69,10215
104.414974,30.243888,-1,10216
103.727739,30.584102,-1,10217
104.103764,30.532298,-1,10218
104.000148,30.628338,-1,10219
104.311716,30.298784,159,10220
104.248883,30.772461,76,10221
103.982378,30.454004,-1,10222
103.536665,30.742613,120,10223
104.309087,30.865099,165,10224
104.044947,30.445281,25,10225
103.902986,30.658443,63,10226
104.49344,30.609242,-1,10227
104.2368,30.357135,-1,10228
103.703385,30.402024,-1,10229
104.568626,30.356268,-1,10230
103.937443,30.634542,-1,10231
103.856328,30.44191,183,10232
104.190565,30.662073,141,10233
103.996394,30.481767,-1,10234
103.99192,30.73964,-1,10235
104.372162,30.965483,-1,10236
104.667188,30.126395,-1,10237
104.140691,30.827273,192,10238
103.945786,30.925175,-1,10239
104.051518,30.757754,-1,10240
103.727609,30.558895,279,10241
102.698886,29.990564,-1,10242
104.199186,30.672005,-1,10243
104.365446,30.757744,-1,10244
103.889037,30.499308,-1,10245
104.070515,30.726515,-1,10246
104.167873,30.386625,-1,10247
103.947792,30.010901,-1,10248
104.501221,30.47363,-1,10249
104.057202,30.648992,273,10250
104.354257,30.435768,209,10251
104.212262,30.586836,-1,10252
103.797431,30.42095,-1,10253
104.257411,30.530302,-1,10254
103.789967,30.603961,-1,10255
104.095588,30.541043,135,10256
104.239181,30.730687,-1,10257
104.04692,30.941605,-1,10258
104.105014,30.81292,-1,10259
103.954512,30.570558,-1,10260
104.533889,29.760123,179,10261
104.215298,30.582782,208,10262
104.193732,30.726611,-1,10263
103.920901,30.540827,142,10264
103.861367,30.445794,121,10265
104.203472,30.67262,-1,10266
104.245383,30.553585,-1,10267
103.944367,30.469132,-1,10268
103.887351,30.593023,-1,10269
104.203802,30.725998,31,10270
103.981393,30.785471,86,10271
104.485678,30.447302,-1,10272
104.096331,30.542269,135,10273
104.165898,30.71251,147,10274
104.077183,30.374572,280,10275
103.69357,30.937868,233,10276
103.681755,30.301739,-1,10277
104.211425,31.666446,-1,10278
103.752898,30.491071,-1,10279
103.803983,31.166417,-1,10280
104.495261,30.470679,258,10281
104.082356,30.577331,52,10282
104.31887,30.86106,43,10283
103.978062,30.200442,-1,10284
103.880286,30.604085,-1,10285
104.07092,30.727136,-1,10286
103.714069,30.527285,194,10287
103.908552,30.973227,189,10288
104.164763,30.658932,74,10289
103.972714,30.777865,-1,10290
104.177222,30.718802,23,10291
104.223489,30.794307,57,10292
103.859206,30.827279,93,10293
104.18746,30.772694,-1,10294
103.496287,30.548419,-1,10295
103.90289,30.658347,63,10296
103.516555,30.578901,-1,10297
104.201382,31.125299,-1,10298
103.941589,30.331687,-1,10299
104.092743,30.618835,-1,10300
104.215098,30.582664,208,10301
103.920988,30.702825,6,10302
104.200411,30.684528,177,10303
103.535024,30.589738,-1,10304
104.32078,30.86025,-1,10305
103.969073,31.007922,-1,10306
104.269727,30.728207,-1,10307
104.199154,30.510601,-1,10308
103.937931,30.618983,114,10309
104.224651,30.804756,-1,10310
104.309239,30.865432,165,10311
104.661519,31.092176,173,10312
104.202121,30.726064,31,10313
103.859053,30.827624,93,10314
103.974505,31.067923,-1,10315
104.054492,30.457461,204,10316
104.152167,30.776729,-1,10317
104.164578,30.383387,139,10318
104.072434,30.819484,-1,10319
103.768213,30.471421,-1,10320
103.973929,30.737305,47,10321
103.701694,30.601961,11,10322
104.462719,31.057261,-1,10323
104.16954,30.800719,-1,10324
104.410316,30.623752,-1,10325
104.041415,30.593319,170,10326
103.960063,30.165879,97,10327
103.724089,29.104363,-1,10328
103.500044,30.750811,-1,10329
103.939824,30.617792,12,10330
104.433926,30.394049,-1,10331
103.578129,30.795232,-1,10332
104.085977,30.581238,-1,10333
104.113184,30.500698,-1,10334
103.871335,30.70198,126,10335
104.167453,30.641569,-1,10336
104.120243,30.772939,148,10337
104.326221,30.860246,155,10338
104.424824,30.473983,260,10339
103.95587,31.007053,-1,10340
103.958164,30.662643,259,10341
104.006995,30.570849,-1,10342
103.701773,30.602367,11,10343
104.105743,30.563504,-1,10344
103.851026,30.437184,44,10345
103.936849,30.781691,-1,10346
104.397382,30.327755,-1,10347
104.055824,30.457407,204,10348
104.063737,30.442784,-1,10349
104.256204,30.611298,-1,10350
103.922897,30.716776,154,10351
103.975763,30.639665,88,10352
104.30206,30.59761,-1,10353
104.049534,30.540415,-1,10354
103.872425,30.779259,185,10355
104.106729,30.756411,-1,10356
103.642907,30.85327,-1,10357
103.497292,30.753454,-1,10358
103.95577,31.008105,-1,10359
104.056317,30.428245,138,10360
104.052919,30.456707,-1,10361
104.098384,30.885026,-1,10362
104.171989,30.659774,8,10363
104.526984,30.638661,-1,10364
104.367416,31.126648,-1,10365
103.867135,30.534933,240,10366
104.235278,30.645938,49,10367
104.094968,30.790267,-1,10368
104.512843,30.420281,67,10369
103.658137,30.870074,-1,10370
104.06466,30.632457,263,10371
104.118881,30.756784,69,10372
103.628397,30.727342,62,10373
103.832814,31.162705,-1,10374
104.052269,30.246013,137,10375
103.654458,30.925868,79,10376
104.024836,30.485638,-1,10377
104.047107,30.42854,90,10378
104.02338,31.318818,-1,10379
104.019502,30.228498,-1,10380
104.092929,30.524463,-1,10381
104.168583,30.709423,-1,10382
103.643455,30.470112,-1,10383
104.0652,30.632466,-1,10384
103.816651,30.35158,-1,10385
104.215597,30.821208,245,10386
104.264761,30.617729,-1,10387
103.459873,30.746986,84,10388
104.065964,30.758732,-1,10389
104.054287,30.654505,102,10390
103.789657,29.63605,78,10391
104.525408,30.360307,-1,10392
104.390545,31.063022,-1,10393
103.915991,30.634278,-1,10394
104.572202,30.68814,-1,10395
104.020596,29.139219,134,10396
103.956882,30.723061,-1,10397
104.031588,30.859104,127,10398
103.533343,30.693942,-1,10399
103.979159,30.454879,-1,10400
103.500044,30.750811,-1,10401
104.09125,30.741551,178,10402
104.086244,30.456723,262,10403
104.037212,30.731801,241,10404
104.152743,30.781944,225,10405
103.623701,31.493689,-1,10406
103.452574,31.253061,-1,10407
104.286492,30.968965,-1,10408
103.554795,30.555263,-1,10409
103.698158,30.39593,-1,10410
104.164659,30.658998,74,10411
104.224018,30.566241,21,10412
103.98787,30.919513,-1,10413
104.347457,31.03387,-1,10414
103.959215,30.651462,-1,10415
103.771881,31.175005,-1,10416
104.149077,30.8392,175,10417
103.887158,30.528868,42,10418
103.846876,30.438016,149,10419
103.640153,30.96354,-1,10420
103.514568,30.353568,-1,10421
103.818066,30.634169,34,10422
104.006078,30.591885,168,10423
104.525264,30.651178,-1,10424
104.040965,30.653004,-1,10425
103.965228,30.640039,-1,10426
104.072161,30.45956,-1,10427
104.569437,30.37199,-1,10428
103.88082,30.399111,-1,10429
104.1965,30.010368,-1,10430
104.262171,30.272024,-1,10431
104.278792,30.850616,-1,10432
103.810058,30.631582,34,10433
103.753798,30.395163,-1,10434
104.32898,30.721115,-1,10435
104.161843,30.695385,-1,10436
104.208433,30.524315,161,10437
104.109751,30.503863,191,10438
104.571762,30.688437,-1,10439
104.061857,30.41901,257,10440
103.920232,30.300678,-1,10441
103.921111,30.702944,6,10442
103.701372,30.602665,11,10443
103.561025,30.748509,181,10444
103.876395,30.491467,203,10445
104.105383,30.587346,55,10446
103.816847,30.665337,-1,10447
103.967184,30.648434,70,10448
104.003169,30.696795,-1,10449
103.938173,30.616157,9,10450
104.758553,30.373839,-1,10451
104.966196,30.482338,-1,10452
104.084306,30.578928,52,10453
104.240007,30.634734,-1,10454
104.069956,30.725434,-1,10455
103.682431,30.732769,-1,10456
103.619787,30.405492,-1,10457
104.432377,30.472665,-1,10458
104.164349,30.383885,139,10459
103.671844,30.332606,-1,10460
104.513483,30.635931,-1,10461
104.238153,30.597067,-1,10462
104.108247,30.544952,-1,10463
104.138174,30.610778,-1,10464
104.242883,30.796021,-1,10465
103.697833,30.630753,-1,10466
104.080609,30.816817,-1,10467
103.280455,30.165634,-1,10468
104.32353,30.645797,131,10469
104.108699,30.507595,-1,10470
104.804178,30.152032,187,10471
103.836495,30.677858,-1,10472
103.966236,31.00546,-1,10473
104.360378,30.66142,-1,10474
103.628397,30.727342,62,10475
104.170022,30.778646,-1,10476
104.120594,30.501122,210,10477
103.935847,30.905428,66,10478
104.278944,29.937095,-1,10479
103.696623,30.582475,-1,10480
104.04215,30.627104,-1,10481
104.115998,30.586091,115,10482
103.960683,30.941371,-1,10483
104.326686,30.896309,-1,10484
103.7724,30.345133,-1,10485
104.069648,30.691273,251,10486
104.179046,30.521521,-1,10487
104.113022,30.579132,19,10488
104.056687,30.648159,273,10489
104.340124,30.460281,-1,10490
104.177166,30.718552,23,10491
104.055855,30.647447,-1,10492
103.870128,30.617494,-1,10493
103.890995,30.478493,-1,10494
104.242768,30.650289,80,10495
104.053879,30.684867,-1,10496
104.579761,30.388415,-1,10497
104.075353,30.642781,-1,10498
104.254874,30.580172,-1,10499
104.049716,30.422755,-1,10500
104.06807,30.692639,111,10501
104.466113,30.343919,-1,10502
104.490781,30.602621,-1,10503
103.938249,30.616215,9,10504
103.829673,30.719896,-1,10505
104.497701,30.465819,-1,10506
103.92255,31.038281,-1,10507
104.109177,30.604402,-1,10508
104.050919,30.674081,-1,10509
104.056453,30.367272,-1,10510
104.046431,30.426926,90,10511
104.082143,30.577327,52,10512
103.49791,30.545925,-1,10513
103.895224,30.404297,-1,10514
104.01086,30.522558,-1,10515
103.911994,30.631063,96,10516
104.401693,30.997154,218,10517
103.795275,30.441242,-1,10518
103.874504,30.434027,-1,10519
103.683728,30.878952,-1,10520
104.428774,31.14991,230,10521
104.046687,30.427661,90,10522
104.083617,30.577899,52,10523
104.046071,30.554063,-1,10524
103.983198,30.424188,-1,10525
104.468812,30.848272,51,10526
103.991606,30.661372,-1,10527
103.68201,31.027462,112,10528
103.85263,30.364815,-1,10529
103.750108,30.32764,-1,10530
103.497157,30.567305,-1,10531
103.8022,30.455521,-1,10532
104.004393,30.880169,-1,10533
103.683116,31.013274,-1,10534
104.03285,30.858163,127,10535
104.201023,30.733879,-1,10536
103.753846,30.395265,-1,10537
104.046868,30.428137,90,10538
104.170128,30.52822,-1,10539
104.118239,30.75701,69,10540
104.192518,30.823348,-1,10541
104.225993,30.793226,15,10542
103.800769,30.453581,-1,10543
104.45499,30.489057,-1,10544
104.185173,30.684263,253,10545
104.498634,30.428259,-1,10546
103.865886,30.657009,-1,10547
104.213767,30.651692,160,10548
104.179144,31.018782,-1,10549
103.995994,30.613129,157,10550
103.875755,30.345411,-1,10551
104.135002,30.805985,169,10552
104.387978,30.746527,-1,10553
103.767913,31.181711,-1,10554
103.896429,30.712371,-1,10555
104.101968,30.811634,-1,10556
104.065971,30.446126,252,10557
104.315454,30.61175,-1,10558
104.106286,30.740477,-1,10559
103.871584,30.133941,-1,10560
103.465017,30.452809,-1,10561
103.933778,30.719866,-1,10562
103.689773,31.046003,-1,10563
104.503162,30.34248,-1,10564
104.001852,30.685727,-1,10565
103.541503,30.663378,-1,10566
104.111863,30.505607,-1,10567
103.935107,30.322941,-1,10568
104.006608,30.233028,-1,10569
104.106755,30.587107,55,10570
103.942167,30.279547,-1,10571
103.768329,30.694219,-1,10572
103.288712,29.578445,-1,10573
104.144101,30.533879,-1,10574
104.541833,30.661198,-1,10575
103.899151,30.388981,-1,10576
104.055616,30.45693,204,10577
104.161187,30.447249,-1,10578
104.116098,30.452143,-1,10579
104.119989,30.772667,148,10580
104.203275,30.72602,31,10581
104.198889,30.810768,-1,10582
103.829163,30.937886,-1,10583
104.226196,30.79306,15,10584
104.400891,30.310628,-1,10585
103.970195,30.650226,105,10586
103.905456,30.810686,87,10587
104.244976,30.707587,-1,10588
103.85554,30.631035,-1,10589
104.240454,30.652016,-1,10590
104.244687,30.645486,68,10591
103.532391,30.561904,-1,10592
103.986728,30.484999,-1,10593
104.202887,30.506807,-1,10594
103.789913,30.688518,-1,10595
103.684061,30.607366,-1,10596
103.615512,30.960347,-1,10597
104.326471,30.860078,155,10598
104.118167,30.756772,69,10599
103.602118,30.866917,-1,10600
103.517464,30.578695,-1,10601
103.625828,30.403044,-1,10602
103.917233,30.683527,28,10603
104.424156,30.392666,-1,10604
104.02399,30.524005,-1,10605
104.054505,30.42868,-1,10606
103.959215,30.651462,-1,10607
104.320489,30.277966,224,10608
103.088052,29.972899,-1,10609
104.069066,30.692584,111,10610
103.739156,30.706967,-1,10611
104.570084,30.350038,-1,10612
104.167671,30.706811,-1,10613
103.882206,30.362636,-1,10614
104.200611,30.683928,177,10615
104.485808,30.491679,-1,10616
104.313335,30.274702,-1,10617
103.941051,30.80829,-1,10618
104.106599,30.491224,77,10619
104.612988,30.854977,-1,10620
104.075501,30.770043,-1,10621
104.196054,31.191332,-1,10622
103.876962,30.175279,-1,10623
103.790485,29.746371,-1,10624
104.150003,30.622904,221,10625
104.565528,30.371095,92,10626
103.678975,30.904354,-1,10627
104.159247,30.67352,-1,10628
103.937122,30.781641,-1,10629
103.801025,30.401781,-1,10630
103.912834,30.977315,-1,10631
104.502195,30.493977,-1,10632
103.949633,30.50175,-1,10633
104.177557,30.727405,-1,10634
104.115352,30.753631,-1,10635
104.115164,30.753005,-1,10636
102.964705,29.978538,-1,10637
103.697644,30.407071,-1,10638
104.045318,30.537915,-1,10639
103.902402,30.658437,63,10640
104.032141,30.738721,-1,10641
103.861449,30.80427,60,10642
104.112458,30.579869,19,10643
103.586046,30.388365,-1,10644
103.521017,30.748928,-1,10645
104.177316,30.719031,23,10646
103.702017,30.852844,-1,10647
104.170896,30.614979,145,10648
104.138232,30.610819,-1,10649
104.185199,30.552136,267,10650
104.404679,31.330451,-1,10651
104.069946,30.76869,75,10652
103.857435,30.450897,-1,10653
103.984467,31.054378,-1,10654
103.807357,30.295421,-1,10655
104.579561,30.388765,-1,10656
104.130495,30.670421,117,10657
104.007925,30.231298,-1,10658
104.083211,30.637879,-1,10659
104.020893,29.139276,134,10660
104.018187,30.579643,-1,10661
104.660349,31.131077,-1,10662
104.101265,30.444501,-1,10663
104.41456,30.946508,-1,10664
103.677495,30.338831,231,10665
103.992678,30.436482,-1,10666
103.531001,30.562107,-1,10667
103.795211,30.44107,-1,10668
104.109213,30.464018,207,10669
104.522051,30.429756,199,10670
104.586542,30.132623,-1,10671
104.055842,30.848048,190,10672
104.108421,30.557747,-1,10673
104.182988,30.71731,72,10674
104.0399,30.582673,261,10675
104.056572,30.367506,-1,10676
104.511412,30.349972,-1,10677
103.877193,30.562567,219,10678
103.560759,30.748833,181,10679
103.860649,30.83546,-1,10680
103.880305,30.404295,184,10681
104.3967,31.064942,-1,10682
104.424914,30.353659,-1,10683
103.743455,30.338502,-1,10684
103.852968,31.292894,-1,10685
104.050055,30.420301,-1,10686
104.001866,30.127893,-1,10687
103.80977,30.630401,34,10688
104.064608,30.373788,-1,10689
104.107618,30.462715,-1,10690
104.168983,30.741246,56,10691
103.956495,30.030403,-1,10692
103.639003,30.943769,-1,10693
104.130623,30.010964,-1,10694
104.162067,30.677701,-1,10695
104.162881,30.699251,229,10696
103.91865,30.411296,-1,10697
103.929034,30.634703,-1,10698
104.118351,30.757184,69,10699
104.081941,30.722641,-1,10700
103.967714,30.648516,70,10701
103.842647,30.538917,-1,10702
104.006367,30.5924,168,10703
104.099477,30.466852,133,10704
104.149041,30.703733,-1,10705
104.249818,30.579861,-1,10706
104.115703,30.58517,115,10707
103.952397,30.427688,171,10708
104.164495,30.395149,-1,10709
103.961096,30.168933,-1,10710
104.282977,29.622661,-1,10711
104.171959,30.658779,8,10712
104.169225,30.532456,-1,10713
103.706839,30.379211,-1,10714
104.107267,30.587248,55,10715
104.138801,30.716452,-1,10716
103.64861,30.477208,-1,10717
103.849374,30.811827,-1,10718
103.845374,30.4359,-1,10719
103.973773,31.032235,103,10720
103.460321,30.746956,84,10721
103.969309,30.366475,4,10722
104.100081,30.733737,-1,10723
104.446294,30.351029,-1,10724
104.628095,31.175134,-1,10725
103.727698,30.558971,279,10726
104.119171,30.756959,69,10727
103.876249,30.500522,-1,10728
104.810608,30.151282,-1,10729
103.96313,30.663337,-1,10730
104.199537,30.811224,-1,10731
103.92668,30.946991,-1,10732
104.120858,30.501687,210,10733
103.903928,31.002527,-1,10734
103.701624,30.652866,-1,10735
104.745695,30.451695,61,10736
103.818755,30.634378,34,10737
103.935596,30.905758,66,10738
104.820288,29.684256,-1,10739
104.164618,30.658448,74,10740
103.653117,30.920365,238,10741
104.018529,30.55304,-1,10742
103.817408,30.7074,-1,10743
104.050833,30.779567,-1,10744
103.920621,30.541335,142,10745
104.004398,30.565294,-1,10746
104.669358,29.504172,150,10747
104.102631,30.497029,-1,10748
104.036303,30.296771,32,10749
103.959573,30.543861,-1,10750
104.087506,30.749591,-1,10751
104.184328,30.619946,-1,10752
104.225897,30.793274,15,10753
104.043483,30.205863,-1,10754
104.068036,30.692248,111,10755
104.529428,31.863472,-1,10756
104.083613,30.577922,52,10757
104.100932,30.438846,-1,10758
104.225418,30.791248,15,10759
103.905622,30.810874,87,10760
103.725132,30.332003,-1,10761
103.974505,31.067923,-1,10762
103.804562,30.430949,-1,10763
104.105343,30.512479,40,10764
104.191658,31.033049,-1,10765
104.223489,30.794307,57,10766
103.964711,30.61559,-1,10767
104.120106,30.773152,148,10768
104.065488,30.439123,-1,10769
104.103635,30.71493,-1,10770
104.20348,30.726293,31,10771
103.968236,30.981505,-1,10772
104.46089,30.47379,-1,10773
104.245136,29.946558,-1,10774
104.169113,30.741207,56,10775
103.816083,30.901855,-1,10776
104.052406,30.246251,137,10777
103.936505,30.613802,26,10778
103.790701,30.188487,-1,10779
103.194593,30.139274,-1,10780
104.615826,30.158124,-1,10781
104.02338,31.318686,-1,10782
104.044553,30.444928,25,10783
104.401202,30.469086,-1,10784
104.227737,30.802452,-1,10785
104.164643,30.658498,74,10786
104.111568,30.524873,-1,10787
104.504647,30.505198,-1,10788
103.813691,31.655578,-1,10789
104.512029,30.421583,-1,10790
104.414958,30.243938,-1,10791
103.871989,30.476373,-1,10792
104.237421,30.65294,5,10793
103.940157,30.614251,213,10794
104.069799,30.768498,75,10795
103.484163,30.405249,-1,10796
103.987404,30.528306,-1,10797
103.640153,30.96354,-1,10798
103.990836,30.739191,268,10799
104.009218,30.763819,122,10800
104.501734,30.354441,-1,10801
103.719075,30.588286,-1,10802
103.726216,30.559455,279,10803
103.918029,30.811779,-1,10804
103.975859,30.651578,-1,10805
103.994234,30.764794,132,10806
103.797656,30.447942,-1,10807
103.719023,30.615041,-1,10808
104.592915,30.392541,-1,10809
104.489614,30.493786,143,10810
104.578241,30.358132,-1,10811
104.609884,31.298708,-1,10812
103.899238,30.745756,-1,10813
104.107328,30.462282,-1,10814
104.118847,30.757056,69,10815
103.871476,30.621354,-1,10816
103.456554,30.431826,-1,10817
103.87782,30.846565,-1,10818
103.628477,30.727542,62,10819
103.671844,30.332606,-1,10820
104.168919,30.741531,56,10821
104.135185,30.805952,169,10822
103.840838,30.488408,-1,10823
104.118167,30.756772,69,10824
103.896666,30.666455,202,10825
104.164004,30.658465,74,10826
104.112161,31.075776,222,10827
104.142079,30.645225,0,10828
104.505475,30.506438,-1,10829
104.185778,30.552466,267,10830
104.150534,30.518164,-1,10831
104.137253,30.412403,-1,10832
103.688674,31.024495,-1,10833
103.908951,30.543203,1,10834
103.796894,31.166922,-1,10835
104.227427,30.858249,-1,10836
104.041446,30.525865,-1,10837
103.851294,31.059402,-1,10838
104.08516,30.683611,195,10839
103.863779,30.346921,-1,10840
103.917114,30.68368,28,10841
104.362249,31.067725,-1,10842
103.720696,30.8232,-1,10843
104.220903,30.638561,108,10844
104.477678,30.502927,-1,10845
104.168927,30.741129,56,10846
104.643338,29.784464,-1,10847
104.064984,30.555102,-1,10848
104.124837,30.788871,-1,10849
104.134821,30.603555,-1,10850
104.092208,30.439745,-1,10851
103.916605,30.397388,-1,10852
104.434257,29.596854,-1,10853
104.804037,30.152359,187,10854
104.411494,30.34462,-1,10855
103.809983,30.631756,34,10856
103.876932,30.356706,-1,10857
104.168682,30.741594,56,10858
104.249818,30.581159,-1,10859
103.535709,30.742604,120,10860
104.118619,30.756833,69,10861
104.035243,30.232194,-1,10862
103.886741,30.528452,42,10863
104.396627,31.064992,-1,10864
104.573091,30.187122,-1,10865
103.933646,30.55467,-1,10866
104.100084,30.438214,-1,10867
104.308671,30.865113,165,10868
104.170661,30.615275,145,10869
103.969831,30.436631,-1,10870
104.24262,30.650418,80,10871
104.032839,30.488812,-1,10872
103.916935,30.683621,28,10873
103.87056,30.702123,126,10874
103.667313,30.37138,-1,10875
104.667209,30.069879,-1,10876
103.935764,30.905382,66,10877
104.005726,30.515472,-1,10878
103.986245,30.742412,-1,10879
103.669794,30.903479,-1,10880
104.246268,30.648285,-1,10881
104.098671,30.885152,-1,10882
103.977676,30.688528,113,10883
103.523583,30.20721,-1,10884
104.003833,30.60647,-1,10885
103.960548,30.646197,278,10886
104.235574,30.646486,49,10887
104.217961,30.801746,-1,10888
104.069792,30.768024,75,10889
103.811179,30.875767,-1,10890
104.202163,30.739114,123,10891
104.320321,30.277163,224,10892
104.462386,31.234167,-1,10893
103.90056,30.651349,-1,10894
104.104186,30.512625,40,10895
103.882554,30.66706,-1,10896
104.608329,30.385622,-1,10897
104.031499,30.858354,127,10898
103.887425,30.528655,42,10899
103.810573,30.632015,34,10900
104.075116,30.238803,22,10901
104.492494,30.325526,-1,10902
102.704483,29.995057,-1,10903
104.099885,30.46712,133,10904
104.142192,30.39374,-1,10905
104.10017,30.683284,-1,10906
103.21523,30.137999,-1,10907
104.178589,30.782686,85,10908
104.526528,30.431009,-1,10909
103.727133,30.559381,279,10910
104.150106,30.616017,172,10911
103.833224,30.388739,-1,10912
103.770638,30.398326,-1,10913
104.106144,30.41345,-1,10914
104.28707,30.673549,-1,10915
103.352633,30.37525,-1,10916
104.137101,30.412481,-1,10917
104.515794,30.391481,-1,10918
103.819153,30.797193,167,10919
104.270763,30.624379,-1,10920
103.992591,30.434854,-1,10921
103.736485,31.01717,-1,10922
104.562116,30.189068,-1,10923
103.970964,30.650589,105,10924
104.21471,30.583441,208,10925
104.243788,30.645542,68,10926
103.99907,30.466058,-1,10927
104.225269,30.67224,-1,10928
103.937187,30.613382,26,10929
104.073505,30.699975,-1,10930
104.060827,30.442265,-1,10931
103.932793,30.880885,-1,10932
104.118551,30.756722,69,10933
104.008554,30.481491,-1,10934
104.160934,30.696092,-1,10935
104.421588,30.8812,-1,10936
104.388002,30.746609,-1,10937
104.056704,30.423733,-1,10938
104.382239,30.35069,-1,10939
104.071227,30.725192,10,10940
103.903963,30.683676,-1,10941
104.056688,30.420449,-1,10942
104.398747,30.342015,-1,10943
104.539186,31.859899,33,10944
104.159726,30.670728,-1,10945
104.052551,30.44383,-1,10946
103.653287,30.920439,238,10947
104.175715,30.788018,-1,10948
104.043253,30.447092,25,10949
104.177819,31.204949,-1,10950
104.400792,31.064602,-1,10951
103.848735,30.666335,-1,10952
104.367738,30.487802,-1,10953
104.411221,30.903384,-1,10954
104.186702,30.757356,-1,10955
104.237403,30.653123,5,10956
104.409012,31.22099,-1,10957
103.934743,30.548819,-1,10958
103.861304,30.44583,121,10959
103.997094,30.907937,-1,10960
104.013167,30.517464,-1,10961
104.075565,30.238738,22,10962
104.120524,30.685195,-1,10963
103.796128,29.435333,-1,10964
104.036418,30.296818,32,10965
103.916437,30.369347,152,10966
103.517356,30.564171,-1,10967
104.121129,30.500937,210,10968
104.285364,30.69689,196,10969
104.226285,30.525382,91,10970
104.006332,30.592128,168,10971
103.597993,30.985217,-1,10972
104.008456,30.452347,-1,10973
103.559283,30.549143,214,10974
103.915026,30.630903,-1,10975
103.876256,30.500606,-1,10976
104.298698,31.007045,-1,10977
104.564953,30.386933,-1,10978
104.160585,30.643414,-1,10979
104.038667,30.333351,-1,10980
103.848233,30.430862,-1,10981
103.931378,30.722001,-1,10982
103.531906,31.405069,-1,10983
104.04252,30.199172,266,10984
104.485808,30.491679,-1,10985
104.055063,30.653489,102,10986
103.95587,31.007053,-1,10987
103.796196,30.678851,-1,10988
103.909151,30.542837,1,10989
103.978106,30.406175,-1,10990
103.869263,30.831331,-1,10991
103.986214,30.721961,-1,10992
104.196893,30.590194,-1,10993
104.093245,30.581554,14,10994
103.642829,30.943391,2,10995
103.810659,30.46141,-1,10996
104.103155,30.828901,-1,10997
103.906624,30.397242,-1,10998
103.963987,30.955984,-1,10999
103.76506,30.401442,-1,11000
103.935789,30.548595,-1,11001
104.109812,30.504234,191,11002
104.242588,30.650553,80,11003
103.812056,30.632327,34,11004
104.449785,30.872405,-1,11005
104.127532,30.773512,-1,11006
104.160238,30.013503,-1,11007
103.937491,30.614153,26,11008
104.164345,30.658588,74,11009
104.062991,30.442699,-1,11010
104.172728,30.484294,244,11011
103.661409,30.960963,41,11012
104.546604,29.503978,-1,11013
103.905005,30.676472,158,11014
103.882989,30.363235,-1,11015
103.989542,30.454335,-1,11016
103.905343,30.676622,158,11017
103.703034,30.63236,-1,11018
103.474576,30.431647,16,11019
103.954266,30.339044,-1,11020
104.278255,30.727595,-1,11021
104.262171,30.272024,-1,11022
104.099798,30.466971,133,11023
103.960636,30.645769,278,11024
103.855508,30.315355,-1,11025
103.496119,30.175161,-1,11026
104.555411,30.352362,182,11027
103.880181,30.404532,184,11028
104.149189,30.622509,221,11029
103.94035,30.933123,-1,11030
104.064608,30.373788,-1,11031
104.217426,30.572139,242,11032
103.990772,30.739503,268,11033
104.161332,30.891142,-1,11034
103.923138,30.717278,154,11035
103.960554,30.646255,278,11036
103.941191,30.919382,-1,11037
104.218894,30.585261,-1,11038
103.916906,30.232138,-1,11039
103.674893,30.945944,-1,11040
104.055864,30.457574,204,11041
104.049592,30.661542,-1,11042
104.05605,30.848027,190,11043
103.902321,30.834682,89,11044
103.872553,30.77946,185,11045
103.8529,30.989647,-1,11046
104.512618,30.351002,-1,11047
104.586229,30.734323,256,11048
103.90958,30.748817,-1,11049
104.028535,31.348627,-1,11050
103.699044,31.030792,-1,11051
104.056213,30.847768,190,11052
104.048122,30.427749,90,11053
104.065871,30.447236,252,11054
104.056176,30.44852,-1,11055
104.217563,30.571068,242,11056
103.854172,30.764528,-1,11057
103.460491,30.464109,-1,11058
104.244886,29.946263,-1,11059
104.154519,30.710977,-1,11060
104.410216,30.758603,83,11061
103.834564,30.632932,-1,11062
103.553161,30.221172,228,11063
104.445966,30.856321,-1,11064
104.032183,30.858707,127,11065
103.684552,31.023885,-1,11066
104.225399,30.638956,239,11067
104.268819,31.015451,-1,11068
104.267945,30.650878,-1,11069
104.10109,30.810491,-1,11070
104.203791,30.726029,31,11071
104.154987,30.728152,-1,11072
104.196088,30.80413,-1,11073
103.555441,30.546042,-1,11074
103.630316,30.934304,-1,11075
104.23232,30.984965,-1,11076
104.745417,30.451688,61,11077
104.023431,31.377337,-1,11078
104.021542,30.500174,-1,11079
104.006953,30.592738,168,11080
104.286537,30.678896,-1,11081
103.419355,30.380686,-1,11082
103.45847,30.988241,-1,11083
104.10978,30.508551,24,11084
104.111977,31.076026,222,11085
104.112072,30.752908,38,11086
103.914188,30.675427,200,11087
103.827566,30.91843,-1,11088
104.308671,30.865113,165,11089
104.058524,30.368526,-1,11090
103.887066,30.59312,-1,11091
104.037078,30.732162,241,11092
103.865159,30.407768,-1,11093
104.366807,30.294099,-1,11094
104.004132,30.719117,-1,11095
104.174595,30.715239,53,11096
104.166047,30.712465,147,11097
104.125999,30.894223,-1,11098
103.95237,30.936811,-1,11099
103.648739,30.477218,-1,11100
103.845965,30.431846,-1,11101
103.99192,30.73964,-1,11102
103.935536,30.905543,66,11103
103.987259,30.457531,-1,11104
103.78134,30.640077,-1,11105
104.141447,30.612555,-1,11106
103.438181,30.363725,-1,11107
104.183274,30.710537,95,11108
103.872369,30.779491,185,11109
103.669577,30.36749,-1,11110
104.140154,30.781949,-1,11111
104.272961,30.814535,-1,11112
104.244412,30.645694,68,11113
104.081697,30.722677,-1,11114
104.044369,30.448945,-1,11115
104.157937,30.633876,-1,11116
104.387397,30.307605,-1,11117
103.998995,30.751584,-1,11118
104.068133,30.647123,-1,11119
103.456514,30.431728,-1,11120
104.182988,30.71731,72,11121
103.936473,30.613854,26,11122
104.32624,30.860343,155,11123
103.41408,30.626676,-1,11124
104.058682,30.648485,273,11125
103.54528,30.589079,-1,11126
104.456356,30.83032,-1,11127
103.681154,30.948223,-1,11128
104.204727,30.731128,140,11129
103.813405,30.631758,34,11130
104.221652,30.63866,108,11131
103.820812,30.741661,-1,11132
103.903515,30.658192,63,11133
104.756236,30.304262,-1,11134
104.146038,30.886013,-1,11135
104.539541,31.859714,33,11136
104.040704,30.504885,-1,11137
104.2175,30.613489,-1,11138
103.685558,30.945122,-1,11139
103.96302,30.657947,-1,11140
104.150134,30.616136,172,11141
104.040722,30.531393,-1,11142
104.605147,30.881005,-1,11143
104.169366,30.390657,-1,11144
104.117967,30.757098,69,11145
104.043829,30.206051,-1,11146
103.699948,31.035535,-1,11147
103.954961,30.569586,-1,11148
104.097255,30.890823,-1,11149
103.893754,30.677269,-1,11150
104.466049,30.849092,-1,11151
104.882576,30.082848,-1,11152
104.359386,30.438309,-1,11153
103.92943,30.974597,-1,11154
103.99347,29.024225,20,11155
103.912399,30.630859,96,11156
104.412618,30.332195,-1,11157
104.062868,30.438486,-1,11158
104.527451,30.414997,-1,11159
104.007741,30.74382,-1,11160
103.996132,30.682235,-1,11161
103.82922,30.396472,-1,11162
103.897264,30.836473,146,11163
104.133125,30.408965,-1,11164
104.0367,30.147992,81,11165
104.226285,30.525382,91,11166
103.852153,30.81776,-1,11167
103.983468,31.074624,-1,11168
103.987701,30.919726,-1,11169
103.967706,30.648568,70,11170
103.908757,30.543105,1,11171
103.922688,31.067628,-1,11172
104.114245,30.765522,-1,11173
103.958062,30.660362,162,11174
104.072139,30.730978,-1,11175
104.363531,30.361101,-1,11176
103.981737,30.626939,-1,11177
104.139785,30.405459,-1,11178
104.164116,30.671238,-1,11179
104.079102,30.818233,-1,11180
104.050828,30.478319,-1,11181
103.468357,30.430662,-1,11182
103.604695,31.066736,-1,11183
104.15751,30.691881,-1,11184
103.516898,30.392049,-1,11185
104.018362,30.229597,-1,11186
104.249678,30.860413,-1,11187
104.401725,30.997189,218,11188
104.055727,30.76324,37,11189
104.034496,30.236291,-1,11190
104.063729,30.63336,263,11191
104.068287,30.692725,111,11192
104.067009,30.449073,-1,11193
103.935712,30.424644,-1,11194
103.552265,30.831986,-1,11195
104.071229,30.72519,10,11196
104.236242,30.647041,49,11197
104.119171,30.756959,69,11198
103.988637,30.213076,-1,11199
104.331136,30.644395,-1,11200
104.168334,30.665416,-1,11201
104.199186,30.672005,-1,11202
104.372045,30.864425,48,11203
104.334888,30.643725,-1,11204
104.133913,30.595466,-1,11205
104.515794,30.391481,-1,11206
103.771363,30.432293,-1,11207
104.060254,30.339544,-1,11208
103.893072,30.447292,220,11209
103.968236,30.981505,-1,11210
103.897368,30.836537,146,11211
103.955562,30.938553,-1,11212
104.488893,30.461621,104,11213
104.501496,30.355217,-1,11214
104.287247,30.676455,-1,11215
103.959952,30.517379,130,11216
104.190411,30.662511,141,11217
104.185854,30.71867,163,11218
103.886821,30.820233,-1,11219
104.25528,30.531252,7,11220
104.522796,30.662849,-1,11221
104.177222,30.718752,23,11222
104.556394,30.353342,182,11223
104.326315,30.860194,155,11224
104.071176,30.725219,10,11225
103.951892,30.427925,171,11226
104.390848,30.284171,212,11227
104.401464,31.061425,-1,11228
104.254819,30.579869,-1,11229
104.254791,30.642412,-1,11230
103.866004,30.44042,-1,11231
104.0075,30.805105,-1,11232
104.450262,30.600526,-1,11233
104.23491,30.646271,49,11234
103.970771,30.650452,105,11235
103.855891,30.577575,-1,11236
104.065243,30.443809,-1,11237
103.923722,30.717028,154,11238
104.493577,30.471083,-1,11239
104.264335,30.851405,-1,11240
104.357617,31.075795,-1,11241
103.423822,30.387347,-1,11242
103.944085,30.833535,-1,11243
104.098793,30.518062,-1,11244
104.16833,30.741692,56,11245
103.921975,30.281547,-1,11246
104.26571,30.853318,-1,11247
103.878578,30.198198,59,11248
104.079669,30.454461,-1,11249
103.583697,30.376727,-1,11250
104.172045,30.658952,8,11251
104.14924,30.622305,221,11252
104.069909,30.371203,-1,11253
104.071476,30.688564,215,11254
103.79258,30.187609,-1,11255
104.198594,30.582055,13,11256
104.235886,30.646843,49,11257
103.857866,31.065757,-1,11258
103.791063,30.194668,-1,11259
104.41768,30.616152,-1,11260
103.959147,30.663913,-1,11261
104.804181,30.152192,187,11262
104.750499,29.745891,-1,11263
103.868859,30.345899,-1,11264
103.695703,30.395612,-1,11265
103.957909,30.663597,259,11266
104.037665,30.360629,-1,11267
103.696955,30.652538,-1,11268
103.387103,30.733273,-1,11269
104.040926,30.531307,-1,11270
104.615112,30.163391,-1,11271
104.64467,31.449354,-1,11272
104.613477,30.855494,-1,11273
103.935879,30.905582,66,11274
104.238569,30.637104,-1,11275
103.968872,30.80227,-1,11276
104.047617,30.428527,90,11277
103.695592,30.394992,-1,11278
104.174447,30.715289,53,11279
103.678003,30.338452,231,11280
104.501076,30.339478,107,11281
104.019526,30.549149,-1,11282
104.010858,30.480263,277,11283
103.960412,30.646167,278,11284
103.939727,30.61702,12,11285
103.957111,30.66055,162,11286
103.633876,30.959925,-1,11287
103.858994,30.714577,-1,11288
103.678008,30.338854,231,11289
103.986941,30.597144,-1,11290
104.223845,30.566604,21,11291
104.069761,30.76857,75,11292
103.996178,30.61413,157,11293
104.425159,30.473983,260,11294
104.571746,30.688489,-1,11295
104.067614,30.450385,-1,11296
104.222327,30.847983,-1,11297
104.320489,30.277966,224,11298
104.537052,30.397393,-1,11299
104.543081,30.721458,-1,11300
104.186233,30.553183,267,11301
103.939795,30.696127,-1,11302
103.877418,30.562423,219,11303
103.969283,30.366518,4,11304
103.522248,30.724115,-1,11305
104.060261,30.649166,18,11306
104.076792,30.375279,280,11307
104.372162,30.965483,-1,11308
104.69752,30.426563,-1,11309
104.307171,30.865161,165,11310
104.093124,30.58137,14,11311
104.415862,31.068398,-1,11312
104.498884,30.490758,151,11313
103.932543,30.671968,-1,11314
103.753862,30.395131,-1,11315
104.499251,30.479438,-1,11316
104.734951,30.648734,-1,11317
103.937402,30.614552,26,11318
103.770324,30.431332,-1,11319
104.111479,30.523834,-1,11320
103.91725,30.683906,28,11321
103.961662,30.81528,-1,11322
103.767548,30.695321,-1,11323
104.488599,30.461997,104,11324
103.642907,30.85327,-1,11325
104.269627,30.623096,-1,11326
104.093026,30.581344,14,11327
103.854908,30.406861,-1,11328
104.457065,30.868872,-1,11329
104.118288,30.756979,69,11330
103.916194,30.709726,-1,11331
104.005902,30.234058,-1,11332
104.069799,30.768498,75,11333
103.604078,30.484649,-1,11334
103.68457,30.300808,-1,11335
103.509776,30.56226,-1,11336
103.812551,30.630992,-1,11337
103.811401,30.63226,34,11338
103.406671,31.059392,-1,11339
103.536005,30.569378,-1,11340
103.91844,30.416307,-1,11341
104.15025,30.615911,172,11342
103.937781,30.926994,-1,11343
104.242811,30.650605,80,11344
103.953473,30.660269,-1,11345
104.388629,30.611248,-1,11346
103.902986,30.677172,-1,11347
104.428714,30.735415,-1,11348
103.55332,30.221206,228,11349
103.874055,30.775155,-1,11350
103.195392,30.141423,-1,11351
104.21654,30.648571,-1,11352
104.106597,30.704224,-1,11353
104.047836,30.828143,-1,11354
103.88468,30.665409,153,11355
104.202671,30.725977,31,11356
104.108193,30.760024,-1,11357
103.496098,31.358813,-1,11358
104.387397,30.307605,-1,11359
103.887131,30.59307,-1,11360
104.117602,30.282699,71,11361
103.994994,30.733943,-1,11362
104.397745,30.823889,-1,11363
103.892937,30.51391,54,11364
104.193813,31.191863,-1,11365
104.134072,30.945727,-1,11366
103.940369,30.620822,205,11367
104.497359,30.634213,-1,11368
104.063753,30.438165,-1,11369
104.15284,30.781983,225,11370
104.293937,30.97125,-1,11371
104.212973,30.650314,-1,11372
104.046797,30.589507,-1,11373
103.909121,30.886504,-1,11374
104.112645,30.832972,-1,11375
104.186319,30.761508,-1,11376
104.172989,30.485029,244,11377
103.733158,30.495567,-1,11378
104.112663,30.752816,38,11379
104.102271,30.688299,-1,11380
103.923586,30.716998,154,11381
104.062567,30.497826,-1,11382
103.959143,30.649298,272,11383
103.394185,30.206623,-1,11384
103.989013,30.586737,-1,11385
104.660349,31.131077,-1,11386
104.084786,30.45531,254,11387
104.04252,30.199172,266,11388
104.204727,30.731128,140,11389
104.009507,30.612357,-1,11390
104.081087,30.638292,-1,11391
104.245304,30.553545,-1,11392
103.460658,30.749085,-1,11393
104.011686,30.62111,-1,11394
104.110087,30.539249,-1,11395
103.915342,30.418577,-1,11396
104.087349,30.467639,-1,11397
104.237976,30.652977,5,11398
104.97439,29.869605,-1,11399
104.036418,30.296818,32,11400
104.554548,30.353938,-1,11401
104.063619,30.665776,-1,11402
104.267977,30.650049,-1,11403
103.718582,30.610401,-1,11404
104.069584,30.768345,75,11405
103.915311,30.832563,-1,11406
104.056728,30.42805,138,11407
104.027916,30.55148,-1,11408
104.031958,30.321899,-1,11409
104.243723,30.650989,80,11410
104.121443,30.539658,-1,11411
104.09062,30.499288,-1,11412
104.203758,30.72617,31,11413
103.650196,30.435934,-1,11414
104.090391,30.691647,-1,11415
104.249146,30.77251,76,11416
104.469226,30.847549,51,11417
104.149088,30.684237,-1,11418
104.064885,30.665578,-1,11419
103.499502,30.569451,116,11420
103.983322,30.453773,-1,11421
104.183186,30.710555,95,11422
103.982118,30.926742,-1,11423
104.45491,30.489041,-1,11424
103.813006,30.631045,34,11425
103.790313,29.636399,78,11426
103.99347,29.024291,20,11427
104.213981,30.651551,160,11428
103.859927,30.301772,82,11429
104.488215,31.295597,-1,11430
104.065522,30.647499,-1,11431
103.058104,30.047163,-1,11432
104.051314,30.476688,125,11433
104.529572,30.643239,-1,11434
103.541319,30.745992,-1,11435
104.418832,30.946271,-1,11436
103.495982,30.548486,-1,11437
104.394437,30.350134,234,11438
103.921194,30.703091,6,11439
103.141914,30.996171,-1,11440
104.177047,30.718639,23,11441
104.235584,30.646988,49,11442
104.242636,30.651351,80,11443
104.04109,30.593542,170,11444
103.983255,31.064129,-1,11445
103.76031,30.39418,-1,11446
103.403015,30.740549,-1,11447
103.754205,30.555123,-1,11448
103.315453,29.259905,-1,11449
103.850903,30.820358,3,11450
104.108402,30.505582,191,11451
104.330862,30.644653,-1,11452
104.096793,30.822765,-1,11453
104.295955,30.99352,-1,11454
103.994198,30.612433,157,11455
104.397466,30.757874,-1,11456
103.956728,30.030478,-1,11457
104.093818,30.646589,-1,11458
103.532093,30.561798,-1,11459
103.883266,30.411416,-1,11460
104.258105,30.612517,-1,11461
104.044805,30.44522,25,11462
103.768263,30.937302,-1,11463
104.077327,30.588366,-1,11464
104.164954,30.657931,74,11465
104.072523,30.438848,-1,11466
104.287262,30.646238,-1,11467
103.772658,30.434784,-1,11468
103.966388,31.004382,-1,11469
104.504652,30.48834,-1,11470
103.981392,30.453751,-1,11471
104.133823,30.408814,-1,11472
104.231863,30.63956,156,11473
103.113404,30.09705,-1,11474
103.904729,30.634288,-1,11475
103.863356,30.347072,-1,11476
104.269172,30.328099,-1,11477
104.056331,30.763278,37,11478
104.006672,30.592353,168,11479
104.708574,30.885759,-1,11480
104.102407,30.49676,-1,11481
104.64467,31.449354,-1,11482
103.73819,30.955701,-1,11483
104.223419,30.67508,-1,11484
104.070106,30.69,251,11485
104.313335,30.274702,-1,11486
103.800588,30.453474,-1,11487
104.118255,30.759029,-1,11488
103.912673,30.630837,96,11489
104.258742,30.52948,-1,11490
104.170697,30.615291,145,11491
104.081606,30.489879,-1,11492
104.05592,30.45804,204,11493
103.886785,30.528365,42,11494
103.499642,30.56933,116,11495
104.148077,30.790809,-1,11496
103.4652,30.438341,269,11497
104.268819,31.015291,-1,11498
103.921115,30.670324,-1,11499
103.990836,30.739191,268,11500
103.816749,30.640252,-1,11501
103.505357,30.197331,-1,11502
104.080229,30.705275,-1,11503
104.555284,30.352644,182,11504
104.250094,30.663507,-1,11505
103.681727,30.596608,211,11506
104.248211,30.605431,-1,11507
104.151122,30.751787,-1,11508
104.081263,30.512792,129,11509
104.08001,30.512529,129,11510
103.560754,30.749063,181,11511
103.923271,30.256721,-1,11512
103.911043,30.223821,-1,11513
104.361434,30.43493,-1,11514
104.177465,30.718712,23,11515
104.237441,30.652932,5,11516
103.725789,30.331874,-1,11517
104.054269,30.654686,102,11518
104.02985,31.371461,-1,11519
103.801283,31.248543,-1,11520
104.990509,29.542389,243,11521
103.394281,30.206594,-1,11522
103.718953,30.591929,-1,11523
104.017746,29.139205,-1,11524
103.926097,30.923951,-1,11525
104.868925,29.225602,-1,11526
104.285424,30.696818,196,11527
104.115042,30.41706,274,11528
104.102816,30.533171,-1,11529
104.148745,30.839255,175,11530
103.904227,30.351387,-1,11531
103.816026,30.630683,-1,11532
103.970566,30.649918,105,11533
103.879746,30.404512,184,11534
104.709255,30.885476,-1,11535
104.085119,30.683375,195,11536
104.167785,30.386734,-1,11537
103.99503,30.249244,-1,11538
104.283767,30.815283,-1,11539
104.567413,30.371887,92,11540
104.046316,30.760998,-1,11541
103.943537,30.663228,-1,11542
103.991506,30.61513,-1,11543
103.66146,30.961413,41,11544
104.04398,30.206005,-1,11545
104.118865,30.757088,69,11546
104.093183,30.581689,14,11547
103.729476,30.386988,-1,11548
104.170558,30.615286,145,11549
104.148733,30.839098,175,11550
103.687512,30.582506,-1,11551
103.966564,30.81348,-1,11552
103.669839,30.342235,-1,11553
103.500253,30.510292,-1,11554
103.856861,30.442096,183,11555
104.203009,30.726019,31,11556
103.818117,30.846873,-1,11557
104.26548,30.85911,-1,11558
104.311917,30.846796,-1,11559
103.967208,30.648436,70,11560
104.004981,31.046434,-1,11561
104.199041,30.593008,-1,11562
103.965236,30.762797,-1,11563
104.55095,30.430085,-1,11564
103.027563,29.917259,-1,11565
104.203718,30.726003,31,11566
104.24262,30.650418,80,11567
103.561292,30.748528,181,11568
103.916452,30.678185,-1,11569
103.940376,30.616084,12,11570
103.63452,30.952424,-1,11571
103.97039,30.650309,105,11572
103.983204,30.424047,-1,11573
104.245005,30.645432,68,11574
104.008177,30.719054,-1,11575
104.422386,30.474409,-1,11576
104.225772,30.525059,91,11577
103.984977,30.219163,136,11578
103.828122,30.828561,-1,11579
104.093199,30.581186,14,11580
104.124642,30.785271,-1,11581
104.069835,30.768685,75,11582
104.720781,30.398141,-1,11583
104.086314,30.578234,-1,11584
103.912597,30.824565,98,11585
104.561955,30.352232,-1,11586
104.509976,30.352545,180,11587
103.959369,30.649334,272,11588
103.89735,30.836339,146,11589
103.937628,30.614172,26,11590
103.660907,30.96144,41,11591
103.586416,30.388301,-1,11592
104.118623,30.757278,69,11593
103.969085,31.007925,-1,11594
103.661238,30.961221,41,11595
104.255891,30.855028,-1,11596
103.499358,30.569451,116,11597
104.076236,30.370587,-1,11598
103.998436,30.756195,-1,11599
104.030695,30.248717,-1,11600
104.105218,30.399637,-1,11601
103.937555,30.614253,26,11602
103.459865,30.74699,84,11603
104.11833,30.757057,69,11604
104.110185,30.587183,-1,11605
103.674771,30.645007,-1,11606
103.995047,30.249162,-1,11607
104.11291,30.466083,-1,11608
103.861502,30.445888,121,11609
103.873894,30.485836,-1,11610
103.923487,30.254055,-1,11611
103.968211,30.981542,-1,11612
104.25565,30.531106,7,11613
104.098801,30.568768,-1,11614
104.104161,30.429796,-1,11615
103.601053,31.064734,186,11616
104.227984,30.997633,-1,11617
104.123357,30.637047,-1,11618
104.007882,31.20509,-1,11619
104.496032,30.417878,-1,11620
104.105378,30.718686,-1,11621
103.737773,30.511996,27,11622
104.170749,30.713644,-1,11623
103.867397,30.535276,240,11624
103.678288,31.029952,94,11625
104.501177,30.215691,-1,11626
103.973227,30.734583,-1,11627
104.234479,30.646423,49,11628
103.809346,31.252702,-1,11629
103.837756,30.786885,-1,11630
103.923722,30.717028,154,11631
104.093183,30.581689,14,11632
104.039855,30.340416,-1,11633
103.904429,30.688577,-1,11634
103.892625,30.397885,-1,11635
103.922279,30.72529,-1,11636
104.221592,30.847749,-1,11637
102.649408,30.917628,-1,11638
104.990742,29.542507,243,11639
104.065752,30.692522,-1,11640
103.961876,30.369782,-1,11641
104.223745,30.566298,21,11642
104.401259,30.468964,-1,11643
103.860222,30.836968,-1,11644
104.32633,30.860215,155,11645
103.671875,30.317486,-1,11646
103.808444,30.401603,-1,11647
103.769246,30.696567,-1,11648
104.037455,30.732129,241,11649
103.503849,30.574772,-1,11650
103.905003,30.676414,158,11651
104.104504,30.512365,40,11652
103.918116,30.684118,28,11653
103.937459,30.613355,26,11654
104.428518,31.149942,230,11655
104.204571,30.603252,-1,11656
102.704218,29.995374,-1,11657
104.273168,30.827786,-1,11658
104.069699,30.690231,251,11659
104.215154,30.582964,208,11660
104.118191,30.75732,69,11661
103.902156,30.834059,89,11662
104.32038,30.277463,224,11663
103.916218,30.369022,152,11664
103.824225,30.422783,-1,11665
104.64115,30.100368,-1,11666
103.886687,30.479739,-1,11667
104.034358,30.447722,-1,11668
104.45547,30.462749,-1,11669
104.22547,30.525873,91,11670
104.177312,30.718662,23,11671
104.06553,30.446503,252,11672
103.889607,30.478966,-1,11673
104.072434,30.819484,-1,11674
103.90828,30.973557,189,11675
103.974395,30.362753,-1,11676
103.71926,30.594762,-1,11677
104.323962,30.693983,-1,11678
104.062868,30.369534,-1,11679
103.972709,30.403758,-1,11680
103.682162,31.027502,112,11681
104.077754,30.628963,-1,11682
103.825199,30.79852,-1,11683
103.776235,30.683046,-1,11684
104.522817,30.684678,-1,11685
103.888603,30.556624,64,11686
103.741003,30.395539,-1,11687
103.859534,30.833156,-1,11688
104.079875,30.836482,-1,11689
104.093184,30.581131,14,11690
103.45772,30.37358,-1,11691
104.102522,30.688982,-1,11692
103.883144,30.411301,-1,11693
104.09295,30.215249,-1,11694
104.315782,30.303215,118,11695
103.971805,30.638745,-1,11696
104.060459,31.245378,119,11697
103.695016,30.937823,-1,11698
104.188454,30.730222,-1,11699
104.064984,30.555102,-1,11700
104.161818,30.599563,144,11701
103.613866,30.959931,-1,11702
104.556107,30.099092,-1,11703
103.981954,30.621824,-1,11704
103.956808,30.935826,-1,11705
103.664719,30.643744,-1,11706
104.292867,30.815683,-1,11707
104.037817,30.659832,-1,11708
104.055922,30.763161,37,11709
104.022313,30.240091,-1,11710
103.872553,30.779325,185,11711
103.669727,30.429139,-1,11712
103.701465,30.602659,11,11713
103.638621,30.486529,-1,11714
104.079379,30.513659,129,11715
104.165765,30.65843,74,11716
104.359143,30.66035,-1,11717
104.3125,30.8747,255,11718
103.884837,30.388686,206,11719
104.129765,30.673339,-1,11720
104.141724,30.012148,-1,11721
103.963091,30.448085,-1,11722
104.139751,30.645491,0,11723
104.363555,30.361119,-1,11724
103.828948,30.938186,-1,11725
104.235222,30.64597,49,11726
103.681998,30.596683,211,11727
103.899463,30.395364,-1,11728
104.052879,30.446739,-1,11729
104.438621,30.355608,-1,11730
103.887351,30.592876,-1,11731
103.239611,30.375429,-1,11732
103.850795,30.82044,3,11733
104.179053,30.783033,85,11734
103.882827,30.707232,-1,11735
103.876787,30.174173,-1,11736
104.559626,30.437002,-1,11737
103.901043,30.537638,-1,11738
104.256138,30.522635,-1,11739
104.367816,30.434639,250,11740
104.236003,30.64696,49,11741
103.479224,30.360721,-1,11742
104.118381,30.757432,69,11743
103.561523,30.633864,-1,11744
103.936505,30.613802,26,11745
103.904596,30.693513,-1,11746
103.983117,30.453268,-1,11747
104.886966,30.171812,-1,11748
103.974038,30.800443,-1,11749
104.063737,30.442784,-1,11750
103.59624,30.831418,-1,11751
104.164651,30.658771,74,11752
104.007447,30.519318,-1,11753
104.076585,30.295775,-1,11754
104.037464,30.47949,-1,11755
104.539094,31.859599,33,11756
104.619017,30.554072,-1,11757
104.094006,30.581794,14,11758
104.391139,30.843078,-1,11759
104.168919,30.741531,56,11760
104.668895,30.08785,-1,11761
104.745623,30.451437,61,11762
104.099462,30.467121,133,11763
104.048969,30.653312,-1,11764
102.961875,30.187716,-1,11765
103.988125,30.617437,-1,11766
104.540947,30.419133,-1,11767
104.093433,30.581234,14,11768
103.86242,30.393046,-1,11769
103.602503,30.902714,-1,11770
104.230016,30.856847,-1,11771
104.174544,30.481224,-1,11772
104.048643,30.653361,-1,11773
103.934227,30.616756,-1,11774
103.676151,30.902293,-1,11775
103.973768,30.797413,-1,11776
104.204559,30.73086,140,11777
103.660903,30.961147,41,11778
104.595627,30.717185,-1,11779
104.079513,30.360826,-1,11780
104.092186,30.524603,-1,11781
103.64248,30.943331,2,11782
103.712829,30.807382,-1,11783
104.047031,30.42813,90,11784
104.049178,31.247824,-1,11785
104.261717,30.870815,-1,11786
104.032856,30.858223,127,11787
104.368808,30.554458,-1,11788
104.425056,30.474149,260,11789
103.696811,29.226949,-1,11790
104.509215,30.417058,-1,11791
104.046895,30.42813,90,11792
104.203591,30.726026,31,11793
104.085138,30.683297,195,11794
103.900601,30.822045,-1,11795
104.332554,30.641979,-1,11796
104.37467,30.951728,-1,11797
103.499248,30.569269,116,11798
104.177874,30.718993,23,11799
104.396627,31.064992,-1,11800
104.111905,30.518188,-1,11801
103.984319,30.453484,-1,11802
104.59459,31.769213,-1,11803
103.698161,31.042075,-1,11804
104.539879,30.721998,-1,11805
104.357154,30.660082,-1,11806
104.020004,30.706212,-1,11807
103.936393,30.614014,26,11808
103.954738,30.797572,-1,11809
104.16089,30.602153,-1,11810
104.556522,30.373337,-1,11811
103.701376,30.60266,11,11812
104.451876,30.491991,-1,11813
103.838173,30.36036,46,11814
103.979658,30.45438,-1,11815
103.496168,30.175159,-1,11816
104.056353,30.428154,138,11817
103.460578,30.987786,-1,11818
104.161783,30.691408,-1,11819
103.859204,30.827572,93,11820
104.112466,30.753085,38,11821
104.078338,30.362889,-1,11822
103.916236,30.368931,152,11823
104.243003,30.645842,68,11824
104.051723,30.541216,58,11825
104.288297,30.690175,-1,11826
104.318671,30.861352,43,11827
104.165589,30.658524,74,11828
104.680513,30.051166,-1,11829
104.125146,30.769219,226,11830
103.908951,30.543137,1,11831
103.957203,30.660366,162,11832
104.310754,31.005765,-1,11833
104.460924,30.859976,-1,11834
104.342115,31.149952,-1,11835
103.88281,30.665959,153,11836
103.877331,30.572595,-1,11837
103.87937,30.404794,184,11838
104.581469,30.113092,-1,11839
104.32077,30.278064,224,11840
103.918803,30.417792,-1,11841
104.5376,30.427425,-1,11842
104.059656,30.645885,-1,11843
104.086102,30.581066,-1,11844
103.78352,31.169814,-1,11845
104.093359,30.586359,-1,11846
103.976442,30.360374,-1,11847
104.109209,30.52095,-1,11848
104.17099,30.61526,145,11849
104.078631,30.683838,-1,11850
104.605147,30.881005,-1,11851
104.201962,30.74264,-1,11852
103.73141,31.017982,-1,11853
103.974391,30.639345,88,11854
103.612791,30.890576,-1,11855
104.204591,30.731128,140,11856
104.063583,30.632016,-1,11857
104.168682,30.741594,56,11858
104.522147,30.429921,199,11859
104.401224,30.469057,-1,11860
104.521485,30.429725,199,11861
103.607071,30.826562,-1,11862
104.186742,30.762356,-1,11863
104.106964,30.608127,-1,11864
103.995302,30.897318,-1,11865
104.138768,30.638058,-1,11866
104.062695,30.368671,-1,11867
104.090366,30.742012,-1,11868
104.174962,30.715439,53,11869
103.872291,30.242834,-1,11870
104.025448,29.137494,-1,11871
104.497311,30.634045,-1,11872
103.489771,30.184678,-1,11873
104.168994,30.532153,-1,11874
104.115377,30.418239,274,11875
104.096952,30.586694,-1,11876
103.552767,30.530489,-1,11877
104.071849,30.679164,-1,11878
103.973739,30.98843,-1,11879
104.450654,30.491681,-1,11880
104.090294,30.430815,-1,11881
103.899294,30.615952,-1,11882
103.942551,30.333562,-1,11883
103.849702,30.812811,-1,11884
103.745622,30.721594,-1,11885
104.2013,30.659907,-1,11886
104.238484,30.638111,-1,11887
103.948684,30.432832,-1,11888
103.647775,30.951394,35,11889
103.909741,30.634301,-1,11890
103.507968,29.492239,-1,11891
104.497047,30.421991,-1,11892
103.722212,30.561581,-1,11893
103.810966,30.606467,-1,11894
104.689292,30.329269,-1,11895
104.046098,30.453351,-1,11896
103.831736,30.667533,-1,11897
104.001777,30.484619,-1,11898
103.677218,30.349662,-1,11899
104.227355,30.858199,-1,11900
104.175995,30.524405,-1,11901
104.273744,30.833151,-1,11902
104.324021,30.343512,-1,11903
103.85288,31.2926,-1,11904
104.284588,31.059946,-1,11905
104.125504,30.76956,226,11906
104.441116,30.848809,-1,11907
104.118197,30.756772,69,11908
104.378069,30.454806,-1,11909
104.039303,30.80637,-1,11910
104.055919,30.847816,190,11911
103.967952,30.586171,-1,11912
104.140491,30.827791,192,11913
104.125232,30.769466,226,11914
103.940177,30.614175,213,11915
103.972114,30.991207,-1,11916
104.009433,30.763745,122,11917
104.309175,30.865081,165,11918
104.054846,30.653837,102,11919
104.060775,30.387072,-1,11920
103.707295,30.604983,-1,11921
104.057921,30.368203,-1,11922
103.976246,30.639768,88,11923
104.2437,30.645524,68,11924
103.968805,30.63234,-1,11925
104.101428,30.781353,-1,11926
104.221183,30.638619,108,11927
104.158128,30.512171,-1,11928
104.071202,30.725134,10,11929
103.905297,30.810288,87,11930
104.152777,30.781763,225,11931
104.801617,30.155407,-1,11932
104.662939,31.09121,173,11933
104.091028,30.462469,-1,11934
104.065323,30.632505,-1,11935
103.963902,30.81115,-1,11936
103.987236,29.131908,-1,11937
103.967104,30.648362,70,11938
104.344217,30.644448,-1,11939
103.894735,30.778224,-1,11940
104.990493,29.542441,243,11941
104.098388,30.620987,-1,11942
103.262012,30.582612,-1,11943
104.049808,30.283082,-1,11944
104.094433,30.779094,-1,11945
104.389221,29.739316,-1,11946
103.82112,30.659051,-1,11947
104.336444,30.645437,-1,11948
104.065388,30.436809,-1,11949
103.557001,30.546718,-1,11950
103.87732,30.490452,203,11951
103.697904,30.631001,-1,11952
104.553074,30.353219,-1,11953
104.081739,30.492105,-1,11954
104.324281,30.936484,-1,11955
104.059339,30.650857,18,11956
104.667188,30.126395,-1,11957
104.114105,30.409802,-1,11958
103.970315,30.650257,105,11959
103.901378,30.834546,89,11960
103.938044,30.561039,-1,11961
104.20251,30.72597,31,11962
104.175624,30.700188,-1,11963
104.234502,30.646405,49,11964
103.895366,30.558521,-1,11965
103.808444,30.401603,-1,11966
103.497324,30.568489,116,11967
103.860963,30.445344,121,11968
103.883259,30.665956,153,11969
103.838798,30.31582,-1,11970
104.0127,30.541107,-1,11971
103.832893,30.382654,-1,11972
103.860888,30.765414,-1,11973
103.960063,30.165795,97,11974
104.204533,30.65041,-1,11975
103.816218,31.255557,-1,11976
104.033941,30.561122,-1,11977
104.191655,31.033154,-1,11978
103.935425,30.579915,-1,11979
104.04975,30.852466,-1,11980
104.179672,30.521934,-1,11981
104.314409,30.659071,-1,11982
104.186248,30.48991,-1,11983
104.395117,30.741347,-1,11984
104.432388,31.155325,-1,11985
103.961804,30.369332,-1,11986
104.051287,30.757834,-1,11987
103.934395,30.548625,-1,11988
104.092006,30.218015,-1,11989
104.052226,30.246047,137,11990
104.006672,30.592353,168,11991
103.873878,30.412855,-1,11992
104.017818,30.444641,-1,11993
104.223328,30.674871,-1,11994
104.044272,30.446978,25,11995
103.695884,30.653597,-1,11996
104.068905,30.692625,111,11997
104.174496,30.481266,-1,11998
103.859443,31.066,-1,11999
104.452271,30.350037,-1,12000
103.763271,31.197944,-1,12001
103.895062,30.734818,-1,12002
104.234838,30.645938,49,12003
104.226592,30.792586,15,12004
103.860347,30.837058,-1,12005
103.853448,30.442531,-1,12006
103.874772,30.830662,-1,12007
103.863792,30.777519,-1,12008
103.682299,31.027689,112,12009
104.436265,30.349045,-1,12010
103.897313,30.836289,146,12011
104.292962,30.32209,-1,12012
103.371556,30.169934,-1,12013
104.183862,30.53148,-1,12014
103.877139,30.562489,219,12015
104.870811,29.225952,-1,12016
104.25215,29.022551,-1,12017
104.391414,30.7404,-1,12018
104.229102,30.852005,-1,12019
103.977567,30.688248,113,12020
104.555742,30.352321,182,12021
103.882834,30.665959,153,12022
103.965346,30.636961,164,12023
104.21724,30.572149,242,12024
104.201812,30.750442,-1,12025
103.959302,30.649384,272,12026
103.958094,30.663139,259,12027
104.277465,30.719597,-1,12028
104.225459,30.647781,-1,12029
104.17099,30.61526,145,12030
103.682577,30.596441,211,12031
104.255929,30.855137,-1,12032
103.923327,30.717083,154,12033
104.164613,30.383412,139,12034
103.711109,30.318755,-1,12035
103.459905,30.746919,84,12036
104.1047,30.718578,-1,12037
103.896899,30.669112,-1,12038
103.908021,30.972412,189,12039
103.973372,31.031233,103,12040
103.902154,30.834034,89,12041
103.60145,30.978333,-1,12042
104.094019,30.580997,14,12043
104.348348,30.64376,-1,12044
103.806353,31.171556,-1,12045
104.354217,30.435652,209,12046
103.631265,30.720576,-1,12047
104.08511,30.683395,195,12048
103.993915,30.648804,-1,12049
103.578919,30.239359,-1,12050
104.050642,30.540364,58,12051
104.071184,30.469262,-1,12052
104.069568,30.690873,251,12053
103.701379,30.602667,11,12054
103.867578,30.463107,-1,12055
104.45499,30.488957,-1,12056
104.014685,30.839088,-1,12057
103.685558,30.945122,-1,12058
103.703679,30.523396,-1,12059
104.014943,29.139988,-1,12060
103.380108,30.36816,-1,12061
104.093035,30.580868,14,12062
104.450515,30.476263,-1,12063
103.861626,30.445676,121,12064
104.568007,30.354078,-1,12065
104.066754,30.842771,-1,12066
104.211831,30.55546,-1,12067
104.050931,30.541459,58,12068
103.552992,30.221165,228,12069
104.744308,31.571582,-1,12070
103.88863,30.5946,-1,12071
104.254816,30.858957,110,12072
104.106297,30.46409,-1,12073
103.893053,30.447306,220,12074
103.940376,30.616084,12,12075
104.161019,30.602403,-1,12076
104.344538,30.827977,-1,12077
104.044011,30.445887,25,12078
103.89107,30.777853,-1,12079
103.826217,30.571806,-1,12080
104.129481,30.75739,-1,12081
103.973818,30.579068,106,12082
103.78277,30.410683,-1,12083
103.693428,30.588938,-1,12084
104.515794,30.391481,-1,12085
104.354002,30.999769,-1,12086
104.227938,30.662065,-1,12087
103.915006,30.387877,-1,12088
104.373909,30.951793,-1,12089
103.967491,31.005011,-1,12090
103.870648,30.702043,126,12091
104.242602,30.651077,80,12092
104.113613,30.579845,19,12093
104.011783,30.463908,-1,12094
104.214851,30.583515,208,12095
104.158914,30.415421,-1,12096
103.970804,30.650347,105,12097
103.770088,30.692842,-1,12098
104.006261,30.522585,-1,12099
104.393366,30.29413,-1,12100
104.166699,30.659176,74,12101
104.031325,30.857748,127,12102
104.80414,30.151887,187,12103
103.918166,30.389286,-1,12104
103.935874,30.905513,66,12105
104.406945,30.345782,-1,12106
103.864113,30.867951,-1,12107
103.960444,30.645713,278,12108
104.1347,30.805968,169,12109
103.959957,30.517296,130,12110
104.135649,30.805836,169,12111
104.166047,30.712465,147,12112
103.724731,30.578235,176,12113
103.533542,30.748027,-1,12114
103.876339,30.491495,203,12115
103.952492,30.795688,264,12116
104.120328,30.772937,148,12117
104.584822,30.355098,-1,12118
104.397481,30.823989,-1,12119
103.533317,30.76529,-1,12120
103.89609,30.914986,-1,12121
104.503732,30.426643,-1,12122
104.186213,30.684769,253,12123
103.687526,30.892975,-1,12124
104.400875,30.310628,-1,12125
103.86136,30.446249,121,12126
104.055808,30.457487,204,12127
103.859965,30.34816,-1,12128
104.120914,30.52211,-1,12129
103.705901,30.797235,-1,12130
104.081817,30.493788,-1,12131
103.658987,30.523575,-1,12132
104.006208,30.522562,-1,12133
104.464383,30.604324,-1,12134
103.950434,30.677518,-1,12135
104.282977,29.622661,-1,12136
103.984351,30.208979,-1,12137
103.482773,31.257067,-1,12138
103.917298,30.683946,28,12139
104.24275,30.650244,80,12140
103.859975,30.301822,82,12141
104.167928,30.386975,-1,12142
103.81085,30.63046,34,12143
104.117658,30.282649,71,12144
104.164613,30.658377,74,12145
104.046599,30.538216,-1,12146
103.956728,30.030478,-1,12147
103.468357,30.430662,-1,12148
104.569437,30.37199,-1,12149
104.631473,30.872151,45,12150
104.345855,30.864866,-1,12151
104.230097,30.853428,-1,12152
104.521408,30.662395,-1,12153
104.044173,30.445112,25,12154
104.093288,30.523942,-1,12155
104.072807,30.685877,-1,12156
104.06453,30.724558,-1,12157
103.660832,30.961239,41,12158
103.92445,30.94953,-1,12159
103.903537,30.241845,-1,12160
104.106869,30.491438,77,12161
103.917183,30.993682,-1,12162
104.603833,30.684418,-1,12163
104.316165,30.943619,-1,12164
104.021742,31.313728,-1,12165
103.923664,30.716893,154,12166
103.882539,30.34523,-1,12167
103.462868,30.749464,-1,12168
104.491879,30.605431,-1,12169
104.344538,30.827977,-1,12170
103.861494,30.445884,121,12171
103.563034,29.8632,-1,12172
104.36464,30.996556,-1,12173
104.136566,30.592085,-1,12174
103.876377,30.491368,203,12175
104.068286,30.183576,-1,12176
104.047545,30.428197,90,12177
104.242735,30.650256,80,12178
104.018305,30.442468,-1,12179
104.165765,30.65843,74,12180
104.1075,30.51327,40,12181
104.003778,30.606511,-1,12182
103.952095,30.66374,-1,12183
103.87689,30.168662,-1,12184
104.436448,31.251533,-1,12185
104.068893,30.692924,111,12186
103.890268,30.788204,-1,12187
103.94536,30.530365,-1,12188
104.194421,30.5268,-1,12189
104.544485,30.707063,216,12190
104.226304,30.792859,15,12191
104.367639,30.435605,250,12192
103.960797,30.663689,-1,12193
104.008697,30.590745,101,12194
103.74921,30.530299,-1,12195
104.254782,30.859219,110,12196
103.465663,30.43834,269,12197
104.041428,30.593313,170,12198
104.859335,29.752735,-1,12199
104.036579,30.296953,32,12200
103.654819,30.926941,79,12201
104.908223,30.159855,109,12202
103.951859,30.427923,171,12203
104.197905,30.376366,-1,12204
104.106589,30.587325,55,12205
103.881392,31.08756,-1,12206
103.732338,30.595745,-1,12207
104.323553,30.645049,131,12208
104.544881,30.429611,-1,12209
104.003334,30.734724,223,12210
103.971341,30.65039,105,12211
104.451254,30.60181,-1,12212
104.203527,30.726329,31,12213
104.251561,30.720699,-1,12214
103.877331,30.572595,-1,12215
104.261404,31.078794,-1,12216
104.479409,30.505685,-1,12217
104.019224,30.830706,-1,12218
104.197325,30.800341,-1,12219
104.17567,30.787964,-1,12220
103.873456,30.628917,-1,12221
103.945482,30.953258,-1,12222
104.033987,30.493087,-1,12223
104.071176,30.725219,10,12224
104.043571,30.446545,25,12225
103.680281,31.029338,-1,12226
104.662024,31.087558,-1,12227
104.051641,30.541157,58,12228
104.349181,30.643237,-1,12229
104.107504,30.512748,40,12230
103.942742,30.604244,-1,12231
103.972076,30.736062,-1,12232
104.215333,30.82086,245,12233
104.135503,30.590169,-1,12234
103.601077,31.064696,186,12235
104.07526,30.669307,-1,12236
104.046862,30.428174,90,12237
104.144434,30.597553,-1,12238
103.701493,30.602725,11,12239
104.266457,30.655986,-1,12240
103.970428,30.437762,-1,12241
104.081045,30.243394,-1,12242
103.92671,30.946886,-1,12243
104.06066,30.649995,18,12244
103.678008,30.338854,231,12245
103.857441,30.626992,-1,12246
104.537338,30.365999,236,12247
104.008783,30.59067,101,12248
104.169231,30.643497,-1,12249
103.718479,30.611381,-1,12250
104.257522,30.869027,-1,12251
103.681685,30.934844,-1,12252
103.523876,30.206636,-1,12253
104.566889,30.387806,275,12254
104.088042,30.466166,-1,12255
104.412282,30.73799,-1,12256
104.068819,30.535443,-1,12257
103.993775,30.564947,-1,12258
103.648852,30.894735,-1,12259
104.472734,30.34497,-1,12260
104.087825,30.746903,-1,12261
103.932684,30.547996,-1,12262
104.496801,30.682547,-1,12263
103.917346,30.683814,28,12264
104.576441,30.71788,-1,12265
104.006693,30.700433,-1,12266
104.062832,30.665367,-1,12267
104.001061,30.597989,-1,12268
103.393727,30.738263,-1,12269
103.78839,31.035888,-1,12270
104.165736,30.712499,147,12271
104.072075,30.680285,-1,12272
104.572617,30.687888,-1,12273
104.202011,30.73912,123,12274
104.452271,30.350037,-1,12275
104.486832,30.418462,-1,12276
104.511701,31.176139,-1,12277
103.976327,30.639918,88,12278
104.174273,30.864646,-1,12279
104.198341,30.659669,-1,12280
104.165902,30.712284,147,12281
103.859975,30.301822,82,12282
104.509728,30.352912,180,12283
103.654677,30.926045,79,12284
103.757732,31.196266,-1,12285
104.579008,30.730683,-1,12286
103.925332,30.620702,-1,12287
103.722438,29.103895,-1,12288
104.31579,30.30361,118,12289
104.028161,31.356635,-1,12290
104.500281,30.339054,107,12291
104.177825,30.719086,23,12292
103.975899,30.404453,-1,12293
104.061864,30.364087,-1,12294
104.146038,30.886013,-1,12295
104.05305,30.458669,-1,12296
104.041378,30.46409,-1,12297
103.819433,31.257836,-1,12298
104.161444,30.599733,144,12299
103.937611,30.614055,26,12300
104.037555,30.479509,-1,12301
103.895655,30.666183,202,12302
103.87274,30.779325,185,12303
103.967553,30.648361,70,12304
104.009772,30.479948,277,12305
104.14605,31.492663,-1,12306
103.904927,30.950455,-1,12307
103.989668,30.725936,-1,12308
103.498822,30.754176,-1,12309
103.923536,30.275859,-1,12310
104.527451,30.414997,-1,12311
104.922817,29.845227,-1,12312
104.134575,30.373903,-1,12313
104.366807,30.294099,-1,12314
103.837986,30.350866,-1,12315
103.911989,30.630904,96,12316
104.428348,31.188106,-1,12317
104.496348,30.460154,-1,12318
104.216717,30.571914,242,12319
103.885939,30.165283,-1,12320
104.007581,30.554267,65,12321
103.936668,30.811837,-1,12322
104.495261,30.470679,258,12323
103.94001,30.621083,205,12324
103.937676,30.614204,26,12325
104.052406,30.246251,137,12326
104.019055,30.456393,-1,12327
104.149584,30.622566,221,12328
104.107266,30.521157,-1,12329
104.489468,30.493669,143,12330
103.982335,30.424335,-1,12331
103.876005,31.066647,-1,12332
104.272961,30.814535,-1,12333
104.25073,30.607853,-1,12334
104.012658,30.84487,-1,12335
103.689185,31.012073,-1,12336
103.816651,30.633705,34,12337
103.481759,30.391934,-1,12338
104.530272,30.635699,-1,12339
103.846756,30.438132,149,12340
104.055155,30.653487,102,12341
104.220441,30.639063,108,12342
104.576441,30.71788,-1,12343
103.972598,30.959236,-1,12344
104.053049,30.431983,-1,12345
103.794363,29.439802,-1,12346
103.965909,30.615819,-1,12347
103.004458,29.963944,-1,12348
103.799101,31.166799,-1,12349
103.989835,30.511478,-1,12350
104.030473,30.524415,-1,12351
103.968095,30.948429,-1,12352
104.109763,30.561573,17,12353
104.080997,30.656703,-1,12354
103.87934,30.16334,-1,12355
103.812361,30.571469,100,12356
104.198437,30.739154,-1,12357
104.185259,30.551385,267,12358
104.142049,30.645177,0,12359
104.528891,31.863622,-1,12360
104.170099,30.639984,-1,12361
103.903816,30.914853,-1,12362
104.236005,30.646504,49,12363
104.543831,30.706465,216,12364
104.093583,30.580967,14,12365
103.947354,30.677338,-1,12366
103.450175,30.375911,-1,12367
104.055265,30.446051,-1,12368
104.284979,31.003068,-1,12369
104.215559,30.514616,-1,12370
104.200626,30.684156,177,12371
103.954784,30.555047,-1,12372
104.544791,30.429715,-1,12373
104.179184,30.521072,-1,12374
103.553161,30.221188,228,12375
103.658655,30.426211,-1,12376
103.973998,30.999561,-1,12377
104.338364,31.044897,-1,12378
104.151415,30.776868,-1,12379
104.250541,30.579969,-1,12380
104.107073,30.587117,55,12381
103.873496,30.38793,-1,12382
103.967361,30.648569,70,12383
104.117393,30.537711,-1,12384
104.182985,30.717311,72,12385
103.674813,30.645194,-1,12386
103.50601,30.559094,249,12387
104.018146,30.442326,-1,12388
104.040857,30.59343,170,12389
104.465273,30.471997,-1,12390
103.964304,30.478328,193,12391
103.955948,30.940004,-1,12392
104.208224,30.524389,161,12393
104.20881,30.565133,-1,12394
104.170958,30.615299,145,12395
104.091157,30.562751,-1,12396
103.951042,31.011955,-1,12397
103.923561,30.717002,154,12398
104.164321,30.658678,74,12399
104.221608,30.847733,-1,12400
104.051932,30.541259,58,12401
104.250294,30.607189,-1,12402
103.628397,30.727342,62,12403
103.844658,30.682491,-1,12404
103.996863,30.327152,-1,12405
104.36142,30.425875,-1,12406
104.008521,30.452515,-1,12407
104.071424,30.688712,215,12408
103.955281,30.65625,-1,12409
103.662864,30.971013,197,12410
104.115321,30.885115,-1,12411
103.371572,30.1698,-1,12412
104.221501,30.63935,108,12413
104.235789,30.64672,49,12414
103.610194,30.825356,-1,12415
103.879575,30.404477,184,12416
104.461475,30.856255,-1,12417
103.899214,30.745756,-1,12418
103.795403,30.44134,-1,12419
104.062949,30.444691,-1,12420
103.497492,30.568339,116,12421
103.902969,30.826415,-1,12422
104.152169,30.776751,-1,12423
104.056327,30.847804,190,12424
104.025609,30.523932,-1,12425
104.186489,30.887297,-1,12426
104.054423,30.380309,-1,12427
104.175255,30.66433,232,12428
103.83274,30.549541,-1,12429
104.118079,30.7568,69,12430
104.367095,31.126432,-1,12431
104.087609,30.579193,-1,12432
103.923223,30.266958,-1,12433
103.661932,30.673931,-1,12434
103.935283,30.905299,66,12435
104.400634,30.947023,-1,12436
103.913118,30.630934,96,12437
104.675709,30.084247,-1,12438
103.935524,30.905459,66,12439
104.120087,30.77292,148,12440
103.678152,31.02961,94,12441
103.863811,30.346887,-1,12442
103.562861,30.748784,181,12443
103.958852,30.635355,-1,12444
104.172585,30.659842,8,12445
104.077567,30.794906,-1,12446
103.916301,30.369547,152,12447
104.2437,30.645524,68,12448
103.851093,30.437144,44,12449
103.714069,30.527285,194,12450
104.092079,30.586356,-1,12451
104.326255,30.86015,155,12452
103.819081,30.79721,167,12453
104.80016,30.152401,-1,12454
103.99413,30.612443,157,12455
103.662824,30.970963,197,12456
103.936098,30.905577,66,12457
104.041083,30.647785,-1,12458
104.092512,30.443626,227,12459
104.149077,30.8392,175,12460
103.013454,29.824464,-1,12461
104.118176,30.756747,69,12462
104.486063,30.492146,-1,12463
104.037357,30.479754,-1,12464
104.240016,30.901511,-1,12465
103.964417,30.493596,-1,12466
104.046832,30.449193,-1,12467
104.004024,30.606501,-1,12468
103.671363,30.332803,-1,12469
103.917114,30.68368,28,12470
103.945417,30.554694,-1,12471
103.449595,30.469319,-1,12472
104.060705,30.386348,-1,12473
103.791622,30.760195,-1,12474
104.046008,30.427184,90,12475
103.906348,30.695003,-1,12476
104.133705,30.786321,-1,12477
104.362298,30.572804,-1,12478
104.038512,30.712875,-1,12479
104.521501,30.429707,199,12480
104.055467,30.458254,204,12481
103.503777,30.564584,-1,12482
103.887864,30.665759,-1,12483
103.943027,30.3371,-1,12484
104.099579,30.438482,-1,12485
104.226171,30.644751,-1,12486
104.06614,30.250266,-1,12487
104.319329,30.860929,43,12488
104.296729,30.993438,-1,12489
104.335082,30.305135,-1,12490
104.126203,30.769293,226,12491
103.796922,30.646708,-1,12492
104.37938,31.07005,-1,12493
104.173913,30.78734,-1,12494
104.327188,30.307213,-1,12495
104.501277,30.483927,-1,12496
104.266278,30.527662,-1,12497
103.964634,30.636929,164,12498
103.886885,30.428575,-1,12499
103.770217,30.430463,-1,12500
103.99419,30.112338,-1,12501
103.696554,30.398094,-1,12502
104.145011,30.616648,-1,12503
104.114263,30.582883,-1,12504
104.111975,30.523282,-1,12505
103.591411,30.250343,-1,12506
103.92854,30.557368,-1,12507
103.952132,30.428022,171,12508
103.939992,30.621058,205,12509
103.654716,30.926219,79,12510
104.112023,30.753126,38,12511
103.678359,31.029524,94,12512
104.090569,30.740822,178,12513
103.861125,30.44527,121,12514
103.890606,30.479126,-1,12515
103.801768,31.165922,-1,12516
103.863157,30.556723,-1,12517
104.709004,30.88575,-1,12518
104.253116,30.773876,-1,12519
104.102917,30.808411,-1,12520
104.242499,30.649973,80,12521
103.40607,30.983095,-1,12522
103.843403,31.138298,-1,12523
103.452136,30.374492,-1,12524
103.965022,30.636925,164,12525
104.077976,30.361599,-1,12526
104.203583,30.726284,31,12527
103.840314,30.488581,-1,12528
104.156338,30.648358,-1,12529
104.255466,30.530952,7,12530
104.091593,30.449905,-1,12531
104.248183,30.581474,-1,12532
104.223576,30.885218,-1,12533
104.327076,30.306097,-1,12534
103.761398,30.579064,-1,12535
104.244873,30.645454,68,12536
104.118176,30.756747,69,12537
104.075997,30.239011,22,12538
104.139532,30.649152,-1,12539
103.92171,30.674476,-1,12540
103.774301,30.702723,-1,12541
103.875162,30.484014,-1,12542
103.299632,30.572987,-1,12543
103.668756,30.610083,-1,12544
103.851505,30.36777,-1,12545
103.843403,31.138298,-1,12546
103.984667,30.65719,-1,12547
103.682284,30.301754,-1,12548
104.112161,31.075776,222,12549
104.07127,30.725277,10,12550
104.235126,30.646054,49,12551
104.100485,30.521622,-1,12552
104.032353,30.738902,-1,12553
104.075597,30.238738,22,12554
103.960127,30.165761,97,12555
104.2437,30.645524,68,12556
104.079211,30.513614,129,12557
103.742166,30.695312,-1,12558
104.312121,30.298544,159,12559
103.868527,30.658891,-1,12560
103.888449,30.556564,64,12561
103.857125,30.628608,-1,12562
104.101981,30.459451,-1,12563
104.265256,30.852672,-1,12564
104.527775,30.643943,-1,12565
104.231913,30.639461,156,12566
104.063563,30.63264,263,12567
103.705485,30.404612,-1,12568
103.972357,30.936015,-1,12569
103.919373,30.630742,-1,12570
103.851962,30.843055,-1,12571
104.033433,30.509889,-1,12572
103.700792,30.709106,-1,12573
104.151592,30.795322,-1,12574
104.115624,30.608866,-1,12575
103.767313,30.695755,-1,12576
104.107802,30.392866,-1,12577
104.326371,30.860426,155,12578
104.237441,30.652932,5,12579
103.929134,30.974444,-1,12580
103.839317,30.311208,-1,12581
103.709441,30.588627,-1,12582
104.073583,30.695372,270,12583
103.975263,30.68279,-1,12584
104.139623,30.715296,-1,12585
104.003246,30.478024,-1,12586
103.854315,30.332568,-1,12587
102.649303,30.919867,-1,12588
103.464801,30.452597,-1,12589
104.242556,30.650102,80,12590
104.099933,30.467026,133,12591
104.132355,30.396237,-1,12592
103.408779,30.748236,-1,12593
103.660166,30.677763,-1,12594
104.15878,30.670381,-1,12595
104.165317,30.658857,74,12596
104.571858,30.688289,-1,12597
103.873365,30.779165,185,12598
104.569413,30.37184,-1,12599
104.101495,30.687645,-1,12600
104.186102,30.553,267,12601
104.214009,30.552081,-1,12602
104.044993,30.445282,25,12603
103.973572,30.403058,-1,12604
104.054644,30.44622,-1,12605
104.118399,30.757142,69,12606
104.386992,30.761881,246,12607
104.212171,30.525899,-1,12608
103.887217,30.528571,42,12609
103.843195,30.538683,-1,12610
104.139498,30.646152,0,12611
103.928016,30.601458,-1,12612
104.352199,30.768279,-1,12613
104.255434,30.531056,7,12614
104.174595,30.715239,53,12615
104.07041,30.815031,-1,12616
104.243265,30.649935,80,12617
104.197567,30.730431,-1,12618
102.247049,29.76593,-1,12619
104.118637,30.757093,69,12620
103.872892,30.799019,-1,12621
103.677594,30.338609,231,12622
103.674835,30.902547,-1,12623
103.628477,30.727542,62,12624
104.285424,30.696818,196,12625
104.045864,30.526522,-1,12626
104.083479,30.461298,-1,12627
103.65316,30.920325,238,12628
103.459841,30.747036,84,12629
104.161332,30.891142,-1,12630
103.916261,30.36902,152,12631
103.649574,30.932569,-1,12632
104.202434,30.814346,-1,12633
104.109825,30.505106,191,12634
103.917098,30.684037,28,12635
103.628381,30.72731,62,12636
104.017245,30.845785,-1,12637
103.896579,30.676888,-1,12638
104.178686,30.783034,85,12639
104.158864,30.671733,-1,12640
104.106948,30.510519,-1,12641
103.841855,30.665286,-1,12642
104.00469,30.703066,-1,12643
103.995639,30.613346,157,12644
104.595931,31.765621,-1,12645
103.897325,30.836286,146,12646
104.183494,30.486326,-1,12647
103.988749,30.459282,-1,12648
104.327108,30.308495,-1,12649
104.469561,30.848096,51,12650
103.789226,29.635916,78,12651
104.092652,30.442623,227,12652
104.061676,30.371225,-1,12653
103.713814,30.526998,194,12654
104.109554,30.56258,17,12655
103.859679,30.30154,82,12656
103.969239,31.00798,-1,12657
103.927499,30.321314,-1,12658
103.830531,29.847745,-1,12659
103.682565,30.301488,-1,12660
103.952682,30.999564,-1,12661
103.938405,30.424464,-1,12662
103.904646,30.675793,158,12663
103.887698,30.6609,-1,12664
103.497245,30.567205,-1,12665
103.948967,30.515755,-1,12666
104.225284,30.853342,-1,12667
104.489279,30.493969,143,12668
103.909199,30.23535,-1,12669
104.662217,31.092093,173,12670
103.662213,30.961063,41,12671
103.988156,30.421762,-1,12672
103.989668,30.725936,-1,12673
103.659018,31.064259,-1,12674
104.531494,30.646768,-1,12675
103.701122,31.030658,-1,12676
103.984977,30.219147,136,12677
104.472852,30.59813,-1,12678
103.92058,30.396795,-1,12679
103.701422,30.602597,11,12680
104.378109,30.455716,-1,12681
104.496783,30.772846,-1,12682
104.221057,30.638934,108,12683
104.201658,30.726248,31,12684
104.496783,30.772846,-1,12685
104.522817,30.684678,-1,12686
104.242473,30.650296,80,12687
104.09929,30.585325,-1,12688
104.241706,30.768845,-1,12689
103.819683,30.867645,-1,12690
104.146641,30.97453,-1,12691
103.718995,30.615032,-1,12692
103.873606,30.62694,-1,12693
103.883214,30.665821,153,12694
104.052664,30.465385,-1,12695
104.224872,30.79398,15,12696
103.718382,30.614608,-1,12697
104.318581,30.861039,43,12698
103.843403,31.138298,-1,12699
104.065923,30.447518,252,12700
104.134914,30.820561,-1,12701
103.654862,30.925927,79,12702
103.713372,30.583294,-1,12703
104.544078,30.70653,216,12704
104.438732,30.46657,-1,12705
103.707615,30.52485,-1,12706
104.311531,30.299033,159,12707
104.220768,30.63892,108,12708
103.994364,30.255509,-1,12709
103.896936,30.666588,202,12710
104.170224,30.712887,-1,12711
103.559466,30.548636,214,12712
104.280328,30.645951,-1,12713
103.675557,30.9058,-1,12714
104.36464,30.996556,-1,12715
103.937307,30.619089,114,12716
104.401237,30.469037,-1,12717
104.090496,30.740161,178,12718
103.649738,31.00268,-1,12719
103.844818,30.680353,-1,12720
104.292298,30.901947,-1,12721
103.986643,30.721018,-1,12722
103.982547,30.453626,-1,12723
104.154217,30.76567,-1,12724
104.389563,30.309911,-1,12725
103.597882,30.867061,-1,12726
103.909117,30.883181,-1,12727
104.055829,30.457457,204,12728
104.991134,29.542969,243,12729
104.268868,30.578083,29,12730
103.908135,30.973151,189,12731
103.78134,30.640077,-1,12732
103.935171,30.905597,66,12733
103.862869,30.305961,-1,12734
103.897411,30.666785,202,12735
104.32658,30.859876,155,12736
104.367077,30.305979,-1,12737
103.902147,30.834117,89,12738
103.966469,30.626069,-1,12739
104.08064,30.513185,129,12740
103.923025,30.717078,154,12741
104.323335,30.645056,131,12742
102.764908,30.402528,-1,12743
103.959576,30.438032,-1,12744
104.567397,30.372012,92,12745
104.172876,30.727323,-1,12746
104.507442,30.426848,-1,12747
104.147448,30.706499,-1,12748
103.590611,30.649659,-1,12749
104.03711,30.148366,81,12750
104.803645,30.152327,187,12751
104.071579,30.45409,-1,12752
104.363571,30.361119,-1,12753
104.243172,30.645684,68,12754
103.959545,30.64916,272,12755
103.846432,30.428422,30,12756
104.203275,30.726188,31,12757
104.21619,30.699662,248,12758
103.874946,30.830815,-1,12759
103.89765,30.473772,-1,12760
103.694275,30.936556,-1,12761
104.065385,30.444412,-1,12762
103.761814,30.396724,-1,12763
104.55538,30.352944,182,12764
104.294721,29.659585,-1,12765
103.682187,31.027495,112,12766
104.024236,30.859431,-1,12767
103.887397,30.528598,42,12768
104.198242,30.582071,13,12769
103.792429,30.190666,-1,12770
103.496047,30.548386,-1,12771
104.206454,31.120057,-1,12772
104.178574,30.782548,85,12773
104.038834,30.360028,124,12774
104.053746,30.457237,-1,12775
104.038549,31.274258,-1,12776
104.433149,30.846603,-1,12777
104.22547,30.525873,91,12778
103.709349,30.393197,235,12779
103.662981,30.970978,197,12780
104.001888,29.125597,-1,12781
103.959708,30.517508,130,12782
104.106785,30.491316,77,12783
104.2429,30.6506,80,12784
104.349362,30.360466,-1,12785
103.901573,30.726018,-1,12786
103.898269,30.371187,-1,12787
103.772575,30.345365,-1,12788
104.254791,30.642412,-1,12789
103.660907,30.96144,41,12790
103.971387,30.661996,-1,12791
104.086377,30.824205,-1,12792
104.31887,30.86106,43,12793
103.877331,30.572595,-1,12794
104.071258,30.689586,215,12795
103.893043,30.447361,220,12796
104.244172,30.64545,68,12797
104.249026,30.772175,76,12798
104.166835,30.719962,-1,12799
103.850985,30.367911,-1,12800
104.36608,30.857245,166,12801
103.553338,30.220938,228,12802
104.651639,30.878453,-1,12803
104.170751,30.615168,145,12804
104.05498,30.653633,102,12805
104.171478,30.659587,8,12806
104.236249,30.646675,49,12807
103.886992,30.528595,42,12808
104.185702,30.71872,163,12809
103.879607,30.491038,-1,12810
104.050886,30.540388,58,12811
104.171278,30.659686,8,12812
103.498161,30.550798,-1,12813
103.72474,30.578398,176,12814
104.071105,30.68589,-1,12815
104.31579,30.30361,118,12816
104.105344,30.580214,-1,12817
103.883106,30.665909,153,12818
104.391233,30.284373,212,12819
104.07105,30.695466,-1,12820
103.820024,30.466116,-1,12821
104.122985,30.442325,-1,12822
104.015607,30.57159,-1,12823
104.499479,30.470718,-1,12824
103.859765,30.086626,-1,12825
104.162307,30.55668,-1,12826
103.554659,30.555299,-1,12827
104.022649,30.523735,-1,12828
104.190137,30.662404,141,12829
103.530998,30.562042,-1,12830
104.090062,30.430891,-1,12831
103.911416,30.814254,-1,12832
103.859727,30.301422,82,12833
104.170697,30.615045,145,12834
104.570691,30.706115,-1,12835
104.056256,30.763437,37,12836
104.080032,30.511869,129,12837
104.108401,30.544356,-1,12838
104.178654,30.782716,85,12839
104.313439,30.274719,-1,12840
104.037809,30.658231,-1,12841
103.678311,31.029522,94,12842
104.128046,30.599536,-1,12843
104.00329,30.734889,223,12844
103.796297,31.238365,-1,12845
103.898439,30.386775,-1,12846
104.691003,30.327762,-1,12847
103.962566,30.940264,-1,12848
103.993944,30.419108,-1,12849
104.189068,30.583823,-1,12850
104.39022,31.062971,-1,12851
103.997931,30.757432,174,12852
103.977635,30.640836,88,12853
104.954913,29.687317,-1,12854
104.071958,30.338809,-1,12855
104.028125,30.551419,-1,12856
103.561104,30.748568,181,12857
104.198518,30.788487,-1,12858
104.036973,30.148428,81,12859
104.062345,30.680599,-1,12860
104.202176,30.677856,-1,12861
104.609836,31.298866,-1,12862
103.856489,30.671275,-1,12863
104.012899,30.512973,-1,12864
104.078812,30.366464,-1,12865
104.008262,30.611486,-1,12866
103.956834,30.649638,-1,12867
103.714002,30.526497,194,12868
103.973168,30.57855,106,12869
104.115392,30.417804,274,12870
103.819725,31.259159,-1,12871
103.957855,30.663472,259,12872
104.166742,30.636552,-1,12873
104.191616,30.790356,-1,12874
104.084226,30.455792,254,12875
104.248968,30.772355,76,12876
103.892997,30.513579,54,12877
104.3236,30.645158,131,12878
103.92243,30.235252,-1,12879
103.920915,30.540792,142,12880
103.963754,30.562838,-1,12881
103.999281,30.514104,-1,12882
103.478501,30.42776,276,12883
103.8617,30.445781,121,12884
104.455356,30.462868,-1,12885
104.234542,30.645953,49,12886
104.18828,30.514666,-1,12887
104.179701,30.619603,-1,12888
103.943027,30.3371,-1,12889
104.096138,30.540893,135,12890
103.53262,30.562005,-1,12891
104.583311,30.708253,-1,12892
104.195002,30.58793,-1,12893
103.993775,30.564947,-1,12894
104.413151,30.939672,-1,12895
103.754538,30.555315,-1,12896
104.099684,30.712818,-1,12897
103.851261,30.367678,-1,12898
103.832384,30.667805,-1,12899
103.829698,30.331774,-1,12900
103.82515,30.421026,-1,12901
104.143559,30.582102,-1,12902
104.102079,30.688424,-1,12903
103.98908,30.780072,-1,12904
103.959056,30.649247,272,12905
104.193447,30.737465,-1,12906
104.184526,30.717042,-1,12907
103.912595,30.404617,-1,12908
104.04952,30.476882,125,12909
103.876858,30.164171,-1,12910
104.200272,30.738356,-1,12911
104.04691,30.428417,90,12912
103.890606,30.479126,-1,12913
103.870326,30.702268,126,12914
103.991154,30.475783,-1,12915
103.733019,30.703387,-1,12916
103.865752,30.603915,-1,12917
103.937173,30.614477,26,12918
103.938397,30.616189,9,12919
104.083976,30.578169,52,12920
104.259409,30.812762,-1,12921
104.06783,31.248623,-1,12922
104.680576,30.051116,-1,12923
103.90296,30.632011,-1,12924
104.326955,30.306181,-1,12925
104.326501,30.889093,-1,12926
104.0218,29.13915,134,12927
103.662821,30.39784,-1,12928
104.191896,30.660582,-1,12929
102.692229,29.964003,-1,12930
103.506812,30.744413,-1,12931
103.91711,30.684252,28,12932
104.140172,30.827307,192,12933
103.535717,29.948094,-1,12934
103.876222,30.500624,-1,12935
103.798079,31.169047,247,12936
104.114193,30.750595,-1,12937
104.498884,30.490758,151,12938
103.981402,30.785468,86,12939
104.254832,30.859157,110,12940
103.818727,30.634349,34,12941
104.19548,30.683075,-1,12942
104.287112,30.69721,196,12943
104.307168,30.865153,165,12944
104.096312,30.540084,135,12945
102.206726,29.645362,-1,12946
103.819901,30.425104,-1,12947
103.800132,31.241228,-1,12948
103.738455,30.664573,-1,12949
103.904525,30.352767,-1,12950
103.64322,30.942383,2,12951
104.022178,30.857729,-1,12952
104.283657,30.646064,-1,12953
104.035243,30.232194,-1,12954
104.488599,30.461997,104,12955
104.218135,30.585994,-1,12956
103.887734,30.660823,-1,12957
104.292199,30.812476,-1,12958
103.654716,30.926219,79,12959
104.064984,30.555102,-1,12960
102.866875,29.147501,-1,12961
103.939326,30.423189,-1,12962
104.31381,30.944801,-1,12963
104.242836,30.651003,80,12964
104.006369,30.592342,168,12965
103.831006,30.919244,-1,12966
103.958639,30.649208,272,12967
103.902882,30.658335,63,12968
103.877841,30.171691,-1,12969
104.163297,30.699971,229,12970
104.004335,30.698721,-1,12971
103.974005,30.639042,88,12972
104.10372,30.512456,40,12973
103.916325,30.369547,152,12974
103.96479,30.381724,-1,12975
104.177578,30.461044,-1,12976
104.169428,30.532207,-1,12977
104.075876,30.76953,-1,12978
104.016855,30.561798,-1,12979
104.144626,30.80599,-1,12980
103.846923,30.438382,149,12981
104.03645,30.29669,32,12982
104.225241,30.707552,217,12983
104.422488,30.474351,-1,12984
103.921783,30.284543,-1,12985
103.592052,30.833081,-1,12986
104.235787,30.646341,49,12987
104.237441,30.652932,5,12988
103.929743,31.028829,-1,12989
103.533196,30.572803,-1,12990
104.326758,30.896389,-1,12991
103.993305,30.312485,-1,12992
104.125146,30.769545,226,12993
103.561175,30.748642,181,12994
103.797698,31.241002,-1,12995
103.797698,31.241002,-1,12996
104.282745,30.675294,-1,12997
104.118754,30.468895,-1,12998
103.535871,30.564894,-1,12999
104.046023,30.427299,90,13000
104.022279,30.501069,-1,13001
103.633851,30.959378,-1,13002
103.969332,30.737996,-1,13003
103.856672,30.442158,183,13004
104.087166,30.576616,-1,13005
104.587279,30.734584,256,13006
104.285926,30.700426,-1,13007
103.993486,29.024291,20,13008
104.168799,30.741411,56,13009
103.72465,31.199309,-1,13010
103.682228,30.301588,-1,13011
103.802145,30.454901,-1,13012
103.758055,30.364366,-1,13013
104.465169,30.471979,-1,13014
104.066177,31.258685,-1,13015
103.920775,30.540782,142,13016
103.967553,30.648563,70,13017
103.967185,30.64839,70,13018
104.15284,30.781983,225,13019
104.007778,30.453308,-1,13020
104.319345,30.861047,43,13021
104.489622,30.493768,143,13022
104.203458,30.725998,31,13023
104.239567,30.275074,-1,13024
104.224957,30.638746,239,13025
104.17499,30.728576,-1,13026
103.249049,29.5732,-1,13027
103.837636,30.360554,46,13028
103.964672,30.94127,-1,13029
104.075581,30.238904,22,13030
103.812187,30.571694,100,13031
104.254272,30.856037,-1,13032
104.13892,30.637759,-1,13033
103.728413,30.399136,-1,13034
104.237486,30.652857,5,13035
104.100869,30.468887,-1,13036
103.958227,30.57731,-1,13037
103.995962,30.613207,157,13038
103.930164,30.888322,-1,13039
104.39237,30.289372,-1,13040
104.057566,30.850309,-1,13041
104.224922,30.793619,15,13042
104.908375,30.159823,109,13043
104.830205,29.668753,-1,13044
103.108148,29.288034,-1,13045
104.720781,30.398141,-1,13046
103.883701,30.665965,153,13047
104.429544,30.905305,-1,13048
103.995423,30.615009,-1,13049
104.148498,30.709171,-1,13050
104.092113,30.461351,-1,13051
104.071505,30.598205,-1,13052
103.696146,30.61124,-1,13053
104.804061,30.152287,187,13054
104.575885,30.345301,-1,13055
104.509635,30.353162,180,13056
104.332118,30.927776,-1,13057
104.172056,30.659243,8,13058
103.823514,30.645025,-1,13059
104.294721,29.659585,-1,13060
104.54424,30.70779,216,13061
103.974885,30.79481,-1,13062
104.149093,30.659799,-1,13063
103.706363,30.404377,-1,13064
103.850932,30.820381,3,13065
104.048653,30.651812,-1,13066
104.595102,30.716765,-1,13067
103.682065,31.027278,112,13068
103.527062,30.2038,-1,13069
104.244252,30.645484,68,13070
104.224838,30.793594,15,13071
104.132466,30.396935,-1,13072
103.497292,30.753552,-1,13073
104.170647,30.615088,145,13074
103.974681,30.736709,47,13075
104.223977,30.56663,21,13076
103.937676,30.614238,26,13077
104.148953,30.703614,-1,13078
103.884837,30.388686,206,13079
104.489347,30.600616,-1,13080
103.979587,30.74963,-1,13081
104.416328,30.878302,-1,13082
104.212238,30.58677,-1,13083
104.157345,30.64821,-1,13084
103.496133,30.17521,-1,13085
103.852829,30.441753,-1,13086
102.805071,30.277553,-1,13087
104.081788,30.638148,-1,13088
104.204157,30.703597,-1,13089
103.976634,30.791047,-1,13090
103.861699,30.464084,-1,13091
104.577665,30.7299,-1,13092
104.008841,30.590564,101,13093
104.339173,30.66697,-1,13094
104.150241,30.616217,172,13095
104.195096,30.5954,-1,13096
103.195392,30.141423,-1,13097
103.886841,30.528419,42,13098
104.530764,30.394176,-1,13099
104.118597,30.392143,-1,13100
104.011498,30.843552,-1,13101
104.04643,30.427629,90,13102
104.070151,30.767982,75,13103
104.223809,30.566532,21,13104
103.802265,31.165924,-1,13105
104.547177,30.365529,-1,13106
104.160492,30.731038,-1,13107
102.883516,30.192706,-1,13108
103.147253,30.461352,-1,13109
103.859249,30.827376,93,13110
104.011469,30.482464,-1,13111
103.709818,30.394876,235,13112
104.167067,30.636696,-1,13113
104.063344,30.438192,-1,13114
104.221976,30.526283,-1,13115
103.749234,30.530389,-1,13116
103.911734,30.798654,-1,13117
104.018362,30.229597,-1,13118
103.933841,30.719613,-1,13119
104.227148,30.644669,-1,13120
103.873366,30.779236,185,13121
103.902431,30.83476,89,13122
104.202163,30.739114,123,13123
104.372162,30.965483,-1,13124
104.595157,30.716578,-1,13125
104.075323,30.268869,-1,13126
103.760254,30.665134,-1,13127
104.112145,31.075876,222,13128
103.989685,30.482766,-1,13129
103.879184,30.357988,-1,13130
104.34277,30.624352,-1,13131
103.538905,30.549127,-1,13132
103.712231,30.322675,-1,13133
104.235334,30.64662,49,13134
104.125315,30.76958,226,13135
104.138612,30.637924,-1,13136
104.16792,30.473604,-1,13137
104.056083,30.421012,-1,13138
103.961111,30.653821,-1,13139
104.069746,30.768454,75,13140
103.741554,30.576012,-1,13141
104.075212,30.551066,-1,13142
104.04126,30.593728,170,13143
104.036448,30.296686,32,13144
103.662012,30.919546,-1,13145
103.902778,30.658483,63,13146
103.876129,30.500889,-1,13147
103.812451,30.571674,100,13148
104.114321,30.579568,19,13149
103.893519,30.513579,54,13150
103.929191,30.699302,-1,13151
103.816107,30.675142,-1,13152
104.013387,30.842977,-1,13153
103.97683,30.614258,-1,13154
103.92087,30.703391,6,13155
104.172955,30.484154,244,13156
104.081202,30.416587,-1,13157
103.65899,30.960618,-1,13158
104.083214,30.752035,-1,13159
104.140172,30.827307,192,13160
104.377823,30.640787,-1,13161
104.36464,30.996556,-1,13162
103.888201,30.55628,64,13163
103.406306,30.746486,-1,13164
103.216986,30.122874,-1,13165
103.86159,30.628999,-1,13166
104.262102,30.807881,-1,13167
104.084786,30.455296,254,13168
103.94279,30.433389,-1,13169
103.638577,30.478126,-1,13170
104.049055,30.540518,58,13171
104.033114,30.525106,-1,13172
103.964584,30.636797,164,13173
103.921454,30.293174,-1,13174
104.570476,31.034217,-1,13175
104.035407,30.512574,-1,13176
103.701389,30.602429,11,13177
104.221056,30.638942,108,13178
104.071157,30.689575,215,13179
103.839361,30.358497,46,13180
104.108376,30.520501,-1,13181
104.509561,30.352596,180,13182
104.369915,30.288395,-1,13183
103.767387,30.364576,-1,13184
104.180679,30.703704,-1,13185
104.118063,30.756908,69,13186
104.164495,30.395149,-1,13187
104.326622,30.860192,155,13188
104.80016,30.152401,-1,13189
104.086044,30.664306,-1,13190
103.825052,30.449887,-1,13191
103.681747,30.290286,-1,13192
104.177029,30.718599,23,13193
104.067149,30.610221,-1,13194
103.988749,30.459282,-1,13195
103.91215,30.798627,-1,13196
103.499248,30.569269,116,13197
104.479712,30.4243,-1,13198
103.976324,30.794485,-1,13199
104.339414,30.666871,-1,13200
104.069956,30.725434,-1,13201
104.039815,30.531293,-1,13202
104.072405,30.732263,-1,13203
104.050691,30.476755,125,13204
103.959164,30.363775,-1,13205
104.398179,30.303809,-1,13206
104.093761,30.581456,14,13207
103.790701,30.188487,-1,13208
103.966994,30.936301,-1,13209
103.664207,30.668088,-1,13210
104.111286,30.576776,-1,13211
104.036579,30.296654,32,13212
103.673019,30.601713,-1,13213
103.891102,30.681264,-1,13214
104.037452,30.732288,241,13215
104.439901,29.476518,-1,13216
104.093105,30.581052,14,13217
104.186702,30.553272,267,13218
103.500044,30.750811,-1,13219
104.106808,30.607726,-1,13220
103.969356,30.954872,-1,13221
104.046409,30.449139,-1,13222
103.80169,30.451595,-1,13223
104.354123,30.43612,209,13224
104.508708,30.354451,180,13225
103.830645,30.919242,-1,13226
104.04244,30.19926,266,13227
103.960127,30.165761,97,13228
104.52353,30.477897,-1,13229
103.93562,30.905548,66,13230
103.872369,30.779491,185,13231
104.424847,30.473989,260,13232
104.609303,30.857077,-1,13233
103.993479,30.764723,132,13234
104.166135,31.011815,-1,13235
104.171899,30.659775,8,13236
104.154028,30.615867,-1,13237
103.255925,30.555324,-1,13238
103.934162,30.634999,-1,13239
104.132313,30.734845,-1,13240
103.697833,30.630753,-1,13241
104.061577,30.369232,-1,13242
103.58475,31.485745,-1,13243
103.904848,30.676042,158,13244
104.270835,30.624679,-1,13245
103.859143,30.827429,93,13246
104.546588,29.504164,-1,13247
104.573138,30.604216,-1,13248
103.989787,30.886245,-1,13249
103.698161,31.042075,-1,13250
104.123117,30.522077,-1,13251
103.653046,30.920293,238,13252
103.717033,30.615215,-1,13253
103.935014,30.671399,-1,13254
103.852855,30.315213,-1,13255
104.132608,30.692039,-1,13256
104.0859,30.456871,262,13257
103.669327,29.780831,-1,13258
103.903949,30.914514,-1,13259
103.656509,30.897568,-1,13260
104.118231,30.756718,69,13261
103.592307,30.851025,-1,13262
103.903922,30.242562,-1,13263
103.808167,30.650491,-1,13264
104.31579,30.30361,118,13265
104.036829,30.325872,-1,13266
103.936425,30.614202,26,13267
103.741405,30.694628,-1,13268
104.213815,30.651402,160,13269
104.329883,30.294367,-1,13270
103.816651,30.35158,-1,13271
103.801306,31.248488,-1,13272
103.994402,30.764794,132,13273
103.980582,30.645526,-1,13274
103.905203,30.785798,-1,13275
104.039314,30.339393,-1,13276
103.892852,30.447667,220,13277
103.770559,30.691989,-1,13278
103.662936,30.97093,197,13279
103.482648,30.763184,-1,13280
103.889138,30.447201,-1,13281
104.548159,30.36436,-1,13282
103.998807,30.585889,-1,13283
104.310384,30.621507,-1,13284
104.164383,30.383913,139,13285
104.323511,30.644934,131,13286
104.668895,30.08785,-1,13287
104.287432,30.683488,-1,13288
103.959558,30.438355,-1,13289
104.172874,30.727179,-1,13290
103.923128,30.717054,154,13291
104.571762,30.688437,-1,13292
103.892985,30.513917,54,13293
103.798778,31.16784,247,13294
103.802469,30.185283,-1,13295
104.225801,30.790648,15,13296
104.405816,30.339332,-1,13297
103.872088,30.784845,-1,13298
103.864788,30.601045,-1,13299
104.045414,30.445555,25,13300
104.42729,30.876492,-1,13301
104.171899,30.659775,8,13302
103.677021,30.901682,-1,13303
103.904588,30.683168,-1,13304
103.953235,30.663815,-1,13305
104.004909,30.578316,-1,13306
103.401662,30.738331,-1,13307
104.382239,30.35069,-1,13308
104.169983,30.699173,-1,13309
104.366244,30.434803,-1,13310
103.991311,30.586455,-1,13311
104.13973,30.824596,-1,13312
104.312838,30.298218,159,13313
104.055922,30.763161,37,13314
104.669947,30.087402,-1,13315
103.98242,30.784484,86,13316
104.171911,30.47855,-1,13317
104.500465,30.339038,107,13318
103.939712,30.617258,12,13319
103.89439,30.777901,-1,13320
104.08638,30.456489,262,13321
104.162668,30.681371,-1,13322
103.682188,31.027492,112,13323
104.191487,30.817842,-1,13324
104.094764,30.463056,-1,13325
103.624682,30.993215,-1,13326
103.87853,30.198158,59,13327
103.957442,30.35303,-1,13328
104.326255,30.86015,155,13329
103.83811,30.360275,46,13330
103.817115,30.633935,34,13331
104.048669,30.653441,-1,13332
104.091385,30.559792,-1,13333
104.389664,30.310307,-1,13334
103.465599,30.438008,269,13335
104.272022,30.626972,-1,13336
104.206329,30.829993,-1,13337
104.052438,30.245997,137,13338
104.988826,29.542655,-1,13339
103.495346,29.975711,-1,13340
103.766633,30.797384,-1,13341
104.436448,31.251533,-1,13342
103.981579,30.410127,-1,13343
103.959696,30.620629,-1,13344
103.037424,29.908337,-1,13345
104.051745,30.541191,58,13346
104.59301,31.768703,-1,13347
103.98353,30.453972,-1,13348
104.196858,31.578331,-1,13349
103.970359,30.650067,105,13350
103.915564,30.678291,-1,13351
103.53526,30.562928,-1,13352
104.200102,30.368448,-1,13353
104.311884,30.298666,159,13354
103.887241,30.528815,42,13355
103.760784,30.635869,-1,13356
104.220783,30.638714,108,13357
104.064325,30.432632,-1,13358
103.905427,30.810677,87,13359
104.223489,30.794307,57,13360
104.040546,30.464184,-1,13361
104.007415,30.45946,-1,13362
104.372029,30.864357,48,13363
104.120453,30.773186,148,13364
104.137827,30.582894,-1,13365
103.810969,30.63036,34,13366
104.187345,30.729784,-1,13367
103.965063,30.310091,-1,13368
103.935548,30.9055,66,13369
104.46193,30.488136,-1,13370
103.84677,30.438019,149,13371
104.472315,30.345204,-1,13372
104.071176,30.725219,10,13373
103.936053,30.905348,66,13374
104.367791,30.436227,-1,13375
104.012358,30.844396,-1,13376
103.987342,30.46663,-1,13377
103.843161,30.77707,-1,13378
103.937538,30.619379,114,13379
103.447671,30.385817,-1,13380
104.093489,30.580949,14,13381
103.985924,30.332201,-1,13382
104.20892,30.897738,-1,13383
104.040891,30.593439,170,13384
104.227528,30.788693,-1,13385
104.088028,30.580035,-1,13386
103.977139,30.550802,-1,13387
103.954807,30.49195,-1,13388
104.095058,30.559764,-1,13389
103.923025,30.717012,154,13390
104.03943,30.581409,-1,13391
104.555451,30.352744,182,13392
104.093957,30.581019,14,13393
104.309134,30.865095,165,13394
103.990686,30.912562,-1,13395
104.087892,30.749668,-1,13396
104.098353,30.53839,-1,13397
104.439448,30.884547,-1,13398
103.498281,30.548948,-1,13399
104.326371,30.86006,155,13400
104.318559,30.861312,43,13401
104.029986,30.575565,-1,13402
103.654918,30.926368,79,13403
103.790245,29.745771,-1,13404
104.858455,29.741265,128,13405
104.085973,30.384916,-1,13406
104.094985,30.6298,-1,13407
104.177877,30.788992,-1,13408
103.967232,30.648334,70,13409
104.075121,30.730983,-1,13410
104.216497,30.571967,242,13411
103.990871,30.435068,-1,13412
103.957356,30.647676,-1,13413
104.143478,30.614473,-1,13414
104.225345,30.707457,217,13415
104.405816,30.339332,-1,13416
103.835921,30.346099,-1,13417
103.965939,30.80838,-1,13418
104.007119,30.518061,-1,13419
104.088206,30.641659,-1,13420
104.253115,30.638588,-1,13421
103.864075,31.040801,-1,13422
104.188544,30.793119,-1,13423
103.806486,31.121364,-1,13424
104.177825,30.719085,23,13425
104.991023,29.542924,243,13426
104.149731,30.622748,221,13427
104.226801,30.792364,15,13428
104.173148,30.521644,-1,13429
104.006423,30.592326,168,13430
103.449536,30.991762,-1,13431
104.07323,30.715199,-1,13432
104.059655,30.416031,-1,13433
104.178185,30.782392,85,13434
104.323937,30.645089,131,13435
103.860451,30.83731,-1,13436
103.989638,30.423364,-1,13437
104.14176,30.532932,-1,13438
104.168299,30.661709,-1,13439
104.186515,30.707601,-1,13440
104.354257,30.435768,209,13441
104.244844,30.645382,68,13442
103.874115,30.485337,-1,13443
103.741003,30.395539,-1,13444
103.904776,30.977885,-1,13445
104.065006,30.514631,-1,13446
103.870755,30.775243,-1,13447
103.83376,30.315619,-1,13448
104.525169,30.647208,-1,13449
104.084778,30.45531,254,13450
104.060524,31.24539,119,13451
104.038756,30.732107,241,13452
104.099833,30.466957,133,13453
104.085177,30.238394,-1,13454
104.522203,30.429889,199,13455
103.904695,30.370261,-1,13456
103.627557,30.970376,-1,13457
103.91444,30.97961,-1,13458
104.226189,30.524982,91,13459
103.529928,31.410142,-1,13460
104.228699,30.692262,-1,13461
104.108073,30.556516,-1,13462
103.879851,30.404392,184,13463
104.199002,30.510555,-1,13464
103.808115,30.878405,-1,13465
104.323433,30.644954,131,13466
104.387978,30.746527,-1,13467
103.819041,30.79721,167,13468
104.505144,30.686144,-1,13469
103.880256,30.604293,-1,13470
104.183781,30.450609,-1,13471
104.5331,30.428307,-1,13472
103.936425,30.614202,26,13473
104.032666,30.85823,127,13474
103.033607,29.904031,-1,13475
103.787598,31.007244,-1,13476
103.821991,30.501765,-1,13477
103.561446,29.701335,-1,13478
104.220873,30.63869,108,13479
104.311884,30.298666,159,13480
103.892687,30.513405,54,13481
104.643338,29.784464,-1,13482
104.631319,30.872124,45,13483
104.312555,30.408101,-1,13484
104.109757,30.588784,-1,13485
103.470592,30.756398,-1,13486
103.940193,30.616156,12,13487
104.143068,30.582368,-1,13488
104.060254,30.339519,-1,13489
104.166615,30.658868,74,13490
103.542808,30.573052,-1,13491
104.566913,30.387718,275,13492
104.595931,31.765621,-1,13493
104.233599,30.737748,-1,13494
104.12026,30.772876,148,13495
103.97299,30.738936,-1,13496
104.225226,30.672105,-1,13497
104.243935,30.645477,68,13498
104.344286,30.624349,-1,13499
104.421588,30.8812,-1,13500
104.060559,31.245408,119,13501
103.98543,30.660702,-1,13502
104.40239,30.996569,218,13503
103.881927,30.417757,-1,13504
103.819778,30.665145,-1,13505
104.103764,30.532298,-1,13506
104.532012,30.648009,-1,13507
103.976093,30.456137,-1,13508
103.86137,30.803703,60,13509
104.149412,30.622571,221,13510
103.850562,30.370446,-1,13511
104.501397,30.486883,-1,13512
103.610034,30.616074,-1,13513
103.578999,30.845764,-1,13514
103.833737,30.922152,-1,13515
104.158741,30.776082,-1,13516
104.165902,30.712284,147,13517
104.260997,30.579473,-1,13518
104.326548,30.859894,155,13519
103.993256,30.923828,-1,13520
103.96122,30.62178,-1,13521
103.984964,30.413773,-1,13522
104.346974,31.001392,-1,13523
104.320289,30.277929,224,13524
103.513492,30.391393,-1,13525
104.191896,30.660532,-1,13526
104.162767,30.676226,-1,13527
104.283484,30.937069,-1,13528
103.869004,30.457462,-1,13529
103.506153,30.559093,249,13530
103.995416,30.250146,-1,13531
103.939956,30.504185,-1,13532
104.234509,30.646396,49,13533
103.895931,30.617883,-1,13534
104.236573,30.646336,49,13535
103.661324,30.961239,41,13536
103.662965,30.900241,-1,13537
104.556107,30.099092,-1,13538
104.499649,30.470259,-1,13539
103.850332,30.841256,-1,13540
104.059667,30.646021,-1,13541
103.859222,30.827303,93,13542
104.164399,30.383813,139,13543
104.42847,31.14971,230,13544
103.909783,30.732668,-1,13545
103.855407,30.318015,-1,13546
103.957925,30.663106,259,13547
104.107204,30.608522,-1,13548
104.047932,30.828261,-1,13549
104.239796,30.818857,-1,13550
104.170952,30.529101,-1,13551
104.044116,30.445277,25,13552
104.105897,30.855306,-1,13553
104.118279,30.757267,69,13554
104.256731,30.726102,-1,13555
104.015566,30.450417,-1,13556
103.922742,30.267612,-1,13557
103.971141,30.650411,105,13558
104.061741,30.270954,-1,13559
103.560759,30.748833,181,13560
103.825978,30.612904,-1,13561
103.959778,30.460602,-1,13562
103.530191,31.410611,-1,13563
103.992273,30.611912,-1,13564
104.189251,30.53924,-1,13565
104.700621,31.00323,-1,13566
103.653376,30.896064,-1,13567
102.738526,30.031443,-1,13568
103.878431,30.719307,-1,13569
104.234494,30.646055,49,13570
104.139997,30.693601,-1,13571
104.05183,30.541349,58,13572
103.921063,30.703069,6,13573
104.479424,30.490681,-1,13574
103.972875,30.924576,-1,13575
102.645675,30.933778,-1,13576
104.224957,30.638746,239,13577
104.497121,30.49323,-1,13578
104.082466,30.641709,-1,13579
104.575728,30.345112,-1,13580
103.796946,30.646712,-1,13581
104.179843,30.788925,-1,13582
103.960261,30.822568,-1,13583
103.939768,30.617226,12,13584
104.063408,30.631602,-1,13585
104.321258,30.860414,-1,13586
103.879136,30.357804,-1,13587
104.587547,30.698153,-1,13588
103.943611,30.507678,-1,13589
104.340655,30.645489,-1,13590
103.551576,30.533158,-1,13591
104.221246,30.638444,108,13592
103.859179,30.827767,93,13593
103.789599,30.352475,-1,13594
103.937049,30.613326,26,13595
104.522163,30.429889,199,13596
104.668911,30.087882,-1,13597
103.886499,30.528462,42,13598
103.815194,30.633294,34,13599
103.765004,30.361506,-1,13600
103.679606,30.301167,-1,13601
104.044128,30.445311,25,13602
104.197332,30.585376,-1,13603
103.963346,30.820161,-1,13604
104.150361,30.576708,-1,13605
103.968104,30.58639,-1,13606
103.880105,30.404329,184,13607
103.812332,30.571501,100,13608
103.952336,30.936755,-1,13609
104.19061,30.662233,141,13610
104.093446,30.581147,14,13611
104.009509,30.55682,-1,13612
104.168807,30.740985,56,13613
