trial_id, experiment_id, run_id, algorithm, eps, min_samples, t, d, iter, iter_running_time_s, total_running_time_s, n, adjusted_rand_index, normalised_mutual_info
1, 1, 1, dynamic_dbscan, 0.75, 10, 10, 54, 0, 0.8833198547363281, 0.8833198547363281, 1000, 0.0, 0.0
1, 1, 1, dynamic_dbscan, 0.75, 10, 10, 54, 1, 0.09383845329284668, 0.9771583080291748, 2000, 0.0, 0.0
1, 1, 1, dynamic_dbscan, 0.75, 10, 10, 54, 2, 0.9169449806213379, 1.8941032886505127, 3000, -0.030694204204978176, 0.020889419347005195
1, 1, 1, dynamic_dbscan, 0.75, 10, 10, 54, 3, 0.13627052307128906, 2.0303738117218018, 4000, -0.05105166862934384, 0.04013762562180397
1, 1, 1, dynamic_dbscan, 0.75, 10, 10, 54, 4, 0.12956905364990234, 2.159942865371704, 5000, -0.06001210015878261, 0.04238932789413272
1, 1, 1, dynamic_dbscan, 0.75, 10, 10, 54, 5, 0.1692349910736084, 2.3291778564453125, 6000, -0.059574698457966604, 0.05732352833053543
1, 1, 1, dynamic_dbscan, 0.75, 10, 10, 54, 6, 0.17756342887878418, 2.5067412853240967, 7000, -0.06366245503578506, 0.06641442326060193
1, 1, 1, dynamic_dbscan, 0.75, 10, 10, 54, 7, 0.1795520782470703, 2.686293363571167, 8000, -0.0665250076291316, 0.07410742279993225
1, 1, 1, dynamic_dbscan, 0.75, 10, 10, 54, 8, 0.19974184036254883, 2.886035203933716, 9000, -0.06519525456706614, 0.0850705988070715
1, 1, 1, dynamic_dbscan, 0.75, 10, 10, 54, 9, 1.0411880016326904, 3.9272232055664062, 10000, -0.05875566976012547, 0.09164910843527488
1, 1, 1, dynamic_dbscan, 0.75, 10, 10, 54, 10, 0.22150945663452148, 4.148732662200928, 11000, -0.05220802409117142, 0.09648339142526179
1, 1, 1, dynamic_dbscan, 0.75, 10, 10, 54, 11, 0.22930455207824707, 4.378037214279175, 12000, -0.04573613980925277, 0.10416551318437443
1, 1, 1, dynamic_dbscan, 0.75, 10, 10, 54, 12, 0.26157116889953613, 4.639608383178711, 13000, -0.037696309763746626, 0.11014269389852162
1, 1, 1, dynamic_dbscan, 0.75, 10, 10, 54, 13, 0.26755690574645996, 4.907165288925171, 14000, -0.031422388254848506, 0.11371165615181805
1, 1, 1, dynamic_dbscan, 0.75, 10, 10, 54, 14, 0.27646660804748535, 5.183631896972656, 15000, -0.028179683601014492, 0.1166498922787566
1, 1, 1, dynamic_dbscan, 0.75, 10, 10, 54, 15, 0.3222835063934326, 5.505915403366089, 16000, -0.018613254096946603, 0.12390326364366018
1, 1, 1, dynamic_dbscan, 0.75, 10, 10, 54, 16, 1.2809252738952637, 6.7868406772613525, 17000, -0.01594337347415949, 0.12724884684380988
1, 1, 1, dynamic_dbscan, 0.75, 10, 10, 54, 17, 0.4679574966430664, 7.254798173904419, 18000, -0.013850988216026802, 0.12855355519738476
1, 1, 1, dynamic_dbscan, 0.75, 10, 10, 54, 18, 0.40062737464904785, 7.655425548553467, 19000, -0.009377636611520992, 0.1313845125742495
1, 1, 1, dynamic_dbscan, 0.75, 10, 10, 54, 19, 0.33771705627441406, 7.993142604827881, 20000, -0.0056332578215114795, 0.13297524636073224
1, 1, 1, dynamic_dbscan, 0.75, 10, 10, 54, 20, 0.31975555419921875, 8.3128981590271, 21000, -0.0023025685080072977, 0.13576214211413032
1, 1, 1, dynamic_dbscan, 0.75, 10, 10, 54, 21, 0.3263680934906006, 8.6392662525177, 22000, 0.00010738063853886331, 0.13776010788998527
1, 1, 1, dynamic_dbscan, 0.75, 10, 10, 54, 22, 0.3566403388977051, 8.995906591415405, 23000, 0.0028729300212005093, 0.13927129305124858
1, 1, 1, dynamic_dbscan, 0.75, 10, 10, 54, 23, 0.3440120220184326, 9.339918613433838, 24000, 0.005543866361023096, 0.14062892301793678
1, 1, 1, dynamic_dbscan, 0.75, 10, 10, 54, 24, 1.2083232402801514, 10.54824185371399, 25000, 0.007192521246609814, 0.14085275411277282
1, 1, 1, dynamic_dbscan, 0.75, 10, 10, 54, 25, 0.3633570671081543, 10.911598920822144, 26000, 0.010031623205265962, 0.14241535686395532
1, 1, 1, dynamic_dbscan, 0.75, 10, 10, 54, 26, 0.3842136859893799, 11.295812606811523, 27000, 0.012019068417180197, 0.14313220767585494
1, 1, 1, dynamic_dbscan, 0.75, 10, 10, 54, 27, 0.3933272361755371, 11.68913984298706, 28000, 0.014437050561584572, 0.14465993117360412
1, 1, 1, dynamic_dbscan, 0.75, 10, 10, 54, 28, 0.394489049911499, 12.08362889289856, 29000, 0.016267654991830197, 0.14657347072338717
1, 1, 1, dynamic_dbscan, 0.75, 10, 10, 54, 29, 0.4143683910369873, 12.497997283935547, 30000, 0.017450004689954744, 0.14716346132656138
1, 1, 1, dynamic_dbscan, 0.75, 10, 10, 54, 30, 0.4352452754974365, 12.933242559432983, 31000, 0.01925143272554674, 0.14833586685623312
1, 1, 1, dynamic_dbscan, 0.75, 10, 10, 54, 31, 0.42909765243530273, 13.362340211868286, 32000, 0.021708422538202987, 0.150253749770654
1, 1, 1, dynamic_dbscan, 0.75, 10, 10, 54, 32, 0.4314229488372803, 13.793763160705566, 33000, 0.022560222027394217, 0.15133433793341772
1, 1, 1, dynamic_dbscan, 0.75, 10, 10, 54, 33, 0.46177053451538086, 14.255533695220947, 34000, 0.023374188046661096, 0.1519380611399222
1, 1, 1, dynamic_dbscan, 0.75, 10, 10, 54, 34, 0.483349084854126, 14.738882780075073, 35000, 0.024193661782850123, 0.1526254991610286
1, 1, 1, dynamic_dbscan, 0.75, 10, 10, 54, 35, 1.3636367321014404, 16.102519512176514, 36000, 0.025298280373881172, 0.1537812184824477
1, 1, 1, dynamic_dbscan, 0.75, 10, 10, 54, 36, 0.48023128509521484, 16.58275079727173, 37000, 0.0267884878106161, 0.1556929263903862
1, 1, 1, dynamic_dbscan, 0.75, 10, 10, 54, 37, 0.48046422004699707, 17.063215017318726, 38000, 0.027894854767686585, 0.1566794849339605
1, 1, 1, dynamic_dbscan, 0.75, 10, 10, 54, 38, 0.4693136215209961, 17.53252863883972, 39000, 0.02870517229539601, 0.15779210768332938
1, 1, 1, dynamic_dbscan, 0.75, 10, 10, 54, 39, 0.49498677253723145, 18.027515411376953, 40000, 0.02947923767403384, 0.15872244176386333
1, 1, 1, dynamic_dbscan, 0.75, 10, 10, 54, 40, 0.5001327991485596, 18.527648210525513, 41000, 0.030042517288900793, 0.15918943337968713
1, 1, 1, dynamic_dbscan, 0.75, 10, 10, 54, 41, 0.4960823059082031, 19.023730516433716, 42000, 0.030830695011530372, 0.16028088876530114
1, 1, 1, dynamic_dbscan, 0.75, 10, 10, 54, 42, 0.5748851299285889, 19.598615646362305, 43000, 0.03172603825919853, 0.16114106164870923
1, 1, 1, dynamic_dbscan, 0.75, 10, 10, 54, 43, 0.5217626094818115, 20.120378255844116, 44000, 0.03245172518111936, 0.16250307825455848
1, 1, 1, dynamic_dbscan, 0.75, 10, 10, 54, 44, 0.5716865062713623, 20.69206476211548, 45000, 0.03335332573352093, 0.16312618667580128
1, 1, 1, dynamic_dbscan, 0.75, 10, 10, 54, 45, 0.6088676452636719, 21.30093240737915, 46000, 0.03462669085023492, 0.1644226566211926
1, 1, 1, dynamic_dbscan, 0.75, 10, 10, 54, 46, 0.6642112731933594, 21.96514368057251, 47000, 0.03488453022955438, 0.16484024624362634
1, 1, 1, dynamic_dbscan, 0.75, 10, 10, 54, 47, 0.6853854656219482, 22.650529146194458, 48000, 0.03565318150053276, 0.16534930538631387
1, 1, 1, dynamic_dbscan, 0.75, 10, 10, 54, 48, 0.6707358360290527, 23.32126498222351, 49000, 0.03660595233620342, 0.1665528808274145
1, 1, 1, dynamic_dbscan, 0.75, 10, 10, 54, 49, 1.8112127780914307, 25.13247776031494, 50000, 0.03659100213996714, 0.1658572969372934
1, 1, 1, dynamic_dbscan, 0.75, 10, 10, 54, 50, 0.7391388416290283, 25.87161660194397, 51000, 0.03677701742705839, 0.16617861836391257
1, 1, 1, dynamic_dbscan, 0.75, 10, 10, 54, 51, 0.72757887840271, 26.59919548034668, 52000, 0.03727573501051387, 0.16701049613579505
1, 1, 1, dynamic_dbscan, 0.75, 10, 10, 54, 52, 0.6723353862762451, 27.271530866622925, 53000, 0.037330349908645796, 0.16688810008328922
1, 1, 1, dynamic_dbscan, 0.75, 10, 10, 54, 53, 0.6607711315155029, 27.932301998138428, 54000, 0.03766343447060877, 0.16719390475108623
1, 1, 1, dynamic_dbscan, 0.75, 10, 10, 54, 54, 0.6841559410095215, 28.61645793914795, 55000, 0.03805929123526426, 0.1677558288514609
1, 1, 1, dynamic_dbscan, 0.75, 10, 10, 54, 55, 0.6896748542785645, 29.306132793426514, 56000, 0.03814613927777241, 0.16821914338058047
1, 1, 1, dynamic_dbscan, 0.75, 10, 10, 54, 56, 0.739511251449585, 30.0456440448761, 57000, 0.0384788828541287, 0.1682087405904245
1, 1, 1, dynamic_dbscan, 0.75, 10, 10, 54, 57, 0.9430675506591797, 30.98871159553528, 58000, 0.038786476842257674, 0.1685411792889095
1, 1, 1, dynamic_dbscan, 0.75, 10, 10, 54, 58, 0.9091837406158447, 31.897895336151123, 59000, 0.03906862037814311, 0.1686219700072713
1, 1, 1, dynamic_dbscan, 0.75, 10, 10, 54, 59, 0.9089381694793701, 32.80683350563049, 60000, 0.0396173435271025, 0.16948816628254013
1, 1, 1, dynamic_dbscan, 0.75, 10, 10, 54, 60, 0.7860598564147949, 33.59289336204529, 61000, 0.039891355681959645, 0.1699841551871358
1, 1, 1, dynamic_dbscan, 0.75, 10, 10, 54, 61, 0.7807497978210449, 34.37364315986633, 62000, 0.04033337601454696, 0.17098863626385222
1, 1, 1, dynamic_dbscan, 0.75, 10, 10, 54, 62, 0.8741171360015869, 35.24776029586792, 63000, 0.04073353549953094, 0.17148838749560566
1, 1, 1, dynamic_dbscan, 0.75, 10, 10, 54, 63, 0.8473689556121826, 36.0951292514801, 64000, 0.04097659046023327, 0.1716926442424901
1, 1, 1, dynamic_dbscan, 0.75, 10, 10, 54, 64, 0.8684520721435547, 36.96358132362366, 65000, 0.04122700761844526, 0.17181668427786898
1, 1, 1, dynamic_dbscan, 0.75, 10, 10, 54, 65, 0.8597366809844971, 37.823318004608154, 66000, 0.04162861472842345, 0.17246468141290058
1, 1, 1, dynamic_dbscan, 0.75, 10, 10, 54, 66, 1.9472265243530273, 39.77054452896118, 67000, 0.041905131508704695, 0.17318159107810385
1, 1, 1, dynamic_dbscan, 0.75, 10, 10, 54, 67, 0.890695333480835, 40.66123986244202, 68000, 0.04196519528904687, 0.17338056138464328
1, 1, 1, dynamic_dbscan, 0.75, 10, 10, 54, 68, 0.9281468391418457, 41.58938670158386, 69000, 0.0422555569584658, 0.17399603574215083
1, 1, 1, dynamic_dbscan, 0.75, 10, 10, 54, 69, 0.898582935333252, 42.487969636917114, 70000, 0.04254856388790769, 0.17448511978136544
1, 1, 1, dynamic_dbscan, 0.75, 10, 10, 54, 70, 0.9823219776153564, 43.47029161453247, 71000, 0.042586785507182576, 0.17461394733471322
1, 1, 1, dynamic_dbscan, 0.75, 10, 10, 54, 71, 0.891899824142456, 44.36219143867493, 72000, 0.043067514622947584, 0.17533824367666523
1, 1, 1, dynamic_dbscan, 0.75, 10, 10, 54, 72, 0.913722038269043, 45.27591347694397, 73000, 0.043370186745611425, 0.17561118259226094
1, 1, 1, dynamic_dbscan, 0.75, 10, 10, 54, 73, 0.9780881404876709, 46.25400161743164, 74000, 0.04360891308929258, 0.1761736997756948
1, 1, 1, dynamic_dbscan, 0.75, 10, 10, 54, 74, 0.9264576435089111, 47.18045926094055, 75000, 0.043753146039534806, 0.17661710221087876
1, 1, 1, dynamic_dbscan, 0.75, 10, 10, 54, 75, 0.9181523323059082, 48.09861159324646, 76000, 0.04398100072996208, 0.1768963623477351
1, 1, 1, dynamic_dbscan, 0.75, 10, 10, 54, 76, 1.0850563049316406, 49.1836678981781, 77000, 0.044285385773459834, 0.17779262131489182
1, 1, 1, dynamic_dbscan, 0.75, 10, 10, 54, 77, 1.2808582782745361, 50.46452617645264, 78000, 0.04449859693592211, 0.17807403580065745
1, 1, 1, dynamic_dbscan, 0.75, 10, 10, 54, 78, 1.084458589553833, 51.54898476600647, 79000, 0.044682516713059804, 0.1784985879894995
1, 1, 1, dynamic_dbscan, 0.75, 10, 10, 54, 79, 0.9158241748809814, 52.46480894088745, 80000, 0.0447522605689275, 0.1785698367596522
1, 1, 1, dynamic_dbscan, 0.75, 10, 10, 54, 80, 0.9155986309051514, 53.3804075717926, 81000, 0.044864576453208856, 0.17859259872154373
1, 1, 1, dynamic_dbscan, 0.75, 10, 10, 54, 81, 0.950676441192627, 54.33108401298523, 82000, 0.044992674804868564, 0.17866989981998063
1, 1, 1, dynamic_dbscan, 0.75, 10, 10, 54, 82, 0.9563088417053223, 55.28739285469055, 83000, 0.04506442764917976, 0.17878698204062288
1, 1, 1, dynamic_dbscan, 0.75, 10, 10, 54, 83, 1.007509708404541, 56.29490256309509, 84000, 0.045222999844388115, 0.17889421573979536
1, 1, 1, dynamic_dbscan, 0.75, 10, 10, 54, 84, 0.9732892513275146, 57.26819181442261, 85000, 0.04549557451002297, 0.17954440610486094
1, 1, 1, dynamic_dbscan, 0.75, 10, 10, 54, 85, 0.9753599166870117, 58.24355173110962, 86000, 0.045542765206700496, 0.17979111997621777
1, 1, 1, dynamic_dbscan, 0.75, 10, 10, 54, 86, 1.0374152660369873, 59.280966997146606, 87000, 0.04570501230259386, 0.18002265332603187
1, 1, 1, dynamic_dbscan, 0.75, 10, 10, 54, 87, 1.0423929691314697, 60.323359966278076, 88000, 0.045915065144641595, 0.18049401079434704
1, 1, 1, dynamic_dbscan, 0.75, 10, 10, 54, 88, 2.166128158569336, 62.48948812484741, 89000, 0.046008492986564516, 0.180376751737329
1, 1, 1, dynamic_dbscan, 0.75, 10, 10, 54, 89, 1.0630183219909668, 63.55250644683838, 90000, 0.04618749417582716, 0.18100051577327728
1, 1, 1, dynamic_dbscan, 0.75, 10, 10, 54, 90, 1.0647966861724854, 64.61730313301086, 91000, 0.04625275698039818, 0.18106840398517812
1, 1, 1, dynamic_dbscan, 0.75, 10, 10, 54, 91, 1.0534720420837402, 65.6707751750946, 92000, 0.046407065350306226, 0.18166776721241085
1, 1, 1, dynamic_dbscan, 0.75, 10, 10, 54, 92, 1.0431575775146484, 66.71393275260925, 93000, 0.046735513797121084, 0.18267532598463693
1, 1, 1, dynamic_dbscan, 0.75, 10, 10, 54, 93, 1.0400781631469727, 67.75401091575623, 94000, 0.046756384233916225, 0.18282493915533354
1, 1, 1, dynamic_dbscan, 0.75, 10, 10, 54, 94, 1.143876314163208, 68.89788722991943, 95000, 0.04688370643044916, 0.18287376629304122
1, 1, 1, dynamic_dbscan, 0.75, 10, 10, 54, 95, 1.1581225395202637, 70.0560097694397, 96000, 0.046992535725824756, 0.18299943723973194
1, 1, 1, dynamic_dbscan, 0.75, 10, 10, 54, 96, 1.07865571975708, 71.13466548919678, 97000, 0.04703066392506939, 0.18306187177453637
1, 1, 1, dynamic_dbscan, 0.75, 10, 10, 54, 97, 1.1214895248413086, 72.25615501403809, 98000, 0.04706274627977323, 0.18316647559154106
1, 1, 1, dynamic_dbscan, 0.75, 10, 10, 54, 98, 1.1444084644317627, 73.40056347846985, 99000, 0.04712106177637713, 0.18334987033483177
1, 1, 1, dynamic_dbscan, 0.75, 10, 10, 54, 99, 1.1537315845489502, 74.5542950630188, 100000, 0.047262825141072225, 0.18357702582678204
1, 1, 1, dynamic_dbscan, 0.75, 10, 10, 54, 100, 1.181509017944336, 75.73580408096313, 101000, 0.04728815112942577, 0.1837547396785369
1, 1, 1, dynamic_dbscan, 0.75, 10, 10, 54, 101, 1.513838529586792, 77.24964261054993, 102000, 0.04725829621443861, 0.18391643521286596
1, 1, 1, dynamic_dbscan, 0.75, 10, 10, 54, 102, 1.3480925559997559, 78.59773516654968, 103000, 0.04731145405281112, 0.1841529899914719
1, 1, 1, dynamic_dbscan, 0.75, 10, 10, 54, 103, 1.2928485870361328, 79.89058375358582, 104000, 0.047365476472711276, 0.18419257572675934
1, 1, 1, dynamic_dbscan, 0.75, 10, 10, 54, 104, 1.3898770809173584, 81.28046083450317, 105000, 0.047431224887602215, 0.18445627985086352
1, 1, 1, dynamic_dbscan, 0.75, 10, 10, 54, 105, 1.365330696105957, 82.64579153060913, 106000, 0.04750594171217279, 0.18453858073736806
1, 1, 1, dynamic_dbscan, 0.75, 10, 10, 54, 106, 1.4678936004638672, 84.113685131073, 107000, 0.04749478171128514, 0.1847227863748568
1, 1, 1, dynamic_dbscan, 0.75, 10, 10, 54, 107, 1.4274332523345947, 85.54111838340759, 108000, 0.04751236198028279, 0.18447715877700221
1, 1, 1, dynamic_dbscan, 0.75, 10, 10, 54, 108, 1.5288841724395752, 87.07000255584717, 109000, 0.0476374651723679, 0.18477772097492323
1, 1, 1, dynamic_dbscan, 0.75, 10, 10, 54, 109, 1.573164939880371, 88.64316749572754, 110000, 0.04764833651657857, 0.1849716358756533
1, 1, 1, dynamic_dbscan, 0.75, 10, 10, 54, 110, 1.436636209487915, 90.07980370521545, 111000, 0.04771660962898099, 0.18516003751692753
1, 1, 1, dynamic_dbscan, 0.75, 10, 10, 54, 111, 1.372204065322876, 91.45200777053833, 112000, 0.04781754813065358, 0.1852686935334733
1, 1, 1, dynamic_dbscan, 0.75, 10, 10, 54, 112, 1.4466900825500488, 92.89869785308838, 113000, 0.04794098460119858, 0.18552727265874425
1, 1, 1, dynamic_dbscan, 0.75, 10, 10, 54, 113, 1.6141633987426758, 94.51286125183105, 114000, 0.048037590573442646, 0.18557654789168573
1, 1, 1, dynamic_dbscan, 0.75, 10, 10, 54, 114, 1.6324732303619385, 96.145334482193, 115000, 0.0481155466115406, 0.18569282248512675
1, 1, 1, dynamic_dbscan, 0.75, 10, 10, 54, 115, 1.6994633674621582, 97.84479784965515, 116000, 0.048220134904660046, 0.18597913905183333
1, 1, 1, dynamic_dbscan, 0.75, 10, 10, 54, 116, 1.7725439071655273, 99.61734175682068, 117000, 0.0483757422364345, 0.18622706220839255
1, 1, 1, dynamic_dbscan, 0.75, 10, 10, 54, 117, 3.1385204792022705, 102.75586223602295, 118000, 0.04834530850350655, 0.18603216356923033
1, 1, 1, dynamic_dbscan, 0.75, 10, 10, 54, 118, 1.5472376346588135, 104.30309987068176, 119000, 0.048411395281785376, 0.18618751317979562
1, 1, 1, dynamic_dbscan, 0.75, 10, 10, 54, 119, 1.562328815460205, 105.86542868614197, 120000, 0.048417167103402325, 0.18640648998460707
1, 1, 1, dynamic_dbscan, 0.75, 10, 10, 54, 120, 1.4734869003295898, 107.33891558647156, 121000, 0.04848067671540666, 0.18640026861496997
1, 1, 1, dynamic_dbscan, 0.75, 10, 10, 54, 121, 1.5981016159057617, 108.93701720237732, 122000, 0.04850953660285773, 0.18667691452041954
1, 1, 1, dynamic_dbscan, 0.75, 10, 10, 54, 122, 1.6282203197479248, 110.56523752212524, 123000, 0.04859951275081282, 0.18685457519390528
1, 1, 1, dynamic_dbscan, 0.75, 10, 10, 54, 123, 1.5884425640106201, 112.15368008613586, 124000, 0.04863599022244189, 0.18685076311783835
1, 1, 1, dynamic_dbscan, 0.75, 10, 10, 54, 124, 1.5776984691619873, 113.73137855529785, 125000, 0.048643270569199655, 0.1868001145273481
1, 1, 1, dynamic_dbscan, 0.75, 10, 10, 54, 125, 1.629223108291626, 115.36060166358948, 126000, 0.048647690341033695, 0.18698898012290893
1, 1, 1, dynamic_dbscan, 0.75, 10, 10, 54, 126, 1.5906014442443848, 116.95120310783386, 127000, 0.04871779727241734, 0.1871212485278662
1, 1, 1, dynamic_dbscan, 0.75, 10, 10, 54, 127, 1.6566805839538574, 118.60788369178772, 128000, 0.048691301368055454, 0.18718053232848295
1, 1, 1, dynamic_dbscan, 0.75, 10, 10, 54, 128, 1.558427095413208, 120.16631078720093, 129000, 0.04874745571779261, 0.18740696171123392
1, 1, 1, dynamic_dbscan, 0.75, 10, 10, 54, 129, 1.6277470588684082, 121.79405784606934, 130000, 0.048717863277041716, 0.1874516636327245
1, 1, 1, dynamic_dbscan, 0.75, 10, 10, 54, 130, 1.6892337799072266, 123.48329162597656, 131000, 0.04876991803727632, 0.18769761519302705
1, 1, 1, dynamic_dbscan, 0.75, 10, 10, 54, 131, 1.7212467193603516, 125.20453834533691, 132000, 0.048812278627777275, 0.18782721657217538
1, 1, 1, dynamic_dbscan, 0.75, 10, 10, 54, 132, 1.6958320140838623, 126.90037035942078, 133000, 0.04880891828198692, 0.1877142344037431
1, 1, 1, dynamic_dbscan, 0.75, 10, 10, 54, 133, 1.666956901550293, 128.56732726097107, 134000, 0.04884095191053787, 0.18763466274511562
1, 1, 1, dynamic_dbscan, 0.75, 10, 10, 54, 134, 1.6969525814056396, 130.2642798423767, 135000, 0.04892493529174436, 0.18786081352013656
1, 1, 1, dynamic_dbscan, 0.75, 10, 10, 54, 135, 1.8010053634643555, 132.06528520584106, 136000, 0.04895167457475319, 0.18784348909821194
1, 1, 1, dynamic_dbscan, 0.75, 10, 10, 54, 136, 1.8566532135009766, 133.92193841934204, 137000, 0.04901297436509582, 0.1881291453415547
1, 1, 1, dynamic_dbscan, 0.75, 10, 10, 54, 137, 1.8432338237762451, 135.7651722431183, 138000, 0.049118929702432555, 0.1884170917591836
1, 1, 1, dynamic_dbscan, 0.75, 10, 10, 54, 138, 1.9913454055786133, 137.7565176486969, 139000, 0.04907805213218568, 0.18839890986614924
1, 1, 1, dynamic_dbscan, 0.75, 10, 10, 54, 139, 1.8882696628570557, 139.64478731155396, 140000, 0.04914131800119197, 0.1884087939887402
1, 1, 1, dynamic_dbscan, 0.75, 10, 10, 54, 140, 1.7224271297454834, 141.36721444129944, 141000, 0.049130434615399045, 0.18834651467871238
1, 1, 1, dynamic_dbscan, 0.75, 10, 10, 54, 141, 1.744277000427246, 143.11149144172668, 142000, 0.04918339336818691, 0.188453570786586
1, 1, 1, dynamic_dbscan, 0.75, 10, 10, 54, 142, 1.8381497859954834, 144.94964122772217, 143000, 0.04918398844371101, 0.18849648774005145
1, 1, 1, dynamic_dbscan, 0.75, 10, 10, 54, 143, 1.791806936264038, 146.7414481639862, 144000, 0.0492102522238354, 0.18869605551929447
1, 1, 1, dynamic_dbscan, 0.75, 10, 10, 54, 144, 1.8373024463653564, 148.57875061035156, 145000, 0.04923150484399949, 0.18895525813854494
1, 1, 1, dynamic_dbscan, 0.75, 10, 10, 54, 145, 1.8199493885040283, 150.3986999988556, 146000, 0.049234953866336834, 0.1889231005765291
1, 1, 1, dynamic_dbscan, 0.75, 10, 10, 54, 146, 1.833625078201294, 152.23232507705688, 147000, 0.049297280397103474, 0.18915337491992906
1, 1, 1, dynamic_dbscan, 0.75, 10, 10, 54, 147, 1.886040210723877, 154.11836528778076, 148000, 0.04939105978171132, 0.18930069028955068
1, 1, 1, dynamic_dbscan, 0.75, 10, 10, 54, 148, 1.9258403778076172, 156.04420566558838, 149000, 0.049451536198357425, 0.1895600888821803
1, 1, 1, dynamic_dbscan, 0.75, 10, 10, 54, 149, 1.9918718338012695, 158.03607749938965, 150000, 0.04947632658049122, 0.18960985415343212
1, 1, 1, dynamic_dbscan, 0.75, 10, 10, 54, 150, 1.8852500915527344, 159.92132759094238, 151000, 0.04955670300776095, 0.18984897440145587
1, 1, 1, dynamic_dbscan, 0.75, 10, 10, 54, 151, 1.927405834197998, 161.84873342514038, 152000, 0.0495882616161494, 0.18995159943609566
1, 1, 1, dynamic_dbscan, 0.75, 10, 10, 54, 152, 1.9474666118621826, 163.79620003700256, 153000, 0.04961407347666107, 0.19012416887465827
1, 1, 1, dynamic_dbscan, 0.75, 10, 10, 54, 153, 3.171384811401367, 166.96758484840393, 154000, 0.04962377395465515, 0.1901698484849669
1, 1, 1, dynamic_dbscan, 0.75, 10, 10, 54, 154, 1.9166009426116943, 168.88418579101562, 155000, 0.04958425422550729, 0.1903250987077192
1, 1, 1, dynamic_dbscan, 0.75, 10, 10, 54, 155, 1.9351608753204346, 170.81934666633606, 156000, 0.04960823843855815, 0.19044038021415138
1, 1, 1, dynamic_dbscan, 0.75, 10, 10, 54, 156, 2.3032937049865723, 173.12264037132263, 157000, 0.049672715727006315, 0.19061977275448969
1, 1, 1, dynamic_dbscan, 0.75, 10, 10, 54, 157, 2.0667574405670166, 175.18939781188965, 158000, 0.04967379837775505, 0.1907214367605796
1, 1, 1, dynamic_dbscan, 0.75, 10, 10, 54, 158, 2.1555123329162598, 177.3449101448059, 159000, 0.04979208709422283, 0.19102402677987124
1, 1, 1, dynamic_dbscan, 0.75, 10, 10, 54, 159, 1.9998064041137695, 179.34471654891968, 160000, 0.049814502829327666, 0.1911014825752496
1, 1, 1, dynamic_dbscan, 0.75, 10, 10, 54, 160, 2.1579558849334717, 181.50267243385315, 161000, 0.04985564388175445, 0.1912016061799432
1, 1, 1, dynamic_dbscan, 0.75, 10, 10, 54, 161, 2.041935920715332, 183.54460835456848, 162000, 0.049927727018472534, 0.19115021879444566
1, 1, 1, dynamic_dbscan, 0.75, 10, 10, 54, 162, 2.0647964477539062, 185.6094048023224, 163000, 0.04993584621435607, 0.19121825550554358
1, 1, 1, dynamic_dbscan, 0.75, 10, 10, 54, 163, 2.016634702682495, 187.62603950500488, 164000, 0.0499237297134731, 0.1913060307258486
1, 1, 1, dynamic_dbscan, 0.75, 10, 10, 54, 164, 2.038490056991577, 189.66452956199646, 165000, 0.0499031807458616, 0.191226022040406
1, 1, 1, dynamic_dbscan, 0.75, 10, 10, 54, 165, 2.0522751808166504, 191.7168047428131, 166000, 0.04999437883946408, 0.19203306909270879
1, 1, 1, dynamic_dbscan, 0.75, 10, 10, 54, 166, 2.151167631149292, 193.8679723739624, 167000, 0.05006357139503359, 0.192236982257237
1, 1, 1, dynamic_dbscan, 0.75, 10, 10, 54, 167, 2.0978899002075195, 195.96586227416992, 168000, 0.05006546009867667, 0.1921588337216265
1, 1, 1, dynamic_dbscan, 0.75, 10, 10, 54, 168, 2.0814971923828125, 198.04735946655273, 169000, 0.05010637812481471, 0.19232494344504214
1, 1, 1, dynamic_dbscan, 0.75, 10, 10, 54, 169, 2.1371476650238037, 200.18450713157654, 170000, 0.050079106542606805, 0.19230304662385797
1, 1, 1, dynamic_dbscan, 0.75, 10, 10, 54, 170, 2.173231363296509, 202.35773849487305, 171000, 0.050101870820137256, 0.19248534927762967
1, 1, 1, dynamic_dbscan, 0.75, 10, 10, 54, 171, 2.1721765995025635, 204.5299150943756, 172000, 0.05012893981659818, 0.19260913046941855
1, 1, 1, dynamic_dbscan, 0.75, 10, 10, 54, 172, 2.0803377628326416, 206.61025285720825, 173000, 0.050128283310347826, 0.19267073932664586
1, 1, 1, dynamic_dbscan, 0.75, 10, 10, 54, 173, 2.1102631092071533, 208.7205159664154, 174000, 0.05023903000558321, 0.1928687579339901
1, 1, 1, dynamic_dbscan, 0.75, 10, 10, 54, 174, 2.2312891483306885, 210.9518051147461, 175000, 0.05029116378591503, 0.1929706147725072
1, 1, 1, dynamic_dbscan, 0.75, 10, 10, 54, 175, 2.1819331645965576, 213.13373827934265, 176000, 0.05030561784869233, 0.19310571257292897
1, 1, 1, dynamic_dbscan, 0.75, 10, 10, 54, 176, 2.25543475151062, 215.38917303085327, 177000, 0.05035857819381308, 0.19342421915980043
1, 1, 1, dynamic_dbscan, 0.75, 10, 10, 54, 177, 2.248988151550293, 217.63816118240356, 178000, 0.05038509384684444, 0.19379608503219234
1, 1, 1, dynamic_dbscan, 0.75, 10, 10, 54, 178, 2.2766880989074707, 219.91484928131104, 179000, 0.05043559171863109, 0.1938790675807686
1, 1, 1, dynamic_dbscan, 0.75, 10, 10, 54, 179, 2.2769341468811035, 222.19178342819214, 180000, 0.05039628165328996, 0.19378182368433947
1, 1, 1, dynamic_dbscan, 0.75, 10, 10, 54, 180, 2.360428810119629, 224.55221223831177, 181000, 0.05048157005297632, 0.19384431483726922
1, 1, 1, dynamic_dbscan, 0.75, 10, 10, 54, 181, 2.356029748916626, 226.9082419872284, 182000, 0.05046155327328403, 0.19380473581153582
1, 1, 1, dynamic_dbscan, 0.75, 10, 10, 54, 182, 2.351855993270874, 229.26009798049927, 183000, 0.05045946675734746, 0.19379635693076386
1, 1, 1, dynamic_dbscan, 0.75, 10, 10, 54, 183, 2.4211246967315674, 231.68122267723083, 184000, 0.05045860332307638, 0.19381437165301635
1, 1, 1, dynamic_dbscan, 0.75, 10, 10, 54, 184, 2.278026580810547, 233.95924925804138, 185000, 0.05047973595703481, 0.1937670391845026
1, 1, 1, dynamic_dbscan, 0.75, 10, 10, 54, 185, 2.444643020629883, 236.40389227867126, 186000, 0.05052302768666848, 0.19396256825310093
1, 1, 1, dynamic_dbscan, 0.75, 10, 10, 54, 186, 2.5144481658935547, 238.91834044456482, 187000, 0.050536380515811774, 0.19401181802417794
1, 1, 1, dynamic_dbscan, 0.75, 10, 10, 54, 187, 2.3192193508148193, 241.23755979537964, 188000, 0.05043039230752228, 0.19388039622012734
1, 1, 1, dynamic_dbscan, 0.75, 10, 10, 54, 188, 2.3687338829040527, 243.6062936782837, 189000, 0.05041812126698485, 0.19385320599363873
1, 1, 1, dynamic_dbscan, 0.75, 10, 10, 54, 189, 2.4516749382019043, 246.0579686164856, 190000, 0.05044587123174607, 0.19394268490172534
1, 1, 1, dynamic_dbscan, 0.75, 10, 10, 54, 190, 2.250736951828003, 248.3087055683136, 191000, 0.05042618620497881, 0.19389692019853771
1, 1, 1, dynamic_dbscan, 0.75, 10, 10, 54, 191, 2.5799474716186523, 250.88865303993225, 192000, 0.05041077686668483, 0.19385332558106919
1, 1, 1, dynamic_dbscan, 0.75, 10, 10, 54, 192, 2.434451103210449, 253.3231041431427, 193000, 0.05042278680182392, 0.1938726022918046
1, 1, 1, dynamic_dbscan, 0.75, 10, 10, 54, 193, 2.462921142578125, 255.78602528572083, 194000, 0.05043358947577775, 0.19393398620800037
1, 1, 1, dynamic_dbscan, 0.75, 10, 10, 54, 194, 2.435506582260132, 258.22153186798096, 195000, 0.05045622068541793, 0.19408289718580762
1, 1, 1, dynamic_dbscan, 0.75, 10, 10, 54, 195, 2.4498531818389893, 260.67138504981995, 196000, 0.0504281097262429, 0.1941533442636876
1, 1, 1, dynamic_dbscan, 0.75, 10, 10, 54, 196, 2.554525375366211, 263.22591042518616, 197000, 0.050432112367053854, 0.19417461026857466
1, 1, 1, dynamic_dbscan, 0.75, 10, 10, 54, 197, 2.4717800617218018, 265.69769048690796, 198000, 0.0504944464181564, 0.1943914574265982
1, 1, 1, dynamic_dbscan, 0.75, 10, 10, 54, 198, 2.606947422027588, 268.30463790893555, 199000, 0.050556670607977756, 0.19447493492546875
1, 1, 1, dynamic_dbscan, 0.75, 10, 10, 54, 199, 4.034948110580444, 272.339586019516, 200000, 0.050563808116902885, 0.19448442259954904
1, 1, 1, dynamic_dbscan, 0.75, 10, 10, 54, 200, 2.486288070678711, 274.8258740901947, 201000, 0.05066539107045057, 0.19462732519464884
1, 1, 1, dynamic_dbscan, 0.75, 10, 10, 54, 201, 2.5321948528289795, 277.3580689430237, 202000, 0.05069548935747752, 0.19475960683325044
1, 1, 1, dynamic_dbscan, 0.75, 10, 10, 54, 202, 2.6148533821105957, 279.9729223251343, 203000, 0.050710093092310234, 0.19476858174892972
1, 1, 1, dynamic_dbscan, 0.75, 10, 10, 54, 203, 2.5768840312957764, 282.54980635643005, 204000, 0.05072994936320777, 0.19489430902800756
1, 1, 1, dynamic_dbscan, 0.75, 10, 10, 54, 204, 2.655102491378784, 285.20490884780884, 205000, 0.05070023309560355, 0.19478069657452243
1, 1, 1, dynamic_dbscan, 0.75, 10, 10, 54, 205, 2.642007350921631, 287.84691619873047, 206000, 0.050743800064604425, 0.19495941886197818
1, 1, 1, dynamic_dbscan, 0.75, 10, 10, 54, 206, 2.634159564971924, 290.4810757637024, 207000, 0.05075154974690681, 0.19490988662503764
1, 1, 1, dynamic_dbscan, 0.75, 10, 10, 54, 207, 2.5032904148101807, 292.9843661785126, 208000, 0.05078450873284102, 0.19501648096059418
1, 1, 1, dynamic_dbscan, 0.75, 10, 10, 54, 208, 2.906351089477539, 295.8907172679901, 209000, 0.05074916635694255, 0.19487956515466942
1, 1, 1, dynamic_dbscan, 0.75, 10, 10, 54, 209, 2.762014150619507, 298.6527314186096, 210000, 0.050789747316056594, 0.19500410686948227
1, 1, 1, dynamic_dbscan, 0.75, 10, 10, 54, 210, 2.60469651222229, 301.2574279308319, 211000, 0.05078279833707612, 0.19495264694008171
1, 1, 1, dynamic_dbscan, 0.75, 10, 10, 54, 211, 2.519207000732422, 303.77663493156433, 212000, 0.050781295367226184, 0.19490564841556074
1, 1, 1, dynamic_dbscan, 0.75, 10, 10, 54, 212, 2.527888298034668, 306.304523229599, 213000, 0.05079140366955851, 0.19498255226223513
1, 1, 1, dynamic_dbscan, 0.75, 10, 10, 54, 213, 2.433823823928833, 308.73834705352783, 214000, 0.05077247770462782, 0.19511461850391648
1, 1, 1, dynamic_dbscan, 0.75, 10, 10, 54, 214, 2.3371520042419434, 311.0754990577698, 215000, 0.0508146758615001, 0.19523705227380914
1, 1, 1, dynamic_dbscan, 0.75, 10, 10, 54, 215, 2.4002320766448975, 313.4757311344147, 216000, 0.050825469021567524, 0.19528384128323548
1, 1, 1, dynamic_dbscan, 0.75, 10, 10, 54, 216, 2.4813859462738037, 315.9571170806885, 217000, 0.0508183245976088, 0.19532523449957861
1, 1, 1, dynamic_dbscan, 0.75, 10, 10, 54, 217, 2.4472804069519043, 318.4043974876404, 218000, 0.050855893508217766, 0.195460776824539
1, 1, 1, dynamic_dbscan, 0.75, 10, 10, 54, 218, 2.3720149993896484, 320.77641248703003, 219000, 0.05089876551488312, 0.1954988548267165
1, 1, 1, dynamic_dbscan, 0.75, 10, 10, 54, 219, 2.4906468391418457, 323.2670593261719, 220000, 0.050901545141061, 0.19563314162248238
1, 1, 1, dynamic_dbscan, 0.75, 10, 10, 54, 220, 2.4265823364257812, 325.69364166259766, 221000, 0.05090724870779218, 0.19561609670741764
1, 1, 1, dynamic_dbscan, 0.75, 10, 10, 54, 221, 2.618239402770996, 328.31188106536865, 222000, 0.050915119589432734, 0.19571122257795875
1, 1, 1, dynamic_dbscan, 0.75, 10, 10, 54, 222, 2.5137269496917725, 330.8256080150604, 223000, 0.05088799232289977, 0.19569435336649105
1, 1, 1, dynamic_dbscan, 0.75, 10, 10, 54, 223, 2.6235625743865967, 333.449170589447, 224000, 0.05090100167595021, 0.1957980380255322
1, 1, 1, dynamic_dbscan, 0.75, 10, 10, 54, 224, 2.4781737327575684, 335.9273443222046, 225000, 0.050877090213152745, 0.19578629099555997
1, 1, 1, dynamic_dbscan, 0.75, 10, 10, 54, 225, 2.5859570503234863, 338.5133013725281, 226000, 0.050876013321111975, 0.19579721388724966
1, 1, 1, dynamic_dbscan, 0.75, 10, 10, 54, 226, 2.5311710834503174, 341.0444724559784, 227000, 0.05094485088176512, 0.1959156488253459
1, 1, 1, dynamic_dbscan, 0.75, 10, 10, 54, 227, 2.5309951305389404, 343.57546758651733, 228000, 0.05096546883979438, 0.1960072755442813
1, 1, 1, dynamic_dbscan, 0.75, 10, 10, 54, 228, 2.4257559776306152, 346.00122356414795, 229000, 0.05093654468737589, 0.19599891275172843
1, 1, 1, dynamic_dbscan, 0.75, 10, 10, 54, 229, 2.7203376293182373, 348.7215611934662, 230000, 0.0509384372234209, 0.19602650428685475
1, 1, 1, dynamic_dbscan, 0.75, 10, 10, 54, 230, 2.4741876125335693, 351.19574880599976, 231000, 0.05094992621322931, 0.19600290031847956
1, 1, 1, dynamic_dbscan, 0.75, 10, 10, 54, 231, 2.6364564895629883, 353.83220529556274, 232000, 0.05099034945119014, 0.19610767364644346
1, 1, 1, dynamic_dbscan, 0.75, 10, 10, 54, 232, 2.582326889038086, 356.41453218460083, 233000, 0.051005790406254845, 0.19616721985457844
1, 1, 1, dynamic_dbscan, 0.75, 10, 10, 54, 233, 2.7101058959960938, 359.1246380805969, 234000, 0.05103984631018366, 0.19625466325234886
1, 1, 1, dynamic_dbscan, 0.75, 10, 10, 54, 234, 2.65218448638916, 361.7768225669861, 235000, 0.051103514980272366, 0.1963826192840821
1, 1, 1, dynamic_dbscan, 0.75, 10, 10, 54, 235, 2.687479019165039, 364.4643015861511, 236000, 0.051131503135906864, 0.1964950920064158
1, 1, 1, dynamic_dbscan, 0.75, 10, 10, 54, 236, 2.643406391143799, 367.1077079772949, 237000, 0.05112450401950478, 0.19647938198312473
1, 1, 1, dynamic_dbscan, 0.75, 10, 10, 54, 237, 2.5254178047180176, 369.63312578201294, 238000, 0.05109660676226076, 0.19645428272122356
1, 1, 1, dynamic_dbscan, 0.75, 10, 10, 54, 238, 2.666024923324585, 372.2991507053375, 239000, 0.05113407683037543, 0.19651643343339323
1, 1, 1, dynamic_dbscan, 0.75, 10, 10, 54, 239, 2.7953319549560547, 375.0944826602936, 240000, 0.05115304043159061, 0.19654311804647023
1, 1, 1, dynamic_dbscan, 0.75, 10, 10, 54, 240, 2.7776451110839844, 377.87212777137756, 241000, 0.051199562230782314, 0.19645918712976143
1, 1, 1, dynamic_dbscan, 0.75, 10, 10, 54, 241, 2.649230718612671, 380.52135848999023, 242000, 0.051191412308602996, 0.19648539531794257
1, 1, 1, dynamic_dbscan, 0.75, 10, 10, 54, 242, 2.780278205871582, 383.3016366958618, 243000, 0.0511739285894035, 0.19647666962077454
1, 1, 1, dynamic_dbscan, 0.75, 10, 10, 54, 243, 2.6140432357788086, 385.9156799316406, 244000, 0.05119073600736217, 0.19648654390425793
1, 1, 1, dynamic_dbscan, 0.75, 10, 10, 54, 244, 2.996300220489502, 388.9119801521301, 245000, 0.051201729924476656, 0.196516453983307
1, 1, 1, dynamic_dbscan, 0.75, 10, 10, 54, 245, 2.73978853225708, 391.6517686843872, 246000, 0.05121606668355376, 0.19645937832904278
1, 1, 1, dynamic_dbscan, 0.75, 10, 10, 54, 246, 2.6942286491394043, 394.3459973335266, 247000, 0.05121688772005267, 0.19649714733748513
1, 1, 1, dynamic_dbscan, 0.75, 10, 10, 54, 247, 2.783400297164917, 397.1293976306915, 248000, 0.051212897982780954, 0.19649892319668438
1, 1, 1, dynamic_dbscan, 0.75, 10, 10, 54, 248, 2.8476154804229736, 399.9770131111145, 249000, 0.05120296955587341, 0.19654695439193642
1, 1, 1, dynamic_dbscan, 0.75, 10, 10, 54, 249, 2.7621910572052, 402.7392041683197, 250000, 0.05122795322276609, 0.19664577670227815
1, 1, 1, dynamic_dbscan, 0.75, 10, 10, 54, 250, 2.827789306640625, 405.5669934749603, 251000, 0.051233059964027404, 0.1966579370710396
1, 1, 1, dynamic_dbscan, 0.75, 10, 10, 54, 251, 2.9333856105804443, 408.50037908554077, 252000, 0.05122068044512932, 0.1966628947790031
1, 1, 1, dynamic_dbscan, 0.75, 10, 10, 54, 252, 2.8145530223846436, 411.3149321079254, 253000, 0.05124602563820918, 0.19675707718393964
1, 1, 1, dynamic_dbscan, 0.75, 10, 10, 54, 253, 2.919405460357666, 414.2343375682831, 254000, 0.05123891702273302, 0.19674541208732418
1, 1, 1, dynamic_dbscan, 0.75, 10, 10, 54, 254, 2.954228639602661, 417.18856620788574, 255000, 0.051202345484612895, 0.19667497189941452
1, 1, 1, dynamic_dbscan, 0.75, 10, 10, 54, 255, 2.7987804412841797, 419.9873466491699, 256000, 0.05121051938696749, 0.19669159050902071
1, 1, 1, dynamic_dbscan, 0.75, 10, 10, 54, 256, 2.8456621170043945, 422.8330087661743, 257000, 0.051207488658172436, 0.19666118949165148
1, 1, 1, dynamic_dbscan, 0.75, 10, 10, 54, 257, 4.532528877258301, 427.3655376434326, 258000, 0.051222569076530715, 0.19671191190601814
1, 1, 1, dynamic_dbscan, 0.75, 10, 10, 54, 258, 3.014251947402954, 430.37978959083557, 259000, 0.05120964512579614, 0.1966908552337647
1, 1, 1, dynamic_dbscan, 0.75, 10, 10, 54, 259, 2.934229612350464, 433.31401920318604, 260000, 0.05122796041173942, 0.19672606303757043
1, 1, 1, dynamic_dbscan, 0.75, 10, 10, 54, 260, 2.961351156234741, 436.2753703594208, 261000, 0.05121095378945891, 0.19670895708136
1, 1, 1, dynamic_dbscan, 0.75, 10, 10, 54, 261, 2.9422056674957275, 439.2175760269165, 262000, 0.051222291022640996, 0.19674272301796447
1, 1, 1, dynamic_dbscan, 0.75, 10, 10, 54, 262, 3.041260242462158, 442.25883626937866, 263000, 0.051253132693353805, 0.1969002264515208
1, 1, 1, dynamic_dbscan, 0.75, 10, 10, 54, 263, 2.9807209968566895, 445.23955726623535, 264000, 0.051283692418910246, 0.19694472018215226
1, 1, 1, dynamic_dbscan, 0.75, 10, 10, 54, 264, 3.1327321529388428, 448.3722894191742, 265000, 0.051285917976165545, 0.19698707160667314
1, 1, 1, dynamic_dbscan, 0.75, 10, 10, 54, 265, 3.1487488746643066, 451.5210382938385, 266000, 0.05131800855926938, 0.19706519354662658
1, 1, 1, dynamic_dbscan, 0.75, 10, 10, 54, 266, 3.030639410018921, 454.5516777038574, 267000, 0.05133194013103018, 0.19703508698093264
1, 1, 1, dynamic_dbscan, 0.75, 10, 10, 54, 267, 3.1013567447662354, 457.65303444862366, 268000, 0.05135428116033311, 0.19710144690636192
1, 1, 1, dynamic_dbscan, 0.75, 10, 10, 54, 268, 3.3336522579193115, 460.98668670654297, 269000, 0.05135589454075362, 0.19706111888233993
1, 1, 1, dynamic_dbscan, 0.75, 10, 10, 54, 269, 3.092733383178711, 464.0794200897217, 270000, 0.05137153937754614, 0.19708602837575218
1, 1, 1, dynamic_dbscan, 0.75, 10, 10, 54, 270, 2.8615193367004395, 466.9409394264221, 271000, 0.05142528159236028, 0.19710718470435032
1, 1, 1, dynamic_dbscan, 0.75, 10, 10, 54, 271, 2.950096845626831, 469.89103627204895, 272000, 0.051461833949291824, 0.19720301775109014
1, 1, 1, dynamic_dbscan, 0.75, 10, 10, 54, 272, 3.2923905849456787, 473.18342685699463, 273000, 0.05147266015215751, 0.19731967061689037
1, 1, 1, dynamic_dbscan, 0.75, 10, 10, 54, 273, 2.9621589183807373, 476.14558577537537, 274000, 0.0514472511884936, 0.19729302975893998
1, 1, 1, dynamic_dbscan, 0.75, 10, 10, 54, 274, 3.1840310096740723, 479.32961678504944, 275000, 0.051446986315992094, 0.19731477643909331
1, 1, 1, dynamic_dbscan, 0.75, 10, 10, 54, 275, 3.201611042022705, 482.53122782707214, 276000, 0.05142185639855254, 0.19730603900794455
1, 1, 1, dynamic_dbscan, 0.75, 10, 10, 54, 276, 3.4484341144561768, 485.9796619415283, 277000, 0.05143416560366816, 0.1973876986733525
1, 1, 1, dynamic_dbscan, 0.75, 10, 10, 54, 277, 3.1239261627197266, 489.10358810424805, 278000, 0.05140905613410347, 0.19739796199257945
1, 1, 1, dynamic_dbscan, 0.75, 10, 10, 54, 278, 3.1423211097717285, 492.2459092140198, 279000, 0.05142083415744994, 0.19737413321561775
1, 1, 1, dynamic_dbscan, 0.75, 10, 10, 54, 279, 3.3527395725250244, 495.5986487865448, 280000, 0.05141782298286807, 0.1973587066889921
1, 1, 1, dynamic_dbscan, 0.75, 10, 10, 54, 280, 3.1070690155029297, 498.70571780204773, 281000, 0.0514302373920125, 0.19736851726163565
1, 1, 1, dynamic_dbscan, 0.75, 10, 10, 54, 281, 3.381056547164917, 502.08677434921265, 282000, 0.051416392919651895, 0.19734596929650516
1, 1, 1, dynamic_dbscan, 0.75, 10, 10, 54, 282, 3.309633255004883, 505.39640760421753, 283000, 0.051418572443694376, 0.1973544658761483
1, 1, 1, dynamic_dbscan, 0.75, 10, 10, 54, 283, 3.2535550594329834, 508.6499626636505, 284000, 0.05140333181648794, 0.1973426170065068
1, 1, 1, dynamic_dbscan, 0.75, 10, 10, 54, 284, 3.3633995056152344, 512.0133621692657, 285000, 0.05141044461886787, 0.19735174490393773
1, 1, 1, dynamic_dbscan, 0.75, 10, 10, 54, 285, 3.3061113357543945, 515.3194735050201, 286000, 0.05138023169767017, 0.19735236615006008
1, 1, 1, dynamic_dbscan, 0.75, 10, 10, 54, 286, 3.404728651046753, 518.7242021560669, 287000, 0.05139519562159328, 0.19738773266455584
1, 1, 1, dynamic_dbscan, 0.75, 10, 10, 54, 287, 3.2310729026794434, 521.9552750587463, 288000, 0.05139366508300295, 0.1973855427085581
1, 1, 1, dynamic_dbscan, 0.75, 10, 10, 54, 288, 3.2682812213897705, 525.2235562801361, 289000, 0.051409880907003117, 0.19738430439646104
1, 1, 1, dynamic_dbscan, 0.75, 10, 10, 54, 289, 3.1481757164001465, 528.3717319965363, 290000, 0.051418971077882195, 0.1973824733941963
1, 1, 1, dynamic_dbscan, 0.75, 10, 10, 54, 290, 3.3667056560516357, 531.7384376525879, 291000, 0.05140528897902473, 0.19733284017324404
1, 1, 1, dynamic_dbscan, 0.75, 10, 10, 54, 291, 3.192248582839966, 534.9306862354279, 292000, 0.05139853059260653, 0.197299717815835
1, 1, 1, dynamic_dbscan, 0.75, 10, 10, 54, 292, 3.419522285461426, 538.3502085208893, 293000, 0.05139920442569422, 0.19728083118331977
1, 1, 1, dynamic_dbscan, 0.75, 10, 10, 54, 293, 3.3955605030059814, 541.7457690238953, 294000, 0.05137661110512928, 0.1972918768132178
1, 1, 1, dynamic_dbscan, 0.75, 10, 10, 54, 294, 3.385108232498169, 545.1308772563934, 295000, 0.05140131707575259, 0.19732586065335306
1, 1, 1, dynamic_dbscan, 0.75, 10, 10, 54, 295, 3.444243907928467, 548.5751211643219, 296000, 0.05140621155111122, 0.1972990064679469
1, 1, 1, dynamic_dbscan, 0.75, 10, 10, 54, 296, 3.4757964611053467, 552.0509176254272, 297000, 0.05140812414689228, 0.19731226694440332
1, 1, 1, dynamic_dbscan, 0.75, 10, 10, 54, 297, 3.281930446624756, 555.332848072052, 298000, 0.05139166123109147, 0.19728568561927448
1, 1, 1, dynamic_dbscan, 0.75, 10, 10, 54, 298, 3.4186065196990967, 558.7514545917511, 299000, 0.051393606748508264, 0.1973325533110231
1, 1, 1, dynamic_dbscan, 0.75, 10, 10, 54, 299, 3.360940933227539, 562.1123955249786, 300000, 0.0513933905102568, 0.1973761679676072
1, 1, 1, dynamic_dbscan, 0.75, 10, 10, 54, 300, 3.3385202884674072, 565.450915813446, 301000, 0.05139622834784395, 0.19739281854940993
1, 1, 1, dynamic_dbscan, 0.75, 10, 10, 54, 301, 3.4011001586914062, 568.8520159721375, 302000, 0.05137586808471942, 0.19746102363759882
1, 1, 1, dynamic_dbscan, 0.75, 10, 10, 54, 302, 3.527808666229248, 572.3798246383667, 303000, 0.05135523199918269, 0.1975811970697583
1, 1, 1, dynamic_dbscan, 0.75, 10, 10, 54, 303, 3.4020907878875732, 575.7819154262543, 304000, 0.0513500437181713, 0.1975777047589136
1, 1, 1, dynamic_dbscan, 0.75, 10, 10, 54, 304, 3.324404239654541, 579.1063196659088, 305000, 0.05135599768937849, 0.1975809475001884
1, 1, 1, dynamic_dbscan, 0.75, 10, 10, 54, 305, 3.6770026683807373, 582.7833223342896, 306000, 0.051365508698380906, 0.1976276520828355
1, 1, 1, dynamic_dbscan, 0.75, 10, 10, 54, 306, 3.456130266189575, 586.2394526004791, 307000, 0.05134414021290334, 0.1974721358410046
1, 1, 1, dynamic_dbscan, 0.75, 10, 10, 54, 307, 3.6391701698303223, 589.8786227703094, 308000, 0.051330663879174475, 0.197491371295734
1, 1, 1, dynamic_dbscan, 0.75, 10, 10, 54, 308, 3.428819417953491, 593.3074421882629, 309000, 0.051317641199331986, 0.197446101782978
1, 1, 1, dynamic_dbscan, 0.75, 10, 10, 54, 309, 3.5726704597473145, 596.8801126480103, 310000, 0.051336701755687185, 0.19747393993823423
1, 1, 1, dynamic_dbscan, 0.75, 10, 10, 54, 310, 3.5984930992126465, 600.4786057472229, 311000, 0.05136751157146456, 0.19753548160508633
1, 1, 1, dynamic_dbscan, 0.75, 10, 10, 54, 311, 3.668755292892456, 604.1473610401154, 312000, 0.05136267805487191, 0.19758936041022176
1, 1, 1, dynamic_dbscan, 0.75, 10, 10, 54, 312, 3.505624771118164, 607.6529858112335, 313000, 0.051394247767643696, 0.19753474566053478
1, 1, 1, dynamic_dbscan, 0.75, 10, 10, 54, 313, 3.5549402236938477, 611.2079260349274, 314000, 0.05139032653234666, 0.19752981483241633
1, 1, 1, dynamic_dbscan, 0.75, 10, 10, 54, 314, 3.608725070953369, 614.8166511058807, 315000, 0.051399259886981935, 0.19753249905622972
1, 1, 1, dynamic_dbscan, 0.75, 10, 10, 54, 315, 3.5098812580108643, 618.3265323638916, 316000, 0.05145305129711647, 0.19762361493217576
1, 1, 1, dynamic_dbscan, 0.75, 10, 10, 54, 316, 3.57320237159729, 621.8997347354889, 317000, 0.05148368202122975, 0.19760253400666386
1, 1, 1, dynamic_dbscan, 0.75, 10, 10, 54, 317, 3.4405691623687744, 625.3403038978577, 318000, 0.05145457302054155, 0.1975453980201926
1, 1, 1, dynamic_dbscan, 0.75, 10, 10, 54, 318, 3.559387683868408, 628.8996915817261, 319000, 0.05145244018155559, 0.19755037314766477
1, 1, 1, dynamic_dbscan, 0.75, 10, 10, 54, 319, 3.7123982906341553, 632.6120898723602, 320000, 0.05143724138703176, 0.19753645334505618
1, 1, 1, dynamic_dbscan, 0.75, 10, 10, 54, 320, 3.6823673248291016, 636.2944571971893, 321000, 0.05143864903322662, 0.19752913257571347
1, 1, 1, dynamic_dbscan, 0.75, 10, 10, 54, 321, 3.6822540760040283, 639.9767112731934, 322000, 0.051443187381756225, 0.19756438670305365
1, 1, 1, dynamic_dbscan, 0.75, 10, 10, 54, 322, 3.773947238922119, 643.7506585121155, 323000, 0.051432315253758826, 0.19754538988941603
1, 1, 1, dynamic_dbscan, 0.75, 10, 10, 54, 323, 3.6465725898742676, 647.3972311019897, 324000, 0.0514496888477379, 0.1975781550441155
1, 1, 1, dynamic_dbscan, 0.75, 10, 10, 54, 324, 3.5936195850372314, 650.990850687027, 325000, 0.05148894066747001, 0.19759579592619106
1, 1, 1, dynamic_dbscan, 0.75, 10, 10, 54, 325, 3.4913880825042725, 654.4822387695312, 326000, 0.051496861782807025, 0.1976439790916455
1, 1, 1, dynamic_dbscan, 0.75, 10, 10, 54, 326, 3.7026095390319824, 658.1848483085632, 327000, 0.051511453900850886, 0.19763007578176273
1, 1, 1, dynamic_dbscan, 0.75, 10, 10, 54, 327, 3.8361401557922363, 662.0209884643555, 328000, 0.05151712543615212, 0.19767284749142525
1, 1, 1, dynamic_dbscan, 0.75, 10, 10, 54, 328, 3.6923277378082275, 665.7133162021637, 329000, 0.05150781206750316, 0.19769673120157544
1, 1, 1, dynamic_dbscan, 0.75, 10, 10, 54, 329, 3.8611509799957275, 669.5744671821594, 330000, 0.051504747704879436, 0.19771851836968748
1, 1, 1, dynamic_dbscan, 0.75, 10, 10, 54, 330, 3.6487925052642822, 673.2232596874237, 331000, 0.05149321341197478, 0.19768444300481186
1, 1, 1, dynamic_dbscan, 0.75, 10, 10, 54, 331, 3.768336534500122, 676.9915962219238, 332000, 0.05151008819562543, 0.197736899087982
1, 1, 1, dynamic_dbscan, 0.75, 10, 10, 54, 332, 5.487687349319458, 682.4792835712433, 333000, 0.05151962911729798, 0.19773708535322945
1, 1, 1, dynamic_dbscan, 0.75, 10, 10, 54, 333, 3.639155387878418, 686.1184389591217, 334000, 0.051525253887360754, 0.1977487184232501
1, 1, 1, dynamic_dbscan, 0.75, 10, 10, 54, 334, 3.5976321697235107, 689.7160711288452, 335000, 0.05152822528179094, 0.19776877423898884
1, 1, 1, dynamic_dbscan, 0.75, 10, 10, 54, 335, 3.9468722343444824, 693.6629433631897, 336000, 0.05152045693555372, 0.19776954561521232
1, 1, 1, dynamic_dbscan, 0.75, 10, 10, 54, 336, 3.987117290496826, 697.6500606536865, 337000, 0.05152381340066562, 0.19779056717695753
1, 1, 1, dynamic_dbscan, 0.75, 10, 10, 54, 337, 3.69264554977417, 701.3427062034607, 338000, 0.05154704361042902, 0.1978611149654883
1, 1, 1, dynamic_dbscan, 0.75, 10, 10, 54, 338, 3.7793149948120117, 705.1220211982727, 339000, 0.051554236513663636, 0.1979287319657831
1, 1, 1, dynamic_dbscan, 0.75, 10, 10, 54, 339, 3.975978374481201, 709.0979995727539, 340000, 0.0515673586982373, 0.1979730866664527
1, 1, 1, dynamic_dbscan, 0.75, 10, 10, 54, 340, 4.046453952789307, 713.1444535255432, 341000, 0.051582917761196424, 0.19802567591043185
1, 1, 1, dynamic_dbscan, 0.75, 10, 10, 54, 341, 4.075381278991699, 717.2198348045349, 342000, 0.05158020889611953, 0.1980783173194175
1, 1, 1, dynamic_dbscan, 0.75, 10, 10, 54, 342, 3.8317952156066895, 721.0516300201416, 343000, 0.051603623400436685, 0.19808047844670654
1, 1, 1, dynamic_dbscan, 0.75, 10, 10, 54, 343, 3.920078754425049, 724.9717087745667, 344000, 0.05157271139199823, 0.1980564126787032
1, 1, 1, dynamic_dbscan, 0.75, 10, 10, 54, 344, 3.964010715484619, 728.9357194900513, 345000, 0.051576625617033314, 0.1980618726352714
1, 1, 1, dynamic_dbscan, 0.75, 10, 10, 54, 345, 3.8802225589752197, 732.8159420490265, 346000, 0.051567608895890266, 0.1980257491527029
1, 1, 1, dynamic_dbscan, 0.75, 10, 10, 54, 346, 4.087050199508667, 736.9029922485352, 347000, 0.051570607704951955, 0.19807399298273445
1, 1, 1, dynamic_dbscan, 0.75, 10, 10, 54, 347, 3.967667818069458, 740.8706600666046, 348000, 0.051571335912339075, 0.19808023815824055
1, 1, 1, dynamic_dbscan, 0.75, 10, 10, 54, 348, 3.9739089012145996, 744.8445689678192, 349000, 0.05157278148803181, 0.19811093709453587
1, 1, 1, dynamic_dbscan, 0.75, 10, 10, 54, 349, 4.001996040344238, 748.8465650081635, 350000, 0.051553789952522404, 0.19807164023024396
1, 1, 1, dynamic_dbscan, 0.75, 10, 10, 54, 350, 3.964211940765381, 752.8107769489288, 351000, 0.05155705386863183, 0.19805284903750553
1, 1, 1, dynamic_dbscan, 0.75, 10, 10, 54, 351, 4.119954824447632, 756.9307317733765, 352000, 0.051549216304943614, 0.19803334173209577
1, 1, 1, dynamic_dbscan, 0.75, 10, 10, 54, 352, 4.103127479553223, 761.0338592529297, 353000, 0.051579881634580056, 0.19805528264991953
1, 1, 1, dynamic_dbscan, 0.75, 10, 10, 54, 353, 4.050515651702881, 765.0843749046326, 354000, 0.051574153793425365, 0.19802842806406543
1, 1, 1, dynamic_dbscan, 0.75, 10, 10, 54, 354, 4.4463746547698975, 769.5307495594025, 355000, 0.0515643302086158, 0.19803216165257756
1, 1, 1, dynamic_dbscan, 0.75, 10, 10, 54, 355, 4.798463821411133, 774.3292133808136, 356000, 0.051551075062628765, 0.197984702493395
1, 1, 1, dynamic_dbscan, 0.75, 10, 10, 54, 356, 4.879992485046387, 779.20920586586, 357000, 0.05155951871628496, 0.19802223255440096
1, 1, 1, dynamic_dbscan, 0.75, 10, 10, 54, 357, 4.566237449645996, 783.775443315506, 358000, 0.051589287762248144, 0.19811867095372288
1, 1, 1, dynamic_dbscan, 0.75, 10, 10, 54, 358, 4.436336040496826, 788.2117793560028, 359000, 0.05159040322338729, 0.19814240086377818
1, 1, 1, dynamic_dbscan, 0.75, 10, 10, 54, 359, 4.442166566848755, 792.6539459228516, 360000, 0.0515887233662061, 0.19816325292151798
1, 1, 1, dynamic_dbscan, 0.75, 10, 10, 54, 360, 4.417560577392578, 797.0715065002441, 361000, 0.05159542613606276, 0.1981728189735828
1, 1, 1, dynamic_dbscan, 0.75, 10, 10, 54, 361, 4.759368419647217, 801.8308749198914, 362000, 0.05158386248400306, 0.19817496639700502
1, 1, 1, dynamic_dbscan, 0.75, 10, 10, 54, 362, 4.3444976806640625, 806.1753726005554, 363000, 0.0515591668653723, 0.19813703607348337
1, 1, 1, dynamic_dbscan, 0.75, 10, 10, 54, 363, 4.680205583572388, 810.8555781841278, 364000, 0.05155433673466897, 0.19816809191371013
1, 1, 1, dynamic_dbscan, 0.75, 10, 10, 54, 364, 4.439507007598877, 815.2950851917267, 365000, 0.05157571656542731, 0.19818450177143213
1, 1, 1, dynamic_dbscan, 0.75, 10, 10, 54, 365, 4.60664963722229, 819.901734828949, 366000, 0.05157987602483578, 0.1982079375174524
1, 1, 1, dynamic_dbscan, 0.75, 10, 10, 54, 366, 4.575121164321899, 824.4768559932709, 367000, 0.05160493013366725, 0.19822483606098273
1, 1, 1, dynamic_dbscan, 0.75, 10, 10, 54, 367, 4.784160614013672, 829.2610166072845, 368000, 0.05159828419742588, 0.19820306047642905
1, 1, 1, dynamic_dbscan, 0.75, 10, 10, 54, 368, 4.942451238632202, 834.2034678459167, 369000, 0.05157275664430712, 0.1981724660414193
1, 1, 1, dynamic_dbscan, 0.75, 10, 10, 54, 369, 5.193334341049194, 839.3968021869659, 370000, 0.05156717502675105, 0.19813357660382894
1, 1, 1, dynamic_dbscan, 0.75, 10, 10, 54, 370, 4.680387496948242, 844.0771896839142, 371000, 0.05155754343647852, 0.19817197329206415
1, 1, 1, dynamic_dbscan, 0.75, 10, 10, 54, 371, 4.655202388763428, 848.7323920726776, 372000, 0.05158179904734069, 0.19821313199280247
1, 1, 1, dynamic_dbscan, 0.75, 10, 10, 54, 372, 4.642636299133301, 853.3750283718109, 373000, 0.051572045370954535, 0.19818440186048533
1, 1, 1, dynamic_dbscan, 0.75, 10, 10, 54, 373, 4.5960373878479, 857.9710657596588, 374000, 0.05157717577977836, 0.1981831788619513
1, 1, 1, dynamic_dbscan, 0.75, 10, 10, 54, 374, 4.556498050689697, 862.5275638103485, 375000, 0.05159063186602122, 0.19822578860946022
1, 1, 1, dynamic_dbscan, 0.75, 10, 10, 54, 375, 4.850759267807007, 867.3783230781555, 376000, 0.05160500981915904, 0.19826186059042775
1, 1, 1, dynamic_dbscan, 0.75, 10, 10, 54, 376, 4.844365358352661, 872.2226884365082, 377000, 0.05157920518295828, 0.19823037186024764
1, 1, 1, dynamic_dbscan, 0.75, 10, 10, 54, 377, 4.53409218788147, 876.7567806243896, 378000, 0.05159037709112635, 0.1982616682165634
1, 1, 1, dynamic_dbscan, 0.75, 10, 10, 54, 378, 4.60673975944519, 881.3635203838348, 379000, 0.051599625415300186, 0.19827770645636736
1, 1, 1, dynamic_dbscan, 0.75, 10, 10, 54, 379, 4.623473644256592, 885.9869940280914, 380000, 0.05161206659732483, 0.19830094800065448
1, 1, 1, dynamic_dbscan, 0.75, 10, 10, 54, 380, 4.677077531814575, 890.664071559906, 381000, 0.05160053401051581, 0.19829458118170457
1, 1, 1, dynamic_dbscan, 0.75, 10, 10, 54, 381, 4.8961021900177, 895.5601737499237, 382000, 0.05161038498643646, 0.19832562175520882
1, 1, 1, dynamic_dbscan, 0.75, 10, 10, 54, 382, 4.965129852294922, 900.5253036022186, 383000, 0.051618640308303515, 0.19832392455814463
1, 1, 1, dynamic_dbscan, 0.75, 10, 10, 54, 383, 4.698934555053711, 905.2242381572723, 384000, 0.05160779076112576, 0.19831966195353506
1, 1, 1, dynamic_dbscan, 0.75, 10, 10, 54, 384, 4.725029468536377, 909.9492676258087, 385000, 0.051594775988330704, 0.19827965404065634
1, 1, 1, dynamic_dbscan, 0.75, 10, 10, 54, 385, 5.0181214809417725, 914.9673891067505, 386000, 0.05160232274401121, 0.19831079990991313
1, 1, 1, dynamic_dbscan, 0.75, 10, 10, 54, 386, 4.6658995151519775, 919.6332886219025, 387000, 0.05161132084867892, 0.19837958320907856
1, 1, 1, dynamic_dbscan, 0.75, 10, 10, 54, 387, 4.844545125961304, 924.4778337478638, 388000, 0.05162540574715184, 0.19840400470822733
1, 1, 1, dynamic_dbscan, 0.75, 10, 10, 54, 388, 4.876314401626587, 929.3541481494904, 389000, 0.051609298045823725, 0.19838919632123297
1, 1, 1, dynamic_dbscan, 0.75, 10, 10, 54, 389, 4.767899751663208, 934.1220479011536, 390000, 0.05159209867664651, 0.19831128410964866
1, 1, 1, dynamic_dbscan, 0.75, 10, 10, 54, 390, 4.886818885803223, 939.0088667869568, 391000, 0.05158314313731768, 0.19832233796258653
1, 1, 1, dynamic_dbscan, 0.75, 10, 10, 54, 391, 5.005810260772705, 944.0146770477295, 392000, 0.05159518198083973, 0.19829827669376185
1, 1, 1, dynamic_dbscan, 0.75, 10, 10, 54, 392, 5.035664081573486, 949.050341129303, 393000, 0.051611149410329675, 0.19831001879745175
1, 1, 1, dynamic_dbscan, 0.75, 10, 10, 54, 393, 5.030284404754639, 954.0806255340576, 394000, 0.05161623624044543, 0.19834918410411356
1, 1, 1, dynamic_dbscan, 0.75, 10, 10, 54, 394, 4.842068910598755, 958.9226944446564, 395000, 0.05158628081224958, 0.19836420095792587
1, 1, 1, dynamic_dbscan, 0.75, 10, 10, 54, 395, 5.143173933029175, 964.0658683776855, 396000, 0.05158298002462235, 0.19835733414332538
1, 1, 1, dynamic_dbscan, 0.75, 10, 10, 54, 396, 5.013900518417358, 969.0797688961029, 397000, 0.05156039506631099, 0.19834581002368915
1, 1, 1, dynamic_dbscan, 0.75, 10, 10, 54, 397, 5.169112205505371, 974.2488811016083, 398000, 0.05155547808972323, 0.19834298076127088
1, 1, 1, dynamic_dbscan, 0.75, 10, 10, 54, 398, 5.247982501983643, 979.4968636035919, 399000, 0.05156392950498879, 0.19835524003049332
1, 1, 1, dynamic_dbscan, 0.75, 10, 10, 54, 399, 5.074652910232544, 984.5715165138245, 400000, 0.05156527764079942, 0.19838314689826878
1, 1, 1, dynamic_dbscan, 0.75, 10, 10, 54, 400, 5.069635391235352, 989.6411519050598, 401000, 0.0515696751914153, 0.19840136046197893
1, 1, 1, dynamic_dbscan, 0.75, 10, 10, 54, 401, 4.995619773864746, 994.6367716789246, 402000, 0.051562971006167545, 0.198372506192495
1, 1, 1, dynamic_dbscan, 0.75, 10, 10, 54, 402, 4.988149881362915, 999.6249215602875, 403000, 0.05157810070861468, 0.19842473081965123
1, 1, 1, dynamic_dbscan, 0.75, 10, 10, 54, 403, 4.980081081390381, 1004.6050026416779, 404000, 0.05159045148477594, 0.19849994200992652
1, 1, 1, dynamic_dbscan, 0.75, 10, 10, 54, 404, 5.35122013092041, 1009.9562227725983, 405000, 0.05159344321205419, 0.19853616330317794
1, 1, 1, dynamic_dbscan, 0.75, 10, 10, 54, 405, 6.359194278717041, 1016.3154170513153, 406000, 0.05158134477891516, 0.1985319197288096
1, 1, 1, dynamic_dbscan, 0.75, 10, 10, 54, 406, 7.223460674285889, 1023.5388777256012, 407000, 0.05156510523457552, 0.19850468239665545
1, 1, 1, dynamic_dbscan, 0.75, 10, 10, 54, 407, 6.623470783233643, 1030.1623485088348, 408000, 0.05154763484990721, 0.19850232972072146
1, 1, 1, dynamic_dbscan, 0.75, 10, 10, 54, 408, 6.281393766403198, 1036.443742275238, 409000, 0.05155022442490846, 0.1985154027784113
1, 1, 1, dynamic_dbscan, 0.75, 10, 10, 54, 409, 5.47967529296875, 1041.9234175682068, 410000, 0.05157186262215491, 0.19853597316553712
1, 1, 1, dynamic_dbscan, 0.75, 10, 10, 54, 410, 5.346571922302246, 1047.269989490509, 411000, 0.051577045151178294, 0.19860519161494863
1, 1, 1, dynamic_dbscan, 0.75, 10, 10, 54, 411, 5.109954118728638, 1052.3799436092377, 412000, 0.05155165785657906, 0.1985878870022432
1, 1, 1, dynamic_dbscan, 0.75, 10, 10, 54, 412, 5.337153911590576, 1057.7170975208282, 413000, 0.051548517355776195, 0.19849621720068011
1, 1, 1, dynamic_dbscan, 0.75, 10, 10, 54, 413, 5.432343482971191, 1063.1494410037994, 414000, 0.05155960782668449, 0.19853349464562256
1, 1, 1, dynamic_dbscan, 0.75, 10, 10, 54, 414, 5.130903005599976, 1068.2803440093994, 415000, 0.05157190458662263, 0.19856997009183047
1, 1, 1, dynamic_dbscan, 0.75, 10, 10, 54, 415, 5.39980411529541, 1073.6801481246948, 416000, 0.051579839781082645, 0.1986363535579942
1, 1, 1, dynamic_dbscan, 0.75, 10, 10, 54, 416, 5.56127667427063, 1079.2414247989655, 417000, 0.05156696171981836, 0.19868105613501025
1, 1, 1, dynamic_dbscan, 0.75, 10, 10, 54, 417, 5.7124104499816895, 1084.9538352489471, 418000, 0.051568549972315206, 0.19868841201427812
1, 1, 1, dynamic_dbscan, 0.75, 10, 10, 54, 418, 5.8367626667022705, 1090.7905979156494, 419000, 0.051577874074407296, 0.19868200004516945
1, 1, 1, dynamic_dbscan, 0.75, 10, 10, 54, 419, 5.565099239349365, 1096.3556971549988, 420000, 0.05157341967218429, 0.19867966462986522
1, 1, 1, dynamic_dbscan, 0.75, 10, 10, 54, 420, 5.569719314575195, 1101.925416469574, 421000, 0.051560003415621024, 0.198668226944082
1, 1, 1, dynamic_dbscan, 0.75, 10, 10, 54, 421, 5.375659704208374, 1107.3010761737823, 422000, 0.05155185926098409, 0.19869165043805237
1, 1, 1, dynamic_dbscan, 0.75, 10, 10, 54, 422, 5.625694274902344, 1112.9267704486847, 423000, 0.05154429294228833, 0.19868318728723194
1, 1, 1, dynamic_dbscan, 0.75, 10, 10, 54, 423, 5.434299945831299, 1118.361070394516, 424000, 0.05154017189673516, 0.1986762679635264
1, 1, 1, dynamic_dbscan, 0.75, 10, 10, 54, 424, 5.592859745025635, 1123.9539301395416, 425000, 0.05151900566851992, 0.19864903934405184
1, 1, 1, dynamic_dbscan, 0.75, 10, 10, 54, 425, 5.727872371673584, 1129.6818025112152, 426000, 0.05151826218319841, 0.19864470444399068
1, 1, 1, dynamic_dbscan, 0.75, 10, 10, 54, 426, 7.827980279922485, 1137.5097827911377, 427000, 0.051506111068549014, 0.19862334447442356
1, 1, 1, dynamic_dbscan, 0.75, 10, 10, 54, 427, 5.6293439865112305, 1143.139126777649, 428000, 0.051503475975874895, 0.19860313379184086
1, 1, 1, dynamic_dbscan, 0.75, 10, 10, 54, 428, 5.6936094760894775, 1148.8327362537384, 429000, 0.05151530008905483, 0.19857894684327312
1, 1, 1, dynamic_dbscan, 0.75, 10, 10, 54, 429, 5.529390811920166, 1154.3621270656586, 430000, 0.05153770934347871, 0.19856628603073326
1, 1, 1, dynamic_dbscan, 0.75, 10, 10, 54, 430, 5.482889652252197, 1159.8450167179108, 431000, 0.05155449512357706, 0.19861511083087072
1, 1, 1, dynamic_dbscan, 0.75, 10, 10, 54, 431, 5.483385801315308, 1165.328402519226, 432000, 0.05153465233770227, 0.19858161568316005
1, 1, 1, dynamic_dbscan, 0.75, 10, 10, 54, 432, 5.421408653259277, 1170.7498111724854, 433000, 0.05153896349107508, 0.1985744974706141
1, 1, 1, dynamic_dbscan, 0.75, 10, 10, 54, 433, 5.951567649841309, 1176.7013788223267, 434000, 0.05154638110314779, 0.1986143008090532
1, 1, 1, dynamic_dbscan, 0.75, 10, 10, 54, 434, 5.746961355209351, 1182.448340177536, 435000, 0.05155019899092899, 0.1986183766535573
1, 1, 1, dynamic_dbscan, 0.75, 10, 10, 54, 435, 5.742495775222778, 1188.1908359527588, 436000, 0.05152412405675291, 0.1985712583382446
1, 1, 1, dynamic_dbscan, 0.75, 10, 10, 54, 436, 5.686481237411499, 1193.8773171901703, 437000, 0.05152766329447907, 0.19857807104654304
1, 1, 1, dynamic_dbscan, 0.75, 10, 10, 54, 437, 5.536336898803711, 1199.413654088974, 438000, 0.05150786260618028, 0.19851295749871362
1, 1, 1, dynamic_dbscan, 0.75, 10, 10, 54, 438, 5.492232799530029, 1204.905886888504, 439000, 0.05150210004843086, 0.19849740709984268
1, 1, 1, dynamic_dbscan, 0.75, 10, 10, 54, 439, 5.4625208377838135, 1210.3684077262878, 440000, 0.05150048978346555, 0.1984781588329429
1, 1, 1, dynamic_dbscan, 0.75, 10, 10, 54, 440, 6.200332880020142, 1216.568740606308, 441000, 0.05152003381855732, 0.19852976277609147
1, 1, 1, dynamic_dbscan, 0.75, 10, 10, 54, 441, 6.123085975646973, 1222.691826581955, 442000, 0.05151582523665001, 0.19853690657079837
1, 1, 1, dynamic_dbscan, 0.75, 10, 10, 54, 442, 5.59022068977356, 1228.2820472717285, 443000, 0.051509962701197225, 0.19855025254922817
1, 1, 1, dynamic_dbscan, 0.75, 10, 10, 54, 443, 5.800471305847168, 1234.0825185775757, 444000, 0.051488691450218636, 0.19855606423827624
1, 1, 1, dynamic_dbscan, 0.75, 10, 10, 54, 444, 5.629321575164795, 1239.7118401527405, 445000, 0.05149775607671894, 0.19855667979156422
1, 1, 1, dynamic_dbscan, 0.75, 10, 10, 54, 445, 5.580906867980957, 1245.2927470207214, 446000, 0.05150739485716713, 0.19857904142194716
1, 1, 1, dynamic_dbscan, 0.75, 10, 10, 54, 446, 5.576911449432373, 1250.8696584701538, 447000, 0.0515049457488214, 0.1985666785507572
1, 1, 1, dynamic_dbscan, 0.75, 10, 10, 54, 447, 5.814767360687256, 1256.684425830841, 448000, 0.05149468577188595, 0.19856448798989265
1, 1, 1, dynamic_dbscan, 0.75, 10, 10, 54, 448, 5.701859951019287, 1262.3862857818604, 449000, 0.05149289184351171, 0.19856386729358227
1, 1, 1, dynamic_dbscan, 0.75, 10, 10, 54, 449, 5.945171117782593, 1268.331456899643, 450000, 0.051486290549946294, 0.19856649614985916
1, 1, 1, dynamic_dbscan, 0.75, 10, 10, 54, 450, 5.923983335494995, 1274.255440235138, 451000, 0.05148306872924693, 0.19859260929513975
1, 1, 1, dynamic_dbscan, 0.75, 10, 10, 54, 451, 6.017225742340088, 1280.272665977478, 452000, 0.05148716466340746, 0.19865522314717665
1, 1, 1, dynamic_dbscan, 0.75, 10, 10, 54, 452, 5.966693162918091, 1286.2393591403961, 453000, 0.05147872738318993, 0.19865576749423247
1, 1, 1, dynamic_dbscan, 0.75, 10, 10, 54, 453, 5.956130504608154, 1292.1954896450043, 454000, 0.05149271433876761, 0.1986741867965544
1, 1, 1, dynamic_dbscan, 0.75, 10, 10, 54, 454, 6.282402276992798, 1298.477891921997, 455000, 0.05147429484836885, 0.19862013309604432
1, 1, 1, dynamic_dbscan, 0.75, 10, 10, 54, 455, 6.306574821472168, 1304.7844667434692, 456000, 0.05148751014874631, 0.19866534999055926
1, 1, 1, dynamic_dbscan, 0.75, 10, 10, 54, 456, 6.443826675415039, 1311.2282934188843, 457000, 0.0514751306920724, 0.19868464917711823
1, 1, 1, dynamic_dbscan, 0.75, 10, 10, 54, 457, 5.829103708267212, 1317.0573971271515, 458000, 0.05148527797653923, 0.19865576564080148
1, 1, 1, dynamic_dbscan, 0.75, 10, 10, 54, 458, 6.0368194580078125, 1323.0942165851593, 459000, 0.05149224098047475, 0.19864177510676675
1, 1, 1, dynamic_dbscan, 0.75, 10, 10, 54, 459, 6.030745506286621, 1329.124962091446, 460000, 0.05149579527311636, 0.1986796609179585
1, 1, 1, dynamic_dbscan, 0.75, 10, 10, 54, 460, 6.075947523117065, 1335.200909614563, 461000, 0.051489079691943086, 0.19872338180421076
1, 1, 1, dynamic_dbscan, 0.75, 10, 10, 54, 461, 6.296540975570679, 1341.4974505901337, 462000, 0.05148556290564931, 0.19871678474305687
1, 1, 1, dynamic_dbscan, 0.75, 10, 10, 54, 462, 5.840578556060791, 1347.3380291461945, 463000, 0.05150183342086489, 0.19873195268372543
1, 1, 1, dynamic_dbscan, 0.75, 10, 10, 54, 463, 6.028024911880493, 1353.366054058075, 464000, 0.051497223032857586, 0.19874340525306747
1, 1, 1, dynamic_dbscan, 0.75, 10, 10, 54, 464, 6.337069749832153, 1359.703123807907, 465000, 0.05149421287244265, 0.19876465636108734
1, 1, 1, dynamic_dbscan, 0.75, 10, 10, 54, 465, 5.929384708404541, 1365.6325085163116, 466000, 0.05151707063541971, 0.19881159297506182
1, 1, 1, dynamic_dbscan, 0.75, 10, 10, 54, 466, 6.230382680892944, 1371.8628911972046, 467000, 0.05152211676098781, 0.19882344740815636
1, 1, 1, dynamic_dbscan, 0.75, 10, 10, 54, 467, 6.256073713302612, 1378.1189649105072, 468000, 0.05152602296877174, 0.19884187784618065
1, 1, 1, dynamic_dbscan, 0.75, 10, 10, 54, 468, 6.27366042137146, 1384.3926253318787, 469000, 0.05151326395639235, 0.19884935240777252
1, 1, 1, dynamic_dbscan, 0.75, 10, 10, 54, 469, 6.2092084884643555, 1390.601833820343, 470000, 0.051498897426816945, 0.19882707030777683
1, 1, 1, dynamic_dbscan, 0.75, 10, 10, 54, 470, 6.11291241645813, 1396.7147462368011, 471000, 0.05150666653063681, 0.19882868119037586
1, 1, 1, dynamic_dbscan, 0.75, 10, 10, 54, 471, 5.992311716079712, 1402.7070579528809, 472000, 0.05150896626649012, 0.19882220284143806
1, 1, 1, dynamic_dbscan, 0.75, 10, 10, 54, 472, 6.763910531997681, 1409.4709684848785, 473000, 0.05151847723253475, 0.19885386020421913
1, 1, 1, dynamic_dbscan, 0.75, 10, 10, 54, 473, 6.297551155090332, 1415.7685196399689, 474000, 0.0515119269356122, 0.19883652945259964
1, 1, 1, dynamic_dbscan, 0.75, 10, 10, 54, 474, 6.1164796352386475, 1421.8849992752075, 475000, 0.05150748905257902, 0.19883727264185916
1, 1, 1, dynamic_dbscan, 0.75, 10, 10, 54, 475, 6.211010932922363, 1428.0960102081299, 476000, 0.05151762070537089, 0.19882197581180325
1, 1, 1, dynamic_dbscan, 0.75, 10, 10, 54, 476, 6.159463882446289, 1434.2554740905762, 477000, 0.05152031348090276, 0.19882690545901002
1, 1, 1, dynamic_dbscan, 0.75, 10, 10, 54, 477, 6.712705850601196, 1440.9681799411774, 478000, 0.05153649388238078, 0.19886780099738377
1, 1, 1, dynamic_dbscan, 0.75, 10, 10, 54, 478, 6.1918418407440186, 1447.1600217819214, 479000, 0.051527858210971486, 0.19885804015057246
1, 1, 1, dynamic_dbscan, 0.75, 10, 10, 54, 479, 6.3337013721466064, 1453.493723154068, 480000, 0.05152056456866559, 0.1988333167828285
1, 1, 1, dynamic_dbscan, 0.75, 10, 10, 54, 480, 6.229363203048706, 1459.7230863571167, 481000, 0.051532368772526496, 0.1988814393871747
1, 1, 1, dynamic_dbscan, 0.75, 10, 10, 54, 481, 6.054867506027222, 1465.777953863144, 482000, 0.05154224749847494, 0.19889742051113316
1, 1, 1, dynamic_dbscan, 0.75, 10, 10, 54, 482, 6.265046834945679, 1472.0430006980896, 483000, 0.05154819253011821, 0.19894288565498727
1, 1, 1, dynamic_dbscan, 0.75, 10, 10, 54, 483, 6.378051996231079, 1478.4210526943207, 484000, 0.051536903527908934, 0.1989122975103485
1, 1, 1, dynamic_dbscan, 0.75, 10, 10, 54, 484, 6.700014114379883, 1485.1210668087006, 485000, 0.051546728081112714, 0.1989740061732446
1, 1, 1, dynamic_dbscan, 0.75, 10, 10, 54, 485, 6.167332649230957, 1491.2883994579315, 486000, 0.05153934368419784, 0.19897582381428597
1, 1, 1, dynamic_dbscan, 0.75, 10, 10, 54, 486, 6.2237701416015625, 1497.512169599533, 487000, 0.051534585437201116, 0.19898951120800856
1, 1, 1, dynamic_dbscan, 0.75, 10, 10, 54, 487, 6.258103609085083, 1503.7702732086182, 488000, 0.05152272458036379, 0.19897401776254292
1, 1, 1, dynamic_dbscan, 0.75, 10, 10, 54, 488, 6.134289979934692, 1509.9045631885529, 489000, 0.05152811885470401, 0.1989845461218953
1, 1, 1, dynamic_dbscan, 0.75, 10, 10, 54, 489, 6.193287372589111, 1516.097850561142, 490000, 0.05153343602657877, 0.19904142950538306
1, 1, 1, dynamic_dbscan, 0.75, 10, 10, 54, 490, 6.317781686782837, 1522.4156322479248, 491000, 0.05153298940063592, 0.19903122619151176
1, 1, 1, dynamic_dbscan, 0.75, 10, 10, 54, 491, 6.379930734634399, 1528.7955629825592, 492000, 0.05152788944980607, 0.19899785403213693
1, 1, 1, dynamic_dbscan, 0.75, 10, 10, 54, 492, 6.499772787094116, 1535.2953357696533, 493000, 0.05152011409667475, 0.19897896609254975
1, 1, 1, dynamic_dbscan, 0.75, 10, 10, 54, 493, 6.367259740829468, 1541.6625955104828, 494000, 0.05153558999295708, 0.19899889901184736
1, 1, 1, dynamic_dbscan, 0.75, 10, 10, 54, 494, 6.517333269119263, 1548.179928779602, 495000, 0.05153673691761537, 0.19899361339361069
1, 1, 1, dynamic_dbscan, 0.75, 10, 10, 54, 495, 6.399282693862915, 1554.579211473465, 496000, 0.051565574379822766, 0.19905282846084218
1, 1, 1, dynamic_dbscan, 0.75, 10, 10, 54, 496, 6.6472086906433105, 1561.2264201641083, 497000, 0.0515716906511092, 0.1990838700835289
1, 1, 1, dynamic_dbscan, 0.75, 10, 10, 54, 497, 6.492330074310303, 1567.7187502384186, 498000, 0.051574579635601574, 0.19911239125254193
1, 1, 1, dynamic_dbscan, 0.75, 10, 10, 54, 498, 6.484420537948608, 1574.2031707763672, 499000, 0.051577647297392226, 0.19909531605546996
1, 1, 1, dynamic_dbscan, 0.75, 10, 10, 54, 499, 6.455151557922363, 1580.6583223342896, 500000, 0.051560278837674174, 0.19909258738246016
1, 1, 1, dynamic_dbscan, 0.75, 10, 10, 54, 500, 6.730480432510376, 1587.3888027668, 501000, 0.051550567840445045, 0.1991043312041695
1, 1, 1, dynamic_dbscan, 0.75, 10, 10, 54, 501, 6.637077331542969, 1594.025880098343, 502000, 0.051530860169122936, 0.199061159875141
1, 1, 1, dynamic_dbscan, 0.75, 10, 10, 54, 502, 6.805067777633667, 1600.8309478759766, 503000, 0.0515257009447942, 0.19907225564160197
1, 1, 1, dynamic_dbscan, 0.75, 10, 10, 54, 503, 6.279646158218384, 1607.110594034195, 504000, 0.051531146036509844, 0.1990874254511012
1, 1, 1, dynamic_dbscan, 0.75, 10, 10, 54, 504, 6.67393159866333, 1613.7845256328583, 505000, 0.05150856480143819, 0.19902991859589725
1, 1, 1, dynamic_dbscan, 0.75, 10, 10, 54, 505, 6.550501108169556, 1620.3350267410278, 506000, 0.05151888283883752, 0.19906561724972613
1, 1, 1, dynamic_dbscan, 0.75, 10, 10, 54, 506, 6.653238534927368, 1626.9882652759552, 507000, 0.05152242230168697, 0.19909354271740054
1, 1, 1, dynamic_dbscan, 0.75, 10, 10, 54, 507, 6.901512384414673, 1633.8897776603699, 508000, 0.051530472671209124, 0.19911525760351892
1, 1, 1, dynamic_dbscan, 0.75, 10, 10, 54, 508, 6.586291551589966, 1640.4760692119598, 509000, 0.051525288380350885, 0.19911226169327167
1, 1, 1, dynamic_dbscan, 0.75, 10, 10, 54, 509, 7.012249231338501, 1647.4883184432983, 510000, 0.05153141307802175, 0.19913173045665053
1, 1, 1, dynamic_dbscan, 0.75, 10, 10, 54, 510, 6.7855305671691895, 1654.2738490104675, 511000, 0.05154496711074861, 0.19913489686408656
1, 1, 1, dynamic_dbscan, 0.75, 10, 10, 54, 511, 6.704933166503906, 1660.9787821769714, 512000, 0.05154390735124949, 0.1991464029273614
1, 1, 1, dynamic_dbscan, 0.75, 10, 10, 54, 512, 6.417327880859375, 1667.3961100578308, 513000, 0.05155005061563394, 0.19914828233393556
1, 1, 1, dynamic_dbscan, 0.75, 10, 10, 54, 513, 6.700568437576294, 1674.096678495407, 514000, 0.05155224133372417, 0.19914754556956013
1, 1, 1, dynamic_dbscan, 0.75, 10, 10, 54, 514, 6.660912036895752, 1680.7575905323029, 515000, 0.051556773552381266, 0.1991422332760877
1, 1, 1, dynamic_dbscan, 0.75, 10, 10, 54, 515, 6.508575201034546, 1687.2661657333374, 516000, 0.05153432876514543, 0.19911837012305486
1, 1, 1, dynamic_dbscan, 0.75, 10, 10, 54, 516, 6.931835651397705, 1694.198001384735, 517000, 0.051540361561764524, 0.19914949244214084
1, 1, 1, dynamic_dbscan, 0.75, 10, 10, 54, 517, 7.1850996017456055, 1701.3831009864807, 518000, 0.05153797228834334, 0.19917059198542933
1, 1, 1, dynamic_dbscan, 0.75, 10, 10, 54, 518, 7.267685890197754, 1708.6507868766785, 519000, 0.05153440768048213, 0.199167880634543
1, 1, 1, dynamic_dbscan, 0.75, 10, 10, 54, 519, 6.3300933837890625, 1714.9808802604675, 520000, 0.0515406236614532, 0.19915239289480352
1, 1, 1, dynamic_dbscan, 0.75, 10, 10, 54, 520, 6.190447807312012, 1721.1713280677795, 521000, 0.05153967141845678, 0.199141419116486
1, 1, 1, dynamic_dbscan, 0.75, 10, 10, 54, 521, 6.468204021453857, 1727.6395320892334, 522000, 0.051527303112987866, 0.19911948914492078
1, 1, 1, dynamic_dbscan, 0.75, 10, 10, 54, 522, 6.754672288894653, 1734.394204378128, 523000, 0.05152334260142352, 0.19911040896786836
1, 1, 1, dynamic_dbscan, 0.75, 10, 10, 54, 523, 7.185950517654419, 1741.5801548957825, 524000, 0.0515245979945878, 0.1991389422558276
1, 1, 1, dynamic_dbscan, 0.75, 10, 10, 54, 524, 7.253791093826294, 1748.8339459896088, 525000, 0.05154169322191617, 0.19915193960868421
1, 1, 1, dynamic_dbscan, 0.75, 10, 10, 54, 525, 7.0549609661102295, 1755.888906955719, 526000, 0.05154287195717323, 0.19918779486386728
1, 1, 1, dynamic_dbscan, 0.75, 10, 10, 54, 526, 7.156718492507935, 1763.045625448227, 527000, 0.05153489142458539, 0.1991775776174664
1, 1, 1, dynamic_dbscan, 0.75, 10, 10, 54, 527, 6.84342885017395, 1769.8890542984009, 528000, 0.051530940422813615, 0.19919163310797974
1, 1, 1, dynamic_dbscan, 0.75, 10, 10, 54, 528, 7.943238973617554, 1777.8322932720184, 529000, 0.051525678513386075, 0.1992012523990108
1, 1, 1, dynamic_dbscan, 0.75, 10, 10, 54, 529, 7.429086208343506, 1785.261379480362, 530000, 0.051526654817956145, 0.19918809628910764
1, 1, 1, dynamic_dbscan, 0.75, 10, 10, 54, 530, 6.306936264038086, 1791.5683157444, 531000, 0.05154838520309716, 0.19922471463700697
1, 1, 1, dynamic_dbscan, 0.75, 10, 10, 54, 531, 8.472453594207764, 1800.0407693386078, 532000, 0.0515447898704105, 0.19920908551060776
1, 1, 1, dynamic_dbscan, 0.75, 10, 10, 54, 532, 7.399895191192627, 1807.4406645298004, 533000, 0.05153300426771098, 0.19918982123926474
1, 1, 1, dynamic_dbscan, 0.75, 10, 10, 54, 533, 7.924864053726196, 1815.3655285835266, 534000, 0.05152600190785684, 0.19916945143333398
1, 1, 1, dynamic_dbscan, 0.75, 10, 10, 54, 534, 8.333811044692993, 1823.6993396282196, 535000, 0.051549504022294614, 0.19921374104128517
1, 1, 1, dynamic_dbscan, 0.75, 10, 10, 54, 535, 8.475363492965698, 1832.1747031211853, 536000, 0.051550427445593947, 0.19922141886189473
1, 1, 1, dynamic_dbscan, 0.75, 10, 10, 54, 536, 7.779922962188721, 1839.954626083374, 537000, 0.05155508614501896, 0.19920903349550348
1, 1, 1, dynamic_dbscan, 0.75, 10, 10, 54, 537, 7.447141885757446, 1847.4017679691315, 538000, 0.05154875247897355, 0.19923521452824813
1, 1, 1, dynamic_dbscan, 0.75, 10, 10, 54, 538, 7.758441686630249, 1855.1602096557617, 539000, 0.05155876862269729, 0.19923601269247931
1, 1, 1, dynamic_dbscan, 0.75, 10, 10, 54, 539, 7.705050230026245, 1862.865259885788, 540000, 0.05156406018556745, 0.19925137418415773
1, 1, 1, dynamic_dbscan, 0.75, 10, 10, 54, 540, 7.278489351272583, 1870.1437492370605, 541000, 0.0515728321458274, 0.19925861429861974
1, 1, 1, dynamic_dbscan, 0.75, 10, 10, 54, 541, 7.243921518325806, 1877.3876707553864, 542000, 0.05157329020039086, 0.1992747269037938
1, 1, 1, dynamic_dbscan, 0.75, 10, 10, 54, 542, 7.079752683639526, 1884.4674234390259, 543000, 0.05157551401625429, 0.19926172956567115
1, 1, 1, dynamic_dbscan, 0.75, 10, 10, 54, 543, 7.202646732330322, 1891.6700701713562, 544000, 0.05159267824603183, 0.19927604526051093
1, 1, 1, dynamic_dbscan, 0.75, 10, 10, 54, 544, 7.285743951797485, 1898.9558141231537, 545000, 0.05159828927422235, 0.19928400272940133
1, 1, 1, dynamic_dbscan, 0.75, 10, 10, 54, 545, 7.289083003997803, 1906.2448971271515, 546000, 0.05160002145295665, 0.1992803389354004
1, 1, 1, dynamic_dbscan, 0.75, 10, 10, 54, 546, 9.351283311843872, 1915.5961804389954, 547000, 0.0515827861900969, 0.19927108434735966
1, 1, 1, dynamic_dbscan, 0.75, 10, 10, 54, 547, 6.774958848953247, 1922.3711392879486, 548000, 0.051587147580376545, 0.19929377130873252
1, 1, 1, dynamic_dbscan, 0.75, 10, 10, 54, 548, 6.694759845733643, 1929.0658991336823, 549000, 0.05159008309557108, 0.1992712096261998
1, 1, 1, dynamic_dbscan, 0.75, 10, 10, 54, 549, 6.7572243213653564, 1935.8231234550476, 550000, 0.05157662317540094, 0.19927794270654464
1, 1, 1, dynamic_dbscan, 0.75, 10, 10, 54, 550, 7.8400490283966064, 1943.6631724834442, 551000, 0.05158301305970917, 0.19926930763407147
1, 1, 1, dynamic_dbscan, 0.75, 10, 10, 54, 551, 7.460629940032959, 1951.1238024234772, 552000, 0.05157495204062532, 0.19923629595703646
1, 1, 1, dynamic_dbscan, 0.75, 10, 10, 54, 552, 6.6432881355285645, 1957.7670905590057, 553000, 0.05157617942181617, 0.19923360483255295
1, 1, 1, dynamic_dbscan, 0.75, 10, 10, 54, 553, 6.959139108657837, 1964.7262296676636, 554000, 0.05158705232516743, 0.19923605332261224
1, 1, 1, dynamic_dbscan, 0.75, 10, 10, 54, 554, 7.620655298233032, 1972.3468849658966, 555000, 0.05158130697522361, 0.1991931605293534
1, 1, 1, dynamic_dbscan, 0.75, 10, 10, 54, 555, 6.544507265090942, 1978.8913922309875, 556000, 0.05159708789785301, 0.19921537937950273
1, 1, 1, dynamic_dbscan, 0.75, 10, 10, 54, 556, 6.647552013397217, 1985.5389442443848, 557000, 0.0516067029639495, 0.19923972299008463
1, 1, 1, dynamic_dbscan, 0.75, 10, 10, 54, 557, 7.163496732711792, 1992.7024409770966, 558000, 0.05161210611170814, 0.19926599272686094
1, 1, 1, dynamic_dbscan, 0.75, 10, 10, 54, 558, 6.8127851486206055, 1999.5152261257172, 559000, 0.05160868324390897, 0.19927515730878365
1, 1, 1, dynamic_dbscan, 0.75, 10, 10, 54, 559, 6.403003692626953, 2005.9182298183441, 560000, 0.05159811253304395, 0.19928014793867066
1, 1, 1, dynamic_dbscan, 0.75, 10, 10, 54, 560, 6.972744464874268, 2012.8909742832184, 561000, 0.05160385860862487, 0.19929067209296858
1, 1, 1, dynamic_dbscan, 0.75, 10, 10, 54, 561, 6.913959264755249, 2019.8049335479736, 562000, 0.051603903928637104, 0.19930269060625566
1, 1, 1, dynamic_dbscan, 0.75, 10, 10, 54, 562, 6.583821058273315, 2026.388754606247, 563000, 0.05160521006919484, 0.19931653065084862
1, 1, 1, dynamic_dbscan, 0.75, 10, 10, 54, 563, 7.028052806854248, 2033.4168074131012, 564000, 0.051602892301100815, 0.19933610581243846
1, 1, 1, dynamic_dbscan, 0.75, 10, 10, 54, 564, 6.559507608413696, 2039.976315021515, 565000, 0.05159269566776586, 0.1993416508198816
1, 1, 1, dynamic_dbscan, 0.75, 10, 10, 54, 565, 6.7860589027404785, 2046.7623739242554, 566000, 0.05158989908258374, 0.19936391002580364
1, 1, 1, dynamic_dbscan, 0.75, 10, 10, 54, 566, 6.569233417510986, 2053.3316073417664, 567000, 0.05158419519519212, 0.1993569556999206
1, 1, 1, dynamic_dbscan, 0.75, 10, 10, 54, 567, 6.847368955612183, 2060.1789762973785, 568000, 0.05157803233078849, 0.19931289578492678
1, 1, 1, dynamic_dbscan, 0.75, 10, 10, 54, 568, 7.039815664291382, 2067.21879196167, 569000, 0.051581952480046406, 0.19933434423205781
1, 1, 1, dynamic_dbscan, 0.75, 10, 10, 54, 569, 7.133319139480591, 2074.3521111011505, 570000, 0.05159130840017584, 0.19934687192505046
1, 1, 1, dynamic_dbscan, 0.75, 10, 10, 54, 570, 6.539903163909912, 2080.8920142650604, 571000, 0.051598037798518105, 0.19934108762550898
1, 1, 1, dynamic_dbscan, 0.75, 10, 10, 54, 571, 6.78452205657959, 2087.67653632164, 572000, 0.051583628581238536, 0.19931855312165978
1, 1, 1, dynamic_dbscan, 0.75, 10, 10, 54, 572, 7.314647436141968, 2094.991183757782, 573000, 0.0515955699771363, 0.1993588020558568
1, 1, 1, dynamic_dbscan, 0.75, 10, 10, 54, 573, 7.047111988067627, 2102.0382957458496, 574000, 0.05160451729904013, 0.1993914681498199
1, 1, 1, dynamic_dbscan, 0.75, 10, 10, 54, 574, 6.947411775588989, 2108.9857075214386, 575000, 0.05159690862968584, 0.19939601378781419
1, 1, 1, dynamic_dbscan, 0.75, 10, 10, 54, 575, 7.141280651092529, 2116.126988172531, 576000, 0.051626260073957334, 0.19943062479440452
1, 1, 1, dynamic_dbscan, 0.75, 10, 10, 54, 576, 6.877694368362427, 2123.0046825408936, 577000, 0.051629775714712216, 0.1994029450836938
1, 1, 1, dynamic_dbscan, 0.75, 10, 10, 54, 577, 7.170524835586548, 2130.17520737648, 578000, 0.05162719476373718, 0.19939949426640544
1, 1, 1, dynamic_dbscan, 0.75, 10, 10, 54, 578, 6.988318920135498, 2137.1635262966156, 579000, 0.051630989208877084, 0.1993808712979121
1, 1, 1, dynamic_dbscan, 0.75, 10, 10, 54, 579, 7.433131694793701, 2144.5966579914093, 580000, 0.05163987270675693, 0.19943025863782313
1, 1, 1, dynamic_dbscan, 0.75, 10, 10, 54, 580, 7.369280099868774, 2151.965938091278, 581000, 0.05164002113149639, 0.19943699840943202
1, 1, 1, dynamic_dbscan, 0.75, 10, 10, 54, 581, 6.946035861968994, 2158.911973953247, 581012, 0.05163878088699305, 0.19943546805527299
2, 2, 1, Ada_dynamic_dbscan, 0.7016, 10, 15, 54, 0, 0.13535809516906738, 0.13535809516906738, 1000, 0.0, 0.0
2, 2, 1, Ada_dynamic_dbscan, 0.7016, 10, 15, 54, 1, 0.14354491233825684, 0.2789030075073242, 2000, -0.006897519871567581, 0.007858497522633207
2, 2, 1, Ada_dynamic_dbscan, 0.7016, 10, 15, 54, 2, 0.15937471389770508, 0.4382777214050293, 3000, -0.02589214032576816, 0.014596302325965739
2, 2, 1, Ada_dynamic_dbscan, 0.7016, 10, 15, 54, 3, 0.18219351768493652, 0.6204712390899658, 4000, -0.045274208061815084, 0.03642796970870716
2, 2, 1, Ada_dynamic_dbscan, 0.7016, 10, 15, 54, 4, 0.18839168548583984, 0.8088629245758057, 5000, -0.04412197483925795, 0.06182578397491705
2, 2, 1, Ada_dynamic_dbscan, 0.7016, 10, 15, 54, 5, 0.20197677612304688, 1.0108397006988525, 6000, -0.051364625033868176, 0.06582994910780905
2, 2, 1, Ada_dynamic_dbscan, 0.7016, 10, 15, 54, 6, 0.21543431282043457, 1.226274013519287, 7000, -0.04919803823733614, 0.0794677069975234
2, 2, 1, Ada_dynamic_dbscan, 0.7016, 10, 15, 54, 7, 0.2321767807006836, 1.4584507942199707, 8000, -0.04803049496750078, 0.08419101688508285
2, 2, 1, Ada_dynamic_dbscan, 0.7016, 10, 15, 54, 8, 0.25078296661376953, 1.7092337608337402, 9000, -0.04762617287816887, 0.08941626567028284
2, 2, 1, Ada_dynamic_dbscan, 0.7016, 10, 15, 54, 9, 0.27938294410705566, 1.988616704940796, 10000, -0.0456635972908125, 0.09599716383886785
2, 2, 1, Ada_dynamic_dbscan, 0.7016, 10, 15, 54, 10, 0.26859545707702637, 2.2572121620178223, 11000, -0.044234349613246814, 0.09570062398349698
2, 2, 1, Ada_dynamic_dbscan, 0.7016, 10, 15, 54, 11, 0.3215057849884033, 2.5787179470062256, 12000, -0.042760909785760214, 0.10382364236610586
2, 2, 1, Ada_dynamic_dbscan, 0.7016, 10, 15, 54, 12, 0.32933807373046875, 2.9080560207366943, 13000, -0.031927200747496935, 0.11135011292209143
2, 2, 1, Ada_dynamic_dbscan, 0.7016, 10, 15, 54, 13, 0.3129088878631592, 3.2209649085998535, 14000, -0.030305034039535824, 0.1129542190471382
2, 2, 1, Ada_dynamic_dbscan, 0.7016, 10, 15, 54, 14, 0.3175802230834961, 3.5385451316833496, 15000, -0.02828131079285323, 0.11317778616492079
2, 2, 1, Ada_dynamic_dbscan, 0.7016, 10, 15, 54, 15, 0.34167981147766113, 3.8802249431610107, 16000, -0.02540887309580604, 0.11677679633587018
2, 2, 1, Ada_dynamic_dbscan, 0.7016, 10, 15, 54, 16, 0.3519589900970459, 4.232183933258057, 17000, -0.020197569763652657, 0.1217855835184563
2, 2, 1, Ada_dynamic_dbscan, 0.7016, 10, 15, 54, 17, 0.3633413314819336, 4.59552526473999, 18000, -0.015307911361769946, 0.12522509692698552
2, 2, 1, Ada_dynamic_dbscan, 0.7016, 10, 15, 54, 18, 0.3689713478088379, 4.964496612548828, 19000, -0.008904472975851369, 0.13098684278028505
2, 2, 1, Ada_dynamic_dbscan, 0.7016, 10, 15, 54, 19, 0.38850998878479004, 5.353006601333618, 20000, -0.006391435425167395, 0.13202812854786028
2, 2, 1, Ada_dynamic_dbscan, 0.7016, 10, 15, 54, 20, 0.39081692695617676, 5.743823528289795, 21000, -0.002416474645468964, 0.13530204657042083
2, 2, 1, Ada_dynamic_dbscan, 0.7016, 10, 15, 54, 21, 0.4089059829711914, 6.152729511260986, 22000, 0.0021355708127554687, 0.13913765937810849
2, 2, 1, Ada_dynamic_dbscan, 0.7016, 10, 15, 54, 22, 0.41071271896362305, 6.563442230224609, 23000, 0.0036241162791431137, 0.13934866101978066
2, 2, 1, Ada_dynamic_dbscan, 0.7016, 10, 15, 54, 23, 0.42197465896606445, 6.985416889190674, 24000, 0.006241955984651559, 0.14176341549688531
2, 2, 1, Ada_dynamic_dbscan, 0.7016, 10, 15, 54, 24, 0.44530510902404785, 7.430721998214722, 25000, 0.008251916692049985, 0.14226484770527836
2, 2, 1, Ada_dynamic_dbscan, 0.7016, 10, 15, 54, 25, 0.4463350772857666, 7.877057075500488, 26000, 0.01025001508255579, 0.14374763763614906
2, 2, 1, Ada_dynamic_dbscan, 0.7016, 10, 15, 54, 26, 0.4656713008880615, 8.34272837638855, 27000, 0.011061677970537188, 0.1436511225289403
2, 2, 1, Ada_dynamic_dbscan, 0.7016, 10, 15, 54, 27, 0.48314738273620605, 8.825875759124756, 28000, 0.013240128638110657, 0.14458647553018447
2, 2, 1, Ada_dynamic_dbscan, 0.7016, 10, 15, 54, 28, 0.4878993034362793, 9.313775062561035, 29000, 0.01472885969790984, 0.14629758763882952
2, 2, 1, Ada_dynamic_dbscan, 0.7016, 10, 15, 54, 29, 0.5015161037445068, 9.815291166305542, 30000, 0.015993288437282108, 0.14642467329197664
2, 2, 1, Ada_dynamic_dbscan, 0.7016, 10, 15, 54, 30, 0.5111739635467529, 10.326465129852295, 31000, 0.017552564969315544, 0.14818328009470202
2, 2, 1, Ada_dynamic_dbscan, 0.7016, 10, 15, 54, 31, 0.5178687572479248, 10.84433388710022, 32000, 0.018834176185688882, 0.14933633707241242
2, 2, 1, Ada_dynamic_dbscan, 0.7016, 10, 15, 54, 32, 0.5009400844573975, 11.345273971557617, 33000, 0.019797567517023364, 0.14993419264167435
2, 2, 1, Ada_dynamic_dbscan, 0.7016, 10, 15, 54, 33, 0.5128393173217773, 11.858113288879395, 34000, 0.021185691466671562, 0.1512056711132656
2, 2, 1, Ada_dynamic_dbscan, 0.7016, 10, 15, 54, 34, 0.535707950592041, 12.393821239471436, 35000, 0.022168332444847928, 0.1515206363113596
2, 2, 1, Ada_dynamic_dbscan, 0.7016, 10, 15, 54, 35, 0.5285251140594482, 12.922346353530884, 36000, 0.02323464686505505, 0.15284003816399253
2, 2, 1, Ada_dynamic_dbscan, 0.7016, 10, 15, 54, 36, 0.581554651260376, 13.50390100479126, 37000, 0.024640826924090507, 0.15446184905189095
2, 2, 1, Ada_dynamic_dbscan, 0.7016, 10, 15, 54, 37, 0.583427906036377, 14.087328910827637, 38000, 0.025907228797551342, 0.15564154971651384
2, 2, 1, Ada_dynamic_dbscan, 0.7016, 10, 15, 54, 38, 0.5943546295166016, 14.681683540344238, 39000, 0.02691364004282904, 0.15633145679391575
2, 2, 1, Ada_dynamic_dbscan, 0.7016, 10, 15, 54, 39, 0.6102316379547119, 15.29191517829895, 40000, 0.028152089702131417, 0.15776937514537553
2, 2, 1, Ada_dynamic_dbscan, 0.7016, 10, 15, 54, 40, 0.6492729187011719, 15.941188097000122, 41000, 0.028705080407770502, 0.15839970017122576
2, 2, 1, Ada_dynamic_dbscan, 0.7016, 10, 15, 54, 41, 0.6428163051605225, 16.584004402160645, 42000, 0.029630658586578252, 0.1590136074491803
2, 2, 1, Ada_dynamic_dbscan, 0.7016, 10, 15, 54, 42, 0.652238130569458, 17.236242532730103, 43000, 0.030562466244331767, 0.1598827576511212
2, 2, 1, Ada_dynamic_dbscan, 0.7016, 10, 15, 54, 43, 0.6614043712615967, 17.8976469039917, 44000, 0.03143792899077574, 0.16118639346332453
2, 2, 1, Ada_dynamic_dbscan, 0.7016, 10, 15, 54, 44, 0.6534955501556396, 18.55114245414734, 45000, 0.0321529277929824, 0.1621834078195414
2, 2, 1, Ada_dynamic_dbscan, 0.7016, 10, 15, 54, 45, 0.6672325134277344, 19.218374967575073, 46000, 0.03303972336074024, 0.16286613169926342
2, 2, 1, Ada_dynamic_dbscan, 0.7016, 10, 15, 54, 46, 0.7313380241394043, 19.949712991714478, 47000, 0.033200514206267476, 0.16242720691190313
2, 2, 1, Ada_dynamic_dbscan, 0.7016, 10, 15, 54, 47, 0.6905562877655029, 20.64026927947998, 48000, 0.03408361500026376, 0.16344673478917066
2, 2, 1, Ada_dynamic_dbscan, 0.7016, 10, 15, 54, 48, 0.7059037685394287, 21.34617304801941, 49000, 0.034742670440170986, 0.16400258751042252
2, 2, 1, Ada_dynamic_dbscan, 0.7016, 10, 15, 54, 49, 0.7137696743011475, 22.059942722320557, 50000, 0.03476976274162063, 0.16367178994636075
2, 2, 1, Ada_dynamic_dbscan, 0.7016, 10, 15, 54, 50, 0.7142622470855713, 22.774204969406128, 51000, 0.03516083401210566, 0.16392166616500087
2, 2, 1, Ada_dynamic_dbscan, 0.7016, 10, 15, 54, 51, 0.7289085388183594, 23.503113508224487, 52000, 0.03581972554257376, 0.16455232000441014
2, 2, 1, Ada_dynamic_dbscan, 0.7016, 10, 15, 54, 52, 0.7194170951843262, 24.222530603408813, 53000, 0.03593896055384445, 0.1640850024306572
2, 2, 1, Ada_dynamic_dbscan, 0.7016, 10, 15, 54, 53, 0.7361452579498291, 24.958675861358643, 54000, 0.03661597469065496, 0.16470388796937335
2, 2, 1, Ada_dynamic_dbscan, 0.7016, 10, 15, 54, 54, 0.7249538898468018, 25.683629751205444, 55000, 0.03695116998610781, 0.16531892632283404
2, 2, 1, Ada_dynamic_dbscan, 0.7016, 10, 15, 54, 55, 0.8200314044952393, 26.503661155700684, 56000, 0.03754949243049756, 0.16600746019773727
2, 2, 1, Ada_dynamic_dbscan, 0.7016, 10, 15, 54, 56, 0.7940165996551514, 27.297677755355835, 57000, 0.0379196901899773, 0.16621760818542344
2, 2, 1, Ada_dynamic_dbscan, 0.7016, 10, 15, 54, 57, 0.7942445278167725, 28.091922283172607, 58000, 0.03842333730876402, 0.16671335582595567
2, 2, 1, Ada_dynamic_dbscan, 0.7016, 10, 15, 54, 58, 0.7916738986968994, 28.883596181869507, 59000, 0.03879949210927851, 0.16716949971184847
2, 2, 1, Ada_dynamic_dbscan, 0.7016, 10, 15, 54, 59, 0.8001141548156738, 29.68371033668518, 60000, 0.03913831123037483, 0.167834959670317
2, 2, 1, Ada_dynamic_dbscan, 0.7016, 10, 15, 54, 60, 0.7984273433685303, 30.48213768005371, 61000, 0.03936058495081347, 0.16835143386156207
2, 2, 1, Ada_dynamic_dbscan, 0.7016, 10, 15, 54, 61, 0.8065900802612305, 31.28872776031494, 62000, 0.03960006423151001, 0.16881698853165492
2, 2, 1, Ada_dynamic_dbscan, 0.7016, 10, 15, 54, 62, 0.8593595027923584, 32.1480872631073, 63000, 0.03997631342884794, 0.169180692421797
2, 2, 1, Ada_dynamic_dbscan, 0.7016, 10, 15, 54, 63, 0.9021821022033691, 33.05026936531067, 64000, 0.040386131040640795, 0.16977171029554988
2, 2, 1, Ada_dynamic_dbscan, 0.7016, 10, 15, 54, 64, 0.9046862125396729, 33.95495557785034, 65000, 0.04050927090502638, 0.16986250778705
2, 2, 1, Ada_dynamic_dbscan, 0.7016, 10, 15, 54, 65, 0.8822810649871826, 34.837236642837524, 66000, 0.04086594866202441, 0.17033713350769003
2, 2, 1, Ada_dynamic_dbscan, 0.7016, 10, 15, 54, 66, 0.8696892261505127, 35.70692586898804, 67000, 0.04134498421070133, 0.17133775575386867
2, 2, 1, Ada_dynamic_dbscan, 0.7016, 10, 15, 54, 67, 0.9077339172363281, 36.614659786224365, 68000, 0.041400381841088796, 0.1713213020334231
2, 2, 1, Ada_dynamic_dbscan, 0.7016, 10, 15, 54, 68, 0.8615472316741943, 37.47620701789856, 69000, 0.0416696303784014, 0.1717822480552011
2, 2, 1, Ada_dynamic_dbscan, 0.7016, 10, 15, 54, 69, 0.8981764316558838, 38.37438344955444, 70000, 0.04185278921238325, 0.1720225972878691
2, 2, 1, Ada_dynamic_dbscan, 0.7016, 10, 15, 54, 70, 0.912175178527832, 39.286558628082275, 71000, 0.041934657072403674, 0.17231282231381678
2, 2, 1, Ada_dynamic_dbscan, 0.7016, 10, 15, 54, 71, 0.8954184055328369, 40.18197703361511, 72000, 0.04231047862273194, 0.1729806880080931
2, 2, 1, Ada_dynamic_dbscan, 0.7016, 10, 15, 54, 72, 0.9695472717285156, 41.15152430534363, 73000, 0.04271736799092703, 0.17349010571905663
2, 2, 1, Ada_dynamic_dbscan, 0.7016, 10, 15, 54, 73, 0.9734692573547363, 42.124993562698364, 74000, 0.04313473841122968, 0.17440375892403948
2, 2, 1, Ada_dynamic_dbscan, 0.7016, 10, 15, 54, 74, 4.689872980117798, 46.81486654281616, 75000, 0.043391952489864216, 0.1749584477899153
2, 2, 1, Ada_dynamic_dbscan, 0.7016, 10, 15, 54, 75, 1.0114996433258057, 47.82636618614197, 76000, 0.04361808731936606, 0.17516084312697514
2, 2, 1, Ada_dynamic_dbscan, 0.7016, 10, 15, 54, 76, 0.999753475189209, 48.82611966133118, 77000, 0.04379339107103479, 0.17586072446807732
2, 2, 1, Ada_dynamic_dbscan, 0.7016, 10, 15, 54, 77, 1.0146665573120117, 49.84078621864319, 78000, 0.04388768558357057, 0.17592680583811882
2, 2, 1, Ada_dynamic_dbscan, 0.7016, 10, 15, 54, 78, 1.0638246536254883, 50.90461087226868, 79000, 0.044212217372648265, 0.17668749982470397
2, 2, 1, Ada_dynamic_dbscan, 0.7016, 10, 15, 54, 79, 1.066481351852417, 51.971092224121094, 80000, 0.0440264999737007, 0.17650106984303152
2, 2, 1, Ada_dynamic_dbscan, 0.7016, 10, 15, 54, 80, 1.1093523502349854, 53.08044457435608, 81000, 0.044329815443846746, 0.17660133234430134
2, 2, 1, Ada_dynamic_dbscan, 0.7016, 10, 15, 54, 81, 1.4283947944641113, 54.50883936882019, 82000, 0.044324123182930296, 0.17666001927312133
2, 2, 1, Ada_dynamic_dbscan, 0.7016, 10, 15, 54, 82, 1.292520523071289, 55.80135989189148, 83000, 0.04449330656444027, 0.17694208390105862
2, 2, 1, Ada_dynamic_dbscan, 0.7016, 10, 15, 54, 83, 1.1942579746246338, 56.99561786651611, 84000, 0.04469270183580453, 0.17713143346941757
2, 2, 1, Ada_dynamic_dbscan, 0.7016, 10, 15, 54, 84, 1.2534396648406982, 58.24905753135681, 85000, 0.04496978724491886, 0.1779062541774721
2, 2, 1, Ada_dynamic_dbscan, 0.7016, 10, 15, 54, 85, 1.2298965454101562, 59.47895407676697, 86000, 0.04516875516242993, 0.1784797879459779
2, 2, 1, Ada_dynamic_dbscan, 0.7016, 10, 15, 54, 86, 1.2129406929016113, 60.69189476966858, 87000, 0.045209603852165145, 0.1786605184451731
2, 2, 1, Ada_dynamic_dbscan, 0.7016, 10, 15, 54, 87, 1.1778335571289062, 61.869728326797485, 88000, 0.045483078182950366, 0.1797939460061881
2, 2, 1, Ada_dynamic_dbscan, 0.7016, 10, 15, 54, 88, 1.1602623462677002, 63.029990673065186, 89000, 0.045629358310374096, 0.17998107742821473
2, 2, 1, Ada_dynamic_dbscan, 0.7016, 10, 15, 54, 89, 1.163088321685791, 64.19307899475098, 90000, 0.04589230375684705, 0.18084860338990338
2, 2, 1, Ada_dynamic_dbscan, 0.7016, 10, 15, 54, 90, 1.1521542072296143, 65.34523320198059, 91000, 0.045991308849016074, 0.1809754442608579
2, 2, 1, Ada_dynamic_dbscan, 0.7016, 10, 15, 54, 91, 1.1300218105316162, 66.4752550125122, 92000, 0.046129889256584844, 0.18147159176342967
2, 2, 1, Ada_dynamic_dbscan, 0.7016, 10, 15, 54, 92, 1.1950466632843018, 67.67030167579651, 93000, 0.04627820538822622, 0.18192219819494634
2, 2, 1, Ada_dynamic_dbscan, 0.7016, 10, 15, 54, 93, 1.1923787593841553, 68.86268043518066, 94000, 0.04627646159670063, 0.18211396007984132
2, 2, 1, Ada_dynamic_dbscan, 0.7016, 10, 15, 54, 94, 1.2635879516601562, 70.12626838684082, 95000, 0.046488327692082033, 0.1824065896026
2, 2, 1, Ada_dynamic_dbscan, 0.7016, 10, 15, 54, 95, 1.2458195686340332, 71.37208795547485, 96000, 0.04659570595833998, 0.18269451119163194
2, 2, 1, Ada_dynamic_dbscan, 0.7016, 10, 15, 54, 96, 1.2207069396972656, 72.59279489517212, 97000, 0.046654593906371396, 0.18268387757540955
2, 2, 1, Ada_dynamic_dbscan, 0.7016, 10, 15, 54, 97, 1.1760072708129883, 73.76880216598511, 98000, 0.04673072219373525, 0.18289355155065842
2, 2, 1, Ada_dynamic_dbscan, 0.7016, 10, 15, 54, 98, 1.252295732498169, 75.02109789848328, 99000, 0.04688136290132646, 0.18343464138325533
2, 2, 1, Ada_dynamic_dbscan, 0.7016, 10, 15, 54, 99, 2.653172492980957, 77.67427039146423, 100000, 0.04697386902760387, 0.18362006822049043
2, 2, 1, Ada_dynamic_dbscan, 0.7016, 10, 15, 54, 100, 1.2350966930389404, 78.90936708450317, 101000, 0.04701375597789713, 0.18383125893432758
2, 2, 1, Ada_dynamic_dbscan, 0.7016, 10, 15, 54, 101, 1.2333135604858398, 80.14268064498901, 102000, 0.04700046150005698, 0.18395099540483584
2, 2, 1, Ada_dynamic_dbscan, 0.7016, 10, 15, 54, 102, 1.3306992053985596, 81.47337985038757, 103000, 0.04709140531395717, 0.18416822041297803
2, 2, 1, Ada_dynamic_dbscan, 0.7016, 10, 15, 54, 103, 1.2490737438201904, 82.72245359420776, 104000, 0.04716228292486631, 0.1842592227246575
2, 2, 1, Ada_dynamic_dbscan, 0.7016, 10, 15, 54, 104, 1.2715375423431396, 83.9939911365509, 105000, 0.047197259181593225, 0.1843302162200294
2, 2, 1, Ada_dynamic_dbscan, 0.7016, 10, 15, 54, 105, 1.2979648113250732, 85.29195594787598, 106000, 0.04725769151725719, 0.18461255910883598
2, 2, 1, Ada_dynamic_dbscan, 0.7016, 10, 15, 54, 106, 1.324779987335205, 86.61673593521118, 107000, 0.047206367693224935, 0.18473101210568937
2, 2, 1, Ada_dynamic_dbscan, 0.7016, 10, 15, 54, 107, 1.3221549987792969, 87.93889093399048, 108000, 0.04724512222715325, 0.18477994662905628
2, 2, 1, Ada_dynamic_dbscan, 0.7016, 10, 15, 54, 108, 1.3938121795654297, 89.33270311355591, 109000, 0.047287001963090915, 0.18493449170791118
2, 2, 1, Ada_dynamic_dbscan, 0.7016, 10, 15, 54, 109, 1.3887178897857666, 90.72142100334167, 110000, 0.04727167782777224, 0.18489237243115889
2, 2, 1, Ada_dynamic_dbscan, 0.7016, 10, 15, 54, 110, 1.3761887550354004, 92.09760975837708, 111000, 0.04736314393509788, 0.18505955653670722
2, 2, 1, Ada_dynamic_dbscan, 0.7016, 10, 15, 54, 111, 1.3601534366607666, 93.45776319503784, 112000, 0.04744649592343812, 0.18538884414952192
2, 2, 1, Ada_dynamic_dbscan, 0.7016, 10, 15, 54, 112, 1.3649499416351318, 94.82271313667297, 113000, 0.04754529354132498, 0.1856653439737809
2, 2, 1, Ada_dynamic_dbscan, 0.7016, 10, 15, 54, 113, 1.3917548656463623, 96.21446800231934, 114000, 0.04761618207587159, 0.18564373994755243
2, 2, 1, Ada_dynamic_dbscan, 0.7016, 10, 15, 54, 114, 1.4320952892303467, 97.64656329154968, 115000, 0.04766176339075677, 0.1857253552035344
2, 2, 1, Ada_dynamic_dbscan, 0.7016, 10, 15, 54, 115, 1.443983554840088, 99.09054684638977, 116000, 0.04777803621265743, 0.18597124089421932
2, 2, 1, Ada_dynamic_dbscan, 0.7016, 10, 15, 54, 116, 1.456644058227539, 100.54719090461731, 117000, 0.047885219217095126, 0.18607437745758212
2, 2, 1, Ada_dynamic_dbscan, 0.7016, 10, 15, 54, 117, 1.4521229267120361, 101.99931383132935, 118000, 0.047931827311930505, 0.18623312588583749
2, 2, 1, Ada_dynamic_dbscan, 0.7016, 10, 15, 54, 118, 1.4367868900299072, 103.43610072135925, 119000, 0.0482123967760426, 0.18709008678456185
2, 2, 1, Ada_dynamic_dbscan, 0.7016, 10, 15, 54, 119, 1.5179774761199951, 104.95407819747925, 120000, 0.048317421515546695, 0.18754253216776964
2, 2, 1, Ada_dynamic_dbscan, 0.7016, 10, 15, 54, 120, 1.5347530841827393, 106.48883128166199, 121000, 0.04838229566396072, 0.1876868426024263
2, 2, 1, Ada_dynamic_dbscan, 0.7016, 10, 15, 54, 121, 1.4883229732513428, 107.97715425491333, 122000, 0.04845782636076957, 0.1879439774946279
2, 2, 1, Ada_dynamic_dbscan, 0.7016, 10, 15, 54, 122, 1.5342621803283691, 109.5114164352417, 123000, 0.04856526993997123, 0.18841302343019678
2, 2, 1, Ada_dynamic_dbscan, 0.7016, 10, 15, 54, 123, 1.638634443283081, 111.15005087852478, 124000, 0.04858550316260597, 0.18833057725311267
2, 2, 1, Ada_dynamic_dbscan, 0.7016, 10, 15, 54, 124, 1.5676374435424805, 112.71768832206726, 125000, 0.04859866784190275, 0.18829820415794316
2, 2, 1, Ada_dynamic_dbscan, 0.7016, 10, 15, 54, 125, 1.5217528343200684, 114.23944115638733, 126000, 0.04859801449191705, 0.18844919218774386
2, 2, 1, Ada_dynamic_dbscan, 0.7016, 10, 15, 54, 126, 1.5576019287109375, 115.79704308509827, 127000, 0.04861564844220994, 0.18850001954567705
2, 2, 1, Ada_dynamic_dbscan, 0.7016, 10, 15, 54, 127, 1.5666966438293457, 117.36373972892761, 128000, 0.04856189881746461, 0.18851732734619955
2, 2, 1, Ada_dynamic_dbscan, 0.7016, 10, 15, 54, 128, 1.5211546421051025, 118.88489437103271, 129000, 0.0486296324285448, 0.1888239597113858
2, 2, 1, Ada_dynamic_dbscan, 0.7016, 10, 15, 54, 129, 1.593878984451294, 120.47877335548401, 130000, 0.04868106508093998, 0.1888694814085141
2, 2, 1, Ada_dynamic_dbscan, 0.7016, 10, 15, 54, 130, 1.6052525043487549, 122.08402585983276, 131000, 0.0487446769336142, 0.1890259324994598
2, 2, 1, Ada_dynamic_dbscan, 0.7016, 10, 15, 54, 131, 3.180903196334839, 125.2649290561676, 132000, 0.04876663069132954, 0.18894352622494556
2, 2, 1, Ada_dynamic_dbscan, 0.7016, 10, 15, 54, 132, 1.6553962230682373, 126.92032527923584, 133000, 0.04875646977696911, 0.1889271935656335
2, 2, 1, Ada_dynamic_dbscan, 0.7016, 10, 15, 54, 133, 1.6512515544891357, 128.57157683372498, 134000, 0.04883727128227481, 0.18898011734465933
2, 2, 1, Ada_dynamic_dbscan, 0.7016, 10, 15, 54, 134, 1.6915369033813477, 130.26311373710632, 135000, 0.04886965485218706, 0.1890464624166442
2, 2, 1, Ada_dynamic_dbscan, 0.7016, 10, 15, 54, 135, 1.6666972637176514, 131.92981100082397, 136000, 0.04897912600139953, 0.1893939907068076
2, 2, 1, Ada_dynamic_dbscan, 0.7016, 10, 15, 54, 136, 1.7099392414093018, 133.63975024223328, 137000, 0.048994773803717986, 0.18954345439222606
2, 2, 1, Ada_dynamic_dbscan, 0.7016, 10, 15, 54, 137, 1.7395703792572021, 135.37932062149048, 138000, 0.049095605065430425, 0.1899721291045402
2, 2, 1, Ada_dynamic_dbscan, 0.7016, 10, 15, 54, 138, 1.7593915462493896, 137.13871216773987, 139000, 0.04905793707468433, 0.18987621458860662
2, 2, 1, Ada_dynamic_dbscan, 0.7016, 10, 15, 54, 139, 1.6760101318359375, 138.8147222995758, 140000, 0.04909852711889894, 0.1898324267591311
2, 2, 1, Ada_dynamic_dbscan, 0.7016, 10, 15, 54, 140, 1.7582671642303467, 140.57298946380615, 141000, 0.04912373550320152, 0.18999291839518717
2, 2, 1, Ada_dynamic_dbscan, 0.7016, 10, 15, 54, 141, 1.832986831665039, 142.4059762954712, 142000, 0.04920076754470771, 0.19016597059294246
2, 2, 1, Ada_dynamic_dbscan, 0.7016, 10, 15, 54, 142, 1.7646729946136475, 144.17064929008484, 143000, 0.04920489604126288, 0.19018675473625365
2, 2, 1, Ada_dynamic_dbscan, 0.7016, 10, 15, 54, 143, 1.7196464538574219, 145.89029574394226, 144000, 0.04924685186619958, 0.19034510796676202
2, 2, 1, Ada_dynamic_dbscan, 0.7016, 10, 15, 54, 144, 1.7237749099731445, 147.6140706539154, 145000, 0.049262893355863646, 0.19062902315238525
2, 2, 1, Ada_dynamic_dbscan, 0.7016, 10, 15, 54, 145, 1.8545212745666504, 149.46859192848206, 146000, 0.049273511884455244, 0.19067629316652204
2, 2, 1, Ada_dynamic_dbscan, 0.7016, 10, 15, 54, 146, 1.8024117946624756, 151.27100372314453, 147000, 0.049372140600602264, 0.19092072918675032
2, 2, 1, Ada_dynamic_dbscan, 0.7016, 10, 15, 54, 147, 1.788665533065796, 153.05966925621033, 148000, 0.04945647408676735, 0.19105856951736502
2, 2, 1, Ada_dynamic_dbscan, 0.7016, 10, 15, 54, 148, 1.9267079830169678, 154.9863772392273, 149000, 0.04953718056337968, 0.1911651035190966
2, 2, 1, Ada_dynamic_dbscan, 0.7016, 10, 15, 54, 149, 1.8577165603637695, 156.84409379959106, 150000, 0.04958587024787548, 0.19132473113103324
2, 2, 1, Ada_dynamic_dbscan, 0.7016, 10, 15, 54, 150, 1.9928314685821533, 158.83692526817322, 151000, 0.04966375614713459, 0.1915156479855148
2, 2, 1, Ada_dynamic_dbscan, 0.7016, 10, 15, 54, 151, 1.9109725952148438, 160.74789786338806, 152000, 0.04970103840655665, 0.1916259653403805
2, 2, 1, Ada_dynamic_dbscan, 0.7016, 10, 15, 54, 152, 1.8816726207733154, 162.62957048416138, 153000, 0.04969756787248343, 0.19162995713236256
2, 2, 1, Ada_dynamic_dbscan, 0.7016, 10, 15, 54, 153, 1.8604083061218262, 164.4899787902832, 154000, 0.04971356552948756, 0.1917010724157071
2, 2, 1, Ada_dynamic_dbscan, 0.7016, 10, 15, 54, 154, 1.855036973953247, 166.34501576423645, 155000, 0.049648804488478755, 0.19165829828941924
2, 2, 1, Ada_dynamic_dbscan, 0.7016, 10, 15, 54, 155, 1.8417398929595947, 168.18675565719604, 156000, 0.04970275186818476, 0.19179100361008802
2, 2, 1, Ada_dynamic_dbscan, 0.7016, 10, 15, 54, 156, 1.855231523513794, 170.04198718070984, 157000, 0.049781131331635683, 0.19206962160789565
2, 2, 1, Ada_dynamic_dbscan, 0.7016, 10, 15, 54, 157, 1.9369518756866455, 171.97893905639648, 158000, 0.0497741893813383, 0.19190310421546053
2, 2, 1, Ada_dynamic_dbscan, 0.7016, 10, 15, 54, 158, 1.9759442806243896, 173.95488333702087, 159000, 0.04986906263222341, 0.19208193510606728
2, 2, 1, Ada_dynamic_dbscan, 0.7016, 10, 15, 54, 159, 1.9176373481750488, 175.87252068519592, 160000, 0.04990478281254612, 0.1922508788521255
2, 2, 1, Ada_dynamic_dbscan, 0.7016, 10, 15, 54, 160, 2.0460026264190674, 177.918523311615, 161000, 0.04996259131424221, 0.19246175857380138
2, 2, 1, Ada_dynamic_dbscan, 0.7016, 10, 15, 54, 161, 1.9475693702697754, 179.86609268188477, 162000, 0.05005290236804335, 0.19239602635790445
2, 2, 1, Ada_dynamic_dbscan, 0.7016, 10, 15, 54, 162, 2.070449113845825, 181.9365417957306, 163000, 0.050074845883743904, 0.19249290348024795
2, 2, 1, Ada_dynamic_dbscan, 0.7016, 10, 15, 54, 163, 2.0537796020507812, 183.99032139778137, 164000, 0.05004284218375419, 0.1925241903652324
2, 2, 1, Ada_dynamic_dbscan, 0.7016, 10, 15, 54, 164, 2.049957275390625, 186.040278673172, 165000, 0.05006711964734007, 0.19256190431168368
2, 2, 1, Ada_dynamic_dbscan, 0.7016, 10, 15, 54, 165, 2.1340789794921875, 188.17435765266418, 166000, 0.05007395579091849, 0.19271463708249903
2, 2, 1, Ada_dynamic_dbscan, 0.7016, 10, 15, 54, 166, 2.0722060203552246, 190.2465636730194, 167000, 0.05015518913332643, 0.1929973211883662
2, 2, 1, Ada_dynamic_dbscan, 0.7016, 10, 15, 54, 167, 2.0309910774230957, 192.2775547504425, 168000, 0.05015975723747274, 0.19294741202206303
2, 2, 1, Ada_dynamic_dbscan, 0.7016, 10, 15, 54, 168, 2.1294357776641846, 194.4069905281067, 169000, 0.05020857288278726, 0.19310248905867805
2, 2, 1, Ada_dynamic_dbscan, 0.7016, 10, 15, 54, 169, 2.055676221847534, 196.46266674995422, 170000, 0.05018210991253636, 0.1930685085788215
2, 2, 1, Ada_dynamic_dbscan, 0.7016, 10, 15, 54, 170, 2.139249801635742, 198.60191655158997, 171000, 0.05020930535286446, 0.19317650292999508
2, 2, 1, Ada_dynamic_dbscan, 0.7016, 10, 15, 54, 171, 2.144059658050537, 200.7459762096405, 172000, 0.05024571045977745, 0.19326385304042795
2, 2, 1, Ada_dynamic_dbscan, 0.7016, 10, 15, 54, 172, 3.8837697505950928, 204.6297459602356, 173000, 0.050251741166585685, 0.19330528367402103
2, 2, 1, Ada_dynamic_dbscan, 0.7016, 10, 15, 54, 173, 2.128112316131592, 206.7578582763672, 174000, 0.050300908560967375, 0.19340717552808304
2, 2, 1, Ada_dynamic_dbscan, 0.7016, 10, 15, 54, 174, 2.118985176086426, 208.8768434524536, 175000, 0.05035048845526204, 0.19341001003471947
2, 2, 1, Ada_dynamic_dbscan, 0.7016, 10, 15, 54, 175, 2.118588447570801, 210.9954319000244, 176000, 0.050366816469710765, 0.19352297154553894
2, 2, 1, Ada_dynamic_dbscan, 0.7016, 10, 15, 54, 176, 2.1786255836486816, 213.1740574836731, 177000, 0.050422239071962235, 0.19367003517005796
2, 2, 1, Ada_dynamic_dbscan, 0.7016, 10, 15, 54, 177, 2.317629337310791, 215.4916868209839, 178000, 0.05045875947218939, 0.19393784723851432
2, 2, 1, Ada_dynamic_dbscan, 0.7016, 10, 15, 54, 178, 2.165529489517212, 217.6572163105011, 179000, 0.050500936200700605, 0.19399942158915748
2, 2, 1, Ada_dynamic_dbscan, 0.7016, 10, 15, 54, 179, 2.246962070465088, 219.9041783809662, 180000, 0.050524248430463395, 0.1940834586141248
2, 2, 1, Ada_dynamic_dbscan, 0.7016, 10, 15, 54, 180, 2.2277793884277344, 222.13195776939392, 181000, 0.05058611221626312, 0.19416101881033443
2, 2, 1, Ada_dynamic_dbscan, 0.7016, 10, 15, 54, 181, 2.232377767562866, 224.3643355369568, 182000, 0.050567884808953495, 0.19413853500749365
2, 2, 1, Ada_dynamic_dbscan, 0.7016, 10, 15, 54, 182, 2.343858242034912, 226.7081937789917, 183000, 0.05055177400732393, 0.19410781641882383
2, 2, 1, Ada_dynamic_dbscan, 0.7016, 10, 15, 54, 183, 2.2285103797912598, 228.93670415878296, 184000, 0.0505765933763351, 0.19417037791175265
2, 2, 1, Ada_dynamic_dbscan, 0.7016, 10, 15, 54, 184, 2.3518996238708496, 231.2886037826538, 185000, 0.050608040183456646, 0.19414147675426996
2, 2, 1, Ada_dynamic_dbscan, 0.7016, 10, 15, 54, 185, 2.3285112380981445, 233.61711502075195, 186000, 0.050648398245000316, 0.1943276548548694
2, 2, 1, Ada_dynamic_dbscan, 0.7016, 10, 15, 54, 186, 2.347598075866699, 235.96471309661865, 187000, 0.05066349370666088, 0.19440025701546168
2, 2, 1, Ada_dynamic_dbscan, 0.7016, 10, 15, 54, 187, 2.3379194736480713, 238.30263257026672, 188000, 0.050578964127370216, 0.1943842870817281
2, 2, 1, Ada_dynamic_dbscan, 0.7016, 10, 15, 54, 188, 2.3703577518463135, 240.67299032211304, 189000, 0.050568986339969695, 0.19434595530736246
2, 2, 1, Ada_dynamic_dbscan, 0.7016, 10, 15, 54, 189, 2.3256266117095947, 242.99861693382263, 190000, 0.0506056603980028, 0.19438850275153804
2, 2, 1, Ada_dynamic_dbscan, 0.7016, 10, 15, 54, 190, 2.401308298110962, 245.3999252319336, 191000, 0.050584628943041055, 0.19433845776787825
2, 2, 1, Ada_dynamic_dbscan, 0.7016, 10, 15, 54, 191, 2.3056018352508545, 247.70552706718445, 192000, 0.05055191481303812, 0.19430435636384172
2, 2, 1, Ada_dynamic_dbscan, 0.7016, 10, 15, 54, 192, 2.393263101577759, 250.0987901687622, 193000, 0.05056275227947372, 0.19433247830542266
2, 2, 1, Ada_dynamic_dbscan, 0.7016, 10, 15, 54, 193, 2.601608991622925, 252.70039916038513, 194000, 0.05057014666867747, 0.19444360391894827
2, 2, 1, Ada_dynamic_dbscan, 0.7016, 10, 15, 54, 194, 2.3121442794799805, 255.0125434398651, 195000, 0.05056768068300844, 0.19444066851133388
2, 2, 1, Ada_dynamic_dbscan, 0.7016, 10, 15, 54, 195, 2.4967446327209473, 257.50928807258606, 196000, 0.05051993350643841, 0.1944445919742771
2, 2, 1, Ada_dynamic_dbscan, 0.7016, 10, 15, 54, 196, 2.42818546295166, 259.9374735355377, 197000, 0.050532164204310094, 0.1945361903929083
2, 2, 1, Ada_dynamic_dbscan, 0.7016, 10, 15, 54, 197, 2.3868234157562256, 262.32429695129395, 198000, 0.050592887768696894, 0.19475568925582895
2, 2, 1, Ada_dynamic_dbscan, 0.7016, 10, 15, 54, 198, 2.5694217681884766, 264.8937187194824, 199000, 0.05064562712639232, 0.19480100957303575
2, 2, 1, Ada_dynamic_dbscan, 0.7016, 10, 15, 54, 199, 2.454519510269165, 267.3482382297516, 200000, 0.050653536424837074, 0.19492802256998126
2, 2, 1, Ada_dynamic_dbscan, 0.7016, 10, 15, 54, 200, 2.576869010925293, 269.9251072406769, 201000, 0.050752555979769326, 0.19505797861625437
2, 2, 1, Ada_dynamic_dbscan, 0.7016, 10, 15, 54, 201, 2.4192521572113037, 272.3443593978882, 202000, 0.05079079928764404, 0.19511571050045504
2, 2, 1, Ada_dynamic_dbscan, 0.7016, 10, 15, 54, 202, 2.4501795768737793, 274.79453897476196, 203000, 0.050804350014704756, 0.19520227310530627
2, 2, 1, Ada_dynamic_dbscan, 0.7016, 10, 15, 54, 203, 2.561349868774414, 277.3558888435364, 204000, 0.05080541621694115, 0.1952107108638004
2, 2, 1, Ada_dynamic_dbscan, 0.7016, 10, 15, 54, 204, 2.3857743740081787, 279.74166321754456, 205000, 0.05076735983131162, 0.1950731011768236
2, 2, 1, Ada_dynamic_dbscan, 0.7016, 10, 15, 54, 205, 2.6473958492279053, 282.38905906677246, 206000, 0.050809711833744414, 0.19517601660891779
2, 2, 1, Ada_dynamic_dbscan, 0.7016, 10, 15, 54, 206, 2.7138044834136963, 285.10286355018616, 207000, 0.050829153134031684, 0.19515618947256855
2, 2, 1, Ada_dynamic_dbscan, 0.7016, 10, 15, 54, 207, 2.6278414726257324, 287.7307050228119, 208000, 0.05087963401963403, 0.19526812152535153
2, 2, 1, Ada_dynamic_dbscan, 0.7016, 10, 15, 54, 208, 2.5736238956451416, 290.30432891845703, 209000, 0.05084529226552117, 0.19518138921131561
2, 2, 1, Ada_dynamic_dbscan, 0.7016, 10, 15, 54, 209, 2.7843663692474365, 293.08869528770447, 210000, 0.050873485733510526, 0.1952757544644051
2, 2, 1, Ada_dynamic_dbscan, 0.7016, 10, 15, 54, 210, 2.6927924156188965, 295.78148770332336, 211000, 0.050886959549958526, 0.1953719524459095
2, 2, 1, Ada_dynamic_dbscan, 0.7016, 10, 15, 54, 211, 2.696824550628662, 298.478312253952, 212000, 0.0508660989870709, 0.19531593654554102
2, 2, 1, Ada_dynamic_dbscan, 0.7016, 10, 15, 54, 212, 2.622718572616577, 301.1010308265686, 213000, 0.05086511829806491, 0.19527909456848067
2, 2, 1, Ada_dynamic_dbscan, 0.7016, 10, 15, 54, 213, 2.783208131790161, 303.88423895835876, 214000, 0.050856251028140065, 0.1953293309252045
2, 2, 1, Ada_dynamic_dbscan, 0.7016, 10, 15, 54, 214, 2.7229933738708496, 306.6072323322296, 215000, 0.05090120478478006, 0.19548229929827532
2, 2, 1, Ada_dynamic_dbscan, 0.7016, 10, 15, 54, 215, 2.721926212310791, 309.3291585445404, 216000, 0.050909841234393606, 0.1955317986659322
2, 2, 1, Ada_dynamic_dbscan, 0.7016, 10, 15, 54, 216, 2.7667758464813232, 312.09593439102173, 217000, 0.05089861047525386, 0.19556654306617852
2, 2, 1, Ada_dynamic_dbscan, 0.7016, 10, 15, 54, 217, 2.6326563358306885, 314.7285907268524, 218000, 0.05092929214963003, 0.19565312511676206
2, 2, 1, Ada_dynamic_dbscan, 0.7016, 10, 15, 54, 218, 2.836777687072754, 317.56536841392517, 219000, 0.050971831689740656, 0.19571271252462505
2, 2, 1, Ada_dynamic_dbscan, 0.7016, 10, 15, 54, 219, 2.646000385284424, 320.2113687992096, 220000, 0.050965887918622395, 0.19577304718785699
2, 2, 1, Ada_dynamic_dbscan, 0.7016, 10, 15, 54, 220, 2.796658754348755, 323.00802755355835, 221000, 0.05096869351689294, 0.19573533656795136
2, 2, 1, Ada_dynamic_dbscan, 0.7016, 10, 15, 54, 221, 2.746594190597534, 325.7546217441559, 222000, 0.05097025300844503, 0.19577587485180226
2, 2, 1, Ada_dynamic_dbscan, 0.7016, 10, 15, 54, 222, 2.6981513500213623, 328.45277309417725, 223000, 0.05094259742627261, 0.19574310707725678
2, 2, 1, Ada_dynamic_dbscan, 0.7016, 10, 15, 54, 223, 2.821575164794922, 331.27434825897217, 224000, 0.05095535155564993, 0.19580458146392926
2, 2, 1, Ada_dynamic_dbscan, 0.7016, 10, 15, 54, 224, 2.863553762435913, 334.1379020214081, 225000, 0.05092715640147165, 0.19577351106452884
2, 2, 1, Ada_dynamic_dbscan, 0.7016, 10, 15, 54, 225, 4.828350067138672, 338.96625208854675, 226000, 0.05092554908510931, 0.19579857996655115
2, 2, 1, Ada_dynamic_dbscan, 0.7016, 10, 15, 54, 226, 2.9684665203094482, 341.9347186088562, 227000, 0.0509945818040188, 0.19594756131643734
2, 2, 1, Ada_dynamic_dbscan, 0.7016, 10, 15, 54, 227, 2.720358371734619, 344.6550769805908, 228000, 0.051021825245918744, 0.19605049111646156
2, 2, 1, Ada_dynamic_dbscan, 0.7016, 10, 15, 54, 228, 2.8630990982055664, 347.5181760787964, 229000, 0.05100933709964441, 0.19616180965293936
2, 2, 1, Ada_dynamic_dbscan, 0.7016, 10, 15, 54, 229, 2.767458200454712, 350.2856342792511, 230000, 0.05101535542355614, 0.19620178837166086
2, 2, 1, Ada_dynamic_dbscan, 0.7016, 10, 15, 54, 230, 2.87522029876709, 353.1608545780182, 231000, 0.05102552372472302, 0.19621451230883227
2, 2, 1, Ada_dynamic_dbscan, 0.7016, 10, 15, 54, 231, 2.981144905090332, 356.1419994831085, 232000, 0.05106713257093527, 0.19635539676737251
2, 2, 1, Ada_dynamic_dbscan, 0.7016, 10, 15, 54, 232, 2.956505537033081, 359.0985050201416, 233000, 0.05108688096869584, 0.1964247799238073
2, 2, 1, Ada_dynamic_dbscan, 0.7016, 10, 15, 54, 233, 2.9689719676971436, 362.06747698783875, 234000, 0.05112461335592896, 0.19653351907946953
2, 2, 1, Ada_dynamic_dbscan, 0.7016, 10, 15, 54, 234, 2.9074649810791016, 364.97494196891785, 235000, 0.05115994184004931, 0.19664536950135483
2, 2, 1, Ada_dynamic_dbscan, 0.7016, 10, 15, 54, 235, 2.949944257736206, 367.92488622665405, 236000, 0.05117719493440432, 0.19668928630438498
2, 2, 1, Ada_dynamic_dbscan, 0.7016, 10, 15, 54, 236, 2.934652090072632, 370.8595383167267, 237000, 0.05118668667092056, 0.1966562652857635
2, 2, 1, Ada_dynamic_dbscan, 0.7016, 10, 15, 54, 237, 2.9333086013793945, 373.7928469181061, 238000, 0.051166903534295996, 0.19665975139510852
2, 2, 1, Ada_dynamic_dbscan, 0.7016, 10, 15, 54, 238, 2.984259605407715, 376.7771065235138, 239000, 0.05119937386236346, 0.1966327248165736
2, 2, 1, Ada_dynamic_dbscan, 0.7016, 10, 15, 54, 239, 3.116548776626587, 379.8936553001404, 240000, 0.05121092405302326, 0.19663505822162913
2, 2, 1, Ada_dynamic_dbscan, 0.7016, 10, 15, 54, 240, 2.9518680572509766, 382.84552335739136, 241000, 0.051248467207164417, 0.19661220525644466
2, 2, 1, Ada_dynamic_dbscan, 0.7016, 10, 15, 54, 241, 3.02793550491333, 385.8734588623047, 242000, 0.05123246235276723, 0.1966156112199564
2, 2, 1, Ada_dynamic_dbscan, 0.7016, 10, 15, 54, 242, 2.916720151901245, 388.79017901420593, 243000, 0.051205392888587546, 0.19655811265257814
2, 2, 1, Ada_dynamic_dbscan, 0.7016, 10, 15, 54, 243, 2.792959451675415, 391.58313846588135, 244000, 0.05121870385849546, 0.1965546079968551
2, 2, 1, Ada_dynamic_dbscan, 0.7016, 10, 15, 54, 244, 3.003748655319214, 394.58688712120056, 245000, 0.051232470752212655, 0.19664919554604132
2, 2, 1, Ada_dynamic_dbscan, 0.7016, 10, 15, 54, 245, 3.6195924282073975, 398.20647954940796, 246000, 0.05124355184845407, 0.19664470800060338
2, 2, 1, Ada_dynamic_dbscan, 0.7016, 10, 15, 54, 246, 3.261228084564209, 401.46770763397217, 247000, 0.05124576761817698, 0.19668393985535007
2, 2, 1, Ada_dynamic_dbscan, 0.7016, 10, 15, 54, 247, 3.1101903915405273, 404.5778980255127, 248000, 0.051237292568707044, 0.1966674385759751
2, 2, 1, Ada_dynamic_dbscan, 0.7016, 10, 15, 54, 248, 3.1263301372528076, 407.7042281627655, 249000, 0.05124463119931156, 0.19681785382208844
2, 2, 1, Ada_dynamic_dbscan, 0.7016, 10, 15, 54, 249, 3.1846940517425537, 410.88892221450806, 250000, 0.05126618424942301, 0.19687409948113557
2, 2, 1, Ada_dynamic_dbscan, 0.7016, 10, 15, 54, 250, 2.8913302421569824, 413.78025245666504, 251000, 0.05126137749297449, 0.196878897328368
2, 2, 1, Ada_dynamic_dbscan, 0.7016, 10, 15, 54, 251, 3.085322618484497, 416.86557507514954, 252000, 0.05123649829812568, 0.1968679567121173
2, 2, 1, Ada_dynamic_dbscan, 0.7016, 10, 15, 54, 252, 3.186331272125244, 420.0519063472748, 253000, 0.05126222414784761, 0.19694572763475146
2, 2, 1, Ada_dynamic_dbscan, 0.7016, 10, 15, 54, 253, 3.0659499168395996, 423.1178562641144, 254000, 0.05125124126014447, 0.19690281152686076
2, 2, 1, Ada_dynamic_dbscan, 0.7016, 10, 15, 54, 254, 3.1458258628845215, 426.2636821269989, 255000, 0.051238611284460056, 0.19691264407958461
2, 2, 1, Ada_dynamic_dbscan, 0.7016, 10, 15, 54, 255, 3.051884889602661, 429.31556701660156, 256000, 0.05125281231337498, 0.19696480460023338
2, 2, 1, Ada_dynamic_dbscan, 0.7016, 10, 15, 54, 256, 3.105694055557251, 432.4212610721588, 257000, 0.051264866250862635, 0.1969567373256348
2, 2, 1, Ada_dynamic_dbscan, 0.7016, 10, 15, 54, 257, 3.2853541374206543, 435.70661520957947, 258000, 0.05127623992638992, 0.1969829583885753
2, 2, 1, Ada_dynamic_dbscan, 0.7016, 10, 15, 54, 258, 3.202253818511963, 438.90886902809143, 259000, 0.051264533789746936, 0.19698972973140172
2, 2, 1, Ada_dynamic_dbscan, 0.7016, 10, 15, 54, 259, 3.2374801635742188, 442.14634919166565, 260000, 0.05127976081681686, 0.19703368667745103
2, 2, 1, Ada_dynamic_dbscan, 0.7016, 10, 15, 54, 260, 3.1136066913604736, 445.2599558830261, 261000, 0.05125542247439204, 0.1969988303278974
2, 2, 1, Ada_dynamic_dbscan, 0.7016, 10, 15, 54, 261, 2.994368314743042, 448.25432419776917, 262000, 0.051269996808532774, 0.19705921762218107
2, 2, 1, Ada_dynamic_dbscan, 0.7016, 10, 15, 54, 262, 3.243116855621338, 451.4974410533905, 263000, 0.05127270655275208, 0.19710833231569597
2, 2, 1, Ada_dynamic_dbscan, 0.7016, 10, 15, 54, 263, 3.1813292503356934, 454.6787703037262, 264000, 0.05131029364253514, 0.19716962069715824
2, 2, 1, Ada_dynamic_dbscan, 0.7016, 10, 15, 54, 264, 3.134929895401001, 457.8137001991272, 265000, 0.05132534094275117, 0.19724729941642283
2, 2, 1, Ada_dynamic_dbscan, 0.7016, 10, 15, 54, 265, 3.137364625930786, 460.951064825058, 266000, 0.05134917874562431, 0.19731535732961544
2, 2, 1, Ada_dynamic_dbscan, 0.7016, 10, 15, 54, 266, 3.293405294418335, 464.2444701194763, 267000, 0.05136347170012898, 0.1973713234030239
2, 2, 1, Ada_dynamic_dbscan, 0.7016, 10, 15, 54, 267, 3.222654104232788, 467.4671242237091, 268000, 0.05137865956219084, 0.19738060411248345
2, 2, 1, Ada_dynamic_dbscan, 0.7016, 10, 15, 54, 268, 3.254849672317505, 470.7219738960266, 269000, 0.05137866083111128, 0.19735545971537324
2, 2, 1, Ada_dynamic_dbscan, 0.7016, 10, 15, 54, 269, 3.245680332183838, 473.96765422821045, 270000, 0.05139390836477465, 0.197330624653322
2, 2, 1, Ada_dynamic_dbscan, 0.7016, 10, 15, 54, 270, 3.4392504692077637, 477.4069046974182, 271000, 0.05144679964453364, 0.19732509186507782
2, 2, 1, Ada_dynamic_dbscan, 0.7016, 10, 15, 54, 271, 3.2549397945404053, 480.6618444919586, 272000, 0.05147850333875035, 0.1974251688019131
2, 2, 1, Ada_dynamic_dbscan, 0.7016, 10, 15, 54, 272, 3.4213764667510986, 484.0832209587097, 273000, 0.051484913210824795, 0.19747565196799025
2, 2, 1, Ada_dynamic_dbscan, 0.7016, 10, 15, 54, 273, 3.3142406940460205, 487.39746165275574, 274000, 0.05145907673768262, 0.19741395604746123
2, 2, 1, Ada_dynamic_dbscan, 0.7016, 10, 15, 54, 274, 3.36069655418396, 490.7581582069397, 275000, 0.051455855536741826, 0.1974260202180108
2, 2, 1, Ada_dynamic_dbscan, 0.7016, 10, 15, 54, 275, 3.5176711082458496, 494.27582931518555, 276000, 0.05142777495766817, 0.19741060043197017
2, 2, 1, Ada_dynamic_dbscan, 0.7016, 10, 15, 54, 276, 3.4043195247650146, 497.68014883995056, 277000, 0.05144629520176452, 0.19749105902582317
2, 2, 1, Ada_dynamic_dbscan, 0.7016, 10, 15, 54, 277, 3.4152991771698, 501.09544801712036, 278000, 0.05141107360748013, 0.19748503904903672
2, 2, 1, Ada_dynamic_dbscan, 0.7016, 10, 15, 54, 278, 3.500675678253174, 504.59612369537354, 279000, 0.05141502220979456, 0.1975145118635138
2, 2, 1, Ada_dynamic_dbscan, 0.7016, 10, 15, 54, 279, 3.393887758255005, 507.99001145362854, 280000, 0.05141188973130255, 0.19751381568811596
2, 2, 1, Ada_dynamic_dbscan, 0.7016, 10, 15, 54, 280, 3.3787105083465576, 511.3687219619751, 281000, 0.051417346440711546, 0.19750654275315424
2, 2, 1, Ada_dynamic_dbscan, 0.7016, 10, 15, 54, 281, 3.4793496131896973, 514.8480715751648, 282000, 0.05142923814165155, 0.19761829289677738
2, 2, 1, Ada_dynamic_dbscan, 0.7016, 10, 15, 54, 282, 3.4233765602111816, 518.271448135376, 283000, 0.05143760280120601, 0.19764610288544035
2, 2, 1, Ada_dynamic_dbscan, 0.7016, 10, 15, 54, 283, 3.716069221496582, 521.9875173568726, 284000, 0.051413083162040345, 0.1975995285511125
2, 2, 1, Ada_dynamic_dbscan, 0.7016, 10, 15, 54, 284, 3.4570469856262207, 525.4445643424988, 285000, 0.051422760255462406, 0.197594672528581
2, 2, 1, Ada_dynamic_dbscan, 0.7016, 10, 15, 54, 285, 3.6254308223724365, 529.0699951648712, 286000, 0.05139310195408589, 0.19761410581864028
2, 2, 1, Ada_dynamic_dbscan, 0.7016, 10, 15, 54, 286, 3.5755929946899414, 532.6455881595612, 287000, 0.051405971849922225, 0.19764890047070774
2, 2, 1, Ada_dynamic_dbscan, 0.7016, 10, 15, 54, 287, 3.571441173553467, 536.2170293331146, 288000, 0.05140765101345279, 0.19765463378218961
2, 2, 1, Ada_dynamic_dbscan, 0.7016, 10, 15, 54, 288, 3.6348159313201904, 539.8518452644348, 289000, 0.05142223625055094, 0.19766586746033404
2, 2, 1, Ada_dynamic_dbscan, 0.7016, 10, 15, 54, 289, 3.474776268005371, 543.3266215324402, 290000, 0.051419688859196275, 0.19768059497366233
2, 2, 1, Ada_dynamic_dbscan, 0.7016, 10, 15, 54, 290, 3.5484611988067627, 546.875082731247, 291000, 0.05140509620801406, 0.197637211435961
2, 2, 1, Ada_dynamic_dbscan, 0.7016, 10, 15, 54, 291, 3.7752835750579834, 550.6503663063049, 292000, 0.05136843550643438, 0.19758724686260992
2, 2, 1, Ada_dynamic_dbscan, 0.7016, 10, 15, 54, 292, 3.46661114692688, 554.1169774532318, 293000, 0.05137964485600532, 0.19758133053004615
2, 2, 1, Ada_dynamic_dbscan, 0.7016, 10, 15, 54, 293, 3.4561448097229004, 557.5731222629547, 294000, 0.051350683185492185, 0.19739399276676275
2, 2, 1, Ada_dynamic_dbscan, 0.7016, 10, 15, 54, 294, 5.835760116577148, 563.4088823795319, 295000, 0.051414737673893394, 0.19745379364356327
2, 2, 1, Ada_dynamic_dbscan, 0.7016, 10, 15, 54, 295, 3.5982885360717773, 567.0071709156036, 296000, 0.0514155499307924, 0.19739722755866912
2, 2, 1, Ada_dynamic_dbscan, 0.7016, 10, 15, 54, 296, 3.609476089477539, 570.6166470050812, 297000, 0.051418713602944345, 0.19742271449159116
2, 2, 1, Ada_dynamic_dbscan, 0.7016, 10, 15, 54, 297, 3.5988264083862305, 574.2154734134674, 298000, 0.051395270385384245, 0.19737363805201577
2, 2, 1, Ada_dynamic_dbscan, 0.7016, 10, 15, 54, 298, 3.75644850730896, 577.9719219207764, 299000, 0.05141600953631161, 0.19742492498134495
2, 2, 1, Ada_dynamic_dbscan, 0.7016, 10, 15, 54, 299, 3.8634140491485596, 581.8353359699249, 300000, 0.05141809429233414, 0.19746970354302104
2, 2, 1, Ada_dynamic_dbscan, 0.7016, 10, 15, 54, 300, 3.59920334815979, 585.4345393180847, 301000, 0.05141380439510608, 0.1974701299170116
2, 2, 1, Ada_dynamic_dbscan, 0.7016, 10, 15, 54, 301, 3.6366915702819824, 589.0712308883667, 302000, 0.05139211512627362, 0.1974986828251361
2, 2, 1, Ada_dynamic_dbscan, 0.7016, 10, 15, 54, 302, 3.647683620452881, 592.7189145088196, 303000, 0.05137328292921003, 0.19753507134939086
2, 2, 1, Ada_dynamic_dbscan, 0.7016, 10, 15, 54, 303, 3.7326409816741943, 596.4515554904938, 304000, 0.05137106141700603, 0.19755684395043716
2, 2, 1, Ada_dynamic_dbscan, 0.7016, 10, 15, 54, 304, 3.8284788131713867, 600.2800343036652, 305000, 0.05138021806475546, 0.19756994795948588
2, 2, 1, Ada_dynamic_dbscan, 0.7016, 10, 15, 54, 305, 3.7539126873016357, 604.0339469909668, 306000, 0.05139315334259542, 0.19759848570377467
2, 2, 1, Ada_dynamic_dbscan, 0.7016, 10, 15, 54, 306, 3.853095293045044, 607.8870422840118, 307000, 0.051374389114870925, 0.19757012757934253
2, 2, 1, Ada_dynamic_dbscan, 0.7016, 10, 15, 54, 307, 3.8392200469970703, 611.7262623310089, 308000, 0.05136301929227407, 0.19758029859321485
2, 2, 1, Ada_dynamic_dbscan, 0.7016, 10, 15, 54, 308, 3.616602659225464, 615.3428649902344, 309000, 0.051353168945540865, 0.1975429055590771
2, 2, 1, Ada_dynamic_dbscan, 0.7016, 10, 15, 54, 309, 3.6352767944335938, 618.978141784668, 310000, 0.05137725710497387, 0.19758085320720206
2, 2, 1, Ada_dynamic_dbscan, 0.7016, 10, 15, 54, 310, 3.6578826904296875, 622.6360244750977, 311000, 0.05140739810013484, 0.19759261347220522
2, 2, 1, Ada_dynamic_dbscan, 0.7016, 10, 15, 54, 311, 3.8407444953918457, 626.4767689704895, 312000, 0.05140099502093794, 0.19763036800460554
2, 2, 1, Ada_dynamic_dbscan, 0.7016, 10, 15, 54, 312, 3.8473312854766846, 630.3241002559662, 313000, 0.05143397703821606, 0.19763606723128296
2, 2, 1, Ada_dynamic_dbscan, 0.7016, 10, 15, 54, 313, 4.014281272888184, 634.3383815288544, 314000, 0.051432405127276606, 0.19760146150072425
2, 2, 1, Ada_dynamic_dbscan, 0.7016, 10, 15, 54, 314, 3.8129777908325195, 638.1513593196869, 315000, 0.051439500368213105, 0.1975892114077904
2, 2, 1, Ada_dynamic_dbscan, 0.7016, 10, 15, 54, 315, 3.876610040664673, 642.0279693603516, 316000, 0.051489950932723516, 0.1977060763734552
2, 2, 1, Ada_dynamic_dbscan, 0.7016, 10, 15, 54, 316, 4.020231485366821, 646.0482008457184, 317000, 0.0515219587384942, 0.19766755230419744
2, 2, 1, Ada_dynamic_dbscan, 0.7016, 10, 15, 54, 317, 3.8280673027038574, 649.8762681484222, 318000, 0.051493210531210296, 0.1976261329032817
2, 2, 1, Ada_dynamic_dbscan, 0.7016, 10, 15, 54, 318, 4.022099256515503, 653.8983674049377, 319000, 0.051490614400285926, 0.19764736238395678
2, 2, 1, Ada_dynamic_dbscan, 0.7016, 10, 15, 54, 319, 4.07789421081543, 657.9762616157532, 320000, 0.05146910159135911, 0.19758998793415
2, 2, 1, Ada_dynamic_dbscan, 0.7016, 10, 15, 54, 320, 3.913541555404663, 661.8898031711578, 321000, 0.05146842236958988, 0.19757144865800702
2, 2, 1, Ada_dynamic_dbscan, 0.7016, 10, 15, 54, 321, 3.896782636642456, 665.7865858078003, 322000, 0.05147312454578513, 0.1975919209909489
2, 2, 1, Ada_dynamic_dbscan, 0.7016, 10, 15, 54, 322, 3.8594207763671875, 669.6460065841675, 323000, 0.051458603989906725, 0.19757342044205825
2, 2, 1, Ada_dynamic_dbscan, 0.7016, 10, 15, 54, 323, 4.084430456161499, 673.730437040329, 324000, 0.051475503384864514, 0.19759079919685524
2, 2, 1, Ada_dynamic_dbscan, 0.7016, 10, 15, 54, 324, 4.112234830856323, 677.8426718711853, 325000, 0.05151246176420445, 0.1976458055023371
2, 2, 1, Ada_dynamic_dbscan, 0.7016, 10, 15, 54, 325, 4.113288640975952, 681.9559605121613, 326000, 0.05151752217387785, 0.19766654638201284
2, 2, 1, Ada_dynamic_dbscan, 0.7016, 10, 15, 54, 326, 3.954285144805908, 685.9102456569672, 327000, 0.05152425610053768, 0.19765885956471857
2, 2, 1, Ada_dynamic_dbscan, 0.7016, 10, 15, 54, 327, 4.139379024505615, 690.0496246814728, 328000, 0.05153044087999521, 0.19771080764948762
2, 2, 1, Ada_dynamic_dbscan, 0.7016, 10, 15, 54, 328, 3.9606411457061768, 694.010265827179, 329000, 0.05152159291783736, 0.19772108080300818
2, 2, 1, Ada_dynamic_dbscan, 0.7016, 10, 15, 54, 329, 4.20703125, 698.217297077179, 330000, 0.05151796864337599, 0.19774284421266455
2, 2, 1, Ada_dynamic_dbscan, 0.7016, 10, 15, 54, 330, 4.0549492835998535, 702.2722463607788, 331000, 0.051506198432851494, 0.19773614194446873
2, 2, 1, Ada_dynamic_dbscan, 0.7016, 10, 15, 54, 331, 3.9881088733673096, 706.2603552341461, 332000, 0.05152604603595724, 0.1978271607075182
2, 2, 1, Ada_dynamic_dbscan, 0.7016, 10, 15, 54, 332, 4.0851850509643555, 710.3455402851105, 333000, 0.05153514478219258, 0.19782664720639667
2, 2, 1, Ada_dynamic_dbscan, 0.7016, 10, 15, 54, 333, 4.134424924850464, 714.4799652099609, 334000, 0.05154831979474853, 0.19784624101365464
2, 2, 1, Ada_dynamic_dbscan, 0.7016, 10, 15, 54, 334, 4.0422422885894775, 718.5222074985504, 335000, 0.0515505172303759, 0.19787325939960837
2, 2, 1, Ada_dynamic_dbscan, 0.7016, 10, 15, 54, 335, 4.188248634338379, 722.7104561328888, 336000, 0.05154632400211633, 0.19786367845513395
2, 2, 1, Ada_dynamic_dbscan, 0.7016, 10, 15, 54, 336, 4.138219833374023, 726.8486759662628, 337000, 0.05155113192557916, 0.19788915215310401
2, 2, 1, Ada_dynamic_dbscan, 0.7016, 10, 15, 54, 337, 4.035095691680908, 730.8837716579437, 338000, 0.051567750889199286, 0.19790357155605928
2, 2, 1, Ada_dynamic_dbscan, 0.7016, 10, 15, 54, 338, 4.109266996383667, 734.9930386543274, 339000, 0.051573536675919525, 0.19799789206374943
2, 2, 1, Ada_dynamic_dbscan, 0.7016, 10, 15, 54, 339, 4.076200485229492, 739.0692391395569, 340000, 0.05158961759940201, 0.19806061724842053
2, 2, 1, Ada_dynamic_dbscan, 0.7016, 10, 15, 54, 340, 4.306455373764038, 743.3756945133209, 341000, 0.051607757645710725, 0.19809451514500662
2, 2, 1, Ada_dynamic_dbscan, 0.7016, 10, 15, 54, 341, 4.3633270263671875, 747.7390215396881, 342000, 0.051613105761914725, 0.19813738710955645
2, 2, 1, Ada_dynamic_dbscan, 0.7016, 10, 15, 54, 342, 4.2947633266448975, 752.033784866333, 343000, 0.05161235758648055, 0.19810264371615877
2, 2, 1, Ada_dynamic_dbscan, 0.7016, 10, 15, 54, 343, 4.44989013671875, 756.4836750030518, 344000, 0.051582457662812095, 0.19807025220464772
2, 2, 1, Ada_dynamic_dbscan, 0.7016, 10, 15, 54, 344, 4.288908958435059, 760.7725839614868, 345000, 0.05158720202449342, 0.19810060062743087
2, 2, 1, Ada_dynamic_dbscan, 0.7016, 10, 15, 54, 345, 4.152768611907959, 764.9253525733948, 346000, 0.05157914464216472, 0.1980924567980813
2, 2, 1, Ada_dynamic_dbscan, 0.7016, 10, 15, 54, 346, 3.9838688373565674, 768.9092214107513, 347000, 0.051579419120468095, 0.1981309553434278
2, 2, 1, Ada_dynamic_dbscan, 0.7016, 10, 15, 54, 347, 4.255944490432739, 773.1651659011841, 348000, 0.051571885035502314, 0.19811442835164317
2, 2, 1, Ada_dynamic_dbscan, 0.7016, 10, 15, 54, 348, 4.206564664840698, 777.3717305660248, 349000, 0.0515712381399626, 0.19810830945361316
2, 2, 1, Ada_dynamic_dbscan, 0.7016, 10, 15, 54, 349, 4.34342885017395, 781.7151594161987, 350000, 0.05154953114565824, 0.19805105600554698
2, 2, 1, Ada_dynamic_dbscan, 0.7016, 10, 15, 54, 350, 4.455797433853149, 786.1709568500519, 351000, 0.051553534237717344, 0.19806519251450375
2, 2, 1, Ada_dynamic_dbscan, 0.7016, 10, 15, 54, 351, 4.3100197315216064, 790.4809765815735, 352000, 0.05154780903223306, 0.19806310024607393
2, 2, 1, Ada_dynamic_dbscan, 0.7016, 10, 15, 54, 352, 4.201826333999634, 794.6828029155731, 353000, 0.0515801298764409, 0.19812351752590843
2, 2, 1, Ada_dynamic_dbscan, 0.7016, 10, 15, 54, 353, 4.41026759147644, 799.0930705070496, 354000, 0.05157679286383169, 0.19812123658093447
2, 2, 1, Ada_dynamic_dbscan, 0.7016, 10, 15, 54, 354, 4.322604417800903, 803.4156749248505, 355000, 0.051569581862346524, 0.19814859549324373
2, 2, 1, Ada_dynamic_dbscan, 0.7016, 10, 15, 54, 355, 4.344142436981201, 807.7598173618317, 356000, 0.0515590111316152, 0.19811316310888336
2, 2, 1, Ada_dynamic_dbscan, 0.7016, 10, 15, 54, 356, 4.4725751876831055, 812.2323925495148, 357000, 0.05156445841468457, 0.19814030322031922
2, 2, 1, Ada_dynamic_dbscan, 0.7016, 10, 15, 54, 357, 4.446791172027588, 816.6791837215424, 358000, 0.051593545487565104, 0.1982553995817402
2, 2, 1, Ada_dynamic_dbscan, 0.7016, 10, 15, 54, 358, 4.499552249908447, 821.1787359714508, 359000, 0.051590017612874, 0.19825214539007446
2, 2, 1, Ada_dynamic_dbscan, 0.7016, 10, 15, 54, 359, 4.419592618942261, 825.5983285903931, 360000, 0.051585314285579456, 0.19827551075335256
2, 2, 1, Ada_dynamic_dbscan, 0.7016, 10, 15, 54, 360, 4.294494390487671, 829.8928229808807, 361000, 0.051593226066795915, 0.19827962275464805
2, 2, 1, Ada_dynamic_dbscan, 0.7016, 10, 15, 54, 361, 4.366525173187256, 834.259348154068, 362000, 0.05158015796011192, 0.1982914391904143
2, 2, 1, Ada_dynamic_dbscan, 0.7016, 10, 15, 54, 362, 4.382601737976074, 838.6419498920441, 363000, 0.0515593688742998, 0.198240952760034
2, 2, 1, Ada_dynamic_dbscan, 0.7016, 10, 15, 54, 363, 4.7826244831085205, 843.4245743751526, 364000, 0.05155355892243734, 0.19825900412086156
2, 2, 1, Ada_dynamic_dbscan, 0.7016, 10, 15, 54, 364, 4.4842612743377686, 847.9088356494904, 365000, 0.051574829310291885, 0.1982707552315027
2, 2, 1, Ada_dynamic_dbscan, 0.7016, 10, 15, 54, 365, 4.662580966949463, 852.5714166164398, 366000, 0.05157950450901537, 0.19828246787851342
2, 2, 1, Ada_dynamic_dbscan, 0.7016, 10, 15, 54, 366, 4.5378258228302, 857.10924243927, 367000, 0.05159404441971809, 0.19830158415317686
2, 2, 1, Ada_dynamic_dbscan, 0.7016, 10, 15, 54, 367, 4.636123180389404, 861.7453656196594, 368000, 0.0515862339929634, 0.1983334228077733
2, 2, 1, Ada_dynamic_dbscan, 0.7016, 10, 15, 54, 368, 4.416406631469727, 866.1617722511292, 369000, 0.0515695083451126, 0.19829974624305158
2, 2, 1, Ada_dynamic_dbscan, 0.7016, 10, 15, 54, 369, 4.552888631820679, 870.7146608829498, 370000, 0.05156260476902197, 0.19829287139916305
2, 2, 1, Ada_dynamic_dbscan, 0.7016, 10, 15, 54, 370, 4.716737508773804, 875.4313983917236, 371000, 0.051550338583894545, 0.1983195606208379
2, 2, 1, Ada_dynamic_dbscan, 0.7016, 10, 15, 54, 371, 4.509892702102661, 879.9412910938263, 372000, 0.051574760424865765, 0.19835697141337227
2, 2, 1, Ada_dynamic_dbscan, 0.7016, 10, 15, 54, 372, 4.613293886184692, 884.554584980011, 373000, 0.0515682806331921, 0.19834999242509257
2, 2, 1, Ada_dynamic_dbscan, 0.7016, 10, 15, 54, 373, 4.879250526428223, 889.4338355064392, 374000, 0.05157427900565574, 0.19836385839232987
2, 2, 1, Ada_dynamic_dbscan, 0.7016, 10, 15, 54, 374, 5.074212074279785, 894.508047580719, 375000, 0.05158832440241476, 0.19841506235662468
2, 2, 1, Ada_dynamic_dbscan, 0.7016, 10, 15, 54, 375, 4.695470333099365, 899.2035179138184, 376000, 0.051602338777447375, 0.19844294463258996
2, 2, 1, Ada_dynamic_dbscan, 0.7016, 10, 15, 54, 376, 4.593867301940918, 903.7973852157593, 377000, 0.051588441010149755, 0.19846594613706056
2, 2, 1, Ada_dynamic_dbscan, 0.7016, 10, 15, 54, 377, 4.802844285964966, 908.6002295017242, 378000, 0.051602818969523095, 0.19850943956503356
2, 2, 1, Ada_dynamic_dbscan, 0.7016, 10, 15, 54, 378, 4.757896184921265, 913.3581256866455, 379000, 0.0516078900405455, 0.19852104698200815
2, 2, 1, Ada_dynamic_dbscan, 0.7016, 10, 15, 54, 379, 5.023179292678833, 918.3813049793243, 380000, 0.05161966441827558, 0.19854094538751285
2, 2, 1, Ada_dynamic_dbscan, 0.7016, 10, 15, 54, 380, 5.105111837387085, 923.4864168167114, 381000, 0.051602542874369904, 0.19847313286496207
2, 2, 1, Ada_dynamic_dbscan, 0.7016, 10, 15, 54, 381, 4.834106922149658, 928.3205237388611, 382000, 0.0516082255562102, 0.19850089012694355
2, 2, 1, Ada_dynamic_dbscan, 0.7016, 10, 15, 54, 382, 7.630417585372925, 935.950941324234, 383000, 0.05161714839428264, 0.1984949874581403
2, 2, 1, Ada_dynamic_dbscan, 0.7016, 10, 15, 54, 383, 5.4986512660980225, 941.449592590332, 384000, 0.0516072562527556, 0.19849223537817057
2, 2, 1, Ada_dynamic_dbscan, 0.7016, 10, 15, 54, 384, 5.309136390686035, 946.7587289810181, 385000, 0.0515953399857099, 0.19847293058431917
2, 2, 1, Ada_dynamic_dbscan, 0.7016, 10, 15, 54, 385, 5.281167030334473, 952.0398960113525, 386000, 0.05160551648723049, 0.19849165341930888
2, 2, 1, Ada_dynamic_dbscan, 0.7016, 10, 15, 54, 386, 5.58878493309021, 957.6286809444427, 387000, 0.051618112908992445, 0.19855498782367292
2, 2, 1, Ada_dynamic_dbscan, 0.7016, 10, 15, 54, 387, 5.606803894042969, 963.2354848384857, 388000, 0.05163276068631377, 0.19858754025260236
2, 2, 1, Ada_dynamic_dbscan, 0.7016, 10, 15, 54, 388, 5.469474792480469, 968.7049596309662, 389000, 0.05161899766807162, 0.19855590821613378
2, 2, 1, Ada_dynamic_dbscan, 0.7016, 10, 15, 54, 389, 5.346719741821289, 974.0516793727875, 390000, 0.05160319634328703, 0.1984942293571983
2, 2, 1, Ada_dynamic_dbscan, 0.7016, 10, 15, 54, 390, 5.681067705154419, 979.7327470779419, 391000, 0.051593572166120795, 0.19848643459284848
2, 2, 1, Ada_dynamic_dbscan, 0.7016, 10, 15, 54, 391, 5.715959548950195, 985.4487066268921, 392000, 0.05160644280210464, 0.19849395783294382
2, 2, 1, Ada_dynamic_dbscan, 0.7016, 10, 15, 54, 392, 5.553141832351685, 991.0018484592438, 393000, 0.051620824404330405, 0.19849356011557148
2, 2, 1, Ada_dynamic_dbscan, 0.7016, 10, 15, 54, 393, 5.806972026824951, 996.8088204860687, 394000, 0.051626740036652574, 0.19855404980565097
2, 2, 1, Ada_dynamic_dbscan, 0.7016, 10, 15, 54, 394, 5.902674674987793, 1002.7114951610565, 395000, 0.05159786466531699, 0.19857382624825035
2, 2, 1, Ada_dynamic_dbscan, 0.7016, 10, 15, 54, 395, 5.7127156257629395, 1008.4242107868195, 396000, 0.05159072011638709, 0.19856318671377207
2, 2, 1, Ada_dynamic_dbscan, 0.7016, 10, 15, 54, 396, 6.000337839126587, 1014.424548625946, 397000, 0.051570295880010754, 0.19855680174133092
2, 2, 1, Ada_dynamic_dbscan, 0.7016, 10, 15, 54, 397, 6.134904146194458, 1020.5594527721405, 398000, 0.05156227096853336, 0.19855876109817855
2, 2, 1, Ada_dynamic_dbscan, 0.7016, 10, 15, 54, 398, 5.692924499511719, 1026.2523772716522, 399000, 0.051573209764917194, 0.19856658643061037
2, 2, 1, Ada_dynamic_dbscan, 0.7016, 10, 15, 54, 399, 6.033218145370483, 1032.2855954170227, 400000, 0.05157365079685782, 0.19855456130971672
2, 2, 1, Ada_dynamic_dbscan, 0.7016, 10, 15, 54, 400, 5.906620264053345, 1038.192215681076, 401000, 0.05157891655604569, 0.19856010312677244
2, 2, 1, Ada_dynamic_dbscan, 0.7016, 10, 15, 54, 401, 5.72099757194519, 1043.9132132530212, 402000, 0.05157270081639593, 0.19851875941652447
2, 2, 1, Ada_dynamic_dbscan, 0.7016, 10, 15, 54, 402, 6.04598331451416, 1049.9591965675354, 403000, 0.051587028165979466, 0.19854582944809324
2, 2, 1, Ada_dynamic_dbscan, 0.7016, 10, 15, 54, 403, 5.87089729309082, 1055.8300938606262, 404000, 0.05159760748987486, 0.19856570097308393
2, 2, 1, Ada_dynamic_dbscan, 0.7016, 10, 15, 54, 404, 5.752649545669556, 1061.5827434062958, 405000, 0.05160127151018487, 0.19860141034047613
2, 2, 1, Ada_dynamic_dbscan, 0.7016, 10, 15, 54, 405, 6.032814979553223, 1067.615558385849, 406000, 0.0515990034980789, 0.19865225797306624
2, 2, 1, Ada_dynamic_dbscan, 0.7016, 10, 15, 54, 406, 6.061239957809448, 1073.6767983436584, 407000, 0.0515817439679584, 0.19863009789107533
2, 2, 1, Ada_dynamic_dbscan, 0.7016, 10, 15, 54, 407, 5.997971534729004, 1079.6747698783875, 408000, 0.05156268964035852, 0.19863561445964303
2, 2, 1, Ada_dynamic_dbscan, 0.7016, 10, 15, 54, 408, 6.157945156097412, 1085.8327150344849, 409000, 0.05156666961762024, 0.1986678873627059
2, 2, 1, Ada_dynamic_dbscan, 0.7016, 10, 15, 54, 409, 6.531628370285034, 1092.36434340477, 410000, 0.05158807074714536, 0.198679287079956
2, 2, 1, Ada_dynamic_dbscan, 0.7016, 10, 15, 54, 410, 5.701622724533081, 1098.065966129303, 411000, 0.051591297900710986, 0.19871013520981212
2, 2, 1, Ada_dynamic_dbscan, 0.7016, 10, 15, 54, 411, 6.343709945678711, 1104.4096760749817, 412000, 0.051568178616052375, 0.19868212250056502
2, 2, 1, Ada_dynamic_dbscan, 0.7016, 10, 15, 54, 412, 5.98283839225769, 1110.3925144672394, 413000, 0.051567649558465635, 0.1986770107242672
2, 2, 1, Ada_dynamic_dbscan, 0.7016, 10, 15, 54, 413, 6.663436651229858, 1117.0559511184692, 414000, 0.05158090038519841, 0.1987238566649053
2, 2, 1, Ada_dynamic_dbscan, 0.7016, 10, 15, 54, 414, 6.235173940658569, 1123.2911250591278, 415000, 0.05158886160124387, 0.19875136951149325
2, 2, 1, Ada_dynamic_dbscan, 0.7016, 10, 15, 54, 415, 6.243742227554321, 1129.5348672866821, 416000, 0.05159522046621633, 0.19881930227047467
2, 2, 1, Ada_dynamic_dbscan, 0.7016, 10, 15, 54, 416, 6.477776288986206, 1136.0126435756683, 417000, 0.05157746037139954, 0.19879279749552012
2, 2, 1, Ada_dynamic_dbscan, 0.7016, 10, 15, 54, 417, 6.299866437911987, 1142.3125100135803, 418000, 0.051579039490990505, 0.1987929077429581
2, 2, 1, Ada_dynamic_dbscan, 0.7016, 10, 15, 54, 418, 6.209125757217407, 1148.5216357707977, 419000, 0.05158660663105234, 0.19878085058056302
2, 2, 1, Ada_dynamic_dbscan, 0.7016, 10, 15, 54, 419, 6.030910968780518, 1154.5525467395782, 420000, 0.05158422075951217, 0.19879220089870528
2, 2, 1, Ada_dynamic_dbscan, 0.7016, 10, 15, 54, 420, 6.394952774047852, 1160.947499513626, 421000, 0.05156746832557467, 0.19871150124800788
2, 2, 1, Ada_dynamic_dbscan, 0.7016, 10, 15, 54, 421, 6.3166282176971436, 1167.2641277313232, 422000, 0.0515593907940265, 0.1987319619198659
2, 2, 1, Ada_dynamic_dbscan, 0.7016, 10, 15, 54, 422, 6.0685813426971436, 1173.3327090740204, 423000, 0.05155451099888715, 0.1987909858607928
2, 2, 1, Ada_dynamic_dbscan, 0.7016, 10, 15, 54, 423, 6.260498523712158, 1179.5932075977325, 424000, 0.05154997321636289, 0.19878807281686675
2, 2, 1, Ada_dynamic_dbscan, 0.7016, 10, 15, 54, 424, 6.393996477127075, 1185.9872040748596, 425000, 0.05152802123017434, 0.19878113640606368
2, 2, 1, Ada_dynamic_dbscan, 0.7016, 10, 15, 54, 425, 6.210536479949951, 1192.1977405548096, 426000, 0.05152847059535901, 0.19879467436630946
2, 2, 1, Ada_dynamic_dbscan, 0.7016, 10, 15, 54, 426, 6.505735158920288, 1198.7034757137299, 427000, 0.05151535507713287, 0.1987753110573284
2, 2, 1, Ada_dynamic_dbscan, 0.7016, 10, 15, 54, 427, 6.6999006271362305, 1205.403376340866, 428000, 0.05151306403712682, 0.1987601744369752
2, 2, 1, Ada_dynamic_dbscan, 0.7016, 10, 15, 54, 428, 6.255533695220947, 1211.658910036087, 429000, 0.05152036250159594, 0.19877011624134047
2, 2, 1, Ada_dynamic_dbscan, 0.7016, 10, 15, 54, 429, 6.276466369628906, 1217.935376405716, 430000, 0.05154196923636287, 0.19877749251246773
2, 2, 1, Ada_dynamic_dbscan, 0.7016, 10, 15, 54, 430, 6.224967002868652, 1224.1603434085846, 431000, 0.05156040620702664, 0.19881803488881072
2, 2, 1, Ada_dynamic_dbscan, 0.7016, 10, 15, 54, 431, 6.4650163650512695, 1230.6253597736359, 432000, 0.051542545787977345, 0.1987960986719262
2, 2, 1, Ada_dynamic_dbscan, 0.7016, 10, 15, 54, 432, 6.480599641799927, 1237.1059594154358, 433000, 0.05153918956534077, 0.19876703238619092
2, 2, 1, Ada_dynamic_dbscan, 0.7016, 10, 15, 54, 433, 6.490653991699219, 1243.596613407135, 434000, 0.05154591401833765, 0.19880076945281597
2, 2, 1, Ada_dynamic_dbscan, 0.7016, 10, 15, 54, 434, 6.676720380783081, 1250.273333787918, 435000, 0.051547280339945864, 0.1988004788173914
2, 2, 1, Ada_dynamic_dbscan, 0.7016, 10, 15, 54, 435, 6.212481737136841, 1256.485815525055, 436000, 0.05152277396098323, 0.19876833148992792
2, 2, 1, Ada_dynamic_dbscan, 0.7016, 10, 15, 54, 436, 6.605423450469971, 1263.091238975525, 437000, 0.051526340049568006, 0.19877036775235507
2, 2, 1, Ada_dynamic_dbscan, 0.7016, 10, 15, 54, 437, 6.184452295303345, 1269.2756912708282, 438000, 0.05150998628712857, 0.1987241141700939
2, 2, 1, Ada_dynamic_dbscan, 0.7016, 10, 15, 54, 438, 6.245509147644043, 1275.5212004184723, 439000, 0.05150842872335982, 0.19872694694498713
2, 2, 1, Ada_dynamic_dbscan, 0.7016, 10, 15, 54, 439, 6.4302098751068115, 1281.951410293579, 440000, 0.05150751322045941, 0.19870304724358165
2, 2, 1, Ada_dynamic_dbscan, 0.7016, 10, 15, 54, 440, 6.5196802616119385, 1288.471090555191, 441000, 0.051527003994464325, 0.1987444938693555
2, 2, 1, Ada_dynamic_dbscan, 0.7016, 10, 15, 54, 441, 6.766473770141602, 1295.2375643253326, 442000, 0.05152117516983998, 0.1987421434538654
2, 2, 1, Ada_dynamic_dbscan, 0.7016, 10, 15, 54, 442, 6.750360727310181, 1301.9879250526428, 443000, 0.051512516998533285, 0.1987445788990298
2, 2, 1, Ada_dynamic_dbscan, 0.7016, 10, 15, 54, 443, 6.727774143218994, 1308.7156991958618, 444000, 0.051487494351963835, 0.19874063296286093
2, 2, 1, Ada_dynamic_dbscan, 0.7016, 10, 15, 54, 444, 6.484082937240601, 1315.1997821331024, 445000, 0.05150015744198406, 0.19874610801570694
2, 2, 1, Ada_dynamic_dbscan, 0.7016, 10, 15, 54, 445, 6.394978284835815, 1321.5947604179382, 446000, 0.05150903800509945, 0.1987705443526403
2, 2, 1, Ada_dynamic_dbscan, 0.7016, 10, 15, 54, 446, 6.5301735401153564, 1328.1249339580536, 447000, 0.0515070985303306, 0.19876777803720302
2, 2, 1, Ada_dynamic_dbscan, 0.7016, 10, 15, 54, 447, 6.745400905609131, 1334.8703348636627, 448000, 0.05149766753867331, 0.19877226229526426
2, 2, 1, Ada_dynamic_dbscan, 0.7016, 10, 15, 54, 448, 6.484758138656616, 1341.3550930023193, 449000, 0.05149308424371231, 0.19877518792163448
2, 2, 1, Ada_dynamic_dbscan, 0.7016, 10, 15, 54, 449, 6.356805801391602, 1347.711898803711, 450000, 0.051485448103149034, 0.1987714574073017
2, 2, 1, Ada_dynamic_dbscan, 0.7016, 10, 15, 54, 450, 6.843545913696289, 1354.5554447174072, 451000, 0.051483821620870236, 0.19879714152339664
2, 2, 1, Ada_dynamic_dbscan, 0.7016, 10, 15, 54, 451, 6.722018480300903, 1361.2774631977081, 452000, 0.051489775912160606, 0.19885619419202202
2, 2, 1, Ada_dynamic_dbscan, 0.7016, 10, 15, 54, 452, 6.97027587890625, 1368.2477390766144, 453000, 0.05147822151464828, 0.19885978480896535
2, 2, 1, Ada_dynamic_dbscan, 0.7016, 10, 15, 54, 453, 6.649619817733765, 1374.8973588943481, 454000, 0.05149191724477483, 0.19887861960890088
2, 2, 1, Ada_dynamic_dbscan, 0.7016, 10, 15, 54, 454, 6.658347845077515, 1381.5557067394257, 455000, 0.0514739339838845, 0.19881564855576758
2, 2, 1, Ada_dynamic_dbscan, 0.7016, 10, 15, 54, 455, 6.917673587799072, 1388.4733803272247, 456000, 0.0514889574264244, 0.19887083983103482
2, 2, 1, Ada_dynamic_dbscan, 0.7016, 10, 15, 54, 456, 6.624941110610962, 1395.0983214378357, 457000, 0.05147830416382748, 0.19887531554667148
2, 2, 1, Ada_dynamic_dbscan, 0.7016, 10, 15, 54, 457, 6.673385858535767, 1401.7717072963715, 458000, 0.0514897538519324, 0.1988514087115027
2, 2, 1, Ada_dynamic_dbscan, 0.7016, 10, 15, 54, 458, 6.892276763916016, 1408.6639840602875, 459000, 0.05149637803868592, 0.19883842457947012
2, 2, 1, Ada_dynamic_dbscan, 0.7016, 10, 15, 54, 459, 6.765206575393677, 1415.4291906356812, 460000, 0.05149877549590254, 0.1988474766999645
2, 2, 1, Ada_dynamic_dbscan, 0.7016, 10, 15, 54, 460, 7.4282307624816895, 1422.8574213981628, 461000, 0.05149290932147284, 0.19889245337023284
2, 2, 1, Ada_dynamic_dbscan, 0.7016, 10, 15, 54, 461, 6.709035873413086, 1429.566457271576, 462000, 0.051495477234091445, 0.19890483589292798
2, 2, 1, Ada_dynamic_dbscan, 0.7016, 10, 15, 54, 462, 6.819782018661499, 1436.3862392902374, 463000, 0.0515103020797506, 0.1989130279821313
2, 2, 1, Ada_dynamic_dbscan, 0.7016, 10, 15, 54, 463, 6.669397592544556, 1443.055636882782, 464000, 0.05150426341632287, 0.19891788940870703
2, 2, 1, Ada_dynamic_dbscan, 0.7016, 10, 15, 54, 464, 6.977385997772217, 1450.0330228805542, 465000, 0.051501608773272575, 0.1989451544813814
2, 2, 1, Ada_dynamic_dbscan, 0.7016, 10, 15, 54, 465, 7.0101847648620605, 1457.0432076454163, 466000, 0.05152228548360215, 0.1989939064840271
2, 2, 1, Ada_dynamic_dbscan, 0.7016, 10, 15, 54, 466, 6.546169757843018, 1463.5893774032593, 467000, 0.051530333786949115, 0.1990062234849585
2, 2, 1, Ada_dynamic_dbscan, 0.7016, 10, 15, 54, 467, 6.647303104400635, 1470.23668050766, 468000, 0.05153571531170829, 0.19904061099804984
2, 2, 1, Ada_dynamic_dbscan, 0.7016, 10, 15, 54, 468, 6.946501970291138, 1477.183182477951, 469000, 0.05152144896747995, 0.19904714956797648
2, 2, 1, Ada_dynamic_dbscan, 0.7016, 10, 15, 54, 469, 7.085230588912964, 1484.268413066864, 470000, 0.051502464064052324, 0.19901584580346385
2, 2, 1, Ada_dynamic_dbscan, 0.7016, 10, 15, 54, 470, 7.153630495071411, 1491.4220435619354, 471000, 0.051514291085568084, 0.19902471063456667
2, 2, 1, Ada_dynamic_dbscan, 0.7016, 10, 15, 54, 471, 7.153640270233154, 1498.5756838321686, 472000, 0.05151638961306379, 0.19902130377241825
2, 2, 1, Ada_dynamic_dbscan, 0.7016, 10, 15, 54, 472, 6.848456621170044, 1505.4241404533386, 473000, 0.05152685836671645, 0.19904981925514825
2, 2, 1, Ada_dynamic_dbscan, 0.7016, 10, 15, 54, 473, 6.972311735153198, 1512.3964521884918, 474000, 0.05151602039887976, 0.19903274689026648
2, 2, 1, Ada_dynamic_dbscan, 0.7016, 10, 15, 54, 474, 7.026024103164673, 1519.4224762916565, 475000, 0.05150952710240022, 0.19904523793455944
2, 2, 1, Ada_dynamic_dbscan, 0.7016, 10, 15, 54, 475, 7.338908433914185, 1526.7613847255707, 476000, 0.051517878268069014, 0.19902838488076222
2, 2, 1, Ada_dynamic_dbscan, 0.7016, 10, 15, 54, 476, 6.971773147583008, 1533.7331578731537, 477000, 0.05151925271067098, 0.1990353974673669
2, 2, 1, Ada_dynamic_dbscan, 0.7016, 10, 15, 54, 477, 6.985931634902954, 1540.7190895080566, 478000, 0.05153574910806364, 0.19903748970905752
2, 2, 1, Ada_dynamic_dbscan, 0.7016, 10, 15, 54, 478, 6.912546157836914, 1547.6316356658936, 479000, 0.05153459896418055, 0.19902532478791496
2, 2, 1, Ada_dynamic_dbscan, 0.7016, 10, 15, 54, 479, 7.318995952606201, 1554.9506316184998, 480000, 0.051528522916535036, 0.19901218068426793
2, 2, 1, Ada_dynamic_dbscan, 0.7016, 10, 15, 54, 480, 7.172151565551758, 1562.1227831840515, 481000, 0.051539639169618276, 0.19905522567669318
2, 2, 1, Ada_dynamic_dbscan, 0.7016, 10, 15, 54, 481, 7.046372175216675, 1569.1691553592682, 482000, 0.051550794824708146, 0.19908861031013153
2, 2, 1, Ada_dynamic_dbscan, 0.7016, 10, 15, 54, 482, 6.869701862335205, 1576.0388572216034, 483000, 0.05155419968138625, 0.1991190221285531
2, 2, 1, Ada_dynamic_dbscan, 0.7016, 10, 15, 54, 483, 7.090896129608154, 1583.1297533512115, 484000, 0.05154209338327093, 0.19908430575227593
2, 2, 1, Ada_dynamic_dbscan, 0.7016, 10, 15, 54, 484, 7.055774450302124, 1590.1855278015137, 485000, 0.05155048992960167, 0.19911929231553183
2, 2, 1, Ada_dynamic_dbscan, 0.7016, 10, 15, 54, 485, 6.9839699268341064, 1597.1694977283478, 486000, 0.0515407512870339, 0.1991161847795267
2, 2, 1, Ada_dynamic_dbscan, 0.7016, 10, 15, 54, 486, 7.228525638580322, 1604.398023366928, 487000, 0.051537022144825376, 0.19912276636397996
2, 2, 1, Ada_dynamic_dbscan, 0.7016, 10, 15, 54, 487, 6.712189435958862, 1611.110212802887, 488000, 0.05152545195155463, 0.19910403640741944
2, 2, 1, Ada_dynamic_dbscan, 0.7016, 10, 15, 54, 488, 7.348651885986328, 1618.4588646888733, 489000, 0.05153147694166757, 0.19911864808485905
2, 2, 1, Ada_dynamic_dbscan, 0.7016, 10, 15, 54, 489, 7.28549861907959, 1625.7443633079529, 490000, 0.05153675142651057, 0.1991716329815806
2, 2, 1, Ada_dynamic_dbscan, 0.7016, 10, 15, 54, 490, 7.725404739379883, 1633.4697680473328, 491000, 0.05153533716666338, 0.19916499276494762
2, 2, 1, Ada_dynamic_dbscan, 0.7016, 10, 15, 54, 491, 7.291165351867676, 1640.7609333992004, 492000, 0.051530558609283426, 0.19915003375877685
2, 2, 1, Ada_dynamic_dbscan, 0.7016, 10, 15, 54, 492, 7.369982957839966, 1648.1309163570404, 493000, 0.051524313856480236, 0.19913785945640328
2, 2, 1, Ada_dynamic_dbscan, 0.7016, 10, 15, 54, 493, 7.354204416275024, 1655.4851207733154, 494000, 0.05154347312300248, 0.1991666288293546
2, 2, 1, Ada_dynamic_dbscan, 0.7016, 10, 15, 54, 494, 10.580213785171509, 1666.065334558487, 495000, 0.05154558991329945, 0.19916721958571762
2, 2, 1, Ada_dynamic_dbscan, 0.7016, 10, 15, 54, 495, 7.316706418991089, 1673.382040977478, 496000, 0.051575207183858815, 0.19921951849220965
2, 2, 1, Ada_dynamic_dbscan, 0.7016, 10, 15, 54, 496, 7.399616479873657, 1680.7816574573517, 497000, 0.05157824330746842, 0.19924183857396105
2, 2, 1, Ada_dynamic_dbscan, 0.7016, 10, 15, 54, 497, 7.276600122451782, 1688.0582575798035, 498000, 0.05157932519215031, 0.1992596716935999
2, 2, 1, Ada_dynamic_dbscan, 0.7016, 10, 15, 54, 498, 7.590538263320923, 1695.6487958431244, 499000, 0.05158181438208955, 0.19924816914529045
2, 2, 1, Ada_dynamic_dbscan, 0.7016, 10, 15, 54, 499, 7.297138452529907, 1702.9459342956543, 500000, 0.05156502517785111, 0.19924072767074952
2, 2, 1, Ada_dynamic_dbscan, 0.7016, 10, 15, 54, 500, 7.2317774295806885, 1710.177711725235, 501000, 0.051554321724865376, 0.1992564807762699
2, 2, 1, Ada_dynamic_dbscan, 0.7016, 10, 15, 54, 501, 7.291169166564941, 1717.4688808918, 502000, 0.05153412330386077, 0.19922723888853763
2, 2, 1, Ada_dynamic_dbscan, 0.7016, 10, 15, 54, 502, 7.657675266265869, 1725.1265561580658, 503000, 0.05153095372369933, 0.1992370258263328
2, 2, 1, Ada_dynamic_dbscan, 0.7016, 10, 15, 54, 503, 7.132489919662476, 1732.2590460777283, 504000, 0.05153633276748467, 0.19924932559734468
2, 2, 1, Ada_dynamic_dbscan, 0.7016, 10, 15, 54, 504, 6.944656133651733, 1739.20370221138, 505000, 0.05151739632042684, 0.19919855770743367
2, 2, 1, Ada_dynamic_dbscan, 0.7016, 10, 15, 54, 505, 7.388350486755371, 1746.5920526981354, 506000, 0.05153111554327186, 0.19923243297273088
2, 2, 1, Ada_dynamic_dbscan, 0.7016, 10, 15, 54, 506, 7.728315114974976, 1754.3203678131104, 507000, 0.05153517536828093, 0.1992527563674669
2, 2, 1, Ada_dynamic_dbscan, 0.7016, 10, 15, 54, 507, 7.309166193008423, 1761.6295340061188, 508000, 0.05154375410180115, 0.1992927006426628
2, 2, 1, Ada_dynamic_dbscan, 0.7016, 10, 15, 54, 508, 7.608636856079102, 1769.2381708621979, 509000, 0.051538036602534844, 0.1993087072578328
2, 2, 1, Ada_dynamic_dbscan, 0.7016, 10, 15, 54, 509, 7.1767120361328125, 1776.4148828983307, 510000, 0.05154472639972915, 0.1993073379395017
2, 2, 1, Ada_dynamic_dbscan, 0.7016, 10, 15, 54, 510, 7.411612510681152, 1783.8264954090118, 511000, 0.05155640374265823, 0.19929979581610313
2, 2, 1, Ada_dynamic_dbscan, 0.7016, 10, 15, 54, 511, 7.465956211090088, 1791.292451620102, 512000, 0.05155037744747515, 0.1993103553753126
2, 2, 1, Ada_dynamic_dbscan, 0.7016, 10, 15, 54, 512, 7.329464673995972, 1798.621916294098, 513000, 0.051557401054455713, 0.1993270511760552
2, 2, 1, Ada_dynamic_dbscan, 0.7016, 10, 15, 54, 513, 7.737628698348999, 1806.359544992447, 514000, 0.051560411924553746, 0.19931423629842648
2, 2, 1, Ada_dynamic_dbscan, 0.7016, 10, 15, 54, 514, 7.292543411254883, 1813.6520884037018, 515000, 0.05156458826358154, 0.19932492084791945
2, 2, 1, Ada_dynamic_dbscan, 0.7016, 10, 15, 54, 515, 7.581546306610107, 1821.233634710312, 516000, 0.051544100464130285, 0.19930740767840455
2, 2, 1, Ada_dynamic_dbscan, 0.7016, 10, 15, 54, 516, 7.694897413253784, 1828.9285321235657, 517000, 0.05155020578649224, 0.19933629319894142
2, 2, 1, Ada_dynamic_dbscan, 0.7016, 10, 15, 54, 517, 7.303176164627075, 1836.2317082881927, 518000, 0.05154783330268711, 0.199352445296529
2, 2, 1, Ada_dynamic_dbscan, 0.7016, 10, 15, 54, 518, 8.150964975357056, 1844.3826732635498, 519000, 0.05154870544860745, 0.1993541232079273
2, 2, 1, Ada_dynamic_dbscan, 0.7016, 10, 15, 54, 519, 7.28530740737915, 1851.667980670929, 520000, 0.05155671108981894, 0.19934605079782744
2, 2, 1, Ada_dynamic_dbscan, 0.7016, 10, 15, 54, 520, 7.546974182128906, 1859.2149548530579, 521000, 0.051558242344680594, 0.19935348288897758
2, 2, 1, Ada_dynamic_dbscan, 0.7016, 10, 15, 54, 521, 7.736284971237183, 1866.951239824295, 522000, 0.0515464417559399, 0.19933711863049877
2, 2, 1, Ada_dynamic_dbscan, 0.7016, 10, 15, 54, 522, 7.887246370315552, 1874.8384861946106, 523000, 0.05154159846361536, 0.199326605298711
2, 2, 1, Ada_dynamic_dbscan, 0.7016, 10, 15, 54, 523, 7.6665198802948, 1882.5050060749054, 524000, 0.051543005185101756, 0.19936144867169506
2, 2, 1, Ada_dynamic_dbscan, 0.7016, 10, 15, 54, 524, 7.890573263168335, 1890.3955793380737, 525000, 0.051560344932230766, 0.19939284282173206
2, 2, 1, Ada_dynamic_dbscan, 0.7016, 10, 15, 54, 525, 8.100029230117798, 1898.4956085681915, 526000, 0.05156047643397336, 0.1994308249308995
2, 2, 1, Ada_dynamic_dbscan, 0.7016, 10, 15, 54, 526, 7.815231084823608, 1906.3108396530151, 527000, 0.05155232720714605, 0.1994184875565667
2, 2, 1, Ada_dynamic_dbscan, 0.7016, 10, 15, 54, 527, 7.936437368392944, 1914.247277021408, 528000, 0.051549922756562644, 0.19943410362021757
2, 2, 1, Ada_dynamic_dbscan, 0.7016, 10, 15, 54, 528, 7.6497955322265625, 1921.8970725536346, 529000, 0.051544606424013685, 0.19943862810394747
2, 2, 1, Ada_dynamic_dbscan, 0.7016, 10, 15, 54, 529, 7.630949258804321, 1929.528021812439, 530000, 0.05154570569328418, 0.19942500673868932
2, 2, 1, Ada_dynamic_dbscan, 0.7016, 10, 15, 54, 530, 8.142227411270142, 1937.670249223709, 531000, 0.05156768578416399, 0.19946084475247639
2, 2, 1, Ada_dynamic_dbscan, 0.7016, 10, 15, 54, 531, 7.9335503578186035, 1945.6037995815277, 532000, 0.05156093758773941, 0.1994576869708615
2, 2, 1, Ada_dynamic_dbscan, 0.7016, 10, 15, 54, 532, 8.727449655532837, 1954.3312492370605, 533000, 0.0515566272504409, 0.19947625588126838
2, 2, 1, Ada_dynamic_dbscan, 0.7016, 10, 15, 54, 533, 7.903352499008179, 1962.2346017360687, 534000, 0.05154739322798075, 0.1994343100059729
2, 2, 1, Ada_dynamic_dbscan, 0.7016, 10, 15, 54, 534, 8.328306913375854, 1970.5629086494446, 535000, 0.05156950237111501, 0.1994678482080498
2, 2, 1, Ada_dynamic_dbscan, 0.7016, 10, 15, 54, 535, 8.306621551513672, 1978.8695302009583, 536000, 0.051569908788711434, 0.19945558912951766
2, 2, 1, Ada_dynamic_dbscan, 0.7016, 10, 15, 54, 536, 7.742944002151489, 1986.6124742031097, 537000, 0.051575814746424364, 0.19946577772699892
2, 2, 1, Ada_dynamic_dbscan, 0.7016, 10, 15, 54, 537, 8.2752206325531, 1994.8876948356628, 538000, 0.05156848158346695, 0.1994585868208632
2, 2, 1, Ada_dynamic_dbscan, 0.7016, 10, 15, 54, 538, 8.729917764663696, 2003.6176126003265, 539000, 0.051580143814833834, 0.19946645097820329
2, 2, 1, Ada_dynamic_dbscan, 0.7016, 10, 15, 54, 539, 8.772237539291382, 2012.389850139618, 540000, 0.05158577735516338, 0.19948891637944083
2, 2, 1, Ada_dynamic_dbscan, 0.7016, 10, 15, 54, 540, 8.542414426803589, 2020.9322645664215, 541000, 0.05159670561757764, 0.1994826468504226
2, 2, 1, Ada_dynamic_dbscan, 0.7016, 10, 15, 54, 541, 8.375452041625977, 2029.3077166080475, 542000, 0.05159618784962088, 0.19949228929239782
2, 2, 1, Ada_dynamic_dbscan, 0.7016, 10, 15, 54, 542, 8.60709261894226, 2037.9148092269897, 543000, 0.051598968130397854, 0.199470650876659
2, 2, 1, Ada_dynamic_dbscan, 0.7016, 10, 15, 54, 543, 9.131623268127441, 2047.0464324951172, 544000, 0.05161614095135999, 0.1994890904345405
2, 2, 1, Ada_dynamic_dbscan, 0.7016, 10, 15, 54, 544, 8.153894424438477, 2055.2003269195557, 545000, 0.05162288421624554, 0.19950538747508184
2, 2, 1, Ada_dynamic_dbscan, 0.7016, 10, 15, 54, 545, 8.915652990341187, 2064.115979909897, 546000, 0.051625619350983844, 0.19949339462057425
2, 2, 1, Ada_dynamic_dbscan, 0.7016, 10, 15, 54, 546, 8.811677932739258, 2072.927657842636, 547000, 0.051606926143300556, 0.19947785958469447
2, 2, 1, Ada_dynamic_dbscan, 0.7016, 10, 15, 54, 547, 8.669260263442993, 2081.596918106079, 548000, 0.05161304494582657, 0.19949179841364992
2, 2, 1, Ada_dynamic_dbscan, 0.7016, 10, 15, 54, 548, 8.823679447174072, 2090.420597553253, 549000, 0.05161753507109637, 0.1994710767664942
2, 2, 1, Ada_dynamic_dbscan, 0.7016, 10, 15, 54, 549, 8.74186110496521, 2099.1624586582184, 550000, 0.051605303948451635, 0.19948872650605287
2, 2, 1, Ada_dynamic_dbscan, 0.7016, 10, 15, 54, 550, 8.566113471984863, 2107.7285721302032, 551000, 0.051610928216318, 0.1994818151440334
2, 2, 1, Ada_dynamic_dbscan, 0.7016, 10, 15, 54, 551, 8.289580821990967, 2116.018152952194, 552000, 0.05160223164253753, 0.19945341573503464
2, 2, 1, Ada_dynamic_dbscan, 0.7016, 10, 15, 54, 552, 8.730989456176758, 2124.749142408371, 553000, 0.05161071237505088, 0.19948587721447625
2, 2, 1, Ada_dynamic_dbscan, 0.7016, 10, 15, 54, 553, 8.807892560958862, 2133.55703496933, 554000, 0.05161557565586063, 0.1994770059135741
2, 2, 1, Ada_dynamic_dbscan, 0.7016, 10, 15, 54, 554, 9.135262250900269, 2142.69229722023, 555000, 0.05161135643582629, 0.19944295326693215
2, 2, 1, Ada_dynamic_dbscan, 0.7016, 10, 15, 54, 555, 8.738864660263062, 2151.431161880493, 556000, 0.05162626379607009, 0.1994645813764371
2, 2, 1, Ada_dynamic_dbscan, 0.7016, 10, 15, 54, 556, 8.98332405090332, 2160.4144859313965, 557000, 0.05163595045108363, 0.1994946054611727
2, 2, 1, Ada_dynamic_dbscan, 0.7016, 10, 15, 54, 557, 8.79420280456543, 2169.208688735962, 558000, 0.05164294615395412, 0.19953046219579912
2, 2, 1, Ada_dynamic_dbscan, 0.7016, 10, 15, 54, 558, 8.68164873123169, 2177.8903374671936, 559000, 0.05163848598215426, 0.1995428381398048
2, 2, 1, Ada_dynamic_dbscan, 0.7016, 10, 15, 54, 559, 8.82831335067749, 2186.718650817871, 560000, 0.05162793234352804, 0.1995492582399991
2, 2, 1, Ada_dynamic_dbscan, 0.7016, 10, 15, 54, 560, 9.25253415107727, 2195.9711849689484, 561000, 0.051632169122804945, 0.19954999213410687
2, 2, 1, Ada_dynamic_dbscan, 0.7016, 10, 15, 54, 561, 9.14561653137207, 2205.1168015003204, 562000, 0.05163124034567476, 0.19955614352491582
2, 2, 1, Ada_dynamic_dbscan, 0.7016, 10, 15, 54, 562, 8.49642014503479, 2213.613221645355, 563000, 0.05162899137700725, 0.1995623247851055
2, 2, 1, Ada_dynamic_dbscan, 0.7016, 10, 15, 54, 563, 9.209104061126709, 2222.822325706482, 564000, 0.05162654513263584, 0.1995746026124831
2, 2, 1, Ada_dynamic_dbscan, 0.7016, 10, 15, 54, 564, 9.32621955871582, 2232.1485452651978, 565000, 0.051622515845910724, 0.19957804225649037
2, 2, 1, Ada_dynamic_dbscan, 0.7016, 10, 15, 54, 565, 8.931613445281982, 2241.0801587104797, 566000, 0.051620404759418495, 0.1995923507780076
2, 2, 1, Ada_dynamic_dbscan, 0.7016, 10, 15, 54, 566, 8.887887716293335, 2249.968046426773, 567000, 0.051614072696013966, 0.19959261072349152
2, 2, 1, Ada_dynamic_dbscan, 0.7016, 10, 15, 54, 567, 9.080496549606323, 2259.0485429763794, 568000, 0.051607632732667046, 0.1995490334722645
2, 2, 1, Ada_dynamic_dbscan, 0.7016, 10, 15, 54, 568, 9.58009386062622, 2268.6286368370056, 569000, 0.05160560182593521, 0.19953898969668105
2, 2, 1, Ada_dynamic_dbscan, 0.7016, 10, 15, 54, 569, 9.050435304641724, 2277.6790721416473, 570000, 0.05161557206879737, 0.1995504786706297
2, 2, 1, Ada_dynamic_dbscan, 0.7016, 10, 15, 54, 570, 8.755270957946777, 2286.434343099594, 571000, 0.051620662268639504, 0.1995441177613295
2, 2, 1, Ada_dynamic_dbscan, 0.7016, 10, 15, 54, 571, 7.958500862121582, 2294.3928439617157, 572000, 0.051606827321191685, 0.1995325511438628
2, 2, 1, Ada_dynamic_dbscan, 0.7016, 10, 15, 54, 572, 8.24361777305603, 2302.6364617347717, 573000, 0.051617328119440635, 0.19956124266913958
2, 2, 1, Ada_dynamic_dbscan, 0.7016, 10, 15, 54, 573, 7.739808559417725, 2310.3762702941895, 574000, 0.05162722460859704, 0.19959509630668967
2, 2, 1, Ada_dynamic_dbscan, 0.7016, 10, 15, 54, 574, 7.84201192855835, 2318.218282222748, 575000, 0.05162036176324535, 0.1996241773504718
2, 2, 1, Ada_dynamic_dbscan, 0.7016, 10, 15, 54, 575, 8.354882001876831, 2326.5731642246246, 576000, 0.051644323389874104, 0.19966564211670287
2, 2, 1, Ada_dynamic_dbscan, 0.7016, 10, 15, 54, 576, 8.354889392852783, 2334.9280536174774, 577000, 0.051646979239499125, 0.19963009772513032
2, 2, 1, Ada_dynamic_dbscan, 0.7016, 10, 15, 54, 577, 8.608116626739502, 2343.536170244217, 578000, 0.051645149660912826, 0.19964057413720412
2, 2, 1, Ada_dynamic_dbscan, 0.7016, 10, 15, 54, 578, 8.10498833656311, 2351.64115858078, 579000, 0.051637551203423754, 0.1996114178102072
2, 2, 1, Ada_dynamic_dbscan, 0.7016, 10, 15, 54, 579, 9.273675680160522, 2360.9148342609406, 580000, 0.05164705085954145, 0.19964456476439169
2, 2, 1, Ada_dynamic_dbscan, 0.7016, 10, 15, 54, 580, 8.688892126083374, 2369.603726387024, 581000, 0.05164729790254895, 0.19964128065919715
2, 2, 1, Ada_dynamic_dbscan, 0.7016, 10, 15, 54, 581, 8.761403560638428, 2378.3651299476624, 581012, 0.051646057429256376, 0.1996397426642629
