trial_id, experiment_id, run_id, algorithm, eps, min_samples, t, d, burnin, iter, iter_running_time_s, total_running_time_s, adjusted_rand_index, n, normalised_mutual_info
1, 1, 1, dynamic_dbscan, 0.75, 10, 10, 20, , 0, 0.04500102996826172, 0.04500102996826172, 0.0, 1000, 0.0
1, 1, 1, dynamic_dbscan, 0.75, 10, 10, 20, , 1, 0.038295745849609375, 0.0832967758178711, 0.0, 2000, 0.0
1, 1, 1, dynamic_dbscan, 0.75, 10, 10, 20, , 2, 0.040441036224365234, 0.12373781204223633, 0.0, 3000, 0.0
1, 1, 1, dynamic_dbscan, 0.75, 10, 10, 20, , 3, 0.047006845474243164, 0.1707446575164795, 0.0, 4000, 0.0
1, 1, 1, dynamic_dbscan, 0.75, 10, 10, 20, , 4, 0.053993940353393555, 0.22473859786987305, 0.0, 5000, 0.0
1, 1, 1, dynamic_dbscan, 0.75, 10, 10, 20, , 5, 0.10213875770568848, 0.3268773555755615, 0.0, 6000, 0.0
1, 1, 1, dynamic_dbscan, 0.75, 10, 10, 20, , 6, 0.07080078125, 0.3976781368255615, 0.0, 7000, 0.0
1, 1, 1, dynamic_dbscan, 0.75, 10, 10, 20, , 7, 0.05000877380371094, 0.44768691062927246, 0.03852717424091601, 8000, 0.1660937504132987
1, 1, 1, dynamic_dbscan, 0.75, 10, 10, 20, , 8, 0.08932900428771973, 0.5370159149169922, 0.21962212642346193, 9000, 0.321349107789286
1, 1, 1, dynamic_dbscan, 0.75, 10, 10, 20, , 9, 0.10155391693115234, 0.6385698318481445, 0.28815980388279827, 10000, 0.37437680380416843
1, 1, 1, dynamic_dbscan, 0.75, 10, 10, 20, , 10, 0.16731739044189453, 0.8058872222900391, 0.3465227640740819, 11000, 0.42316463690809003
1, 1, 1, dynamic_dbscan, 0.75, 10, 10, 20, , 11, 0.1357250213623047, 0.9416122436523438, 0.18977308208883484, 12000, 0.1449140501595234
1, 1, 1, dynamic_dbscan, 0.75, 10, 10, 20, , 12, 0.14451813697814941, 1.0861303806304932, 0.22003486242596404, 13000, 0.16919808775940026
1, 1, 1, dynamic_dbscan, 0.75, 10, 10, 20, , 13, 0.1470038890838623, 1.2331342697143555, 0.23490158088078028, 14000, 0.17820212959348333
1, 1, 1, dynamic_dbscan, 0.75, 10, 10, 20, , 14, 0.07722902297973633, 1.3103632926940918, 0.21585933574750768, 15000, 0.2003238149102807
1, 1, 1, dynamic_dbscan, 0.75, 10, 10, 20, , 15, 0.08262014389038086, 1.3929834365844727, 0.20927893984417267, 16000, 0.22043765567565488
1, 1, 1, dynamic_dbscan, 0.75, 10, 10, 20, , 16, 0.12824296951293945, 1.521226406097412, 0.20438393056257584, 17000, 0.21972768102531348
1, 1, 1, dynamic_dbscan, 0.75, 10, 10, 20, , 17, 0.0848689079284668, 1.606095314025879, 0.20707918098659558, 18000, 0.2254381681586843
1, 1, 1, dynamic_dbscan, 0.75, 10, 10, 20, , 18, 0.08205008506774902, 1.688145399093628, 0.20908056959065552, 19000, 0.2210977486576751
1, 1, 1, dynamic_dbscan, 0.75, 10, 10, 20, , 19, 0.08173990249633789, 1.7698853015899658, 0.21534866834908706, 20000, 0.2224624162743005
1, 1, 1, dynamic_dbscan, 0.75, 10, 10, 20, , 20, 0.0821220874786377, 1.8520073890686035, 0.21976792468848763, 21000, 0.2210560409932006
1, 1, 1, dynamic_dbscan, 0.75, 10, 10, 20, , 21, 0.0871889591217041, 1.9391963481903076, 0.19161501931385477, 22000, 0.21275264587504406
1, 1, 1, dynamic_dbscan, 0.75, 10, 10, 20, , 22, 0.07792901992797852, 2.017125368118286, 0.1749553325620862, 23000, 0.20949640194312924
1, 1, 1, dynamic_dbscan, 0.75, 10, 10, 20, , 23, 0.09019994735717773, 2.107325315475464, 0.16361391415728238, 24000, 0.19875713155698718
1, 1, 1, dynamic_dbscan, 0.75, 10, 10, 20, , 24, 0.16201496124267578, 2.2693402767181396, 0.15540245461639587, 25000, 0.1938068020271445
1, 1, 1, dynamic_dbscan, 0.75, 10, 10, 20, , 25, 0.10002899169921875, 2.3693692684173584, 0.14845401968027216, 26000, 0.18497476484810332
1, 1, 1, dynamic_dbscan, 0.75, 10, 10, 20, , 26, 0.10177469253540039, 2.471143960952759, 0.14068631031703727, 27000, 0.1745209168464149
1, 1, 1, dynamic_dbscan, 0.75, 10, 10, 20, , 27, 0.12384605407714844, 2.5949900150299072, 0.13404223964550407, 28000, 0.1688788175639996
1, 1, 1, dynamic_dbscan, 0.75, 10, 10, 20, , 28, 0.09006714820861816, 2.6850571632385254, 0.11858367124111949, 29000, 0.166668885995816
1, 1, 1, dynamic_dbscan, 0.75, 10, 10, 20, , 29, 0.09107708930969238, 2.7761342525482178, 0.10797350256550835, 30000, 0.16539130948340544
1, 1, 1, dynamic_dbscan, 0.75, 10, 10, 20, , 30, 0.09264612197875977, 2.8687803745269775, 0.10153013546330013, 31000, 0.16523659234087404
1, 1, 1, dynamic_dbscan, 0.75, 10, 10, 20, , 31, 0.09207868576049805, 2.9608590602874756, 0.09901786690489534, 32000, 0.1663488662122728
1, 1, 1, dynamic_dbscan, 0.75, 10, 10, 20, , 32, 0.09612894058227539, 3.056988000869751, 0.09793942322010815, 33000, 0.1658735606223407
1, 1, 1, dynamic_dbscan, 0.75, 10, 10, 20, , 33, 0.0995941162109375, 3.1565821170806885, 0.09803306334180117, 34000, 0.16702047339225398
1, 1, 1, dynamic_dbscan, 0.75, 10, 10, 20, , 34, 0.18879103660583496, 3.3453731536865234, 0.0985488696457835, 35000, 0.16754102357827275
1, 1, 1, dynamic_dbscan, 0.75, 10, 10, 20, , 35, 0.10268902778625488, 3.4480621814727783, 0.09113132289042081, 36000, 0.17143822713368945
1, 1, 1, dynamic_dbscan, 0.75, 10, 10, 20, , 36, 0.11731076240539551, 3.565372943878174, 0.08526042115347973, 37000, 0.15375534900863658
1, 1, 1, dynamic_dbscan, 0.75, 10, 10, 20, , 37, 0.1342470645904541, 3.699620008468628, 0.08233402706847244, 38000, 0.15047190896400783
1, 1, 1, dynamic_dbscan, 0.75, 10, 10, 20, , 38, 0.13563990592956543, 3.8352599143981934, 0.07875520041089243, 39000, 0.1452030167418492
1, 1, 1, dynamic_dbscan, 0.75, 10, 10, 20, , 39, 0.15331602096557617, 3.9885759353637695, 0.07582656695151006, 40000, 0.14208085616662655
1, 1, 1, dynamic_dbscan, 0.75, 10, 10, 20, , 40, 0.13342905044555664, 4.122004985809326, 0.07275504002028826, 41000, 0.13950807754740358
1, 1, 1, dynamic_dbscan, 0.75, 10, 10, 20, , 41, 0.14548110961914062, 4.267486095428467, 0.06984694132327897, 42000, 0.13778647758371487
1, 1, 1, dynamic_dbscan, 0.75, 10, 10, 20, , 42, 0.1281437873840332, 4.3956298828125, 0.06445160182652207, 43000, 0.13106523692274025
1, 1, 1, dynamic_dbscan, 0.75, 10, 10, 20, , 43, 0.11541914939880371, 4.511049032211304, 0.06056947874855892, 44000, 0.12651491617846
1, 1, 1, dynamic_dbscan, 0.75, 10, 10, 20, , 44, 0.14595699310302734, 4.657006025314331, 0.05738476487561714, 45000, 0.12191881111579049
1, 1, 1, dynamic_dbscan, 0.75, 10, 10, 20, , 45, 0.1428360939025879, 4.799842119216919, 0.05485272898545679, 46000, 0.1182172288957619
1, 1, 1, dynamic_dbscan, 0.75, 10, 10, 20, , 46, 0.26351499557495117, 5.06335711479187, 0.05277790172242102, 47000, 0.1149683454676936
1, 1, 1, dynamic_dbscan, 0.75, 10, 10, 20, , 47, 0.17788124084472656, 5.241238355636597, 0.05096207011297121, 48000, 0.11285598601084747
1, 1, 1, dynamic_dbscan, 0.75, 10, 10, 20, , 48, 0.1588296890258789, 5.400068044662476, 0.049024297069984984, 49000, 0.10911368909136684
1, 1, 1, dynamic_dbscan, 0.75, 10, 10, 20, , 49, 0.1856391429901123, 5.585707187652588, 0.04966042806299072, 50000, 0.10782793003641179
1, 1, 1, dynamic_dbscan, 0.75, 10, 10, 20, , 50, 0.20054101943969727, 5.786248207092285, 0.05115853919951496, 51000, 0.10972748706313472
1, 1, 1, dynamic_dbscan, 0.75, 10, 10, 20, , 51, 0.21720600128173828, 6.003454208374023, 0.05398047607509445, 52000, 0.11654142717155472
1, 1, 1, dynamic_dbscan, 0.75, 10, 10, 20, , 52, 0.23775696754455566, 6.241211175918579, 0.05754411102318526, 53000, 0.1223748048245867
1, 1, 1, dynamic_dbscan, 0.75, 10, 10, 20, , 53, 0.2521400451660156, 6.493351221084595, 0.06167382515523817, 54000, 0.12833017570147304
1, 1, 1, dynamic_dbscan, 0.75, 10, 10, 20, , 54, 0.25350499153137207, 6.746856212615967, 0.06634371530681496, 55000, 0.1350766518804387
1, 1, 1, dynamic_dbscan, 0.75, 10, 10, 20, , 55, 0.26759791374206543, 7.014454126358032, 0.07221374821546803, 56000, 0.14237940956379141
1, 1, 1, dynamic_dbscan, 0.75, 10, 10, 20, , 56, 0.1850297451019287, 7.199483871459961, 0.0682793242817763, 57000, 0.14304847063736548
1, 1, 1, dynamic_dbscan, 0.75, 10, 10, 20, , 57, 0.15896010398864746, 7.358443975448608, 0.0656148316279555, 58000, 0.14485702018357852
1, 1, 1, dynamic_dbscan, 0.75, 10, 10, 20, , 58, 0.15985512733459473, 7.518299102783203, 0.06411985864091423, 59000, 0.14675104050120855
1, 1, 1, dynamic_dbscan, 0.75, 10, 10, 20, , 59, 0.16204118728637695, 7.68034029006958, 0.0635867943725405, 60000, 0.14850959796789165
1, 1, 1, dynamic_dbscan, 0.75, 10, 10, 20, , 60, 0.14971613883972168, 7.830056428909302, 0.06397579899945832, 61000, 0.1509621510591911
1, 1, 1, dynamic_dbscan, 0.75, 10, 10, 20, , 61, 0.30222392082214355, 8.132280349731445, 0.0650118355423771, 62000, 0.15287201822661897
1, 1, 1, dynamic_dbscan, 0.75, 10, 10, 20, , 62, 0.17046713829040527, 8.30274748802185, 0.06651113097512086, 63000, 0.155829293477851
1, 1, 1, dynamic_dbscan, 0.75, 10, 10, 20, , 63, 0.18161702156066895, 8.48436450958252, 0.06381717521482634, 64000, 0.15473556040969433
1, 1, 1, dynamic_dbscan, 0.75, 10, 10, 20, , 64, 0.18217706680297852, 8.666541576385498, 0.062132013119524473, 65000, 0.15248851813249104
1, 1, 1, dynamic_dbscan, 0.75, 10, 10, 20, , 65, 0.17609596252441406, 8.842637538909912, 0.06061258028386181, 66000, 0.1508355884107449
1, 1, 1, dynamic_dbscan, 0.75, 10, 10, 20, , 66, 0.17652606964111328, 9.019163608551025, 0.059506872064198364, 67000, 0.14939555947336172
1, 1, 1, dynamic_dbscan, 0.75, 10, 10, 20, , 67, 0.20109200477600098, 9.220255613327026, 0.05855069052331668, 68000, 0.1472501262137176
1, 1, 1, dynamic_dbscan, 0.75, 10, 10, 20, , 68, 0.23952698707580566, 9.459782600402832, 0.057324736271936946, 69000, 0.14589240141175766
1, 1, 1, dynamic_dbscan, 0.75, 10, 10, 20, , 69, 0.23041081428527832, 9.69019341468811, 0.056143190719959796, 70000, 0.14457124554665685
2, 2, 1, sklearn_dynamic, 0.75, 10, , , , 0, 0.01739788055419922, 0.01739788055419922, 1.0, 1000, 1.0
2, 2, 1, sklearn_dynamic, 0.75, 10, , , , 1, 0.04557013511657715, 0.06296801567077637, 0.0, 2000, 0.0
2, 2, 1, sklearn_dynamic, 0.75, 10, , , , 2, 0.059864044189453125, 0.12283205986022949, 0.0, 3000, 0.0
2, 2, 1, sklearn_dynamic, 0.75, 10, , , , 3, 0.048155784606933594, 0.17098784446716309, 0.0, 4000, 0.0
2, 2, 1, sklearn_dynamic, 0.75, 10, , , , 4, 0.09693598747253418, 0.26792383193969727, 0.0, 5000, 0.0
2, 2, 1, sklearn_dynamic, 0.75, 10, , , , 5, 0.022089004516601562, 0.29001283645629883, 0.0, 6000, 0.0
2, 2, 1, sklearn_dynamic, 0.75, 10, , , , 6, 0.030319929122924805, 0.32033276557922363, 0.0, 7000, 0.0
2, 2, 1, sklearn_dynamic, 0.75, 10, , , , 7, 0.03633832931518555, 0.3566710948944092, -0.009867197408506594, 8000, 0.003857997915891353
2, 2, 1, sklearn_dynamic, 0.75, 10, , , , 8, 0.03335714340209961, 0.3900282382965088, -0.007457038873707013, 9000, 0.0047522129704621295
2, 2, 1, sklearn_dynamic, 0.75, 10, , , , 9, 0.033963918685913086, 0.4239921569824219, -0.0053921153996745385, 10000, 0.005333409849859496
2, 2, 1, sklearn_dynamic, 0.75, 10, , , , 10, 0.04637575149536133, 0.4703679084777832, 0.008682224230561192, 11000, 0.027670634266098594
2, 2, 1, sklearn_dynamic, 0.75, 10, , , , 11, 0.05005598068237305, 0.5204238891601562, 0.012492952676245861, 12000, 0.04309079660705694
2, 2, 1, sklearn_dynamic, 0.75, 10, , , , 12, 0.06071305274963379, 0.58113694190979, 0.009033745530076383, 13000, 0.05175375614817608
2, 2, 1, sklearn_dynamic, 0.75, 10, , , , 13, 0.0733029842376709, 0.6544399261474609, 0.002981566347828419, 14000, 0.061292998984874426
2, 2, 1, sklearn_dynamic, 0.75, 10, , , , 14, 0.08132791519165039, 0.7357678413391113, -0.004721786961181467, 15000, 0.052722916563415684
2, 2, 1, sklearn_dynamic, 0.75, 10, , , , 15, 0.08753800392150879, 0.8233058452606201, -0.007136638434621867, 16000, 0.050148746744398315
2, 2, 1, sklearn_dynamic, 0.75, 10, , , , 16, 0.09372997283935547, 0.9170358180999756, -0.006991933415448355, 17000, 0.0489607223136929
2, 2, 1, sklearn_dynamic, 0.75, 10, , , , 17, 0.11103987693786621, 1.0280756950378418, -0.005552458485549559, 18000, 0.04837849288040424
2, 2, 1, sklearn_dynamic, 0.75, 10, , , , 18, 0.12265610694885254, 1.1507318019866943, -0.003457680676168741, 19000, 0.0481120911472617
2, 2, 1, sklearn_dynamic, 0.75, 10, , , , 19, 0.13208818435668945, 1.2828199863433838, -0.0010499741399541342, 20000, 0.04802633517936375
2, 2, 1, sklearn_dynamic, 0.75, 10, , , , 20, 0.15490007400512695, 1.4377200603485107, 0.0014805518300241571, 21000, 0.04804975761860554
2, 2, 1, sklearn_dynamic, 0.75, 10, , , , 21, 0.15380001068115234, 1.591520071029663, -0.0005680745205630583, 22000, 0.043468948151884755
2, 2, 1, sklearn_dynamic, 0.75, 10, , , , 22, 0.1667630672454834, 1.7582831382751465, -0.0014832489580979956, 23000, 0.041468909637662275
2, 2, 1, sklearn_dynamic, 0.75, 10, , , , 23, 0.18401193618774414, 1.9422950744628906, -0.0016768781034334627, 24000, 0.04023793565461353
2, 2, 1, sklearn_dynamic, 0.75, 10, , , , 24, 0.19552278518676758, 2.137817859649658, -0.0014031586915816596, 25000, 0.03940651655138053
2, 2, 1, sklearn_dynamic, 0.75, 10, , , , 25, 0.21042728424072266, 2.348245143890381, -0.0008245931353542117, 26000, 0.03881687321255421
2, 2, 1, sklearn_dynamic, 0.75, 10, , , , 26, 0.24513697624206543, 2.5933821201324463, -4.794743474563194e-05, 27000, 0.03838624544992197
2, 2, 1, sklearn_dynamic, 0.75, 10, , , , 27, 0.26199913024902344, 2.8553812503814697, 0.0008551293546670443, 28000, 0.03806601137153685
2, 2, 1, sklearn_dynamic, 0.75, 10, , , , 28, 0.26056408882141113, 3.115945339202881, 3.7055995062650675e-05, 29000, 0.03541218783381942
2, 2, 1, sklearn_dynamic, 0.75, 10, , , , 29, 0.2833271026611328, 3.3992724418640137, -0.00038128832813152106, 30000, 0.03407343661768871
2, 2, 1, sklearn_dynamic, 0.75, 10, , , , 30, 0.3775599002838135, 3.776832342147827, -0.0005183125220359363, 31000, 0.033575500404323416
2, 2, 1, sklearn_dynamic, 0.75, 10, , , , 31, 0.3309798240661621, 4.107812166213989, -0.0004449295199228646, 32000, 0.03289663308067501
2, 2, 1, sklearn_dynamic, 0.75, 10, , , , 32, 0.34793615341186523, 4.4557483196258545, -0.00021650282094852344, 33000, 0.032377571713470665
2, 2, 1, sklearn_dynamic, 0.75, 10, , , , 33, 0.3886220455169678, 4.844370365142822, 0.000124964071241051, 34000, 0.031969199471132456
2, 2, 1, sklearn_dynamic, 0.75, 10, , , , 34, 0.43103790283203125, 5.2754082679748535, 0.0005485090341815982, 35000, 0.03164141887521945
2, 2, 1, sklearn_dynamic, 0.75, 10, , , , 35, 0.43221592903137207, 5.707624197006226, 0.00013710038584703667, 36000, 0.029928013075527882
2, 2, 1, sklearn_dynamic, 0.75, 10, , , , 36, 0.4394402503967285, 6.147064447402954, 0.000922448765183761, 37000, 0.033803307312632966
2, 2, 1, sklearn_dynamic, 0.75, 10, , , , 37, 0.46469998359680176, 6.611764430999756, 0.0011962942885521827, 38000, 0.03564800274568677
2, 2, 1, sklearn_dynamic, 0.75, 10, , , , 38, 0.47638773918151855, 7.088152170181274, 0.0015692652955479494, 39000, 0.03900470838866388
2, 2, 1, sklearn_dynamic, 0.75, 10, , , , 39, 0.5452682971954346, 7.633420467376709, 0.001511003511186173, 40000, 0.04121088116708229
2, 2, 1, sklearn_dynamic, 0.75, 10, , , , 40, 0.5417709350585938, 8.175191402435303, 0.0011912311510086176, 41000, 0.04315956615676982
2, 2, 1, sklearn_dynamic, 0.75, 10, , , , 41, 0.6154050827026367, 8.79059648513794, 0.0006352501568536954, 42000, 0.04444501089715716
2, 2, 1, sklearn_dynamic, 0.75, 10, , , , 42, 0.5774290561676025, 9.368025541305542, 0.00025089002275117077, 43000, 0.04253381433713608
2, 2, 1, sklearn_dynamic, 0.75, 10, , , , 43, 0.5857648849487305, 9.953790426254272, 2.3496806221771828e-05, 44000, 0.041749114916349514
2, 2, 1, sklearn_dynamic, 0.75, 10, , , , 44, 0.7476191520690918, 10.701409578323364, 1.3576329013488512e-05, 45000, 0.04146161323657333
2, 2, 1, sklearn_dynamic, 0.75, 10, , , , 45, 0.6824178695678711, 11.383827447891235, 4.3066495346814684e-05, 46000, 0.04102663208364255
2, 2, 1, sklearn_dynamic, 0.75, 10, , , , 46, 0.6768510341644287, 12.060678482055664, 0.00023805011547133143, 47000, 0.0417973250025539
2, 2, 1, sklearn_dynamic, 0.75, 10, , , , 47, 0.7248630523681641, 12.785541534423828, 0.00035869655531325744, 48000, 0.042007505899765984
2, 2, 1, sklearn_dynamic, 0.75, 10, , , , 48, 0.7387137413024902, 13.524255275726318, 0.0004626087663024269, 49000, 0.04213240029082586
2, 2, 1, sklearn_dynamic, 0.75, 10, , , , 49, 0.8122658729553223, 14.33652114868164, 0.00039997692193262813, 50000, 0.04194230027825486
2, 2, 1, sklearn_dynamic, 0.75, 10, , , , 50, 0.8255653381347656, 15.162086486816406, 0.0006569201534412379, 51000, 0.04363900728960738
2, 2, 1, sklearn_dynamic, 0.75, 10, , , , 51, 0.8619892597198486, 16.024075746536255, 0.0009298924488238662, 52000, 0.04582926302415734
2, 2, 1, sklearn_dynamic, 0.75, 10, , , , 52, 0.8773212432861328, 16.901396989822388, 0.001679851738839458, 53000, 0.052599306024474046
2, 2, 1, sklearn_dynamic, 0.75, 10, , , , 53, 0.8896539211273193, 17.791050910949707, 0.0016897238407249373, 54000, 0.055765997198413554
2, 2, 1, sklearn_dynamic, 0.75, 10, , , , 54, 0.8967471122741699, 18.687798023223877, 0.0014744371708793052, 55000, 0.05942682182383277
2, 2, 1, sklearn_dynamic, 0.75, 10, , , , 55, 0.9939432144165039, 19.68174123764038, 0.0011152852917721693, 56000, 0.06473056157652482
2, 2, 1, sklearn_dynamic, 0.75, 10, , , , 56, 1.0548286437988281, 20.73656988143921, 0.0007687923703681837, 57000, 0.06283517691290286
2, 2, 1, sklearn_dynamic, 0.75, 10, , , , 57, 1.062471866607666, 21.799041748046875, 0.0005628236339916342, 58000, 0.06161850428733799
2, 2, 1, sklearn_dynamic, 0.75, 10, , , , 58, 1.0380921363830566, 22.83713388442993, 0.0004626829209230303, 59000, 0.06071941676669152
2, 2, 1, sklearn_dynamic, 0.75, 10, , , , 59, 1.1518077850341797, 23.98894166946411, 0.0004598643008229359, 60000, 0.05998724757311924
2, 2, 1, sklearn_dynamic, 0.75, 10, , , , 60, 1.1026160717010498, 25.09155774116516, 0.0005400579019046867, 61000, 0.05937188091983029
2, 2, 1, sklearn_dynamic, 0.75, 10, , , , 61, 1.1661386489868164, 26.257696390151978, 0.0006910897365512468, 62000, 0.058844076358110474
2, 2, 1, sklearn_dynamic, 0.75, 10, , , , 62, 1.2015972137451172, 27.459293603897095, 0.0009025676256532322, 63000, 0.05838479914788318
2, 2, 1, sklearn_dynamic, 0.75, 10, , , , 63, 1.2441158294677734, 28.703409433364868, 0.0006606541893034025, 64000, 0.05687009793540224
2, 2, 1, sklearn_dynamic, 0.75, 10, , , , 64, 1.2945868968963623, 29.99799633026123, 0.0005094652009461568, 65000, 0.05591832095590461
2, 2, 1, sklearn_dynamic, 0.75, 10, , , , 65, 1.3187642097473145, 31.316760540008545, 0.0004407962606934902, 66000, 0.05515052235632173
2, 2, 1, sklearn_dynamic, 0.75, 10, , , , 66, 1.3926210403442383, 32.70938158035278, 0.0004352365755772231, 67000, 0.05453377013123099
2, 2, 1, sklearn_dynamic, 0.75, 10, , , , 67, 1.4305601119995117, 34.139941692352295, 0.000488968386191318, 68000, 0.0540095059420855
2, 2, 1, sklearn_dynamic, 0.75, 10, , , , 68, 1.4408011436462402, 35.580742835998535, 0.0005941928393070661, 69000, 0.05355516008654487
2, 2, 1, sklearn_dynamic, 0.75, 10, , , , 69, 1.5442039966583252, 37.12494683265686, 0.0007441397186975099, 70000, 0.053155970801310376
3, 3, 1, fdbscan_dynamic_naive, 0.75, 10, 10, , , 0, 0.06718015670776367, 0.06718015670776367, 1.0, 1000, 1.0
3, 3, 1, fdbscan_dynamic_naive, 0.75, 10, 10, , , 1, 0.07221293449401855, 0.13939309120178223, 0.0, 2000, 0.0
3, 3, 1, fdbscan_dynamic_naive, 0.75, 10, 10, , , 2, 0.07692813873291016, 0.21632122993469238, 0.0, 3000, 0.0
3, 3, 1, fdbscan_dynamic_naive, 0.75, 10, 10, , , 3, 0.07977700233459473, 0.2960982322692871, 0.0, 4000, 0.0
3, 3, 1, fdbscan_dynamic_naive, 0.75, 10, 10, , , 4, 0.08449602127075195, 0.38059425354003906, 0.0, 5000, 0.0
3, 3, 1, fdbscan_dynamic_naive, 0.75, 10, 10, , , 5, 0.09056305885314941, 0.4711573123931885, 0.0, 6000, 0.0
3, 3, 1, fdbscan_dynamic_naive, 0.75, 10, 10, , , 6, 0.09521293640136719, 0.5663702487945557, 0.0, 7000, 0.0
3, 3, 1, fdbscan_dynamic_naive, 0.75, 10, 10, , , 7, 0.10095405578613281, 0.6673243045806885, -0.015850810406758304, 8000, 0.07852319334159534
3, 3, 1, fdbscan_dynamic_naive, 0.75, 10, 10, , , 8, 0.1089332103729248, 0.7762575149536133, 0.1821780543775591, 9000, 0.22568003119177735
3, 3, 1, fdbscan_dynamic_naive, 0.75, 10, 10, , , 9, 0.21344780921936035, 0.9897053241729736, 0.21549881596415116, 10000, 0.2663153045808662
3, 3, 1, fdbscan_dynamic_naive, 0.75, 10, 10, , , 10, 0.11312699317932129, 1.102832317352295, 0.28077120963991026, 11000, 0.3267911422025744
3, 3, 1, fdbscan_dynamic_naive, 0.75, 10, 10, , , 11, 0.12035417556762695, 1.2231864929199219, 0.30361618746677144, 12000, 0.35893840703749436
3, 3, 1, fdbscan_dynamic_naive, 0.75, 10, 10, , , 12, 0.1298229694366455, 1.3530094623565674, 0.3420523003490634, 13000, 0.3944486506386096
3, 3, 1, fdbscan_dynamic_naive, 0.75, 10, 10, , , 13, 0.1747150421142578, 1.5277245044708252, 0.3493808225410561, 14000, 0.4057585570866758
3, 3, 1, fdbscan_dynamic_naive, 0.75, 10, 10, , , 14, 0.14757299423217773, 1.675297498703003, 0.27949867436796344, 15000, 0.3753401728831347
3, 3, 1, fdbscan_dynamic_naive, 0.75, 10, 10, , , 15, 0.1936028003692627, 1.8689002990722656, 0.2372825189362109, 16000, 0.36754178039255087
3, 3, 1, fdbscan_dynamic_naive, 0.75, 10, 10, , , 16, 0.1544198989868164, 2.023320198059082, 0.21409176692724163, 17000, 0.36449452324818277
3, 3, 1, fdbscan_dynamic_naive, 0.75, 10, 10, , , 17, 0.16046380996704102, 2.183784008026123, 0.20351864275883622, 18000, 0.3634396924056196
3, 3, 1, fdbscan_dynamic_naive, 0.75, 10, 10, , , 18, 0.21231794357299805, 2.396101951599121, 0.2011239398161063, 19000, 0.36355514579978754
3, 3, 1, fdbscan_dynamic_naive, 0.75, 10, 10, , , 19, 0.1693720817565918, 2.565474033355713, 0.20395080163412965, 20000, 0.36428445572179524
3, 3, 1, fdbscan_dynamic_naive, 0.75, 10, 10, , , 20, 0.22539210319519043, 2.7908661365509033, 0.20998028500967147, 21000, 0.3649460201207314
3, 3, 1, fdbscan_dynamic_naive, 0.75, 10, 10, , , 21, 0.18141508102416992, 2.9722812175750732, 0.17617471137819718, 22000, 0.3388966145656874
3, 3, 1, fdbscan_dynamic_naive, 0.75, 10, 10, , , 22, 0.23900890350341797, 3.211290121078491, 0.15341941579032922, 23000, 0.32696991571620637
3, 3, 1, fdbscan_dynamic_naive, 0.75, 10, 10, , , 23, 0.19068598747253418, 3.4019761085510254, 0.14088236764528517, 24000, 0.32081064011287264
3, 3, 1, fdbscan_dynamic_naive, 0.75, 10, 10, , , 24, 0.2522280216217041, 3.6542041301727295, 0.1317143410174168, 25000, 0.3150361015555073
3, 3, 1, fdbscan_dynamic_naive, 0.75, 10, 10, , , 25, 0.20221209526062012, 3.8564162254333496, 0.1262352350044027, 26000, 0.3111391296612946
3, 3, 1, fdbscan_dynamic_naive, 0.75, 10, 10, , , 26, 0.20400285720825195, 4.060419082641602, 0.12382242173580263, 27000, 0.30848745230523317
3, 3, 1, fdbscan_dynamic_naive, 0.75, 10, 10, , , 27, 0.2672560214996338, 4.327675104141235, 0.12277205813715589, 28000, 0.30589494793967353
3, 3, 1, fdbscan_dynamic_naive, 0.75, 10, 10, , , 28, 0.2123579978942871, 4.5400331020355225, 0.10668840020743127, 29000, 0.28980972761865825
3, 3, 1, fdbscan_dynamic_naive, 0.75, 10, 10, , , 29, 0.2771739959716797, 4.817207098007202, 0.09536703248516179, 30000, 0.2815094361027313
3, 3, 1, fdbscan_dynamic_naive, 0.75, 10, 10, , , 30, 0.2841649055480957, 5.101372003555298, 0.08762990996419917, 31000, 0.2759564654668249
3, 3, 1, fdbscan_dynamic_naive, 0.75, 10, 10, , , 31, 0.2269580364227295, 5.328330039978027, 0.08268889240430573, 32000, 0.27186303806725876
3, 3, 1, fdbscan_dynamic_naive, 0.75, 10, 10, , , 32, 0.29774904251098633, 5.626079082489014, 0.08014558352039995, 33000, 0.26811367081722787
3, 3, 1, fdbscan_dynamic_naive, 0.75, 10, 10, , , 33, 0.23690104484558105, 5.862980127334595, 0.07872406210308903, 34000, 0.2655614658609241
3, 3, 1, fdbscan_dynamic_naive, 0.75, 10, 10, , , 34, 0.3088798522949219, 6.171859979629517, 0.07854424475360039, 35000, 0.2633663775486085
3, 3, 1, fdbscan_dynamic_naive, 0.75, 10, 10, , , 35, 0.2462317943572998, 6.418091773986816, 0.06997929182518876, 36000, 0.2523243234460923
3, 3, 1, fdbscan_dynamic_naive, 0.75, 10, 10, , , 36, 0.3219571113586426, 6.740048885345459, 0.06538893252386561, 37000, 0.2497173229881083
3, 3, 1, fdbscan_dynamic_naive, 0.75, 10, 10, , , 37, 0.25660204887390137, 6.99665093421936, 0.062438086174701826, 38000, 0.2493924246667263
3, 3, 1, fdbscan_dynamic_naive, 0.75, 10, 10, , , 38, 0.33588194847106934, 7.33253288269043, 0.06271380164358148, 39000, 0.2562639834982443
3, 3, 1, fdbscan_dynamic_naive, 0.75, 10, 10, , , 39, 0.26946091651916504, 7.601993799209595, 0.061139241309422804, 40000, 0.2590983117646383
3, 3, 1, fdbscan_dynamic_naive, 0.75, 10, 10, , , 40, 0.3488309383392334, 7.950824737548828, 0.05982571799804394, 41000, 0.2623748668870778
3, 3, 1, fdbscan_dynamic_naive, 0.75, 10, 10, , , 41, 0.27940797805786133, 8.23023271560669, 0.0579210740419462, 42000, 0.2658964811921993
3, 3, 1, fdbscan_dynamic_naive, 0.75, 10, 10, , , 42, 0.3598320484161377, 8.590064764022827, 0.052853862591823, 43000, 0.25644546780620775
3, 3, 1, fdbscan_dynamic_naive, 0.75, 10, 10, , , 43, 0.28777217864990234, 8.87783694267273, 0.04898955904056869, 44000, 0.2509228388738489
3, 3, 1, fdbscan_dynamic_naive, 0.75, 10, 10, , , 44, 0.3752741813659668, 9.253111124038696, 0.046770759033166735, 45000, 0.24723838772103407
3, 3, 1, fdbscan_dynamic_naive, 0.75, 10, 10, , , 45, 0.30350613594055176, 9.556617259979248, 0.045085082457560155, 46000, 0.24481299658492156
3, 3, 1, fdbscan_dynamic_naive, 0.75, 10, 10, , , 46, 0.38489294052124023, 9.941510200500488, 0.04429103946417671, 47000, 0.24024947166802962
3, 3, 1, fdbscan_dynamic_naive, 0.75, 10, 10, , , 47, 0.31180286407470703, 10.253313064575195, 0.04326478948998001, 48000, 0.23768246504642043
3, 3, 1, fdbscan_dynamic_naive, 0.75, 10, 10, , , 48, 0.396881103515625, 10.65019416809082, 0.042399154585253215, 49000, 0.23576180346405395
3, 3, 1, fdbscan_dynamic_naive, 0.75, 10, 10, , , 49, 0.40593886375427246, 11.056133031845093, 0.04053295412607706, 50000, 0.2324729198763435
3, 3, 1, fdbscan_dynamic_naive, 0.75, 10, 10, , , 50, 0.3258650302886963, 11.381998062133789, 0.04347920102126512, 51000, 0.2437096607966486
3, 3, 1, fdbscan_dynamic_naive, 0.75, 10, 10, , , 51, 0.41855788230895996, 11.800555944442749, 0.049351514157023386, 52000, 0.2563057395456618
3, 3, 1, fdbscan_dynamic_naive, 0.75, 10, 10, , , 52, 0.3384556770324707, 12.13901162147522, 0.056061215723361923, 53000, 0.26553557305204906
3, 3, 1, fdbscan_dynamic_naive, 0.75, 10, 10, , , 53, 0.4326457977294922, 12.571657419204712, 0.06024636165489055, 54000, 0.2766912306275313
3, 3, 1, fdbscan_dynamic_naive, 0.75, 10, 10, , , 54, 0.4443330764770508, 13.015990495681763, 0.062433531707152365, 55000, 0.2832897776467503
3, 3, 1, fdbscan_dynamic_naive, 0.75, 10, 10, , , 55, 0.3672969341278076, 13.38328742980957, 0.0661231438373818, 56000, 0.29295309706108486
3, 3, 1, fdbscan_dynamic_naive, 0.75, 10, 10, , , 56, 0.47405219078063965, 13.85733962059021, 0.06133631580150374, 57000, 0.28684908120091845
3, 3, 1, fdbscan_dynamic_naive, 0.75, 10, 10, , , 57, 0.39185094833374023, 14.24919056892395, 0.057729199866229396, 58000, 0.28321398555291
3, 3, 1, fdbscan_dynamic_naive, 0.75, 10, 10, , , 58, 0.48222780227661133, 14.731418371200562, 0.05511613712170477, 59000, 0.28058376590382017
3, 3, 1, fdbscan_dynamic_naive, 0.75, 10, 10, , , 59, 0.49614715576171875, 15.22756552696228, 0.053374055092972446, 60000, 0.27848664927267003
3, 3, 1, fdbscan_dynamic_naive, 0.75, 10, 10, , , 60, 0.4083678722381592, 15.63593339920044, 0.052449172340450545, 61000, 0.27719881548213154
3, 3, 1, fdbscan_dynamic_naive, 0.75, 10, 10, , , 61, 0.5055022239685059, 16.141435623168945, 0.052045603573758197, 62000, 0.2757492648025688
3, 3, 1, fdbscan_dynamic_naive, 0.75, 10, 10, , , 62, 0.4191570281982422, 16.560592651367188, 0.052189780451108406, 63000, 0.27459732208373494
3, 3, 1, fdbscan_dynamic_naive, 0.75, 10, 10, , , 63, 0.5147027969360352, 17.075295448303223, 0.04974695681277795, 64000, 0.27146296861617
3, 3, 1, fdbscan_dynamic_naive, 0.75, 10, 10, , , 64, 0.5286951065063477, 17.60399055480957, 0.047255167646214874, 65000, 0.2679190662680249
3, 3, 1, fdbscan_dynamic_naive, 0.75, 10, 10, , , 65, 0.4382810592651367, 18.042271614074707, 0.045660554132721194, 66000, 0.2654328436457984
3, 3, 1, fdbscan_dynamic_naive, 0.75, 10, 10, , , 66, 0.5396759510040283, 18.581947565078735, 0.04792565595150972, 67000, 0.2635770195140772
3, 3, 1, fdbscan_dynamic_naive, 0.75, 10, 10, , , 67, 0.44696497917175293, 19.02891254425049, 0.047783113065221185, 68000, 0.2627772470189674
3, 3, 1, fdbscan_dynamic_naive, 0.75, 10, 10, , , 68, 0.55222487449646, 19.58113741874695, 0.04723904387473602, 69000, 0.26197383028942256
3, 3, 1, fdbscan_dynamic_naive, 0.75, 10, 10, , , 69, 0.5515761375427246, 20.132713556289673, 0.046864583366910594, 70000, 0.2581191920006401
4, 4, 1, fdbscan_dynamic_noncore, 0.75, 10, 10, , 20, 0, 0.06479716300964355, 0.06479716300964355, 1.0, 1000, 1.0
4, 4, 1, fdbscan_dynamic_noncore, 0.75, 10, 10, , 20, 1, 0.07017016410827637, 0.13496732711791992, 0.0, 2000, 0.0
4, 4, 1, fdbscan_dynamic_noncore, 0.75, 10, 10, , 20, 2, 0.07420229911804199, 0.20916962623596191, 0.0, 3000, 0.0
4, 4, 1, fdbscan_dynamic_noncore, 0.75, 10, 10, , 20, 3, 0.0799250602722168, 0.2890946865081787, 0.0, 4000, 0.0
4, 4, 1, fdbscan_dynamic_noncore, 0.75, 10, 10, , 20, 4, 0.08401823043823242, 0.37311291694641113, 0.0, 5000, 0.0
4, 4, 1, fdbscan_dynamic_noncore, 0.75, 10, 10, , 20, 5, 0.08991408348083496, 0.4630270004272461, 0.0, 6000, 0.0
4, 4, 1, fdbscan_dynamic_noncore, 0.75, 10, 10, , 20, 6, 0.09518694877624512, 0.5582139492034912, 0.0, 7000, 0.0
4, 4, 1, fdbscan_dynamic_noncore, 0.75, 10, 10, , 20, 7, 0.10051202774047852, 0.6587259769439697, -0.015922142174854777, 8000, 0.07512047070257657
4, 4, 1, fdbscan_dynamic_noncore, 0.75, 10, 10, , 20, 8, 0.10405778884887695, 0.7627837657928467, 0.18975545183722306, 9000, 0.2239725324417166
4, 4, 1, fdbscan_dynamic_noncore, 0.75, 10, 10, , 20, 9, 0.1049649715423584, 0.8677487373352051, 0.2194216707311402, 10000, 0.2612384038075402
4, 4, 1, fdbscan_dynamic_noncore, 0.75, 10, 10, , 20, 10, 0.14801788330078125, 1.0157666206359863, 0.2806726494186532, 11000, 0.313098789608547
4, 4, 1, fdbscan_dynamic_noncore, 0.75, 10, 10, , 20, 11, 0.1150510311126709, 1.1308176517486572, 0.2943821166082994, 12000, 0.33826741693395085
4, 4, 1, fdbscan_dynamic_noncore, 0.75, 10, 10, , 20, 12, 0.12152767181396484, 1.252345323562622, 0.334055334450293, 13000, 0.37574606631251617
4, 4, 1, fdbscan_dynamic_noncore, 0.75, 10, 10, , 20, 13, 0.1687169075012207, 1.4210622310638428, 0.34732591829932374, 14000, 0.39379957843632624
4, 4, 1, fdbscan_dynamic_noncore, 0.75, 10, 10, , 20, 14, 0.14236712455749512, 1.563429355621338, 0.27788527705113386, 15000, 0.3661328421014592
4, 4, 1, fdbscan_dynamic_noncore, 0.75, 10, 10, , 20, 15, 0.18991708755493164, 1.7533464431762695, 0.23591945763340605, 16000, 0.3595111346837398
4, 4, 1, fdbscan_dynamic_noncore, 0.75, 10, 10, , 20, 16, 0.15503716468811035, 1.9083836078643799, 0.21299459271097426, 17000, 0.35756734410611307
4, 4, 1, fdbscan_dynamic_noncore, 0.75, 10, 10, , 20, 17, 0.15828394889831543, 2.0666675567626953, 0.20281860230704893, 18000, 0.35688769188042635
4, 4, 1, fdbscan_dynamic_noncore, 0.75, 10, 10, , 20, 18, 0.2175600528717041, 2.2842276096343994, 0.2008105109922623, 19000, 0.3578391781321328
4, 4, 1, fdbscan_dynamic_noncore, 0.75, 10, 10, , 20, 19, 0.16879510879516602, 2.4530227184295654, 0.20406385840637026, 20000, 0.3590593941780966
4, 4, 1, fdbscan_dynamic_noncore, 0.75, 10, 10, , 20, 20, 0.22613787651062012, 2.6791605949401855, 0.21051676955707987, 21000, 0.3601704302641001
4, 4, 1, fdbscan_dynamic_noncore, 0.75, 10, 10, , 20, 21, 0.06205296516418457, 2.74121356010437, 0.17646525760493295, 22000, 0.335500790839669
4, 4, 1, fdbscan_dynamic_noncore, 0.75, 10, 10, , 20, 22, 0.062087297439575195, 2.8033008575439453, 0.1535299137619421, 23000, 0.32438484665226264
4, 4, 1, fdbscan_dynamic_noncore, 0.75, 10, 10, , 20, 23, 0.06247234344482422, 2.8657732009887695, 0.13871799313160288, 24000, 0.31759630271196615
4, 4, 1, fdbscan_dynamic_noncore, 0.75, 10, 10, , 20, 24, 0.06288599967956543, 2.928659200668335, 0.1298596497443846, 25000, 0.3121083132344841
4, 4, 1, fdbscan_dynamic_noncore, 0.75, 10, 10, , 20, 25, 0.06296277046203613, 2.991621971130371, 0.1250866245194734, 26000, 0.30878944434338274
4, 4, 1, fdbscan_dynamic_noncore, 0.75, 10, 10, , 20, 26, 0.0640561580657959, 3.055678129196167, 0.12335653946154489, 27000, 0.30614173089060304
4, 4, 1, fdbscan_dynamic_noncore, 0.75, 10, 10, , 20, 27, 0.06398797035217285, 3.11966609954834, 0.12375362736404931, 28000, 0.3034720440116287
4, 4, 1, fdbscan_dynamic_noncore, 0.75, 10, 10, , 20, 28, 0.08329486846923828, 3.202960968017578, 0.10778774950131145, 29000, 0.28715943077492434
4, 4, 1, fdbscan_dynamic_noncore, 0.75, 10, 10, , 20, 29, 0.06472301483154297, 3.267683982849121, 0.09641429525324066, 30000, 0.27885994987122725
4, 4, 1, fdbscan_dynamic_noncore, 0.75, 10, 10, , 20, 30, 0.12342405319213867, 3.3911080360412598, 0.08861692434457638, 31000, 0.27316804617924034
4, 4, 1, fdbscan_dynamic_noncore, 0.75, 10, 10, , 20, 31, 0.06373786926269531, 3.454845905303955, 0.08357589704379886, 32000, 0.26877449166231515
4, 4, 1, fdbscan_dynamic_noncore, 0.75, 10, 10, , 20, 32, 0.06391716003417969, 3.5187630653381348, 0.08060809064633478, 33000, 0.26527884844920024
4, 4, 1, fdbscan_dynamic_noncore, 0.75, 10, 10, , 20, 33, 0.06361985206604004, 3.582382917404175, 0.0792102102094152, 34000, 0.26269049296558405
4, 4, 1, fdbscan_dynamic_noncore, 0.75, 10, 10, , 20, 34, 0.06348705291748047, 3.6458699703216553, 0.07904667425029832, 35000, 0.2605948121320748
4, 4, 1, fdbscan_dynamic_noncore, 0.75, 10, 10, , 20, 35, 0.06341814994812012, 3.7092881202697754, 0.07067084300818317, 36000, 0.24922055989514355
4, 4, 1, fdbscan_dynamic_noncore, 0.75, 10, 10, , 20, 36, 0.06396102905273438, 3.7732491493225098, 0.06452348073209649, 37000, 0.24291980246152453
4, 4, 1, fdbscan_dynamic_noncore, 0.75, 10, 10, , 20, 37, 0.06400895118713379, 3.8372581005096436, 0.060147908437016194, 38000, 0.23838280636035114
4, 4, 1, fdbscan_dynamic_noncore, 0.75, 10, 10, , 20, 38, 0.0642399787902832, 3.9014980792999268, 0.05718568860319079, 39000, 0.23488090055877786
4, 4, 1, fdbscan_dynamic_noncore, 0.75, 10, 10, , 20, 39, 0.06467199325561523, 3.966170072555542, 0.055353788762724065, 40000, 0.23207400764631558
4, 4, 1, fdbscan_dynamic_noncore, 0.75, 10, 10, , 20, 40, 0.06460905075073242, 4.030779123306274, 0.05442745878492735, 41000, 0.22976822749333206
4, 4, 1, fdbscan_dynamic_noncore, 0.75, 10, 10, , 20, 41, 0.06493091583251953, 4.095710039138794, 0.05422729834635881, 42000, 0.2278405221584906
4, 4, 1, fdbscan_dynamic_noncore, 0.75, 10, 10, , 20, 42, 0.06302380561828613, 4.15873384475708, 0.05008154893978974, 43000, 0.21897974552644164
4, 4, 1, fdbscan_dynamic_noncore, 0.75, 10, 10, , 20, 43, 0.0638430118560791, 4.222576856613159, 0.04671990834728245, 44000, 0.21354683533373203
4, 4, 1, fdbscan_dynamic_noncore, 0.75, 10, 10, , 20, 44, 0.13404178619384766, 4.356618642807007, 0.04420775236102885, 45000, 0.20939958424123156
4, 4, 1, fdbscan_dynamic_noncore, 0.75, 10, 10, , 20, 45, 0.06431007385253906, 4.420928716659546, 0.04223409828511962, 46000, 0.2060307094820073
4, 4, 1, fdbscan_dynamic_noncore, 0.75, 10, 10, , 20, 46, 0.06408500671386719, 4.485013723373413, 0.04085666346008303, 47000, 0.20324970026980602
4, 4, 1, fdbscan_dynamic_noncore, 0.75, 10, 10, , 20, 47, 0.06378602981567383, 4.548799753189087, 0.03990917094791712, 48000, 0.200844762530629
4, 4, 1, fdbscan_dynamic_noncore, 0.75, 10, 10, , 20, 48, 0.06432199478149414, 4.613121747970581, 0.03927437472062444, 49000, 0.19872986115671845
4, 4, 1, fdbscan_dynamic_noncore, 0.75, 10, 10, , 20, 49, 0.06504392623901367, 4.678165674209595, 0.03622146418133309, 50000, 0.19252119077796048
4, 4, 1, fdbscan_dynamic_noncore, 0.75, 10, 10, , 20, 50, 0.06546902656555176, 4.7436347007751465, 0.03389270035407814, 51000, 0.1887931120199827
4, 4, 1, fdbscan_dynamic_noncore, 0.75, 10, 10, , 20, 51, 0.06576299667358398, 4.8093976974487305, 0.03217409437393818, 52000, 0.18596436880251344
4, 4, 1, fdbscan_dynamic_noncore, 0.75, 10, 10, , 20, 52, 0.06676888465881348, 4.876166582107544, 0.03097058096856847, 53000, 0.18368392201547434
4, 4, 1, fdbscan_dynamic_noncore, 0.75, 10, 10, , 20, 53, 0.06796789169311523, 4.944134473800659, 0.030202561908864032, 54000, 0.18178465140300448
4, 4, 1, fdbscan_dynamic_noncore, 0.75, 10, 10, , 20, 54, 0.06935620307922363, 5.013490676879883, 0.02980314371501262, 55000, 0.18016913761035713
4, 4, 1, fdbscan_dynamic_noncore, 0.75, 10, 10, , 20, 55, 0.06911325454711914, 5.082603931427002, 0.02971591754661697, 56000, 0.17877414687101087
4, 4, 1, fdbscan_dynamic_noncore, 0.75, 10, 10, , 20, 56, 0.06535005569458008, 5.147953987121582, 0.027697473215907955, 57000, 0.1738462022562957
4, 4, 1, fdbscan_dynamic_noncore, 0.75, 10, 10, , 20, 57, 0.06518816947937012, 5.213142156600952, 0.02613553072568676, 58000, 0.17079862063766296
4, 4, 1, fdbscan_dynamic_noncore, 0.75, 10, 10, , 20, 58, 0.06508803367614746, 5.2782301902771, 0.024965920298221558, 59000, 0.16844165515473813
4, 4, 1, fdbscan_dynamic_noncore, 0.75, 10, 10, , 20, 59, 0.06490516662597656, 5.343135356903076, 0.02413400057676901, 60000, 0.16651095572757216
4, 4, 1, fdbscan_dynamic_noncore, 0.75, 10, 10, , 20, 60, 0.06515026092529297, 5.408285617828369, 0.02359309213255048, 61000, 0.16488002976865737
4, 4, 1, fdbscan_dynamic_noncore, 0.75, 10, 10, , 20, 61, 0.06470131874084473, 5.472986936569214, 0.02330319616041307, 62000, 0.16347468184394462
4, 4, 1, fdbscan_dynamic_noncore, 0.75, 10, 10, , 20, 62, 0.06536102294921875, 5.538347959518433, 0.023229941339130263, 63000, 0.16224643000502156
4, 4, 1, fdbscan_dynamic_noncore, 0.75, 10, 10, , 20, 63, 0.152177095413208, 5.690525054931641, 0.0218301897040259, 64000, 0.158253304526374
4, 4, 1, fdbscan_dynamic_noncore, 0.75, 10, 10, , 20, 64, 0.06578993797302246, 5.756314992904663, 0.020734946828743748, 65000, 0.1557261974996028
4, 4, 1, fdbscan_dynamic_noncore, 0.75, 10, 10, , 20, 65, 0.06578421592712402, 5.822099208831787, 0.01990557323532177, 66000, 0.1537425122318393
4, 4, 1, fdbscan_dynamic_noncore, 0.75, 10, 10, , 20, 66, 0.06573486328125, 5.887834072113037, 0.019308611882850577, 67000, 0.15209734445090956
4, 4, 1, fdbscan_dynamic_noncore, 0.75, 10, 10, , 20, 67, 0.06615400314331055, 5.953988075256348, 0.018915015020153317, 68000, 0.15069233217027614
4, 4, 1, fdbscan_dynamic_noncore, 0.75, 10, 10, , 20, 68, 0.06580615043640137, 6.019794225692749, 0.018699499436512775, 69000, 0.14946953539051783
4, 4, 1, fdbscan_dynamic_noncore, 0.75, 10, 10, , 20, 69, 0.06622076034545898, 6.086014986038208, 0.018640006569803663, 70000, 0.1483909147258708
5, 1, 2, dynamic_dbscan, 0.75, 10, 10, 20, , 0, 0.03339099884033203, 0.03339099884033203, 0.0, 1000, 0.0
5, 1, 2, dynamic_dbscan, 0.75, 10, 10, 20, , 1, 0.03798985481262207, 0.0713808536529541, 0.0, 2000, 0.0
5, 1, 2, dynamic_dbscan, 0.75, 10, 10, 20, , 2, 0.04412198066711426, 0.11550283432006836, 0.0, 3000, 0.0
5, 1, 2, dynamic_dbscan, 0.75, 10, 10, 20, , 3, 0.04892897605895996, 0.16443181037902832, 0.0, 4000, 0.0
5, 1, 2, dynamic_dbscan, 0.75, 10, 10, 20, , 4, 0.06238412857055664, 0.22681593894958496, 0.0, 5000, 0.0
5, 1, 2, dynamic_dbscan, 0.75, 10, 10, 20, , 5, 0.06812381744384766, 0.2949397563934326, 0.0, 6000, 0.0
5, 1, 2, dynamic_dbscan, 0.75, 10, 10, 20, , 6, 0.08700895309448242, 0.38194870948791504, 0.0, 7000, 0.0
5, 1, 2, dynamic_dbscan, 0.75, 10, 10, 20, , 7, 0.05411505699157715, 0.4360637664794922, 0.018069487019570882, 8000, 0.1490186539679298
5, 1, 2, dynamic_dbscan, 0.75, 10, 10, 20, , 8, 0.10073304176330566, 0.5367968082427979, 0.21431423630333504, 9000, 0.31778633597945094
5, 1, 2, dynamic_dbscan, 0.75, 10, 10, 20, , 9, 0.16673612594604492, 0.7035329341888428, 0.1023181965191889, 10000, 0.07615579495195944
5, 1, 2, dynamic_dbscan, 0.75, 10, 10, 20, , 10, 0.1359107494354248, 0.8394436836242676, 0.13973466748978375, 11000, 0.11216211521101666
5, 1, 2, dynamic_dbscan, 0.75, 10, 10, 20, , 11, 0.13799595832824707, 0.9774396419525146, 0.16539127013377683, 12000, 0.13388734846865286
5, 1, 2, dynamic_dbscan, 0.75, 10, 10, 20, , 12, 0.14374804496765137, 1.121187686920166, 0.19343221295685648, 13000, 0.15434902505929926
5, 1, 2, dynamic_dbscan, 0.75, 10, 10, 20, , 13, 0.1493360996246338, 1.2705237865447998, 0.2196287893467646, 14000, 0.17046345383742878
5, 1, 2, dynamic_dbscan, 0.75, 10, 10, 20, , 14, 0.07408785820007324, 1.344611644744873, 0.20839078226784333, 15000, 0.19393348958857573
5, 1, 2, dynamic_dbscan, 0.75, 10, 10, 20, , 15, 0.13360095024108887, 1.478212594985962, 0.20441071119895188, 16000, 0.21050253935471028
5, 1, 2, dynamic_dbscan, 0.75, 10, 10, 20, , 16, 0.08268904685974121, 1.5609016418457031, 0.20557391571033684, 17000, 0.22048074215115637
5, 1, 2, dynamic_dbscan, 0.75, 10, 10, 20, , 17, 0.08737826347351074, 1.6482799053192139, 0.20953147533379357, 18000, 0.22436031158590328
5, 1, 2, dynamic_dbscan, 0.75, 10, 10, 20, , 18, 0.0850529670715332, 1.733332872390747, 0.21202877444009277, 19000, 0.22076939596848727
5, 1, 2, dynamic_dbscan, 0.75, 10, 10, 20, , 19, 0.09370279312133789, 1.827035665512085, 0.21946379384850473, 20000, 0.22303591240402013
5, 1, 2, dynamic_dbscan, 0.75, 10, 10, 20, , 20, 0.09036684036254883, 1.9174025058746338, 0.22389390900260522, 21000, 0.22126249947675036
5, 1, 2, dynamic_dbscan, 0.75, 10, 10, 20, , 21, 0.08361506462097168, 2.0010175704956055, 0.19684469316583475, 22000, 0.21341073816728426
5, 1, 2, dynamic_dbscan, 0.75, 10, 10, 20, , 22, 0.07689094543457031, 2.077908515930176, 0.17895851915176708, 23000, 0.2128837597388549
5, 1, 2, dynamic_dbscan, 0.75, 10, 10, 20, , 23, 0.16869807243347168, 2.2466065883636475, 0.17182536896175168, 24000, 0.21264217542090316
5, 1, 2, dynamic_dbscan, 0.75, 10, 10, 20, , 24, 0.09010887145996094, 2.3367154598236084, 0.16119201093456945, 25000, 0.1961757078105802
5, 1, 2, dynamic_dbscan, 0.75, 10, 10, 20, , 25, 0.1052391529083252, 2.4419546127319336, 0.1535045908791333, 26000, 0.1877914495703804
5, 1, 2, dynamic_dbscan, 0.75, 10, 10, 20, , 26, 0.11799001693725586, 2.5599446296691895, 0.1445821742420982, 27000, 0.17723003997356554
5, 1, 2, dynamic_dbscan, 0.75, 10, 10, 20, , 27, 0.10971426963806152, 2.669658899307251, 0.13801608398474902, 28000, 0.17240840168938393
5, 1, 2, dynamic_dbscan, 0.75, 10, 10, 20, , 28, 0.09363603591918945, 2.7632949352264404, 0.12321192742824194, 29000, 0.1708523169890208
5, 1, 2, dynamic_dbscan, 0.75, 10, 10, 20, , 29, 0.08687210083007812, 2.8501670360565186, 0.11316906224698065, 30000, 0.17138802550809645
5, 1, 2, dynamic_dbscan, 0.75, 10, 10, 20, , 30, 0.09032988548278809, 2.9404969215393066, 0.10559099790102952, 31000, 0.1667963289299222
5, 1, 2, dynamic_dbscan, 0.75, 10, 10, 20, , 31, 0.09421181678771973, 3.0347087383270264, 0.10311361336111252, 32000, 0.16804691512580122
5, 1, 2, dynamic_dbscan, 0.75, 10, 10, 20, , 32, 0.20650601387023926, 3.2412147521972656, 0.10180549576621782, 33000, 0.16660267465084316
5, 1, 2, dynamic_dbscan, 0.75, 10, 10, 20, , 33, 0.11352109909057617, 3.354735851287842, 0.10225799548183617, 34000, 0.16937004998841604
5, 1, 2, dynamic_dbscan, 0.75, 10, 10, 20, , 34, 0.10672187805175781, 3.4614577293395996, 0.10278787485506571, 35000, 0.17070523790802802
5, 1, 2, dynamic_dbscan, 0.75, 10, 10, 20, , 35, 0.09756088256835938, 3.559018611907959, 0.09459175132284903, 36000, 0.16631487938458714
5, 1, 2, dynamic_dbscan, 0.75, 10, 10, 20, , 36, 0.1213078498840332, 3.680326461791992, 0.08911674190379797, 37000, 0.15802368867272468
5, 1, 2, dynamic_dbscan, 0.75, 10, 10, 20, , 37, 0.12078690528869629, 3.8011133670806885, 0.08485458035608544, 38000, 0.15196233377498566
5, 1, 2, dynamic_dbscan, 0.75, 10, 10, 20, , 38, 0.15977001190185547, 3.960883378982544, 0.08155926753712639, 39000, 0.1472915328904753
5, 1, 2, dynamic_dbscan, 0.75, 10, 10, 20, , 39, 0.1231849193572998, 4.084068298339844, 0.07811030558532284, 40000, 0.14252843400073642
5, 1, 2, dynamic_dbscan, 0.75, 10, 10, 20, , 40, 0.1483900547027588, 4.2324583530426025, 0.07506429506064342, 41000, 0.1407943838176878
5, 1, 2, dynamic_dbscan, 0.75, 10, 10, 20, , 41, 0.1716010570526123, 4.404059410095215, 0.0721928538925944, 42000, 0.1383384762332047
5, 1, 2, dynamic_dbscan, 0.75, 10, 10, 20, , 42, 0.13645505905151367, 4.5405144691467285, 0.06685665618528197, 43000, 0.13176293311973192
5, 1, 2, dynamic_dbscan, 0.75, 10, 10, 20, , 43, 0.15324616432189941, 4.693760633468628, 0.06276063898280985, 44000, 0.12748101841033968
5, 1, 2, dynamic_dbscan, 0.75, 10, 10, 20, , 44, 0.24538373947143555, 4.9391443729400635, 0.05972911684197818, 45000, 0.12333792979433973
5, 1, 2, dynamic_dbscan, 0.75, 10, 10, 20, , 45, 0.15076899528503418, 5.089913368225098, 0.056990325152513094, 46000, 0.11891332368877074
5, 1, 2, dynamic_dbscan, 0.75, 10, 10, 20, , 46, 0.14970088005065918, 5.239614248275757, 0.054764091387898985, 47000, 0.11582650566398131
5, 1, 2, dynamic_dbscan, 0.75, 10, 10, 20, , 47, 0.15152692794799805, 5.391141176223755, 0.052698798354989744, 48000, 0.11315357611971295
5, 1, 2, dynamic_dbscan, 0.75, 10, 10, 20, , 48, 0.16643309593200684, 5.557574272155762, 0.05075879349738863, 49000, 0.11019612081261669
5, 1, 2, dynamic_dbscan, 0.75, 10, 10, 20, , 49, 0.17995500564575195, 5.737529277801514, 0.05096698987832292, 50000, 0.10921036229871708
5, 1, 2, dynamic_dbscan, 0.75, 10, 10, 20, , 50, 0.19733500480651855, 5.934864282608032, 0.05217256409036479, 51000, 0.11059041742325273
5, 1, 2, dynamic_dbscan, 0.75, 10, 10, 20, , 51, 0.22971606254577637, 6.164580345153809, 0.05488021342391007, 52000, 0.11629111969654632
5, 1, 2, dynamic_dbscan, 0.75, 10, 10, 20, , 52, 0.23380804061889648, 6.398388385772705, 0.058907959303501116, 53000, 0.124567323424773
5, 1, 2, dynamic_dbscan, 0.75, 10, 10, 20, , 53, 0.24081087112426758, 6.639199256896973, 0.06309734084355159, 54000, 0.1304371364305631
5, 1, 2, dynamic_dbscan, 0.75, 10, 10, 20, , 54, 0.2808971405029297, 6.920096397399902, 0.06747976509307625, 55000, 0.13616970577019127
5, 1, 2, dynamic_dbscan, 0.75, 10, 10, 20, , 55, 0.247175931930542, 7.167272329330444, 0.07288765808975092, 56000, 0.14240976363912033
5, 1, 2, dynamic_dbscan, 0.75, 10, 10, 20, , 56, 0.15971136093139648, 7.326983690261841, 0.06916012042890685, 57000, 0.1433859294023203
5, 1, 2, dynamic_dbscan, 0.75, 10, 10, 20, , 57, 0.14038896560668945, 7.46737265586853, 0.06664589693865285, 58000, 0.14527949093645287
5, 1, 2, dynamic_dbscan, 0.75, 10, 10, 20, , 58, 0.31821107864379883, 7.785583734512329, 0.06535376992591765, 59000, 0.1476035509866316
5, 1, 2, dynamic_dbscan, 0.75, 10, 10, 20, , 59, 0.17014193534851074, 7.95572566986084, 0.06503182867497694, 60000, 0.14997433009881728
5, 1, 2, dynamic_dbscan, 0.75, 10, 10, 20, , 60, 0.1725788116455078, 8.128304481506348, 0.06556395149053733, 61000, 0.15235040000592498
5, 1, 2, dynamic_dbscan, 0.75, 10, 10, 20, , 61, 0.17572307586669922, 8.304027557373047, 0.06671451020706765, 62000, 0.15373726330387608
5, 1, 2, dynamic_dbscan, 0.75, 10, 10, 20, , 62, 0.17884492874145508, 8.482872486114502, 0.06830624701768583, 63000, 0.15753539698697064
5, 1, 2, dynamic_dbscan, 0.75, 10, 10, 20, , 63, 0.18614816665649414, 8.669020652770996, 0.06559730539544238, 64000, 0.1563883212323577
5, 1, 2, dynamic_dbscan, 0.75, 10, 10, 20, , 64, 0.18939995765686035, 8.858420610427856, 0.06402891470589876, 65000, 0.15390834126595976
5, 1, 2, dynamic_dbscan, 0.75, 10, 10, 20, , 65, 0.1902010440826416, 9.048621654510498, 0.06263284110615315, 66000, 0.15291243279405628
5, 1, 2, dynamic_dbscan, 0.75, 10, 10, 20, , 66, 0.22575712203979492, 9.274378776550293, 0.06121765280632007, 67000, 0.15036433932029966
5, 1, 2, dynamic_dbscan, 0.75, 10, 10, 20, , 67, 0.19762611389160156, 9.472004890441895, 0.05993225908409273, 68000, 0.14750364388530393
5, 1, 2, dynamic_dbscan, 0.75, 10, 10, 20, , 68, 0.2431809902191162, 9.71518588066101, 0.05859771737214279, 69000, 0.1455918864453078
5, 1, 2, dynamic_dbscan, 0.75, 10, 10, 20, , 69, 0.2519078254699707, 9.967093706130981, 0.0573099295691575, 70000, 0.14475732294555255
6, 2, 2, sklearn_dynamic, 0.75, 10, , , , 0, 0.001995086669921875, 0.001995086669921875, 1.0, 1000, 1.0
6, 2, 2, sklearn_dynamic, 0.75, 10, , , , 1, 0.003777027130126953, 0.005772113800048828, 0.0, 2000, 0.0
6, 2, 2, sklearn_dynamic, 0.75, 10, , , , 2, 0.007798910140991211, 0.013571023941040039, 0.0, 3000, 0.0
6, 2, 2, sklearn_dynamic, 0.75, 10, , , , 3, 0.011779069900512695, 0.025350093841552734, 0.0, 4000, 0.0
6, 2, 2, sklearn_dynamic, 0.75, 10, , , , 4, 0.018310070037841797, 0.04366016387939453, 0.0, 5000, 0.0
6, 2, 2, sklearn_dynamic, 0.75, 10, , , , 5, 0.022294044494628906, 0.06595420837402344, 0.0, 6000, 0.0
6, 2, 2, sklearn_dynamic, 0.75, 10, , , , 6, 0.030659914016723633, 0.09661412239074707, 0.0, 7000, 0.0
6, 2, 2, sklearn_dynamic, 0.75, 10, , , , 7, 0.036643028259277344, 0.13325715065002441, -0.009867197408506594, 8000, 0.003857997915891353
6, 2, 2, sklearn_dynamic, 0.75, 10, , , , 8, 0.03238177299499512, 0.16563892364501953, -0.007457038873707013, 9000, 0.0047522129704621295
6, 2, 2, sklearn_dynamic, 0.75, 10, , , , 9, 0.03888678550720215, 0.20452570915222168, -0.0053921153996745385, 10000, 0.005333409849859496
6, 2, 2, sklearn_dynamic, 0.75, 10, , , , 10, 0.046607017517089844, 0.2511327266693115, 0.008682224230561192, 11000, 0.027670634266098594
6, 2, 2, sklearn_dynamic, 0.75, 10, , , , 11, 0.04878711700439453, 0.29991984367370605, 0.012492952676245861, 12000, 0.04309079660705694
6, 2, 2, sklearn_dynamic, 0.75, 10, , , , 12, 0.05934476852416992, 0.359264612197876, 0.009033745530076383, 13000, 0.05175375614817608
6, 2, 2, sklearn_dynamic, 0.75, 10, , , , 13, 0.06889891624450684, 0.4281635284423828, 0.002981566347828419, 14000, 0.061292998984874426
6, 2, 2, sklearn_dynamic, 0.75, 10, , , , 14, 0.07801389694213867, 0.5061774253845215, -0.004721786961181467, 15000, 0.052722916563415684
6, 2, 2, sklearn_dynamic, 0.75, 10, , , , 15, 0.08484983444213867, 0.5910272598266602, -0.007136638434621867, 16000, 0.050148746744398315
6, 2, 2, sklearn_dynamic, 0.75, 10, , , , 16, 0.0928959846496582, 0.6839232444763184, -0.006991933415448355, 17000, 0.0489607223136929
6, 2, 2, sklearn_dynamic, 0.75, 10, , , , 17, 0.11680102348327637, 0.8007242679595947, -0.005552458485549559, 18000, 0.04837849288040424
6, 2, 2, sklearn_dynamic, 0.75, 10, , , , 18, 0.11711692810058594, 0.9178411960601807, -0.003457680676168741, 19000, 0.0481120911472617
6, 2, 2, sklearn_dynamic, 0.75, 10, , , , 19, 0.13048195838928223, 1.048323154449463, -0.0010499741399541342, 20000, 0.04802633517936375
6, 2, 2, sklearn_dynamic, 0.75, 10, , , , 20, 0.14751911163330078, 1.1958422660827637, 0.0014805518300241571, 21000, 0.04804975761860554
6, 2, 2, sklearn_dynamic, 0.75, 10, , , , 21, 0.15945196151733398, 1.3552942276000977, -0.0005680745205630583, 22000, 0.043468948151884755
6, 2, 2, sklearn_dynamic, 0.75, 10, , , , 22, 0.1751401424407959, 1.5304343700408936, -0.0014832489580979956, 23000, 0.041468909637662275
6, 2, 2, sklearn_dynamic, 0.75, 10, , , , 23, 0.18148303031921387, 1.7119174003601074, -0.0016768781034334627, 24000, 0.04023793565461353
6, 2, 2, sklearn_dynamic, 0.75, 10, , , , 24, 0.20710086822509766, 1.919018268585205, -0.0014031586915816596, 25000, 0.03940651655138053
6, 2, 2, sklearn_dynamic, 0.75, 10, , , , 25, 0.21874213218688965, 2.1377604007720947, -0.0008245931353542117, 26000, 0.03881687321255421
6, 2, 2, sklearn_dynamic, 0.75, 10, , , , 26, 0.24693822860717773, 2.3846986293792725, -4.794743474563194e-05, 27000, 0.03838624544992197
6, 2, 2, sklearn_dynamic, 0.75, 10, , , , 27, 0.264909029006958, 2.6496076583862305, 0.0008551293546670443, 28000, 0.03806601137153685
6, 2, 2, sklearn_dynamic, 0.75, 10, , , , 28, 0.2639319896697998, 2.9135396480560303, 3.7055995062650675e-05, 29000, 0.03541218783381942
6, 2, 2, sklearn_dynamic, 0.75, 10, , , , 29, 0.28641390800476074, 3.199953556060791, -0.00038128832813152106, 30000, 0.03407343661768871
6, 2, 2, sklearn_dynamic, 0.75, 10, , , , 30, 0.2939729690551758, 3.493926525115967, -0.0005183125220359363, 31000, 0.033575500404323416
6, 2, 2, sklearn_dynamic, 0.75, 10, , , , 31, 0.3488121032714844, 3.842738628387451, -0.0004449295199228646, 32000, 0.03289663308067501
6, 2, 2, sklearn_dynamic, 0.75, 10, , , , 32, 0.3316972255706787, 4.17443585395813, -0.00021650282094852344, 33000, 0.032377571713470665
6, 2, 2, sklearn_dynamic, 0.75, 10, , , , 33, 0.3643229007720947, 4.538758754730225, 0.000124964071241051, 34000, 0.031969199471132456
6, 2, 2, sklearn_dynamic, 0.75, 10, , , , 34, 0.3926217555999756, 4.9313805103302, 0.0005485090341815982, 35000, 0.03164141887521945
6, 2, 2, sklearn_dynamic, 0.75, 10, , , , 35, 0.41703295707702637, 5.348413467407227, 0.00013710038584703667, 36000, 0.029928013075527882
6, 2, 2, sklearn_dynamic, 0.75, 10, , , , 36, 0.4691638946533203, 5.817577362060547, 0.000922448765183761, 37000, 0.033803307312632966
6, 2, 2, sklearn_dynamic, 0.75, 10, , , , 37, 0.57094407081604, 6.388521432876587, 0.0011962942885521827, 38000, 0.03564800274568677
6, 2, 2, sklearn_dynamic, 0.75, 10, , , , 38, 0.47837185859680176, 6.866893291473389, 0.0015692652955479494, 39000, 0.03900470838866388
6, 2, 2, sklearn_dynamic, 0.75, 10, , , , 39, 0.5219440460205078, 7.3888373374938965, 0.001511003511186173, 40000, 0.04121088116708229
6, 2, 2, sklearn_dynamic, 0.75, 10, , , , 40, 0.5758168697357178, 7.964654207229614, 0.0011912311510086176, 41000, 0.04315956615676982
6, 2, 2, sklearn_dynamic, 0.75, 10, , , , 41, 0.5405299663543701, 8.505184173583984, 0.0006352501568536954, 42000, 0.04444501089715716
6, 2, 2, sklearn_dynamic, 0.75, 10, , , , 42, 0.5848982334136963, 9.09008240699768, 0.00025089002275117077, 43000, 0.04253381433713608
6, 2, 2, sklearn_dynamic, 0.75, 10, , , , 43, 0.6039469242095947, 9.694029331207275, 2.3496806221771828e-05, 44000, 0.041749114916349514
6, 2, 2, sklearn_dynamic, 0.75, 10, , , , 44, 0.6304950714111328, 10.324524402618408, 1.3576329013488512e-05, 45000, 0.04146161323657333
6, 2, 2, sklearn_dynamic, 0.75, 10, , , , 45, 0.6532878875732422, 10.97781229019165, 4.3066495346814684e-05, 46000, 0.04102663208364255
6, 2, 2, sklearn_dynamic, 0.75, 10, , , , 46, 0.6669080257415771, 11.644720315933228, 0.00023805011547133143, 47000, 0.0417973250025539
6, 2, 2, sklearn_dynamic, 0.75, 10, , , , 47, 0.7045190334320068, 12.349239349365234, 0.00035869655531325744, 48000, 0.042007505899765984
6, 2, 2, sklearn_dynamic, 0.75, 10, , , , 48, 0.7360589504241943, 13.085298299789429, 0.0004626087663024269, 49000, 0.04213240029082586
6, 2, 2, sklearn_dynamic, 0.75, 10, , , , 49, 0.7479488849639893, 13.833247184753418, 0.00039997692193262813, 50000, 0.04194230027825486
6, 2, 2, sklearn_dynamic, 0.75, 10, , , , 50, 0.81315016746521, 14.646397352218628, 0.0006569201534412379, 51000, 0.04363900728960738
6, 2, 2, sklearn_dynamic, 0.75, 10, , , , 51, 0.8731799125671387, 15.519577264785767, 0.0009298924488238662, 52000, 0.04582926302415734
6, 2, 2, sklearn_dynamic, 0.75, 10, , , , 52, 0.9270920753479004, 16.446669340133667, 0.001679851738839458, 53000, 0.052599306024474046
6, 2, 2, sklearn_dynamic, 0.75, 10, , , , 53, 0.9144339561462402, 17.361103296279907, 0.0016897238407249373, 54000, 0.055765997198413554
6, 2, 2, sklearn_dynamic, 0.75, 10, , , , 54, 0.9353022575378418, 18.29640555381775, 0.0014744371708793052, 55000, 0.05942682182383277
6, 2, 2, sklearn_dynamic, 0.75, 10, , , , 55, 1.0297329425811768, 19.326138496398926, 0.0011152852917721693, 56000, 0.06473056157652482
6, 2, 2, sklearn_dynamic, 0.75, 10, , , , 56, 1.0020451545715332, 20.32818365097046, 0.0007687923703681837, 57000, 0.06283517691290286
6, 2, 2, sklearn_dynamic, 0.75, 10, , , , 57, 1.0602657794952393, 21.3884494304657, 0.0005628236339916342, 58000, 0.06161850428733799
6, 2, 2, sklearn_dynamic, 0.75, 10, , , , 58, 1.1119000911712646, 22.500349521636963, 0.0004626829209230303, 59000, 0.06071941676669152
6, 2, 2, sklearn_dynamic, 0.75, 10, , , , 59, 1.0940780639648438, 23.594427585601807, 0.0004598643008229359, 60000, 0.05998724757311924
6, 2, 2, sklearn_dynamic, 0.75, 10, , , , 60, 1.224769115447998, 24.819196701049805, 0.0005400579019046867, 61000, 0.05937188091983029
6, 2, 2, sklearn_dynamic, 0.75, 10, , , , 61, 1.243204116821289, 26.062400817871094, 0.0006910897365512468, 62000, 0.058844076358110474
6, 2, 2, sklearn_dynamic, 0.75, 10, , , , 62, 1.2448108196258545, 27.30721163749695, 0.0009025676256532322, 63000, 0.05838479914788318
6, 2, 2, sklearn_dynamic, 0.75, 10, , , , 63, 1.3206472396850586, 28.627858877182007, 0.0006606541893034025, 64000, 0.05687009793540224
6, 2, 2, sklearn_dynamic, 0.75, 10, , , , 64, 1.353886365890503, 29.98174524307251, 0.0005094652009461568, 65000, 0.05591832095590461
6, 2, 2, sklearn_dynamic, 0.75, 10, , , , 65, 1.3685710430145264, 31.350316286087036, 0.0004407962606934902, 66000, 0.05515052235632173
6, 2, 2, sklearn_dynamic, 0.75, 10, , , , 66, 1.3955740928649902, 32.745890378952026, 0.0004352365755772231, 67000, 0.05453377013123099
6, 2, 2, sklearn_dynamic, 0.75, 10, , , , 67, 1.430591106414795, 34.17648148536682, 0.000488968386191318, 68000, 0.0540095059420855
6, 2, 2, sklearn_dynamic, 0.75, 10, , , , 68, 1.5686228275299072, 35.74510431289673, 0.0005941928393070661, 69000, 0.05355516008654487
6, 2, 2, sklearn_dynamic, 0.75, 10, , , , 69, 1.5611598491668701, 37.3062641620636, 0.0007441397186975099, 70000, 0.053155970801310376
7, 3, 2, fdbscan_dynamic_naive, 0.75, 10, 10, , , 0, 0.0682840347290039, 0.0682840347290039, 1.0, 1000, 1.0
7, 3, 2, fdbscan_dynamic_naive, 0.75, 10, 10, , , 1, 0.07278108596801758, 0.14106512069702148, 0.0, 2000, 0.0
7, 3, 2, fdbscan_dynamic_naive, 0.75, 10, 10, , , 2, 0.07793617248535156, 0.21900129318237305, 0.0, 3000, 0.0
7, 3, 2, fdbscan_dynamic_naive, 0.75, 10, 10, , , 3, 0.08220100402832031, 0.30120229721069336, 0.0, 4000, 0.0
7, 3, 2, fdbscan_dynamic_naive, 0.75, 10, 10, , , 4, 0.08805084228515625, 0.3892531394958496, 0.0, 5000, 0.0
7, 3, 2, fdbscan_dynamic_naive, 0.75, 10, 10, , , 5, 0.08980202674865723, 0.47905516624450684, 0.0, 6000, 0.0
7, 3, 2, fdbscan_dynamic_naive, 0.75, 10, 10, , , 6, 0.09529709815979004, 0.5743522644042969, 0.0, 7000, 0.0
7, 3, 2, fdbscan_dynamic_naive, 0.75, 10, 10, , , 7, 0.20750069618225098, 0.7818529605865479, -0.009205221302027975, 8000, 0.0767764218819994
7, 3, 2, fdbscan_dynamic_naive, 0.75, 10, 10, , , 8, 0.10618185997009277, 0.8880348205566406, 0.19844440736537558, 9000, 0.22467834258634037
7, 3, 2, fdbscan_dynamic_naive, 0.75, 10, 10, , , 9, 0.10671496391296387, 0.9947497844696045, 0.22144599542169388, 10000, 0.25591143999589233
7, 3, 2, fdbscan_dynamic_naive, 0.75, 10, 10, , , 10, 0.1125040054321289, 1.1072537899017334, 0.294098185514769, 11000, 0.33073004051033644
7, 3, 2, fdbscan_dynamic_naive, 0.75, 10, 10, , , 11, 0.163377046585083, 1.2706308364868164, 0.3068948187607778, 12000, 0.3565844765368837
7, 3, 2, fdbscan_dynamic_naive, 0.75, 10, 10, , , 12, 0.1323871612548828, 1.4030179977416992, 0.34264804804285853, 13000, 0.3902531273089801
7, 3, 2, fdbscan_dynamic_naive, 0.75, 10, 10, , , 13, 0.12967991828918457, 1.5326979160308838, 0.35541812658217065, 14000, 0.4085359872272872
7, 3, 2, fdbscan_dynamic_naive, 0.75, 10, 10, , , 14, 0.19085979461669922, 1.723557710647583, 0.2848432246555107, 15000, 0.3757469549845398
7, 3, 2, fdbscan_dynamic_naive, 0.75, 10, 10, , , 15, 0.15389299392700195, 1.877450704574585, 0.24191430202103492, 16000, 0.36628424354426603
7, 3, 2, fdbscan_dynamic_naive, 0.75, 10, 10, , , 16, 0.21301484107971191, 2.090465545654297, 0.21789467341682367, 17000, 0.36200558252023873
7, 3, 2, fdbscan_dynamic_naive, 0.75, 10, 10, , , 17, 0.16932082176208496, 2.259786367416382, 0.20632067261090137, 18000, 0.36035740040580844
7, 3, 2, fdbscan_dynamic_naive, 0.75, 10, 10, , , 18, 0.22230100631713867, 2.4820873737335205, 0.20294743137562474, 19000, 0.3593610901307855
7, 3, 2, fdbscan_dynamic_naive, 0.75, 10, 10, , , 19, 0.17543983459472656, 2.657527208328247, 0.20477329314137596, 20000, 0.35951921524142194
7, 3, 2, fdbscan_dynamic_naive, 0.75, 10, 10, , , 20, 0.23497986793518066, 2.8925070762634277, 0.20990389541223334, 21000, 0.36006830124549977
7, 3, 2, fdbscan_dynamic_naive, 0.75, 10, 10, , , 21, 0.18690991401672363, 3.0794169902801514, 0.17609834836496055, 22000, 0.3347008088630965
7, 3, 2, fdbscan_dynamic_naive, 0.75, 10, 10, , , 22, 0.18010306358337402, 3.2595200538635254, 0.1532362692148322, 23000, 0.3235732604176233
7, 3, 2, fdbscan_dynamic_naive, 0.75, 10, 10, , , 23, 0.24760818481445312, 3.5071282386779785, 0.14119015914471308, 24000, 0.3178914150891801
7, 3, 2, fdbscan_dynamic_naive, 0.75, 10, 10, , , 24, 0.19222807884216309, 3.6993563175201416, 0.13178994229191202, 25000, 0.3121783008889204
7, 3, 2, fdbscan_dynamic_naive, 0.75, 10, 10, , , 25, 0.2529001235961914, 3.952256441116333, 0.12624279165725566, 26000, 0.3080919051190221
7, 3, 2, fdbscan_dynamic_naive, 0.75, 10, 10, , , 26, 0.204359769821167, 4.1566162109375, 0.12376193741455148, 27000, 0.3060837540633692
7, 3, 2, fdbscan_dynamic_naive, 0.75, 10, 10, , , 27, 0.25454020500183105, 4.411156415939331, 0.12230240458723304, 28000, 0.3045167807784299
7, 3, 2, fdbscan_dynamic_naive, 0.75, 10, 10, , , 28, 0.26554298400878906, 4.67669939994812, 0.10628817358732617, 29000, 0.28852771355296014
7, 3, 2, fdbscan_dynamic_naive, 0.75, 10, 10, , , 29, 0.20580291748046875, 4.882502317428589, 0.09489943534405776, 30000, 0.28052125970818154
7, 3, 2, fdbscan_dynamic_naive, 0.75, 10, 10, , , 30, 0.27907896041870117, 5.16158127784729, 0.08719348794826219, 31000, 0.27507869681054575
7, 3, 2, fdbscan_dynamic_naive, 0.75, 10, 10, , , 31, 0.2153468132019043, 5.376928091049194, 0.08229677758116549, 32000, 0.2710763479851212
7, 3, 2, fdbscan_dynamic_naive, 0.75, 10, 10, , , 32, 0.2894861698150635, 5.666414260864258, 0.07983950184222778, 33000, 0.26768762191758166
7, 3, 2, fdbscan_dynamic_naive, 0.75, 10, 10, , , 33, 0.22379207611083984, 5.890206336975098, 0.07847935525033879, 34000, 0.26521828687167387
7, 3, 2, fdbscan_dynamic_naive, 0.75, 10, 10, , , 34, 0.3014378547668457, 6.191644191741943, 0.07835462395658198, 35000, 0.2630652221965037
7, 3, 2, fdbscan_dynamic_naive, 0.75, 10, 10, , , 35, 0.23454999923706055, 6.426194190979004, 0.06976917924711254, 36000, 0.2521140952154891
7, 3, 2, fdbscan_dynamic_naive, 0.75, 10, 10, , , 36, 0.3075718879699707, 6.733766078948975, 0.06476952124076328, 37000, 0.24872191163771393
7, 3, 2, fdbscan_dynamic_naive, 0.75, 10, 10, , , 37, 0.2402970790863037, 6.974063158035278, 0.06183896835977632, 38000, 0.24837849546563412
7, 3, 2, fdbscan_dynamic_naive, 0.75, 10, 10, , , 38, 0.3219907283782959, 7.296053886413574, 0.06062128334752288, 39000, 0.25072795154920247
7, 3, 2, fdbscan_dynamic_naive, 0.75, 10, 10, , , 39, 0.2457568645477295, 7.541810750961304, 0.059001902417347936, 40000, 0.25239513232439237
7, 3, 2, fdbscan_dynamic_naive, 0.75, 10, 10, , , 40, 0.3329017162322998, 7.8747124671936035, 0.05788250747229182, 41000, 0.25654299877033815
7, 3, 2, fdbscan_dynamic_naive, 0.75, 10, 10, , , 41, 0.25804901123046875, 8.132761478424072, 0.05641578398237704, 42000, 0.2607346179901409
7, 3, 2, fdbscan_dynamic_naive, 0.75, 10, 10, , , 42, 0.3550379276275635, 8.487799406051636, 0.05152089972755099, 43000, 0.2517811061684234
7, 3, 2, fdbscan_dynamic_naive, 0.75, 10, 10, , , 43, 0.2768287658691406, 8.764628171920776, 0.04775581239491149, 44000, 0.2463204460894042
7, 3, 2, fdbscan_dynamic_naive, 0.75, 10, 10, , , 44, 0.3574841022491455, 9.122112274169922, 0.045561210476830726, 45000, 0.2396225948059276
7, 3, 2, fdbscan_dynamic_naive, 0.75, 10, 10, , , 45, 0.2795689105987549, 9.401681184768677, 0.043993544376841255, 46000, 0.23752421293078846
7, 3, 2, fdbscan_dynamic_naive, 0.75, 10, 10, , , 46, 0.3674149513244629, 9.76909613609314, 0.04311095555163441, 47000, 0.235129014789206
7, 3, 2, fdbscan_dynamic_naive, 0.75, 10, 10, , , 47, 0.2920241355895996, 10.06112027168274, 0.04211009405186582, 48000, 0.23326385344598483
7, 3, 2, fdbscan_dynamic_naive, 0.75, 10, 10, , , 48, 0.37732768058776855, 10.438447952270508, 0.041281239261342535, 49000, 0.2314924212341572
7, 3, 2, fdbscan_dynamic_naive, 0.75, 10, 10, , , 49, 0.38706302642822266, 10.82551097869873, 0.03982227471800457, 50000, 0.22953098952575512
7, 3, 2, fdbscan_dynamic_naive, 0.75, 10, 10, , , 50, 0.3035280704498291, 11.12903904914856, 0.04361044299832896, 51000, 0.24321987861504837
7, 3, 2, fdbscan_dynamic_naive, 0.75, 10, 10, , , 51, 0.39815282821655273, 11.527191877365112, 0.04931706863940417, 52000, 0.25580931094042314
7, 3, 2, fdbscan_dynamic_naive, 0.75, 10, 10, , , 52, 0.31271886825561523, 11.839910745620728, 0.05656591548211691, 53000, 0.2683523854283368
7, 3, 2, fdbscan_dynamic_naive, 0.75, 10, 10, , , 53, 0.43346381187438965, 12.273374557495117, 0.06176637477749686, 54000, 0.28177267979150233
7, 3, 2, fdbscan_dynamic_naive, 0.75, 10, 10, , , 54, 0.35779309272766113, 12.631167650222778, 0.06397798364902516, 55000, 0.28828578867813837
7, 3, 2, fdbscan_dynamic_naive, 0.75, 10, 10, , , 55, 0.46463704109191895, 13.095804691314697, 0.0714543434561329, 56000, 0.2994614999946922
7, 3, 2, fdbscan_dynamic_naive, 0.75, 10, 10, , , 56, 0.37516117095947266, 13.47096586227417, 0.06648285349875503, 57000, 0.2930678939536802
7, 3, 2, fdbscan_dynamic_naive, 0.75, 10, 10, , , 57, 0.46704983711242676, 13.938015699386597, 0.06268345461657523, 58000, 0.2892860529252452
7, 3, 2, fdbscan_dynamic_naive, 0.75, 10, 10, , , 58, 0.4737741947174072, 14.411789894104004, 0.059888010930174145, 59000, 0.2864969198833252
7, 3, 2, fdbscan_dynamic_naive, 0.75, 10, 10, , , 59, 0.4220578670501709, 14.833847761154175, 0.05796949536230238, 60000, 0.2842120534789463
7, 3, 2, fdbscan_dynamic_naive, 0.75, 10, 10, , , 60, 0.49696826934814453, 15.33081603050232, 0.05687966198457882, 61000, 0.28283273336571113
7, 3, 2, fdbscan_dynamic_naive, 0.75, 10, 10, , , 61, 0.4944031238555908, 15.82521915435791, 0.056297413831863846, 62000, 0.2813084967296451
7, 3, 2, fdbscan_dynamic_naive, 0.75, 10, 10, , , 62, 0.4535861015319824, 16.278805255889893, 0.056257135736404555, 63000, 0.28006215309819
7, 3, 2, fdbscan_dynamic_naive, 0.75, 10, 10, , , 63, 0.5150017738342285, 16.79380702972412, 0.0536795446864025, 64000, 0.2750581599190499
7, 3, 2, fdbscan_dynamic_naive, 0.75, 10, 10, , , 64, 0.5236570835113525, 17.317464113235474, 0.05105181808289037, 65000, 0.2710054802528946
7, 3, 2, fdbscan_dynamic_naive, 0.75, 10, 10, , , 65, 0.43122291564941406, 17.748687028884888, 0.049488321646587355, 66000, 0.2679882166521207
7, 3, 2, fdbscan_dynamic_naive, 0.75, 10, 10, , , 66, 0.5352931022644043, 18.283980131149292, 0.048439915452128356, 67000, 0.26566230343661107
7, 3, 2, fdbscan_dynamic_naive, 0.75, 10, 10, , , 67, 0.43605923652648926, 18.72003936767578, 0.048320064406049995, 68000, 0.2641617280744031
7, 3, 2, fdbscan_dynamic_naive, 0.75, 10, 10, , , 68, 0.5309538841247559, 19.250993251800537, 0.047767510139357205, 69000, 0.2623437276459694
7, 3, 2, fdbscan_dynamic_naive, 0.75, 10, 10, , , 69, 0.541269063949585, 19.792262315750122, 0.04723172209298959, 70000, 0.26035860278415646
8, 4, 2, fdbscan_dynamic_noncore, 0.75, 10, 10, , 20, 0, 0.06576800346374512, 0.06576800346374512, 1.0, 1000, 1.0
8, 4, 2, fdbscan_dynamic_noncore, 0.75, 10, 10, , 20, 1, 0.06952404975891113, 0.13529205322265625, 0.0, 2000, 0.0
8, 4, 2, fdbscan_dynamic_noncore, 0.75, 10, 10, , 20, 2, 0.07291793823242188, 0.20820999145507812, 0.0, 3000, 0.0
8, 4, 2, fdbscan_dynamic_noncore, 0.75, 10, 10, , 20, 3, 0.07783675193786621, 0.28604674339294434, 0.0, 4000, 0.0
8, 4, 2, fdbscan_dynamic_noncore, 0.75, 10, 10, , 20, 4, 0.08121800422668457, 0.3672647476196289, 0.0, 5000, 0.0
8, 4, 2, fdbscan_dynamic_noncore, 0.75, 10, 10, , 20, 5, 0.08660721778869629, 0.4538719654083252, 0.0, 6000, 0.0
8, 4, 2, fdbscan_dynamic_noncore, 0.75, 10, 10, , 20, 6, 0.09064507484436035, 0.5445170402526855, 0.0, 7000, 0.0
8, 4, 2, fdbscan_dynamic_noncore, 0.75, 10, 10, , 20, 7, 0.09933185577392578, 0.6438488960266113, -0.015786303031252898, 8000, 0.07585825984060011
8, 4, 2, fdbscan_dynamic_noncore, 0.75, 10, 10, , 20, 8, 0.10171699523925781, 0.7455658912658691, 0.18691107650022393, 9000, 0.20857450515755496
8, 4, 2, fdbscan_dynamic_noncore, 0.75, 10, 10, , 20, 9, 0.1073908805847168, 0.8529567718505859, 0.22257691693619278, 10000, 0.2593941961320786
8, 4, 2, fdbscan_dynamic_noncore, 0.75, 10, 10, , 20, 10, 0.11194276809692383, 0.9648995399475098, 0.281271543086425, 11000, 0.3106685330926416
8, 4, 2, fdbscan_dynamic_noncore, 0.75, 10, 10, , 20, 11, 0.1826951503753662, 1.147594690322876, 0.28875989943076136, 12000, 0.32590996071185657
8, 4, 2, fdbscan_dynamic_noncore, 0.75, 10, 10, , 20, 12, 0.13612914085388184, 1.2837238311767578, 0.3395576251739315, 13000, 0.3722886549363329
8, 4, 2, fdbscan_dynamic_noncore, 0.75, 10, 10, , 20, 13, 0.13683199882507324, 1.420555830001831, 0.35198578354743176, 14000, 0.3925803663248724
8, 4, 2, fdbscan_dynamic_noncore, 0.75, 10, 10, , 20, 14, 0.19282984733581543, 1.6133856773376465, 0.2822755390082264, 15000, 0.3654385035018874
8, 4, 2, fdbscan_dynamic_noncore, 0.75, 10, 10, , 20, 15, 0.1500229835510254, 1.7634086608886719, 0.24005657265734762, 16000, 0.35871069047488685
8, 4, 2, fdbscan_dynamic_noncore, 0.75, 10, 10, , 20, 16, 0.21348118782043457, 1.9768898487091064, 0.21682388472984618, 17000, 0.35655950501024614
8, 4, 2, fdbscan_dynamic_noncore, 0.75, 10, 10, , 20, 17, 0.1642749309539795, 2.141164779663086, 0.2063133426474434, 18000, 0.35615950132020024
8, 4, 2, fdbscan_dynamic_noncore, 0.75, 10, 10, , 20, 18, 0.21474003791809082, 2.3559048175811768, 0.2040625918835673, 19000, 0.356722964148186
8, 4, 2, fdbscan_dynamic_noncore, 0.75, 10, 10, , 20, 19, 0.17635297775268555, 2.5322577953338623, 0.20702767028681646, 20000, 0.35716294670599236
8, 4, 2, fdbscan_dynamic_noncore, 0.75, 10, 10, , 20, 20, 0.18976306915283203, 2.7220208644866943, 0.21323714211433115, 21000, 0.35822992618674687
8, 4, 2, fdbscan_dynamic_noncore, 0.75, 10, 10, , 20, 21, 0.06513381004333496, 2.7871546745300293, 0.17877132499116666, 22000, 0.3343961974915763
8, 4, 2, fdbscan_dynamic_noncore, 0.75, 10, 10, , 20, 22, 0.15017294883728027, 2.9373276233673096, 0.1557598898437231, 23000, 0.32284741657122945
8, 4, 2, fdbscan_dynamic_noncore, 0.75, 10, 10, , 20, 23, 0.08624720573425293, 3.0235748291015625, 0.1407302539472085, 24000, 0.3162567714815518
8, 4, 2, fdbscan_dynamic_noncore, 0.75, 10, 10, , 20, 24, 0.06847691535949707, 3.0920517444610596, 0.13170657523191887, 25000, 0.3110575864232366
8, 4, 2, fdbscan_dynamic_noncore, 0.75, 10, 10, , 20, 25, 0.07042193412780762, 3.162473678588867, 0.12685088468781336, 26000, 0.3078701309751697
8, 4, 2, fdbscan_dynamic_noncore, 0.75, 10, 10, , 20, 26, 0.07498383522033691, 3.237457513809204, 0.12506705081960107, 27000, 0.30521893392044086
8, 4, 2, fdbscan_dynamic_noncore, 0.75, 10, 10, , 20, 27, 0.0688331127166748, 3.306290626525879, 0.12544751965897488, 28000, 0.3027738538653331
8, 4, 2, fdbscan_dynamic_noncore, 0.75, 10, 10, , 20, 28, 0.06391668319702148, 3.3702073097229004, 0.109324310266889, 29000, 0.28661941950179226
8, 4, 2, fdbscan_dynamic_noncore, 0.75, 10, 10, , 20, 29, 0.06737208366394043, 3.437579393386841, 0.09794195145885035, 30000, 0.27808724016017816
8, 4, 2, fdbscan_dynamic_noncore, 0.75, 10, 10, , 20, 30, 0.06540703773498535, 3.502986431121826, 0.09004942175910059, 31000, 0.2722861595627194
8, 4, 2, fdbscan_dynamic_noncore, 0.75, 10, 10, , 20, 31, 0.06839585304260254, 3.5713822841644287, 0.084834249160555, 32000, 0.2682102519477108
8, 4, 2, fdbscan_dynamic_noncore, 0.75, 10, 10, , 20, 32, 0.06693291664123535, 3.638315200805664, 0.08177989011424582, 33000, 0.26488865123083477
8, 4, 2, fdbscan_dynamic_noncore, 0.75, 10, 10, , 20, 33, 0.12727689743041992, 3.765592098236084, 0.0803316630211312, 34000, 0.26243139698662993
8, 4, 2, fdbscan_dynamic_noncore, 0.75, 10, 10, , 20, 34, 0.0640869140625, 3.829679012298584, 0.08014337316101065, 35000, 0.2603944944880499
8, 4, 2, fdbscan_dynamic_noncore, 0.75, 10, 10, , 20, 35, 0.06384587287902832, 3.8935248851776123, 0.07165602145254503, 36000, 0.24914528614503992
8, 4, 2, fdbscan_dynamic_noncore, 0.75, 10, 10, , 20, 36, 0.06395626068115234, 3.9574811458587646, 0.06546403789410471, 37000, 0.24271499115774728
8, 4, 2, fdbscan_dynamic_noncore, 0.75, 10, 10, , 20, 37, 0.06462597846984863, 4.022107124328613, 0.06103151462546176, 38000, 0.23815032095492703
8, 4, 2, fdbscan_dynamic_noncore, 0.75, 10, 10, , 20, 38, 0.06636786460876465, 4.088474988937378, 0.058023361334680494, 39000, 0.23461633304464213
8, 4, 2, fdbscan_dynamic_noncore, 0.75, 10, 10, , 20, 39, 0.06461310386657715, 4.153088092803955, 0.05615981052310632, 40000, 0.23170435982700616
8, 4, 2, fdbscan_dynamic_noncore, 0.75, 10, 10, , 20, 40, 0.06471610069274902, 4.217804193496704, 0.05519914162000075, 41000, 0.22943339377115513
8, 4, 2, fdbscan_dynamic_noncore, 0.75, 10, 10, , 20, 41, 0.0646660327911377, 4.282470226287842, 0.05497496255491356, 42000, 0.22740223130140014
8, 4, 2, fdbscan_dynamic_noncore, 0.75, 10, 10, , 20, 42, 0.06285595893859863, 4.34532618522644, 0.05074446018175144, 43000, 0.21862204805487107
8, 4, 2, fdbscan_dynamic_noncore, 0.75, 10, 10, , 20, 43, 0.06334114074707031, 4.408667325973511, 0.04741840271003762, 44000, 0.21323430953420733
8, 4, 2, fdbscan_dynamic_noncore, 0.75, 10, 10, , 20, 44, 0.06308507919311523, 4.471752405166626, 0.04485141274649857, 45000, 0.20906472992011463
8, 4, 2, fdbscan_dynamic_noncore, 0.75, 10, 10, , 20, 45, 0.06341981887817383, 4.5351722240448, 0.04285821921177452, 46000, 0.2057007182008111
8, 4, 2, fdbscan_dynamic_noncore, 0.75, 10, 10, , 20, 46, 0.06331324577331543, 4.598485469818115, 0.04146690223363803, 47000, 0.202911032632414
8, 4, 2, fdbscan_dynamic_noncore, 0.75, 10, 10, , 20, 47, 0.06314587593078613, 4.661631345748901, 0.04050591507601042, 48000, 0.20052895872319573
8, 4, 2, fdbscan_dynamic_noncore, 0.75, 10, 10, , 20, 48, 0.06398892402648926, 4.725620269775391, 0.03982407788251878, 49000, 0.19843554586881257
8, 4, 2, fdbscan_dynamic_noncore, 0.75, 10, 10, , 20, 49, 0.13874578475952148, 4.864366054534912, 0.036721362529214256, 50000, 0.19230354326776677
8, 4, 2, fdbscan_dynamic_noncore, 0.75, 10, 10, , 20, 50, 0.06560206413269043, 4.9299681186676025, 0.03436581283957289, 51000, 0.1885526460966847
8, 4, 2, fdbscan_dynamic_noncore, 0.75, 10, 10, , 20, 51, 0.06597113609313965, 4.995939254760742, 0.03261954284836815, 52000, 0.18576757321109477
8, 4, 2, fdbscan_dynamic_noncore, 0.75, 10, 10, , 20, 52, 0.06628775596618652, 5.062227010726929, 0.03139812728795152, 53000, 0.18352693191074465
8, 4, 2, fdbscan_dynamic_noncore, 0.75, 10, 10, , 20, 53, 0.06684994697570801, 5.129076957702637, 0.030620418078207617, 54000, 0.1816642135292772
8, 4, 2, fdbscan_dynamic_noncore, 0.75, 10, 10, , 20, 54, 0.06783914566040039, 5.196916103363037, 0.03021821263442521, 55000, 0.18008252055364313
8, 4, 2, fdbscan_dynamic_noncore, 0.75, 10, 10, , 20, 55, 0.0684049129486084, 5.2653210163116455, 0.030133994893037478, 56000, 0.17871902824293204
8, 4, 2, fdbscan_dynamic_noncore, 0.75, 10, 10, , 20, 56, 0.06635022163391113, 5.331671237945557, 0.028082223974697767, 57000, 0.1738395941040119
8, 4, 2, fdbscan_dynamic_noncore, 0.75, 10, 10, , 20, 57, 0.06416606903076172, 5.395837306976318, 0.026495526274865837, 58000, 0.17082897836007863
8, 4, 2, fdbscan_dynamic_noncore, 0.75, 10, 10, , 20, 58, 0.06423783302307129, 5.46007513999939, 0.025308507053169716, 59000, 0.1685040398197715
8, 4, 2, fdbscan_dynamic_noncore, 0.75, 10, 10, , 20, 59, 0.06452798843383789, 5.5246031284332275, 0.024465475485964998, 60000, 0.16660205770946582
8, 4, 2, fdbscan_dynamic_noncore, 0.75, 10, 10, , 20, 60, 0.06453108787536621, 5.589134216308594, 0.023918851701422366, 61000, 0.16499736396155018
8, 4, 2, fdbscan_dynamic_noncore, 0.75, 10, 10, , 20, 61, 0.06462311744689941, 5.653757333755493, 0.02362786317076704, 62000, 0.16361626873675306
8, 4, 2, fdbscan_dynamic_noncore, 0.75, 10, 10, , 20, 62, 0.06461906433105469, 5.718376398086548, 0.023557198570969006, 63000, 0.1623369850032507
8, 4, 2, fdbscan_dynamic_noncore, 0.75, 10, 10, , 20, 63, 0.06484508514404297, 5.783221483230591, 0.022134177330773646, 64000, 0.15837583872110098
8, 4, 2, fdbscan_dynamic_noncore, 0.75, 10, 10, , 20, 64, 0.06582999229431152, 5.849051475524902, 0.02102144131870451, 65000, 0.15587404395618057
8, 4, 2, fdbscan_dynamic_noncore, 0.75, 10, 10, , 20, 65, 0.06588602066040039, 5.914937496185303, 0.020179603044033004, 66000, 0.1539127221954147
8, 4, 2, fdbscan_dynamic_noncore, 0.75, 10, 10, , 20, 66, 0.06597089767456055, 5.980908393859863, 0.019574555251123678, 67000, 0.152287900015547
8, 4, 2, fdbscan_dynamic_noncore, 0.75, 10, 10, , 20, 67, 0.06625103950500488, 6.047159433364868, 0.019176684125045432, 68000, 0.15090169230670528
8, 4, 2, fdbscan_dynamic_noncore, 0.75, 10, 10, , 20, 68, 0.16620898246765137, 6.2133684158325195, 0.01896021292296479, 69000, 0.1496964548159488
8, 4, 2, fdbscan_dynamic_noncore, 0.75, 10, 10, , 20, 69, 0.0664529800415039, 6.279821395874023, 0.018902652175807305, 70000, 0.1486343510870636
9, 1, 3, dynamic_dbscan, 0.75, 10, 10, 20, , 0, 0.031941890716552734, 0.031941890716552734, 1.0, 1000, 1.0
9, 1, 3, dynamic_dbscan, 0.75, 10, 10, 20, , 1, 0.038455963134765625, 0.07039785385131836, 0.0, 2000, 0.0
9, 1, 3, dynamic_dbscan, 0.75, 10, 10, 20, , 2, 0.04412508010864258, 0.11452293395996094, 0.0, 3000, 0.0
9, 1, 3, dynamic_dbscan, 0.75, 10, 10, 20, , 3, 0.04896903038024902, 0.16349196434020996, 0.0, 4000, 0.0
9, 1, 3, dynamic_dbscan, 0.75, 10, 10, 20, , 4, 0.06271600723266602, 0.22620797157287598, 0.0, 5000, 0.0
9, 1, 3, dynamic_dbscan, 0.75, 10, 10, 20, , 5, 0.06893610954284668, 0.29514408111572266, 0.0, 6000, 0.0
9, 1, 3, dynamic_dbscan, 0.75, 10, 10, 20, , 6, 0.07116007804870605, 0.3663041591644287, 0.0, 7000, 0.0
9, 1, 3, dynamic_dbscan, 0.75, 10, 10, 20, , 7, 0.0484621524810791, 0.4147663116455078, 0.016614871748919107, 8000, 0.14323201659144064
9, 1, 3, dynamic_dbscan, 0.75, 10, 10, 20, , 8, 0.08773994445800781, 0.5025062561035156, 0.20075203361161945, 9000, 0.298258172245851
9, 1, 3, dynamic_dbscan, 0.75, 10, 10, 20, , 9, 0.1019449234008789, 0.6044511795043945, 0.24896023081997448, 10000, 0.34440584347226294
9, 1, 3, dynamic_dbscan, 0.75, 10, 10, 20, , 10, 0.11631083488464355, 0.7207620143890381, 0.13942208201992554, 11000, 0.10369765741592615
9, 1, 3, dynamic_dbscan, 0.75, 10, 10, 20, , 11, 0.12644100189208984, 0.8472030162811279, 0.16467591076398802, 12000, 0.1277983321524063
9, 1, 3, dynamic_dbscan, 0.75, 10, 10, 20, , 12, 0.19755172729492188, 1.0447547435760498, 0.20101313641994448, 13000, 0.15674615562474187
9, 1, 3, dynamic_dbscan, 0.75, 10, 10, 20, , 13, 0.14398908615112305, 1.1887438297271729, 0.2217323962594861, 14000, 0.16971186686812004
9, 1, 3, dynamic_dbscan, 0.75, 10, 10, 20, , 14, 0.0735621452331543, 1.2623059749603271, 0.20291000704430287, 15000, 0.1915037563776756
9, 1, 3, dynamic_dbscan, 0.75, 10, 10, 20, , 15, 0.07748103141784668, 1.3397870063781738, 0.19431761771241057, 16000, 0.2042076806473868
9, 1, 3, dynamic_dbscan, 0.75, 10, 10, 20, , 16, 0.07446718215942383, 1.4142541885375977, 0.1935748684509771, 17000, 0.2149996629019858
9, 1, 3, dynamic_dbscan, 0.75, 10, 10, 20, , 17, 0.07362484931945801, 1.4878790378570557, 0.19775154131934597, 18000, 0.2209774450531054
9, 1, 3, dynamic_dbscan, 0.75, 10, 10, 20, , 18, 0.08154296875, 1.5694220066070557, 0.19869783411639208, 19000, 0.21375576283609066
9, 1, 3, dynamic_dbscan, 0.75, 10, 10, 20, , 19, 0.144287109375, 1.7137091159820557, 0.20558436550327153, 20000, 0.2157703728210733
9, 1, 3, dynamic_dbscan, 0.75, 10, 10, 20, , 20, 0.07944178581237793, 1.7931509017944336, 0.2092887834117714, 21000, 0.21048646248458952
9, 1, 3, dynamic_dbscan, 0.75, 10, 10, 20, , 21, 0.08553123474121094, 1.8786821365356445, 0.18193953593774892, 22000, 0.20211035881879266
9, 1, 3, dynamic_dbscan, 0.75, 10, 10, 20, , 22, 0.08403611183166504, 1.9627182483673096, 0.16734279695275306, 23000, 0.20456706782852535
9, 1, 3, dynamic_dbscan, 0.75, 10, 10, 20, , 23, 0.10204720497131348, 2.064765453338623, 0.15730429266528934, 24000, 0.19288578076354165
9, 1, 3, dynamic_dbscan, 0.75, 10, 10, 20, , 24, 0.08818411827087402, 2.152949571609497, 0.14764677379939362, 25000, 0.1814543629586007
9, 1, 3, dynamic_dbscan, 0.75, 10, 10, 20, , 25, 0.10345721244812012, 2.256406784057617, 0.14033194549506153, 26000, 0.173154804468989
9, 1, 3, dynamic_dbscan, 0.75, 10, 10, 20, , 26, 0.12459492683410645, 2.3810017108917236, 0.13352168178388832, 27000, 0.16707447595921268
9, 1, 3, dynamic_dbscan, 0.75, 10, 10, 20, , 27, 0.11851382255554199, 2.4995155334472656, 0.12567176075121902, 28000, 0.15789400583650115
9, 1, 3, dynamic_dbscan, 0.75, 10, 10, 20, , 28, 0.16704988479614258, 2.666565418243408, 0.11111321293616856, 29000, 0.1560574129957596
9, 1, 3, dynamic_dbscan, 0.75, 10, 10, 20, , 29, 0.08163189888000488, 2.748197317123413, 0.10164709333171604, 30000, 0.1573316301196158
9, 1, 3, dynamic_dbscan, 0.75, 10, 10, 20, , 30, 0.08818721771240234, 2.8363845348358154, 0.09655116640885793, 31000, 0.15912866439616144
9, 1, 3, dynamic_dbscan, 0.75, 10, 10, 20, , 31, 0.09997892379760742, 2.936363458633423, 0.09368756772584265, 32000, 0.15837238294753297
9, 1, 3, dynamic_dbscan, 0.75, 10, 10, 20, , 32, 0.1143648624420166, 3.0507283210754395, 0.0930501804904195, 33000, 0.15751049516482246
9, 1, 3, dynamic_dbscan, 0.75, 10, 10, 20, , 33, 0.1094210147857666, 3.160149335861206, 0.09209386461072351, 34000, 0.15212295011918756
9, 1, 3, dynamic_dbscan, 0.75, 10, 10, 20, , 34, 0.1012430191040039, 3.26139235496521, 0.09355195355890268, 35000, 0.1522234956856944
9, 1, 3, dynamic_dbscan, 0.75, 10, 10, 20, , 35, 0.0983579158782959, 3.359750270843506, 0.08643071510579477, 36000, 0.14789136873832498
9, 1, 3, dynamic_dbscan, 0.75, 10, 10, 20, , 36, 0.1069340705871582, 3.466684341430664, 0.08109445960524832, 37000, 0.13949998691850818
9, 1, 3, dynamic_dbscan, 0.75, 10, 10, 20, , 37, 0.12247800827026367, 3.5891623497009277, 0.0776144879009606, 38000, 0.13415646449725718
9, 1, 3, dynamic_dbscan, 0.75, 10, 10, 20, , 38, 0.13668012619018555, 3.7258424758911133, 0.07485291835990747, 39000, 0.1306132373016277
9, 1, 3, dynamic_dbscan, 0.75, 10, 10, 20, , 39, 0.27175307273864746, 3.9975955486297607, 0.0718500765591573, 40000, 0.12731395294312703
9, 1, 3, dynamic_dbscan, 0.75, 10, 10, 20, , 40, 0.1595778465270996, 4.15717339515686, 0.06913585543193339, 41000, 0.12561795599331474
9, 1, 3, dynamic_dbscan, 0.75, 10, 10, 20, , 41, 0.1569840908050537, 4.314157485961914, 0.06615899817423967, 42000, 0.12338986009902976
9, 1, 3, dynamic_dbscan, 0.75, 10, 10, 20, , 42, 0.12311077117919922, 4.437268257141113, 0.06122667636854455, 43000, 0.11847809355673922
9, 1, 3, dynamic_dbscan, 0.75, 10, 10, 20, , 43, 0.13736486434936523, 4.5746331214904785, 0.057374430791344674, 44000, 0.11410394855374659
9, 1, 3, dynamic_dbscan, 0.75, 10, 10, 20, , 44, 0.12592816352844238, 4.700561285018921, 0.054231573256811216, 45000, 0.10978610050033094
9, 1, 3, dynamic_dbscan, 0.75, 10, 10, 20, , 45, 0.13084697723388672, 4.831408262252808, 0.05193877933843132, 46000, 0.10715055388308198
9, 1, 3, dynamic_dbscan, 0.75, 10, 10, 20, , 46, 0.13373613357543945, 4.965144395828247, 0.049950304548587385, 47000, 0.10371276796750958
9, 1, 3, dynamic_dbscan, 0.75, 10, 10, 20, , 47, 0.14175987243652344, 5.1069042682647705, 0.048303331879993736, 48000, 0.1009568011630676
9, 1, 3, dynamic_dbscan, 0.75, 10, 10, 20, , 48, 0.14217090606689453, 5.249075174331665, 0.046804811462174314, 49000, 0.10023389215208382
9, 1, 3, dynamic_dbscan, 0.75, 10, 10, 20, , 49, 0.16627717018127441, 5.4153523445129395, 0.04743069403612277, 50000, 0.09914629552771796
9, 1, 3, dynamic_dbscan, 0.75, 10, 10, 20, , 50, 0.21001791954040527, 5.625370264053345, 0.04916340476317641, 51000, 0.10172815891866198
9, 1, 3, dynamic_dbscan, 0.75, 10, 10, 20, , 51, 0.22081589698791504, 5.84618616104126, 0.05213725460306221, 52000, 0.10891445215170066
9, 1, 3, dynamic_dbscan, 0.75, 10, 10, 20, , 52, 0.33132100105285645, 6.177507162094116, 0.055611845712523415, 53000, 0.11460834887043607
9, 1, 3, dynamic_dbscan, 0.75, 10, 10, 20, , 53, 0.24544000625610352, 6.42294716835022, 0.06014453159415257, 54000, 0.12155542103869625
9, 1, 3, dynamic_dbscan, 0.75, 10, 10, 20, , 54, 0.2438359260559082, 6.666783094406128, 0.0648872082835801, 55000, 0.1279684047536452
9, 1, 3, dynamic_dbscan, 0.75, 10, 10, 20, , 55, 0.27788496017456055, 6.9446680545806885, 0.07051112312618857, 56000, 0.1343989656872861
9, 1, 3, dynamic_dbscan, 0.75, 10, 10, 20, , 56, 0.18459486961364746, 7.129262924194336, 0.06666359989165921, 57000, 0.135026051041402
9, 1, 3, dynamic_dbscan, 0.75, 10, 10, 20, , 57, 0.15390515327453613, 7.283168077468872, 0.06408931776700671, 58000, 0.1368679884316757
9, 1, 3, dynamic_dbscan, 0.75, 10, 10, 20, , 58, 0.16463017463684082, 7.447798252105713, 0.06266035733541518, 59000, 0.13903727695702908
9, 1, 3, dynamic_dbscan, 0.75, 10, 10, 20, , 59, 0.15965485572814941, 7.607453107833862, 0.0621834714635398, 60000, 0.14096231116560118
9, 1, 3, dynamic_dbscan, 0.75, 10, 10, 20, , 60, 0.17386865615844727, 7.78132176399231, 0.06258906170888696, 61000, 0.14314526737870423
9, 1, 3, dynamic_dbscan, 0.75, 10, 10, 20, , 61, 0.16034293174743652, 7.941664695739746, 0.06356917797933359, 62000, 0.14590698927163565
9, 1, 3, dynamic_dbscan, 0.75, 10, 10, 20, , 62, 0.16434907913208008, 8.106013774871826, 0.0650963737592425, 63000, 0.14832267660908374
9, 1, 3, dynamic_dbscan, 0.75, 10, 10, 20, , 63, 0.1565239429473877, 8.262537717819214, 0.06271723108810959, 64000, 0.14634017138926486
9, 1, 3, dynamic_dbscan, 0.75, 10, 10, 20, , 64, 0.1849360466003418, 8.447473764419556, 0.06083776066985712, 65000, 0.1445702842781254
9, 1, 3, dynamic_dbscan, 0.75, 10, 10, 20, , 65, 0.1937849521636963, 8.641258716583252, 0.05918333052910657, 66000, 0.14281518683343852
9, 1, 3, dynamic_dbscan, 0.75, 10, 10, 20, , 66, 0.19746875762939453, 8.838727474212646, 0.05799852155904113, 67000, 0.1413375304575416
9, 1, 3, dynamic_dbscan, 0.75, 10, 10, 20, , 67, 0.21151423454284668, 9.050241708755493, 0.0570356199529017, 68000, 0.1400125267525505
9, 1, 3, dynamic_dbscan, 0.75, 10, 10, 20, , 68, 0.36209988594055176, 9.412341594696045, 0.05577763146759966, 69000, 0.13877572732776292
9, 1, 3, dynamic_dbscan, 0.75, 10, 10, 20, , 69, 0.2571110725402832, 9.669452667236328, 0.05448892968164036, 70000, 0.13770925412864016
10, 2, 3, sklearn_dynamic, 0.75, 10, , , , 0, 0.0025320053100585938, 0.0025320053100585938, 1.0, 1000, 1.0
10, 2, 3, sklearn_dynamic, 0.75, 10, , , , 1, 0.004347801208496094, 0.0068798065185546875, 0.0, 2000, 0.0
10, 2, 3, sklearn_dynamic, 0.75, 10, , , , 2, 0.007501125335693359, 0.014380931854248047, 0.0, 3000, 0.0
10, 2, 3, sklearn_dynamic, 0.75, 10, , , , 3, 0.012077093124389648, 0.026458024978637695, 0.0, 4000, 0.0
10, 2, 3, sklearn_dynamic, 0.75, 10, , , , 4, 0.015619039535522461, 0.042077064514160156, 0.0, 5000, 0.0
10, 2, 3, sklearn_dynamic, 0.75, 10, , , , 5, 0.024013042449951172, 0.06609010696411133, 0.0, 6000, 0.0
10, 2, 3, sklearn_dynamic, 0.75, 10, , , , 6, 0.029976844787597656, 0.09606695175170898, 0.0, 7000, 0.0
10, 2, 3, sklearn_dynamic, 0.75, 10, , , , 7, 0.03693103790283203, 0.13299798965454102, -0.009867197408506594, 8000, 0.003857997915891353
10, 2, 3, sklearn_dynamic, 0.75, 10, , , , 8, 0.03376007080078125, 0.16675806045532227, -0.007457038873707013, 9000, 0.0047522129704621295
10, 2, 3, sklearn_dynamic, 0.75, 10, , , , 9, 0.037473201751708984, 0.20423126220703125, -0.0053921153996745385, 10000, 0.005333409849859496
10, 2, 3, sklearn_dynamic, 0.75, 10, , , , 10, 0.0493159294128418, 0.25354719161987305, 0.008682224230561192, 11000, 0.027670634266098594
10, 2, 3, sklearn_dynamic, 0.75, 10, , , , 11, 0.05452585220336914, 0.3080730438232422, 0.012492952676245861, 12000, 0.04309079660705694
10, 2, 3, sklearn_dynamic, 0.75, 10, , , , 12, 0.06684184074401855, 0.37491488456726074, 0.009033745530076383, 13000, 0.05175375614817608
10, 2, 3, sklearn_dynamic, 0.75, 10, , , , 13, 0.06869912147521973, 0.44361400604248047, 0.002981566347828419, 14000, 0.061292998984874426
10, 2, 3, sklearn_dynamic, 0.75, 10, , , , 14, 0.08834481239318848, 0.531958818435669, -0.004721786961181467, 15000, 0.052722916563415684
10, 2, 3, sklearn_dynamic, 0.75, 10, , , , 15, 0.08748984336853027, 0.6194486618041992, -0.007136638434621867, 16000, 0.050148746744398315
10, 2, 3, sklearn_dynamic, 0.75, 10, , , , 16, 0.09344220161437988, 0.7128908634185791, -0.006991933415448355, 17000, 0.0489607223136929
10, 2, 3, sklearn_dynamic, 0.75, 10, , , , 17, 0.11846709251403809, 0.8313579559326172, -0.005552458485549559, 18000, 0.04837849288040424
10, 2, 3, sklearn_dynamic, 0.75, 10, , , , 18, 0.1229240894317627, 0.9542820453643799, -0.003457680676168741, 19000, 0.0481120911472617
10, 2, 3, sklearn_dynamic, 0.75, 10, , , , 19, 0.15099406242370605, 1.105276107788086, -0.0010499741399541342, 20000, 0.04802633517936375
10, 2, 3, sklearn_dynamic, 0.75, 10, , , , 20, 0.1586298942565918, 1.2639060020446777, 0.0014805518300241571, 21000, 0.04804975761860554
10, 2, 3, sklearn_dynamic, 0.75, 10, , , , 21, 0.1579267978668213, 1.421832799911499, -0.0005680745205630583, 22000, 0.043468948151884755
10, 2, 3, sklearn_dynamic, 0.75, 10, , , , 22, 0.17048120498657227, 1.5923140048980713, -0.0014832489580979956, 23000, 0.041468909637662275
10, 2, 3, sklearn_dynamic, 0.75, 10, , , , 23, 0.22528600692749023, 1.8176000118255615, -0.0016768781034334627, 24000, 0.04023793565461353
10, 2, 3, sklearn_dynamic, 0.75, 10, , , , 24, 0.20888710021972656, 2.026487112045288, -0.0014031586915816596, 25000, 0.03940651655138053
10, 2, 3, sklearn_dynamic, 0.75, 10, , , , 25, 0.2225799560546875, 2.2490670680999756, -0.0008245931353542117, 26000, 0.03881687321255421
10, 2, 3, sklearn_dynamic, 0.75, 10, , , , 26, 0.25916099548339844, 2.508228063583374, -4.794743474563194e-05, 27000, 0.03838624544992197
10, 2, 3, sklearn_dynamic, 0.75, 10, , , , 27, 0.2722790241241455, 2.7805070877075195, 0.0008551293546670443, 28000, 0.03806601137153685
10, 2, 3, sklearn_dynamic, 0.75, 10, , , , 28, 0.2774028778076172, 3.0579099655151367, 3.7055995062650675e-05, 29000, 0.03541218783381942
10, 2, 3, sklearn_dynamic, 0.75, 10, , , , 29, 0.29541563987731934, 3.353325605392456, -0.00038128832813152106, 30000, 0.03407343661768871
10, 2, 3, sklearn_dynamic, 0.75, 10, , , , 30, 0.3544337749481201, 3.707759380340576, -0.0005183125220359363, 31000, 0.033575500404323416
10, 2, 3, sklearn_dynamic, 0.75, 10, , , , 31, 0.33026695251464844, 4.038026332855225, -0.0004449295199228646, 32000, 0.03289663308067501
10, 2, 3, sklearn_dynamic, 0.75, 10, , , , 32, 0.35951733589172363, 4.397543668746948, -0.00021650282094852344, 33000, 0.032377571713470665
10, 2, 3, sklearn_dynamic, 0.75, 10, , , , 33, 0.4006829261779785, 4.798226594924927, 0.000124964071241051, 34000, 0.031969199471132456
10, 2, 3, sklearn_dynamic, 0.75, 10, , , , 34, 0.39052534103393555, 5.188751935958862, 0.0005485090341815982, 35000, 0.03164141887521945
10, 2, 3, sklearn_dynamic, 0.75, 10, , , , 35, 0.3944971561431885, 5.583249092102051, 0.00013710038584703667, 36000, 0.029928013075527882
10, 2, 3, sklearn_dynamic, 0.75, 10, , , , 36, 0.4491140842437744, 6.032363176345825, 0.000922448765183761, 37000, 0.033803307312632966
10, 2, 3, sklearn_dynamic, 0.75, 10, , , , 37, 0.48725295066833496, 6.51961612701416, 0.0011962942885521827, 38000, 0.03564800274568677
10, 2, 3, sklearn_dynamic, 0.75, 10, , , , 38, 0.5259027481079102, 7.04551887512207, 0.0015692652955479494, 39000, 0.03900470838866388
10, 2, 3, sklearn_dynamic, 0.75, 10, , , , 39, 0.5251426696777344, 7.570661544799805, 0.001511003511186173, 40000, 0.04121088116708229
10, 2, 3, sklearn_dynamic, 0.75, 10, , , , 40, 0.551386833190918, 8.122048377990723, 0.0011912311510086176, 41000, 0.04315956615676982
10, 2, 3, sklearn_dynamic, 0.75, 10, , , , 41, 0.5867919921875, 8.708840370178223, 0.0006352501568536954, 42000, 0.04444501089715716
10, 2, 3, sklearn_dynamic, 0.75, 10, , , , 42, 0.5897700786590576, 9.29861044883728, 0.00025089002275117077, 43000, 0.04253381433713608
10, 2, 3, sklearn_dynamic, 0.75, 10, , , , 43, 0.623333215713501, 9.921943664550781, 2.3496806221771828e-05, 44000, 0.041749114916349514
10, 2, 3, sklearn_dynamic, 0.75, 10, , , , 44, 0.6433188915252686, 10.56526255607605, 1.3576329013488512e-05, 45000, 0.04146161323657333
10, 2, 3, sklearn_dynamic, 0.75, 10, , , , 45, 0.6976101398468018, 11.262872695922852, 4.3066495346814684e-05, 46000, 0.04102663208364255
10, 2, 3, sklearn_dynamic, 0.75, 10, , , , 46, 0.8531060218811035, 12.115978717803955, 0.00023805011547133143, 47000, 0.0417973250025539
10, 2, 3, sklearn_dynamic, 0.75, 10, , , , 47, 0.8750209808349609, 12.990999698638916, 0.00035869655531325744, 48000, 0.042007505899765984
10, 2, 3, sklearn_dynamic, 0.75, 10, , , , 48, 0.818526029586792, 13.809525728225708, 0.0004626087663024269, 49000, 0.04213240029082586
10, 2, 3, sklearn_dynamic, 0.75, 10, , , , 49, 0.7826921939849854, 14.592217922210693, 0.00039997692193262813, 50000, 0.04194230027825486
10, 2, 3, sklearn_dynamic, 0.75, 10, , , , 50, 0.8121960163116455, 15.404413938522339, 0.0006569201534412379, 51000, 0.04363900728960738
10, 2, 3, sklearn_dynamic, 0.75, 10, , , , 51, 0.8339769840240479, 16.238390922546387, 0.0009298924488238662, 52000, 0.04582926302415734
10, 2, 3, sklearn_dynamic, 0.75, 10, , , , 52, 0.8474280834197998, 17.085819005966187, 0.001679851738839458, 53000, 0.052599306024474046
10, 2, 3, sklearn_dynamic, 0.75, 10, , , , 53, 0.9318828582763672, 18.017701864242554, 0.0016897238407249373, 54000, 0.055765997198413554
10, 2, 3, sklearn_dynamic, 0.75, 10, , , , 54, 0.9679961204528809, 18.985697984695435, 0.0014744371708793052, 55000, 0.05942682182383277
10, 2, 3, sklearn_dynamic, 0.75, 10, , , , 55, 0.980633020401001, 19.966331005096436, 0.0011152852917721693, 56000, 0.06473056157652482
10, 2, 3, sklearn_dynamic, 0.75, 10, , , , 56, 1.025151252746582, 20.991482257843018, 0.0007687923703681837, 57000, 0.06283517691290286
10, 2, 3, sklearn_dynamic, 0.75, 10, , , , 57, 1.0721869468688965, 22.063669204711914, 0.0005628236339916342, 58000, 0.06161850428733799
10, 2, 3, sklearn_dynamic, 0.75, 10, , , , 58, 1.1717302799224854, 23.2353994846344, 0.0004626829209230303, 59000, 0.06071941676669152
10, 2, 3, sklearn_dynamic, 0.75, 10, , , , 59, 1.1427819728851318, 24.37818145751953, 0.0004598643008229359, 60000, 0.05998724757311924
10, 2, 3, sklearn_dynamic, 0.75, 10, , , , 60, 1.187197208404541, 25.565378665924072, 0.0005400579019046867, 61000, 0.05937188091983029
10, 2, 3, sklearn_dynamic, 0.75, 10, , , , 61, 1.2358052730560303, 26.801183938980103, 0.0006910897365512468, 62000, 0.058844076358110474
10, 2, 3, sklearn_dynamic, 0.75, 10, , , , 62, 1.5216541290283203, 28.322838068008423, 0.0009025676256532322, 63000, 0.05838479914788318
10, 2, 3, sklearn_dynamic, 0.75, 10, , , , 63, 1.3315441608428955, 29.65438222885132, 0.0006606541893034025, 64000, 0.05687009793540224
10, 2, 3, sklearn_dynamic, 0.75, 10, , , , 64, 1.4169220924377441, 31.071304321289062, 0.0005094652009461568, 65000, 0.05591832095590461
10, 2, 3, sklearn_dynamic, 0.75, 10, , , , 65, 1.3727529048919678, 32.44405722618103, 0.0004407962606934902, 66000, 0.05515052235632173
10, 2, 3, sklearn_dynamic, 0.75, 10, , , , 66, 1.4705638885498047, 33.914621114730835, 0.0004352365755772231, 67000, 0.05453377013123099
10, 2, 3, sklearn_dynamic, 0.75, 10, , , , 67, 1.5163929462432861, 35.43101406097412, 0.000488968386191318, 68000, 0.0540095059420855
10, 2, 3, sklearn_dynamic, 0.75, 10, , , , 68, 1.5192019939422607, 36.95021605491638, 0.0005941928393070661, 69000, 0.05355516008654487
10, 2, 3, sklearn_dynamic, 0.75, 10, , , , 69, 1.5924980640411377, 38.54271411895752, 0.0007441397186975099, 70000, 0.053155970801310376
11, 3, 3, fdbscan_dynamic_naive, 0.75, 10, 10, , , 0, 0.06666898727416992, 0.06666898727416992, 1.0, 1000, 1.0
11, 3, 3, fdbscan_dynamic_naive, 0.75, 10, 10, , , 1, 0.07146906852722168, 0.1381380558013916, 0.0, 2000, 0.0
11, 3, 3, fdbscan_dynamic_naive, 0.75, 10, 10, , , 2, 0.07578420639038086, 0.21392226219177246, 0.0, 3000, 0.0
11, 3, 3, fdbscan_dynamic_naive, 0.75, 10, 10, , , 3, 0.07780599594116211, 0.29172825813293457, 0.0, 4000, 0.0
11, 3, 3, fdbscan_dynamic_naive, 0.75, 10, 10, , , 4, 0.08137011528015137, 0.37309837341308594, 0.0, 5000, 0.0
11, 3, 3, fdbscan_dynamic_naive, 0.75, 10, 10, , , 5, 0.08627462387084961, 0.45937299728393555, 0.0, 6000, 0.0
11, 3, 3, fdbscan_dynamic_naive, 0.75, 10, 10, , , 6, 0.09081506729125977, 0.5501880645751953, 0.0, 7000, 0.0
11, 3, 3, fdbscan_dynamic_naive, 0.75, 10, 10, , , 7, 0.09679698944091797, 0.6469850540161133, -0.011446031008562951, 8000, 0.08247325374277596
11, 3, 3, fdbscan_dynamic_naive, 0.75, 10, 10, , , 8, 0.10284590721130371, 0.749830961227417, 0.20398296662137944, 9000, 0.2389256026839912
11, 3, 3, fdbscan_dynamic_naive, 0.75, 10, 10, , , 9, 0.10356664657592773, 0.8533976078033447, 0.23499292583303186, 10000, 0.27987692133445297
11, 3, 3, fdbscan_dynamic_naive, 0.75, 10, 10, , , 10, 0.10979914665222168, 0.9631967544555664, 0.2991842048303144, 11000, 0.34304021579886246
11, 3, 3, fdbscan_dynamic_naive, 0.75, 10, 10, , , 11, 0.11254310607910156, 1.075739860534668, 0.3124792674371399, 12000, 0.3653643554359616
11, 3, 3, fdbscan_dynamic_naive, 0.75, 10, 10, , , 12, 0.118682861328125, 1.194422721862793, 0.34873338016716066, 13000, 0.3982428728973864
11, 3, 3, fdbscan_dynamic_naive, 0.75, 10, 10, , , 13, 0.12917828559875488, 1.3236010074615479, 0.3587529575462185, 14000, 0.4104151223976188
11, 3, 3, fdbscan_dynamic_naive, 0.75, 10, 10, , , 14, 0.1571359634399414, 1.4807369709014893, 0.28846861013450725, 15000, 0.37911412409101347
11, 3, 3, fdbscan_dynamic_naive, 0.75, 10, 10, , , 15, 0.2760920524597168, 1.756829023361206, 0.2455873640498606, 16000, 0.3710128390205749
11, 3, 3, fdbscan_dynamic_naive, 0.75, 10, 10, , , 16, 0.1703639030456543, 1.9271929264068604, 0.22181308688731835, 17000, 0.36765118250993295
11, 3, 3, fdbscan_dynamic_naive, 0.75, 10, 10, , , 17, 0.21481990814208984, 2.14201283454895, 0.21066673361238356, 18000, 0.36680139523822364
11, 3, 3, fdbscan_dynamic_naive, 0.75, 10, 10, , , 18, 0.1866757869720459, 2.328688621520996, 0.2078356712918917, 19000, 0.366855368288966
11, 3, 3, fdbscan_dynamic_naive, 0.75, 10, 10, , , 19, 0.25439977645874023, 2.5830883979797363, 0.21027121874175933, 20000, 0.36698169710617184
11, 3, 3, fdbscan_dynamic_naive, 0.75, 10, 10, , , 20, 0.18107199668884277, 2.764160394668579, 0.21599253751815692, 21000, 0.3676878618359362
11, 3, 3, fdbscan_dynamic_naive, 0.75, 10, 10, , , 21, 0.23371601104736328, 2.9978764057159424, 0.18142243629196886, 22000, 0.3422418298829035
11, 3, 3, fdbscan_dynamic_naive, 0.75, 10, 10, , , 22, 0.1837770938873291, 3.1816534996032715, 0.15804122400173035, 23000, 0.330790115931173
11, 3, 3, fdbscan_dynamic_naive, 0.75, 10, 10, , , 23, 0.1873621940612793, 3.369015693664551, 0.14580511032747775, 24000, 0.3247934087939401
11, 3, 3, fdbscan_dynamic_naive, 0.75, 10, 10, , , 24, 0.2581610679626465, 3.6271767616271973, 0.13618599930889408, 25000, 0.31923470791339187
11, 3, 3, fdbscan_dynamic_naive, 0.75, 10, 10, , , 25, 0.19625592231750488, 3.823432683944702, 0.1303893283656554, 26000, 0.3153227111081701
11, 3, 3, fdbscan_dynamic_naive, 0.75, 10, 10, , , 26, 0.262253999710083, 4.085686683654785, 0.1277756244934301, 27000, 0.3129541630287572
11, 3, 3, fdbscan_dynamic_naive, 0.75, 10, 10, , , 27, 0.2035071849822998, 4.289193868637085, 0.12647548085558785, 28000, 0.3112944650009173
11, 3, 3, fdbscan_dynamic_naive, 0.75, 10, 10, , , 28, 0.2734220027923584, 4.562615871429443, 0.109933828081503, 29000, 0.2951457977228494
11, 3, 3, fdbscan_dynamic_naive, 0.75, 10, 10, , , 29, 0.21287989616394043, 4.775495767593384, 0.09840429289318862, 30000, 0.28653022742016127
11, 3, 3, fdbscan_dynamic_naive, 0.75, 10, 10, , , 30, 0.28171634674072266, 5.0572121143341064, 0.09047068727738876, 31000, 0.2807776586269409
11, 3, 3, fdbscan_dynamic_naive, 0.75, 10, 10, , , 31, 0.21953105926513672, 5.276743173599243, 0.0853508130710436, 32000, 0.2766445788078356
11, 3, 3, fdbscan_dynamic_naive, 0.75, 10, 10, , , 32, 0.2947070598602295, 5.571450233459473, 0.0826700665319818, 33000, 0.27296125420965134
11, 3, 3, fdbscan_dynamic_naive, 0.75, 10, 10, , , 33, 0.2305443286895752, 5.801994562149048, 0.0811938822111845, 34000, 0.2703288475600562
11, 3, 3, fdbscan_dynamic_naive, 0.75, 10, 10, , , 34, 0.30681490898132324, 6.108809471130371, 0.08098981549711506, 35000, 0.2680001826273236
11, 3, 3, fdbscan_dynamic_naive, 0.75, 10, 10, , , 35, 0.23871803283691406, 6.347527503967285, 0.07219456811963092, 36000, 0.25681303271320977
11, 3, 3, fdbscan_dynamic_naive, 0.75, 10, 10, , , 36, 0.31896495819091797, 6.666492462158203, 0.06717348587859943, 37000, 0.2535179571957693
11, 3, 3, fdbscan_dynamic_naive, 0.75, 10, 10, , , 37, 0.33374714851379395, 7.000239610671997, 0.06412660092962404, 38000, 0.2531250191300896
11, 3, 3, fdbscan_dynamic_naive, 0.75, 10, 10, , , 38, 0.25368189811706543, 7.2539215087890625, 0.06447349115557031, 39000, 0.2599416307694339
11, 3, 3, fdbscan_dynamic_naive, 0.75, 10, 10, , , 39, 0.34180712699890137, 7.595728635787964, 0.06294656826340997, 40000, 0.26288963368874557
11, 3, 3, fdbscan_dynamic_naive, 0.75, 10, 10, , , 40, 0.265064001083374, 7.860792636871338, 0.06160573492763434, 41000, 0.26734735850191893
11, 3, 3, fdbscan_dynamic_naive, 0.75, 10, 10, , , 41, 0.3520689010620117, 8.21286153793335, 0.059670299938763875, 42000, 0.2708954597156711
11, 3, 3, fdbscan_dynamic_naive, 0.75, 10, 10, , , 42, 0.27481508255004883, 8.487676620483398, 0.054444980934365936, 43000, 0.26159432138820926
11, 3, 3, fdbscan_dynamic_naive, 0.75, 10, 10, , , 43, 0.3617129325866699, 8.849389553070068, 0.05064146464681105, 44000, 0.25586640965764945
11, 3, 3, fdbscan_dynamic_naive, 0.75, 10, 10, , , 44, 0.28583335876464844, 9.135222911834717, 0.04856405191601833, 45000, 0.25049128124888664
11, 3, 3, fdbscan_dynamic_naive, 0.75, 10, 10, , , 45, 0.3712940216064453, 9.506516933441162, 0.04673777806120316, 46000, 0.24795468396056944
11, 3, 3, fdbscan_dynamic_naive, 0.75, 10, 10, , , 46, 0.3844480514526367, 9.890964984893799, 0.04594217837988103, 47000, 0.24534671433949146
11, 3, 3, fdbscan_dynamic_naive, 0.75, 10, 10, , , 47, 0.3001821041107178, 10.191147089004517, 0.044782856476303985, 48000, 0.24327394269029565
11, 3, 3, fdbscan_dynamic_naive, 0.75, 10, 10, , , 48, 0.39941883087158203, 10.590565919876099, 0.04379072035681414, 49000, 0.24143506105107512
11, 3, 3, fdbscan_dynamic_naive, 0.75, 10, 10, , , 49, 0.3128509521484375, 10.903416872024536, 0.04192309913750297, 50000, 0.23840831563808926
11, 3, 3, fdbscan_dynamic_naive, 0.75, 10, 10, , , 50, 0.41436004638671875, 11.317776918411255, 0.04578521761177771, 51000, 0.2472274763176177
11, 3, 3, fdbscan_dynamic_naive, 0.75, 10, 10, , , 51, 0.32514500617980957, 11.642921924591064, 0.051269559027555874, 52000, 0.26291717739403325
11, 3, 3, fdbscan_dynamic_naive, 0.75, 10, 10, , , 52, 0.4457681179046631, 12.088690042495728, 0.057635300486991635, 53000, 0.27996586828254866
11, 3, 3, fdbscan_dynamic_naive, 0.75, 10, 10, , , 53, 0.43571996688842773, 12.524410009384155, 0.06409885898130055, 54000, 0.2868846448607729
11, 3, 3, fdbscan_dynamic_naive, 0.75, 10, 10, , , 54, 0.3443739414215088, 12.868783950805664, 0.0669187095554185, 55000, 0.29424325353776026
11, 3, 3, fdbscan_dynamic_naive, 0.75, 10, 10, , , 55, 0.4420468807220459, 13.31083083152771, 0.07490775916560083, 56000, 0.30572407476309255
11, 3, 3, fdbscan_dynamic_naive, 0.75, 10, 10, , , 56, 0.3723580837249756, 13.683188915252686, 0.06972234199805569, 57000, 0.2992469211208408
11, 3, 3, fdbscan_dynamic_naive, 0.75, 10, 10, , , 57, 0.4630610942840576, 14.146250009536743, 0.06574812273579317, 58000, 0.29546108924627756
11, 3, 3, fdbscan_dynamic_naive, 0.75, 10, 10, , , 58, 0.37380409240722656, 14.52005410194397, 0.06282863640924678, 59000, 0.2926268769544472
11, 3, 3, fdbscan_dynamic_naive, 0.75, 10, 10, , , 59, 0.5126781463623047, 15.032732248306274, 0.06081520851988828, 60000, 0.29042139271327333
11, 3, 3, fdbscan_dynamic_naive, 0.75, 10, 10, , , 60, 0.5031201839447021, 15.535852432250977, 0.05967212196797006, 61000, 0.28898540098393666
11, 3, 3, fdbscan_dynamic_naive, 0.75, 10, 10, , , 61, 0.4492528438568115, 15.985105276107788, 0.05906118708960624, 62000, 0.28746896290981944
11, 3, 3, fdbscan_dynamic_naive, 0.75, 10, 10, , , 62, 0.5004160404205322, 16.48552131652832, 0.05901953371490297, 63000, 0.28618010282218387
11, 3, 3, fdbscan_dynamic_naive, 0.75, 10, 10, , , 63, 0.5035560131072998, 16.98907732963562, 0.05607593208698068, 64000, 0.2810075420912033
11, 3, 3, fdbscan_dynamic_naive, 0.75, 10, 10, , , 64, 0.4169018268585205, 17.40597915649414, 0.05336268885826908, 65000, 0.2769901843100641
11, 3, 3, fdbscan_dynamic_naive, 0.75, 10, 10, , , 65, 0.5125598907470703, 17.91853904724121, 0.05186919150707769, 66000, 0.27410115638857235
11, 3, 3, fdbscan_dynamic_naive, 0.75, 10, 10, , , 66, 0.5274560451507568, 18.445995092391968, 0.050768804902538725, 67000, 0.27177994010866957
11, 3, 3, fdbscan_dynamic_naive, 0.75, 10, 10, , , 67, 0.4222428798675537, 18.86823797225952, 0.05047797541173273, 68000, 0.2699395451566892
11, 3, 3, fdbscan_dynamic_naive, 0.75, 10, 10, , , 68, 0.5216550827026367, 19.389893054962158, 0.049809809182594304, 69000, 0.26803175404405555
11, 3, 3, fdbscan_dynamic_naive, 0.75, 10, 10, , , 69, 0.4288818836212158, 19.818774938583374, 0.04950092774576301, 70000, 0.26637444141156086
12, 4, 3, fdbscan_dynamic_noncore, 0.75, 10, 10, , 20, 0, 0.09522604942321777, 0.09522604942321777, 1.0, 1000, 1.0
12, 4, 3, fdbscan_dynamic_noncore, 0.75, 10, 10, , 20, 1, 0.06915998458862305, 0.16438603401184082, 0.0, 2000, 0.0
12, 4, 3, fdbscan_dynamic_noncore, 0.75, 10, 10, , 20, 2, 0.07380414009094238, 0.2381901741027832, 0.0, 3000, 0.0
12, 4, 3, fdbscan_dynamic_noncore, 0.75, 10, 10, , 20, 3, 0.07731890678405762, 0.3155090808868408, 0.0, 4000, 0.0
12, 4, 3, fdbscan_dynamic_noncore, 0.75, 10, 10, , 20, 4, 0.0814359188079834, 0.3969449996948242, 0.0, 5000, 0.0
12, 4, 3, fdbscan_dynamic_noncore, 0.75, 10, 10, , 20, 5, 0.08618974685668945, 0.48313474655151367, 0.0, 6000, 0.0
12, 4, 3, fdbscan_dynamic_noncore, 0.75, 10, 10, , 20, 6, 0.1277921199798584, 0.6109268665313721, 0.0, 7000, 0.0
12, 4, 3, fdbscan_dynamic_noncore, 0.75, 10, 10, , 20, 7, 0.09991192817687988, 0.710838794708252, -0.00999111653926893, 8000, 0.0862715548812043
12, 4, 3, fdbscan_dynamic_noncore, 0.75, 10, 10, , 20, 8, 0.1064748764038086, 0.8173136711120605, 0.18938219902329245, 9000, 0.23542255269542392
12, 4, 3, fdbscan_dynamic_noncore, 0.75, 10, 10, , 20, 9, 0.1053009033203125, 0.922614574432373, 0.2160580796548189, 10000, 0.2732988241995911
12, 4, 3, fdbscan_dynamic_noncore, 0.75, 10, 10, , 20, 10, 0.1550579071044922, 1.0776724815368652, 0.27249705590898915, 11000, 0.32966603513369463
12, 4, 3, fdbscan_dynamic_noncore, 0.75, 10, 10, , 20, 11, 0.1135098934173584, 1.1911823749542236, 0.29521226157264746, 12000, 0.3588906670884195
12, 4, 3, fdbscan_dynamic_noncore, 0.75, 10, 10, , 20, 12, 0.12057304382324219, 1.3117554187774658, 0.33542040337707085, 13000, 0.39418357622693145
12, 4, 3, fdbscan_dynamic_noncore, 0.75, 10, 10, , 20, 13, 0.16761088371276855, 1.4793663024902344, 0.34487830497942024, 14000, 0.4054974833159699
12, 4, 3, fdbscan_dynamic_noncore, 0.75, 10, 10, , 20, 14, 0.1391148567199707, 1.618481159210205, 0.27643037691717665, 15000, 0.3744616329720904
12, 4, 3, fdbscan_dynamic_noncore, 0.75, 10, 10, , 20, 15, 0.18846607208251953, 1.8069472312927246, 0.23512117502096624, 16000, 0.3660939463348679
12, 4, 3, fdbscan_dynamic_noncore, 0.75, 10, 10, , 20, 16, 0.15155673027038574, 1.9585039615631104, 0.2125795125617852, 17000, 0.3625612377184637
12, 4, 3, fdbscan_dynamic_noncore, 0.75, 10, 10, , 20, 17, 0.20158791542053223, 2.1600918769836426, 0.20238873220421655, 18000, 0.36165944554069296
12, 4, 3, fdbscan_dynamic_noncore, 0.75, 10, 10, , 20, 18, 0.15898394584655762, 2.3190758228302, 0.20034531585634419, 19000, 0.36184596369753874
12, 4, 3, fdbscan_dynamic_noncore, 0.75, 10, 10, , 20, 19, 0.21440672874450684, 2.533482551574707, 0.20344094202863347, 20000, 0.36199795052359224
12, 4, 3, fdbscan_dynamic_noncore, 0.75, 10, 10, , 20, 20, 0.16933393478393555, 2.7028164863586426, 0.2097082097643826, 21000, 0.36267707714519487
12, 4, 3, fdbscan_dynamic_noncore, 0.75, 10, 10, , 20, 21, 0.06209087371826172, 2.7649073600769043, 0.1756914087567808, 22000, 0.33763475968571754
12, 4, 3, fdbscan_dynamic_noncore, 0.75, 10, 10, , 20, 22, 0.06203579902648926, 2.8269431591033936, 0.1529804446307234, 23000, 0.32604826836271406
12, 4, 3, fdbscan_dynamic_noncore, 0.75, 10, 10, , 20, 23, 0.06274580955505371, 2.8896889686584473, 0.13832806088262758, 24000, 0.318948350316716
12, 4, 3, fdbscan_dynamic_noncore, 0.75, 10, 10, , 20, 24, 0.062300920486450195, 2.9519898891448975, 0.12955916811578, 25000, 0.3135229345622238
12, 4, 3, fdbscan_dynamic_noncore, 0.75, 10, 10, , 20, 25, 0.0623011589050293, 3.0142910480499268, 0.12488061431111364, 26000, 0.3101303042717547
12, 4, 3, fdbscan_dynamic_noncore, 0.75, 10, 10, , 20, 26, 0.06527996063232422, 3.079571008682251, 0.123223820263406, 27000, 0.30712217716227497
12, 4, 3, fdbscan_dynamic_noncore, 0.75, 10, 10, , 20, 27, 0.12057328224182129, 3.2001442909240723, 0.12372552071366277, 28000, 0.30486221160253363
12, 4, 3, fdbscan_dynamic_noncore, 0.75, 10, 10, , 20, 28, 0.06289410591125488, 3.263038396835327, 0.10781365569226245, 29000, 0.2881489500086829
12, 4, 3, fdbscan_dynamic_noncore, 0.75, 10, 10, , 20, 29, 0.06274724006652832, 3.3257856369018555, 0.09659028542553454, 30000, 0.27930847817610815
12, 4, 3, fdbscan_dynamic_noncore, 0.75, 10, 10, , 20, 30, 0.06378698348999023, 3.3895726203918457, 0.0887764227620514, 31000, 0.2734351768081759
12, 4, 3, fdbscan_dynamic_noncore, 0.75, 10, 10, , 20, 31, 0.06322383880615234, 3.452796459197998, 0.08368964606463208, 32000, 0.2690757750738156
12, 4, 3, fdbscan_dynamic_noncore, 0.75, 10, 10, , 20, 32, 0.06419706344604492, 3.516993522644043, 0.08069855966334173, 33000, 0.2656275198873629
12, 4, 3, fdbscan_dynamic_noncore, 0.75, 10, 10, , 20, 33, 0.06350517272949219, 3.580498695373535, 0.07929682825690458, 34000, 0.26300645873198425
12, 4, 3, fdbscan_dynamic_noncore, 0.75, 10, 10, , 20, 34, 0.06331491470336914, 3.6438136100769043, 0.0791272310255343, 35000, 0.26068322890366147
12, 4, 3, fdbscan_dynamic_noncore, 0.75, 10, 10, , 20, 35, 0.06330108642578125, 3.7071146965026855, 0.07074031959958309, 36000, 0.24921332754840972
12, 4, 3, fdbscan_dynamic_noncore, 0.75, 10, 10, , 20, 36, 0.06455302238464355, 3.771667718887329, 0.06460751310661016, 37000, 0.24274801486842293
12, 4, 3, fdbscan_dynamic_noncore, 0.75, 10, 10, , 20, 37, 0.0648040771484375, 3.8364717960357666, 0.06022750093980702, 38000, 0.23818707705384418
12, 4, 3, fdbscan_dynamic_noncore, 0.75, 10, 10, , 20, 38, 0.06422615051269531, 3.900697946548462, 0.057266066794389954, 39000, 0.23467343747783803
12, 4, 3, fdbscan_dynamic_noncore, 0.75, 10, 10, , 20, 39, 0.13433504104614258, 4.0350329875946045, 0.055449251536737916, 40000, 0.23166726318178624
12, 4, 3, fdbscan_dynamic_noncore, 0.75, 10, 10, , 20, 40, 0.06483101844787598, 4.0998640060424805, 0.05452461050506018, 41000, 0.22935922102950945
12, 4, 3, fdbscan_dynamic_noncore, 0.75, 10, 10, , 20, 41, 0.06474709510803223, 4.164611101150513, 0.05432863188244289, 42000, 0.2273469088548756
12, 4, 3, fdbscan_dynamic_noncore, 0.75, 10, 10, , 20, 42, 0.06280088424682617, 4.227411985397339, 0.050184057533460426, 43000, 0.21834223195292585
12, 4, 3, fdbscan_dynamic_noncore, 0.75, 10, 10, , 20, 43, 0.06465625762939453, 4.292068243026733, 0.04698752669537493, 44000, 0.2128427812837945
12, 4, 3, fdbscan_dynamic_noncore, 0.75, 10, 10, , 20, 44, 0.06336212158203125, 4.355430364608765, 0.04451629771766575, 45000, 0.20869837383471174
12, 4, 3, fdbscan_dynamic_noncore, 0.75, 10, 10, , 20, 45, 0.06793498992919922, 4.423365354537964, 0.042480588111294786, 46000, 0.20525550215742513
12, 4, 3, fdbscan_dynamic_noncore, 0.75, 10, 10, , 20, 46, 0.0679311752319336, 4.4912965297698975, 0.04106334725846871, 47000, 0.20241068189348327
12, 4, 3, fdbscan_dynamic_noncore, 0.75, 10, 10, , 20, 47, 0.06533694267272949, 4.556633472442627, 0.04008725041751796, 48000, 0.20005816349573072
12, 4, 3, fdbscan_dynamic_noncore, 0.75, 10, 10, , 20, 48, 0.0645298957824707, 4.621163368225098, 0.039383063225821226, 49000, 0.19791617069504833
12, 4, 3, fdbscan_dynamic_noncore, 0.75, 10, 10, , 20, 49, 0.06497502326965332, 4.686138391494751, 0.03630965504813377, 50000, 0.1917297956674002
12, 4, 3, fdbscan_dynamic_noncore, 0.75, 10, 10, , 20, 50, 0.06515192985534668, 4.751290321350098, 0.03397837840226311, 51000, 0.18794656847290234
12, 4, 3, fdbscan_dynamic_noncore, 0.75, 10, 10, , 20, 51, 0.06580305099487305, 4.817093372344971, 0.0322522227493879, 52000, 0.18514063693168678
12, 4, 3, fdbscan_dynamic_noncore, 0.75, 10, 10, , 20, 52, 0.06682991981506348, 4.883923292160034, 0.031047352360806153, 53000, 0.18288436458982021
12, 4, 3, fdbscan_dynamic_noncore, 0.75, 10, 10, , 20, 53, 0.06921100616455078, 4.953134298324585, 0.030286013226634562, 54000, 0.1809412661591455
12, 4, 3, fdbscan_dynamic_noncore, 0.75, 10, 10, , 20, 54, 0.06958198547363281, 5.022716283798218, 0.02989299703236064, 55000, 0.1793487779341751
12, 4, 3, fdbscan_dynamic_noncore, 0.75, 10, 10, , 20, 55, 0.06981515884399414, 5.092531442642212, 0.02981597526736893, 56000, 0.1779767139953806
12, 4, 3, fdbscan_dynamic_noncore, 0.75, 10, 10, , 20, 56, 0.06633806228637695, 5.158869504928589, 0.027782335324923624, 57000, 0.17307264008646195
12, 4, 3, fdbscan_dynamic_noncore, 0.75, 10, 10, , 20, 57, 0.06535100936889648, 5.224220514297485, 0.026210914690420705, 58000, 0.17004924244682443
12, 4, 3, fdbscan_dynamic_noncore, 0.75, 10, 10, , 20, 58, 0.1475358009338379, 5.371756315231323, 0.025036714428219493, 59000, 0.16771581758842977
12, 4, 3, fdbscan_dynamic_noncore, 0.75, 10, 10, , 20, 59, 0.06480097770690918, 5.436557292938232, 0.024204381517323192, 60000, 0.16580788024180493
12, 4, 3, fdbscan_dynamic_noncore, 0.75, 10, 10, , 20, 60, 0.06536674499511719, 5.50192403793335, 0.023666625007423604, 61000, 0.16419891952512528
12, 4, 3, fdbscan_dynamic_noncore, 0.75, 10, 10, , 20, 61, 0.0659022331237793, 5.567826271057129, 0.023382920008912494, 62000, 0.16281475875177437
12, 4, 3, fdbscan_dynamic_noncore, 0.75, 10, 10, , 20, 62, 0.06572794914245605, 5.633554220199585, 0.02331814644630091, 63000, 0.16153130385047776
12, 4, 3, fdbscan_dynamic_noncore, 0.75, 10, 10, , 20, 63, 0.06595373153686523, 5.69950795173645, 0.021907112918947917, 64000, 0.1575593277333685
12, 4, 3, fdbscan_dynamic_noncore, 0.75, 10, 10, , 20, 64, 0.0661318302154541, 5.765639781951904, 0.020804572796344293, 65000, 0.15505255285777728
12, 4, 3, fdbscan_dynamic_noncore, 0.75, 10, 10, , 20, 65, 0.06799602508544922, 5.8336358070373535, 0.01997136396977946, 66000, 0.15308838336426325
12, 4, 3, fdbscan_dynamic_noncore, 0.75, 10, 10, , 20, 66, 0.06608414649963379, 5.899719953536987, 0.019373574546797848, 67000, 0.15146196523230815
12, 4, 3, fdbscan_dynamic_noncore, 0.75, 10, 10, , 20, 67, 0.06551122665405273, 5.96523118019104, 0.018981760386779515, 68000, 0.15007498968894686
12, 4, 3, fdbscan_dynamic_noncore, 0.75, 10, 10, , 20, 68, 0.06579709053039551, 6.0310282707214355, 0.01877029239058257, 69000, 0.148869566647431
12, 4, 3, fdbscan_dynamic_noncore, 0.75, 10, 10, , 20, 69, 0.0664520263671875, 6.097480297088623, 0.01871680979913169, 70000, 0.14780770218813577
13, 1, 4, dynamic_dbscan, 0.75, 10, 10, 20, , 0, 0.032849788665771484, 0.032849788665771484, 0.0, 1000, 0.0
13, 1, 4, dynamic_dbscan, 0.75, 10, 10, 20, , 1, 0.036376237869262695, 0.06922602653503418, 0.0, 2000, 0.0
13, 1, 4, dynamic_dbscan, 0.75, 10, 10, 20, , 2, 0.03977489471435547, 0.10900092124938965, 0.0, 3000, 0.0
13, 1, 4, dynamic_dbscan, 0.75, 10, 10, 20, , 3, 0.04459333419799805, 0.1535942554473877, 0.0, 4000, 0.0
13, 1, 4, dynamic_dbscan, 0.75, 10, 10, 20, , 4, 0.051847219467163086, 0.20544147491455078, 0.0, 5000, 0.0
13, 1, 4, dynamic_dbscan, 0.75, 10, 10, 20, , 5, 0.09965801239013672, 0.3050994873046875, 0.0, 6000, 0.0
13, 1, 4, dynamic_dbscan, 0.75, 10, 10, 20, , 6, 0.06595993041992188, 0.3710594177246094, 0.0, 7000, 0.0
13, 1, 4, dynamic_dbscan, 0.75, 10, 10, 20, , 7, 0.04712700843811035, 0.4181864261627197, -0.006086366086152038, 8000, 0.12523103573151553
13, 1, 4, dynamic_dbscan, 0.75, 10, 10, 20, , 8, 0.09562969207763672, 0.5138161182403564, 0.2289893449005924, 9000, 0.30742566954356654
13, 1, 4, dynamic_dbscan, 0.75, 10, 10, 20, , 9, 0.10261178016662598, 0.6164278984069824, 0.29775659742547617, 10000, 0.366846040331254
13, 1, 4, dynamic_dbscan, 0.75, 10, 10, 20, , 10, 0.1748807430267334, 0.7913086414337158, 0.19545995232894195, 11000, 0.1408568574429576
13, 1, 4, dynamic_dbscan, 0.75, 10, 10, 20, , 11, 0.1294708251953125, 0.9207794666290283, 0.2203414607944228, 12000, 0.1659026108014104
13, 1, 4, dynamic_dbscan, 0.75, 10, 10, 20, , 12, 0.14312100410461426, 1.0639004707336426, 0.24015719877661187, 13000, 0.1827674996838632
13, 1, 4, dynamic_dbscan, 0.75, 10, 10, 20, , 13, 0.16139721870422363, 1.2252976894378662, 0.26627211716188715, 14000, 0.20197750825318642
13, 1, 4, dynamic_dbscan, 0.75, 10, 10, 20, , 14, 0.07317590713500977, 1.298473596572876, 0.23931531696558625, 15000, 0.21821310418809275
13, 1, 4, dynamic_dbscan, 0.75, 10, 10, 20, , 15, 0.07625603675842285, 1.3747296333312988, 0.22569282389037784, 16000, 0.23425122694083395
13, 1, 4, dynamic_dbscan, 0.75, 10, 10, 20, , 16, 0.07350492477416992, 1.4482345581054688, 0.2211792129667797, 17000, 0.24330918553115238
13, 1, 4, dynamic_dbscan, 0.75, 10, 10, 20, , 17, 0.1329212188720703, 1.581155776977539, 0.22298195513368474, 18000, 0.24878879173507765
13, 1, 4, dynamic_dbscan, 0.75, 10, 10, 20, , 18, 0.07900786399841309, 1.6601636409759521, 0.22467007086162624, 19000, 0.2463469022835443
13, 1, 4, dynamic_dbscan, 0.75, 10, 10, 20, , 19, 0.0749502182006836, 1.7351138591766357, 0.22611556732816437, 20000, 0.23879578342276833
13, 1, 4, dynamic_dbscan, 0.75, 10, 10, 20, , 20, 0.083251953125, 1.8183658123016357, 0.2325211654437915, 21000, 0.2395779327477758
13, 1, 4, dynamic_dbscan, 0.75, 10, 10, 20, , 21, 0.07166218757629395, 1.8900279998779297, 0.201771554186701, 22000, 0.22924810728601758
13, 1, 4, dynamic_dbscan, 0.75, 10, 10, 20, , 22, 0.08129572868347168, 1.9713237285614014, 0.18164536864286962, 23000, 0.22600710619859593
13, 1, 4, dynamic_dbscan, 0.75, 10, 10, 20, , 23, 0.0927431583404541, 2.0640668869018555, 0.17502262278403777, 24000, 0.22910549479983064
13, 1, 4, dynamic_dbscan, 0.75, 10, 10, 20, , 24, 0.08709287643432617, 2.1511597633361816, 0.1620286304280241, 25000, 0.20622866903432638
13, 1, 4, dynamic_dbscan, 0.75, 10, 10, 20, , 25, 0.17835116386413574, 2.3295109272003174, 0.15539605595200615, 26000, 0.20118071497971346
13, 1, 4, dynamic_dbscan, 0.75, 10, 10, 20, , 26, 0.11234402656555176, 2.441854953765869, 0.1486624020474532, 27000, 0.19545625348499768
13, 1, 4, dynamic_dbscan, 0.75, 10, 10, 20, , 27, 0.11515212059020996, 2.557007074356079, 0.14023910186970034, 28000, 0.18500297667008875
13, 1, 4, dynamic_dbscan, 0.75, 10, 10, 20, , 28, 0.08375382423400879, 2.640760898590088, 0.12351595340444617, 29000, 0.18118535585760692
13, 1, 4, dynamic_dbscan, 0.75, 10, 10, 20, , 29, 0.0856788158416748, 2.7264397144317627, 0.1127842614949663, 30000, 0.1815502525324254
13, 1, 4, dynamic_dbscan, 0.75, 10, 10, 20, , 30, 0.07724595069885254, 2.8036856651306152, 0.10516386395023572, 31000, 0.17793462659589065
13, 1, 4, dynamic_dbscan, 0.75, 10, 10, 20, , 31, 0.09012913703918457, 2.8938148021698, 0.1021485946548847, 32000, 0.17872188564022953
13, 1, 4, dynamic_dbscan, 0.75, 10, 10, 20, , 32, 0.08434700965881348, 2.9781618118286133, 0.10057423597812354, 33000, 0.1766930389944817
13, 1, 4, dynamic_dbscan, 0.75, 10, 10, 20, , 33, 0.09046506881713867, 3.068626880645752, 0.10057619899453697, 34000, 0.1760046398787436
13, 1, 4, dynamic_dbscan, 0.75, 10, 10, 20, , 34, 0.09569621086120605, 3.164323091506958, 0.10149500451985458, 35000, 0.17569389513506528
13, 1, 4, dynamic_dbscan, 0.75, 10, 10, 20, , 35, 0.18928885459899902, 3.353611946105957, 0.09352624095417407, 36000, 0.17851933391670252
13, 1, 4, dynamic_dbscan, 0.75, 10, 10, 20, , 36, 0.10369992256164551, 3.4573118686676025, 0.08717366553392536, 37000, 0.16130251895523462
13, 1, 4, dynamic_dbscan, 0.75, 10, 10, 20, , 37, 0.11154317855834961, 3.568855047225952, 0.0846047981837691, 38000, 0.1598240121238205
13, 1, 4, dynamic_dbscan, 0.75, 10, 10, 20, , 38, 0.1338050365447998, 3.702660083770752, 0.08118295600737455, 39000, 0.1527148943560586
13, 1, 4, dynamic_dbscan, 0.75, 10, 10, 20, , 39, 0.13353514671325684, 3.836195230484009, 0.07825115918912876, 40000, 0.14950966932019646
13, 1, 4, dynamic_dbscan, 0.75, 10, 10, 20, , 40, 0.13373589515686035, 3.969931125640869, 0.0751812525587006, 41000, 0.1460000924519956
13, 1, 4, dynamic_dbscan, 0.75, 10, 10, 20, , 41, 0.13841676712036133, 4.1083478927612305, 0.07204341285418302, 42000, 0.14320397864427387
13, 1, 4, dynamic_dbscan, 0.75, 10, 10, 20, , 42, 0.11542296409606934, 4.2237708568573, 0.06649003774726503, 43000, 0.13690565291423698
13, 1, 4, dynamic_dbscan, 0.75, 10, 10, 20, , 43, 0.12550687789916992, 4.34927773475647, 0.062146583444130654, 44000, 0.13193704326849828
13, 1, 4, dynamic_dbscan, 0.75, 10, 10, 20, , 44, 0.12400698661804199, 4.473284721374512, 0.05876247255788974, 45000, 0.12658207084717277
13, 1, 4, dynamic_dbscan, 0.75, 10, 10, 20, , 45, 0.13133811950683594, 4.604622840881348, 0.056296867067368445, 46000, 0.12369481299655498
13, 1, 4, dynamic_dbscan, 0.75, 10, 10, 20, , 46, 0.14894413948059082, 4.7535669803619385, 0.054088898039016675, 47000, 0.11900286235395517
13, 1, 4, dynamic_dbscan, 0.75, 10, 10, 20, , 47, 0.24967408180236816, 5.003241062164307, 0.05233032989650114, 48000, 0.11619725891555625
13, 1, 4, dynamic_dbscan, 0.75, 10, 10, 20, , 48, 0.13630175590515137, 5.139542818069458, 0.05057063721579421, 49000, 0.11320339833002553
13, 1, 4, dynamic_dbscan, 0.75, 10, 10, 20, , 49, 0.20070195198059082, 5.340244770050049, 0.05131571061379842, 50000, 0.11285621046672648
13, 1, 4, dynamic_dbscan, 0.75, 10, 10, 20, , 50, 0.20748400688171387, 5.547728776931763, 0.05302446212466576, 51000, 0.11506345074535154
13, 1, 4, dynamic_dbscan, 0.75, 10, 10, 20, , 51, 0.24528789520263672, 5.793016672134399, 0.05581038857372844, 52000, 0.12004606134841646
13, 1, 4, dynamic_dbscan, 0.75, 10, 10, 20, , 52, 0.2407817840576172, 6.033798456192017, 0.05982623246878297, 53000, 0.12695547116929834
13, 1, 4, dynamic_dbscan, 0.75, 10, 10, 20, , 53, 0.22650909423828125, 6.260307550430298, 0.06436284569834676, 54000, 0.1336135017776465
13, 1, 4, dynamic_dbscan, 0.75, 10, 10, 20, , 54, 0.2555069923400879, 6.515814542770386, 0.06838780607564374, 55000, 0.13967872404201548
13, 1, 4, dynamic_dbscan, 0.75, 10, 10, 20, , 55, 0.2628018856048584, 6.778616428375244, 0.07378349299535597, 56000, 0.14542219392832112
13, 1, 4, dynamic_dbscan, 0.75, 10, 10, 20, , 56, 0.16333627700805664, 6.941952705383301, 0.06962827906679411, 57000, 0.14572481641459026
13, 1, 4, dynamic_dbscan, 0.75, 10, 10, 20, , 57, 0.16172480583190918, 7.10367751121521, 0.0667692756845754, 58000, 0.1470998972795378
13, 1, 4, dynamic_dbscan, 0.75, 10, 10, 20, , 58, 0.1793830394744873, 7.283060550689697, 0.06506806417798706, 59000, 0.14876002520600282
13, 1, 4, dynamic_dbscan, 0.75, 10, 10, 20, , 59, 0.14285612106323242, 7.42591667175293, 0.06435132321941817, 60000, 0.1504070505225411
13, 1, 4, dynamic_dbscan, 0.75, 10, 10, 20, , 60, 0.16278886795043945, 7.588705539703369, 0.06452858841121441, 61000, 0.15274375071397073
13, 1, 4, dynamic_dbscan, 0.75, 10, 10, 20, , 61, 0.15724515914916992, 7.745950698852539, 0.0653406491409953, 62000, 0.15443128052036906
13, 1, 4, dynamic_dbscan, 0.75, 10, 10, 20, , 62, 0.28554797172546387, 8.031498670578003, 0.06667030822390133, 63000, 0.1572686721829142
13, 1, 4, dynamic_dbscan, 0.75, 10, 10, 20, , 63, 0.15822505950927734, 8.18972373008728, 0.06403281026558587, 64000, 0.1562402373711582
13, 1, 4, dynamic_dbscan, 0.75, 10, 10, 20, , 64, 0.19588589668273926, 8.38560962677002, 0.06266634227221439, 65000, 0.15660444337846705
13, 1, 4, dynamic_dbscan, 0.75, 10, 10, 20, , 65, 0.17723321914672852, 8.562842845916748, 0.0610342959154113, 66000, 0.15359398494420343
13, 1, 4, dynamic_dbscan, 0.75, 10, 10, 20, , 66, 0.1611032485961914, 8.72394609451294, 0.05981276877157596, 67000, 0.15222764047053067
13, 1, 4, dynamic_dbscan, 0.75, 10, 10, 20, , 67, 0.21671104431152344, 8.940657138824463, 0.05880404488332757, 68000, 0.14968240309993247
13, 1, 4, dynamic_dbscan, 0.75, 10, 10, 20, , 68, 0.19643807411193848, 9.137095212936401, 0.057546303733805655, 69000, 0.14729448373438947
13, 1, 4, dynamic_dbscan, 0.75, 10, 10, 20, , 69, 0.2067861557006836, 9.343881368637085, 0.056393202114947354, 70000, 0.145730585839553
14, 2, 4, sklearn_dynamic, 0.75, 10, , , , 0, 0.0021779537200927734, 0.0021779537200927734, 1.0, 1000, 1.0
14, 2, 4, sklearn_dynamic, 0.75, 10, , , , 1, 0.004027843475341797, 0.00620579719543457, 0.0, 2000, 0.0
14, 2, 4, sklearn_dynamic, 0.75, 10, , , , 2, 0.008419036865234375, 0.014624834060668945, 0.0, 3000, 0.0
14, 2, 4, sklearn_dynamic, 0.75, 10, , , , 3, 0.011178016662597656, 0.0258028507232666, 0.0, 4000, 0.0
14, 2, 4, sklearn_dynamic, 0.75, 10, , , , 4, 0.0184171199798584, 0.044219970703125, 0.0, 5000, 0.0
14, 2, 4, sklearn_dynamic, 0.75, 10, , , , 5, 0.02202606201171875, 0.06624603271484375, 0.0, 6000, 0.0
14, 2, 4, sklearn_dynamic, 0.75, 10, , , , 6, 0.031989097595214844, 0.0982351303100586, 0.0, 7000, 0.0
14, 2, 4, sklearn_dynamic, 0.75, 10, , , , 7, 0.036340951919555664, 0.13457608222961426, -0.009867197408506594, 8000, 0.003857997915891353
14, 2, 4, sklearn_dynamic, 0.75, 10, , , , 8, 0.03239703178405762, 0.16697311401367188, -0.007457038873707013, 9000, 0.0047522129704621295
14, 2, 4, sklearn_dynamic, 0.75, 10, , , , 9, 0.03690600395202637, 0.20387911796569824, -0.0053921153996745385, 10000, 0.005333409849859496
14, 2, 4, sklearn_dynamic, 0.75, 10, , , , 10, 0.04348278045654297, 0.2473618984222412, 0.008682224230561192, 11000, 0.027670634266098594
14, 2, 4, sklearn_dynamic, 0.75, 10, , , , 11, 0.0554959774017334, 0.3028578758239746, 0.012492952676245861, 12000, 0.04309079660705694
14, 2, 4, sklearn_dynamic, 0.75, 10, , , , 12, 0.05794405937194824, 0.36080193519592285, 0.009033745530076383, 13000, 0.05175375614817608
14, 2, 4, sklearn_dynamic, 0.75, 10, , , , 13, 0.07047224044799805, 0.4312741756439209, 0.002981566347828419, 14000, 0.061292998984874426
14, 2, 4, sklearn_dynamic, 0.75, 10, , , , 14, 0.08480310440063477, 0.5160772800445557, -0.004721786961181467, 15000, 0.052722916563415684
14, 2, 4, sklearn_dynamic, 0.75, 10, , , , 15, 0.08898520469665527, 0.6050624847412109, -0.007136638434621867, 16000, 0.050148746744398315
14, 2, 4, sklearn_dynamic, 0.75, 10, , , , 16, 0.10191583633422852, 0.7069783210754395, -0.006991933415448355, 17000, 0.0489607223136929
14, 2, 4, sklearn_dynamic, 0.75, 10, , , , 17, 0.11113595962524414, 0.8181142807006836, -0.005552458485549559, 18000, 0.04837849288040424
14, 2, 4, sklearn_dynamic, 0.75, 10, , , , 18, 0.13628602027893066, 0.9544003009796143, -0.003457680676168741, 19000, 0.0481120911472617
14, 2, 4, sklearn_dynamic, 0.75, 10, , , , 19, 0.14113187789916992, 1.0955321788787842, -0.0010499741399541342, 20000, 0.04802633517936375
14, 2, 4, sklearn_dynamic, 0.75, 10, , , , 20, 0.1515789031982422, 1.2471110820770264, 0.0014805518300241571, 21000, 0.04804975761860554
14, 2, 4, sklearn_dynamic, 0.75, 10, , , , 21, 0.1651906967163086, 1.412301778793335, -0.0005680745205630583, 22000, 0.043468948151884755
14, 2, 4, sklearn_dynamic, 0.75, 10, , , , 22, 0.17494583129882812, 1.587247610092163, -0.0014832489580979956, 23000, 0.041468909637662275
14, 2, 4, sklearn_dynamic, 0.75, 10, , , , 23, 0.19847989082336426, 1.7857275009155273, -0.0016768781034334627, 24000, 0.04023793565461353
14, 2, 4, sklearn_dynamic, 0.75, 10, , , , 24, 0.21818113327026367, 2.003908634185791, -0.0014031586915816596, 25000, 0.03940651655138053
14, 2, 4, sklearn_dynamic, 0.75, 10, , , , 25, 0.23943877220153809, 2.243347406387329, -0.0008245931353542117, 26000, 0.03881687321255421
14, 2, 4, sklearn_dynamic, 0.75, 10, , , , 26, 0.2383277416229248, 2.481675148010254, -4.794743474563194e-05, 27000, 0.03838624544992197
14, 2, 4, sklearn_dynamic, 0.75, 10, , , , 27, 0.24600005149841309, 2.727675199508667, 0.0008551293546670443, 28000, 0.03806601137153685
14, 2, 4, sklearn_dynamic, 0.75, 10, , , , 28, 0.27564191818237305, 3.00331711769104, 3.7055995062650675e-05, 29000, 0.03541218783381942
14, 2, 4, sklearn_dynamic, 0.75, 10, , , , 29, 0.2863597869873047, 3.2896769046783447, -0.00038128832813152106, 30000, 0.03407343661768871
14, 2, 4, sklearn_dynamic, 0.75, 10, , , , 30, 0.30736422538757324, 3.597041130065918, -0.0005183125220359363, 31000, 0.033575500404323416
14, 2, 4, sklearn_dynamic, 0.75, 10, , , , 31, 0.3349490165710449, 3.931990146636963, -0.0004449295199228646, 32000, 0.03289663308067501
14, 2, 4, sklearn_dynamic, 0.75, 10, , , , 32, 0.3402369022369385, 4.272227048873901, -0.00021650282094852344, 33000, 0.032377571713470665
14, 2, 4, sklearn_dynamic, 0.75, 10, , , , 33, 0.3689558506011963, 4.641182899475098, 0.000124964071241051, 34000, 0.031969199471132456
14, 2, 4, sklearn_dynamic, 0.75, 10, , , , 34, 0.3854360580444336, 5.026618957519531, 0.0005485090341815982, 35000, 0.03164141887521945
14, 2, 4, sklearn_dynamic, 0.75, 10, , , , 35, 0.4128541946411133, 5.4394731521606445, 0.00013710038584703667, 36000, 0.029928013075527882
14, 2, 4, sklearn_dynamic, 0.75, 10, , , , 36, 0.44948315620422363, 5.888956308364868, 0.000922448765183761, 37000, 0.033803307312632966
14, 2, 4, sklearn_dynamic, 0.75, 10, , , , 37, 0.5200910568237305, 6.409047365188599, 0.0011962942885521827, 38000, 0.03564800274568677
14, 2, 4, sklearn_dynamic, 0.75, 10, , , , 38, 0.49722814559936523, 6.906275510787964, 0.0015692652955479494, 39000, 0.03900470838866388
14, 2, 4, sklearn_dynamic, 0.75, 10, , , , 39, 0.5379838943481445, 7.444259405136108, 0.001511003511186173, 40000, 0.04121088116708229
14, 2, 4, sklearn_dynamic, 0.75, 10, , , , 40, 0.5057680606842041, 7.9500274658203125, 0.0011912311510086176, 41000, 0.04315956615676982
14, 2, 4, sklearn_dynamic, 0.75, 10, , , , 41, 0.5320677757263184, 8.48209524154663, 0.0006352501568536954, 42000, 0.04444501089715716
14, 2, 4, sklearn_dynamic, 0.75, 10, , , , 42, 0.5692059993743896, 9.05130124092102, 0.00025089002275117077, 43000, 0.04253381433713608
14, 2, 4, sklearn_dynamic, 0.75, 10, , , , 43, 0.6338779926300049, 9.685179233551025, 2.3496806221771828e-05, 44000, 0.041749114916349514
14, 2, 4, sklearn_dynamic, 0.75, 10, , , , 44, 0.6837692260742188, 10.368948459625244, 1.3576329013488512e-05, 45000, 0.04146161323657333
14, 2, 4, sklearn_dynamic, 0.75, 10, , , , 45, 0.6374640464782715, 11.006412506103516, 4.3066495346814684e-05, 46000, 0.04102663208364255
14, 2, 4, sklearn_dynamic, 0.75, 10, , , , 46, 0.6669399738311768, 11.673352479934692, 0.00023805011547133143, 47000, 0.0417973250025539
14, 2, 4, sklearn_dynamic, 0.75, 10, , , , 47, 0.7119419574737549, 12.385294437408447, 0.00035869655531325744, 48000, 0.042007505899765984
14, 2, 4, sklearn_dynamic, 0.75, 10, , , , 48, 0.7274990081787109, 13.112793445587158, 0.0004626087663024269, 49000, 0.04213240029082586
14, 2, 4, sklearn_dynamic, 0.75, 10, , , , 49, 0.7736568450927734, 13.886450290679932, 0.00039997692193262813, 50000, 0.04194230027825486
14, 2, 4, sklearn_dynamic, 0.75, 10, , , , 50, 0.8005149364471436, 14.686965227127075, 0.0006569201534412379, 51000, 0.04363900728960738
14, 2, 4, sklearn_dynamic, 0.75, 10, , , , 51, 0.8171582221984863, 15.504123449325562, 0.0009298924488238662, 52000, 0.04582926302415734
14, 2, 4, sklearn_dynamic, 0.75, 10, , , , 52, 0.8429441452026367, 16.3470675945282, 0.001679851738839458, 53000, 0.052599306024474046
14, 2, 4, sklearn_dynamic, 0.75, 10, , , , 53, 0.869495153427124, 17.216562747955322, 0.0016897238407249373, 54000, 0.055765997198413554
14, 2, 4, sklearn_dynamic, 0.75, 10, , , , 54, 0.935089111328125, 18.151651859283447, 0.0014744371708793052, 55000, 0.05942682182383277
14, 2, 4, sklearn_dynamic, 0.75, 10, , , , 55, 1.0505499839782715, 19.20220184326172, 0.0011152852917721693, 56000, 0.06473056157652482
14, 2, 4, sklearn_dynamic, 0.75, 10, , , , 56, 1.0053420066833496, 20.20754384994507, 0.0007687923703681837, 57000, 0.06283517691290286
14, 2, 4, sklearn_dynamic, 0.75, 10, , , , 57, 1.0662729740142822, 21.27381682395935, 0.0005628236339916342, 58000, 0.06161850428733799
14, 2, 4, sklearn_dynamic, 0.75, 10, , , , 58, 1.3249177932739258, 22.598734617233276, 0.0004626829209230303, 59000, 0.06071941676669152
14, 2, 4, sklearn_dynamic, 0.75, 10, , , , 59, 1.2219159603118896, 23.820650577545166, 0.0004598643008229359, 60000, 0.05998724757311924
14, 2, 4, sklearn_dynamic, 0.75, 10, , , , 60, 1.262382984161377, 25.083033561706543, 0.0005400579019046867, 61000, 0.05937188091983029
14, 2, 4, sklearn_dynamic, 0.75, 10, , , , 61, 1.2215580940246582, 26.3045916557312, 0.0006910897365512468, 62000, 0.058844076358110474
14, 2, 4, sklearn_dynamic, 0.75, 10, , , , 62, 1.3161258697509766, 27.620717525482178, 0.0009025676256532322, 63000, 0.05838479914788318
14, 2, 4, sklearn_dynamic, 0.75, 10, , , , 63, 1.7016911506652832, 29.32240867614746, 0.0006606541893034025, 64000, 0.05687009793540224
14, 2, 4, sklearn_dynamic, 0.75, 10, , , , 64, 1.7960150241851807, 31.11842370033264, 0.0005094652009461568, 65000, 0.05591832095590461
14, 2, 4, sklearn_dynamic, 0.75, 10, , , , 65, 1.5443229675292969, 32.66274666786194, 0.0004407962606934902, 66000, 0.05515052235632173
14, 2, 4, sklearn_dynamic, 0.75, 10, , , , 66, 1.643749713897705, 34.306496381759644, 0.0004352365755772231, 67000, 0.05453377013123099
14, 2, 4, sklearn_dynamic, 0.75, 10, , , , 67, 1.6151728630065918, 35.921669244766235, 0.000488968386191318, 68000, 0.0540095059420855
14, 2, 4, sklearn_dynamic, 0.75, 10, , , , 68, 1.8100590705871582, 37.731728315353394, 0.0005941928393070661, 69000, 0.05355516008654487
14, 2, 4, sklearn_dynamic, 0.75, 10, , , , 69, 1.5874152183532715, 39.319143533706665, 0.0007441397186975099, 70000, 0.053155970801310376
15, 3, 4, fdbscan_dynamic_naive, 0.75, 10, 10, , , 0, 0.0677180290222168, 0.0677180290222168, 1.0, 1000, 1.0
15, 3, 4, fdbscan_dynamic_naive, 0.75, 10, 10, , , 1, 0.0712120532989502, 0.138930082321167, 0.0, 2000, 0.0
15, 3, 4, fdbscan_dynamic_naive, 0.75, 10, 10, , , 2, 0.07620882987976074, 0.21513891220092773, 0.0, 3000, 0.0
15, 3, 4, fdbscan_dynamic_naive, 0.75, 10, 10, , , 3, 0.07885909080505371, 0.29399800300598145, 0.0, 4000, 0.0
15, 3, 4, fdbscan_dynamic_naive, 0.75, 10, 10, , , 4, 0.08364987373352051, 0.37764787673950195, 0.0, 5000, 0.0
15, 3, 4, fdbscan_dynamic_naive, 0.75, 10, 10, , , 5, 0.08919405937194824, 0.4668419361114502, 0.0, 6000, 0.0
15, 3, 4, fdbscan_dynamic_naive, 0.75, 10, 10, , , 6, 0.09265589714050293, 0.5594978332519531, 0.0, 7000, 0.0
15, 3, 4, fdbscan_dynamic_naive, 0.75, 10, 10, , , 7, 0.09918713569641113, 0.6586849689483643, -0.020184164546823955, 8000, 0.06660098577170742
15, 3, 4, fdbscan_dynamic_naive, 0.75, 10, 10, , , 8, 0.10594701766967773, 0.764631986618042, 0.16196681211783867, 9000, 0.18489722384181786
15, 3, 4, fdbscan_dynamic_naive, 0.75, 10, 10, , , 9, 0.10518121719360352, 0.8698132038116455, 0.17496296899779545, 10000, 0.22467009169424199
15, 3, 4, fdbscan_dynamic_naive, 0.75, 10, 10, , , 10, 0.11197209358215332, 0.9817852973937988, 0.22965269886471756, 11000, 0.2786439199688533
15, 3, 4, fdbscan_dynamic_naive, 0.75, 10, 10, , , 11, 0.2226698398590088, 1.2044551372528076, 0.2529485808273748, 12000, 0.31112547860953854
15, 3, 4, fdbscan_dynamic_naive, 0.75, 10, 10, , , 12, 0.12387990951538086, 1.3283350467681885, 0.2782901775958422, 13000, 0.3381624347417662
15, 3, 4, fdbscan_dynamic_naive, 0.75, 10, 10, , , 13, 0.12413525581359863, 1.452470302581787, 0.2968898658996663, 14000, 0.3648391627879749
15, 3, 4, fdbscan_dynamic_naive, 0.75, 10, 10, , , 14, 0.19018888473510742, 1.6426591873168945, 0.2310204691970096, 15000, 0.33767340815932567
15, 3, 4, fdbscan_dynamic_naive, 0.75, 10, 10, , , 15, 0.14726901054382324, 1.7899281978607178, 0.19261344205265662, 16000, 0.3309848152017215
15, 3, 4, fdbscan_dynamic_naive, 0.75, 10, 10, , , 16, 0.20041179656982422, 1.990339994430542, 0.17277433408988932, 17000, 0.3281776723336581
15, 3, 4, fdbscan_dynamic_naive, 0.75, 10, 10, , , 17, 0.15583205223083496, 2.146172046661377, 0.16471797012386322, 18000, 0.32801969456111935
15, 3, 4, fdbscan_dynamic_naive, 0.75, 10, 10, , , 18, 0.21316194534301758, 2.3593339920043945, 0.1643145793346804, 19000, 0.3287866867468102
15, 3, 4, fdbscan_dynamic_naive, 0.75, 10, 10, , , 19, 0.16650605201721191, 2.5258400440216064, 0.16863675002192685, 20000, 0.3292836056285336
15, 3, 4, fdbscan_dynamic_naive, 0.75, 10, 10, , , 20, 0.17121315002441406, 2.6970531940460205, 0.17577541742377772, 21000, 0.3301232585291098
15, 3, 4, fdbscan_dynamic_naive, 0.75, 10, 10, , , 21, 0.23232007026672363, 2.929373264312744, 0.1456616954374174, 22000, 0.3071118270317919
15, 3, 4, fdbscan_dynamic_naive, 0.75, 10, 10, , , 22, 0.18263578414916992, 3.112009048461914, 0.1258297260054421, 23000, 0.29637393120600275
15, 3, 4, fdbscan_dynamic_naive, 0.75, 10, 10, , , 23, 0.24184918403625488, 3.353858232498169, 0.11525298390079375, 24000, 0.29092551536804334
15, 3, 4, fdbscan_dynamic_naive, 0.75, 10, 10, , , 24, 0.19068121910095215, 3.544539451599121, 0.10785071896515329, 25000, 0.28560449794498893
15, 3, 4, fdbscan_dynamic_naive, 0.75, 10, 10, , , 25, 0.25351810455322266, 3.7980575561523438, 0.10381977074207929, 26000, 0.28247052853508325
15, 3, 4, fdbscan_dynamic_naive, 0.75, 10, 10, , , 26, 0.19504094123840332, 3.993098497390747, 0.10250450686652597, 27000, 0.28049977409087484
15, 3, 4, fdbscan_dynamic_naive, 0.75, 10, 10, , , 27, 0.2602980136871338, 4.253396511077881, 0.10238070732251775, 28000, 0.2783712237864548
15, 3, 4, fdbscan_dynamic_naive, 0.75, 10, 10, , , 28, 0.20441508293151855, 4.457811594009399, 0.08818137021699451, 29000, 0.2639532844934616
15, 3, 4, fdbscan_dynamic_naive, 0.75, 10, 10, , , 29, 0.27752685546875, 4.735338449478149, 0.07851399024627748, 30000, 0.2561912390402813
15, 3, 4, fdbscan_dynamic_naive, 0.75, 10, 10, , , 30, 0.22777986526489258, 4.963118314743042, 0.07201744849003945, 31000, 0.25105864008861545
15, 3, 4, fdbscan_dynamic_naive, 0.75, 10, 10, , , 31, 0.288679838180542, 5.251798152923584, 0.06799311466751665, 32000, 0.24739616679901055
15, 3, 4, fdbscan_dynamic_naive, 0.75, 10, 10, , , 32, 0.2252979278564453, 5.477096080780029, 0.06618741067723749, 33000, 0.2440479573173593
15, 3, 4, fdbscan_dynamic_naive, 0.75, 10, 10, , , 33, 0.29690003395080566, 5.773996114730835, 0.06527374563827637, 34000, 0.24167056150435334
15, 3, 4, fdbscan_dynamic_naive, 0.75, 10, 10, , , 34, 0.23236989974975586, 6.006366014480591, 0.06547409997868697, 35000, 0.23964731962455785
15, 3, 4, fdbscan_dynamic_naive, 0.75, 10, 10, , , 35, 0.3255329132080078, 6.331898927688599, 0.05800730446552667, 36000, 0.22952923705817707
15, 3, 4, fdbscan_dynamic_naive, 0.75, 10, 10, , , 36, 0.24355292320251465, 6.575451850891113, 0.05414797794105626, 37000, 0.22724231216582672
15, 3, 4, fdbscan_dynamic_naive, 0.75, 10, 10, , , 37, 0.3361380100250244, 6.911589860916138, 0.051535198785675106, 38000, 0.22665211834721682
15, 3, 4, fdbscan_dynamic_naive, 0.75, 10, 10, , , 38, 0.25356078147888184, 7.1651506423950195, 0.05207121383618423, 39000, 0.2333458410431478
15, 3, 4, fdbscan_dynamic_naive, 0.75, 10, 10, , , 39, 0.32404589653015137, 7.489196538925171, 0.05103976335333087, 40000, 0.23709290390761215
15, 3, 4, fdbscan_dynamic_naive, 0.75, 10, 10, , , 40, 0.2832682132720947, 7.772464752197266, 0.049761182341586205, 41000, 0.24102625056706836
15, 3, 4, fdbscan_dynamic_naive, 0.75, 10, 10, , , 41, 0.34264111518859863, 8.115105867385864, 0.04813991824713526, 42000, 0.2450347262254037
15, 3, 4, fdbscan_dynamic_naive, 0.75, 10, 10, , , 42, 0.3486757278442383, 8.463781595230103, 0.04362924633197781, 43000, 0.2369162752212688
15, 3, 4, fdbscan_dynamic_naive, 0.75, 10, 10, , , 43, 0.3007040023803711, 8.764485597610474, 0.04043117879543109, 44000, 0.2320306544488784
15, 3, 4, fdbscan_dynamic_naive, 0.75, 10, 10, , , 44, 0.3653838634490967, 9.12986946105957, 0.03879146435806869, 45000, 0.22925818598219957
15, 3, 4, fdbscan_dynamic_naive, 0.75, 10, 10, , , 45, 0.2887718677520752, 9.418641328811646, 0.037653766253247206, 46000, 0.22645117946656812
15, 3, 4, fdbscan_dynamic_naive, 0.75, 10, 10, , , 46, 0.3750169277191162, 9.793658256530762, 0.037016573013643625, 47000, 0.22266540391155884
15, 3, 4, fdbscan_dynamic_naive, 0.75, 10, 10, , , 47, 0.2986278533935547, 10.092286109924316, 0.03613068154563707, 48000, 0.2208424958396003
15, 3, 4, fdbscan_dynamic_naive, 0.75, 10, 10, , , 48, 0.3849451541900635, 10.47723126411438, 0.03528617125806942, 49000, 0.21914393551241548
15, 3, 4, fdbscan_dynamic_naive, 0.75, 10, 10, , , 49, 0.39473509788513184, 10.871966361999512, 0.033316851631429965, 50000, 0.21510044175620185
15, 3, 4, fdbscan_dynamic_naive, 0.75, 10, 10, , , 50, 0.3911459445953369, 11.263112306594849, 0.03648777712905902, 51000, 0.2276387199000473
15, 3, 4, fdbscan_dynamic_naive, 0.75, 10, 10, , , 51, 0.43179917335510254, 11.694911479949951, 0.04092798565679433, 52000, 0.2370591271431528
15, 3, 4, fdbscan_dynamic_naive, 0.75, 10, 10, , , 52, 0.3177809715270996, 12.01269245147705, 0.045772497426202575, 53000, 0.25188448941465624
15, 3, 4, fdbscan_dynamic_naive, 0.75, 10, 10, , , 53, 0.41239380836486816, 12.425086259841919, 0.050397597776495995, 54000, 0.26563020112069713
15, 3, 4, fdbscan_dynamic_naive, 0.75, 10, 10, , , 54, 0.41788792610168457, 12.842974185943604, 0.053380996950703856, 55000, 0.2657878272527702
15, 3, 4, fdbscan_dynamic_naive, 0.75, 10, 10, , , 55, 0.341123104095459, 13.184097290039062, 0.05650792324577153, 56000, 0.2747375940639217
15, 3, 4, fdbscan_dynamic_naive, 0.75, 10, 10, , , 56, 0.44674015045166016, 13.630837440490723, 0.052233162926355735, 57000, 0.26900482125035713
15, 3, 4, fdbscan_dynamic_naive, 0.75, 10, 10, , , 57, 0.3553779125213623, 13.986215353012085, 0.04903823338117639, 58000, 0.26567589163343724
15, 3, 4, fdbscan_dynamic_naive, 0.75, 10, 10, , , 58, 0.4811708927154541, 14.467386245727539, 0.046781302910259566, 59000, 0.2631941478320899
15, 3, 4, fdbscan_dynamic_naive, 0.75, 10, 10, , , 59, 0.5111949443817139, 14.978581190109253, 0.04532338514595426, 60000, 0.2613262723097034
15, 3, 4, fdbscan_dynamic_naive, 0.75, 10, 10, , , 60, 0.3696887493133545, 15.348269939422607, 0.04460800907878216, 61000, 0.25998135290643976
15, 3, 4, fdbscan_dynamic_naive, 0.75, 10, 10, , , 61, 0.4916973114013672, 15.839967250823975, 0.04441104001667878, 62000, 0.2586338688844776
15, 3, 4, fdbscan_dynamic_naive, 0.75, 10, 10, , , 62, 0.3984987735748291, 16.238466024398804, 0.04471363712389778, 63000, 0.25752303364793877
15, 3, 4, fdbscan_dynamic_naive, 0.75, 10, 10, , , 63, 0.48962998390197754, 16.72809600830078, 0.04220801715303105, 64000, 0.2537364268471541
15, 3, 4, fdbscan_dynamic_naive, 0.75, 10, 10, , , 64, 0.5312478542327881, 17.25934386253357, 0.040044891044707986, 65000, 0.25060183182211954
15, 3, 4, fdbscan_dynamic_naive, 0.75, 10, 10, , , 65, 0.39690089225769043, 17.65624475479126, 0.0385990789620597, 66000, 0.2483588342936014
15, 3, 4, fdbscan_dynamic_naive, 0.75, 10, 10, , , 66, 0.5019130706787109, 18.15815782546997, 0.03766291495738708, 67000, 0.24677792232113074
15, 3, 4, fdbscan_dynamic_naive, 0.75, 10, 10, , , 67, 0.5070409774780273, 18.665198802947998, 0.037552342682423544, 68000, 0.2469321213598137
15, 3, 4, fdbscan_dynamic_naive, 0.75, 10, 10, , , 68, 0.4239821434020996, 19.089180946350098, 0.037223453956489315, 69000, 0.24661415035846368
15, 3, 4, fdbscan_dynamic_naive, 0.75, 10, 10, , , 69, 0.5190379619598389, 19.608218908309937, 0.0372069508979911, 70000, 0.24657062766699878
16, 4, 4, fdbscan_dynamic_noncore, 0.75, 10, 10, , 20, 0, 0.06425905227661133, 0.06425905227661133, 1.0, 1000, 1.0
16, 4, 4, fdbscan_dynamic_noncore, 0.75, 10, 10, , 20, 1, 0.06845712661743164, 0.13271617889404297, 0.0, 2000, 0.0
16, 4, 4, fdbscan_dynamic_noncore, 0.75, 10, 10, , 20, 2, 0.07302021980285645, 0.20573639869689941, 0.0, 3000, 0.0
16, 4, 4, fdbscan_dynamic_noncore, 0.75, 10, 10, , 20, 3, 0.07851505279541016, 0.28425145149230957, 0.0, 4000, 0.0
16, 4, 4, fdbscan_dynamic_noncore, 0.75, 10, 10, , 20, 4, 0.08187413215637207, 0.36612558364868164, 0.0, 5000, 0.0
16, 4, 4, fdbscan_dynamic_noncore, 0.75, 10, 10, , 20, 5, 0.08652782440185547, 0.4526534080505371, 0.0, 6000, 0.0
16, 4, 4, fdbscan_dynamic_noncore, 0.75, 10, 10, , 20, 6, 0.09171605110168457, 0.5443694591522217, 0.0, 7000, 0.0
16, 4, 4, fdbscan_dynamic_noncore, 0.75, 10, 10, , 20, 7, 0.13447976112365723, 0.6788492202758789, 0.0003384897937024074, 8000, 0.08079460915973043
16, 4, 4, fdbscan_dynamic_noncore, 0.75, 10, 10, , 20, 8, 0.10153388977050781, 0.7803831100463867, 0.19088262760290883, 9000, 0.21928158910077997
16, 4, 4, fdbscan_dynamic_noncore, 0.75, 10, 10, , 20, 9, 0.1035318374633789, 0.8839149475097656, 0.20621074248448193, 10000, 0.24822000192661295
16, 4, 4, fdbscan_dynamic_noncore, 0.75, 10, 10, , 20, 10, 0.10817289352416992, 0.9920878410339355, 0.2657026644908646, 11000, 0.31195707651996873
16, 4, 4, fdbscan_dynamic_noncore, 0.75, 10, 10, , 20, 11, 0.15424394607543945, 1.146331787109375, 0.2774508377886743, 12000, 0.33437122321906215
16, 4, 4, fdbscan_dynamic_noncore, 0.75, 10, 10, , 20, 12, 0.12174224853515625, 1.2680740356445312, 0.32135063915587614, 13000, 0.3783140563377506
16, 4, 4, fdbscan_dynamic_noncore, 0.75, 10, 10, , 20, 13, 0.12611913681030273, 1.394193172454834, 0.33854180633753134, 14000, 0.3972698855768812
16, 4, 4, fdbscan_dynamic_noncore, 0.75, 10, 10, , 20, 14, 0.18113088607788086, 1.5753240585327148, 0.26928490821200174, 15000, 0.3660196046790571
16, 4, 4, fdbscan_dynamic_noncore, 0.75, 10, 10, , 20, 15, 0.14569377899169922, 1.721017837524414, 0.22770805920782583, 16000, 0.35723401917473563
16, 4, 4, fdbscan_dynamic_noncore, 0.75, 10, 10, , 20, 16, 0.19468283653259277, 1.9157006740570068, 0.20496509317946596, 17000, 0.3531558156420773
16, 4, 4, fdbscan_dynamic_noncore, 0.75, 10, 10, , 20, 17, 0.1560819149017334, 2.0717825889587402, 0.19445165761848338, 18000, 0.3516614810709501
16, 4, 4, fdbscan_dynamic_noncore, 0.75, 10, 10, , 20, 18, 0.20725083351135254, 2.2790334224700928, 0.1919346677151533, 19000, 0.35135128102233193
16, 4, 4, fdbscan_dynamic_noncore, 0.75, 10, 10, , 20, 19, 0.16712689399719238, 2.446160316467285, 0.19455292228452636, 20000, 0.3521372055687872
16, 4, 4, fdbscan_dynamic_noncore, 0.75, 10, 10, , 20, 20, 0.22054576873779297, 2.666706085205078, 0.20033701822371128, 21000, 0.35280441754811803
16, 4, 4, fdbscan_dynamic_noncore, 0.75, 10, 10, , 20, 21, 0.06221604347229004, 2.728922128677368, 0.16764381253503208, 22000, 0.327471783690361
16, 4, 4, fdbscan_dynamic_noncore, 0.75, 10, 10, , 20, 22, 0.06193804740905762, 2.790860176086426, 0.1456087629072046, 23000, 0.31641211012194825
16, 4, 4, fdbscan_dynamic_noncore, 0.75, 10, 10, , 20, 23, 0.06202387809753418, 2.85288405418396, 0.13146739053327614, 24000, 0.3093093631878512
16, 4, 4, fdbscan_dynamic_noncore, 0.75, 10, 10, , 20, 24, 0.06190228462219238, 2.9147863388061523, 0.12302349837690084, 25000, 0.3036992735332136
16, 4, 4, fdbscan_dynamic_noncore, 0.75, 10, 10, , 20, 25, 0.06225872039794922, 2.9770450592041016, 0.11849464696794734, 26000, 0.2998442939809678
16, 4, 4, fdbscan_dynamic_noncore, 0.75, 10, 10, , 20, 26, 0.06316208839416504, 3.0402071475982666, 0.1168587277498387, 27000, 0.29698283441624823
16, 4, 4, fdbscan_dynamic_noncore, 0.75, 10, 10, , 20, 27, 0.06357002258300781, 3.1037771701812744, 0.11726059047660012, 28000, 0.29440494506839726
16, 4, 4, fdbscan_dynamic_noncore, 0.75, 10, 10, , 20, 28, 0.062442779541015625, 3.16621994972229, 0.10207683989231266, 29000, 0.27810681619840183
16, 4, 4, fdbscan_dynamic_noncore, 0.75, 10, 10, , 20, 29, 0.06255912780761719, 3.2287790775299072, 0.09129997096907191, 30000, 0.2697257525839088
16, 4, 4, fdbscan_dynamic_noncore, 0.75, 10, 10, , 20, 30, 0.06287002563476562, 3.291649103164673, 0.08391216241330261, 31000, 0.26395231785518025
16, 4, 4, fdbscan_dynamic_noncore, 0.75, 10, 10, , 20, 31, 0.12137293815612793, 3.413022041320801, 0.07911008006415617, 32000, 0.259654694242728
16, 4, 4, fdbscan_dynamic_noncore, 0.75, 10, 10, , 20, 32, 0.06324887275695801, 3.476270914077759, 0.0762939461247692, 33000, 0.25624143236596303
16, 4, 4, fdbscan_dynamic_noncore, 0.75, 10, 10, , 20, 33, 0.06340408325195312, 3.539674997329712, 0.07498184708123386, 34000, 0.2536515715530505
16, 4, 4, fdbscan_dynamic_noncore, 0.75, 10, 10, , 20, 34, 0.06385087966918945, 3.6035258769989014, 0.0748437482452869, 35000, 0.251553066258144
16, 4, 4, fdbscan_dynamic_noncore, 0.75, 10, 10, , 20, 35, 0.06310200691223145, 3.666627883911133, 0.06692061560722806, 36000, 0.2402217882839987
16, 4, 4, fdbscan_dynamic_noncore, 0.75, 10, 10, , 20, 36, 0.06310391426086426, 3.729731798171997, 0.061085726254952906, 37000, 0.23399865844186485
16, 4, 4, fdbscan_dynamic_noncore, 0.75, 10, 10, , 20, 37, 0.06352615356445312, 3.79325795173645, 0.05693626944491807, 38000, 0.22952332310451257
16, 4, 4, fdbscan_dynamic_noncore, 0.75, 10, 10, , 20, 38, 0.06443119049072266, 3.857689142227173, 0.0541307731901293, 39000, 0.22607162110331852
16, 4, 4, fdbscan_dynamic_noncore, 0.75, 10, 10, , 20, 39, 0.06457400321960449, 3.9222631454467773, 0.052399918640513875, 40000, 0.22330641237511623
16, 4, 4, fdbscan_dynamic_noncore, 0.75, 10, 10, , 20, 40, 0.06464314460754395, 3.9869062900543213, 0.05153002827606255, 41000, 0.22103574284370475
16, 4, 4, fdbscan_dynamic_noncore, 0.75, 10, 10, , 20, 41, 0.06462216377258301, 4.051528453826904, 0.05135064130855729, 42000, 0.2191379340127361
16, 4, 4, fdbscan_dynamic_noncore, 0.75, 10, 10, , 20, 42, 0.0634927749633789, 4.115021228790283, 0.0473774328086305, 43000, 0.21046558907782587
16, 4, 4, fdbscan_dynamic_noncore, 0.75, 10, 10, , 20, 43, 0.06378483772277832, 4.1788060665130615, 0.04424685124348326, 44000, 0.20513655741761805
16, 4, 4, fdbscan_dynamic_noncore, 0.75, 10, 10, , 20, 44, 0.06356191635131836, 4.24236798286438, 0.0419439459845445, 45000, 0.20117195358499348
16, 4, 4, fdbscan_dynamic_noncore, 0.75, 10, 10, , 20, 45, 0.1360340118408203, 4.3784019947052, 0.040054152676765944, 46000, 0.1978967844236652
16, 4, 4, fdbscan_dynamic_noncore, 0.75, 10, 10, , 20, 46, 0.06390786170959473, 4.442309856414795, 0.03877307644330396, 47000, 0.19524136343321485
16, 4, 4, fdbscan_dynamic_noncore, 0.75, 10, 10, , 20, 47, 0.06378912925720215, 4.506098985671997, 0.03785376783136457, 48000, 0.19299383868941739
16, 4, 4, fdbscan_dynamic_noncore, 0.75, 10, 10, , 20, 48, 0.06393218040466309, 4.57003116607666, 0.03722096096369741, 49000, 0.19093418035759702
16, 4, 4, fdbscan_dynamic_noncore, 0.75, 10, 10, , 20, 49, 0.06474804878234863, 4.634779214859009, 0.03431678014804866, 50000, 0.18489660456856905
16, 4, 4, fdbscan_dynamic_noncore, 0.75, 10, 10, , 20, 50, 0.06560897827148438, 4.700388193130493, 0.03210454646393306, 51000, 0.1812766371090421
16, 4, 4, fdbscan_dynamic_noncore, 0.75, 10, 10, , 20, 51, 0.06587100028991699, 4.76625919342041, 0.030475238454114095, 52000, 0.1785328626292309
16, 4, 4, fdbscan_dynamic_noncore, 0.75, 10, 10, , 20, 52, 0.06676006317138672, 4.833019256591797, 0.029337978902327512, 53000, 0.1763229879784866
16, 4, 4, fdbscan_dynamic_noncore, 0.75, 10, 10, , 20, 53, 0.06833100318908691, 4.901350259780884, 0.028616706086602446, 54000, 0.1744840812212122
16, 4, 4, fdbscan_dynamic_noncore, 0.75, 10, 10, , 20, 54, 0.06863999366760254, 4.969990253448486, 0.028247517830865487, 55000, 0.17292118884639315
16, 4, 4, fdbscan_dynamic_noncore, 0.75, 10, 10, , 20, 55, 0.06909370422363281, 5.039083957672119, 0.028176124006708592, 56000, 0.17148466723306866
16, 4, 4, fdbscan_dynamic_noncore, 0.75, 10, 10, , 20, 56, 0.06541681289672852, 5.104500770568848, 0.02625522209428207, 57000, 0.166710947076308
16, 4, 4, fdbscan_dynamic_noncore, 0.75, 10, 10, , 20, 57, 0.06516814231872559, 5.169668912887573, 0.02477075073372649, 58000, 0.163762942576425
16, 4, 4, fdbscan_dynamic_noncore, 0.75, 10, 10, , 20, 58, 0.0645759105682373, 5.2342448234558105, 0.023661327815495542, 59000, 0.16148527361708473
16, 4, 4, fdbscan_dynamic_noncore, 0.75, 10, 10, , 20, 59, 0.06473302841186523, 5.298977851867676, 0.022874702362838922, 60000, 0.15962116403826238
16, 4, 4, fdbscan_dynamic_noncore, 0.75, 10, 10, , 20, 60, 0.06453299522399902, 5.363510847091675, 0.022366248321723403, 61000, 0.1580477576547798
16, 4, 4, fdbscan_dynamic_noncore, 0.75, 10, 10, , 20, 61, 0.06449675559997559, 5.42800760269165, 0.022097733890086933, 62000, 0.15669300566887753
16, 4, 4, fdbscan_dynamic_noncore, 0.75, 10, 10, , 20, 62, 0.06440281867980957, 5.49241042137146, 0.02203631094931566, 63000, 0.15550983976581678
16, 4, 4, fdbscan_dynamic_noncore, 0.75, 10, 10, , 20, 63, 0.0646522045135498, 5.55706262588501, 0.020703700181995213, 64000, 0.1516504305941495
16, 4, 4, fdbscan_dynamic_noncore, 0.75, 10, 10, , 20, 64, 0.1558516025543213, 5.712914228439331, 0.019662331791749244, 65000, 0.1492110756982978
16, 4, 4, fdbscan_dynamic_noncore, 0.75, 10, 10, , 20, 65, 0.06595182418823242, 5.7788660526275635, 0.01887523844681226, 66000, 0.14729797062481162
16, 4, 4, fdbscan_dynamic_noncore, 0.75, 10, 10, , 20, 66, 0.06606698036193848, 5.844933032989502, 0.01831041786286243, 67000, 0.1457125631251447
16, 4, 4, fdbscan_dynamic_noncore, 0.75, 10, 10, , 20, 67, 0.06636214256286621, 5.911295175552368, 0.017940090103301703, 68000, 0.1443595460163181
16, 4, 4, fdbscan_dynamic_noncore, 0.75, 10, 10, , 20, 68, 0.06620216369628906, 5.977497339248657, 0.017740078701497405, 69000, 0.1431827863291956
16, 4, 4, fdbscan_dynamic_noncore, 0.75, 10, 10, , 20, 69, 0.06649279594421387, 6.043990135192871, 0.017689292790169703, 70000, 0.14214543748126365
17, 1, 5, dynamic_dbscan, 0.75, 10, 10, 20, , 0, 0.033106088638305664, 0.033106088638305664, 0.0, 1000, 0.0
17, 1, 5, dynamic_dbscan, 0.75, 10, 10, 20, , 1, 0.03819084167480469, 0.07129693031311035, 0.0, 2000, 0.0
17, 1, 5, dynamic_dbscan, 0.75, 10, 10, 20, , 2, 0.038381099700927734, 0.10967803001403809, 0.0, 3000, 0.0
17, 1, 5, dynamic_dbscan, 0.75, 10, 10, 20, , 3, 0.04905390739440918, 0.15873193740844727, 0.0, 4000, 0.0
17, 1, 5, dynamic_dbscan, 0.75, 10, 10, 20, , 4, 0.05275917053222656, 0.21149110794067383, 0.0, 5000, 0.0
17, 1, 5, dynamic_dbscan, 0.75, 10, 10, 20, , 5, 0.05809807777404785, 0.2695891857147217, 0.0, 6000, 0.0
17, 1, 5, dynamic_dbscan, 0.75, 10, 10, 20, , 6, 0.06313610076904297, 0.33272528648376465, 0.0, 7000, 0.0
17, 1, 5, dynamic_dbscan, 0.75, 10, 10, 20, , 7, 0.04520273208618164, 0.3779280185699463, 0.0025249302657295034, 8000, 0.13438118296673998
17, 1, 5, dynamic_dbscan, 0.75, 10, 10, 20, , 8, 0.08192992210388184, 0.4598579406738281, 0.20446723727318866, 9000, 0.29247579180845784
17, 1, 5, dynamic_dbscan, 0.75, 10, 10, 20, , 9, 0.11160707473754883, 0.571465015411377, 0.2978008453924743, 10000, 0.3707477628923458
17, 1, 5, dynamic_dbscan, 0.75, 10, 10, 20, , 10, 0.17573809623718262, 0.7472031116485596, 0.36042330523817817, 11000, 0.42274222647653426
17, 1, 5, dynamic_dbscan, 0.75, 10, 10, 20, , 11, 0.1304769515991211, 0.8776800632476807, 0.3959300216122476, 12000, 0.44587664713184194
17, 1, 5, dynamic_dbscan, 0.75, 10, 10, 20, , 12, 0.13630390167236328, 1.013983964920044, 0.4265898004584831, 13000, 0.46570733896055816
17, 1, 5, dynamic_dbscan, 0.75, 10, 10, 20, , 13, 0.14606213569641113, 1.160046100616455, 0.26704188217958563, 14000, 0.20231249103914942
17, 1, 5, dynamic_dbscan, 0.75, 10, 10, 20, , 14, 0.07066774368286133, 1.2307138442993164, 0.2376573175170572, 15000, 0.21659791990127192
17, 1, 5, dynamic_dbscan, 0.75, 10, 10, 20, , 15, 0.13457298278808594, 1.3652868270874023, 0.22269994364403004, 16000, 0.23422529267667247
17, 1, 5, dynamic_dbscan, 0.75, 10, 10, 20, , 16, 0.07079792022705078, 1.4360847473144531, 0.21771644430402207, 17000, 0.24295919893645793
17, 1, 5, dynamic_dbscan, 0.75, 10, 10, 20, , 17, 0.08186912536621094, 1.517953872680664, 0.22020204638517354, 18000, 0.2542318830773745
17, 1, 5, dynamic_dbscan, 0.75, 10, 10, 20, , 18, 0.0791769027709961, 1.5971307754516602, 0.22255541208052085, 19000, 0.25256504516250666
17, 1, 5, dynamic_dbscan, 0.75, 10, 10, 20, , 19, 0.07789492607116699, 1.6750257015228271, 0.22665660030591037, 20000, 0.2507189065264098
17, 1, 5, dynamic_dbscan, 0.75, 10, 10, 20, , 20, 0.07463216781616211, 1.7496578693389893, 0.22869840545374528, 21000, 0.23909375757471663
17, 1, 5, dynamic_dbscan, 0.75, 10, 10, 20, , 21, 0.07385396957397461, 1.8235118389129639, 0.19871811306652332, 22000, 0.22857982292481785
17, 1, 5, dynamic_dbscan, 0.75, 10, 10, 20, , 22, 0.07089996337890625, 1.8944118022918701, 0.17880759500829557, 23000, 0.22594736593452766
17, 1, 5, dynamic_dbscan, 0.75, 10, 10, 20, , 23, 0.07824015617370605, 1.9726519584655762, 0.16947506903279758, 24000, 0.2243576273339178
17, 1, 5, dynamic_dbscan, 0.75, 10, 10, 20, , 24, 0.15749287605285645, 2.1301448345184326, 0.16166521837575748, 25000, 0.22323578267000507
17, 1, 5, dynamic_dbscan, 0.75, 10, 10, 20, , 25, 0.09152412414550781, 2.2216689586639404, 0.15664771676929018, 26000, 0.22060079825716497
17, 1, 5, dynamic_dbscan, 0.75, 10, 10, 20, , 26, 0.09226107597351074, 2.313930034637451, 0.15077793184533492, 27000, 0.20839888417327454
17, 1, 5, dynamic_dbscan, 0.75, 10, 10, 20, , 27, 0.09780287742614746, 2.4117329120635986, 0.1435444229131021, 28000, 0.1923169132494399
17, 1, 5, dynamic_dbscan, 0.75, 10, 10, 20, , 28, 0.08728790283203125, 2.49902081489563, 0.12642865906104175, 29000, 0.18848502636371547
17, 1, 5, dynamic_dbscan, 0.75, 10, 10, 20, , 29, 0.08396100997924805, 2.582981824874878, 0.11495402530483155, 30000, 0.1873248046904547
17, 1, 5, dynamic_dbscan, 0.75, 10, 10, 20, , 30, 0.0836327075958252, 2.666614532470703, 0.10758932265833235, 31000, 0.18652688393603978
17, 1, 5, dynamic_dbscan, 0.75, 10, 10, 20, , 31, 0.08315324783325195, 2.749767780303955, 0.10392434348168032, 32000, 0.18781312686490492
17, 1, 5, dynamic_dbscan, 0.75, 10, 10, 20, , 32, 0.09509992599487305, 2.844867706298828, 0.10135862289572964, 33000, 0.18324897793446077
17, 1, 5, dynamic_dbscan, 0.75, 10, 10, 20, , 33, 0.10022687911987305, 2.945094585418701, 0.10004699481834375, 34000, 0.1795879321271636
17, 1, 5, dynamic_dbscan, 0.75, 10, 10, 20, , 34, 0.20783400535583496, 3.152928590774536, 0.1003467951722189, 35000, 0.17924315359872586
17, 1, 5, dynamic_dbscan, 0.75, 10, 10, 20, , 35, 0.09189295768737793, 3.244821548461914, 0.09118297293953015, 36000, 0.17307278068613066
17, 1, 5, dynamic_dbscan, 0.75, 10, 10, 20, , 36, 0.10754823684692383, 3.352369785308838, 0.0866295798698281, 37000, 0.1673466599664987
17, 1, 5, dynamic_dbscan, 0.75, 10, 10, 20, , 37, 0.11037421226501465, 3.4627439975738525, 0.08389919983894162, 38000, 0.16317558763528597
17, 1, 5, dynamic_dbscan, 0.75, 10, 10, 20, , 38, 0.11387372016906738, 3.57661771774292, 0.08015326305996849, 39000, 0.1553159447534376
17, 1, 5, dynamic_dbscan, 0.75, 10, 10, 20, , 39, 0.12550926208496094, 3.702126979827881, 0.07746550090584316, 40000, 0.15069728186699005
17, 1, 5, dynamic_dbscan, 0.75, 10, 10, 20, , 40, 0.1302177906036377, 3.8323447704315186, 0.0741393200118047, 41000, 0.14760068971342002
17, 1, 5, dynamic_dbscan, 0.75, 10, 10, 20, , 41, 0.13138914108276367, 3.9637339115142822, 0.07126467178233281, 42000, 0.14630540505011316
17, 1, 5, dynamic_dbscan, 0.75, 10, 10, 20, , 42, 0.11713886260986328, 4.0808727741241455, 0.06577752504865644, 43000, 0.1401273623098704
17, 1, 5, dynamic_dbscan, 0.75, 10, 10, 20, , 43, 0.11845707893371582, 4.199329853057861, 0.06189130233222019, 44000, 0.13598056161301325
17, 1, 5, dynamic_dbscan, 0.75, 10, 10, 20, , 44, 0.1347949504852295, 4.334124803543091, 0.058805918609157265, 45000, 0.13002129424773307
17, 1, 5, dynamic_dbscan, 0.75, 10, 10, 20, , 45, 0.13900399208068848, 4.473128795623779, 0.05636561737447846, 46000, 0.12620929681481174
17, 1, 5, dynamic_dbscan, 0.75, 10, 10, 20, , 46, 0.2502579689025879, 4.723386764526367, 0.054028294013137204, 47000, 0.12143655676802795
17, 1, 5, dynamic_dbscan, 0.75, 10, 10, 20, , 47, 0.16731977462768555, 4.890706539154053, 0.051910894690377234, 48000, 0.11849293848489217
17, 1, 5, dynamic_dbscan, 0.75, 10, 10, 20, , 48, 0.13298797607421875, 5.0236945152282715, 0.049748019011943055, 49000, 0.11470111875076612
17, 1, 5, dynamic_dbscan, 0.75, 10, 10, 20, , 49, 0.16689491271972656, 5.190589427947998, 0.049915166878753414, 50000, 0.11299196913333157
17, 1, 5, dynamic_dbscan, 0.75, 10, 10, 20, , 50, 0.1763460636138916, 5.36693549156189, 0.05130730410206515, 51000, 0.1143115767269463
17, 1, 5, dynamic_dbscan, 0.75, 10, 10, 20, , 51, 0.2246558666229248, 5.5915913581848145, 0.05417932613403394, 52000, 0.11995678360557203
17, 1, 5, dynamic_dbscan, 0.75, 10, 10, 20, , 52, 0.22939181327819824, 5.820983171463013, 0.05805419435301557, 53000, 0.12680182914557617
17, 1, 5, dynamic_dbscan, 0.75, 10, 10, 20, , 53, 0.22234702110290527, 6.043330192565918, 0.06229783131677968, 54000, 0.13292351423395593
17, 1, 5, dynamic_dbscan, 0.75, 10, 10, 20, , 54, 0.23280906677246094, 6.276139259338379, 0.06634923055488043, 55000, 0.13825002090689534
17, 1, 5, dynamic_dbscan, 0.75, 10, 10, 20, , 55, 0.23505783081054688, 6.511197090148926, 0.07093203538306712, 56000, 0.14395884610039536
17, 1, 5, dynamic_dbscan, 0.75, 10, 10, 20, , 56, 0.15105319023132324, 6.662250280380249, 0.06674547709101811, 57000, 0.1442570121666575
17, 1, 5, dynamic_dbscan, 0.75, 10, 10, 20, , 57, 0.13111591339111328, 6.793366193771362, 0.06385218230270824, 58000, 0.14567766218673792
17, 1, 5, dynamic_dbscan, 0.75, 10, 10, 20, , 58, 0.18371367454528809, 6.97707986831665, 0.06210314825942339, 59000, 0.14720038620126016
17, 1, 5, dynamic_dbscan, 0.75, 10, 10, 20, , 59, 0.1437840461730957, 7.120863914489746, 0.06133996874995294, 60000, 0.1487912310206932
17, 1, 5, dynamic_dbscan, 0.75, 10, 10, 20, , 60, 0.28251075744628906, 7.403374671936035, 0.061477956903265935, 61000, 0.15103943779476958
17, 1, 5, dynamic_dbscan, 0.75, 10, 10, 20, , 61, 0.17388701438903809, 7.577261686325073, 0.062238883917192234, 62000, 0.15344959040346248
17, 1, 5, dynamic_dbscan, 0.75, 10, 10, 20, , 62, 0.14439678192138672, 7.72165846824646, 0.06355248800656563, 63000, 0.15535702621079606
17, 1, 5, dynamic_dbscan, 0.75, 10, 10, 20, , 63, 0.19344425201416016, 7.91510272026062, 0.06080694021626469, 64000, 0.15416529686501637
17, 1, 5, dynamic_dbscan, 0.75, 10, 10, 20, , 64, 0.16093802452087402, 8.076040744781494, 0.05839436640816559, 65000, 0.15284620601304633
17, 1, 5, dynamic_dbscan, 0.75, 10, 10, 20, , 65, 0.1524350643157959, 8.22847580909729, 0.05715700990779652, 66000, 0.1515690377193549
17, 1, 5, dynamic_dbscan, 0.75, 10, 10, 20, , 66, 0.15181326866149902, 8.380289077758789, 0.05640703723773971, 67000, 0.15228633391108523
17, 1, 5, dynamic_dbscan, 0.75, 10, 10, 20, , 67, 0.16658997535705566, 8.546879053115845, 0.05602750919436452, 68000, 0.15282470398532927
17, 1, 5, dynamic_dbscan, 0.75, 10, 10, 20, , 68, 0.20802092552185059, 8.754899978637695, 0.05538447795958804, 69000, 0.15207040756351967
17, 1, 5, dynamic_dbscan, 0.75, 10, 10, 20, , 69, 0.21555781364440918, 8.970457792282104, 0.053837679347302575, 70000, 0.1452508866546502
18, 2, 5, sklearn_dynamic, 0.75, 10, , , , 0, 0.0025107860565185547, 0.0025107860565185547, 1.0, 1000, 1.0
18, 2, 5, sklearn_dynamic, 0.75, 10, , , , 1, 0.004082918167114258, 0.0065937042236328125, 0.0, 2000, 0.0
18, 2, 5, sklearn_dynamic, 0.75, 10, , , , 2, 0.008032083511352539, 0.014625787734985352, 0.0, 3000, 0.0
18, 2, 5, sklearn_dynamic, 0.75, 10, , , , 3, 0.011303186416625977, 0.025928974151611328, 0.0, 4000, 0.0
18, 2, 5, sklearn_dynamic, 0.75, 10, , , , 4, 0.017158985137939453, 0.04308795928955078, 0.0, 5000, 0.0
18, 2, 5, sklearn_dynamic, 0.75, 10, , , , 5, 0.022929906845092773, 0.06601786613464355, 0.0, 6000, 0.0
18, 2, 5, sklearn_dynamic, 0.75, 10, , , , 6, 0.030919313430786133, 0.09693717956542969, 0.0, 7000, 0.0
18, 2, 5, sklearn_dynamic, 0.75, 10, , , , 7, 0.035388946533203125, 0.1323261260986328, -0.009867197408506594, 8000, 0.003857997915891353
18, 2, 5, sklearn_dynamic, 0.75, 10, , , , 8, 0.02887701988220215, 0.16120314598083496, -0.007457038873707013, 9000, 0.0047522129704621295
18, 2, 5, sklearn_dynamic, 0.75, 10, , , , 9, 0.03725624084472656, 0.19845938682556152, -0.0053921153996745385, 10000, 0.005333409849859496
18, 2, 5, sklearn_dynamic, 0.75, 10, , , , 10, 0.045751094818115234, 0.24421048164367676, 0.008682224230561192, 11000, 0.027670634266098594
18, 2, 5, sklearn_dynamic, 0.75, 10, , , , 11, 0.05142617225646973, 0.2956366539001465, 0.012492952676245861, 12000, 0.04309079660705694
18, 2, 5, sklearn_dynamic, 0.75, 10, , , , 12, 0.05956077575683594, 0.3551974296569824, 0.009033745530076383, 13000, 0.05175375614817608
18, 2, 5, sklearn_dynamic, 0.75, 10, , , , 13, 0.07203197479248047, 0.4272294044494629, 0.002981566347828419, 14000, 0.061292998984874426
18, 2, 5, sklearn_dynamic, 0.75, 10, , , , 14, 0.07858705520629883, 0.5058164596557617, -0.004721786961181467, 15000, 0.052722916563415684
18, 2, 5, sklearn_dynamic, 0.75, 10, , , , 15, 0.08745908737182617, 0.5932755470275879, -0.007136638434621867, 16000, 0.050148746744398315
18, 2, 5, sklearn_dynamic, 0.75, 10, , , , 16, 0.10527586936950684, 0.6985514163970947, -0.006991933415448355, 17000, 0.0489607223136929
18, 2, 5, sklearn_dynamic, 0.75, 10, , , , 17, 0.10649609565734863, 0.8050475120544434, -0.005552458485549559, 18000, 0.04837849288040424
18, 2, 5, sklearn_dynamic, 0.75, 10, , , , 18, 0.1724870204925537, 0.9775345325469971, -0.003457680676168741, 19000, 0.0481120911472617
18, 2, 5, sklearn_dynamic, 0.75, 10, , , , 19, 0.13312101364135742, 1.1106555461883545, -0.0010499741399541342, 20000, 0.04802633517936375
18, 2, 5, sklearn_dynamic, 0.75, 10, , , , 20, 0.14803194999694824, 1.2586874961853027, 0.0014805518300241571, 21000, 0.04804975761860554
18, 2, 5, sklearn_dynamic, 0.75, 10, , , , 21, 0.16423702239990234, 1.422924518585205, -0.0005680745205630583, 22000, 0.043468948151884755
18, 2, 5, sklearn_dynamic, 0.75, 10, , , , 22, 0.16694283485412598, 1.589867353439331, -0.0014832489580979956, 23000, 0.041468909637662275
18, 2, 5, sklearn_dynamic, 0.75, 10, , , , 23, 0.18692994117736816, 1.7767972946166992, -0.0016768781034334627, 24000, 0.04023793565461353
18, 2, 5, sklearn_dynamic, 0.75, 10, , , , 24, 0.20883893966674805, 1.9856362342834473, -0.0014031586915816596, 25000, 0.03940651655138053
18, 2, 5, sklearn_dynamic, 0.75, 10, , , , 25, 0.20993304252624512, 2.1955692768096924, -0.0008245931353542117, 26000, 0.03881687321255421
18, 2, 5, sklearn_dynamic, 0.75, 10, , , , 26, 0.233720064163208, 2.4292893409729004, -4.794743474563194e-05, 27000, 0.03838624544992197
18, 2, 5, sklearn_dynamic, 0.75, 10, , , , 27, 0.24956703186035156, 2.678856372833252, 0.0008551293546670443, 28000, 0.03806601137153685
18, 2, 5, sklearn_dynamic, 0.75, 10, , , , 28, 0.2902488708496094, 2.9691052436828613, 3.7055995062650675e-05, 29000, 0.03541218783381942
18, 2, 5, sklearn_dynamic, 0.75, 10, , , , 29, 0.277324914932251, 3.2464301586151123, -0.00038128832813152106, 30000, 0.03407343661768871
18, 2, 5, sklearn_dynamic, 0.75, 10, , , , 30, 0.3056039810180664, 3.5520341396331787, -0.0005183125220359363, 31000, 0.033575500404323416
18, 2, 5, sklearn_dynamic, 0.75, 10, , , , 31, 0.3129150867462158, 3.8649492263793945, -0.0004449295199228646, 32000, 0.03289663308067501
18, 2, 5, sklearn_dynamic, 0.75, 10, , , , 32, 0.34956884384155273, 4.214518070220947, -0.00021650282094852344, 33000, 0.032377571713470665
18, 2, 5, sklearn_dynamic, 0.75, 10, , , , 33, 0.4309549331665039, 4.645473003387451, 0.000124964071241051, 34000, 0.031969199471132456
18, 2, 5, sklearn_dynamic, 0.75, 10, , , , 34, 0.3796408176422119, 5.025113821029663, 0.0005485090341815982, 35000, 0.03164141887521945
18, 2, 5, sklearn_dynamic, 0.75, 10, , , , 35, 0.41678380966186523, 5.441897630691528, 0.00013710038584703667, 36000, 0.029928013075527882
18, 2, 5, sklearn_dynamic, 0.75, 10, , , , 36, 0.4360389709472656, 5.877936601638794, 0.000922448765183761, 37000, 0.033803307312632966
18, 2, 5, sklearn_dynamic, 0.75, 10, , , , 37, 0.44638514518737793, 6.324321746826172, 0.0011962942885521827, 38000, 0.03564800274568677
18, 2, 5, sklearn_dynamic, 0.75, 10, , , , 38, 0.4676840305328369, 6.792005777359009, 0.0015692652955479494, 39000, 0.03900470838866388
18, 2, 5, sklearn_dynamic, 0.75, 10, , , , 39, 0.5019400119781494, 7.293945789337158, 0.001511003511186173, 40000, 0.04121088116708229
18, 2, 5, sklearn_dynamic, 0.75, 10, , , , 40, 0.5249090194702148, 7.818854808807373, 0.0011912311510086176, 41000, 0.04315956615676982
18, 2, 5, sklearn_dynamic, 0.75, 10, , , , 41, 0.5393991470336914, 8.358253955841064, 0.0006352501568536954, 42000, 0.04444501089715716
18, 2, 5, sklearn_dynamic, 0.75, 10, , , , 42, 0.5562260150909424, 8.914479970932007, 0.00025089002275117077, 43000, 0.04253381433713608
18, 2, 5, sklearn_dynamic, 0.75, 10, , , , 43, 0.6030080318450928, 9.5174880027771, 2.3496806221771828e-05, 44000, 0.041749114916349514
18, 2, 5, sklearn_dynamic, 0.75, 10, , , , 44, 0.6478049755096436, 10.165292978286743, 1.3576329013488512e-05, 45000, 0.04146161323657333
18, 2, 5, sklearn_dynamic, 0.75, 10, , , , 45, 0.6644489765167236, 10.829741954803467, 4.3066495346814684e-05, 46000, 0.04102663208364255
18, 2, 5, sklearn_dynamic, 0.75, 10, , , , 46, 0.6912479400634766, 11.520989894866943, 0.00023805011547133143, 47000, 0.0417973250025539
18, 2, 5, sklearn_dynamic, 0.75, 10, , , , 47, 0.7728140354156494, 12.293803930282593, 0.00035869655531325744, 48000, 0.042007505899765984
18, 2, 5, sklearn_dynamic, 0.75, 10, , , , 48, 0.8984999656677246, 13.192303895950317, 0.0004626087663024269, 49000, 0.04213240029082586
18, 2, 5, sklearn_dynamic, 0.75, 10, , , , 49, 0.835270881652832, 14.02757477760315, 0.00039997692193262813, 50000, 0.04194230027825486
18, 2, 5, sklearn_dynamic, 0.75, 10, , , , 50, 0.8434150218963623, 14.870989799499512, 0.0006569201534412379, 51000, 0.04363900728960738
18, 2, 5, sklearn_dynamic, 0.75, 10, , , , 51, 0.8558449745178223, 15.726834774017334, 0.0009298924488238662, 52000, 0.04582926302415734
18, 2, 5, sklearn_dynamic, 0.75, 10, , , , 52, 0.8538830280303955, 16.58071780204773, 0.001679851738839458, 53000, 0.052599306024474046
18, 2, 5, sklearn_dynamic, 0.75, 10, , , , 53, 0.904041051864624, 17.484758853912354, 0.0016897238407249373, 54000, 0.055765997198413554
18, 2, 5, sklearn_dynamic, 0.75, 10, , , , 54, 0.9972438812255859, 18.48200273513794, 0.0014744371708793052, 55000, 0.05942682182383277
18, 2, 5, sklearn_dynamic, 0.75, 10, , , , 55, 0.9944109916687012, 19.47641372680664, 0.0011152852917721693, 56000, 0.06473056157652482
18, 2, 5, sklearn_dynamic, 0.75, 10, , , , 56, 1.0179979801177979, 20.49441170692444, 0.0007687923703681837, 57000, 0.06283517691290286
18, 2, 5, sklearn_dynamic, 0.75, 10, , , , 57, 1.138273000717163, 21.6326847076416, 0.0005628236339916342, 58000, 0.06161850428733799
18, 2, 5, sklearn_dynamic, 0.75, 10, , , , 58, 1.1172339916229248, 22.749918699264526, 0.0004626829209230303, 59000, 0.06071941676669152
18, 2, 5, sklearn_dynamic, 0.75, 10, , , , 59, 1.2181968688964844, 23.96811556816101, 0.0004598643008229359, 60000, 0.05998724757311924
18, 2, 5, sklearn_dynamic, 0.75, 10, , , , 60, 1.195594072341919, 25.16370964050293, 0.0005400579019046867, 61000, 0.05937188091983029
18, 2, 5, sklearn_dynamic, 0.75, 10, , , , 61, 1.2504966259002686, 26.4142062664032, 0.0006910897365512468, 62000, 0.058844076358110474
18, 2, 5, sklearn_dynamic, 0.75, 10, , , , 62, 1.3239428997039795, 27.738149166107178, 0.0009025676256532322, 63000, 0.05838479914788318
18, 2, 5, sklearn_dynamic, 0.75, 10, , , , 63, 1.3594698905944824, 29.09761905670166, 0.0006606541893034025, 64000, 0.05687009793540224
18, 2, 5, sklearn_dynamic, 0.75, 10, , , , 64, 1.4925971031188965, 30.590216159820557, 0.0005094652009461568, 65000, 0.05591832095590461
18, 2, 5, sklearn_dynamic, 0.75, 10, , , , 65, 1.3895812034606934, 31.97979736328125, 0.0004407962606934902, 66000, 0.05515052235632173
18, 2, 5, sklearn_dynamic, 0.75, 10, , , , 66, 1.4220302104949951, 33.401827573776245, 0.0004352365755772231, 67000, 0.05453377013123099
18, 2, 5, sklearn_dynamic, 0.75, 10, , , , 67, 1.4486160278320312, 34.850443601608276, 0.000488968386191318, 68000, 0.0540095059420855
18, 2, 5, sklearn_dynamic, 0.75, 10, , , , 68, 1.5461020469665527, 36.39654564857483, 0.0005941928393070661, 69000, 0.05355516008654487
18, 2, 5, sklearn_dynamic, 0.75, 10, , , , 69, 1.5165400505065918, 37.91308569908142, 0.0007441397186975099, 70000, 0.053155970801310376
19, 3, 5, fdbscan_dynamic_naive, 0.75, 10, 10, , , 0, 0.07008886337280273, 0.07008886337280273, 1.0, 1000, 1.0
19, 3, 5, fdbscan_dynamic_naive, 0.75, 10, 10, , , 1, 0.07197117805480957, 0.1420600414276123, 0.0, 2000, 0.0
19, 3, 5, fdbscan_dynamic_naive, 0.75, 10, 10, , , 2, 0.07536721229553223, 0.21742725372314453, 0.0, 3000, 0.0
19, 3, 5, fdbscan_dynamic_naive, 0.75, 10, 10, , , 3, 0.07781791687011719, 0.2952451705932617, 0.0, 4000, 0.0
19, 3, 5, fdbscan_dynamic_naive, 0.75, 10, 10, , , 4, 0.08179783821105957, 0.3770430088043213, 0.0, 5000, 0.0
19, 3, 5, fdbscan_dynamic_naive, 0.75, 10, 10, , , 5, 0.08704686164855957, 0.46408987045288086, 0.0, 6000, 0.0
19, 3, 5, fdbscan_dynamic_naive, 0.75, 10, 10, , , 6, 0.09148192405700684, 0.5555717945098877, 0.0, 7000, 0.0
19, 3, 5, fdbscan_dynamic_naive, 0.75, 10, 10, , , 7, 0.09621500968933105, 0.6517868041992188, 0.004302329762334833, 8000, 0.09035020333761691
19, 3, 5, fdbscan_dynamic_naive, 0.75, 10, 10, , , 8, 0.10189580917358398, 0.7536826133728027, 0.20396067913908217, 9000, 0.23973968937897241
19, 3, 5, fdbscan_dynamic_naive, 0.75, 10, 10, , , 9, 0.20254778861999512, 0.9562304019927979, 0.2273171303729908, 10000, 0.2707955938226159
19, 3, 5, fdbscan_dynamic_naive, 0.75, 10, 10, , , 10, 0.10632491111755371, 1.0625553131103516, 0.2996479698725213, 11000, 0.33829040651050624
19, 3, 5, fdbscan_dynamic_naive, 0.75, 10, 10, , , 11, 0.11038613319396973, 1.1729414463043213, 0.3226245646406598, 12000, 0.37148739657784735
19, 3, 5, fdbscan_dynamic_naive, 0.75, 10, 10, , , 12, 0.11840319633483887, 1.2913446426391602, 0.3560581463322831, 13000, 0.40069651836586495
19, 3, 5, fdbscan_dynamic_naive, 0.75, 10, 10, , , 13, 0.16677403450012207, 1.4581186771392822, 0.3689829157491713, 14000, 0.41655141201165746
19, 3, 5, fdbscan_dynamic_naive, 0.75, 10, 10, , , 14, 0.13940095901489258, 1.5975196361541748, 0.29802463112651395, 15000, 0.38429325301533535
19, 3, 5, fdbscan_dynamic_naive, 0.75, 10, 10, , , 15, 0.18891072273254395, 1.7864303588867188, 0.25466221848108533, 16000, 0.3747700895434774
19, 3, 5, fdbscan_dynamic_naive, 0.75, 10, 10, , , 16, 0.14783430099487305, 1.9342646598815918, 0.23000178729022863, 17000, 0.3711829056855047
19, 3, 5, fdbscan_dynamic_naive, 0.75, 10, 10, , , 17, 0.20032000541687012, 2.134584665298462, 0.21808139899803605, 18000, 0.36993056722064394
19, 3, 5, fdbscan_dynamic_naive, 0.75, 10, 10, , , 18, 0.1578960418701172, 2.292480707168579, 0.21454784231921364, 19000, 0.3695284751600816
19, 3, 5, fdbscan_dynamic_naive, 0.75, 10, 10, , , 19, 0.2149209976196289, 2.507401704788208, 0.21640219301039607, 20000, 0.37008779635850153
19, 3, 5, fdbscan_dynamic_naive, 0.75, 10, 10, , , 20, 0.16612982749938965, 2.6735315322875977, 0.22167372420714634, 21000, 0.3709909884165592
19, 3, 5, fdbscan_dynamic_naive, 0.75, 10, 10, , , 21, 0.17116594314575195, 2.8446974754333496, 0.18672629811288202, 22000, 0.3448227257200287
19, 3, 5, fdbscan_dynamic_naive, 0.75, 10, 10, , , 22, 0.23195791244506836, 3.076655387878418, 0.16286908666585587, 23000, 0.3331146755234931
19, 3, 5, fdbscan_dynamic_naive, 0.75, 10, 10, , , 23, 0.18134617805480957, 3.2580015659332275, 0.14995966934749624, 24000, 0.32702498201364616
19, 3, 5, fdbscan_dynamic_naive, 0.75, 10, 10, , , 24, 0.2401430606842041, 3.4981446266174316, 0.14012825023272585, 25000, 0.3209778251438306
19, 3, 5, fdbscan_dynamic_naive, 0.75, 10, 10, , , 25, 0.18946504592895508, 3.6876096725463867, 0.13407053794504775, 26000, 0.31701144830294464
19, 3, 5, fdbscan_dynamic_naive, 0.75, 10, 10, , , 26, 0.2557368278503418, 3.9433465003967285, 0.13124789409948395, 27000, 0.31485836351391716
19, 3, 5, fdbscan_dynamic_naive, 0.75, 10, 10, , , 27, 0.20348405838012695, 4.1468305587768555, 0.12960333519124415, 28000, 0.31342564975916615
19, 3, 5, fdbscan_dynamic_naive, 0.75, 10, 10, , , 28, 0.2692298889160156, 4.416060447692871, 0.11279289631728558, 29000, 0.2971951648654382
19, 3, 5, fdbscan_dynamic_naive, 0.75, 10, 10, , , 29, 0.2119131088256836, 4.627973556518555, 0.10086997637321181, 30000, 0.28897149546382045
19, 3, 5, fdbscan_dynamic_naive, 0.75, 10, 10, , , 30, 0.2820107936859131, 4.909984350204468, 0.092755888333986, 31000, 0.2833519700583574
19, 3, 5, fdbscan_dynamic_naive, 0.75, 10, 10, , , 31, 0.287945032119751, 5.197929382324219, 0.08755257160241892, 32000, 0.2792015890331665
19, 3, 5, fdbscan_dynamic_naive, 0.75, 10, 10, , , 32, 0.2265770435333252, 5.424506425857544, 0.084839532348591, 33000, 0.2753708039168453
19, 3, 5, fdbscan_dynamic_naive, 0.75, 10, 10, , , 33, 0.3032855987548828, 5.727792024612427, 0.08331162354634952, 34000, 0.2728212583193337
19, 3, 5, fdbscan_dynamic_naive, 0.75, 10, 10, , , 34, 0.23647809028625488, 5.964270114898682, 0.08307351830998076, 35000, 0.27063761673711656
19, 3, 5, fdbscan_dynamic_naive, 0.75, 10, 10, , , 35, 0.31201887130737305, 6.276288986206055, 0.07405685944469372, 36000, 0.2594893524504809
19, 3, 5, fdbscan_dynamic_naive, 0.75, 10, 10, , , 36, 0.2460782527923584, 6.522367238998413, 0.06917997921189575, 37000, 0.2568191533667366
19, 3, 5, fdbscan_dynamic_naive, 0.75, 10, 10, , , 37, 0.32441020011901855, 6.846777439117432, 0.06595683712372599, 38000, 0.25619795347435537
19, 3, 5, fdbscan_dynamic_naive, 0.75, 10, 10, , , 38, 0.25577783584594727, 7.102555274963379, 0.06686615957870991, 39000, 0.26515631200391193
19, 3, 5, fdbscan_dynamic_naive, 0.75, 10, 10, , , 39, 0.3353888988494873, 7.437944173812866, 0.06509569613405239, 40000, 0.26760457654492315
19, 3, 5, fdbscan_dynamic_naive, 0.75, 10, 10, , , 40, 0.26384902000427246, 7.701793193817139, 0.0638120305595622, 41000, 0.2714556748033725
19, 3, 5, fdbscan_dynamic_naive, 0.75, 10, 10, , , 41, 0.347794771194458, 8.049587965011597, 0.06174375812539686, 42000, 0.2746714733553368
19, 3, 5, fdbscan_dynamic_naive, 0.75, 10, 10, , , 42, 0.27796292304992676, 8.327550888061523, 0.05646758822690534, 43000, 0.2654306642462062
19, 3, 5, fdbscan_dynamic_naive, 0.75, 10, 10, , , 43, 0.3663749694824219, 8.693925857543945, 0.05246216584545488, 44000, 0.25964543227932485
19, 3, 5, fdbscan_dynamic_naive, 0.75, 10, 10, , , 44, 0.2874610424041748, 8.98138689994812, 0.050090497189360025, 45000, 0.25479486300828913
19, 3, 5, fdbscan_dynamic_naive, 0.75, 10, 10, , , 45, 0.37403202056884766, 9.355418920516968, 0.04858682394441021, 46000, 0.2531097573527066
19, 3, 5, fdbscan_dynamic_naive, 0.75, 10, 10, , , 46, 0.298673152923584, 9.654092073440552, 0.04777431665142009, 47000, 0.2503513479168557
19, 3, 5, fdbscan_dynamic_naive, 0.75, 10, 10, , , 47, 0.3846700191497803, 10.038762092590332, 0.046484675307345305, 48000, 0.24860725097569633
19, 3, 5, fdbscan_dynamic_naive, 0.75, 10, 10, , , 48, 0.3075530529022217, 10.346315145492554, 0.0454033793351442, 49000, 0.24679005055067757
19, 3, 5, fdbscan_dynamic_naive, 0.75, 10, 10, , , 49, 0.39899110794067383, 10.745306253433228, 0.04419173970676253, 50000, 0.24495555547613526
19, 3, 5, fdbscan_dynamic_naive, 0.75, 10, 10, , , 50, 0.40886688232421875, 11.154173135757446, 0.047821340709825085, 51000, 0.25732363176319584
19, 3, 5, fdbscan_dynamic_naive, 0.75, 10, 10, , , 51, 0.3219897747039795, 11.476162910461426, 0.054548330835626664, 52000, 0.27114387983003047
19, 3, 5, fdbscan_dynamic_naive, 0.75, 10, 10, , , 52, 0.4183690547943115, 11.894531965255737, 0.062477045592484994, 53000, 0.28172569117420343
19, 3, 5, fdbscan_dynamic_naive, 0.75, 10, 10, , , 53, 0.3371901512145996, 12.231722116470337, 0.0683911490551668, 54000, 0.2946361029766005
19, 3, 5, fdbscan_dynamic_naive, 0.75, 10, 10, , , 54, 0.43375301361083984, 12.665475130081177, 0.07144385268050035, 55000, 0.3017066989221153
19, 3, 5, fdbscan_dynamic_naive, 0.75, 10, 10, , , 55, 0.3535428047180176, 13.019017934799194, 0.0799217936846178, 56000, 0.3128638045912956
19, 3, 5, fdbscan_dynamic_naive, 0.75, 10, 10, , , 56, 0.45991992950439453, 13.478937864303589, 0.07444208525326244, 57000, 0.3063449407359752
19, 3, 5, fdbscan_dynamic_naive, 0.75, 10, 10, , , 57, 0.46694183349609375, 13.945879697799683, 0.0702482044245561, 58000, 0.3024566796632677
19, 3, 5, fdbscan_dynamic_naive, 0.75, 10, 10, , , 58, 0.3801867961883545, 14.326066493988037, 0.06714693796217366, 59000, 0.299579188156897
19, 3, 5, fdbscan_dynamic_naive, 0.75, 10, 10, , , 59, 0.48416614532470703, 14.810232639312744, 0.06499461391342998, 60000, 0.2973043563530034
19, 3, 5, fdbscan_dynamic_naive, 0.75, 10, 10, , , 60, 0.4175398349761963, 15.22777247428894, 0.06374699143289629, 61000, 0.2959361583999473
19, 3, 5, fdbscan_dynamic_naive, 0.75, 10, 10, , , 61, 0.5006601810455322, 15.728432655334473, 0.06306685375988387, 62000, 0.2944083624140959
19, 3, 5, fdbscan_dynamic_naive, 0.75, 10, 10, , , 62, 0.5042529106140137, 16.232685565948486, 0.06298094610203642, 63000, 0.29317530552443744
19, 3, 5, fdbscan_dynamic_naive, 0.75, 10, 10, , , 63, 0.4027390480041504, 16.635424613952637, 0.06038959979623886, 64000, 0.2886504209481299
19, 3, 5, fdbscan_dynamic_naive, 0.75, 10, 10, , , 64, 0.5149290561676025, 17.15035367012024, 0.05751767048833831, 65000, 0.2845238780329385
19, 3, 5, fdbscan_dynamic_naive, 0.75, 10, 10, , , 65, 0.6294639110565186, 17.779817581176758, 0.05578338839757995, 66000, 0.28135042682026484
19, 3, 5, fdbscan_dynamic_naive, 0.75, 10, 10, , , 66, 0.4712362289428711, 18.25105381011963, 0.05454854886679119, 67000, 0.27896652171495684
19, 3, 5, fdbscan_dynamic_naive, 0.75, 10, 10, , , 67, 0.5298008918762207, 18.78085470199585, 0.05433964744256721, 68000, 0.2775972556907586
19, 3, 5, fdbscan_dynamic_naive, 0.75, 10, 10, , , 68, 0.5333890914916992, 19.31424379348755, 0.05368188904995347, 69000, 0.2752975508612889
19, 3, 5, fdbscan_dynamic_naive, 0.75, 10, 10, , , 69, 0.4367790222167969, 19.751022815704346, 0.05309685023694346, 70000, 0.2733746211769627
20, 4, 5, fdbscan_dynamic_noncore, 0.75, 10, 10, , 20, 0, 0.06428694725036621, 0.06428694725036621, 1.0, 1000, 1.0
20, 4, 5, fdbscan_dynamic_noncore, 0.75, 10, 10, , 20, 1, 0.06873083114624023, 0.13301777839660645, 0.0, 2000, 0.0
20, 4, 5, fdbscan_dynamic_noncore, 0.75, 10, 10, , 20, 2, 0.07261085510253906, 0.2056286334991455, 0.0, 3000, 0.0
20, 4, 5, fdbscan_dynamic_noncore, 0.75, 10, 10, , 20, 3, 0.07817602157592773, 0.28380465507507324, 0.0, 4000, 0.0
20, 4, 5, fdbscan_dynamic_noncore, 0.75, 10, 10, , 20, 4, 0.08137702941894531, 0.36518168449401855, 0.0, 5000, 0.0
20, 4, 5, fdbscan_dynamic_noncore, 0.75, 10, 10, , 20, 5, 0.08606266975402832, 0.4512443542480469, 0.0, 6000, 0.0
20, 4, 5, fdbscan_dynamic_noncore, 0.75, 10, 10, , 20, 6, 0.12696504592895508, 0.578209400177002, 0.0, 7000, 0.0
20, 4, 5, fdbscan_dynamic_noncore, 0.75, 10, 10, , 20, 7, 0.09561395645141602, 0.673823356628418, -0.002543995634698862, 8000, 0.08703234999757563
20, 4, 5, fdbscan_dynamic_noncore, 0.75, 10, 10, , 20, 8, 0.10135197639465332, 0.7751753330230713, 0.20810802155616565, 9000, 0.2412726320138977
20, 4, 5, fdbscan_dynamic_noncore, 0.75, 10, 10, , 20, 9, 0.10064911842346191, 0.8758244514465332, 0.2406902396335118, 10000, 0.2809884895838819
20, 4, 5, fdbscan_dynamic_noncore, 0.75, 10, 10, , 20, 10, 0.14653801918029785, 1.022362470626831, 0.3031149971558252, 11000, 0.3460661565033969
20, 4, 5, fdbscan_dynamic_noncore, 0.75, 10, 10, , 20, 11, 0.10959792137145996, 1.131960391998291, 0.31922376867878516, 12000, 0.3705965926916542
20, 4, 5, fdbscan_dynamic_noncore, 0.75, 10, 10, , 20, 12, 0.11686587333679199, 1.248826265335083, 0.3547714832310232, 13000, 0.39952289668964963
20, 4, 5, fdbscan_dynamic_noncore, 0.75, 10, 10, , 20, 13, 0.16582107543945312, 1.4146473407745361, 0.36642701541251305, 14000, 0.4134372005803983
20, 4, 5, fdbscan_dynamic_noncore, 0.75, 10, 10, , 20, 14, 0.14162302017211914, 1.5562703609466553, 0.29560034097568433, 15000, 0.38195169009770763
20, 4, 5, fdbscan_dynamic_noncore, 0.75, 10, 10, , 20, 15, 0.19026827812194824, 1.7465386390686035, 0.2523404166830722, 16000, 0.3729470438171973
20, 4, 5, fdbscan_dynamic_noncore, 0.75, 10, 10, , 20, 16, 0.15008783340454102, 1.8966264724731445, 0.22803707961760655, 17000, 0.3689786302299755
20, 4, 5, fdbscan_dynamic_noncore, 0.75, 10, 10, , 20, 17, 0.1557159423828125, 2.052342414855957, 0.21635101273839172, 18000, 0.36724173874413624
20, 4, 5, fdbscan_dynamic_noncore, 0.75, 10, 10, , 20, 18, 0.20779204368591309, 2.26013445854187, 0.21292124866568815, 19000, 0.3665965402254086
20, 4, 5, fdbscan_dynamic_noncore, 0.75, 10, 10, , 20, 19, 0.16609716415405273, 2.426231622695923, 0.21479147920536468, 20000, 0.36664618323659703
20, 4, 5, fdbscan_dynamic_noncore, 0.75, 10, 10, , 20, 20, 0.21793603897094727, 2.64416766166687, 0.2200889569325091, 21000, 0.36756818054049645
20, 4, 5, fdbscan_dynamic_noncore, 0.75, 10, 10, , 20, 21, 0.062162160873413086, 2.706329822540283, 0.18514987906380967, 22000, 0.3420886934771611
20, 4, 5, fdbscan_dynamic_noncore, 0.75, 10, 10, , 20, 22, 0.062417030334472656, 2.768746852874756, 0.16144394919829877, 23000, 0.3304728637465635
20, 4, 5, fdbscan_dynamic_noncore, 0.75, 10, 10, , 20, 23, 0.0666661262512207, 2.8354129791259766, 0.14600636513648269, 24000, 0.32337786218697445
20, 4, 5, fdbscan_dynamic_noncore, 0.75, 10, 10, , 20, 24, 0.0669550895690918, 2.9023680686950684, 0.136597229907339, 25000, 0.31767618032218026
20, 4, 5, fdbscan_dynamic_noncore, 0.75, 10, 10, , 20, 25, 0.06360173225402832, 2.9659698009490967, 0.1314113990150888, 26000, 0.31390130059332755
20, 4, 5, fdbscan_dynamic_noncore, 0.75, 10, 10, , 20, 26, 0.06411314010620117, 3.030082941055298, 0.12931203703038507, 27000, 0.3110265643491639
20, 4, 5, fdbscan_dynamic_noncore, 0.75, 10, 10, , 20, 27, 0.06426501274108887, 3.0943479537963867, 0.12945953350547623, 28000, 0.3089064354810078
20, 4, 5, fdbscan_dynamic_noncore, 0.75, 10, 10, , 20, 28, 0.0631558895111084, 3.157503843307495, 0.11309646675828004, 29000, 0.29196326697653835
20, 4, 5, fdbscan_dynamic_noncore, 0.75, 10, 10, , 20, 29, 0.12140822410583496, 3.27891206741333, 0.10136116820219791, 30000, 0.2832507162803115
20, 4, 5, fdbscan_dynamic_noncore, 0.75, 10, 10, , 20, 30, 0.06431889533996582, 3.343230962753296, 0.09321630055878392, 31000, 0.27730736524311206
20, 4, 5, fdbscan_dynamic_noncore, 0.75, 10, 10, , 20, 31, 0.06523299217224121, 3.408463954925537, 0.08784933801790049, 32000, 0.27288802597664
20, 4, 5, fdbscan_dynamic_noncore, 0.75, 10, 10, , 20, 32, 0.06750011444091797, 3.475964069366455, 0.08462743032836927, 33000, 0.2693175662933156
20, 4, 5, fdbscan_dynamic_noncore, 0.75, 10, 10, , 20, 33, 0.06747198104858398, 3.543436050415039, 0.08301577005243492, 34000, 0.2667223136651505
20, 4, 5, fdbscan_dynamic_noncore, 0.75, 10, 10, , 20, 34, 0.06581926345825195, 3.609255313873291, 0.08267755519238591, 35000, 0.2644950608637943
20, 4, 5, fdbscan_dynamic_noncore, 0.75, 10, 10, , 20, 35, 0.06379294395446777, 3.673048257827759, 0.07403861478409403, 36000, 0.2528721762286561
20, 4, 5, fdbscan_dynamic_noncore, 0.75, 10, 10, , 20, 36, 0.0638887882232666, 3.7369370460510254, 0.06767089902856878, 37000, 0.24643691358356967
20, 4, 5, fdbscan_dynamic_noncore, 0.75, 10, 10, , 20, 37, 0.06399917602539062, 3.800936222076416, 0.06311081732490806, 38000, 0.24180481914263313
20, 4, 5, fdbscan_dynamic_noncore, 0.75, 10, 10, , 20, 38, 0.06432414054870605, 3.865260362625122, 0.05999415435559333, 39000, 0.2382306108752779
20, 4, 5, fdbscan_dynamic_noncore, 0.75, 10, 10, , 20, 39, 0.06477689743041992, 3.930037260055542, 0.058038225781348075, 40000, 0.2352350319373674
20, 4, 5, fdbscan_dynamic_noncore, 0.75, 10, 10, , 20, 40, 0.06463313102722168, 3.9946703910827637, 0.0570005819974582, 41000, 0.23288251020767042
20, 4, 5, fdbscan_dynamic_noncore, 0.75, 10, 10, , 20, 41, 0.06499791145324707, 4.059668302536011, 0.05670642993787015, 42000, 0.23081410916683676
20, 4, 5, fdbscan_dynamic_noncore, 0.75, 10, 10, , 20, 42, 0.06772303581237793, 4.127391338348389, 0.05251393253229383, 43000, 0.221748092908502
20, 4, 5, fdbscan_dynamic_noncore, 0.75, 10, 10, , 20, 43, 0.15166807174682617, 4.279059410095215, 0.04908190181959728, 44000, 0.21622097768323992
20, 4, 5, fdbscan_dynamic_noncore, 0.75, 10, 10, , 20, 44, 0.06427192687988281, 4.343331336975098, 0.04653440348568234, 45000, 0.2120595266875345
20, 4, 5, fdbscan_dynamic_noncore, 0.75, 10, 10, , 20, 45, 0.06439590454101562, 4.407727241516113, 0.044442972990294906, 46000, 0.20863508224820362
20, 4, 5, fdbscan_dynamic_noncore, 0.75, 10, 10, , 20, 46, 0.0639798641204834, 4.471707105636597, 0.04300554165890537, 47000, 0.20589048287885633
20, 4, 5, fdbscan_dynamic_noncore, 0.75, 10, 10, , 20, 47, 0.06389403343200684, 4.5356011390686035, 0.041923014166732414, 48000, 0.20356240206451914
20, 4, 5, fdbscan_dynamic_noncore, 0.75, 10, 10, , 20, 48, 0.06450915336608887, 4.600110292434692, 0.04111553268465337, 49000, 0.20145252280767312
20, 4, 5, fdbscan_dynamic_noncore, 0.75, 10, 10, , 20, 49, 0.06521105766296387, 4.665321350097656, 0.03794471582811787, 50000, 0.1951690490934491
20, 4, 5, fdbscan_dynamic_noncore, 0.75, 10, 10, , 20, 50, 0.06582880020141602, 4.731150150299072, 0.03553059289039508, 51000, 0.19132422583613504
20, 4, 5, fdbscan_dynamic_noncore, 0.75, 10, 10, , 20, 51, 0.06650185585021973, 4.797652006149292, 0.033733983278153176, 52000, 0.1884687972488151
20, 4, 5, fdbscan_dynamic_noncore, 0.75, 10, 10, , 20, 52, 0.06716609001159668, 4.864818096160889, 0.032469403079477, 53000, 0.186171090324798
20, 4, 5, fdbscan_dynamic_noncore, 0.75, 10, 10, , 20, 53, 0.06784701347351074, 4.932665109634399, 0.03165477528037209, 54000, 0.1842605294670068
20, 4, 5, fdbscan_dynamic_noncore, 0.75, 10, 10, , 20, 54, 0.06846499443054199, 5.001130104064941, 0.031221096707109614, 55000, 0.182637845576426
20, 4, 5, fdbscan_dynamic_noncore, 0.75, 10, 10, , 20, 55, 0.06998610496520996, 5.071116209030151, 0.031109722479267823, 56000, 0.1811691989054527
20, 4, 5, fdbscan_dynamic_noncore, 0.75, 10, 10, , 20, 56, 0.06571698188781738, 5.136833190917969, 0.029012358801046297, 57000, 0.17618584599535939
20, 4, 5, fdbscan_dynamic_noncore, 0.75, 10, 10, , 20, 57, 0.06473493576049805, 5.201568126678467, 0.02738615564820744, 58000, 0.1731105673721204
20, 4, 5, fdbscan_dynamic_noncore, 0.75, 10, 10, , 20, 58, 0.0648798942565918, 5.266448020935059, 0.026164978344804853, 59000, 0.17073553504671338
20, 4, 5, fdbscan_dynamic_noncore, 0.75, 10, 10, , 20, 59, 0.0646660327911377, 5.331114053726196, 0.025292492941630922, 60000, 0.16879244999380913
20, 4, 5, fdbscan_dynamic_noncore, 0.75, 10, 10, , 20, 60, 0.06497430801391602, 5.396088361740112, 0.02472055955239651, 61000, 0.167152963148266
20, 4, 5, fdbscan_dynamic_noncore, 0.75, 10, 10, , 20, 61, 0.06507587432861328, 5.461164236068726, 0.024407917097816003, 62000, 0.1657418103417951
20, 4, 5, fdbscan_dynamic_noncore, 0.75, 10, 10, , 20, 62, 0.1536266803741455, 5.614790916442871, 0.02431910145719816, 63000, 0.16450982478370388
20, 4, 5, fdbscan_dynamic_noncore, 0.75, 10, 10, , 20, 63, 0.06543827056884766, 5.680229187011719, 0.02286441913731132, 64000, 0.16046961888707498
20, 4, 5, fdbscan_dynamic_noncore, 0.75, 10, 10, , 20, 64, 0.0652318000793457, 5.7454609870910645, 0.0217240150780148, 65000, 0.1579173870328075
20, 4, 5, fdbscan_dynamic_noncore, 0.75, 10, 10, , 20, 65, 0.06590890884399414, 5.811369895935059, 0.020858056879576075, 66000, 0.15591635705258255
20, 4, 5, fdbscan_dynamic_noncore, 0.75, 10, 10, , 20, 66, 0.06571483612060547, 5.877084732055664, 0.02023204606522601, 67000, 0.15425851921617445
20, 4, 5, fdbscan_dynamic_noncore, 0.75, 10, 10, , 20, 67, 0.06613898277282715, 5.943223714828491, 0.019816024182598424, 68000, 0.15284404108404903
20, 4, 5, fdbscan_dynamic_noncore, 0.75, 10, 10, , 20, 68, 0.06674599647521973, 6.009969711303711, 0.019583910347536083, 69000, 0.15161412889030715
20, 4, 5, fdbscan_dynamic_noncore, 0.75, 10, 10, , 20, 69, 0.06687808036804199, 6.076847791671753, 0.019512946220903313, 70000, 0.15053019106102697
21, 1, 6, dynamic_dbscan, 0.75, 10, 10, 20, , 0, 0.031922101974487305, 0.031922101974487305, 1.0, 1000, 1.0
21, 1, 6, dynamic_dbscan, 0.75, 10, 10, 20, , 1, 0.04104280471801758, 0.07296490669250488, 0.0, 2000, 0.0
21, 1, 6, dynamic_dbscan, 0.75, 10, 10, 20, , 2, 0.042994022369384766, 0.11595892906188965, 0.0, 3000, 0.0
21, 1, 6, dynamic_dbscan, 0.75, 10, 10, 20, , 3, 0.05143094062805176, 0.1673898696899414, 0.0, 4000, 0.0
21, 1, 6, dynamic_dbscan, 0.75, 10, 10, 20, , 4, 0.05272102355957031, 0.22011089324951172, 0.0, 5000, 0.0
21, 1, 6, dynamic_dbscan, 0.75, 10, 10, 20, , 5, 0.05992293357849121, 0.28003382682800293, 0.0, 6000, 0.0
21, 1, 6, dynamic_dbscan, 0.75, 10, 10, 20, , 6, 0.07241392135620117, 0.3524477481842041, 0.0, 7000, 0.0
21, 1, 6, dynamic_dbscan, 0.75, 10, 10, 20, , 7, 0.046776771545410156, 0.39922451972961426, -0.035137548111422674, 8000, 0.10990628283973228
21, 1, 6, dynamic_dbscan, 0.75, 10, 10, 20, , 8, 0.12806081771850586, 0.5272853374481201, 0.17514034731924139, 9000, 0.2738006751788767
21, 1, 6, dynamic_dbscan, 0.75, 10, 10, 20, , 9, 0.10040593147277832, 0.6276912689208984, 0.2435911012009321, 10000, 0.33613401979878954
21, 1, 6, dynamic_dbscan, 0.75, 10, 10, 20, , 10, 0.12270617485046387, 0.7503974437713623, 0.31094937648398097, 11000, 0.3898194346156419
21, 1, 6, dynamic_dbscan, 0.75, 10, 10, 20, , 11, 0.1221458911895752, 0.8725433349609375, 0.3504473993491618, 12000, 0.41655033515512624
21, 1, 6, dynamic_dbscan, 0.75, 10, 10, 20, , 12, 0.13605213165283203, 1.0085954666137695, 0.19660696235748673, 13000, 0.150324456518564
21, 1, 6, dynamic_dbscan, 0.75, 10, 10, 20, , 13, 0.20295190811157227, 1.2115473747253418, 0.2109045043219214, 14000, 0.16149369653236867
21, 1, 6, dynamic_dbscan, 0.75, 10, 10, 20, , 14, 0.07814812660217285, 1.2896955013275146, 0.1871772153870292, 15000, 0.1795778187292343
21, 1, 6, dynamic_dbscan, 0.75, 10, 10, 20, , 15, 0.07675814628601074, 1.3664536476135254, 0.17769732234471053, 16000, 0.19717465534685794
21, 1, 6, dynamic_dbscan, 0.75, 10, 10, 20, , 16, 0.08090591430664062, 1.447359561920166, 0.17331181273226706, 17000, 0.19754632734080393
21, 1, 6, dynamic_dbscan, 0.75, 10, 10, 20, , 17, 0.07092499732971191, 1.518284559249878, 0.17711826198931777, 18000, 0.20523715894129274
21, 1, 6, dynamic_dbscan, 0.75, 10, 10, 20, , 18, 0.08442306518554688, 1.6027076244354248, 0.18125035106065188, 19000, 0.20472303384252732
21, 1, 6, dynamic_dbscan, 0.75, 10, 10, 20, , 19, 0.08224201202392578, 1.6849496364593506, 0.18894845175440103, 20000, 0.20809760534061642
21, 1, 6, dynamic_dbscan, 0.75, 10, 10, 20, , 20, 0.08603429794311523, 1.7709839344024658, 0.19131594925013815, 21000, 0.19945682643354293
21, 1, 6, dynamic_dbscan, 0.75, 10, 10, 20, , 21, 0.1426711082458496, 1.9136550426483154, 0.1665779650466545, 22000, 0.19381857548168022
21, 1, 6, dynamic_dbscan, 0.75, 10, 10, 20, , 22, 0.07642483711242676, 1.9900798797607422, 0.14982552043918107, 23000, 0.19206755375926945
21, 1, 6, dynamic_dbscan, 0.75, 10, 10, 20, , 23, 0.08121299743652344, 2.0712928771972656, 0.14179639896008275, 24000, 0.18685089906549687
21, 1, 6, dynamic_dbscan, 0.75, 10, 10, 20, , 24, 0.08040595054626465, 2.1516988277435303, 0.13379532653672405, 25000, 0.17782717964763997
21, 1, 6, dynamic_dbscan, 0.75, 10, 10, 20, , 25, 0.10133194923400879, 2.253030776977539, 0.12906170778355347, 26000, 0.17150293595154392
21, 1, 6, dynamic_dbscan, 0.75, 10, 10, 20, , 26, 0.1006629467010498, 2.353693723678589, 0.1234049965163817, 27000, 0.16291420737569692
21, 1, 6, dynamic_dbscan, 0.75, 10, 10, 20, , 27, 0.10008597373962402, 2.453779697418213, 0.1184160335129474, 28000, 0.1575803738587562
21, 1, 6, dynamic_dbscan, 0.75, 10, 10, 20, , 28, 0.09046030044555664, 2.5442399978637695, 0.10364287819869022, 29000, 0.15526512070538284
21, 1, 6, dynamic_dbscan, 0.75, 10, 10, 20, , 29, 0.10117721557617188, 2.6454172134399414, 0.09413490341513807, 30000, 0.15583970368388225
21, 1, 6, dynamic_dbscan, 0.75, 10, 10, 20, , 30, 0.17519617080688477, 2.820613384246826, 0.0889638730357056, 31000, 0.15760432362280122
21, 1, 6, dynamic_dbscan, 0.75, 10, 10, 20, , 31, 0.09125804901123047, 2.9118714332580566, 0.08729690850009487, 32000, 0.16075735066994767
21, 1, 6, dynamic_dbscan, 0.75, 10, 10, 20, , 32, 0.0984182357788086, 3.0102896690368652, 0.0866239252014454, 33000, 0.16205637815493157
21, 1, 6, dynamic_dbscan, 0.75, 10, 10, 20, , 33, 0.0934598445892334, 3.1037495136260986, 0.08691965441428375, 34000, 0.16312173101077826
21, 1, 6, dynamic_dbscan, 0.75, 10, 10, 20, , 34, 0.08946514129638672, 3.1932146549224854, 0.08822160052632655, 35000, 0.16452171488158784
21, 1, 6, dynamic_dbscan, 0.75, 10, 10, 20, , 35, 0.0954749584197998, 3.288689613342285, 0.08017457503429445, 36000, 0.15727340749516908
21, 1, 6, dynamic_dbscan, 0.75, 10, 10, 20, , 36, 0.11972713470458984, 3.408416748046875, 0.07668820228984055, 37000, 0.15089937263736367
21, 1, 6, dynamic_dbscan, 0.75, 10, 10, 20, , 37, 0.11831879615783691, 3.526735544204712, 0.07322485256523188, 38000, 0.1457322991562593
21, 1, 6, dynamic_dbscan, 0.75, 10, 10, 20, , 38, 0.12214994430541992, 3.648885488510132, 0.07064361854997499, 39000, 0.14279959601599101
21, 1, 6, dynamic_dbscan, 0.75, 10, 10, 20, , 39, 0.12644410133361816, 3.77532958984375, 0.06791388760307958, 40000, 0.13890988848915922
21, 1, 6, dynamic_dbscan, 0.75, 10, 10, 20, , 40, 0.12836575508117676, 3.9036953449249268, 0.06510186753995197, 41000, 0.1370898074766245
21, 1, 6, dynamic_dbscan, 0.75, 10, 10, 20, , 41, 0.2392568588256836, 4.14295220375061, 0.06250852085014266, 42000, 0.13495164497905865
21, 1, 6, dynamic_dbscan, 0.75, 10, 10, 20, , 42, 0.13454699516296387, 4.277499198913574, 0.05742512156837867, 43000, 0.12926572157395932
21, 1, 6, dynamic_dbscan, 0.75, 10, 10, 20, , 43, 0.10994696617126465, 4.387446165084839, 0.05391756165792147, 44000, 0.12487861443443422
21, 1, 6, dynamic_dbscan, 0.75, 10, 10, 20, , 44, 0.13335490226745605, 4.520801067352295, 0.05170675107562054, 45000, 0.12217109873508811
21, 1, 6, dynamic_dbscan, 0.75, 10, 10, 20, , 45, 0.12335491180419922, 4.644155979156494, 0.04941977538565506, 46000, 0.11793952828359962
21, 1, 6, dynamic_dbscan, 0.75, 10, 10, 20, , 46, 0.14859700202941895, 4.792752981185913, 0.04764112390757441, 47000, 0.11523720104807143
21, 1, 6, dynamic_dbscan, 0.75, 10, 10, 20, , 47, 0.14136195182800293, 4.934114933013916, 0.04603688638212847, 48000, 0.11297110651742406
21, 1, 6, dynamic_dbscan, 0.75, 10, 10, 20, , 48, 0.14512205123901367, 5.07923698425293, 0.0442806255952485, 49000, 0.10902229255137463
21, 1, 6, dynamic_dbscan, 0.75, 10, 10, 20, , 49, 0.16340398788452148, 5.242640972137451, 0.044812024656139295, 50000, 0.10798122883017408
21, 1, 6, dynamic_dbscan, 0.75, 10, 10, 20, , 50, 0.18110013008117676, 5.423741102218628, 0.04657777719259268, 51000, 0.10984449732393066
21, 1, 6, dynamic_dbscan, 0.75, 10, 10, 20, , 51, 0.19008994102478027, 5.613831043243408, 0.04875371333388768, 52000, 0.11379521524886296
21, 1, 6, dynamic_dbscan, 0.75, 10, 10, 20, , 52, 0.21318578720092773, 5.827016830444336, 0.05307193305831768, 53000, 0.12241713039405269
21, 1, 6, dynamic_dbscan, 0.75, 10, 10, 20, , 53, 0.21541714668273926, 6.042433977127075, 0.0571571753845854, 54000, 0.12959054762145059
21, 1, 6, dynamic_dbscan, 0.75, 10, 10, 20, , 54, 0.22596406936645508, 6.26839804649353, 0.061825022783867756, 55000, 0.13499446140300028
21, 1, 6, dynamic_dbscan, 0.75, 10, 10, 20, , 55, 0.36965107917785645, 6.638049125671387, 0.06664083006949485, 56000, 0.14168321387950905
21, 1, 6, dynamic_dbscan, 0.75, 10, 10, 20, , 56, 0.16620206832885742, 6.804251194000244, 0.06269164306136137, 57000, 0.14180256694667678
21, 1, 6, dynamic_dbscan, 0.75, 10, 10, 20, , 57, 0.1502971649169922, 6.954548358917236, 0.060012039794530465, 58000, 0.14325644337257182
21, 1, 6, dynamic_dbscan, 0.75, 10, 10, 20, , 58, 0.16619205474853516, 7.1207404136657715, 0.058489532934415445, 59000, 0.14495719519137779
21, 1, 6, dynamic_dbscan, 0.75, 10, 10, 20, , 59, 0.15660476684570312, 7.277345180511475, 0.05793587323153437, 60000, 0.146635247494847
21, 1, 6, dynamic_dbscan, 0.75, 10, 10, 20, , 60, 0.14341378211975098, 7.420758962631226, 0.05826348840883159, 61000, 0.14841209143173972
21, 1, 6, dynamic_dbscan, 0.75, 10, 10, 20, , 61, 0.13583588600158691, 7.5565948486328125, 0.05932100905964442, 62000, 0.1500508183451645
21, 1, 6, dynamic_dbscan, 0.75, 10, 10, 20, , 62, 0.1794281005859375, 7.73602294921875, 0.060790513837146024, 63000, 0.15240255437260844
21, 1, 6, dynamic_dbscan, 0.75, 10, 10, 20, , 63, 0.17023706436157227, 7.906260013580322, 0.059199011713065575, 64000, 0.1511650967660051
21, 1, 6, dynamic_dbscan, 0.75, 10, 10, 20, , 64, 0.17058610916137695, 8.0768461227417, 0.057379902826985456, 65000, 0.1502135933896131
21, 1, 6, dynamic_dbscan, 0.75, 10, 10, 20, , 65, 0.16147732734680176, 8.238323450088501, 0.05591146403643342, 66000, 0.1470090727774706
21, 1, 6, dynamic_dbscan, 0.75, 10, 10, 20, , 66, 0.17944598197937012, 8.417769432067871, 0.054757940303088, 67000, 0.1459245727657576
21, 1, 6, dynamic_dbscan, 0.75, 10, 10, 20, , 67, 0.180617094039917, 8.598386526107788, 0.053656808006210234, 68000, 0.14273670197035432
21, 1, 6, dynamic_dbscan, 0.75, 10, 10, 20, , 68, 0.19289398193359375, 8.791280508041382, 0.05251249934560755, 69000, 0.14083008800559554
21, 1, 6, dynamic_dbscan, 0.75, 10, 10, 20, , 69, 0.1739339828491211, 8.965214490890503, 0.051542742760942, 70000, 0.1406610663913384
22, 2, 6, sklearn_dynamic, 0.75, 10, , , , 0, 0.002688884735107422, 0.002688884735107422, 1.0, 1000, 1.0
22, 2, 6, sklearn_dynamic, 0.75, 10, , , , 1, 0.004017829895019531, 0.006706714630126953, 0.0, 2000, 0.0
22, 2, 6, sklearn_dynamic, 0.75, 10, , , , 2, 0.007726907730102539, 0.014433622360229492, 0.0, 3000, 0.0
22, 2, 6, sklearn_dynamic, 0.75, 10, , , , 3, 0.011655807495117188, 0.02608942985534668, 0.0, 4000, 0.0
22, 2, 6, sklearn_dynamic, 0.75, 10, , , , 4, 0.01653599739074707, 0.04262542724609375, 0.0, 5000, 0.0
22, 2, 6, sklearn_dynamic, 0.75, 10, , , , 5, 0.022652149200439453, 0.0652775764465332, 0.0, 6000, 0.0
22, 2, 6, sklearn_dynamic, 0.75, 10, , , , 6, 0.03040313720703125, 0.09568071365356445, 0.0, 7000, 0.0
22, 2, 6, sklearn_dynamic, 0.75, 10, , , , 7, 0.04132890701293945, 0.1370096206665039, -0.009867197408506594, 8000, 0.003857997915891353
22, 2, 6, sklearn_dynamic, 0.75, 10, , , , 8, 0.03111100196838379, 0.1681206226348877, -0.007457038873707013, 9000, 0.0047522129704621295
22, 2, 6, sklearn_dynamic, 0.75, 10, , , , 9, 0.03514409065246582, 0.20326471328735352, -0.0053921153996745385, 10000, 0.005333409849859496
22, 2, 6, sklearn_dynamic, 0.75, 10, , , , 10, 0.04532885551452637, 0.24859356880187988, 0.008682224230561192, 11000, 0.027670634266098594
22, 2, 6, sklearn_dynamic, 0.75, 10, , , , 11, 0.05269503593444824, 0.3012886047363281, 0.012492952676245861, 12000, 0.04309079660705694
22, 2, 6, sklearn_dynamic, 0.75, 10, , , , 12, 0.06066703796386719, 0.3619556427001953, 0.009033745530076383, 13000, 0.05175375614817608
22, 2, 6, sklearn_dynamic, 0.75, 10, , , , 13, 0.0667119026184082, 0.4286675453186035, 0.002981566347828419, 14000, 0.061292998984874426
22, 2, 6, sklearn_dynamic, 0.75, 10, , , , 14, 0.07739114761352539, 0.5060586929321289, -0.004721786961181467, 15000, 0.052722916563415684
22, 2, 6, sklearn_dynamic, 0.75, 10, , , , 15, 0.08527493476867676, 0.5913336277008057, -0.007136638434621867, 16000, 0.050148746744398315
22, 2, 6, sklearn_dynamic, 0.75, 10, , , , 16, 0.09709429740905762, 0.6884279251098633, -0.006991933415448355, 17000, 0.0489607223136929
22, 2, 6, sklearn_dynamic, 0.75, 10, , , , 17, 0.1062929630279541, 0.7947208881378174, -0.005552458485549559, 18000, 0.04837849288040424
22, 2, 6, sklearn_dynamic, 0.75, 10, , , , 18, 0.11608672142028809, 0.9108076095581055, -0.003457680676168741, 19000, 0.0481120911472617
22, 2, 6, sklearn_dynamic, 0.75, 10, , , , 19, 0.13369011878967285, 1.0444977283477783, -0.0010499741399541342, 20000, 0.04802633517936375
22, 2, 6, sklearn_dynamic, 0.75, 10, , , , 20, 0.15571093559265137, 1.2002086639404297, 0.0014805518300241571, 21000, 0.04804975761860554
22, 2, 6, sklearn_dynamic, 0.75, 10, , , , 21, 0.15781307220458984, 1.3580217361450195, -0.0005680745205630583, 22000, 0.043468948151884755
22, 2, 6, sklearn_dynamic, 0.75, 10, , , , 22, 0.16936111450195312, 1.5273828506469727, -0.0014832489580979956, 23000, 0.041468909637662275
22, 2, 6, sklearn_dynamic, 0.75, 10, , , , 23, 0.18698811531066895, 1.7143709659576416, -0.0016768781034334627, 24000, 0.04023793565461353
22, 2, 6, sklearn_dynamic, 0.75, 10, , , , 24, 0.19986605644226074, 1.9142370223999023, -0.0014031586915816596, 25000, 0.03940651655138053
22, 2, 6, sklearn_dynamic, 0.75, 10, , , , 25, 0.20867300033569336, 2.1229100227355957, -0.0008245931353542117, 26000, 0.03881687321255421
22, 2, 6, sklearn_dynamic, 0.75, 10, , , , 26, 0.22712492942810059, 2.3500349521636963, -4.794743474563194e-05, 27000, 0.03838624544992197
22, 2, 6, sklearn_dynamic, 0.75, 10, , , , 27, 0.24838900566101074, 2.598423957824707, 0.0008551293546670443, 28000, 0.03806601137153685
22, 2, 6, sklearn_dynamic, 0.75, 10, , , , 28, 0.2645699977874756, 2.8629939556121826, 3.7055995062650675e-05, 29000, 0.03541218783381942
22, 2, 6, sklearn_dynamic, 0.75, 10, , , , 29, 0.32030177116394043, 3.183295726776123, -0.00038128832813152106, 30000, 0.03407343661768871
22, 2, 6, sklearn_dynamic, 0.75, 10, , , , 30, 0.32959794998168945, 3.5128936767578125, -0.0005183125220359363, 31000, 0.033575500404323416
22, 2, 6, sklearn_dynamic, 0.75, 10, , , , 31, 0.3399322032928467, 3.852825880050659, -0.0004449295199228646, 32000, 0.03289663308067501
22, 2, 6, sklearn_dynamic, 0.75, 10, , , , 32, 0.3725450038909912, 4.22537088394165, -0.00021650282094852344, 33000, 0.032377571713470665
22, 2, 6, sklearn_dynamic, 0.75, 10, , , , 33, 0.5309901237487793, 4.75636100769043, 0.000124964071241051, 34000, 0.031969199471132456
22, 2, 6, sklearn_dynamic, 0.75, 10, , , , 34, 0.5011639595031738, 5.2575249671936035, 0.0005485090341815982, 35000, 0.03164141887521945
22, 2, 6, sklearn_dynamic, 0.75, 10, , , , 35, 0.4519689083099365, 5.70949387550354, 0.00013710038584703667, 36000, 0.029928013075527882
22, 2, 6, sklearn_dynamic, 0.75, 10, , , , 36, 0.5213930606842041, 6.230886936187744, 0.000922448765183761, 37000, 0.033803307312632966
22, 2, 6, sklearn_dynamic, 0.75, 10, , , , 37, 0.5167081356048584, 6.7475950717926025, 0.0011962942885521827, 38000, 0.03564800274568677
22, 2, 6, sklearn_dynamic, 0.75, 10, , , , 38, 0.6731598377227783, 7.420754909515381, 0.0015692652955479494, 39000, 0.03900470838866388
22, 2, 6, sklearn_dynamic, 0.75, 10, , , , 39, 0.603518009185791, 8.024272918701172, 0.001511003511186173, 40000, 0.04121088116708229
22, 2, 6, sklearn_dynamic, 0.75, 10, , , , 40, 0.7325360774993896, 8.756808996200562, 0.0011912311510086176, 41000, 0.04315956615676982
22, 2, 6, sklearn_dynamic, 0.75, 10, , , , 41, 0.7161669731140137, 9.472975969314575, 0.0006352501568536954, 42000, 0.04444501089715716
22, 2, 6, sklearn_dynamic, 0.75, 10, , , , 42, 0.6919209957122803, 10.164896965026855, 0.00025089002275117077, 43000, 0.04253381433713608
22, 2, 6, sklearn_dynamic, 0.75, 10, , , , 43, 0.8809158802032471, 11.045812845230103, 2.3496806221771828e-05, 44000, 0.041749114916349514
22, 2, 6, sklearn_dynamic, 0.75, 10, , , , 44, 0.9602839946746826, 12.006096839904785, 1.3576329013488512e-05, 45000, 0.04146161323657333
22, 2, 6, sklearn_dynamic, 0.75, 10, , , , 45, 0.8010900020599365, 12.807186841964722, 4.3066495346814684e-05, 46000, 0.04102663208364255
22, 2, 6, sklearn_dynamic, 0.75, 10, , , , 46, 0.7969532012939453, 13.604140043258667, 0.00023805011547133143, 47000, 0.0417973250025539
22, 2, 6, sklearn_dynamic, 0.75, 10, , , , 47, 0.8563568592071533, 14.46049690246582, 0.00035869655531325744, 48000, 0.042007505899765984
22, 2, 6, sklearn_dynamic, 0.75, 10, , , , 48, 0.9038329124450684, 15.364329814910889, 0.0004626087663024269, 49000, 0.04213240029082586
22, 2, 6, sklearn_dynamic, 0.75, 10, , , , 49, 0.8875439167022705, 16.25187373161316, 0.00039997692193262813, 50000, 0.04194230027825486
22, 2, 6, sklearn_dynamic, 0.75, 10, , , , 50, 1.0115678310394287, 17.263441562652588, 0.0006569201534412379, 51000, 0.04363900728960738
22, 2, 6, sklearn_dynamic, 0.75, 10, , , , 51, 0.9758992195129395, 18.239340782165527, 0.0009298924488238662, 52000, 0.04582926302415734
22, 2, 6, sklearn_dynamic, 0.75, 10, , , , 52, 0.9148390293121338, 19.15417981147766, 0.001679851738839458, 53000, 0.052599306024474046
22, 2, 6, sklearn_dynamic, 0.75, 10, , , , 53, 0.9311060905456543, 20.085285902023315, 0.0016897238407249373, 54000, 0.055765997198413554
22, 2, 6, sklearn_dynamic, 0.75, 10, , , , 54, 0.9665229320526123, 21.051808834075928, 0.0014744371708793052, 55000, 0.05942682182383277
22, 2, 6, sklearn_dynamic, 0.75, 10, , , , 55, 1.088042974472046, 22.139851808547974, 0.0011152852917721693, 56000, 0.06473056157652482
22, 2, 6, sklearn_dynamic, 0.75, 10, , , , 56, 1.0669529438018799, 23.206804752349854, 0.0007687923703681837, 57000, 0.06283517691290286
22, 2, 6, sklearn_dynamic, 0.75, 10, , , , 57, 1.2044439315795898, 24.411248683929443, 0.0005628236339916342, 58000, 0.06161850428733799
22, 2, 6, sklearn_dynamic, 0.75, 10, , , , 58, 1.1663050651550293, 25.577553749084473, 0.0004626829209230303, 59000, 0.06071941676669152
22, 2, 6, sklearn_dynamic, 0.75, 10, , , , 59, 1.2345061302185059, 26.81205987930298, 0.0004598643008229359, 60000, 0.05998724757311924
22, 2, 6, sklearn_dynamic, 0.75, 10, , , , 60, 1.178849697113037, 27.990909576416016, 0.0005400579019046867, 61000, 0.05937188091983029
22, 2, 6, sklearn_dynamic, 0.75, 10, , , , 61, 1.1820449829101562, 29.172954559326172, 0.0006910897365512468, 62000, 0.058844076358110474
22, 2, 6, sklearn_dynamic, 0.75, 10, , , , 62, 1.2347016334533691, 30.40765619277954, 0.0009025676256532322, 63000, 0.05838479914788318
22, 2, 6, sklearn_dynamic, 0.75, 10, , , , 63, 1.3442647457122803, 31.75192093849182, 0.0006606541893034025, 64000, 0.05687009793540224
22, 2, 6, sklearn_dynamic, 0.75, 10, , , , 64, 1.4034407138824463, 33.15536165237427, 0.0005094652009461568, 65000, 0.05591832095590461
22, 2, 6, sklearn_dynamic, 0.75, 10, , , , 65, 1.3617029190063477, 34.517064571380615, 0.0004407962606934902, 66000, 0.05515052235632173
22, 2, 6, sklearn_dynamic, 0.75, 10, , , , 66, 1.5570323467254639, 36.07409691810608, 0.0004352365755772231, 67000, 0.05453377013123099
22, 2, 6, sklearn_dynamic, 0.75, 10, , , , 67, 1.592465877532959, 37.66656279563904, 0.000488968386191318, 68000, 0.0540095059420855
22, 2, 6, sklearn_dynamic, 0.75, 10, , , , 68, 1.5002477169036865, 39.166810512542725, 0.0005941928393070661, 69000, 0.05355516008654487
22, 2, 6, sklearn_dynamic, 0.75, 10, , , , 69, 1.5263268947601318, 40.693137407302856, 0.0007441397186975099, 70000, 0.053155970801310376
23, 3, 6, fdbscan_dynamic_naive, 0.75, 10, 10, , , 0, 0.0670928955078125, 0.0670928955078125, 1.0, 1000, 1.0
23, 3, 6, fdbscan_dynamic_naive, 0.75, 10, 10, , , 1, 0.0758218765258789, 0.1429147720336914, 0.0, 2000, 0.0
23, 3, 6, fdbscan_dynamic_naive, 0.75, 10, 10, , , 2, 0.07346391677856445, 0.21637868881225586, 0.0, 3000, 0.0
23, 3, 6, fdbscan_dynamic_naive, 0.75, 10, 10, , , 3, 0.17361903190612793, 0.3899977207183838, 0.0, 4000, 0.0
23, 3, 6, fdbscan_dynamic_naive, 0.75, 10, 10, , , 4, 0.08153915405273438, 0.47153687477111816, 0.0, 5000, 0.0
23, 3, 6, fdbscan_dynamic_naive, 0.75, 10, 10, , , 5, 0.08752584457397461, 0.5590627193450928, 0.0, 6000, 0.0
23, 3, 6, fdbscan_dynamic_naive, 0.75, 10, 10, , , 6, 0.09409379959106445, 0.6531565189361572, 0.0, 7000, 0.0
23, 3, 6, fdbscan_dynamic_naive, 0.75, 10, 10, , , 7, 0.09671497344970703, 0.7498714923858643, -0.01427130374452472, 8000, 0.07634534217281884
23, 3, 6, fdbscan_dynamic_naive, 0.75, 10, 10, , , 8, 0.1394190788269043, 0.8892905712127686, 0.1912677420417074, 9000, 0.21978646137648483
23, 3, 6, fdbscan_dynamic_naive, 0.75, 10, 10, , , 9, 0.10146093368530273, 0.9907515048980713, 0.22613274613026538, 10000, 0.26839703518291264
23, 3, 6, fdbscan_dynamic_naive, 0.75, 10, 10, , , 10, 0.1073920726776123, 1.0981435775756836, 0.2652446047125165, 11000, 0.3092269141280136
23, 3, 6, fdbscan_dynamic_naive, 0.75, 10, 10, , , 11, 0.1548919677734375, 1.253035545349121, 0.289535272592217, 12000, 0.3414781294363145
23, 3, 6, fdbscan_dynamic_naive, 0.75, 10, 10, , , 12, 0.12252616882324219, 1.3755617141723633, 0.32780250042135556, 13000, 0.3716117304401339
23, 3, 6, fdbscan_dynamic_naive, 0.75, 10, 10, , , 13, 0.12434768676757812, 1.4999094009399414, 0.3419288063389049, 14000, 0.38907015406365425
23, 3, 6, fdbscan_dynamic_naive, 0.75, 10, 10, , , 14, 0.1840510368347168, 1.6839604377746582, 0.27263092184817217, 15000, 0.36256871829764215
23, 3, 6, fdbscan_dynamic_naive, 0.75, 10, 10, , , 15, 0.14527678489685059, 1.8292372226715088, 0.23112123908753976, 16000, 0.355973101472509
23, 3, 6, fdbscan_dynamic_naive, 0.75, 10, 10, , , 16, 0.1974020004272461, 2.026639223098755, 0.2087273067861093, 17000, 0.3533008908217141
23, 3, 6, fdbscan_dynamic_naive, 0.75, 10, 10, , , 17, 0.1578361988067627, 2.1844754219055176, 0.1988374064815399, 18000, 0.3526894123192129
23, 3, 6, fdbscan_dynamic_naive, 0.75, 10, 10, , , 18, 0.2118990421295166, 2.396374464035034, 0.19707761529629333, 19000, 0.35341571829511026
23, 3, 6, fdbscan_dynamic_naive, 0.75, 10, 10, , , 19, 0.16829323768615723, 2.5646677017211914, 0.20055822826901368, 20000, 0.35494710823617154
23, 3, 6, fdbscan_dynamic_naive, 0.75, 10, 10, , , 20, 0.17217516899108887, 2.7368428707122803, 0.20724348744117485, 21000, 0.35636285428909187
23, 3, 6, fdbscan_dynamic_naive, 0.75, 10, 10, , , 21, 0.22715210914611816, 2.9639949798583984, 0.17339614782403764, 22000, 0.3325163952650464
23, 3, 6, fdbscan_dynamic_naive, 0.75, 10, 10, , , 22, 0.18206310272216797, 3.1460580825805664, 0.15063488019303964, 23000, 0.3219794280098972
23, 3, 6, fdbscan_dynamic_naive, 0.75, 10, 10, , , 23, 0.24010705947875977, 3.386165142059326, 0.1384323885598151, 24000, 0.3155397350488567
23, 3, 6, fdbscan_dynamic_naive, 0.75, 10, 10, , , 24, 0.19278812408447266, 3.578953266143799, 0.12951105285501466, 25000, 0.3099839497815977
23, 3, 6, fdbscan_dynamic_naive, 0.75, 10, 10, , , 25, 0.2523348331451416, 3.8312880992889404, 0.12433422616822683, 26000, 0.3061970248340087
23, 3, 6, fdbscan_dynamic_naive, 0.75, 10, 10, , , 26, 0.20063209533691406, 4.0319201946258545, 0.12215856780554375, 27000, 0.3042969996898195
23, 3, 6, fdbscan_dynamic_naive, 0.75, 10, 10, , , 27, 0.26077890396118164, 4.292699098587036, 0.12129085594190556, 28000, 0.3019661043824269
23, 3, 6, fdbscan_dynamic_naive, 0.75, 10, 10, , , 28, 0.2684657573699951, 4.561164855957031, 0.1051701672916821, 29000, 0.2866238648620276
23, 3, 6, fdbscan_dynamic_naive, 0.75, 10, 10, , , 29, 0.2145230770111084, 4.77568793296814, 0.09384712818715271, 30000, 0.2788233780425225
23, 3, 6, fdbscan_dynamic_naive, 0.75, 10, 10, , , 30, 0.219465970993042, 4.995153903961182, 0.08619323773078814, 31000, 0.2735784496182219
23, 3, 6, fdbscan_dynamic_naive, 0.75, 10, 10, , , 31, 0.28204798698425293, 5.277201890945435, 0.08137895117123665, 32000, 0.2696407236361768
23, 3, 6, fdbscan_dynamic_naive, 0.75, 10, 10, , , 32, 0.29009199142456055, 5.567293882369995, 0.07900859292685085, 33000, 0.26587904599903395
23, 3, 6, fdbscan_dynamic_naive, 0.75, 10, 10, , , 33, 0.23543286323547363, 5.802726745605469, 0.07770777682794762, 34000, 0.26340312482355793
23, 3, 6, fdbscan_dynamic_naive, 0.75, 10, 10, , , 34, 0.3049609661102295, 6.107687711715698, 0.07765049429088197, 35000, 0.2613653334764799
23, 3, 6, fdbscan_dynamic_naive, 0.75, 10, 10, , , 35, 0.24283218383789062, 6.350519895553589, 0.06906814639380587, 36000, 0.25069297157597786
23, 3, 6, fdbscan_dynamic_naive, 0.75, 10, 10, , , 36, 0.31449437141418457, 6.665014266967773, 0.06444162481123496, 37000, 0.24814053573885242
23, 3, 6, fdbscan_dynamic_naive, 0.75, 10, 10, , , 37, 0.25170373916625977, 6.916718006134033, 0.06154886221163974, 38000, 0.2481065129256179
23, 3, 6, fdbscan_dynamic_naive, 0.75, 10, 10, , , 38, 0.32772183418273926, 7.2444398403167725, 0.06257572972705942, 39000, 0.2559569118284714
23, 3, 6, fdbscan_dynamic_naive, 0.75, 10, 10, , , 39, 0.26510095596313477, 7.509540796279907, 0.06097853264290203, 40000, 0.2593985113553156
23, 3, 6, fdbscan_dynamic_naive, 0.75, 10, 10, , , 40, 0.3397328853607178, 7.849273681640625, 0.05918071355058988, 41000, 0.26209022992772263
23, 3, 6, fdbscan_dynamic_naive, 0.75, 10, 10, , , 41, 0.2752261161804199, 8.124499797821045, 0.057406828894432826, 42000, 0.26610378524345224
23, 3, 6, fdbscan_dynamic_naive, 0.75, 10, 10, , , 42, 0.356748104095459, 8.481247901916504, 0.05247260463268874, 43000, 0.25741170807435343
23, 3, 6, fdbscan_dynamic_naive, 0.75, 10, 10, , , 43, 0.2894270420074463, 8.77067494392395, 0.04868893689545862, 44000, 0.25203166882767003
23, 3, 6, fdbscan_dynamic_naive, 0.75, 10, 10, , , 44, 0.3677549362182617, 9.138429880142212, 0.04652562854177022, 45000, 0.24861892117013712
23, 3, 6, fdbscan_dynamic_naive, 0.75, 10, 10, , , 45, 0.29599785804748535, 9.434427738189697, 0.04520484559930189, 46000, 0.2469394907427749
23, 3, 6, fdbscan_dynamic_naive, 0.75, 10, 10, , , 46, 0.37502598762512207, 9.80945372581482, 0.04437263908534857, 47000, 0.24198544098133623
23, 3, 6, fdbscan_dynamic_naive, 0.75, 10, 10, , , 47, 0.3842148780822754, 10.193668603897095, 0.043158219328439024, 48000, 0.23974134543132
23, 3, 6, fdbscan_dynamic_naive, 0.75, 10, 10, , , 48, 0.3123910427093506, 10.506059646606445, 0.042102662938135596, 49000, 0.23756499805442585
23, 3, 6, fdbscan_dynamic_naive, 0.75, 10, 10, , , 49, 0.4218299388885498, 10.927889585494995, 0.04004520725626781, 50000, 0.2337396224215905
23, 3, 6, fdbscan_dynamic_naive, 0.75, 10, 10, , , 50, 0.35953593254089355, 11.287425518035889, 0.04356709235765158, 51000, 0.24204840527313293
23, 3, 6, fdbscan_dynamic_naive, 0.75, 10, 10, , , 51, 0.4618399143218994, 11.749265432357788, 0.049840765257226805, 52000, 0.25955321420063465
23, 3, 6, fdbscan_dynamic_naive, 0.75, 10, 10, , , 52, 0.39498281478881836, 12.144248247146606, 0.0547825670621756, 53000, 0.2731095461937958
23, 3, 6, fdbscan_dynamic_naive, 0.75, 10, 10, , , 53, 0.5019841194152832, 12.64623236656189, 0.06024765963078104, 54000, 0.2871845385388639
23, 3, 6, fdbscan_dynamic_naive, 0.75, 10, 10, , , 54, 0.4430091381072998, 13.08924150466919, 0.06418365618232964, 55000, 0.2878344277034226
23, 3, 6, fdbscan_dynamic_naive, 0.75, 10, 10, , , 55, 0.38932204246520996, 13.4785635471344, 0.07135160278055352, 56000, 0.29820796384044745
23, 3, 6, fdbscan_dynamic_naive, 0.75, 10, 10, , , 56, 0.46152186393737793, 13.940085411071777, 0.06628706344637116, 57000, 0.2920886743725456
23, 3, 6, fdbscan_dynamic_naive, 0.75, 10, 10, , , 57, 0.4158949851989746, 14.355980396270752, 0.06244884793482051, 58000, 0.28844076220355663
23, 3, 6, fdbscan_dynamic_naive, 0.75, 10, 10, , , 58, 0.47222018241882324, 14.828200578689575, 0.05964726389778503, 59000, 0.28579792495172085
23, 3, 6, fdbscan_dynamic_naive, 0.75, 10, 10, , , 59, 0.5055537223815918, 15.333754301071167, 0.057751331624849314, 60000, 0.28374774232365624
23, 3, 6, fdbscan_dynamic_naive, 0.75, 10, 10, , , 60, 0.39087796211242676, 15.724632263183594, 0.05670838310913343, 61000, 0.2823503532846827
23, 3, 6, fdbscan_dynamic_naive, 0.75, 10, 10, , , 61, 0.4855318069458008, 16.210164070129395, 0.056218474627902075, 62000, 0.2809230212262647
23, 3, 6, fdbscan_dynamic_naive, 0.75, 10, 10, , , 62, 0.4024660587310791, 16.612630128860474, 0.05629993948815935, 63000, 0.27974534058404527
23, 3, 6, fdbscan_dynamic_naive, 0.75, 10, 10, , , 63, 0.5160093307495117, 17.128639459609985, 0.05340663772703281, 64000, 0.2756325736386306
23, 3, 6, fdbscan_dynamic_naive, 0.75, 10, 10, , , 64, 0.5070500373840332, 17.63568949699402, 0.0507982923910517, 65000, 0.2718311333124851
23, 3, 6, fdbscan_dynamic_naive, 0.75, 10, 10, , , 65, 0.41100192070007324, 18.046691417694092, 0.04936191546043851, 66000, 0.2693944229076328
23, 3, 6, fdbscan_dynamic_naive, 0.75, 10, 10, , , 66, 0.5142867565155029, 18.560978174209595, 0.04819501595746981, 67000, 0.26710248236206924
23, 3, 6, fdbscan_dynamic_naive, 0.75, 10, 10, , , 67, 0.42377495765686035, 18.984753131866455, 0.048113744570849146, 68000, 0.266362280084687
23, 3, 6, fdbscan_dynamic_naive, 0.75, 10, 10, , , 68, 0.5252838134765625, 19.510036945343018, 0.04758486594186161, 69000, 0.26557049883710204
23, 3, 6, fdbscan_dynamic_naive, 0.75, 10, 10, , , 69, 0.5338468551635742, 20.043883800506592, 0.04709255075838888, 70000, 0.26287535048199334
24, 4, 6, fdbscan_dynamic_noncore, 0.75, 10, 10, , 20, 0, 0.06536126136779785, 0.06536126136779785, 1.0, 1000, 1.0
24, 4, 6, fdbscan_dynamic_noncore, 0.75, 10, 10, , 20, 1, 0.07007479667663574, 0.1354360580444336, 0.0, 2000, 0.0
24, 4, 6, fdbscan_dynamic_noncore, 0.75, 10, 10, , 20, 2, 0.07393932342529297, 0.20937538146972656, 0.0, 3000, 0.0
24, 4, 6, fdbscan_dynamic_noncore, 0.75, 10, 10, , 20, 3, 0.07805180549621582, 0.2874271869659424, 0.0, 4000, 0.0
24, 4, 6, fdbscan_dynamic_noncore, 0.75, 10, 10, , 20, 4, 0.08276915550231934, 0.3701963424682617, 0.0, 5000, 0.0
24, 4, 6, fdbscan_dynamic_noncore, 0.75, 10, 10, , 20, 5, 0.08702611923217773, 0.45722246170043945, 0.0, 6000, 0.0
24, 4, 6, fdbscan_dynamic_noncore, 0.75, 10, 10, , 20, 6, 0.0929880142211914, 0.5502104759216309, 0.0, 7000, 0.0
24, 4, 6, fdbscan_dynamic_noncore, 0.75, 10, 10, , 20, 7, 0.09845495223999023, 0.6486654281616211, -0.017533085972160155, 8000, 0.08080377432839835
24, 4, 6, fdbscan_dynamic_noncore, 0.75, 10, 10, , 20, 8, 0.10447311401367188, 0.753138542175293, 0.17687025721462973, 9000, 0.2192452493881806
24, 4, 6, fdbscan_dynamic_noncore, 0.75, 10, 10, , 20, 9, 0.1428380012512207, 0.8959765434265137, 0.2166084976561689, 10000, 0.266353497402922
24, 4, 6, fdbscan_dynamic_noncore, 0.75, 10, 10, , 20, 10, 0.10643601417541504, 1.0024125576019287, 0.26772108443021936, 11000, 0.3238702760199655
24, 4, 6, fdbscan_dynamic_noncore, 0.75, 10, 10, , 20, 11, 0.11138510704040527, 1.113797664642334, 0.28992755200580655, 12000, 0.3532798006437486
24, 4, 6, fdbscan_dynamic_noncore, 0.75, 10, 10, , 20, 12, 0.1249227523803711, 1.238720417022705, 0.32756922019414686, 13000, 0.38695802246955624
24, 4, 6, fdbscan_dynamic_noncore, 0.75, 10, 10, , 20, 13, 0.16825199127197266, 1.4069724082946777, 0.3423766732088983, 14000, 0.4037821550961179
24, 4, 6, fdbscan_dynamic_noncore, 0.75, 10, 10, , 20, 14, 0.14158272743225098, 1.5485551357269287, 0.2738193044604435, 15000, 0.3724466638610542
24, 4, 6, fdbscan_dynamic_noncore, 0.75, 10, 10, , 20, 15, 0.18758392333984375, 1.7361390590667725, 0.232342703096636, 16000, 0.36432231628561407
24, 4, 6, fdbscan_dynamic_noncore, 0.75, 10, 10, , 20, 16, 0.15063190460205078, 1.8867709636688232, 0.2097556552218156, 17000, 0.3609671079557537
24, 4, 6, fdbscan_dynamic_noncore, 0.75, 10, 10, , 20, 17, 0.20312285423278809, 2.0898938179016113, 0.19957846593773726, 18000, 0.3600621174228495
24, 4, 6, fdbscan_dynamic_noncore, 0.75, 10, 10, , 20, 18, 0.16293716430664062, 2.252830982208252, 0.19752621122731492, 19000, 0.3602540582409628
24, 4, 6, fdbscan_dynamic_noncore, 0.75, 10, 10, , 20, 19, 0.16492915153503418, 2.417760133743286, 0.20062188769030448, 20000, 0.36069102716308304
24, 4, 6, fdbscan_dynamic_noncore, 0.75, 10, 10, , 20, 20, 0.2232208251953125, 2.6409809589385986, 0.20691115476224117, 21000, 0.36163644351790597
24, 4, 6, fdbscan_dynamic_noncore, 0.75, 10, 10, , 20, 21, 0.06238913536071777, 2.7033700942993164, 0.17334375992997686, 22000, 0.3364178491457515
24, 4, 6, fdbscan_dynamic_noncore, 0.75, 10, 10, , 20, 22, 0.06239485740661621, 2.7657649517059326, 0.1507922403030807, 23000, 0.32477580073876794
24, 4, 6, fdbscan_dynamic_noncore, 0.75, 10, 10, , 20, 23, 0.06276321411132812, 2.8285281658172607, 0.13631141093797927, 24000, 0.3173237762668389
24, 4, 6, fdbscan_dynamic_noncore, 0.75, 10, 10, , 20, 24, 0.06314706802368164, 2.8916752338409424, 0.12759815810786646, 25000, 0.31190718076114715
24, 4, 6, fdbscan_dynamic_noncore, 0.75, 10, 10, , 20, 25, 0.06378006935119629, 2.9554553031921387, 0.12295090036325135, 26000, 0.30842504726909226
24, 4, 6, fdbscan_dynamic_noncore, 0.75, 10, 10, , 20, 26, 0.06410431861877441, 3.019559621810913, 0.12129852455293111, 27000, 0.3056001861610364
24, 4, 6, fdbscan_dynamic_noncore, 0.75, 10, 10, , 20, 27, 0.06483626365661621, 3.0843958854675293, 0.12175799494288418, 28000, 0.3031734028116732
24, 4, 6, fdbscan_dynamic_noncore, 0.75, 10, 10, , 20, 28, 0.12179803848266602, 3.2061939239501953, 0.10608474409367062, 29000, 0.28643897718444467
24, 4, 6, fdbscan_dynamic_noncore, 0.75, 10, 10, , 20, 29, 0.06347799301147461, 3.26967191696167, 0.09506028030649057, 30000, 0.27751186065432715
24, 4, 6, fdbscan_dynamic_noncore, 0.75, 10, 10, , 20, 30, 0.06408500671386719, 3.333756923675537, 0.08735248860491644, 31000, 0.27160510805069915
24, 4, 6, fdbscan_dynamic_noncore, 0.75, 10, 10, , 20, 31, 0.06484794616699219, 3.3986048698425293, 0.08233086164779474, 32000, 0.26721640874999364
24, 4, 6, fdbscan_dynamic_noncore, 0.75, 10, 10, , 20, 32, 0.06432223320007324, 3.4629271030426025, 0.07936657644747605, 33000, 0.263811973137652
24, 4, 6, fdbscan_dynamic_noncore, 0.75, 10, 10, , 20, 33, 0.06365609169006348, 3.526583194732666, 0.07797720278834985, 34000, 0.2612322305130476
24, 4, 6, fdbscan_dynamic_noncore, 0.75, 10, 10, , 20, 34, 0.06456398963928223, 3.5911471843719482, 0.07780922553590568, 35000, 0.25895135598058694
24, 4, 6, fdbscan_dynamic_noncore, 0.75, 10, 10, , 20, 35, 0.06466197967529297, 3.655809164047241, 0.06955981100685657, 36000, 0.24748819691632132
24, 4, 6, fdbscan_dynamic_noncore, 0.75, 10, 10, , 20, 36, 0.06534576416015625, 3.7211549282073975, 0.06352759603341605, 37000, 0.24101810555866318
24, 4, 6, fdbscan_dynamic_noncore, 0.75, 10, 10, , 20, 37, 0.06485390663146973, 3.786008834838867, 0.05921843218165214, 38000, 0.23644732649632208
24, 4, 6, fdbscan_dynamic_noncore, 0.75, 10, 10, , 20, 38, 0.06540799140930176, 3.851416826248169, 0.05630394685286603, 39000, 0.23292240433735095
24, 4, 6, fdbscan_dynamic_noncore, 0.75, 10, 10, , 20, 39, 0.06528997421264648, 3.9167068004608154, 0.05450991937123821, 40000, 0.22999740824391487
24, 4, 6, fdbscan_dynamic_noncore, 0.75, 10, 10, , 20, 40, 0.06528186798095703, 3.9819886684417725, 0.053601095743195125, 41000, 0.2276782693069983
24, 4, 6, fdbscan_dynamic_noncore, 0.75, 10, 10, , 20, 41, 0.13665032386779785, 4.11863899230957, 0.05340717603501223, 42000, 0.2255640460101618
24, 4, 6, fdbscan_dynamic_noncore, 0.75, 10, 10, , 20, 42, 0.06428313255310059, 4.182922124862671, 0.049397110397972566, 43000, 0.21662407290720925
24, 4, 6, fdbscan_dynamic_noncore, 0.75, 10, 10, , 20, 43, 0.06396484375, 4.246886968612671, 0.04612720999471015, 44000, 0.2111764276825849
24, 4, 6, fdbscan_dynamic_noncore, 0.75, 10, 10, , 20, 44, 0.06400299072265625, 4.310889959335327, 0.04374229140805559, 45000, 0.20709624415025216
24, 4, 6, fdbscan_dynamic_noncore, 0.75, 10, 10, , 20, 45, 0.06379294395446777, 4.374682903289795, 0.04183129643130995, 46000, 0.20374906067434856
24, 4, 6, fdbscan_dynamic_noncore, 0.75, 10, 10, , 20, 46, 0.06430625915527344, 4.438989162445068, 0.040469853116506395, 47000, 0.20101916159375766
24, 4, 6, fdbscan_dynamic_noncore, 0.75, 10, 10, , 20, 47, 0.06397294998168945, 4.502962112426758, 0.03946590546551161, 48000, 0.1987167409995633
24, 4, 6, fdbscan_dynamic_noncore, 0.75, 10, 10, , 20, 48, 0.0646510124206543, 4.567613124847412, 0.038728902828380624, 49000, 0.19647802901700784
24, 4, 6, fdbscan_dynamic_noncore, 0.75, 10, 10, , 20, 49, 0.0650780200958252, 4.632691144943237, 0.03570148249711628, 50000, 0.19032020903776167
24, 4, 6, fdbscan_dynamic_noncore, 0.75, 10, 10, , 20, 50, 0.06552386283874512, 4.698215007781982, 0.033396743497703774, 51000, 0.1866332756137135
24, 4, 6, fdbscan_dynamic_noncore, 0.75, 10, 10, , 20, 51, 0.06680893898010254, 4.765023946762085, 0.031700843217914845, 52000, 0.18384125768327103
24, 4, 6, fdbscan_dynamic_noncore, 0.75, 10, 10, , 20, 52, 0.06691312789916992, 4.831937074661255, 0.03051884053152711, 53000, 0.181594354307984
24, 4, 6, fdbscan_dynamic_noncore, 0.75, 10, 10, , 20, 53, 0.06847596168518066, 4.9004130363464355, 0.029776954841609075, 54000, 0.179570062766544
24, 4, 6, fdbscan_dynamic_noncore, 0.75, 10, 10, , 20, 54, 0.06798815727233887, 4.968401193618774, 0.029393453090118468, 55000, 0.17798148406695743
24, 4, 6, fdbscan_dynamic_noncore, 0.75, 10, 10, , 20, 55, 0.0703129768371582, 5.038714170455933, 0.029321612227199503, 56000, 0.17661230438150313
24, 4, 6, fdbscan_dynamic_noncore, 0.75, 10, 10, , 20, 56, 0.06609201431274414, 5.104806184768677, 0.027318489464559212, 57000, 0.17173450622421205
24, 4, 6, fdbscan_dynamic_noncore, 0.75, 10, 10, , 20, 57, 0.06468725204467773, 5.1694934368133545, 0.025771351816511703, 58000, 0.16872577401031136
24, 4, 6, fdbscan_dynamic_noncore, 0.75, 10, 10, , 20, 58, 0.06509613990783691, 5.234589576721191, 0.024616057653243532, 59000, 0.16640290773945474
24, 4, 6, fdbscan_dynamic_noncore, 0.75, 10, 10, , 20, 59, 0.15135407447814941, 5.385943651199341, 0.023797990503970037, 60000, 0.16450305394901027
24, 4, 6, fdbscan_dynamic_noncore, 0.75, 10, 10, , 20, 60, 0.06613779067993164, 5.4520814418792725, 0.02327049326761077, 61000, 0.16290047280568115
24, 4, 6, fdbscan_dynamic_noncore, 0.75, 10, 10, , 20, 61, 0.0652778148651123, 5.517359256744385, 0.022993587425128796, 62000, 0.16152143504171038
24, 4, 6, fdbscan_dynamic_noncore, 0.75, 10, 10, , 20, 62, 0.0652930736541748, 5.58265233039856, 0.02293263147835977, 63000, 0.16024262256347976
24, 4, 6, fdbscan_dynamic_noncore, 0.75, 10, 10, , 20, 63, 0.06541085243225098, 5.6480631828308105, 0.021542759814711196, 64000, 0.15629418511162835
24, 4, 6, fdbscan_dynamic_noncore, 0.75, 10, 10, , 20, 64, 0.0654299259185791, 5.71349310874939, 0.020457235722814958, 65000, 0.15380120283028734
24, 4, 6, fdbscan_dynamic_noncore, 0.75, 10, 10, , 20, 65, 0.06562590599060059, 5.77911901473999, 0.01963741514479505, 66000, 0.15184731678677044
24, 4, 6, fdbscan_dynamic_noncore, 0.75, 10, 10, , 20, 66, 0.0663759708404541, 5.845494985580444, 0.019049837535876524, 67000, 0.1502290355386308
24, 4, 6, fdbscan_dynamic_noncore, 0.75, 10, 10, , 20, 67, 0.06602907180786133, 5.911524057388306, 0.018665452635399798, 68000, 0.14884869808785242
24, 4, 6, fdbscan_dynamic_noncore, 0.75, 10, 10, , 20, 68, 0.06615304946899414, 5.9776771068573, 0.01845897562409421, 69000, 0.14764879279556553
24, 4, 6, fdbscan_dynamic_noncore, 0.75, 10, 10, , 20, 69, 0.06627702713012695, 6.043954133987427, 0.018408347135114238, 70000, 0.146591572346417
25, 1, 7, dynamic_dbscan, 0.75, 10, 10, 20, , 0, 0.03220987319946289, 0.03220987319946289, 1.0, 1000, 1.0
25, 1, 7, dynamic_dbscan, 0.75, 10, 10, 20, , 1, 0.037941932678222656, 0.07015180587768555, 0.0, 2000, 0.0
25, 1, 7, dynamic_dbscan, 0.75, 10, 10, 20, , 2, 0.044206857681274414, 0.11435866355895996, 0.0, 3000, 0.0
25, 1, 7, dynamic_dbscan, 0.75, 10, 10, 20, , 3, 0.04299497604370117, 0.15735363960266113, 0.0, 4000, 0.0
25, 1, 7, dynamic_dbscan, 0.75, 10, 10, 20, , 4, 0.05984687805175781, 0.21720051765441895, 0.0, 5000, 0.0
25, 1, 7, dynamic_dbscan, 0.75, 10, 10, 20, , 5, 0.05998396873474121, 0.27718448638916016, 0.0, 6000, 0.0
25, 1, 7, dynamic_dbscan, 0.75, 10, 10, 20, , 6, 0.11375689506530762, 0.3909413814544678, 0.0, 7000, 0.0
25, 1, 7, dynamic_dbscan, 0.75, 10, 10, 20, , 7, 0.04616284370422363, 0.4371042251586914, -0.004699579396758886, 8000, 0.1308119423817195
25, 1, 7, dynamic_dbscan, 0.75, 10, 10, 20, , 8, 0.08768892288208008, 0.5247931480407715, 0.1823121128939116, 9000, 0.2807398775017224
25, 1, 7, dynamic_dbscan, 0.75, 10, 10, 20, , 9, 0.09915685653686523, 0.6239500045776367, 0.25118132386099357, 10000, 0.33834763741739177
25, 1, 7, dynamic_dbscan, 0.75, 10, 10, 20, , 10, 0.14400219917297363, 0.7679522037506104, 0.15302632531369206, 11000, 0.10826057183242485
25, 1, 7, dynamic_dbscan, 0.75, 10, 10, 20, , 11, 0.18317008018493652, 0.9511222839355469, 0.16848343203712499, 12000, 0.12575188617579458
25, 1, 7, dynamic_dbscan, 0.75, 10, 10, 20, , 12, 0.13798809051513672, 1.0891103744506836, 0.19679195743419473, 13000, 0.15318046343504263
25, 1, 7, dynamic_dbscan, 0.75, 10, 10, 20, , 13, 0.13986706733703613, 1.2289774417877197, 0.2102488652061857, 14000, 0.1638629523978401
25, 1, 7, dynamic_dbscan, 0.75, 10, 10, 20, , 14, 0.06740403175354004, 1.2963814735412598, 0.18549610944713135, 15000, 0.18141482657824787
25, 1, 7, dynamic_dbscan, 0.75, 10, 10, 20, , 15, 0.0757758617401123, 1.372157335281372, 0.17586549406334737, 16000, 0.19926876550699357
25, 1, 7, dynamic_dbscan, 0.75, 10, 10, 20, , 16, 0.07456684112548828, 1.4467241764068604, 0.17187673077332435, 17000, 0.20328867020223995
25, 1, 7, dynamic_dbscan, 0.75, 10, 10, 20, , 17, 0.07937288284301758, 1.526097059249878, 0.17450437702897892, 18000, 0.2055988427360084
25, 1, 7, dynamic_dbscan, 0.75, 10, 10, 20, , 18, 0.15775394439697266, 1.6838510036468506, 0.17868593144134315, 19000, 0.2041706138938055
25, 1, 7, dynamic_dbscan, 0.75, 10, 10, 20, , 19, 0.0899648666381836, 1.7738158702850342, 0.18728879354841774, 20000, 0.2082994436430764
25, 1, 7, dynamic_dbscan, 0.75, 10, 10, 20, , 20, 0.09509515762329102, 1.8689110279083252, 0.18709901470726395, 21000, 0.19624150391246425
25, 1, 7, dynamic_dbscan, 0.75, 10, 10, 20, , 21, 0.08353090286254883, 1.952441930770874, 0.16093353151176845, 22000, 0.18964574138653653
25, 1, 7, dynamic_dbscan, 0.75, 10, 10, 20, , 22, 0.08464407920837402, 2.037086009979248, 0.1456228602635598, 23000, 0.18949022666152418
25, 1, 7, dynamic_dbscan, 0.75, 10, 10, 20, , 23, 0.08996796607971191, 2.12705397605896, 0.1382971373553618, 24000, 0.1859473123726003
25, 1, 7, dynamic_dbscan, 0.75, 10, 10, 20, , 24, 0.09270405769348145, 2.2197580337524414, 0.13224978362043932, 25000, 0.1775499897499994
25, 1, 7, dynamic_dbscan, 0.75, 10, 10, 20, , 25, 0.10074615478515625, 2.3205041885375977, 0.12479892133596143, 26000, 0.16522487800284108
25, 1, 7, dynamic_dbscan, 0.75, 10, 10, 20, , 26, 0.1802518367767334, 2.500756025314331, 0.1189386073489478, 27000, 0.15725814785489076
25, 1, 7, dynamic_dbscan, 0.75, 10, 10, 20, , 27, 0.10404706001281738, 2.6048030853271484, 0.11262261087581303, 28000, 0.14830714308018642
25, 1, 7, dynamic_dbscan, 0.75, 10, 10, 20, , 28, 0.09091901779174805, 2.6957221031188965, 0.09845999494931432, 29000, 0.14735734285960891
25, 1, 7, dynamic_dbscan, 0.75, 10, 10, 20, , 29, 0.09069991111755371, 2.78642201423645, 0.08943947991923788, 30000, 0.1483406972301034
25, 1, 7, dynamic_dbscan, 0.75, 10, 10, 20, , 30, 0.08624100685119629, 2.8726630210876465, 0.08398396805286695, 31000, 0.14662078630259257
25, 1, 7, dynamic_dbscan, 0.75, 10, 10, 20, , 31, 0.09987092018127441, 2.972533941268921, 0.08220315976043505, 32000, 0.14910528334386638
25, 1, 7, dynamic_dbscan, 0.75, 10, 10, 20, , 32, 0.0944209098815918, 3.0669548511505127, 0.08245073682197476, 33000, 0.1517743889099776
25, 1, 7, dynamic_dbscan, 0.75, 10, 10, 20, , 33, 0.11029672622680664, 3.1772515773773193, 0.08291549582692158, 34000, 0.15195636843880342
25, 1, 7, dynamic_dbscan, 0.75, 10, 10, 20, , 34, 0.09996485710144043, 3.2772164344787598, 0.08460339632429151, 35000, 0.15363328220145617
25, 1, 7, dynamic_dbscan, 0.75, 10, 10, 20, , 35, 0.11767101287841797, 3.3948874473571777, 0.07738540894494189, 36000, 0.14883117503552942
25, 1, 7, dynamic_dbscan, 0.75, 10, 10, 20, , 36, 0.11500906944274902, 3.5098965167999268, 0.07294612184266627, 37000, 0.1408128500742848
25, 1, 7, dynamic_dbscan, 0.75, 10, 10, 20, , 37, 0.22397518157958984, 3.7338716983795166, 0.07030778708324793, 38000, 0.13754988640926175
25, 1, 7, dynamic_dbscan, 0.75, 10, 10, 20, , 38, 0.12736010551452637, 3.861231803894043, 0.06744176832452352, 39000, 0.1333021628645072
25, 1, 7, dynamic_dbscan, 0.75, 10, 10, 20, , 39, 0.1433882713317871, 4.00462007522583, 0.06496676154629975, 40000, 0.13001430565000383
25, 1, 7, dynamic_dbscan, 0.75, 10, 10, 20, , 40, 0.12467193603515625, 4.129292011260986, 0.06225325746429594, 41000, 0.1281535294280127
25, 1, 7, dynamic_dbscan, 0.75, 10, 10, 20, , 41, 0.1346569061279297, 4.263948917388916, 0.05976970703021016, 42000, 0.12679367043698603
25, 1, 7, dynamic_dbscan, 0.75, 10, 10, 20, , 42, 0.11186099052429199, 4.375809907913208, 0.05507709066926658, 43000, 0.12195595150842108
25, 1, 7, dynamic_dbscan, 0.75, 10, 10, 20, , 43, 0.11052322387695312, 4.486333131790161, 0.05160782788321087, 44000, 0.11815253459194731
25, 1, 7, dynamic_dbscan, 0.75, 10, 10, 20, , 44, 0.12897515296936035, 4.6153082847595215, 0.0489958912673819, 45000, 0.11428648231826458
25, 1, 7, dynamic_dbscan, 0.75, 10, 10, 20, , 45, 0.13893699645996094, 4.754245281219482, 0.047073487752963585, 46000, 0.11176990985866167
25, 1, 7, dynamic_dbscan, 0.75, 10, 10, 20, , 46, 0.15264415740966797, 4.90688943862915, 0.04522962403920296, 47000, 0.10780230120333256
25, 1, 7, dynamic_dbscan, 0.75, 10, 10, 20, , 47, 0.15593194961547852, 5.062821388244629, 0.04355921834360071, 48000, 0.10485312518358303
25, 1, 7, dynamic_dbscan, 0.75, 10, 10, 20, , 48, 0.14458584785461426, 5.207407236099243, 0.04203580367448513, 49000, 0.10244582172935716
25, 1, 7, dynamic_dbscan, 0.75, 10, 10, 20, , 49, 0.17559075355529785, 5.382997989654541, 0.042810399011823895, 50000, 0.10257568613767051
25, 1, 7, dynamic_dbscan, 0.75, 10, 10, 20, , 50, 0.3167879581451416, 5.699785947799683, 0.044552762325518816, 51000, 0.10383473805927802
25, 1, 7, dynamic_dbscan, 0.75, 10, 10, 20, , 51, 0.20331311225891113, 5.903099060058594, 0.04665110465266617, 52000, 0.10761683363718062
25, 1, 7, dynamic_dbscan, 0.75, 10, 10, 20, , 52, 0.23681211471557617, 6.13991117477417, 0.05047444934911557, 53000, 0.11606423207251113
25, 1, 7, dynamic_dbscan, 0.75, 10, 10, 20, , 53, 0.240462064743042, 6.380373239517212, 0.055171633829838515, 54000, 0.12351795928024362
25, 1, 7, dynamic_dbscan, 0.75, 10, 10, 20, , 54, 0.2368161678314209, 6.617189407348633, 0.05967067594568653, 55000, 0.12957764985667908
25, 1, 7, dynamic_dbscan, 0.75, 10, 10, 20, , 55, 0.21551299095153809, 6.832702398300171, 0.06514326383850277, 56000, 0.13524078878549292
25, 1, 7, dynamic_dbscan, 0.75, 10, 10, 20, , 56, 0.14087295532226562, 6.9735753536224365, 0.06130989275322058, 57000, 0.1356097203342956
25, 1, 7, dynamic_dbscan, 0.75, 10, 10, 20, , 57, 0.13837385177612305, 7.11194920539856, 0.058720592942053895, 58000, 0.1373748665647026
25, 1, 7, dynamic_dbscan, 0.75, 10, 10, 20, , 58, 0.1357560157775879, 7.2477052211761475, 0.05729604517539919, 59000, 0.1392096881700284
25, 1, 7, dynamic_dbscan, 0.75, 10, 10, 20, , 59, 0.15030574798583984, 7.398010969161987, 0.05683997323270094, 60000, 0.14093273610879944
25, 1, 7, dynamic_dbscan, 0.75, 10, 10, 20, , 60, 0.16768622398376465, 7.565697193145752, 0.05723682599445193, 61000, 0.1427305177469262
25, 1, 7, dynamic_dbscan, 0.75, 10, 10, 20, , 61, 0.17894601821899414, 7.744643211364746, 0.05836276698050938, 62000, 0.14447572216428511
25, 1, 7, dynamic_dbscan, 0.75, 10, 10, 20, , 62, 0.14619231224060059, 7.890835523605347, 0.059916561965354095, 63000, 0.14775638867933394
25, 1, 7, dynamic_dbscan, 0.75, 10, 10, 20, , 63, 0.14015698432922363, 8.03099250793457, 0.05766069399864618, 64000, 0.14659592997604426
25, 1, 7, dynamic_dbscan, 0.75, 10, 10, 20, , 64, 0.16820383071899414, 8.199196338653564, 0.056189105148469996, 65000, 0.14523144001078048
25, 1, 7, dynamic_dbscan, 0.75, 10, 10, 20, , 65, 0.1833500862121582, 8.382546424865723, 0.0552993463825054, 66000, 0.14403673382170443
25, 1, 7, dynamic_dbscan, 0.75, 10, 10, 20, , 66, 0.29851508140563965, 8.681061506271362, 0.05401632349744611, 67000, 0.1419508535221153
25, 1, 7, dynamic_dbscan, 0.75, 10, 10, 20, , 67, 0.1795787811279297, 8.860640287399292, 0.052930101291162546, 68000, 0.13961986411187916
25, 1, 7, dynamic_dbscan, 0.75, 10, 10, 20, , 68, 0.21021318435668945, 9.070853471755981, 0.05184918098161062, 69000, 0.13795689589409763
25, 1, 7, dynamic_dbscan, 0.75, 10, 10, 20, , 69, 0.20215797424316406, 9.273011445999146, 0.05079820515104053, 70000, 0.13686454237894916
26, 2, 7, sklearn_dynamic, 0.75, 10, , , , 0, 0.002043008804321289, 0.002043008804321289, 1.0, 1000, 1.0
26, 2, 7, sklearn_dynamic, 0.75, 10, , , , 1, 0.0037839412689208984, 0.0058269500732421875, 0.0, 2000, 0.0
26, 2, 7, sklearn_dynamic, 0.75, 10, , , , 2, 0.00800466537475586, 0.013831615447998047, 0.0, 3000, 0.0
26, 2, 7, sklearn_dynamic, 0.75, 10, , , , 3, 0.010360956192016602, 0.02419257164001465, 0.0, 4000, 0.0
26, 2, 7, sklearn_dynamic, 0.75, 10, , , , 4, 0.017825841903686523, 0.04201841354370117, 0.0, 5000, 0.0
26, 2, 7, sklearn_dynamic, 0.75, 10, , , , 5, 0.021564960479736328, 0.0635833740234375, 0.0, 6000, 0.0
26, 2, 7, sklearn_dynamic, 0.75, 10, , , , 6, 0.03011798858642578, 0.09370136260986328, 0.0, 7000, 0.0
26, 2, 7, sklearn_dynamic, 0.75, 10, , , , 7, 0.03723716735839844, 0.13093852996826172, -0.009867197408506594, 8000, 0.003857997915891353
26, 2, 7, sklearn_dynamic, 0.75, 10, , , , 8, 0.03103780746459961, 0.16197633743286133, -0.007457038873707013, 9000, 0.0047522129704621295
26, 2, 7, sklearn_dynamic, 0.75, 10, , , , 9, 0.041174888610839844, 0.20315122604370117, -0.0053921153996745385, 10000, 0.005333409849859496
26, 2, 7, sklearn_dynamic, 0.75, 10, , , , 10, 0.04346823692321777, 0.24661946296691895, 0.008682224230561192, 11000, 0.027670634266098594
26, 2, 7, sklearn_dynamic, 0.75, 10, , , , 11, 0.05507087707519531, 0.30169034004211426, 0.012492952676245861, 12000, 0.04309079660705694
26, 2, 7, sklearn_dynamic, 0.75, 10, , , , 12, 0.06254005432128906, 0.3642303943634033, 0.009033745530076383, 13000, 0.05175375614817608
26, 2, 7, sklearn_dynamic, 0.75, 10, , , , 13, 0.0686960220336914, 0.4329264163970947, 0.002981566347828419, 14000, 0.061292998984874426
26, 2, 7, sklearn_dynamic, 0.75, 10, , , , 14, 0.07591700553894043, 0.5088434219360352, -0.004721786961181467, 15000, 0.052722916563415684
26, 2, 7, sklearn_dynamic, 0.75, 10, , , , 15, 0.08094310760498047, 0.5897865295410156, -0.007136638434621867, 16000, 0.050148746744398315
26, 2, 7, sklearn_dynamic, 0.75, 10, , , , 16, 0.09914278984069824, 0.6889293193817139, -0.006991933415448355, 17000, 0.0489607223136929
26, 2, 7, sklearn_dynamic, 0.75, 10, , , , 17, 0.10792922973632812, 0.796858549118042, -0.005552458485549559, 18000, 0.04837849288040424
26, 2, 7, sklearn_dynamic, 0.75, 10, , , , 18, 0.12641406059265137, 0.9232726097106934, -0.003457680676168741, 19000, 0.0481120911472617
26, 2, 7, sklearn_dynamic, 0.75, 10, , , , 19, 0.1324448585510254, 1.0557174682617188, -0.0010499741399541342, 20000, 0.04802633517936375
26, 2, 7, sklearn_dynamic, 0.75, 10, , , , 20, 0.13980484008789062, 1.1955223083496094, 0.0014805518300241571, 21000, 0.04804975761860554
26, 2, 7, sklearn_dynamic, 0.75, 10, , , , 21, 0.16393613815307617, 1.3594584465026855, -0.0005680745205630583, 22000, 0.043468948151884755
26, 2, 7, sklearn_dynamic, 0.75, 10, , , , 22, 0.16235637664794922, 1.5218148231506348, -0.0014832489580979956, 23000, 0.041468909637662275
26, 2, 7, sklearn_dynamic, 0.75, 10, , , , 23, 0.18530702590942383, 1.7071218490600586, -0.0016768781034334627, 24000, 0.04023793565461353
26, 2, 7, sklearn_dynamic, 0.75, 10, , , , 24, 0.20738506317138672, 1.9145069122314453, -0.0014031586915816596, 25000, 0.03940651655138053
26, 2, 7, sklearn_dynamic, 0.75, 10, , , , 25, 0.22788381576538086, 2.142390727996826, -0.0008245931353542117, 26000, 0.03881687321255421
26, 2, 7, sklearn_dynamic, 0.75, 10, , , , 26, 0.22642087936401367, 2.36881160736084, -4.794743474563194e-05, 27000, 0.03838624544992197
26, 2, 7, sklearn_dynamic, 0.75, 10, , , , 27, 0.2604949474334717, 2.6293065547943115, 0.0008551293546670443, 28000, 0.03806601137153685
26, 2, 7, sklearn_dynamic, 0.75, 10, , , , 28, 0.29187989234924316, 2.9211864471435547, 3.7055995062650675e-05, 29000, 0.03541218783381942
26, 2, 7, sklearn_dynamic, 0.75, 10, , , , 29, 0.29518675804138184, 3.2163732051849365, -0.00038128832813152106, 30000, 0.03407343661768871
26, 2, 7, sklearn_dynamic, 0.75, 10, , , , 30, 0.3486368656158447, 3.5650100708007812, -0.0005183125220359363, 31000, 0.033575500404323416
26, 2, 7, sklearn_dynamic, 0.75, 10, , , , 31, 0.3447537422180176, 3.909763813018799, -0.0004449295199228646, 32000, 0.03289663308067501
26, 2, 7, sklearn_dynamic, 0.75, 10, , , , 32, 0.3381779193878174, 4.247941732406616, -0.00021650282094852344, 33000, 0.032377571713470665
26, 2, 7, sklearn_dynamic, 0.75, 10, , , , 33, 0.34912705421447754, 4.597068786621094, 0.000124964071241051, 34000, 0.031969199471132456
26, 2, 7, sklearn_dynamic, 0.75, 10, , , , 34, 0.3881070613861084, 4.985175848007202, 0.0005485090341815982, 35000, 0.03164141887521945
26, 2, 7, sklearn_dynamic, 0.75, 10, , , , 35, 0.4097120761871338, 5.394887924194336, 0.00013710038584703667, 36000, 0.029928013075527882
26, 2, 7, sklearn_dynamic, 0.75, 10, , , , 36, 0.41147685050964355, 5.8063647747039795, 0.000922448765183761, 37000, 0.033803307312632966
26, 2, 7, sklearn_dynamic, 0.75, 10, , , , 37, 0.4481651782989502, 6.25452995300293, 0.0011962942885521827, 38000, 0.03564800274568677
26, 2, 7, sklearn_dynamic, 0.75, 10, , , , 38, 0.45697617530822754, 6.711506128311157, 0.0015692652955479494, 39000, 0.03900470838866388
26, 2, 7, sklearn_dynamic, 0.75, 10, , , , 39, 0.49544596672058105, 7.206952095031738, 0.001511003511186173, 40000, 0.04121088116708229
26, 2, 7, sklearn_dynamic, 0.75, 10, , , , 40, 0.5255570411682129, 7.732509136199951, 0.0011912311510086176, 41000, 0.04315956615676982
26, 2, 7, sklearn_dynamic, 0.75, 10, , , , 41, 0.5975110530853271, 8.330020189285278, 0.0006352501568536954, 42000, 0.04444501089715716
26, 2, 7, sklearn_dynamic, 0.75, 10, , , , 42, 0.581697940826416, 8.911718130111694, 0.00025089002275117077, 43000, 0.04253381433713608
26, 2, 7, sklearn_dynamic, 0.75, 10, , , , 43, 0.6032712459564209, 9.514989376068115, 2.3496806221771828e-05, 44000, 0.041749114916349514
26, 2, 7, sklearn_dynamic, 0.75, 10, , , , 44, 0.6256580352783203, 10.140647411346436, 1.3576329013488512e-05, 45000, 0.04146161323657333
26, 2, 7, sklearn_dynamic, 0.75, 10, , , , 45, 0.6920680999755859, 10.832715511322021, 4.3066495346814684e-05, 46000, 0.04102663208364255
26, 2, 7, sklearn_dynamic, 0.75, 10, , , , 46, 0.7087910175323486, 11.54150652885437, 0.00023805011547133143, 47000, 0.0417973250025539
26, 2, 7, sklearn_dynamic, 0.75, 10, , , , 47, 0.7057299613952637, 12.247236490249634, 0.00035869655531325744, 48000, 0.042007505899765984
26, 2, 7, sklearn_dynamic, 0.75, 10, , , , 48, 0.7377810478210449, 12.985017538070679, 0.0004626087663024269, 49000, 0.04213240029082586
26, 2, 7, sklearn_dynamic, 0.75, 10, , , , 49, 0.7653160095214844, 13.750333547592163, 0.00039997692193262813, 50000, 0.04194230027825486
26, 2, 7, sklearn_dynamic, 0.75, 10, , , , 50, 0.844707727432251, 14.595041275024414, 0.0006569201534412379, 51000, 0.04363900728960738
26, 2, 7, sklearn_dynamic, 0.75, 10, , , , 51, 0.9292349815368652, 15.52427625656128, 0.0009298924488238662, 52000, 0.04582926302415734
26, 2, 7, sklearn_dynamic, 0.75, 10, , , , 52, 0.9132258892059326, 16.437502145767212, 0.001679851738839458, 53000, 0.052599306024474046
26, 2, 7, sklearn_dynamic, 0.75, 10, , , , 53, 0.9044170379638672, 17.34191918373108, 0.0016897238407249373, 54000, 0.055765997198413554
26, 2, 7, sklearn_dynamic, 0.75, 10, , , , 54, 1.043506145477295, 18.385425329208374, 0.0014744371708793052, 55000, 0.05942682182383277
26, 2, 7, sklearn_dynamic, 0.75, 10, , , , 55, 1.2476332187652588, 19.633058547973633, 0.0011152852917721693, 56000, 0.06473056157652482
26, 2, 7, sklearn_dynamic, 0.75, 10, , , , 56, 1.0056049823760986, 20.63866353034973, 0.0007687923703681837, 57000, 0.06283517691290286
26, 2, 7, sklearn_dynamic, 0.75, 10, , , , 57, 1.1073579788208008, 21.746021509170532, 0.0005628236339916342, 58000, 0.06161850428733799
26, 2, 7, sklearn_dynamic, 0.75, 10, , , , 58, 1.1133158206939697, 22.859337329864502, 0.0004626829209230303, 59000, 0.06071941676669152
26, 2, 7, sklearn_dynamic, 0.75, 10, , , , 59, 1.142909288406372, 24.002246618270874, 0.0004598643008229359, 60000, 0.05998724757311924
26, 2, 7, sklearn_dynamic, 0.75, 10, , , , 60, 1.190708875656128, 25.192955493927002, 0.0005400579019046867, 61000, 0.05937188091983029
26, 2, 7, sklearn_dynamic, 0.75, 10, , , , 61, 1.2581348419189453, 26.451090335845947, 0.0006910897365512468, 62000, 0.058844076358110474
26, 2, 7, sklearn_dynamic, 0.75, 10, , , , 62, 1.3000881671905518, 27.7511785030365, 0.0009025676256532322, 63000, 0.05838479914788318
26, 2, 7, sklearn_dynamic, 0.75, 10, , , , 63, 1.2626821994781494, 29.01386070251465, 0.0006606541893034025, 64000, 0.05687009793540224
26, 2, 7, sklearn_dynamic, 0.75, 10, , , , 64, 1.366152048110962, 30.38001275062561, 0.0005094652009461568, 65000, 0.05591832095590461
26, 2, 7, sklearn_dynamic, 0.75, 10, , , , 65, 1.4296889305114746, 31.809701681137085, 0.0004407962606934902, 66000, 0.05515052235632173
26, 2, 7, sklearn_dynamic, 0.75, 10, , , , 66, 1.520021915435791, 33.329723596572876, 0.0004352365755772231, 67000, 0.05453377013123099
26, 2, 7, sklearn_dynamic, 0.75, 10, , , , 67, 1.4513330459594727, 34.78105664253235, 0.000488968386191318, 68000, 0.0540095059420855
26, 2, 7, sklearn_dynamic, 0.75, 10, , , , 68, 1.5862152576446533, 36.367271900177, 0.0005941928393070661, 69000, 0.05355516008654487
26, 2, 7, sklearn_dynamic, 0.75, 10, , , , 69, 1.724355697631836, 38.09162759780884, 0.0007441397186975099, 70000, 0.053155970801310376
27, 3, 7, fdbscan_dynamic_naive, 0.75, 10, 10, , , 0, 0.06831097602844238, 0.06831097602844238, 1.0, 1000, 1.0
27, 3, 7, fdbscan_dynamic_naive, 0.75, 10, 10, , , 1, 0.10696601867675781, 0.1752769947052002, 0.0, 2000, 0.0
27, 3, 7, fdbscan_dynamic_naive, 0.75, 10, 10, , , 2, 0.08216500282287598, 0.25744199752807617, 0.0, 3000, 0.0
27, 3, 7, fdbscan_dynamic_naive, 0.75, 10, 10, , , 3, 0.08395576477050781, 0.341397762298584, 0.0, 4000, 0.0
27, 3, 7, fdbscan_dynamic_naive, 0.75, 10, 10, , , 4, 0.08810782432556152, 0.4295055866241455, 0.0, 5000, 0.0
27, 3, 7, fdbscan_dynamic_naive, 0.75, 10, 10, , , 5, 0.0965421199798584, 0.5260477066040039, 0.0, 6000, 0.0
27, 3, 7, fdbscan_dynamic_naive, 0.75, 10, 10, , , 6, 0.09894490242004395, 0.6249926090240479, 0.0, 7000, 0.0
27, 3, 7, fdbscan_dynamic_naive, 0.75, 10, 10, , , 7, 0.10225200653076172, 0.7272446155548096, -0.00972541279832524, 8000, 0.07827992835490678
27, 3, 7, fdbscan_dynamic_naive, 0.75, 10, 10, , , 8, 0.1086888313293457, 0.8359334468841553, 0.19820312452626185, 9000, 0.2316524426093518
27, 3, 7, fdbscan_dynamic_naive, 0.75, 10, 10, , , 9, 0.1158909797668457, 0.951824426651001, 0.21858140281718633, 10000, 0.2659022568781939
27, 3, 7, fdbscan_dynamic_naive, 0.75, 10, 10, , , 10, 0.1119847297668457, 1.0638091564178467, 0.27601738006953647, 11000, 0.32150579065300544
27, 3, 7, fdbscan_dynamic_naive, 0.75, 10, 10, , , 11, 0.1125950813293457, 1.1764042377471924, 0.2855802651129417, 12000, 0.3422631495867345
27, 3, 7, fdbscan_dynamic_naive, 0.75, 10, 10, , , 12, 0.12435078620910645, 1.3007550239562988, 0.332073822303383, 13000, 0.3866977104888876
27, 3, 7, fdbscan_dynamic_naive, 0.75, 10, 10, , , 13, 0.23019886016845703, 1.5309538841247559, 0.34621819458002373, 14000, 0.40393001405473705
27, 3, 7, fdbscan_dynamic_naive, 0.75, 10, 10, , , 14, 0.14275121688842773, 1.6737051010131836, 0.2762899908136119, 15000, 0.3722292801113305
27, 3, 7, fdbscan_dynamic_naive, 0.75, 10, 10, , , 15, 0.19546914100646973, 1.8691742420196533, 0.23419441099557628, 16000, 0.36308459696751577
27, 3, 7, fdbscan_dynamic_naive, 0.75, 10, 10, , , 16, 0.14997506141662598, 2.0191493034362793, 0.21090845576140646, 17000, 0.35919654770450965
27, 3, 7, fdbscan_dynamic_naive, 0.75, 10, 10, , , 17, 0.21021103858947754, 2.229360342025757, 0.2000495223278604, 18000, 0.3577020516766147
27, 3, 7, fdbscan_dynamic_naive, 0.75, 10, 10, , , 18, 0.1622788906097412, 2.391639232635498, 0.19728917303728843, 19000, 0.35741213965018065
27, 3, 7, fdbscan_dynamic_naive, 0.75, 10, 10, , , 19, 0.17716097831726074, 2.568800210952759, 0.1996946304865364, 20000, 0.3576139432758181
27, 3, 7, fdbscan_dynamic_naive, 0.75, 10, 10, , , 20, 0.22737717628479004, 2.796177387237549, 0.20529191848507397, 21000, 0.35805754533748346
27, 3, 7, fdbscan_dynamic_naive, 0.75, 10, 10, , , 21, 0.17734909057617188, 2.9735264778137207, 0.17199945975914482, 22000, 0.332461094381118
27, 3, 7, fdbscan_dynamic_naive, 0.75, 10, 10, , , 22, 0.24161100387573242, 3.215137481689453, 0.1497513293956329, 23000, 0.32024975312523174
27, 3, 7, fdbscan_dynamic_naive, 0.75, 10, 10, , , 23, 0.20230460166931152, 3.4174420833587646, 0.13765959235515593, 24000, 0.31402553457123283
27, 3, 7, fdbscan_dynamic_naive, 0.75, 10, 10, , , 24, 0.25385618209838867, 3.6712982654571533, 0.1285341013133026, 25000, 0.3080585806221668
27, 3, 7, fdbscan_dynamic_naive, 0.75, 10, 10, , , 25, 0.1961688995361328, 3.867467164993286, 0.12313595939552081, 26000, 0.3040468729096399
27, 3, 7, fdbscan_dynamic_naive, 0.75, 10, 10, , , 26, 0.2593710422515869, 4.126838207244873, 0.12085155980892524, 27000, 0.3021467718932576
27, 3, 7, fdbscan_dynamic_naive, 0.75, 10, 10, , , 27, 0.20325016975402832, 4.330088376998901, 0.11956544166908481, 28000, 0.3002311497619151
27, 3, 7, fdbscan_dynamic_naive, 0.75, 10, 10, , , 28, 0.21173977851867676, 4.541828155517578, 0.10376708293248087, 29000, 0.28449498929930717
27, 3, 7, fdbscan_dynamic_naive, 0.75, 10, 10, , , 29, 0.2759590148925781, 4.817787170410156, 0.09262379689983255, 30000, 0.2765750374299505
27, 3, 7, fdbscan_dynamic_naive, 0.75, 10, 10, , , 30, 0.28229713439941406, 5.10008430480957, 0.08510044797738717, 31000, 0.27118625039026517
27, 3, 7, fdbscan_dynamic_naive, 0.75, 10, 10, , , 31, 0.22737669944763184, 5.327461004257202, 0.08032404684848654, 32000, 0.26731529645082025
27, 3, 7, fdbscan_dynamic_naive, 0.75, 10, 10, , , 32, 0.2984461784362793, 5.6259071826934814, 0.07798096638475295, 33000, 0.26360746085082154
27, 3, 7, fdbscan_dynamic_naive, 0.75, 10, 10, , , 33, 0.24246001243591309, 5.8683671951293945, 0.07666782508820039, 34000, 0.26114288827145365
27, 3, 7, fdbscan_dynamic_naive, 0.75, 10, 10, , , 34, 0.3092339038848877, 6.177601099014282, 0.07659735515495891, 35000, 0.2589614696869946
27, 3, 7, fdbscan_dynamic_naive, 0.75, 10, 10, , , 35, 0.2407691478729248, 6.418370246887207, 0.06818120491251377, 36000, 0.24812149122351726
27, 3, 7, fdbscan_dynamic_naive, 0.75, 10, 10, , , 36, 0.3203561305999756, 6.738726377487183, 0.06356717425270776, 37000, 0.2454510086693315
27, 3, 7, fdbscan_dynamic_naive, 0.75, 10, 10, , , 37, 0.24834704399108887, 6.9870734214782715, 0.060775986817730054, 38000, 0.24540918225176397
27, 3, 7, fdbscan_dynamic_naive, 0.75, 10, 10, , , 38, 0.3276669979095459, 7.314740419387817, 0.0614724473144982, 39000, 0.2533031703392639
27, 3, 7, fdbscan_dynamic_naive, 0.75, 10, 10, , , 39, 0.2543349266052246, 7.569075345993042, 0.05974481446860797, 40000, 0.25547662015234013
27, 3, 7, fdbscan_dynamic_naive, 0.75, 10, 10, , , 40, 0.3369100093841553, 7.905985355377197, 0.05864615711947379, 41000, 0.2607991765820061
27, 3, 7, fdbscan_dynamic_naive, 0.75, 10, 10, , , 41, 0.2711811065673828, 8.17716646194458, 0.05693009686566833, 42000, 0.2651283915664999
27, 3, 7, fdbscan_dynamic_naive, 0.75, 10, 10, , , 42, 0.3537418842315674, 8.530908346176147, 0.051831890360029845, 43000, 0.25561920561252394
27, 3, 7, fdbscan_dynamic_naive, 0.75, 10, 10, , , 43, 0.28319382667541504, 8.814102172851562, 0.0481870057827448, 44000, 0.2503473564376562
27, 3, 7, fdbscan_dynamic_naive, 0.75, 10, 10, , , 44, 0.4300651550292969, 9.24416732788086, 0.045926735414753485, 45000, 0.24509508968167096
27, 3, 7, fdbscan_dynamic_naive, 0.75, 10, 10, , , 45, 0.4012739658355713, 9.64544129371643, 0.04428638257983586, 46000, 0.24257124049214568
27, 3, 7, fdbscan_dynamic_naive, 0.75, 10, 10, , , 46, 0.2950420379638672, 9.940483331680298, 0.04353936590640865, 47000, 0.23888735958151486
27, 3, 7, fdbscan_dynamic_naive, 0.75, 10, 10, , , 47, 0.38541507720947266, 10.32589840888977, 0.04253585214562656, 48000, 0.23659320118998828
27, 3, 7, fdbscan_dynamic_naive, 0.75, 10, 10, , , 48, 0.30773496627807617, 10.633633375167847, 0.04167915414926014, 49000, 0.2348115147264104
27, 3, 7, fdbscan_dynamic_naive, 0.75, 10, 10, , , 49, 0.39682793617248535, 11.030461311340332, 0.03966728388849679, 50000, 0.23124533715468445
27, 3, 7, fdbscan_dynamic_naive, 0.75, 10, 10, , , 50, 0.3150320053100586, 11.34549331665039, 0.0435692256503994, 51000, 0.24445488925493128
27, 3, 7, fdbscan_dynamic_naive, 0.75, 10, 10, , , 51, 0.42400598526000977, 11.7694993019104, 0.04978902514538263, 52000, 0.25799582010614586
27, 3, 7, fdbscan_dynamic_naive, 0.75, 10, 10, , , 52, 0.3243141174316406, 12.093813419342041, 0.05575848529400601, 53000, 0.27426571306472947
27, 3, 7, fdbscan_dynamic_naive, 0.75, 10, 10, , , 53, 0.4241950511932373, 12.518008470535278, 0.06116201083282725, 54000, 0.2882961550693457
27, 3, 7, fdbscan_dynamic_naive, 0.75, 10, 10, , , 54, 0.4461479187011719, 12.96415638923645, 0.0651259984527653, 55000, 0.28824189518609156
27, 3, 7, fdbscan_dynamic_naive, 0.75, 10, 10, , , 55, 0.34902000427246094, 13.313176393508911, 0.07233881100744152, 56000, 0.29876558997018726
27, 3, 7, fdbscan_dynamic_naive, 0.75, 10, 10, , , 56, 0.4575202465057373, 13.770696640014648, 0.06729053239344603, 57000, 0.2924725435722787
27, 3, 7, fdbscan_dynamic_naive, 0.75, 10, 10, , , 57, 0.3735470771789551, 14.144243717193604, 0.06344757335714202, 58000, 0.28872476287485555
27, 3, 7, fdbscan_dynamic_naive, 0.75, 10, 10, , , 58, 0.46735501289367676, 14.61159873008728, 0.06062701676855284, 59000, 0.28596236514215
27, 3, 7, fdbscan_dynamic_naive, 0.75, 10, 10, , , 59, 0.47462892532348633, 15.086227655410767, 0.058688523207697345, 60000, 0.28386950813494455
27, 3, 7, fdbscan_dynamic_naive, 0.75, 10, 10, , , 60, 0.3840467929840088, 15.470274448394775, 0.05758185007574205, 61000, 0.2823931809167598
27, 3, 7, fdbscan_dynamic_naive, 0.75, 10, 10, , , 61, 0.4879319667816162, 15.958206415176392, 0.057035236254108175, 62000, 0.2809341400302612
27, 3, 7, fdbscan_dynamic_naive, 0.75, 10, 10, , , 62, 0.49480700492858887, 16.45301342010498, 0.05704814806901978, 63000, 0.2797304434014421
27, 3, 7, fdbscan_dynamic_naive, 0.75, 10, 10, , , 63, 0.3993961811065674, 16.852409601211548, 0.05504089196888392, 64000, 0.2764503193842693
27, 3, 7, fdbscan_dynamic_naive, 0.75, 10, 10, , , 64, 0.5098288059234619, 17.36223840713501, 0.052414353880902355, 65000, 0.27244296279227265
27, 3, 7, fdbscan_dynamic_naive, 0.75, 10, 10, , , 65, 0.5237009525299072, 17.885939359664917, 0.05057579327294294, 66000, 0.26923133147592737
27, 3, 7, fdbscan_dynamic_naive, 0.75, 10, 10, , , 66, 0.44751691818237305, 18.33345627784729, 0.04925670959540877, 67000, 0.2670455604140251
27, 3, 7, fdbscan_dynamic_naive, 0.75, 10, 10, , , 67, 0.5500211715698242, 18.883477449417114, 0.04954827622805876, 68000, 0.26563230099059926
27, 3, 7, fdbscan_dynamic_naive, 0.75, 10, 10, , , 68, 0.4878389835357666, 19.37131643295288, 0.048965444714697555, 69000, 0.26350899432470426
27, 3, 7, fdbscan_dynamic_naive, 0.75, 10, 10, , , 69, 0.5513601303100586, 19.92267656326294, 0.04860715656549463, 70000, 0.26167657466105976
28, 4, 7, fdbscan_dynamic_noncore, 0.75, 10, 10, , 20, 0, 0.06445908546447754, 0.06445908546447754, 1.0, 1000, 1.0
28, 4, 7, fdbscan_dynamic_noncore, 0.75, 10, 10, , 20, 1, 0.0688331127166748, 0.13329219818115234, 0.0, 2000, 0.0
28, 4, 7, fdbscan_dynamic_noncore, 0.75, 10, 10, , 20, 2, 0.07256913185119629, 0.20586133003234863, 0.0, 3000, 0.0
28, 4, 7, fdbscan_dynamic_noncore, 0.75, 10, 10, , 20, 3, 0.07792401313781738, 0.283785343170166, 0.0, 4000, 0.0
28, 4, 7, fdbscan_dynamic_noncore, 0.75, 10, 10, , 20, 4, 0.08146214485168457, 0.3652474880218506, 0.0, 5000, 0.0
28, 4, 7, fdbscan_dynamic_noncore, 0.75, 10, 10, , 20, 5, 0.0874481201171875, 0.4526956081390381, 0.0, 6000, 0.0
28, 4, 7, fdbscan_dynamic_noncore, 0.75, 10, 10, , 20, 6, 0.1269068717956543, 0.5796024799346924, 0.0, 7000, 0.0
28, 4, 7, fdbscan_dynamic_noncore, 0.75, 10, 10, , 20, 7, 0.09629392623901367, 0.675896406173706, -0.011657647824997473, 8000, 0.07940950601312187
28, 4, 7, fdbscan_dynamic_noncore, 0.75, 10, 10, , 20, 8, 0.10198402404785156, 0.7778804302215576, 0.19582682070189222, 9000, 0.23563951912977318
28, 4, 7, fdbscan_dynamic_noncore, 0.75, 10, 10, , 20, 9, 0.10260319709777832, 0.8804836273193359, 0.22467894382515619, 10000, 0.27436711236791195
28, 4, 7, fdbscan_dynamic_noncore, 0.75, 10, 10, , 20, 10, 0.14601588249206543, 1.0264995098114014, 0.28784603950446414, 11000, 0.33379550949479786
28, 4, 7, fdbscan_dynamic_noncore, 0.75, 10, 10, , 20, 11, 0.11027884483337402, 1.1367783546447754, 0.3012406043874815, 12000, 0.3582258082424181
28, 4, 7, fdbscan_dynamic_noncore, 0.75, 10, 10, , 20, 12, 0.11998581886291504, 1.2567641735076904, 0.3363195802510983, 13000, 0.3895072831542747
28, 4, 7, fdbscan_dynamic_noncore, 0.75, 10, 10, , 20, 13, 0.16742992401123047, 1.424194097518921, 0.34256332465537676, 14000, 0.4000469524782512
28, 4, 7, fdbscan_dynamic_noncore, 0.75, 10, 10, , 20, 14, 0.13797903060913086, 1.5621731281280518, 0.2731992408668661, 15000, 0.37036042668570524
28, 4, 7, fdbscan_dynamic_noncore, 0.75, 10, 10, , 20, 15, 0.1840808391571045, 1.7462539672851562, 0.2316564866524588, 16000, 0.3621224925971118
28, 4, 7, fdbscan_dynamic_noncore, 0.75, 10, 10, , 20, 16, 0.14611101150512695, 1.8923649787902832, 0.20892438366706118, 17000, 0.35914233674898355
28, 4, 7, fdbscan_dynamic_noncore, 0.75, 10, 10, , 20, 17, 0.19652414321899414, 2.0888891220092773, 0.19869645287864832, 18000, 0.3583609569317063
28, 4, 7, fdbscan_dynamic_noncore, 0.75, 10, 10, , 20, 18, 0.15640497207641602, 2.2452940940856934, 0.1965972606151016, 19000, 0.35804301719199205
28, 4, 7, fdbscan_dynamic_noncore, 0.75, 10, 10, , 20, 19, 0.15961813926696777, 2.404912233352661, 0.19962324470487644, 20000, 0.35876590791009516
28, 4, 7, fdbscan_dynamic_noncore, 0.75, 10, 10, , 20, 20, 0.21119999885559082, 2.616112232208252, 0.20575823644232277, 21000, 0.35914679860647014
28, 4, 7, fdbscan_dynamic_noncore, 0.75, 10, 10, , 20, 21, 0.06206488609313965, 2.6781771183013916, 0.17214498401069733, 22000, 0.334554562800541
28, 4, 7, fdbscan_dynamic_noncore, 0.75, 10, 10, , 20, 22, 0.06225013732910156, 2.740427255630493, 0.1497478042916502, 23000, 0.3233761287115007
28, 4, 7, fdbscan_dynamic_noncore, 0.75, 10, 10, , 20, 23, 0.06227588653564453, 2.8027031421661377, 0.1353258442122505, 24000, 0.31634991669842155
28, 4, 7, fdbscan_dynamic_noncore, 0.75, 10, 10, , 20, 24, 0.062484025955200195, 2.865187168121338, 0.12670571409567255, 25000, 0.31069233495576537
28, 4, 7, fdbscan_dynamic_noncore, 0.75, 10, 10, , 20, 25, 0.06245565414428711, 2.927642822265625, 0.12209583592817658, 26000, 0.3072150897117431
28, 4, 7, fdbscan_dynamic_noncore, 0.75, 10, 10, , 20, 26, 0.06421899795532227, 2.9918618202209473, 0.12045230812662136, 27000, 0.30450309122376856
28, 4, 7, fdbscan_dynamic_noncore, 0.75, 10, 10, , 20, 27, 0.06422114372253418, 3.0560829639434814, 0.12094015985778438, 28000, 0.3023231261352283
28, 4, 7, fdbscan_dynamic_noncore, 0.75, 10, 10, , 20, 28, 0.0632321834564209, 3.1193151473999023, 0.10541614376759892, 29000, 0.2855140957967186
28, 4, 7, fdbscan_dynamic_noncore, 0.75, 10, 10, , 20, 29, 0.12038183212280273, 3.239696979522705, 0.09427756783194068, 30000, 0.27700238696856566
28, 4, 7, fdbscan_dynamic_noncore, 0.75, 10, 10, , 20, 30, 0.06428289413452148, 3.3039798736572266, 0.0866368554914846, 31000, 0.27116447416474176
28, 4, 7, fdbscan_dynamic_noncore, 0.75, 10, 10, , 20, 31, 0.06313085556030273, 3.3671107292175293, 0.08167914435360758, 32000, 0.26675077531779656
28, 4, 7, fdbscan_dynamic_noncore, 0.75, 10, 10, , 20, 32, 0.06316113471984863, 3.430271863937378, 0.07876041724897881, 33000, 0.2632417775088684
28, 4, 7, fdbscan_dynamic_noncore, 0.75, 10, 10, , 20, 33, 0.06387996673583984, 3.4941518306732178, 0.07738696741482169, 34000, 0.26057357497088984
28, 4, 7, fdbscan_dynamic_noncore, 0.75, 10, 10, , 20, 34, 0.06386613845825195, 3.5580179691314697, 0.07721939418623477, 35000, 0.25840832184117696
28, 4, 7, fdbscan_dynamic_noncore, 0.75, 10, 10, , 20, 35, 0.06396818161010742, 3.621986150741577, 0.06906687622239252, 36000, 0.246811420890197
28, 4, 7, fdbscan_dynamic_noncore, 0.75, 10, 10, , 20, 36, 0.06396102905273438, 3.6859471797943115, 0.0630580420587862, 37000, 0.24043099626047446
28, 4, 7, fdbscan_dynamic_noncore, 0.75, 10, 10, , 20, 37, 0.06491804122924805, 3.7508652210235596, 0.058779516539374334, 38000, 0.23583697003684226
28, 4, 7, fdbscan_dynamic_noncore, 0.75, 10, 10, , 20, 38, 0.06424808502197266, 3.8151133060455322, 0.05588115994380522, 39000, 0.23228986206056396
28, 4, 7, fdbscan_dynamic_noncore, 0.75, 10, 10, , 20, 39, 0.06440114974975586, 3.879514455795288, 0.054086635278315635, 40000, 0.22944526393206915
28, 4, 7, fdbscan_dynamic_noncore, 0.75, 10, 10, , 20, 40, 0.06477093696594238, 3.9442853927612305, 0.053176586890265, 41000, 0.22710700960807276
28, 4, 7, fdbscan_dynamic_noncore, 0.75, 10, 10, , 20, 41, 0.06477618217468262, 4.009061574935913, 0.05297490031750339, 42000, 0.22504937454088966
28, 4, 7, fdbscan_dynamic_noncore, 0.75, 10, 10, , 20, 42, 0.13440394401550293, 4.143465518951416, 0.04880037051070489, 43000, 0.2161776036557598
28, 4, 7, fdbscan_dynamic_noncore, 0.75, 10, 10, , 20, 43, 0.06483101844787598, 4.208296537399292, 0.045569456041699416, 44000, 0.21068011184444124
28, 4, 7, fdbscan_dynamic_noncore, 0.75, 10, 10, , 20, 44, 0.06410694122314453, 4.2724034786224365, 0.043153931356486985, 45000, 0.2065793411437283
28, 4, 7, fdbscan_dynamic_noncore, 0.75, 10, 10, , 20, 45, 0.06551194190979004, 4.337915420532227, 0.0411853035894762, 46000, 0.20320507335765853
28, 4, 7, fdbscan_dynamic_noncore, 0.75, 10, 10, , 20, 46, 0.0648198127746582, 4.402735233306885, 0.03987341447776532, 47000, 0.20040501314543047
28, 4, 7, fdbscan_dynamic_noncore, 0.75, 10, 10, , 20, 47, 0.06502294540405273, 4.4677581787109375, 0.03898351238179608, 48000, 0.19805896145713098
28, 4, 7, fdbscan_dynamic_noncore, 0.75, 10, 10, , 20, 48, 0.06490898132324219, 4.53266716003418, 0.038374903906211656, 49000, 0.1959495272339596
28, 4, 7, fdbscan_dynamic_noncore, 0.75, 10, 10, , 20, 49, 0.06537294387817383, 4.5980401039123535, 0.03539581466646237, 50000, 0.18975143303081385
28, 4, 7, fdbscan_dynamic_noncore, 0.75, 10, 10, , 20, 50, 0.06627893447875977, 4.664319038391113, 0.03313247114990713, 51000, 0.18594918872405797
28, 4, 7, fdbscan_dynamic_noncore, 0.75, 10, 10, , 20, 51, 0.06743812561035156, 4.731757164001465, 0.03145202583040533, 52000, 0.18311920920179936
28, 4, 7, fdbscan_dynamic_noncore, 0.75, 10, 10, , 20, 52, 0.06796383857727051, 4.799721002578735, 0.030274190605754904, 53000, 0.18083820469889908
28, 4, 7, fdbscan_dynamic_noncore, 0.75, 10, 10, , 20, 53, 0.07056522369384766, 4.870286226272583, 0.029524250151443224, 54000, 0.17887294477809015
28, 4, 7, fdbscan_dynamic_noncore, 0.75, 10, 10, , 20, 54, 0.06938409805297852, 4.9396703243255615, 0.029130576741561387, 55000, 0.1771966886285317
28, 4, 7, fdbscan_dynamic_noncore, 0.75, 10, 10, , 20, 55, 0.07130074501037598, 5.0109710693359375, 0.029039144610203495, 56000, 0.17579931218322153
28, 4, 7, fdbscan_dynamic_noncore, 0.75, 10, 10, , 20, 56, 0.06622791290283203, 5.0771989822387695, 0.02706881440236198, 57000, 0.170905650397164
28, 4, 7, fdbscan_dynamic_noncore, 0.75, 10, 10, , 20, 57, 0.06571102142333984, 5.142910003662109, 0.025543907311329148, 58000, 0.16787907865578744
28, 4, 7, fdbscan_dynamic_noncore, 0.75, 10, 10, , 20, 58, 0.06591677665710449, 5.208826780319214, 0.024401822112300627, 59000, 0.16553840495472869
28, 4, 7, fdbscan_dynamic_noncore, 0.75, 10, 10, , 20, 59, 0.0660862922668457, 5.27491307258606, 0.023589260800139827, 60000, 0.16362107286301705
28, 4, 7, fdbscan_dynamic_noncore, 0.75, 10, 10, , 20, 60, 0.06595087051391602, 5.340863943099976, 0.02306069634522986, 61000, 0.16200143678068044
28, 4, 7, fdbscan_dynamic_noncore, 0.75, 10, 10, , 20, 61, 0.1520242691040039, 5.4928882122039795, 0.02277712016539308, 62000, 0.16060579746966394
28, 4, 7, fdbscan_dynamic_noncore, 0.75, 10, 10, , 20, 62, 0.0659799575805664, 5.558868169784546, 0.02270501318371865, 63000, 0.15938599873972023
28, 4, 7, fdbscan_dynamic_noncore, 0.75, 10, 10, , 20, 63, 0.06579899787902832, 5.624667167663574, 0.021338396246313358, 64000, 0.1554302321644538
28, 4, 7, fdbscan_dynamic_noncore, 0.75, 10, 10, , 20, 64, 0.06592988967895508, 5.690597057342529, 0.020268945841516995, 65000, 0.1529267553328409
28, 4, 7, fdbscan_dynamic_noncore, 0.75, 10, 10, , 20, 65, 0.06620979309082031, 5.75680685043335, 0.019458964545859814, 66000, 0.15096171645399997
28, 4, 7, fdbscan_dynamic_noncore, 0.75, 10, 10, , 20, 66, 0.06695008277893066, 5.82375693321228, 0.018875814065377083, 67000, 0.14933208418823138
28, 4, 7, fdbscan_dynamic_noncore, 0.75, 10, 10, , 20, 67, 0.0665898323059082, 5.8903467655181885, 0.01849115939803855, 68000, 0.14794038695308087
28, 4, 7, fdbscan_dynamic_noncore, 0.75, 10, 10, , 20, 68, 0.06728982925415039, 5.957636594772339, 0.01828033879511982, 69000, 0.1467292080364625
28, 4, 7, fdbscan_dynamic_noncore, 0.75, 10, 10, , 20, 69, 0.06699991226196289, 6.024636507034302, 0.018221836391326334, 70000, 0.14566085215109978
29, 1, 8, dynamic_dbscan, 0.75, 10, 10, 20, , 0, 0.033212900161743164, 0.033212900161743164, 0.0, 1000, 0.0
29, 1, 8, dynamic_dbscan, 0.75, 10, 10, 20, , 1, 0.037715911865234375, 0.07092881202697754, 0.0, 2000, 0.0
29, 1, 8, dynamic_dbscan, 0.75, 10, 10, 20, , 2, 0.041063785552978516, 0.11199259757995605, 0.0, 3000, 0.0
29, 1, 8, dynamic_dbscan, 0.75, 10, 10, 20, , 3, 0.04934096336364746, 0.16133356094360352, 0.0, 4000, 0.0
29, 1, 8, dynamic_dbscan, 0.75, 10, 10, 20, , 4, 0.06224370002746582, 0.22357726097106934, 0.0, 5000, 0.0
29, 1, 8, dynamic_dbscan, 0.75, 10, 10, 20, , 5, 0.061784982681274414, 0.28536224365234375, 0.0, 6000, 0.0
29, 1, 8, dynamic_dbscan, 0.75, 10, 10, 20, , 6, 0.06755590438842773, 0.3529181480407715, 0.0, 7000, 0.0
29, 1, 8, dynamic_dbscan, 0.75, 10, 10, 20, , 7, 0.09010481834411621, 0.4430229663848877, -0.014067934374151173, 8000, 0.12432486938602208
29, 1, 8, dynamic_dbscan, 0.75, 10, 10, 20, , 8, 0.10526180267333984, 0.5482847690582275, 0.08937237489533384, 9000, 0.053332835425379824
29, 1, 8, dynamic_dbscan, 0.75, 10, 10, 20, , 9, 0.11622810363769531, 0.6645128726959229, 0.1286349423298514, 10000, 0.08908982641218766
29, 1, 8, dynamic_dbscan, 0.75, 10, 10, 20, , 10, 0.1221151351928711, 0.786628007888794, 0.1559591152986864, 11000, 0.11402524472007852
29, 1, 8, dynamic_dbscan, 0.75, 10, 10, 20, , 11, 0.12444901466369629, 0.9110770225524902, 0.17068987985504222, 12000, 0.13029269691093234
29, 1, 8, dynamic_dbscan, 0.75, 10, 10, 20, , 12, 0.19234013557434082, 1.103417158126831, 0.20061657901566943, 13000, 0.15521638735689328
29, 1, 8, dynamic_dbscan, 0.75, 10, 10, 20, , 13, 0.16634917259216309, 1.2697663307189941, 0.22485836779841703, 14000, 0.17166112312945134
29, 1, 8, dynamic_dbscan, 0.75, 10, 10, 20, , 14, 0.07580780982971191, 1.345574140548706, 0.20499696405068288, 15000, 0.1923119330569672
29, 1, 8, dynamic_dbscan, 0.75, 10, 10, 20, , 15, 0.07761478424072266, 1.4231889247894287, 0.19658953845851188, 16000, 0.21015399000254503
29, 1, 8, dynamic_dbscan, 0.75, 10, 10, 20, , 16, 0.07521986961364746, 1.4984087944030762, 0.19566213694025905, 17000, 0.21961566060037901
29, 1, 8, dynamic_dbscan, 0.75, 10, 10, 20, , 17, 0.07412195205688477, 1.572530746459961, 0.19736599103312377, 18000, 0.21905814174157517
29, 1, 8, dynamic_dbscan, 0.75, 10, 10, 20, , 18, 0.08642411231994629, 1.6589548587799072, 0.19927898806800579, 19000, 0.2139205805942542
29, 1, 8, dynamic_dbscan, 0.75, 10, 10, 20, , 19, 0.1408398151397705, 1.7997946739196777, 0.20524921663084794, 20000, 0.21450403094101717
29, 1, 8, dynamic_dbscan, 0.75, 10, 10, 20, , 20, 0.09866786003112793, 1.8984625339508057, 0.20837520780411262, 21000, 0.20795706989590249
29, 1, 8, dynamic_dbscan, 0.75, 10, 10, 20, , 21, 0.07889366149902344, 1.977356195449829, 0.18139381920020847, 22000, 0.20105505956942127
29, 1, 8, dynamic_dbscan, 0.75, 10, 10, 20, , 22, 0.07991814613342285, 2.057274341583252, 0.1636730725845149, 23000, 0.20079532862195712
29, 1, 8, dynamic_dbscan, 0.75, 10, 10, 20, , 23, 0.08221793174743652, 2.1394922733306885, 0.15366874599734698, 24000, 0.19549924697137566
29, 1, 8, dynamic_dbscan, 0.75, 10, 10, 20, , 24, 0.08879327774047852, 2.228285551071167, 0.14706146694394973, 25000, 0.18814582477683509
29, 1, 8, dynamic_dbscan, 0.75, 10, 10, 20, , 25, 0.09741783142089844, 2.3257033824920654, 0.14146056161826087, 26000, 0.1811541514665401
29, 1, 8, dynamic_dbscan, 0.75, 10, 10, 20, , 26, 0.10872602462768555, 2.434429407119751, 0.13370798295059072, 27000, 0.16787643679726827
29, 1, 8, dynamic_dbscan, 0.75, 10, 10, 20, , 27, 0.11857008934020996, 2.552999496459961, 0.12645408666621585, 28000, 0.15904767777740028
29, 1, 8, dynamic_dbscan, 0.75, 10, 10, 20, , 28, 0.16685175895690918, 2.71985125541687, 0.11140523599672057, 29000, 0.15670370452107016
29, 1, 8, dynamic_dbscan, 0.75, 10, 10, 20, , 29, 0.08904385566711426, 2.8088951110839844, 0.10164419376213527, 30000, 0.15771708769108406
29, 1, 8, dynamic_dbscan, 0.75, 10, 10, 20, , 30, 0.09318804740905762, 2.902083158493042, 0.09610325276500985, 31000, 0.15917750935114494
29, 1, 8, dynamic_dbscan, 0.75, 10, 10, 20, , 31, 0.08313584327697754, 2.9852190017700195, 0.09373941798830687, 32000, 0.1607308498069683
29, 1, 8, dynamic_dbscan, 0.75, 10, 10, 20, , 32, 0.08953595161437988, 3.0747549533843994, 0.09397657536547348, 33000, 0.16447575453110486
29, 1, 8, dynamic_dbscan, 0.75, 10, 10, 20, , 33, 0.11385703086853027, 3.1886119842529297, 0.09414343597681747, 34000, 0.16552250590111225
29, 1, 8, dynamic_dbscan, 0.75, 10, 10, 20, , 34, 0.11382913589477539, 3.302441120147705, 0.0953734215526815, 35000, 0.16658007928752164
29, 1, 8, dynamic_dbscan, 0.75, 10, 10, 20, , 35, 0.09969687461853027, 3.4021379947662354, 0.08800507810147874, 36000, 0.17035987690562043
29, 1, 8, dynamic_dbscan, 0.75, 10, 10, 20, , 36, 0.12152981758117676, 3.523667812347412, 0.08257739713737108, 37000, 0.1538188623921477
29, 1, 8, dynamic_dbscan, 0.75, 10, 10, 20, , 37, 0.11872696876525879, 3.642394781112671, 0.07892103586768986, 38000, 0.1484844811221862
29, 1, 8, dynamic_dbscan, 0.75, 10, 10, 20, , 38, 0.1269688606262207, 3.7693636417388916, 0.07555193088452115, 39000, 0.14439922696038324
29, 1, 8, dynamic_dbscan, 0.75, 10, 10, 20, , 39, 0.25199270248413086, 4.0213563442230225, 0.07264163127028926, 40000, 0.14118041069359907
29, 1, 8, dynamic_dbscan, 0.75, 10, 10, 20, , 40, 0.14075970649719238, 4.162116050720215, 0.06960218215953476, 41000, 0.13876788033175996
29, 1, 8, dynamic_dbscan, 0.75, 10, 10, 20, , 41, 0.1590590476989746, 4.3211750984191895, 0.06701517330536069, 42000, 0.13580881432297295
29, 1, 8, dynamic_dbscan, 0.75, 10, 10, 20, , 42, 0.12711095809936523, 4.448286056518555, 0.06202792527312234, 43000, 0.13086954369474296
29, 1, 8, dynamic_dbscan, 0.75, 10, 10, 20, , 43, 0.15728306770324707, 4.605569124221802, 0.05823930023185337, 44000, 0.12537897418975114
29, 1, 8, dynamic_dbscan, 0.75, 10, 10, 20, , 44, 0.1370251178741455, 4.742594242095947, 0.05538944801139602, 45000, 0.12082952796299286
29, 1, 8, dynamic_dbscan, 0.75, 10, 10, 20, , 45, 0.15423893928527832, 4.896833181381226, 0.05289326875487154, 46000, 0.11726107091243697
29, 1, 8, dynamic_dbscan, 0.75, 10, 10, 20, , 46, 0.15346908569335938, 5.050302267074585, 0.05073652510201337, 47000, 0.1127503267009752
29, 1, 8, dynamic_dbscan, 0.75, 10, 10, 20, , 47, 0.1487596035003662, 5.199061870574951, 0.049047722809459855, 48000, 0.11124638476895576
29, 1, 8, dynamic_dbscan, 0.75, 10, 10, 20, , 48, 0.1584460735321045, 5.357507944107056, 0.04726560935322204, 49000, 0.10874795074489761
29, 1, 8, dynamic_dbscan, 0.75, 10, 10, 20, , 49, 0.17117810249328613, 5.528686046600342, 0.04763873470282754, 50000, 0.10817904737382181
29, 1, 8, dynamic_dbscan, 0.75, 10, 10, 20, , 50, 0.21817970275878906, 5.746865749359131, 0.04914037442252824, 51000, 0.10964059985081101
29, 1, 8, dynamic_dbscan, 0.75, 10, 10, 20, , 51, 0.2186262607574463, 5.965492010116577, 0.052218576737397375, 52000, 0.11490767195434641
29, 1, 8, dynamic_dbscan, 0.75, 10, 10, 20, , 52, 0.23739266395568848, 6.202884674072266, 0.05588245849226494, 53000, 0.12247625024140521
29, 1, 8, dynamic_dbscan, 0.75, 10, 10, 20, , 53, 0.36533403396606445, 6.56821870803833, 0.06023726599695112, 54000, 0.1293403808880618
29, 1, 8, dynamic_dbscan, 0.75, 10, 10, 20, , 54, 0.2601048946380615, 6.828323602676392, 0.06427333039171751, 55000, 0.1339450228471498
29, 1, 8, dynamic_dbscan, 0.75, 10, 10, 20, , 55, 0.257479190826416, 7.085802793502808, 0.06970535244231918, 56000, 0.14058731085332352
29, 1, 8, dynamic_dbscan, 0.75, 10, 10, 20, , 56, 0.17430806159973145, 7.260110855102539, 0.06586005246740576, 57000, 0.1409317332024295
29, 1, 8, dynamic_dbscan, 0.75, 10, 10, 20, , 57, 0.177293062210083, 7.437403917312622, 0.0631967200904888, 58000, 0.14257556211173117
29, 1, 8, dynamic_dbscan, 0.75, 10, 10, 20, , 58, 0.15631103515625, 7.593714952468872, 0.061674783636055316, 59000, 0.14428858227273597
29, 1, 8, dynamic_dbscan, 0.75, 10, 10, 20, , 59, 0.16297507286071777, 7.75669002532959, 0.061164844070827305, 60000, 0.14608449674500315
29, 1, 8, dynamic_dbscan, 0.75, 10, 10, 20, , 60, 0.1778240203857422, 7.934514045715332, 0.061526892245290045, 61000, 0.14809471381956665
29, 1, 8, dynamic_dbscan, 0.75, 10, 10, 20, , 61, 0.1793351173400879, 8.11384916305542, 0.06254434453008582, 62000, 0.15083776794619266
29, 1, 8, dynamic_dbscan, 0.75, 10, 10, 20, , 62, 0.18881821632385254, 8.302667379379272, 0.06410945543943122, 63000, 0.15337776183949
29, 1, 8, dynamic_dbscan, 0.75, 10, 10, 20, , 63, 0.1682429313659668, 8.47091031074524, 0.06138890688639102, 64000, 0.15126546451833722
29, 1, 8, dynamic_dbscan, 0.75, 10, 10, 20, , 64, 0.20867395401000977, 8.679584264755249, 0.06003293092743227, 65000, 0.15109403172199512
29, 1, 8, dynamic_dbscan, 0.75, 10, 10, 20, , 65, 0.22345995903015137, 8.9030442237854, 0.05873294349819007, 66000, 0.14837715595948728
29, 1, 8, dynamic_dbscan, 0.75, 10, 10, 20, , 66, 0.21842408180236816, 9.121468305587769, 0.05770740214021236, 67000, 0.14740152957582708
29, 1, 8, dynamic_dbscan, 0.75, 10, 10, 20, , 67, 0.22324609756469727, 9.344714403152466, 0.056423373203425775, 68000, 0.1450945125171896
29, 1, 8, dynamic_dbscan, 0.75, 10, 10, 20, , 68, 0.2091681957244873, 9.553882598876953, 0.055003312982740214, 69000, 0.142508861483872
29, 1, 8, dynamic_dbscan, 0.75, 10, 10, 20, , 69, 0.38663601875305176, 9.940518617630005, 0.053781102039983326, 70000, 0.14129552158142447
30, 2, 8, sklearn_dynamic, 0.75, 10, , , , 0, 0.002742767333984375, 0.002742767333984375, 1.0, 1000, 1.0
30, 2, 8, sklearn_dynamic, 0.75, 10, , , , 1, 0.00433802604675293, 0.007080793380737305, 0.0, 2000, 0.0
30, 2, 8, sklearn_dynamic, 0.75, 10, , , , 2, 0.008203744888305664, 0.015284538269042969, 0.0, 3000, 0.0
30, 2, 8, sklearn_dynamic, 0.75, 10, , , , 3, 0.011653900146484375, 0.026938438415527344, 0.0, 4000, 0.0
30, 2, 8, sklearn_dynamic, 0.75, 10, , , , 4, 0.018192052841186523, 0.04513049125671387, 0.0, 5000, 0.0
30, 2, 8, sklearn_dynamic, 0.75, 10, , , , 5, 0.02251410484313965, 0.06764459609985352, 0.0, 6000, 0.0
30, 2, 8, sklearn_dynamic, 0.75, 10, , , , 6, 0.031016826629638672, 0.09866142272949219, 0.0, 7000, 0.0
30, 2, 8, sklearn_dynamic, 0.75, 10, , , , 7, 0.036019325256347656, 0.13468074798583984, -0.009867197408506594, 8000, 0.003857997915891353
30, 2, 8, sklearn_dynamic, 0.75, 10, , , , 8, 0.02938675880432129, 0.16406750679016113, -0.007457038873707013, 9000, 0.0047522129704621295
30, 2, 8, sklearn_dynamic, 0.75, 10, , , , 9, 0.03954505920410156, 0.2036125659942627, -0.0053921153996745385, 10000, 0.005333409849859496
30, 2, 8, sklearn_dynamic, 0.75, 10, , , , 10, 0.04607200622558594, 0.24968457221984863, 0.008682224230561192, 11000, 0.027670634266098594
30, 2, 8, sklearn_dynamic, 0.75, 10, , , , 11, 0.051026105880737305, 0.30071067810058594, 0.012492952676245861, 12000, 0.04309079660705694
30, 2, 8, sklearn_dynamic, 0.75, 10, , , , 12, 0.05687069892883301, 0.35758137702941895, 0.009033745530076383, 13000, 0.05175375614817608
30, 2, 8, sklearn_dynamic, 0.75, 10, , , , 13, 0.06599617004394531, 0.42357754707336426, 0.002981566347828419, 14000, 0.061292998984874426
30, 2, 8, sklearn_dynamic, 0.75, 10, , , , 14, 0.0802149772644043, 0.5037925243377686, -0.004721786961181467, 15000, 0.052722916563415684
30, 2, 8, sklearn_dynamic, 0.75, 10, , , , 15, 0.08710813522338867, 0.5909006595611572, -0.007136638434621867, 16000, 0.050148746744398315
30, 2, 8, sklearn_dynamic, 0.75, 10, , , , 16, 0.10245919227600098, 0.6933598518371582, -0.006991933415448355, 17000, 0.0489607223136929
30, 2, 8, sklearn_dynamic, 0.75, 10, , , , 17, 0.10932707786560059, 0.8026869297027588, -0.005552458485549559, 18000, 0.04837849288040424
30, 2, 8, sklearn_dynamic, 0.75, 10, , , , 18, 0.1247248649597168, 0.9274117946624756, -0.003457680676168741, 19000, 0.0481120911472617
30, 2, 8, sklearn_dynamic, 0.75, 10, , , , 19, 0.13601422309875488, 1.0634260177612305, -0.0010499741399541342, 20000, 0.04802633517936375
30, 2, 8, sklearn_dynamic, 0.75, 10, , , , 20, 0.15619802474975586, 1.2196240425109863, 0.0014805518300241571, 21000, 0.04804975761860554
30, 2, 8, sklearn_dynamic, 0.75, 10, , , , 21, 0.1562490463256836, 1.37587308883667, -0.0005680745205630583, 22000, 0.043468948151884755
30, 2, 8, sklearn_dynamic, 0.75, 10, , , , 22, 0.16390395164489746, 1.5397770404815674, -0.0014832489580979956, 23000, 0.041468909637662275
30, 2, 8, sklearn_dynamic, 0.75, 10, , , , 23, 0.18298625946044922, 1.7227632999420166, -0.0016768781034334627, 24000, 0.04023793565461353
30, 2, 8, sklearn_dynamic, 0.75, 10, , , , 24, 0.2171158790588379, 1.9398791790008545, -0.0014031586915816596, 25000, 0.03940651655138053
30, 2, 8, sklearn_dynamic, 0.75, 10, , , , 25, 0.2324509620666504, 2.172330141067505, -0.0008245931353542117, 26000, 0.03881687321255421
30, 2, 8, sklearn_dynamic, 0.75, 10, , , , 26, 0.2327568531036377, 2.4050869941711426, -4.794743474563194e-05, 27000, 0.03838624544992197
30, 2, 8, sklearn_dynamic, 0.75, 10, , , , 27, 0.25394415855407715, 2.6590311527252197, 0.0008551293546670443, 28000, 0.03806601137153685
30, 2, 8, sklearn_dynamic, 0.75, 10, , , , 28, 0.28725600242614746, 2.946287155151367, 3.7055995062650675e-05, 29000, 0.03541218783381942
30, 2, 8, sklearn_dynamic, 0.75, 10, , , , 29, 0.303347110748291, 3.249634265899658, -0.00038128832813152106, 30000, 0.03407343661768871
30, 2, 8, sklearn_dynamic, 0.75, 10, , , , 30, 0.48272705078125, 3.732361316680908, -0.0005183125220359363, 31000, 0.033575500404323416
30, 2, 8, sklearn_dynamic, 0.75, 10, , , , 31, 0.3920438289642334, 4.124405145645142, -0.0004449295199228646, 32000, 0.03289663308067501
30, 2, 8, sklearn_dynamic, 0.75, 10, , , , 32, 0.359372615814209, 4.483777761459351, -0.00021650282094852344, 33000, 0.032377571713470665
30, 2, 8, sklearn_dynamic, 0.75, 10, , , , 33, 0.3938422203063965, 4.877619981765747, 0.000124964071241051, 34000, 0.031969199471132456
30, 2, 8, sklearn_dynamic, 0.75, 10, , , , 34, 0.43355703353881836, 5.311177015304565, 0.0005485090341815982, 35000, 0.03164141887521945
30, 2, 8, sklearn_dynamic, 0.75, 10, , , , 35, 0.4337899684906006, 5.744966983795166, 0.00013710038584703667, 36000, 0.029928013075527882
30, 2, 8, sklearn_dynamic, 0.75, 10, , , , 36, 0.4608571529388428, 6.205824136734009, 0.000922448765183761, 37000, 0.033803307312632966
30, 2, 8, sklearn_dynamic, 0.75, 10, , , , 37, 0.5509867668151855, 6.756810903549194, 0.0011962942885521827, 38000, 0.03564800274568677
30, 2, 8, sklearn_dynamic, 0.75, 10, , , , 38, 0.5602560043334961, 7.31706690788269, 0.0015692652955479494, 39000, 0.03900470838866388
30, 2, 8, sklearn_dynamic, 0.75, 10, , , , 39, 0.636538028717041, 7.9536049365997314, 0.001511003511186173, 40000, 0.04121088116708229
30, 2, 8, sklearn_dynamic, 0.75, 10, , , , 40, 0.6243019104003906, 8.577906847000122, 0.0011912311510086176, 41000, 0.04315956615676982
30, 2, 8, sklearn_dynamic, 0.75, 10, , , , 41, 0.5946228504180908, 9.172529697418213, 0.0006352501568536954, 42000, 0.04444501089715716
30, 2, 8, sklearn_dynamic, 0.75, 10, , , , 42, 0.5642440319061279, 9.73677372932434, 0.00025089002275117077, 43000, 0.04253381433713608
30, 2, 8, sklearn_dynamic, 0.75, 10, , , , 43, 0.6265528202056885, 10.36332654953003, 2.3496806221771828e-05, 44000, 0.041749114916349514
30, 2, 8, sklearn_dynamic, 0.75, 10, , , , 44, 0.6610267162322998, 11.024353265762329, 1.3576329013488512e-05, 45000, 0.04146161323657333
30, 2, 8, sklearn_dynamic, 0.75, 10, , , , 45, 0.7621979713439941, 11.786551237106323, 4.3066495346814684e-05, 46000, 0.04102663208364255
30, 2, 8, sklearn_dynamic, 0.75, 10, , , , 46, 0.732928991317749, 12.519480228424072, 0.00023805011547133143, 47000, 0.0417973250025539
30, 2, 8, sklearn_dynamic, 0.75, 10, , , , 47, 0.7873969078063965, 13.306877136230469, 0.00035869655531325744, 48000, 0.042007505899765984
30, 2, 8, sklearn_dynamic, 0.75, 10, , , , 48, 0.7744262218475342, 14.081303358078003, 0.0004626087663024269, 49000, 0.04213240029082586
30, 2, 8, sklearn_dynamic, 0.75, 10, , , , 49, 0.7731261253356934, 14.854429483413696, 0.00039997692193262813, 50000, 0.04194230027825486
30, 2, 8, sklearn_dynamic, 0.75, 10, , , , 50, 0.8523330688476562, 15.706762552261353, 0.0006569201534412379, 51000, 0.04363900728960738
30, 2, 8, sklearn_dynamic, 0.75, 10, , , , 51, 0.8436160087585449, 16.550378561019897, 0.0009298924488238662, 52000, 0.04582926302415734
30, 2, 8, sklearn_dynamic, 0.75, 10, , , , 52, 0.9260768890380859, 17.476455450057983, 0.001679851738839458, 53000, 0.052599306024474046
30, 2, 8, sklearn_dynamic, 0.75, 10, , , , 53, 0.9178860187530518, 18.394341468811035, 0.0016897238407249373, 54000, 0.055765997198413554
30, 2, 8, sklearn_dynamic, 0.75, 10, , , , 54, 0.9982237815856934, 19.39256525039673, 0.0014744371708793052, 55000, 0.05942682182383277
30, 2, 8, sklearn_dynamic, 0.75, 10, , , , 55, 0.9741160869598389, 20.366681337356567, 0.0011152852917721693, 56000, 0.06473056157652482
30, 2, 8, sklearn_dynamic, 0.75, 10, , , , 56, 1.0665290355682373, 21.433210372924805, 0.0007687923703681837, 57000, 0.06283517691290286
30, 2, 8, sklearn_dynamic, 0.75, 10, , , , 57, 1.057560920715332, 22.490771293640137, 0.0005628236339916342, 58000, 0.06161850428733799
30, 2, 8, sklearn_dynamic, 0.75, 10, , , , 58, 1.1558310985565186, 23.646602392196655, 0.0004626829209230303, 59000, 0.06071941676669152
30, 2, 8, sklearn_dynamic, 0.75, 10, , , , 59, 1.132012128829956, 24.77861452102661, 0.0004598643008229359, 60000, 0.05998724757311924
30, 2, 8, sklearn_dynamic, 0.75, 10, , , , 60, 1.2237827777862549, 26.002397298812866, 0.0005400579019046867, 61000, 0.05937188091983029
30, 2, 8, sklearn_dynamic, 0.75, 10, , , , 61, 1.2727220058441162, 27.275119304656982, 0.0006910897365512468, 62000, 0.058844076358110474
30, 2, 8, sklearn_dynamic, 0.75, 10, , , , 62, 1.3034610748291016, 28.578580379486084, 0.0009025676256532322, 63000, 0.05838479914788318
30, 2, 8, sklearn_dynamic, 0.75, 10, , , , 63, 1.3659300804138184, 29.944510459899902, 0.0006606541893034025, 64000, 0.05687009793540224
30, 2, 8, sklearn_dynamic, 0.75, 10, , , , 64, 1.357046127319336, 31.30155658721924, 0.0005094652009461568, 65000, 0.05591832095590461
30, 2, 8, sklearn_dynamic, 0.75, 10, , , , 65, 1.5008811950683594, 32.8024377822876, 0.0004407962606934902, 66000, 0.05515052235632173
30, 2, 8, sklearn_dynamic, 0.75, 10, , , , 66, 1.6969640254974365, 34.499401807785034, 0.0004352365755772231, 67000, 0.05453377013123099
30, 2, 8, sklearn_dynamic, 0.75, 10, , , , 67, 1.5300850868225098, 36.029486894607544, 0.000488968386191318, 68000, 0.0540095059420855
30, 2, 8, sklearn_dynamic, 0.75, 10, , , , 68, 1.6050200462341309, 37.634506940841675, 0.0005941928393070661, 69000, 0.05355516008654487
30, 2, 8, sklearn_dynamic, 0.75, 10, , , , 69, 1.638848066329956, 39.27335500717163, 0.0007441397186975099, 70000, 0.053155970801310376
31, 3, 8, fdbscan_dynamic_naive, 0.75, 10, 10, , , 0, 0.06619787216186523, 0.06619787216186523, 1.0, 1000, 1.0
31, 3, 8, fdbscan_dynamic_naive, 0.75, 10, 10, , , 1, 0.07333016395568848, 0.1395280361175537, 0.0, 2000, 0.0
31, 3, 8, fdbscan_dynamic_naive, 0.75, 10, 10, , , 2, 0.07461404800415039, 0.2141420841217041, 0.0, 3000, 0.0
31, 3, 8, fdbscan_dynamic_naive, 0.75, 10, 10, , , 3, 0.08001494407653809, 0.2941570281982422, 0.0, 4000, 0.0
31, 3, 8, fdbscan_dynamic_naive, 0.75, 10, 10, , , 4, 0.08516669273376465, 0.37932372093200684, 0.0, 5000, 0.0
31, 3, 8, fdbscan_dynamic_naive, 0.75, 10, 10, , , 5, 0.09112977981567383, 0.47045350074768066, 0.0, 6000, 0.0
31, 3, 8, fdbscan_dynamic_naive, 0.75, 10, 10, , , 6, 0.09478998184204102, 0.5652434825897217, 0.0, 7000, 0.0
31, 3, 8, fdbscan_dynamic_naive, 0.75, 10, 10, , , 7, 0.10218214988708496, 0.6674256324768066, -0.01385831402721089, 8000, 0.07877268115317236
31, 3, 8, fdbscan_dynamic_naive, 0.75, 10, 10, , , 8, 0.10582709312438965, 0.7732527256011963, 0.19262580450815134, 9000, 0.227743957266601
31, 3, 8, fdbscan_dynamic_naive, 0.75, 10, 10, , , 9, 0.10518598556518555, 0.8784387111663818, 0.2263696721146722, 10000, 0.2649850035439816
31, 3, 8, fdbscan_dynamic_naive, 0.75, 10, 10, , , 10, 0.11061382293701172, 0.9890525341033936, 0.2851759083757689, 11000, 0.32424484711468937
31, 3, 8, fdbscan_dynamic_naive, 0.75, 10, 10, , , 11, 0.11343002319335938, 1.102482557296753, 0.2954405551430091, 12000, 0.345808579133131
31, 3, 8, fdbscan_dynamic_naive, 0.75, 10, 10, , , 12, 0.12079095840454102, 1.223273515701294, 0.3326576196257587, 13000, 0.3772365342342092
31, 3, 8, fdbscan_dynamic_naive, 0.75, 10, 10, , , 13, 0.12816786766052246, 1.3514413833618164, 0.3497687370564996, 14000, 0.398920872539785
31, 3, 8, fdbscan_dynamic_naive, 0.75, 10, 10, , , 14, 0.14056181907653809, 1.4920032024383545, 0.28025805412811156, 15000, 0.3697037707982907
31, 3, 8, fdbscan_dynamic_naive, 0.75, 10, 10, , , 15, 0.2581658363342285, 1.750169038772583, 0.2381804552801126, 16000, 0.36206492599396084
31, 3, 8, fdbscan_dynamic_naive, 0.75, 10, 10, , , 16, 0.1503431797027588, 1.9005122184753418, 0.2150775109813573, 17000, 0.35897733217483313
31, 3, 8, fdbscan_dynamic_naive, 0.75, 10, 10, , , 17, 0.20650887489318848, 2.1070210933685303, 0.20449722805994275, 18000, 0.3580510461709219
31, 3, 8, fdbscan_dynamic_naive, 0.75, 10, 10, , , 18, 0.15925097465515137, 2.2662720680236816, 0.2020925878479813, 19000, 0.35819253820953106
31, 3, 8, fdbscan_dynamic_naive, 0.75, 10, 10, , , 19, 0.2191481590270996, 2.4854202270507812, 0.20488449761707925, 20000, 0.3586073980983168
31, 3, 8, fdbscan_dynamic_naive, 0.75, 10, 10, , , 20, 0.17407011985778809, 2.6594903469085693, 0.21093388188892734, 21000, 0.3596360789377157
31, 3, 8, fdbscan_dynamic_naive, 0.75, 10, 10, , , 21, 0.1787261962890625, 2.838216543197632, 0.17675901176768716, 22000, 0.3351658560526458
31, 3, 8, fdbscan_dynamic_naive, 0.75, 10, 10, , , 22, 0.24148082733154297, 3.079697370529175, 0.153860919364542, 23000, 0.3239878471787273
31, 3, 8, fdbscan_dynamic_naive, 0.75, 10, 10, , , 23, 0.18768787384033203, 3.267385244369507, 0.1416867333158269, 24000, 0.3178543441403749
31, 3, 8, fdbscan_dynamic_naive, 0.75, 10, 10, , , 24, 0.24930882453918457, 3.5166940689086914, 0.13251110934077903, 25000, 0.31197446236422616
31, 3, 8, fdbscan_dynamic_naive, 0.75, 10, 10, , , 25, 0.19563794136047363, 3.712332010269165, 0.12703801261951989, 26000, 0.3080089214698366
31, 3, 8, fdbscan_dynamic_naive, 0.75, 10, 10, , , 26, 0.26042819023132324, 3.9727602005004883, 0.12478902527532504, 27000, 0.3061909820132152
31, 3, 8, fdbscan_dynamic_naive, 0.75, 10, 10, , , 27, 0.20404887199401855, 4.176809072494507, 0.12349764732865862, 28000, 0.3047850974610785
31, 3, 8, fdbscan_dynamic_naive, 0.75, 10, 10, , , 28, 0.2721889019012451, 4.448997974395752, 0.10719626536112231, 29000, 0.2892105067096225
31, 3, 8, fdbscan_dynamic_naive, 0.75, 10, 10, , , 29, 0.21277904510498047, 4.661777019500732, 0.09567060502469878, 30000, 0.2814303401730158
31, 3, 8, fdbscan_dynamic_naive, 0.75, 10, 10, , , 30, 0.28571295738220215, 4.947489976882935, 0.08790162755291937, 31000, 0.2761541955053317
31, 3, 8, fdbscan_dynamic_naive, 0.75, 10, 10, , , 31, 0.22163629531860352, 5.169126272201538, 0.08299783430231489, 32000, 0.2722851409676635
31, 3, 8, fdbscan_dynamic_naive, 0.75, 10, 10, , , 32, 0.2955739498138428, 5.464700222015381, 0.08050721825137275, 33000, 0.2688133006892591
31, 3, 8, fdbscan_dynamic_naive, 0.75, 10, 10, , , 33, 0.2306981086730957, 5.695398330688477, 0.07923621987243765, 34000, 0.2664365629808567
31, 3, 8, fdbscan_dynamic_naive, 0.75, 10, 10, , , 34, 0.30866193771362305, 6.0040602684021, 0.0792246273801697, 35000, 0.26424843431281525
31, 3, 8, fdbscan_dynamic_naive, 0.75, 10, 10, , , 35, 0.3218560218811035, 6.325916290283203, 0.07050947359486044, 36000, 0.25341360689410275
31, 3, 8, fdbscan_dynamic_naive, 0.75, 10, 10, , , 36, 0.24506092071533203, 6.570977210998535, 0.06552615029509262, 37000, 0.2502901645170379
31, 3, 8, fdbscan_dynamic_naive, 0.75, 10, 10, , , 37, 0.25282835960388184, 6.823805570602417, 0.06283281095244017, 38000, 0.2507145174506276
31, 3, 8, fdbscan_dynamic_naive, 0.75, 10, 10, , , 38, 0.3315598964691162, 7.155365467071533, 0.06313625172728711, 39000, 0.2575841843794472
31, 3, 8, fdbscan_dynamic_naive, 0.75, 10, 10, , , 39, 0.3387939929962158, 7.494159460067749, 0.06159975350836801, 40000, 0.260258606514347
31, 3, 8, fdbscan_dynamic_naive, 0.75, 10, 10, , , 40, 0.26641392707824707, 7.760573387145996, 0.05997091654831954, 41000, 0.26205542057250425
31, 3, 8, fdbscan_dynamic_naive, 0.75, 10, 10, , , 41, 0.36191511154174805, 8.122488498687744, 0.0584545647893247, 42000, 0.26745548647658407
31, 3, 8, fdbscan_dynamic_naive, 0.75, 10, 10, , , 42, 0.27803707122802734, 8.400525569915771, 0.05335484797731429, 43000, 0.2582960607204491
31, 3, 8, fdbscan_dynamic_naive, 0.75, 10, 10, , , 43, 0.38409996032714844, 8.78462553024292, 0.049555837538667206, 44000, 0.2528870574240665
31, 3, 8, fdbscan_dynamic_naive, 0.75, 10, 10, , , 44, 0.2854769229888916, 9.070102453231812, 0.047217552791643934, 45000, 0.24760321756372192
31, 3, 8, fdbscan_dynamic_naive, 0.75, 10, 10, , , 45, 0.3692898750305176, 9.439392328262329, 0.04549544681629376, 46000, 0.24514560134215754
31, 3, 8, fdbscan_dynamic_naive, 0.75, 10, 10, , , 46, 0.38412904739379883, 9.823521375656128, 0.0448536979955328, 47000, 0.24169165095049064
31, 3, 8, fdbscan_dynamic_naive, 0.75, 10, 10, , , 47, 0.2987992763519287, 10.122320652008057, 0.04374084402816542, 48000, 0.23980759226238227
31, 3, 8, fdbscan_dynamic_naive, 0.75, 10, 10, , , 48, 0.3941769599914551, 10.516497611999512, 0.04285259856348781, 49000, 0.23799590846441726
31, 3, 8, fdbscan_dynamic_naive, 0.75, 10, 10, , , 49, 0.31824803352355957, 10.834745645523071, 0.04109835131658496, 50000, 0.2351009351990551
31, 3, 8, fdbscan_dynamic_naive, 0.75, 10, 10, , , 50, 0.4056849479675293, 11.2404305934906, 0.04453585046924435, 51000, 0.24290654406915949
31, 3, 8, fdbscan_dynamic_naive, 0.75, 10, 10, , , 51, 0.33424830436706543, 11.574678897857666, 0.05137875522390572, 52000, 0.26164330827916893
31, 3, 8, fdbscan_dynamic_naive, 0.75, 10, 10, , , 52, 0.4056992530822754, 11.980378150939941, 0.0584352112413126, 53000, 0.27172228763338224
31, 3, 8, fdbscan_dynamic_naive, 0.75, 10, 10, , , 53, 0.422910213470459, 12.4032883644104, 0.06358308217271919, 54000, 0.28445670887658736
31, 3, 8, fdbscan_dynamic_naive, 0.75, 10, 10, , , 54, 0.33864402770996094, 12.741932392120361, 0.06573993223647978, 55000, 0.2906165296239948
31, 3, 8, fdbscan_dynamic_naive, 0.75, 10, 10, , , 55, 0.4576880931854248, 13.199620485305786, 0.07480047374106534, 56000, 0.30348361612853325
31, 3, 8, fdbscan_dynamic_naive, 0.75, 10, 10, , , 56, 0.47562170028686523, 13.675242185592651, 0.06958151955305229, 57000, 0.297214406590424
31, 3, 8, fdbscan_dynamic_naive, 0.75, 10, 10, , , 57, 0.4183228015899658, 14.093564987182617, 0.06561466271821428, 58000, 0.29343986807078254
31, 3, 8, fdbscan_dynamic_naive, 0.75, 10, 10, , , 58, 0.5031991004943848, 14.596764087677002, 0.06269545555002935, 59000, 0.29069772536470734
31, 3, 8, fdbscan_dynamic_naive, 0.75, 10, 10, , , 59, 0.3788599967956543, 14.975624084472656, 0.06069216228708043, 60000, 0.28855074147757226
31, 3, 8, fdbscan_dynamic_naive, 0.75, 10, 10, , , 60, 0.48237109184265137, 15.457995176315308, 0.0595473492030071, 61000, 0.28713292474638635
31, 3, 8, fdbscan_dynamic_naive, 0.75, 10, 10, , , 61, 0.48381996154785156, 15.94181513786316, 0.05897534855685803, 62000, 0.2857404122468784
31, 3, 8, fdbscan_dynamic_naive, 0.75, 10, 10, , , 62, 0.3903019428253174, 16.332117080688477, 0.05897914712033468, 63000, 0.28456017571053893
31, 3, 8, fdbscan_dynamic_naive, 0.75, 10, 10, , , 63, 0.4928150177001953, 16.824932098388672, 0.05623266960910055, 64000, 0.27967383698936343
31, 3, 8, fdbscan_dynamic_naive, 0.75, 10, 10, , , 64, 0.499622106552124, 17.324554204940796, 0.05350050205490291, 65000, 0.27564449878405184
31, 3, 8, fdbscan_dynamic_naive, 0.75, 10, 10, , , 65, 0.4037449359893799, 17.728299140930176, 0.051805340880649337, 66000, 0.27257076618173603
31, 3, 8, fdbscan_dynamic_naive, 0.75, 10, 10, , , 66, 0.5232980251312256, 18.2515971660614, 0.050661979605720074, 67000, 0.2700476435908683
31, 3, 8, fdbscan_dynamic_naive, 0.75, 10, 10, , , 67, 0.43388795852661133, 18.685485124588013, 0.05046262992387207, 68000, 0.26896088659442136
31, 3, 8, fdbscan_dynamic_naive, 0.75, 10, 10, , , 68, 0.5406711101531982, 19.22615623474121, 0.049837576580018854, 69000, 0.26655382167529523
31, 3, 8, fdbscan_dynamic_naive, 0.75, 10, 10, , , 69, 0.5467538833618164, 19.772910118103027, 0.049360504275023386, 70000, 0.2645859882646071
32, 4, 8, fdbscan_dynamic_noncore, 0.75, 10, 10, , 20, 0, 0.06477022171020508, 0.06477022171020508, 1.0, 1000, 1.0
32, 4, 8, fdbscan_dynamic_noncore, 0.75, 10, 10, , 20, 1, 0.06923294067382812, 0.1340031623840332, 0.0, 2000, 0.0
32, 4, 8, fdbscan_dynamic_noncore, 0.75, 10, 10, , 20, 2, 0.07265996932983398, 0.2066631317138672, 0.0, 3000, 0.0
32, 4, 8, fdbscan_dynamic_noncore, 0.75, 10, 10, , 20, 3, 0.07776904106140137, 0.28443217277526855, 0.0, 4000, 0.0
32, 4, 8, fdbscan_dynamic_noncore, 0.75, 10, 10, , 20, 4, 0.0815727710723877, 0.36600494384765625, 0.0, 5000, 0.0
32, 4, 8, fdbscan_dynamic_noncore, 0.75, 10, 10, , 20, 5, 0.08725285530090332, 0.45325779914855957, 0.0, 6000, 0.0
32, 4, 8, fdbscan_dynamic_noncore, 0.75, 10, 10, , 20, 6, 0.09164810180664062, 0.5449059009552002, 0.0, 7000, 0.0
32, 4, 8, fdbscan_dynamic_noncore, 0.75, 10, 10, , 20, 7, 0.09778380393981934, 0.6426897048950195, -0.0009020086453332971, 8000, 0.08308563335769413
32, 4, 8, fdbscan_dynamic_noncore, 0.75, 10, 10, , 20, 8, 0.1026759147644043, 0.7453656196594238, 0.19891595914182422, 9000, 0.23060362916237107
32, 4, 8, fdbscan_dynamic_noncore, 0.75, 10, 10, , 20, 9, 0.10463428497314453, 0.8499999046325684, 0.2244062209467457, 10000, 0.26304415554942256
32, 4, 8, fdbscan_dynamic_noncore, 0.75, 10, 10, , 20, 10, 0.15396881103515625, 1.0039687156677246, 0.2900249199279876, 11000, 0.32997672698401403
32, 4, 8, fdbscan_dynamic_noncore, 0.75, 10, 10, , 20, 11, 0.1189570426940918, 1.1229257583618164, 0.29886367960510407, 12000, 0.35445838318811196
32, 4, 8, fdbscan_dynamic_noncore, 0.75, 10, 10, , 20, 12, 0.12532687187194824, 1.2482526302337646, 0.3402364228066695, 13000, 0.390936059159302
32, 4, 8, fdbscan_dynamic_noncore, 0.75, 10, 10, , 20, 13, 0.12898802757263184, 1.3772406578063965, 0.35062286573073465, 14000, 0.40328827223113756
32, 4, 8, fdbscan_dynamic_noncore, 0.75, 10, 10, , 20, 14, 0.18035483360290527, 1.5575954914093018, 0.28034575204067863, 15000, 0.3720443000124218
32, 4, 8, fdbscan_dynamic_noncore, 0.75, 10, 10, , 20, 15, 0.14275598526000977, 1.7003514766693115, 0.23795924408206492, 16000, 0.3628400226943366
32, 4, 8, fdbscan_dynamic_noncore, 0.75, 10, 10, , 20, 16, 0.19248509407043457, 1.892836570739746, 0.21440909928170845, 17000, 0.35870766583064906
32, 4, 8, fdbscan_dynamic_noncore, 0.75, 10, 10, , 20, 17, 0.15114188194274902, 2.043978452682495, 0.2032434515385205, 18000, 0.35714681768506235
32, 4, 8, fdbscan_dynamic_noncore, 0.75, 10, 10, , 20, 18, 0.15585112571716309, 2.199829578399658, 0.20021881282262602, 19000, 0.3564935104662138
32, 4, 8, fdbscan_dynamic_noncore, 0.75, 10, 10, , 20, 19, 0.20821809768676758, 2.408047676086426, 0.20233588577294986, 20000, 0.356282855115336
32, 4, 8, fdbscan_dynamic_noncore, 0.75, 10, 10, , 20, 20, 0.16653919219970703, 2.574586868286133, 0.20777812108099003, 21000, 0.357217561944789
32, 4, 8, fdbscan_dynamic_noncore, 0.75, 10, 10, , 20, 21, 0.06192207336425781, 2.6365089416503906, 0.17422318572201062, 22000, 0.332089242303053
32, 4, 8, fdbscan_dynamic_noncore, 0.75, 10, 10, , 20, 22, 0.11193704605102539, 2.748445987701416, 0.1514976475008858, 23000, 0.32098650464536693
32, 4, 8, fdbscan_dynamic_noncore, 0.75, 10, 10, , 20, 23, 0.06245708465576172, 2.8109030723571777, 0.1369059766778969, 24000, 0.3138184116466907
32, 4, 8, fdbscan_dynamic_noncore, 0.75, 10, 10, , 20, 24, 0.06319832801818848, 2.874101400375366, 0.12804530304590286, 25000, 0.308198220402248
32, 4, 8, fdbscan_dynamic_noncore, 0.75, 10, 10, , 20, 25, 0.06301689147949219, 2.9371182918548584, 0.12326821896115694, 26000, 0.30455219614209017
32, 4, 8, fdbscan_dynamic_noncore, 0.75, 10, 10, , 20, 26, 0.0632781982421875, 3.000396490097046, 0.12146945700598914, 27000, 0.3018708512369739
32, 4, 8, fdbscan_dynamic_noncore, 0.75, 10, 10, , 20, 27, 0.0638580322265625, 3.0642545223236084, 0.12181502399924135, 28000, 0.29984829262033696
32, 4, 8, fdbscan_dynamic_noncore, 0.75, 10, 10, , 20, 28, 0.06264925003051758, 3.126903772354126, 0.10624058039988993, 29000, 0.28322152185671357
32, 4, 8, fdbscan_dynamic_noncore, 0.75, 10, 10, , 20, 29, 0.06328892707824707, 3.190192699432373, 0.0951078457282196, 30000, 0.2746652859198186
32, 4, 8, fdbscan_dynamic_noncore, 0.75, 10, 10, , 20, 30, 0.06293916702270508, 3.253131866455078, 0.08741619215202054, 31000, 0.26882493285697234
32, 4, 8, fdbscan_dynamic_noncore, 0.75, 10, 10, , 20, 31, 0.06319069862365723, 3.3163225650787354, 0.08238356566409659, 32000, 0.26448043745340044
32, 4, 8, fdbscan_dynamic_noncore, 0.75, 10, 10, , 20, 32, 0.06329107284545898, 3.3796136379241943, 0.0794020111450326, 33000, 0.2609723864106142
32, 4, 8, fdbscan_dynamic_noncore, 0.75, 10, 10, , 20, 33, 0.12335586547851562, 3.50296950340271, 0.07795632202202804, 34000, 0.25841524615233996
32, 4, 8, fdbscan_dynamic_noncore, 0.75, 10, 10, , 20, 34, 0.06356287002563477, 3.5665323734283447, 0.07772579769966607, 35000, 0.2562226589643296
32, 4, 8, fdbscan_dynamic_noncore, 0.75, 10, 10, , 20, 35, 0.06313920021057129, 3.629671573638916, 0.06952289926312127, 36000, 0.24486481351692807
32, 4, 8, fdbscan_dynamic_noncore, 0.75, 10, 10, , 20, 36, 0.06326603889465332, 3.6929376125335693, 0.06349510219752524, 37000, 0.23857527796555109
32, 4, 8, fdbscan_dynamic_noncore, 0.75, 10, 10, , 20, 37, 0.06502318382263184, 3.757960796356201, 0.05919658558012333, 38000, 0.23404764835172095
32, 4, 8, fdbscan_dynamic_noncore, 0.75, 10, 10, , 20, 38, 0.0646820068359375, 3.8226428031921387, 0.05627767659468246, 39000, 0.23055364519925062
32, 4, 8, fdbscan_dynamic_noncore, 0.75, 10, 10, , 20, 39, 0.06467199325561523, 3.887314796447754, 0.0544675512886285, 40000, 0.22762376897624645
32, 4, 8, fdbscan_dynamic_noncore, 0.75, 10, 10, , 20, 40, 0.06519603729248047, 3.9525108337402344, 0.05353346461902999, 41000, 0.22532331402453729
32, 4, 8, fdbscan_dynamic_noncore, 0.75, 10, 10, , 20, 41, 0.06553769111633301, 4.018048524856567, 0.053308507984027594, 42000, 0.2233000098999056
32, 4, 8, fdbscan_dynamic_noncore, 0.75, 10, 10, , 20, 42, 0.06457805633544922, 4.082626581192017, 0.04929625933790351, 43000, 0.21451676386721116
32, 4, 8, fdbscan_dynamic_noncore, 0.75, 10, 10, , 20, 43, 0.06445479393005371, 4.14708137512207, 0.046053667649163625, 44000, 0.20919122159636735
32, 4, 8, fdbscan_dynamic_noncore, 0.75, 10, 10, , 20, 44, 0.06330108642578125, 4.210382461547852, 0.04364309887533553, 45000, 0.20520338349500475
32, 4, 8, fdbscan_dynamic_noncore, 0.75, 10, 10, , 20, 45, 0.06340408325195312, 4.273786544799805, 0.041712788004306486, 46000, 0.20184953051655824
32, 4, 8, fdbscan_dynamic_noncore, 0.75, 10, 10, , 20, 46, 0.06413006782531738, 4.337916612625122, 0.04036286562867133, 47000, 0.19920630617374088
32, 4, 8, fdbscan_dynamic_noncore, 0.75, 10, 10, , 20, 47, 0.06392884254455566, 4.401845455169678, 0.03935979322123617, 48000, 0.1969582450660066
32, 4, 8, fdbscan_dynamic_noncore, 0.75, 10, 10, , 20, 48, 0.1474440097808838, 4.5492894649505615, 0.03864857041977069, 49000, 0.19492636091149568
32, 4, 8, fdbscan_dynamic_noncore, 0.75, 10, 10, , 20, 49, 0.06530404090881348, 4.614593505859375, 0.035644456463543854, 50000, 0.18880007844490534
32, 4, 8, fdbscan_dynamic_noncore, 0.75, 10, 10, , 20, 50, 0.06554222106933594, 4.680135726928711, 0.033362948320430415, 51000, 0.1850486331266724
32, 4, 8, fdbscan_dynamic_noncore, 0.75, 10, 10, , 20, 51, 0.06831717491149902, 4.74845290184021, 0.03167011764579686, 52000, 0.18226196095515554
32, 4, 8, fdbscan_dynamic_noncore, 0.75, 10, 10, , 20, 52, 0.06728792190551758, 4.8157408237457275, 0.03048475552381796, 53000, 0.18001890036689433
32, 4, 8, fdbscan_dynamic_noncore, 0.75, 10, 10, , 20, 53, 0.06865787506103516, 4.884398698806763, 0.029731358228295052, 54000, 0.1780869553837128
32, 4, 8, fdbscan_dynamic_noncore, 0.75, 10, 10, , 20, 54, 0.06835603713989258, 4.952754735946655, 0.02933651123065413, 55000, 0.17650070936982867
32, 4, 8, fdbscan_dynamic_noncore, 0.75, 10, 10, , 20, 55, 0.07035589218139648, 5.023110628128052, 0.02924908146935614, 56000, 0.17507201640562642
32, 4, 8, fdbscan_dynamic_noncore, 0.75, 10, 10, , 20, 56, 0.06758785247802734, 5.090698480606079, 0.02726196566204415, 57000, 0.17022560424473904
32, 4, 8, fdbscan_dynamic_noncore, 0.75, 10, 10, , 20, 57, 0.06493806838989258, 5.155636548995972, 0.025724650371783852, 58000, 0.1672338452401213
32, 4, 8, fdbscan_dynamic_noncore, 0.75, 10, 10, , 20, 58, 0.06569695472717285, 5.2213335037231445, 0.024573910188674032, 59000, 0.16492288286228285
32, 4, 8, fdbscan_dynamic_noncore, 0.75, 10, 10, , 20, 59, 0.06524991989135742, 5.286583423614502, 0.023755912267695724, 60000, 0.1630318987113236
32, 4, 8, fdbscan_dynamic_noncore, 0.75, 10, 10, , 20, 60, 0.06548929214477539, 5.352072715759277, 0.02322467058313506, 61000, 0.1614361129441101
32, 4, 8, fdbscan_dynamic_noncore, 0.75, 10, 10, , 20, 61, 0.06521081924438477, 5.417283535003662, 0.022940782036906585, 62000, 0.16006235188872514
32, 4, 8, fdbscan_dynamic_noncore, 0.75, 10, 10, , 20, 62, 0.06526303291320801, 5.48254656791687, 0.022870387946158966, 63000, 0.1588628136245121
32, 4, 8, fdbscan_dynamic_noncore, 0.75, 10, 10, , 20, 63, 0.06506490707397461, 5.547611474990845, 0.02149204529046345, 64000, 0.15493937521534873
32, 4, 8, fdbscan_dynamic_noncore, 0.75, 10, 10, , 20, 64, 0.06451797485351562, 5.61212944984436, 0.020413804386709977, 65000, 0.15246028947555104
32, 4, 8, fdbscan_dynamic_noncore, 0.75, 10, 10, , 20, 65, 0.06568217277526855, 5.677811622619629, 0.01959758878068574, 66000, 0.15051634966010946
32, 4, 8, fdbscan_dynamic_noncore, 0.75, 10, 10, , 20, 66, 0.06616687774658203, 5.743978500366211, 0.019010430645786745, 67000, 0.14890562363359966
32, 4, 8, fdbscan_dynamic_noncore, 0.75, 10, 10, , 20, 67, 0.06606793403625488, 5.810046434402466, 0.018623708029669363, 68000, 0.14753118910467317
32, 4, 8, fdbscan_dynamic_noncore, 0.75, 10, 10, , 20, 68, 0.16356706619262695, 5.973613500595093, 0.018412508931878183, 69000, 0.14633596424609083
32, 4, 8, fdbscan_dynamic_noncore, 0.75, 10, 10, , 20, 69, 0.06616711616516113, 6.039780616760254, 0.018355098920590066, 70000, 0.14528248057573565
33, 1, 9, dynamic_dbscan, 0.75, 10, 10, 20, , 0, 0.03272199630737305, 0.03272199630737305, 0.0, 1000, 0.0
33, 1, 9, dynamic_dbscan, 0.75, 10, 10, 20, , 1, 0.035608768463134766, 0.06833076477050781, 0.0, 2000, 0.0
33, 1, 9, dynamic_dbscan, 0.75, 10, 10, 20, , 2, 0.04147934913635254, 0.10981011390686035, 0.0, 3000, 0.0
33, 1, 9, dynamic_dbscan, 0.75, 10, 10, 20, , 3, 0.04446005821228027, 0.15427017211914062, 0.0, 4000, 0.0
33, 1, 9, dynamic_dbscan, 0.75, 10, 10, 20, , 4, 0.04937410354614258, 0.2036442756652832, 0.0, 5000, 0.0
33, 1, 9, dynamic_dbscan, 0.75, 10, 10, 20, , 5, 0.05296516418457031, 0.2566094398498535, 0.0, 6000, 0.0
33, 1, 9, dynamic_dbscan, 0.75, 10, 10, 20, , 6, 0.061676979064941406, 0.3182864189147949, 0.0, 7000, 0.0
33, 1, 9, dynamic_dbscan, 0.75, 10, 10, 20, , 7, 0.04747319221496582, 0.36575961112976074, 0.03539575670525296, 8000, 0.14010970896372207
33, 1, 9, dynamic_dbscan, 0.75, 10, 10, 20, , 8, 0.08208012580871582, 0.44783973693847656, 0.23611564742469443, 9000, 0.29421484638358153
33, 1, 9, dynamic_dbscan, 0.75, 10, 10, 20, , 9, 0.10423612594604492, 0.5520758628845215, 0.3039110280951369, 10000, 0.35856918687196576
33, 1, 9, dynamic_dbscan, 0.75, 10, 10, 20, , 10, 0.11554884910583496, 0.6676247119903564, 0.23473470077723002, 11000, 0.16548239169480997
33, 1, 9, dynamic_dbscan, 0.75, 10, 10, 20, , 11, 0.12588906288146973, 0.7935137748718262, 0.25758806806119866, 12000, 0.1910712366208873
33, 1, 9, dynamic_dbscan, 0.75, 10, 10, 20, , 12, 0.20223498344421387, 0.99574875831604, 0.28395234365446104, 13000, 0.21589576149519552
33, 1, 9, dynamic_dbscan, 0.75, 10, 10, 20, , 13, 0.14809489250183105, 1.143843650817871, 0.3026293061877804, 14000, 0.23102777591667922
33, 1, 9, dynamic_dbscan, 0.75, 10, 10, 20, , 14, 0.07329511642456055, 1.2171387672424316, 0.26417609695010263, 15000, 0.24034282424873576
33, 1, 9, dynamic_dbscan, 0.75, 10, 10, 20, , 15, 0.07457804679870605, 1.2917168140411377, 0.24348038484195955, 16000, 0.25434949734739
33, 1, 9, dynamic_dbscan, 0.75, 10, 10, 20, , 16, 0.07761478424072266, 1.3693315982818604, 0.2333679425166996, 17000, 0.26026468181239143
33, 1, 9, dynamic_dbscan, 0.75, 10, 10, 20, , 17, 0.07974481582641602, 1.4490764141082764, 0.23070995622492266, 18000, 0.26175521653582196
33, 1, 9, dynamic_dbscan, 0.75, 10, 10, 20, , 18, 0.0714409351348877, 1.520517349243164, 0.23123856048761582, 19000, 0.25998652272951606
33, 1, 9, dynamic_dbscan, 0.75, 10, 10, 20, , 19, 0.14205694198608398, 1.662574291229248, 0.23639654897924933, 20000, 0.26245277549872403
33, 1, 9, dynamic_dbscan, 0.75, 10, 10, 20, , 20, 0.08667588233947754, 1.7492501735687256, 0.24138222424455827, 21000, 0.26316923449873764
33, 1, 9, dynamic_dbscan, 0.75, 10, 10, 20, , 21, 0.07264113426208496, 1.8218913078308105, 0.207026612484503, 22000, 0.24839932034048925
33, 1, 9, dynamic_dbscan, 0.75, 10, 10, 20, , 22, 0.06692814826965332, 1.8888194561004639, 0.1868607491053613, 23000, 0.24711826163437195
33, 1, 9, dynamic_dbscan, 0.75, 10, 10, 20, , 23, 0.08180689811706543, 1.9706263542175293, 0.17651736054576092, 24000, 0.24748610406077642
33, 1, 9, dynamic_dbscan, 0.75, 10, 10, 20, , 24, 0.09395718574523926, 2.0645835399627686, 0.16559190978750715, 25000, 0.22889798954190715
33, 1, 9, dynamic_dbscan, 0.75, 10, 10, 20, , 25, 0.08938813209533691, 2.1539716720581055, 0.15614909637250024, 26000, 0.2125252775313335
33, 1, 9, dynamic_dbscan, 0.75, 10, 10, 20, , 26, 0.09319281578063965, 2.247164487838745, 0.14827471518563892, 27000, 0.20146160531747087
33, 1, 9, dynamic_dbscan, 0.75, 10, 10, 20, , 27, 0.10309505462646484, 2.35025954246521, 0.14190044447032032, 28000, 0.19654949221875676
33, 1, 9, dynamic_dbscan, 0.75, 10, 10, 20, , 28, 0.16533994674682617, 2.515599489212036, 0.12470675311486193, 29000, 0.19213519684841462
33, 1, 9, dynamic_dbscan, 0.75, 10, 10, 20, , 29, 0.08614087104797363, 2.6017403602600098, 0.11303399939866957, 30000, 0.1911272185109148
33, 1, 9, dynamic_dbscan, 0.75, 10, 10, 20, , 30, 0.08595585823059082, 2.6876962184906006, 0.10568744302363477, 31000, 0.19127534325048395
33, 1, 9, dynamic_dbscan, 0.75, 10, 10, 20, , 31, 0.0898587703704834, 2.777554988861084, 0.10198985420329648, 32000, 0.19232537375371866
33, 1, 9, dynamic_dbscan, 0.75, 10, 10, 20, , 32, 0.09238290786743164, 2.8699378967285156, 0.10118326724089116, 33000, 0.19367710193223234
33, 1, 9, dynamic_dbscan, 0.75, 10, 10, 20, , 33, 0.08395504951477051, 2.953892946243286, 0.10116604403526239, 34000, 0.19456442044548636
33, 1, 9, dynamic_dbscan, 0.75, 10, 10, 20, , 34, 0.10314798355102539, 3.0570409297943115, 0.10153964460972152, 35000, 0.1920665590090989
33, 1, 9, dynamic_dbscan, 0.75, 10, 10, 20, , 35, 0.08658123016357422, 3.1436221599578857, 0.0918903097701767, 36000, 0.1906663914029846
33, 1, 9, dynamic_dbscan, 0.75, 10, 10, 20, , 36, 0.10504984855651855, 3.2486720085144043, 0.09029182140220592, 37000, 0.20208890354438186
33, 1, 9, dynamic_dbscan, 0.75, 10, 10, 20, , 37, 0.11081981658935547, 3.3594918251037598, 0.08438873218349258, 38000, 0.17175884457339333
33, 1, 9, dynamic_dbscan, 0.75, 10, 10, 20, , 38, 0.11535501480102539, 3.474846839904785, 0.08109980933114566, 39000, 0.16659936222618224
33, 1, 9, dynamic_dbscan, 0.75, 10, 10, 20, , 39, 0.22683215141296387, 3.701678991317749, 0.07844631482064018, 40000, 0.16326740949297405
33, 1, 9, dynamic_dbscan, 0.75, 10, 10, 20, , 40, 0.12567400932312012, 3.827353000640869, 0.07502707983041311, 41000, 0.15984968570377284
33, 1, 9, dynamic_dbscan, 0.75, 10, 10, 20, , 41, 0.14368581771850586, 3.971038818359375, 0.07281404746141532, 42000, 0.15913717287405588
33, 1, 9, dynamic_dbscan, 0.75, 10, 10, 20, , 42, 0.11963915824890137, 4.090677976608276, 0.06722392885587415, 43000, 0.1527572899028827
33, 1, 9, dynamic_dbscan, 0.75, 10, 10, 20, , 43, 0.12299180030822754, 4.213669776916504, 0.0626484639389993, 44000, 0.1462335402243603
33, 1, 9, dynamic_dbscan, 0.75, 10, 10, 20, , 44, 0.12912201881408691, 4.342791795730591, 0.05954231359949403, 45000, 0.14225058669638996
33, 1, 9, dynamic_dbscan, 0.75, 10, 10, 20, , 45, 0.11784815788269043, 4.460639953613281, 0.05718283261380342, 46000, 0.13886946649843243
33, 1, 9, dynamic_dbscan, 0.75, 10, 10, 20, , 46, 0.13991594314575195, 4.600555896759033, 0.05398656009381142, 47000, 0.12695990485361183
33, 1, 9, dynamic_dbscan, 0.75, 10, 10, 20, , 47, 0.136030912399292, 4.736586809158325, 0.05201998076799659, 48000, 0.12349442581402002
33, 1, 9, dynamic_dbscan, 0.75, 10, 10, 20, , 48, 0.13759803771972656, 4.874184846878052, 0.05026498173594164, 49000, 0.11977564013200258
33, 1, 9, dynamic_dbscan, 0.75, 10, 10, 20, , 49, 0.17309212684631348, 5.047276973724365, 0.051624083067705606, 50000, 0.11960610209437102
33, 1, 9, dynamic_dbscan, 0.75, 10, 10, 20, , 50, 0.19719600677490234, 5.244472980499268, 0.05377362563058312, 51000, 0.12195178770177206
33, 1, 9, dynamic_dbscan, 0.75, 10, 10, 20, , 51, 0.32047319412231445, 5.564946174621582, 0.0570962862646463, 52000, 0.12778062376649682
33, 1, 9, dynamic_dbscan, 0.75, 10, 10, 20, , 52, 0.22250604629516602, 5.787452220916748, 0.06125679431510752, 53000, 0.13557296707387004
33, 1, 9, dynamic_dbscan, 0.75, 10, 10, 20, , 53, 0.2473459243774414, 6.0347981452941895, 0.06569977684892038, 54000, 0.14139835511281562
33, 1, 9, dynamic_dbscan, 0.75, 10, 10, 20, , 54, 0.21513080596923828, 6.249928951263428, 0.06998973735363206, 55000, 0.14723161242642463
33, 1, 9, dynamic_dbscan, 0.75, 10, 10, 20, , 55, 0.23203301429748535, 6.481961965560913, 0.07518542449573605, 56000, 0.1539767370858794
33, 1, 9, dynamic_dbscan, 0.75, 10, 10, 20, , 56, 0.16611981391906738, 6.6480817794799805, 0.07082050564045138, 57000, 0.15376025096935086
33, 1, 9, dynamic_dbscan, 0.75, 10, 10, 20, , 57, 0.1566300392150879, 6.804711818695068, 0.06774030399113362, 58000, 0.15473635739136485
33, 1, 9, dynamic_dbscan, 0.75, 10, 10, 20, , 58, 0.1630091667175293, 6.967720985412598, 0.06583983073325042, 59000, 0.1561180100864999
33, 1, 9, dynamic_dbscan, 0.75, 10, 10, 20, , 59, 0.15873217582702637, 7.126453161239624, 0.06490252306960947, 60000, 0.15745192367395835
33, 1, 9, dynamic_dbscan, 0.75, 10, 10, 20, , 60, 0.14165568351745605, 7.26810884475708, 0.06485304185022127, 61000, 0.1591271114660993
33, 1, 9, dynamic_dbscan, 0.75, 10, 10, 20, , 61, 0.15227699279785156, 7.420385837554932, 0.06552537111984857, 62000, 0.160964737855417
33, 1, 9, dynamic_dbscan, 0.75, 10, 10, 20, , 62, 0.16339707374572754, 7.583782911300659, 0.06675996817319513, 63000, 0.16279666703421025
33, 1, 9, dynamic_dbscan, 0.75, 10, 10, 20, , 63, 0.15075206756591797, 7.734534978866577, 0.06404132242853226, 64000, 0.1617389386064048
33, 1, 9, dynamic_dbscan, 0.75, 10, 10, 20, , 64, 0.19394779205322266, 7.9284827709198, 0.06260046270451963, 65000, 0.16020625031834448
33, 1, 9, dynamic_dbscan, 0.75, 10, 10, 20, , 65, 0.20896506309509277, 8.137447834014893, 0.06119083140031113, 66000, 0.1591561560971645
33, 1, 9, dynamic_dbscan, 0.75, 10, 10, 20, , 66, 0.22847819328308105, 8.365926027297974, 0.060284227310270645, 67000, 0.1581101168115399
33, 1, 9, dynamic_dbscan, 0.75, 10, 10, 20, , 67, 0.20105385780334473, 8.566979885101318, 0.05928375656682452, 68000, 0.15634542331445223
33, 1, 9, dynamic_dbscan, 0.75, 10, 10, 20, , 68, 0.33435511589050293, 8.901335000991821, 0.057926279319640235, 69000, 0.154726882632664
33, 1, 9, dynamic_dbscan, 0.75, 10, 10, 20, , 69, 0.2137761116027832, 9.115111112594604, 0.05670885997121446, 70000, 0.15334697482512955
34, 2, 9, sklearn_dynamic, 0.75, 10, , , , 0, 0.002723217010498047, 0.002723217010498047, 1.0, 1000, 1.0
34, 2, 9, sklearn_dynamic, 0.75, 10, , , , 1, 0.004018306732177734, 0.006741523742675781, 0.0, 2000, 0.0
34, 2, 9, sklearn_dynamic, 0.75, 10, , , , 2, 0.00899195671081543, 0.01573348045349121, 0.0, 3000, 0.0
34, 2, 9, sklearn_dynamic, 0.75, 10, , , , 3, 0.01151585578918457, 0.02724933624267578, 0.0, 4000, 0.0
34, 2, 9, sklearn_dynamic, 0.75, 10, , , , 4, 0.01751875877380371, 0.04476809501647949, 0.0, 5000, 0.0
34, 2, 9, sklearn_dynamic, 0.75, 10, , , , 5, 0.022001981735229492, 0.06677007675170898, 0.0, 6000, 0.0
34, 2, 9, sklearn_dynamic, 0.75, 10, , , , 6, 0.0312650203704834, 0.09803509712219238, 0.0, 7000, 0.0
34, 2, 9, sklearn_dynamic, 0.75, 10, , , , 7, 0.048110008239746094, 0.14614510536193848, -0.009867197408506594, 8000, 0.003857997915891353
34, 2, 9, sklearn_dynamic, 0.75, 10, , , , 8, 0.02899909019470215, 0.17514419555664062, -0.007457038873707013, 9000, 0.0047522129704621295
34, 2, 9, sklearn_dynamic, 0.75, 10, , , , 9, 0.037097930908203125, 0.21224212646484375, -0.0053921153996745385, 10000, 0.005333409849859496
34, 2, 9, sklearn_dynamic, 0.75, 10, , , , 10, 0.05071401596069336, 0.2629561424255371, 0.008682224230561192, 11000, 0.027670634266098594
34, 2, 9, sklearn_dynamic, 0.75, 10, , , , 11, 0.059700965881347656, 0.32265710830688477, 0.012492952676245861, 12000, 0.04309079660705694
34, 2, 9, sklearn_dynamic, 0.75, 10, , , , 12, 0.0716550350189209, 0.39431214332580566, 0.009033745530076383, 13000, 0.05175375614817608
34, 2, 9, sklearn_dynamic, 0.75, 10, , , , 13, 0.07174205780029297, 0.46605420112609863, 0.002981566347828419, 14000, 0.061292998984874426
34, 2, 9, sklearn_dynamic, 0.75, 10, , , , 14, 0.08032917976379395, 0.5463833808898926, -0.004721786961181467, 15000, 0.052722916563415684
34, 2, 9, sklearn_dynamic, 0.75, 10, , , , 15, 0.08703303337097168, 0.6334164142608643, -0.007136638434621867, 16000, 0.050148746744398315
34, 2, 9, sklearn_dynamic, 0.75, 10, , , , 16, 0.09757113456726074, 0.730987548828125, -0.006991933415448355, 17000, 0.0489607223136929
34, 2, 9, sklearn_dynamic, 0.75, 10, , , , 17, 0.1091151237487793, 0.8401026725769043, -0.005552458485549559, 18000, 0.04837849288040424
34, 2, 9, sklearn_dynamic, 0.75, 10, , , , 18, 0.12697196006774902, 0.9670746326446533, -0.003457680676168741, 19000, 0.0481120911472617
34, 2, 9, sklearn_dynamic, 0.75, 10, , , , 19, 0.1416468620300293, 1.1087214946746826, -0.0010499741399541342, 20000, 0.04802633517936375
34, 2, 9, sklearn_dynamic, 0.75, 10, , , , 20, 0.1605358123779297, 1.2692573070526123, 0.0014805518300241571, 21000, 0.04804975761860554
34, 2, 9, sklearn_dynamic, 0.75, 10, , , , 21, 0.16871881484985352, 1.4379761219024658, -0.0005680745205630583, 22000, 0.043468948151884755
34, 2, 9, sklearn_dynamic, 0.75, 10, , , , 22, 0.18135285377502441, 1.6193289756774902, -0.0014832489580979956, 23000, 0.041468909637662275
34, 2, 9, sklearn_dynamic, 0.75, 10, , , , 23, 0.2246081829071045, 1.8439371585845947, -0.0016768781034334627, 24000, 0.04023793565461353
34, 2, 9, sklearn_dynamic, 0.75, 10, , , , 24, 0.20473480224609375, 2.0486719608306885, -0.0014031586915816596, 25000, 0.03940651655138053
34, 2, 9, sklearn_dynamic, 0.75, 10, , , , 25, 0.22457599639892578, 2.2732479572296143, -0.0008245931353542117, 26000, 0.03881687321255421
34, 2, 9, sklearn_dynamic, 0.75, 10, , , , 26, 0.2606980800628662, 2.5339460372924805, -4.794743474563194e-05, 27000, 0.03838624544992197
34, 2, 9, sklearn_dynamic, 0.75, 10, , , , 27, 0.28605222702026367, 2.819998264312744, 0.0008551293546670443, 28000, 0.03806601137153685
34, 2, 9, sklearn_dynamic, 0.75, 10, , , , 28, 0.28509020805358887, 3.105088472366333, 3.7055995062650675e-05, 29000, 0.03541218783381942
34, 2, 9, sklearn_dynamic, 0.75, 10, , , , 29, 0.288193941116333, 3.393282413482666, -0.00038128832813152106, 30000, 0.03407343661768871
34, 2, 9, sklearn_dynamic, 0.75, 10, , , , 30, 0.3213460445404053, 3.7146284580230713, -0.0005183125220359363, 31000, 0.033575500404323416
34, 2, 9, sklearn_dynamic, 0.75, 10, , , , 31, 0.34964418411254883, 4.06427264213562, -0.0004449295199228646, 32000, 0.03289663308067501
34, 2, 9, sklearn_dynamic, 0.75, 10, , , , 32, 0.36525917053222656, 4.429531812667847, -0.00021650282094852344, 33000, 0.032377571713470665
34, 2, 9, sklearn_dynamic, 0.75, 10, , , , 33, 0.4043698310852051, 4.833901643753052, 0.000124964071241051, 34000, 0.031969199471132456
34, 2, 9, sklearn_dynamic, 0.75, 10, , , , 34, 0.5126159191131592, 5.346517562866211, 0.0005485090341815982, 35000, 0.03164141887521945
34, 2, 9, sklearn_dynamic, 0.75, 10, , , , 35, 0.4329402446746826, 5.7794578075408936, 0.00013710038584703667, 36000, 0.029928013075527882
34, 2, 9, sklearn_dynamic, 0.75, 10, , , , 36, 0.4646728038787842, 6.244130611419678, 0.000922448765183761, 37000, 0.033803307312632966
34, 2, 9, sklearn_dynamic, 0.75, 10, , , , 37, 0.526979923248291, 6.771110534667969, 0.0011962942885521827, 38000, 0.03564800274568677
34, 2, 9, sklearn_dynamic, 0.75, 10, , , , 38, 0.5430550575256348, 7.3141655921936035, 0.0015692652955479494, 39000, 0.03900470838866388
34, 2, 9, sklearn_dynamic, 0.75, 10, , , , 39, 0.49999117851257324, 7.814156770706177, 0.001511003511186173, 40000, 0.04121088116708229
34, 2, 9, sklearn_dynamic, 0.75, 10, , , , 40, 0.5711770057678223, 8.385333776473999, 0.0011912311510086176, 41000, 0.04315956615676982
34, 2, 9, sklearn_dynamic, 0.75, 10, , , , 41, 0.5868549346923828, 8.972188711166382, 0.0006352501568536954, 42000, 0.04444501089715716
34, 2, 9, sklearn_dynamic, 0.75, 10, , , , 42, 0.6019067764282227, 9.574095487594604, 0.00025089002275117077, 43000, 0.04253381433713608
34, 2, 9, sklearn_dynamic, 0.75, 10, , , , 43, 0.6232829093933105, 10.197378396987915, 2.3496806221771828e-05, 44000, 0.041749114916349514
34, 2, 9, sklearn_dynamic, 0.75, 10, , , , 44, 0.6501719951629639, 10.847550392150879, 1.3576329013488512e-05, 45000, 0.04146161323657333
34, 2, 9, sklearn_dynamic, 0.75, 10, , , , 45, 0.6860480308532715, 11.53359842300415, 4.3066495346814684e-05, 46000, 0.04102663208364255
34, 2, 9, sklearn_dynamic, 0.75, 10, , , , 46, 0.7276580333709717, 12.261256456375122, 0.00023805011547133143, 47000, 0.0417973250025539
34, 2, 9, sklearn_dynamic, 0.75, 10, , , , 47, 0.7432458400726318, 13.004502296447754, 0.00035869655531325744, 48000, 0.042007505899765984
34, 2, 9, sklearn_dynamic, 0.75, 10, , , , 48, 0.8280239105224609, 13.832526206970215, 0.0004626087663024269, 49000, 0.04213240029082586
34, 2, 9, sklearn_dynamic, 0.75, 10, , , , 49, 0.8278889656066895, 14.660415172576904, 0.00039997692193262813, 50000, 0.04194230027825486
34, 2, 9, sklearn_dynamic, 0.75, 10, , , , 50, 0.852459192276001, 15.512874364852905, 0.0006569201534412379, 51000, 0.04363900728960738
34, 2, 9, sklearn_dynamic, 0.75, 10, , , , 51, 1.0889298915863037, 16.60180425643921, 0.0009298924488238662, 52000, 0.04582926302415734
34, 2, 9, sklearn_dynamic, 0.75, 10, , , , 52, 0.9755058288574219, 17.57731008529663, 0.001679851738839458, 53000, 0.052599306024474046
34, 2, 9, sklearn_dynamic, 0.75, 10, , , , 53, 1.032594919204712, 18.609905004501343, 0.0016897238407249373, 54000, 0.055765997198413554
34, 2, 9, sklearn_dynamic, 0.75, 10, , , , 54, 0.9613633155822754, 19.571268320083618, 0.0014744371708793052, 55000, 0.05942682182383277
34, 2, 9, sklearn_dynamic, 0.75, 10, , , , 55, 1.0757369995117188, 20.647005319595337, 0.0011152852917721693, 56000, 0.06473056157652482
34, 2, 9, sklearn_dynamic, 0.75, 10, , , , 56, 1.1098048686981201, 21.756810188293457, 0.0007687923703681837, 57000, 0.06283517691290286
34, 2, 9, sklearn_dynamic, 0.75, 10, , , , 57, 1.1053698062896729, 22.86217999458313, 0.0005628236339916342, 58000, 0.06161850428733799
34, 2, 9, sklearn_dynamic, 0.75, 10, , , , 58, 1.1532330513000488, 24.01541304588318, 0.0004626829209230303, 59000, 0.06071941676669152
34, 2, 9, sklearn_dynamic, 0.75, 10, , , , 59, 1.1490511894226074, 25.164464235305786, 0.0004598643008229359, 60000, 0.05998724757311924
34, 2, 9, sklearn_dynamic, 0.75, 10, , , , 60, 1.1812629699707031, 26.34572720527649, 0.0005400579019046867, 61000, 0.05937188091983029
34, 2, 9, sklearn_dynamic, 0.75, 10, , , , 61, 1.2796580791473389, 27.625385284423828, 0.0006910897365512468, 62000, 0.058844076358110474
34, 2, 9, sklearn_dynamic, 0.75, 10, , , , 62, 1.350872278213501, 28.97625756263733, 0.0009025676256532322, 63000, 0.05838479914788318
34, 2, 9, sklearn_dynamic, 0.75, 10, , , , 63, 1.2960801124572754, 30.272337675094604, 0.0006606541893034025, 64000, 0.05687009793540224
34, 2, 9, sklearn_dynamic, 0.75, 10, , , , 64, 1.416182041168213, 31.688519716262817, 0.0005094652009461568, 65000, 0.05591832095590461
34, 2, 9, sklearn_dynamic, 0.75, 10, , , , 65, 1.4557209014892578, 33.144240617752075, 0.0004407962606934902, 66000, 0.05515052235632173
34, 2, 9, sklearn_dynamic, 0.75, 10, , , , 66, 1.5012750625610352, 34.64551568031311, 0.0004352365755772231, 67000, 0.05453377013123099
34, 2, 9, sklearn_dynamic, 0.75, 10, , , , 67, 1.512056827545166, 36.157572507858276, 0.000488968386191318, 68000, 0.0540095059420855
34, 2, 9, sklearn_dynamic, 0.75, 10, , , , 68, 1.5717689990997314, 37.72934150695801, 0.0005941928393070661, 69000, 0.05355516008654487
34, 2, 9, sklearn_dynamic, 0.75, 10, , , , 69, 1.7090239524841309, 39.43836545944214, 0.0007441397186975099, 70000, 0.053155970801310376
35, 3, 9, fdbscan_dynamic_naive, 0.75, 10, 10, , , 0, 0.06976914405822754, 0.06976914405822754, 1.0, 1000, 1.0
35, 3, 9, fdbscan_dynamic_naive, 0.75, 10, 10, , , 1, 0.09885311126708984, 0.16862225532531738, 0.0, 2000, 0.0
35, 3, 9, fdbscan_dynamic_naive, 0.75, 10, 10, , , 2, 0.09174680709838867, 0.26036906242370605, 0.0, 3000, 0.0
35, 3, 9, fdbscan_dynamic_naive, 0.75, 10, 10, , , 3, 0.08168983459472656, 0.3420588970184326, 0.0, 4000, 0.0
35, 3, 9, fdbscan_dynamic_naive, 0.75, 10, 10, , , 4, 0.08929586410522461, 0.4313547611236572, 0.0, 5000, 0.0
35, 3, 9, fdbscan_dynamic_naive, 0.75, 10, 10, , , 5, 0.0937201976776123, 0.5250749588012695, 0.0, 6000, 0.0
35, 3, 9, fdbscan_dynamic_naive, 0.75, 10, 10, , , 6, 0.09877610206604004, 0.6238510608673096, 0.0, 7000, 0.0
35, 3, 9, fdbscan_dynamic_naive, 0.75, 10, 10, , , 7, 0.10286283493041992, 0.7267138957977295, -0.007318594646088158, 8000, 0.08002961185572566
35, 3, 9, fdbscan_dynamic_naive, 0.75, 10, 10, , , 8, 0.10761618614196777, 0.8343300819396973, 0.20012978467524653, 9000, 0.2314527451224416
35, 3, 9, fdbscan_dynamic_naive, 0.75, 10, 10, , , 9, 0.10744810104370117, 0.9417781829833984, 0.23409614097451906, 10000, 0.27214310145948395
35, 3, 9, fdbscan_dynamic_naive, 0.75, 10, 10, , , 10, 0.11285400390625, 1.0546321868896484, 0.2872978826280057, 11000, 0.31873131773814184
35, 3, 9, fdbscan_dynamic_naive, 0.75, 10, 10, , , 11, 0.11571002006530762, 1.170342206954956, 0.2890552471157259, 12000, 0.33223302399670224
35, 3, 9, fdbscan_dynamic_naive, 0.75, 10, 10, , , 12, 0.12523698806762695, 1.295579195022583, 0.33345440087209294, 13000, 0.3734690977884204
35, 3, 9, fdbscan_dynamic_naive, 0.75, 10, 10, , , 13, 0.12778401374816895, 1.423363208770752, 0.3472397057444643, 14000, 0.39060335705451266
35, 3, 9, fdbscan_dynamic_naive, 0.75, 10, 10, , , 14, 0.26236629486083984, 1.6857295036315918, 0.2777663673423059, 15000, 0.36388590397274306
35, 3, 9, fdbscan_dynamic_naive, 0.75, 10, 10, , , 15, 0.1501467227935791, 1.835876226425171, 0.23587735599702375, 16000, 0.35741074116750204
35, 3, 9, fdbscan_dynamic_naive, 0.75, 10, 10, , , 16, 0.20568418502807617, 2.041560411453247, 0.2130938408250805, 17000, 0.35507261020415704
35, 3, 9, fdbscan_dynamic_naive, 0.75, 10, 10, , , 17, 0.15788006782531738, 2.1994404792785645, 0.20296247033359952, 18000, 0.35417148215931243
35, 3, 9, fdbscan_dynamic_naive, 0.75, 10, 10, , , 18, 0.16233396530151367, 2.361774444580078, 0.20094218920532003, 19000, 0.35496609553929376
35, 3, 9, fdbscan_dynamic_naive, 0.75, 10, 10, , , 19, 0.22185111045837402, 2.583625555038452, 0.20420178295914168, 20000, 0.3563786349397845
35, 3, 9, fdbscan_dynamic_naive, 0.75, 10, 10, , , 20, 0.17395591735839844, 2.7575814723968506, 0.21067201496351748, 21000, 0.3575306376471802
35, 3, 9, fdbscan_dynamic_naive, 0.75, 10, 10, , , 21, 0.23671579360961914, 2.9942972660064697, 0.17645164939357022, 22000, 0.33355063829385845
35, 3, 9, fdbscan_dynamic_naive, 0.75, 10, 10, , , 22, 0.1831951141357422, 3.177492380142212, 0.15343011812629495, 23000, 0.3231539564748272
35, 3, 9, fdbscan_dynamic_naive, 0.75, 10, 10, , , 23, 0.25287818908691406, 3.430370569229126, 0.1414223581391442, 24000, 0.31703782904567607
35, 3, 9, fdbscan_dynamic_naive, 0.75, 10, 10, , , 24, 0.19163107872009277, 3.6220016479492188, 0.13221938126609678, 25000, 0.3116378830166488
35, 3, 9, fdbscan_dynamic_naive, 0.75, 10, 10, , , 25, 0.26448631286621094, 3.8864879608154297, 0.12675896454816601, 26000, 0.3077467130300391
35, 3, 9, fdbscan_dynamic_naive, 0.75, 10, 10, , , 26, 0.24109220504760742, 4.127580165863037, 0.1244789992160196, 27000, 0.30593689780002936
35, 3, 9, fdbscan_dynamic_naive, 0.75, 10, 10, , , 27, 0.27899599075317383, 4.406576156616211, 0.12333637576250074, 28000, 0.3036173399519573
35, 3, 9, fdbscan_dynamic_naive, 0.75, 10, 10, , , 28, 0.21117281913757324, 4.617748975753784, 0.10694155838086515, 29000, 0.28844229623391593
35, 3, 9, fdbscan_dynamic_naive, 0.75, 10, 10, , , 29, 0.3184487819671631, 4.936197757720947, 0.09543363503039404, 30000, 0.2807538740858682
35, 3, 9, fdbscan_dynamic_naive, 0.75, 10, 10, , , 30, 0.21831321716308594, 5.154510974884033, 0.08766522779686654, 31000, 0.2755975046832128
35, 3, 9, fdbscan_dynamic_naive, 0.75, 10, 10, , , 31, 0.30635809898376465, 5.460869073867798, 0.08280365383174149, 32000, 0.2716587975370173
35, 3, 9, fdbscan_dynamic_naive, 0.75, 10, 10, , , 32, 0.246229887008667, 5.707098960876465, 0.0803964239944348, 33000, 0.2680752291872838
35, 3, 9, fdbscan_dynamic_naive, 0.75, 10, 10, , , 33, 0.31423306465148926, 6.021332025527954, 0.07909360185786399, 34000, 0.26560751303847624
35, 3, 9, fdbscan_dynamic_naive, 0.75, 10, 10, , , 34, 0.24275612831115723, 6.264088153839111, 0.07904945185214614, 35000, 0.26362473076288456
35, 3, 9, fdbscan_dynamic_naive, 0.75, 10, 10, , , 35, 0.33236002922058105, 6.596448183059692, 0.07029243656320024, 36000, 0.2530258049329988
35, 3, 9, fdbscan_dynamic_naive, 0.75, 10, 10, , , 36, 0.249833345413208, 6.8462815284729, 0.06550933373532958, 37000, 0.25030452436765105
35, 3, 9, fdbscan_dynamic_naive, 0.75, 10, 10, , , 37, 0.3307161331176758, 7.176997661590576, 0.062644366727249, 38000, 0.25024392467891854
35, 3, 9, fdbscan_dynamic_naive, 0.75, 10, 10, , , 38, 0.27903056144714355, 7.45602822303772, 0.06374091596432006, 39000, 0.2582989962564286
35, 3, 9, fdbscan_dynamic_naive, 0.75, 10, 10, , , 39, 0.36562681198120117, 7.821655035018921, 0.062287660514746365, 40000, 0.2623404449088486
35, 3, 9, fdbscan_dynamic_naive, 0.75, 10, 10, , , 40, 0.3485300540924072, 8.170185089111328, 0.060705268024135284, 41000, 0.26515808323732
35, 3, 9, fdbscan_dynamic_naive, 0.75, 10, 10, , , 41, 0.2725040912628174, 8.442689180374146, 0.058996888798535305, 42000, 0.2698538830289845
35, 3, 9, fdbscan_dynamic_naive, 0.75, 10, 10, , , 42, 0.36330389976501465, 8.80599308013916, 0.053816751090312, 43000, 0.2611158933468316
35, 3, 9, fdbscan_dynamic_naive, 0.75, 10, 10, , , 43, 0.28264617919921875, 9.088639259338379, 0.049919101849149036, 44000, 0.2558586371045119
35, 3, 9, fdbscan_dynamic_naive, 0.75, 10, 10, , , 44, 0.37727904319763184, 9.46591830253601, 0.047786219969304565, 45000, 0.25258612100618133
35, 3, 9, fdbscan_dynamic_naive, 0.75, 10, 10, , , 45, 0.29221367835998535, 9.758131980895996, 0.04630064260212957, 46000, 0.2510041256456726
35, 3, 9, fdbscan_dynamic_naive, 0.75, 10, 10, , , 46, 0.3885612487792969, 10.146693229675293, 0.045379057809898114, 47000, 0.24562285494668637
35, 3, 9, fdbscan_dynamic_naive, 0.75, 10, 10, , , 47, 0.31171083450317383, 10.458404064178467, 0.04423992500767303, 48000, 0.24378440358046538
35, 3, 9, fdbscan_dynamic_naive, 0.75, 10, 10, , , 48, 0.4026832580566406, 10.861087322235107, 0.04333643309874774, 49000, 0.24184096345149536
35, 3, 9, fdbscan_dynamic_naive, 0.75, 10, 10, , , 49, 0.40642619132995605, 11.267513513565063, 0.041719303491109874, 50000, 0.2391887614138725
35, 3, 9, fdbscan_dynamic_naive, 0.75, 10, 10, , , 50, 0.32096409797668457, 11.588477611541748, 0.04549039529622206, 51000, 0.2521507465581814
35, 3, 9, fdbscan_dynamic_naive, 0.75, 10, 10, , , 51, 0.41726207733154297, 12.005739688873291, 0.05243121082339693, 52000, 0.2656279404468048
35, 3, 9, fdbscan_dynamic_naive, 0.75, 10, 10, , , 52, 0.32816529273986816, 12.33390498161316, 0.05787299984180482, 53000, 0.2795970512651531
35, 3, 9, fdbscan_dynamic_naive, 0.75, 10, 10, , , 53, 0.43019914627075195, 12.764104127883911, 0.06352066458543917, 54000, 0.29290848355543253
35, 3, 9, fdbscan_dynamic_naive, 0.75, 10, 10, , , 54, 0.3459169864654541, 13.110021114349365, 0.06792872327236815, 55000, 0.2939219879958922
35, 3, 9, fdbscan_dynamic_naive, 0.75, 10, 10, , , 55, 0.4471149444580078, 13.557136058807373, 0.07587071686658069, 56000, 0.30536190771344157
35, 3, 9, fdbscan_dynamic_naive, 0.75, 10, 10, , , 56, 0.46035218238830566, 14.017488241195679, 0.07054042667955235, 57000, 0.2992273804652303
35, 3, 9, fdbscan_dynamic_naive, 0.75, 10, 10, , , 57, 0.36672186851501465, 14.384210109710693, 0.0664981483897518, 58000, 0.29554907550161386
35, 3, 9, fdbscan_dynamic_naive, 0.75, 10, 10, , , 58, 0.46352672576904297, 14.847736835479736, 0.06353887798280781, 59000, 0.29283887191615754
35, 3, 9, fdbscan_dynamic_naive, 0.75, 10, 10, , , 59, 0.4722788333892822, 15.320015668869019, 0.06151515715308319, 60000, 0.2907580417852091
35, 3, 9, fdbscan_dynamic_naive, 0.75, 10, 10, , , 60, 0.379619836807251, 15.69963550567627, 0.060359630749048106, 61000, 0.28926958087263205
35, 3, 9, fdbscan_dynamic_naive, 0.75, 10, 10, , , 61, 0.4846930503845215, 16.18432855606079, 0.05981487944507066, 62000, 0.2878368736816292
35, 3, 9, fdbscan_dynamic_naive, 0.75, 10, 10, , , 62, 0.3889119625091553, 16.573240518569946, 0.05985568740776326, 63000, 0.28669652086700836
35, 3, 9, fdbscan_dynamic_naive, 0.75, 10, 10, , , 63, 0.49526286125183105, 17.068503379821777, 0.05686556461081666, 64000, 0.2822266473121762
35, 3, 9, fdbscan_dynamic_naive, 0.75, 10, 10, , , 64, 0.5055050849914551, 17.574008464813232, 0.05408068050990565, 65000, 0.27841758113238096
35, 3, 9, fdbscan_dynamic_naive, 0.75, 10, 10, , , 65, 0.40454983711242676, 17.97855830192566, 0.052530353060220525, 66000, 0.27555068229121155
35, 3, 9, fdbscan_dynamic_naive, 0.75, 10, 10, , , 66, 0.5535387992858887, 18.532097101211548, 0.051323122318686694, 67000, 0.27357681960539826
35, 3, 9, fdbscan_dynamic_naive, 0.75, 10, 10, , , 67, 0.6552419662475586, 19.187339067459106, 0.0514248516483008, 68000, 0.27319532958393367
35, 3, 9, fdbscan_dynamic_naive, 0.75, 10, 10, , , 68, 0.5363199710845947, 19.7236590385437, 0.050916260216735086, 69000, 0.2724185877947956
35, 3, 9, fdbscan_dynamic_naive, 0.75, 10, 10, , , 69, 0.549278974533081, 20.272938013076782, 0.050536221768735685, 70000, 0.27000836170058057
36, 4, 9, fdbscan_dynamic_noncore, 0.75, 10, 10, , 20, 0, 0.06464600563049316, 0.06464600563049316, 1.0, 1000, 1.0
36, 4, 9, fdbscan_dynamic_noncore, 0.75, 10, 10, , 20, 1, 0.07218718528747559, 0.13683319091796875, 0.0, 2000, 0.0
36, 4, 9, fdbscan_dynamic_noncore, 0.75, 10, 10, , 20, 2, 0.07374787330627441, 0.21058106422424316, 0.0, 3000, 0.0
36, 4, 9, fdbscan_dynamic_noncore, 0.75, 10, 10, , 20, 3, 0.07781815528869629, 0.28839921951293945, 0.0, 4000, 0.0
36, 4, 9, fdbscan_dynamic_noncore, 0.75, 10, 10, , 20, 4, 0.08145308494567871, 0.36985230445861816, 0.0, 5000, 0.0
36, 4, 9, fdbscan_dynamic_noncore, 0.75, 10, 10, , 20, 5, 0.08663392066955566, 0.45648622512817383, 0.0, 6000, 0.0
36, 4, 9, fdbscan_dynamic_noncore, 0.75, 10, 10, , 20, 6, 0.09221005439758301, 0.5486962795257568, 0.0, 7000, 0.0
36, 4, 9, fdbscan_dynamic_noncore, 0.75, 10, 10, , 20, 7, 0.09713602066040039, 0.6458323001861572, -0.008894137453312943, 8000, 0.08274588828017186
36, 4, 9, fdbscan_dynamic_noncore, 0.75, 10, 10, , 20, 8, 0.10288405418395996, 0.7487163543701172, 0.2074362693088976, 9000, 0.2411054782458339
36, 4, 9, fdbscan_dynamic_noncore, 0.75, 10, 10, , 20, 9, 0.14377403259277344, 0.8924903869628906, 0.2288642312889916, 10000, 0.27067474181407436
36, 4, 9, fdbscan_dynamic_noncore, 0.75, 10, 10, , 20, 10, 0.10824894905090332, 1.000739336013794, 0.29656831226905617, 11000, 0.33438661248417895
36, 4, 9, fdbscan_dynamic_noncore, 0.75, 10, 10, , 20, 11, 0.13368797302246094, 1.1344273090362549, 0.31972788633781474, 12000, 0.36734277598223647
36, 4, 9, fdbscan_dynamic_noncore, 0.75, 10, 10, , 20, 12, 0.12213611602783203, 1.256563425064087, 0.3576877924403952, 13000, 0.40131289080551835
36, 4, 9, fdbscan_dynamic_noncore, 0.75, 10, 10, , 20, 13, 0.16808700561523438, 1.4246504306793213, 0.37196018528251645, 14000, 0.4172191190023094
36, 4, 9, fdbscan_dynamic_noncore, 0.75, 10, 10, , 20, 14, 0.13885164260864258, 1.5635020732879639, 0.3009440665163775, 15000, 0.3854006750613994
36, 4, 9, fdbscan_dynamic_noncore, 0.75, 10, 10, , 20, 15, 0.191084623336792, 1.7545866966247559, 0.2574086854145498, 16000, 0.3763062619209472
36, 4, 9, fdbscan_dynamic_noncore, 0.75, 10, 10, , 20, 16, 0.15030121803283691, 1.9048879146575928, 0.23269328661659527, 17000, 0.37282202446298773
36, 4, 9, fdbscan_dynamic_noncore, 0.75, 10, 10, , 20, 17, 0.20087981224060059, 2.1057677268981934, 0.22076539855776714, 18000, 0.3714724615692954
36, 4, 9, fdbscan_dynamic_noncore, 0.75, 10, 10, , 20, 18, 0.1580967903137207, 2.263864517211914, 0.21722014806221568, 19000, 0.37114251967390866
36, 4, 9, fdbscan_dynamic_noncore, 0.75, 10, 10, , 20, 19, 0.16164493560791016, 2.425509452819824, 0.2190509936500886, 20000, 0.37132640815999857
36, 4, 9, fdbscan_dynamic_noncore, 0.75, 10, 10, , 20, 20, 0.22294306755065918, 2.6484525203704834, 0.224262038052171, 21000, 0.3719008317763302
36, 4, 9, fdbscan_dynamic_noncore, 0.75, 10, 10, , 20, 21, 0.062361955642700195, 2.7108144760131836, 0.1889126641613337, 22000, 0.34598495758839765
36, 4, 9, fdbscan_dynamic_noncore, 0.75, 10, 10, , 20, 22, 0.06265592575073242, 2.773470401763916, 0.16497169254758406, 23000, 0.333610456893485
36, 4, 9, fdbscan_dynamic_noncore, 0.75, 10, 10, , 20, 23, 0.06336379051208496, 2.836834192276001, 0.14928545175710656, 24000, 0.32606594962032126
36, 4, 9, fdbscan_dynamic_noncore, 0.75, 10, 10, , 20, 24, 0.06269311904907227, 2.8995273113250732, 0.13957721992293234, 25000, 0.3204470452258695
36, 4, 9, fdbscan_dynamic_noncore, 0.75, 10, 10, , 20, 25, 0.06351590156555176, 2.963043212890625, 0.13416849606939102, 26000, 0.3168954914312487
36, 4, 9, fdbscan_dynamic_noncore, 0.75, 10, 10, , 20, 26, 0.06353473663330078, 3.026577949523926, 0.13191644945397704, 27000, 0.31413691245684294
36, 4, 9, fdbscan_dynamic_noncore, 0.75, 10, 10, , 20, 27, 0.0642859935760498, 3.0908639430999756, 0.13191003444693253, 28000, 0.31172895782802146
36, 4, 9, fdbscan_dynamic_noncore, 0.75, 10, 10, , 20, 28, 0.11967110633850098, 3.2105350494384766, 0.11529840690958042, 29000, 0.29469027801950876
36, 4, 9, fdbscan_dynamic_noncore, 0.75, 10, 10, , 20, 29, 0.06336736679077148, 3.273902416229248, 0.10349095350269498, 30000, 0.28567278455792017
36, 4, 9, fdbscan_dynamic_noncore, 0.75, 10, 10, , 20, 30, 0.06307578086853027, 3.3369781970977783, 0.09518691557007532, 31000, 0.2796589990966675
36, 4, 9, fdbscan_dynamic_noncore, 0.75, 10, 10, , 20, 31, 0.06400585174560547, 3.400984048843384, 0.08968940706236407, 32000, 0.2751889324168606
36, 4, 9, fdbscan_dynamic_noncore, 0.75, 10, 10, , 20, 32, 0.0637662410736084, 3.464750289916992, 0.08635368382829181, 33000, 0.27165314451121353
36, 4, 9, fdbscan_dynamic_noncore, 0.75, 10, 10, , 20, 33, 0.06410789489746094, 3.528858184814453, 0.08465937274815989, 34000, 0.26902129877644215
36, 4, 9, fdbscan_dynamic_noncore, 0.75, 10, 10, , 20, 34, 0.06384396553039551, 3.5927021503448486, 0.08425153647686814, 35000, 0.2667005272623136
36, 4, 9, fdbscan_dynamic_noncore, 0.75, 10, 10, , 20, 35, 0.06377911567687988, 3.6564812660217285, 0.07549577573850241, 36000, 0.25497519404999486
36, 4, 9, fdbscan_dynamic_noncore, 0.75, 10, 10, , 20, 36, 0.06418800354003906, 3.7206692695617676, 0.06905064174412252, 37000, 0.24835746063455139
36, 4, 9, fdbscan_dynamic_noncore, 0.75, 10, 10, , 20, 37, 0.0636591911315918, 3.7843284606933594, 0.06440526380358805, 38000, 0.2436776627982253
36, 4, 9, fdbscan_dynamic_noncore, 0.75, 10, 10, , 20, 38, 0.06490612030029297, 3.8492345809936523, 0.061218184471622236, 39000, 0.24006733105927294
36, 4, 9, fdbscan_dynamic_noncore, 0.75, 10, 10, , 20, 39, 0.06495165824890137, 3.9141862392425537, 0.05920952725788923, 40000, 0.2369848957668899
36, 4, 9, fdbscan_dynamic_noncore, 0.75, 10, 10, , 20, 40, 0.0646209716796875, 3.978807210922241, 0.05812092237387642, 41000, 0.23460679822287686
36, 4, 9, fdbscan_dynamic_noncore, 0.75, 10, 10, , 20, 41, 0.13558506965637207, 4.114392280578613, 0.05778504174654267, 42000, 0.2325356564148971
36, 4, 9, fdbscan_dynamic_noncore, 0.75, 10, 10, , 20, 42, 0.06357669830322266, 4.177968978881836, 0.05340107471177554, 43000, 0.22340236930425653
36, 4, 9, fdbscan_dynamic_noncore, 0.75, 10, 10, , 20, 43, 0.06372189521789551, 4.2416908740997314, 0.04995373757424747, 44000, 0.21780231032456063
36, 4, 9, fdbscan_dynamic_noncore, 0.75, 10, 10, , 20, 44, 0.06360816955566406, 4.3052990436553955, 0.047305793033818704, 45000, 0.21355153911272026
36, 4, 9, fdbscan_dynamic_noncore, 0.75, 10, 10, , 20, 45, 0.06398677825927734, 4.369285821914673, 0.04521328878781939, 46000, 0.21011081673695764
36, 4, 9, fdbscan_dynamic_noncore, 0.75, 10, 10, , 20, 46, 0.06372308731079102, 4.433008909225464, 0.04371753609450046, 47000, 0.2072499847873969
36, 4, 9, fdbscan_dynamic_noncore, 0.75, 10, 10, , 20, 47, 0.06398177146911621, 4.49699068069458, 0.04264728735222414, 48000, 0.20484333280506847
36, 4, 9, fdbscan_dynamic_noncore, 0.75, 10, 10, , 20, 48, 0.06492090225219727, 4.561911582946777, 0.04187141615046379, 49000, 0.20265890800026184
36, 4, 9, fdbscan_dynamic_noncore, 0.75, 10, 10, , 20, 49, 0.06425023078918457, 4.626161813735962, 0.0386685044995355, 50000, 0.19632045772590992
36, 4, 9, fdbscan_dynamic_noncore, 0.75, 10, 10, , 20, 50, 0.0648338794708252, 4.690995693206787, 0.03622408124209379, 51000, 0.19243968969968986
36, 4, 9, fdbscan_dynamic_noncore, 0.75, 10, 10, , 20, 51, 0.0654599666595459, 4.756455659866333, 0.03439878081545457, 52000, 0.1895543796931201
36, 4, 9, fdbscan_dynamic_noncore, 0.75, 10, 10, , 20, 52, 0.0664970874786377, 4.822952747344971, 0.03310706550584703, 53000, 0.1872312019030721
36, 4, 9, fdbscan_dynamic_noncore, 0.75, 10, 10, , 20, 53, 0.0687570571899414, 4.891709804534912, 0.032269696653452584, 54000, 0.18523166032828545
36, 4, 9, fdbscan_dynamic_noncore, 0.75, 10, 10, , 20, 54, 0.07174396514892578, 4.963453769683838, 0.03180995356329528, 55000, 0.18358791260109594
36, 4, 9, fdbscan_dynamic_noncore, 0.75, 10, 10, , 20, 55, 0.06902313232421875, 5.032476902008057, 0.03167443524352841, 56000, 0.18216997075905747
36, 4, 9, fdbscan_dynamic_noncore, 0.75, 10, 10, , 20, 56, 0.06600284576416016, 5.098479747772217, 0.029556053004991634, 57000, 0.17714729617494945
36, 4, 9, fdbscan_dynamic_noncore, 0.75, 10, 10, , 20, 57, 0.06471896171569824, 5.163198709487915, 0.02790985206308315, 58000, 0.17404514629719087
36, 4, 9, fdbscan_dynamic_noncore, 0.75, 10, 10, , 20, 58, 0.06471490859985352, 5.2279136180877686, 0.02666964301690231, 59000, 0.17164805872044436
36, 4, 9, fdbscan_dynamic_noncore, 0.75, 10, 10, , 20, 59, 0.1534900665283203, 5.381403684616089, 0.025779039406009962, 60000, 0.16968598900779294
36, 4, 9, fdbscan_dynamic_noncore, 0.75, 10, 10, , 20, 60, 0.06487298011779785, 5.446276664733887, 0.025189851159128498, 61000, 0.1680297372248243
36, 4, 9, fdbscan_dynamic_noncore, 0.75, 10, 10, , 20, 61, 0.06487393379211426, 5.511150598526001, 0.02486076940159995, 62000, 0.16660353194440647
36, 4, 9, fdbscan_dynamic_noncore, 0.75, 10, 10, , 20, 62, 0.06503605842590332, 5.576186656951904, 0.02475603498591253, 63000, 0.16528357686425274
36, 4, 9, fdbscan_dynamic_noncore, 0.75, 10, 10, , 20, 63, 0.0650167465209961, 5.6412034034729, 0.023286786840918425, 64000, 0.16121677877973942
36, 4, 9, fdbscan_dynamic_noncore, 0.75, 10, 10, , 20, 64, 0.06551074981689453, 5.706714153289795, 0.02213249529698974, 65000, 0.15864612905064196
36, 4, 9, fdbscan_dynamic_noncore, 0.75, 10, 10, , 20, 65, 0.07856988906860352, 5.785284042358398, 0.021253290000799768, 66000, 0.1566298528108125
36, 4, 9, fdbscan_dynamic_noncore, 0.75, 10, 10, , 20, 66, 0.0704190731048584, 5.855703115463257, 0.020614636737894574, 67000, 0.15495880185080688
36, 4, 9, fdbscan_dynamic_noncore, 0.75, 10, 10, , 20, 67, 0.07025408744812012, 5.925957202911377, 0.0201865434231241, 68000, 0.15353258838230296
36, 4, 9, fdbscan_dynamic_noncore, 0.75, 10, 10, , 20, 68, 0.06905221939086914, 5.995009422302246, 0.019942897536577957, 69000, 0.15229208688936127
36, 4, 9, fdbscan_dynamic_noncore, 0.75, 10, 10, , 20, 69, 0.06846284866333008, 6.063472270965576, 0.019860910995024402, 70000, 0.15119848516727674
37, 1, 10, dynamic_dbscan, 0.75, 10, 10, 20, , 0, 0.03459906578063965, 0.03459906578063965, 0.0, 1000, 0.0
37, 1, 10, dynamic_dbscan, 0.75, 10, 10, 20, , 1, 0.037274837493896484, 0.07187390327453613, 0.0, 2000, 0.0
37, 1, 10, dynamic_dbscan, 0.75, 10, 10, 20, , 2, 0.04483199119567871, 0.11670589447021484, 0.0, 3000, 0.0
37, 1, 10, dynamic_dbscan, 0.75, 10, 10, 20, , 3, 0.049375057220458984, 0.16608095169067383, 0.0, 4000, 0.0
37, 1, 10, dynamic_dbscan, 0.75, 10, 10, 20, , 4, 0.05875587463378906, 0.2248368263244629, 0.0, 5000, 0.0
37, 1, 10, dynamic_dbscan, 0.75, 10, 10, 20, , 5, 0.06944680213928223, 0.2942836284637451, 0.0, 6000, 0.0
37, 1, 10, dynamic_dbscan, 0.75, 10, 10, 20, , 6, 0.11195182800292969, 0.4062354564666748, 0.0, 7000, 0.0
37, 1, 10, dynamic_dbscan, 0.75, 10, 10, 20, , 7, 0.0478670597076416, 0.4541025161743164, -0.022943031351683917, 8000, 0.12384427641164324
37, 1, 10, dynamic_dbscan, 0.75, 10, 10, 20, , 8, 0.09261608123779297, 0.5467185974121094, 0.19427143503397995, 9000, 0.3020907596111925
37, 1, 10, dynamic_dbscan, 0.75, 10, 10, 20, , 9, 0.1128382682800293, 0.6595568656921387, 0.26026447617783993, 10000, 0.3581951094202863
37, 1, 10, dynamic_dbscan, 0.75, 10, 10, 20, , 10, 0.1381368637084961, 0.7976937294006348, 0.14022694764999308, 11000, 0.10510398031064723
37, 1, 10, dynamic_dbscan, 0.75, 10, 10, 20, , 11, 0.18036580085754395, 0.9780595302581787, 0.15885583918447255, 12000, 0.12388487943664526
37, 1, 10, dynamic_dbscan, 0.75, 10, 10, 20, , 12, 0.16001367568969727, 1.138073205947876, 0.2017191827477282, 13000, 0.15682757960564944
37, 1, 10, dynamic_dbscan, 0.75, 10, 10, 20, , 13, 0.1693098545074463, 1.3073830604553223, 0.22627350508974892, 14000, 0.17337064584085216
37, 1, 10, dynamic_dbscan, 0.75, 10, 10, 20, , 14, 0.06866908073425293, 1.3760521411895752, 0.2089856045616688, 15000, 0.1947849899973689
37, 1, 10, dynamic_dbscan, 0.75, 10, 10, 20, , 15, 0.06766891479492188, 1.443721055984497, 0.20292865613167643, 16000, 0.21425266851985894
37, 1, 10, dynamic_dbscan, 0.75, 10, 10, 20, , 16, 0.07906317710876465, 1.5227842330932617, 0.20127877017717163, 17000, 0.22127447269332037
37, 1, 10, dynamic_dbscan, 0.75, 10, 10, 20, , 17, 0.07881712913513184, 1.6016013622283936, 0.20418178530026487, 18000, 0.22395614650539686
37, 1, 10, dynamic_dbscan, 0.75, 10, 10, 20, , 18, 0.15091204643249512, 1.7525134086608887, 0.20295983219583105, 19000, 0.2131599047640924
37, 1, 10, dynamic_dbscan, 0.75, 10, 10, 20, , 19, 0.08152174949645996, 1.8340351581573486, 0.208908047453525, 20000, 0.21433801393349036
37, 1, 10, dynamic_dbscan, 0.75, 10, 10, 20, , 20, 0.09642982482910156, 1.9304649829864502, 0.21412240008954278, 21000, 0.21398172623507952
37, 1, 10, dynamic_dbscan, 0.75, 10, 10, 20, , 21, 0.09846115112304688, 2.028926134109497, 0.18685620019553725, 22000, 0.20621825009143804
37, 1, 10, dynamic_dbscan, 0.75, 10, 10, 20, , 22, 0.08357405662536621, 2.1125001907348633, 0.16924409871734067, 23000, 0.20458266213530055
37, 1, 10, dynamic_dbscan, 0.75, 10, 10, 20, , 23, 0.10135507583618164, 2.213855266571045, 0.15931982122702337, 24000, 0.19429843313110198
37, 1, 10, dynamic_dbscan, 0.75, 10, 10, 20, , 24, 0.09638714790344238, 2.3102424144744873, 0.15249760553574235, 25000, 0.18889867329643342
37, 1, 10, dynamic_dbscan, 0.75, 10, 10, 20, , 25, 0.10558319091796875, 2.415825605392456, 0.1446329601889267, 26000, 0.17895839541831934
37, 1, 10, dynamic_dbscan, 0.75, 10, 10, 20, , 26, 0.1889021396636963, 2.6047277450561523, 0.13724938926873642, 27000, 0.16957401372496553
37, 1, 10, dynamic_dbscan, 0.75, 10, 10, 20, , 27, 0.10814905166625977, 2.712876796722412, 0.13138044800183038, 28000, 0.1636947923174788
37, 1, 10, dynamic_dbscan, 0.75, 10, 10, 20, , 28, 0.09746098518371582, 2.810337781906128, 0.11618265095286341, 29000, 0.1613918352994069
37, 1, 10, dynamic_dbscan, 0.75, 10, 10, 20, , 29, 0.10217404365539551, 2.9125118255615234, 0.10642139714678231, 30000, 0.16197148730338726
37, 1, 10, dynamic_dbscan, 0.75, 10, 10, 20, , 30, 0.09983110427856445, 3.012342929840088, 0.10045591058397191, 31000, 0.1625750659509374
37, 1, 10, dynamic_dbscan, 0.75, 10, 10, 20, , 31, 0.10048818588256836, 3.1128311157226562, 0.09823851867196036, 32000, 0.16433691724012167
37, 1, 10, dynamic_dbscan, 0.75, 10, 10, 20, , 32, 0.10631918907165527, 3.2191503047943115, 0.09747034342428104, 33000, 0.16492960771454465
37, 1, 10, dynamic_dbscan, 0.75, 10, 10, 20, , 33, 0.1044161319732666, 3.323566436767578, 0.09783235497844432, 34000, 0.16641553562046082
37, 1, 10, dynamic_dbscan, 0.75, 10, 10, 20, , 34, 0.10860896110534668, 3.432175397872925, 0.09817987684282407, 35000, 0.16556023085843322
37, 1, 10, dynamic_dbscan, 0.75, 10, 10, 20, , 35, 0.09700775146484375, 3.5291831493377686, 0.08963336841119224, 36000, 0.1583262514162498
37, 1, 10, dynamic_dbscan, 0.75, 10, 10, 20, , 36, 0.11347794532775879, 3.6426610946655273, 0.08561442046126272, 37000, 0.15326628367669204
37, 1, 10, dynamic_dbscan, 0.75, 10, 10, 20, , 37, 0.2349109649658203, 3.8775720596313477, 0.08167155851284102, 38000, 0.14815742414164548
37, 1, 10, dynamic_dbscan, 0.75, 10, 10, 20, , 38, 0.12351202964782715, 4.001084089279175, 0.07791712264861121, 39000, 0.14312496399335495
37, 1, 10, dynamic_dbscan, 0.75, 10, 10, 20, , 39, 0.11780810356140137, 4.118892192840576, 0.07504689460582274, 40000, 0.14013623554176885
37, 1, 10, dynamic_dbscan, 0.75, 10, 10, 20, , 40, 0.14454913139343262, 4.263441324234009, 0.07200805343765106, 41000, 0.13806523236880183
37, 1, 10, dynamic_dbscan, 0.75, 10, 10, 20, , 41, 0.1471695899963379, 4.410610914230347, 0.06915724119719312, 42000, 0.13559249814479368
37, 1, 10, dynamic_dbscan, 0.75, 10, 10, 20, , 42, 0.13267087936401367, 4.54328179359436, 0.06345231369521452, 43000, 0.12722687158477217
37, 1, 10, dynamic_dbscan, 0.75, 10, 10, 20, , 43, 0.13180804252624512, 4.6750898361206055, 0.05959185162765941, 44000, 0.12374262876223965
37, 1, 10, dynamic_dbscan, 0.75, 10, 10, 20, , 44, 0.141251802444458, 4.8163416385650635, 0.05642266086082239, 45000, 0.11827783396575756
37, 1, 10, dynamic_dbscan, 0.75, 10, 10, 20, , 45, 0.1494278907775879, 4.965769529342651, 0.05398909563821537, 46000, 0.11446638009311662
37, 1, 10, dynamic_dbscan, 0.75, 10, 10, 20, , 46, 0.14785218238830566, 5.113621711730957, 0.05192901399125894, 47000, 0.11133841291976025
37, 1, 10, dynamic_dbscan, 0.75, 10, 10, 20, , 47, 0.1305983066558838, 5.244220018386841, 0.05008466424776821, 48000, 0.10871239457062921
37, 1, 10, dynamic_dbscan, 0.75, 10, 10, 20, , 48, 0.14220285415649414, 5.386422872543335, 0.04841378684912638, 49000, 0.10651542835735282
37, 1, 10, dynamic_dbscan, 0.75, 10, 10, 20, , 49, 0.28231000900268555, 5.6687328815460205, 0.04903588132802777, 50000, 0.10666589652572331
37, 1, 10, dynamic_dbscan, 0.75, 10, 10, 20, , 50, 0.1964108943939209, 5.865143775939941, 0.050270867378347406, 51000, 0.10690989668061898
37, 1, 10, dynamic_dbscan, 0.75, 10, 10, 20, , 51, 0.22074413299560547, 6.085887908935547, 0.05328172465555099, 52000, 0.11485378164777012
37, 1, 10, dynamic_dbscan, 0.75, 10, 10, 20, , 52, 0.2333059310913086, 6.3191938400268555, 0.057240665196231104, 53000, 0.12106480684474241
37, 1, 10, dynamic_dbscan, 0.75, 10, 10, 20, , 53, 0.22887706756591797, 6.548070907592773, 0.061263809573917034, 54000, 0.12663525297906214
37, 1, 10, dynamic_dbscan, 0.75, 10, 10, 20, , 54, 0.22324299812316895, 6.771313905715942, 0.06543776821144985, 55000, 0.1321260356664011
37, 1, 10, dynamic_dbscan, 0.75, 10, 10, 20, , 55, 0.24741911888122559, 7.018733024597168, 0.07069841413651949, 56000, 0.13822652019339568
37, 1, 10, dynamic_dbscan, 0.75, 10, 10, 20, , 56, 0.16177082061767578, 7.180503845214844, 0.0668128281226904, 57000, 0.13886911986378067
37, 1, 10, dynamic_dbscan, 0.75, 10, 10, 20, , 57, 0.17975711822509766, 7.360260963439941, 0.06418613595881278, 58000, 0.1406079544076535
37, 1, 10, dynamic_dbscan, 0.75, 10, 10, 20, , 58, 0.164017915725708, 7.524278879165649, 0.0627210099352304, 59000, 0.14250177077735013
37, 1, 10, dynamic_dbscan, 0.75, 10, 10, 20, , 59, 0.16631293296813965, 7.690591812133789, 0.06224750440219452, 60000, 0.14446536652271644
37, 1, 10, dynamic_dbscan, 0.75, 10, 10, 20, , 60, 0.1914207935333252, 7.882012605667114, 0.06262081866236285, 61000, 0.1463953821907301
37, 1, 10, dynamic_dbscan, 0.75, 10, 10, 20, , 61, 0.17040014266967773, 8.052412748336792, 0.06366380556975262, 62000, 0.14890622708229867
37, 1, 10, dynamic_dbscan, 0.75, 10, 10, 20, , 62, 0.17257022857666016, 8.224982976913452, 0.06518280214886506, 63000, 0.15164813858039422
37, 1, 10, dynamic_dbscan, 0.75, 10, 10, 20, , 63, 0.1617429256439209, 8.386725902557373, 0.06248833626437628, 64000, 0.14961339737448842
37, 1, 10, dynamic_dbscan, 0.75, 10, 10, 20, , 64, 0.17983078956604004, 8.566556692123413, 0.06061924688089207, 65000, 0.14827887373716886
37, 1, 10, dynamic_dbscan, 0.75, 10, 10, 20, , 65, 0.3141200542449951, 8.880676746368408, 0.05951575902356262, 66000, 0.14787924028009533
37, 1, 10, dynamic_dbscan, 0.75, 10, 10, 20, , 66, 0.2046370506286621, 9.08531379699707, 0.05810369015086911, 67000, 0.14530449103268947
37, 1, 10, dynamic_dbscan, 0.75, 10, 10, 20, , 67, 0.22436285018920898, 9.30967664718628, 0.05699616296853881, 68000, 0.14348709429300105
37, 1, 10, dynamic_dbscan, 0.75, 10, 10, 20, , 68, 0.22060489654541016, 9.53028154373169, 0.05609480861519483, 69000, 0.1426737062996567
37, 1, 10, dynamic_dbscan, 0.75, 10, 10, 20, , 69, 0.2031400203704834, 9.733421564102173, 0.05468980490603759, 70000, 0.13990026703154246
38, 2, 10, sklearn_dynamic, 0.75, 10, , , , 0, 0.002192258834838867, 0.002192258834838867, 1.0, 1000, 1.0
38, 2, 10, sklearn_dynamic, 0.75, 10, , , , 1, 0.004462003707885742, 0.006654262542724609, 0.0, 2000, 0.0
38, 2, 10, sklearn_dynamic, 0.75, 10, , , , 2, 0.008330345153808594, 0.014984607696533203, 0.0, 3000, 0.0
38, 2, 10, sklearn_dynamic, 0.75, 10, , , , 3, 0.011456012725830078, 0.02644062042236328, 0.0, 4000, 0.0
38, 2, 10, sklearn_dynamic, 0.75, 10, , , , 4, 0.01768803596496582, 0.0441286563873291, 0.0, 5000, 0.0
38, 2, 10, sklearn_dynamic, 0.75, 10, , , , 5, 0.024087190628051758, 0.06821584701538086, 0.0, 6000, 0.0
38, 2, 10, sklearn_dynamic, 0.75, 10, , , , 6, 0.03100895881652832, 0.09922480583190918, 0.0, 7000, 0.0
38, 2, 10, sklearn_dynamic, 0.75, 10, , , , 7, 0.043775081634521484, 0.14299988746643066, -0.009867197408506594, 8000, 0.003857997915891353
38, 2, 10, sklearn_dynamic, 0.75, 10, , , , 8, 0.03244900703430176, 0.17544889450073242, -0.007457038873707013, 9000, 0.0047522129704621295
38, 2, 10, sklearn_dynamic, 0.75, 10, , , , 9, 0.04188895225524902, 0.21733784675598145, -0.0053921153996745385, 10000, 0.005333409849859496
38, 2, 10, sklearn_dynamic, 0.75, 10, , , , 10, 0.045349836349487305, 0.26268768310546875, 0.008682224230561192, 11000, 0.027670634266098594
38, 2, 10, sklearn_dynamic, 0.75, 10, , , , 11, 0.05358409881591797, 0.3162717819213867, 0.012492952676245861, 12000, 0.04309079660705694
38, 2, 10, sklearn_dynamic, 0.75, 10, , , , 12, 0.06257176399230957, 0.3788435459136963, 0.009033745530076383, 13000, 0.05175375614817608
38, 2, 10, sklearn_dynamic, 0.75, 10, , , , 13, 0.06803178787231445, 0.44687533378601074, 0.002981566347828419, 14000, 0.061292998984874426
38, 2, 10, sklearn_dynamic, 0.75, 10, , , , 14, 0.0741739273071289, 0.5210492610931396, -0.004721786961181467, 15000, 0.052722916563415684
38, 2, 10, sklearn_dynamic, 0.75, 10, , , , 15, 0.08583998680114746, 0.6068892478942871, -0.007136638434621867, 16000, 0.050148746744398315
38, 2, 10, sklearn_dynamic, 0.75, 10, , , , 16, 0.10310196876525879, 0.7099912166595459, -0.006991933415448355, 17000, 0.0489607223136929
38, 2, 10, sklearn_dynamic, 0.75, 10, , , , 17, 0.1103057861328125, 0.8202970027923584, -0.005552458485549559, 18000, 0.04837849288040424
38, 2, 10, sklearn_dynamic, 0.75, 10, , , , 18, 0.131972074508667, 0.9522690773010254, -0.003457680676168741, 19000, 0.0481120911472617
38, 2, 10, sklearn_dynamic, 0.75, 10, , , , 19, 0.13573598861694336, 1.0880050659179688, -0.0010499741399541342, 20000, 0.04802633517936375
38, 2, 10, sklearn_dynamic, 0.75, 10, , , , 20, 0.17906904220581055, 1.2670741081237793, 0.0014805518300241571, 21000, 0.04804975761860554
38, 2, 10, sklearn_dynamic, 0.75, 10, , , , 21, 0.16727709770202637, 1.4343512058258057, -0.0005680745205630583, 22000, 0.043468948151884755
38, 2, 10, sklearn_dynamic, 0.75, 10, , , , 22, 0.18167495727539062, 1.6160261631011963, -0.0014832489580979956, 23000, 0.041468909637662275
38, 2, 10, sklearn_dynamic, 0.75, 10, , , , 23, 0.19094419479370117, 1.8069703578948975, -0.0016768781034334627, 24000, 0.04023793565461353
38, 2, 10, sklearn_dynamic, 0.75, 10, , , , 24, 0.2125248908996582, 2.0194952487945557, -0.0014031586915816596, 25000, 0.03940651655138053
38, 2, 10, sklearn_dynamic, 0.75, 10, , , , 25, 0.21065497398376465, 2.2301502227783203, -0.0008245931353542117, 26000, 0.03881687321255421
38, 2, 10, sklearn_dynamic, 0.75, 10, , , , 26, 0.2657020092010498, 2.49585223197937, -4.794743474563194e-05, 27000, 0.03838624544992197
38, 2, 10, sklearn_dynamic, 0.75, 10, , , , 27, 0.2646489143371582, 2.7605011463165283, 0.0008551293546670443, 28000, 0.03806601137153685
38, 2, 10, sklearn_dynamic, 0.75, 10, , , , 28, 0.27588820457458496, 3.0363893508911133, 3.7055995062650675e-05, 29000, 0.03541218783381942
38, 2, 10, sklearn_dynamic, 0.75, 10, , , , 29, 0.32538700103759766, 3.361776351928711, -0.00038128832813152106, 30000, 0.03407343661768871
38, 2, 10, sklearn_dynamic, 0.75, 10, , , , 30, 0.3245201110839844, 3.6862964630126953, -0.0005183125220359363, 31000, 0.033575500404323416
38, 2, 10, sklearn_dynamic, 0.75, 10, , , , 31, 0.3370230197906494, 4.023319482803345, -0.0004449295199228646, 32000, 0.03289663308067501
38, 2, 10, sklearn_dynamic, 0.75, 10, , , , 32, 0.3974640369415283, 4.420783519744873, -0.00021650282094852344, 33000, 0.032377571713470665
38, 2, 10, sklearn_dynamic, 0.75, 10, , , , 33, 0.4739410877227783, 4.894724607467651, 0.000124964071241051, 34000, 0.031969199471132456
38, 2, 10, sklearn_dynamic, 0.75, 10, , , , 34, 0.45633530616760254, 5.351059913635254, 0.0005485090341815982, 35000, 0.03164141887521945
38, 2, 10, sklearn_dynamic, 0.75, 10, , , , 35, 0.5677580833435059, 5.91881799697876, 0.00013710038584703667, 36000, 0.029928013075527882
38, 2, 10, sklearn_dynamic, 0.75, 10, , , , 36, 0.4567086696624756, 6.375526666641235, 0.000922448765183761, 37000, 0.033803307312632966
38, 2, 10, sklearn_dynamic, 0.75, 10, , , , 37, 0.4573390483856201, 6.8328657150268555, 0.0011962942885521827, 38000, 0.03564800274568677
38, 2, 10, sklearn_dynamic, 0.75, 10, , , , 38, 0.4744992256164551, 7.3073649406433105, 0.0015692652955479494, 39000, 0.03900470838866388
38, 2, 10, sklearn_dynamic, 0.75, 10, , , , 39, 0.507127046585083, 7.8144919872283936, 0.001511003511186173, 40000, 0.04121088116708229
38, 2, 10, sklearn_dynamic, 0.75, 10, , , , 40, 0.540787935256958, 8.355279922485352, 0.0011912311510086176, 41000, 0.04315956615676982
38, 2, 10, sklearn_dynamic, 0.75, 10, , , , 41, 0.5698800086975098, 8.925159931182861, 0.0006352501568536954, 42000, 0.04444501089715716
38, 2, 10, sklearn_dynamic, 0.75, 10, , , , 42, 0.5772988796234131, 9.502458810806274, 0.00025089002275117077, 43000, 0.04253381433713608
38, 2, 10, sklearn_dynamic, 0.75, 10, , , , 43, 0.60080885887146, 10.103267669677734, 2.3496806221771828e-05, 44000, 0.041749114916349514
38, 2, 10, sklearn_dynamic, 0.75, 10, , , , 44, 0.6092638969421387, 10.712531566619873, 1.3576329013488512e-05, 45000, 0.04146161323657333
38, 2, 10, sklearn_dynamic, 0.75, 10, , , , 45, 0.6743180751800537, 11.386849641799927, 4.3066495346814684e-05, 46000, 0.04102663208364255
38, 2, 10, sklearn_dynamic, 0.75, 10, , , , 46, 0.6904842853546143, 12.077333927154541, 0.00023805011547133143, 47000, 0.0417973250025539
38, 2, 10, sklearn_dynamic, 0.75, 10, , , , 47, 0.7187190055847168, 12.796052932739258, 0.00035869655531325744, 48000, 0.042007505899765984
38, 2, 10, sklearn_dynamic, 0.75, 10, , , , 48, 0.7430341243743896, 13.539087057113647, 0.0004626087663024269, 49000, 0.04213240029082586
38, 2, 10, sklearn_dynamic, 0.75, 10, , , , 49, 0.790147066116333, 14.32923412322998, 0.00039997692193262813, 50000, 0.04194230027825486
38, 2, 10, sklearn_dynamic, 0.75, 10, , , , 50, 0.8380990028381348, 15.167333126068115, 0.0006569201534412379, 51000, 0.04363900728960738
38, 2, 10, sklearn_dynamic, 0.75, 10, , , , 51, 0.8482730388641357, 16.01560616493225, 0.0009298924488238662, 52000, 0.04582926302415734
38, 2, 10, sklearn_dynamic, 0.75, 10, , , , 52, 0.8751649856567383, 16.89077115058899, 0.001679851738839458, 53000, 0.052599306024474046
38, 2, 10, sklearn_dynamic, 0.75, 10, , , , 53, 0.9197030067443848, 17.810474157333374, 0.0016897238407249373, 54000, 0.055765997198413554
38, 2, 10, sklearn_dynamic, 0.75, 10, , , , 54, 0.9354150295257568, 18.74588918685913, 0.0014744371708793052, 55000, 0.05942682182383277
38, 2, 10, sklearn_dynamic, 0.75, 10, , , , 55, 0.9983959197998047, 19.744285106658936, 0.0011152852917721693, 56000, 0.06473056157652482
38, 2, 10, sklearn_dynamic, 0.75, 10, , , , 56, 1.0398340225219727, 20.784119129180908, 0.0007687923703681837, 57000, 0.06283517691290286
38, 2, 10, sklearn_dynamic, 0.75, 10, , , , 57, 1.1120498180389404, 21.89616894721985, 0.0005628236339916342, 58000, 0.06161850428733799
38, 2, 10, sklearn_dynamic, 0.75, 10, , , , 58, 1.1177949905395508, 23.0139639377594, 0.0004626829209230303, 59000, 0.06071941676669152
38, 2, 10, sklearn_dynamic, 0.75, 10, , , , 59, 1.2413880825042725, 24.255352020263672, 0.0004598643008229359, 60000, 0.05998724757311924
38, 2, 10, sklearn_dynamic, 0.75, 10, , , , 60, 1.1784687042236328, 25.433820724487305, 0.0005400579019046867, 61000, 0.05937188091983029
38, 2, 10, sklearn_dynamic, 0.75, 10, , , , 61, 1.2302989959716797, 26.664119720458984, 0.0006910897365512468, 62000, 0.058844076358110474
38, 2, 10, sklearn_dynamic, 0.75, 10, , , , 62, 1.2641370296478271, 27.92825675010681, 0.0009025676256532322, 63000, 0.05838479914788318
38, 2, 10, sklearn_dynamic, 0.75, 10, , , , 63, 1.3228750228881836, 29.251131772994995, 0.0006606541893034025, 64000, 0.05687009793540224
38, 2, 10, sklearn_dynamic, 0.75, 10, , , , 64, 1.3594532012939453, 30.61058497428894, 0.0005094652009461568, 65000, 0.05591832095590461
38, 2, 10, sklearn_dynamic, 0.75, 10, , , , 65, 1.3782501220703125, 31.988835096359253, 0.0004407962606934902, 66000, 0.05515052235632173
38, 2, 10, sklearn_dynamic, 0.75, 10, , , , 66, 1.4331309795379639, 33.42196607589722, 0.0004352365755772231, 67000, 0.05453377013123099
38, 2, 10, sklearn_dynamic, 0.75, 10, , , , 67, 1.4531538486480713, 34.87511992454529, 0.000488968386191318, 68000, 0.0540095059420855
38, 2, 10, sklearn_dynamic, 0.75, 10, , , , 68, 1.530029058456421, 36.40514898300171, 0.0005941928393070661, 69000, 0.05355516008654487
38, 2, 10, sklearn_dynamic, 0.75, 10, , , , 69, 1.5862252712249756, 37.991374254226685, 0.0007441397186975099, 70000, 0.053155970801310376
39, 3, 10, fdbscan_dynamic_naive, 0.75, 10, 10, , , 0, 0.06769919395446777, 0.06769919395446777, 1.0, 1000, 1.0
39, 3, 10, fdbscan_dynamic_naive, 0.75, 10, 10, , , 1, 0.07146215438842773, 0.1391613483428955, 0.0, 2000, 0.0
39, 3, 10, fdbscan_dynamic_naive, 0.75, 10, 10, , , 2, 0.07496190071105957, 0.21412324905395508, 0.0, 3000, 0.0
39, 3, 10, fdbscan_dynamic_naive, 0.75, 10, 10, , , 3, 0.07729721069335938, 0.29142045974731445, 0.0, 4000, 0.0
39, 3, 10, fdbscan_dynamic_naive, 0.75, 10, 10, , , 4, 0.08335304260253906, 0.3747735023498535, 0.0, 5000, 0.0
39, 3, 10, fdbscan_dynamic_naive, 0.75, 10, 10, , , 5, 0.08754372596740723, 0.46231722831726074, 0.0, 6000, 0.0
39, 3, 10, fdbscan_dynamic_naive, 0.75, 10, 10, , , 6, 0.09197378158569336, 0.5542910099029541, 0.0, 7000, 0.0
39, 3, 10, fdbscan_dynamic_naive, 0.75, 10, 10, , , 7, 0.10044693946838379, 0.6547379493713379, -0.007121958753404935, 8000, 0.07638590612856508
39, 3, 10, fdbscan_dynamic_naive, 0.75, 10, 10, , , 8, 0.10622429847717285, 0.7609622478485107, 0.18597292762616865, 9000, 0.21873056543984185
39, 3, 10, fdbscan_dynamic_naive, 0.75, 10, 10, , , 9, 0.10524606704711914, 0.8662083148956299, 0.19516354863658805, 10000, 0.24342112683218917
39, 3, 10, fdbscan_dynamic_naive, 0.75, 10, 10, , , 10, 0.11287188529968262, 0.9790802001953125, 0.26580725974100816, 11000, 0.31768375533986404
39, 3, 10, fdbscan_dynamic_naive, 0.75, 10, 10, , , 11, 0.11899805068969727, 1.0980782508850098, 0.28547205067908815, 12000, 0.34735073238634034
39, 3, 10, fdbscan_dynamic_naive, 0.75, 10, 10, , , 12, 0.2469501495361328, 1.3450284004211426, 0.3095212491626484, 13000, 0.37475144075322386
39, 3, 10, fdbscan_dynamic_naive, 0.75, 10, 10, , , 13, 0.12996292114257812, 1.4749913215637207, 0.32033055011435235, 14000, 0.3884942932624555
39, 3, 10, fdbscan_dynamic_naive, 0.75, 10, 10, , , 14, 0.1420128345489502, 1.617004156112671, 0.25238399232880293, 15000, 0.35760099128648704
39, 3, 10, fdbscan_dynamic_naive, 0.75, 10, 10, , , 15, 0.20172595977783203, 1.818730115890503, 0.21208673653736476, 16000, 0.34927124391981706
39, 3, 10, fdbscan_dynamic_naive, 0.75, 10, 10, , , 16, 0.15030884742736816, 1.969038963317871, 0.1905247174569237, 17000, 0.3453958475075513
39, 3, 10, fdbscan_dynamic_naive, 0.75, 10, 10, , , 17, 0.21081018447875977, 2.179849147796631, 0.1809719601712464, 18000, 0.3445483284010267
39, 3, 10, fdbscan_dynamic_naive, 0.75, 10, 10, , , 18, 0.16242408752441406, 2.342273235321045, 0.17930189492021523, 19000, 0.3445882441117331
39, 3, 10, fdbscan_dynamic_naive, 0.75, 10, 10, , , 19, 0.16721296310424805, 2.509486198425293, 0.18253859860619345, 20000, 0.3444916531996418
39, 3, 10, fdbscan_dynamic_naive, 0.75, 10, 10, , , 20, 0.22222018241882324, 2.731706380844116, 0.18877138590048886, 21000, 0.3450122025273064
39, 3, 10, fdbscan_dynamic_naive, 0.75, 10, 10, , , 21, 0.17888426780700684, 2.910590648651123, 0.1573181223548549, 22000, 0.3200346949963972
39, 3, 10, fdbscan_dynamic_naive, 0.75, 10, 10, , , 22, 0.23588776588439941, 3.1464784145355225, 0.13628525253262433, 23000, 0.3092642572347789
39, 3, 10, fdbscan_dynamic_naive, 0.75, 10, 10, , , 23, 0.18545913696289062, 3.331937551498413, 0.12519214012675653, 24000, 0.30348095929153984
39, 3, 10, fdbscan_dynamic_naive, 0.75, 10, 10, , , 24, 0.24639272689819336, 3.5783302783966064, 0.11702953682616826, 25000, 0.29705004749214986
39, 3, 10, fdbscan_dynamic_naive, 0.75, 10, 10, , , 25, 0.19745111465454102, 3.7757813930511475, 0.11237923402256418, 26000, 0.29329280719960893
39, 3, 10, fdbscan_dynamic_naive, 0.75, 10, 10, , , 26, 0.26897478103637695, 4.044756174087524, 0.11052273494495983, 27000, 0.29089733639720605
39, 3, 10, fdbscan_dynamic_naive, 0.75, 10, 10, , , 27, 0.2057359218597412, 4.250492095947266, 0.10983953817368074, 28000, 0.28923731802352665
39, 3, 10, fdbscan_dynamic_naive, 0.75, 10, 10, , , 28, 0.27750396728515625, 4.527996063232422, 0.09497673165558675, 29000, 0.2740099760461566
39, 3, 10, fdbscan_dynamic_naive, 0.75, 10, 10, , , 29, 0.21486592292785645, 4.742861986160278, 0.08477068890149117, 30000, 0.26580414741058805
39, 3, 10, fdbscan_dynamic_naive, 0.75, 10, 10, , , 30, 0.291184663772583, 5.034046649932861, 0.07781607621747884, 31000, 0.2604284566585232
39, 3, 10, fdbscan_dynamic_naive, 0.75, 10, 10, , , 31, 0.22258305549621582, 5.256629705429077, 0.07345605402189094, 32000, 0.2564555200011593
39, 3, 10, fdbscan_dynamic_naive, 0.75, 10, 10, , , 32, 0.2971501350402832, 5.55377984046936, 0.0713115527344392, 33000, 0.25291417080304673
39, 3, 10, fdbscan_dynamic_naive, 0.75, 10, 10, , , 33, 0.3066699504852295, 5.86044979095459, 0.0701971599259099, 34000, 0.25041758129345143
39, 3, 10, fdbscan_dynamic_naive, 0.75, 10, 10, , , 34, 0.23659229278564453, 6.097042083740234, 0.07023231000482327, 35000, 0.24821669904444904
39, 3, 10, fdbscan_dynamic_naive, 0.75, 10, 10, , , 35, 0.31490421295166016, 6.4119462966918945, 0.06240246368788508, 36000, 0.23760290295516237
39, 3, 10, fdbscan_dynamic_naive, 0.75, 10, 10, , , 36, 0.24861574172973633, 6.660562038421631, 0.05792739692937164, 37000, 0.23463830131092855
39, 3, 10, fdbscan_dynamic_naive, 0.75, 10, 10, , , 37, 0.33144402503967285, 6.992006063461304, 0.05528503248431109, 38000, 0.23435147788204438
39, 3, 10, fdbscan_dynamic_naive, 0.75, 10, 10, , , 38, 0.25874900817871094, 7.250755071640015, 0.05589034183680589, 39000, 0.24189909529472908
39, 3, 10, fdbscan_dynamic_naive, 0.75, 10, 10, , , 39, 0.33989882469177246, 7.590653896331787, 0.05481469488197047, 40000, 0.24572017747107264
39, 3, 10, fdbscan_dynamic_naive, 0.75, 10, 10, , , 40, 0.26956701278686523, 7.860220909118652, 0.05370835417632429, 41000, 0.25068409833424393
39, 3, 10, fdbscan_dynamic_naive, 0.75, 10, 10, , , 41, 0.35901713371276855, 8.219238042831421, 0.05179240211291919, 42000, 0.2536703607419056
39, 3, 10, fdbscan_dynamic_naive, 0.75, 10, 10, , , 42, 0.2799510955810547, 8.499189138412476, 0.047075599820561434, 43000, 0.24503073693796606
39, 3, 10, fdbscan_dynamic_naive, 0.75, 10, 10, , , 43, 0.3718690872192383, 8.871058225631714, 0.043629369971417115, 44000, 0.23996748970093024
39, 3, 10, fdbscan_dynamic_naive, 0.75, 10, 10, , , 44, 0.2916557788848877, 9.162714004516602, 0.0418604929773108, 45000, 0.23682937268217477
39, 3, 10, fdbscan_dynamic_naive, 0.75, 10, 10, , , 45, 0.3810429573059082, 9.54375696182251, 0.04033223614095267, 46000, 0.2330194322771119
39, 3, 10, fdbscan_dynamic_naive, 0.75, 10, 10, , , 46, 0.3006153106689453, 9.844372272491455, 0.039625403227183394, 47000, 0.2317803011066928
39, 3, 10, fdbscan_dynamic_naive, 0.75, 10, 10, , , 47, 0.390338659286499, 10.234710931777954, 0.03869481642217945, 48000, 0.2300679953335703
39, 3, 10, fdbscan_dynamic_naive, 0.75, 10, 10, , , 48, 0.39726996421813965, 10.631980895996094, 0.037848057466172695, 49000, 0.2282374652055359
39, 3, 10, fdbscan_dynamic_naive, 0.75, 10, 10, , , 49, 0.3143942356109619, 10.946375131607056, 0.03606309322435528, 50000, 0.22480585750779034
39, 3, 10, fdbscan_dynamic_naive, 0.75, 10, 10, , , 50, 0.4053339958190918, 11.351709127426147, 0.03923805808729457, 51000, 0.23231113614815416
39, 3, 10, fdbscan_dynamic_naive, 0.75, 10, 10, , , 51, 0.32630133628845215, 11.6780104637146, 0.04430211618228835, 52000, 0.24780373625080593
39, 3, 10, fdbscan_dynamic_naive, 0.75, 10, 10, , , 52, 0.42972326278686523, 12.107733726501465, 0.049952048949075886, 53000, 0.26445757193459474
39, 3, 10, fdbscan_dynamic_naive, 0.75, 10, 10, , , 53, 0.3364698886871338, 12.444203615188599, 0.05471271847744797, 54000, 0.27800271039714447
39, 3, 10, fdbscan_dynamic_naive, 0.75, 10, 10, , , 54, 0.44106507301330566, 12.885268688201904, 0.05718823493543643, 55000, 0.2758144764551699
39, 3, 10, fdbscan_dynamic_naive, 0.75, 10, 10, , , 55, 0.44696998596191406, 13.332238674163818, 0.060179791928611254, 56000, 0.2844820348311988
39, 3, 10, fdbscan_dynamic_naive, 0.75, 10, 10, , , 56, 0.3678750991821289, 13.700113773345947, 0.05572776373436267, 57000, 0.2784825814496558
39, 3, 10, fdbscan_dynamic_naive, 0.75, 10, 10, , , 57, 0.47191905975341797, 14.172032833099365, 0.0523862890867394, 58000, 0.27493716391814427
39, 3, 10, fdbscan_dynamic_naive, 0.75, 10, 10, , , 58, 0.4752941131591797, 14.647326946258545, 0.04999982295915895, 59000, 0.2722833121634604
39, 3, 10, fdbscan_dynamic_naive, 0.75, 10, 10, , , 59, 0.38224315643310547, 15.02957010269165, 0.04843157041298237, 60000, 0.27021674657159184
39, 3, 10, fdbscan_dynamic_naive, 0.75, 10, 10, , , 60, 0.48282718658447266, 15.512397289276123, 0.04763921491546188, 61000, 0.26890496587602275
39, 3, 10, fdbscan_dynamic_naive, 0.75, 10, 10, , , 61, 0.40161895751953125, 15.914016246795654, 0.047334745438430866, 62000, 0.2674758353065494
39, 3, 10, fdbscan_dynamic_naive, 0.75, 10, 10, , , 62, 0.49289894104003906, 16.406915187835693, 0.0475451042037955, 63000, 0.26627499525722675
39, 3, 10, fdbscan_dynamic_naive, 0.75, 10, 10, , , 63, 0.5059680938720703, 16.912883281707764, 0.044533600722680124, 64000, 0.26199187398685786
39, 3, 10, fdbscan_dynamic_naive, 0.75, 10, 10, , , 64, 0.4065420627593994, 17.319425344467163, 0.042283610129082286, 65000, 0.25859268278531217
39, 3, 10, fdbscan_dynamic_naive, 0.75, 10, 10, , , 65, 0.5112950801849365, 17.8307204246521, 0.04085805670164258, 66000, 0.2563494436597276
39, 3, 10, fdbscan_dynamic_naive, 0.75, 10, 10, , , 66, 0.5205390453338623, 18.351259469985962, 0.03999882022565699, 67000, 0.2549639257481669
39, 3, 10, fdbscan_dynamic_naive, 0.75, 10, 10, , , 67, 0.42218518257141113, 18.773444652557373, 0.042936605278712896, 68000, 0.2535307140840177
39, 3, 10, fdbscan_dynamic_naive, 0.75, 10, 10, , , 68, 0.5314040184020996, 19.304848670959473, 0.04242819489616441, 69000, 0.25249264291293705
39, 3, 10, fdbscan_dynamic_naive, 0.75, 10, 10, , , 69, 0.5400960445404053, 19.844944715499878, 0.04216418472448379, 70000, 0.24912352279652256
40, 4, 10, fdbscan_dynamic_noncore, 0.75, 10, 10, , 20, 0, 0.06452775001525879, 0.06452775001525879, 1.0, 1000, 1.0
40, 4, 10, fdbscan_dynamic_noncore, 0.75, 10, 10, , 20, 1, 0.0693051815032959, 0.1338329315185547, 0.0, 2000, 0.0
40, 4, 10, fdbscan_dynamic_noncore, 0.75, 10, 10, , 20, 2, 0.07288122177124023, 0.20671415328979492, 0.0, 3000, 0.0
40, 4, 10, fdbscan_dynamic_noncore, 0.75, 10, 10, , 20, 3, 0.07802081108093262, 0.28473496437072754, 0.0, 4000, 0.0
40, 4, 10, fdbscan_dynamic_noncore, 0.75, 10, 10, , 20, 4, 0.08166718482971191, 0.36640214920043945, 0.0, 5000, 0.0
40, 4, 10, fdbscan_dynamic_noncore, 0.75, 10, 10, , 20, 5, 0.08659696578979492, 0.4529991149902344, 0.0, 6000, 0.0
40, 4, 10, fdbscan_dynamic_noncore, 0.75, 10, 10, , 20, 6, 0.09152507781982422, 0.5445241928100586, 0.0, 7000, 0.0
40, 4, 10, fdbscan_dynamic_noncore, 0.75, 10, 10, , 20, 7, 0.09764814376831055, 0.6421723365783691, 0.000794954408769863, 8000, 0.08729760404059415
40, 4, 10, fdbscan_dynamic_noncore, 0.75, 10, 10, , 20, 8, 0.10245585441589355, 0.7446281909942627, 0.19935627313007828, 9000, 0.23776089602042763
40, 4, 10, fdbscan_dynamic_noncore, 0.75, 10, 10, , 20, 9, 0.10454201698303223, 0.8491702079772949, 0.22075629438580988, 10000, 0.26718533303719694
40, 4, 10, fdbscan_dynamic_noncore, 0.75, 10, 10, , 20, 10, 0.1100468635559082, 0.9592170715332031, 0.2871534864915859, 11000, 0.3356579724263715
40, 4, 10, fdbscan_dynamic_noncore, 0.75, 10, 10, , 20, 11, 0.1110239028930664, 1.0702409744262695, 0.30562309191055, 12000, 0.363243517336016
40, 4, 10, fdbscan_dynamic_noncore, 0.75, 10, 10, , 20, 12, 0.12112116813659668, 1.1913621425628662, 0.3470427841468964, 13000, 0.4005218205334527
40, 4, 10, fdbscan_dynamic_noncore, 0.75, 10, 10, , 20, 13, 0.1687328815460205, 1.3600950241088867, 0.35710541968970805, 14000, 0.4128799474924561
40, 4, 10, fdbscan_dynamic_noncore, 0.75, 10, 10, , 20, 14, 0.14017677307128906, 1.5002717971801758, 0.2868556787397415, 15000, 0.37947351707546734
40, 4, 10, fdbscan_dynamic_noncore, 0.75, 10, 10, , 20, 15, 0.18749380111694336, 1.6877655982971191, 0.24391181670559633, 16000, 0.37017192626099293
40, 4, 10, fdbscan_dynamic_noncore, 0.75, 10, 10, , 20, 16, 0.14771723747253418, 1.8354828357696533, 0.21993369091732315, 17000, 0.36602648216040873
40, 4, 10, fdbscan_dynamic_noncore, 0.75, 10, 10, , 20, 17, 0.15252399444580078, 1.988006830215454, 0.20846501603153683, 18000, 0.36451261372333954
40, 4, 10, fdbscan_dynamic_noncore, 0.75, 10, 10, , 20, 18, 0.2110130786895752, 2.1990199089050293, 0.2052384963904877, 19000, 0.3642156274510695
40, 4, 10, fdbscan_dynamic_noncore, 0.75, 10, 10, , 20, 19, 0.1618790626525879, 2.360898971557617, 0.20728301455917458, 20000, 0.36427305269893256
40, 4, 10, fdbscan_dynamic_noncore, 0.75, 10, 10, , 20, 20, 0.2144479751586914, 2.5753469467163086, 0.21259250147741152, 21000, 0.3646025774633387
40, 4, 10, fdbscan_dynamic_noncore, 0.75, 10, 10, , 20, 21, 0.06150007247924805, 2.6368470191955566, 0.17850690711435457, 22000, 0.3385907704233984
40, 4, 10, fdbscan_dynamic_noncore, 0.75, 10, 10, , 20, 22, 0.06157422065734863, 2.6984212398529053, 0.15551244120740484, 23000, 0.32670766397479195
40, 4, 10, fdbscan_dynamic_noncore, 0.75, 10, 10, , 20, 23, 0.061975955963134766, 2.76039719581604, 0.14056848841931588, 24000, 0.31938014427131617
40, 4, 10, fdbscan_dynamic_noncore, 0.75, 10, 10, , 20, 24, 0.06188511848449707, 2.822282314300537, 0.13147440880581993, 25000, 0.3138940403778967
40, 4, 10, fdbscan_dynamic_noncore, 0.75, 10, 10, , 20, 25, 0.06236696243286133, 2.8846492767333984, 0.12649797224422185, 26000, 0.31027561065513937
40, 4, 10, fdbscan_dynamic_noncore, 0.75, 10, 10, , 20, 26, 0.06292605400085449, 2.947575330734253, 0.12452778208802842, 27000, 0.30719081688539807
40, 4, 10, fdbscan_dynamic_noncore, 0.75, 10, 10, , 20, 27, 0.06409001350402832, 3.0116653442382812, 0.12469869224166867, 28000, 0.3045914755939139
40, 4, 10, fdbscan_dynamic_noncore, 0.75, 10, 10, , 20, 28, 0.06194591522216797, 3.073611259460449, 0.10880118923404238, 29000, 0.28770830281041654
40, 4, 10, fdbscan_dynamic_noncore, 0.75, 10, 10, , 20, 29, 0.12128806114196777, 3.194899320602417, 0.09748988457550765, 30000, 0.27892633856513577
40, 4, 10, fdbscan_dynamic_noncore, 0.75, 10, 10, , 20, 30, 0.0636758804321289, 3.258575201034546, 0.0896305236364683, 31000, 0.27301142320799526
40, 4, 10, fdbscan_dynamic_noncore, 0.75, 10, 10, , 20, 31, 0.06322216987609863, 3.3217973709106445, 0.0844708885015439, 32000, 0.26862337861608665
40, 4, 10, fdbscan_dynamic_noncore, 0.75, 10, 10, , 20, 32, 0.06339883804321289, 3.3851962089538574, 0.08139461296916252, 33000, 0.2650632825031609
40, 4, 10, fdbscan_dynamic_noncore, 0.75, 10, 10, , 20, 33, 0.06338310241699219, 3.4485793113708496, 0.07988208017093562, 34000, 0.2624395133549151
40, 4, 10, fdbscan_dynamic_noncore, 0.75, 10, 10, , 20, 34, 0.0634310245513916, 3.512010335922241, 0.0795968495119516, 35000, 0.26016621494959025
40, 4, 10, fdbscan_dynamic_noncore, 0.75, 10, 10, , 20, 35, 0.06302213668823242, 3.5750324726104736, 0.0712617245912246, 36000, 0.24855011587563605
40, 4, 10, fdbscan_dynamic_noncore, 0.75, 10, 10, , 20, 36, 0.06311583518981934, 3.638148307800293, 0.06512242102043508, 37000, 0.24210941090757754
40, 4, 10, fdbscan_dynamic_noncore, 0.75, 10, 10, , 20, 37, 0.06468725204467773, 3.7028355598449707, 0.06072984658053457, 38000, 0.23746893494222746
40, 4, 10, fdbscan_dynamic_noncore, 0.75, 10, 10, , 20, 38, 0.06459283828735352, 3.767428398132324, 0.05773158472817963, 39000, 0.23388487377885206
40, 4, 10, fdbscan_dynamic_noncore, 0.75, 10, 10, , 20, 39, 0.06424975395202637, 3.8316781520843506, 0.05585453160093405, 40000, 0.2308786233761432
40, 4, 10, fdbscan_dynamic_noncore, 0.75, 10, 10, , 20, 40, 0.06418299674987793, 3.8958611488342285, 0.05486398640783265, 41000, 0.22851489737662334
40, 4, 10, fdbscan_dynamic_noncore, 0.75, 10, 10, , 20, 41, 0.0666968822479248, 3.9625580310821533, 0.054592480439710614, 42000, 0.22653732685303313
40, 4, 10, fdbscan_dynamic_noncore, 0.75, 10, 10, , 20, 42, 0.06342005729675293, 4.025978088378906, 0.0503451806490105, 43000, 0.21751446492532522
40, 4, 10, fdbscan_dynamic_noncore, 0.75, 10, 10, , 20, 43, 0.1356029510498047, 4.161581039428711, 0.0470725645450393, 44000, 0.21200407540694008
40, 4, 10, fdbscan_dynamic_noncore, 0.75, 10, 10, , 20, 44, 0.0635371208190918, 4.225118160247803, 0.04464656069143925, 45000, 0.20791259674202694
40, 4, 10, fdbscan_dynamic_noncore, 0.75, 10, 10, , 20, 45, 0.06386089324951172, 4.2889790534973145, 0.04264084214845938, 46000, 0.20451128346152025
40, 4, 10, fdbscan_dynamic_noncore, 0.75, 10, 10, , 20, 46, 0.06358194351196289, 4.352560997009277, 0.041254457828931376, 47000, 0.20171877874767488
40, 4, 10, fdbscan_dynamic_noncore, 0.75, 10, 10, , 20, 47, 0.06357884407043457, 4.416139841079712, 0.04025233841111869, 48000, 0.1993573295643225
40, 4, 10, fdbscan_dynamic_noncore, 0.75, 10, 10, , 20, 48, 0.06386733055114746, 4.480007171630859, 0.03955822160345482, 49000, 0.19715772406860888
40, 4, 10, fdbscan_dynamic_noncore, 0.75, 10, 10, , 20, 49, 0.06469297409057617, 4.5447001457214355, 0.03651608664907, 50000, 0.19091194966425493
40, 4, 10, fdbscan_dynamic_noncore, 0.75, 10, 10, , 20, 50, 0.06599092483520508, 4.610691070556641, 0.03419856603452858, 51000, 0.18708243311660316
40, 4, 10, fdbscan_dynamic_noncore, 0.75, 10, 10, , 20, 51, 0.06623411178588867, 4.676925182342529, 0.032471577537060585, 52000, 0.18423377580795994
40, 4, 10, fdbscan_dynamic_noncore, 0.75, 10, 10, , 20, 52, 0.06787109375, 4.744796276092529, 0.031253844672797695, 53000, 0.18193860268282483
40, 4, 10, fdbscan_dynamic_noncore, 0.75, 10, 10, , 20, 53, 0.06866931915283203, 4.813465595245361, 0.030466876082732883, 54000, 0.18002780068559
40, 4, 10, fdbscan_dynamic_noncore, 0.75, 10, 10, , 20, 54, 0.06852197647094727, 4.881987571716309, 0.03004469905630776, 55000, 0.17840292863167503
40, 4, 10, fdbscan_dynamic_noncore, 0.75, 10, 10, , 20, 55, 0.0690469741821289, 4.9510345458984375, 0.029931671096127727, 56000, 0.1770001482967439
40, 4, 10, fdbscan_dynamic_noncore, 0.75, 10, 10, , 20, 56, 0.06627392768859863, 5.017308473587036, 0.027919815168633753, 57000, 0.17206562613450838
40, 4, 10, fdbscan_dynamic_noncore, 0.75, 10, 10, , 20, 57, 0.06491971015930176, 5.082228183746338, 0.026358781036155233, 58000, 0.16901494808653197
40, 4, 10, fdbscan_dynamic_noncore, 0.75, 10, 10, , 20, 58, 0.06459903717041016, 5.146827220916748, 0.025185310667139107, 59000, 0.16665625755633567
40, 4, 10, fdbscan_dynamic_noncore, 0.75, 10, 10, , 20, 59, 0.06498003005981445, 5.2118072509765625, 0.024345536070976947, 60000, 0.16472461602744978
40, 4, 10, fdbscan_dynamic_noncore, 0.75, 10, 10, , 20, 60, 0.06510281562805176, 5.276910066604614, 0.023793434536752874, 61000, 0.16309324120537566
40, 4, 10, fdbscan_dynamic_noncore, 0.75, 10, 10, , 20, 61, 0.06530880928039551, 5.34221887588501, 0.02348956552017711, 62000, 0.1616877705298589
40, 4, 10, fdbscan_dynamic_noncore, 0.75, 10, 10, , 20, 62, 0.15439724922180176, 5.4966161251068115, 0.023400032738262945, 63000, 0.1604596171432739
40, 4, 10, fdbscan_dynamic_noncore, 0.75, 10, 10, , 20, 63, 0.06597304344177246, 5.562589168548584, 0.02200460462063585, 64000, 0.15647245248147632
40, 4, 10, fdbscan_dynamic_noncore, 0.75, 10, 10, , 20, 64, 0.06664514541625977, 5.629234313964844, 0.02090990506025328, 65000, 0.15394995476121837
40, 4, 10, fdbscan_dynamic_noncore, 0.75, 10, 10, , 20, 65, 0.06648111343383789, 5.695715427398682, 0.020077838983563252, 66000, 0.15197044156658365
40, 4, 10, fdbscan_dynamic_noncore, 0.75, 10, 10, , 20, 66, 0.06616878509521484, 5.7618842124938965, 0.01947541885071045, 67000, 0.1503291344869656
40, 4, 10, fdbscan_dynamic_noncore, 0.75, 10, 10, , 20, 67, 0.06596684455871582, 5.827851057052612, 0.019074002320878306, 68000, 0.14892772482402405
40, 4, 10, fdbscan_dynamic_noncore, 0.75, 10, 10, , 20, 68, 0.06584620475769043, 5.893697261810303, 0.01884865666601313, 69000, 0.14770830465202192
40, 4, 10, fdbscan_dynamic_noncore, 0.75, 10, 10, , 20, 69, 0.06552600860595703, 5.95922327041626, 0.018777626654536896, 70000, 0.14663285778074006
