trial_id, experiment_id, run_id, algorithm, eps, min_samples, t, d, iter, iter_running_time_s, total_running_time_s, n, adjusted_rand_index, normalised_mutual_info
1, 1, 1, dynamic_dbscan, 0.75, 10, 10, 20, 0, 1.057831048965454, 1.057831048965454, 1000, 0.8915468323465539, 0.7885275241564128
1, 1, 1, dynamic_dbscan, 0.75, 10, 10, 20, 1, 0.1670527458190918, 1.224883794784546, 2000, 0.8910178926714164, 0.763371424251419
1, 1, 1, dynamic_dbscan, 0.75, 10, 10, 20, 2, 0.17521977424621582, 1.4001035690307617, 3000, 0.9035790196917666, 0.8078670612697803
1, 1, 1, dynamic_dbscan, 0.75, 10, 10, 20, 3, 0.783308744430542, 2.1834123134613037, 4000, 0.902425219134817, 0.8068783353160836
1, 1, 1, dynamic_dbscan, 0.75, 10, 10, 20, 4, 0.17933320999145508, 2.362745523452759, 5000, 0.9012771221434753, 0.8071998001965636
1, 1, 1, dynamic_dbscan, 0.75, 10, 10, 20, 5, 0.18741536140441895, 2.5501608848571777, 6000, 0.9021116049491421, 0.8049270726263092
1, 1, 1, dynamic_dbscan, 0.75, 10, 10, 20, 6, 0.21668195724487305, 2.766842842102051, 7000, 0.9037418832307227, 0.8019596103346
1, 1, 1, dynamic_dbscan, 0.75, 10, 10, 20, 7, 0.21663403511047363, 2.9834768772125244, 8000, 0.9008347217739262, 0.7977222432879679
1, 1, 1, dynamic_dbscan, 0.75, 10, 10, 20, 8, 0.21667766571044922, 3.2001545429229736, 9000, 0.8998124408629956, 0.7925940091145196
1, 1, 1, dynamic_dbscan, 0.75, 10, 10, 20, 9, 0.23178434371948242, 3.431938886642456, 10000, 0.900778621273989, 0.7932717065188741
1, 1, 1, dynamic_dbscan, 0.75, 10, 10, 20, 10, 0.24733853340148926, 3.6792774200439453, 11000, 0.9022592740369624, 0.7971794035679013
1, 1, 1, dynamic_dbscan, 0.75, 10, 10, 20, 11, 0.2537088394165039, 3.932986259460449, 12000, 0.9029931776006555, 0.796108836794369
1, 1, 1, dynamic_dbscan, 0.75, 10, 10, 20, 12, 0.8580083847045898, 4.790994644165039, 13000, 0.9027227019795873, 0.7900264690751013
1, 1, 1, dynamic_dbscan, 0.75, 10, 10, 20, 13, 0.266603946685791, 5.05759859085083, 14000, 0.9036974131057709, 0.7912064765564483
1, 1, 1, dynamic_dbscan, 0.75, 10, 10, 20, 14, 0.2753174304962158, 5.332916021347046, 15000, 0.9040333860468758, 0.7867519621971968
1, 1, 1, dynamic_dbscan, 0.75, 10, 10, 20, 15, 0.29168176651000977, 5.624597787857056, 16000, 0.9052388983190731, 0.7883296885028446
1, 1, 1, dynamic_dbscan, 0.75, 10, 10, 20, 16, 0.29996681213378906, 5.924564599990845, 17000, 0.905354439314024, 0.7884390039290288
1, 1, 1, dynamic_dbscan, 0.75, 10, 10, 20, 17, 0.2999918460845947, 6.2245564460754395, 18000, 0.9051607388948328, 0.7881210317584333
1, 1, 1, dynamic_dbscan, 0.75, 10, 10, 20, 18, 0.3165743350982666, 6.541130781173706, 19000, 0.904733038209084, 0.7878149287178372
1, 1, 1, dynamic_dbscan, 0.75, 10, 10, 20, 19, 0.30727124214172363, 6.84840202331543, 20000, 0.904774861393069, 0.7868380803763592
1, 1, 1, dynamic_dbscan, 0.75, 10, 10, 20, 20, 0.34534287452697754, 7.193744897842407, 21000, 0.9045936467933844, 0.7848691159892803
1, 1, 1, dynamic_dbscan, 0.75, 10, 10, 20, 21, 0.37038278579711914, 7.564127683639526, 22000, 0.9043830057709218, 0.7833135463665779
1, 1, 1, dynamic_dbscan, 0.75, 10, 10, 20, 22, 0.9862797260284424, 8.550407409667969, 23000, 0.9045225786851375, 0.7831366547362161
1, 1, 1, dynamic_dbscan, 0.75, 10, 10, 20, 23, 0.3586297035217285, 8.909037113189697, 24000, 0.9050899535797305, 0.7810433075379478
1, 1, 1, dynamic_dbscan, 0.75, 10, 10, 20, 24, 0.3741428852081299, 9.283179998397827, 25000, 0.9045349584174223, 0.7803367506832211
1, 1, 1, dynamic_dbscan, 0.75, 10, 10, 20, 25, 0.42630887031555176, 9.709488868713379, 26000, 0.9043212966761406, 0.7788725555828985
1, 1, 1, dynamic_dbscan, 0.75, 10, 10, 20, 26, 0.3747878074645996, 10.084276676177979, 27000, 0.9047602156292909, 0.7793683148889083
1, 1, 1, dynamic_dbscan, 0.75, 10, 10, 20, 27, 0.3999454975128174, 10.484222173690796, 28000, 0.9044452779553609, 0.779822108154452
1, 1, 1, dynamic_dbscan, 0.75, 10, 10, 20, 28, 0.4079163074493408, 10.892138481140137, 29000, 0.904360757352714, 0.7814681612531088
1, 1, 1, dynamic_dbscan, 0.75, 10, 10, 20, 29, 0.4026908874511719, 11.294829368591309, 30000, 0.9039513610478171, 0.7817586710711901
1, 1, 1, dynamic_dbscan, 0.75, 10, 10, 20, 30, 0.4086606502532959, 11.703490018844604, 31000, 0.9037216176229216, 0.7816066553470684
1, 1, 1, dynamic_dbscan, 0.75, 10, 10, 20, 31, 0.4252970218658447, 12.12878704071045, 32000, 0.903936857939997, 0.7818017874652544
1, 1, 1, dynamic_dbscan, 0.75, 10, 10, 20, 32, 0.4165785312652588, 12.545365571975708, 33000, 0.9038472749647469, 0.7825611085330955
1, 1, 1, dynamic_dbscan, 0.75, 10, 10, 20, 33, 0.49982547760009766, 13.045191049575806, 34000, 0.9036205337052168, 0.7823871114498488
1, 1, 1, dynamic_dbscan, 0.75, 10, 10, 20, 34, 1.0820753574371338, 14.12726640701294, 35000, 0.9059305864724265, 0.7869645924750905
1, 1, 1, dynamic_dbscan, 0.75, 10, 10, 20, 35, 0.4820129871368408, 14.60927939414978, 36000, 0.9059588368777773, 0.7865996962890028
1, 1, 1, dynamic_dbscan, 0.75, 10, 10, 20, 36, 0.5364425182342529, 15.145721912384033, 37000, 0.9055079910423619, 0.7847031075946396
1, 1, 1, dynamic_dbscan, 0.75, 10, 10, 20, 37, 0.49675607681274414, 15.642477989196777, 38000, 0.9054734659399797, 0.7844552195016091
1, 1, 1, dynamic_dbscan, 0.75, 10, 10, 20, 38, 0.46073031425476074, 16.103208303451538, 39000, 0.9056635250872965, 0.7849949115005856
1, 1, 1, dynamic_dbscan, 0.75, 10, 10, 20, 39, 0.5466427803039551, 16.649851083755493, 40000, 0.9060114613384277, 0.7855992425627756
1, 1, 1, dynamic_dbscan, 0.75, 10, 10, 20, 40, 0.5016486644744873, 17.15149974822998, 41000, 0.9061414272021003, 0.7851722879198897
1, 1, 1, dynamic_dbscan, 0.75, 10, 10, 20, 41, 0.47865819931030273, 17.630157947540283, 42000, 0.9060465184368388, 0.7854105444290744
1, 1, 1, dynamic_dbscan, 0.75, 10, 10, 20, 42, 0.5332558155059814, 18.163413763046265, 43000, 0.9064390645413809, 0.786124366421079
1, 1, 1, dynamic_dbscan, 0.75, 10, 10, 20, 43, 0.5286996364593506, 18.692113399505615, 44000, 0.9065930951539926, 0.7856747029461278
1, 1, 1, dynamic_dbscan, 0.75, 10, 10, 20, 44, 0.5585153102874756, 19.25062870979309, 45000, 0.9073967245470791, 0.788256808702885
1, 1, 1, dynamic_dbscan, 0.75, 10, 10, 20, 45, 0.6078555583953857, 19.858484268188477, 46000, 0.9071842069434509, 0.7873775617364454
1, 1, 1, dynamic_dbscan, 0.75, 10, 10, 20, 46, 0.5579230785369873, 20.416407346725464, 47000, 0.9073674772996161, 0.7875925974182122
1, 1, 1, dynamic_dbscan, 0.75, 10, 10, 20, 47, 0.5826144218444824, 20.999021768569946, 48000, 0.9071443726464786, 0.7873572013989432
1, 1, 1, dynamic_dbscan, 0.75, 10, 10, 20, 48, 0.5919163227081299, 21.590938091278076, 49000, 0.9072182195282507, 0.7880041728732394
1, 1, 1, dynamic_dbscan, 0.75, 10, 10, 20, 49, 1.2745919227600098, 22.865530014038086, 50000, 0.9073897502500023, 0.7878220095994635
1, 1, 1, dynamic_dbscan, 0.75, 10, 10, 20, 50, 0.6378018856048584, 23.503331899642944, 51000, 0.9075107289616798, 0.787612893623684
1, 1, 1, dynamic_dbscan, 0.75, 10, 10, 20, 51, 0.6620883941650391, 24.165420293807983, 52000, 0.9075824847794736, 0.78733835006458
1, 1, 1, dynamic_dbscan, 0.75, 10, 10, 20, 52, 0.624610185623169, 24.790030479431152, 53000, 0.9074321234191962, 0.7872838042107185
1, 1, 1, dynamic_dbscan, 0.75, 10, 10, 20, 53, 0.6591188907623291, 25.44914937019348, 54000, 0.9080364949085954, 0.7881803827216592
1, 1, 1, dynamic_dbscan, 0.75, 10, 10, 20, 54, 0.5754575729370117, 26.024606943130493, 55000, 0.9082153345568527, 0.7886989163398584
1, 1, 1, dynamic_dbscan, 0.75, 10, 10, 20, 55, 0.6000280380249023, 26.624634981155396, 56000, 0.9082975753694152, 0.7885917307256214
1, 1, 1, dynamic_dbscan, 0.75, 10, 10, 20, 56, 0.8317544460296631, 27.45638942718506, 57000, 0.9083156696793249, 0.7887369762629953
1, 1, 1, dynamic_dbscan, 0.75, 10, 10, 20, 57, 0.6759793758392334, 28.132368803024292, 58000, 0.9084741181451889, 0.7885384396693025
1, 1, 1, dynamic_dbscan, 0.75, 10, 10, 20, 58, 0.7508254051208496, 28.88319420814514, 59000, 0.9085313146835758, 0.7874552697030194
1, 1, 1, dynamic_dbscan, 0.75, 10, 10, 20, 59, 0.7104003429412842, 29.593594551086426, 60000, 0.9084648764192733, 0.7876987480544793
1, 1, 1, dynamic_dbscan, 0.75, 10, 10, 20, 60, 0.7202131748199463, 30.313807725906372, 61000, 0.9083674220022346, 0.7875800003001949
1, 1, 1, dynamic_dbscan, 0.75, 10, 10, 20, 61, 0.7241604328155518, 31.037968158721924, 62000, 0.908497398831258, 0.7878530241833022
1, 1, 1, dynamic_dbscan, 0.75, 10, 10, 20, 62, 0.7653658390045166, 31.80333399772644, 63000, 0.9088241858029651, 0.7889196643376717
1, 1, 1, dynamic_dbscan, 0.75, 10, 10, 20, 63, 0.7187991142272949, 32.522133111953735, 64000, 0.908939742279895, 0.7887843940130952
1, 1, 1, dynamic_dbscan, 0.75, 10, 10, 20, 64, 0.6990127563476562, 33.22114586830139, 65000, 0.9090661894448264, 0.7889842639609446
1, 1, 1, dynamic_dbscan, 0.75, 10, 10, 20, 65, 0.7787494659423828, 33.999895334243774, 66000, 0.9090038546283681, 0.7891881903287471
1, 1, 1, dynamic_dbscan, 0.75, 10, 10, 20, 66, 0.8542728424072266, 34.854168176651, 67000, 0.9088453392424862, 0.7882282086111023
1, 1, 1, dynamic_dbscan, 0.75, 10, 10, 20, 67, 0.683455228805542, 35.53762340545654, 68000, 0.9091383312338448, 0.788939162805186
1, 1, 1, dynamic_dbscan, 0.75, 10, 10, 20, 68, 1.5555510520935059, 37.09317445755005, 69000, 0.9095426194750408, 0.7899312986930062
1, 1, 1, dynamic_dbscan, 0.75, 10, 10, 20, 69, 0.7407534122467041, 37.83392786979675, 70000, 0.9094639800714842, 0.7898730746954474
1, 1, 1, dynamic_dbscan, 0.75, 10, 10, 20, 70, 0.8093955516815186, 38.64332342147827, 71000, 0.909333087658012, 0.7896079768724075
1, 1, 1, dynamic_dbscan, 0.75, 10, 10, 20, 71, 0.7602047920227051, 39.40352821350098, 72000, 0.9093719037238668, 0.7897763856682966
1, 1, 1, dynamic_dbscan, 0.75, 10, 10, 20, 72, 0.8037378787994385, 40.207266092300415, 73000, 0.9105699397574438, 0.7935578488191651
1, 1, 1, dynamic_dbscan, 0.75, 10, 10, 20, 73, 0.8030061721801758, 41.01027226448059, 74000, 0.9103224712606212, 0.7935521263569965
1, 1, 1, dynamic_dbscan, 0.75, 10, 10, 20, 74, 0.8786201477050781, 41.88889241218567, 75000, 0.9103956198569276, 0.7936960955334915
1, 1, 1, dynamic_dbscan, 0.75, 10, 10, 20, 75, 0.8642294406890869, 42.753121852874756, 76000, 0.9105238382881041, 0.7939253580574231
1, 1, 1, dynamic_dbscan, 0.75, 10, 10, 20, 76, 0.8429574966430664, 43.59607934951782, 77000, 0.9104798254463257, 0.7937578647797863
1, 1, 1, dynamic_dbscan, 0.75, 10, 10, 20, 77, 0.8933284282684326, 44.489407777786255, 78000, 0.9102737855464837, 0.7929346256313458
1, 1, 1, dynamic_dbscan, 0.75, 10, 10, 20, 78, 0.8172450065612793, 45.306652784347534, 79000, 0.9103145516285157, 0.7930628492637506
1, 1, 1, dynamic_dbscan, 0.75, 10, 10, 20, 79, 0.7823076248168945, 46.08896040916443, 80000, 0.9103549172982297, 0.7933892704960939
1, 1, 1, dynamic_dbscan, 0.75, 10, 10, 20, 80, 0.8934652805328369, 46.982425689697266, 81000, 0.9106645559985783, 0.7940437099664894
1, 1, 1, dynamic_dbscan, 0.75, 10, 10, 20, 81, 0.9228394031524658, 47.90526509284973, 82000, 0.9110133027156679, 0.7951862053507992
1, 1, 1, dynamic_dbscan, 0.75, 10, 10, 20, 82, 1.0454730987548828, 48.950738191604614, 83000, 0.9109190662920168, 0.7950373996128063
1, 1, 1, dynamic_dbscan, 0.75, 10, 10, 20, 83, 0.9306621551513672, 49.88140034675598, 84000, 0.9108728871101471, 0.7952184665056926
1, 1, 1, dynamic_dbscan, 0.75, 10, 10, 20, 84, 0.9836874008178711, 50.86508774757385, 85000, 0.9108854993810146, 0.795087623527906
1, 1, 1, dynamic_dbscan, 0.75, 10, 10, 20, 85, 0.9074862003326416, 51.772573947906494, 86000, 0.9110724360631933, 0.7956043601253695
1, 1, 1, dynamic_dbscan, 0.75, 10, 10, 20, 86, 0.9251713752746582, 52.69774532318115, 87000, 0.9116149461032125, 0.7960323171681968
1, 1, 1, dynamic_dbscan, 0.75, 10, 10, 20, 87, 1.0993404388427734, 53.797085762023926, 88000, 0.9117870135278845, 0.7962675205128049
1, 1, 1, dynamic_dbscan, 0.75, 10, 10, 20, 88, 0.912562370300293, 54.70964813232422, 89000, 0.9118127288044238, 0.7966275940958186
1, 1, 1, dynamic_dbscan, 0.75, 10, 10, 20, 89, 0.9131379127502441, 55.62278604507446, 90000, 0.9120273520727387, 0.796679993436256
1, 1, 1, dynamic_dbscan, 0.75, 10, 10, 20, 90, 0.9210813045501709, 56.543867349624634, 91000, 0.9119513704020338, 0.7967152044473712
1, 1, 1, dynamic_dbscan, 0.75, 10, 10, 20, 91, 1.041332483291626, 57.58519983291626, 92000, 0.9120985340770352, 0.7965330096057311
1, 1, 1, dynamic_dbscan, 0.75, 10, 10, 20, 92, 1.8593065738677979, 59.44450640678406, 93000, 0.912288734860146, 0.796460981289106
1, 1, 1, dynamic_dbscan, 0.75, 10, 10, 20, 93, 1.0462853908538818, 60.49079179763794, 94000, 0.9121868483250799, 0.7962127543170132
1, 1, 1, dynamic_dbscan, 0.75, 10, 10, 20, 94, 1.0676109790802002, 61.55840277671814, 95000, 0.9122376136267276, 0.796183700179498
1, 1, 1, dynamic_dbscan, 0.75, 10, 10, 20, 95, 1.1882638931274414, 62.74666666984558, 96000, 0.9122975764138371, 0.7963727151196122
1, 1, 1, dynamic_dbscan, 0.75, 10, 10, 20, 96, 1.0973355770111084, 63.84400224685669, 97000, 0.9123224828796671, 0.7966781985986219
1, 1, 1, dynamic_dbscan, 0.75, 10, 10, 20, 97, 1.1937484741210938, 65.03775072097778, 98000, 0.9122220722128218, 0.7968050831387374
1, 1, 1, dynamic_dbscan, 0.75, 10, 10, 20, 98, 1.137017011642456, 66.17476773262024, 99000, 0.9120980364093466, 0.7965663353164479
1, 1, 1, dynamic_dbscan, 0.75, 10, 10, 20, 99, 1.0069451332092285, 67.18171286582947, 100000, 0.9120052318517504, 0.7964296735996653
1, 1, 1, dynamic_dbscan, 0.75, 10, 10, 20, 100, 1.0995566844940186, 68.28126955032349, 101000, 0.9120038388034447, 0.7965993139523664
1, 1, 1, dynamic_dbscan, 0.75, 10, 10, 20, 101, 0.9317836761474609, 69.21305322647095, 102000, 0.9119466360148963, 0.7967604946136667
1, 1, 1, dynamic_dbscan, 0.75, 10, 10, 20, 102, 1.0772490501403809, 70.29030227661133, 103000, 0.9119892324177115, 0.7970856858381428
1, 1, 1, dynamic_dbscan, 0.75, 10, 10, 20, 103, 1.0849616527557373, 71.37526392936707, 104000, 0.9119449479464278, 0.7969310380985037
1, 1, 1, dynamic_dbscan, 0.75, 10, 10, 20, 104, 1.0365681648254395, 72.4118320941925, 105000, 0.9119543744587743, 0.7969965642767668
1, 1, 1, dynamic_dbscan, 0.75, 10, 10, 20, 105, 1.1625776290893555, 73.57440972328186, 106000, 0.9121216152866268, 0.7973267568558056
1, 1, 1, dynamic_dbscan, 0.75, 10, 10, 20, 106, 1.1853106021881104, 74.75972032546997, 107000, 0.9122111195797669, 0.7977534016998675
1, 1, 1, dynamic_dbscan, 0.75, 10, 10, 20, 107, 1.1117563247680664, 75.87147665023804, 108000, 0.912255594767668, 0.7980473301043217
1, 1, 1, dynamic_dbscan, 0.75, 10, 10, 20, 108, 1.018312931060791, 76.88978958129883, 109000, 0.9124086789787317, 0.7983424846925669
1, 1, 1, dynamic_dbscan, 0.75, 10, 10, 20, 109, 1.1644237041473389, 78.05421328544617, 110000, 0.9124711334236884, 0.798351650486678
1, 1, 1, dynamic_dbscan, 0.75, 10, 10, 20, 110, 1.2097129821777344, 79.2639262676239, 111000, 0.9125894145916883, 0.7985857495354276
1, 1, 1, dynamic_dbscan, 0.75, 10, 10, 20, 111, 1.166626214981079, 80.43055248260498, 112000, 0.912664836646416, 0.7987186589555163
1, 1, 1, dynamic_dbscan, 0.75, 10, 10, 20, 112, 1.155655860900879, 81.58620834350586, 113000, 0.91263591380923, 0.7988509707598707
1, 1, 1, dynamic_dbscan, 0.75, 10, 10, 20, 113, 1.1675045490264893, 82.75371289253235, 114000, 0.9126426720765534, 0.798604662583092
1, 1, 1, dynamic_dbscan, 0.75, 10, 10, 20, 114, 1.3550059795379639, 84.10871887207031, 115000, 0.9126100676755241, 0.7982002848182733
1, 1, 1, dynamic_dbscan, 0.75, 10, 10, 20, 115, 1.245518445968628, 85.35423731803894, 116000, 0.9125913753915246, 0.7985917528262835
1, 1, 1, dynamic_dbscan, 0.75, 10, 10, 20, 116, 1.2622852325439453, 86.61652255058289, 117000, 0.9125188756383129, 0.7984078593790351
1, 1, 1, dynamic_dbscan, 0.75, 10, 10, 20, 117, 1.3536219596862793, 87.97014451026917, 118000, 0.9123799784717663, 0.7978607065611244
1, 1, 1, dynamic_dbscan, 0.75, 10, 10, 20, 118, 1.20137357711792, 89.17151808738708, 119000, 0.9124343678241857, 0.7979848440997659
1, 1, 1, dynamic_dbscan, 0.75, 10, 10, 20, 119, 1.3807547092437744, 90.55227279663086, 120000, 0.9125251757453775, 0.7981045490775308
1, 1, 1, dynamic_dbscan, 0.75, 10, 10, 20, 120, 1.399397850036621, 91.95167064666748, 121000, 0.9125375403239967, 0.7981698593414241
1, 1, 1, dynamic_dbscan, 0.75, 10, 10, 20, 121, 1.425992727279663, 93.37766337394714, 122000, 0.9125663865055244, 0.798240204408187
1, 1, 1, dynamic_dbscan, 0.75, 10, 10, 20, 122, 2.087284803390503, 95.46494817733765, 123000, 0.9124748606316972, 0.798144213703595
1, 1, 1, dynamic_dbscan, 0.75, 10, 10, 20, 123, 1.3971998691558838, 96.86214804649353, 124000, 0.9124713366303092, 0.7981047814157258
1, 1, 1, dynamic_dbscan, 0.75, 10, 10, 20, 124, 1.2917397022247314, 98.15388774871826, 125000, 0.9124793233519165, 0.7979952558267993
1, 1, 1, dynamic_dbscan, 0.75, 10, 10, 20, 125, 1.3578338623046875, 99.51172161102295, 126000, 0.9125460572274928, 0.7980274044814715
1, 1, 1, dynamic_dbscan, 0.75, 10, 10, 20, 126, 1.3972876071929932, 100.90900921821594, 127000, 0.9125262315399831, 0.7980892250176324
1, 1, 1, dynamic_dbscan, 0.75, 10, 10, 20, 127, 1.4412147998809814, 102.35022401809692, 128000, 0.9123827778424058, 0.7984584390738465
1, 1, 1, dynamic_dbscan, 0.75, 10, 10, 20, 128, 1.2586450576782227, 103.60886907577515, 129000, 0.9124441042694487, 0.7983629331811203
1, 1, 1, dynamic_dbscan, 0.75, 10, 10, 20, 129, 1.3167049884796143, 104.92557406425476, 130000, 0.9124978106210221, 0.7984476701504549
1, 1, 1, dynamic_dbscan, 0.75, 10, 10, 20, 130, 1.5225491523742676, 106.44812321662903, 131000, 0.9125228284370702, 0.7985760882772014
1, 1, 1, dynamic_dbscan, 0.75, 10, 10, 20, 131, 1.392282247543335, 107.84040546417236, 132000, 0.9125606797500282, 0.7989775101356665
1, 1, 1, dynamic_dbscan, 0.75, 10, 10, 20, 132, 1.5504257678985596, 109.39083123207092, 133000, 0.9123829970706561, 0.7984971775107256
1, 1, 1, dynamic_dbscan, 0.75, 10, 10, 20, 133, 1.4367482662200928, 110.82757949829102, 134000, 0.9123826948620513, 0.7985512179175857
1, 1, 1, dynamic_dbscan, 0.75, 10, 10, 20, 134, 1.4666123390197754, 112.29419183731079, 135000, 0.9123311709006566, 0.7985149470259381
1, 1, 1, dynamic_dbscan, 0.75, 10, 10, 20, 135, 1.4019627571105957, 113.69615459442139, 136000, 0.9123295875940958, 0.7983946059955063
1, 1, 1, dynamic_dbscan, 0.75, 10, 10, 20, 136, 1.5419321060180664, 115.23808670043945, 137000, 0.9123855896662303, 0.7988090642510591
1, 1, 1, dynamic_dbscan, 0.75, 10, 10, 20, 137, 1.3377501964569092, 116.57583689689636, 138000, 0.9124080772775653, 0.7988131282424888
1, 1, 1, dynamic_dbscan, 0.75, 10, 10, 20, 138, 1.3712286949157715, 117.94706559181213, 139000, 0.9125950231594715, 0.7989220491762798
1, 1, 1, dynamic_dbscan, 0.75, 10, 10, 20, 139, 1.4413158893585205, 119.38838148117065, 140000, 0.9126218329314322, 0.7986504038090202
1, 1, 1, dynamic_dbscan, 0.75, 10, 10, 20, 140, 1.500420093536377, 120.88880157470703, 141000, 0.9125504751980399, 0.798542918428598
1, 1, 1, dynamic_dbscan, 0.75, 10, 10, 20, 141, 1.5753173828125, 122.46411895751953, 142000, 0.9126673720318934, 0.7986990868317315
1, 1, 1, dynamic_dbscan, 0.75, 10, 10, 20, 142, 1.441152572631836, 123.90527153015137, 143000, 0.9127500523264391, 0.7988378214171635
1, 1, 1, dynamic_dbscan, 0.75, 10, 10, 20, 143, 1.6420245170593262, 125.5472960472107, 144000, 0.9127577983982261, 0.7997046707819722
1, 1, 1, dynamic_dbscan, 0.75, 10, 10, 20, 144, 1.533315658569336, 127.08061170578003, 145000, 0.9127413116351529, 0.7996121111515284
1, 1, 1, dynamic_dbscan, 0.75, 10, 10, 20, 145, 1.3832786083221436, 128.46389031410217, 146000, 0.9126622953215527, 0.7995065162353397
1, 1, 1, dynamic_dbscan, 0.75, 10, 10, 20, 146, 1.574167013168335, 130.0380573272705, 147000, 0.9126480209663759, 0.7994684591340314
1, 1, 1, dynamic_dbscan, 0.75, 10, 10, 20, 147, 1.5509662628173828, 131.5890235900879, 148000, 0.9125887535031509, 0.7994370340676653
1, 1, 1, dynamic_dbscan, 0.75, 10, 10, 20, 148, 1.4579944610595703, 133.04701805114746, 149000, 0.9125927468549345, 0.7995182864047646
1, 1, 1, dynamic_dbscan, 0.75, 10, 10, 20, 149, 1.4667112827301025, 134.51372933387756, 150000, 0.9125266606165339, 0.7993628726146587
1, 1, 1, dynamic_dbscan, 0.75, 10, 10, 20, 150, 1.625338077545166, 136.13906741142273, 151000, 0.9125168041592868, 0.7993081668650404
1, 1, 1, dynamic_dbscan, 0.75, 10, 10, 20, 151, 1.7832300662994385, 137.92229747772217, 152000, 0.9125288830893373, 0.7993409750825424
1, 1, 1, dynamic_dbscan, 0.75, 10, 10, 20, 152, 1.6581339836120605, 139.58043146133423, 153000, 0.9125521126714751, 0.799446527140889
1, 1, 1, dynamic_dbscan, 0.75, 10, 10, 20, 153, 1.492722988128662, 141.0731544494629, 154000, 0.9125184534553503, 0.799407391739356
1, 1, 1, dynamic_dbscan, 0.75, 10, 10, 20, 154, 1.5580403804779053, 142.6311948299408, 155000, 0.9125523109460152, 0.799952065789215
1, 1, 1, dynamic_dbscan, 0.75, 10, 10, 20, 155, 1.775303840637207, 144.406498670578, 156000, 0.9125494531525394, 0.8000159174276801
1, 1, 1, dynamic_dbscan, 0.75, 10, 10, 20, 156, 1.5840656757354736, 145.99056434631348, 157000, 0.9126338427756197, 0.80018359264251
1, 1, 1, dynamic_dbscan, 0.75, 10, 10, 20, 157, 1.8074076175689697, 147.79797196388245, 158000, 0.9127790435401608, 0.8003481835270027
1, 1, 1, dynamic_dbscan, 0.75, 10, 10, 20, 158, 1.565638780593872, 149.36361074447632, 159000, 0.9132113572148368, 0.800792979899713
1, 1, 1, dynamic_dbscan, 0.75, 10, 10, 20, 159, 2.6332457065582275, 151.99685645103455, 160000, 0.9131441750263037, 0.8004934753724263
1, 1, 1, dynamic_dbscan, 0.75, 10, 10, 20, 160, 1.6540799140930176, 153.65093636512756, 161000, 0.9131496307734099, 0.8007548522943112
1, 1, 1, dynamic_dbscan, 0.75, 10, 10, 20, 161, 1.8589677810668945, 155.50990414619446, 162000, 0.9131162931312866, 0.8007450944374127
1, 1, 1, dynamic_dbscan, 0.75, 10, 10, 20, 162, 1.735642433166504, 157.24554657936096, 163000, 0.9131162431122775, 0.8007053928453891
1, 1, 1, dynamic_dbscan, 0.75, 10, 10, 20, 163, 1.741955280303955, 158.98750185966492, 164000, 0.9131559961305445, 0.8007062915648426
1, 1, 1, dynamic_dbscan, 0.75, 10, 10, 20, 164, 1.4501523971557617, 160.43765425682068, 165000, 0.913168319274898, 0.8004991947159996
1, 1, 1, dynamic_dbscan, 0.75, 10, 10, 20, 165, 1.816636323928833, 162.2542905807495, 166000, 0.9131942889027755, 0.8004763322183496
1, 1, 1, dynamic_dbscan, 0.75, 10, 10, 20, 166, 1.8171017169952393, 164.07139229774475, 167000, 0.9131642618039718, 0.8003748799057109
1, 1, 1, dynamic_dbscan, 0.75, 10, 10, 20, 167, 1.774571180343628, 165.84596347808838, 168000, 0.9132318167253861, 0.8003871548003386
1, 1, 1, dynamic_dbscan, 0.75, 10, 10, 20, 168, 1.933220386505127, 167.7791838645935, 169000, 0.9132585958665742, 0.8004117169823466
1, 1, 1, dynamic_dbscan, 0.75, 10, 10, 20, 169, 1.876781940460205, 169.6559658050537, 170000, 0.9132195587268267, 0.8004301237416794
1, 1, 1, dynamic_dbscan, 0.75, 10, 10, 20, 170, 1.7901523113250732, 171.44611811637878, 171000, 0.9132353382946925, 0.8003716199761538
1, 1, 1, dynamic_dbscan, 0.75, 10, 10, 20, 171, 1.8286943435668945, 173.27481245994568, 172000, 0.9131847735468879, 0.800600700243304
1, 1, 1, dynamic_dbscan, 0.75, 10, 10, 20, 172, 1.8498907089233398, 175.12470316886902, 173000, 0.9132277353474222, 0.8004603190519856
1, 1, 1, dynamic_dbscan, 0.75, 10, 10, 20, 173, 1.7115874290466309, 176.83629059791565, 174000, 0.9132731322613157, 0.8004416588645079
1, 1, 1, dynamic_dbscan, 0.75, 10, 10, 20, 174, 1.9176819324493408, 178.753972530365, 175000, 0.9133366325118302, 0.8004576971321107
1, 1, 1, dynamic_dbscan, 0.75, 10, 10, 20, 175, 2.1118085384368896, 180.86578106880188, 176000, 0.9132919628246093, 0.8001904240769807
1, 1, 1, dynamic_dbscan, 0.75, 10, 10, 20, 176, 1.8921327590942383, 182.75791382789612, 177000, 0.9132995033518736, 0.80020244088072
1, 1, 1, dynamic_dbscan, 0.75, 10, 10, 20, 177, 1.889836072921753, 184.64774990081787, 178000, 0.9134258283779682, 0.8002604843943693
1, 1, 1, dynamic_dbscan, 0.75, 10, 10, 20, 178, 2.080246925354004, 186.72799682617188, 179000, 0.9134573556520685, 0.8001868469306836
1, 1, 1, dynamic_dbscan, 0.75, 10, 10, 20, 179, 2.233311653137207, 188.96130847930908, 180000, 0.9135088995215429, 0.8000887222715977
1, 1, 1, dynamic_dbscan, 0.75, 10, 10, 20, 180, 1.9874393939971924, 190.94874787330627, 181000, 0.9135588539462569, 0.8002563880560601
1, 1, 1, dynamic_dbscan, 0.75, 10, 10, 20, 181, 1.89935302734375, 192.84810090065002, 182000, 0.9135115544759396, 0.8002917502582225
1, 1, 1, dynamic_dbscan, 0.75, 10, 10, 20, 182, 1.916680097579956, 194.76478099822998, 183000, 0.9135875389198715, 0.8004107742052313
1, 1, 1, dynamic_dbscan, 0.75, 10, 10, 20, 183, 2.083281993865967, 196.84806299209595, 184000, 0.9135489202611716, 0.8003358302137356
1, 1, 1, dynamic_dbscan, 0.75, 10, 10, 20, 184, 2.0833473205566406, 198.9314103126526, 185000, 0.9135197649417671, 0.800408510477274
1, 1, 1, dynamic_dbscan, 0.75, 10, 10, 20, 185, 2.458625555038452, 201.39003586769104, 186000, 0.913534975670585, 0.8004493332989965
1, 1, 1, dynamic_dbscan, 0.75, 10, 10, 20, 186, 1.9586305618286133, 203.34866642951965, 187000, 0.913573596559066, 0.8005341359834499
1, 1, 1, dynamic_dbscan, 0.75, 10, 10, 20, 187, 1.8918726444244385, 205.2405390739441, 188000, 0.9136084264140502, 0.8005278552756232
1, 1, 1, dynamic_dbscan, 0.75, 10, 10, 20, 188, 2.250092029571533, 207.49063110351562, 189000, 0.9135180937470594, 0.8004536912753843
1, 1, 1, dynamic_dbscan, 0.75, 10, 10, 20, 189, 2.0920379161834717, 209.5826690196991, 190000, 0.9134971829615777, 0.8004636761623503
1, 1, 1, dynamic_dbscan, 0.75, 10, 10, 20, 190, 2.143967866897583, 211.72663688659668, 191000, 0.9135000832269523, 0.8001568055712532
1, 1, 1, dynamic_dbscan, 0.75, 10, 10, 20, 191, 2.1288068294525146, 213.8554437160492, 192000, 0.913508046269273, 0.8002305247269624
1, 1, 1, dynamic_dbscan, 0.75, 10, 10, 20, 192, 1.913851022720337, 215.76929473876953, 193000, 0.9134799016508194, 0.8000653562579053
1, 1, 1, dynamic_dbscan, 0.75, 10, 10, 20, 193, 2.0999045372009277, 217.86919927597046, 194000, 0.9134394827663148, 0.8000802846167978
1, 1, 1, dynamic_dbscan, 0.75, 10, 10, 20, 194, 2.2578489780426025, 220.12704825401306, 195000, 0.9134007821214357, 0.7999666921629942
1, 1, 1, dynamic_dbscan, 0.75, 10, 10, 20, 195, 2.166881561279297, 222.29392981529236, 196000, 0.913345220562675, 0.7999441274101727
1, 1, 1, dynamic_dbscan, 0.75, 10, 10, 20, 196, 1.850651741027832, 224.1445815563202, 197000, 0.9133218460238065, 0.7998308966921033
1, 1, 1, dynamic_dbscan, 0.75, 10, 10, 20, 197, 1.9453325271606445, 226.08991408348083, 198000, 0.913296146615272, 0.8000238000212405
1, 1, 1, dynamic_dbscan, 0.75, 10, 10, 20, 198, 2.081909656524658, 228.1718237400055, 199000, 0.9132383244503275, 0.8000720273240353
1, 1, 1, dynamic_dbscan, 0.75, 10, 10, 20, 199, 1.9999797344207764, 230.17180347442627, 200000, 0.9132652207556091, 0.8000234640668121
1, 1, 1, dynamic_dbscan, 0.75, 10, 10, 20, 200, 2.112147808074951, 232.28395128250122, 201000, 0.9133154387419519, 0.8001597795781215
1, 1, 1, dynamic_dbscan, 0.75, 10, 10, 20, 201, 1.9824750423431396, 234.26642632484436, 202000, 0.9132970995657355, 0.8002571872244035
1, 1, 1, dynamic_dbscan, 0.75, 10, 10, 20, 202, 2.206303596496582, 236.47272992134094, 203000, 0.9131821517660057, 0.7995785701369994
1, 1, 1, dynamic_dbscan, 0.75, 10, 10, 20, 203, 1.8766775131225586, 238.3494074344635, 204000, 0.9133414992693076, 0.7997351836165302
1, 1, 1, dynamic_dbscan, 0.75, 10, 10, 20, 204, 2.05134916305542, 240.40075659751892, 205000, 0.9133835505240636, 0.7998997942031174
1, 1, 1, dynamic_dbscan, 0.75, 10, 10, 20, 205, 2.9727866649627686, 243.3735432624817, 206000, 0.9134476729496344, 0.8005124223772826
1, 1, 1, dynamic_dbscan, 0.75, 10, 10, 20, 206, 2.104017496109009, 245.4775607585907, 207000, 0.9133922135428018, 0.8005068421577429
1, 1, 1, dynamic_dbscan, 0.75, 10, 10, 20, 207, 2.01615047454834, 247.49371123313904, 208000, 0.9133337524505669, 0.8004917276159407
1, 1, 1, dynamic_dbscan, 0.75, 10, 10, 20, 208, 1.9065308570861816, 249.40024209022522, 209000, 0.9134063890255938, 0.8006747948375514
1, 1, 1, dynamic_dbscan, 0.75, 10, 10, 20, 209, 1.9585108757019043, 251.35875296592712, 210000, 0.9134277176172301, 0.8007043668495847
1, 1, 1, dynamic_dbscan, 0.75, 10, 10, 20, 210, 2.282012701034546, 253.64076566696167, 211000, 0.9134477156769804, 0.8004487136213886
1, 1, 1, dynamic_dbscan, 0.75, 10, 10, 20, 211, 2.135751724243164, 255.77651739120483, 212000, 0.9135217723416453, 0.8004775445082233
1, 1, 1, dynamic_dbscan, 0.75, 10, 10, 20, 212, 2.027837038040161, 257.804354429245, 213000, 0.9135543159157327, 0.8004430180058691
1, 1, 1, dynamic_dbscan, 0.75, 10, 10, 20, 213, 2.326097011566162, 260.13045144081116, 214000, 0.9135823660609445, 0.8005408875825633
1, 1, 1, dynamic_dbscan, 0.75, 10, 10, 20, 214, 2.0657787322998047, 262.19623017311096, 215000, 0.9136736737926131, 0.8006874068466356
1, 1, 1, dynamic_dbscan, 0.75, 10, 10, 20, 215, 2.1967766284942627, 264.3930068016052, 216000, 0.9136675521744881, 0.8006859855842118
1, 1, 1, dynamic_dbscan, 0.75, 10, 10, 20, 216, 2.3250763416290283, 266.71808314323425, 217000, 0.9136158868628506, 0.8007505635708589
1, 1, 1, dynamic_dbscan, 0.75, 10, 10, 20, 217, 2.1807050704956055, 268.89878821372986, 218000, 0.9136458488073422, 0.8008394692291282
1, 1, 1, dynamic_dbscan, 0.75, 10, 10, 20, 218, 2.284473419189453, 271.1832616329193, 219000, 0.9136102168933485, 0.8007969084140314
1, 1, 1, dynamic_dbscan, 0.75, 10, 10, 20, 219, 2.199913501739502, 273.3831751346588, 220000, 0.9136355859293039, 0.8008854522956947
1, 1, 1, dynamic_dbscan, 0.75, 10, 10, 20, 220, 2.412274122238159, 275.795449256897, 221000, 0.9136549117394387, 0.800974729956035
1, 1, 1, dynamic_dbscan, 0.75, 10, 10, 20, 221, 2.4181442260742188, 278.2135934829712, 222000, 0.9135869085264541, 0.8008670539316032
1, 1, 1, dynamic_dbscan, 0.75, 10, 10, 20, 222, 2.530839204788208, 280.7444326877594, 223000, 0.913560009555785, 0.801306308873811
1, 1, 1, dynamic_dbscan, 0.75, 10, 10, 20, 223, 2.4231133460998535, 283.16754603385925, 224000, 0.9135472127333722, 0.8012884640182949
1, 1, 1, dynamic_dbscan, 0.75, 10, 10, 20, 224, 2.733248233795166, 285.9007942676544, 225000, 0.9136098439476145, 0.8013433214015722
1, 1, 1, dynamic_dbscan, 0.75, 10, 10, 20, 225, 2.4166085720062256, 288.31740283966064, 226000, 0.9136089497212443, 0.8013699010625849
1, 1, 1, dynamic_dbscan, 0.75, 10, 10, 20, 226, 2.5833048820495605, 290.9007077217102, 227000, 0.9135256688304324, 0.8013527312592684
1, 1, 1, dynamic_dbscan, 0.75, 10, 10, 20, 227, 2.56630802154541, 293.4670157432556, 228000, 0.9135355672368612, 0.8013547279674796
1, 1, 1, dynamic_dbscan, 0.75, 10, 10, 20, 228, 2.254424810409546, 295.72144055366516, 229000, 0.9135758843956489, 0.8014085822933905
1, 1, 1, dynamic_dbscan, 0.75, 10, 10, 20, 229, 2.549896717071533, 298.2713372707367, 230000, 0.9136435303642387, 0.8015071118472912
1, 1, 1, dynamic_dbscan, 0.75, 10, 10, 20, 230, 2.362067699432373, 300.63340497016907, 231000, 0.9136318953030518, 0.8015149590448862
1, 1, 1, dynamic_dbscan, 0.75, 10, 10, 20, 231, 2.612914562225342, 303.2463195323944, 232000, 0.9136328339507986, 0.8015157463051275
1, 1, 1, dynamic_dbscan, 0.75, 10, 10, 20, 232, 2.5296969413757324, 305.77601647377014, 233000, 0.913629093226365, 0.8014841247056381
1, 1, 1, dynamic_dbscan, 0.75, 10, 10, 20, 233, 2.661325693130493, 308.43734216690063, 234000, 0.9136108542478093, 0.8014974653084116
1, 1, 1, dynamic_dbscan, 0.75, 10, 10, 20, 234, 2.5618374347686768, 310.9991796016693, 235000, 0.9135918968139141, 0.8011959680183113
1, 1, 1, dynamic_dbscan, 0.75, 10, 10, 20, 235, 2.3499577045440674, 313.3491373062134, 236000, 0.9136220291336852, 0.8011868927605976
1, 1, 1, dynamic_dbscan, 0.75, 10, 10, 20, 236, 2.8208746910095215, 316.1700119972229, 237000, 0.9136187709303173, 0.8011658845646616
1, 1, 1, dynamic_dbscan, 0.75, 10, 10, 20, 237, 2.6064271926879883, 318.7764391899109, 238000, 0.9136482904407577, 0.8011844923215407
1, 1, 1, dynamic_dbscan, 0.75, 10, 10, 20, 238, 2.3586180210113525, 321.13505721092224, 239000, 0.913691757547043, 0.8012182710738703
1, 1, 1, dynamic_dbscan, 0.75, 10, 10, 20, 239, 2.583371162414551, 323.7184283733368, 240000, 0.9137134218753482, 0.8012461712552161
1, 1, 1, dynamic_dbscan, 0.75, 10, 10, 20, 240, 2.5119452476501465, 326.23037362098694, 241000, 0.9137057673398264, 0.8012832137013549
1, 1, 1, dynamic_dbscan, 0.75, 10, 10, 20, 241, 2.3115627765655518, 328.5419363975525, 242000, 0.9136856371239058, 0.8014713927173442
1, 1, 1, dynamic_dbscan, 0.75, 10, 10, 20, 242, 2.5256738662719727, 331.06761026382446, 243000, 0.9137143377629047, 0.8015013269753856
1, 1, 1, dynamic_dbscan, 0.75, 10, 10, 20, 243, 2.3834941387176514, 333.4511044025421, 244000, 0.9136440143560379, 0.8016659511838308
1, 1, 1, dynamic_dbscan, 0.75, 10, 10, 20, 244, 2.35250186920166, 335.8036062717438, 245000, 0.9136450966357564, 0.8017142572332052
1, 1, 1, dynamic_dbscan, 0.75, 10, 10, 20, 245, 3.019625425338745, 338.8232316970825, 246000, 0.913647426255787, 0.8015871904221293
1, 1, 1, dynamic_dbscan, 0.75, 10, 10, 20, 246, 2.780055046081543, 341.60328674316406, 247000, 0.9136355291348962, 0.8015936166313042
1, 1, 1, dynamic_dbscan, 0.75, 10, 10, 20, 247, 2.499696969985962, 344.10298371315, 248000, 0.9136447861399629, 0.8014304609200013
1, 1, 1, dynamic_dbscan, 0.75, 10, 10, 20, 248, 2.739062786102295, 346.8420464992523, 249000, 0.9136573369456571, 0.8014446773405317
1, 1, 1, dynamic_dbscan, 0.75, 10, 10, 20, 249, 2.6700332164764404, 349.51207971572876, 250000, 0.9136613502459355, 0.8011615800376451
1, 1, 1, dynamic_dbscan, 0.75, 10, 10, 20, 250, 2.511033296585083, 352.02311301231384, 251000, 0.9135635008043862, 0.8011099272692495
1, 1, 1, dynamic_dbscan, 0.75, 10, 10, 20, 251, 2.777838706970215, 354.80095171928406, 252000, 0.9135533191607937, 0.8012122474175672
1, 1, 1, dynamic_dbscan, 0.75, 10, 10, 20, 252, 2.6392552852630615, 357.4402070045471, 253000, 0.9135880834928937, 0.8011208621278221
1, 1, 1, dynamic_dbscan, 0.75, 10, 10, 20, 253, 2.5809273719787598, 360.0211343765259, 254000, 0.913597198988472, 0.8010880108446555
1, 1, 1, dynamic_dbscan, 0.75, 10, 10, 20, 254, 2.469883441925049, 362.4910178184509, 255000, 0.9136029649556204, 0.8010739132309868
1, 1, 1, dynamic_dbscan, 0.75, 10, 10, 20, 255, 2.744039297103882, 365.2350571155548, 256000, 0.913646570423933, 0.8010560486088818
1, 1, 1, dynamic_dbscan, 0.75, 10, 10, 20, 256, 2.399895191192627, 367.63495230674744, 257000, 0.9136903225526424, 0.8008938589287741
1, 1, 1, dynamic_dbscan, 0.75, 10, 10, 20, 257, 2.734808921813965, 370.3697612285614, 258000, 0.9136813446001969, 0.8012483107766847
1, 1, 1, dynamic_dbscan, 0.75, 10, 10, 20, 258, 2.6564152240753174, 373.0261764526367, 259000, 0.9136352016941763, 0.8011637819355345
1, 1, 1, dynamic_dbscan, 0.75, 10, 10, 20, 259, 2.6199793815612793, 375.646155834198, 260000, 0.9136068066016868, 0.8011883892859696
1, 1, 1, dynamic_dbscan, 0.75, 10, 10, 20, 260, 2.887528657913208, 378.5336844921112, 261000, 0.9136634806176677, 0.8013012888908788
1, 1, 1, dynamic_dbscan, 0.75, 10, 10, 20, 261, 2.9809911251068115, 381.514675617218, 262000, 0.9137014211719112, 0.8013828038184158
1, 1, 1, dynamic_dbscan, 0.75, 10, 10, 20, 262, 3.120213747024536, 384.63488936424255, 263000, 0.913643182621487, 0.8013012793677512
1, 1, 1, dynamic_dbscan, 0.75, 10, 10, 20, 263, 2.7647783756256104, 387.39966773986816, 264000, 0.9135961604541032, 0.8013505015549307
1, 1, 1, dynamic_dbscan, 0.75, 10, 10, 20, 264, 3.9531662464141846, 391.35283398628235, 265000, 0.9135267727558435, 0.8012533790696266
1, 1, 1, dynamic_dbscan, 0.75, 10, 10, 20, 265, 3.0799922943115234, 394.4328262805939, 266000, 0.9135607197351793, 0.8012319910870778
1, 1, 1, dynamic_dbscan, 0.75, 10, 10, 20, 266, 2.9820923805236816, 397.41491866111755, 267000, 0.913546723058727, 0.8013183478464361
1, 1, 1, dynamic_dbscan, 0.75, 10, 10, 20, 267, 3.3002073764801025, 400.71512603759766, 268000, 0.9135452485612368, 0.8013285138098538
1, 1, 1, dynamic_dbscan, 0.75, 10, 10, 20, 268, 3.1360113620758057, 403.85113739967346, 269000, 0.9134875130012017, 0.8012553333252532
1, 1, 1, dynamic_dbscan, 0.75, 10, 10, 20, 269, 3.4707748889923096, 407.32191228866577, 270000, 0.9135421217229344, 0.8012767247524692
1, 1, 1, dynamic_dbscan, 0.75, 10, 10, 20, 270, 3.129333019256592, 410.45124530792236, 271000, 0.9135355002444924, 0.8013168511510723
1, 1, 1, dynamic_dbscan, 0.75, 10, 10, 20, 271, 3.4051787853240967, 413.85642409324646, 272000, 0.9135484628487311, 0.8012337823016304
1, 1, 1, dynamic_dbscan, 0.75, 10, 10, 20, 272, 3.2703311443328857, 417.12675523757935, 273000, 0.9135759756016855, 0.8014064063461442
1, 1, 1, dynamic_dbscan, 0.75, 10, 10, 20, 273, 3.180061101913452, 420.3068163394928, 274000, 0.9135952232425416, 0.8014514260808577
1, 1, 1, dynamic_dbscan, 0.75, 10, 10, 20, 274, 3.1494569778442383, 423.45627331733704, 275000, 0.9135445264692343, 0.8014729176205327
1, 1, 1, dynamic_dbscan, 0.75, 10, 10, 20, 275, 3.2692108154296875, 426.7254841327667, 276000, 0.913590581303852, 0.8013936062537755
1, 1, 1, dynamic_dbscan, 0.75, 10, 10, 20, 276, 3.129979372024536, 429.85546350479126, 277000, 0.9136239376410791, 0.8014833381714024
1, 1, 1, dynamic_dbscan, 0.75, 10, 10, 20, 277, 2.8405795097351074, 432.69604301452637, 278000, 0.9135892685073302, 0.8014782505689085
1, 1, 1, dynamic_dbscan, 0.75, 10, 10, 20, 278, 3.00291109085083, 435.6989541053772, 279000, 0.9136630821815467, 0.8018423248066574
1, 1, 1, dynamic_dbscan, 0.75, 10, 10, 20, 279, 2.62363862991333, 438.3225927352905, 280000, 0.9137094783482217, 0.801742446478875
1, 1, 1, dynamic_dbscan, 0.75, 10, 10, 20, 280, 3.145185708999634, 441.46777844429016, 281000, 0.9137204132005599, 0.8017698600139226
1, 1, 1, dynamic_dbscan, 0.75, 10, 10, 20, 281, 2.9897091388702393, 444.4574875831604, 282000, 0.9137718923804797, 0.8018350771317777
1, 1, 1, dynamic_dbscan, 0.75, 10, 10, 20, 282, 3.0951647758483887, 447.5526523590088, 283000, 0.9137624652917093, 0.8017107526932078
1, 1, 1, dynamic_dbscan, 0.75, 10, 10, 20, 283, 2.9398725032806396, 450.49252486228943, 284000, 0.913786485526902, 0.8017301400861481
1, 1, 1, dynamic_dbscan, 0.75, 10, 10, 20, 284, 2.5897700786590576, 453.0822949409485, 285000, 0.9137959262644565, 0.8017310494351726
1, 1, 1, dynamic_dbscan, 0.75, 10, 10, 20, 285, 2.880892276763916, 455.9631872177124, 286000, 0.9138140700190067, 0.8017052333202467
1, 1, 1, dynamic_dbscan, 0.75, 10, 10, 20, 286, 3.2192063331604004, 459.1823935508728, 287000, 0.913795985937777, 0.8016372093395925
1, 1, 1, dynamic_dbscan, 0.75, 10, 10, 20, 287, 2.9268617630004883, 462.1092553138733, 288000, 0.9138646138292777, 0.8019764309904468
1, 1, 1, dynamic_dbscan, 0.75, 10, 10, 20, 288, 3.6101701259613037, 465.7194254398346, 289000, 0.9138320463431434, 0.8019627051122139
1, 1, 1, dynamic_dbscan, 0.75, 10, 10, 20, 289, 3.1258318424224854, 468.8452572822571, 290000, 0.9138462469578029, 0.8019945642681778
1, 1, 1, dynamic_dbscan, 0.75, 10, 10, 20, 290, 2.9176089763641357, 471.7628662586212, 291000, 0.9138524817176894, 0.8018858705978988
1, 1, 1, dynamic_dbscan, 0.75, 10, 10, 20, 291, 2.842973470687866, 474.6058397293091, 292000, 0.9138910735979375, 0.8019479953238853
1, 1, 1, dynamic_dbscan, 0.75, 10, 10, 20, 292, 3.306335210800171, 477.91217494010925, 293000, 0.9138473837955042, 0.8018033298217362
1, 1, 1, dynamic_dbscan, 0.75, 10, 10, 20, 293, 3.2098782062530518, 481.1220531463623, 294000, 0.913844581667512, 0.8018844374707751
1, 1, 1, dynamic_dbscan, 0.75, 10, 10, 20, 294, 3.579521417617798, 484.7015745639801, 295000, 0.9138200746241023, 0.8018968095099095
1, 1, 1, dynamic_dbscan, 0.75, 10, 10, 20, 295, 3.250897169113159, 487.95247173309326, 296000, 0.9138220699323903, 0.8019393391672598
1, 1, 1, dynamic_dbscan, 0.75, 10, 10, 20, 296, 3.51465106010437, 491.46712279319763, 297000, 0.9137905430972921, 0.8018736012917647
1, 1, 1, dynamic_dbscan, 0.75, 10, 10, 20, 297, 3.1991424560546875, 494.6662652492523, 298000, 0.9137677590994421, 0.8018516275841248
1, 1, 1, dynamic_dbscan, 0.75, 10, 10, 20, 298, 3.2645254135131836, 497.9307906627655, 299000, 0.9138234415215639, 0.8019026215521569
1, 1, 1, dynamic_dbscan, 0.75, 10, 10, 20, 299, 3.5802018642425537, 501.51099252700806, 300000, 0.9138193142818851, 0.8018659273284667
1, 1, 1, dynamic_dbscan, 0.75, 10, 10, 20, 300, 3.479914426803589, 504.99090695381165, 301000, 0.9138695986849494, 0.8019074094290517
1, 1, 1, dynamic_dbscan, 0.75, 10, 10, 20, 301, 3.34989333152771, 508.34080028533936, 302000, 0.9138188199419679, 0.8018819506317899
1, 1, 1, dynamic_dbscan, 0.75, 10, 10, 20, 302, 3.549795389175415, 511.89059567451477, 303000, 0.9138455033030456, 0.8018697230116958
1, 1, 1, dynamic_dbscan, 0.75, 10, 10, 20, 303, 3.0548696517944336, 514.9454653263092, 304000, 0.9138410365960467, 0.8018845393552771
1, 1, 1, dynamic_dbscan, 0.75, 10, 10, 20, 304, 3.210041046142578, 518.1555063724518, 305000, 0.9138482021308273, 0.801865535493652
1, 1, 1, dynamic_dbscan, 0.75, 10, 10, 20, 305, 3.5599989891052246, 521.715505361557, 306000, 0.913897301160133, 0.8018158891721373
1, 1, 1, dynamic_dbscan, 0.75, 10, 10, 20, 306, 3.8601720333099365, 525.575677394867, 307000, 0.9139034112428521, 0.801828908818875
1, 1, 1, dynamic_dbscan, 0.75, 10, 10, 20, 307, 3.8049936294555664, 529.3806710243225, 308000, 0.9139573604461478, 0.8020987341503846
1, 1, 1, dynamic_dbscan, 0.75, 10, 10, 20, 308, 3.3659427165985107, 532.746613740921, 309000, 0.9139741494996633, 0.8023891747036023
1, 1, 1, dynamic_dbscan, 0.75, 10, 10, 20, 309, 3.432628631591797, 536.1792423725128, 310000, 0.9139876078110865, 0.8024032032077678
1, 1, 1, dynamic_dbscan, 0.75, 10, 10, 20, 310, 3.389639377593994, 539.5688817501068, 311000, 0.9139950697809918, 0.8023567499336609
1, 1, 1, dynamic_dbscan, 0.75, 10, 10, 20, 311, 3.164706230163574, 542.7335879802704, 312000, 0.9140458188646389, 0.8023867295489256
1, 1, 1, dynamic_dbscan, 0.75, 10, 10, 20, 312, 3.4494009017944336, 546.1829888820648, 313000, 0.9140048336595106, 0.8023364751710718
1, 1, 1, dynamic_dbscan, 0.75, 10, 10, 20, 313, 3.498863935470581, 549.6818528175354, 314000, 0.9140088810838823, 0.8022665541548288
1, 1, 1, dynamic_dbscan, 0.75, 10, 10, 20, 314, 3.527050018310547, 553.208902835846, 315000, 0.9140711332525407, 0.802308124232758
1, 1, 1, dynamic_dbscan, 0.75, 10, 10, 20, 315, 3.345839500427246, 556.5547423362732, 316000, 0.9140153707063595, 0.8022557286225401
1, 1, 1, dynamic_dbscan, 0.75, 10, 10, 20, 316, 4.081932067871094, 560.6366744041443, 317000, 0.9140137151020293, 0.8021209972884196
1, 1, 1, dynamic_dbscan, 0.75, 10, 10, 20, 317, 3.5898988246917725, 564.2265732288361, 318000, 0.9139853320130841, 0.8021274923778501
1, 1, 1, dynamic_dbscan, 0.75, 10, 10, 20, 318, 3.800046443939209, 568.0266196727753, 319000, 0.9140280331259953, 0.8021117569102498
1, 1, 1, dynamic_dbscan, 0.75, 10, 10, 20, 319, 3.9250729084014893, 571.9516925811768, 320000, 0.9139969263278725, 0.8017894253296447
1, 1, 1, dynamic_dbscan, 0.75, 10, 10, 20, 320, 3.0822815895080566, 575.0339741706848, 321000, 0.9139744862188229, 0.8016523999203448
1, 1, 1, dynamic_dbscan, 0.75, 10, 10, 20, 321, 3.3121423721313477, 578.3461165428162, 322000, 0.9140124673326756, 0.8018315455972956
1, 1, 1, dynamic_dbscan, 0.75, 10, 10, 20, 322, 3.379498243331909, 581.7256147861481, 323000, 0.9140447013742784, 0.801863974372451
1, 1, 1, dynamic_dbscan, 0.75, 10, 10, 20, 323, 3.935124158859253, 585.6607389450073, 324000, 0.9140442441285509, 0.8018146075786452
1, 1, 1, dynamic_dbscan, 0.75, 10, 10, 20, 324, 3.979832410812378, 589.6405713558197, 325000, 0.9140570479652105, 0.8018372527188719
1, 1, 1, dynamic_dbscan, 0.75, 10, 10, 20, 325, 3.229771614074707, 592.8703429698944, 326000, 0.9140227300797386, 0.8018173166295666
1, 1, 1, dynamic_dbscan, 0.75, 10, 10, 20, 326, 3.9033799171447754, 596.7737228870392, 327000, 0.9140312335467919, 0.8021176163016738
1, 1, 1, dynamic_dbscan, 0.75, 10, 10, 20, 327, 3.368212938308716, 600.1419358253479, 328000, 0.9140512060521494, 0.8020953422374631
1, 1, 1, dynamic_dbscan, 0.75, 10, 10, 20, 328, 3.664853096008301, 603.8067889213562, 329000, 0.9140523844207045, 0.8020662410524995
1, 1, 1, dynamic_dbscan, 0.75, 10, 10, 20, 329, 3.1298627853393555, 606.9366517066956, 330000, 0.9140475894367524, 0.8020785528581349
1, 1, 1, dynamic_dbscan, 0.75, 10, 10, 20, 330, 3.5099093914031982, 610.4465610980988, 331000, 0.9140125400957232, 0.8022158332677078
1, 1, 1, dynamic_dbscan, 0.75, 10, 10, 20, 331, 3.4499094486236572, 613.8964705467224, 332000, 0.9139868691831975, 0.8021801573032719
1, 1, 1, dynamic_dbscan, 0.75, 10, 10, 20, 332, 3.384598731994629, 617.281069278717, 333000, 0.9139522203036374, 0.802000763730546
1, 1, 1, dynamic_dbscan, 0.75, 10, 10, 20, 333, 3.580261707305908, 620.861330986023, 334000, 0.9139328020444399, 0.8018647778290161
1, 1, 1, dynamic_dbscan, 0.75, 10, 10, 20, 334, 3.300110340118408, 624.1614413261414, 335000, 0.9139270069699826, 0.8018776940278078
1, 1, 1, dynamic_dbscan, 0.75, 10, 10, 20, 335, 4.1904168128967285, 628.3518581390381, 336000, 0.9139473670018772, 0.8018992687541195
1, 1, 1, dynamic_dbscan, 0.75, 10, 10, 20, 336, 3.8900420665740967, 632.2419002056122, 337000, 0.9139401539604283, 0.8017914179783093
1, 1, 1, dynamic_dbscan, 0.75, 10, 10, 20, 337, 5.257944345474243, 637.4998445510864, 338000, 0.9139716437504063, 0.8018402971343027
1, 1, 1, dynamic_dbscan, 0.75, 10, 10, 20, 338, 3.410081386566162, 640.9099259376526, 339000, 0.9140306518404839, 0.8018793781299951
1, 1, 1, dynamic_dbscan, 0.75, 10, 10, 20, 339, 3.5202059745788574, 644.4301319122314, 340000, 0.9140452981728447, 0.8019036687224386
1, 1, 1, dynamic_dbscan, 0.75, 10, 10, 20, 340, 3.760021924972534, 648.190153837204, 341000, 0.9140307014839768, 0.8017753753581248
1, 1, 1, dynamic_dbscan, 0.75, 10, 10, 20, 341, 3.504615068435669, 651.6947689056396, 342000, 0.9139917752407748, 0.8017385596673335
1, 1, 1, dynamic_dbscan, 0.75, 10, 10, 20, 342, 3.8115832805633545, 655.506352186203, 343000, 0.9139784620383307, 0.8017001348884214
1, 1, 1, dynamic_dbscan, 0.75, 10, 10, 20, 343, 3.9995524883270264, 659.50590467453, 344000, 0.9139921690179037, 0.8016980101426054
1, 1, 1, dynamic_dbscan, 0.75, 10, 10, 20, 344, 3.7800300121307373, 663.2859346866608, 345000, 0.9139966706944458, 0.8017651316916707
1, 1, 1, dynamic_dbscan, 0.75, 10, 10, 20, 345, 3.9598658084869385, 667.2458004951477, 346000, 0.9139589275929767, 0.8018322848275864
1, 1, 1, dynamic_dbscan, 0.75, 10, 10, 20, 346, 3.6150729656219482, 670.8608734607697, 347000, 0.913959587432277, 0.8018294246697643
1, 1, 1, dynamic_dbscan, 0.75, 10, 10, 20, 347, 3.6500957012176514, 674.5109691619873, 348000, 0.9139814323040171, 0.8018034263754752
1, 1, 1, dynamic_dbscan, 0.75, 10, 10, 20, 348, 3.9059484004974365, 678.4169175624847, 349000, 0.9140140009499618, 0.8018566075590677
1, 1, 1, dynamic_dbscan, 0.75, 10, 10, 20, 349, 4.563164710998535, 682.9800822734833, 350000, 0.9140436674762575, 0.8018815988823581
1, 1, 1, dynamic_dbscan, 0.75, 10, 10, 20, 350, 3.734957695007324, 686.7150399684906, 351000, 0.9139917164625879, 0.8019845792662551
1, 1, 1, dynamic_dbscan, 0.75, 10, 10, 20, 351, 4.09989595413208, 690.8149359226227, 352000, 0.9139631397580041, 0.8018801086036331
1, 1, 1, dynamic_dbscan, 0.75, 10, 10, 20, 352, 4.089952230453491, 694.9048881530762, 353000, 0.9139313953401386, 0.8018311741242337
1, 1, 1, dynamic_dbscan, 0.75, 10, 10, 20, 353, 3.559828758239746, 698.4647169113159, 354000, 0.9139175776752313, 0.8017937241462209
1, 1, 1, dynamic_dbscan, 0.75, 10, 10, 20, 354, 4.007165431976318, 702.4718823432922, 355000, 0.9139123150415869, 0.801792799484653
1, 1, 1, dynamic_dbscan, 0.75, 10, 10, 20, 355, 3.6919479370117188, 706.163830280304, 356000, 0.9138869075224577, 0.8017558355328164
1, 1, 1, dynamic_dbscan, 0.75, 10, 10, 20, 356, 4.283017873764038, 710.446848154068, 357000, 0.913894001095896, 0.8016003122563164
1, 1, 1, dynamic_dbscan, 0.75, 10, 10, 20, 357, 4.080009698867798, 714.5268578529358, 358000, 0.9139215701351373, 0.8015699588778442
1, 1, 1, dynamic_dbscan, 0.75, 10, 10, 20, 358, 4.254167318344116, 718.7810251712799, 359000, 0.9138977057512641, 0.8017700758113202
1, 1, 1, dynamic_dbscan, 0.75, 10, 10, 20, 359, 3.9500064849853516, 722.7310316562653, 360000, 0.9139327900480513, 0.8018030111782826
1, 1, 1, dynamic_dbscan, 0.75, 10, 10, 20, 360, 4.049943685531616, 726.7809753417969, 361000, 0.9139796721424626, 0.8018896091202493
1, 1, 1, dynamic_dbscan, 0.75, 10, 10, 20, 361, 3.833954095840454, 730.6149294376373, 362000, 0.9139639981895589, 0.8020854813648071
1, 1, 1, dynamic_dbscan, 0.75, 10, 10, 20, 362, 4.174407243728638, 734.789336681366, 363000, 0.9139608930701928, 0.8021646432632455
1, 1, 1, dynamic_dbscan, 0.75, 10, 10, 20, 363, 3.7979795932769775, 738.587316274643, 364000, 0.9139702637770926, 0.8022086494639491
1, 1, 1, dynamic_dbscan, 0.75, 10, 10, 20, 364, 4.434872388839722, 743.0221886634827, 365000, 0.9139979940561392, 0.8022679166676516
1, 1, 1, dynamic_dbscan, 0.75, 10, 10, 20, 365, 4.149971008300781, 747.1721596717834, 366000, 0.9139710505651223, 0.8022493254687816
1, 1, 1, dynamic_dbscan, 0.75, 10, 10, 20, 366, 4.140252113342285, 751.3124117851257, 367000, 0.9139347519195593, 0.8022517020834539
1, 1, 1, dynamic_dbscan, 0.75, 10, 10, 20, 367, 4.134897708892822, 755.4473094940186, 368000, 0.9139306663160721, 0.8022746968603296
1, 1, 1, dynamic_dbscan, 0.75, 10, 10, 20, 368, 4.12178373336792, 759.5690932273865, 369000, 0.9139096653964146, 0.8022535059680294
1, 1, 1, dynamic_dbscan, 0.75, 10, 10, 20, 369, 4.144780874252319, 763.7138741016388, 370000, 0.9139192138746963, 0.802303018337341
1, 1, 1, dynamic_dbscan, 0.75, 10, 10, 20, 370, 3.6400249004364014, 767.3538990020752, 371000, 0.91395645639784, 0.8023231055822788
1, 1, 1, dynamic_dbscan, 0.75, 10, 10, 20, 371, 3.51517915725708, 770.8690781593323, 372000, 0.9139474514053405, 0.8023048030062561
1, 1, 1, dynamic_dbscan, 0.75, 10, 10, 20, 372, 3.8199338912963867, 774.6890120506287, 373000, 0.9139601794211942, 0.8023466047871816
1, 1, 1, dynamic_dbscan, 0.75, 10, 10, 20, 373, 4.679656267166138, 779.3686683177948, 374000, 0.9139834675740801, 0.8023807337330858
1, 1, 1, dynamic_dbscan, 0.75, 10, 10, 20, 374, 4.260375499725342, 783.6290438175201, 375000, 0.9139886809654879, 0.8023639623622107
1, 1, 1, dynamic_dbscan, 0.75, 10, 10, 20, 375, 3.950422525405884, 787.579466342926, 376000, 0.9140046161454559, 0.8023333072270249
1, 1, 1, dynamic_dbscan, 0.75, 10, 10, 20, 376, 3.93936824798584, 791.5188345909119, 377000, 0.9139872679428214, 0.8023796163246201
1, 1, 1, dynamic_dbscan, 0.75, 10, 10, 20, 377, 4.659878253936768, 796.1787128448486, 378000, 0.9139876516999591, 0.802412523343329
1, 1, 1, dynamic_dbscan, 0.75, 10, 10, 20, 378, 3.6097395420074463, 799.7884523868561, 379000, 0.9139903255394065, 0.8024193073476127
1, 1, 1, dynamic_dbscan, 0.75, 10, 10, 20, 379, 3.9949209690093994, 803.7833733558655, 380000, 0.9139737456490004, 0.8025021949744362
1, 1, 1, dynamic_dbscan, 0.75, 10, 10, 20, 380, 4.0675530433654785, 807.850926399231, 381000, 0.9139773320759811, 0.8024688201365462
1, 1, 1, dynamic_dbscan, 0.75, 10, 10, 20, 381, 3.864974021911621, 811.7159004211426, 382000, 0.9140005306948948, 0.8024808806636022
1, 1, 1, dynamic_dbscan, 0.75, 10, 10, 20, 382, 4.101572513580322, 815.8174729347229, 383000, 0.914009367889776, 0.802466871782208
1, 1, 1, dynamic_dbscan, 0.75, 10, 10, 20, 383, 4.229660272598267, 820.0471332073212, 384000, 0.9140319116843092, 0.802471257048525
1, 1, 1, dynamic_dbscan, 0.75, 10, 10, 20, 384, 4.185137033462524, 824.2322702407837, 385000, 0.9140601391681948, 0.8025379912651924
1, 1, 1, dynamic_dbscan, 0.75, 10, 10, 20, 385, 4.087987661361694, 828.3202579021454, 386000, 0.9140718262284779, 0.8026170156528883
1, 1, 1, dynamic_dbscan, 0.75, 10, 10, 20, 386, 3.730445146560669, 832.050703048706, 387000, 0.9140572061187531, 0.8025887172929456
1, 1, 1, dynamic_dbscan, 0.75, 10, 10, 20, 387, 5.379370212554932, 837.430073261261, 388000, 0.9141029291356021, 0.8026723778054362
1, 1, 1, dynamic_dbscan, 0.75, 10, 10, 20, 388, 4.275105953216553, 841.7051792144775, 389000, 0.914110580188769, 0.8026343572663843
1, 1, 1, dynamic_dbscan, 0.75, 10, 10, 20, 389, 3.9678800106048584, 845.6730592250824, 390000, 0.914132937714738, 0.8025888934650027
1, 1, 1, dynamic_dbscan, 0.75, 10, 10, 20, 390, 4.070105314254761, 849.7431645393372, 391000, 0.914119304363227, 0.8025688893284527
1, 1, 1, dynamic_dbscan, 0.75, 10, 10, 20, 391, 4.060258626937866, 853.803423166275, 392000, 0.914088022428593, 0.8025923850961875
1, 1, 1, dynamic_dbscan, 0.75, 10, 10, 20, 392, 4.240161180496216, 858.0435843467712, 393000, 0.9140679161224591, 0.8026135408630624
1, 1, 1, dynamic_dbscan, 0.75, 10, 10, 20, 393, 3.433964490890503, 861.4775488376617, 394000, 0.9140603751948856, 0.8026272383552818
1, 1, 1, dynamic_dbscan, 0.75, 10, 10, 20, 394, 4.314821481704712, 865.7923703193665, 395000, 0.914069770640923, 0.8027312570935828
1, 1, 1, dynamic_dbscan, 0.75, 10, 10, 20, 395, 3.95001482963562, 869.7423851490021, 396000, 0.9140529616681734, 0.8029228438747434
1, 1, 1, dynamic_dbscan, 0.75, 10, 10, 20, 396, 5.0003342628479, 874.74271941185, 397000, 0.914030376401623, 0.8029319273730287
1, 1, 1, dynamic_dbscan, 0.75, 10, 10, 20, 397, 4.5239644050598145, 879.2666838169098, 398000, 0.9140184090866036, 0.8029459107020769
1, 1, 1, dynamic_dbscan, 0.75, 10, 10, 20, 398, 4.635245084762573, 883.9019289016724, 399000, 0.9139975894680105, 0.8027979284436326
1, 1, 1, dynamic_dbscan, 0.75, 10, 10, 20, 399, 4.745199680328369, 888.6471285820007, 400000, 0.9139896630017317, 0.8027841507040495
1, 1, 1, dynamic_dbscan, 0.75, 10, 10, 20, 400, 4.714869976043701, 893.3619985580444, 401000, 0.9139744417608255, 0.8026374172258907
1, 1, 1, dynamic_dbscan, 0.75, 10, 10, 20, 401, 4.920074462890625, 898.2820730209351, 402000, 0.9139553644987779, 0.8026456889905441
1, 1, 1, dynamic_dbscan, 0.75, 10, 10, 20, 402, 4.804883003234863, 903.0869560241699, 403000, 0.9139622566368296, 0.8026617211787144
1, 1, 1, dynamic_dbscan, 0.75, 10, 10, 20, 403, 4.379831790924072, 907.466787815094, 404000, 0.913997117300315, 0.8026169641639719
1, 1, 1, dynamic_dbscan, 0.75, 10, 10, 20, 404, 4.134914875030518, 911.6017026901245, 405000, 0.9139701661993374, 0.8025802067842893
1, 1, 1, dynamic_dbscan, 0.75, 10, 10, 20, 405, 4.572240352630615, 916.1739430427551, 406000, 0.9139700852797196, 0.8025031373894593
1, 1, 1, dynamic_dbscan, 0.75, 10, 10, 20, 406, 4.269870281219482, 920.4438133239746, 407000, 0.9139719950738915, 0.802429714446967
1, 1, 1, dynamic_dbscan, 0.75, 10, 10, 20, 407, 4.950145959854126, 925.3939592838287, 408000, 0.9139886726951871, 0.8024791447683614
1, 1, 1, dynamic_dbscan, 0.75, 10, 10, 20, 408, 4.868041038513184, 930.2620003223419, 409000, 0.9139822546718313, 0.8025169210087788
1, 1, 1, dynamic_dbscan, 0.75, 10, 10, 20, 409, 4.505475759506226, 934.7674760818481, 410000, 0.9140063629362394, 0.8024849579714634
1, 1, 1, dynamic_dbscan, 0.75, 10, 10, 20, 410, 4.800300598144531, 939.5677766799927, 411000, 0.9140202331787274, 0.802466475959281
1, 1, 1, dynamic_dbscan, 0.75, 10, 10, 20, 411, 4.470031023025513, 944.0378077030182, 412000, 0.9140287866989385, 0.8024669389553875
1, 1, 1, dynamic_dbscan, 0.75, 10, 10, 20, 412, 4.5999436378479, 948.6377513408661, 413000, 0.9140263086887012, 0.8024727976740736
1, 1, 1, dynamic_dbscan, 0.75, 10, 10, 20, 413, 4.942463159561157, 953.5802145004272, 414000, 0.9140388624285697, 0.8024892006633139
1, 1, 1, dynamic_dbscan, 0.75, 10, 10, 20, 414, 5.325562000274658, 958.9057765007019, 415000, 0.9140415982237714, 0.802483483198436
1, 1, 1, dynamic_dbscan, 0.75, 10, 10, 20, 415, 4.627960681915283, 963.5337371826172, 416000, 0.9140326550592378, 0.8029144907379621
1, 1, 1, dynamic_dbscan, 0.75, 10, 10, 20, 416, 4.191598176956177, 967.7253353595734, 417000, 0.9140075352418134, 0.8028419272488946
1, 1, 1, dynamic_dbscan, 0.75, 10, 10, 20, 417, 4.5903849601745605, 972.3157203197479, 418000, 0.9140635632305059, 0.8028881371585829
1, 1, 1, dynamic_dbscan, 0.75, 10, 10, 20, 418, 4.620630979537964, 976.9363512992859, 419000, 0.9140545054766382, 0.8029025065077902
1, 1, 1, dynamic_dbscan, 0.75, 10, 10, 20, 419, 4.430060863494873, 981.3664121627808, 420000, 0.9140767246525877, 0.8029365403202764
1, 1, 1, dynamic_dbscan, 0.75, 10, 10, 20, 420, 4.488002300262451, 985.8544144630432, 421000, 0.914054796701333, 0.8029453316650533
1, 1, 1, dynamic_dbscan, 0.75, 10, 10, 20, 421, 5.833905935287476, 991.6883203983307, 422000, 0.9140310700722598, 0.8028592926364707
1, 1, 1, dynamic_dbscan, 0.75, 10, 10, 20, 422, 4.86762809753418, 996.5559484958649, 423000, 0.9140053937339059, 0.8028892900446994
1, 1, 1, dynamic_dbscan, 0.75, 10, 10, 20, 423, 4.332940101623535, 1000.8888885974884, 424000, 0.9140154421330626, 0.8029149347195411
1, 1, 1, dynamic_dbscan, 0.75, 10, 10, 20, 424, 5.089938640594482, 1005.9788272380829, 425000, 0.9139899189091262, 0.8029409544980058
1, 1, 1, dynamic_dbscan, 0.75, 10, 10, 20, 425, 4.499595403671265, 1010.4784226417542, 426000, 0.9140007051552838, 0.8029491965969776
1, 1, 1, dynamic_dbscan, 0.75, 10, 10, 20, 426, 4.930263996124268, 1015.4086866378784, 427000, 0.9139927455157231, 0.802939861533209
1, 1, 1, dynamic_dbscan, 0.75, 10, 10, 20, 427, 5.241244792938232, 1020.6499314308167, 428000, 0.9139861301500355, 0.8029587473752501
1, 1, 1, dynamic_dbscan, 0.75, 10, 10, 20, 428, 4.558987617492676, 1025.2089190483093, 429000, 0.9139708476173085, 0.8029494005453848
1, 1, 1, dynamic_dbscan, 0.75, 10, 10, 20, 429, 6.21998405456543, 1031.4289031028748, 430000, 0.914014396244141, 0.8029780448615473
1, 1, 1, dynamic_dbscan, 0.75, 10, 10, 20, 430, 4.601954460144043, 1036.0308575630188, 431000, 0.9140559939724735, 0.8029931700589622
1, 1, 1, dynamic_dbscan, 0.75, 10, 10, 20, 431, 4.309228897094727, 1040.3400864601135, 432000, 0.9140795135685454, 0.8029410356684893
1, 1, 1, dynamic_dbscan, 0.75, 10, 10, 20, 432, 4.794975996017456, 1045.135062456131, 433000, 0.9140600243500041, 0.802903920215517
1, 1, 1, dynamic_dbscan, 0.75, 10, 10, 20, 433, 5.1408607959747314, 1050.2759232521057, 434000, 0.9140554260373439, 0.8029127493955093
1, 1, 1, dynamic_dbscan, 0.75, 10, 10, 20, 434, 5.302832365036011, 1055.5787556171417, 435000, 0.9140668219848657, 0.8029156202799442
1, 1, 1, dynamic_dbscan, 0.75, 10, 10, 20, 435, 4.940365314483643, 1060.5191209316254, 436000, 0.9140514893237918, 0.8028965956981692
1, 1, 1, dynamic_dbscan, 0.75, 10, 10, 20, 436, 5.135497808456421, 1065.6546187400818, 437000, 0.9140312010092156, 0.8029652102187811
1, 1, 1, dynamic_dbscan, 0.75, 10, 10, 20, 437, 5.822994709014893, 1071.4776134490967, 438000, 0.9140438178190812, 0.8029712398714264
1, 1, 1, dynamic_dbscan, 0.75, 10, 10, 20, 438, 5.040583610534668, 1076.5181970596313, 439000, 0.9140519553450467, 0.802969061891976
1, 1, 1, dynamic_dbscan, 0.75, 10, 10, 20, 439, 4.839925527572632, 1081.358122587204, 440000, 0.9140876343023993, 0.8030132612920267
1, 1, 1, dynamic_dbscan, 0.75, 10, 10, 20, 440, 4.499992847442627, 1085.8581154346466, 441000, 0.9140738803893383, 0.8029939646719303
1, 1, 1, dynamic_dbscan, 0.75, 10, 10, 20, 441, 4.779271602630615, 1090.6373870372772, 442000, 0.9140722769015132, 0.8029819814385797
1, 1, 1, dynamic_dbscan, 0.75, 10, 10, 20, 442, 5.090307950973511, 1095.7276949882507, 443000, 0.9140752181446298, 0.8030020444773676
1, 1, 1, dynamic_dbscan, 0.75, 10, 10, 20, 443, 5.079859733581543, 1100.8075547218323, 444000, 0.9140554188367614, 0.802984435160804
1, 1, 1, dynamic_dbscan, 0.75, 10, 10, 20, 444, 5.830092191696167, 1106.6376469135284, 445000, 0.9140865887057367, 0.8031348216701795
1, 1, 1, dynamic_dbscan, 0.75, 10, 10, 20, 445, 4.974833965301514, 1111.61248087883, 446000, 0.9140719491857782, 0.8031356174239954
1, 1, 1, dynamic_dbscan, 0.75, 10, 10, 20, 446, 5.328081130981445, 1116.9405620098114, 447000, 0.9140695088060746, 0.8033234462036151
1, 1, 1, dynamic_dbscan, 0.75, 10, 10, 20, 447, 4.905426979064941, 1121.8459889888763, 448000, 0.9140789553889916, 0.8033761794721613
1, 1, 1, dynamic_dbscan, 0.75, 10, 10, 20, 448, 5.449851989746094, 1127.2958409786224, 449000, 0.9140621566524432, 0.8034556342678126
1, 1, 1, dynamic_dbscan, 0.75, 10, 10, 20, 449, 5.386378049850464, 1132.682219028473, 450000, 0.914020075075993, 0.803430351603157
1, 1, 1, dynamic_dbscan, 0.75, 10, 10, 20, 450, 5.539855241775513, 1138.2220742702484, 451000, 0.9140351304161816, 0.8034243715500179
1, 1, 1, dynamic_dbscan, 0.75, 10, 10, 20, 451, 4.97393012046814, 1143.1960043907166, 452000, 0.9140148898892314, 0.8033716097258597
1, 1, 1, dynamic_dbscan, 0.75, 10, 10, 20, 452, 4.702697277069092, 1147.8987016677856, 453000, 0.9139860071168147, 0.8035407945568157
1, 1, 1, dynamic_dbscan, 0.75, 10, 10, 20, 453, 5.09244704246521, 1152.9911487102509, 454000, 0.9139617046118833, 0.8036958952760407
1, 1, 1, dynamic_dbscan, 0.75, 10, 10, 20, 454, 4.8850390911102295, 1157.876187801361, 455000, 0.9139935682684379, 0.8037228810370263
1, 1, 1, dynamic_dbscan, 0.75, 10, 10, 20, 455, 4.669931650161743, 1162.5461194515228, 456000, 0.913982162154249, 0.8036863887240263
1, 1, 1, dynamic_dbscan, 0.75, 10, 10, 20, 456, 4.645399332046509, 1167.1915187835693, 457000, 0.9139934353393557, 0.803685472615163
1, 1, 1, dynamic_dbscan, 0.75, 10, 10, 20, 457, 5.209980010986328, 1172.4014987945557, 458000, 0.913980302955563, 0.803876531230407
1, 1, 1, dynamic_dbscan, 0.75, 10, 10, 20, 458, 6.400254249572754, 1178.8017530441284, 459000, 0.9139680396284712, 0.8038224129172719
1, 1, 1, dynamic_dbscan, 0.75, 10, 10, 20, 459, 5.019730567932129, 1183.8214836120605, 460000, 0.9140166623940661, 0.8038477446303322
1, 1, 1, dynamic_dbscan, 0.75, 10, 10, 20, 460, 5.2591331005096436, 1189.0806167125702, 461000, 0.9140144323024104, 0.8038382521388344
1, 1, 1, dynamic_dbscan, 0.75, 10, 10, 20, 461, 5.780301570892334, 1194.8609182834625, 462000, 0.9140117986605486, 0.8038422630442212
1, 1, 1, dynamic_dbscan, 0.75, 10, 10, 20, 462, 4.881147384643555, 1199.742065668106, 463000, 0.9139860232786113, 0.8038331184225436
1, 1, 1, dynamic_dbscan, 0.75, 10, 10, 20, 463, 5.169053077697754, 1204.9111187458038, 464000, 0.913994567627293, 0.8038363724001031
1, 1, 1, dynamic_dbscan, 0.75, 10, 10, 20, 464, 5.439817428588867, 1210.3509361743927, 465000, 0.9139789810654769, 0.8038143909978311
1, 1, 1, dynamic_dbscan, 0.75, 10, 10, 20, 465, 5.420464754104614, 1215.7714009284973, 466000, 0.9139210682507606, 0.8037549087766511
1, 1, 1, dynamic_dbscan, 0.75, 10, 10, 20, 466, 5.857529640197754, 1221.628930568695, 467000, 0.913937510266887, 0.8039524548882507
1, 1, 1, dynamic_dbscan, 0.75, 10, 10, 20, 467, 5.627548694610596, 1227.2564792633057, 468000, 0.9139059569637659, 0.803923101073526
1, 1, 1, dynamic_dbscan, 0.75, 10, 10, 20, 468, 5.9033379554748535, 1233.1598172187805, 469000, 0.9139155542867045, 0.8039561956063239
1, 1, 1, dynamic_dbscan, 0.75, 10, 10, 20, 469, 5.750638008117676, 1238.9104552268982, 470000, 0.9139110287666047, 0.8039672508241561
1, 1, 1, dynamic_dbscan, 0.75, 10, 10, 20, 470, 5.107266187667847, 1244.017721414566, 471000, 0.9139056227596871, 0.803946116878054
1, 1, 1, dynamic_dbscan, 0.75, 10, 10, 20, 471, 5.476607322692871, 1249.494328737259, 472000, 0.9138758499011448, 0.8039083869952647
1, 1, 1, dynamic_dbscan, 0.75, 10, 10, 20, 472, 4.797043085098267, 1254.2913718223572, 473000, 0.9138680097219208, 0.8039072293516232
1, 1, 1, dynamic_dbscan, 0.75, 10, 10, 20, 473, 5.521882772445679, 1259.8132545948029, 474000, 0.9138682569189505, 0.8038041140037396
1, 1, 1, dynamic_dbscan, 0.75, 10, 10, 20, 474, 4.910982847213745, 1264.7242374420166, 475000, 0.9138646317620238, 0.8038253742023421
1, 1, 1, dynamic_dbscan, 0.75, 10, 10, 20, 475, 5.440460681915283, 1270.1646981239319, 476000, 0.9138802892465038, 0.8039488370287777
1, 1, 1, dynamic_dbscan, 0.75, 10, 10, 20, 476, 5.8424694538116455, 1276.0071675777435, 477000, 0.9138566693449837, 0.8039003560195442
1, 1, 1, dynamic_dbscan, 0.75, 10, 10, 20, 477, 5.8343164920806885, 1281.8414840698242, 478000, 0.9138733116946767, 0.8039120152847545
1, 1, 1, dynamic_dbscan, 0.75, 10, 10, 20, 478, 6.205506801605225, 1288.0469908714294, 479000, 0.9138782753589072, 0.8039655105038095
1, 1, 1, dynamic_dbscan, 0.75, 10, 10, 20, 479, 5.416226625442505, 1293.463217496872, 480000, 0.9139165987961726, 0.8039817728089774
1, 1, 1, dynamic_dbscan, 0.75, 10, 10, 20, 480, 5.2733542919158936, 1298.7365717887878, 481000, 0.9139001688034015, 0.8039822016829381
1, 1, 1, dynamic_dbscan, 0.75, 10, 10, 20, 481, 6.038128852844238, 1304.774700641632, 482000, 0.9139184646323332, 0.8040955095795064
1, 1, 1, dynamic_dbscan, 0.75, 10, 10, 20, 482, 5.513603210449219, 1310.2883038520813, 483000, 0.9139185647086839, 0.804121342164924
1, 1, 1, dynamic_dbscan, 0.75, 10, 10, 20, 483, 5.426347970962524, 1315.7146518230438, 484000, 0.9139352088596164, 0.8040864784479389
1, 1, 1, dynamic_dbscan, 0.75, 10, 10, 20, 484, 5.012152910232544, 1320.7268047332764, 485000, 0.9139317179349168, 0.804097379212388
1, 1, 1, dynamic_dbscan, 0.75, 10, 10, 20, 485, 5.158921718597412, 1325.8857264518738, 486000, 0.9139310261359981, 0.8040859814063712
1, 1, 1, dynamic_dbscan, 0.75, 10, 10, 20, 486, 5.542059898376465, 1331.4277863502502, 487000, 0.9139334384063971, 0.8040173479421644
1, 1, 1, dynamic_dbscan, 0.75, 10, 10, 20, 487, 6.478747129440308, 1337.9065334796906, 488000, 0.9139773134408357, 0.8041001942850687
1, 1, 1, dynamic_dbscan, 0.75, 10, 10, 20, 488, 5.682825565338135, 1343.5893590450287, 489000, 0.9139635117608279, 0.8041081284103366
1, 1, 1, dynamic_dbscan, 0.75, 10, 10, 20, 489, 5.224099636077881, 1348.8134586811066, 490000, 0.9139544241044556, 0.8040826706743538
1, 1, 1, dynamic_dbscan, 0.75, 10, 10, 20, 490, 5.030803680419922, 1353.8442623615265, 491000, 0.9139664537629419, 0.8040995373612871
1, 1, 1, dynamic_dbscan, 0.75, 10, 10, 20, 491, 5.392310619354248, 1359.2365729808807, 492000, 0.9139438446587402, 0.8040444475344956
1, 1, 1, dynamic_dbscan, 0.75, 10, 10, 20, 492, 5.223204135894775, 1364.4597771167755, 493000, 0.9139474200847626, 0.8039918593712312
1, 1, 1, dynamic_dbscan, 0.75, 10, 10, 20, 493, 5.604928493499756, 1370.0647056102753, 494000, 0.9139500345549628, 0.8039891037966066
1, 1, 1, dynamic_dbscan, 0.75, 10, 10, 20, 494, 5.615691423416138, 1375.6803970336914, 494020, 0.9139475010269812, 0.8039884316534855
2, 2, 1, Ada_dynamic_dbscan, 0.700436, 8, 15, 20, 0, 0.20077157020568848, 0.20077157020568848, 1000, 0.887178012898084, 0.775216697829714
2, 2, 1, Ada_dynamic_dbscan, 0.700436, 8, 15, 20, 1, 0.2092912197113037, 0.4100627899169922, 2000, 0.9006385076351331, 0.8009268117840019
2, 2, 1, Ada_dynamic_dbscan, 0.700436, 8, 15, 20, 2, 0.22144842147827148, 0.6315112113952637, 3000, 0.9028392800349856, 0.8064131708778216
2, 2, 1, Ada_dynamic_dbscan, 0.700436, 8, 15, 20, 3, 0.23209691047668457, 0.8636081218719482, 4000, 0.9035469364924911, 0.8089399506323409
2, 2, 1, Ada_dynamic_dbscan, 0.700436, 8, 15, 20, 4, 0.23148608207702637, 1.0950942039489746, 5000, 0.9014964394594588, 0.8026377160578807
2, 2, 1, Ada_dynamic_dbscan, 0.700436, 8, 15, 20, 5, 0.24989938735961914, 1.3449935913085938, 6000, 0.9027341944651772, 0.8019143095127654
2, 2, 1, Ada_dynamic_dbscan, 0.700436, 8, 15, 20, 6, 0.26381731033325195, 1.6088109016418457, 7000, 0.9040428581442378, 0.7985445362621527
2, 2, 1, Ada_dynamic_dbscan, 0.700436, 8, 15, 20, 7, 0.26371121406555176, 1.8725221157073975, 8000, 0.9009899611373776, 0.7906042328528393
2, 2, 1, Ada_dynamic_dbscan, 0.700436, 8, 15, 20, 8, 0.27013444900512695, 2.1426565647125244, 9000, 0.900988247659479, 0.7897678543163091
2, 2, 1, Ada_dynamic_dbscan, 0.700436, 8, 15, 20, 9, 0.27974462509155273, 2.422401189804077, 10000, 0.9014250918538294, 0.7880627535228238
2, 2, 1, Ada_dynamic_dbscan, 0.700436, 8, 15, 20, 10, 0.2953207492828369, 2.717721939086914, 11000, 0.9023604110122235, 0.790639698155088
2, 2, 1, Ada_dynamic_dbscan, 0.700436, 8, 15, 20, 11, 0.3016519546508789, 3.019373893737793, 12000, 0.9039183514779191, 0.7931860248835481
2, 2, 1, Ada_dynamic_dbscan, 0.700436, 8, 15, 20, 12, 0.3217043876647949, 3.341078281402588, 13000, 0.9036503909473964, 0.7879334244882187
2, 2, 1, Ada_dynamic_dbscan, 0.700436, 8, 15, 20, 13, 0.32202959060668945, 3.6631078720092773, 14000, 0.9042980375701478, 0.7877253455295966
2, 2, 1, Ada_dynamic_dbscan, 0.700436, 8, 15, 20, 14, 0.3223154544830322, 3.9854233264923096, 15000, 0.9047448983254818, 0.7857732394650886
2, 2, 1, Ada_dynamic_dbscan, 0.700436, 8, 15, 20, 15, 0.35076475143432617, 4.336188077926636, 16000, 0.9072264410099352, 0.7914392033609927
2, 2, 1, Ada_dynamic_dbscan, 0.700436, 8, 15, 20, 16, 0.3494234085083008, 4.6856114864349365, 17000, 0.9072999009217616, 0.7910291441715638
2, 2, 1, Ada_dynamic_dbscan, 0.700436, 8, 15, 20, 17, 0.3540680408477783, 5.039679527282715, 18000, 0.9071998024452985, 0.7895065838311935
2, 2, 1, Ada_dynamic_dbscan, 0.700436, 8, 15, 20, 18, 0.35230016708374023, 5.391979694366455, 19000, 0.9068209523037774, 0.788248019062975
2, 2, 1, Ada_dynamic_dbscan, 0.700436, 8, 15, 20, 19, 0.3720860481262207, 5.764065742492676, 20000, 0.9072487769169763, 0.7874680548635226
2, 2, 1, Ada_dynamic_dbscan, 0.700436, 8, 15, 20, 20, 0.4223442077636719, 6.186409950256348, 21000, 0.907164943161316, 0.7853622942669054
2, 2, 1, Ada_dynamic_dbscan, 0.700436, 8, 15, 20, 21, 0.4027097225189209, 6.5891196727752686, 22000, 0.9070388301749481, 0.7864234280256345
2, 2, 1, Ada_dynamic_dbscan, 0.700436, 8, 15, 20, 22, 0.43256235122680664, 7.021682024002075, 23000, 0.9069488160087249, 0.7849752109756922
2, 2, 1, Ada_dynamic_dbscan, 0.700436, 8, 15, 20, 23, 0.3924601078033447, 7.41414213180542, 24000, 0.9077196191979654, 0.7852229592882376
2, 2, 1, Ada_dynamic_dbscan, 0.700436, 8, 15, 20, 24, 0.402554988861084, 7.816697120666504, 25000, 0.907365310083419, 0.7848586950131292
2, 2, 1, Ada_dynamic_dbscan, 0.700436, 8, 15, 20, 25, 0.44242358207702637, 8.25912070274353, 26000, 0.9072436309530352, 0.7832427911634974
2, 2, 1, Ada_dynamic_dbscan, 0.700436, 8, 15, 20, 26, 0.4531700611114502, 8.71229076385498, 27000, 0.9076191502370724, 0.7836646354150466
2, 2, 1, Ada_dynamic_dbscan, 0.700436, 8, 15, 20, 27, 0.490307092666626, 9.202597856521606, 28000, 0.908520694632978, 0.7852463430258948
2, 2, 1, Ada_dynamic_dbscan, 0.700436, 8, 15, 20, 28, 0.47093987464904785, 9.673537731170654, 29000, 0.9084672335987541, 0.7857508407979934
2, 2, 1, Ada_dynamic_dbscan, 0.700436, 8, 15, 20, 29, 0.4940016269683838, 10.167539358139038, 30000, 0.9086796854874695, 0.7864949307020174
2, 2, 1, Ada_dynamic_dbscan, 0.700436, 8, 15, 20, 30, 0.4634413719177246, 10.630980730056763, 31000, 0.9083440359957997, 0.7863184423921702
2, 2, 1, Ada_dynamic_dbscan, 0.700436, 8, 15, 20, 31, 0.47362327575683594, 11.104604005813599, 32000, 0.9085569962509323, 0.786696768784106
2, 2, 1, Ada_dynamic_dbscan, 0.700436, 8, 15, 20, 32, 0.5116183757781982, 11.616222381591797, 33000, 0.9082964436284393, 0.7863132443069717
2, 2, 1, Ada_dynamic_dbscan, 0.700436, 8, 15, 20, 33, 0.5220341682434082, 12.138256549835205, 34000, 0.9079638813669325, 0.7846716965925095
2, 2, 1, Ada_dynamic_dbscan, 0.700436, 8, 15, 20, 34, 0.5134720802307129, 12.651728630065918, 35000, 0.908307504865026, 0.7854664225412443
2, 2, 1, Ada_dynamic_dbscan, 0.700436, 8, 15, 20, 35, 0.5129473209381104, 13.164675951004028, 36000, 0.9084229141865826, 0.7860235364413802
2, 2, 1, Ada_dynamic_dbscan, 0.700436, 8, 15, 20, 36, 0.5341842174530029, 13.698860168457031, 37000, 0.909110712473954, 0.7889058426951132
2, 2, 1, Ada_dynamic_dbscan, 0.700436, 8, 15, 20, 37, 0.553734540939331, 14.252594709396362, 38000, 0.9091037547155785, 0.7892966326045909
2, 2, 1, Ada_dynamic_dbscan, 0.700436, 8, 15, 20, 38, 0.5334208011627197, 14.786015510559082, 39000, 0.909200330256807, 0.7903206946670944
2, 2, 1, Ada_dynamic_dbscan, 0.700436, 8, 15, 20, 39, 0.563326358795166, 15.349341869354248, 40000, 0.9093835535478885, 0.7907672666057234
2, 2, 1, Ada_dynamic_dbscan, 0.700436, 8, 15, 20, 40, 0.6133604049682617, 15.96270227432251, 41000, 0.9095130322449787, 0.791068777473475
2, 2, 1, Ada_dynamic_dbscan, 0.700436, 8, 15, 20, 41, 0.6328496932983398, 16.59555196762085, 42000, 0.9093132213667996, 0.7911749107277978
2, 2, 1, Ada_dynamic_dbscan, 0.700436, 8, 15, 20, 42, 0.5407016277313232, 17.136253595352173, 43000, 0.9096547930027311, 0.7907969220259614
2, 2, 1, Ada_dynamic_dbscan, 0.700436, 8, 15, 20, 43, 0.5834336280822754, 17.71968722343445, 44000, 0.9098742043862066, 0.7906102998828375
2, 2, 1, Ada_dynamic_dbscan, 0.700436, 8, 15, 20, 44, 0.5956599712371826, 18.31534719467163, 45000, 0.9098008786597346, 0.7904188685031887
2, 2, 1, Ada_dynamic_dbscan, 0.700436, 8, 15, 20, 45, 2.515535593032837, 20.830882787704468, 46000, 0.909625529345678, 0.79045624168506
2, 2, 1, Ada_dynamic_dbscan, 0.700436, 8, 15, 20, 46, 0.6654908657073975, 21.496373653411865, 47000, 0.9093388935162843, 0.7904916107549802
2, 2, 1, Ada_dynamic_dbscan, 0.700436, 8, 15, 20, 47, 0.6116752624511719, 22.108048915863037, 48000, 0.908877420518101, 0.7895050538423893
2, 2, 1, Ada_dynamic_dbscan, 0.700436, 8, 15, 20, 48, 0.633887767791748, 22.741936683654785, 49000, 0.9089237751240625, 0.7899371030418894
2, 2, 1, Ada_dynamic_dbscan, 0.700436, 8, 15, 20, 49, 0.6764936447143555, 23.41843032836914, 50000, 0.9091458302224005, 0.7901677769102469
2, 2, 1, Ada_dynamic_dbscan, 0.700436, 8, 15, 20, 50, 0.6636433601379395, 24.08207368850708, 51000, 0.909574264733749, 0.7913464493760732
2, 2, 1, Ada_dynamic_dbscan, 0.700436, 8, 15, 20, 51, 0.6345994472503662, 24.716673135757446, 52000, 0.9096472651251152, 0.7915246028103874
2, 2, 1, Ada_dynamic_dbscan, 0.700436, 8, 15, 20, 52, 0.7240512371063232, 25.44072437286377, 53000, 0.9096444475187199, 0.792091854886164
2, 2, 1, Ada_dynamic_dbscan, 0.700436, 8, 15, 20, 53, 0.6946065425872803, 26.13533091545105, 54000, 0.9098557958630289, 0.7923627377024286
2, 2, 1, Ada_dynamic_dbscan, 0.700436, 8, 15, 20, 54, 0.6661374568939209, 26.80146837234497, 55000, 0.9099890206006872, 0.7923863401018303
2, 2, 1, Ada_dynamic_dbscan, 0.700436, 8, 15, 20, 55, 0.7217662334442139, 27.523234605789185, 56000, 0.9101415219688884, 0.7925428224669037
2, 2, 1, Ada_dynamic_dbscan, 0.700436, 8, 15, 20, 56, 0.6916556358337402, 28.214890241622925, 57000, 0.9101883816218586, 0.7930482750501269
2, 2, 1, Ada_dynamic_dbscan, 0.700436, 8, 15, 20, 57, 0.6733641624450684, 28.888254404067993, 58000, 0.9107534537134252, 0.7939338831686023
2, 2, 1, Ada_dynamic_dbscan, 0.700436, 8, 15, 20, 58, 0.6745736598968506, 29.562828063964844, 59000, 0.910817286544212, 0.7939390398519424
2, 2, 1, Ada_dynamic_dbscan, 0.700436, 8, 15, 20, 59, 0.7246572971343994, 30.287485361099243, 60000, 0.9106963911761167, 0.7937907700416954
2, 2, 1, Ada_dynamic_dbscan, 0.700436, 8, 15, 20, 60, 0.784290075302124, 31.071775436401367, 61000, 0.9106316656134634, 0.7943958034783318
2, 2, 1, Ada_dynamic_dbscan, 0.700436, 8, 15, 20, 61, 0.7853865623474121, 31.85716199874878, 62000, 0.9107941697286003, 0.7946570284389046
2, 2, 1, Ada_dynamic_dbscan, 0.700436, 8, 15, 20, 62, 0.6725847721099854, 32.529746770858765, 63000, 0.9109348106353001, 0.7948242850259912
2, 2, 1, Ada_dynamic_dbscan, 0.700436, 8, 15, 20, 63, 1.5419187545776367, 34.0716655254364, 64000, 0.9110239878460802, 0.7949835183395675
2, 2, 1, Ada_dynamic_dbscan, 0.700436, 8, 15, 20, 64, 0.7963385581970215, 34.86800408363342, 65000, 0.9116153611365255, 0.7950458593221826
2, 2, 1, Ada_dynamic_dbscan, 0.700436, 8, 15, 20, 65, 0.8256220817565918, 35.693626165390015, 66000, 0.9115637431230097, 0.7950295213292397
2, 2, 1, Ada_dynamic_dbscan, 0.700436, 8, 15, 20, 66, 0.9255266189575195, 36.619152784347534, 67000, 0.9113777744796808, 0.7946697031028879
2, 2, 1, Ada_dynamic_dbscan, 0.700436, 8, 15, 20, 67, 0.8349878787994385, 37.45414066314697, 68000, 0.9116058545453354, 0.7945586483264147
2, 2, 1, Ada_dynamic_dbscan, 0.700436, 8, 15, 20, 68, 0.8852684497833252, 38.3394091129303, 69000, 0.9126426403130715, 0.7978555899333462
2, 2, 1, Ada_dynamic_dbscan, 0.700436, 8, 15, 20, 69, 0.8153345584869385, 39.154743671417236, 70000, 0.9125075486693032, 0.7976226217099632
2, 2, 1, Ada_dynamic_dbscan, 0.700436, 8, 15, 20, 70, 0.7659914493560791, 39.920735120773315, 71000, 0.9125824191909212, 0.7981865245186792
2, 2, 1, Ada_dynamic_dbscan, 0.700436, 8, 15, 20, 71, 0.8954272270202637, 40.81616234779358, 72000, 0.9125649517964141, 0.7985245230557553
2, 2, 1, Ada_dynamic_dbscan, 0.700436, 8, 15, 20, 72, 0.8933944702148438, 41.70955681800842, 73000, 0.9125908667243409, 0.7983904634847865
2, 2, 1, Ada_dynamic_dbscan, 0.700436, 8, 15, 20, 73, 0.874915361404419, 42.58447217941284, 74000, 0.9125607737085877, 0.7988139865096079
2, 2, 1, Ada_dynamic_dbscan, 0.700436, 8, 15, 20, 74, 0.9060571193695068, 43.49052929878235, 75000, 0.9125880526583533, 0.7983610269033342
2, 2, 1, Ada_dynamic_dbscan, 0.700436, 8, 15, 20, 75, 0.8855230808258057, 44.376052379608154, 76000, 0.9127008814179803, 0.7985795404975516
2, 2, 1, Ada_dynamic_dbscan, 0.700436, 8, 15, 20, 76, 0.9253106117248535, 45.30136299133301, 77000, 0.9127499703059845, 0.7986439389703369
2, 2, 1, Ada_dynamic_dbscan, 0.700436, 8, 15, 20, 77, 0.9475705623626709, 46.24893355369568, 78000, 0.9127391121476681, 0.7983692481779333
2, 2, 1, Ada_dynamic_dbscan, 0.700436, 8, 15, 20, 78, 1.0165245532989502, 47.26545810699463, 79000, 0.9127054260251267, 0.7983369897919865
2, 2, 1, Ada_dynamic_dbscan, 0.700436, 8, 15, 20, 79, 0.9251570701599121, 48.19061517715454, 80000, 0.9126636098115796, 0.7984737971840055
2, 2, 1, Ada_dynamic_dbscan, 0.700436, 8, 15, 20, 80, 1.0080666542053223, 49.19868183135986, 81000, 0.9127529739648642, 0.7984946287415615
2, 2, 1, Ada_dynamic_dbscan, 0.700436, 8, 15, 20, 81, 1.0808117389678955, 50.27949357032776, 82000, 0.91288291688377, 0.7986539148328532
2, 2, 1, Ada_dynamic_dbscan, 0.700436, 8, 15, 20, 82, 1.0757951736450195, 51.35528874397278, 83000, 0.9128360259769664, 0.7986867365647022
2, 2, 1, Ada_dynamic_dbscan, 0.700436, 8, 15, 20, 83, 1.0786385536193848, 52.43392729759216, 84000, 0.9127985504683714, 0.7986766703583722
2, 2, 1, Ada_dynamic_dbscan, 0.700436, 8, 15, 20, 84, 1.0228543281555176, 53.45678162574768, 85000, 0.9128578800054892, 0.7992193981350173
2, 2, 1, Ada_dynamic_dbscan, 0.700436, 8, 15, 20, 85, 1.0513770580291748, 54.508158683776855, 86000, 0.9128416254068217, 0.7989078604904996
2, 2, 1, Ada_dynamic_dbscan, 0.700436, 8, 15, 20, 86, 1.8933255672454834, 56.40148425102234, 87000, 0.9127840400832103, 0.7990864050021124
2, 2, 1, Ada_dynamic_dbscan, 0.700436, 8, 15, 20, 87, 1.1223740577697754, 57.523858308792114, 88000, 0.912924808382064, 0.7993134586370233
2, 2, 1, Ada_dynamic_dbscan, 0.700436, 8, 15, 20, 88, 1.029623031616211, 58.553481340408325, 89000, 0.9129270636592405, 0.7991782747913426
2, 2, 1, Ada_dynamic_dbscan, 0.700436, 8, 15, 20, 89, 1.1562044620513916, 59.70968580245972, 90000, 0.91309407254305, 0.799413281453263
2, 2, 1, Ada_dynamic_dbscan, 0.700436, 8, 15, 20, 90, 1.218411922454834, 60.92809772491455, 91000, 0.9130253512096429, 0.7995074451902905
2, 2, 1, Ada_dynamic_dbscan, 0.700436, 8, 15, 20, 91, 1.088468074798584, 62.016565799713135, 92000, 0.9131629489392554, 0.7994418790351157
2, 2, 1, Ada_dynamic_dbscan, 0.700436, 8, 15, 20, 92, 1.1358540058135986, 63.15241980552673, 93000, 0.9133659811856149, 0.7996985628358829
2, 2, 1, Ada_dynamic_dbscan, 0.700436, 8, 15, 20, 93, 1.0966928005218506, 64.24911260604858, 94000, 0.9133097683328116, 0.800030078374977
2, 2, 1, Ada_dynamic_dbscan, 0.700436, 8, 15, 20, 94, 1.149843454360962, 65.39895606040955, 95000, 0.9134128599624847, 0.8003943225203861
2, 2, 1, Ada_dynamic_dbscan, 0.700436, 8, 15, 20, 95, 1.1671156883239746, 66.56607174873352, 96000, 0.9134150205805287, 0.8002455444711292
2, 2, 1, Ada_dynamic_dbscan, 0.700436, 8, 15, 20, 96, 1.0055344104766846, 67.5716061592102, 97000, 0.9134392361747461, 0.8006754379268767
2, 2, 1, Ada_dynamic_dbscan, 0.700436, 8, 15, 20, 97, 1.0251150131225586, 68.59672117233276, 98000, 0.9133304794386667, 0.8006485878562589
2, 2, 1, Ada_dynamic_dbscan, 0.700436, 8, 15, 20, 98, 1.023566722869873, 69.62028789520264, 99000, 0.9131784345668477, 0.800375516304746
2, 2, 1, Ada_dynamic_dbscan, 0.700436, 8, 15, 20, 99, 1.0459935665130615, 70.6662814617157, 100000, 0.9130640775509907, 0.8003281608153758
2, 2, 1, Ada_dynamic_dbscan, 0.700436, 8, 15, 20, 100, 1.124675989151001, 71.7909574508667, 101000, 0.9130655545497366, 0.8005923230439703
2, 2, 1, Ada_dynamic_dbscan, 0.700436, 8, 15, 20, 101, 1.1199021339416504, 72.91085958480835, 102000, 0.9130513297734127, 0.800671492820473
2, 2, 1, Ada_dynamic_dbscan, 0.700436, 8, 15, 20, 102, 1.134577989578247, 74.0454375743866, 103000, 0.9130808462671509, 0.8008803132973531
2, 2, 1, Ada_dynamic_dbscan, 0.700436, 8, 15, 20, 103, 1.076524257659912, 75.12196183204651, 104000, 0.913013874378803, 0.8008465824284567
2, 2, 1, Ada_dynamic_dbscan, 0.700436, 8, 15, 20, 104, 1.1143953800201416, 76.23635721206665, 105000, 0.9130233154452276, 0.800970077227877
2, 2, 1, Ada_dynamic_dbscan, 0.700436, 8, 15, 20, 105, 1.1671380996704102, 77.40349531173706, 106000, 0.913088506307505, 0.8012835955574933
2, 2, 1, Ada_dynamic_dbscan, 0.700436, 8, 15, 20, 106, 1.1598124504089355, 78.563307762146, 107000, 0.9131383571873856, 0.8010559857314345
2, 2, 1, Ada_dynamic_dbscan, 0.700436, 8, 15, 20, 107, 1.2084996700286865, 79.77180743217468, 108000, 0.913188879245573, 0.8010399722389517
2, 2, 1, Ada_dynamic_dbscan, 0.700436, 8, 15, 20, 108, 1.0987439155578613, 80.87055134773254, 109000, 0.9133113153970295, 0.800739676406021
2, 2, 1, Ada_dynamic_dbscan, 0.700436, 8, 15, 20, 109, 1.2565546035766602, 82.1271059513092, 110000, 0.9133505464907298, 0.800772024728392
2, 2, 1, Ada_dynamic_dbscan, 0.700436, 8, 15, 20, 110, 1.116370439529419, 83.24347639083862, 111000, 0.9134435485988897, 0.8004585985584087
2, 2, 1, Ada_dynamic_dbscan, 0.700436, 8, 15, 20, 111, 1.2969839572906494, 84.54046034812927, 112000, 0.9135225966402419, 0.8005010065409112
2, 2, 1, Ada_dynamic_dbscan, 0.700436, 8, 15, 20, 112, 1.116478681564331, 85.6569390296936, 113000, 0.9135128178994639, 0.8007611060940687
2, 2, 1, Ada_dynamic_dbscan, 0.700436, 8, 15, 20, 113, 1.1069090366363525, 86.76384806632996, 114000, 0.9135438141835799, 0.801376998057992
2, 2, 1, Ada_dynamic_dbscan, 0.700436, 8, 15, 20, 114, 1.2369425296783447, 88.0007905960083, 115000, 0.9135178196061919, 0.8012845426423427
2, 2, 1, Ada_dynamic_dbscan, 0.700436, 8, 15, 20, 115, 2.151812791824341, 90.15260338783264, 116000, 0.9134694636292617, 0.8008753517436925
2, 2, 1, Ada_dynamic_dbscan, 0.700436, 8, 15, 20, 116, 1.254910945892334, 91.40751433372498, 117000, 0.9133956174804799, 0.8010217886072769
2, 2, 1, Ada_dynamic_dbscan, 0.700436, 8, 15, 20, 117, 1.3274729251861572, 92.73498725891113, 118000, 0.9132880698916644, 0.8009332608781317
2, 2, 1, Ada_dynamic_dbscan, 0.700436, 8, 15, 20, 118, 1.4657511711120605, 94.2007384300232, 119000, 0.9133087229236175, 0.8010603774866901
2, 2, 1, Ada_dynamic_dbscan, 0.700436, 8, 15, 20, 119, 1.2795233726501465, 95.48026180267334, 120000, 0.9133663179460949, 0.8010400435791784
2, 2, 1, Ada_dynamic_dbscan, 0.700436, 8, 15, 20, 120, 1.449568510055542, 96.92983031272888, 121000, 0.9133696702688965, 0.8011941683087098
2, 2, 1, Ada_dynamic_dbscan, 0.700436, 8, 15, 20, 121, 1.3865349292755127, 98.3163652420044, 122000, 0.9134026074819744, 0.8012835265969561
2, 2, 1, Ada_dynamic_dbscan, 0.700436, 8, 15, 20, 122, 1.1975977420806885, 99.51396298408508, 123000, 0.9133230063675597, 0.800961058919818
2, 2, 1, Ada_dynamic_dbscan, 0.700436, 8, 15, 20, 123, 1.3382971286773682, 100.85226011276245, 124000, 0.9133175998882413, 0.8009436380123851
2, 2, 1, Ada_dynamic_dbscan, 0.700436, 8, 15, 20, 124, 1.348369836807251, 102.2006299495697, 125000, 0.9132990966382889, 0.8007892968304446
2, 2, 1, Ada_dynamic_dbscan, 0.700436, 8, 15, 20, 125, 1.3890671730041504, 103.58969712257385, 126000, 0.9133517194066875, 0.800766023088023
2, 2, 1, Ada_dynamic_dbscan, 0.700436, 8, 15, 20, 126, 1.287461519241333, 104.87715864181519, 127000, 0.9133678961393096, 0.8008690236682775
2, 2, 1, Ada_dynamic_dbscan, 0.700436, 8, 15, 20, 127, 1.4251296520233154, 106.3022882938385, 128000, 0.9132078353582733, 0.8009278484211806
2, 2, 1, Ada_dynamic_dbscan, 0.700436, 8, 15, 20, 128, 1.541961908340454, 107.84425020217896, 129000, 0.9132673693816311, 0.8009990401015505
2, 2, 1, Ada_dynamic_dbscan, 0.700436, 8, 15, 20, 129, 1.5781052112579346, 109.42235541343689, 130000, 0.913316646268143, 0.8010524606875665
2, 2, 1, Ada_dynamic_dbscan, 0.700436, 8, 15, 20, 130, 1.369565725326538, 110.79192113876343, 131000, 0.9133308441197354, 0.8009363586155446
2, 2, 1, Ada_dynamic_dbscan, 0.700436, 8, 15, 20, 131, 1.5691394805908203, 112.36106061935425, 132000, 0.9133670265486913, 0.8009551108190501
2, 2, 1, Ada_dynamic_dbscan, 0.700436, 8, 15, 20, 132, 1.4172415733337402, 113.77830219268799, 133000, 0.9131927174534133, 0.8005613166305704
2, 2, 1, Ada_dynamic_dbscan, 0.700436, 8, 15, 20, 133, 1.7509162425994873, 115.52921843528748, 134000, 0.9132207839884438, 0.8005423614153216
2, 2, 1, Ada_dynamic_dbscan, 0.700436, 8, 15, 20, 134, 1.539555549621582, 117.06877398490906, 135000, 0.9131641381859384, 0.8004658984497072
2, 2, 1, Ada_dynamic_dbscan, 0.700436, 8, 15, 20, 135, 1.4895761013031006, 118.55835008621216, 136000, 0.9131562458159529, 0.8004046511550833
2, 2, 1, Ada_dynamic_dbscan, 0.700436, 8, 15, 20, 136, 1.380187749862671, 119.93853783607483, 137000, 0.9131881918654536, 0.8003864598456435
2, 2, 1, Ada_dynamic_dbscan, 0.700436, 8, 15, 20, 137, 1.5112178325653076, 121.44975566864014, 138000, 0.913226970409471, 0.8006933296394897
2, 2, 1, Ada_dynamic_dbscan, 0.700436, 8, 15, 20, 138, 1.5716710090637207, 123.02142667770386, 139000, 0.9134515906605425, 0.8007945577983001
2, 2, 1, Ada_dynamic_dbscan, 0.700436, 8, 15, 20, 139, 1.4385435581207275, 124.45997023582458, 140000, 0.9134710397539308, 0.8005931085059105
2, 2, 1, Ada_dynamic_dbscan, 0.700436, 8, 15, 20, 140, 1.5613441467285156, 126.0213143825531, 141000, 0.913390131662348, 0.8006749358308428
2, 2, 1, Ada_dynamic_dbscan, 0.700436, 8, 15, 20, 141, 1.5176012516021729, 127.53891563415527, 142000, 0.9135044503499795, 0.8007848126165215
2, 2, 1, Ada_dynamic_dbscan, 0.700436, 8, 15, 20, 142, 1.458031415939331, 128.9969470500946, 143000, 0.9135743644362856, 0.8005650788649271
2, 2, 1, Ada_dynamic_dbscan, 0.700436, 8, 15, 20, 143, 1.6087620258331299, 130.60570907592773, 144000, 0.9135488169836243, 0.8003031661840518
2, 2, 1, Ada_dynamic_dbscan, 0.700436, 8, 15, 20, 144, 1.6498072147369385, 132.25551629066467, 145000, 0.9135244823853581, 0.8002103102209823
2, 2, 1, Ada_dynamic_dbscan, 0.700436, 8, 15, 20, 145, 1.487485647201538, 133.7430019378662, 146000, 0.9134787796460028, 0.8003283529850057
2, 2, 1, Ada_dynamic_dbscan, 0.700436, 8, 15, 20, 146, 1.5112957954406738, 135.25429773330688, 147000, 0.9134775541076177, 0.8005072007037934
2, 2, 1, Ada_dynamic_dbscan, 0.700436, 8, 15, 20, 147, 1.5879342555999756, 136.84223198890686, 148000, 0.9134178997403719, 0.8004706522120244
2, 2, 1, Ada_dynamic_dbscan, 0.700436, 8, 15, 20, 148, 1.5918102264404297, 138.4340422153473, 149000, 0.913405611914808, 0.8004475117124321
2, 2, 1, Ada_dynamic_dbscan, 0.700436, 8, 15, 20, 149, 1.5153255462646484, 139.94936776161194, 150000, 0.9133400416548896, 0.800369577376185
2, 2, 1, Ada_dynamic_dbscan, 0.700436, 8, 15, 20, 150, 1.6398699283599854, 141.58923768997192, 151000, 0.9133291358863116, 0.8004315959806386
2, 2, 1, Ada_dynamic_dbscan, 0.700436, 8, 15, 20, 151, 2.556507110595703, 144.14574480056763, 152000, 0.9133623061610209, 0.8010664291796835
2, 2, 1, Ada_dynamic_dbscan, 0.700436, 8, 15, 20, 152, 1.770294427871704, 145.91603922843933, 153000, 0.9134269141871203, 0.801226706545579
2, 2, 1, Ada_dynamic_dbscan, 0.700436, 8, 15, 20, 153, 1.609494924545288, 147.52553415298462, 154000, 0.9133925394859219, 0.8012305728889357
2, 2, 1, Ada_dynamic_dbscan, 0.700436, 8, 15, 20, 154, 1.6793947219848633, 149.20492887496948, 155000, 0.9134061290647509, 0.8012171089225567
2, 2, 1, Ada_dynamic_dbscan, 0.700436, 8, 15, 20, 155, 1.7613203525543213, 150.9662492275238, 156000, 0.9133919859166283, 0.8007140072917271
2, 2, 1, Ada_dynamic_dbscan, 0.700436, 8, 15, 20, 156, 1.7007255554199219, 152.66697478294373, 157000, 0.9135142614566423, 0.8008794635682089
2, 2, 1, Ada_dynamic_dbscan, 0.700436, 8, 15, 20, 157, 1.4809465408325195, 154.14792132377625, 158000, 0.9136567355920735, 0.8010134058534056
2, 2, 1, Ada_dynamic_dbscan, 0.700436, 8, 15, 20, 158, 1.699829339981079, 155.84775066375732, 159000, 0.9135995972107747, 0.8005394387731971
2, 2, 1, Ada_dynamic_dbscan, 0.700436, 8, 15, 20, 159, 1.6093840599060059, 157.45713472366333, 160000, 0.9135481754691032, 0.8005425990923721
2, 2, 1, Ada_dynamic_dbscan, 0.700436, 8, 15, 20, 160, 1.8226165771484375, 159.27975130081177, 161000, 0.9135676139624505, 0.800616970023004
2, 2, 1, Ada_dynamic_dbscan, 0.700436, 8, 15, 20, 161, 1.8330371379852295, 161.112788438797, 162000, 0.9135400904933955, 0.8005898641562357
2, 2, 1, Ada_dynamic_dbscan, 0.700436, 8, 15, 20, 162, 1.719026803970337, 162.83181524276733, 163000, 0.9135702204355561, 0.8005382910974834
2, 2, 1, Ada_dynamic_dbscan, 0.700436, 8, 15, 20, 163, 1.716590404510498, 164.54840564727783, 164000, 0.913604274547308, 0.8004407040158483
2, 2, 1, Ada_dynamic_dbscan, 0.700436, 8, 15, 20, 164, 2.0220086574554443, 166.57041430473328, 165000, 0.913615908758731, 0.8004409141280459
2, 2, 1, Ada_dynamic_dbscan, 0.700436, 8, 15, 20, 165, 1.8193316459655762, 168.38974595069885, 166000, 0.9136370981747938, 0.800217350736764
2, 2, 1, Ada_dynamic_dbscan, 0.700436, 8, 15, 20, 166, 1.8814175128936768, 170.27116346359253, 167000, 0.9135988283120454, 0.8003757177602316
2, 2, 1, Ada_dynamic_dbscan, 0.700436, 8, 15, 20, 167, 1.832075834274292, 172.10323929786682, 168000, 0.9136730200873956, 0.8004219772258138
2, 2, 1, Ada_dynamic_dbscan, 0.700436, 8, 15, 20, 168, 1.8304674625396729, 173.9337067604065, 169000, 0.9136802497605707, 0.8004332171876404
2, 2, 1, Ada_dynamic_dbscan, 0.700436, 8, 15, 20, 169, 1.8812830448150635, 175.81498980522156, 170000, 0.9136253599986592, 0.8004022523143373
2, 2, 1, Ada_dynamic_dbscan, 0.700436, 8, 15, 20, 170, 1.7603960037231445, 177.5753858089447, 171000, 0.9136364923602235, 0.8003273037864724
2, 2, 1, Ada_dynamic_dbscan, 0.700436, 8, 15, 20, 171, 1.7175977230072021, 179.2929835319519, 172000, 0.9135731687468743, 0.8003449421301551
2, 2, 1, Ada_dynamic_dbscan, 0.700436, 8, 15, 20, 172, 2.051166296005249, 181.34414982795715, 173000, 0.9136178565797499, 0.8004326277835098
2, 2, 1, Ada_dynamic_dbscan, 0.700436, 8, 15, 20, 173, 1.582334041595459, 182.9264838695526, 174000, 0.9136480590644612, 0.8002869661924837
2, 2, 1, Ada_dynamic_dbscan, 0.700436, 8, 15, 20, 174, 2.0840463638305664, 185.01053023338318, 175000, 0.9137095508654033, 0.8002518559796887
2, 2, 1, Ada_dynamic_dbscan, 0.700436, 8, 15, 20, 175, 2.2664499282836914, 187.27698016166687, 176000, 0.9136545034653674, 0.8001984550976471
2, 2, 1, Ada_dynamic_dbscan, 0.700436, 8, 15, 20, 176, 2.1350324153900146, 189.41201257705688, 177000, 0.9136602874806921, 0.8002529609421075
2, 2, 1, Ada_dynamic_dbscan, 0.700436, 8, 15, 20, 177, 1.8858230113983154, 191.2978355884552, 178000, 0.913790377523022, 0.8003860278452525
2, 2, 1, Ada_dynamic_dbscan, 0.700436, 8, 15, 20, 178, 1.9747722148895264, 193.27260780334473, 179000, 0.9138213722692471, 0.8003009591662321
2, 2, 1, Ada_dynamic_dbscan, 0.700436, 8, 15, 20, 179, 1.9823462963104248, 195.25495409965515, 180000, 0.9138843352349443, 0.8003952194116055
2, 2, 1, Ada_dynamic_dbscan, 0.700436, 8, 15, 20, 180, 1.883352279663086, 197.13830637931824, 181000, 0.913928768111798, 0.8005173390129259
2, 2, 1, Ada_dynamic_dbscan, 0.700436, 8, 15, 20, 181, 2.101555347442627, 199.23986172676086, 182000, 0.9138776933369027, 0.8004564291313893
2, 2, 1, Ada_dynamic_dbscan, 0.700436, 8, 15, 20, 182, 2.0748403072357178, 201.31470203399658, 183000, 0.9139475015783881, 0.8004837569347215
2, 2, 1, Ada_dynamic_dbscan, 0.700436, 8, 15, 20, 183, 2.1147847175598145, 203.4294867515564, 184000, 0.9139133286002867, 0.8003047883281988
2, 2, 1, Ada_dynamic_dbscan, 0.700436, 8, 15, 20, 184, 1.8194363117218018, 205.2489230632782, 185000, 0.9138798133704418, 0.8003642735352258
2, 2, 1, Ada_dynamic_dbscan, 0.700436, 8, 15, 20, 185, 1.986234188079834, 207.23515725135803, 186000, 0.9138926326588491, 0.8003989528774645
2, 2, 1, Ada_dynamic_dbscan, 0.700436, 8, 15, 20, 186, 2.0061428546905518, 209.24130010604858, 187000, 0.913908913773762, 0.8005112329166357
2, 2, 1, Ada_dynamic_dbscan, 0.700436, 8, 15, 20, 187, 1.7222254276275635, 210.96352553367615, 188000, 0.9139444270361048, 0.8005174878586224
2, 2, 1, Ada_dynamic_dbscan, 0.700436, 8, 15, 20, 188, 1.9689397811889648, 212.9324653148651, 189000, 0.9138539366279361, 0.800515094113389
2, 2, 1, Ada_dynamic_dbscan, 0.700436, 8, 15, 20, 189, 2.165271520614624, 215.09773683547974, 190000, 0.91384931688188, 0.8005453685566787
2, 2, 1, Ada_dynamic_dbscan, 0.700436, 8, 15, 20, 190, 2.1237149238586426, 217.22145175933838, 191000, 0.913854965169138, 0.8004516733806486
2, 2, 1, Ada_dynamic_dbscan, 0.700436, 8, 15, 20, 191, 1.7988176345825195, 219.0202693939209, 192000, 0.9138656292215963, 0.8006119054228921
2, 2, 1, Ada_dynamic_dbscan, 0.700436, 8, 15, 20, 192, 2.0654008388519287, 221.08567023277283, 193000, 0.9138607836131514, 0.8007674726201887
2, 2, 1, Ada_dynamic_dbscan, 0.700436, 8, 15, 20, 193, 2.049849271774292, 223.13551950454712, 194000, 0.9138127139362988, 0.800511040879116
2, 2, 1, Ada_dynamic_dbscan, 0.700436, 8, 15, 20, 194, 2.2807230949401855, 225.4162425994873, 195000, 0.9137678894094374, 0.8003595202403311
2, 2, 1, Ada_dynamic_dbscan, 0.700436, 8, 15, 20, 195, 1.797370433807373, 227.21361303329468, 196000, 0.9137216202263655, 0.8003719503801071
2, 2, 1, Ada_dynamic_dbscan, 0.700436, 8, 15, 20, 196, 2.990466833114624, 230.2040798664093, 197000, 0.9136974886524414, 0.8002910270180198
2, 2, 1, Ada_dynamic_dbscan, 0.700436, 8, 15, 20, 197, 2.2224466800689697, 232.42652654647827, 198000, 0.9136560275946087, 0.8003304731459477
2, 2, 1, Ada_dynamic_dbscan, 0.700436, 8, 15, 20, 198, 1.9091355800628662, 234.33566212654114, 199000, 0.9135895523998667, 0.800246809325466
2, 2, 1, Ada_dynamic_dbscan, 0.700436, 8, 15, 20, 199, 1.8847780227661133, 236.22044014930725, 200000, 0.9136168207716004, 0.8002100635080257
2, 2, 1, Ada_dynamic_dbscan, 0.700436, 8, 15, 20, 200, 2.169764518737793, 238.39020466804504, 201000, 0.9136626146678399, 0.8003085680130876
2, 2, 1, Ada_dynamic_dbscan, 0.700436, 8, 15, 20, 201, 2.09845232963562, 240.48865699768066, 202000, 0.9136253214805353, 0.8002050839765037
2, 2, 1, Ada_dynamic_dbscan, 0.700436, 8, 15, 20, 202, 2.1308095455169678, 242.61946654319763, 203000, 0.9135232881275024, 0.8001173486918488
2, 2, 1, Ada_dynamic_dbscan, 0.700436, 8, 15, 20, 203, 1.9010205268859863, 244.52048707008362, 204000, 0.9136725736087232, 0.8002532978602132
2, 2, 1, Ada_dynamic_dbscan, 0.700436, 8, 15, 20, 204, 2.601764678955078, 247.1222517490387, 205000, 0.9137174967946793, 0.8003272324726454
2, 2, 1, Ada_dynamic_dbscan, 0.700436, 8, 15, 20, 205, 2.0351645946502686, 249.15741634368896, 206000, 0.9137916749682351, 0.8010863169735583
2, 2, 1, Ada_dynamic_dbscan, 0.700436, 8, 15, 20, 206, 1.999941349029541, 251.1573576927185, 207000, 0.9137375246832815, 0.8011100742720452
2, 2, 1, Ada_dynamic_dbscan, 0.700436, 8, 15, 20, 207, 2.075110673904419, 253.23246836662292, 208000, 0.9136750143889737, 0.8010771694879522
2, 2, 1, Ada_dynamic_dbscan, 0.700436, 8, 15, 20, 208, 2.046569347381592, 255.27903771400452, 209000, 0.9137397746793039, 0.8011725343795265
2, 2, 1, Ada_dynamic_dbscan, 0.700436, 8, 15, 20, 209, 1.9945385456085205, 257.27357625961304, 210000, 0.9137596037891274, 0.8010636028670493
2, 2, 1, Ada_dynamic_dbscan, 0.700436, 8, 15, 20, 210, 2.4302735328674316, 259.70384979248047, 211000, 0.9138277366474064, 0.8011210842027437
2, 2, 1, Ada_dynamic_dbscan, 0.700436, 8, 15, 20, 211, 2.314852714538574, 262.01870250701904, 212000, 0.9139064013634812, 0.8012482341793887
2, 2, 1, Ada_dynamic_dbscan, 0.700436, 8, 15, 20, 212, 2.2210333347320557, 264.2397358417511, 213000, 0.9139505937952281, 0.8013662854476119
2, 2, 1, Ada_dynamic_dbscan, 0.700436, 8, 15, 20, 213, 2.3525991439819336, 266.59233498573303, 214000, 0.9139707809724155, 0.8012420309582852
2, 2, 1, Ada_dynamic_dbscan, 0.700436, 8, 15, 20, 214, 2.0628929138183594, 268.6552278995514, 215000, 0.9140527513109249, 0.8012665461932659
2, 2, 1, Ada_dynamic_dbscan, 0.700436, 8, 15, 20, 215, 2.1178338527679443, 270.77306175231934, 216000, 0.9140442187975212, 0.8013336007515602
2, 2, 1, Ada_dynamic_dbscan, 0.700436, 8, 15, 20, 216, 2.1308534145355225, 272.90391516685486, 217000, 0.9139884083731349, 0.8013708530880814
2, 2, 1, Ada_dynamic_dbscan, 0.700436, 8, 15, 20, 217, 2.397010326385498, 275.30092549324036, 218000, 0.9140187377060407, 0.8014510364327204
2, 2, 1, Ada_dynamic_dbscan, 0.700436, 8, 15, 20, 218, 2.182137966156006, 277.48306345939636, 219000, 0.9142456672414173, 0.8017033116371767
2, 2, 1, Ada_dynamic_dbscan, 0.700436, 8, 15, 20, 219, 2.2835965156555176, 279.7666599750519, 220000, 0.9142762815160212, 0.8016667374063243
2, 2, 1, Ada_dynamic_dbscan, 0.700436, 8, 15, 20, 220, 2.455941677093506, 282.2226016521454, 221000, 0.9143006367819895, 0.8015981730700146
2, 2, 1, Ada_dynamic_dbscan, 0.700436, 8, 15, 20, 221, 2.2332990169525146, 284.4559006690979, 222000, 0.9142445800197893, 0.8015846748919222
2, 2, 1, Ada_dynamic_dbscan, 0.700436, 8, 15, 20, 222, 2.4252800941467285, 286.88118076324463, 223000, 0.9142094132633262, 0.8015505669810231
2, 2, 1, Ada_dynamic_dbscan, 0.700436, 8, 15, 20, 223, 2.31412672996521, 289.19530749320984, 224000, 0.9141955934452822, 0.801543498821729
2, 2, 1, Ada_dynamic_dbscan, 0.700436, 8, 15, 20, 224, 2.0761430263519287, 291.27145051956177, 225000, 0.9142555820018917, 0.8015912281285562
2, 2, 1, Ada_dynamic_dbscan, 0.700436, 8, 15, 20, 225, 2.44853138923645, 293.7199819087982, 226000, 0.9142534583749786, 0.8016204762968107
2, 2, 1, Ada_dynamic_dbscan, 0.700436, 8, 15, 20, 226, 2.587158203125, 296.3071401119232, 227000, 0.9141674112179516, 0.801671840092325
2, 2, 1, Ada_dynamic_dbscan, 0.700436, 8, 15, 20, 227, 2.4073359966278076, 298.714476108551, 228000, 0.9142260003271505, 0.8017806463051814
2, 2, 1, Ada_dynamic_dbscan, 0.700436, 8, 15, 20, 228, 2.480651617050171, 301.1951277256012, 229000, 0.9142590655475892, 0.8017942649273441
2, 2, 1, Ada_dynamic_dbscan, 0.700436, 8, 15, 20, 229, 2.4518380165100098, 303.6469657421112, 230000, 0.9143160302068637, 0.8017982954234685
2, 2, 1, Ada_dynamic_dbscan, 0.700436, 8, 15, 20, 230, 2.404650926589966, 306.0516166687012, 231000, 0.9143013269942317, 0.8016969221366026
2, 2, 1, Ada_dynamic_dbscan, 0.700436, 8, 15, 20, 231, 2.3162269592285156, 308.3678436279297, 232000, 0.9143047278429511, 0.8017241758499049
2, 2, 1, Ada_dynamic_dbscan, 0.700436, 8, 15, 20, 232, 2.2167763710021973, 310.5846199989319, 233000, 0.9143026646056012, 0.8017826074443987
2, 2, 1, Ada_dynamic_dbscan, 0.700436, 8, 15, 20, 233, 2.62345814704895, 313.20807814598083, 234000, 0.9142834238573508, 0.8017427886019367
2, 2, 1, Ada_dynamic_dbscan, 0.700436, 8, 15, 20, 234, 2.167358160018921, 315.37543630599976, 235000, 0.9142707928612354, 0.8017538441464416
2, 2, 1, Ada_dynamic_dbscan, 0.700436, 8, 15, 20, 235, 2.5088610649108887, 317.88429737091064, 236000, 0.9143002776232925, 0.8017664882337979
2, 2, 1, Ada_dynamic_dbscan, 0.700436, 8, 15, 20, 236, 2.6778995990753174, 320.56219696998596, 237000, 0.914294333555686, 0.8017168264537752
2, 2, 1, Ada_dynamic_dbscan, 0.700436, 8, 15, 20, 237, 2.7711284160614014, 323.33332538604736, 238000, 0.9143293569275937, 0.8017294830915036
2, 2, 1, Ada_dynamic_dbscan, 0.700436, 8, 15, 20, 238, 2.6764628887176514, 326.009788274765, 239000, 0.9143750395759543, 0.8017962556509063
2, 2, 1, Ada_dynamic_dbscan, 0.700436, 8, 15, 20, 239, 2.4609124660491943, 328.4707007408142, 240000, 0.9144053591082384, 0.8018081803938285
2, 2, 1, Ada_dynamic_dbscan, 0.700436, 8, 15, 20, 240, 2.7185521125793457, 331.18925285339355, 241000, 0.914397350150385, 0.8019282423497167
2, 2, 1, Ada_dynamic_dbscan, 0.700436, 8, 15, 20, 241, 2.675924301147461, 333.865177154541, 242000, 0.914373756861243, 0.8018624374805828
2, 2, 1, Ada_dynamic_dbscan, 0.700436, 8, 15, 20, 242, 2.7006235122680664, 336.5658006668091, 243000, 0.9144014977570368, 0.8018846864249114
2, 2, 1, Ada_dynamic_dbscan, 0.700436, 8, 15, 20, 243, 2.5108532905578613, 339.07665395736694, 244000, 0.9143316643577754, 0.8020730575034902
2, 2, 1, Ada_dynamic_dbscan, 0.700436, 8, 15, 20, 244, 2.3866662979125977, 341.46332025527954, 245000, 0.9143294585375774, 0.8020712938908924
2, 2, 1, Ada_dynamic_dbscan, 0.700436, 8, 15, 20, 245, 2.8232197761535645, 344.2865400314331, 246000, 0.9143707328032938, 0.8024610700294604
2, 2, 1, Ada_dynamic_dbscan, 0.700436, 8, 15, 20, 246, 2.4638314247131348, 346.75037145614624, 247000, 0.9143609088308, 0.8024703091710581
2, 2, 1, Ada_dynamic_dbscan, 0.700436, 8, 15, 20, 247, 2.4367058277130127, 349.18707728385925, 248000, 0.9143677041541803, 0.8024964535687596
2, 2, 1, Ada_dynamic_dbscan, 0.700436, 8, 15, 20, 248, 2.717996597290039, 351.9050738811493, 249000, 0.9143735916055439, 0.8025031040698478
2, 2, 1, Ada_dynamic_dbscan, 0.700436, 8, 15, 20, 249, 2.83083176612854, 354.73590564727783, 250000, 0.9143804030210277, 0.8024840942130214
2, 2, 1, Ada_dynamic_dbscan, 0.700436, 8, 15, 20, 250, 2.66433048248291, 357.40023612976074, 251000, 0.9142763490514988, 0.8023004846986056
2, 2, 1, Ada_dynamic_dbscan, 0.700436, 8, 15, 20, 251, 3.1348729133605957, 360.53510904312134, 252000, 0.9142638190926875, 0.8023271801894184
2, 2, 1, Ada_dynamic_dbscan, 0.700436, 8, 15, 20, 252, 4.488257169723511, 365.02336621284485, 253000, 0.9142980145096878, 0.8023184767616242
2, 2, 1, Ada_dynamic_dbscan, 0.700436, 8, 15, 20, 253, 2.8823344707489014, 367.90570068359375, 254000, 0.9143091445558152, 0.8023204143715976
2, 2, 1, Ada_dynamic_dbscan, 0.700436, 8, 15, 20, 254, 2.941420316696167, 370.8471210002899, 255000, 0.9143171775776573, 0.8023578934248878
2, 2, 1, Ada_dynamic_dbscan, 0.700436, 8, 15, 20, 255, 2.513387441635132, 373.36050844192505, 256000, 0.9143598816641602, 0.802418433088842
2, 2, 1, Ada_dynamic_dbscan, 0.700436, 8, 15, 20, 256, 2.6282012462615967, 375.98870968818665, 257000, 0.9143962879879415, 0.8023455938879794
2, 2, 1, Ada_dynamic_dbscan, 0.700436, 8, 15, 20, 257, 2.5088374614715576, 378.4975471496582, 258000, 0.9143893325883913, 0.8023924933571215
2, 2, 1, Ada_dynamic_dbscan, 0.700436, 8, 15, 20, 258, 2.9600207805633545, 381.45756793022156, 259000, 0.9143413011688004, 0.802261874569327
2, 2, 1, Ada_dynamic_dbscan, 0.700436, 8, 15, 20, 259, 2.8034584522247314, 384.2610263824463, 260000, 0.9143071941749937, 0.8023762211538323
2, 2, 1, Ada_dynamic_dbscan, 0.700436, 8, 15, 20, 260, 2.5745444297790527, 386.83557081222534, 261000, 0.9143496824325202, 0.8024401992144071
2, 2, 1, Ada_dynamic_dbscan, 0.700436, 8, 15, 20, 261, 2.8172812461853027, 389.65285205841064, 262000, 0.9143787763769452, 0.8024901181240732
2, 2, 1, Ada_dynamic_dbscan, 0.700436, 8, 15, 20, 262, 3.1108672618865967, 392.76371932029724, 263000, 0.9143185509271106, 0.8024678726152086
2, 2, 1, Ada_dynamic_dbscan, 0.700436, 8, 15, 20, 263, 2.7514703273773193, 395.51518964767456, 264000, 0.9142669370667148, 0.802353357419348
2, 2, 1, Ada_dynamic_dbscan, 0.700436, 8, 15, 20, 264, 2.971123695373535, 398.4863133430481, 265000, 0.9141947319151857, 0.8022482969684663
2, 2, 1, Ada_dynamic_dbscan, 0.700436, 8, 15, 20, 265, 2.9241385459899902, 401.4104518890381, 266000, 0.9142270572211204, 0.802270156753118
2, 2, 1, Ada_dynamic_dbscan, 0.700436, 8, 15, 20, 266, 2.9559946060180664, 404.36644649505615, 267000, 0.9141805613445343, 0.8022140053552462
2, 2, 1, Ada_dynamic_dbscan, 0.700436, 8, 15, 20, 267, 3.200624942779541, 407.5670714378357, 268000, 0.9141729771728696, 0.8021993046658265
2, 2, 1, Ada_dynamic_dbscan, 0.700436, 8, 15, 20, 268, 2.9351589679718018, 410.5022304058075, 269000, 0.91411359697083, 0.8021487585733729
2, 2, 1, Ada_dynamic_dbscan, 0.700436, 8, 15, 20, 269, 2.444573402404785, 412.9468038082123, 270000, 0.914182521003661, 0.8024949739955273
2, 2, 1, Ada_dynamic_dbscan, 0.700436, 8, 15, 20, 270, 2.898496150970459, 415.84529995918274, 271000, 0.9141711191637614, 0.802584111409898
2, 2, 1, Ada_dynamic_dbscan, 0.700436, 8, 15, 20, 271, 2.8828463554382324, 418.728146314621, 272000, 0.9141906714556597, 0.8025825385494377
2, 2, 1, Ada_dynamic_dbscan, 0.700436, 8, 15, 20, 272, 3.3752872943878174, 422.1034336090088, 273000, 0.9142242883343906, 0.8026417259816497
2, 2, 1, Ada_dynamic_dbscan, 0.700436, 8, 15, 20, 273, 3.3245086669921875, 425.427942276001, 274000, 0.9142634079068341, 0.8031342621015755
2, 2, 1, Ada_dynamic_dbscan, 0.700436, 8, 15, 20, 274, 2.690838098526001, 428.118780374527, 275000, 0.9142160325036, 0.8032961426894972
2, 2, 1, Ada_dynamic_dbscan, 0.700436, 8, 15, 20, 275, 2.8691859245300293, 430.987966299057, 276000, 0.9142596777525136, 0.8032135462945788
2, 2, 1, Ada_dynamic_dbscan, 0.700436, 8, 15, 20, 276, 2.964419364929199, 433.9523856639862, 277000, 0.9142948915701522, 0.80330044641164
2, 2, 1, Ada_dynamic_dbscan, 0.700436, 8, 15, 20, 277, 2.8055481910705566, 436.75793385505676, 278000, 0.9142595195166625, 0.8032016033189775
2, 2, 1, Ada_dynamic_dbscan, 0.700436, 8, 15, 20, 278, 3.0430970191955566, 439.8010308742523, 279000, 0.9143158884214498, 0.8032761789121293
2, 2, 1, Ada_dynamic_dbscan, 0.700436, 8, 15, 20, 279, 3.0038957595825195, 442.80492663383484, 280000, 0.9143631572493945, 0.803231009601441
2, 2, 1, Ada_dynamic_dbscan, 0.700436, 8, 15, 20, 280, 3.2576916217803955, 446.06261825561523, 281000, 0.9143691637205975, 0.8032146510692141
2, 2, 1, Ada_dynamic_dbscan, 0.700436, 8, 15, 20, 281, 2.8367271423339844, 448.8993453979492, 282000, 0.9144158800783245, 0.803275522861194
2, 2, 1, Ada_dynamic_dbscan, 0.700436, 8, 15, 20, 282, 2.926389694213867, 451.8257350921631, 283000, 0.9144169077585902, 0.8033454325716346
2, 2, 1, Ada_dynamic_dbscan, 0.700436, 8, 15, 20, 283, 2.7839343547821045, 454.6096694469452, 284000, 0.9144392006102536, 0.8034059176060127
2, 2, 1, Ada_dynamic_dbscan, 0.700436, 8, 15, 20, 284, 2.9794163703918457, 457.58908581733704, 285000, 0.914439960454662, 0.8034060521896478
2, 2, 1, Ada_dynamic_dbscan, 0.700436, 8, 15, 20, 285, 2.954637289047241, 460.5437231063843, 286000, 0.9144555391903899, 0.8033401439233537
2, 2, 1, Ada_dynamic_dbscan, 0.700436, 8, 15, 20, 286, 2.9544968605041504, 463.4982199668884, 287000, 0.9144405288001758, 0.8033388307811097
2, 2, 1, Ada_dynamic_dbscan, 0.700436, 8, 15, 20, 287, 2.8530964851379395, 466.35131645202637, 288000, 0.9145095401828552, 0.8033902962033967
2, 2, 1, Ada_dynamic_dbscan, 0.700436, 8, 15, 20, 288, 2.979855537414551, 469.3311719894409, 289000, 0.9144749960345485, 0.8033343422158928
2, 2, 1, Ada_dynamic_dbscan, 0.700436, 8, 15, 20, 289, 3.284205675125122, 472.61537766456604, 290000, 0.914507857482209, 0.8034624853792137
2, 2, 1, Ada_dynamic_dbscan, 0.700436, 8, 15, 20, 290, 3.123203754425049, 475.7385814189911, 291000, 0.9145123273314917, 0.8034647830927063
2, 2, 1, Ada_dynamic_dbscan, 0.700436, 8, 15, 20, 291, 2.7764227390289307, 478.51500415802, 292000, 0.914545719460445, 0.8035339419799007
2, 2, 1, Ada_dynamic_dbscan, 0.700436, 8, 15, 20, 292, 3.0641863346099854, 481.57919049263, 293000, 0.9145028703157813, 0.8033879406050022
2, 2, 1, Ada_dynamic_dbscan, 0.700436, 8, 15, 20, 293, 2.966843843460083, 484.5460343360901, 294000, 0.9144831886971893, 0.8034046152605392
2, 2, 1, Ada_dynamic_dbscan, 0.700436, 8, 15, 20, 294, 3.3459410667419434, 487.89197540283203, 295000, 0.9144629486220657, 0.8034239286447713
2, 2, 1, Ada_dynamic_dbscan, 0.700436, 8, 15, 20, 295, 3.4261980056762695, 491.3181734085083, 296000, 0.914461160744845, 0.8034502386476114
2, 2, 1, Ada_dynamic_dbscan, 0.700436, 8, 15, 20, 296, 3.123093843460083, 494.4412672519684, 297000, 0.9144302148939625, 0.8034339448213821
2, 2, 1, Ada_dynamic_dbscan, 0.700436, 8, 15, 20, 297, 3.5290627479553223, 497.9703299999237, 298000, 0.9144062845636114, 0.8034749286142433
2, 2, 1, Ada_dynamic_dbscan, 0.700436, 8, 15, 20, 298, 3.6948704719543457, 501.66520047187805, 299000, 0.9144599541569178, 0.8035970584518838
2, 2, 1, Ada_dynamic_dbscan, 0.700436, 8, 15, 20, 299, 3.4920814037323, 505.15728187561035, 300000, 0.9144576633239043, 0.803629030198228
2, 2, 1, Ada_dynamic_dbscan, 0.700436, 8, 15, 20, 300, 3.1618492603302, 508.31913113594055, 301000, 0.9145055973801741, 0.803656704622363
2, 2, 1, Ada_dynamic_dbscan, 0.700436, 8, 15, 20, 301, 2.886014461517334, 511.2051455974579, 302000, 0.9144507163761737, 0.8035065648981271
2, 2, 1, Ada_dynamic_dbscan, 0.700436, 8, 15, 20, 302, 3.0867371559143066, 514.2918827533722, 303000, 0.9144746976742391, 0.8035440304948472
2, 2, 1, Ada_dynamic_dbscan, 0.700436, 8, 15, 20, 303, 3.3876962661743164, 517.6795790195465, 304000, 0.9144680412258607, 0.8035390204412675
2, 2, 1, Ada_dynamic_dbscan, 0.700436, 8, 15, 20, 304, 3.0296072959899902, 520.7091863155365, 305000, 0.9144746727500743, 0.80344933924995
2, 2, 1, Ada_dynamic_dbscan, 0.700436, 8, 15, 20, 305, 3.550907850265503, 524.260094165802, 306000, 0.914524626554736, 0.8034218806873
2, 2, 1, Ada_dynamic_dbscan, 0.700436, 8, 15, 20, 306, 3.354443073272705, 527.6145372390747, 307000, 0.914526063566272, 0.8033915029004988
2, 2, 1, Ada_dynamic_dbscan, 0.700436, 8, 15, 20, 307, 3.3565971851348877, 530.9711344242096, 308000, 0.9145348657813749, 0.8034292959464422
2, 2, 1, Ada_dynamic_dbscan, 0.700436, 8, 15, 20, 308, 3.165733814239502, 534.1368682384491, 309000, 0.9145415459978843, 0.8033637876661167
2, 2, 1, Ada_dynamic_dbscan, 0.700436, 8, 15, 20, 309, 3.120274782180786, 537.2571430206299, 310000, 0.9145533042990691, 0.8034028562631961
2, 2, 1, Ada_dynamic_dbscan, 0.700436, 8, 15, 20, 310, 3.1424002647399902, 540.3995432853699, 311000, 0.9145630229493853, 0.8033839578474189
2, 2, 1, Ada_dynamic_dbscan, 0.700436, 8, 15, 20, 311, 3.076202630996704, 543.4757459163666, 312000, 0.9146210878016602, 0.8034227668991647
2, 2, 1, Ada_dynamic_dbscan, 0.700436, 8, 15, 20, 312, 3.427090883255005, 546.9028367996216, 313000, 0.9145807611281429, 0.8035126701808928
2, 2, 1, Ada_dynamic_dbscan, 0.700436, 8, 15, 20, 313, 3.5014374256134033, 550.404274225235, 314000, 0.9145985361585852, 0.8034754473264516
2, 2, 1, Ada_dynamic_dbscan, 0.700436, 8, 15, 20, 314, 3.2901227474212646, 553.6943969726562, 315000, 0.9146638460074902, 0.8035611063391169
2, 2, 1, Ada_dynamic_dbscan, 0.700436, 8, 15, 20, 315, 3.5088233947753906, 557.2032203674316, 316000, 0.9146041663859036, 0.8034777225798085
2, 2, 1, Ada_dynamic_dbscan, 0.700436, 8, 15, 20, 316, 3.4062342643737793, 560.6094546318054, 317000, 0.9146011404398454, 0.8033242810962661
2, 2, 1, Ada_dynamic_dbscan, 0.700436, 8, 15, 20, 317, 3.858912944793701, 564.4683675765991, 318000, 0.91458054102662, 0.8032782553951789
2, 2, 1, Ada_dynamic_dbscan, 0.700436, 8, 15, 20, 318, 3.674769163131714, 568.1431367397308, 319000, 0.914624602011201, 0.803308237481043
2, 2, 1, Ada_dynamic_dbscan, 0.700436, 8, 15, 20, 319, 3.590238571166992, 571.7333753108978, 320000, 0.9145980953935384, 0.8032889213120729
2, 2, 1, Ada_dynamic_dbscan, 0.700436, 8, 15, 20, 320, 3.3056769371032715, 575.0390522480011, 321000, 0.9145754318669617, 0.8032041369211704
2, 2, 1, Ada_dynamic_dbscan, 0.700436, 8, 15, 20, 321, 3.3046560287475586, 578.3437082767487, 322000, 0.9146104839265581, 0.8032149117626604
2, 2, 1, Ada_dynamic_dbscan, 0.700436, 8, 15, 20, 322, 3.532787322998047, 581.8764955997467, 323000, 0.9146476082027135, 0.8032428189568225
2, 2, 1, Ada_dynamic_dbscan, 0.700436, 8, 15, 20, 323, 5.063488960266113, 586.9399845600128, 324000, 0.9146465559688237, 0.8032177311197565
2, 2, 1, Ada_dynamic_dbscan, 0.700436, 8, 15, 20, 324, 3.486983299255371, 590.4269678592682, 325000, 0.9146619319954696, 0.8032358110218526
2, 2, 1, Ada_dynamic_dbscan, 0.700436, 8, 15, 20, 325, 3.7822513580322266, 594.2092192173004, 326000, 0.9146287017779295, 0.8032462277787639
2, 2, 1, Ada_dynamic_dbscan, 0.700436, 8, 15, 20, 326, 3.476407766342163, 597.6856269836426, 327000, 0.9146429328569216, 0.8033988965195515
2, 2, 1, Ada_dynamic_dbscan, 0.700436, 8, 15, 20, 327, 3.541494607925415, 601.227121591568, 328000, 0.9146581069887662, 0.8032159404800505
2, 2, 1, Ada_dynamic_dbscan, 0.700436, 8, 15, 20, 328, 3.2675726413726807, 604.4946942329407, 329000, 0.9146598198030318, 0.8032420537039385
2, 2, 1, Ada_dynamic_dbscan, 0.700436, 8, 15, 20, 329, 3.577348232269287, 608.07204246521, 330000, 0.9146481818876404, 0.8035820986318388
2, 2, 1, Ada_dynamic_dbscan, 0.700436, 8, 15, 20, 330, 3.440340042114258, 611.5123825073242, 331000, 0.9146063889696677, 0.8034666226484143
2, 2, 1, Ada_dynamic_dbscan, 0.700436, 8, 15, 20, 331, 3.1994028091430664, 614.7117853164673, 332000, 0.9145873417179038, 0.8034481122535478
2, 2, 1, Ada_dynamic_dbscan, 0.700436, 8, 15, 20, 332, 3.2477376461029053, 617.9595229625702, 333000, 0.9145511154359853, 0.8034321327661127
2, 2, 1, Ada_dynamic_dbscan, 0.700436, 8, 15, 20, 333, 3.410606861114502, 621.3701298236847, 334000, 0.9145433663852327, 0.8035102520068826
2, 2, 1, Ada_dynamic_dbscan, 0.700436, 8, 15, 20, 334, 3.7065494060516357, 625.0766792297363, 335000, 0.91454325515962, 0.8034986357570606
2, 2, 1, Ada_dynamic_dbscan, 0.700436, 8, 15, 20, 335, 3.243595600128174, 628.3202748298645, 336000, 0.9145636073897998, 0.8035216237811015
2, 2, 1, Ada_dynamic_dbscan, 0.700436, 8, 15, 20, 336, 3.647585391998291, 631.9678602218628, 337000, 0.9145479380383458, 0.8035881740959064
2, 2, 1, Ada_dynamic_dbscan, 0.700436, 8, 15, 20, 337, 3.9630682468414307, 635.9309284687042, 338000, 0.9145843549700712, 0.8036171223370744
2, 2, 1, Ada_dynamic_dbscan, 0.700436, 8, 15, 20, 338, 4.350610017776489, 640.2815384864807, 339000, 0.9146407700641666, 0.8036620482266539
2, 2, 1, Ada_dynamic_dbscan, 0.700436, 8, 15, 20, 339, 3.8794851303100586, 644.1610236167908, 340000, 0.914646422656812, 0.8036783376124232
2, 2, 1, Ada_dynamic_dbscan, 0.700436, 8, 15, 20, 340, 3.652103900909424, 647.8131275177002, 341000, 0.9146294818212518, 0.8035795040398322
2, 2, 1, Ada_dynamic_dbscan, 0.700436, 8, 15, 20, 341, 3.720759153366089, 651.5338866710663, 342000, 0.9145882704500139, 0.8035030225826818
2, 2, 1, Ada_dynamic_dbscan, 0.700436, 8, 15, 20, 342, 3.608455181121826, 655.1423418521881, 343000, 0.9145866403250599, 0.8034450241912476
2, 2, 1, Ada_dynamic_dbscan, 0.700436, 8, 15, 20, 343, 3.97263240814209, 659.1149742603302, 344000, 0.9146063873829028, 0.80351376315331
2, 2, 1, Ada_dynamic_dbscan, 0.700436, 8, 15, 20, 344, 3.9817278385162354, 663.0967020988464, 345000, 0.9145762124273005, 0.8035006930607147
2, 2, 1, Ada_dynamic_dbscan, 0.700436, 8, 15, 20, 345, 4.285651445388794, 667.3823535442352, 346000, 0.9145317065741562, 0.8033551771391496
2, 2, 1, Ada_dynamic_dbscan, 0.700436, 8, 15, 20, 346, 3.989232301712036, 671.3715858459473, 347000, 0.9145303790200964, 0.8033049158007767
2, 2, 1, Ada_dynamic_dbscan, 0.700436, 8, 15, 20, 347, 5.011147737503052, 676.3827335834503, 348000, 0.9145469314548816, 0.8032850929854425
2, 2, 1, Ada_dynamic_dbscan, 0.700436, 8, 15, 20, 348, 4.173912525177002, 680.5566461086273, 349000, 0.9145883509233382, 0.8033475848860795
2, 2, 1, Ada_dynamic_dbscan, 0.700436, 8, 15, 20, 349, 3.85746169090271, 684.41410779953, 350000, 0.9146224484819422, 0.80341122550778
2, 2, 1, Ada_dynamic_dbscan, 0.700436, 8, 15, 20, 350, 3.310804843902588, 687.7249126434326, 351000, 0.9145623779519941, 0.8034001220871636
2, 2, 1, Ada_dynamic_dbscan, 0.700436, 8, 15, 20, 351, 3.4941883087158203, 691.2191009521484, 352000, 0.9145373782635632, 0.8033794374525343
2, 2, 1, Ada_dynamic_dbscan, 0.700436, 8, 15, 20, 352, 3.6587750911712646, 694.8778760433197, 353000, 0.9145046714693769, 0.8033069592232756
2, 2, 1, Ada_dynamic_dbscan, 0.700436, 8, 15, 20, 353, 3.664893388748169, 698.5427694320679, 354000, 0.9144908234680258, 0.8032710401818143
2, 2, 1, Ada_dynamic_dbscan, 0.700436, 8, 15, 20, 354, 3.699160575866699, 702.2419300079346, 355000, 0.9144883225571375, 0.8031863067002488
2, 2, 1, Ada_dynamic_dbscan, 0.700436, 8, 15, 20, 355, 3.673388719558716, 705.9153187274933, 356000, 0.9144592341636286, 0.8030909678317082
2, 2, 1, Ada_dynamic_dbscan, 0.700436, 8, 15, 20, 356, 4.47525691986084, 710.3905756473541, 357000, 0.9144705101776645, 0.803159662554808
2, 2, 1, Ada_dynamic_dbscan, 0.700436, 8, 15, 20, 357, 3.762075901031494, 714.1526515483856, 358000, 0.914503695498447, 0.8031372254482545
2, 2, 1, Ada_dynamic_dbscan, 0.700436, 8, 15, 20, 358, 3.9105217456817627, 718.0631732940674, 359000, 0.9144785077848171, 0.8031288875652071
2, 2, 1, Ada_dynamic_dbscan, 0.700436, 8, 15, 20, 359, 3.25076961517334, 721.3139429092407, 360000, 0.9145138756783735, 0.8031390524982294
2, 2, 1, Ada_dynamic_dbscan, 0.700436, 8, 15, 20, 360, 3.82841157913208, 725.1423544883728, 361000, 0.9145544854890557, 0.8031733987155351
2, 2, 1, Ada_dynamic_dbscan, 0.700436, 8, 15, 20, 361, 3.8838117122650146, 729.0261662006378, 362000, 0.9145251584541068, 0.8031227054807831
2, 2, 1, Ada_dynamic_dbscan, 0.700436, 8, 15, 20, 362, 3.738875389099121, 732.7650415897369, 363000, 0.9145275707952187, 0.8030956011104132
2, 2, 1, Ada_dynamic_dbscan, 0.700436, 8, 15, 20, 363, 3.9482650756835938, 736.7133066654205, 364000, 0.9145364256508013, 0.8031439618820686
2, 2, 1, Ada_dynamic_dbscan, 0.700436, 8, 15, 20, 364, 4.215729475021362, 740.9290361404419, 365000, 0.9145589599260723, 0.8031093062665227
2, 2, 1, Ada_dynamic_dbscan, 0.700436, 8, 15, 20, 365, 3.745047092437744, 744.6740832328796, 366000, 0.9145317584478996, 0.8030705085449965
2, 2, 1, Ada_dynamic_dbscan, 0.700436, 8, 15, 20, 366, 4.150584936141968, 748.8246681690216, 367000, 0.9144938683486329, 0.8030859160920821
2, 2, 1, Ada_dynamic_dbscan, 0.700436, 8, 15, 20, 367, 4.169169664382935, 752.9938378334045, 368000, 0.9144869060552304, 0.8031008778461334
2, 2, 1, Ada_dynamic_dbscan, 0.700436, 8, 15, 20, 368, 4.175511837005615, 757.1693496704102, 369000, 0.914465675321727, 0.8031049633474163
2, 2, 1, Ada_dynamic_dbscan, 0.700436, 8, 15, 20, 369, 3.6390202045440674, 760.8083698749542, 370000, 0.9144722894687842, 0.803142352139889
2, 2, 1, Ada_dynamic_dbscan, 0.700436, 8, 15, 20, 370, 3.332303524017334, 764.1406733989716, 371000, 0.9145096184296398, 0.8031777865355556
2, 2, 1, Ada_dynamic_dbscan, 0.700436, 8, 15, 20, 371, 3.934230089187622, 768.0749034881592, 372000, 0.9144991064641773, 0.80320668678092
2, 2, 1, Ada_dynamic_dbscan, 0.700436, 8, 15, 20, 372, 3.6893770694732666, 771.7642805576324, 373000, 0.9145089296266299, 0.8032395930890915
2, 2, 1, Ada_dynamic_dbscan, 0.700436, 8, 15, 20, 373, 4.354440212249756, 776.1187207698822, 374000, 0.9145313265334233, 0.8033539403956611
2, 2, 1, Ada_dynamic_dbscan, 0.700436, 8, 15, 20, 374, 3.711066484451294, 779.8297872543335, 375000, 0.9145400392415904, 0.8033311440010839
2, 2, 1, Ada_dynamic_dbscan, 0.700436, 8, 15, 20, 375, 3.8159570693969727, 783.6457443237305, 376000, 0.9145524422956385, 0.8033653469275978
2, 2, 1, Ada_dynamic_dbscan, 0.700436, 8, 15, 20, 376, 4.170880317687988, 787.8166246414185, 377000, 0.914533785828541, 0.803392012968385
2, 2, 1, Ada_dynamic_dbscan, 0.700436, 8, 15, 20, 377, 3.8653881549835205, 791.682012796402, 378000, 0.914534023067858, 0.8034170400783166
2, 2, 1, Ada_dynamic_dbscan, 0.700436, 8, 15, 20, 378, 3.893903970718384, 795.5759167671204, 379000, 0.914536319351014, 0.8034524342692952
2, 2, 1, Ada_dynamic_dbscan, 0.700436, 8, 15, 20, 379, 3.9911887645721436, 799.5671055316925, 380000, 0.9145169526663924, 0.8034604658387452
2, 2, 1, Ada_dynamic_dbscan, 0.700436, 8, 15, 20, 380, 3.8477580547332764, 803.4148635864258, 381000, 0.9145199297072755, 0.8034222940822722
2, 2, 1, Ada_dynamic_dbscan, 0.700436, 8, 15, 20, 381, 3.618880033493042, 807.0337436199188, 382000, 0.9145684804114357, 0.8036551729189972
2, 2, 1, Ada_dynamic_dbscan, 0.700436, 8, 15, 20, 382, 3.8529179096221924, 810.886661529541, 383000, 0.9145784472223975, 0.8036782051690023
2, 2, 1, Ada_dynamic_dbscan, 0.700436, 8, 15, 20, 383, 4.224743843078613, 815.1114053726196, 384000, 0.9146116795283774, 0.8036993910237925
2, 2, 1, Ada_dynamic_dbscan, 0.700436, 8, 15, 20, 384, 4.069117546081543, 819.1805229187012, 385000, 0.9146388133583414, 0.8037410001333712
2, 2, 1, Ada_dynamic_dbscan, 0.700436, 8, 15, 20, 385, 3.522313356399536, 822.7028362751007, 386000, 0.9146479632377047, 0.803763753772059
2, 2, 1, Ada_dynamic_dbscan, 0.700436, 8, 15, 20, 386, 4.337648391723633, 827.0404846668243, 387000, 0.9146325338263968, 0.8037497898898943
2, 2, 1, Ada_dynamic_dbscan, 0.700436, 8, 15, 20, 387, 4.540475606918335, 831.5809602737427, 388000, 0.9146819740896451, 0.8038552788819195
2, 2, 1, Ada_dynamic_dbscan, 0.700436, 8, 15, 20, 388, 3.591747283935547, 835.1727075576782, 389000, 0.9146856695342723, 0.8037430077821042
2, 2, 1, Ada_dynamic_dbscan, 0.700436, 8, 15, 20, 389, 4.184752464294434, 839.3574600219727, 390000, 0.9147041939996206, 0.8037670913514712
2, 2, 1, Ada_dynamic_dbscan, 0.700436, 8, 15, 20, 390, 4.165545463562012, 843.5230054855347, 391000, 0.9146947358636606, 0.8037414752510251
2, 2, 1, Ada_dynamic_dbscan, 0.700436, 8, 15, 20, 391, 3.6829774379730225, 847.2059829235077, 392000, 0.914659797027789, 0.8037540403741689
2, 2, 1, Ada_dynamic_dbscan, 0.700436, 8, 15, 20, 392, 3.837526321411133, 851.0435092449188, 393000, 0.9146471203985017, 0.8037743952568399
2, 2, 1, Ada_dynamic_dbscan, 0.700436, 8, 15, 20, 393, 4.516923666000366, 855.5604329109192, 394000, 0.9146372384695232, 0.8037384061918414
2, 2, 1, Ada_dynamic_dbscan, 0.700436, 8, 15, 20, 394, 4.286649227142334, 859.8470821380615, 395000, 0.9146501367421713, 0.8037290379263204
2, 2, 1, Ada_dynamic_dbscan, 0.700436, 8, 15, 20, 395, 3.953300714492798, 863.8003828525543, 396000, 0.9146233251281689, 0.8037203309141048
2, 2, 1, Ada_dynamic_dbscan, 0.700436, 8, 15, 20, 396, 4.6702704429626465, 868.470653295517, 397000, 0.9146014233768465, 0.8037107776564865
2, 2, 1, Ada_dynamic_dbscan, 0.700436, 8, 15, 20, 397, 4.141251802444458, 872.6119050979614, 398000, 0.9145866075037581, 0.8037207020386803
2, 2, 1, Ada_dynamic_dbscan, 0.700436, 8, 15, 20, 398, 3.7854549884796143, 876.397360086441, 399000, 0.9145664852187105, 0.8037018185107061
2, 2, 1, Ada_dynamic_dbscan, 0.700436, 8, 15, 20, 399, 3.7737977504730225, 880.1711578369141, 400000, 0.9145569879568625, 0.803614974363273
2, 2, 1, Ada_dynamic_dbscan, 0.700436, 8, 15, 20, 400, 3.9452481269836426, 884.1164059638977, 401000, 0.9145407264937043, 0.803472699520246
2, 2, 1, Ada_dynamic_dbscan, 0.700436, 8, 15, 20, 401, 3.9125125408172607, 888.028918504715, 402000, 0.9145199774589448, 0.80346493261137
2, 2, 1, Ada_dynamic_dbscan, 0.700436, 8, 15, 20, 402, 4.088289976119995, 892.117208480835, 403000, 0.9145281978506136, 0.8034680526909174
2, 2, 1, Ada_dynamic_dbscan, 0.700436, 8, 15, 20, 403, 4.27785062789917, 896.3950591087341, 404000, 0.914570032509342, 0.8034931949218955
2, 2, 1, Ada_dynamic_dbscan, 0.700436, 8, 15, 20, 404, 4.4244585037231445, 900.8195176124573, 405000, 0.9145421508600217, 0.8034680092833032
2, 2, 1, Ada_dynamic_dbscan, 0.700436, 8, 15, 20, 405, 4.509114503860474, 905.3286321163177, 406000, 0.9145403223097733, 0.8034448958533876
2, 2, 1, Ada_dynamic_dbscan, 0.700436, 8, 15, 20, 406, 4.139389514923096, 909.4680216312408, 407000, 0.9145416752812316, 0.8034261129950627
2, 2, 1, Ada_dynamic_dbscan, 0.700436, 8, 15, 20, 407, 4.802547454833984, 914.2705690860748, 408000, 0.9145537780642055, 0.8033752821223095
2, 2, 1, Ada_dynamic_dbscan, 0.700436, 8, 15, 20, 408, 4.4063560962677, 918.6769251823425, 409000, 0.9145454701868013, 0.8033806251317236
2, 2, 1, Ada_dynamic_dbscan, 0.700436, 8, 15, 20, 409, 3.938891649246216, 922.6158168315887, 410000, 0.9145696440437269, 0.8033681627099089
2, 2, 1, Ada_dynamic_dbscan, 0.700436, 8, 15, 20, 410, 4.459595441818237, 927.075412273407, 411000, 0.9145897504264282, 0.8033837478464528
2, 2, 1, Ada_dynamic_dbscan, 0.700436, 8, 15, 20, 411, 5.647803068161011, 932.723215341568, 412000, 0.9145980411359055, 0.80355005513012
2, 2, 1, Ada_dynamic_dbscan, 0.700436, 8, 15, 20, 412, 4.745360374450684, 937.4685757160187, 413000, 0.9145961722899024, 0.8035482970439389
2, 2, 1, Ada_dynamic_dbscan, 0.700436, 8, 15, 20, 413, 4.112896919250488, 941.5814726352692, 414000, 0.9146069737314296, 0.8035561079597506
2, 2, 1, Ada_dynamic_dbscan, 0.700436, 8, 15, 20, 414, 4.520638942718506, 946.1021115779877, 415000, 0.9146099991738942, 0.8035811782725213
2, 2, 1, Ada_dynamic_dbscan, 0.700436, 8, 15, 20, 415, 4.433445692062378, 950.53555727005, 416000, 0.9145996883836108, 0.8040155387932147
2, 2, 1, Ada_dynamic_dbscan, 0.700436, 8, 15, 20, 416, 4.180957555770874, 954.7165148258209, 417000, 0.9145723521106182, 0.803878411959367
2, 2, 1, Ada_dynamic_dbscan, 0.700436, 8, 15, 20, 417, 3.7702364921569824, 958.4867513179779, 418000, 0.9146278173644782, 0.8039315514150509
2, 2, 1, Ada_dynamic_dbscan, 0.700436, 8, 15, 20, 418, 4.126036882400513, 962.6127882003784, 419000, 0.9146206391849079, 0.8039493651220864
2, 2, 1, Ada_dynamic_dbscan, 0.700436, 8, 15, 20, 419, 4.272687196731567, 966.88547539711, 420000, 0.9146392792140183, 0.8039253462022731
2, 2, 1, Ada_dynamic_dbscan, 0.700436, 8, 15, 20, 420, 4.332072734832764, 971.2175481319427, 421000, 0.9146154582474451, 0.8039138351627055
2, 2, 1, Ada_dynamic_dbscan, 0.700436, 8, 15, 20, 421, 4.444091320037842, 975.6616394519806, 422000, 0.9145895722905755, 0.8038984727512144
2, 2, 1, Ada_dynamic_dbscan, 0.700436, 8, 15, 20, 422, 4.211193084716797, 979.8728325366974, 423000, 0.9145670873824436, 0.803937848486952
2, 2, 1, Ada_dynamic_dbscan, 0.700436, 8, 15, 20, 423, 4.088391065597534, 983.9612236022949, 424000, 0.9145750397184936, 0.803975245174364
2, 2, 1, Ada_dynamic_dbscan, 0.700436, 8, 15, 20, 424, 4.717546224594116, 988.678769826889, 425000, 0.9145470500254564, 0.8039592464050628
2, 2, 1, Ada_dynamic_dbscan, 0.700436, 8, 15, 20, 425, 4.181852102279663, 992.8606219291687, 426000, 0.9145574868396069, 0.8039787944641807
2, 2, 1, Ada_dynamic_dbscan, 0.700436, 8, 15, 20, 426, 4.10128927230835, 996.961911201477, 427000, 0.9145494673431593, 0.8039943864922366
2, 2, 1, Ada_dynamic_dbscan, 0.700436, 8, 15, 20, 427, 4.117504119873047, 1001.0794153213501, 428000, 0.9145393371277263, 0.8039709074778798
2, 2, 1, Ada_dynamic_dbscan, 0.700436, 8, 15, 20, 428, 4.1702306270599365, 1005.24964594841, 429000, 0.9145285946793188, 0.8039812843922838
2, 2, 1, Ada_dynamic_dbscan, 0.700436, 8, 15, 20, 429, 4.406853437423706, 1009.6564993858337, 430000, 0.9145713696276704, 0.8040162417123333
2, 2, 1, Ada_dynamic_dbscan, 0.700436, 8, 15, 20, 430, 4.313169956207275, 1013.969669342041, 431000, 0.9146117174234019, 0.8040198148079226
2, 2, 1, Ada_dynamic_dbscan, 0.700436, 8, 15, 20, 431, 4.189715385437012, 1018.159384727478, 432000, 0.9146341737041594, 0.8040475965824634
2, 2, 1, Ada_dynamic_dbscan, 0.700436, 8, 15, 20, 432, 4.646560192108154, 1022.8059449195862, 433000, 0.9146153556646195, 0.8040161562721545
2, 2, 1, Ada_dynamic_dbscan, 0.700436, 8, 15, 20, 433, 4.773077726364136, 1027.5790226459503, 434000, 0.914619326547493, 0.8040483096645222
2, 2, 1, Ada_dynamic_dbscan, 0.700436, 8, 15, 20, 434, 4.843468189239502, 1032.4224908351898, 435000, 0.9146319630724626, 0.8040709361677129
2, 2, 1, Ada_dynamic_dbscan, 0.700436, 8, 15, 20, 435, 4.241158485412598, 1036.6636493206024, 436000, 0.9146159402234202, 0.8040543630888984
2, 2, 1, Ada_dynamic_dbscan, 0.700436, 8, 15, 20, 436, 4.271254062652588, 1040.934903383255, 437000, 0.9145961912797516, 0.8040422978516931
2, 2, 1, Ada_dynamic_dbscan, 0.700436, 8, 15, 20, 437, 4.265307188034058, 1045.200210571289, 438000, 0.9146057274617957, 0.8038896950697767
2, 2, 1, Ada_dynamic_dbscan, 0.700436, 8, 15, 20, 438, 4.3251261711120605, 1049.5253367424011, 439000, 0.9146179940767929, 0.8038857166413458
2, 2, 1, Ada_dynamic_dbscan, 0.700436, 8, 15, 20, 439, 4.5582075119018555, 1054.083544254303, 440000, 0.9146532123502908, 0.8039289605168517
2, 2, 1, Ada_dynamic_dbscan, 0.700436, 8, 15, 20, 440, 4.348740577697754, 1058.4322848320007, 441000, 0.9146391910680641, 0.8039154898093398
2, 2, 1, Ada_dynamic_dbscan, 0.700436, 8, 15, 20, 441, 4.314529180526733, 1062.7468140125275, 442000, 0.914637691556002, 0.8039253701863545
2, 2, 1, Ada_dynamic_dbscan, 0.700436, 8, 15, 20, 442, 4.4000630378723145, 1067.1468770503998, 443000, 0.9146390837619668, 0.8039027566112571
2, 2, 1, Ada_dynamic_dbscan, 0.700436, 8, 15, 20, 443, 5.331991195678711, 1072.4788682460785, 444000, 0.9146209659335142, 0.8039279791242947
2, 2, 1, Ada_dynamic_dbscan, 0.700436, 8, 15, 20, 444, 4.768040895462036, 1077.2469091415405, 445000, 0.9146025581675791, 0.8039019065898307
2, 2, 1, Ada_dynamic_dbscan, 0.700436, 8, 15, 20, 445, 4.3745787143707275, 1081.6214878559113, 446000, 0.914585451025105, 0.8038844027589986
2, 2, 1, Ada_dynamic_dbscan, 0.700436, 8, 15, 20, 446, 4.861071348190308, 1086.4825592041016, 447000, 0.9145788828387225, 0.8039292725359215
2, 2, 1, Ada_dynamic_dbscan, 0.700436, 8, 15, 20, 447, 4.459376335144043, 1090.9419355392456, 448000, 0.9145851194476835, 0.8038233473246295
2, 2, 1, Ada_dynamic_dbscan, 0.700436, 8, 15, 20, 448, 4.500905752182007, 1095.4428412914276, 449000, 0.9145622636056934, 0.8037700555048964
2, 2, 1, Ada_dynamic_dbscan, 0.700436, 8, 15, 20, 449, 4.480828523635864, 1099.9236698150635, 450000, 0.9145180369514908, 0.8036608093080949
2, 2, 1, Ada_dynamic_dbscan, 0.700436, 8, 15, 20, 450, 4.393740177154541, 1104.317409992218, 451000, 0.9145335823807631, 0.8036788275759811
2, 2, 1, Ada_dynamic_dbscan, 0.700436, 8, 15, 20, 451, 4.691812515258789, 1109.0092225074768, 452000, 0.9145166224714136, 0.8036485143686515
2, 2, 1, Ada_dynamic_dbscan, 0.700436, 8, 15, 20, 452, 4.902114391326904, 1113.9113368988037, 453000, 0.9144807384208745, 0.8036069487674545
2, 2, 1, Ada_dynamic_dbscan, 0.700436, 8, 15, 20, 453, 5.06916880607605, 1118.9805057048798, 454000, 0.9144507481256988, 0.8035679442150795
2, 2, 1, Ada_dynamic_dbscan, 0.700436, 8, 15, 20, 454, 4.580997943878174, 1123.561503648758, 455000, 0.9144810862950983, 0.803543255995157
2, 2, 1, Ada_dynamic_dbscan, 0.700436, 8, 15, 20, 455, 4.6337409019470215, 1128.195244550705, 456000, 0.914469367496981, 0.8035121115997248
2, 2, 1, Ada_dynamic_dbscan, 0.700436, 8, 15, 20, 456, 4.7927422523498535, 1132.9879868030548, 457000, 0.9144805344405113, 0.803504680161273
2, 2, 1, Ada_dynamic_dbscan, 0.700436, 8, 15, 20, 457, 5.05734395980835, 1138.0453307628632, 458000, 0.9144658277564871, 0.8034719008304771
2, 2, 1, Ada_dynamic_dbscan, 0.700436, 8, 15, 20, 458, 4.928178310394287, 1142.9735090732574, 459000, 0.9144589483709634, 0.8034462986170016
2, 2, 1, Ada_dynamic_dbscan, 0.700436, 8, 15, 20, 459, 4.99746561050415, 1147.9709746837616, 460000, 0.9145120353194958, 0.8037848942013887
2, 2, 1, Ada_dynamic_dbscan, 0.700436, 8, 15, 20, 460, 4.58049464225769, 1152.5514693260193, 461000, 0.9145096264062964, 0.8037836011651982
2, 2, 1, Ada_dynamic_dbscan, 0.700436, 8, 15, 20, 461, 4.926148891448975, 1157.4776182174683, 462000, 0.914506001865026, 0.8037700128038334
2, 2, 1, Ada_dynamic_dbscan, 0.700436, 8, 15, 20, 462, 4.829394817352295, 1162.3070130348206, 463000, 0.914478055638102, 0.8037168505780169
2, 2, 1, Ada_dynamic_dbscan, 0.700436, 8, 15, 20, 463, 4.746934413909912, 1167.0539474487305, 464000, 0.9144873416075747, 0.803716506860338
2, 2, 1, Ada_dynamic_dbscan, 0.700436, 8, 15, 20, 464, 5.044304847717285, 1172.0982522964478, 465000, 0.9144700089037477, 0.803651470181739
2, 2, 1, Ada_dynamic_dbscan, 0.700436, 8, 15, 20, 465, 4.96328067779541, 1177.0615329742432, 466000, 0.9144113980764448, 0.8036140026395189
2, 2, 1, Ada_dynamic_dbscan, 0.700436, 8, 15, 20, 466, 4.537174940109253, 1181.5987079143524, 467000, 0.9144230568132294, 0.8036426029723337
2, 2, 1, Ada_dynamic_dbscan, 0.700436, 8, 15, 20, 467, 4.995712757110596, 1186.594420671463, 468000, 0.9143902972242577, 0.803544938935684
2, 2, 1, Ada_dynamic_dbscan, 0.700436, 8, 15, 20, 468, 5.27297043800354, 1191.8673911094666, 469000, 0.9143996992369869, 0.8035869984646331
2, 2, 1, Ada_dynamic_dbscan, 0.700436, 8, 15, 20, 469, 5.409990549087524, 1197.277381658554, 470000, 0.9143952318323968, 0.8035235304256323
2, 2, 1, Ada_dynamic_dbscan, 0.700436, 8, 15, 20, 470, 5.40363073348999, 1202.681012392044, 471000, 0.9143942029627845, 0.8035274472758109
2, 2, 1, Ada_dynamic_dbscan, 0.700436, 8, 15, 20, 471, 5.944770574569702, 1208.6257829666138, 472000, 0.9143966320389298, 0.8036658266377845
2, 2, 1, Ada_dynamic_dbscan, 0.700436, 8, 15, 20, 472, 4.472084045410156, 1213.097867012024, 473000, 0.9143888860419415, 0.8037655522395186
2, 2, 1, Ada_dynamic_dbscan, 0.700436, 8, 15, 20, 473, 4.599686622619629, 1217.6975536346436, 474000, 0.9143889184799148, 0.8037960886263663
2, 2, 1, Ada_dynamic_dbscan, 0.700436, 8, 15, 20, 474, 5.389221906661987, 1223.0867755413055, 475000, 0.9143838126682361, 0.8037962273516414
2, 2, 1, Ada_dynamic_dbscan, 0.700436, 8, 15, 20, 475, 4.748746156692505, 1227.835521697998, 476000, 0.9144026855636607, 0.8038513590424561
2, 2, 1, Ada_dynamic_dbscan, 0.700436, 8, 15, 20, 476, 5.241491794586182, 1233.0770134925842, 477000, 0.914379837645241, 0.8038244735201792
2, 2, 1, Ada_dynamic_dbscan, 0.700436, 8, 15, 20, 477, 4.51997971534729, 1237.5969932079315, 478000, 0.9144080921232188, 0.8038460864298351
2, 2, 1, Ada_dynamic_dbscan, 0.700436, 8, 15, 20, 478, 4.986569404602051, 1242.5835626125336, 479000, 0.9144109733066996, 0.8039167031402171
2, 2, 1, Ada_dynamic_dbscan, 0.700436, 8, 15, 20, 479, 5.159317493438721, 1247.7428801059723, 480000, 0.9144482594114199, 0.8039658371737662
2, 2, 1, Ada_dynamic_dbscan, 0.700436, 8, 15, 20, 480, 5.044832468032837, 1252.7877125740051, 481000, 0.9144316728113293, 0.8039653643678066
2, 2, 1, Ada_dynamic_dbscan, 0.700436, 8, 15, 20, 481, 5.070224046707153, 1257.8579366207123, 482000, 0.914446679203393, 0.8040006816033999
2, 2, 1, Ada_dynamic_dbscan, 0.700436, 8, 15, 20, 482, 4.697832345962524, 1262.5557689666748, 483000, 0.914443151421227, 0.8040208839949412
2, 2, 1, Ada_dynamic_dbscan, 0.700436, 8, 15, 20, 483, 5.497711420059204, 1268.053480386734, 484000, 0.9144594040388254, 0.8041281788087465
2, 2, 1, Ada_dynamic_dbscan, 0.700436, 8, 15, 20, 484, 5.100442171096802, 1273.1539225578308, 485000, 0.9144614304147612, 0.8041516766128917
2, 2, 1, Ada_dynamic_dbscan, 0.700436, 8, 15, 20, 485, 6.223403453826904, 1279.3773260116577, 486000, 0.9144609699222324, 0.8041647879487628
2, 2, 1, Ada_dynamic_dbscan, 0.700436, 8, 15, 20, 486, 5.743283748626709, 1285.1206097602844, 487000, 0.914461651807822, 0.8041207175318135
2, 2, 1, Ada_dynamic_dbscan, 0.700436, 8, 15, 20, 487, 5.7458600997924805, 1290.866469860077, 488000, 0.9145091421507671, 0.8041877170979732
2, 2, 1, Ada_dynamic_dbscan, 0.700436, 8, 15, 20, 488, 5.27655291557312, 1296.14302277565, 489000, 0.9144898182090431, 0.8041592896779843
2, 2, 1, Ada_dynamic_dbscan, 0.700436, 8, 15, 20, 489, 6.0087361335754395, 1302.1517589092255, 490000, 0.9144795528202138, 0.8040607321927496
2, 2, 1, Ada_dynamic_dbscan, 0.700436, 8, 15, 20, 490, 5.192491292953491, 1307.344250202179, 491000, 0.914490624000886, 0.8040738617163038
2, 2, 1, Ada_dynamic_dbscan, 0.700436, 8, 15, 20, 491, 5.237087249755859, 1312.5813374519348, 492000, 0.9144674561369823, 0.8040261867834052
2, 2, 1, Ada_dynamic_dbscan, 0.700436, 8, 15, 20, 492, 5.022884845733643, 1317.6042222976685, 493000, 0.9144712619746045, 0.8040815718337675
2, 2, 1, Ada_dynamic_dbscan, 0.700436, 8, 15, 20, 493, 4.961780309677124, 1322.5660026073456, 494000, 0.9144727482663053, 0.8040474649856962
2, 2, 1, Ada_dynamic_dbscan, 0.700436, 8, 15, 20, 494, 4.56757926940918, 1327.1335818767548, 494020, 0.9144701917471789, 0.8040467759981013
