longitude,latitude,cluster,point_index
104.947119,30.210988,-1,0
104.113063,30.578973,0,1
104.086734,30.758273,1,2
104.192374,31.192557,-1,3
103.744271,30.68404,-1,4
103.699807,30.523037,-1,5
103.974049,30.800141,2,6
104.332563,30.708502,-1,7
103.534354,30.550493,-1,8
104.101729,30.451444,-1,9
103.86136,30.446249,177,10
103.701412,30.602639,3,11
103.851116,30.367788,-1,12
104.552001,30.71632,-1,13
103.101999,30.07597,-1,14
104.379546,30.292175,-1,15
104.292484,30.391166,-1,16
103.967184,30.648336,4,17
103.536251,30.747905,-1,18
103.756555,30.363158,-1,19
103.674078,31.028602,-1,20
104.069896,30.768426,5,21
103.547618,30.37415,-1,22
104.048437,30.462141,-1,23
104.266847,30.61554,-1,24
103.857992,30.630404,-1,25
103.912977,30.630919,6,26
103.687306,30.83667,-1,27
104.488892,30.49379,7,28
103.971167,30.650278,8,29
104.483298,30.349712,-1,30
104.35242,30.93912,-1,31
104.469917,30.450412,-1,32
103.486582,30.214854,-1,33
103.997809,30.252787,-1,34
103.995506,30.46888,-1,35
104.595084,30.383373,-1,36
104.179144,31.018798,-1,37
103.460136,30.74687,9,38
104.093556,30.581169,10,39
104.565698,30.371165,11,40
103.987701,30.919726,-1,41
104.242811,30.650605,12,42
103.851057,30.437291,13,43
104.365389,30.304014,-1,44
104.1831,30.711081,14,45
104.044218,30.447005,15,46
104.330934,30.644344,16,47
104.574177,30.68614,17,48
103.705461,30.404664,-1,49
103.957328,31.406935,-1,50
103.975299,30.470156,-1,51
103.988378,30.627731,18,52
104.070947,30.690359,84,53
104.053519,30.466232,19,54
103.681053,30.803413,-1,55
104.23955,30.851337,-1,56
103.970369,30.650297,8,57
104.224505,30.63936,20,58
103.592875,30.831503,-1,59
104.100223,30.857042,-1,60
104.203484,30.726161,21,61
104.170731,30.712226,-1,62
104.003374,30.747998,-1,63
104.052145,30.729861,-1,64
104.185342,30.684477,22,65
104.261388,31.078785,-1,66
103.973618,30.962845,-1,67
103.802013,30.455566,23,68
103.97263,30.819727,-1,69
104.191702,30.496085,-1,70
104.047567,30.429077,74,71
103.998557,30.478448,-1,72
103.970277,30.650449,8,73
103.790926,30.604146,-1,74
104.110069,30.768018,248,75
103.941271,30.919516,-1,76
104.02319,30.651504,-1,77
103.905481,30.81044,24,78
103.972458,30.936295,-1,79
103.868256,30.61235,-1,80
103.991469,30.662136,-1,81
104.363304,30.657207,263,82
104.173586,30.484737,25,83
104.196629,30.589861,26,84
103.752047,30.535825,-1,85
104.173051,30.484286,25,86
104.204657,30.733578,-1,87
103.859366,30.827353,27,88
103.661324,30.960971,28,89
103.92087,30.540935,-1,90
104.390031,30.284122,-1,91
104.198111,30.739058,-1,92
104.259786,30.590023,-1,93
104.299452,30.9925,-1,94
104.298716,30.992153,-1,95
104.384586,30.85735,-1,96
103.943499,30.499023,-1,97
103.685638,31.014216,-1,98
104.166084,30.628446,29,99
103.973612,30.800531,2,100
103.97067,30.650258,8,101
104.157345,30.64821,-1,102
104.112037,30.753179,30,103
104.351219,30.985512,-1,104
104.055041,30.457619,31,105
104.135169,30.805835,32,106
104.115984,30.585679,-1,107
102.818364,30.267013,-1,108
103.956556,30.725697,33,109
103.818197,30.846954,-1,110
104.537733,30.428898,-1,111
104.115875,30.71727,-1,112
104.344229,30.669103,-1,113
104.179032,30.7831,34,114
103.74337,30.593939,-1,115
104.236389,30.646586,35,116
103.718722,30.594287,36,117
104.175612,30.787966,-1,118
104.407559,30.288792,-1,119
103.95157,30.637545,-1,120
104.119293,30.723292,-1,121
104.203421,30.72597,21,122
103.897113,30.666665,37,123
104.58957,31.290939,-1,124
104.095501,30.540926,38,125
103.851116,30.43718,13,126
103.919393,30.628486,-1,127
103.937691,30.614796,39,128
103.941872,30.33262,-1,129
103.712453,30.823285,-1,130
104.357714,30.660287,-1,131
104.043653,30.446667,15,132
103.917233,30.683527,40,133
103.8509,30.820223,41,134
104.058059,30.476487,-1,135
104.025044,30.466399,-1,136
104.080103,30.688108,-1,137
104.138572,30.61073,42,138
104.510488,30.352851,43,139
103.795476,30.649645,-1,140
104.046539,30.542165,-1,141
104.03645,30.296806,-1,142
104.08878,30.734092,-1,143
103.935584,30.905417,44,144
104.221497,30.638582,45,145
104.320265,30.278007,46,146
103.844818,30.680353,-1,147
104.050743,30.476615,47,148
103.8995,31.007604,-1,149
104.446603,30.473812,233,150
104.039537,30.225821,48,151
104.04113,30.593547,49,152
103.984624,30.218762,-1,153
103.981441,30.785056,50,154
103.833382,30.635516,-1,155
104.225119,30.707592,51,156
104.053745,30.723189,-1,157
103.812109,30.955711,-1,158
104.150868,30.708512,-1,159
103.953327,30.605763,-1,160
104.130537,30.799433,-1,161
103.698475,30.63035,-1,162
103.654934,30.926159,52,163
104.263494,29.942718,53,164
104.19555,30.798492,-1,165
103.505264,29.775315,-1,166
103.891884,30.601873,-1,167
104.104791,30.500163,-1,168
104.050709,30.476067,47,169
104.106795,30.755831,-1,170
104.065907,30.69151,-1,171
103.905297,30.810288,24,172
104.148498,30.540365,-1,173
103.908319,30.66042,-1,174
103.827991,30.021386,-1,175
103.479395,30.426519,-1,176
103.816107,30.675142,-1,177
104.165549,30.65873,54,178
103.940652,30.615331,136,179
104.091612,30.754057,-1,180
104.056305,30.471766,-1,181
104.223717,30.566343,55,182
103.897263,30.836196,56,183
104.326468,30.860479,57,184
104.043653,30.446667,15,185
104.336141,30.713076,-1,186
104.368899,31.129552,-1,187
104.041091,30.593742,49,188
103.97466,30.737543,-1,189
104.108411,30.424525,-1,190
103.64086,30.488055,-1,191
103.92335,30.717251,58,192
104.042486,30.462945,-1,193
104.070484,30.749876,-1,194
103.687117,30.400521,-1,195
103.935483,30.728979,-1,196
104.174522,30.715404,59,197
104.454235,30.467583,-1,198
104.007014,30.519047,-1,199
104.161771,30.599733,60,200
104.076296,30.296057,-1,201
104.297287,30.603385,-1,202
104.235613,30.646404,35,203
104.973546,29.871153,61,204
104.106825,30.533089,-1,205
104.226315,30.792847,62,206
103.903476,30.69253,-1,207
104.297597,31.035026,63,208
104.466101,30.485176,-1,209
104.908247,30.159907,-1,210
104.209154,30.565237,-1,211
103.993462,30.63125,-1,212
103.640248,30.466082,-1,213
104.060585,31.245343,-1,214
104.592426,30.019054,-1,215
103.858936,30.827585,27,216
104.023113,30.584543,-1,217
104.274253,30.655484,-1,218
103.790298,30.410141,-1,219
103.402118,30.738171,-1,220
103.921066,30.540378,-1,221
104.464771,30.489153,-1,222
104.188607,30.81863,-1,223
103.861537,30.984724,-1,224
103.996942,30.455465,-1,225
103.856366,30.630344,-1,226
104.372035,30.864341,64,227
104.074525,30.445082,-1,228
103.816535,30.633702,65,229
103.703876,30.799027,-1,230
104.045268,30.445352,15,231
104.479968,30.505033,-1,232
104.390469,31.06314,-1,233
104.029839,30.618249,-1,234
104.061546,30.418961,66,235
103.460743,30.748783,9,236
104.344642,30.815292,-1,237
103.883534,30.665948,67,238
104.037131,30.659931,68,239
104.008608,30.590694,69,240
104.3265,30.860361,57,241
104.245959,30.645708,79,242
103.947686,30.673062,-1,243
103.4652,30.457196,-1,244
104.14306,30.403637,-1,245
104.211725,30.605077,-1,246
103.954591,30.339277,-1,247
103.876893,30.415749,-1,248
103.931032,30.607108,-1,249
104.804389,30.151776,70,250
104.043887,30.445943,15,251
104.501349,30.47383,246,252
104.234996,30.646704,35,253
104.115574,30.580455,0,254
103.958879,30.63529,-1,255
103.878626,30.198272,164,256
104.109913,30.766772,-1,257
104.078977,30.818292,-1,258
104.084306,30.454357,271,259
104.161614,30.599597,60,260
103.861511,30.804082,71,261
103.50498,30.725349,-1,262
103.8168,30.608085,-1,263
104.083297,30.76621,-1,264
103.893117,30.447447,72,265
104.224905,30.783015,-1,266
104.112158,31.185645,-1,267
104.413593,30.806113,-1,268
104.526544,30.430961,-1,269
103.810051,30.631511,65,270
103.972473,30.429045,-1,271
104.183413,30.786469,-1,272
104.165012,30.658849,54,273
104.29402,30.851015,-1,274
104.287031,30.678041,-1,275
103.88571,31.028308,73,276
104.047592,30.42799,74,277
104.188874,30.792803,-1,278
104.203685,30.725965,21,279
104.015647,30.556942,-1,280
104.321094,30.708839,-1,281
103.967904,30.392811,-1,282
104.226571,30.789989,62,283
103.949056,30.678764,-1,284
104.464538,30.473515,-1,285
104.247168,30.554864,75,286
104.054325,30.387462,-1,287
103.682507,30.612738,76,288
104.009182,30.763896,77,289
104.099229,30.830021,-1,290
104.344598,30.828638,78,291
103.986719,30.485041,-1,292
103.917234,30.683996,40,293
104.219908,30.783156,-1,294
104.229878,30.659778,-1,295
104.107118,30.521053,-1,296
104.097604,30.459018,-1,297
104.286888,30.693872,-1,298
103.813508,30.630701,65,299
104.244172,30.645734,79,300
103.86181,30.630303,-1,301
104.076119,30.378547,-1,302
103.833843,30.64019,80,303
104.115593,30.523214,-1,304
103.831176,30.573809,-1,305
103.762869,30.599123,-1,306
104.487672,30.427391,81,307
104.115467,30.752609,-1,308
104.035431,30.298066,82,309
104.121475,30.539679,83,310
104.320521,30.281364,-1,311
104.320176,30.277947,46,312
104.882352,30.082716,-1,313
104.220349,30.573855,-1,314
104.465984,30.485181,-1,315
103.088625,30.059611,-1,316
104.004608,30.50963,-1,317
104.025616,30.467721,-1,318
104.116178,30.452344,232,319
104.263622,29.943102,53,320
103.870068,30.772375,-1,321
103.687708,30.398962,-1,322
104.071295,30.689342,84,323
104.194114,30.964774,-1,324
104.039652,30.225847,48,325
103.661468,30.960981,28,326
103.340775,30.339879,-1,327
104.414782,30.243772,-1,328
104.488249,30.493206,7,329
104.125307,30.769686,85,330
104.319474,30.71307,-1,331
104.325174,30.295274,-1,332
104.093204,30.856437,-1,333
104.379843,30.581704,-1,334
103.931857,30.693352,-1,335
104.390372,31.063238,-1,336
104.065948,30.768001,-1,337
104.161781,30.599674,60,338
103.870346,31.040184,-1,339
104.172899,30.485188,25,340
104.387633,30.296682,-1,341
103.933598,30.472835,-1,342
103.872687,30.779107,86,343
104.446763,30.472419,233,344
103.796851,30.852511,-1,345
103.876671,30.467679,-1,346
104.196781,30.589745,26,347
103.998177,30.735787,-1,348
103.855492,30.633396,-1,349
104.013313,30.726918,-1,350
103.885799,31.028435,73,351
103.722044,30.561776,-1,352
104.334417,30.833572,-1,353
104.523689,30.652859,-1,354
103.895584,30.398615,-1,355
103.827422,30.573125,-1,356
104.008858,30.480766,-1,357
104.07299,30.371282,-1,358
104.033843,30.498466,-1,359
103.871731,30.621344,-1,360
104.242423,30.650337,12,361
103.491644,30.530793,-1,362
104.804503,30.151756,70,363
104.102645,30.53699,193,364
104.326685,30.860063,57,365
104.164651,30.65843,54,366
104.032085,30.858755,87,367
104.85732,29.741349,-1,368
103.960734,30.364264,-1,369
104.175327,30.523533,-1,370
103.654,30.896977,-1,371
104.076398,30.774078,-1,372
103.898372,30.772747,-1,373
103.910111,30.732982,-1,374
104.112462,30.752843,30,375
104.118499,30.75725,88,376
104.105897,30.855306,-1,377
104.024799,30.560395,-1,378
103.949499,30.55427,-1,379
103.99368,30.764576,89,380
103.929273,30.945122,-1,381
103.634165,30.479803,-1,382
104.599084,30.684618,-1,383
104.149606,30.622593,-1,384
103.743157,30.395535,-1,385
103.958879,30.63529,-1,386
103.861729,30.804219,71,387
104.109567,30.50658,-1,388
103.920851,30.540898,-1,389
103.720615,31.102435,-1,390
104.178934,30.783049,34,391
104.303136,30.321353,-1,392
102.961937,30.187727,-1,393
104.111779,30.522952,-1,394
104.406124,30.339376,-1,395
103.970665,30.988902,-1,396
104.331352,30.644396,16,397
104.312383,30.289394,-1,398
104.118795,30.619596,-1,399
103.9711,30.650707,8,400
103.820284,30.609615,-1,401
104.430292,30.966239,-1,402
103.742971,30.576708,-1,403
104.150592,30.685932,-1,404
104.359715,30.814833,-1,405
103.993256,30.923828,-1,406
104.021968,30.522582,257,407
104.150691,30.358943,-1,408
103.972114,30.991207,-1,409
103.544996,30.210486,-1,410
104.043887,30.445943,15,411
104.67026,30.087736,-1,412
104.390627,30.286511,90,413
103.967013,30.390617,-1,414
103.624334,30.925929,-1,415
103.64781,30.95163,91,416
104.194899,31.570704,-1,417
104.175368,30.78822,-1,418
103.895593,31.010755,-1,419
103.863841,30.346967,-1,420
103.270159,30.193242,-1,421
103.967593,30.648605,4,422
103.697268,30.396129,272,423
104.072,30.434178,-1,424
103.867487,30.779692,92,425
103.741837,30.69521,93,426
103.91761,30.989302,-1,427
104.49677,30.493131,-1,428
103.875475,30.719373,-1,429
103.778543,31.17833,-1,430
103.940436,30.329665,-1,431
104.202423,30.726186,21,432
104.299841,30.99251,-1,433
104.325823,30.278142,-1,434
104.094216,30.230529,-1,435
104.10774,30.949876,-1,436
104.079087,30.818293,-1,437
103.836611,30.52544,-1,438
103.908597,30.543472,94,439
104.071451,30.69026,84,440
104.069854,30.768119,5,441
104.112468,30.75284,30,442
104.480239,30.505199,-1,443
104.190883,30.817997,-1,444
103.815536,30.633373,65,445
103.798723,30.972775,-1,446
104.288701,30.595156,-1,447
104.101741,30.496988,-1,448
104.224751,30.794121,95,449
104.125491,30.769644,85,450
103.887341,30.427794,-1,451
103.452109,30.474946,-1,452
104.265918,30.616522,-1,453
104.318607,30.275489,46,454
104.67615,30.08413,96,455
104.255135,30.471571,-1,456
104.025194,30.644379,-1,457
104.104147,30.423649,-1,458
103.743969,30.356807,-1,459
103.818395,30.794007,-1,460
104.451595,30.475861,-1,461
104.099782,30.82998,-1,462
103.953022,30.833935,-1,463
103.872685,30.779085,86,464
104.004264,30.592312,-1,465
104.595931,31.765621,-1,466
103.867916,30.665162,-1,467
103.797009,30.646604,-1,468
104.148352,30.836031,-1,469
104.235158,30.646805,35,470
104.669519,29.503572,97,471
104.499966,30.683946,-1,472
104.436993,31.26251,-1,473
104.066504,30.692382,-1,474
104.153325,30.578573,-1,475
104.105008,30.828043,-1,476
104.066893,30.487005,-1,477
103.903968,30.683067,-1,478
103.897313,30.836322,56,479
103.837123,30.349167,-1,480
103.995968,30.761797,-1,481
103.915911,30.858819,-1,482
104.056155,30.847771,98,483
103.785669,30.57396,-1,484
104.548981,30.717996,-1,485
103.905497,30.810456,24,486
103.887214,30.575409,-1,487
103.662615,30.970633,99,488
103.981033,30.899179,-1,489
104.320281,30.277969,46,490
104.057973,30.380819,-1,491
104.092825,30.779216,-1,492
104.322831,30.309288,-1,493
104.234686,30.646421,35,494
104.099701,30.466936,100,495
103.959884,30.373608,101,496
103.792493,30.187197,-1,497
104.109997,30.587438,-1,498
103.846145,30.666003,-1,499
104.050555,30.481389,-1,500
104.141569,30.95277,-1,501
103.275293,30.185525,-1,502
104.269342,30.729291,-1,503
104.101595,30.789647,-1,504
104.326591,30.896156,-1,505
104.256565,30.582375,-1,506
104.472999,30.344625,-1,507
104.165968,30.712557,102,508
103.896747,30.476367,-1,509
104.22485,30.7939,95,510
104.011034,30.662716,-1,511
104.086553,30.833975,-1,512
103.921048,30.702844,-1,513
103.956894,30.725949,33,514
103.784434,30.65182,-1,515
104.102022,30.420096,-1,516
104.105978,30.587259,-1,517
103.800936,30.453573,-1,518
104.203835,30.726018,21,519
103.998564,30.253221,-1,520
104.064032,30.597862,-1,521
104.219148,30.528753,-1,522
104.164321,30.594206,-1,523
104.083099,30.763118,-1,524
104.500493,30.426003,-1,525
104.495658,30.417932,-1,526
103.661669,30.961109,28,527
103.998599,30.448471,-1,528
104.278958,30.642665,-1,529
104.139282,30.693641,-1,530
104.324702,30.308659,-1,531
104.208495,30.524347,103,532
104.110257,30.767433,248,533
103.887225,30.528609,104,534
104.502556,30.419186,-1,535
104.432772,30.494591,-1,536
103.90543,30.810509,24,537
104.469258,30.848168,-1,538
104.02592,31.382741,-1,539
103.66292,30.91035,-1,540
104.255466,30.531106,105,541
104.278255,30.727595,-1,542
104.37803,30.313197,106,543
104.326852,30.860157,57,544
104.112637,30.832972,-1,545
104.148806,30.839438,-1,546
104.073636,30.839872,-1,547
104.125163,30.77002,85,548
103.496906,30.547134,107,549
104.202546,30.7262,21,550
103.975614,31.046353,-1,551
104.094824,30.231445,-1,552
104.223742,30.566334,55,553
104.015008,30.585926,-1,554
104.081897,30.459481,-1,555
104.000863,30.762469,-1,556
104.328233,30.34582,-1,557
103.884764,30.368801,-1,558
103.941188,30.33123,-1,559
104.102769,30.550209,-1,560
104.046097,30.488095,-1,561
104.072014,30.203782,-1,562
104.001352,31.04734,-1,563
104.175752,30.715312,59,564
104.2506,30.541575,-1,565
104.308841,30.865632,108,566
103.452803,30.473678,-1,567
103.688985,30.399911,-1,568
104.138381,30.817883,-1,569
104.052059,30.470895,-1,570
104.23511,30.646837,35,571
103.696803,30.65212,-1,572
104.070867,30.726565,174,573
104.0903,30.740184,109,574
104.199385,30.509988,110,575
104.322949,30.644825,111,576
104.190112,30.662379,-1,577
104.044967,30.445084,15,578
104.135105,30.589719,-1,579
104.615093,30.16294,-1,580
104.04793,30.541567,112,581
103.516707,30.20218,-1,582
103.946829,30.553767,-1,583
104.31631,30.272089,-1,584
103.460138,30.746949,9,585
103.720534,31.102651,-1,586
103.613866,30.959931,-1,587
103.942295,30.847525,113,588
104.501903,30.354399,-1,589
104.165449,30.658883,54,590
104.599028,30.684652,-1,591
104.456946,30.827017,-1,592
103.88719,30.427383,-1,593
104.188684,30.730588,-1,594
104.184171,30.726292,-1,595
104.197004,30.73814,-1,596
104.283911,30.815313,-1,597
104.069669,30.768255,5,598
104.044203,30.445518,15,599
104.201023,30.741908,-1,600
103.814321,30.633044,65,601
104.115162,30.417687,-1,602
104.049219,30.607237,-1,603
103.923055,30.273906,-1,604
104.272981,30.814498,-1,605
103.961636,30.384384,-1,606
103.893002,30.513649,114,607
103.827001,30.934357,-1,608
103.997105,30.248496,-1,609
103.944669,30.484805,-1,610
103.958402,30.663619,115,611
104.096271,30.542958,38,612
103.870807,30.603911,-1,613
104.049759,30.783107,-1,614
103.846715,30.438137,-1,615
104.018288,30.442302,-1,616
103.824731,30.932656,-1,617
103.519012,30.204457,-1,618
104.501971,30.474106,246,619
104.093599,30.581454,10,620
103.553264,30.22109,116,621
104.024579,30.495197,-1,622
104.112467,30.752837,30,623
104.149218,30.839346,-1,624
103.981805,30.410294,-1,625
104.001838,30.884482,-1,626
103.918977,30.231184,-1,627
103.857778,31.065641,117,628
104.57073,31.034111,-1,629
103.967699,30.64867,4,630
104.07892,30.684598,-1,631
104.087044,30.804354,-1,632
103.888193,30.556062,118,633
103.531882,31.405107,-1,634
104.020896,29.139638,119,635
103.856435,30.647253,-1,636
104.177129,30.718727,120,637
103.937708,30.61904,121,638
104.355642,30.665762,-1,639
103.783186,30.989423,-1,640
103.892867,30.447581,72,641
103.681159,30.894099,-1,642
103.554795,30.555313,-1,643
104.39513,30.896028,-1,644
103.790554,29.437545,-1,645
103.797646,30.404747,-1,646
104.183993,30.710854,14,647
104.036443,30.296804,-1,648
103.935611,30.905603,44,649
104.093423,30.577272,-1,650
103.893242,31.018909,243,651
104.187961,30.772696,-1,652
103.993945,30.468981,-1,653
104.043653,30.446667,15,654
104.097255,30.890823,-1,655
103.856091,30.630376,-1,656
103.987919,30.464272,-1,657
104.225255,30.638786,20,658
103.932064,30.472939,-1,659
103.861729,30.804237,71,660
104.162506,30.556612,122,661
104.225851,30.833471,-1,662
104.225752,30.791514,62,663
103.700712,30.653876,-1,664
104.085572,30.748877,-1,665
104.245719,30.991695,-1,666
104.908103,30.160171,-1,667
103.945314,30.624951,-1,668
104.321156,30.292,-1,669
104.389247,30.296078,-1,670
103.661043,30.961305,28,671
103.998331,30.666464,-1,672
103.996848,31.140841,-1,673
103.465551,30.43782,123,674
104.081639,30.454875,228,675
104.181809,30.683279,-1,676
103.737186,30.511021,124,677
104.41901,30.500827,-1,678
103.873821,30.417359,125,679
104.520854,30.433044,-1,680
103.76663,30.039239,-1,681
104.494476,30.336744,-1,682
104.553582,31.750618,-1,683
104.101318,30.452556,-1,684
103.70155,30.602313,3,685
103.48071,30.409494,-1,686
104.011177,30.664686,-1,687
103.654834,30.926893,52,688
103.717138,31.021642,-1,689
103.912703,30.584308,-1,690
104.40997,31.174268,-1,691
104.115851,30.46043,-1,692
104.048841,30.488535,-1,693
104.660566,31.131011,-1,694
104.13435,30.590021,-1,695
103.968127,30.586355,126,696
104.215333,30.82086,-1,697
104.385914,30.300819,-1,698
104.079306,30.534299,-1,699
104.182723,30.717413,127,700
104.320281,30.277969,46,701
104.287554,30.678315,-1,702
103.939631,30.422296,-1,703
104.670179,30.087752,-1,704
103.978414,30.024366,-1,705
104.655577,30.341991,-1,706
104.040946,30.53106,-1,707
104.038091,30.646378,-1,708
104.062609,30.725482,-1,709
104.040759,30.665823,-1,710
104.076264,30.790129,-1,711
104.445852,30.856311,-1,712
104.268653,30.822792,-1,713
104.118381,30.757205,88,714
104.214977,30.582768,128,715
104.310175,30.688293,-1,716
103.742612,31.195883,-1,717
104.111507,30.25045,-1,718
104.3889,30.28507,-1,719
104.056054,30.76336,129,720
104.386663,30.35623,-1,721
103.974234,30.542891,-1,722
103.920842,30.674828,-1,723
104.099435,30.495459,-1,724
103.696025,30.602802,-1,725
104.173139,30.484687,25,726
103.847468,30.665592,-1,727
103.634533,30.952217,-1,728
104.192424,31.192532,-1,729
104.035948,30.609039,-1,730
104.216954,30.957176,-1,731
103.532007,30.56197,-1,732
103.902834,30.658323,130,733
104.386365,30.30131,-1,734
103.889268,30.817282,-1,735
104.079242,30.513059,131,736
104.037166,30.32889,132,737
104.55486,30.353763,143,738
104.220768,30.63892,45,739
104.238114,30.653067,133,740
104.072802,30.445982,-1,741
104.005038,30.513271,-1,742
104.29816,30.685461,-1,743
103.473035,30.609358,-1,744
103.879525,30.489014,-1,745
104.107943,30.772214,-1,746
104.223647,30.710322,209,747
104.414998,30.24412,-1,748
104.054051,30.45757,31,749
103.801441,31.165793,-1,750
103.843635,30.673436,-1,751
104.489542,30.493987,7,752
104.112506,30.752935,30,753
103.829779,30.388181,-1,754
104.2211,30.639198,45,755
103.851277,31.059383,-1,756
104.203189,30.726052,21,757
103.817322,30.926744,-1,758
104.100168,30.526519,-1,759
103.760784,30.635869,-1,760
104.479878,30.504953,-1,761
103.969297,30.366372,134,762
104.26288,30.731773,-1,763
104.354169,30.435634,135,764
104.435307,30.355431,-1,765
104.349134,30.644894,-1,766
104.165557,30.641973,-1,767
104.111097,30.569851,-1,768
103.722814,30.618215,-1,769
104.462894,30.348027,-1,770
103.883207,30.617512,-1,771
103.936887,30.614753,39,772
103.616289,30.976135,-1,773
103.940684,30.614103,136,774
103.530444,31.410262,-1,775
103.653361,30.893967,-1,776
103.998896,30.743528,137,777
103.833736,30.635242,-1,778
104.041055,30.593282,49,779
104.223459,30.710667,209,780
104.056118,30.84789,98,781
103.547618,30.37415,-1,782
103.847359,30.54196,-1,783
104.166646,30.637534,138,784
103.969073,31.007922,-1,785
103.873529,30.229747,-1,786
103.53039,31.406222,-1,787
103.934899,30.634868,-1,788
103.854112,30.57281,-1,789
103.970936,30.650491,8,790
104.299776,30.315856,-1,791
104.041005,30.593482,49,792
103.870911,30.775067,-1,793
104.259323,30.848049,-1,794
103.64781,30.95163,91,795
104.105734,30.4287,-1,796
103.952093,30.637839,-1,797
104.269029,30.578972,139,798
104.198158,30.581934,140,799
104.214575,30.583538,128,800
104.151625,30.775655,-1,801
103.692466,30.937024,-1,802
104.106946,30.872508,-1,803
104.052855,30.467363,-1,804
104.006672,30.592353,141,805
103.712752,30.582728,-1,806
103.504997,30.745593,-1,807
103.773366,30.434627,-1,808
103.964455,30.636941,142,809
103.661636,30.961055,28,810
103.953755,30.45198,-1,811
104.027212,30.632935,-1,812
104.127298,30.41329,-1,813
104.555316,30.352728,143,814
104.192043,30.821448,-1,815
103.909968,30.544421,144,816
103.908208,30.235119,-1,817
104.530241,30.635767,-1,818
103.530244,30.557107,-1,819
103.892963,30.513839,114,820
104.072799,30.371375,-1,821
103.796328,30.387862,-1,822
104.039276,30.224478,48,823
104.675596,30.084145,96,824
104.5314,30.411551,-1,825
104.055149,30.430598,-1,826
104.064141,30.740746,-1,827
103.873692,30.417039,125,828
103.904255,30.915595,-1,829
104.024055,30.617256,-1,830
104.119557,30.724361,-1,831
103.948701,30.934448,-1,832
104.442394,30.842919,-1,833
104.110338,30.505326,-1,834
103.952308,30.999199,-1,835
104.019006,29.139558,119,836
104.450031,30.480609,145,837
103.922252,30.600064,-1,838
103.999544,30.688948,-1,839
104.791544,29.726079,-1,840
103.895521,31.01569,-1,841
103.45143,30.472062,-1,842
103.999064,30.498374,-1,843
103.819057,30.797176,146,844
103.981302,30.785154,50,845
103.692422,30.916465,-1,846
104.044178,30.446898,15,847
103.64917,31.022953,-1,848
104.973345,29.870971,61,849
104.078943,30.365221,147,850
104.175207,30.664431,148,851
104.234487,30.725033,-1,852
104.361164,30.658886,-1,853
103.916673,30.683837,40,854
104.02315,31.379567,-1,855
103.754041,31.015323,-1,856
104.069667,30.692112,-1,857
104.058014,30.728287,-1,858
103.496287,30.548419,149,859
103.936365,30.905817,44,860
104.111967,30.514947,-1,861
104.20211,30.726045,21,862
104.435307,30.355431,-1,863
103.913407,30.631062,6,864
103.70784,30.406063,-1,865
103.909984,30.544403,144,866
104.255511,30.531247,105,867
104.314831,30.272437,-1,868
104.085615,30.329452,-1,869
103.950936,31.011858,235,870
104.068445,30.573375,-1,871
103.912946,30.825171,150,872
104.096321,30.540691,38,873
104.308845,30.30848,-1,874
104.131816,30.943582,-1,875
104.2439,30.645432,79,876
103.973479,30.623954,-1,877
103.887425,30.528621,104,878
104.430307,30.965894,-1,879
103.702669,30.619154,-1,880
104.242604,30.651203,12,881
104.234701,30.919319,-1,882
103.912128,30.714192,-1,883
103.957877,30.66308,115,884
103.909792,30.734392,-1,885
104.199503,30.740347,-1,886
103.49526,30.407069,-1,887
104.164168,30.701103,-1,888
104.045139,30.551272,-1,889
104.224924,30.794008,95,890
104.48237,30.491671,-1,891
104.120066,30.773067,151,892
103.71862,30.566272,-1,893
104.221385,30.639072,45,894
104.159973,30.609963,-1,895
104.391801,30.283105,175,896
103.642827,30.942409,-1,897
104.332894,30.641954,-1,898
103.912484,30.630895,6,899
103.998413,30.481132,-1,900
103.905374,30.744087,-1,901
103.652205,30.689697,-1,902
103.880417,30.404341,152,903
104.051307,30.476718,47,904
104.247076,30.284589,-1,905
104.185846,30.719696,153,906
103.661043,30.961136,28,907
103.287156,30.165494,-1,908
104.216636,30.648639,274,909
104.133881,30.591054,-1,910
104.426818,31.006787,-1,911
104.189428,31.005037,-1,912
103.659565,30.926207,-1,913
104.045396,31.337942,-1,914
104.370447,30.289286,-1,915
104.088417,30.548921,-1,916
103.49592,30.753175,-1,917
104.155147,30.580461,-1,918
103.55985,30.549001,154,919
104.273085,30.94573,-1,920
104.215461,30.820976,-1,921
104.023359,30.807289,-1,922
103.738124,30.596887,-1,923
103.964365,30.637269,142,924
104.121638,30.539654,83,925
103.896496,30.802453,-1,926
103.538296,30.552791,-1,927
104.361526,30.351527,-1,928
103.108821,29.289022,-1,929
103.883513,30.666061,67,930
103.968565,30.468954,-1,931
103.970778,30.988918,-1,932
104.18587,30.71967,153,933
103.601721,30.831116,-1,934
104.081215,30.471063,-1,935
104.061929,30.181237,-1,936
103.909656,30.544513,144,937
103.873821,30.417359,125,938
104.133881,30.591054,-1,939
104.040384,30.513871,-1,940
103.558205,30.619819,-1,941
104.003974,30.606325,-1,942
104.115364,31.512534,-1,943
103.912727,30.630962,6,944
103.709132,30.392797,155,945
103.678692,30.303515,-1,946
104.575144,30.685966,17,947
103.533277,30.207068,-1,948
103.93542,30.905381,44,949
103.991027,30.739199,156,950
103.934019,30.757948,-1,951
103.888045,31.035439,-1,952
104.268978,30.578664,139,953
103.942263,30.847809,113,954
104.29847,30.684154,-1,955
104.019319,29.141461,-1,956
104.58219,30.352745,-1,957
104.735323,30.18937,-1,958
103.972195,30.542101,157,959
103.958191,30.662462,115,960
103.812639,30.463351,-1,961
104.203555,30.726281,21,962
104.496033,30.417965,-1,963
104.453811,30.854262,-1,964
102.648986,30.918271,-1,965
104.072662,30.404053,-1,966
104.228683,30.69223,-1,967
104.089058,30.192947,-1,968
104.224085,30.566481,55,969
104.125403,30.769382,85,970
103.113767,29.972983,-1,971
104.367479,30.434505,-1,972
103.94914,30.678998,-1,973
104.311972,30.298184,158,974
104.186958,30.707522,-1,975
104.069653,30.768333,5,976
103.921856,30.76676,-1,977
104.346521,30.663132,-1,978
104.228349,30.708025,-1,979
103.916818,30.683862,40,980
103.97405,30.800142,2,981
103.825038,30.814724,-1,982
103.535454,30.564578,-1,983
103.85131,31.059391,-1,984
104.044329,30.446978,15,985
104.027223,30.450471,159,986
104.092551,30.58566,-1,987
103.794405,30.441109,-1,988
103.647279,30.95146,91,989
103.498395,30.569082,160,990
104.052248,30.487168,-1,991
103.961082,30.94075,161,992
104.364128,30.658065,263,993
104.320808,30.826797,-1,994
104.058077,30.728612,-1,995
104.46157,30.849767,-1,996
104.55498,30.354595,-1,997
103.662084,30.960559,28,998
104.24365,30.651006,12,999
103.872403,30.778049,86,1000
104.025697,30.157416,-1,1001
104.099629,30.46682,100,1002
104.145694,30.393977,-1,1003
103.988452,30.627649,18,1004
103.892899,30.513862,114,1005
104.804325,30.152442,70,1006
103.703003,30.633042,-1,1007
104.629069,30.556185,-1,1008
104.118381,30.757205,88,1009
104.172987,30.48467,25,1010
104.26351,29.942822,53,1011
104.228795,30.692346,-1,1012
104.525699,30.636314,-1,1013
104.179335,30.537448,-1,1014
104.055189,30.633118,-1,1015
104.530241,30.635767,-1,1016
103.891951,30.249403,-1,1017
104.204508,30.426603,-1,1018
104.756812,30.633466,162,1019
103.909487,30.544703,144,1020
104.239337,30.859956,-1,1021
103.477701,30.428811,270,1022
103.855246,29.871272,-1,1023
103.938178,30.662379,-1,1024
104.44976,30.336037,-1,1025
104.093125,30.580946,10,1026
103.963316,30.447969,-1,1027
103.888608,30.556627,118,1028
103.814921,30.406034,-1,1029
103.890004,30.441716,-1,1030
104.02992,30.720315,-1,1031
103.517066,30.392115,-1,1032
103.459794,30.746871,9,1033
104.35429,30.288161,-1,1034
103.384194,30.730969,-1,1035
104.168935,30.741531,163,1036
103.973923,30.958525,-1,1037
103.503838,31.26182,-1,1038
103.951355,30.637587,-1,1039
103.637061,30.927783,-1,1040
103.586573,30.388364,-1,1041
104.078354,30.594382,-1,1042
104.202716,30.725862,21,1043
103.995912,30.643405,266,1044
103.877955,30.197425,164,1045
104.081008,30.486259,-1,1046
104.277613,30.643942,-1,1047
104.418309,30.897593,-1,1048
104.793124,30.146463,-1,1049
104.908375,30.159889,-1,1050
104.255336,30.859601,165,1051
104.343067,30.696751,-1,1052
104.32288,30.29622,-1,1053
103.924389,30.949728,166,1054
103.785897,30.653357,-1,1055
103.973764,30.80042,2,1056
104.047287,30.449918,-1,1057
103.96952,30.982268,167,1058
104.473858,30.486956,-1,1059
104.030295,31.158474,-1,1060
103.896733,30.666638,37,1061
103.911851,30.630883,6,1062
104.57065,31.034094,-1,1063
104.131518,30.67696,-1,1064
104.161771,30.599733,60,1065
103.895399,30.398101,-1,1066
103.984485,30.550414,-1,1067
104.140805,30.817161,-1,1068
104.032924,30.467715,-1,1069
104.05255,30.246197,168,1070
104.231805,30.639522,-1,1071
104.08128,30.499697,-1,1072
104.055253,30.445623,-1,1073
103.997957,30.755221,-1,1074
103.814779,30.633177,65,1075
103.960614,30.678466,-1,1076
104.161425,30.594412,-1,1077
104.236149,30.646804,35,1078
104.120217,30.773061,151,1079
103.824281,30.422425,-1,1080
104.01142,30.479997,-1,1081
103.785466,30.377162,-1,1082
103.497236,30.753586,-1,1083
104.056187,30.763236,129,1084
103.995701,30.531398,-1,1085
104.063737,30.442784,-1,1086
103.895399,30.398101,-1,1087
103.903539,30.477318,-1,1088
103.860347,30.837397,-1,1089
103.661215,30.961255,28,1090
103.752941,30.556156,-1,1091
104.156794,30.416295,-1,1092
103.724741,30.57842,-1,1093
103.450783,30.471632,-1,1094
104.572895,30.687292,17,1095
104.354241,30.435534,135,1096
103.873744,30.417287,125,1097
103.800897,30.396298,-1,1098
103.849082,30.703673,-1,1099
103.962714,30.448234,-1,1100
103.964415,30.637083,142,1101
103.873705,30.417269,125,1102
104.037317,30.660065,68,1103
104.009268,31.1935,-1,1104
103.876648,30.491019,169,1105
104.019127,29.138972,119,1106
104.340487,30.672318,-1,1107
104.270388,30.658345,-1,1108
103.898372,30.772747,-1,1109
103.853052,30.625307,-1,1110
103.837402,30.357914,170,1111
104.43279,29.864783,-1,1112
104.164643,30.65845,54,1113
103.969255,30.36641,134,1114
103.533062,30.207318,-1,1115
104.112923,30.578923,0,1116
104.513058,30.42008,171,1117
104.309229,30.865238,108,1118
104.036584,30.236498,-1,1119
103.687143,30.837105,-1,1120
104.098437,30.544088,-1,1121
103.973796,30.80042,2,1122
103.873529,30.229747,-1,1123
103.640628,30.965928,-1,1124
103.618334,30.533952,-1,1125
104.75949,30.373589,-1,1126
103.921016,30.70293,-1,1127
104.700637,31.003182,-1,1128
104.012256,30.487353,-1,1129
104.005279,30.123671,-1,1130
103.870696,30.603738,-1,1131
104.367745,30.289098,172,1132
104.220719,30.708742,209,1133
103.889363,30.817148,-1,1134
103.902682,30.658401,130,1135
104.511148,30.353666,43,1136
103.957967,30.662912,115,1137
104.208886,30.524099,103,1138
104.199384,31.631873,-1,1139
104.202062,30.726058,21,1140
104.100098,30.523112,-1,1141
103.901185,30.834501,173,1142
103.970659,30.649922,8,1143
103.874538,30.664535,-1,1144
103.927466,30.602633,-1,1145
103.736899,30.728828,-1,1146
104.002209,30.693968,-1,1147
104.221958,30.67596,-1,1148
104.22147,30.638413,45,1149
104.069531,30.500452,-1,1150
104.297602,31.034953,63,1151
103.968523,30.458866,-1,1152
103.97639,30.46829,-1,1153
104.398179,30.303809,-1,1154
103.681823,30.596692,-1,1155
103.819513,30.572009,-1,1156
104.308566,30.865264,108,1157
104.261436,31.078829,-1,1158
103.499852,30.560361,-1,1159
103.682501,30.612795,76,1160
103.888154,30.508715,-1,1161
104.071432,30.725087,174,1162
103.617359,30.978188,-1,1163
103.956726,30.798684,-1,1164
103.825054,30.731635,-1,1165
104.046858,30.540403,112,1166
104.392859,30.283684,175,1167
104.119663,30.522058,-1,1168
103.877331,30.572595,-1,1169
103.456715,30.431858,-1,1170
104.235662,30.646996,35,1171
103.870943,30.70189,176,1172
104.501335,30.484756,-1,1173
103.720341,30.564637,-1,1174
103.973208,30.579743,268,1175
103.816954,30.798431,-1,1176
103.996662,30.468916,-1,1177
103.973828,30.800322,2,1178
104.020275,29.139512,119,1179
103.880121,30.404261,152,1180
103.813217,30.425531,-1,1181
104.049736,30.749901,-1,1182
104.010969,30.835339,-1,1183
104.000348,30.520393,-1,1184
104.177021,30.70156,-1,1185
104.046934,30.760544,-1,1186
103.920851,30.540898,-1,1187
104.0696,30.768373,5,1188
104.198217,30.739024,-1,1189
104.164836,30.807893,-1,1190
103.861859,30.445483,177,1191
103.532358,30.561903,-1,1192
103.907978,30.972119,255,1193
104.266582,30.616006,-1,1194
104.242811,30.650605,12,1195
104.173179,30.484737,25,1196
103.981752,30.453636,-1,1197
103.908234,30.678266,-1,1198
103.875209,30.480434,273,1199
104.106719,30.491108,178,1200
104.020831,29.139743,119,1201
103.937171,30.614653,39,1202
104.093234,30.581737,10,1203
104.466193,30.343967,-1,1204
103.981376,30.785394,50,1205
104.135002,30.805985,32,1206
104.296603,30.99344,179,1207
103.993527,30.764642,89,1208
103.739066,30.575567,-1,1209
103.884669,30.388736,180,1210
103.861067,30.445664,177,1211
103.718053,30.590146,-1,1212
103.808189,30.205674,-1,1213
103.893419,30.513664,114,1214
103.877628,30.774042,-1,1215
104.089657,30.67966,-1,1216
104.044091,30.445702,15,1217
103.974473,31.067841,-1,1218
103.766111,31.195782,-1,1219
103.902462,30.366275,-1,1220
103.613866,30.959931,-1,1221
104.072761,30.633588,-1,1222
103.797115,30.87152,-1,1223
104.198203,30.659732,-1,1224
104.253816,30.858722,165,1225
104.236445,30.64692,35,1226
104.204619,30.426441,-1,1227
104.235821,30.64677,35,1228
104.087565,30.759907,1,1229
103.448883,30.483854,-1,1230
103.877495,30.608427,-1,1231
104.504652,30.48834,-1,1232
104.417807,30.91919,-1,1233
104.125407,30.76958,85,1234
103.874339,30.48422,-1,1235
103.709453,30.393597,155,1236
104.14057,30.827156,181,1237
103.814757,30.498191,-1,1238
104.216748,30.835036,-1,1239
103.87975,31.055407,-1,1240
103.51407,31.427661,-1,1241
104.048657,30.726368,-1,1242
104.15287,30.613129,-1,1243
103.983184,30.600046,-1,1244
103.986227,30.723755,-1,1245
103.539724,30.552722,-1,1246
104.201418,30.739449,182,1247
104.378246,30.313432,106,1248
104.572882,30.708895,-1,1249
103.754126,31.014956,-1,1250
104.011295,30.443099,-1,1251
104.064992,30.179443,183,1252
103.938341,30.616189,-1,1253
104.008697,30.590745,69,1254
104.489891,30.460775,-1,1255
103.936241,30.614169,39,1256
104.245719,30.991695,-1,1257
104.104137,30.538023,-1,1258
103.960119,30.373831,101,1259
104.105579,30.764976,-1,1260
104.531302,30.452103,-1,1261
104.110842,30.643071,-1,1262
102.961937,30.187726,-1,1263
104.242785,30.651605,12,1264
104.433144,30.846466,-1,1265
104.311156,31.046339,-1,1266
103.823825,30.647505,-1,1267
103.705461,30.404664,-1,1268
104.039426,30.225052,48,1269
104.235885,30.64622,35,1270
104.164383,30.658772,54,1271
104.174254,30.864901,-1,1272
104.023623,31.37613,-1,1273
103.971243,30.428442,-1,1274
104.191862,30.789929,184,1275
103.887005,30.820535,185,1276
104.564025,30.387739,-1,1277
104.371726,30.864367,64,1278
104.078449,30.372426,-1,1279
104.021573,31.425831,-1,1280
103.817453,30.633988,65,1281
104.106462,30.530639,-1,1282
103.908644,30.542407,94,1283
103.889471,30.431261,-1,1284
104.213757,30.552113,186,1285
104.033579,30.525157,-1,1286
103.973539,30.622768,-1,1287
104.201102,30.733751,187,1288
104.165307,30.658987,54,1289
104.009177,30.764522,77,1290
103.885401,30.665441,-1,1291
104.071441,30.836742,-1,1292
103.853778,30.625633,-1,1293
104.077407,30.588679,-1,1294
103.613746,30.871079,-1,1295
104.167319,30.675094,-1,1296
104.293703,30.571617,-1,1297
104.949612,30.210979,-1,1298
103.91673,30.683814,40,1299
104.184089,30.717088,-1,1300
103.794879,30.545011,-1,1301
104.178651,30.78306,34,1302
104.048339,30.540886,112,1303
103.981612,30.784796,50,1304
102.211858,29.821063,-1,1305
103.902218,30.658359,130,1306
103.990636,30.739654,156,1307
104.242604,30.651069,12,1308
104.166494,30.628271,29,1309
104.077593,30.794552,188,1310
103.804068,31.249713,-1,1311
104.201332,30.742303,-1,1312
104.049557,31.255758,-1,1313
104.087269,30.804273,-1,1314
104.229904,30.788614,-1,1315
104.173059,30.865595,-1,1316
103.975264,30.881144,-1,1317
104.150356,30.616489,189,1318
103.728991,30.399329,-1,1319
103.891507,30.409369,-1,1320
104.081917,30.444718,-1,1321
104.147058,30.777592,-1,1322
104.007995,30.4818,-1,1323
104.0637,30.632798,190,1324
104.242388,30.650387,12,1325
104.224924,30.794008,95,1326
104.069788,30.768793,5,1327
103.49734,30.567473,191,1328
104.575064,30.69585,-1,1329
103.973499,30.619701,-1,1330
103.956645,30.93954,-1,1331
104.097161,30.759015,-1,1332
104.383712,30.842925,-1,1333
103.828608,30.854299,-1,1334
104.58219,30.352745,-1,1335
103.643319,30.469908,192,1336
104.671317,30.055186,-1,1337
103.87028,30.466799,-1,1338
104.072627,30.298815,-1,1339
103.921254,30.749416,-1,1340
104.435307,30.355431,-1,1341
103.846541,30.999153,-1,1342
104.109518,30.506349,-1,1343
104.235654,30.646486,35,1344
103.952465,30.453687,-1,1345
104.162379,30.557048,122,1346
103.609619,30.261413,-1,1347
104.06785,30.809739,-1,1348
103.859243,30.827647,27,1349
103.968221,30.603316,-1,1350
104.990525,29.542423,-1,1351
104.041774,30.196309,-1,1352
104.146274,30.909706,-1,1353
104.67615,30.08413,96,1354
104.090343,30.740067,109,1355
104.574776,30.68605,17,1356
104.033907,30.322664,-1,1357
104.334495,30.712779,-1,1358
104.227968,30.781375,-1,1359
104.102633,30.537241,193,1360
103.768196,30.652422,-1,1361
103.654,30.896977,-1,1362
104.054931,30.650233,-1,1363
103.967763,30.98151,-1,1364
103.793589,30.426591,-1,1365
104.036506,30.29688,-1,1366
103.814458,30.633112,65,1367
103.538392,30.598117,-1,1368
104.700653,31.00323,-1,1369
103.699279,30.399723,-1,1370
104.083618,30.126712,-1,1371
104.326468,30.860394,57,1372
103.880066,30.404316,152,1373
104.452642,30.475643,-1,1374
104.390664,30.284189,-1,1375
104.093359,30.215476,-1,1376
103.498499,30.568896,160,1377
104.961948,30.224278,-1,1378
103.952975,31.011773,-1,1379
104.428096,31.009234,-1,1380
104.366992,30.305717,262,1381
104.138486,30.610883,42,1382
104.382084,30.286515,-1,1383
104.100167,30.568841,-1,1384
104.10657,30.740389,194,1385
104.117526,30.775179,-1,1386
104.007447,30.567808,-1,1387
103.626215,30.402717,-1,1388
104.540039,30.721929,-1,1389
103.901159,30.584627,-1,1390
104.024703,31.385583,-1,1391
104.032886,30.467639,-1,1392
104.116176,30.887204,-1,1393
104.555044,30.35296,143,1394
104.319029,30.273893,-1,1395
104.201192,30.733548,187,1396
103.701598,30.6026,3,1397
103.782979,30.441874,-1,1398
103.830503,30.465859,-1,1399
104.42676,31.006183,-1,1400
104.251838,30.857293,-1,1401
104.093474,30.581099,10,1402
103.867078,30.534978,195,1403
103.970426,30.650289,8,1404
103.739751,31.003503,-1,1405
104.804325,30.152442,70,1406
103.805969,31.164003,-1,1407
104.050148,30.476794,47,1408
104.253261,30.274337,-1,1409
104.152359,30.61185,-1,1410
104.202123,30.739246,182,1411
103.936794,30.613336,39,1412
104.106483,30.465937,-1,1413
104.23779,30.652749,133,1414
103.8161,30.633565,65,1415
104.0734,30.686856,-1,1416
104.023699,30.542035,-1,1417
104.191838,30.790357,184,1418
103.92309,30.717009,58,1419
104.292062,30.812858,-1,1420
103.460611,30.46414,-1,1421
103.558454,30.752554,-1,1422
103.78954,30.682672,-1,1423
104.348809,31.049881,-1,1424
104.077697,30.794948,188,1425
104.138607,30.610591,42,1426
104.047605,30.522953,-1,1427
103.837067,30.948717,-1,1428
104.006445,30.592255,141,1429
103.648079,31.013106,-1,1430
103.87708,30.491232,169,1431
103.824135,30.419254,-1,1432
104.172433,30.759581,-1,1433
104.612863,30.880473,-1,1434
104.410834,30.343315,-1,1435
103.452795,30.47366,-1,1436
103.970778,30.989303,-1,1437
104.10176,30.534664,-1,1438
104.380211,31.009577,-1,1439
104.027387,30.45053,159,1440
104.175207,30.664431,148,1441
103.999003,30.393958,-1,1442
103.637452,30.903044,-1,1443
103.664624,30.900124,-1,1444
104.193174,30.738906,238,1445
103.530369,30.70163,-1,1446
104.293419,30.849532,-1,1447
103.504535,30.573835,-1,1448
104.296135,30.994985,-1,1449
103.958246,30.662703,115,1450
104.351216,30.920221,-1,1451
103.969005,31.008125,-1,1452
104.387596,30.296534,-1,1453
103.396728,30.735805,-1,1454
103.923535,30.255705,-1,1455
104.215077,30.582609,128,1456
104.973546,29.871153,61,1457
104.041029,30.59332,49,1458
104.072672,30.41014,-1,1459
104.064522,30.425395,-1,1460
104.026841,30.448334,-1,1461
104.182684,30.819581,-1,1462
103.917138,30.684184,40,1463
103.929539,30.941244,196,1464
104.236031,30.646526,35,1465
104.027647,30.522674,-1,1466
103.714301,30.910849,-1,1467
103.559986,30.548453,154,1468
104.021629,30.648231,-1,1469
104.112538,30.75272,30,1470
104.017164,30.735314,-1,1471
103.975536,31.046346,-1,1472
104.222845,30.675287,197,1473
103.931033,30.546029,-1,1474
104.145582,30.54675,-1,1475
103.859863,30.301222,198,1476
104.053464,30.46648,19,1477
103.921065,30.95801,-1,1478
103.895706,30.666105,37,1479
103.785712,31.002298,-1,1480
104.008122,30.512946,-1,1481
104.015268,30.527524,-1,1482
103.967369,30.648543,4,1483
104.115249,30.753655,-1,1484
104.367345,30.304499,262,1485
104.20476,30.731009,199,1486
104.187523,30.017968,-1,1487
104.080561,30.7108,-1,1488
103.876787,30.174173,-1,1489
104.051692,30.757917,-1,1490
103.971358,30.738794,-1,1491
103.644331,30.928307,-1,1492
103.963204,30.448053,-1,1493
103.94225,30.611537,-1,1494
103.464095,30.749495,-1,1495
103.999611,30.74426,137,1496
104.320678,30.316075,-1,1497
104.254032,30.858906,165,1498
103.964838,30.386476,-1,1499
103.902346,30.658399,130,1500
103.953768,31.016445,-1,1501
103.698446,30.61018,-1,1502
104.118385,30.58099,-1,1503
103.557857,30.748314,-1,1504
104.254062,30.644332,-1,1505
104.538487,30.661005,-1,1506
104.342934,31.005025,-1,1507
104.247304,30.554976,75,1508
104.036771,30.71173,-1,1509
103.89797,30.661901,-1,1510
104.391096,30.286821,90,1511
104.517247,30.422302,-1,1512
104.371844,30.864574,64,1513
104.065415,30.790804,-1,1514
104.258126,30.856406,-1,1515
104.132354,30.407693,-1,1516
104.396631,30.311932,-1,1517
104.170646,30.615477,200,1518
103.99894,30.743541,137,1519
104.002968,30.624772,-1,1520
103.959666,30.517191,201,1521
104.033139,30.447991,-1,1522
104.181329,30.865019,-1,1523
103.461097,30.619524,-1,1524
104.093598,30.581006,10,1525
103.907957,30.883097,-1,1526
104.669784,29.503572,97,1527
104.105394,30.397525,-1,1528
104.081817,30.597319,-1,1529
104.22101,30.639027,45,1530
103.983135,31.065146,-1,1531
104.052584,30.467085,-1,1532
104.512222,30.618728,-1,1533
103.710297,29.091002,-1,1534
104.311424,30.944043,-1,1535
104.584733,30.117756,-1,1536
103.690139,30.399817,-1,1537
104.057347,30.6488,202,1538
103.989253,30.59625,-1,1539
103.554678,30.216919,-1,1540
103.938347,30.905477,-1,1541
104.164476,30.658853,54,1542
104.20343,30.725968,21,1543
103.87675,30.635486,-1,1544
104.120395,30.773061,151,1545
104.318294,30.861414,-1,1546
104.138622,30.608795,-1,1547
103.977604,30.688472,203,1548
103.802147,30.689766,-1,1549
104.203003,30.725935,21,1550
103.936235,30.613983,39,1551
103.959812,30.517579,201,1552
104.254972,30.579589,-1,1553
104.062416,30.680398,-1,1554
103.980777,30.585392,-1,1555
104.508827,30.354665,-1,1556
104.489247,30.493553,7,1557
104.044974,30.445084,15,1558
103.99911,30.744029,137,1559
104.035583,30.298262,82,1560
103.530053,30.557053,-1,1561
104.387643,30.296704,-1,1562
104.051768,30.488153,-1,1563
104.115259,30.473722,-1,1564
104.069089,30.444058,-1,1565
104.201277,30.748308,-1,1566
104.225283,30.707534,51,1567
104.18291,30.711083,14,1568
103.778671,30.439872,-1,1569
104.064992,30.179443,183,1570
104.512033,30.421452,-1,1571
104.242499,30.649973,12,1572
104.177465,30.718712,120,1573
104.078947,30.708167,-1,1574
103.877955,30.197425,164,1575
103.858752,30.464218,-1,1576
103.65285,30.920503,204,1577
104.422165,30.955354,-1,1578
104.064471,30.177795,-1,1579
104.129599,30.82064,-1,1580
104.380211,31.009577,-1,1581
103.889634,30.383866,205,1582
103.989673,30.462056,-1,1583
104.112084,30.452446,-1,1584
104.660333,31.131027,-1,1585
103.952372,30.7958,206,1586
103.955687,30.651687,-1,1587
104.013102,30.485876,-1,1588
104.053386,30.458851,-1,1589
103.9731,30.476834,-1,1590
104.150124,30.616361,189,1591
104.367712,31.126583,-1,1592
104.170802,30.615168,200,1593
103.983587,30.572593,-1,1594
103.601021,31.064648,-1,1595
104.553582,31.750618,-1,1596
104.314822,30.315714,-1,1597
104.157518,30.800777,-1,1598
103.972937,30.991227,-1,1599
104.203031,30.725944,21,1600
103.958209,30.497391,-1,1601
104.354436,30.667229,-1,1602
103.56077,30.748804,207,1603
104.006383,30.592152,141,1604
104.357758,30.660901,-1,1605
104.318267,30.273193,-1,1606
104.066018,30.37304,-1,1607
103.908236,30.973089,255,1608
104.509082,30.35213,43,1609
103.954512,30.570558,-1,1610
104.006488,30.615346,-1,1611
103.842858,30.537051,-1,1612
103.789382,30.672661,-1,1613
103.936268,30.613841,39,1614
104.191616,30.790356,184,1615
103.77748,30.636527,-1,1616
103.969106,30.396418,-1,1617
104.114695,30.586555,-1,1618
104.318819,30.273914,-1,1619
104.110846,30.509356,-1,1620
104.114403,30.750606,208,1621
104.062168,30.67988,-1,1622
104.078722,30.365015,147,1623
103.89089,30.552055,-1,1624
104.183969,30.531247,-1,1625
104.227778,30.80278,-1,1626
104.090163,30.452106,-1,1627
104.072591,30.447444,-1,1628
104.332929,30.639862,-1,1629
104.201683,30.743097,-1,1630
104.615112,30.163391,-1,1631
104.540432,31.86052,-1,1632
104.135649,30.805836,32,1633
103.889119,30.499327,-1,1634
104.564041,30.709558,-1,1635
104.053034,30.456606,31,1636
104.02563,30.474505,-1,1637
104.150825,30.606508,-1,1638
102.226414,31.897155,-1,1639
104.155818,30.642337,-1,1640
104.004295,30.651613,-1,1641
103.920286,30.318242,-1,1642
104.410871,30.786877,-1,1643
103.955597,31.007611,-1,1644
104.284984,31.00304,-1,1645
103.73275,30.71403,-1,1646
104.203328,30.703817,-1,1647
103.974702,30.73764,-1,1648
103.958351,30.662599,115,1649
104.221796,30.709405,209,1650
104.213807,30.552093,186,1651
103.681707,30.893555,-1,1652
104.031892,30.3216,-1,1653
104.196152,30.804488,-1,1654
103.643447,30.47013,192,1655
103.860285,30.837125,-1,1656
104.185822,30.71867,153,1657
103.819886,30.575573,-1,1658
103.985735,30.492908,-1,1659
103.83813,30.36034,247,1660
104.297982,30.705445,-1,1661
104.225258,30.791246,62,1662
104.004288,30.435665,-1,1663
103.971224,30.542832,157,1664
104.175415,30.788674,-1,1665
103.033264,30.005426,-1,1666
103.951175,30.939312,-1,1667
104.165902,30.712284,102,1668
104.741026,31.640965,-1,1669
103.922272,30.32013,-1,1670
104.125401,30.769405,85,1671
103.868647,30.46271,-1,1672
104.428686,31.149942,210,1673
103.509543,30.562466,-1,1674
103.982425,30.784386,50,1675
104.036318,30.464985,-1,1676
104.176201,30.834999,-1,1677
104.318611,30.611439,-1,1678
103.866065,30.463079,-1,1679
104.075686,30.731024,-1,1680
104.144464,30.584254,-1,1681
103.856962,30.341216,-1,1682
104.040353,30.531242,-1,1683
104.537652,31.381152,-1,1684
104.125488,30.76943,85,1685
104.263568,29.942013,53,1686
104.402142,30.34065,-1,1687
104.105595,30.413008,-1,1688
104.54508,29.502102,-1,1689
104.059036,30.65109,-1,1690
104.076344,30.672701,-1,1691
103.914252,30.675377,211,1692
103.552878,30.54158,-1,1693
103.904643,30.683374,-1,1694
104.31812,30.917127,-1,1695
104.243422,30.650181,12,1696
104.537364,30.365752,-1,1697
104.069896,30.768395,5,1698
104.185342,30.684477,22,1699
103.678321,31.029925,212,1700
104.138139,30.406307,-1,1701
103.837075,30.359765,247,1702
103.859344,30.827371,27,1703
104.278423,30.820732,-1,1704
104.602008,30.878537,-1,1705
103.924438,31.062855,-1,1706
104.298732,30.992171,-1,1707
103.792296,30.461649,-1,1708
104.159777,30.610206,-1,1709
104.235171,30.646135,35,1710
104.033599,30.465788,-1,1711
103.911991,30.631051,6,1712
103.937784,30.614173,39,1713
104.214977,30.582768,128,1714
103.959341,30.162809,-1,1715
104.031535,30.858056,87,1716
104.052248,30.487168,-1,1717
104.402142,30.34065,-1,1718
103.859344,30.827371,27,1719
103.841614,30.465267,-1,1720
103.97079,30.650228,8,1721
104.296183,30.993824,179,1722
104.359073,30.710457,-1,1723
103.553232,30.221106,116,1724
103.977621,30.688209,203,1725
103.902354,30.658259,130,1726
104.303432,30.843226,-1,1727
103.917378,30.683896,40,1728
103.688931,30.525862,-1,1729
103.465663,30.43814,123,1730
104.284984,31.00304,-1,1731
104.150025,30.622753,-1,1732
104.193224,30.738955,238,1733
103.91506,30.640111,-1,1734
103.896747,30.666419,37,1735
103.837458,30.357334,170,1736
103.935793,30.68947,-1,1737
104.130819,30.37273,-1,1738
104.03574,30.465004,-1,1739
103.939559,30.617042,213,1740
103.999837,30.762925,-1,1741
104.064962,30.447241,-1,1742
104.434075,30.333068,-1,1743
104.194873,30.738138,238,1744
104.115607,30.378513,-1,1745
104.886966,30.171812,-1,1746
103.980544,30.62413,-1,1747
104.108243,30.420324,-1,1748
104.46901,30.848232,-1,1749
103.720711,31.102585,-1,1750
104.202621,30.726176,21,1751
104.115513,30.418321,-1,1752
104.091041,30.523314,-1,1753
103.806864,30.967752,-1,1754
103.856939,30.442309,-1,1755
103.974048,30.800136,2,1756
104.24281,30.650652,12,1757
104.017318,30.845856,-1,1758
104.219025,30.655155,-1,1759
103.960217,30.373421,101,1760
104.196744,30.580835,-1,1761
104.220814,30.638895,45,1762
104.534085,30.700402,-1,1763
104.486267,30.468541,-1,1764
104.138857,30.610761,42,1765
104.057467,30.615678,-1,1766
103.724415,30.396436,-1,1767
103.936401,30.613772,39,1768
104.100437,30.459018,214,1769
103.101999,30.07597,-1,1770
103.880417,30.404341,152,1771
103.60173,30.973694,-1,1772
104.216748,30.835036,-1,1773
103.938341,30.619873,121,1774
103.902618,30.658321,130,1775
103.638438,30.935831,-1,1776
103.649509,30.932488,-1,1777
103.934816,30.548754,-1,1778
103.972099,30.541968,157,1779
104.022795,30.61891,-1,1780
104.064217,30.666375,-1,1781
104.175624,30.700188,-1,1782
103.998958,30.466634,215,1783
104.111802,30.504964,-1,1784
104.072024,30.28962,-1,1785
104.096199,30.541592,38,1786
104.072189,30.358696,-1,1787
103.94326,30.498852,-1,1788
103.697921,30.630942,-1,1789
104.203334,30.726148,21,1790
103.902757,30.631488,-1,1791
103.954961,30.569586,-1,1792
104.45209,30.469474,-1,1793
104.152658,30.634921,-1,1794
104.056499,30.649139,202,1795
103.509596,31.429831,-1,1796
104.096183,30.541024,38,1797
104.326243,30.860394,57,1798
104.026696,31.330432,-1,1799
104.340054,30.82415,-1,1800
103.889587,30.478874,-1,1801
104.101613,30.46647,-1,1802
104.481836,30.459276,-1,1803
102.996836,30.336897,-1,1804
104.326506,30.860044,57,1805
103.952662,31.014774,-1,1806
104.538495,31.861316,-1,1807
104.084002,30.720838,254,1808
103.953989,30.339063,-1,1809
103.724736,30.578422,-1,1810
104.184363,30.888145,-1,1811
103.740368,30.530897,-1,1812
103.413721,31.061344,-1,1813
103.987035,30.647901,-1,1814
104.237109,30.647654,35,1815
103.882205,30.462487,-1,1816
104.034834,30.692895,-1,1817
103.547843,30.215333,-1,1818
104.125396,30.769679,85,1819
104.264412,29.94126,53,1820
104.627771,30.921944,-1,1821
104.055872,30.847888,98,1822
103.528029,30.377565,-1,1823
103.998589,30.481205,-1,1824
103.857889,30.464388,-1,1825
103.537034,30.771228,-1,1826
103.517476,31.426327,-1,1827
103.02183,29.975409,-1,1828
104.021857,29.139503,119,1829
103.932372,30.472733,-1,1830
103.937082,30.85562,-1,1831
103.935584,30.905417,44,1832
103.643806,30.470097,192,1833
103.917132,30.683806,40,1834
104.209975,30.901594,-1,1835
104.071074,30.725231,174,1836
104.198506,30.582107,140,1837
103.886743,30.528463,104,1838
104.059562,30.424792,-1,1839
103.642266,30.943294,-1,1840
104.206286,30.707295,-1,1841
103.681823,30.596692,-1,1842
104.008841,30.590564,69,1843
103.833736,30.635242,-1,1844
104.168557,30.741542,163,1845
104.336496,30.71,-1,1846
103.997094,30.907937,-1,1847
104.03196,31.28793,-1,1848
103.623909,30.519548,-1,1849
103.832798,31.162803,-1,1850
104.00524,30.515756,-1,1851
104.627166,30.307925,-1,1852
104.007514,30.560921,-1,1853
103.643495,30.468397,-1,1854
104.238051,30.653008,133,1855
103.97038,30.650206,8,1856
103.47701,30.761248,-1,1857
104.008949,30.473793,-1,1858
104.125154,30.769304,85,1859
103.792213,30.187114,-1,1860
103.940075,30.614296,136,1861
103.741573,30.694594,93,1862
103.674391,31.028584,-1,1863
103.916898,30.684,40,1864
104.542072,31.863023,-1,1865
104.460499,30.473741,-1,1866
104.235789,30.64627,35,1867
104.248692,30.800975,-1,1868
104.007521,30.554226,216,1869
104.169578,30.643827,-1,1870
103.760213,30.665111,-1,1871
104.020893,29.139276,119,1872
104.493976,30.458046,-1,1873
104.382196,30.286284,-1,1874
104.24712,30.555212,75,1875
103.829696,30.653487,-1,1876
104.669471,29.504188,97,1877
103.876406,30.221044,-1,1878
103.919361,30.243905,-1,1879
103.888889,30.555927,118,1880
104.63493,30.406968,-1,1881
103.737474,30.511071,124,1882
104.417989,30.897043,-1,1883
104.220457,30.850102,-1,1884
104.173634,30.485053,25,1885
104.104098,30.828566,-1,1886
104.181681,30.703957,269,1887
103.452173,30.475014,-1,1888
103.870652,30.702114,176,1889
103.904253,30.631305,-1,1890
104.242868,30.650887,12,1891
104.421817,30.482576,-1,1892
104.202871,31.18812,-1,1893
104.223678,30.566332,55,1894
104.214351,30.651732,217,1895
104.088985,30.739667,-1,1896
104.24281,30.650652,12,1897
103.792155,30.344309,-1,1898
103.493958,30.753462,-1,1899
104.203598,30.726124,21,1900
104.07616,30.649334,-1,1901
103.688287,30.399666,-1,1902
103.762711,30.042641,-1,1903
104.362552,30.841796,-1,1904
103.937764,30.61899,121,1905
104.590225,31.76717,-1,1906
103.99806,30.869152,-1,1907
104.540526,30.72198,-1,1908
104.186213,30.684769,22,1909
104.269029,30.579155,139,1910
104.047176,30.428149,74,1911
104.067115,30.624964,-1,1912
104.556334,30.373193,218,1913
104.090594,30.742074,-1,1914
104.390783,30.285688,90,1915
104.536941,30.704731,-1,1916
103.496997,30.547183,107,1917
103.674458,30.905778,-1,1918
104.462719,31.057261,-1,1919
104.005642,30.732094,-1,1920
103.908484,30.23487,-1,1921
104.035237,30.298295,82,1922
104.222161,30.711861,-1,1923
103.939736,30.423066,-1,1924
104.252983,30.273994,-1,1925
104.247157,30.657704,-1,1926
103.738685,30.358131,-1,1927
104.418285,30.389802,-1,1928
103.964731,30.809451,-1,1929
104.311211,29.718124,-1,1930
103.919302,30.243782,-1,1931
103.547827,30.215333,-1,1932
104.078449,30.377292,-1,1933
104.029368,31.372725,-1,1934
104.107543,30.495913,-1,1935
103.712255,30.322542,-1,1936
103.838144,30.534858,-1,1937
104.024132,30.544403,-1,1938
103.468417,30.434453,-1,1939
104.345855,30.864866,-1,1940
103.488508,31.248971,-1,1941
103.486573,30.402194,-1,1942
104.221566,30.638529,45,1943
104.34572,30.8286,78,1944
104.169006,30.741231,163,1945
104.442865,30.981699,-1,1946
104.035387,30.298077,82,1947
104.086043,30.789989,-1,1948
103.880289,30.604191,219,1949
103.497229,30.567223,191,1950
103.935392,30.905642,44,1951
103.795086,30.87481,-1,1952
104.059047,30.646,-1,1953
104.227931,30.787876,-1,1954
104.990525,29.542423,-1,1955
103.909103,30.542971,94,1956
103.934816,30.548754,-1,1957
103.681807,30.596708,-1,1958
103.968437,30.467745,-1,1959
104.105202,30.389919,-1,1960
104.107882,30.921239,-1,1961
103.489458,30.74944,-1,1962
104.358985,30.758509,-1,1963
104.185764,30.718473,153,1964
103.946754,30.468365,-1,1965
104.031749,30.650915,-1,1966
104.496692,30.417988,-1,1967
104.804037,30.152243,70,1968
103.933486,30.661884,-1,1969
104.807699,30.837698,-1,1970
104.177317,30.718647,120,1971
104.596716,31.767071,-1,1972
104.749653,29.746447,-1,1973
103.97548,30.736684,-1,1974
104.191838,30.790357,184,1975
104.51185,30.421085,-1,1976
104.070404,30.768878,5,1977
103.989253,30.59625,-1,1978
104.151521,30.902198,-1,1979
103.877331,30.572595,-1,1980
104.059244,30.649287,-1,1981
103.998675,30.751955,-1,1982
104.017746,29.139205,119,1983
104.19025,30.493327,-1,1984
104.074734,30.803257,-1,1985
104.362311,30.657775,263,1986
104.114539,30.750265,208,1987
104.202062,30.726058,21,1988
104.080879,30.836052,-1,1989
104.151686,30.607774,-1,1990
104.090376,30.740038,109,1991
104.110106,30.579554,-1,1992
104.244972,30.645266,79,1993
104.083577,30.637454,-1,1994
103.922983,30.717177,58,1995
104.075581,30.749897,-1,1996
104.072689,30.405277,-1,1997
104.114569,30.579199,0,1998
103.935267,30.905397,44,1999
103.81398,30.633006,65,2000
103.348423,30.419082,-1,2001
103.918785,30.230918,-1,2002
103.945681,30.921691,-1,2003
103.891586,30.409804,-1,2004
103.867943,30.779781,92,2005
103.559901,30.548894,154,2006
103.861511,30.804082,71,2007
104.278031,31.01094,-1,2008
104.164566,30.658933,54,2009
103.945016,30.484535,-1,2010
104.049186,30.541134,112,2011
104.303759,30.258917,-1,2012
104.342389,30.668808,-1,2013
104.22153,30.709176,209,2014
104.113732,30.579013,0,2015
103.924517,30.949706,166,2016
103.851076,30.437279,13,2017
104.082042,30.814284,-1,2018
104.076637,30.454745,-1,2019
103.964642,31.057807,-1,2020
104.067304,30.542307,-1,2021
103.70171,30.602329,3,2022
104.114321,30.750595,208,2023
104.009045,30.702123,-1,2024
104.575288,30.685934,17,2025
103.973452,30.761262,-1,2026
104.908039,30.159805,-1,2027
103.782046,30.675573,220,2028
104.236293,30.646404,35,2029
104.188052,30.793469,-1,2030
103.946162,30.486202,-1,2031
104.106965,30.768916,221,2032
103.66292,30.91035,-1,2033
103.315158,31.093591,-1,2034
104.320281,30.277969,46,2035
104.053303,30.456895,31,2036
104.242412,30.650569,12,2037
103.969531,30.470325,-1,2038
103.376018,30.290612,-1,2039
104.299363,30.389276,-1,2040
104.093422,30.581255,10,2041
103.900305,30.24263,-1,2042
104.311211,29.718124,-1,2043
103.943734,30.507563,-1,2044
103.552969,30.221222,116,2045
104.292724,30.386632,-1,2046
104.093518,30.56997,-1,2047
104.973361,29.870887,61,2048
103.877482,31.03578,-1,2049
103.559738,30.548953,154,2050
104.022148,30.52243,257,2051
103.679926,30.290882,-1,2052
103.703038,30.632804,-1,2053
103.937524,30.618971,121,2054
104.2449,30.645484,79,2055
104.006637,30.516388,-1,2056
104.135023,30.590075,-1,2057
103.861105,30.445117,177,2058
103.868095,30.779825,92,2059
104.022931,30.762647,-1,2060
103.915247,30.677096,-1,2061
103.945248,30.52982,-1,2062
103.658341,30.735789,-1,2063
104.29216,30.680539,-1,2064
104.041405,30.593334,49,2065
104.342524,30.461854,-1,2066
104.436987,30.886836,-1,2067
103.972711,30.623657,-1,2068
104.131618,30.398672,-1,2069
104.264264,29.942949,53,2070
104.023008,30.45926,-1,2071
104.327894,30.305942,222,2072
103.694615,30.612727,-1,2073
104.102811,30.404222,-1,2074
103.874294,30.698813,-1,2075
103.559834,30.549103,154,2076
103.671844,30.332606,-1,2077
103.870502,30.702199,176,2078
104.041091,30.593742,49,2079
103.97329,30.579664,268,2080
104.103261,30.714145,-1,2081
103.507749,30.562368,-1,2082
103.95387,30.638264,-1,2083
103.687143,30.836491,-1,2084
104.064507,30.633076,190,2085
104.594421,31.768218,-1,2086
104.16249,30.556612,122,2087
104.35561,30.665239,-1,2088
104.242876,30.645484,79,2089
104.20853,30.524268,103,2090
104.114353,30.750231,208,2091
103.901303,30.834494,173,2092
104.391914,30.299057,-1,2093
103.541319,30.745876,-1,2094
103.923461,30.71695,58,2095
104.335547,30.712383,-1,2096
103.826537,30.933402,-1,2097
103.832764,30.618974,-1,2098
103.209796,31.049299,-1,2099
104.26379,29.941468,53,2100
103.918027,30.683931,40,2101
103.99508,30.478535,-1,2102
103.936401,30.613772,39,2103
104.060074,30.650325,-1,2104
104.46367,30.838091,-1,2105
104.353689,30.996093,-1,2106
104.214057,30.651622,217,2107
103.517567,30.750454,223,2108
104.101862,30.829033,-1,2109
104.050854,30.664176,-1,2110
103.923881,30.51584,-1,2111
104.113689,30.579534,0,2112
104.086097,30.779365,-1,2113
104.196222,30.527575,224,2114
103.923378,30.717302,58,2115
104.025038,30.494994,-1,2116
104.348683,31.049771,-1,2117
104.5047,30.505199,-1,2118
103.693431,30.403023,-1,2119
104.091269,30.740224,109,2120
104.035417,30.298031,82,2121
104.214666,30.651851,217,2122
104.111845,30.48262,-1,2123
103.828493,30.798935,-1,2124
104.539471,30.709977,-1,2125
104.230518,30.179408,-1,2126
104.7567,30.633148,162,2127
103.386258,30.731454,-1,2128
103.701171,30.635097,-1,2129
103.701757,30.60238,3,2130
104.054679,30.24213,-1,2131
103.893109,30.513545,114,2132
104.143921,30.533938,-1,2133
104.126935,30.927586,-1,2134
104.152963,30.544037,-1,2135
104.491752,30.494628,-1,2136
104.069662,30.690679,-1,2137
104.110673,30.564958,-1,2138
104.11412,30.579898,0,2139
103.908008,30.971902,255,2140
104.040062,30.461021,-1,2141
103.956714,30.725932,33,2142
104.856905,29.752435,-1,2143
104.074575,30.719821,-1,2144
104.555499,30.70794,-1,2145
104.100701,30.459052,214,2146
102.123896,29.646746,-1,2147
103.944596,30.482871,-1,2148
103.799585,31.166767,-1,2149
104.110408,30.620874,-1,2150
104.158962,30.58004,-1,2151
104.757556,30.910823,-1,2152
104.332326,30.756265,-1,2153
104.120387,30.773559,151,2154
103.677658,30.338818,-1,2155
103.961753,30.94053,161,2156
103.825071,30.79828,-1,2157
103.961334,30.64433,-1,2158
104.274885,30.655525,-1,2159
103.715615,30.365149,-1,2160
104.804256,30.151822,70,2161
103.838457,30.360916,247,2162
104.006383,30.592152,141,2163
103.859679,30.301456,198,2164
103.765288,30.401795,-1,2165
103.929522,30.941896,196,2166
103.98761,30.466772,-1,2167
104.048322,30.540456,112,2168
104.512841,30.420393,171,2169
104.095999,30.544941,249,2170
103.678369,31.029793,212,2171
104.204695,30.730778,199,2172
103.701756,30.602511,3,2173
103.832858,30.340574,-1,2174
104.044019,30.598799,-1,2175
104.227427,30.858249,-1,2176
104.009306,30.780735,-1,2177
104.072221,30.355376,-1,2178
103.895412,30.529063,-1,2179
103.763536,31.198032,-1,2180
104.286,30.696334,239,2181
104.223014,30.710562,209,2182
104.238428,30.33214,-1,2183
104.006672,30.592353,141,2184
103.886753,30.528437,104,2185
103.902178,30.658413,130,2186
103.89285,30.5138,114,2187
104.254655,30.859799,165,2188
104.360607,30.59606,-1,2189
103.800302,30.69385,-1,2190
104.366174,30.304548,262,2191
103.637452,30.903044,-1,2192
103.539693,30.59833,-1,2193
104.086132,30.456881,-1,2194
104.136134,30.404831,-1,2195
103.874143,30.774105,-1,2196
104.392673,31.061628,-1,2197
104.169802,30.627942,-1,2198
104.037265,30.659945,68,2199
104.106562,30.740403,194,2200
104.05947,30.634958,225,2201
104.093907,30.581141,10,2202
104.093117,30.442005,-1,2203
104.084698,30.455578,271,2204
103.9525,30.795754,206,2205
104.362757,30.351396,-1,2206
103.315158,31.093591,-1,2207
104.214962,30.582911,128,2208
103.688577,31.013404,-1,2209
103.913287,30.631047,6,2210
104.220349,30.573855,-1,2211
104.177858,30.719201,120,2212
103.804474,30.60224,-1,2213
104.315742,30.303201,231,2214
104.167319,30.675094,-1,2215
104.052393,30.473964,226,2216
104.084098,30.819175,-1,2217
103.861373,30.878947,-1,2218
103.81913,30.633797,-1,2219
103.966109,30.460311,-1,2220
103.698189,30.630086,-1,2221
103.886837,30.820251,185,2222
103.442864,30.943594,-1,2223
103.851042,30.437188,13,2224
104.052315,30.18753,-1,2225
103.971191,30.653892,-1,2226
103.961014,30.817813,-1,2227
104.034105,30.716763,-1,2228
104.312383,30.289394,-1,2229
104.220826,30.890008,-1,2230
104.497588,30.443884,-1,2231
104.166084,30.628446,29,2232
104.562957,30.067449,-1,2233
104.081311,30.637975,-1,2234
103.792365,30.187282,-1,2235
104.330998,30.64447,16,2236
104.071334,30.725188,174,2237
104.102017,30.420109,-1,2238
103.60354,29.999357,-1,2239
103.924395,31.062979,-1,2240
103.535927,30.692419,-1,2241
103.986287,30.628933,-1,2242
103.947055,30.67381,-1,2243
104.152327,30.611834,-1,2244
103.969549,30.982075,167,2245
103.984473,30.633669,-1,2246
103.736183,30.561061,-1,2247
104.053707,30.466464,19,2248
104.022313,30.501133,-1,2249
103.788391,30.676689,-1,2250
103.560276,30.749224,207,2251
104.414321,30.852257,-1,2252
103.435585,30.750371,-1,2253
103.84211,30.536888,-1,2254
103.916212,30.368997,227,2255
103.838415,30.31571,-1,2256
104.169149,30.710683,-1,2257
103.618113,30.994772,-1,2258
103.97031,30.762314,-1,2259
103.442406,30.418722,-1,2260
104.112398,30.753027,30,2261
104.106518,30.740448,194,2262
103.720931,31.201753,-1,2263
104.06057,30.784962,-1,2264
104.110653,30.768475,248,2265
103.671665,30.2812,-1,2266
103.517057,30.749897,223,2267
104.269987,30.647896,-1,2268
103.697187,30.396079,272,2269
104.120581,30.822684,-1,2270
104.319029,30.273893,-1,2271
104.031364,30.524863,-1,2272
104.093668,30.581207,10,2273
104.012255,30.8313,-1,2274
103.816008,30.633602,65,2275
103.967363,30.586055,126,2276
103.945238,30.959226,-1,2277
104.161276,30.890892,-1,2278
104.086577,30.383748,-1,2279
104.354531,30.28873,-1,2280
104.102585,30.536939,193,2281
103.937074,30.61322,39,2282
103.895835,30.666328,37,2283
104.004549,30.515416,-1,2284
104.032572,30.859101,87,2285
104.081862,30.455386,228,2286
104.093148,30.581067,10,2287
104.675596,30.084145,96,2288
103.970778,30.989303,-1,2289
103.406196,30.984486,-1,2290
103.807999,29.674231,-1,2291
104.175624,30.700188,-1,2292
104.174259,30.715372,59,2293
104.076623,30.790826,-1,2294
104.049311,30.600579,-1,2295
104.095655,30.428717,-1,2296
104.242885,30.650887,12,2297
103.902465,30.826549,-1,2298
104.201721,30.506142,-1,2299
103.935481,30.472347,-1,2300
104.37791,30.313331,106,2301
103.701493,30.602727,3,2302
103.880377,30.604634,219,2303
103.982877,30.493414,-1,2304
104.065256,30.179337,183,2305
104.166096,30.71253,102,2306
103.747455,30.661064,-1,2307
103.700685,30.653861,-1,2308
103.945306,30.95249,-1,2309
104.085066,30.683425,229,2310
104.583246,30.33967,-1,2311
103.902402,30.658421,130,2312
103.475651,30.393173,-1,2313
103.92066,29.22454,-1,2314
104.215109,30.582624,128,2315
103.572641,30.360104,-1,2316
104.151711,30.543396,-1,2317
104.106719,30.491108,178,2318
103.940046,30.61435,136,2319
104.052334,30.246146,168,2320
104.080768,30.513068,131,2321
103.715935,30.364217,-1,2322
103.946662,30.553625,-1,2323
104.395818,30.758516,-1,2324
104.047475,30.592942,-1,2325
104.276708,30.822083,-1,2326
103.892689,30.633963,-1,2327
103.973627,30.619549,-1,2328
104.092532,30.582078,10,2329
103.876577,30.500926,-1,2330
104.318223,30.275769,46,2331
104.226496,30.789683,62,2332
103.982283,31.05634,-1,2333
104.303967,30.254701,-1,2334
104.329419,30.853862,-1,2335
104.277772,31.141259,-1,2336
104.146625,30.798761,-1,2337
103.814897,30.40605,-1,2338
103.952838,30.427881,230,2339
104.050434,30.541643,244,2340
103.989977,30.751745,-1,2341
104.178651,30.78306,34,2342
103.97733,30.468627,-1,2343
103.681956,30.612749,76,2344
104.074377,30.686235,-1,2345
103.846904,30.540176,-1,2346
104.615112,30.163391,-1,2347
103.93518,30.322631,-1,2348
103.68349,30.880881,-1,2349
103.676715,30.606136,-1,2350
104.513509,30.513036,-1,2351
104.112411,30.468338,-1,2352
103.940161,30.999218,-1,2353
103.813779,30.632871,65,2354
104.175207,30.664431,148,2355
103.84462,30.724652,-1,2356
104.0727,30.25289,-1,2357
104.556334,30.373193,218,2358
104.312269,30.298435,158,2359
104.73488,30.648636,-1,2360
104.01095,30.557053,-1,2361
104.160311,30.697185,-1,2362
104.146727,30.405648,-1,2363
104.404444,30.769111,-1,2364
104.352564,30.842434,-1,2365
103.983094,30.453476,-1,2366
104.038143,30.660106,68,2367
104.174903,30.715322,59,2368
104.804421,30.151992,70,2369
104.499648,30.474193,-1,2370
104.172915,30.485188,25,2371
104.315926,30.302771,231,2372
102.86853,29.652127,-1,2373
104.34145,30.825251,-1,2374
104.597732,30.699625,-1,2375
103.850475,30.577817,-1,2376
104.017023,29.141652,-1,2377
104.369669,30.715101,-1,2378
103.56305,29.8633,-1,2379
103.706679,30.582562,-1,2380
103.682345,30.596257,-1,2381
104.009235,30.763838,77,2382
104.040773,30.662676,-1,2383
104.088729,30.519514,-1,2384
104.105721,30.587362,-1,2385
103.581888,30.495426,-1,2386
104.09337,30.798169,-1,2387
104.409592,30.478093,-1,2388
104.140575,30.827197,181,2389
104.419438,30.947266,-1,2390
103.875251,30.612163,-1,2391
104.017964,30.614408,-1,2392
103.496997,30.54721,107,2393
104.061318,30.419226,66,2394
104.185846,30.719696,153,2395
103.981532,30.785186,50,2396
103.939712,30.617208,213,2397
103.991178,30.915019,-1,2398
104.255398,30.859594,165,2399
104.115264,30.452688,232,2400
103.661038,30.961235,28,2401
104.254186,30.735683,-1,2402
104.071632,30.454632,-1,2403
104.662907,31.091194,-1,2404
104.273468,30.827255,-1,2405
103.816747,30.633795,65,2406
104.117702,30.537606,-1,2407
104.212973,30.650314,-1,2408
104.064984,30.555102,-1,2409
104.140335,30.37037,-1,2410
103.955696,31.007016,-1,2411
103.442258,30.401731,-1,2412
104.506405,30.426519,-1,2413
103.875771,30.728714,-1,2414
103.382912,30.731486,-1,2415
104.145676,30.619256,-1,2416
103.470675,30.756414,-1,2417
104.368233,30.672865,-1,2418
104.303967,30.254701,-1,2419
104.236173,30.646692,35,2420
103.886966,30.528507,104,2421
103.981685,30.452453,-1,2422
104.211425,31.666446,-1,2423
103.997729,30.757498,-1,2424
103.872732,30.462098,-1,2425
103.812407,30.571504,-1,2426
104.662803,31.091394,-1,2427
104.101356,30.498153,-1,2428
104.332613,30.355964,-1,2429
104.370778,31.049781,-1,2430
103.496205,30.175175,-1,2431
104.115569,30.418305,-1,2432
103.883569,30.665889,67,2433
104.124202,30.683562,-1,2434
104.4461,30.473022,233,2435
104.013246,30.559961,-1,2436
104.29162,30.59304,-1,2437
103.887395,30.52861,104,2438
104.069941,30.768727,5,2439
104.053896,30.467196,19,2440
104.012623,30.727818,-1,2441
104.011082,30.567972,-1,2442
104.135406,30.374703,-1,2443
104.552813,30.108437,-1,2444
104.111383,30.620961,-1,2445
104.175233,30.664484,148,2446
104.394706,30.293942,-1,2447
103.790854,29.727678,-1,2448
104.255072,30.859789,165,2449
104.042511,30.232319,-1,2450
104.226021,30.793199,62,2451
103.964295,30.637266,142,2452
103.866182,30.304847,-1,2453
104.627771,30.921944,-1,2454
104.061882,30.419003,66,2455
103.911796,30.798844,234,2456
104.203306,30.726062,21,2457
104.104192,30.537935,-1,2458
104.081433,30.332942,-1,2459
103.998037,30.66904,-1,2460
104.072031,30.232557,-1,2461
104.021562,30.549727,-1,2462
103.908054,30.97057,-1,2463
104.082523,30.455481,228,2464
103.744672,30.714923,-1,2465
103.627465,30.920109,-1,2466
103.865016,31.049427,-1,2467
103.682289,31.027602,-1,2468
103.887408,30.592926,-1,2469
104.425626,30.697489,-1,2470
103.923893,30.752469,-1,2471
103.951515,31.012721,235,2472
104.077665,30.79462,188,2473
104.234958,30.64582,35,2474
103.947185,30.673919,-1,2475
103.904848,30.839741,-1,2476
103.542862,30.557802,-1,2477
103.818395,30.794007,-1,2478
104.03711,30.148366,236,2479
103.956816,30.723153,-1,2480
104.003971,30.606348,-1,2481
103.937538,30.619379,121,2482
104.487839,30.427375,81,2483
104.164385,30.781592,-1,2484
104.886966,30.171812,-1,2485
104.061403,30.419357,66,2486
104.221654,30.638629,45,2487
104.093423,30.577272,-1,2488
104.462719,31.057261,-1,2489
104.236445,30.64702,35,2490
103.624334,30.925929,-1,2491
103.877711,30.346532,-1,2492
104.351678,30.554742,-1,2493
103.905374,30.810382,24,2494
104.177678,30.718908,120,2495
103.90245,30.658505,130,2496
104.121475,30.539679,83,2497
103.893186,30.513651,114,2498
104.456909,30.856465,-1,2499
104.311109,30.799223,-1,2500
103.893439,30.51368,114,2501
103.867959,30.779497,92,2502
103.960119,30.373831,101,2503
103.952542,31.01469,-1,2504
104.53623,30.705399,-1,2505
103.795955,30.650109,-1,2506
103.851457,30.649234,-1,2507
104.036925,30.328739,132,2508
104.005433,30.538448,-1,2509
103.517066,30.392115,-1,2510
103.93513,30.580744,-1,2511
103.781645,30.640366,-1,2512
103.603874,31.010774,-1,2513
103.800405,30.830797,-1,2514
103.429336,30.412203,-1,2515
103.970462,30.650002,8,2516
104.660349,31.131027,-1,2517
104.355815,30.662695,-1,2518
103.834492,30.640305,80,2519
104.117623,30.72172,-1,2520
104.106984,30.522277,-1,2521
103.615796,30.955234,-1,2522
103.99066,30.625447,-1,2523
104.973755,29.871238,61,2524
103.78195,30.675503,220,2525
103.936458,30.905766,44,2526
104.255481,30.531002,105,2527
104.471836,30.862616,-1,2528
103.814458,30.633112,65,2529
103.908097,31.033321,-1,2530
104.274041,30.654556,-1,2531
104.175196,30.715278,59,2532
103.984624,30.21878,-1,2533
104.312805,30.298374,158,2534
103.497359,30.567039,191,2535
104.312389,30.874547,237,2536
103.826562,30.799667,-1,2537
103.961443,30.940451,161,2538
103.973396,30.469785,-1,2539
104.193717,30.73814,238,2540
104.089076,30.756847,-1,2541
104.0398,30.44767,-1,2542
103.94901,30.74435,-1,2543
104.669415,29.503954,97,2544
104.287921,30.697208,239,2545
103.672038,30.43159,-1,2546
103.943215,30.38489,-1,2547
103.957698,30.567498,-1,2548
104.19129,31.033834,-1,2549
104.108908,30.619251,-1,2550
103.978185,30.200027,-1,2551
103.807111,30.605475,-1,2552
104.153624,30.636852,-1,2553
103.812427,30.571656,-1,2554
104.311166,30.799209,-1,2555
104.445867,30.856326,-1,2556
103.876221,30.491276,169,2557
104.089988,30.619412,-1,2558
104.122984,30.518319,-1,2559
103.521453,30.783214,-1,2560
103.937734,30.619276,121,2561
103.676266,30.61282,-1,2562
103.530598,31.410476,-1,2563
104.523017,30.431471,-1,2564
103.872085,30.778804,86,2565
103.740368,30.530898,-1,2566
103.702017,30.852844,-1,2567
104.037217,30.328784,132,2568
104.174951,30.789056,-1,2569
104.322882,30.693733,-1,2570
103.829925,30.334969,-1,2571
104.439318,30.342706,-1,2572
104.195399,30.58828,-1,2573
104.396547,31.064981,-1,2574
103.896293,30.665911,37,2575
104.198362,30.581923,140,2576
104.0448,30.940734,-1,2577
104.397382,30.327755,-1,2578
104.442714,30.488097,-1,2579
103.936283,30.905374,44,2580
103.703854,30.927204,-1,2581
104.109657,30.562382,-1,2582
104.061198,30.419144,66,2583
104.319233,30.276156,46,2584
104.05243,30.645754,-1,2585
103.489723,30.18466,-1,2586
104.08198,30.638198,-1,2587
104.242876,30.650584,12,2588
104.215146,30.7418,-1,2589
103.834032,30.640246,80,2590
104.437321,30.007225,-1,2591
103.681053,30.803413,-1,2592
103.938309,30.616273,-1,2593
104.026976,30.481025,-1,2594
104.108374,30.781645,-1,2595
104.061206,30.41922,66,2596
104.037182,30.328758,132,2597
104.408992,30.477759,-1,2598
103.92989,30.510979,-1,2599
104.171447,30.77502,-1,2600
104.083649,30.834845,-1,2601
104.213231,30.870611,-1,2602
103.962225,30.36979,-1,2603
104.750724,29.862646,-1,2604
103.972937,30.991227,-1,2605
104.048691,30.653438,-1,2606
103.936759,30.922643,-1,2607
103.94641,30.770348,-1,2608
104.512349,30.612709,-1,2609
104.259099,30.529974,-1,2610
103.862524,30.710898,-1,2611
104.327036,30.306747,222,2612
103.802013,30.455566,23,2613
103.535876,30.750139,-1,2614
104.079482,30.515926,-1,2615
103.949451,30.554186,-1,2616
104.138471,30.610671,42,2617
103.936085,30.905398,44,2618
104.184089,30.717088,-1,2619
104.472984,30.494051,240,2620
103.917183,30.683972,40,2621
104.043967,30.599622,-1,2622
104.234885,30.64623,35,2623
104.175885,30.523737,-1,2624
104.370939,31.049729,-1,2625
103.861302,30.803743,71,2626
104.213532,30.744972,-1,2627
104.078939,30.365121,147,2628
103.95979,30.163912,-1,2629
104.932457,30.200657,-1,2630
104.258011,30.832238,-1,2631
104.070134,30.767989,5,2632
103.875838,30.22341,-1,2633
103.909487,30.544703,144,2634
104.081207,30.694746,-1,2635
104.071588,30.743626,-1,2636
103.999495,30.468418,215,2637
104.086342,30.6385,-1,2638
104.377992,30.584658,-1,2639
103.970952,30.650061,8,2640
104.333966,30.6451,241,2641
104.066941,30.626453,-1,2642
104.127554,30.712864,-1,2643
104.19422,30.691617,-1,2644
104.224965,29.01927,-1,2645
104.061724,30.470614,-1,2646
104.064715,30.269559,-1,2647
104.099343,30.569924,-1,2648
103.652992,30.919961,204,2649
104.143515,30.465789,-1,2650
104.213006,30.56906,-1,2651
103.530851,30.589315,-1,2652
104.077287,30.588829,-1,2653
104.106326,30.412934,-1,2654
104.114129,30.750289,208,2655
104.354553,30.435935,135,2656
104.308559,31.006818,-1,2657
103.439707,30.359812,-1,2658
104.169006,30.741231,163,2659
104.098436,30.459967,-1,2660
104.14057,30.82713,181,2661
103.831689,30.646857,-1,2662
104.134714,30.805971,32,2663
104.247157,30.657704,-1,2664
104.012564,30.666069,-1,2665
104.226325,30.525182,242,2666
103.916834,30.68388,40,2667
103.920025,30.974871,-1,2668
104.301495,30.386147,-1,2669
104.134009,30.734482,-1,2670
104.083874,30.547024,-1,2671
104.222907,31.656644,-1,2672
104.538235,30.724036,-1,2673
103.998822,30.466874,215,2674
103.920598,30.246006,-1,2675
103.846492,30.428064,-1,2676
103.912396,30.630868,6,2677
104.390681,30.300056,-1,2678
104.107716,30.394134,-1,2679
104.033956,30.741412,-1,2680
104.934896,30.202226,-1,2681
103.710257,29.091136,-1,2682
104.499125,30.474377,-1,2683
104.487839,30.427375,81,2684
103.443677,31.272673,-1,2685
103.493335,30.753175,-1,2686
104.010197,30.745088,-1,2687
104.199154,30.510032,110,2688
103.968499,30.469053,-1,2689
103.867075,30.535031,195,2690
103.920668,30.68639,-1,2691
104.294843,30.969418,-1,2692
104.120868,30.771473,-1,2693
103.468417,30.434453,-1,2694
103.558878,30.752528,-1,2695
104.096281,30.541467,38,2696
104.270912,30.660758,-1,2697
104.195008,30.587863,-1,2698
103.892841,31.019863,243,2699
103.45986,30.746764,9,2700
104.081573,30.471175,-1,2701
104.22507,30.707456,51,2702
104.093206,30.581456,10,2703
104.116181,30.452181,232,2704
104.0256,30.157431,-1,2705
104.25467,30.859856,165,2706
103.94303,30.337103,-1,2707
104.033441,30.46487,-1,2708
104.548191,30.722679,-1,2709
103.888178,30.633291,-1,2710
104.062352,30.665474,-1,2711
104.075902,30.784283,-1,2712
104.215542,30.649266,274,2713
104.242475,30.650374,12,2714
104.221056,30.638795,45,2715
104.04126,30.593738,49,2716
104.064818,30.25064,-1,2717
104.345855,30.864866,-1,2718
104.338198,30.922752,-1,2719
103.816954,30.798431,-1,2720
104.041636,30.529963,-1,2721
103.980921,30.550392,-1,2722
104.274345,30.655542,-1,2723
104.071977,30.694419,-1,2724
103.9881,30.627309,18,2725
104.93495,30.202161,-1,2726
103.970659,30.649956,8,2727
103.464977,30.452729,-1,2728
104.033222,30.465385,-1,2729
104.140739,30.827256,181,2730
104.06478,30.632504,190,2731
104.10666,30.756284,-1,2732
104.537219,30.365897,-1,2733
104.393403,30.287639,-1,2734
103.921053,30.54038,-1,2735
104.051025,30.540358,244,2736
104.026237,30.52363,-1,2737
103.489427,30.749555,-1,2738
103.817231,30.633857,65,2739
103.936621,30.614019,39,2740
104.208187,30.605473,-1,2741
104.361018,30.657255,-1,2742
104.301828,31.004983,-1,2743
104.219864,30.647785,-1,2744
104.16406,30.658033,54,2745
104.573121,30.687337,17,2746
103.687542,30.617061,-1,2747
104.16547,30.658893,54,2748
104.258409,30.583891,-1,2749
104.174595,30.715239,59,2750
103.858831,30.663231,-1,2751
104.555643,30.175395,-1,2752
104.542865,30.718207,-1,2753
103.959585,30.438158,-1,2754
104.098694,30.605479,-1,2755
103.959742,30.160728,-1,2756
104.11313,30.758782,-1,2757
104.162033,29.977882,-1,2758
103.866694,30.776351,-1,2759
103.859727,30.301254,198,2760
103.681172,30.347273,-1,2761
103.780762,30.600761,-1,2762
104.044065,30.445567,15,2763
104.063145,30.806559,-1,2764
104.19692,31.190674,-1,2765
103.662912,30.970815,99,2766
104.099031,30.52687,-1,2767
104.374753,31.041823,-1,2768
104.119112,30.772077,151,2769
103.845357,30.431925,-1,2770
102.996836,30.336897,-1,2771
104.704115,30.64952,-1,2772
103.718988,30.538813,-1,2773
104.022669,30.686985,-1,2774
103.913715,30.389783,-1,2775
103.949114,31.015113,-1,2776
104.078452,30.684269,-1,2777
103.987323,30.728341,-1,2778
104.063189,30.84409,-1,2779
103.945131,30.484434,-1,2780
103.877331,30.572595,-1,2781
103.921241,30.953161,-1,2782
104.270469,30.658443,-1,2783
103.813398,30.649008,-1,2784
103.856939,30.442309,-1,2785
104.006362,30.5924,141,2786
103.874989,30.612134,-1,2787
103.991316,30.467425,-1,2788
104.108676,30.464009,-1,2789
103.46575,30.437972,123,2790
104.041394,30.593351,49,2791
103.709405,30.393767,155,2792
103.887678,30.660973,-1,2793
103.969549,30.982075,167,2794
103.682398,31.027654,-1,2795
103.781837,30.640438,-1,2796
104.073239,30.715401,-1,2797
104.331028,30.328617,-1,2798
103.661272,30.961148,28,2799
104.064666,30.245715,-1,2800
103.818405,30.565111,-1,2801
104.572057,30.687186,17,2802
104.044155,30.445515,15,2803
103.941475,30.331804,-1,2804
103.872317,30.778455,86,2805
103.954512,30.570558,-1,2806
104.327036,30.306747,222,2807
104.014555,30.617341,-1,2808
104.105098,30.389503,-1,2809
104.433076,30.333947,-1,2810
104.066202,31.066781,-1,2811
104.392279,30.284134,175,2812
104.327957,30.747439,-1,2813
104.203541,30.726334,21,2814
104.059584,30.424914,-1,2815
104.002409,30.434143,-1,2816
104.473227,30.434734,-1,2817
103.80208,30.455534,23,2818
104.103667,30.420259,-1,2819
103.895805,30.84216,-1,2820
104.027592,30.53596,-1,2821
104.055911,30.763239,129,2822
104.23779,30.652749,133,2823
103.967328,30.586069,126,2824
104.079976,30.513221,131,2825
103.921887,30.28829,-1,2826
103.64781,30.95163,91,2827
104.112923,30.578923,0,2828
104.125279,30.769586,85,2829
104.097145,30.759035,-1,2830
104.053522,30.466085,19,2831
103.957456,30.647395,-1,2832
104.049296,30.635806,-1,2833
104.118381,30.757205,88,2834
104.183375,30.710772,14,2835
103.940992,30.935119,-1,2836
104.220769,30.638765,45,2837
103.997841,30.248471,-1,2838
104.335558,30.712355,-1,2839
104.051642,30.541238,244,2840
103.844769,30.682312,-1,2841
103.499435,30.56948,160,2842
103.998561,30.014783,-1,2843
104.622987,30.319612,-1,2844
104.076178,30.755722,-1,2845
104.451049,30.469739,-1,2846
103.854337,31.053698,-1,2847
104.001872,29.125597,-1,2848
103.706244,30.89418,-1,2849
104.025753,31.383672,-1,2850
104.096205,30.537872,-1,2851
104.050828,30.478319,-1,2852
103.967999,30.948338,-1,2853
103.976294,30.468603,-1,2854
103.648692,30.931276,-1,2855
104.125215,30.769514,85,2856
104.214962,30.582911,128,2857
104.405587,31.074666,-1,2858
104.222287,30.638923,45,2859
103.935742,30.905222,44,2860
104.361546,30.434964,-1,2861
104.10393,30.715219,-1,2862
104.174674,30.715277,59,2863
103.917027,30.411672,-1,2864
104.120518,30.770992,-1,2865
103.940368,30.614228,136,2866
103.963363,30.810967,-1,2867
104.226789,30.525656,242,2868
104.087257,30.82694,-1,2869
103.856751,30.442175,-1,2870
104.203308,30.74108,-1,2871
104.08175,30.454775,228,2872
104.075461,30.770821,-1,2873
103.779989,30.439816,-1,2874
103.981921,30.409842,-1,2875
104.576717,30.71761,-1,2876
103.788419,30.60325,-1,2877
104.360049,30.659151,-1,2878
103.908652,30.542461,94,2879
103.843403,31.138298,-1,2880
104.026208,30.651152,-1,2881
103.83454,30.640305,80,2882
103.967961,30.736088,-1,2883
103.870724,30.702077,176,2884
103.678458,31.029985,212,2885
104.161531,30.599558,60,2886
104.072,30.253025,-1,2887
104.118747,30.75721,88,2888
103.99895,30.466982,215,2889
104.491926,30.323437,-1,2890
103.967264,30.648517,4,2891
104.150697,30.358952,-1,2892
104.202123,30.739246,182,2893
104.161701,30.599629,60,2894
104.052542,30.246033,168,2895
103.640631,31.014933,-1,2896
104.430308,30.96599,-1,2897
104.045967,30.66375,-1,2898
104.042179,30.467342,-1,2899
104.076198,30.775697,-1,2900
103.779311,30.607277,-1,2901
103.939753,30.617291,213,2902
103.945824,30.922328,-1,2903
103.947849,30.011369,-1,2904
104.175702,30.715432,59,2905
103.993527,30.764642,89,2906
104.060861,30.725643,-1,2907
103.47961,30.428035,270,2908
103.674943,30.645124,-1,2909
103.569077,29.742498,-1,2910
103.885974,31.028352,73,2911
104.164413,30.658765,54,2912
104.329019,30.893237,-1,2913
104.323525,30.645123,111,2914
104.287626,30.679646,-1,2915
104.130672,30.372774,-1,2916
104.201612,30.733475,187,2917
104.06904,30.542341,-1,2918
103.908097,31.033321,-1,2919
103.617478,30.994312,-1,2920
103.709717,30.395149,155,2921
104.410954,30.343583,-1,2922
103.918174,30.684006,40,2923
104.037552,30.361113,-1,2924
103.819323,30.482778,-1,2925
103.861593,30.796699,-1,2926
103.872235,30.312262,-1,2927
103.902242,30.834152,173,2928
104.401464,31.061457,-1,2929
104.323894,30.895091,-1,2930
104.185097,30.533395,-1,2931
104.100881,30.382634,-1,2932
104.100189,30.459375,214,2933
104.17715,30.719136,120,2934
103.901449,30.834603,173,2935
104.35975,30.659318,-1,2936
103.460753,30.427649,-1,2937
104.075285,30.643243,-1,2938
103.613746,30.871079,-1,2939
103.987462,30.509417,-1,2940
103.781277,30.069878,-1,2941
104.224906,30.783015,-1,2942
104.534856,30.42921,-1,2943
104.288104,30.697186,239,2944
103.670843,30.99988,-1,2945
103.933387,30.813681,-1,2946
103.978398,30.024361,-1,2947
104.454223,30.47989,-1,2948
103.95951,30.36003,-1,2949
103.904864,30.785893,-1,2950
103.937415,30.61933,121,2951
104.339012,30.84501,-1,2952
103.967184,30.648336,4,2953
103.799411,29.771337,-1,2954
103.935587,30.782483,-1,2955
104.555747,30.353975,143,2956
104.181309,30.703921,269,2957
104.370567,30.289268,-1,2958
104.051881,30.540593,244,2959
103.647189,30.951533,91,2960
104.323345,30.29827,-1,2961
104.202169,30.726128,21,2962
104.138428,30.638174,-1,2963
104.061254,30.844882,-1,2964
104.067373,30.686051,-1,2965
103.929561,30.634858,-1,2966
104.095532,30.428533,-1,2967
103.534513,30.784163,-1,2968
104.349955,30.362263,-1,2969
104.463309,30.473936,-1,2970
104.055368,30.657491,-1,2971
103.68953,30.399529,-1,2972
103.495258,30.749356,-1,2973
103.802013,30.455566,23,2974
103.660947,30.961352,28,2975
103.976775,30.644346,-1,2976
103.935562,30.905435,44,2977
103.478525,30.427976,270,2978
104.032472,30.636095,-1,2979
104.080051,30.758645,-1,2980
104.244685,30.645781,79,2981
104.096098,30.537563,-1,2982
104.196103,30.527741,224,2983
104.210866,30.763815,-1,2984
104.539605,30.661056,-1,2985
104.077538,30.794688,188,2986
103.869746,30.664872,-1,2987
103.964919,30.460753,-1,2988
104.212477,30.614538,-1,2989
104.0982,30.544609,-1,2990
104.161701,30.599629,60,2991
103.680268,30.611527,-1,2992
104.122126,30.539796,83,2993
104.042219,30.199137,-1,2994
104.08158,30.522535,-1,2995
103.977576,30.45504,-1,2996
104.934671,30.20201,-1,2997
104.378349,30.282963,-1,2998
104.012275,30.555717,-1,2999
104.117477,30.537597,-1,3000
104.488743,30.461928,245,3001
104.059348,30.468808,-1,3002
103.874208,30.490986,-1,3003
103.926914,30.951264,-1,3004
104.125174,30.769221,85,3005
104.098766,30.498945,-1,3006
104.097431,30.538027,-1,3007
104.410834,30.343165,-1,3008
104.175431,30.833444,-1,3009
104.23779,30.652749,133,3010
104.083667,30.577834,-1,3011
104.198322,30.581989,140,3012
103.662992,30.97132,99,3013
104.417495,30.480595,-1,3014
104.0448,30.940734,-1,3015
104.050289,30.710093,-1,3016
103.825996,30.799948,-1,3017
104.245193,30.645667,79,3018
103.705478,30.796976,-1,3019
103.906032,30.397048,-1,3020
104.208582,30.524261,103,3021
104.243157,30.650418,12,3022
103.987046,30.920516,-1,3023
103.786948,30.574643,-1,3024
104.061318,30.419226,66,3025
103.889633,30.442135,-1,3026
103.960345,30.373389,101,3027
103.972195,30.542101,157,3028
104.240018,30.597982,-1,3029
103.736487,31.016469,-1,3030
104.23779,30.652749,133,3031
103.920831,30.972489,-1,3032
103.65477,30.926187,52,3033
104.237813,30.6529,133,3034
104.099258,30.459029,214,3035
104.246762,30.584823,-1,3036
103.901185,30.834501,173,3037
104.121883,30.539707,83,3038
104.39228,30.283611,175,3039
103.852642,30.650792,-1,3040
103.952421,30.999899,-1,3041
104.12032,30.822696,-1,3042
104.11324,30.508071,-1,3043
104.029056,30.522045,-1,3044
104.125374,30.769599,85,3045
104.268979,30.579054,139,3046
103.994777,30.444239,-1,3047
103.654017,30.925905,52,3048
104.037665,30.360629,-1,3049
103.559666,30.548936,154,3050
103.83741,30.357834,170,3051
103.912745,30.824569,150,3052
104.134354,30.37326,-1,3053
103.710598,29.192364,-1,3054
103.685417,30.61994,-1,3055
104.182558,30.802988,-1,3056
103.814921,30.406068,-1,3057
104.083962,30.460739,-1,3058
103.955567,31.014276,-1,3059
103.498395,30.569082,160,3060
103.849567,30.449048,-1,3061
103.674943,30.645124,-1,3062
104.199113,30.591941,-1,3063
103.823345,30.610064,-1,3064
104.066557,30.759025,-1,3065
104.071574,30.840828,-1,3066
103.702727,30.397938,-1,3067
103.835921,30.346099,-1,3068
103.993187,31.438778,-1,3069
103.971201,31.094557,-1,3070
104.080303,30.510856,-1,3071
104.140857,30.826976,181,3072
103.66904,30.735458,-1,3073
104.857571,29.740998,-1,3074
104.167193,30.719971,-1,3075
103.895982,30.54388,-1,3076
103.89743,30.836574,56,3077
103.999144,30.752233,-1,3078
104.007663,30.553998,216,3079
103.967181,30.185497,-1,3080
103.803665,31.166433,-1,3081
104.474238,30.344781,-1,3082
103.974805,30.497454,-1,3083
104.161582,30.599597,60,3084
103.912307,30.631052,6,3085
104.066365,30.180407,183,3086
103.781645,30.640366,-1,3087
104.079999,30.677968,-1,3088
103.973739,30.98843,-1,3089
103.952554,30.453145,-1,3090
103.986545,30.491818,-1,3091
103.613243,30.871583,-1,3092
104.320438,30.278064,46,3093
104.386159,30.349593,-1,3094
104.072653,30.383686,-1,3095
103.953799,30.655035,-1,3096
103.874208,30.73639,-1,3097
103.868222,30.779315,92,3098
103.92357,30.716816,58,3099
103.882143,30.418267,-1,3100
104.04969,30.493554,-1,3101
103.887719,30.660918,-1,3102
103.654608,30.926049,52,3103
103.426288,30.377932,-1,3104
104.120168,30.773063,151,3105
103.960102,30.517322,201,3106
104.243284,30.6458,79,3107
104.50158,30.473695,246,3108
104.049867,30.602966,-1,3109
104.069865,30.767887,5,3110
103.980259,30.64528,-1,3111
104.2085,30.524228,103,3112
103.940454,30.614287,136,3113
103.937407,30.61421,39,3114
104.97316,29.870886,61,3115
103.915068,30.387932,-1,3116
104.015671,30.527347,-1,3117
104.379452,30.292213,-1,3118
104.235478,30.646586,35,3119
103.678155,31.029862,212,3120
103.87655,30.49082,169,3121
104.236081,30.860004,-1,3122
103.99572,30.643399,266,3123
104.184124,30.531956,-1,3124
103.870346,31.040184,-1,3125
103.851457,30.649234,-1,3126
103.449639,30.426977,-1,3127
103.793247,30.649912,-1,3128
104.055139,30.485031,-1,3129
104.014735,30.450033,-1,3130
104.028779,30.551275,-1,3131
104.080271,30.56529,-1,3132
103.877299,30.562407,-1,3133
104.067453,30.540794,-1,3134
104.152768,30.781704,-1,3135
103.687445,30.40069,-1,3136
103.970946,30.989135,-1,3137
103.861849,30.628867,-1,3138
104.093289,30.645207,-1,3139
104.226632,30.792598,62,3140
104.007995,30.4818,-1,3141
104.242573,30.65115,12,3142
104.036608,30.234114,-1,3143
103.851171,30.437293,13,3144
104.049464,30.476873,47,3145
104.408251,30.872245,-1,3146
104.322327,30.298569,-1,3147
103.935188,30.905404,44,3148
104.807699,30.837698,-1,3149
103.824845,30.581005,-1,3150
104.364649,30.430471,-1,3151
104.105078,30.38928,-1,3152
103.411188,30.76485,-1,3153
104.06773,30.467746,-1,3154
103.603901,31.010461,-1,3155
104.09256,30.442711,-1,3156
103.681755,30.612704,76,3157
103.921895,30.287862,-1,3158
104.067986,30.579851,-1,3159
104.379831,30.292367,-1,3160
104.503732,30.426643,-1,3161
103.896087,30.374661,-1,3162
104.501134,30.484215,-1,3163
104.538179,30.724053,-1,3164
103.493564,29.784383,-1,3165
103.980564,30.468168,-1,3166
104.213578,30.815997,-1,3167
104.472489,30.493316,240,3168
103.811356,30.632275,65,3169
104.115017,30.579495,0,3170
103.814495,30.633042,65,3171
104.034139,30.486047,-1,3172
104.282977,29.622661,-1,3173
104.043935,31.336654,-1,3174
104.135356,30.522066,-1,3175
104.324131,30.712846,-1,3176
104.100397,30.749558,-1,3177
103.588395,30.520681,-1,3178
103.876406,30.221044,-1,3179
103.969629,30.981816,167,3180
104.186686,30.756353,-1,3181
103.970726,30.6503,8,3182
104.263766,29.941418,53,3183
103.797009,30.646604,-1,3184
104.669784,29.503572,97,3185
103.508862,31.434536,-1,3186
104.11435,30.579493,0,3187
103.91757,30.68189,-1,3188
104.243664,29.9474,-1,3189
104.177849,30.727298,-1,3190
103.952655,30.456413,-1,3191
104.140731,30.826747,181,3192
104.062035,30.339079,-1,3193
104.118799,30.757915,88,3194
104.099685,30.467136,100,3195
104.047633,30.427616,74,3196
104.047723,30.540359,112,3197
104.3339,30.644399,241,3198
104.059662,30.387393,-1,3199
103.535841,30.742585,-1,3200
102.868339,29.652144,-1,3201
104.109657,30.562382,-1,3202
104.841989,29.751195,-1,3203
104.027203,30.45202,-1,3204
104.380211,31.009577,-1,3205
104.106411,30.740561,194,3206
104.164651,30.65843,54,3207
104.114273,30.750325,208,3208
104.50013,30.429008,-1,3209
104.530526,30.412048,-1,3210
104.076171,30.792204,-1,3211
103.968891,30.396122,-1,3212
104.022461,30.523728,257,3213
104.324742,30.323096,-1,3214
103.953741,30.339159,-1,3215
104.066373,30.179799,183,3216
103.932724,30.813373,-1,3217
103.090467,30.057904,-1,3218
103.680965,31.033691,-1,3219
104.244208,30.646344,79,3220
103.653666,30.92046,204,3221
104.062644,30.658786,-1,3222
104.072026,30.318703,-1,3223
104.196222,30.527575,224,3224
104.087875,30.749084,-1,3225
104.043791,30.582525,-1,3226
104.270912,30.660758,-1,3227
103.983575,30.783257,-1,3228
104.032643,30.300189,-1,3229
104.513162,30.42008,171,3230
104.286078,30.679152,-1,3231
103.874942,30.612119,-1,3232
103.635993,30.293338,-1,3233
104.110008,30.544205,-1,3234
104.393775,30.489483,-1,3235
103.65477,30.926187,52,3236
104.313178,30.689402,-1,3237
103.984701,30.887747,-1,3238
103.708284,30.835489,-1,3239
104.125454,30.769402,85,3240
104.214198,30.651642,217,3241
103.694615,30.612727,-1,3242
104.199118,30.510152,110,3243
103.877839,30.493977,-1,3244
103.789322,30.603633,-1,3245
104.255295,30.531247,105,3246
103.947815,30.554169,-1,3247
104.244802,30.645726,79,3248
104.286524,30.969029,-1,3249
103.811859,30.606643,-1,3250
104.24674,30.277288,-1,3251
104.594841,31.770005,-1,3252
104.174121,31.000713,-1,3253
103.459961,30.747058,9,3254
104.363406,30.658299,263,3255
104.036362,30.296684,-1,3256
103.705781,29.08415,-1,3257
104.393018,30.295739,-1,3258
104.059563,30.3874,-1,3259
104.870293,29.226523,-1,3260
103.90448,30.352697,-1,3261
104.372045,30.864509,64,3262
103.857754,31.065565,117,3263
104.110679,30.509312,-1,3264
104.323279,30.644969,111,3265
104.174254,30.864901,-1,3266
103.969463,30.638396,-1,3267
103.680751,30.895029,-1,3268
104.203023,30.598654,-1,3269
104.189203,30.792902,-1,3270
104.153541,30.615934,-1,3271
104.228314,30.802373,-1,3272
104.235726,30.646836,35,3273
104.105863,30.766973,-1,3274
103.825475,30.570727,-1,3275
104.090183,30.517416,-1,3276
103.794715,30.422975,-1,3277
103.922478,30.86738,-1,3278
104.1004,30.520955,-1,3279
104.196629,30.589861,26,3280
104.236722,30.178897,-1,3281
104.047529,30.428015,74,3282
103.847492,30.664704,-1,3283
103.957882,30.663067,115,3284
104.25921,30.529965,-1,3285
103.974531,30.737834,-1,3286
103.940638,30.521409,-1,3287
104.242417,30.650335,12,3288
103.97574,30.778345,-1,3289
103.937643,30.614134,39,3290
104.418673,30.803541,-1,3291
103.761891,30.395022,-1,3292
103.459841,30.74692,9,3293
103.893002,30.513649,114,3294
103.923487,30.255839,-1,3295
103.967417,30.648587,4,3296
104.526544,30.430961,-1,3297
103.9525,30.795754,206,3298
103.66146,30.961073,28,3299
104.05361,30.443382,-1,3300
103.971027,30.631662,-1,3301
104.054894,30.443028,-1,3302
103.884376,30.402944,-1,3303
104.547783,30.69118,-1,3304
103.936133,30.905582,44,3305
104.059211,30.635323,225,3306
103.883259,30.665896,67,3307
104.052881,30.473906,226,3308
103.863822,30.34686,-1,3309
104.323836,30.645075,111,3310
104.268907,31.015253,-1,3311
104.341555,30.8293,-1,3312
104.297465,31.035013,63,3313
103.063495,30.010924,-1,3314
104.564025,30.387739,-1,3315
103.847706,30.448783,-1,3316
103.459921,30.747019,9,3317
103.907947,30.660732,-1,3318
104.109728,30.508557,-1,3319
103.885044,30.165284,-1,3320
103.911292,30.948682,-1,3321
103.888011,30.66133,-1,3322
103.952525,30.668646,-1,3323
104.022192,30.449893,-1,3324
103.818312,30.907325,-1,3325
104.35605,30.551554,-1,3326
103.553264,30.221106,116,3327
104.181414,30.717762,-1,3328
104.090399,30.740176,109,3329
103.963218,30.792134,-1,3330
104.018468,29.138922,119,3331
104.050678,30.710999,-1,3332
104.11455,30.579726,0,3333
103.674458,30.905778,-1,3334
103.982008,30.60271,-1,3335
104.555523,30.352611,143,3336
104.124073,30.373522,-1,3337
103.879246,30.489232,-1,3338
103.561259,30.748592,207,3339
103.911968,30.798365,234,3340
103.84642,30.428549,-1,3341
104.221053,30.638941,45,3342
103.986903,30.484979,-1,3343
104.14086,30.817181,-1,3344
103.964519,30.637007,142,3345
104.031785,30.437847,-1,3346
104.325157,30.295196,-1,3347
104.209688,30.72478,-1,3348
104.495707,30.417796,-1,3349
103.602539,31.001719,-1,3350
103.967999,30.948338,-1,3351
104.015052,30.535942,-1,3352
103.838152,30.360083,247,3353
104.034145,30.485909,-1,3354
103.781947,30.675921,220,3355
103.903472,30.632013,-1,3356
103.737678,30.511194,124,3357
104.101901,30.46831,-1,3358
103.465688,30.438404,123,3359
103.531837,30.549466,-1,3360
103.629581,30.734077,-1,3361
104.08234,30.763279,-1,3362
104.196629,30.589861,26,3363
103.896326,30.66601,37,3364
103.964423,30.637087,142,3365
103.946238,30.484406,-1,3366
104.456945,30.796982,-1,3367
104.099643,30.466966,100,3368
104.429792,30.893357,-1,3369
104.301981,30.853231,-1,3370
104.36708,30.292166,-1,3371
103.816122,30.486067,-1,3372
103.959477,30.162494,-1,3373
104.108752,30.496017,-1,3374
104.110333,30.767768,248,3375
103.902047,30.787009,-1,3376
103.607681,31.065512,-1,3377
104.325331,30.295517,-1,3378
104.095498,30.535846,-1,3379
103.929016,30.974543,-1,3380
104.235435,30.6466,35,3381
104.342046,30.359698,-1,3382
103.571394,30.747955,-1,3383
103.578994,30.845593,-1,3384
104.200695,30.741486,-1,3385
103.533349,30.693797,-1,3386
104.234958,30.64582,35,3387
103.988632,30.628142,18,3388
103.963091,30.448017,-1,3389
104.273073,30.681189,-1,3390
103.497395,30.545715,-1,3391
104.168682,30.741594,163,3392
104.243087,30.645787,79,3393
104.015764,30.475057,-1,3394
104.236445,30.64692,35,3395
103.974081,31.003458,-1,3396
104.072374,30.20408,-1,3397
104.115537,30.378411,-1,3398
103.965367,30.383159,-1,3399
104.448339,30.857467,-1,3400
104.196326,30.527571,224,3401
104.059562,30.424792,-1,3402
104.311099,30.799189,-1,3403
103.794445,30.440965,-1,3404
104.255135,30.471571,-1,3405
103.937684,30.811382,-1,3406
104.128444,30.600189,-1,3407
104.063643,30.632808,190,3408
103.647279,30.95146,91,3409
104.100437,30.829462,-1,3410
104.40884,30.477577,-1,3411
103.998779,30.756098,-1,3412
104.434482,30.49933,-1,3413
103.67364,30.904019,-1,3414
104.494026,30.325621,-1,3415
104.042569,30.465527,-1,3416
103.750355,30.538584,-1,3417
104.105822,30.792857,-1,3418
103.936463,30.613814,39,3419
103.940649,30.61408,136,3420
104.244506,30.60163,-1,3421
104.011101,30.443474,-1,3422
103.52672,30.20392,-1,3423
103.696138,29.227951,-1,3424
104.202537,30.726061,21,3425
103.638612,30.970608,-1,3426
103.897263,30.836196,56,3427
102.729025,29.986503,-1,3428
103.953913,30.339165,-1,3429
104.175324,30.718622,-1,3430
103.897287,30.836306,56,3431
103.469539,30.392221,-1,3432
104.108931,30.539658,-1,3433
104.495722,30.417848,-1,3434
104.140042,30.781951,-1,3435
103.866599,30.556936,-1,3436
103.935681,30.42467,-1,3437
103.873821,30.417359,125,3438
104.089746,30.757664,-1,3439
104.052422,30.246167,168,3440
104.540882,30.418605,-1,3441
104.251473,30.720667,-1,3442
104.221466,30.544475,-1,3443
103.831832,30.787581,-1,3444
103.803095,30.669275,-1,3445
104.238093,30.652895,133,3446
104.224886,30.793994,95,3447
104.00018,30.393676,-1,3448
104.161123,30.602145,-1,3449
103.937764,30.61899,121,3450
103.955687,30.651687,-1,3451
103.918581,30.683431,40,3452
104.491608,30.324278,-1,3453
104.28671,30.696601,239,3454
103.797589,30.971614,-1,3455
104.006937,30.232963,-1,3456
103.95279,30.427907,230,3457
104.399607,30.30065,-1,3458
104.33415,31.043466,-1,3459
104.105907,30.769871,-1,3460
103.936117,30.905366,44,3461
104.408698,30.344366,-1,3462
103.988697,29.130777,-1,3463
103.935804,30.905548,44,3464
104.513581,30.513036,-1,3465
103.917418,30.684112,40,3466
103.968503,30.812072,-1,3467
104.175489,30.715254,59,3468
103.916549,30.369447,227,3469
103.953395,30.457145,-1,3470
103.652883,30.920515,204,3471
103.882442,30.66621,67,3472
104.012255,30.8313,-1,3473
103.743194,30.59751,-1,3474
103.946997,30.534041,-1,3475
103.862567,30.595856,-1,3476
104.215082,30.582764,128,3477
103.588395,30.520681,-1,3478
104.013697,30.225833,-1,3479
103.905549,30.810721,24,3480
104.161781,30.599674,60,3481
104.185071,30.718455,153,3482
103.922461,29.920992,-1,3483
104.318819,30.275467,46,3484
104.491887,30.323602,-1,3485
104.093609,30.58106,10,3486
104.245045,30.645674,79,3487
104.071076,30.725232,174,3488
103.892755,30.447762,72,3489
103.729587,31.018409,-1,3490
103.969492,30.981991,167,3491
104.49118,31.049603,-1,3492
104.041433,30.593313,49,3493
104.242811,30.650605,12,3494
104.273073,30.681055,-1,3495
103.975001,30.793965,-1,3496
104.008697,30.590745,69,3497
104.106788,30.491395,178,3498
104.117928,30.583088,-1,3499
103.883649,30.666009,67,3500
103.811241,30.632246,65,3501
104.245393,30.645416,79,3502
103.927746,30.611593,-1,3503
104.025648,30.495006,-1,3504
103.819137,30.79726,146,3505
104.006458,30.651999,-1,3506
104.196079,30.527605,224,3507
104.488991,30.493472,7,3508
103.877331,30.572595,-1,3509
103.977532,30.688844,203,3510
103.88968,31.064284,-1,3511
104.117136,30.770204,-1,3512
104.973361,29.870887,61,3513
104.242902,30.645537,79,3514
104.354185,30.435666,135,3515
104.179528,30.520356,-1,3516
103.958323,30.356039,-1,3517
103.75974,30.539167,-1,3518
103.407649,30.748573,-1,3519
104.203613,30.726006,21,3520
104.020794,29.139412,119,3521
103.63822,30.480459,-1,3522
104.117632,30.597006,-1,3523
104.007602,30.554324,216,3524
103.726127,30.557943,-1,3525
104.072814,30.818224,-1,3526
104.320024,30.276697,46,3527
104.03711,30.148366,236,3528
103.990636,30.739654,156,3529
103.971365,30.650608,8,3530
104.019032,30.556422,-1,3531
103.797958,29.436163,-1,3532
104.278268,31.127236,-1,3533
104.09613,30.544515,249,3534
104.05357,30.466353,19,3535
104.065206,30.835229,-1,3536
104.096255,30.544043,249,3537
103.897215,30.667135,37,3538
104.104319,30.797397,-1,3539
104.203802,30.725976,21,3540
104.21541,30.582746,128,3541
103.987074,30.596581,-1,3542
104.537148,30.353035,250,3543
104.356465,30.660964,-1,3544
104.006383,30.592152,141,3545
104.661382,31.090907,-1,3546
103.512153,30.206743,-1,3547
104.23542,30.646591,35,3548
104.045299,30.445342,15,3549
103.987373,30.612078,-1,3550
104.35216,30.668028,-1,3551
103.973492,30.469877,-1,3552
103.671363,30.332803,-1,3553
103.888489,30.556836,118,3554
103.856451,30.441947,-1,3555
104.053587,30.466303,19,3556
103.586535,30.388209,-1,3557
104.115672,30.591502,-1,3558
103.969544,30.982242,167,3559
104.164495,30.395149,-1,3560
104.30874,30.8655,108,3561
103.465934,30.438221,123,3562
104.288064,30.846105,-1,3563
104.165449,30.658883,54,3564
103.788286,31.035794,-1,3565
104.202382,30.506341,-1,3566
104.320337,30.277547,46,3567
104.09613,30.543164,38,3568
104.595531,31.769086,-1,3569
104.556395,30.372611,218,3570
103.368161,30.286104,-1,3571
104.012082,31.430024,-1,3572
104.022313,30.501133,-1,3573
104.522965,30.684559,-1,3574
104.366016,30.857244,-1,3575
103.553328,30.220956,116,3576
104.024386,30.508334,-1,3577
103.907979,30.648338,-1,3578
103.933637,30.62045,-1,3579
104.323753,30.645082,111,3580
103.528029,30.377565,-1,3581
103.970234,30.470074,-1,3582
104.349192,30.529651,-1,3583
104.297495,31.035056,63,3584
103.83614,30.522532,-1,3585
104.08351,30.416918,-1,3586
103.676843,30.606234,-1,3587
103.678,31.029842,212,3588
103.978788,30.748714,-1,3589
103.699029,31.030542,-1,3590
104.464642,30.47118,-1,3591
103.921418,30.574377,-1,3592
104.203304,30.74108,-1,3593
104.505776,30.352946,-1,3594
104.170999,30.615359,200,3595
104.188734,31.005439,-1,3596
103.897287,30.836187,56,3597
104.106344,30.765464,-1,3598
104.083794,30.63761,-1,3599
104.071981,30.376065,-1,3600
104.193713,30.738231,238,3601
103.980709,30.468187,-1,3602
104.226324,30.52502,242,3603
104.243075,30.645949,79,3604
104.39056,30.299956,-1,3605
104.263702,29.943102,53,3606
103.937462,30.614198,39,3607
104.301399,30.386563,-1,3608
103.691216,30.641193,-1,3609
104.172335,30.718413,-1,3610
104.165186,30.658919,54,3611
103.895142,30.464613,-1,3612
104.082423,30.581085,-1,3613
104.139133,30.815015,-1,3614
103.553233,30.220918,116,3615
103.789892,30.682707,-1,3616
104.289657,30.846206,-1,3617
104.108348,30.505524,-1,3618
104.155423,30.579241,-1,3619
104.169051,30.741398,163,3620
102.732659,29.428644,-1,3621
103.98118,30.785094,50,3622
103.857531,31.064525,-1,3623
103.672038,30.43159,-1,3624
104.118667,30.757022,88,3625
104.004576,30.508108,-1,3626
104.395609,30.35625,-1,3627
103.961927,30.430296,-1,3628
103.9411,30.853977,-1,3629
103.796257,30.648899,-1,3630
103.880217,30.604252,219,3631
104.243543,30.721951,-1,3632
103.826271,30.576132,-1,3633
103.696453,30.604801,-1,3634
104.047534,30.428951,74,3635
104.365741,30.29573,-1,3636
104.391064,30.286839,90,3637
104.210314,30.609047,-1,3638
103.864619,30.492244,-1,3639
104.041234,30.59351,49,3640
103.448883,30.483854,-1,3641
104.223593,30.566565,55,3642
104.112535,30.752793,30,3643
104.101452,30.829377,-1,3644
103.848068,30.644543,-1,3645
103.969085,31.007925,-1,3646
104.312375,30.874749,237,3647
104.245248,30.55358,-1,3648
104.224085,30.566481,55,3649
103.850923,30.820443,41,3650
104.363332,31.067891,251,3651
103.937407,30.61421,39,3652
103.887452,30.427608,-1,3653
103.338545,30.340026,-1,3654
103.67621,30.612854,-1,3655
104.203168,30.74779,-1,3656
103.930012,30.948233,-1,3657
103.973828,30.80047,2,3658
103.936087,30.905263,44,3659
103.414371,30.770076,-1,3660
104.494603,31.731999,-1,3661
104.107504,30.513166,-1,3662
104.09337,30.798169,-1,3663
104.112059,30.753072,30,3664
104.298473,30.385308,-1,3665
104.034351,30.715222,-1,3666
104.366807,30.294099,-1,3667
104.105734,30.4287,-1,3668
103.8933,30.533325,-1,3669
103.870496,30.702283,176,3670
103.591519,30.742123,-1,3671
103.905465,30.810474,24,3672
103.508449,30.74948,-1,3673
103.958153,30.663477,115,3674
104.549805,30.717607,-1,3675
103.796323,30.650776,-1,3676
104.175356,30.782054,-1,3677
103.886965,30.820601,185,3678
103.712224,30.524167,-1,3679
103.860796,31.064601,-1,3680
103.8149,30.575084,-1,3681
103.96135,30.644929,-1,3682
103.838112,30.360027,247,3683
104.073807,30.685619,-1,3684
103.708488,30.317319,-1,3685
103.983942,30.219238,-1,3686
103.985868,30.455649,-1,3687
103.959784,30.796182,-1,3688
103.889167,30.390705,-1,3689
104.235742,30.646636,35,3690
104.36292,31.067787,251,3691
103.681078,30.612629,76,3692
103.839545,30.421639,-1,3693
104.312718,30.297251,-1,3694
104.556411,30.372595,218,3695
104.17715,30.719136,120,3696
104.34923,30.664035,-1,3697
104.192857,30.734455,-1,3698
104.008841,30.590564,69,3699
104.493681,30.325629,-1,3700
104.185764,30.718473,153,3701
104.505609,30.506444,-1,3702
104.47288,30.485065,-1,3703
104.009435,30.564602,-1,3704
103.806177,31.17166,-1,3705
104.309141,30.865232,108,3706
104.066871,30.449102,-1,3707
104.36111,30.658055,-1,3708
103.897287,30.836306,56,3709
104.168848,30.741546,163,3710
103.654696,30.664467,-1,3711
104.078106,30.794801,188,3712
104.028464,30.562278,-1,3713
104.316046,30.30224,231,3714
104.000921,30.762606,-1,3715
104.107107,30.587057,-1,3716
104.535663,30.352372,-1,3717
104.275073,30.634338,-1,3718
103.858146,31.065623,117,3719
103.973612,30.800531,2,3720
104.215488,30.820924,-1,3721
104.469006,30.847826,-1,3722
104.353771,30.843552,-1,3723
104.208738,30.744845,-1,3724
103.939128,29.940325,-1,3725
103.147253,30.461352,-1,3726
104.387145,30.287152,-1,3727
104.071449,30.725151,174,3728
104.615093,30.16294,-1,3729
103.709381,30.393297,155,3730
103.937652,30.614722,39,3731
104.251206,30.526476,-1,3732
104.094141,30.230857,-1,3733
103.464841,30.452673,-1,3734
104.061356,30.419211,66,3735
104.069657,30.691413,-1,3736
104.948049,30.211366,-1,3737
104.138604,30.610808,42,3738
103.691997,30.421107,-1,3739
104.489011,30.461537,245,3740
104.033102,30.447761,-1,3741
104.118383,30.758995,-1,3742
103.935584,30.905417,44,3743
104.370673,30.721787,-1,3744
104.327262,30.307621,222,3745
103.999029,30.7439,137,3746
103.4893,30.749387,-1,3747
104.251014,30.776475,-1,3748
104.311587,30.298817,158,3749
103.613866,30.959931,-1,3750
103.9726,30.998997,-1,3751
103.878627,30.198226,164,3752
104.05582,30.685171,-1,3753
103.622951,30.615738,-1,3754
104.115737,30.767579,-1,3755
104.101535,30.516266,-1,3756
104.265918,30.616522,-1,3757
104.101901,30.515975,-1,3758
103.515591,30.20082,-1,3759
104.066227,30.686188,-1,3760
104.009949,30.451643,-1,3761
104.508558,30.353183,-1,3762
103.961619,30.368341,-1,3763
104.400324,30.996904,-1,3764
104.052952,30.45678,31,3765
103.959607,30.517193,201,3766
103.8803,30.480453,-1,3767
104.161383,30.599513,60,3768
104.050848,30.476189,47,3769
104.164651,30.65843,54,3770
103.937611,30.614037,39,3771
103.698579,30.630162,-1,3772
104.169628,30.532374,-1,3773
104.174903,30.715322,59,3774
104.061601,30.59788,-1,3775
104.012272,30.487164,-1,3776
103.940414,30.614322,136,3777
104.102309,30.537998,193,3778
104.388998,30.297489,-1,3779
104.400835,31.064655,-1,3780
104.234662,30.646453,35,3781
103.726424,30.366397,-1,3782
103.736084,30.335621,-1,3783
103.992483,30.721338,-1,3784
104.536877,30.354404,-1,3785
104.34131,30.917067,-1,3786
104.325887,30.799576,-1,3787
103.531453,30.562756,-1,3788
104.134506,30.820727,-1,3789
104.158598,30.650157,-1,3790
104.060658,30.449607,-1,3791
104.057902,30.727333,-1,3792
104.052251,30.246041,168,3793
104.242475,30.650374,12,3794
104.063569,30.632898,190,3795
103.506879,30.744487,-1,3796
103.876208,30.480799,-1,3797
104.097145,30.759173,-1,3798
103.539595,30.552879,-1,3799
104.203361,30.726101,21,3800
104.083053,30.753465,-1,3801
104.80416,30.152084,70,3802
103.996218,30.634043,-1,3803
103.710084,30.395235,155,3804
103.522911,30.73697,-1,3805
104.105995,30.769898,-1,3806
103.49702,30.561037,-1,3807
103.909919,30.24226,-1,3808
103.66146,30.961073,28,3809
103.802062,30.455661,23,3810
103.784668,30.65189,-1,3811
104.045143,30.568381,-1,3812
104.294512,30.393387,-1,3813
104.170727,30.47751,-1,3814
103.66188,30.919985,-1,3815
103.70155,30.602313,3,3816
104.203247,30.519882,-1,3817
104.421217,30.471685,-1,3818
103.62548,30.931852,-1,3819
104.203916,30.748043,-1,3820
103.847722,30.431163,-1,3821
104.069388,30.768466,5,3822
103.937507,30.618839,121,3823
103.871292,30.619786,-1,3824
104.00191,30.661656,-1,3825
103.487022,31.251499,-1,3826
103.805388,30.431295,-1,3827
104.205347,31.192079,-1,3828
103.942746,30.524348,-1,3829
104.556555,30.37271,218,3830
104.119948,30.772909,151,3831
104.135591,30.374797,-1,3832
104.408698,30.344366,-1,3833
102.250552,29.75126,-1,3834
103.917192,30.683393,40,3835
104.568669,30.707184,252,3836
103.695851,30.653447,-1,3837
104.115403,30.452578,232,3838
103.654843,30.926127,52,3839
103.875315,30.717174,-1,3840
104.006937,30.232963,-1,3841
103.878949,30.49311,-1,3842
104.041161,30.593537,49,3843
104.027388,30.450893,159,3844
104.124558,30.373387,-1,3845
103.640628,30.965928,-1,3846
104.063737,30.442784,-1,3847
104.2868,30.696863,239,3848
104.349996,30.555425,-1,3849
104.311941,30.846758,-1,3850
104.626293,30.858406,-1,3851
104.326506,30.860044,57,3852
104.067885,30.579448,-1,3853
103.887193,30.528503,104,3854
104.074532,30.724889,-1,3855
103.053658,30.02516,-1,3856
104.226107,30.644279,-1,3857
103.982594,31.05726,-1,3858
104.286078,30.679152,-1,3859
104.550134,29.499122,-1,3860
104.908375,30.159889,-1,3861
103.95044,30.637285,-1,3862
103.934816,30.548754,-1,3863
104.086693,30.759233,1,3864
104.078803,30.366107,147,3865
104.11266,30.469084,-1,3866
103.965609,30.981735,-1,3867
103.697653,30.407131,-1,3868
103.922511,30.475404,-1,3869
103.973684,30.432925,-1,3870
104.086628,30.75929,1,3871
104.226237,30.885168,-1,3872
104.49582,30.467811,-1,3873
103.836524,30.361304,-1,3874
104.085957,30.515598,-1,3875
104.254062,30.644332,-1,3876
104.048809,30.488555,-1,3877
103.970149,30.658585,-1,3878
103.560754,30.748654,207,3879
103.709201,29.158802,-1,3880
104.077745,30.7946,188,3881
103.908967,30.543119,94,3882
103.426327,31.071638,-1,3883
103.439702,30.989944,-1,3884
104.289627,30.847942,-1,3885
104.111857,31.07591,-1,3886
104.252042,30.740214,-1,3887
103.465862,30.438208,123,3888
103.753549,30.556258,-1,3889
103.939792,30.616358,213,3890
103.954418,30.952727,-1,3891
104.315991,30.302135,231,3892
104.021036,30.615976,-1,3893
104.257411,30.530302,-1,3894
103.952678,30.427873,230,3895
104.020246,30.241119,-1,3896
104.036556,30.460153,-1,3897
104.105734,30.4287,-1,3898
104.170646,30.615477,200,3899
103.901808,30.833886,173,3900
104.107818,30.507924,-1,3901
104.565137,30.372264,-1,3902
104.221204,30.638757,45,3903
104.942956,30.284612,-1,3904
104.428718,31.149892,210,3905
103.481167,30.761232,-1,3906
104.056271,30.542251,-1,3907
104.172807,30.483525,25,3908
104.498955,30.467667,-1,3909
104.178806,30.782832,34,3910
103.780128,30.675819,-1,3911
104.019318,30.230066,-1,3912
104.106905,30.533141,-1,3913
103.147253,30.461352,-1,3914
104.152217,30.580095,-1,3915
103.957698,30.567498,-1,3916
103.940313,30.614176,136,3917
104.044357,30.445058,15,3918
103.902898,30.658411,130,3919
103.968709,30.45877,-1,3920
103.460372,30.464159,-1,3921
104.803945,30.149087,-1,3922
104.044444,30.445222,15,3923
104.069888,30.768447,5,3924
104.660501,31.130979,-1,3925
103.97766,30.652521,-1,3926
103.517567,30.750454,223,3927
103.796879,29.434395,-1,3928
103.969534,30.982344,167,3929
104.118747,30.75721,88,3930
103.977418,30.688449,203,3931
104.185664,30.684698,22,3932
103.834444,30.323084,-1,3933
104.505299,30.506477,-1,3934
104.237706,30.653272,133,3935
104.268978,30.578664,139,3936
103.896234,31.012482,-1,3937
103.497229,30.567255,191,3938
104.190345,30.5141,-1,3939
103.797878,29.436163,-1,3940
103.544999,30.56874,-1,3941
104.103428,30.716443,-1,3942
103.634824,30.584773,-1,3943
103.981354,30.785161,50,3944
104.077697,30.794948,188,3945
104.399916,30.342915,-1,3946
104.329291,30.853912,-1,3947
103.947175,30.636954,-1,3948
104.196629,30.589861,26,3949
103.79276,30.461016,-1,3950
104.106939,30.490602,178,3951
104.538179,30.724053,-1,3952
103.455596,30.418759,-1,3953
104.178838,30.783246,34,3954
104.505609,30.506444,-1,3955
104.026045,30.770555,-1,3956
104.58016,30.368161,-1,3957
104.178806,30.782832,34,3958
103.972099,30.542569,157,3959
103.999873,30.455324,-1,3960
103.918978,30.475999,-1,3961
104.368643,30.289733,172,3962
104.032678,30.713689,-1,3963
104.218135,30.585994,-1,3964
104.20244,30.726172,21,3965
104.223996,30.675118,197,3966
103.818694,30.854887,-1,3967
103.883064,30.419932,-1,3968
103.505986,30.55891,253,3969
104.128704,30.679057,-1,3970
103.49526,30.407069,-1,3971
104.009333,30.763854,77,3972
103.879965,30.605065,219,3973
104.551584,30.684335,-1,3974
103.945782,30.715551,-1,3975
104.003724,30.881972,-1,3976
103.694615,30.612727,-1,3977
103.701453,30.60266,3,3978
104.626293,30.85869,-1,3979
103.99192,30.73964,156,3980
103.903628,30.683322,-1,3981
104.11751,30.522562,-1,3982
104.064386,30.438784,-1,3983
103.891551,31.02222,-1,3984
104.215261,30.820692,-1,3985
103.659764,30.961714,-1,3986
103.880302,30.719837,-1,3987
103.940067,30.614194,136,3988
104.392182,30.298997,-1,3989
103.927246,30.949861,-1,3990
104.086319,30.456592,-1,3991
104.193225,30.738912,238,3992
104.12833,30.599293,-1,3993
103.953372,30.457108,-1,3994
103.874224,30.417188,125,3995
104.214617,30.583653,128,3996
104.092781,30.565337,-1,3997
103.867075,30.535031,195,3998
104.046276,30.427535,74,3999
103.936933,30.923333,-1,4000
104.573625,30.686868,17,4001
103.586504,30.746206,-1,4002
104.220926,30.638536,45,4003
104.100766,30.458943,214,4004
103.856937,30.62777,-1,4005
104.0663,30.180128,183,4006
103.970651,30.650006,8,4007
103.940213,30.6142,136,4008
103.661782,30.961472,28,4009
104.23491,30.646271,35,4010
103.966028,30.435525,-1,4011
103.904341,30.808091,-1,4012
103.969231,30.46989,-1,4013
104.146711,30.405666,-1,4014
103.919101,30.311157,-1,4015
104.264684,29.94141,53,4016
103.460428,30.464077,-1,4017
103.799411,29.771337,-1,4018
103.943558,30.552634,-1,4019
104.164383,30.658772,54,4020
103.617685,30.994307,-1,4021
104.077858,30.794594,188,4022
103.887005,30.820567,185,4023
104.184089,30.717088,-1,4024
104.335999,30.711315,-1,4025
104.111851,30.523502,-1,4026
104.359139,30.297205,-1,4027
104.067634,30.46763,-1,4028
103.709453,30.393597,155,4029
104.164756,30.659338,54,4030
104.32369,30.645044,111,4031
104.242603,30.651035,12,4032
104.221259,30.638595,45,4033
104.03158,30.85824,87,4034
103.451899,30.621879,-1,4035
104.112119,30.705374,-1,4036
104.469243,30.490516,-1,4037
103.974532,30.475743,-1,4038
104.185173,30.684263,22,4039
103.922478,31.038403,-1,4040
104.248661,30.648516,-1,4041
103.937459,30.613355,39,4042
103.46289,30.749624,-1,4043
104.49118,31.049603,-1,4044
103.725165,30.593004,-1,4045
104.048946,30.540499,112,4046
103.68487,30.376541,-1,4047
103.945819,30.701302,-1,4048
103.905305,30.237129,-1,4049
103.785992,30.653403,-1,4050
103.637774,30.587161,-1,4051
104.320812,30.32767,-1,4052
104.234701,30.919319,-1,4053
104.023933,30.727821,-1,4054
103.870899,30.701783,176,4055
103.96567,30.637742,-1,4056
104.123426,30.373474,-1,4057
103.967983,30.467869,-1,4058
103.496199,30.174974,-1,4059
104.082683,30.83536,-1,4060
103.912645,30.824763,150,4061
104.312383,30.289394,-1,4062
104.253087,30.845299,-1,4063
104.214144,30.651584,217,4064
104.006953,30.592738,141,4065
104.197362,30.738437,-1,4066
103.870899,30.701783,176,4067
104.26279,30.852224,-1,4068
104.053467,30.467715,19,4069
103.991082,30.475833,-1,4070
103.9083,30.660622,-1,4071
104.321158,30.71101,-1,4072
104.32011,30.311663,-1,4073
104.498764,30.474186,-1,4074
104.061452,30.45088,-1,4075
104.152383,30.610149,-1,4076
103.929038,30.974461,-1,4077
104.056254,30.76322,129,4078
104.1347,30.805968,32,4079
104.063533,30.632411,190,4080
103.777628,30.7436,-1,4081
104.029147,30.480232,-1,4082
104.083504,30.719908,254,4083
103.89031,30.249269,-1,4084
103.987943,30.723881,-1,4085
103.460386,30.747769,9,4086
104.020724,29.139313,119,4087
104.502556,30.419186,-1,4088
103.989253,30.59625,-1,4089
104.576063,30.686081,17,4090
103.973928,31.032205,-1,4091
104.576441,30.71788,-1,4092
104.474517,30.347274,-1,4093
103.926529,30.806547,-1,4094
104.202635,30.747807,-1,4095
104.242367,30.19965,-1,4096
104.522965,30.684559,-1,4097
104.114461,30.750456,208,4098
104.804325,30.152442,70,4099
103.923202,30.717106,58,4100
104.204591,30.731128,199,4101
104.334884,30.643715,241,4102
104.182746,30.717418,127,4103
104.501833,30.429653,-1,4104
104.178371,30.727437,-1,4105
103.936401,30.613772,39,4106
104.050743,30.476615,47,4107
103.929653,30.699758,-1,4108
104.150365,30.6158,189,4109
104.11,30.53854,-1,4110
103.443112,30.943662,-1,4111
104.704115,30.64952,-1,4112
104.255768,30.471273,-1,4113
104.426502,30.460528,-1,4114
104.046914,30.760539,-1,4115
103.908048,30.972518,255,4116
104.04144,30.593272,49,4117
104.181828,30.344426,-1,4118
104.052236,30.246129,168,4119
103.537163,30.569362,-1,4120
103.846572,30.428064,-1,4121
104.170858,30.615072,200,4122
104.566908,30.38782,-1,4123
104.310248,30.994426,-1,4124
103.870919,30.402917,-1,4125
104.053637,30.446693,-1,4126
104.078242,30.709146,-1,4127
104.258945,30.925744,-1,4128
104.05279,30.472014,-1,4129
103.915988,30.858781,-1,4130
104.261342,29.965837,-1,4131
103.720306,30.590327,-1,4132
103.82906,30.396513,-1,4133
104.051035,30.260183,-1,4134
103.865379,30.603903,-1,4135
104.10641,30.721923,-1,4136
104.171741,30.77495,-1,4137
103.762648,31.196584,-1,4138
104.522315,30.429639,-1,4139
104.203788,30.725993,21,4140
104.37803,30.313229,106,4141
104.060683,30.449513,-1,4142
104.075019,30.336872,-1,4143
103.893399,30.513674,114,4144
103.873744,30.417287,125,4145
103.796786,30.646674,-1,4146
104.255282,30.531256,105,4147
104.109694,30.468448,-1,4148
104.183386,30.71047,14,4149
104.107167,30.505502,-1,4150
104.24262,30.650418,12,4151
104.196214,30.589261,26,4152
104.05798,30.648499,202,4153
104.228014,30.788089,-1,4154
103.695926,30.407844,-1,4155
103.687878,30.401113,-1,4156
104.247384,30.555346,75,4157
104.088219,30.749007,-1,4158
104.402077,30.997405,256,4159
104.201102,30.733751,187,4160
104.033177,30.467345,-1,4161
104.049099,30.489025,-1,4162
103.969897,31.006491,-1,4163
103.857339,31.064571,-1,4164
104.014206,30.480689,-1,4165
104.100306,30.749397,-1,4166
104.573033,30.68774,17,4167
104.320589,30.278068,46,4168
104.175706,30.788278,-1,4169
104.759226,30.373589,-1,4170
104.146038,30.886013,-1,4171
103.991104,30.640496,-1,4172
104.225752,30.791514,62,4173
103.872784,30.77934,86,4174
103.967192,30.648326,4,4175
104.419781,31.057218,-1,4176
104.339699,31.126053,-1,4177
103.884805,30.388504,180,4178
103.861298,30.803806,71,4179
104.320974,30.709114,-1,4180
104.112469,30.752885,30,4181
103.915571,29.907433,-1,4182
103.09693,30.064252,-1,4183
103.940649,30.61408,136,4184
104.236445,30.64692,35,4185
103.532507,30.561911,-1,4186
104.027895,30.749387,-1,4187
104.096553,30.778033,-1,4188
103.676986,30.52551,-1,4189
104.267777,31.007196,-1,4190
103.979732,30.585246,-1,4191
104.252439,30.845081,-1,4192
104.048087,30.697018,-1,4193
104.489475,30.493678,7,4194
103.799693,30.646662,-1,4195
104.567949,30.707064,252,4196
104.159853,30.014292,-1,4197
104.077617,30.794758,188,4198
103.680461,30.603932,-1,4199
104.242818,30.650992,12,4200
104.047849,30.541653,112,4201
104.022133,30.523014,257,4202
104.051906,30.541484,244,4203
103.588212,30.73843,-1,4204
103.696886,30.582596,-1,4205
103.52478,30.203541,-1,4206
103.847479,30.540643,-1,4207
104.511909,30.421536,-1,4208
103.999303,30.467775,215,4209
104.180294,30.619374,-1,4210
104.242905,30.645564,79,4211
103.936157,30.905514,44,4212
103.917612,30.68408,40,4213
103.839096,30.95386,-1,4214
104.34043,30.460215,-1,4215
104.069827,30.768549,5,4216
103.851049,30.437216,13,4217
104.07108,30.725239,174,4218
104.058112,30.453226,-1,4219
103.718798,30.593977,36,4220
104.258011,30.832238,-1,4221
103.535837,30.564907,-1,4222
104.461164,30.473776,-1,4223
103.875367,30.484722,-1,4224
104.178651,30.78306,34,4225
104.121427,30.539634,83,4226
103.617359,30.978188,-1,4227
103.959957,30.517378,201,4228
104.070404,30.768878,5,4229
104.092449,30.219032,-1,4230
104.564835,30.37093,11,4231
103.933319,31.114182,-1,4232
103.984319,30.492739,-1,4233
104.007521,30.554226,216,4234
104.183514,30.710386,14,4235
103.936365,30.905833,44,4236
103.99698,30.761593,-1,4237
103.92066,29.22454,-1,4238
104.505811,30.354574,-1,4239
103.876121,30.702181,-1,4240
104.102483,30.404656,-1,4241
104.466733,30.793641,-1,4242
104.325489,31.045665,-1,4243
104.019994,30.239306,-1,4244
102.700464,29.972033,-1,4245
104.652204,31.133814,-1,4246
104.504634,30.427225,-1,4247
103.697492,30.396129,272,4248
104.202716,30.725862,21,4249
103.815536,30.633373,65,4250
104.076466,30.786718,-1,4251
103.935211,30.905381,44,4252
104.359022,30.659743,-1,4253
104.841665,29.8107,-1,4254
103.060518,30.027601,-1,4255
104.011308,30.482847,-1,4256
104.098157,30.537685,-1,4257
103.701714,30.602453,3,4258
104.221272,30.850019,-1,4259
103.989968,30.461837,-1,4260
103.719496,30.592727,36,4261
103.89291,30.513795,114,4262
103.598453,30.687408,-1,4263
103.87107,30.702018,176,4264
104.14057,30.827156,181,4265
104.226671,30.792606,62,4266
104.042171,30.464177,-1,4267
103.844818,30.680353,-1,4268
104.101633,30.497125,-1,4269
103.983358,31.065728,-1,4270
103.67498,29.556573,-1,4271
103.979338,30.585773,-1,4272
103.886853,30.820425,185,4273
104.000145,30.499989,-1,4274
103.74444,30.952189,-1,4275
104.280567,30.64593,-1,4276
104.076391,30.78875,-1,4277
104.628095,31.175134,-1,4278
103.874208,30.73639,-1,4279
103.982376,30.453565,-1,4280
104.1265,30.603193,-1,4281
104.528397,31.864581,-1,4282
104.138571,30.638237,-1,4283
104.255385,30.531198,105,4284
103.809708,30.630446,-1,4285
104.113542,30.579293,0,4286
104.318681,30.861055,-1,4287
103.795927,31.238988,-1,4288
104.438789,30.980854,-1,4289
104.535554,30.402931,-1,4290
103.952508,30.795624,206,4291
104.108786,30.505486,-1,4292
104.106085,30.44498,-1,4293
104.324722,30.397022,-1,4294
104.511148,30.35284,43,4295
104.32045,30.278205,46,4296
103.89309,31.019777,243,4297
104.67615,30.08413,96,4298
103.936167,30.905567,44,4299
104.089042,30.833278,-1,4300
103.571882,30.74817,-1,4301
104.008242,30.718926,-1,4302
104.115537,30.378411,-1,4303
104.187755,30.018034,-1,4304
104.339715,31.126402,-1,4305
103.680196,30.874964,-1,4306
103.956789,30.38155,-1,4307
104.140575,30.827197,181,4308
104.04463,30.445007,15,4309
102.942711,29.871741,-1,4310
103.784146,30.456156,-1,4311
104.877394,30.28556,-1,4312
103.945102,30.484456,-1,4313
104.198362,30.582205,140,4314
104.040962,30.593464,49,4315
104.198203,30.659732,-1,4316
104.36417,30.295788,-1,4317
104.32077,30.712573,-1,4318
104.118623,30.757055,88,4319
104.093495,30.581574,10,4320
104.288241,30.689692,-1,4321
104.511372,30.353783,43,4322
104.107006,30.763001,-1,4323
104.362567,30.601674,-1,4324
103.460513,30.747011,9,4325
103.773158,30.706268,-1,4326
104.040859,30.661624,-1,4327
103.818694,30.854887,-1,4328
104.203317,30.725851,21,4329
103.966236,31.00546,-1,4330
103.681019,30.948084,-1,4331
104.03842,30.657797,-1,4332
104.158022,30.69228,-1,4333
103.851351,30.706429,-1,4334
103.813099,30.405852,-1,4335
104.17686,30.662262,-1,4336
103.994439,30.644733,-1,4337
104.102784,30.515184,-1,4338
103.870943,30.70189,176,4339
103.887355,30.592819,-1,4340
103.895509,30.406022,-1,4341
103.196302,30.186125,-1,4342
104.042511,30.232319,-1,4343
103.640294,31.014108,-1,4344
103.703766,30.927316,-1,4345
104.224886,30.79383,95,4346
103.936582,30.920992,-1,4347
104.035203,30.225676,-1,4348
104.270518,30.644712,-1,4349
103.937503,30.614143,39,4350
103.964238,30.938035,-1,4351
103.456482,30.431728,-1,4352
103.77748,30.636527,-1,4353
104.110488,30.776033,-1,4354
104.256487,30.857287,-1,4355
104.185871,30.719348,153,4356
104.49787,30.450809,-1,4357
104.149491,31.118091,-1,4358
104.471836,30.862616,-1,4359
103.755697,31.196651,-1,4360
104.024809,30.560385,-1,4361
104.491621,30.324482,-1,4362
104.028705,30.479665,-1,4363
104.150686,30.582056,-1,4364
104.012255,30.8313,-1,4365
104.294023,30.572351,-1,4366
104.043955,30.446822,15,4367
104.16082,30.698923,-1,4368
104.501903,30.354399,-1,4369
103.892837,30.513511,114,4370
103.661326,30.961183,28,4371
103.905442,30.810664,24,4372
104.219008,30.655129,-1,4373
104.19357,30.773484,-1,4374
103.973739,30.98843,-1,4375
104.31454,30.315759,-1,4376
104.175087,30.702509,-1,4377
103.937459,30.614037,39,4378
103.535704,30.564867,-1,4379
104.065964,30.447728,-1,4380
103.604343,31.066053,-1,4381
103.642601,30.853635,-1,4382
103.923025,30.717216,58,4383
104.196781,30.589995,26,4384
103.756576,30.363345,-1,4385
104.555779,30.353561,143,4386
104.236236,30.646956,35,4387
104.23779,30.652749,133,4388
103.99412,30.642625,266,4389
104.087542,30.470033,-1,4390
104.120387,30.773559,151,4391
104.18004,30.522133,-1,4392
103.993527,30.764642,89,4393
104.112469,30.752882,30,4394
104.164509,30.658726,54,4395
104.113063,30.578973,0,4396
104.20214,30.726328,21,4397
104.175752,30.715417,59,4398
104.576441,30.71788,-1,4399
103.836938,30.321164,-1,4400
103.760784,30.635869,-1,4401
103.838199,30.313027,-1,4402
104.53009,30.368999,-1,4403
103.885383,31.028255,73,4404
103.894901,30.779511,-1,4405
104.075153,30.728219,-1,4406
104.342482,31.150593,258,4407
103.640192,30.46591,-1,4408
104.379458,31.079082,-1,4409
104.499746,30.490471,-1,4410
103.908068,30.234742,-1,4411
104.244128,30.650378,12,4412
103.654301,30.926325,52,4413
104.501591,30.354535,-1,4414
103.531882,31.405107,-1,4415
104.804143,30.152114,70,4416
104.203192,30.725869,21,4417
104.203555,30.726243,21,4418
103.867999,30.779549,92,4419
104.364988,30.647971,-1,4420
104.487467,30.49294,7,4421
104.331204,30.644342,16,4422
104.493311,31.075693,-1,4423
104.501359,30.475822,-1,4424
104.361482,30.658194,-1,4425
104.249732,30.774547,-1,4426
103.082011,30.37378,-1,4427
103.83315,30.616555,-1,4428
104.052861,30.541751,244,4429
103.682493,30.525537,-1,4430
103.823682,30.643877,-1,4431
103.813299,30.63117,65,4432
104.388002,30.746609,-1,4433
104.006672,30.592353,141,4434
103.070179,30.001919,-1,4435
104.065069,30.685864,-1,4436
104.147058,30.777592,-1,4437
103.653287,30.920439,204,4438
103.877955,30.197425,164,4439
103.841522,30.643639,-1,4440
104.055996,30.420957,-1,4441
104.574925,30.686057,17,4442
103.911929,30.798556,234,4443
103.678297,31.029892,212,4444
104.051704,30.711166,-1,4445
104.193408,30.738356,238,4446
104.002962,30.736764,-1,4447
103.59848,30.750855,-1,4448
104.126162,30.636271,-1,4449
104.591146,30.388557,-1,4450
104.043653,30.446667,15,4451
104.109904,30.826508,-1,4452
104.08102,30.510739,-1,4453
103.806129,31.171728,-1,4454
104.234996,30.646704,35,4455
104.056028,30.457688,31,4456
104.106877,30.766485,-1,4457
103.831428,30.338366,-1,4458
103.496814,30.174857,-1,4459
104.032122,30.470625,-1,4460
103.783487,30.943086,-1,4461
104.53526,30.439972,-1,4462
103.912673,30.824836,150,4463
104.058835,30.644456,-1,4464
104.012753,30.84316,-1,4465
104.166154,30.712276,102,4466
103.804156,31.249707,-1,4467
103.459873,30.74697,9,4468
104.082812,30.81622,-1,4469
103.888001,30.430938,-1,4470
104.125402,30.771595,-1,4471
103.933434,30.945403,-1,4472
103.849025,30.666282,-1,4473
104.224275,31.01135,-1,4474
104.116178,30.452344,232,4475
104.125346,30.769649,85,4476
104.04158,30.529461,-1,4477
103.9206,30.246014,-1,4478
103.955467,31.004288,-1,4479
104.327108,30.306079,222,4480
103.754353,31.014689,-1,4481
104.099258,30.459029,214,4482
103.864311,30.463494,-1,4483
103.897132,30.836499,56,4484
103.936913,30.781665,-1,4485
103.838457,30.360916,247,4486
103.983135,31.065146,-1,4487
104.391096,30.286821,90,4488
104.479878,30.504953,-1,4489
103.893242,31.018909,243,4490
103.678172,30.923125,-1,4491
104.42464,30.819179,-1,4492
104.174592,30.660948,-1,4493
104.101487,30.516266,-1,4494
104.942956,30.284612,-1,4495
104.332326,30.756265,-1,4496
103.957994,30.66294,115,4497
104.413141,31.056339,-1,4498
103.559805,30.627608,-1,4499
103.66292,30.91035,-1,4500
103.953398,30.339273,-1,4501
104.370567,30.289268,-1,4502
104.099758,30.497883,-1,4503
104.078042,30.794797,188,4504
104.037247,30.357228,259,4505
104.44176,30.788325,-1,4506
104.53009,30.368999,-1,4507
104.04059,30.55231,-1,4508
103.921963,30.686601,-1,4509
103.889417,30.383931,205,4510
104.043729,30.446159,15,4511
103.954445,30.839231,-1,4512
104.450301,30.475815,-1,4513
103.916898,30.684,40,4514
103.850306,30.564915,-1,4515
104.162738,30.556963,122,4516
104.460667,30.473693,-1,4517
103.643162,30.930755,-1,4518
104.050743,30.476615,47,4519
103.747123,30.540779,-1,4520
104.203702,30.726106,21,4521
104.089714,30.670325,-1,4522
104.626525,30.858856,-1,4523
104.076585,30.295927,-1,4524
104.19017,30.78871,-1,4525
104.455875,30.48962,-1,4526
104.181342,30.66254,-1,4527
103.983358,31.065728,-1,4528
103.611877,30.974138,-1,4529
103.479808,31.328736,-1,4530
104.052833,30.485241,-1,4531
104.293703,30.571617,-1,4532
104.211687,30.526043,-1,4533
104.185437,30.684367,22,4534
104.312165,30.298568,158,4535
104.069027,30.633489,-1,4536
104.118727,30.757394,88,4537
104.022211,30.500888,-1,4538
104.020222,29.139843,119,4539
104.118715,30.756566,88,4540
103.88938,30.442362,-1,4541
103.916667,30.683927,40,4542
104.04144,30.593272,49,4543
104.182153,30.717463,127,4544
104.114539,30.750265,208,4545
103.905297,30.810288,24,4546
103.638612,30.970608,-1,4547
103.663495,30.379065,-1,4548
103.861349,30.878995,-1,4549
104.488975,30.493436,7,4550
104.135163,30.569518,-1,4551
104.286703,30.701404,-1,4552
103.677691,30.338834,-1,4553
103.766171,30.537016,-1,4554
104.227295,31.116746,-1,4555
104.382196,30.286284,-1,4556
103.731502,30.923691,-1,4557
104.311173,30.799192,-1,4558
104.165121,30.628888,29,4559
103.465527,30.437906,123,4560
103.837823,30.532904,-1,4561
104.546572,29.503802,-1,4562
104.055872,30.847888,98,4563
103.936602,30.613936,39,4564
103.535856,30.742484,-1,4565
103.825996,30.799948,-1,4566
104.242676,30.651087,12,4567
104.175313,30.664387,148,4568
103.644331,30.928307,-1,4569
104.090464,30.742135,-1,4570
104.225097,30.672186,-1,4571
103.632419,30.735118,-1,4572
104.036059,30.360945,-1,4573
103.912491,30.630864,6,4574
104.035965,30.75215,-1,4575
103.619234,30.525727,-1,4576
104.028484,30.551482,-1,4577
103.681774,30.734337,-1,4578
103.897085,30.836326,56,4579
103.966653,30.991111,-1,4580
104.026606,30.450438,159,4581
103.695948,30.396114,272,4582
104.158123,30.512087,-1,4583
103.951507,31.013005,235,4584
104.392295,30.283654,175,4585
104.175685,30.715373,59,4586
103.884376,30.402944,-1,4587
103.891656,30.57861,-1,4588
103.402113,30.742061,-1,4589
104.061993,30.181034,-1,4590
103.922641,30.279247,-1,4591
104.287181,30.697151,239,4592
104.010796,30.557054,-1,4593
104.564174,30.387808,-1,4594
103.971187,30.650099,8,4595
104.099522,30.459746,214,4596
103.724238,30.3965,-1,4597
103.867253,30.311962,-1,4598
103.741081,30.338929,-1,4599
104.001953,30.884187,-1,4600
103.936173,30.905686,44,4601
103.813157,30.631172,65,4602
104.071523,30.690363,84,4603
103.68763,30.399044,-1,4604
104.231865,30.639881,-1,4605
104.084274,30.454311,271,4606
104.292062,30.812858,-1,4607
103.936167,30.905567,44,4608
103.696965,30.645673,-1,4609
103.935886,30.634632,-1,4610
104.011602,30.662851,-1,4611
103.844818,30.680353,-1,4612
104.072678,30.362862,-1,4613
103.897375,30.836213,56,4614
104.010197,30.745088,-1,4615
103.9525,30.795754,206,4616
103.966242,30.796237,-1,4617
104.511257,30.359348,-1,4618
104.045994,30.4271,74,4619
103.874161,30.479636,273,4620
104.043523,30.205897,-1,4621
104.214116,30.957447,-1,4622
103.634133,30.952337,-1,4623
104.274579,30.936244,-1,4624
104.104889,30.531421,-1,4625
103.963332,30.447969,-1,4626
103.873262,30.779344,86,4627
104.133848,30.400712,-1,4628
103.82395,30.584978,-1,4629
104.225996,30.791575,62,4630
103.724919,30.578351,-1,4631
104.291821,30.967263,-1,4632
104.047203,30.428011,74,4633
103.960271,30.165512,-1,4634
104.072831,30.734083,-1,4635
103.884804,30.368757,-1,4636
104.326736,30.860259,57,4637
104.077665,30.79462,188,4638
104.204751,30.730926,199,4639
104.402383,30.340752,-1,4640
104.242556,30.650102,12,4641
104.80414,30.152157,70,4642
104.066234,30.180389,183,4643
104.106785,30.491319,178,4644
103.967598,30.391779,-1,4645
104.076767,30.684815,-1,4646
104.370366,30.289186,-1,4647
104.452643,31.168651,-1,4648
104.344707,30.828861,78,4649
103.444433,30.419042,-1,4650
103.785969,30.674937,-1,4651
104.008392,30.718888,-1,4652
104.233622,30.794019,-1,4653
104.200174,30.616879,-1,4654
104.143517,30.465787,-1,4655
104.075809,30.516004,-1,4656
103.969073,31.007922,-1,4657
103.531465,30.562621,-1,4658
104.373836,30.951693,-1,4659
103.874098,30.463969,-1,4660
104.090293,30.741879,-1,4661
104.061711,30.752027,-1,4662
103.431501,30.751804,-1,4663
104.076068,30.336005,-1,4664
103.462805,30.749724,-1,4665
103.819994,30.867078,-1,4666
104.195518,30.588441,-1,4667
103.885556,31.028328,73,4668
103.883534,30.665948,67,4669
103.703876,30.799027,-1,4670
103.936195,30.61401,39,4671
104.203749,30.725995,21,4672
104.064658,30.24784,-1,4673
103.49526,30.407069,-1,4674
104.320859,30.287815,-1,4675
103.808222,30.40088,-1,4676
104.501551,30.427399,-1,4677
104.080337,30.688157,-1,4678
104.109117,30.776799,-1,4679
103.666412,31.044206,-1,4680
104.420092,30.866775,-1,4681
103.50686,30.74449,-1,4682
104.23618,30.724277,-1,4683
103.474695,30.431354,-1,4684
104.198522,30.582089,140,4685
103.432385,30.751714,-1,4686
103.58959,29.718812,-1,4687
103.825172,30.581863,-1,4688
104.424201,30.99608,-1,4689
103.908407,30.543187,94,4690
104.044329,30.447046,15,4691
103.497244,30.546114,107,4692
104.495668,30.417811,-1,4693
104.634275,30.407217,-1,4694
103.967288,30.648583,4,4695
104.05153,30.757846,-1,4696
104.071427,30.688564,84,4697
104.203003,30.725935,21,4698
103.96518,30.818666,-1,4699
104.214495,30.651683,217,4700
104.014861,30.840372,-1,4701
104.062442,30.179883,-1,4702
104.274405,29.944996,-1,4703
104.092416,30.678162,-1,4704
104.074154,30.46534,-1,4705
103.957698,30.567498,-1,4706
104.191306,31.033102,-1,4707
103.95826,30.977133,-1,4708
104.39165,30.299541,-1,4709
103.522959,30.736986,-1,4710
103.978448,30.024378,-1,4711
104.046999,30.428048,74,4712
103.95583,31.007527,-1,4713
104.255692,30.578238,-1,4714
104.214198,30.651642,217,4715
104.492347,30.321942,260,4716
104.096167,30.542496,38,4717
103.993173,30.63761,-1,4718
104.333975,30.644474,241,4719
104.093375,30.580925,10,4720
104.415158,30.243804,-1,4721
104.203878,31.438217,-1,4722
104.087757,30.689055,-1,4723
104.37819,30.313582,106,4724
103.948014,30.327296,-1,4725
104.046065,30.427267,74,4726
104.323455,30.645073,111,4727
104.267863,30.650073,-1,4728
104.344553,30.82787,78,4729
104.168935,30.741531,163,4730
103.640222,31.014176,-1,4731
103.805841,30.603592,-1,4732
104.320642,30.281164,-1,4733
104.219694,30.782968,-1,4734
104.294409,30.241051,-1,4735
103.979469,30.585615,-1,4736
104.501134,30.484215,-1,4737
104.487451,30.49294,7,4738
103.916818,30.68388,40,4739
104.114273,30.750469,208,4740
103.901969,30.834253,173,4741
104.675596,30.084145,96,4742
104.069046,30.768343,5,4743
104.026263,31.153454,-1,4744
103.982924,30.453389,-1,4745
103.893019,30.447411,72,4746
103.795188,30.446835,-1,4747
104.168902,30.741573,163,4748
104.431575,30.884092,-1,4749
104.000564,30.627751,-1,4750
103.965113,30.641206,-1,4751
104.254848,30.858923,165,4752
103.878398,30.571602,-1,4753
103.874086,30.47972,273,4754
103.774439,31.172524,-1,4755
104.2212,30.63946,45,4756
104.426352,30.497354,-1,4757
104.19133,31.03307,-1,4758
104.226125,30.643991,-1,4759
104.052744,30.727013,-1,4760
104.161471,30.599659,60,4761
103.711804,30.321712,-1,4762
104.435307,30.355431,-1,4763
104.236393,30.64685,35,4764
104.499125,30.467692,-1,4765
103.78203,30.675501,220,4766
104.310216,30.299231,-1,4767
103.800644,30.830543,-1,4768
103.859668,31.066655,-1,4769
103.690051,30.399712,-1,4770
104.150331,30.61624,189,4771
103.975363,30.47012,-1,4772
104.190345,30.5141,-1,4773
104.973546,29.871153,61,4774
104.143498,30.394563,-1,4775
104.326411,30.860076,57,4776
104.090426,30.740106,109,4777
104.578473,30.201147,-1,4778
103.897215,30.667135,37,4779
104.113969,30.579868,0,4780
103.833989,30.640274,80,4781
103.923887,30.859175,-1,4782
104.12521,30.76928,85,4783
104.077717,30.592027,-1,4784
104.175727,30.715327,59,4785
103.906858,30.242385,-1,4786
104.237256,30.724102,-1,4787
103.882427,30.443006,-1,4788
104.16442,30.658777,54,4789
104.109594,30.591422,-1,4790
104.042625,30.651822,-1,4791
104.584811,30.355124,-1,4792
103.928018,30.321313,-1,4793
104.022915,30.523917,-1,4794
103.837219,29.975735,-1,4795
103.913401,30.476944,-1,4796
104.598654,30.735191,-1,4797
104.098427,30.885053,261,4798
104.059381,30.633293,-1,4799
103.885848,30.590097,-1,4800
103.856477,30.633086,-1,4801
104.242792,30.650206,12,4802
104.076087,30.787836,-1,4803
104.118747,30.75721,88,4804
103.796918,30.398357,-1,4805
104.036059,30.360945,-1,4806
104.301495,30.386147,-1,4807
104.0903,30.740099,109,4808
104.302364,30.259098,-1,4809
104.061741,30.270904,-1,4810
104.757556,30.910823,-1,4811
104.07392,30.368683,-1,4812
104.233991,30.498438,-1,4813
103.505865,30.751486,-1,4814
103.737955,30.511369,124,4815
104.071894,30.210448,-1,4816
103.935155,30.905699,44,4817
104.162378,30.557049,122,4818
103.81438,30.633137,65,4819
104.0367,30.147992,236,4820
104.043854,30.446796,15,4821
104.501324,30.484588,-1,4822
104.191798,30.790464,184,4823
104.046166,30.216844,-1,4824
104.078603,30.561432,-1,4825
104.574608,30.685983,17,4826
103.816609,30.47749,-1,4827
104.138238,30.819656,-1,4828
104.108216,30.875505,-1,4829
103.643021,30.853265,-1,4830
104.151981,30.725203,-1,4831
104.066022,30.823967,-1,4832
104.013697,30.225833,-1,4833
103.959383,30.612525,-1,4834
104.242472,30.650532,12,4835
103.945147,30.951932,-1,4836
104.502141,30.68564,-1,4837
104.200617,31.189109,-1,4838
104.494603,31.731999,-1,4839
103.959957,30.517228,201,4840
104.203555,30.726243,21,4841
103.967192,30.648326,4,4842
104.3719,30.86429,64,4843
104.48899,30.46163,245,4844
104.453672,30.479708,-1,4845
103.966613,31.008503,-1,4846
104.109005,30.464018,-1,4847
104.225418,30.803889,-1,4848
103.935171,30.905597,44,4849
103.819081,30.797176,146,4850
104.077633,30.794834,188,4851
103.904611,30.683758,-1,4852
104.215884,30.821926,-1,4853
104.255538,30.531106,105,4854
104.035591,30.298082,82,4855
103.638438,30.935831,-1,4856
104.002207,30.597328,-1,4857
103.99508,30.478535,-1,4858
104.058039,30.387484,-1,4859
103.465033,30.45728,-1,4860
104.36292,31.067787,251,4861
103.937734,30.619276,121,4862
103.872593,30.779343,86,4863
103.430949,30.377411,-1,4864
103.806141,30.456598,-1,4865
104.194623,30.735813,-1,4866
103.861409,30.803787,71,4867
103.839181,30.360078,247,4868
104.198296,30.58213,140,4869
104.35437,30.436038,135,4870
104.132538,30.409769,-1,4871
104.183457,30.71125,14,4872
104.111437,30.523628,-1,4873
104.328297,30.345102,-1,4874
103.998836,30.42833,-1,4875
104.027957,30.450671,159,4876
104.249909,30.84717,-1,4877
103.469459,30.392451,-1,4878
104.326977,30.306173,222,4879
104.058718,30.650696,-1,4880
104.118552,30.522259,-1,4881
103.799585,31.166767,-1,4882
104.077853,30.60163,-1,4883
103.936759,30.922643,-1,4884
103.49686,30.547137,107,4885
103.699807,30.523037,-1,4886
104.244212,30.6457,79,4887
104.053923,30.798881,-1,4888
104.08764,30.680352,-1,4889
103.937074,30.61322,39,4890
103.921016,30.70293,-1,4891
103.534355,30.742853,-1,4892
104.227388,30.525673,242,4893
104.228763,30.69233,-1,4894
103.935584,30.905417,44,4895
103.952351,30.427829,230,4896
103.540433,30.560088,-1,4897
103.793247,30.649912,-1,4898
103.739301,31.015048,-1,4899
104.31833,29.711231,-1,4900
103.912347,30.631072,6,4901
104.061478,30.387341,-1,4902
104.316704,30.951469,-1,4903
104.059562,30.424792,-1,4904
104.421588,30.88115,-1,4905
104.075607,30.767842,-1,4906
103.68101,30.80343,-1,4907
104.004022,30.606461,-1,4908
103.729178,30.333389,-1,4909
104.294512,30.393387,-1,4910
104.325503,30.697372,-1,4911
104.086921,30.227338,-1,4912
103.967264,30.648074,4,4913
104.140959,30.611072,-1,4914
103.698475,30.63035,-1,4915
103.812953,30.632538,65,4916
104.405587,31.074666,-1,4917
103.554316,30.607647,-1,4918
104.069633,30.686225,-1,4919
104.341987,31.150486,258,4920
104.244788,30.645232,79,4921
104.065184,30.179397,183,4922
103.796204,30.529006,-1,4923
104.075629,30.770883,-1,4924
104.489294,30.494106,7,4925
104.031625,30.432207,-1,4926
104.066197,30.645226,-1,4927
103.737923,30.511221,124,4928
104.082437,30.579255,-1,4929
103.954582,30.501089,-1,4930
103.970916,30.631528,-1,4931
103.896271,30.666133,37,4932
103.893045,30.51381,114,4933
103.535876,30.750139,-1,4934
104.057034,30.648772,202,4935
103.4971,30.545998,-1,4936
104.348353,31.047609,-1,4937
104.120752,30.292132,-1,4938
104.516292,30.390681,-1,4939
103.679891,30.612804,-1,4940
103.897313,30.836513,56,4941
104.326537,30.860351,57,4942
104.435233,30.979858,-1,4943
104.356586,30.661077,-1,4944
103.944933,30.480739,-1,4945
104.125999,30.894223,-1,4946
104.092377,30.219743,-1,4947
103.503394,30.174803,-1,4948
104.090105,30.741508,-1,4949
104.221482,30.709155,209,4950
104.648788,31.445758,-1,4951
104.007602,30.55428,216,4952
104.175293,30.788487,-1,4953
104.077537,30.79449,188,4954
104.349736,30.509356,-1,4955
104.131195,30.573224,-1,4956
104.839331,29.810403,-1,4957
104.092196,30.524527,-1,4958
104.59458,31.768234,-1,4959
104.500088,30.428778,-1,4960
104.04508,30.568346,-1,4961
103.914149,30.60238,-1,4962
104.379912,30.292447,-1,4963
104.220758,30.646342,-1,4964
104.287977,30.683256,-1,4965
104.061372,30.677864,-1,4966
103.992388,30.421283,-1,4967
103.727906,30.556278,-1,4968
104.020654,29.138693,119,4969
103.618942,30.606774,-1,4970
103.970731,30.650322,8,4971
104.112138,30.705374,-1,4972
103.348423,30.419082,-1,4973
104.312403,30.874659,237,4974
104.076359,30.792039,-1,4975
103.998012,30.715581,-1,4976
104.179032,30.7831,34,4977
104.070931,30.690328,84,4978
104.081663,30.455726,228,4979
104.0699,30.768669,5,4980
104.320176,30.277965,46,4981
103.802113,30.455465,23,4982
104.309501,30.594203,-1,4983
104.161818,30.556216,122,4984
103.957635,30.542675,-1,4985
104.08175,30.45515,228,4986
104.095052,30.586722,-1,4987
104.061852,30.427744,-1,4988
104.592426,30.019054,-1,4989
104.440972,30.831575,-1,4990
104.316984,30.461656,-1,4991
104.051016,30.189827,-1,4992
104.033339,30.636804,-1,4993
104.303759,30.258917,-1,4994
103.678812,31.029454,212,4995
103.876337,30.491354,169,4996
104.016509,29.138735,119,4997
103.526444,30.203962,-1,4998
103.865016,31.049427,-1,4999
104.108467,30.555944,-1,5000
104.102283,30.497978,-1,5001
103.837631,30.357188,170,5002
103.474456,30.431848,-1,5003
103.875437,30.564086,-1,5004
104.226401,30.789531,62,5005
104.354056,30.435618,135,5006
102.226414,31.897155,-1,5007
104.030918,31.32691,-1,5008
104.114353,30.750231,208,5009
103.916425,30.369298,227,5010
104.106638,30.768626,221,5011
103.4153,30.757232,-1,5012
103.991619,30.903343,-1,5013
104.242567,30.650765,12,5014
103.690793,30.401736,-1,5015
103.790383,30.68802,-1,5016
104.046014,30.427075,74,5017
104.116551,30.465504,-1,5018
103.81081,30.439465,-1,5019
104.006953,30.592738,141,5020
104.06963,30.686438,-1,5021
103.955814,31.007527,-1,5022
103.883484,30.339682,-1,5023
104.470072,30.505101,-1,5024
104.235613,30.646404,35,5025
103.918813,30.231032,-1,5026
104.172293,30.659299,-1,5027
103.940265,30.614258,136,5028
103.825005,30.798247,-1,5029
104.402462,30.340666,-1,5030
104.021673,31.378617,-1,5031
104.034426,30.740985,-1,5032
104.071133,30.689708,84,5033
104.180528,30.621679,-1,5034
104.163896,30.391866,-1,5035
104.312638,30.298467,158,5036
104.218462,30.870137,-1,5037
104.326468,30.860411,57,5038
103.886753,30.528437,104,5039
104.219148,30.528753,-1,5040
103.334734,30.334103,-1,5041
104.069652,30.768322,5,5042
103.886657,30.528337,104,5043
103.887425,30.528621,104,5044
104.215037,30.648475,274,5045
104.286519,30.678881,-1,5046
104.047547,30.428974,74,5047
104.222026,30.709571,209,5048
103.83746,30.3578,170,5049
104.13351,30.713318,-1,5050
103.96569,30.65252,-1,5051
104.178934,30.783049,34,5052
104.536917,30.353069,250,5053
103.84335,30.537466,-1,5054
103.939452,30.549282,-1,5055
103.967192,30.648412,4,5056
104.973755,29.871238,61,5057
104.031973,30.858755,87,5058
103.733544,30.55505,-1,5059
104.966271,30.48226,-1,5060
103.916673,30.683837,40,5061
104.084969,30.44515,-1,5062
103.952666,30.649407,-1,5063
104.168674,30.741019,163,5064
104.402462,30.340666,-1,5065
103.626448,30.480544,-1,5066
104.107884,30.552183,-1,5067
104.334838,30.643825,241,5068
103.982071,30.410059,-1,5069
103.533277,30.207068,-1,5070
103.824731,30.932656,-1,5071
104.086935,30.330724,-1,5072
104.405302,30.460939,-1,5073
104.183413,30.786469,-1,5074
104.047714,30.540406,112,5075
103.934716,30.548675,-1,5076
104.076866,30.838065,-1,5077
104.335316,30.712183,-1,5078
103.479546,30.428333,270,5079
104.091565,30.777725,-1,5080
103.925526,30.949419,-1,5081
104.135649,30.805836,32,5082
104.037552,30.350874,-1,5083
104.227355,30.858199,-1,5084
103.691112,30.610156,-1,5085
103.683021,30.612755,76,5086
103.873657,30.229699,-1,5087
104.25545,30.531222,105,5088
104.039129,30.467958,-1,5089
103.993256,30.923828,-1,5090
104.97316,29.87077,61,5091
104.041411,30.593346,49,5092
103.87508,30.830518,-1,5093
104.188096,30.514684,-1,5094
103.904238,30.67615,-1,5095
103.964526,31.057513,-1,5096
104.109425,30.560559,-1,5097
104.182153,30.717463,127,5098
104.047365,30.540397,112,5099
104.196147,30.527759,224,5100
104.108845,30.768752,221,5101
103.794364,30.441235,-1,5102
104.242972,30.645582,79,5103
104.666987,30.126546,-1,5104
104.043783,30.446139,15,5105
104.118715,30.756566,88,5106
104.045462,30.599117,-1,5107
104.304949,30.876913,-1,5108
104.090413,30.570098,-1,5109
104.001772,31.455958,-1,5110
103.706333,30.404347,-1,5111
103.860362,30.837067,-1,5112
104.119015,30.761366,-1,5113
103.883324,30.480322,-1,5114
104.204361,31.179748,-1,5115
104.451659,30.469577,-1,5116
104.199113,30.672066,-1,5117
104.017263,30.615068,-1,5118
103.797059,30.643633,-1,5119
103.883961,30.676963,-1,5120
104.255526,30.859303,165,5121
104.065484,30.790684,-1,5122
103.873644,30.417196,125,5123
104.052562,30.53799,-1,5124
103.817563,30.646384,-1,5125
104.354318,30.667406,-1,5126
104.019536,30.493082,-1,5127
103.782783,30.711277,-1,5128
104.081782,30.490626,-1,5129
103.671026,30.525713,-1,5130
103.967963,30.392901,-1,5131
103.505762,30.55893,253,5132
104.263494,29.942718,53,5133
104.103678,30.718642,-1,5134
104.289715,30.847976,-1,5135
104.114693,30.61155,-1,5136
103.732558,30.333306,-1,5137
103.739104,30.5756,-1,5138
104.335618,30.644889,-1,5139
103.929371,30.951759,-1,5140
104.028299,30.194556,-1,5141
103.46515,30.438372,123,5142
104.254864,30.859191,165,5143
104.492796,30.45955,-1,5144
104.362362,30.658086,263,5145
104.094291,30.831428,-1,5146
104.24064,30.740395,-1,5147
103.902768,30.539185,-1,5148
104.326529,30.860379,57,5149
103.85039,30.720467,-1,5150
104.214561,30.651743,217,5151
104.095366,30.540807,38,5152
104.49259,30.321994,260,5153
104.199021,30.547743,-1,5154
104.010577,30.47474,-1,5155
103.993201,30.900928,-1,5156
103.999167,30.466741,215,5157
104.038708,30.359832,-1,5158
104.03964,30.225724,48,5159
104.126682,30.583563,-1,5160
104.138609,30.637703,-1,5161
104.537168,30.353143,250,5162
103.720387,30.595049,-1,5163
104.04348,30.717879,-1,5164
104.269342,30.729291,-1,5165
104.195106,30.751192,-1,5166
103.921686,30.68633,-1,5167
103.850987,30.820291,41,5168
104.079997,30.512706,131,5169
104.101014,30.647669,-1,5170
104.03711,30.148366,236,5171
104.541409,31.38206,-1,5172
103.682271,30.612743,76,5173
103.795872,30.649461,-1,5174
104.110103,30.586989,-1,5175
104.934391,30.201942,-1,5176
104.548439,30.722578,-1,5177
103.72551,30.914502,-1,5178
104.051641,30.757814,-1,5179
104.105101,30.44905,-1,5180
103.939999,30.621028,-1,5181
104.056314,30.763321,129,5182
104.151464,30.775878,-1,5183
103.984608,30.218844,-1,5184
104.341105,30.844827,-1,5185
104.069654,30.768377,5,5186
103.873314,30.828807,-1,5187
103.945434,30.952559,-1,5188
104.086449,30.456534,-1,5189
103.701447,30.602555,3,5190
104.166643,30.62804,29,5191
104.362598,30.660132,-1,5192
104.178934,30.783049,34,5193
104.201192,30.733548,187,5194
103.917504,30.811961,-1,5195
104.52347,30.652449,-1,5196
104.334578,31.049634,-1,5197
103.654556,30.927464,52,5198
104.161933,30.776193,-1,5199
103.940177,30.616192,213,5200
104.179498,30.725751,-1,5201
103.856937,30.62777,-1,5202
103.801531,30.574291,-1,5203
104.365165,30.502735,-1,5204
104.597732,30.699625,-1,5205
103.726342,30.332413,-1,5206
104.36292,31.067787,251,5207
103.90289,30.658415,130,5208
104.001584,30.885132,-1,5209
104.16468,30.452699,-1,5210
104.008841,30.590564,69,5211
104.601878,30.122853,-1,5212
104.162211,30.55663,122,5213
104.202728,30.72588,21,5214
104.292629,30.3914,-1,5215
104.366604,30.304358,262,5216
104.109399,30.50658,-1,5217
104.243343,30.651559,12,5218
103.922086,30.249375,-1,5219
104.214495,30.651683,217,5220
104.203306,30.726062,21,5221
104.202881,30.725938,21,5222
104.035503,30.298316,82,5223
103.402368,30.738862,-1,5224
104.139444,30.825668,-1,5225
104.235326,30.646254,35,5226
104.075318,30.728577,-1,5227
103.818726,30.854933,-1,5228
103.824119,30.422848,-1,5229
103.936452,30.905781,44,5230
104.026992,31.292169,-1,5231
103.933409,30.344909,-1,5232
103.91725,30.684482,40,5233
104.566848,30.38783,-1,5234
103.912321,30.631104,6,5235
104.574119,30.686037,17,5236
103.479578,30.427985,270,5237
103.770638,30.398326,-1,5238
104.459178,31.104586,-1,5239
104.185799,30.720194,153,5240
103.959619,30.640002,-1,5241
104.244467,30.645456,79,5242
104.183413,30.786469,-1,5243
104.226283,30.72664,-1,5244
104.388257,30.287697,-1,5245
103.937524,30.618905,121,5246
104.086149,30.779179,-1,5247
104.103485,30.537935,-1,5248
103.884837,30.388686,180,5249
104.559724,30.669599,-1,5250
104.202125,30.506205,-1,5251
104.532909,30.704836,-1,5252
103.871778,30.778444,86,5253
103.839149,30.315875,-1,5254
104.0367,30.147992,236,5255
104.283815,30.815267,-1,5256
103.8981,30.712344,-1,5257
103.917362,30.683912,40,5258
103.802066,31.025987,-1,5259
104.144154,30.533842,-1,5260
103.946591,30.533083,-1,5261
104.312375,30.874749,237,5262
104.456817,30.797017,-1,5263
104.094387,30.659803,-1,5264
103.643806,30.470097,192,5265
104.237813,30.653002,133,5266
103.875056,30.830534,-1,5267
104.323365,30.645061,111,5268
103.800473,30.83071,-1,5269
103.7013,31.030513,-1,5270
104.104248,30.718659,-1,5271
104.97316,29.870886,61,5272
104.214767,30.583678,128,5273
103.553065,30.221074,116,5274
103.972695,30.579367,268,5275
104.399916,30.342915,-1,5276
104.356465,30.661296,-1,5277
103.674943,30.645124,-1,5278
103.70079,30.653943,-1,5279
103.591215,30.742084,-1,5280
103.887858,30.556346,118,5281
103.952372,30.7958,206,5282
104.572882,30.708895,-1,5283
104.04088,30.652039,-1,5284
104.078688,30.565776,-1,5285
103.914287,30.675524,211,5286
104.120429,30.771286,-1,5287
104.105155,30.389417,-1,5288
103.662912,30.971078,99,5289
103.940366,30.670547,-1,5290
103.910669,30.236879,-1,5291
104.235555,30.646821,35,5292
104.022233,31.065971,-1,5293
104.407559,30.288792,-1,5294
104.422691,30.352844,-1,5295
104.042872,30.762899,-1,5296
104.012255,30.8313,-1,5297
104.076579,30.723788,-1,5298
104.341987,31.15052,258,5299
103.781981,30.468149,-1,5300
103.968892,30.80218,-1,5301
103.976485,30.544941,-1,5302
104.323279,30.644969,111,5303
104.569509,30.371823,-1,5304
103.512137,30.206744,-1,5305
104.109727,30.590227,-1,5306
104.033427,30.525125,-1,5307
104.225297,30.638748,20,5308
104.051174,31.25888,-1,5309
104.010619,30.517273,-1,5310
104.071016,30.725217,174,5311
103.897363,30.475751,-1,5312
104.000534,30.520256,-1,5313
103.850964,30.820381,41,5314
103.546065,30.746584,-1,5315
103.937137,30.613548,39,5316
103.831903,30.787731,-1,5317
104.088246,30.744203,-1,5318
103.997809,30.252053,-1,5319
104.224986,30.794005,95,5320
103.916421,30.369397,227,5321
103.902538,30.658467,130,5322
104.323311,30.64505,111,5323
104.349515,31.087565,-1,5324
103.683952,30.302541,-1,5325
104.039241,30.601158,-1,5326
103.620884,30.400362,-1,5327
104.517372,30.390846,-1,5328
104.183895,30.833902,-1,5329
103.643431,30.470234,192,5330
103.841924,30.536996,-1,5331
104.67615,30.08413,96,5332
103.846987,30.438282,-1,5333
103.970364,30.650199,8,5334
104.02341,30.541318,-1,5335
103.90123,30.834471,173,5336
103.910967,30.712092,-1,5337
104.150243,30.629815,-1,5338
104.235459,30.646588,35,5339
104.442139,30.849407,-1,5340
103.875372,30.484817,-1,5341
103.888511,30.556652,118,5342
104.472505,30.493232,240,5343
103.81977,30.665083,-1,5344
104.106827,30.765975,-1,5345
103.50601,30.559244,253,5346
103.812095,30.632377,65,5347
104.107882,30.921239,-1,5348
103.506784,30.744445,-1,5349
104.217821,30.573706,-1,5350
103.69459,30.420557,-1,5351
103.917566,30.989358,-1,5352
104.025176,30.859353,-1,5353
104.086952,30.329947,-1,5354
104.105907,30.767465,-1,5355
104.327076,30.306097,222,5356
103.948424,30.678651,-1,5357
103.887638,30.660929,-1,5358
104.083451,30.578008,-1,5359
104.24297,30.645469,79,5360
104.032489,30.858407,87,5361
104.019555,31.403067,-1,5362
104.326299,30.86016,57,5363
103.790866,30.666962,-1,5364
104.277654,30.64406,-1,5365
104.4278,31.01322,-1,5366
103.887438,30.592997,-1,5367
104.118439,30.757128,88,5368
103.966899,30.931443,-1,5369
104.046879,30.42788,74,5370
104.254984,30.859807,165,5371
104.061711,30.752027,-1,5372
104.455329,30.470317,-1,5373
104.153674,30.706765,-1,5374
104.036217,30.587912,-1,5375
104.004139,30.883711,-1,5376
104.160625,30.643181,-1,5377
104.296649,30.993456,179,5378
104.068816,30.536272,-1,5379
104.167438,30.639678,-1,5380
104.109101,30.464184,-1,5381
104.448379,30.857363,-1,5382
103.92211,30.287727,-1,5383
104.547378,31.102407,-1,5384
104.594923,31.769862,-1,5385
104.004643,30.479044,-1,5386
104.169043,30.741268,163,5387
104.092394,30.21902,-1,5388
104.627126,30.308059,-1,5389
104.378094,30.313297,106,5390
104.053343,30.456924,31,5391
103.725084,30.332069,-1,5392
103.72474,30.578417,-1,5393
103.868721,30.462687,-1,5394
103.101908,30.961265,-1,5395
104.05672,30.241675,-1,5396
104.133856,30.399309,-1,5397
104.078376,30.486593,-1,5398
103.348926,30.366083,-1,5399
103.936738,30.61327,39,5400
104.107978,31.078329,-1,5401
103.866257,30.775565,-1,5402
103.902618,30.658321,130,5403
103.708798,30.453491,-1,5404
104.204619,30.426441,-1,5405
103.661825,30.919951,-1,5406
104.498301,30.466285,-1,5407
104.024164,30.727695,-1,5408
103.877095,30.48429,-1,5409
104.194927,30.829955,-1,5410
103.9731,30.428999,-1,5411
103.69319,31.055034,-1,5412
103.93229,30.609686,-1,5413
103.64554,30.955586,-1,5414
103.91318,30.630944,6,5415
104.19129,31.033102,-1,5416
104.323891,30.824636,-1,5417
104.107197,30.464001,-1,5418
104.556334,30.373193,218,5419
103.663312,30.959992,-1,5420
103.719304,30.592662,36,5421
104.177129,30.718727,120,5422
103.661272,30.961148,28,5423
104.286645,30.694415,-1,5424
104.09613,30.543164,38,5425
104.049612,30.476912,47,5426
104.378413,30.282913,-1,5427
103.917609,30.812922,-1,5428
104.327091,30.306079,222,5429
104.497654,30.462638,-1,5430
104.164509,30.658726,54,5431
104.20331,30.725911,21,5432
103.620072,31.492129,-1,5433
104.449727,30.480616,145,5434
104.371726,30.864367,64,5435
104.285633,30.696104,-1,5436
104.104206,30.520001,-1,5437
104.610692,30.385073,-1,5438
103.837458,30.357614,170,5439
104.077071,30.230805,-1,5440
104.174178,30.717819,-1,5441
103.815972,30.633563,65,5442
104.331344,30.644481,16,5443
104.061818,30.431835,-1,5444
104.451144,30.857357,-1,5445
104.479097,30.490016,-1,5446
104.035302,30.572399,-1,5447
103.992726,30.436578,-1,5448
103.951844,31.013006,235,5449
103.96299,30.572175,-1,5450
103.967763,30.98151,-1,5451
104.029217,31.326853,-1,5452
104.236149,30.64677,35,5453
104.081662,30.444739,-1,5454
104.066385,30.179836,183,5455
104.054744,30.242144,-1,5456
103.859193,30.827469,27,5457
104.080528,30.688892,-1,5458
104.586699,30.702435,-1,5459
104.22147,30.638413,45,5460
104.032239,30.52685,-1,5461
104.291118,30.679937,-1,5462
104.019291,29.13901,119,5463
103.683021,30.612758,76,5464
104.175233,30.664484,148,5465
104.285778,30.699852,-1,5466
104.24286,30.650994,12,5467
104.108192,30.546028,-1,5468
103.877761,30.608052,-1,5469
104.063737,30.442784,-1,5470
104.213735,30.552041,186,5471
104.561837,30.393755,-1,5472
104.153028,30.544033,-1,5473
104.464308,30.488704,-1,5474
104.242972,30.645616,79,5475
104.114233,30.750425,208,5476
103.83889,30.316266,-1,5477
103.590364,30.282764,-1,5478
103.72211,29.104395,-1,5479
103.517623,30.750453,223,5480
103.830943,30.741739,-1,5481
104.287953,30.684235,-1,5482
103.940391,30.614317,136,5483
104.10676,30.491817,178,5484
104.09873,30.41489,-1,5485
103.962756,30.430494,-1,5486
104.152651,30.893491,-1,5487
104.503732,30.426643,-1,5488
104.291521,30.896006,-1,5489
103.926417,30.805833,-1,5490
104.326529,30.860379,57,5491
103.792557,30.187507,-1,5492
104.006299,30.519207,-1,5493
104.117401,30.719787,-1,5494
103.909089,30.594089,-1,5495
103.497428,30.554568,-1,5496
104.243497,30.650131,12,5497
103.497012,30.547099,107,5498
104.198322,30.582139,140,5499
103.497068,30.546067,107,5500
103.496343,30.548351,149,5501
104.263334,29.941734,53,5502
104.033939,30.322983,-1,5503
103.966948,30.569476,-1,5504
104.140989,30.612142,-1,5505
103.460991,30.387191,-1,5506
104.565105,30.378949,-1,5507
103.917114,30.68368,40,5508
103.999287,30.466407,215,5509
103.974865,30.470771,-1,5510
104.162605,30.679807,-1,5511
103.94223,30.847493,113,5512
104.142275,30.608212,-1,5513
103.903993,30.915778,-1,5514
104.348883,30.924161,-1,5515
103.99192,30.73964,156,5516
104.140711,30.826908,181,5517
103.914017,30.70934,-1,5518
103.843637,30.319401,-1,5519
104.326468,30.860411,57,5520
104.368632,31.080591,-1,5521
104.056128,30.847978,98,5522
103.993505,30.242439,-1,5523
104.350034,30.506664,-1,5524
104.053248,30.456927,31,5525
103.896643,30.666485,37,5526
103.935029,30.628668,-1,5527
104.029444,31.327073,-1,5528
104.017978,30.864237,-1,5529
104.100381,30.458968,214,5530
104.56688,30.38788,-1,5531
104.363326,30.657676,263,5532
103.600959,30.707227,-1,5533
104.168098,30.740599,163,5534
103.759522,30.393656,-1,5535
103.736084,30.335621,-1,5536
104.297001,30.996087,-1,5537
104.015068,31.42801,-1,5538
104.152327,30.611834,-1,5539
103.971843,30.399353,-1,5540
103.677618,30.338852,-1,5541
103.661782,30.961472,28,5542
104.220769,30.638751,45,5543
103.970407,30.650114,8,5544
104.204751,30.730925,199,5545
104.038176,30.447205,-1,5546
104.161549,30.599664,60,5547
103.488508,31.248971,-1,5548
104.06538,30.180113,183,5549
104.386365,30.30131,-1,5550
104.092621,30.582054,10,5551
103.937415,30.61933,121,5552
103.936759,30.922643,-1,5553
103.79025,30.42274,-1,5554
104.342171,31.150084,258,5555
103.66286,31.041995,-1,5556
103.643806,30.470097,192,5557
104.150331,30.61624,189,5558
103.074975,29.998338,-1,5559
104.501327,30.475992,-1,5560
104.236221,30.64697,35,5561
103.92668,30.946991,-1,5562
104.255483,30.531078,105,5563
103.850999,30.444266,-1,5564
104.059562,30.424792,-1,5565
103.91383,30.675409,211,5566
104.097419,30.450248,-1,5567
104.114257,30.750207,208,5568
104.02222,30.501019,-1,5569
104.110746,30.415138,-1,5570
104.537329,31.860501,-1,5571
104.568669,30.707184,252,5572
103.89422,30.434857,-1,5573
104.114518,30.579779,0,5574
103.811552,30.632328,65,5575
104.216748,30.835036,-1,5576
103.961093,30.817562,-1,5577
103.9999,30.514566,-1,5578
103.936353,30.613817,39,5579
104.309127,30.865215,108,5580
103.541293,30.743872,-1,5581
104.099645,30.466836,100,5582
104.269023,30.579085,139,5583
104.040448,30.673361,-1,5584
103.846572,30.438667,-1,5585
103.674458,30.905778,-1,5586
103.942174,30.847575,113,5587
104.073239,30.685724,-1,5588
103.841947,31.157968,-1,5589
103.908855,30.543221,94,5590
103.61158,30.519865,-1,5591
103.697891,30.379348,-1,5592
104.069827,30.768549,5,5593
103.907999,30.971783,255,5594
104.236393,30.64685,35,5595
104.240706,30.959666,-1,5596
104.390888,30.287021,90,5597
103.887678,30.660973,-1,5598
103.896718,30.552969,-1,5599
104.069614,30.691849,-1,5600
104.001898,30.128027,-1,5601
103.937652,30.614722,39,5602
104.17887,30.783034,34,5603
103.970659,30.649888,8,5604
103.998558,30.757696,-1,5605
103.8965,30.666011,37,5606
104.090605,30.544203,-1,5607
104.090772,30.832864,-1,5608
104.037234,30.328404,132,5609
103.827634,30.647303,-1,5610
103.990876,30.67491,-1,5611
104.040539,30.669882,-1,5612
103.887385,30.528629,104,5613
104.311211,29.718124,-1,5614
104.248995,30.772411,-1,5615
104.16249,30.55663,122,5616
103.655046,30.612814,-1,5617
104.226107,30.644153,-1,5618
104.135918,30.405258,-1,5619
104.055671,30.457789,31,5620
103.825475,30.570727,-1,5621
103.917418,30.684112,40,5622
103.937557,30.768697,-1,5623
104.236149,30.64677,35,5624
103.766158,30.536952,-1,5625
104.316984,30.461656,-1,5626
104.367345,30.304499,262,5627
104.009235,30.763838,77,5628
103.633892,30.477804,-1,5629
103.9999,30.514566,-1,5630
103.972491,30.623224,-1,5631
104.017833,29.139067,119,5632
103.762503,30.042907,-1,5633
104.226281,30.79248,62,5634
103.939697,30.644635,-1,5635
103.915331,30.63094,-1,5636
103.941247,30.91948,-1,5637
103.851054,30.437203,13,5638
104.152935,30.781943,-1,5639
104.214063,30.651427,217,5640
104.059013,30.63488,225,5641
104.14028,30.392349,-1,5642
104.188076,30.662388,-1,5643
104.16056,30.643471,-1,5644
104.026935,30.768165,-1,5645
103.964365,30.637269,142,5646
103.724964,30.558965,-1,5647
104.071933,30.380699,-1,5648
103.625288,30.931768,-1,5649
104.120387,30.773559,151,5650
104.061752,30.387306,-1,5651
104.106788,30.491395,178,5652
104.391369,30.287072,90,5653
103.97498,30.470311,-1,5654
103.911763,30.798479,234,5655
104.03543,30.298267,82,5656
103.968532,30.46893,-1,5657
103.952356,30.795982,206,5658
103.764097,30.479582,-1,5659
103.938069,30.619323,121,5660
104.156296,30.998697,-1,5661
103.885556,31.028328,73,5662
103.769686,31.025788,-1,5663
104.133057,30.391317,-1,5664
104.076329,30.296042,-1,5665
103.840465,30.67835,-1,5666
104.525601,30.670946,-1,5667
104.67615,30.08413,96,5668
104.215253,30.820692,-1,5669
103.687496,31.035329,-1,5670
104.585085,30.117681,-1,5671
104.32834,30.345858,-1,5672
104.083313,30.719503,254,5673
103.945971,30.944121,-1,5674
103.72298,29.103374,-1,5675
104.162425,30.556667,122,5676
104.077777,30.794602,188,5677
104.131067,30.39382,-1,5678
104.225973,30.789777,62,5679
104.342272,30.825641,-1,5680
103.999207,30.466941,215,5681
103.917648,30.989358,-1,5682
103.960455,30.152528,-1,5683
103.964417,30.684587,-1,5684
103.957527,30.351988,-1,5685
104.102483,30.404638,-1,5686
103.67392,30.889738,-1,5687
103.914977,30.711138,-1,5688
104.602008,30.878537,-1,5689
104.060373,30.442249,-1,5690
104.108873,30.542309,-1,5691
104.303967,30.254701,-1,5692
103.761639,30.399353,-1,5693
104.108247,30.505564,-1,5694
104.461164,30.473776,-1,5695
104.242567,30.650765,12,5696
103.495988,30.548426,149,5697
103.662992,30.970497,99,5698
104.320507,30.315668,-1,5699
103.991491,30.468484,-1,5700
104.012592,30.666177,-1,5701
104.109029,30.602373,-1,5702
104.070587,30.492603,-1,5703
104.045842,30.761082,-1,5704
103.988237,30.628084,18,5705
104.138238,30.819656,-1,5706
104.157577,30.692991,-1,5707
104.669671,29.503522,97,5708
103.844818,30.680353,-1,5709
102.062577,31.516927,-1,5710
103.775166,30.599748,-1,5711
104.162554,30.55668,122,5712
103.792483,29.723332,-1,5713
104.342366,30.684567,-1,5714
103.654301,30.926325,52,5715
103.922184,30.320166,-1,5716
104.007811,30.453298,-1,5717
103.917565,30.742909,-1,5718
104.166403,30.91429,-1,5719
103.857984,30.828172,-1,5720
103.451909,30.47513,-1,5721
104.206832,30.648418,-1,5722
104.497588,30.443884,-1,5723
104.235606,30.646438,35,5724
103.619632,29.713781,-1,5725
104.245834,30.711781,-1,5726
104.088533,30.736531,-1,5727
104.344683,30.828877,78,5728
103.924549,30.94995,166,5729
103.663632,30.672917,-1,5730
104.061334,30.419346,66,5731
104.02438,30.557754,-1,5732
103.638593,30.478101,-1,5733
104.57061,31.034012,-1,5734
104.106222,30.768066,-1,5735
104.443251,29.606639,-1,5736
103.843894,30.372142,-1,5737
104.137555,30.687361,-1,5738
103.952108,30.4559,-1,5739
103.795188,30.446835,-1,5740
104.26351,29.942822,53,5741
103.563506,30.529537,-1,5742
103.912491,30.630864,6,5743
103.935227,30.905299,44,5744
104.228014,30.788089,-1,5745
103.967842,30.467718,-1,5746
104.55248,31.749237,-1,5747
103.317026,29.259025,-1,5748
103.8995,31.007604,-1,5749
103.876297,30.491354,169,5750
103.76663,30.039239,-1,5751
104.332323,31.036138,-1,5752
104.342482,31.150593,258,5753
104.540882,30.418605,-1,5754
103.763687,30.418265,-1,5755
104.296646,30.993451,179,5756
103.746792,30.677366,-1,5757
104.215129,30.58266,128,5758
104.083668,30.719815,254,5759
103.987626,30.597003,-1,5760
104.660389,31.131095,-1,5761
104.072831,30.415807,-1,5762
104.47395,30.486276,-1,5763
103.816122,30.486085,-1,5764
103.671017,30.897286,-1,5765
103.974012,30.80042,2,5766
104.031892,30.3216,-1,5767
103.768016,30.544163,-1,5768
104.222368,30.337544,-1,5769
104.183067,30.710962,14,5770
103.936401,30.613772,39,5771
103.874012,30.707305,-1,5772
104.083343,30.720323,254,5773
104.323364,30.645008,111,5774
104.428502,31.150044,210,5775
104.397617,30.824157,-1,5776
104.1262,30.713085,-1,5777
104.144109,30.70768,-1,5778
104.225459,30.647781,-1,5779
103.595577,30.93911,-1,5780
104.261316,31.07876,-1,5781
104.391128,30.283923,175,5782
103.734125,30.554874,-1,5783
104.092254,30.219699,-1,5784
104.124685,30.76914,85,5785
103.980661,30.825805,-1,5786
103.999614,30.468612,215,5787
103.937427,30.422734,-1,5788
103.87388,30.417234,125,5789
104.162033,29.977882,-1,5790
103.912641,30.824825,150,5791
104.532323,30.391838,-1,5792
104.151956,30.782828,-1,5793
103.955024,30.54376,-1,5794
104.421644,30.881232,-1,5795
103.722336,30.56143,-1,5796
103.674796,30.94588,-1,5797
103.878889,30.767696,-1,5798
104.231083,30.910494,-1,5799
104.109842,30.505019,-1,5800
104.235446,30.646745,35,5801
103.937217,30.61381,39,5802
103.637061,30.927783,-1,5803
103.780142,30.461547,-1,5804
103.744057,30.356839,-1,5805
104.235397,30.646695,35,5806
103.888956,30.445797,-1,5807
104.019095,30.584502,-1,5808
103.587914,30.807637,-1,5809
104.056499,30.649139,202,5810
104.050871,30.436945,-1,5811
104.007669,30.554072,216,5812
104.268707,30.644162,-1,5813
104.185838,30.719254,153,5814
104.176966,30.718837,120,5815
103.530334,31.410495,-1,5816
104.40134,30.997239,256,5817
104.03483,30.465074,-1,5818
104.118282,30.757001,88,5819
103.978113,30.200027,-1,5820
104.118359,30.757194,88,5821
104.069699,30.768457,5,5822
103.902091,30.691314,-1,5823
104.040138,30.223956,-1,5824
103.157428,29.999179,-1,5825
104.00032,30.520488,-1,5826
104.07834,30.236699,-1,5827
103.601633,30.831095,-1,5828
103.640276,30.46594,-1,5829
103.547618,30.37415,-1,5830
104.53623,30.705399,-1,5831
104.33516,30.711512,-1,5832
104.028912,30.522025,-1,5833
103.974481,30.624329,-1,5834
104.004424,30.592396,-1,5835
104.323385,30.645082,111,5836
103.998999,30.483521,-1,5837
104.055998,30.847871,98,5838
104.081058,30.701273,-1,5839
104.255738,30.53119,105,5840
104.391001,30.298807,-1,5841
103.90697,30.232063,-1,5842
104.09615,30.459016,-1,5843
104.465419,30.866535,-1,5844
104.321323,30.711297,-1,5845
104.287717,30.681206,-1,5846
102.996836,30.336897,-1,5847
104.741026,31.640965,-1,5848
103.940667,30.614187,136,5849
103.940142,30.614332,136,5850
104.804221,30.15176,70,5851
104.505578,30.485586,-1,5852
104.032999,30.466439,-1,5853
103.999838,30.483478,-1,5854
104.070113,30.526151,-1,5855
104.242876,30.650584,12,5856
103.975231,30.818181,-1,5857
103.696811,29.226949,-1,5858
103.775796,30.684031,-1,5859
104.092227,30.586287,-1,5860
104.081206,30.63796,-1,5861
104.251405,30.270687,-1,5862
104.203577,30.726265,21,5863
103.659234,30.923211,-1,5864
103.902882,30.658335,130,5865
103.880286,30.604183,219,5866
103.716487,30.877804,-1,5867
104.056088,30.84787,98,5868
104.224275,31.01135,-1,5869
103.940068,30.621192,-1,5870
103.646227,31.01263,-1,5871
104.497791,30.450552,-1,5872
103.926728,30.32095,-1,5873
104.735841,30.648651,-1,5874
103.855548,30.626111,-1,5875
103.676795,30.606202,-1,5876
103.917269,30.683885,40,5877
104.138572,30.61073,42,5878
103.736289,30.394219,-1,5879
103.867579,30.779808,92,5880
103.694604,30.936865,-1,5881
103.974391,30.579058,268,5882
103.967699,30.930616,-1,5883
103.762558,30.394863,-1,5884
104.061657,30.493956,-1,5885
104.345629,30.828945,78,5886
104.064588,30.691435,-1,5887
104.460643,30.473725,-1,5888
104.178638,30.782682,34,5889
104.448693,30.470895,-1,5890
104.177169,30.783019,-1,5891
103.660303,30.677892,-1,5892
103.67783,31.030094,212,5893
104.037245,30.659923,68,5894
103.917225,30.39757,-1,5895
104.473694,30.486161,-1,5896
104.168916,30.741131,163,5897
104.184363,30.888145,-1,5898
103.536792,30.563509,-1,5899
104.071328,30.725182,174,5900
104.166135,31.011815,-1,5901
104.157704,30.692725,-1,5902
103.876493,30.222602,-1,5903
104.154952,30.641753,-1,5904
104.268994,30.578965,139,5905
103.992412,30.418809,-1,5906
104.003938,31.047784,-1,5907
104.052245,30.759022,-1,5908
103.967449,30.648739,4,5909
104.22464,30.674819,197,5910
104.612213,30.712634,-1,5911
104.196629,30.589861,26,5912
103.642829,30.943391,-1,5913
104.235494,30.64692,35,5914
103.465128,30.452817,-1,5915
104.183486,30.711089,14,5916
103.893054,30.513882,114,5917
103.912645,30.824763,150,5918
103.987174,30.485003,-1,5919
103.969181,30.366507,134,5920
104.42847,31.14971,210,5921
104.175489,30.715254,59,5922
103.535822,30.747767,-1,5923
103.496343,30.548369,149,5924
103.474743,30.431765,-1,5925
104.111154,30.577837,-1,5926
103.721777,30.561926,-1,5927
103.861574,30.804405,71,5928
104.040314,30.447738,-1,5929
103.465179,30.438462,123,5930
103.499486,30.569399,160,5931
103.444849,30.990406,-1,5932
103.838934,30.735218,-1,5933
103.96135,30.644929,-1,5934
104.0317,30.85852,87,5935
103.57776,30.851258,-1,5936
104.1004,30.520955,-1,5937
104.175313,30.664387,148,5938
104.320011,30.276901,46,5939
104.045692,30.427361,74,5940
104.537428,30.365918,-1,5941
104.047688,30.541098,112,5942
104.071097,30.836963,-1,5943
103.967987,30.393039,-1,5944
103.912521,30.978684,264,5945
103.84664,30.540661,-1,5946
104.364713,30.969329,-1,5947
104.08356,30.637466,-1,5948
103.974688,30.475369,-1,5949
104.044134,30.206079,-1,5950
104.345598,30.828594,78,5951
103.967599,30.585868,126,5952
104.117279,30.537668,-1,5953
104.2231,30.710521,209,5954
104.051541,30.466067,-1,5955
104.158022,30.69228,-1,5956
104.24262,30.650418,12,5957
104.095502,30.52026,-1,5958
104.492881,30.32193,260,5959
104.135328,30.773753,-1,5960
103.819252,30.633611,-1,5961
103.912843,30.824695,150,5962
104.473184,30.486153,-1,5963
103.969598,30.800593,-1,5964
104.065408,30.880608,-1,5965
103.939546,30.617265,213,5966
103.677748,30.338475,-1,5967
103.895706,30.666105,37,5968
104.488155,30.349242,-1,5969
104.102802,30.404453,-1,5970
104.268821,30.57896,139,5971
104.163896,30.391866,-1,5972
103.983462,30.453909,-1,5973
104.118359,30.757194,88,5974
104.234808,30.860665,-1,5975
103.947457,30.673144,-1,5976
104.201623,30.813775,-1,5977
103.952619,30.453539,-1,5978
104.105485,30.704914,-1,5979
104.368014,31.084576,-1,5980
104.048006,30.54086,112,5981
104.036193,30.296649,-1,5982
104.804357,30.152042,70,5983
104.288085,30.68736,-1,5984
103.706276,30.894248,-1,5985
104.138601,30.610685,42,5986
104.294721,29.659585,-1,5987
103.99368,30.764576,89,5988
104.105939,30.769965,-1,5989
104.549805,30.717607,-1,5990
103.545567,30.589078,-1,5991
103.967961,30.603259,-1,5992
103.919767,30.244263,-1,5993
103.789382,30.672661,-1,5994
103.979342,30.608694,-1,5995
104.393223,30.756007,-1,5996
103.957173,30.698025,-1,5997
103.528029,30.377565,-1,5998
103.940661,30.614147,136,5999
104.111842,30.479792,-1,6000
104.427448,31.012736,-1,6001
104.119557,30.724361,-1,6002
103.917114,30.683494,40,6003
103.727871,30.586181,-1,6004
104.106959,30.621693,-1,6005
104.071435,30.725159,174,6006
104.235072,30.646993,35,6007
103.552667,30.747519,-1,6008
104.090672,30.291888,-1,6009
104.669415,29.503954,97,6010
104.009335,30.763838,77,6011
104.176801,30.771163,-1,6012
104.064992,30.179443,183,6013
103.947682,31.014696,-1,6014
103.962542,30.55799,-1,6015
103.638593,30.478101,-1,6016
103.66146,30.961073,28,6017
104.512033,30.421452,-1,6018
104.068754,30.548275,-1,6019
104.221124,30.638932,45,6020
104.11917,30.773315,151,6021
104.235558,30.646536,35,6022
103.888048,30.4715,-1,6023
104.109113,30.768562,221,6024
103.838321,30.3167,-1,6025
103.851052,30.820464,41,6026
103.662084,30.960559,28,6027
103.935993,30.731427,-1,6028
104.063939,30.658371,-1,6029
104.057973,30.380819,-1,6030
103.847631,30.646066,-1,6031
104.144033,30.534114,-1,6032
103.920977,30.966582,-1,6033
104.099528,30.748931,-1,6034
103.979419,30.750326,-1,6035
103.882272,30.462567,-1,6036
103.813573,30.631894,65,6037
103.726294,30.781809,-1,6038
104.082909,30.639983,-1,6039
104.050828,30.478319,-1,6040
103.677196,30.605803,-1,6041
104.326716,30.860279,57,6042
104.034746,30.858572,-1,6043
104.165178,30.658913,54,6044
104.203835,30.726018,21,6045
103.887403,30.528638,104,6046
103.880088,30.404274,152,6047
104.100365,30.458986,214,6048
104.137833,30.710872,-1,6049
104.048408,30.541214,112,6050
104.044409,30.449047,-1,6051
104.192483,30.799209,-1,6052
103.876612,30.786426,-1,6053
103.951175,30.939312,-1,6054
104.317834,30.276427,46,6055
103.819523,30.665462,-1,6056
104.001838,30.591269,-1,6057
104.020006,29.139783,119,6058
103.334734,30.334103,-1,6059
103.940313,30.999153,-1,6060
104.446387,30.473838,233,6061
104.064992,30.179443,183,6062
104.299841,30.99251,-1,6063
104.463454,30.34663,-1,6064
103.89291,30.513795,114,6065
104.146274,30.909706,-1,6066
104.164556,30.658722,54,6067
103.661038,30.961235,28,6068
104.074748,30.588861,-1,6069
103.962225,30.36979,-1,6070
104.121675,30.822433,-1,6071
104.243157,30.650418,12,6072
104.488922,30.49346,7,6073
103.462788,30.749957,-1,6074
103.829355,30.854774,-1,6075
103.797254,30.387226,-1,6076
103.780127,30.75434,-1,6077
104.512085,30.430797,-1,6078
103.49734,30.567473,191,6079
104.056389,30.367256,-1,6080
103.716033,30.574956,-1,6081
104.231396,30.525821,-1,6082
104.222321,30.711827,-1,6083
104.401461,30.997539,256,6084
103.952372,30.7958,206,6085
104.026842,31.324126,-1,6086
103.935811,30.905522,44,6087
104.078831,30.364989,147,6088
104.62782,29.514642,-1,6089
104.235845,30.646676,35,6090
104.108916,30.604648,-1,6091
103.998922,30.466475,215,6092
103.936008,30.905223,44,6093
104.147058,30.777592,-1,6094
103.91346,30.630949,6,6095
104.222919,30.710531,209,6096
104.12085,30.501469,-1,6097
103.832343,30.619632,-1,6098
103.937493,30.471772,-1,6099
103.961443,30.940451,161,6100
104.013225,30.98634,-1,6101
103.970407,30.650147,8,6102
104.06074,30.656663,-1,6103
103.921003,30.42134,-1,6104
103.895971,30.666219,37,6105
104.320104,30.277047,46,6106
103.974243,30.618679,-1,6107
104.072002,30.249029,-1,6108
104.592426,30.019054,-1,6109
104.017746,29.139205,119,6110
104.395818,30.758516,-1,6111
103.532072,30.792139,-1,6112
103.662833,30.97102,99,6113
104.242803,30.645716,79,6114
104.213735,30.552041,186,6115
103.910585,30.576333,-1,6116
103.854501,31.053385,-1,6117
104.627771,30.921944,-1,6118
104.882448,30.082632,-1,6119
104.293843,30.304556,-1,6120
104.52353,30.477897,-1,6121
104.168859,30.741084,163,6122
103.908671,30.542218,94,6123
104.609473,31.299112,-1,6124
103.971264,30.470161,-1,6125
103.957857,30.567274,-1,6126
104.079504,30.686206,-1,6127
103.54943,30.211117,-1,6128
103.613746,30.871079,-1,6129
103.888751,30.867457,-1,6130
104.080948,30.63772,-1,6131
104.099643,30.466966,100,6132
103.680165,31.029658,-1,6133
104.185871,30.719348,153,6134
104.05304,30.775087,-1,6135
104.094307,30.647132,-1,6136
104.166046,30.712259,102,6137
103.66801,30.902534,-1,6138
103.535876,30.750139,-1,6139
104.081669,30.456316,228,6140
104.009177,30.764522,77,6141
103.911192,30.547557,-1,6142
104.051197,30.541729,244,6143
103.912843,30.824821,150,6144
104.046502,30.57465,-1,6145
104.402029,30.997357,256,6146
104.511292,30.353625,43,6147
103.880269,30.60415,219,6148
104.037564,30.658987,68,6149
104.343624,30.82674,-1,6150
103.90918,30.864128,-1,6151
104.109059,30.46849,-1,6152
104.061151,30.597973,-1,6153
103.916886,30.38655,-1,6154
103.84411,31.143923,-1,6155
104.489693,30.493702,7,6156
104.037705,30.357363,259,6157
103.771891,31.174666,-1,6158
103.936621,30.614016,39,6159
104.036185,30.489225,-1,6160
104.044312,30.446978,15,6161
104.112341,30.752753,30,6162
104.503732,30.426643,-1,6163
103.986883,30.596755,-1,6164
103.858287,30.632764,-1,6165
104.036157,30.234481,-1,6166
104.043611,30.679932,-1,6167
103.906207,30.577398,-1,6168
103.913016,30.711721,-1,6169
103.43096,30.377358,-1,6170
103.731611,30.682016,-1,6171
103.940064,30.998902,-1,6172
103.876081,30.500569,-1,6173
103.55997,30.548935,154,6174
104.193616,30.817357,-1,6175
103.474695,30.431354,-1,6176
104.056521,30.777235,-1,6177
103.671751,30.600372,-1,6178
104.333894,30.644226,241,6179
104.422456,30.47437,-1,6180
104.054111,30.675064,-1,6181
103.459825,30.74682,9,6182
103.879991,30.404364,152,6183
103.967649,30.64857,4,6184
104.333116,30.647169,-1,6185
103.966741,30.738921,-1,6186
103.531858,31.405107,-1,6187
104.449296,30.825481,-1,6188
104.098254,30.538468,-1,6189
103.533349,30.693797,-1,6190
104.569477,30.371889,-1,6191
103.784522,30.65193,-1,6192
104.164707,30.658498,54,6193
104.177274,30.461474,-1,6194
103.892987,30.513892,114,6195
103.826255,30.396982,-1,6196
103.89902,30.725235,-1,6197
104.539565,30.662136,-1,6198
104.171231,30.65975,-1,6199
104.113825,30.579051,0,6200
103.79276,30.461016,-1,6201
103.602585,30.90282,-1,6202
104.576717,30.71761,-1,6203
104.063683,30.632731,190,6204
103.908778,30.571514,-1,6205
104.1938,30.507876,-1,6206
104.255072,30.859789,165,6207
103.40721,30.74752,-1,6208
103.479625,31.329019,-1,6209
103.377732,30.277465,-1,6210
103.890208,30.662519,-1,6211
104.050571,30.488246,-1,6212
104.074936,30.32095,-1,6213
104.213962,30.552254,186,6214
103.800769,30.453581,-1,6215
104.323836,30.645075,111,6216
103.73772,30.511546,124,6217
104.213735,30.552041,186,6218
103.80874,30.401682,-1,6219
104.100202,30.667764,-1,6220
104.02737,30.450893,159,6221
104.326652,30.860427,57,6222
103.929038,30.974461,-1,6223
104.220911,30.708844,209,6224
104.479257,30.504819,-1,6225
103.869912,30.666807,-1,6226
103.967486,30.586188,126,6227
103.969534,30.982192,167,6228
104.349996,30.555425,-1,6229
104.03711,30.148366,236,6230
104.034417,30.605976,-1,6231
104.198657,30.582056,140,6232
104.050245,30.540443,-1,6233
103.847536,30.370986,-1,6234
104.562957,30.067449,-1,6235
104.219148,30.528753,-1,6236
104.258288,30.093696,-1,6237
104.203747,30.726025,21,6238
104.071509,30.689403,84,6239
103.844818,30.680353,-1,6240
104.1986,30.374299,-1,6241
104.150124,30.616361,189,6242
104.071989,30.378374,-1,6243
104.570427,31.03407,-1,6244
104.301479,30.386445,-1,6245
104.166963,30.636764,138,6246
104.242923,30.645594,79,6247
104.056152,30.847972,98,6248
104.839318,29.810305,-1,6249
103.940208,30.614122,136,6250
104.083351,30.58206,-1,6251
103.953928,30.452138,-1,6252
104.037245,30.328537,132,6253
104.295655,30.851902,-1,6254
104.164495,30.395149,-1,6255
104.537348,30.365954,-1,6256
104.059117,30.571092,-1,6257
103.53299,30.207519,-1,6258
103.775985,30.438886,-1,6259
104.061284,30.45013,-1,6260
104.97439,29.869605,-1,6261
104.134251,30.372962,-1,6262
104.225365,30.67234,-1,6263
104.296111,30.995019,-1,6264
104.542865,30.718207,-1,6265
104.804077,30.152127,70,6266
103.718014,30.567069,-1,6267
103.952379,30.42821,230,6268
104.33399,30.64425,241,6269
103.716099,30.926688,-1,6270
103.067167,30.024112,-1,6271
104.501142,30.473835,246,6272
104.58319,30.33967,-1,6273
103.677984,31.029744,212,6274
103.630322,30.378942,-1,6275
104.249136,30.538024,-1,6276
103.664714,30.959308,-1,6277
103.826501,30.948327,-1,6278
104.032122,30.470625,-1,6279
103.819113,30.797244,146,6280
104.680682,30.051123,-1,6281
104.662104,31.091993,-1,6282
104.055148,30.419798,-1,6283
104.087514,30.75978,1,6284
103.66558,31.013273,-1,6285
103.912658,30.630875,6,6286
104.161701,30.599629,60,6287
103.971866,30.823334,-1,6288
104.214823,30.583486,128,6289
104.37819,30.313582,106,6290
104.208872,30.897411,-1,6291
104.326411,30.860194,57,6292
104.119665,31.027274,-1,6293
103.719599,30.586531,-1,6294
104.033674,30.498715,-1,6295
103.761867,30.693446,-1,6296
104.848144,29.754334,-1,6297
103.973452,30.761262,-1,6298
104.235502,30.646652,35,6299
103.810315,30.631812,65,6300
103.959987,30.462815,-1,6301
103.936426,30.613857,39,6302
104.348365,30.843028,-1,6303
104.049488,30.476773,47,6304
103.880073,30.404227,152,6305
103.940265,30.999253,-1,6306
104.472266,30.493335,240,6307
104.061019,30.180232,-1,6308
104.125271,30.769521,85,6309
103.566273,30.776847,-1,6310
104.312521,30.874803,237,6311
103.338545,30.340026,-1,6312
103.66292,30.91035,-1,6313
104.099996,30.533798,-1,6314
104.223755,30.566388,55,6315
104.165274,30.658865,54,6316
103.926529,30.805815,-1,6317
103.955814,31.007509,-1,6318
104.050898,30.541425,244,6319
104.106639,30.740597,194,6320
103.893047,30.51391,114,6321
104.221807,30.709361,209,6322
104.594673,31.294191,-1,6323
103.654696,30.664467,-1,6324
104.368449,30.493959,-1,6325
104.079213,30.565151,-1,6326
104.364193,30.658173,263,6327
104.493613,30.322149,260,6328
104.114769,30.579498,0,6329
104.07314,30.685319,-1,6330
104.34522,30.828523,78,6331
103.919742,30.475641,-1,6332
103.825542,30.933072,-1,6333
103.816663,30.633767,65,6334
104.537364,30.365718,-1,6335
104.420951,30.880568,-1,6336
103.94761,31.01478,-1,6337
104.164328,30.657888,54,6338
103.661396,30.961305,28,6339
103.950986,30.454866,-1,6340
103.59848,30.750802,-1,6341
104.112726,30.753159,30,6342
103.660468,30.904553,-1,6343
104.057824,30.389744,-1,6344
104.070481,30.695414,-1,6345
104.106935,30.491092,178,6346
104.153261,30.613383,-1,6347
103.985832,31.048762,-1,6348
103.774697,30.411525,-1,6349
103.67786,31.030224,212,6350
104.231396,30.525821,-1,6351
104.082754,30.72023,254,6352
103.845448,30.666891,-1,6353
103.880417,30.404341,152,6354
104.077321,30.794698,188,6355
103.514138,30.253594,-1,6356
104.183386,30.710304,14,6357
103.922608,30.867298,-1,6358
104.472489,30.493316,240,6359
104.008835,30.473722,-1,6360
103.684649,31.085606,-1,6361
104.397932,31.168314,-1,6362
104.013462,30.652293,-1,6363
103.553344,30.220906,116,6364
104.188898,30.590941,-1,6365
103.956465,30.031033,265,6366
104.362407,30.842465,-1,6367
104.323647,30.644929,111,6368
104.115321,30.885115,-1,6369
103.897361,30.836346,56,6370
104.28652,30.678882,-1,6371
104.13989,30.781817,-1,6372
103.977732,30.688654,203,6373
103.709405,30.393767,155,6374
103.917461,30.742788,-1,6375
103.905683,30.477116,-1,6376
104.17715,30.719136,120,6377
103.733378,30.551176,-1,6378
104.044091,30.445702,15,6379
103.883538,30.197474,-1,6380
104.051157,30.476779,47,6381
104.165919,30.712425,102,6382
104.39205,30.299057,-1,6383
104.071942,30.446468,-1,6384
104.673111,30.107864,-1,6385
104.070851,31.246962,-1,6386
103.912563,30.630964,6,6387
103.995354,30.643803,266,6388
104.106952,30.871712,-1,6389
103.858713,31.066656,-1,6390
104.028338,30.481019,-1,6391
104.106825,30.532973,-1,6392
104.36464,30.996556,-1,6393
104.414321,30.852257,-1,6394
104.052221,30.246019,168,6395
103.981164,30.78527,50,6396
104.011259,30.692598,-1,6397
104.071594,31.247083,-1,6398
104.01613,30.449542,-1,6399
104.053654,30.457071,31,6400
104.101265,30.444501,-1,6401
104.313223,30.29327,-1,6402
103.758482,30.598413,-1,6403
103.531059,30.405746,-1,6404
104.052221,30.473954,226,6405
104.165375,30.593988,-1,6406
103.961162,30.940819,161,6407
104.120158,30.772962,151,6408
103.90543,30.810509,24,6409
104.064581,30.633325,190,6410
103.897708,30.712056,-1,6411
103.768398,30.599529,-1,6412
104.202567,31.188931,-1,6413
103.530286,31.406748,-1,6414
103.983654,30.572802,-1,6415
104.288189,30.696522,239,6416
104.078934,30.365692,147,6417
104.3119,30.298784,158,6418
104.234838,30.645938,35,6419
104.174903,30.715322,59,6420
104.051104,30.189614,-1,6421
104.342988,30.686232,-1,6422
104.326516,30.859926,57,6423
104.2429,30.6506,12,6424
104.351219,30.985512,-1,6425
104.110338,30.505326,-1,6426
104.181771,30.709432,-1,6427
104.020214,30.241069,-1,6428
104.116802,30.718086,-1,6429
104.003505,30.882836,-1,6430
104.277588,31.141443,-1,6431
104.538179,30.724053,-1,6432
103.812299,30.632498,65,6433
104.756812,30.633466,162,6434
104.223571,30.674869,197,6435
104.390784,30.286755,90,6436
103.527758,31.415871,-1,6437
104.040962,30.593464,49,6438
104.320136,30.277047,46,6439
104.111687,30.519883,-1,6440
103.641538,30.254829,-1,6441
103.908953,30.73155,-1,6442
104.089926,30.741971,-1,6443
104.083726,30.748538,-1,6444
104.05314,30.465877,19,6445
103.867903,30.779431,92,6446
104.057347,30.484727,-1,6447
104.186958,30.707522,-1,6448
103.891204,30.512494,-1,6449
103.896691,30.666585,37,6450
104.499179,30.467635,-1,6451
103.460346,30.747875,9,6452
103.726465,30.778443,-1,6453
103.482639,30.589405,-1,6454
104.37092,30.642409,-1,6455
104.243138,30.650204,12,6456
104.086479,30.758851,1,6457
104.036973,30.148428,236,6458
103.270159,30.193192,-1,6459
103.839096,30.953878,-1,6460
104.390912,30.281271,-1,6461
104.022296,30.449996,-1,6462
103.950122,30.676667,-1,6463
104.356476,30.555406,-1,6464
103.978972,30.468998,-1,6465
103.837636,30.360554,247,6466
104.421444,30.881084,-1,6467
104.287079,30.559529,-1,6468
104.203774,30.726045,21,6469
103.940641,30.614002,136,6470
103.940046,30.61435,136,6471
104.066818,30.856393,-1,6472
103.921109,30.606769,-1,6473
104.003413,30.435528,-1,6474
104.05564,30.464799,-1,6475
104.272827,30.326258,-1,6476
104.115216,30.579495,0,6477
104.322833,31.015875,-1,6478
104.185734,30.720267,153,6479
104.20857,30.524344,103,6480
103.937948,30.61924,121,6481
103.857866,31.065609,117,6482
103.448883,30.483854,-1,6483
104.169006,30.741231,163,6484
104.308721,30.865347,108,6485
104.175313,30.664387,148,6486
104.466193,30.343967,-1,6487
104.660612,31.090289,-1,6488
104.05297,30.473234,226,6489
104.042597,30.466058,-1,6490
103.86849,30.834879,-1,6491
103.701537,30.60268,3,6492
103.439678,30.990026,-1,6493
103.64554,30.955586,-1,6494
104.443761,30.844486,-1,6495
104.002929,30.43499,-1,6496
104.054682,30.24209,-1,6497
103.908903,30.552958,-1,6498
104.043515,30.205813,-1,6499
104.108049,30.554111,-1,6500
104.206154,30.712662,-1,6501
104.021058,30.546042,-1,6502
103.963504,30.665662,-1,6503
103.997889,30.759521,-1,6504
103.872034,30.415038,-1,6505
103.558753,30.752524,-1,6506
103.541683,30.583687,-1,6507
104.422364,30.88165,-1,6508
104.131823,30.394979,-1,6509
104.033118,30.63453,-1,6510
103.833344,30.64067,80,6511
103.87269,30.779087,86,6512
104.235502,30.647054,35,6513
104.478116,30.489716,-1,6514
104.208504,30.524253,103,6515
104.147124,30.396661,-1,6516
103.561017,30.748766,207,6517
104.501182,30.473802,246,6518
104.173799,30.86573,-1,6519
103.806268,31.171591,-1,6520
104.714528,30.391701,-1,6521
103.531858,31.405107,-1,6522
104.108001,30.547537,-1,6523
104.292062,30.812858,-1,6524
103.998878,30.74376,137,6525
103.86711,30.534978,195,6526
103.811559,30.405656,-1,6527
104.102683,30.42021,-1,6528
103.902218,30.658359,130,6529
103.999582,30.750907,-1,6530
104.391337,30.282589,-1,6531
103.875699,30.479913,273,6532
104.04158,30.529461,-1,6533
103.98837,30.627596,18,6534
104.062565,30.542287,-1,6535
104.13854,30.610805,42,6536
103.892895,30.447764,72,6537
104.354217,30.66738,-1,6538
103.921467,30.979775,-1,6539
103.908301,30.6604,-1,6540
103.334722,29.250819,-1,6541
103.931998,30.472804,-1,6542
104.069696,30.690914,-1,6543
103.847722,30.431163,-1,6544
104.039238,30.44742,-1,6545
104.075928,30.761605,-1,6546
104.106951,30.491742,178,6547
103.8836,30.44255,-1,6548
104.242556,30.650102,12,6549
104.055987,30.794799,-1,6550
103.460141,30.747779,9,6551
103.693138,31.022863,-1,6552
103.806268,31.171591,-1,6553
104.080908,30.608798,-1,6554
104.135649,30.805836,32,6555
104.40896,30.477475,-1,6556
104.242972,30.64555,79,6557
103.701713,30.60244,3,6558
103.973956,30.429759,-1,6559
103.814321,30.633044,65,6560
103.683311,30.887644,-1,6561
103.799411,29.771337,-1,6562
104.247136,30.55483,75,6563
103.513168,30.254727,-1,6564
103.940944,30.93694,-1,6565
104.16249,30.556596,122,6566
104.209697,30.725027,-1,6567
103.916597,30.369257,227,6568
104.287495,30.67849,-1,6569
103.474656,30.431831,-1,6570
103.888787,30.445519,-1,6571
104.044061,30.446863,15,6572
103.936167,30.905567,44,6573
103.930012,30.948233,-1,6574
104.752448,30.629698,-1,6575
103.709518,30.394482,155,6576
104.134698,30.806053,32,6577
104.525699,30.636314,-1,6578
104.67615,30.08413,96,6579
104.241278,30.82873,-1,6580
104.141566,30.93478,-1,6581
104.214823,30.583486,128,6582
104.204873,30.529661,-1,6583
104.449427,30.480844,145,6584
104.443151,30.803989,-1,6585
104.067224,30.269079,-1,6586
103.978022,30.406355,-1,6587
104.324836,30.295634,-1,6588
104.26551,30.853138,-1,6589
103.981928,30.729856,-1,6590
103.579803,30.7571,-1,6591
103.697997,30.404207,-1,6592
103.977711,30.688694,203,6593
104.085208,30.683595,229,6594
103.952274,30.936773,-1,6595
104.049256,30.541595,112,6596
104.055157,30.430728,-1,6597
104.223489,30.794307,-1,6598
104.542676,29.505912,-1,6599
103.936176,30.614236,39,6600
103.654834,30.926893,52,6601
104.397256,30.82411,-1,6602
104.207678,31.187344,-1,6603
104.575144,30.685966,17,6604
104.52329,30.64017,-1,6605
103.971397,30.65049,8,6606
103.903719,30.567877,-1,6607
103.78477,30.651854,-1,6608
103.819113,30.797292,146,6609
103.959974,30.165611,-1,6610
104.196448,30.737724,-1,6611
103.851044,30.820413,41,6612
104.794847,29.728629,-1,6613
103.939776,30.614275,136,6614
104.171231,30.65975,-1,6615
104.115364,31.512534,-1,6616
104.226107,30.644153,-1,6617
104.089424,30.832134,-1,6618
102.936501,30.25481,-1,6619
103.939712,30.617226,213,6620
104.492906,30.321914,260,6621
104.234868,30.862071,-1,6622
103.964765,30.378903,-1,6623
104.556635,30.373261,218,6624
104.036965,30.329255,132,6625
103.969823,30.978276,-1,6626
103.912483,30.978879,264,6627
103.828868,30.854258,-1,6628
104.190928,30.436392,-1,6629
103.691399,30.417533,-1,6630
104.213962,30.552254,186,6631
104.079004,30.81855,-1,6632
103.194473,30.139445,-1,6633
104.443009,30.8428,-1,6634
104.671317,30.055186,-1,6635
103.939279,30.422207,-1,6636
104.009506,30.763773,77,6637
103.861537,30.984724,-1,6638
104.178934,30.783049,34,6639
103.292358,31.11234,-1,6640
104.161506,30.599643,60,6641
104.39205,30.299057,-1,6642
103.465711,30.437813,123,6643
104.033948,30.741355,-1,6644
104.066812,30.692421,-1,6645
104.001036,30.440953,-1,6646
104.100932,30.438846,-1,6647
103.936063,30.90528,44,6648
104.016974,30.734628,-1,6649
104.048516,30.448972,-1,6650
103.712977,30.525269,-1,6651
103.912428,30.235931,-1,6652
103.662615,30.970633,99,6653
104.401973,30.997307,256,6654
104.32658,30.860229,57,6655
104.242876,30.645484,79,6656
104.070548,30.726011,174,6657
103.819746,30.665109,-1,6658
103.923634,30.717014,58,6659
103.921038,30.540438,-1,6660
103.859633,30.344835,-1,6661
103.57776,30.851258,-1,6662
104.046184,30.574828,-1,6663
103.476493,31.037572,-1,6664
103.499235,30.569479,160,6665
104.067352,30.269063,-1,6666
103.671844,30.332606,-1,6667
104.39312,30.283469,175,6668
103.932177,30.781841,-1,6669
103.595626,30.66274,-1,6670
104.113618,30.578998,0,6671
103.952503,30.427831,230,6672
104.358825,31.06537,-1,6673
103.911907,30.630913,6,6674
103.867642,30.779722,92,6675
103.914394,30.675504,211,6676
103.451909,30.47513,-1,6677
104.003958,30.606333,-1,6678
104.539471,30.709977,-1,6679
103.720542,30.823217,-1,6680
103.816138,30.486019,-1,6681
104.077338,30.634309,-1,6682
103.770638,30.398326,-1,6683
103.810563,30.631996,65,6684
103.241012,30.540198,-1,6685
103.908762,30.973131,255,6686
103.795015,30.447268,-1,6687
104.076105,30.757023,-1,6688
104.044138,30.446883,15,6689
103.701458,30.60268,3,6690
104.305282,30.24398,-1,6691
104.428359,31.0107,-1,6692
104.124685,30.76914,85,6693
103.571103,30.524394,-1,6694
104.090598,30.777815,-1,6695
104.047903,30.541382,112,6696
104.245348,30.553408,-1,6697
104.023373,30.522208,-1,6698
104.31572,30.301949,231,6699
104.314969,30.315769,-1,6700
104.071805,30.728494,-1,6701
104.543766,31.380052,-1,6702
103.880217,30.604136,219,6703
104.66851,30.087849,-1,6704
103.777628,30.7436,-1,6705
103.802385,30.455554,23,6706
104.1831,30.711081,14,6707
104.119238,30.758294,88,6708
104.214057,30.651622,217,6709
103.91158,30.634438,-1,6710
103.789892,30.682707,-1,6711
104.040809,30.659438,-1,6712
104.194225,30.773817,-1,6713
103.872297,30.771255,-1,6714
103.86137,30.804188,71,6715
104.00018,30.393676,-1,6716
104.070751,30.675299,-1,6717
103.60315,30.517102,-1,6718
104.119238,30.758294,88,6719
104.165717,30.628642,29,6720
104.433212,30.333463,-1,6721
103.988411,30.627405,18,6722
104.472984,30.494051,240,6723
104.242423,30.650357,12,6724
104.042818,30.448027,-1,6725
103.703861,30.928315,-1,6726
104.093701,30.581011,10,6727
103.695072,30.612724,-1,6728
103.708284,30.835489,-1,6729
104.216748,30.835036,-1,6730
104.006396,30.592157,141,6731
104.564521,30.370781,11,6732
104.261342,29.965837,-1,6733
103.751031,30.328602,-1,6734
104.06411,30.177694,-1,6735
103.553232,30.221106,116,6736
103.506825,30.744497,-1,6737
103.517371,30.750694,223,6738
103.654177,30.92629,52,6739
102.60123,31.825413,-1,6740
104.08947,30.739655,109,6741
104.496681,30.471809,-1,6742
104.364435,30.658507,-1,6743
103.884669,30.388736,180,6744
103.97994,30.585133,-1,6745
103.885758,31.028337,73,6746
104.285589,30.699813,-1,6747
104.354321,30.436001,135,6748
104.000674,30.597425,-1,6749
104.804173,30.152184,70,6750
104.401406,31.068932,-1,6751
104.604137,30.685618,-1,6752
104.225209,30.638685,20,6753
104.675596,30.084145,96,6754
103.937503,30.614143,39,6755
104.244917,30.710454,-1,6756
104.379464,30.292147,-1,6757
104.287122,30.697181,239,6758
103.861212,30.446007,177,6759
103.971431,30.398971,-1,6760
104.003974,30.606325,-1,6761
104.234958,30.64582,35,6762
103.626029,30.402817,-1,6763
104.45284,30.459738,-1,6764
104.372162,30.965483,-1,6765
104.130786,30.372782,-1,6766
104.32359,30.645143,111,6767
104.170887,30.615317,200,6768
104.008727,30.590917,69,6769
104.079467,30.512837,131,6770
104.04671,30.427179,74,6771
103.796931,30.872751,-1,6772
104.058347,30.694182,-1,6773
103.917263,30.683882,40,6774
104.224957,30.638746,20,6775
104.235823,30.646301,35,6776
104.227957,30.728201,-1,6777
104.221231,30.638343,45,6778
103.916597,30.369257,227,6779
103.869158,30.614104,-1,6780
103.837636,30.360554,247,6781
104.040358,30.880132,-1,6782
103.897313,30.836479,56,6783
104.147093,30.5875,-1,6784
103.898695,30.821278,-1,6785
103.55443,30.607533,-1,6786
104.220762,30.708712,209,6787
103.874977,30.830555,-1,6788
104.000669,30.76286,-1,6789
104.029618,31.327107,-1,6790
104.29162,30.59304,-1,6791
103.917351,30.397718,-1,6792
104.037308,30.659403,68,6793
103.909425,30.978103,-1,6794
102.225156,29.783361,-1,6795
104.167104,30.636759,138,6796
104.34157,30.825302,-1,6797
104.041878,30.744443,-1,6798
103.27741,29.568593,-1,6799
104.214151,30.651537,217,6800
103.951555,31.012755,235,6801
103.893221,30.513413,114,6802
104.312805,30.298374,158,6803
104.039037,30.359933,-1,6804
104.180084,30.619657,-1,6805
104.168586,30.741507,163,6806
104.428718,31.149892,210,6807
104.003995,30.515505,-1,6808
103.939753,30.617291,213,6809
103.947641,30.554135,-1,6810
104.203652,30.726009,21,6811
103.933816,30.704823,-1,6812
103.535777,30.742492,-1,6813
104.564545,30.370865,11,6814
103.367753,30.285769,-1,6815
103.817453,30.633988,65,6816
104.051804,30.777403,-1,6817
104.278367,30.830409,-1,6818
103.973716,30.429042,-1,6819
104.320152,30.278031,46,6820
103.465479,30.437624,123,6821
103.978396,30.587031,-1,6822
103.707959,30.406103,-1,6823
103.648107,30.951485,91,6824
104.07108,30.725239,174,6825
104.566328,30.371889,11,6826
103.912695,30.63092,6,6827
104.421817,30.482576,-1,6828
104.086436,30.758763,1,6829
104.175131,30.719001,-1,6830
103.651523,31.023702,-1,6831
104.400188,30.997138,-1,6832
104.669358,29.504088,97,6833
104.198201,30.581954,140,6834
104.207678,31.187344,-1,6835
104.090115,30.777844,-1,6836
103.771569,29.471995,-1,6837
104.008944,30.473147,-1,6838
104.107894,30.76929,221,6839
104.203303,30.74108,-1,6840
103.888489,30.556836,118,6841
103.937137,30.613548,39,6842
103.869128,30.462707,-1,6843
103.939215,30.744648,-1,6844
104.082553,30.455666,228,6845
103.947278,30.673917,-1,6846
103.921828,30.233891,-1,6847
104.377202,30.761615,-1,6848
104.062391,30.665902,-1,6849
104.324598,30.704674,-1,6850
104.070346,30.675477,-1,6851
104.602008,30.878537,-1,6852
104.342203,31.150003,258,6853
104.224328,31.011367,-1,6854
104.008783,30.59067,69,6855
103.988415,30.627673,18,6856
103.741581,30.694604,93,6857
103.696362,30.656519,-1,6858
103.937691,30.614796,39,6859
103.810563,30.631996,65,6860
104.126381,30.523375,-1,6861
104.106483,30.465937,-1,6862
103.818157,30.846923,-1,6863
104.06978,30.768483,5,6864
103.99368,30.764576,89,6865
103.971141,30.739391,-1,6866
103.632011,30.537784,-1,6867
104.497882,30.465969,-1,6868
104.303203,30.383981,-1,6869
103.506121,30.559343,253,6870
103.916834,30.683828,40,6871
103.814455,30.633084,65,6872
103.744271,30.68404,-1,6873
103.870724,30.702077,176,6874
103.986875,30.415708,-1,6875
103.83819,30.663768,-1,6876
104.07684,30.794757,188,6877
104.094041,30.779143,-1,6878
103.988644,30.627973,18,6879
104.09337,30.798169,-1,6880
103.876047,30.500712,-1,6881
103.663418,30.995405,-1,6882
104.392452,31.164281,-1,6883
104.442826,29.476611,-1,6884
103.948719,30.717003,-1,6885
103.798128,30.448316,-1,6886
104.001903,30.597805,-1,6887
103.936425,30.614202,39,6888
104.574214,30.686071,17,6889
103.685529,30.616483,-1,6890
104.208872,30.897411,-1,6891
104.58219,30.352745,-1,6892
104.021539,30.549732,-1,6893
104.077554,30.630463,-1,6894
104.359279,30.485587,-1,6895
103.965747,30.63735,-1,6896
103.980625,30.756313,-1,6897
104.161781,30.599674,60,6898
103.973226,30.469731,-1,6899
103.741701,30.693027,-1,6900
103.945089,30.555128,-1,6901
104.194558,30.681798,-1,6902
104.164548,30.658711,54,6903
103.862454,30.556474,-1,6904
104.2278,30.781323,-1,6905
104.112166,31.185535,-1,6906
104.603769,30.685252,-1,6907
104.228745,30.85439,-1,6908
104.591146,30.388557,-1,6909
104.17533,30.66446,148,6910
104.434979,30.34048,-1,6911
104.10926,31.020822,-1,6912
104.055253,30.43055,-1,6913
104.203336,30.726229,21,6914
103.76681,30.93948,-1,6915
103.892899,30.447427,72,6916
103.480049,30.984784,-1,6917
104.32348,30.645073,111,6918
104.057221,30.685424,-1,6919
104.565137,30.372264,-1,6920
104.14158,30.950893,-1,6921
104.567949,30.707064,252,6922
104.548981,30.717996,-1,6923
104.592903,30.118552,-1,6924
104.500083,30.467034,-1,6925
104.402077,30.997357,256,6926
104.573729,30.687452,17,6927
103.613956,30.964633,-1,6928
103.892554,30.600681,-1,6929
104.669519,29.503572,97,6930
103.902522,30.658391,130,6931
104.214495,30.651683,217,6932
104.383448,30.287333,-1,6933
104.029708,30.480631,-1,6934
103.924549,30.949804,166,6935
104.947119,30.210988,-1,6936
104.074936,30.32095,-1,6937
104.223619,30.794236,95,6938
103.937371,30.619255,121,6939
104.294509,30.851735,-1,6940
104.331344,30.644481,16,6941
103.867631,30.780684,92,6942
103.798365,30.403629,-1,6943
104.536733,30.352868,250,6944
103.671363,30.332803,-1,6945
104.048871,30.488667,-1,6946
103.993415,30.764709,89,6947
104.16053,30.643667,-1,6948
103.974051,30.800143,2,6949
103.600973,31.064598,-1,6950
104.081735,30.454491,228,6951
103.880972,30.483686,-1,6952
104.056093,30.848,98,6953
103.702017,30.852844,-1,6954
103.873821,30.417359,125,6955
103.866185,30.775533,-1,6956
103.49526,30.407069,-1,6957
104.443121,30.843184,-1,6958
104.060314,30.44928,-1,6959
104.100932,30.438846,-1,6960
103.982209,30.410656,-1,6961
103.723406,30.560428,-1,6962
103.726342,30.332413,-1,6963
103.696478,30.582512,-1,6964
103.84477,30.724784,-1,6965
104.756396,30.632715,162,6966
103.864325,31.050488,-1,6967
104.28514,30.699197,-1,6968
104.170611,30.659756,-1,6969
104.559447,30.727859,-1,6970
104.007642,30.55393,216,6971
104.235912,30.646225,35,6972
103.78608,30.653397,-1,6973
104.046948,30.42787,74,6974
103.960142,30.152063,-1,6975
103.915331,30.63094,-1,6976
104.088932,30.734541,-1,6977
103.949128,30.501706,-1,6978
104.504652,30.48834,-1,6979
104.057873,30.387344,-1,6980
104.242823,30.650737,12,6981
104.410765,31.055752,-1,6982
103.942343,30.847659,113,6983
104.245045,30.645674,79,6984
104.175726,30.788277,-1,6985
104.708515,31.872358,-1,6986
104.236141,30.646836,35,6987
103.647859,30.299849,-1,6988
103.823943,30.585003,-1,6989
103.800302,30.69385,-1,6990
103.951322,30.455438,-1,6991
104.33099,30.644344,16,6992
104.111857,31.07591,-1,6993
104.178742,30.783016,34,6994
103.859068,30.627854,-1,6995
104.185173,30.684263,22,6996
103.863745,30.347382,-1,6997
104.033117,30.537764,-1,6998
103.967999,30.948338,-1,6999
104.042084,30.618303,-1,7000
103.917102,30.386484,-1,7001
104.324021,30.343512,-1,7002
104.058583,30.392279,-1,7003
104.051414,30.476659,47,7004
104.33399,30.64425,241,7005
103.952303,30.79583,206,7006
104.315697,30.303091,231,7007
103.747594,30.348533,-1,7008
103.560007,30.549177,154,7009
104.942956,30.284612,-1,7010
103.937135,30.613608,39,7011
104.235406,30.64657,35,7012
103.959805,30.51754,201,7013
103.876863,30.750328,-1,7014
104.237856,30.723538,-1,7015
104.609399,30.856975,-1,7016
103.797193,30.643843,-1,7017
103.967096,30.648232,4,7018
104.320519,29.735372,-1,7019
104.189468,30.818792,-1,7020
104.465212,31.044321,-1,7021
103.998798,30.755734,-1,7022
104.236062,30.647005,35,7023
104.311179,30.799229,-1,7024
104.628095,31.175134,-1,7025
103.865016,31.049427,-1,7026
104.050242,30.481484,-1,7027
104.202169,30.726128,21,7028
103.782394,29.444098,-1,7029
104.207226,30.528689,-1,7030
103.922027,30.689878,-1,7031
103.795142,30.937702,-1,7032
103.480685,30.761189,-1,7033
102.86945,29.660761,-1,7034
104.105582,30.587363,-1,7035
103.60354,29.999357,-1,7036
103.914497,30.711976,-1,7037
104.165526,30.807519,-1,7038
104.236236,30.646956,35,7039
103.936101,30.905514,44,7040
104.075437,30.23887,-1,7041
103.671225,30.897355,-1,7042
104.185748,30.71916,153,7043
104.020254,31.30588,-1,7044
104.451779,30.476078,-1,7045
103.973255,30.798789,-1,7046
104.401544,31.061493,-1,7047
103.86835,30.778764,92,7048
104.02815,30.448333,-1,7049
104.316174,30.276124,-1,7050
103.920963,29.918115,-1,7051
103.889446,30.478953,-1,7052
104.056094,30.76324,129,7053
103.908036,30.973299,255,7054
103.937524,30.618905,121,7055
103.976605,30.767519,-1,7056
104.521114,30.429702,-1,7057
104.326371,30.860076,57,7058
104.531181,30.472161,-1,7059
103.890208,30.662519,-1,7060
104.065256,30.179337,183,7061
103.937853,30.616279,-1,7062
103.977532,30.688844,203,7063
103.903758,30.683255,-1,7064
104.243097,30.651282,12,7065
104.367777,30.288898,172,7066
104.148292,30.400457,-1,7067
104.039652,30.225847,48,7068
104.577103,30.685682,-1,7069
104.293699,30.681365,-1,7070
104.179442,30.520335,-1,7071
104.566146,30.371443,11,7072
104.016546,30.553431,-1,7073
103.63363,30.51166,-1,7074
104.224205,30.566371,55,7075
103.995576,30.425336,-1,7076
103.636388,30.292886,-1,7077
103.923186,30.71713,58,7078
104.322635,31.113239,-1,7079
104.03664,30.236514,-1,7080
104.973361,29.870887,61,7081
103.672571,31.039721,-1,7082
103.948183,30.554169,-1,7083
104.320859,30.287815,-1,7084
104.324207,31.009805,-1,7085
104.122233,30.510728,-1,7086
104.112057,30.753068,30,7087
104.414879,30.24372,-1,7088
104.032791,30.486278,-1,7089
103.972412,30.542285,157,7090
104.39278,30.283712,175,7091
104.29162,30.59304,-1,7092
103.813485,30.632795,65,7093
104.164651,30.65843,54,7094
104.071908,30.679858,-1,7095
104.035297,30.713773,-1,7096
103.630282,30.378776,-1,7097
104.138749,30.610713,42,7098
104.092374,30.573488,-1,7099
103.903896,31.002553,-1,7100
104.499043,30.474324,-1,7101
103.937634,30.614323,39,7102
104.036193,30.296649,-1,7103
103.916437,30.369247,227,7104
104.110858,30.768523,248,7105
104.333318,31.041257,-1,7106
104.302364,30.259098,-1,7107
104.345485,30.828577,78,7108
104.078449,30.377292,-1,7109
104.106857,30.532987,-1,7110
103.935584,30.905417,44,7111
103.814881,30.406086,-1,7112
103.351078,30.368071,-1,7113
103.999407,30.572054,-1,7114
104.326331,30.860094,57,7115
103.761992,30.393885,-1,7116
104.062133,30.44315,-1,7117
104.203236,30.726027,21,7118
103.618113,30.994772,-1,7119
103.943335,30.432421,-1,7120
104.04131,30.530273,-1,7121
104.2119,30.52737,-1,7122
104.093668,30.581207,10,7123
104.201067,30.733832,187,7124
103.707032,30.582264,-1,7125
103.73819,30.955701,-1,7126
103.741819,30.694649,93,7127
104.318925,30.275979,46,7128
103.883587,30.666023,67,7129
104.214533,30.651904,217,7130
104.204695,30.730778,199,7131
104.167141,30.637044,138,7132
103.859138,30.8275,27,7133
104.107627,30.769342,221,7134
103.996803,30.649746,-1,7135
103.706332,30.894314,-1,7136
103.897188,30.667111,37,7137
104.345855,30.864866,-1,7138
103.912547,30.978928,264,7139
104.115949,30.584405,-1,7140
104.393078,30.755556,-1,7141
103.720387,30.595049,-1,7142
104.202871,31.18812,-1,7143
104.002329,30.665557,-1,7144
104.224237,30.674977,197,7145
104.194591,30.738269,238,7146
104.57079,30.349554,-1,7147
103.623548,31.482103,-1,7148
104.071076,30.725232,174,7149
104.098582,30.500429,-1,7150
103.813541,30.63188,65,7151
104.021672,29.139432,119,7152
104.449427,30.480844,145,7153
104.486151,30.491812,-1,7154
103.38465,30.732091,-1,7155
103.895827,30.666151,37,7156
103.952365,30.427706,230,7157
103.912643,30.824815,150,7158
104.410208,30.758606,-1,7159
104.259064,30.868761,-1,7160
104.067406,30.540858,-1,7161
104.120806,30.785933,-1,7162
103.701512,30.652898,-1,7163
103.968948,30.802042,-1,7164
104.008082,30.525168,-1,7165
103.877346,30.562457,-1,7166
104.392692,31.165095,-1,7167
104.489414,30.493953,7,7168
104.297515,30.306629,-1,7169
103.893269,30.513645,114,7170
104.028486,30.337783,-1,7171
103.857313,30.631054,-1,7172
103.661455,30.45004,-1,7173
104.548175,30.713174,-1,7174
103.860449,30.837142,-1,7175
103.785771,30.706253,-1,7176
104.499077,30.683095,-1,7177
103.399162,29.923373,-1,7178
104.093225,30.798289,-1,7179
103.740967,30.439043,-1,7180
103.969137,30.469645,-1,7181
104.538463,31.861316,-1,7182
103.851174,30.298468,-1,7183
103.748392,30.574218,-1,7184
104.185745,30.719135,153,7185
104.04737,30.725872,-1,7186
103.695581,30.653693,-1,7187
103.9996,30.466258,215,7188
104.005553,30.522466,-1,7189
103.914368,30.675382,211,7190
104.484413,30.347152,-1,7191
104.168088,30.387257,-1,7192
103.929459,30.941843,196,7193
104.08959,30.663241,-1,7194
104.363937,30.641601,-1,7195
103.883207,30.420278,-1,7196
103.57776,30.851258,-1,7197
104.104897,30.531421,-1,7198
104.037309,30.659984,68,7199
103.883007,30.420339,-1,7200
104.348873,30.554975,-1,7201
104.470072,30.505101,-1,7202
104.028486,30.337783,-1,7203
103.819097,30.79726,146,7204
104.513058,30.42008,171,7205
104.185701,30.62023,-1,7206
104.111813,30.468334,-1,7207
103.951757,30.452246,-1,7208
104.047078,30.428194,74,7209
103.902794,30.658499,130,7210
103.973897,30.628976,-1,7211
104.038656,30.333334,-1,7212
104.113201,30.579018,0,7213
103.986684,30.215916,-1,7214
103.613956,30.964633,-1,7215
104.312157,30.298484,158,7216
104.153773,30.616113,-1,7217
104.059834,30.650565,-1,7218
104.074658,30.721118,-1,7219
104.418383,30.997875,-1,7220
104.36464,30.996556,-1,7221
104.209952,30.609154,-1,7222
104.104826,30.719189,-1,7223
102.250831,29.75121,-1,7224
103.884292,30.163934,-1,7225
104.055877,30.848015,98,7226
104.202567,31.188765,-1,7227
103.943195,30.335169,-1,7228
104.076362,30.779657,-1,7229
103.813221,30.63125,65,7230
103.946588,30.553662,-1,7231
103.660748,30.961039,28,7232
104.39756,30.824085,-1,7233
104.108401,30.544808,-1,7234
104.037352,30.356994,259,7235
103.958878,31.406583,-1,7236
103.621693,30.584925,-1,7237
103.939792,30.616358,213,7238
104.452846,30.471639,-1,7239
103.41175,30.245508,-1,7240
104.234996,30.646704,35,7241
104.448068,30.875828,-1,7242
104.05014,30.759139,-1,7243
103.929294,30.699286,-1,7244
103.96357,30.448169,-1,7245
104.203802,30.725976,21,7246
104.830189,29.668737,-1,7247
104.018356,30.448544,-1,7248
103.87939,30.404365,152,7249
104.07108,30.725239,174,7250
104.387596,30.296534,-1,7251
104.105042,30.53139,-1,7252
103.999432,30.468076,215,7253
103.709405,30.393767,155,7254
104.178371,30.727437,-1,7255
104.203802,30.725976,21,7256
103.761639,30.399353,-1,7257
103.957705,30.578262,-1,7258
104.188096,30.514684,-1,7259
104.178598,30.782966,34,7260
103.841947,31.157968,-1,7261
103.842928,30.576605,-1,7262
103.709878,30.39518,155,7263
104.214151,30.651537,217,7264
104.18767,30.793487,-1,7265
104.0786,30.440498,-1,7266
103.97382,31.032166,-1,7267
104.077886,30.193438,-1,7268
104.242555,30.651072,12,7269
103.948516,30.538379,-1,7270
104.114068,30.579973,0,7271
103.967467,30.821857,-1,7272
104.551584,30.684335,-1,7273
103.970389,30.650204,8,7274
103.964576,30.637317,142,7275
104.313946,30.315489,-1,7276
103.942311,30.847759,113,7277
104.177726,30.718945,120,7278
104.000624,30.763078,-1,7279
103.969654,30.822063,-1,7280
103.976254,30.767983,-1,7281
104.054406,30.849321,-1,7282
104.106483,30.465937,-1,7283
104.125435,30.769399,85,7284
104.144969,31.602573,-1,7285
104.177542,30.726821,-1,7286
103.95248,30.999216,-1,7287
104.069764,30.661859,-1,7288
103.970932,30.650573,8,7289
103.530039,30.243212,-1,7290
104.080893,30.702226,-1,7291
103.789382,30.672661,-1,7292
104.017256,30.453191,-1,7293
104.172732,30.483854,25,7294
104.297673,31.035021,63,7295
103.706527,30.582727,-1,7296
103.553264,30.221172,116,7297
103.892442,30.633823,-1,7298
104.168823,30.741429,163,7299
104.153874,30.417128,-1,7300
103.952428,30.79575,206,7301
103.897113,30.666665,37,7302
104.098868,30.458984,214,7303
103.921837,30.248603,-1,7304
104.303759,30.258917,-1,7305
103.812472,30.571537,-1,7306
103.913436,30.993778,-1,7307
104.96202,30.22433,-1,7308
104.501551,30.427399,-1,7309
104.234886,30.646189,35,7310
104.327108,30.308495,-1,7311
103.711804,30.321712,-1,7312
104.046091,30.449442,-1,7313
104.161491,30.599629,60,7314
103.89731,30.836524,56,7315
103.971811,30.569683,-1,7316
103.956081,30.636894,-1,7317
103.451246,30.456927,-1,7318
104.19396,30.726952,-1,7319
103.922278,30.86729,-1,7320
104.137508,30.409963,-1,7321
103.71814,30.573274,-1,7322
104.392034,30.298973,-1,7323
104.500374,30.428822,-1,7324
104.326243,30.695988,-1,7325
104.573584,30.811903,-1,7326
104.107187,30.533225,-1,7327
104.675438,30.407318,-1,7328
104.226113,30.791566,62,7329
104.144501,30.813327,-1,7330
103.552798,30.530464,-1,7331
104.408698,30.344366,-1,7332
103.952069,30.600651,-1,7333
104.022293,30.522578,257,7334
103.976608,30.468336,-1,7335
104.167239,30.384818,-1,7336
103.94223,30.847709,113,7337
104.088737,30.674932,-1,7338
104.062329,30.680162,-1,7339
103.825005,30.798247,-1,7340
104.077761,30.794626,188,7341
104.044385,30.444832,15,7342
104.37802,30.455452,-1,7343
104.268876,30.578174,139,7344
104.074545,30.720065,-1,7345
104.308035,30.687512,-1,7346
103.897897,30.47553,-1,7347
103.717523,30.566803,-1,7348
104.201241,30.737066,-1,7349
104.106481,30.740345,194,7350
104.401949,30.997173,256,7351
104.571858,30.688289,-1,7352
104.368185,30.434356,-1,7353
104.203355,30.725946,21,7354
104.269406,30.620985,-1,7355
103.98837,30.627596,18,7356
103.674458,30.905778,-1,7357
104.36206,30.602056,-1,7358
104.008697,30.590745,69,7359
104.140853,30.817171,-1,7360
103.949056,30.515773,-1,7361
104.23491,30.646271,35,7362
104.242567,30.650765,12,7363
103.718412,30.588064,-1,7364
104.119444,30.773872,151,7365
103.854705,30.314927,-1,7366
103.877331,30.572595,-1,7367
104.051787,30.757842,-1,7368
103.97238,30.542369,157,7369
103.95983,30.364061,-1,7370
104.105394,30.397525,-1,7371
104.226313,30.792882,62,7372
104.226018,30.52499,242,7373
103.932159,30.740221,-1,7374
103.394106,30.206642,-1,7375
104.079684,30.685701,-1,7376
104.098707,30.462235,-1,7377
104.248995,30.772411,-1,7378
103.957768,30.663412,115,7379
104.113633,30.578962,0,7380
103.49734,30.567473,191,7381
103.625835,30.402799,-1,7382
104.237688,30.721519,-1,7383
104.466489,31.043249,-1,7384
104.102255,30.672807,-1,7385
102.211914,29.824532,-1,7386
104.556411,30.372627,218,7387
104.255768,30.471273,-1,7388
104.191862,30.789929,184,7389
104.165549,30.65873,54,7390
103.778383,31.17836,-1,7391
103.893242,31.018909,243,7392
103.591135,30.742068,-1,7393
104.242556,30.650102,12,7394
103.39971,30.210341,-1,7395
104.408698,30.344366,-1,7396
104.13861,30.637703,-1,7397
103.935611,30.905603,44,7398
104.322776,30.303636,-1,7399
104.183346,30.710521,14,7400
103.452093,30.475098,-1,7401
104.235152,30.646801,35,7402
104.058222,30.648579,202,7403
104.208673,30.524106,103,7404
104.108682,30.507552,-1,7405
103.929522,30.941896,196,7406
103.912645,30.824763,150,7407
104.051958,30.474003,226,7408
104.317554,30.277576,-1,7409
103.888363,30.556129,118,7410
104.402226,30.34072,-1,7411
103.91107,30.236644,-1,7412
104.237844,30.652742,133,7413
103.912664,30.824776,150,7414
104.117425,30.537557,-1,7415
104.289884,30.847692,-1,7416
103.719301,30.592621,36,7417
104.084016,30.457513,-1,7418
104.1238,30.769531,85,7419
104.244757,30.645507,79,7420
104.199154,30.510032,110,7421
103.989373,30.596557,-1,7422
103.875555,30.57323,-1,7423
103.648257,30.477191,-1,7424
104.016445,30.451907,-1,7425
104.569176,30.707264,252,7426
103.639917,30.959519,-1,7427
104.587592,31.767987,-1,7428
104.118326,30.757163,88,7429
104.242556,30.651185,12,7430
104.153926,30.512283,-1,7431
103.489739,30.18476,-1,7432
103.92966,30.941427,196,7433
104.165469,30.658893,54,7434
103.988806,30.628042,18,7435
104.16833,30.741692,163,7436
104.006299,30.592248,141,7437
103.958885,30.714463,-1,7438
104.785597,29.795979,-1,7439
104.204873,30.529661,-1,7440
104.078972,30.747226,-1,7441
104.046621,30.578373,-1,7442
102.700464,29.972033,-1,7443
104.226925,30.787398,-1,7444
103.803818,30.399438,-1,7445
104.098512,30.885051,261,7446
104.044261,30.445237,15,7447
103.73883,30.653086,-1,7448
104.041351,30.593402,49,7449
103.956664,30.030389,265,7450
103.435489,30.377423,-1,7451
104.435307,30.355431,-1,7452
104.286521,30.678884,-1,7453
103.997916,30.75757,-1,7454
104.120022,30.762562,-1,7455
103.956864,30.031388,265,7456
104.221247,30.854379,-1,7457
104.029259,30.490151,-1,7458
104.164478,30.658982,54,7459
104.599149,30.337063,-1,7460
104.082161,30.763587,-1,7461
104.079987,30.512693,131,7462
103.896259,30.665969,37,7463
104.07222,30.696388,-1,7464
104.355916,30.662218,-1,7465
104.351613,30.668169,-1,7466
103.933018,30.322223,-1,7467
104.429407,30.500847,-1,7468
104.285054,31.002853,-1,7469
103.967738,30.648712,4,7470
103.972364,30.542385,157,7471
104.379484,31.069982,-1,7472
103.940101,30.623018,-1,7473
104.069382,30.759408,-1,7474
103.699896,30.523393,-1,7475
104.045671,30.760436,-1,7476
104.415642,30.99264,-1,7477
104.804389,30.151776,70,7478
104.239792,30.732385,-1,7479
103.850987,30.820291,41,7480
104.098744,30.885144,261,7481
104.034158,30.530086,-1,7482
104.366142,30.303899,262,7483
104.167115,30.637386,138,7484
103.90261,30.658423,130,7485
103.267366,29.24815,-1,7486
104.97365,29.871105,61,7487
103.448225,30.415958,-1,7488
104.09635,30.544239,249,7489
103.79276,30.461016,-1,7490
103.889714,30.383642,205,7491
103.781455,30.543045,-1,7492
103.908423,30.543187,94,7493
103.762889,30.042591,-1,7494
103.889714,30.383642,205,7495
103.892306,30.579509,-1,7496
103.791184,30.40674,-1,7497
104.05601,30.848179,98,7498
104.650029,29.516124,-1,7499
103.782846,30.711253,-1,7500
103.895083,30.435422,-1,7501
104.457186,30.492137,-1,7502
103.483383,30.595224,-1,7503
103.871725,30.462157,-1,7504
104.184697,31.02134,-1,7505
103.689797,31.045741,-1,7506
103.826971,30.631865,-1,7507
103.95882,30.635282,-1,7508
103.671844,30.332606,-1,7509
103.62006,30.405343,-1,7510
103.55332,30.220938,116,7511
104.037344,30.659614,68,7512
104.229955,30.65899,-1,7513
103.384072,30.731152,-1,7514
104.3453,30.828594,78,7515
104.483908,30.349792,-1,7516
103.429336,30.412203,-1,7517
103.937491,30.614437,39,7518
104.440972,30.831575,-1,7519
104.202647,31.188931,-1,7520
104.32323,30.645073,111,7521
103.71834,30.573626,-1,7522
103.774546,31.17945,-1,7523
104.037887,30.659824,68,7524
104.101173,30.426465,-1,7525
103.9526,30.453751,-1,7526
104.025742,30.450241,159,7527
103.923598,30.634752,-1,7528
104.036332,30.226429,-1,7529
104.481981,30.482899,-1,7530
104.414782,30.243772,-1,7531
104.012784,30.487683,-1,7532
103.982501,31.075233,-1,7533
103.874879,30.611992,-1,7534
103.937692,30.619024,121,7535
104.255692,30.578238,-1,7536
104.103175,30.469195,-1,7537
104.007928,30.7188,-1,7538
104.15166,30.633724,-1,7539
103.849025,30.666282,-1,7540
104.069503,30.768747,5,7541
104.452276,30.472629,-1,7542
103.97106,30.650423,8,7543
103.96752,30.585973,126,7544
104.052806,30.473879,226,7545
103.489787,30.184678,-1,7546
103.886032,31.028136,73,7547
104.056703,30.550491,-1,7548
103.923749,30.979184,-1,7549
104.228683,30.69223,-1,7550
103.802385,30.455554,23,7551
103.90265,30.658499,130,7552
104.058402,31.253712,-1,7553
103.909605,30.236186,-1,7554
104.342517,30.682781,-1,7555
104.136526,30.411942,-1,7556
103.891075,30.44675,-1,7557
103.975624,30.197052,-1,7558
103.924731,30.950195,166,7559
104.17484,30.661048,-1,7560
103.640192,30.466126,-1,7561
103.889696,30.383745,205,7562
103.947757,30.673048,-1,7563
103.816954,30.798431,-1,7564
104.449065,30.856299,-1,7565
104.049447,30.597774,-1,7566
103.933451,30.941768,-1,7567
103.595587,30.66246,-1,7568
104.89648,30.27893,-1,7569
104.365079,30.546264,-1,7570
103.920897,30.238149,-1,7571
103.376066,30.29058,-1,7572
103.970659,30.649906,8,7573
104.491257,30.324463,-1,7574
104.065784,30.685888,-1,7575
103.923457,30.276634,-1,7576
104.170179,30.806567,-1,7577
104.022673,30.52382,257,7578
103.954512,30.570558,-1,7579
104.064647,30.17937,183,7580
103.577653,30.851166,-1,7581
104.211396,30.526648,-1,7582
103.774545,31.172507,-1,7583
104.102002,30.420089,-1,7584
104.023289,30.894251,-1,7585
104.039528,30.225161,48,7586
104.161471,30.599659,60,7587
104.041683,30.599782,-1,7588
103.661027,30.961188,28,7589
104.488249,30.493206,7,7590
104.053451,30.45125,-1,7591
103.922961,30.716732,58,7592
104.051005,30.759316,-1,7593
103.93537,30.905482,44,7594
103.889336,30.735087,-1,7595
103.933737,30.720461,-1,7596
103.902465,30.826549,-1,7597
104.474034,30.487214,-1,7598
104.106786,30.491319,178,7599
104.119829,30.716804,-1,7600
104.365087,30.858816,-1,7601
103.64031,30.46594,-1,7602
104.257411,30.530302,-1,7603
104.167239,30.384818,-1,7604
104.17881,30.520753,-1,7605
103.643021,30.853265,-1,7606
104.196167,30.527592,224,7607
103.816652,30.633778,65,7608
103.504511,30.179449,-1,7609
104.080272,30.565632,-1,7610
103.883619,30.665924,67,7611
103.674835,30.902547,-1,7612
104.125518,30.769538,85,7613
104.198203,30.659732,-1,7614
104.050091,30.850845,-1,7615
104.073627,30.745487,-1,7616
103.931784,30.782076,-1,7617
104.186319,30.761508,-1,7618
104.107401,30.775362,-1,7619
104.415142,30.243754,-1,7620
103.717907,30.566878,-1,7621
104.407215,30.345646,-1,7622
103.96801,30.642394,-1,7623
104.021021,29.139464,119,7624
104.396068,30.756228,-1,7625
104.025629,31.152334,-1,7626
103.871961,30.771444,-1,7627
103.694574,30.420514,-1,7628
103.688775,30.399834,-1,7629
104.025448,29.137494,-1,7630
103.912663,30.824738,150,7631
104.175433,30.664315,148,7632
103.976605,30.767519,-1,7633
103.980249,30.468583,-1,7634
104.118499,30.75725,88,7635
103.913612,30.630947,6,7636
104.44584,30.856451,-1,7637
104.015679,30.503483,-1,7638
103.974616,30.473187,-1,7639
103.678012,31.029746,212,7640
103.970778,30.989303,-1,7641
104.159178,30.51275,-1,7642
104.323951,31.126936,-1,7643
104.215542,30.649266,274,7644
103.929475,30.941426,196,7645
103.476493,31.037572,-1,7646
103.902354,30.658427,130,7647
104.201297,30.739566,182,7648
104.804325,30.152442,70,7649
103.856858,30.44185,-1,7650
104.804095,30.152357,70,7651
104.198963,30.51044,110,7652
104.164595,30.658066,54,7653
103.939956,30.504185,-1,7654
103.974486,30.778104,-1,7655
104.032977,30.52506,-1,7656
103.970705,30.650062,8,7657
104.466097,30.344036,-1,7658
103.964455,30.636941,142,7659
103.953128,30.662162,-1,7660
104.247157,30.657704,-1,7661
104.369032,30.715024,-1,7662
104.051134,30.664078,-1,7663
104.160625,30.643181,-1,7664
104.482529,30.491791,-1,7665
104.144154,30.533842,-1,7666
104.973048,29.870586,61,7667
103.377436,30.277381,-1,7668
103.914394,30.675504,211,7669
104.149218,30.519243,-1,7670
104.283773,30.959474,-1,7671
104.048839,30.462406,-1,7672
104.132805,30.375461,-1,7673
104.401989,30.997255,256,7674
104.268049,30.650256,-1,7675
104.235909,30.646304,35,7676
104.225467,30.638981,20,7677
104.027871,31.324831,-1,7678
103.447982,31.249864,-1,7679
104.23464,30.646391,35,7680
103.866436,30.671422,-1,7681
104.016522,29.141941,-1,7682
103.671844,30.332606,-1,7683
104.044233,30.206037,-1,7684
104.170049,30.805837,-1,7685
103.883467,30.719017,-1,7686
103.947339,30.487433,-1,7687
103.449639,30.426977,-1,7688
104.908375,30.159889,-1,7689
104.221269,30.638682,45,7690
103.45839,30.43109,-1,7691
103.916273,30.3692,227,7692
103.635439,30.719408,-1,7693
104.031892,30.3216,-1,7694
103.793483,30.424081,-1,7695
103.884965,30.388638,180,7696
103.887068,30.59043,-1,7697
103.904359,30.370025,-1,7698
104.183514,30.710402,14,7699
104.411022,31.055926,-1,7700
104.026915,30.481006,-1,7701
103.724598,30.393126,-1,7702
103.527455,31.415704,-1,7703
104.098348,30.4596,214,7704
103.904351,30.631235,-1,7705
103.90974,30.732741,-1,7706
103.89619,30.666148,37,7707
104.259409,30.812762,-1,7708
103.915294,30.418727,-1,7709
103.992198,30.488976,-1,7710
104.179144,31.018798,-1,7711
103.585992,30.38833,-1,7712
104.08739,30.46764,-1,7713
103.814184,30.711198,-1,7714
103.999954,30.468657,215,7715
103.797343,30.643747,-1,7716
103.962225,30.36979,-1,7717
104.168859,30.741084,163,7718
103.994791,30.642934,266,7719
103.813423,30.632,65,7720
103.974834,30.795226,-1,7721
104.069731,30.6905,-1,7722
103.648073,30.477465,-1,7723
103.87676,30.491103,169,7724
104.223607,30.885318,-1,7725
103.940194,30.614209,136,7726
103.464961,30.452793,-1,7727
103.036235,29.90878,-1,7728
104.165012,30.658849,54,7729
104.237992,30.720371,-1,7730
103.934525,30.829357,-1,7731
103.880456,30.60401,219,7732
104.423745,30.99643,-1,7733
104.177294,30.718757,120,7734
103.969109,30.366532,134,7735
103.927285,30.473912,-1,7736
104.162521,30.59965,60,7737
103.91673,30.683814,40,7738
103.53926,30.561301,-1,7739
104.390784,30.286755,90,7740
104.22512,30.638863,20,7741
104.186167,30.756572,-1,7742
104.105897,30.855306,-1,7743
104.118747,30.75721,88,7744
104.108731,30.768795,221,7745
103.609467,30.923437,-1,7746
104.118799,30.757915,88,7747
104.498891,30.474337,-1,7748
104.116242,30.466322,-1,7749
104.572335,30.68695,17,7750
104.262767,30.852251,-1,7751
104.001688,30.65108,-1,7752
104.007928,30.7188,-1,7753
104.09695,30.67902,-1,7754
103.833497,30.640195,80,7755
104.213532,30.744972,-1,7756
104.061596,30.443135,-1,7757
104.21132,30.608545,-1,7758
104.487839,30.427375,81,7759
103.92329,30.717186,58,7760
103.932321,30.63472,-1,7761
103.89715,30.83646,56,7762
103.648073,30.477465,-1,7763
104.320361,30.278332,46,7764
104.108047,30.420605,-1,7765
103.886853,30.820425,185,7766
103.740061,30.531228,-1,7767
103.672897,30.284662,-1,7768
104.006135,30.70011,-1,7769
103.879651,30.499595,-1,7770
103.872867,30.462316,-1,7771
103.859344,30.827371,27,7772
104.172716,30.483838,25,7773
104.072083,30.681045,-1,7774
104.037632,30.357313,259,7775
104.08069,30.51355,131,7776
104.177421,30.71867,120,7777
104.214758,30.583665,128,7778
103.973491,30.800419,2,7779
103.999639,30.62892,-1,7780
104.537084,30.353097,250,7781
104.266505,30.656076,-1,7782
104.035148,30.604389,-1,7783
104.223959,30.884934,-1,7784
104.312389,30.874547,237,7785
104.009378,30.440354,-1,7786
103.981537,30.78495,50,7787
103.689354,30.401648,-1,7788
103.700451,30.63226,-1,7789
103.916573,30.816819,-1,7790
104.14409,30.828565,-1,7791
103.763235,30.935541,-1,7792
104.329647,30.645833,-1,7793
104.023748,30.617198,-1,7794
103.99162,30.494919,-1,7795
104.223742,30.566334,55,7796
103.970844,30.650373,8,7797
104.573561,30.686934,17,7798
104.075931,30.751558,-1,7799
104.201068,30.733847,187,7800
103.875293,30.608286,-1,7801
103.690974,30.610125,-1,7802
104.237881,30.653243,133,7803
103.532204,30.698823,-1,7804
103.876506,30.491103,169,7805
104.437017,30.860421,-1,7806
104.125746,30.76956,85,7807
104.650029,29.516124,-1,7808
103.889562,30.383766,205,7809
102.205418,29.683705,-1,7810
104.35437,30.436038,135,7811
103.883619,30.665924,67,7812
103.9999,30.514566,-1,7813
103.877166,30.48434,-1,7814
103.922791,30.716802,58,7815
104.575152,30.686068,17,7816
103.992732,30.712742,-1,7817
104.001885,30.597834,-1,7818
104.079007,30.365295,147,7819
103.959708,30.51718,201,7820
103.960023,30.151971,-1,7821
104.115364,31.512534,-1,7822
103.439739,30.359812,-1,7823
103.888119,30.499844,-1,7824
104.29816,30.685461,-1,7825
103.601141,31.064814,-1,7826
103.924383,31.062783,-1,7827
104.161494,30.600381,60,7828
104.005111,30.514072,-1,7829
104.502918,30.41916,-1,7830
104.367641,30.289116,172,7831
104.198103,30.58198,140,7832
104.047973,30.541662,112,7833
103.91262,30.979374,264,7834
103.687012,30.399195,-1,7835
104.052935,30.456814,31,7836
103.871081,30.711292,-1,7837
104.063696,30.245738,-1,7838
103.978394,30.611503,-1,7839
103.956387,30.725715,33,7840
104.39108,30.281139,-1,7841
104.301828,31.004983,-1,7842
103.507605,30.562346,-1,7843
104.517462,30.392071,-1,7844
104.377557,30.640918,-1,7845
104.23615,30.848537,-1,7846
104.210294,30.526267,-1,7847
104.019956,30.706275,-1,7848
104.003342,29.125185,-1,7849
103.943579,30.50781,-1,7850
104.214805,30.651899,217,7851
104.164379,30.658932,54,7852
103.89015,30.431424,-1,7853
103.256378,30.605165,-1,7854
104.336071,30.644817,-1,7855
104.111059,30.576912,-1,7856
104.078176,30.684119,-1,7857
104.555579,30.352659,143,7858
103.674835,30.902547,-1,7859
103.831224,30.667026,-1,7860
104.16929,30.636504,-1,7861
104.178806,30.782832,34,7862
104.059801,30.634898,225,7863
103.945147,30.951932,-1,7864
103.839074,30.368978,-1,7865
104.934976,30.202276,-1,7866
104.013972,30.470417,-1,7867
104.107045,30.463069,-1,7868
103.815903,30.65401,-1,7869
104.203535,30.726259,21,7870
104.402061,30.997405,256,7871
103.955597,31.007611,-1,7872
103.889602,30.383832,205,7873
104.099353,30.682135,-1,7874
104.037734,30.239194,-1,7875
104.285649,30.659576,-1,7876
103.952178,30.45572,-1,7877
104.053067,30.454115,-1,7878
104.397671,30.823927,-1,7879
104.008783,30.59067,69,7880
104.242486,30.329694,-1,7881
104.071074,30.725231,174,7882
104.364649,30.430471,-1,7883
104.010605,30.742232,-1,7884
104.08421,30.454415,271,7885
103.788807,30.576583,-1,7886
103.88746,30.592892,-1,7887
104.224924,30.794008,95,7888
103.825859,30.575812,-1,7889
103.566273,30.776847,-1,7890
103.964624,30.637483,142,7891
103.914832,30.419051,-1,7892
104.094674,30.445502,-1,7893
104.320024,30.276697,46,7894
104.522965,30.684559,-1,7895
104.120624,30.771024,-1,7896
104.050325,30.470364,-1,7897
104.410221,30.758608,-1,7898
103.960457,30.577084,-1,7899
104.39028,30.294124,-1,7900
104.457784,30.981703,-1,7901
104.115819,30.583694,-1,7902
103.957253,30.697944,-1,7903
104.120834,30.50172,-1,7904
104.109238,30.877028,-1,7905
103.918549,30.565577,-1,7906
103.923497,30.705365,-1,7907
104.203802,30.725976,21,7908
104.072011,30.400018,-1,7909
103.814779,30.633177,65,7910
103.837557,30.357591,170,7911
103.937021,30.613302,39,7912
104.266338,30.654126,-1,7913
104.049058,30.651751,-1,7914
103.934379,30.548593,-1,7915
103.740141,30.531512,-1,7916
102.18592,29.559287,-1,7917
104.08711,30.675933,-1,7918
103.915752,30.476599,-1,7919
103.905476,30.810286,24,7920
102.996836,30.336897,-1,7921
104.006329,30.515881,-1,7922
103.897215,30.667135,37,7923
103.663259,30.900915,-1,7924
104.080985,30.69039,-1,7925
104.271846,30.865276,-1,7926
104.315876,30.604866,-1,7927
103.851052,30.820464,41,7928
104.036916,30.447182,-1,7929
103.979553,30.787789,-1,7930
104.139479,30.649153,-1,7931
103.918512,30.981368,-1,7932
104.421217,30.471685,-1,7933
104.087102,30.804385,-1,7934
103.967473,30.648729,4,7935
103.72235,31.022492,-1,7936
104.21492,30.583531,128,7937
104.436946,30.859715,-1,7938
104.94837,30.211265,-1,7939
103.566121,29.740366,-1,7940
102.707264,29.976293,-1,7941
104.225135,30.707942,51,7942
103.552969,30.221222,116,7943
103.697492,30.396129,272,7944
104.135649,30.805836,32,7945
104.050975,30.189745,-1,7946
104.363251,31.068015,251,7947
103.878627,30.198226,164,7948
104.019127,29.138972,119,7949
103.696627,30.622252,-1,7950
103.559944,30.548614,154,7951
104.164323,30.658733,54,7952
104.513228,30.420003,171,7953
104.034837,30.298241,82,7954
103.72211,29.104395,-1,7955
103.982964,30.572203,-1,7956
104.134639,30.400593,-1,7957
104.255481,30.531028,105,7958
104.327108,30.306079,222,7959
103.811788,30.632378,65,7960
104.003061,29.124984,-1,7961
104.213578,30.815997,-1,7962
103.534513,30.784163,-1,7963
104.188231,30.765839,-1,7964
104.099512,30.587282,-1,7965
103.823358,30.610066,-1,7966
104.224193,30.566416,55,7967
104.375023,30.951562,-1,7968
104.304353,30.994031,-1,7969
104.401808,30.997155,256,7970
104.043495,30.738383,-1,7971
103.963072,30.667086,-1,7972
104.195422,30.738032,238,7973
104.120898,30.501705,-1,7974
103.531594,30.562572,-1,7975
103.996742,30.523066,-1,7976
104.169051,30.741398,163,7977
103.553016,30.221157,116,7978
103.87675,30.635486,-1,7979
103.640352,30.466076,-1,7980
103.893293,30.513663,114,7981
104.241594,30.836485,-1,7982
103.61791,30.994655,-1,7983
103.861237,30.803774,71,7984
104.225982,30.525679,242,7985
104.234502,30.646405,35,7986
104.224209,30.510639,-1,7987
103.944784,30.482374,-1,7988
103.994539,30.764848,89,7989
103.818468,31.766555,-1,7990
104.085124,30.683359,229,7991
104.319871,30.276162,46,7992
103.905297,30.810288,24,7993
103.707232,30.581564,-1,7994
103.536991,30.77116,-1,7995
104.080076,30.512568,131,7996
104.52329,30.64017,-1,7997
103.86303,30.446974,-1,7998
104.016756,30.226474,-1,7999
104.046592,30.428226,74,8000
103.998779,30.756098,-1,8001
104.057461,30.487616,-1,8002
104.075485,30.239004,-1,8003
104.973345,29.870855,61,8004
104.339528,30.669825,-1,8005
104.430411,30.965811,-1,8006
103.883056,30.665956,67,8007
104.06283,30.251321,-1,8008
104.149273,30.622504,-1,8009
104.039505,30.659556,-1,8010
104.152933,30.781899,-1,8011
103.562922,29.863616,-1,8012
103.995017,30.642992,266,8013
103.992938,30.436034,-1,8014
104.3719,30.86429,64,8015
103.870185,30.665129,-1,8016
103.41175,30.245508,-1,8017
104.260527,30.925244,-1,8018
103.822412,30.647311,-1,8019
104.06958,30.768324,5,8020
104.448769,30.997064,-1,8021
103.800405,30.830797,-1,8022
103.935439,30.995847,-1,8023
103.426327,31.071638,-1,8024
104.143993,30.53397,-1,8025
103.662992,30.97132,99,8026
104.09296,30.582656,10,8027
104.220758,30.639,45,8028
103.824885,30.580833,-1,8029
103.959777,30.517556,201,8030
104.196147,30.527759,224,8031
104.052422,30.246083,168,8032
103.591819,30.846739,-1,8033
104.841665,29.8107,-1,8034
104.378349,30.282963,-1,8035
103.825311,30.658064,-1,8036
104.354694,30.289736,-1,8037
103.985854,30.452581,-1,8038
104.22937,30.854229,-1,8039
104.071326,30.72518,174,8040
103.882272,30.462567,-1,8041
104.198203,30.659732,-1,8042
104.019243,30.448277,-1,8043
104.04662,30.449421,-1,8044
104.174696,30.715369,59,8045
103.935931,30.905565,44,8046
104.21492,30.583531,128,8047
104.27686,30.643857,-1,8048
103.839281,30.360076,-1,8049
104.195152,30.382945,-1,8050
104.003771,30.606536,-1,8051
103.920337,30.299833,-1,8052
104.470072,30.505101,-1,8053
104.119247,30.822885,-1,8054
103.68487,30.376541,-1,8055
103.995032,30.480582,-1,8056
103.452735,30.374575,-1,8057
103.507357,30.743485,-1,8058
104.994351,29.543065,-1,8059
103.867253,30.311962,-1,8060
103.816107,30.675142,-1,8061
103.477701,30.428811,270,8062
104.216588,30.648623,274,8063
103.499337,30.569409,160,8064
104.402061,30.997389,256,8065
104.24712,30.555212,75,8066
103.964258,30.64119,-1,8067
103.929617,30.942241,196,8068
103.696437,30.582609,-1,8069
104.235869,30.646808,35,8070
103.687518,30.616026,-1,8071
103.07442,29.998126,-1,8072
104.390848,30.281971,-1,8073
103.896121,30.666111,37,8074
103.888749,30.867455,-1,8075
103.519627,30.786737,-1,8076
103.909575,30.544787,144,8077
104.191798,30.790464,184,8078
104.023289,30.894251,-1,8079
104.122545,30.511939,-1,8080
103.587777,30.387898,-1,8081
103.859679,30.301456,198,8082
103.972284,30.542135,157,8083
104.323849,30.644957,111,8084
104.572347,30.686975,17,8085
104.079032,30.365338,147,8086
103.951683,31.012921,235,8087
103.974429,30.737849,-1,8088
103.969292,30.98245,167,8089
103.913251,30.40519,-1,8090
104.112223,30.512832,-1,8091
104.085069,30.683439,229,8092
104.203599,30.725973,21,8093
104.354884,30.646805,-1,8094
104.287058,30.697091,239,8095
103.861537,30.984724,-1,8096
104.540526,30.72198,-1,8097
103.997094,30.907937,-1,8098
103.586578,30.388257,-1,8099
104.177977,30.71902,120,8100
104.387397,30.307605,-1,8101
103.93483,30.613851,-1,8102
103.698582,30.865179,-1,8103
104.026127,30.909273,-1,8104
104.02464,30.76056,-1,8105
104.075464,30.381187,-1,8106
104.230875,30.789496,-1,8107
104.203317,30.725851,21,8108
103.886853,30.820425,185,8109
104.223571,30.674869,197,8110
104.448339,30.857467,-1,8111
103.912506,30.978909,264,8112
103.811356,30.632275,65,8113
103.904091,30.68306,-1,8114
104.562957,30.067449,-1,8115
104.161545,30.720348,-1,8116
104.113839,30.579757,0,8117
104.254062,30.64428,-1,8118
104.231396,30.525821,-1,8119
103.917183,30.683972,40,8120
104.046495,30.546012,-1,8121
104.202169,30.726128,21,8122
104.284195,30.67583,-1,8123
104.432779,30.488345,-1,8124
103.56117,30.750068,207,8125
104.096854,30.891306,-1,8126
103.692959,30.916849,-1,8127
104.312403,30.874659,237,8128
104.050597,30.753992,-1,8129
104.380211,31.009577,-1,8130
104.540882,30.418605,-1,8131
104.168682,30.741594,163,8132
104.079423,30.684827,-1,8133
103.50894,30.562898,-1,8134
104.077721,30.794666,188,8135
104.112029,30.753022,30,8136
104.669471,29.504188,97,8137
104.178934,30.783049,34,8138
104.07222,30.696388,-1,8139
103.862417,30.655383,-1,8140
104.505633,30.481701,-1,8141
104.067778,30.253209,-1,8142
104.095758,30.536406,-1,8143
102.114771,29.64927,-1,8144
104.344522,30.815079,-1,8145
103.498561,30.569136,160,8146
103.80208,30.455534,23,8147
104.492757,30.321909,260,8148
103.939956,30.504185,-1,8149
104.111114,30.580969,-1,8150
104.041083,30.91656,-1,8151
103.949125,30.553931,-1,8152
104.017164,30.735314,-1,8153
104.094001,30.831522,-1,8154
103.45949,30.74702,9,8155
103.91188,30.798729,234,8156
104.039818,30.550642,-1,8157
103.856939,30.442309,-1,8158
103.833255,30.640778,80,8159
104.104791,30.500163,-1,8160
103.462062,30.60957,-1,8161
103.887174,30.57574,-1,8162
103.965506,30.636613,142,8163
103.907965,30.708372,-1,8164
103.454492,30.417229,-1,8165
103.891297,30.633895,-1,8166
103.840465,30.67835,-1,8167
103.859831,30.738121,-1,8168
104.106931,30.491003,178,8169
103.892962,30.37857,-1,8170
103.49734,30.567473,191,8171
104.327967,30.695815,-1,8172
104.113252,30.475101,-1,8173
103.959553,30.438096,-1,8174
104.152594,30.612945,-1,8175
104.071657,30.728262,-1,8176
103.940113,30.614274,136,8177
104.449773,30.283249,-1,8178
103.971312,30.528912,-1,8179
103.83705,30.948741,-1,8180
104.333663,30.644148,241,8181
103.454492,30.417229,-1,8182
104.053534,30.542277,-1,8183
103.970952,30.650061,8,8184
104.305356,30.996232,-1,8185
104.207174,30.662104,-1,8186
104.231865,30.639881,-1,8187
104.176966,30.718887,120,8188
104.088584,30.674739,-1,8189
103.512137,30.200111,-1,8190
104.020863,29.139686,119,8191
103.802001,30.455484,23,8192
104.196222,30.527575,224,8193
103.851253,30.437226,13,8194
104.058151,30.253524,-1,8195
104.162059,30.556562,122,8196
104.488743,30.461928,245,8197
104.292484,30.391166,-1,8198
103.72057,30.590233,-1,8199
104.090999,30.712188,-1,8200
104.391617,30.282889,175,8201
104.6362,30.419388,-1,8202
103.981228,30.453785,-1,8203
104.454239,30.863449,-1,8204
103.892955,30.447282,72,8205
104.418925,30.951919,-1,8206
103.993775,30.564947,-1,8207
104.354268,30.745556,-1,8208
104.164425,30.658932,54,8209
103.955687,30.651687,-1,8210
104.178316,30.820137,-1,8211
104.171231,30.65975,-1,8212
104.501657,30.419548,-1,8213
104.564835,30.37093,11,8214
104.602008,30.878537,-1,8215
103.887151,30.592896,-1,8216
104.567789,30.706967,252,8217
103.831297,30.616323,-1,8218
104.032134,30.526692,-1,8219
104.242811,30.650605,12,8220
104.052366,30.466263,19,8221
103.987525,30.467294,-1,8222
104.082303,30.444991,-1,8223
103.963949,30.380527,-1,8224
104.059331,30.713573,-1,8225
103.709717,30.395064,155,8226
104.077285,30.794726,188,8227
104.368154,30.4881,-1,8228
103.555488,30.747945,-1,8229
104.015287,30.479535,-1,8230
103.721298,30.589986,-1,8231
104.112758,30.753054,30,8232
103.983937,30.572099,-1,8233
103.912026,30.798441,234,8234
103.468417,30.434453,-1,8235
104.100456,30.458599,214,8236
104.042586,30.67825,-1,8237
103.981161,30.785134,50,8238
104.741026,31.640965,-1,8239
104.071396,30.725126,174,8240
104.226629,30.792617,62,8241
104.036223,30.234463,-1,8242
104.168098,30.740599,163,8243
104.037273,30.225263,-1,8244
104.183684,29.975875,-1,8245
104.025543,31.383389,-1,8246
103.960143,30.165911,-1,8247
103.883585,30.666477,67,8248
103.966605,30.436957,-1,8249
103.646921,30.934865,-1,8250
104.062534,30.588539,-1,8251
104.175233,30.664484,148,8252
104.092541,30.583588,-1,8253
104.164579,30.658048,54,8254
103.535477,30.742393,-1,8255
103.872183,30.242698,-1,8256
103.95656,30.725539,33,8257
104.973361,29.870887,61,8258
103.861409,30.804188,71,8259
104.215098,30.58248,128,8260
104.120069,30.773021,151,8261
103.97517,30.470106,-1,8262
104.093423,30.577272,-1,8263
104.582197,30.115392,267,8264
104.049194,30.6552,-1,8265
104.552039,30.716355,-1,8266
104.062545,30.542245,-1,8267
104.54682,29.504152,-1,8268
103.504153,30.573845,-1,8269
104.128021,30.821354,-1,8270
103.97951,30.778458,-1,8271
104.072405,30.695602,-1,8272
104.629202,30.118184,-1,8273
103.674458,30.905778,-1,8274
103.659234,30.923211,-1,8275
104.106863,30.490324,178,8276
104.027435,30.45062,159,8277
104.242567,30.650765,12,8278
103.84642,30.428549,-1,8279
103.969073,31.007922,-1,8280
104.297632,31.034968,63,8281
104.521501,30.429641,-1,8282
104.046497,30.428054,74,8283
103.49238,31.438477,-1,8284
103.530286,31.406748,-1,8285
103.709206,29.158807,-1,8286
104.237909,30.652958,133,8287
104.62222,30.137763,-1,8288
104.051134,30.664078,-1,8289
104.144501,30.813327,-1,8290
104.322173,30.706387,-1,8291
104.106442,30.740455,194,8292
103.938293,30.616355,-1,8293
103.859344,30.827371,27,8294
104.017698,29.139154,119,8295
104.327108,30.306079,222,8296
104.085124,30.683359,229,8297
104.097161,30.759015,-1,8298
104.078836,30.818191,-1,8299
104.050838,30.476257,47,8300
103.967248,30.648384,4,8301
103.931476,30.887232,-1,8302
104.031276,30.529736,-1,8303
103.944657,30.481016,-1,8304
104.205387,30.558383,-1,8305
103.494222,30.184665,-1,8306
103.794342,30.44133,-1,8307
104.318789,30.276257,46,8308
104.040296,30.531176,-1,8309
104.492965,30.492342,-1,8310
104.281242,30.721796,-1,8311
104.242811,30.650605,12,8312
104.22123,30.63945,45,8313
104.162363,31.461404,-1,8314
104.052981,30.245517,168,8315
104.098507,30.885135,261,8316
104.076038,30.381107,-1,8317
103.802062,30.455661,23,8318
104.070987,30.689092,84,8319
104.763134,30.563953,-1,8320
103.939792,30.616358,213,8321
104.199635,31.189102,-1,8322
103.506105,30.558975,253,8323
103.818312,30.907325,-1,8324
103.946466,30.598761,-1,8325
104.37819,30.313582,106,8326
104.015836,30.478222,-1,8327
103.884709,30.388486,180,8328
104.03351,30.741228,-1,8329
103.922981,30.716803,58,8330
103.970795,30.650489,8,8331
104.081362,30.695512,-1,8332
104.804173,30.152184,70,8333
103.829062,30.624592,-1,8334
103.959682,30.517081,201,8335
103.681501,30.849045,-1,8336
104.626092,30.858606,-1,8337
104.4663,30.47544,-1,8338
103.553184,30.220988,116,8339
104.175207,30.71905,-1,8340
104.213892,30.651694,217,8341
103.798289,30.404217,-1,8342
104.085693,30.445451,-1,8343
103.871254,30.779391,86,8344
103.970948,30.650589,8,8345
103.889478,30.478898,-1,8346
104.97439,29.869605,-1,8347
103.872834,30.46218,-1,8348
104.031307,30.735729,-1,8349
103.973481,30.579133,268,8350
103.973987,30.60368,-1,8351
104.224852,30.793775,95,8352
104.106548,30.443565,-1,8353
104.311126,30.799156,-1,8354
104.160625,30.643181,-1,8355
104.092504,30.585656,-1,8356
103.505866,30.559094,253,8357
103.713947,30.52692,-1,8358
104.100875,30.533428,-1,8359
103.532637,30.745413,-1,8360
104.012522,30.843311,-1,8361
103.882898,30.666043,67,8362
103.946844,30.553781,-1,8363
103.530499,30.557522,-1,8364
104.064992,30.179443,183,8365
104.274186,30.826975,-1,8366
104.077925,30.325869,-1,8367
103.969679,30.982263,167,8368
103.940755,30.853935,-1,8369
103.912696,30.824713,150,8370
104.181281,30.702366,269,8371
104.023166,31.376554,-1,8372
103.977596,30.688478,203,8373
104.101124,30.810373,-1,8374
104.522866,30.68448,-1,8375
103.719298,30.593163,36,8376
104.109255,30.506196,-1,8377
104.308477,30.319846,-1,8378
103.78203,30.675501,220,8379
103.958604,30.577946,-1,8380
104.133996,30.569382,-1,8381
104.566106,30.371661,11,8382
104.010501,30.562868,-1,8383
104.490976,30.322096,-1,8384
104.045865,30.427341,74,8385
103.971477,30.470491,-1,8386
104.556334,30.373193,218,8387
104.342171,31.150084,258,8388
103.969252,30.656321,-1,8389
103.881557,30.719825,-1,8390
103.959997,30.517227,201,8391
103.964045,30.437344,-1,8392
104.112923,30.578923,0,8393
102.649089,30.917951,-1,8394
103.625794,30.402672,-1,8395
104.158638,30.803362,-1,8396
104.220374,30.682225,-1,8397
104.162363,31.461404,-1,8398
103.901465,30.834485,173,8399
104.094654,30.65958,-1,8400
104.24641,30.767173,-1,8401
104.203878,31.438217,-1,8402
104.14044,30.827286,181,8403
103.920253,30.30069,-1,8404
103.939824,30.614323,136,8405
103.908287,30.543155,94,8406
104.050828,30.478319,-1,8407
104.505797,30.501043,-1,8408
104.087025,30.804234,-1,8409
103.977763,30.688743,203,8410
104.050815,30.476272,47,8411
103.479961,30.4276,-1,8412
104.213713,31.065687,-1,8413
104.172112,30.646067,-1,8414
103.837112,30.948732,-1,8415
104.353689,30.996093,-1,8416
104.323849,30.644957,111,8417
104.010176,30.482116,-1,8418
103.638438,30.935831,-1,8419
104.292629,30.3914,-1,8420
104.35437,30.436038,135,8421
104.124101,30.477134,-1,8422
104.242543,30.650722,12,8423
104.095445,30.780236,-1,8424
104.405587,31.074666,-1,8425
104.07207,30.386351,-1,8426
103.696009,30.605503,-1,8427
103.496335,30.548335,149,8428
104.388002,30.746609,-1,8429
104.193212,30.738568,238,8430
104.227427,30.858249,-1,8431
104.468771,30.848282,-1,8432
104.266919,30.61529,-1,8433
104.263525,29.942046,53,8434
103.870366,30.289415,-1,8435
104.418285,30.923493,-1,8436
104.098687,30.885134,261,8437
103.815536,30.633373,65,8438
103.801847,30.395689,-1,8439
104.157164,30.776127,-1,8440
103.907976,30.648334,-1,8441
103.478579,30.762429,-1,8442
103.489264,31.226567,-1,8443
104.564174,30.387808,-1,8444
104.118667,30.757022,88,8445
103.632503,29.794019,-1,8446
104.026181,30.75995,-1,8447
104.513208,30.38294,-1,8448
103.701733,30.602368,3,8449
104.474517,30.347274,-1,8450
103.843614,30.548915,-1,8451
104.512855,30.420306,171,8452
103.632681,31.095118,-1,8453
104.50576,30.500859,-1,8454
104.108723,30.768763,221,8455
103.780205,30.440626,-1,8456
104.085656,30.567262,-1,8457
104.050999,30.726488,-1,8458
104.056379,30.76317,129,8459
104.326484,30.85996,57,8460
104.318576,30.861344,-1,8461
104.316278,30.276124,-1,8462
103.553016,30.221157,116,8463
104.20708,30.703889,-1,8464
104.266505,30.656076,-1,8465
103.963044,30.641249,-1,8466
103.991335,30.475302,-1,8467
104.243148,30.645654,79,8468
104.46477,30.471064,-1,8469
104.830445,29.668768,-1,8470
103.939744,30.614375,136,8471
104.073105,30.71535,-1,8472
104.947119,30.210988,-1,8473
103.874224,30.417188,125,8474
103.49734,30.567473,191,8475
104.076107,30.776052,-1,8476
103.859959,30.301372,198,8477
103.912645,30.824763,150,8478
104.363063,30.657617,263,8479
103.932517,30.547996,-1,8480
104.053506,30.466413,19,8481
104.359514,30.659413,-1,8482
103.68102,30.948085,-1,8483
104.135023,30.590075,-1,8484
103.701606,30.602604,3,8485
104.023308,31.425474,-1,8486
103.929371,30.951759,-1,8487
104.050169,30.751702,-1,8488
104.505498,30.485536,-1,8489
103.771905,30.433033,-1,8490
103.766182,30.536711,-1,8491
103.720451,31.102751,-1,8492
103.846158,30.457006,-1,8493
104.329459,30.853847,-1,8494
104.275708,30.664549,-1,8495
104.068201,30.585438,-1,8496
103.915223,30.63097,-1,8497
103.89291,30.513795,114,8498
104.316328,30.276891,-1,8499
103.994362,30.644813,-1,8500
104.004374,30.880748,-1,8501
104.031892,30.3216,-1,8502
104.750884,29.744726,-1,8503
103.963762,30.938392,-1,8504
103.890396,30.249384,-1,8505
104.15203,30.54223,-1,8506
103.863909,30.780105,-1,8507
103.980613,30.585339,-1,8508
103.917849,30.634441,-1,8509
103.990699,30.915853,-1,8510
104.34157,30.825302,-1,8511
103.613942,30.24246,-1,8512
104.108593,30.543969,-1,8513
104.120386,30.53942,83,8514
104.26351,29.942822,53,8515
103.949021,30.673939,-1,8516
103.837546,30.357358,170,8517
104.244989,30.553683,-1,8518
103.710345,29.09152,-1,8519
104.100823,30.686484,-1,8520
103.761523,30.598933,-1,8521
103.818084,30.638781,-1,8522
104.201215,30.739409,182,8523
103.9999,30.514566,-1,8524
103.885965,31.028227,73,8525
104.856905,29.752435,-1,8526
103.725896,30.558139,-1,8527
104.161576,30.599576,60,8528
103.868095,30.779825,92,8529
103.701638,30.602295,3,8530
104.037665,30.360629,-1,8531
104.178518,30.782382,34,8532
104.582165,30.115508,267,8533
103.908958,30.717445,-1,8534
104.011574,30.518063,-1,8535
103.881504,30.193795,-1,8536
103.999022,30.466706,215,8537
104.143157,30.403521,-1,8538
103.695844,30.653675,-1,8539
103.841378,31.10148,-1,8540
104.007285,30.87383,-1,8541
103.93537,30.905482,44,8542
104.064619,30.269741,-1,8543
104.052863,30.799658,-1,8544
104.254632,30.859778,165,8545
104.204194,30.426568,-1,8546
104.354169,30.436068,135,8547
103.442864,30.943646,-1,8548
104.022477,30.506087,-1,8549
104.015431,30.472529,-1,8550
104.121308,30.771167,-1,8551
104.242502,30.650188,12,8552
103.591199,30.742034,-1,8553
103.790041,29.636231,-1,8554
103.997455,30.248352,-1,8555
103.696974,30.652705,-1,8556
103.125146,30.092359,-1,8557
103.810675,30.632005,65,8558
103.459873,30.74697,9,8559
103.527029,30.20387,-1,8560
104.070867,30.726565,174,8561
103.975571,31.046381,-1,8562
104.192415,30.997312,-1,8563
103.748392,30.574218,-1,8564
103.940669,30.614003,136,8565
103.938261,30.616239,-1,8566
103.959974,30.165563,-1,8567
103.93269,30.810059,-1,8568
103.892755,30.447584,72,8569
103.681978,31.027414,-1,8570
103.997705,30.757545,-1,8571
103.841947,31.157968,-1,8572
103.506169,30.559009,253,8573
104.641895,29.527619,-1,8574
104.225126,30.707588,51,8575
103.737794,30.511373,124,8576
104.367408,30.28995,172,8577
104.487546,30.462882,-1,8578
104.42031,30.915603,-1,8579
104.752375,30.835924,-1,8580
104.108625,30.556248,-1,8581
104.42975,30.871213,-1,8582
103.861449,30.803887,71,8583
104.056254,30.763144,129,8584
104.244924,30.645466,79,8585
103.861581,30.712626,-1,8586
103.969181,30.982328,167,8587
104.051043,30.476721,47,8588
104.242502,30.650188,12,8589
104.015154,30.526973,-1,8590
103.74658,30.808664,-1,8591
104.065125,30.508127,-1,8592
104.242858,30.645717,79,8593
104.202853,30.72609,21,8594
103.753827,30.641144,-1,8595
103.912626,30.824596,150,8596
103.619872,29.713613,-1,8597
103.874266,30.479819,273,8598
104.225654,30.853751,-1,8599
104.785597,29.795979,-1,8600
104.115179,30.417665,-1,8601
104.027011,30.471506,-1,8602
104.411331,30.344381,-1,8603
104.06561,31.260608,-1,8604
103.999798,30.455583,-1,8605
104.242556,30.651035,12,8606
103.747501,30.597622,-1,8607
104.119094,30.583988,-1,8608
103.902126,30.834065,173,8609
103.904238,30.67615,-1,8610
104.268869,30.578239,139,8611
104.669559,29.503572,97,8612
103.71874,30.594067,36,8613
104.10254,30.536955,193,8614
104.21867,30.783302,-1,8615
104.671317,30.055186,-1,8616
104.108401,30.544808,-1,8617
103.833471,30.668287,-1,8618
103.495988,30.548426,149,8619
104.288241,30.688926,-1,8620
104.599084,30.684618,-1,8621
104.117393,30.537646,-1,8622
104.098314,30.548562,-1,8623
103.452214,30.474796,-1,8624
104.501314,30.473695,246,8625
103.97121,30.631612,-1,8626
103.951844,31.013006,235,8627
104.338525,31.04739,-1,8628
103.993527,30.764642,89,8629
104.073628,30.685765,-1,8630
103.883219,30.665961,67,8631
103.912593,30.979097,264,8632
104.043655,30.446411,15,8633
103.976559,30.468787,-1,8634
104.539991,30.721965,-1,8635
103.990636,30.739654,156,8636
104.050828,30.478319,-1,8637
103.8298,30.330544,-1,8638
104.331204,30.644342,16,8639
103.512266,30.209033,-1,8640
104.935012,30.2023,-1,8641
103.964375,30.637255,142,8642
104.050828,30.478319,-1,8643
103.934136,30.708402,-1,8644
104.297555,30.306311,-1,8645
104.056785,30.64791,202,8646
104.421217,30.471686,-1,8647
104.055911,30.763239,129,8648
103.873281,30.414787,-1,8649
103.458598,30.98804,-1,8650
104.304602,30.673461,-1,8651
104.218546,30.839334,-1,8652
104.044897,30.445211,15,8653
103.922937,30.71675,58,8654
104.973602,29.871171,61,8655
103.909984,30.544403,144,8656
103.678075,31.030046,212,8657
104.076026,30.638525,-1,8658
103.998558,30.757696,-1,8659
103.783297,30.989433,-1,8660
104.530079,30.414914,-1,8661
104.105242,30.389953,-1,8662
104.037665,30.360629,-1,8663
104.420182,30.915336,-1,8664
104.204695,30.730778,199,8665
104.011061,30.527742,-1,8666
103.182373,30.01068,-1,8667
104.04366,30.44646,15,8668
103.650196,30.435934,-1,8669
104.045793,30.569441,-1,8670
104.367577,30.289932,172,8671
104.378014,30.313597,106,8672
103.871199,30.779412,86,8673
103.347483,30.344998,-1,8674
104.487619,30.493058,7,8675
104.318599,30.860964,-1,8676
103.981584,30.785233,50,8677
104.071329,30.725183,174,8678
104.021744,30.809049,-1,8679
103.872593,30.779359,86,8680
103.805023,30.431173,-1,8681
104.224699,30.804624,-1,8682
103.962826,30.448252,-1,8683
104.072007,30.382192,-1,8684
103.443126,30.422632,-1,8685
104.055743,30.458356,31,8686
103.754293,30.554955,-1,8687
104.122285,30.765823,-1,8688
103.857304,30.81173,-1,8689
103.987052,30.528437,-1,8690
104.222321,30.709793,209,8691
103.851316,31.059397,-1,8692
104.408698,30.344366,-1,8693
104.055911,30.763239,129,8694
104.044799,30.733336,-1,8695
104.102004,30.535089,-1,8696
103.769987,30.599544,-1,8697
104.031308,30.529488,-1,8698
104.254847,30.859171,165,8699
103.90245,30.658505,130,8700
104.224886,30.793994,95,8701
104.392657,30.283717,175,8702
103.935811,30.905522,44,8703
104.020893,29.139276,119,8704
103.831297,30.616323,-1,8705
104.098203,30.533809,-1,8706
104.122545,30.511939,-1,8707
104.205266,30.640135,-1,8708
104.101649,30.539824,-1,8709
103.505684,30.405385,-1,8710
104.242757,30.650536,12,8711
104.339568,30.359144,-1,8712
104.190345,30.5141,-1,8713
104.138002,30.369773,-1,8714
104.177129,30.718727,120,8715
104.21386,30.652161,217,8716
104.037069,30.329107,132,8717
104.078855,30.366347,147,8718
103.819113,30.797276,146,8719
104.183338,30.710697,14,8720
104.236076,30.646539,35,8721
104.133948,30.821017,-1,8722
103.928724,30.289781,-1,8723
104.006519,30.592503,141,8724
104.428718,31.149892,210,8725
103.814052,30.631417,65,8726
104.240637,30.959709,-1,8727
104.071034,30.690356,84,8728
103.654928,30.66462,-1,8729
103.665123,30.599721,-1,8730
103.795188,30.446835,-1,8731
104.008783,30.59067,69,8732
103.999578,30.514263,-1,8733
104.052438,30.246201,168,8734
104.095472,30.569101,-1,8735
104.225849,30.790616,62,8736
104.556334,30.373193,218,8737
103.49526,30.407069,-1,8738
104.152361,30.543989,-1,8739
104.396009,30.756117,-1,8740
104.420028,30.866809,-1,8741
104.069418,30.768478,5,8742
104.016473,30.529124,-1,8743
103.892778,31.019862,243,8744
103.587777,30.387898,-1,8745
103.901641,30.64234,-1,8746
104.177021,30.70156,-1,8747
103.687837,30.575221,-1,8748
104.125412,30.41481,-1,8749
104.297826,30.683372,-1,8750
103.66315,30.960443,-1,8751
104.341151,30.699435,-1,8752
104.315285,29.713818,-1,8753
104.020014,30.552446,-1,8754
103.662714,30.970724,99,8755
103.857713,30.653135,-1,8756
104.166346,30.628346,29,8757
103.859214,30.827667,27,8758
104.043887,30.445943,15,8759
104.050848,30.47622,47,8760
103.643253,30.320912,-1,8761
104.224281,30.566514,55,8762
104.113684,30.579704,0,8763
104.118326,30.757163,88,8764
103.893037,30.513545,114,8765
103.682441,30.596239,-1,8766
104.312438,30.319037,-1,8767
103.956647,30.743147,-1,8768
104.062359,30.665473,-1,8769
104.287319,30.312422,-1,8770
104.12531,30.769695,85,8771
104.092241,30.493972,-1,8772
104.520411,29.805759,-1,8773
104.431393,30.468946,-1,8774
103.859831,30.301372,198,8775
104.081128,30.277052,-1,8776
104.424156,30.392666,-1,8777
104.25921,30.529965,-1,8778
104.067257,30.692434,-1,8779
104.044218,30.44559,15,8780
104.114257,30.750207,208,8781
103.84718,30.647833,-1,8782
104.472489,30.493316,240,8783
104.096201,30.544974,249,8784
104.636885,30.928449,-1,8785
104.175538,30.715301,59,8786
104.223913,30.566364,55,8787
104.108354,30.769028,221,8788
104.17545,30.715414,59,8789
103.846971,30.4385,-1,8790
103.497293,30.393908,-1,8791
104.634507,30.407183,-1,8792
103.987121,30.216019,-1,8793
104.35972,30.310488,-1,8794
104.513206,30.420121,171,8795
104.039352,30.224686,48,8796
104.363375,30.65734,263,8797
104.044719,30.214904,-1,8798
104.24262,30.650418,12,8799
103.67176,30.430439,-1,8800
104.173586,30.484737,25,8801
104.114673,30.579467,0,8802
103.872195,30.778493,86,8803
104.077037,30.238838,-1,8804
103.872634,30.624706,-1,8805
104.262789,30.852203,-1,8806
104.164441,30.658985,54,8807
104.006464,31.164184,-1,8808
104.149751,30.622727,-1,8809
103.499337,30.569409,160,8810
104.16253,30.720538,-1,8811
104.081851,30.722533,-1,8812
103.68102,30.948085,-1,8813
103.982353,30.424576,-1,8814
104.220861,30.63866,45,8815
104.365952,30.857344,-1,8816
104.069738,30.768424,5,8817
103.952308,30.999199,-1,8818
103.600173,30.608709,-1,8819
103.872864,30.779393,86,8820
104.615112,30.163391,-1,8821
103.376863,30.291404,-1,8822
104.164509,30.658726,54,8823
103.737685,30.511503,124,8824
103.559768,30.549019,154,8825
104.178485,30.782866,34,8826
104.223913,30.566364,55,8827
103.677902,31.029969,212,8828
103.885624,30.479906,-1,8829
104.17715,30.719136,120,8830
104.669519,29.503572,97,8831
104.367129,30.63872,-1,8832
104.841665,29.8107,-1,8833
104.186213,30.684769,22,8834
103.498545,30.569116,160,8835
103.747474,30.716302,-1,8836
104.029512,30.481023,-1,8837
103.859138,30.8275,27,8838
104.33169,30.697367,-1,8839
104.216748,30.835036,-1,8840
104.487839,30.427375,81,8841
103.818132,30.636596,-1,8842
104.092422,30.218847,-1,8843
104.319968,30.276315,46,8844
103.708001,30.902856,-1,8845
104.333093,30.336246,-1,8846
104.550579,30.719372,-1,8847
104.001736,30.639273,-1,8848
104.224957,30.638746,20,8849
104.1745,30.83143,-1,8850
104.175609,30.715387,59,8851
103.969417,30.983982,-1,8852
103.536792,30.563509,-1,8853
103.953765,30.339312,-1,8854
103.870352,30.702259,176,8855
104.509433,30.352397,43,8856
103.825044,30.582564,-1,8857
103.803528,30.758787,-1,8858
103.696703,30.398051,-1,8859
104.537076,30.352985,250,8860
104.545726,29.504936,-1,8861
104.203577,30.726265,21,8862
104.324876,30.699914,-1,8863
103.887289,30.528655,104,8864
103.489427,30.749555,-1,8865
103.800644,30.830543,-1,8866
103.661308,30.961221,28,8867
103.861242,30.803722,71,8868
103.843403,31.138298,-1,8869
104.623244,30.890311,-1,8870
104.095731,30.537909,-1,8871
104.046265,30.537889,-1,8872
103.913993,30.708546,-1,8873
104.537084,30.353097,250,8874
104.500894,30.473795,246,8875
104.088125,30.449483,-1,8876
104.174684,30.715369,59,8877
104.077711,30.440523,-1,8878
104.098316,30.459767,214,8879
104.0367,30.147992,236,8880
104.017168,30.450959,-1,8881
103.868341,30.917134,-1,8882
104.564446,30.385574,-1,8883
104.175313,30.664387,148,8884
104.272827,30.326258,-1,8885
104.45213,30.469376,-1,8886
103.908903,30.552958,-1,8887
103.967264,30.648517,4,8888
104.072148,30.29865,-1,8889
104.110186,30.563237,-1,8890
104.113983,30.579523,0,8891
103.763727,30.042775,-1,8892
104.466193,30.343967,-1,8893
104.037215,30.356948,259,8894
103.74087,30.356106,-1,8895
104.312086,30.298667,158,8896
103.925505,30.94939,166,8897
103.925736,30.406011,-1,8898
102.882618,30.186973,-1,8899
104.077751,30.674279,-1,8900
104.112153,30.752777,30,8901
104.324337,30.286176,-1,8902
104.166131,30.71236,102,8903
103.917517,30.742941,-1,8904
103.299456,30.572281,-1,8905
102.728872,29.986371,-1,8906
103.935584,30.905417,44,8907
104.221116,30.638953,45,8908
104.006396,30.592157,141,8909
104.081003,30.638125,-1,8910
104.398113,30.824705,-1,8911
103.86241,30.712287,-1,8912
103.617073,30.976287,-1,8913
104.108823,30.50768,-1,8914
104.488545,30.493289,7,8915
104.118255,30.757044,88,8916
103.878682,30.198106,164,8917
103.882778,30.665977,67,8918
104.108041,30.420578,-1,8919
104.623244,30.890311,-1,8920
103.960126,30.152411,-1,8921
103.644057,30.930092,-1,8922
104.170114,30.805752,-1,8923
104.151331,30.57574,-1,8924
103.97382,31.032166,-1,8925
104.487467,30.492958,7,8926
103.786263,31.007707,-1,8927
104.065094,30.691546,-1,8928
103.858388,30.663758,-1,8929
103.747595,30.697297,-1,8930
104.566384,30.37151,11,8931
104.077898,30.79454,188,8932
104.072062,30.729976,-1,8933
103.967404,30.58593,126,8934
104.096665,30.678975,-1,8935
104.054274,30.457642,31,8936
103.41118,30.76494,-1,8937
103.837727,30.357145,170,8938
103.760201,30.665184,-1,8939
104.234852,30.86082,-1,8940
104.328233,30.34582,-1,8941
104.104682,30.428135,-1,8942
103.959792,30.517149,201,8943
103.984096,30.454361,-1,8944
104.31575,30.302873,231,8945
104.429476,30.955886,-1,8946
104.051625,30.541421,244,8947
104.248291,30.610068,-1,8948
104.095639,30.541008,38,8949
103.764982,30.042906,-1,8950
103.566479,30.517833,-1,8951
104.496442,30.47166,-1,8952
104.536911,30.352986,250,8953
104.115668,30.596223,-1,8954
104.224626,30.804774,-1,8955
103.91477,30.419423,-1,8956
104.20332,30.741148,-1,8957
103.942186,30.279486,-1,8958
103.442984,30.943576,-1,8959
103.873644,30.417196,125,8960
103.99473,30.751873,-1,8961
103.986227,30.723755,-1,8962
103.959111,30.612702,-1,8963
104.089174,30.833155,-1,8964
104.502556,30.419186,-1,8965
103.287156,30.165494,-1,8966
104.093461,30.581167,10,8967
104.803973,30.152277,70,8968
104.069918,30.768355,5,8969
104.164701,30.659408,54,8970
104.224957,30.638746,20,8971
104.381715,30.735451,-1,8972
104.3719,30.86429,64,8973
103.535364,30.564751,-1,8974
102.436769,29.136551,-1,8975
104.107453,30.447465,-1,8976
103.853626,30.661632,-1,8977
103.79048,29.635749,-1,8978
103.718802,30.594276,36,8979
104.242556,30.650102,12,8980
104.488743,30.461928,245,8981
104.098427,30.885053,261,8982
104.757701,30.633432,162,8983
104.17744,30.718818,120,8984
104.548941,30.718113,-1,8985
104.223002,30.63931,45,8986
104.089839,30.463295,-1,8987
103.918308,30.416185,-1,8988
104.102748,30.768084,-1,8989
104.099929,30.49799,-1,8990
104.110275,30.767914,248,8991
103.997784,30.630197,-1,8992
103.41175,30.245508,-1,8993
103.660972,30.96128,28,8994
103.971004,30.457807,-1,8995
104.125315,30.769513,85,8996
104.312549,30.289468,-1,8997
104.34551,30.669064,-1,8998
103.912749,30.824631,150,8999
104.160802,30.654571,-1,9000
104.582558,30.689911,-1,9001
104.372736,30.559297,-1,9002
104.326455,30.860413,57,9003
103.847722,30.431163,-1,9004
104.326672,30.860286,57,9005
104.227427,30.858249,-1,9006
104.056446,30.473087,-1,9007
104.314842,30.272555,-1,9008
103.817147,30.604441,-1,9009
104.168944,30.741134,163,9010
103.87384,30.41725,125,9011
104.603778,30.685588,-1,9012
103.976608,30.469906,-1,9013
104.226061,30.525335,242,9014
104.112462,30.752844,30,9015
103.82531,30.452434,-1,9016
104.319101,30.276222,46,9017
103.940015,30.614457,136,9018
103.916447,30.232716,-1,9019
104.014768,30.65221,-1,9020
104.117133,30.537512,-1,9021
104.043244,29.117072,-1,9022
104.078431,30.377416,-1,9023
103.443024,30.94363,-1,9024
104.186485,30.728423,-1,9025
103.692016,29.2143,-1,9026
103.841947,31.157968,-1,9027
104.071491,30.725401,174,9028
103.79697,30.643548,-1,9029
103.604128,30.517355,-1,9030
103.658183,31.043947,-1,9031
103.932329,30.609854,-1,9032
104.497761,30.346897,-1,9033
103.469467,30.392303,-1,9034
103.41175,30.245508,-1,9035
104.060273,30.634793,225,9036
104.085045,30.683385,229,9037
104.244324,30.6457,79,9038
104.099643,30.466966,100,9039
104.495345,30.327305,-1,9040
104.110074,30.579154,-1,9041
104.327373,30.307164,222,9042
103.681823,30.596692,-1,9043
104.093446,30.581268,10,9044
102.480609,29.997855,-1,9045
104.157654,30.597035,-1,9046
104.3684,31.088879,-1,9047
104.155829,30.997315,-1,9048
103.792224,30.461733,-1,9049
103.878587,30.719334,-1,9050
104.067039,30.685996,-1,9051
104.97316,29.870886,61,9052
104.242922,30.645541,79,9053
104.236023,30.646472,35,9054
103.823377,30.610247,-1,9055
103.960455,30.152528,-1,9056
104.027806,30.471166,-1,9057
104.165258,30.658781,54,9058
104.20216,30.727204,21,9059
104.096281,30.539964,38,9060
104.09386,30.581286,10,9061
104.12513,30.586062,-1,9062
103.712295,30.322641,-1,9063
104.125393,30.769421,85,9064
103.970691,30.649922,8,9065
103.802385,30.455554,23,9066
103.544003,30.209659,-1,9067
103.652769,30.920544,204,9068
103.942708,30.772869,-1,9069
104.079144,30.365487,147,9070
104.087377,30.746781,-1,9071
103.545311,30.589047,-1,9072
104.317485,30.713332,-1,9073
104.472984,30.494051,240,9074
104.417194,30.478324,-1,9075
104.242547,30.650744,12,9076
104.132023,30.39734,-1,9077
104.102503,30.537043,193,9078
103.834255,30.323051,-1,9079
104.442728,30.46579,-1,9080
103.940481,30.614208,136,9081
103.96906,30.982497,167,9082
103.926281,30.805833,-1,9083
104.022099,30.500984,-1,9084
104.449773,30.283215,-1,9085
104.106784,30.491318,178,9086
104.433696,30.485712,-1,9087
104.026269,30.580974,-1,9088
104.050808,30.664074,-1,9089
103.915591,29.907463,-1,9090
103.525873,30.006952,-1,9091
104.29746,31.035011,63,9092
103.937459,30.613355,39,9093
104.006953,30.592738,141,9094
104.223325,30.674882,197,9095
103.680592,30.611662,-1,9096
103.800769,30.453581,-1,9097
103.994017,30.769831,-1,9098
104.102499,30.420126,-1,9099
103.937387,30.614887,39,9100
104.285478,30.69572,-1,9101
104.321231,30.711172,-1,9102
104.224156,30.674954,197,9103
104.041206,30.644764,-1,9104
103.885069,30.400522,-1,9105
103.81461,30.633102,65,9106
104.079455,30.513855,131,9107
104.23491,30.646271,35,9108
104.05295,30.455098,-1,9109
104.039309,30.224508,48,9110
104.071776,30.256784,-1,9111
103.874997,30.830592,-1,9112
104.099604,30.707097,-1,9113
104.422612,30.881801,-1,9114
103.881291,30.487174,-1,9115
104.1347,30.805968,32,9116
104.207268,30.662588,-1,9117
104.48237,30.491671,-1,9118
104.095936,30.569451,-1,9119
104.075861,30.757671,-1,9120
103.961146,30.940851,161,9121
104.10499,30.5314,-1,9122
103.9436,30.552105,-1,9123
104.494814,30.468846,-1,9124
104.008727,30.590917,69,9125
104.209842,30.60563,-1,9126
103.92668,30.946991,-1,9127
103.915172,30.387767,-1,9128
103.98127,30.785256,50,9129
104.364713,30.969329,-1,9130
104.203584,30.726101,21,9131
104.516053,30.391934,-1,9132
103.855022,30.651873,-1,9133
103.851286,30.437026,13,9134
104.499753,30.474747,-1,9135
104.470072,30.505101,-1,9136
104.354409,30.435885,135,9137
104.354217,30.435716,135,9138
103.835184,30.633314,-1,9139
104.164565,30.629109,-1,9140
103.462835,30.386248,-1,9141
104.198442,30.582057,140,9142
104.001872,29.125597,-1,9143
104.314831,30.272437,-1,9144
103.93329,30.813696,-1,9145
104.114241,30.579334,0,9146
104.186644,30.707726,-1,9147
104.328233,30.34582,-1,9148
104.224886,30.793994,95,9149
104.282421,30.709436,-1,9150
104.050848,30.47622,47,9151
103.460179,30.746979,9,9152
104.037691,30.659083,68,9153
104.372213,30.864523,64,9154
103.897113,30.666665,37,9155
104.108489,30.464112,-1,9156
104.067258,30.542247,-1,9157
103.876252,30.491387,169,9158
104.235422,30.64657,35,9159
103.560927,30.749063,207,9160
104.048443,30.759808,-1,9161
103.91757,30.68189,-1,9162
103.941567,30.331809,-1,9163
104.157345,30.64821,-1,9164
104.135002,30.805985,32,9165
103.861393,30.803871,71,9166
104.548439,30.722578,-1,9167
103.956584,30.030987,265,9168
103.936167,30.905567,44,9169
104.499729,30.475317,-1,9170
103.932402,30.547862,-1,9171
103.960328,30.941717,-1,9172
104.869929,29.226372,-1,9173
103.816863,30.798509,-1,9174
104.488146,30.349037,-1,9175
104.167692,30.616783,-1,9176
103.492384,31.43848,-1,9177
104.053025,30.456692,31,9178
104.140717,30.826925,181,9179
104.013868,31.18802,-1,9180
104.287743,30.697247,239,9181
104.112464,30.752938,30,9182
104.312403,30.874659,237,9183
104.046356,30.738637,-1,9184
103.591519,30.742123,-1,9185
103.912504,30.979016,264,9186
104.202125,30.506205,-1,9187
104.04489,30.445179,15,9188
104.049599,30.438984,-1,9189
102.699923,29.970428,-1,9190
104.00038,30.564132,-1,9191
104.453743,30.479657,-1,9192
104.033217,30.650808,-1,9193
103.800769,30.453581,-1,9194
103.970571,30.469959,-1,9195
103.866599,30.556834,-1,9196
104.017169,30.845802,-1,9197
104.109878,30.718084,-1,9198
103.969005,31.008125,-1,9199
103.795712,30.40488,-1,9200
104.248185,30.920758,-1,9201
104.272981,30.814498,-1,9202
104.242604,30.650985,12,9203
104.19887,31.570293,-1,9204
104.066422,30.695827,-1,9205
104.017657,30.808621,-1,9206
103.799585,31.166767,-1,9207
103.926177,30.806083,-1,9208
103.908759,30.542236,94,9209
103.984229,30.718671,-1,9210
103.429336,30.412203,-1,9211
103.817488,30.638586,-1,9212
104.172168,30.580682,-1,9213
104.492015,30.322795,260,9214
103.950936,31.011858,235,9215
102.229436,29.933049,-1,9216
104.235662,30.646996,35,9217
104.203958,30.696334,-1,9218
103.594863,30.742033,-1,9219
103.93964,30.61736,213,9220
103.661396,30.961389,28,9221
104.020202,29.139428,119,9222
104.038519,30.709493,-1,9223
103.993718,30.637108,-1,9224
104.012216,30.518097,-1,9225
104.176615,30.719654,120,9226
103.628844,30.290131,-1,9227
103.954564,30.65135,-1,9228
103.561225,30.748765,207,9229
103.677658,30.338768,-1,9230
104.319334,30.276145,46,9231
104.0727,30.371289,-1,9232
104.226503,30.782716,-1,9233
103.91458,30.86168,-1,9234
104.170837,30.615363,200,9235
104.363577,30.487062,-1,9236
104.670179,30.087768,-1,9237
103.804203,30.18869,-1,9238
103.936371,30.613733,39,9239
104.567215,30.371927,11,9240
103.99978,30.465577,215,9241
103.969507,30.982094,167,9242
103.924346,30.635821,-1,9243
104.304738,30.686346,-1,9244
104.085642,30.75834,1,9245
104.203624,30.726104,21,9246
103.766791,30.937897,-1,9247
104.044065,30.445567,15,9248
104.17282,30.483854,25,9249
104.510303,30.352954,43,9250
103.881113,30.521587,-1,9251
104.400188,30.997154,-1,9252
104.219258,30.573722,-1,9253
103.914253,30.675382,211,9254
104.318757,30.275394,46,9255
103.720558,31.102603,-1,9256
103.114076,30.096814,-1,9257
104.23563,30.64699,35,9258
103.960105,30.517333,201,9259
104.538395,31.861336,-1,9260
103.814148,30.633038,65,9261
104.120818,30.501469,-1,9262
103.897221,30.666349,37,9263
104.05862,30.633804,-1,9264
104.106783,30.491317,178,9265
104.138641,30.61068,42,9266
104.101086,30.497521,-1,9267
104.24714,30.284557,-1,9268
104.03993,30.582719,-1,9269
104.284984,31.00304,-1,9270
103.701834,30.602503,3,9271
104.078656,30.552651,-1,9272
104.050499,30.476702,47,9273
104.02897,30.480038,-1,9274
104.053009,30.467554,19,9275
104.335914,30.64488,-1,9276
104.396068,30.756228,-1,9277
103.952421,30.42804,230,9278
104.037363,30.718479,-1,9279
104.317418,30.462369,-1,9280
104.213807,30.552093,186,9281
104.118282,30.757001,88,9282
103.847631,30.646066,-1,9283
103.880217,30.604204,219,9284
104.114497,30.750362,208,9285
104.130678,30.791967,-1,9286
103.887458,30.577417,-1,9287
104.223919,30.675152,197,9288
103.654556,30.927464,52,9289
103.77744,30.439279,-1,9290
104.311571,30.298901,158,9291
104.057621,30.649032,202,9292
104.360723,30.329826,-1,9293
104.318488,30.714173,-1,9294
104.296095,30.993817,179,9295
104.002075,30.597313,-1,9296
104.048299,30.540456,112,9297
104.125403,30.769382,85,9298
104.308472,30.306495,-1,9299
104.354241,30.435534,135,9300
104.106504,30.740514,194,9301
103.807185,29.678117,-1,9302
104.503209,30.503292,-1,9303
102.966279,29.774271,-1,9304
104.106941,30.539844,-1,9305
103.893385,30.513649,114,9306
104.051728,30.541277,244,9307
104.448336,30.471182,-1,9308
104.453795,30.854314,-1,9309
104.093659,30.581079,10,9310
104.16692,30.628083,29,9311
103.851391,30.70647,-1,9312
103.839212,30.359986,-1,9313
103.922624,30.2792,-1,9314
103.7013,31.030513,-1,9315
104.369561,30.550806,-1,9316
103.991982,30.494753,-1,9317
104.202928,30.725952,21,9318
104.492477,30.32199,260,9319
104.063683,30.665376,-1,9320
103.790892,29.727801,-1,9321
103.929459,30.941843,196,9322
104.057815,30.475822,-1,9323
104.064349,30.1778,-1,9324
103.93545,30.782116,-1,9325
104.333425,30.64392,241,9326
104.136282,30.408061,-1,9327
103.880194,30.604295,219,9328
104.135517,30.589859,-1,9329
104.670235,30.087752,-1,9330
103.882272,30.462567,-1,9331
103.940064,30.998902,-1,9332
103.916985,30.397872,-1,9333
103.983748,30.572611,-1,9334
102.668674,30.019792,-1,9335
103.992938,30.435962,-1,9336
104.1004,30.520955,-1,9337
104.08508,30.683414,229,9338
104.12072,30.7732,151,9339
103.871853,30.469735,-1,9340
104.119665,31.027274,-1,9341
103.867253,30.311962,-1,9342
103.935351,30.905439,44,9343
103.541092,31.051497,-1,9344
103.559003,30.752521,-1,9345
103.509041,30.562958,-1,9346
103.939944,30.614291,136,9347
104.071091,30.724566,174,9348
104.530241,30.635767,-1,9349
103.796531,29.434457,-1,9350
104.616579,30.158059,-1,9351
104.071969,30.330055,-1,9352
103.399234,29.923389,-1,9353
104.646856,30.675389,-1,9354
104.152743,30.781707,-1,9355
103.956808,30.72311,-1,9356
104.161506,30.599643,60,9357
104.254062,30.64428,-1,9358
104.421141,30.90493,-1,9359
103.967184,30.648336,4,9360
104.054406,30.849321,-1,9361
104.517426,30.392125,-1,9362
104.461164,30.473776,-1,9363
104.216492,30.648655,274,9364
104.237232,30.723667,-1,9365
104.094184,30.538111,-1,9366
104.205857,30.643876,-1,9367
104.069712,30.768578,5,9368
103.952991,30.02303,-1,9369
104.084591,30.45566,-1,9370
103.861169,30.445742,177,9371
104.025701,30.494518,-1,9372
104.188382,30.514804,-1,9373
104.150284,30.615719,189,9374
104.365139,30.306291,-1,9375
104.049657,30.49357,-1,9376
104.08821,30.330677,-1,9377
103.601231,30.706983,-1,9378
104.56692,30.387864,-1,9379
104.214547,30.583465,128,9380
103.955054,30.638571,-1,9381
103.940279,30.746255,-1,9382
104.225549,30.791003,62,9383
104.474729,30.418992,-1,9384
103.878627,30.198226,164,9385
104.17744,30.718818,120,9386
103.724924,30.331137,-1,9387
104.408912,30.340663,-1,9388
104.487858,30.493057,7,9389
103.95741,30.438082,-1,9390
103.867691,30.779566,92,9391
104.068094,30.692081,-1,9392
103.986719,30.485041,-1,9393
104.063314,30.665409,-1,9394
104.224957,30.638746,20,9395
104.367154,30.671951,-1,9396
103.937074,30.61322,39,9397
104.13473,30.805919,32,9398
104.638117,30.498569,-1,9399
104.101084,30.46839,-1,9400
104.400882,31.064534,-1,9401
104.053683,30.465987,19,9402
104.107076,30.52103,-1,9403
104.039379,30.225586,48,9404
104.522387,30.437406,-1,9405
104.063097,30.179811,-1,9406
104.081239,30.755623,-1,9407
103.452735,30.374575,-1,9408
104.165815,30.712736,102,9409
103.61158,30.519865,-1,9410
103.888489,30.556836,118,9411
103.060069,30.0276,-1,9412
103.999227,30.911643,-1,9413
103.86699,30.535076,195,9414
104.335754,30.644913,-1,9415
103.843701,30.319371,-1,9416
104.221243,30.638514,45,9417
103.867316,30.63022,-1,9418
104.165717,30.628642,29,9419
104.095036,30.659605,-1,9420
104.192907,30.734416,-1,9421
104.179545,30.522987,-1,9422
103.736506,30.336017,-1,9423
104.361713,30.435033,-1,9424
104.122229,30.716944,-1,9425
104.247272,30.554896,75,9426
104.229451,30.523997,-1,9427
103.676673,30.950478,-1,9428
104.180455,30.53528,-1,9429
104.170697,30.615108,200,9430
104.804221,30.151826,70,9431
104.556107,30.099135,-1,9432
103.709733,30.394582,155,9433
104.318925,30.275079,46,9434
104.102357,30.576531,-1,9435
103.620814,30.597397,-1,9436
103.70155,30.602313,3,9437
104.456512,30.195863,-1,9438
104.181198,30.703371,269,9439
104.536917,30.353069,250,9440
103.819097,30.797176,146,9441
103.902626,30.658393,130,9442
103.553065,30.221074,116,9443
104.497791,30.450552,-1,9444
103.912843,30.824821,150,9445
104.319135,30.316583,-1,9446
103.840018,30.465401,-1,9447
104.597732,30.699625,-1,9448
103.960085,30.462746,-1,9449
104.203292,30.726274,21,9450
104.411022,31.055926,-1,9451
103.936897,30.781881,-1,9452
103.67176,30.430439,-1,9453
103.981499,30.785184,50,9454
104.393115,30.287673,-1,9455
104.859335,29.752735,-1,9456
104.017698,29.139086,119,9457
104.501476,30.472745,246,9458
103.405358,30.986326,-1,9459
104.484915,30.348153,-1,9460
104.800922,29.728511,-1,9461
103.993553,30.661505,-1,9462
103.947983,30.74443,-1,9463
103.952618,30.427698,230,9464
103.912764,30.978684,264,9465
103.959636,30.373725,101,9466
103.972139,30.542253,157,9467
103.978497,30.0243,-1,9468
104.138749,30.610713,42,9469
104.048734,30.46231,-1,9470
103.920129,30.99091,-1,9471
104.236849,30.555216,-1,9472
103.856108,30.577226,-1,9473
104.115514,30.583048,-1,9474
104.52353,30.477897,-1,9475
104.143558,30.465747,-1,9476
104.775739,30.88752,-1,9477
104.069648,30.768413,5,9478
104.085058,30.683428,229,9479
103.885912,30.358034,-1,9480
104.091892,30.523883,-1,9481
103.982332,30.784534,50,9482
104.038782,30.225467,48,9483
104.180334,30.52263,-1,9484
104.345677,30.828608,78,9485
103.998771,30.576091,-1,9486
104.101173,30.426465,-1,9487
104.908277,30.280411,-1,9488
103.917278,30.683696,40,9489
103.969255,30.36641,134,9490
104.244548,30.645466,79,9491
103.940361,30.999308,-1,9492
103.689907,30.415952,-1,9493
103.460475,30.464159,-1,9494
103.531617,30.201254,-1,9495
103.859214,30.827519,27,9496
103.905689,30.234913,-1,9497
104.29767,31.03491,63,9498
104.318673,30.861204,-1,9499
103.929539,30.941244,196,9500
103.654678,30.925738,52,9501
104.120708,30.522074,-1,9502
104.42282,30.882248,-1,9503
104.033243,30.63676,-1,9504
103.951508,30.844393,-1,9505
104.263567,29.942954,53,9506
104.552016,30.71631,-1,9507
103.510691,30.564847,-1,9508
103.733505,30.395442,-1,9509
103.937781,30.905996,-1,9510
104.099353,30.682135,-1,9511
103.905417,30.810297,24,9512
103.88927,30.471244,-1,9513
104.120573,30.770949,-1,9514
103.553248,30.221138,116,9515
104.20056,31.189006,-1,9516
104.36711,30.305014,262,9517
104.480239,30.505199,-1,9518
103.478445,30.428122,270,9519
104.048036,30.738546,-1,9520
103.998611,30.428614,-1,9521
104.093735,30.677397,-1,9522
104.048919,30.784593,-1,9523
104.530256,30.635733,-1,9524
104.1658,30.71268,102,9525
103.743198,30.395565,-1,9526
104.335094,30.304956,-1,9527
103.851116,30.367788,-1,9528
103.664563,30.96021,-1,9529
104.078913,30.818287,-1,9530
103.956945,30.031188,265,9531
104.039598,30.225541,48,9532
104.17087,30.615179,200,9533
104.139796,30.407963,-1,9534
104.055696,30.458149,31,9535
103.995089,30.480398,-1,9536
103.892987,30.513892,114,9537
104.251681,30.608368,-1,9538
103.915068,30.387932,-1,9539
104.084325,30.578015,-1,9540
103.942239,30.279665,-1,9541
103.90543,30.810509,24,9542
103.686685,30.871882,-1,9543
104.26351,29.942822,53,9544
103.96803,30.58638,126,9545
104.109146,30.393135,-1,9546
104.362291,30.42998,-1,9547
104.051787,30.757842,-1,9548
104.10869,30.394253,-1,9549
104.236062,30.647005,35,9550
104.155918,30.495519,-1,9551
103.907026,30.234329,-1,9552
104.087653,30.449712,-1,9553
104.537412,30.365786,-1,9554
103.859269,30.827662,27,9555
104.021391,29.139297,119,9556
104.137103,30.605798,-1,9557
104.426594,30.881862,-1,9558
104.050584,30.476857,47,9559
103.867567,30.779873,92,9560
104.115572,30.593543,-1,9561
103.933251,30.604259,-1,9562
104.263525,29.942046,53,9563
104.070044,30.767943,5,9564
104.113694,30.508084,-1,9565
104.087795,30.749776,-1,9566
103.472956,30.609459,-1,9567
103.647847,30.951622,91,9568
103.837632,30.357836,170,9569
103.814458,30.633112,65,9570
104.136205,30.522145,-1,9571
104.342704,31.057288,-1,9572
104.168957,30.741103,163,9573
103.638438,30.935831,-1,9574
104.425333,30.737015,-1,9575
104.242556,30.651185,12,9576
103.974485,30.475631,-1,9577
103.942151,30.525656,-1,9578
104.97345,29.870971,61,9579
103.897345,30.666821,37,9580
104.339643,31.126119,-1,9581
103.348423,30.419082,-1,9582
104.114157,30.723818,-1,9583
104.556059,30.352958,143,9584
104.036038,30.235994,-1,9585
103.976405,30.443481,-1,9586
103.493711,30.184916,-1,9587
104.31833,29.711231,-1,9588
103.721313,30.575913,-1,9589
103.930812,30.760504,-1,9590
104.106307,30.449865,-1,9591
103.726465,30.778443,-1,9592
104.197103,31.577685,-1,9593
104.00018,30.393676,-1,9594
104.118883,30.756766,88,9595
103.859975,30.301303,198,9596
104.086375,30.515609,-1,9597
103.724741,30.578419,-1,9598
103.952991,30.02303,-1,9599
104.36608,30.857345,-1,9600
104.221585,30.709208,209,9601
104.488942,30.461964,245,9602
104.110156,30.767101,248,9603
104.501591,30.354535,-1,9604
104.113615,30.579844,0,9605
103.847509,30.807647,-1,9606
104.161276,30.890892,-1,9607
103.534402,30.784247,-1,9608
103.964608,30.636855,142,9609
104.528885,31.863607,-1,9610
104.373453,30.6504,-1,9611
103.912491,30.630864,6,9612
103.899784,31.009669,-1,9613
103.853855,30.891853,-1,9614
103.861127,30.685899,-1,9615
103.916236,30.368931,227,9616
104.255796,30.57793,-1,9617
104.517533,30.391229,-1,9618
104.666282,31.016495,-1,9619
103.73033,30.59535,-1,9620
104.065369,30.371405,-1,9621
103.465152,30.452709,-1,9622
104.320551,30.277938,46,9623
103.940329,30.614215,136,9624
104.006343,30.592234,141,9625
104.124771,30.769034,85,9626
104.093132,30.581013,10,9627
104.235225,30.646772,35,9628
104.046187,30.551813,-1,9629
103.973942,31.03217,-1,9630
104.089976,30.777773,-1,9631
104.083018,30.71977,254,9632
104.535723,30.440171,-1,9633
104.567785,30.388445,-1,9634
103.539561,30.758853,-1,9635
104.099512,30.467016,100,9636
103.884471,30.820035,-1,9637
104.318162,30.27576,46,9638
103.952405,30.427884,230,9639
104.239993,30.740912,-1,9640
103.827225,30.422881,-1,9641
103.990944,30.435378,-1,9642
103.851232,30.624453,-1,9643
103.937074,30.61322,39,9644
103.857985,30.630229,-1,9645
103.879897,30.404415,152,9646
103.89291,30.513795,114,9647
103.722182,29.104377,-1,9648
104.180679,30.703704,269,9649
103.478437,30.427284,270,9650
104.309127,30.865215,108,9651
103.57776,30.851258,-1,9652
104.185846,30.71956,153,9653
103.686507,30.836994,-1,9654
104.198963,30.51044,110,9655
104.116178,30.452144,232,9656
103.874065,30.417303,125,9657
104.401461,30.997571,256,9658
103.562927,30.746311,-1,9659
104.49276,30.321958,260,9660
104.202169,30.726128,21,9661
104.034179,30.530018,-1,9662
104.162247,30.660921,-1,9663
104.038782,30.225467,48,9664
104.089799,30.741473,-1,9665
104.211425,31.666446,-1,9666
104.072301,30.415768,-1,9667
104.464666,30.47123,-1,9668
103.480765,30.76349,-1,9669
103.636834,30.48509,-1,9670
103.683355,30.30177,-1,9671
103.820404,30.639217,-1,9672
104.530241,30.635767,-1,9673
104.367226,31.049875,-1,9674
104.017073,30.845508,-1,9675
104.153484,30.616097,-1,9676
104.23779,30.652749,133,9677
104.318823,30.860996,-1,9678
104.287613,30.697277,239,9679
103.655584,30.612965,-1,9680
104.017513,29.13882,119,9681
104.02848,30.48043,-1,9682
103.862769,31.030664,-1,9683
103.726287,30.559467,-1,9684
104.536198,30.705315,-1,9685
104.62578,30.858605,-1,9686
104.201668,30.742574,-1,9687
104.111282,30.825715,-1,9688
104.032969,30.713895,-1,9689
103.936912,30.613232,39,9690
104.05609,30.848149,98,9691
104.223729,30.566631,55,9692
104.057403,30.38867,-1,9693
104.417936,30.948123,-1,9694
103.952444,30.835605,-1,9695
103.661928,31.043337,-1,9696
103.785687,30.991262,-1,9697
104.19192,30.660616,-1,9698
103.947849,30.011369,-1,9699
104.675484,30.084262,96,9700
103.706333,30.404347,-1,9701
103.967555,30.648729,4,9702
103.812016,30.632427,65,9703
104.542632,30.422607,-1,9704
104.167326,30.475012,-1,9705
103.909824,30.544471,144,9706
104.110839,30.575796,-1,9707
103.490711,30.741068,-1,9708
104.105213,30.53134,-1,9709
104.107519,30.495893,-1,9710
103.961146,30.940851,161,9711
104.048346,30.599036,-1,9712
103.993849,30.469015,-1,9713
104.379559,30.292132,-1,9714
104.235912,30.646225,35,9715
104.220768,30.63892,45,9716
103.998795,30.478294,-1,9717
103.96334,30.650954,-1,9718
104.435522,30.836126,-1,9719
104.214144,30.651584,217,9720
103.945582,30.923066,-1,9721
104.020133,30.553018,-1,9722
103.759305,31.197547,-1,9723
104.368795,30.714607,-1,9724
104.199481,30.509326,110,9725
104.0599,30.634854,225,9726
104.120053,30.772995,151,9727
103.921842,30.288194,-1,9728
104.0235,30.593369,-1,9729
103.891784,30.478596,-1,9730
103.924365,30.950262,166,9731
104.445527,30.47264,233,9732
104.064898,30.24569,-1,9733
104.11287,30.753048,30,9734
103.956574,30.725432,33,9735
104.040459,30.764353,-1,9736
103.677675,30.338834,-1,9737
103.937002,30.614587,39,9738
104.082843,30.460736,-1,9739
104.141266,30.612444,-1,9740
103.843177,30.537017,-1,9741
104.109144,30.519556,-1,9742
104.164531,30.629109,-1,9743
104.509848,30.352677,43,9744
104.366032,30.857228,-1,9745
104.363332,31.067891,251,9746
104.091803,30.45893,-1,9747
104.178274,30.718978,120,9748
103.872569,30.779291,86,9749
103.755913,31.196667,-1,9750
103.90918,30.864128,-1,9751
104.453089,30.82589,-1,9752
103.760026,30.665382,-1,9753
104.114317,30.579007,0,9754
104.496442,30.47166,-1,9755
103.929845,30.589017,-1,9756
104.182276,30.71756,127,9757
104.223297,30.67487,197,9758
103.644331,30.928307,-1,9759
103.449639,30.426977,-1,9760
104.185342,30.684477,22,9761
104.144638,30.805939,-1,9762
104.115403,30.452528,232,9763
103.893316,30.513631,114,9764
104.582245,30.35272,-1,9765
102.226414,31.897155,-1,9766
103.681053,30.803413,-1,9767
103.813866,30.575051,-1,9768
104.399916,30.342915,-1,9769
103.661361,30.961153,28,9770
104.071096,30.72514,174,9771
103.870931,30.402816,-1,9772
104.05355,30.542323,-1,9773
104.04756,30.941779,-1,9774
103.862717,30.555907,-1,9775
103.460487,30.746943,9,9776
104.221279,30.638559,45,9777
104.06471,30.691229,-1,9778
103.889586,30.383818,205,9779
103.680751,30.895029,-1,9780
104.218972,30.655352,-1,9781
104.966086,30.481623,-1,9782
104.065428,30.427752,-1,9783
104.071491,30.725081,174,9784
104.671317,30.055186,-1,9785
104.207957,31.671444,-1,9786
104.193974,30.738128,238,9787
104.170562,30.659642,-1,9788
104.053442,30.466433,19,9789
103.997501,30.467156,-1,9790
103.939465,30.647477,-1,9791
104.057024,30.648705,202,9792
104.125296,30.76962,85,9793
103.98744,30.719005,-1,9794
103.801526,30.574185,-1,9795
104.20841,30.524269,103,9796
104.574442,30.366716,-1,9797
104.505665,30.481685,-1,9798
104.177741,30.719135,120,9799
103.977294,30.19964,-1,9800
104.043653,30.446667,15,9801
103.952678,30.427891,230,9802
104.198546,30.582155,140,9803
103.907723,30.648461,-1,9804
103.739083,30.653244,-1,9805
103.918249,30.230717,-1,9806
104.106935,30.491092,178,9807
103.693033,30.937251,-1,9808
103.959864,30.363039,-1,9809
104.07188,30.27644,-1,9810
103.875305,30.279235,-1,9811
104.019455,31.402314,-1,9812
103.731702,30.327111,-1,9813
103.960846,30.621753,-1,9814
104.185437,30.684367,22,9815
104.008011,30.718838,-1,9816
104.225258,30.791246,62,9817
103.941855,30.434318,-1,9818
104.080938,30.513674,-1,9819
103.956942,30.726124,33,9820
104.222199,31.013213,-1,9821
103.977756,30.688748,203,9822
104.044392,30.73519,-1,9823
104.28607,30.694886,-1,9824
104.155006,30.521213,-1,9825
103.535876,30.750139,-1,9826
104.120008,30.772973,151,9827
103.630282,30.378776,-1,9828
104.249516,30.860061,-1,9829
103.935611,30.905603,44,9830
103.960635,30.796252,-1,9831
104.097587,30.569194,-1,9832
103.823807,30.585369,-1,9833
104.245303,30.553508,-1,9834
103.578994,30.845593,-1,9835
103.480949,30.762073,-1,9836
103.803148,30.453124,-1,9837
103.796011,30.649126,-1,9838
102.436769,29.136551,-1,9839
103.88881,30.579085,-1,9840
104.140166,30.392501,-1,9841
104.066402,30.688249,-1,9842
104.538377,30.660869,-1,9843
104.488835,30.461924,245,9844
103.603221,30.609692,-1,9845
104.044256,30.542065,-1,9846
103.512813,31.427917,-1,9847
104.211425,31.666446,-1,9848
104.461207,30.422645,-1,9849
104.03391,30.464812,-1,9850
104.106784,30.491318,178,9851
103.958254,30.662579,115,9852
104.120128,30.772803,151,9853
104.092353,30.673323,-1,9854
104.093125,30.538034,-1,9855
104.023289,30.894251,-1,9856
104.210603,30.763394,-1,9857
103.376082,30.29063,-1,9858
103.862917,30.556441,-1,9859
104.10693,30.394188,-1,9860
103.989668,30.725936,-1,9861
104.934976,30.202276,-1,9862
103.748829,30.39353,-1,9863
104.293843,30.304556,-1,9864
104.169043,30.741268,163,9865
103.961637,30.640756,-1,9866
104.477678,30.502927,-1,9867
103.921241,30.953161,-1,9868
104.069666,30.768218,5,9869
104.071074,30.725231,174,9870
104.626349,30.858522,-1,9871
104.115364,31.512534,-1,9872
104.082048,30.496107,-1,9873
104.007973,30.71892,-1,9874
103.67803,31.029901,212,9875
103.524525,30.200027,-1,9876
103.969534,30.982192,167,9877
104.512841,30.420393,171,9878
102.739146,29.429918,-1,9879
104.011002,30.475004,-1,9880
103.812087,30.632376,65,9881
104.525691,30.671107,-1,9882
103.811281,30.630294,-1,9883
103.642266,30.943294,-1,9884
104.489595,30.493772,7,9885
104.671317,30.055186,-1,9886
103.413721,31.061344,-1,9887
104.05161,30.541388,244,9888
103.888241,30.556228,118,9889
104.166046,30.712259,102,9890
104.111725,30.718379,-1,9891
104.202546,30.7262,21,9892
104.312086,30.298667,158,9893
103.883602,30.666073,67,9894
104.152845,30.781759,-1,9895
104.06923,30.692466,-1,9896
104.320441,30.277864,46,9897
103.939561,30.421918,-1,9898
104.151378,30.636746,-1,9899
103.460136,30.74687,9,9900
104.222098,30.908717,-1,9901
104.056379,30.76317,129,9902
103.957191,30.948662,-1,9903
104.590847,30.132324,-1,9904
103.936071,30.614133,39,9905
103.936007,30.905238,44,9906
103.954632,30.952816,-1,9907
104.082153,30.763548,-1,9908
103.673776,30.422894,-1,9909
104.071391,30.725126,174,9910
104.072186,30.356156,-1,9911
104.20348,30.726293,21,9912
104.55498,30.354595,-1,9913
103.988664,30.627638,18,9914
103.717851,30.572925,-1,9915
104.0186,30.887934,-1,9916
104.152952,30.544113,-1,9917
104.413112,30.944707,-1,9918
104.251206,30.526476,-1,9919
103.958366,30.463146,-1,9920
103.977771,30.469797,-1,9921
104.148838,30.519265,-1,9922
104.33634,30.644746,-1,9923
104.221159,30.834977,-1,9924
104.456887,30.856552,-1,9925
104.011196,30.482781,-1,9926
104.020794,29.139412,119,9927
104.072759,30.41571,-1,9928
103.634093,30.487755,-1,9929
103.709453,30.393597,155,9930
103.883594,30.666084,67,9931
103.496814,30.174857,-1,9932
103.851294,31.059402,-1,9933
104.195363,30.738043,238,9934
103.929385,30.511391,-1,9935
104.075191,30.551041,-1,9936
102.071055,31.577728,-1,9937
104.059894,30.387445,-1,9938
104.084052,30.454311,271,9939
104.233422,30.72526,-1,9940
104.105074,30.389435,-1,9941
104.033837,30.466036,-1,9942
104.085514,30.834363,-1,9943
104.496442,30.47166,-1,9944
103.886821,30.820267,185,9945
103.743098,30.395584,-1,9946
104.055648,30.420942,-1,9947
103.923318,30.767139,-1,9948
104.090115,30.741942,-1,9949
104.065372,30.790768,-1,9950
104.17456,30.663651,148,9951
104.191814,30.790529,184,9952
104.003079,30.583847,-1,9953
104.487436,30.492925,7,9954
103.882297,30.719804,-1,9955
103.970795,30.650472,8,9956
103.72696,30.557146,-1,9957
103.524525,30.200027,-1,9958
104.102959,30.497142,-1,9959
104.106875,30.520794,-1,9960
103.454519,30.417242,-1,9961
104.509991,30.352729,43,9962
104.511116,30.352824,43,9963
104.069858,30.381361,-1,9964
104.166639,30.65771,-1,9965
104.572882,30.708895,-1,9966
103.977763,30.688676,203,9967
104.105211,30.389719,-1,9968
103.643342,30.467531,-1,9969
104.161701,30.599629,60,9970
103.962609,30.663117,-1,9971
104.025629,31.152334,-1,9972
104.101354,30.775668,-1,9973
103.861511,30.804082,71,9974
104.173142,30.646193,-1,9975
103.91261,30.979296,264,9976
103.855316,30.634453,-1,9977
104.17744,30.718818,120,9978
104.489891,30.460793,-1,9979
103.974473,31.067841,-1,9980
104.108351,30.508197,-1,9981
103.678356,31.03014,212,9982
103.896013,30.66612,37,9983
104.28677,30.666091,-1,9984
104.053148,30.454189,-1,9985
104.592426,30.019054,-1,9986
104.014807,30.617093,-1,9987
104.43129,30.602553,-1,9988
104.057496,30.649009,202,9989
103.936317,30.905301,44,9990
104.045091,30.453682,-1,9991
104.021021,29.139464,119,9992
103.683782,30.612783,76,9993
104.053162,30.537982,-1,9994
104.309057,30.865375,108,9995
104.247696,30.55503,75,9996
103.889696,30.383745,205,9997
104.05086,30.476074,47,9998
104.531892,30.452634,-1,9999
103.976726,30.444954,-1,10000
104.538126,31.861499,-1,10001
104.111289,30.535739,-1,10002
103.716939,30.59367,-1,10003
104.134162,30.372576,-1,10004
104.087067,30.732254,-1,10005
103.887703,30.585312,-1,10006
104.176378,30.778668,-1,10007
103.923442,30.716668,58,10008
104.32323,30.645073,111,10009
103.999873,30.483503,-1,10010
104.166928,30.605956,-1,10011
104.004491,30.737666,-1,10012
103.831309,30.667969,-1,10013
103.64229,30.716129,-1,10014
104.225752,30.791514,62,10015
104.245393,30.645416,79,10016
104.238114,30.653067,133,10017
103.970954,30.631609,-1,10018
104.069271,30.692531,-1,10019
104.501551,30.427399,-1,10020
104.050323,30.454281,-1,10021
104.274145,30.654646,-1,10022
103.553067,30.22081,116,10023
104.020242,30.651699,-1,10024
104.261374,31.078805,-1,10025
103.877301,30.562463,-1,10026
103.674266,30.731253,-1,10027
104.367379,30.638634,-1,10028
104.55165,30.735494,-1,10029
104.041777,30.460983,-1,10030
103.348423,30.419082,-1,10031
104.189203,30.792902,-1,10032
104.219714,31.567311,-1,10033
104.55165,30.735494,-1,10034
104.046348,30.565412,-1,10035
104.287745,30.682099,-1,10036
103.956784,30.030611,265,10037
104.222617,30.711727,-1,10038
104.292962,30.32209,-1,10039
104.165854,30.628562,29,10040
103.718885,30.593587,36,10041
104.167456,30.718938,-1,10042
104.04656,30.539622,112,10043
104.105211,30.587324,-1,10044
104.025472,30.157547,-1,10045
104.070303,30.729717,-1,10046
104.047506,30.634413,-1,10047
104.203184,30.726146,21,10048
103.861226,30.803872,71,10049
104.174972,31.627037,-1,10050
103.907075,30.634408,-1,10051
103.936433,30.905796,44,10052
104.203303,30.726201,21,10053
104.30874,30.8655,108,10054
103.699807,30.523037,-1,10055
104.006672,30.592353,141,10056
103.695948,30.396114,272,10057
104.243458,30.650209,12,10058
104.323741,30.704545,-1,10059
104.202671,30.725977,21,10060
104.123052,30.515373,-1,10061
103.685401,30.619273,-1,10062
103.060759,30.027885,-1,10063
104.138595,30.405994,-1,10064
103.912569,30.978601,264,10065
104.566106,30.371661,11,10066
103.937285,30.614618,39,10067
104.037632,30.357313,259,10068
104.111296,30.576949,-1,10069
104.511691,30.421808,-1,10070
104.343969,30.306413,-1,10071
104.247157,30.657704,-1,10072
103.260334,30.579109,-1,10073
104.046038,30.557488,-1,10074
104.010619,30.517273,-1,10075
103.893763,30.585554,-1,10076
104.302493,30.99406,-1,10077
104.09571,30.594229,-1,10078
104.26383,29.941502,53,10079
104.027348,31.355091,-1,10080
103.465179,30.438462,123,10081
104.099175,30.570113,-1,10082
104.00372,30.483193,-1,10083
103.859668,31.066655,-1,10084
103.082107,30.37383,-1,10085
104.273089,30.681139,-1,10086
103.402423,30.739832,-1,10087
103.695592,30.395242,-1,10088
104.304353,30.994049,-1,10089
104.327894,30.305942,222,10090
103.952675,30.427908,230,10091
103.922641,30.574163,-1,10092
103.826194,30.570763,-1,10093
103.893002,30.513649,114,10094
104.580045,30.116659,-1,10095
104.224009,30.566514,55,10096
104.316655,30.95146,-1,10097
104.177021,30.70156,-1,10098
103.763047,30.042473,-1,10099
104.2541,30.644096,-1,10100
103.884889,30.388665,180,10101
103.038912,30.399045,-1,10102
104.108235,30.739649,-1,10103
104.18833,30.53586,-1,10104
103.754353,31.014821,-1,10105
103.080288,30.373213,-1,10106
103.937509,30.619332,121,10107
104.46627,30.793943,-1,10108
103.985724,30.596192,-1,10109
104.006672,30.592353,141,10110
103.982408,30.586735,-1,10111
104.042939,30.583034,-1,10112
103.970149,30.658585,-1,10113
103.912645,30.824763,150,10114
104.500882,30.475696,-1,10115
103.937507,30.614203,39,10116
104.109666,30.56859,-1,10117
103.9884,30.627693,18,10118
104.555579,30.352659,143,10119
103.798718,30.448455,-1,10120
104.106539,30.768368,221,10121
103.9105,30.236585,-1,10122
104.251165,30.803337,-1,10123
104.254607,30.859861,165,10124
103.691272,30.641225,-1,10125
103.734104,31.104116,-1,10126
103.803559,30.453632,-1,10127
104.051583,30.541213,244,10128
103.834831,30.816682,-1,10129
104.140488,30.411327,-1,10130
104.213185,30.768994,-1,10131
103.956864,30.031006,265,10132
104.472489,30.493316,240,10133
104.061232,30.419149,66,10134
103.883484,30.339682,-1,10135
104.201633,30.739358,182,10136
104.390186,30.33271,-1,10137
104.32324,30.645049,111,10138
104.118332,30.757159,88,10139
104.567789,30.706967,252,10140
104.200943,30.733669,187,10141
104.17695,30.718887,120,10142
103.647214,30.514481,-1,10143
104.165344,30.659031,54,10144
103.816268,30.633557,65,10145
103.971278,30.65056,8,10146
103.987121,30.216019,-1,10147
104.17881,30.520753,-1,10148
104.096287,30.546676,-1,10149
104.085056,30.749009,-1,10150
103.856094,30.671306,-1,10151
103.695592,30.395242,-1,10152
104.11976,30.110691,-1,10153
103.789967,30.603961,-1,10154
104.168767,30.741614,163,10155
103.908487,30.542986,94,10156
103.969654,30.822063,-1,10157
103.948014,30.327296,-1,10158
103.560046,30.548562,154,10159
103.995034,30.68048,-1,10160
103.850084,30.208039,-1,10161
104.250507,30.776145,-1,10162
104.118663,30.757078,88,10163
104.004171,30.875168,-1,10164
103.67364,30.904019,-1,10165
104.099734,30.498795,-1,10166
104.222221,30.834918,-1,10167
103.634274,30.952324,-1,10168
104.114473,30.750713,208,10169
104.363546,30.657544,263,10170
103.902101,30.834275,173,10171
104.14038,30.370388,-1,10172
104.225747,30.790723,62,10173
103.781797,30.653662,-1,10174
103.952689,30.999571,-1,10175
104.553398,30.35428,-1,10176
104.17715,30.71857,120,10177
104.258011,30.832238,-1,10178
104.258011,30.832238,-1,10179
104.125351,30.76951,85,10180
104.214617,30.583598,128,10181
104.054925,30.457946,31,10182
104.206832,30.648418,-1,10183
104.226168,30.7917,62,10184
103.976226,30.404572,-1,10185
103.975728,30.197069,-1,10186
104.203444,30.726183,21,10187
103.963435,30.56075,-1,10188
104.011268,30.692484,-1,10189
103.48505,30.605755,-1,10190
103.871899,30.779116,86,10191
103.855021,30.443453,-1,10192
104.236062,30.647005,35,10193
104.038708,30.359832,-1,10194
104.44093,30.465461,-1,10195
103.547618,30.37415,-1,10196
104.505388,30.353675,-1,10197
103.778136,30.638559,-1,10198
103.691126,30.61015,-1,10199
103.604503,30.740157,-1,10200
103.967526,30.585958,126,10201
104.234702,30.646405,35,10202
104.353386,30.995979,-1,10203
103.845774,30.439118,-1,10204
104.321029,30.82693,-1,10205
104.151713,30.634528,-1,10206
104.242788,30.65008,12,10207
103.81693,30.904041,-1,10208
104.043955,30.446822,15,10209
104.188631,30.731806,-1,10210
104.499009,30.427408,-1,10211
104.348238,30.530084,-1,10212
103.816651,30.35158,-1,10213
104.22467,30.804634,-1,10214
103.964446,30.637432,142,10215
104.522794,30.437157,-1,10216
104.286971,30.697051,239,10217
104.114722,30.470513,-1,10218
103.917222,30.397752,-1,10219
104.538407,30.661041,-1,10220
104.118791,30.75786,88,10221
103.885799,31.028435,73,10222
104.196226,30.527676,224,10223
103.843184,30.576898,-1,10224
104.014342,30.557473,-1,10225
103.999165,30.743256,137,10226
104.321048,30.283044,-1,10227
103.898408,30.403632,-1,10228
103.712594,30.575636,-1,10229
104.106205,30.45161,-1,10230
103.517057,30.749897,223,10231
104.101029,30.810345,-1,10232
103.64248,30.943162,-1,10233
104.202049,30.726211,21,10234
104.221263,30.639454,45,10235
103.671844,30.332606,-1,10236
104.327108,30.306079,222,10237
103.664563,30.96021,-1,10238
103.701644,30.602249,3,10239
103.825028,30.582628,-1,10240
103.879351,30.710811,-1,10241
103.536612,30.569821,-1,10242
104.376761,30.765777,-1,10243
104.022252,30.501187,-1,10244
104.115484,30.466585,-1,10245
104.31812,30.917127,-1,10246
103.868095,30.779825,92,10247
103.294926,30.208429,-1,10248
104.093535,30.580999,10,10249
104.275087,30.633706,-1,10250
104.245248,30.55358,-1,10251
104.015591,30.554756,-1,10252
104.323433,30.644763,111,10253
103.465479,30.437624,123,10254
103.448883,30.483854,-1,10255
103.896811,30.666516,37,10256
104.191302,31.033105,-1,10257
104.357084,30.660517,-1,10258
104.564835,30.37093,11,10259
103.348926,30.366083,-1,10260
104.296514,30.993241,179,10261
104.085253,30.683277,229,10262
104.114276,30.579015,0,10263
104.153773,30.616113,-1,10264
104.441658,30.479264,-1,10265
104.316808,30.461883,-1,10266
104.496442,30.47166,-1,10267
104.358401,30.662061,-1,10268
103.753164,30.347815,-1,10269
104.448674,30.857316,-1,10270
104.046503,30.451402,-1,10271
104.128759,30.627567,-1,10272
104.112637,30.832972,-1,10273
103.948496,30.554084,-1,10274
103.932178,30.726211,-1,10275
104.305298,30.243968,-1,10276
104.185773,30.718481,153,10277
104.577543,30.687198,-1,10278
104.186319,30.761508,-1,10279
104.105978,30.587259,-1,10280
103.937285,30.614618,39,10281
104.007139,30.568813,-1,10282
104.223727,30.885218,-1,10283
104.324722,30.701019,-1,10284
103.819249,30.930934,-1,10285
104.14197,30.782166,-1,10286
104.099297,30.570202,-1,10287
103.916504,30.369148,227,10288
104.167556,30.637583,138,10289
104.028486,30.337783,-1,10290
104.214175,30.651749,217,10291
103.44262,30.402012,-1,10292
104.058733,30.236045,-1,10293
104.268907,31.015253,-1,10294
104.178838,30.783246,34,10295
104.108535,30.875366,-1,10296
103.64253,30.942603,-1,10297
103.68009,30.942918,-1,10298
104.109978,30.766898,248,10299
104.243536,30.650627,12,10300
104.2429,30.6506,12,10301
104.145332,30.829567,-1,10302
104.138936,30.01137,-1,10303
103.797193,30.643843,-1,10304
103.917202,30.683569,40,10305
104.243004,30.64555,79,10306
104.317677,30.897661,-1,10307
104.242636,30.650519,12,10308
103.681019,30.948084,-1,10309
103.990897,30.544295,-1,10310
104.064533,30.665661,-1,10311
104.139487,30.010769,-1,10312
103.799417,29.771395,-1,10313
104.044722,30.444879,15,10314
103.914539,30.563914,-1,10315
104.114382,30.579529,0,10316
103.940682,30.614172,136,10317
103.803478,30.758683,-1,10318
103.88632,30.500529,-1,10319
103.813485,30.632795,65,10320
104.344661,30.828025,78,10321
103.435383,30.377308,-1,10322
103.524293,30.395612,-1,10323
104.202234,30.425682,-1,10324
103.892915,30.447243,72,10325
104.045389,30.568413,-1,10326
104.464463,30.489586,-1,10327
104.000181,30.520271,-1,10328
104.056477,30.660704,-1,10329
104.059562,30.424792,-1,10330
104.071264,30.725253,174,10331
104.343362,30.826189,-1,10332
104.164495,30.395149,-1,10333
104.323682,30.296221,-1,10334
104.377814,30.313347,106,10335
104.037818,30.659744,68,10336
104.52162,30.417872,-1,10337
104.079457,30.513072,131,10338
103.907559,30.234352,-1,10339
104.041944,30.240311,-1,10340
103.893203,30.447527,72,10341
104.24297,30.645469,79,10342
103.978911,30.467515,-1,10343
103.912946,30.825171,150,10344
104.020552,30.549763,-1,10345
104.448431,30.473007,-1,10346
103.722558,30.591543,-1,10347
104.087036,30.804231,-1,10348
103.908967,30.543119,94,10349
103.847215,30.540444,-1,10350
103.859344,30.827371,27,10351
103.986723,30.485206,-1,10352
103.782783,30.711277,-1,10353
104.242502,30.650188,12,10354
103.876348,30.169892,-1,10355
104.041528,30.452017,-1,10356
103.969629,30.981816,167,10357
104.084518,30.454613,271,10358
103.87204,30.699645,-1,10359
103.935195,30.905331,44,10360
104.086391,30.758395,1,10361
104.020253,30.24113,-1,10362
104.325302,30.98855,-1,10363
104.08351,30.719788,254,10364
103.887395,30.52861,104,10365
104.221995,30.709518,209,10366
103.897375,30.836215,56,10367
104.053931,30.457617,31,10368
104.520284,29.804794,-1,10369
104.750219,29.745843,-1,10370
104.486144,30.352148,-1,10371
103.951366,30.45433,-1,10372
104.065256,30.179337,183,10373
104.489595,30.493772,7,10374
103.876787,30.174173,-1,10375
104.573155,30.368358,-1,10376
103.914208,30.677295,-1,10377
104.49677,30.493131,-1,10378
104.072006,30.36289,-1,10379
104.428627,30.91668,-1,10380
104.569469,30.371773,-1,10381
103.865656,30.528576,-1,10382
104.057611,30.617829,-1,10383
104.113505,30.580679,0,10384
104.010197,30.745088,-1,10385
103.503842,31.365106,-1,10386
103.959437,30.16236,-1,10387
104.273089,30.681123,-1,10388
104.308185,31.127127,-1,10389
104.567587,30.375133,-1,10390
103.664075,30.901,-1,10391
104.124755,30.769013,85,10392
103.696907,30.396228,272,10393
104.037839,30.659777,68,10394
103.678002,31.029974,212,10395
104.118381,30.757205,88,10396
103.959438,30.569312,-1,10397
104.205277,30.743405,-1,10398
104.095349,30.541053,38,10399
104.026097,30.662239,-1,10400
104.092254,30.219699,-1,10401
104.242524,30.651101,12,10402
103.908003,30.660468,-1,10403
104.025617,30.686909,-1,10404
104.037336,30.357394,259,10405
104.006511,30.592343,141,10406
103.870995,30.462345,-1,10407
103.816652,30.633778,65,10408
104.162189,30.685553,-1,10409
103.883571,30.719518,-1,10410
104.268978,30.578664,139,10411
104.047024,30.587823,-1,10412
103.824534,31.156855,-1,10413
104.026127,30.909273,-1,10414
104.008697,30.590745,69,10415
104.326299,30.86016,57,10416
103.861648,30.80442,71,10417
103.486191,30.407912,-1,10418
103.916196,30.369115,227,10419
104.096252,30.569485,-1,10420
104.223911,30.884986,-1,10421
103.816138,30.486019,-1,10422
103.988706,30.627944,18,10423
104.196078,30.527786,224,10424
104.059562,30.424792,-1,10425
104.112076,30.752884,30,10426
103.973875,31.032301,-1,10427
104.303383,30.99378,-1,10428
104.146038,30.886013,-1,10429
104.491703,30.460519,-1,10430
104.363618,30.328997,-1,10431
103.937459,30.613355,39,10432
104.005615,30.48237,-1,10433
104.327613,30.306014,222,10434
104.093942,30.719594,-1,10435
104.508993,30.428017,-1,10436
103.877177,30.490939,169,10437
104.115364,31.512534,-1,10438
103.95106,30.501134,-1,10439
104.215146,30.7418,-1,10440
103.549495,30.211179,-1,10441
103.999207,30.467141,215,10442
104.098538,30.885168,261,10443
104.2449,30.64515,79,10444
104.238228,30.652944,133,10445
103.455628,30.418717,-1,10446
104.121281,30.539618,83,10447
103.643021,30.853265,-1,10448
103.700143,31.099136,-1,10449
103.935611,30.905603,44,10450
104.384514,30.857366,-1,10451
104.603783,30.685029,-1,10452
104.203415,30.726234,21,10453
104.089049,30.833177,-1,10454
104.221751,30.726439,-1,10455
104.363369,30.840599,-1,10456
104.099131,30.426973,-1,10457
104.18808,30.514534,-1,10458
104.51313,30.420027,171,10459
103.837012,30.342524,-1,10460
103.847916,30.404587,-1,10461
104.04896,30.600983,-1,10462
103.847204,30.430009,-1,10463
104.345694,30.668266,-1,10464
104.194797,30.681523,-1,10465
104.185664,30.684698,22,10466
103.848093,30.644041,-1,10467
104.06203,30.419262,66,10468
104.185799,30.720194,153,10469
103.781914,30.675886,220,10470
104.118715,30.756566,88,10471
104.531086,31.318946,-1,10472
103.638593,30.478101,-1,10473
103.506033,30.559274,253,10474
103.710313,29.09147,-1,10475
103.932559,30.425292,-1,10476
102.250552,29.75126,-1,10477
103.907928,30.648523,-1,10478
104.046936,30.453486,-1,10479
103.532115,31.404843,-1,10480
104.102999,30.703874,-1,10481
104.408442,30.476506,-1,10482
104.464651,30.491438,-1,10483
103.680971,30.803474,-1,10484
103.851055,30.820248,41,10485
103.597839,30.525765,-1,10486
104.087796,30.551334,-1,10487
103.895891,30.666135,37,10488
104.367334,30.737219,-1,10489
104.005005,30.484901,-1,10490
103.969904,31.006498,-1,10491
104.387324,30.287403,-1,10492
104.244964,30.640329,-1,10493
103.849541,30.638299,-1,10494
103.497359,30.567039,191,10495
103.74925,30.530315,-1,10496
103.882693,30.164152,-1,10497
103.937415,30.61933,121,10498
104.023257,30.542274,-1,10499
104.567949,30.707064,252,10500
104.35875,31.161487,-1,10501
103.998779,30.756098,-1,10502
104.253231,30.274259,-1,10503
103.781645,30.640366,-1,10504
104.421605,30.903645,-1,10505
104.756564,30.633116,162,10506
104.036282,30.48937,-1,10507
104.231991,30.658553,-1,10508
103.874161,30.479636,273,10509
103.811788,30.632378,65,10510
103.881016,30.488013,-1,10511
104.323208,30.307459,-1,10512
104.055941,30.457579,31,10513
103.535856,30.742484,-1,10514
104.07809,30.372277,-1,10515
103.933957,30.803438,-1,10516
103.982976,30.598206,-1,10517
104.75658,30.633316,162,10518
104.093556,30.581169,10,10519
103.733935,30.516454,-1,10520
103.605135,31.065205,-1,10521
104.081808,30.470899,-1,10522
104.048613,30.462296,-1,10523
104.464586,30.471565,-1,10524
103.999641,30.466426,215,10525
103.923122,30.717066,58,10526
104.080528,30.688892,-1,10527
103.89797,30.661917,-1,10528
104.162363,31.461404,-1,10529
104.227271,30.803334,-1,10530
104.091966,30.217999,-1,10531
104.085988,30.456603,-1,10532
104.170715,30.615231,200,10533
103.885702,30.590093,-1,10534
104.086118,30.681127,-1,10535
104.028856,30.521044,-1,10536
103.977795,30.469686,-1,10537
103.838296,30.740773,-1,10538
104.185494,30.716752,-1,10539
103.90918,30.864128,-1,10540
104.069809,30.768525,5,10541
104.071441,30.725073,174,10542
103.79873,29.772878,-1,10543
103.945704,30.456908,-1,10544
104.272678,30.81456,-1,10545
103.45867,30.988156,-1,10546
104.051414,30.476659,47,10547
103.452093,30.475098,-1,10548
103.893539,30.513737,114,10549
104.183413,30.786469,-1,10550
104.535098,30.654486,-1,10551
104.050143,30.476639,47,10552
103.728002,30.558997,-1,10553
103.912641,30.824825,150,10554
104.545243,30.396067,-1,10555
104.029564,30.477216,-1,10556
104.242508,30.651137,12,10557
104.392098,30.283756,175,10558
103.779053,30.407254,-1,10559
104.857616,29.752134,-1,10560
104.242502,30.650188,12,10561
104.020896,29.139638,119,10562
104.166847,30.564761,-1,10563
104.108179,30.557169,-1,10564
104.356351,30.660879,-1,10565
104.109444,30.595366,-1,10566
103.672886,30.912549,-1,10567
104.576441,30.71788,-1,10568
104.05872,30.651217,-1,10569
104.23563,30.860522,-1,10570
104.055318,30.457505,31,10571
104.115744,30.583252,-1,10572
103.674996,30.731088,-1,10573
104.530014,30.644112,-1,10574
104.642053,29.527743,-1,10575
104.312483,30.874734,237,10576
104.051641,30.757814,-1,10577
103.888489,30.556836,118,10578
104.354201,30.43571,135,10579
104.046035,30.566616,-1,10580
104.150025,30.622753,-1,10581
104.411331,30.344381,-1,10582
103.814678,30.633087,65,10583
104.517372,30.390846,-1,10584
104.054083,30.458736,-1,10585
103.45994,30.74698,9,10586
104.194766,30.68139,-1,10587
104.671317,30.055186,-1,10588
104.104469,30.449592,-1,10589
103.966028,30.435525,-1,10590
104.226229,30.52518,242,10591
103.553232,30.22109,116,10592
104.081407,30.695948,-1,10593
104.151592,30.775806,-1,10594
103.985639,30.779242,-1,10595
103.960195,30.62066,-1,10596
104.049915,30.476708,47,10597
103.971437,30.932987,-1,10598
104.008841,30.590564,69,10599
104.342191,30.926694,-1,10600
104.125346,30.769691,85,10601
103.865085,30.346858,-1,10602
104.241229,30.657038,-1,10603
103.981262,30.785425,50,10604
103.938557,30.616256,-1,10605
103.695994,30.406882,-1,10606
103.902927,30.242493,-1,10607
103.061286,30.020168,-1,10608
103.855368,30.710839,-1,10609
104.164379,30.658932,54,10610
103.653136,30.920408,204,10611
103.61795,30.994187,-1,10612
104.24479,30.645707,79,10613
104.575664,30.344996,-1,10614
104.096231,30.542942,38,10615
104.3974,30.843148,-1,10616
103.450783,30.471632,-1,10617
103.929547,30.945055,-1,10618
104.328719,30.278705,-1,10619
104.225849,30.790616,62,10620
104.489542,30.493685,7,10621
103.844805,30.637574,-1,10622
103.949056,30.515773,-1,10623
104.248969,30.772733,-1,10624
104.354362,30.288361,-1,10625
103.90918,30.864128,-1,10626
104.100217,30.667622,-1,10627
104.125163,30.77002,85,10628
103.999472,30.468392,215,10629
104.20237,30.598266,-1,10630
103.968895,30.498663,-1,10631
103.888752,30.867403,-1,10632
104.045963,30.449196,-1,10633
104.323302,30.645053,111,10634
104.075638,30.747006,-1,10635
104.304345,30.991822,-1,10636
104.320273,30.277781,46,10637
103.766562,30.536616,-1,10638
103.969385,30.366465,134,10639
104.183003,30.888535,-1,10640
104.4628,30.34976,-1,10641
103.918211,30.683862,40,10642
104.250686,30.541523,-1,10643
103.884345,30.605292,-1,10644
104.11324,30.508071,-1,10645
104.202871,31.18812,-1,10646
103.875082,30.479756,273,10647
104.268913,31.015368,-1,10648
103.443575,30.750738,-1,10649
104.581197,30.112058,-1,10650
103.873338,30.828701,-1,10651
104.122283,30.539653,83,10652
103.892401,30.393934,-1,10653
104.603783,30.685029,-1,10654
103.673851,30.422831,-1,10655
104.448368,30.4726,-1,10656
104.236377,30.64657,35,10657
103.971995,30.542284,157,10658
104.107725,30.718875,-1,10659
104.235406,30.646955,35,10660
103.883154,30.665891,67,10661
104.204636,30.672732,-1,10662
103.984764,30.218791,-1,10663
104.344158,30.82744,78,10664
104.107699,30.951203,-1,10665
104.100565,30.4591,214,10666
103.972921,30.624867,-1,10667
104.2038,30.726009,21,10668
104.000442,30.430654,-1,10669
103.061128,30.027886,-1,10670
104.245959,30.645708,79,10671
104.342203,31.150003,258,10672
104.019424,30.450979,-1,10673
103.754201,31.015205,-1,10674
104.358307,30.661985,-1,10675
103.96977,30.981784,167,10676
104.097327,30.569093,-1,10677
104.223863,30.675276,197,10678
104.188096,30.514684,-1,10679
104.10254,30.536955,193,10680
103.969176,30.36653,134,10681
104.08161,30.518859,-1,10682
103.831098,30.325402,-1,10683
103.713729,30.526061,-1,10684
104.312389,30.874547,237,10685
103.559944,30.548614,154,10686
104.354797,30.485236,-1,10687
103.469619,30.392271,-1,10688
104.140912,30.661446,-1,10689
104.111857,31.07591,-1,10690
104.25537,30.531322,105,10691
104.258609,30.649783,-1,10692
103.553304,30.221188,116,10693
103.902194,30.83519,173,10694
104.037234,30.328404,132,10695
103.709206,29.158807,-1,10696
104.114275,30.750454,208,10697
103.561225,30.748522,207,10698
103.634533,30.952217,-1,10699
104.538235,30.724036,-1,10700
103.661038,30.961235,28,10701
104.22236,30.709785,209,10702
103.997709,30.455586,-1,10703
104.973755,29.871238,61,10704
104.02866,30.195907,-1,10705
102.810423,30.018471,-1,10706
103.973447,30.991169,-1,10707
104.392812,31.165693,-1,10708
104.094334,30.484231,-1,10709
103.497009,30.547224,107,10710
103.869471,30.402903,-1,10711
104.263525,29.942046,53,10712
104.174927,30.718298,-1,10713
104.488178,30.493206,7,10714
104.417791,30.921892,-1,10715
103.712971,30.806171,-1,10716
104.061254,30.492341,-1,10717
104.087639,30.759953,-1,10718
103.993256,30.923828,-1,10719
104.303967,30.254701,-1,10720
104.36464,30.996556,-1,10721
103.877534,30.491141,169,10722
103.988632,30.628142,18,10723
104.022237,30.448561,-1,10724
103.957256,30.767226,-1,10725
103.858266,30.632996,-1,10726
104.582101,30.115342,267,10727
104.050769,30.665074,-1,10728
104.205374,30.507959,-1,10729
104.078948,30.683926,-1,10730
104.080528,30.688892,-1,10731
103.951699,31.012889,235,10732
104.231396,30.525821,-1,10733
104.05609,30.848149,98,10734
104.03158,30.858177,87,10735
104.278904,29.936979,-1,10736
103.857826,31.065623,117,10737
104.203685,30.725965,21,10738
104.05605,30.848061,98,10739
103.404304,30.743002,-1,10740
103.383866,30.731003,-1,10741
103.952702,30.427891,230,10742
103.761181,30.598702,-1,10743
103.9549,30.491934,-1,10744
104.053504,30.465909,19,10745
104.168556,30.741554,163,10746
104.012836,30.84303,-1,10747
104.485748,30.444371,-1,10748
104.496442,30.47166,-1,10749
103.918143,30.683924,40,10750
103.884917,30.388607,180,10751
103.825502,30.452041,-1,10752
103.941995,30.279593,-1,10753
104.327613,30.306014,222,10754
103.661518,30.961096,28,10755
104.074446,30.685663,-1,10756
103.917171,30.694451,-1,10757
104.180679,30.703704,269,10758
104.101447,30.516284,-1,10759
104.081169,30.699197,-1,10760
103.323538,30.336937,-1,10761
104.046415,30.559311,-1,10762
104.021562,30.549727,-1,10763
104.166041,30.712562,102,10764
103.845292,30.431855,-1,10765
104.16447,30.658693,54,10766
103.946828,30.553781,-1,10767
103.866182,30.304847,-1,10768
103.883513,30.666009,67,10769
104.289362,30.845574,-1,10770
104.50842,30.354148,-1,10771
103.953248,30.60783,-1,10772
104.472489,30.493316,240,10773
104.188205,30.793434,-1,10774
103.874266,30.479819,273,10775
104.106937,30.490998,178,10776
103.462062,30.60957,-1,10777
104.305542,30.686686,-1,10778
104.057815,30.475822,-1,10779
103.505476,30.198115,-1,10780
104.006937,30.232963,-1,10781
103.96942,30.194969,-1,10782
104.456964,30.856883,-1,10783
103.936897,30.781649,-1,10784
104.236035,30.646869,35,10785
104.064781,30.486847,-1,10786
104.016365,29.141853,-1,10787
103.815863,30.642475,-1,10788
103.854773,30.635216,-1,10789
103.651504,31.443451,-1,10790
104.114403,30.579759,0,10791
103.950156,30.48719,-1,10792
103.935247,30.424792,-1,10793
103.856186,30.41873,-1,10794
103.961146,30.940851,161,10795
104.202567,31.188931,-1,10796
103.896083,30.6663,37,10797
103.661202,30.961171,28,10798
104.224554,30.793821,95,10799
104.106938,30.4906,178,10800
103.64759,30.933348,-1,10801
104.057833,30.551439,-1,10802
104.072577,30.259636,-1,10803
104.162113,30.682929,-1,10804
103.863896,30.463696,-1,10805
103.554343,30.607536,-1,10806
104.235646,30.646438,35,10807
103.914863,30.70948,-1,10808
103.889723,30.377285,-1,10809
103.642829,30.943391,-1,10810
104.186143,30.756588,-1,10811
104.218972,30.655352,-1,10812
103.994539,30.764848,89,10813
103.84411,31.143923,-1,10814
103.887425,30.528613,104,10815
104.151677,30.539793,-1,10816
104.174595,30.715239,59,10817
103.973353,30.579485,268,10818
103.685217,30.619389,-1,10819
104.160356,30.483617,-1,10820
103.654,30.896977,-1,10821
104.078333,30.440258,-1,10822
104.33099,30.64441,16,10823
104.487839,30.427375,81,10824
104.202271,30.55361,-1,10825
104.098878,30.780613,-1,10826
104.476109,30.425024,-1,10827
104.22928,30.854641,-1,10828
103.820027,30.466119,-1,10829
104.262621,30.852155,-1,10830
104.36464,30.996556,-1,10831
104.181309,30.703921,269,10832
103.869943,30.781384,-1,10833
104.106504,30.740514,194,10834
103.792409,29.723331,-1,10835
103.533349,30.693797,-1,10836
103.701733,30.602549,3,10837
104.022429,30.459434,-1,10838
103.875307,30.715025,-1,10839
104.071488,30.688666,84,10840
104.178485,30.782866,34,10841
104.235397,30.646695,35,10842
104.027036,31.378822,-1,10843
104.125163,30.77002,85,10844
103.880397,30.500601,-1,10845
103.763319,30.042775,-1,10846
104.098882,30.41409,-1,10847
103.872311,30.631033,-1,10848
104.575114,30.686203,17,10849
103.923564,30.71687,58,10850
104.125204,30.769335,85,10851
104.177294,30.718757,120,10852
103.892899,30.447427,72,10853
103.517057,30.749897,223,10854
104.1347,30.805968,32,10855
103.91458,30.86168,-1,10856
103.987631,30.467456,-1,10857
104.061254,30.492341,-1,10858
104.235702,30.646336,35,10859
103.935231,30.905466,44,10860
103.678289,31.029926,212,10861
103.668318,30.933251,-1,10862
104.296183,30.993824,179,10863
104.063339,30.694078,-1,10864
104.430409,30.965864,-1,10865
103.060574,30.027879,-1,10866
104.039077,30.359891,-1,10867
104.066344,30.597777,-1,10868
103.679196,30.863399,-1,10869
103.908775,30.543287,94,10870
104.219046,30.573836,-1,10871
103.875843,30.731127,-1,10872
104.014508,30.560161,-1,10873
103.727889,30.558844,-1,10874
103.88571,31.028308,73,10875
104.225118,30.707506,51,10876
103.676022,30.907452,-1,10877
104.14158,30.950893,-1,10878
103.974201,30.80009,2,10879
104.11263,30.468261,-1,10880
104.098712,30.702993,-1,10881
104.055723,30.458233,31,10882
104.312157,30.298484,158,10883
103.843419,30.465129,-1,10884
104.106899,30.587044,-1,10885
104.161506,30.599643,60,10886
104.074736,30.464504,-1,10887
103.719168,30.594607,36,10888
104.300626,30.850709,-1,10889
104.053871,30.45709,31,10890
104.055343,30.657607,-1,10891
104.390348,31.063322,-1,10892
104.295789,30.790553,-1,10893
103.964549,30.386562,-1,10894
103.985471,31.045909,-1,10895
103.496997,30.54721,107,10896
103.96586,30.636527,-1,10897
104.354056,30.435618,135,10898
104.046387,30.187085,-1,10899
104.244687,30.647752,-1,10900
104.700605,31.003264,-1,10901
104.039966,30.582636,-1,10902
104.283522,30.527855,-1,10903
104.57253,30.338899,-1,10904
103.388567,31.06069,-1,10905
104.019249,30.651728,-1,10906
104.242499,30.649973,12,10907
104.582677,30.115873,267,10908
104.405253,30.460907,-1,10909
103.710576,30.526245,-1,10910
103.921797,30.248387,-1,10911
104.97365,29.871105,61,10912
103.815901,30.642716,-1,10913
103.647279,30.95146,91,10914
104.242603,30.651035,12,10915
103.867719,30.779465,92,10916
103.52927,30.377481,-1,10917
104.028707,30.551311,-1,10918
103.817147,30.604441,-1,10919
104.105675,30.719172,-1,10920
104.096255,30.542158,38,10921
104.403638,30.825809,-1,10922
104.183841,30.710986,14,10923
104.354241,30.436034,135,10924
104.387626,30.296774,-1,10925
103.670184,30.282524,-1,10926
103.940988,30.9351,-1,10927
103.984819,30.453511,-1,10928
103.917378,30.683896,40,10929
103.998363,30.252971,-1,10930
104.203317,30.725976,21,10931
103.796952,30.646509,-1,10932
104.21407,30.551213,186,10933
104.069576,30.527698,-1,10934
104.199123,30.739903,-1,10935
104.176195,30.778902,-1,10936
103.681916,30.886785,-1,10937
104.372157,30.864475,64,10938
104.11033,30.393902,-1,10939
104.323365,30.645061,111,10940
103.948181,30.672998,-1,10941
103.781902,30.675539,220,10942
103.634348,30.952227,-1,10943
103.893716,30.434388,-1,10944
104.242556,30.651235,12,10945
103.8315,30.667539,-1,10946
103.956401,30.725432,33,10947
103.914905,30.71163,-1,10948
103.883649,30.666027,67,10949
104.31558,30.276557,-1,10950
103.694574,30.420514,-1,10951
103.940661,30.614205,136,10952
103.875843,30.731127,-1,10953
104.050831,30.190179,-1,10954
103.653977,30.926021,52,10955
104.106769,30.532955,-1,10956
104.886966,30.171812,-1,10957
104.102498,30.404406,-1,10958
104.332326,30.756265,-1,10959
104.238083,30.65296,133,10960
104.215542,30.649266,274,10961
104.120023,30.772725,151,10962
103.800936,30.453573,-1,10963
103.113639,29.973117,-1,10964
103.896659,30.666469,37,10965
103.796918,30.398357,-1,10966
104.318877,30.276303,46,10967
103.549527,30.211195,-1,10968
104.165801,30.712665,102,10969
103.956584,30.030987,265,10970
104.042065,30.239268,-1,10971
104.330974,30.644394,16,10972
103.903066,30.658357,130,10973
104.353347,30.360619,-1,10974
104.167969,30.517894,-1,10975
103.923503,30.255855,-1,10976
103.578972,30.845737,-1,10977
104.110114,30.589744,-1,10978
104.224886,30.793702,95,10979
103.790041,29.636231,-1,10980
104.112114,30.579005,0,10981
104.112195,30.50653,-1,10982
103.49526,30.407069,-1,10983
103.862797,30.348339,-1,10984
104.272827,30.326258,-1,10985
104.50018,30.429283,-1,10986
104.312274,30.299636,158,10987
104.106927,30.446298,-1,10988
104.175131,30.719001,-1,10989
103.820732,31.764748,-1,10990
103.952421,30.42804,230,10991
104.214588,30.651901,217,10992
104.102645,30.53699,193,10993
103.901281,30.834585,173,10994
103.558533,30.218727,-1,10995
103.623452,31.494103,-1,10996
104.162384,30.793806,-1,10997
103.904813,30.723527,-1,10998
103.984764,30.218791,-1,10999
104.111857,31.07591,-1,11000
104.498436,30.452949,-1,11001
103.949016,30.515322,-1,11002
104.236149,30.64677,35,11003
103.74091,30.356088,-1,11004
104.260527,30.925244,-1,11005
104.201405,30.739544,182,11006
104.216636,30.648623,274,11007
103.898326,30.375111,-1,11008
103.702127,30.602827,3,11009
103.736049,30.335484,-1,11010
103.86136,30.446249,177,11011
103.489686,30.749494,-1,11012
104.326977,30.306173,222,11013
104.320273,30.277781,46,11014
103.984899,30.453945,-1,11015
103.920968,30.237086,-1,11016
103.972468,30.542318,157,11017
103.85943,30.827321,27,11018
103.912737,30.978986,264,11019
103.80382,31.166492,-1,11020
104.114861,30.45267,232,11021
104.488249,30.493206,7,11022
104.319029,30.273893,-1,11023
103.524525,30.200027,-1,11024
104.025337,31.384245,-1,11025
104.058807,30.650931,-1,11026
103.829551,30.669445,-1,11027
103.662833,30.97102,99,11028
104.342203,31.150003,258,11029
104.505649,30.481567,-1,11030
103.996037,30.487718,-1,11031
104.1924,31.192516,-1,11032
104.048116,30.540863,112,11033
104.745306,30.45166,-1,11034
104.225309,30.67214,-1,11035
104.666987,30.126546,-1,11036
103.969073,31.007922,-1,11037
103.797009,30.646604,-1,11038
103.741389,30.694578,93,11039
104.118381,30.757205,88,11040
104.032165,30.858719,87,11041
104.040445,30.673934,-1,11042
103.957857,30.567274,-1,11043
104.026261,30.768794,-1,11044
104.249136,30.538024,-1,11045
104.584733,30.117756,-1,11046
103.964608,30.636855,142,11047
104.319751,30.276646,46,11048
103.633359,30.480402,-1,11049
104.138609,30.637703,-1,11050
102.731396,29.985123,-1,11051
104.075674,30.440791,-1,11052
104.438669,30.977802,-1,11053
104.112748,30.468684,-1,11054
104.004239,30.592514,-1,11055
104.216652,30.648639,-1,11056
103.819948,30.910855,-1,11057
104.509114,30.352232,43,11058
104.273206,30.647304,-1,11059
104.164741,30.658463,54,11060
104.358214,30.662028,-1,11061
103.506679,30.743237,-1,11062
104.090094,30.832505,-1,11063
103.498561,30.569136,160,11064
103.531501,30.549622,-1,11065
104.083569,30.451344,-1,11066
103.720207,30.563307,-1,11067
104.000624,30.763078,-1,11068
103.883513,30.666075,67,11069
103.479513,31.328519,-1,11070
104.106483,30.465937,-1,11071
104.103832,30.404433,-1,11072
104.549805,30.717607,-1,11073
104.033044,31.285699,-1,11074
104.224085,30.566481,55,11075
104.077617,30.7945,188,11076
103.97382,31.032166,-1,11077
104.141196,30.612269,-1,11078
103.902146,30.834075,173,11079
104.045278,30.445342,15,11080
104.513525,30.513052,-1,11081
104.101901,30.515975,-1,11082
104.063879,30.665636,-1,11083
104.233622,30.794019,-1,11084
104.323265,30.297061,-1,11085
104.037217,30.328784,132,11086
103.932548,30.609694,-1,11087
104.223571,30.674869,197,11088
103.964055,30.809985,-1,11089
103.840902,30.648311,-1,11090
103.701717,30.602456,3,11091
104.582101,30.11471,267,11092
103.997979,30.427296,-1,11093
104.054463,30.727539,-1,11094
104.197017,30.687535,-1,11095
103.999332,30.750786,-1,11096
104.235494,30.646902,35,11097
103.49734,30.567473,191,11098
103.701593,30.602373,3,11099
104.285604,30.696262,-1,11100
103.940046,30.61435,136,11101
103.462724,30.749699,-1,11102
103.922561,30.279275,-1,11103
104.001833,30.473434,-1,11104
104.595675,31.769352,-1,11105
103.969164,30.36662,134,11106
104.323525,30.712595,-1,11107
103.653066,30.92034,204,11108
103.902166,30.634198,-1,11109
103.706332,30.894264,-1,11110
103.377041,30.290984,-1,11111
104.223088,30.803268,-1,11112
103.937041,30.781681,-1,11113
103.96785,30.648634,4,11114
103.182373,30.01068,-1,11115
104.071333,30.725187,174,11116
104.225849,30.790616,62,11117
104.444383,30.983912,-1,11118
103.912641,30.97889,264,11119
104.121486,30.539709,83,11120
104.391184,30.282473,-1,11121
104.081701,30.455708,228,11122
103.938141,30.616355,-1,11123
104.21501,30.582657,128,11124
104.433388,30.334397,-1,11125
103.81735,30.633924,65,11126
104.21055,30.687024,-1,11127
103.914303,30.675431,211,11128
103.817428,31.158546,-1,11129
104.314361,30.874469,-1,11130
103.886705,30.528524,104,11131
103.857984,30.828172,-1,11132
104.391679,30.741203,-1,11133
103.937135,30.613608,39,11134
103.903138,30.658397,130,11135
104.169006,30.741231,163,11136
103.972608,30.429705,-1,11137
104.523274,30.65256,-1,11138
104.006953,30.592738,141,11139
104.072581,30.343595,-1,11140
104.111261,30.510804,-1,11141
104.556427,30.372595,218,11142
103.491124,31.255768,-1,11143
103.682754,30.612772,76,11144
103.613243,30.871583,-1,11145
103.912907,30.97737,-1,11146
103.864,30.867102,-1,11147
103.892211,30.255265,-1,11148
104.099353,30.682135,-1,11149
104.369292,30.294923,-1,11150
104.62719,30.308093,-1,11151
104.071057,30.836505,-1,11152
103.114076,30.096814,-1,11153
104.09873,30.414874,-1,11154
103.93778,30.614188,39,11155
104.445122,30.472877,233,11156
103.973497,30.584573,-1,11157
103.46214,30.368253,-1,11158
104.161701,30.599629,60,11159
104.216588,30.648605,274,11160
104.221175,30.835009,-1,11161
104.080609,30.816859,-1,11162
103.960142,30.152063,-1,11163
104.060273,30.634793,225,11164
104.354201,30.43571,135,11165
104.166692,30.636518,138,11166
104.242472,30.650532,12,11167
103.959887,30.373028,101,11168
103.937524,30.618873,121,11169
103.75787,30.936525,-1,11170
103.909103,30.542937,94,11171
103.452741,30.374759,-1,11172
103.905433,30.810488,24,11173
103.741469,30.694478,93,11174
103.880249,30.978613,-1,11175
104.166818,30.636558,138,11176
104.14007,30.407832,-1,11177
104.308259,31.000239,-1,11178
104.161318,30.599595,60,11179
104.134492,30.375352,-1,11180
104.16511,30.658927,54,11181
104.508516,30.35465,-1,11182
103.933409,30.344909,-1,11183
103.861511,30.804082,71,11184
104.113892,30.579784,0,11185
103.959815,30.517612,201,11186
104.341394,30.825037,-1,11187
103.823785,30.64762,-1,11188
104.081155,30.690968,-1,11189
103.98251,31.072651,-1,11190
104.059809,30.634874,225,11191
104.857674,29.752068,-1,11192
103.944075,30.717566,-1,11193
104.259442,30.847807,-1,11194
104.048532,30.628899,-1,11195
103.560129,30.548769,154,11196
103.929489,30.699725,-1,11197
103.935584,30.905417,44,11198
104.225946,30.793196,62,11199
103.912673,30.824836,150,11200
104.367387,30.304591,262,11201
104.140248,30.392406,-1,11202
103.974473,31.067841,-1,11203
103.539764,30.777612,-1,11204
104.363044,30.351604,-1,11205
103.9411,30.853977,-1,11206
104.042389,30.917053,-1,11207
103.893125,30.513563,114,11208
104.22937,30.854229,-1,11209
103.862454,30.556474,-1,11210
104.239821,30.598097,-1,11211
103.936521,30.614002,39,11212
103.918588,30.312908,-1,11213
104.235853,30.646254,35,11214
103.792533,29.72338,-1,11215
104.055687,30.457305,31,11216
103.924485,30.950222,166,11217
102.919937,30.165085,-1,11218
103.972755,30.960683,-1,11219
104.298473,30.385308,-1,11220
104.210354,30.526202,-1,11221
104.162363,31.461404,-1,11222
104.414321,30.852257,-1,11223
104.199475,30.740223,-1,11224
104.050154,30.476795,47,11225
103.950153,30.676874,-1,11226
104.116777,30.578582,-1,11227
103.890208,30.662519,-1,11228
104.263494,29.942718,53,11229
104.021912,30.523272,257,11230
104.054116,30.468639,-1,11231
103.147253,30.461352,-1,11232
104.096175,30.537745,-1,11233
103.9814,30.785371,50,11234
102.720367,30.857994,-1,11235
103.936101,30.905514,44,11236
104.428502,31.150044,210,11237
104.237899,30.652858,133,11238
103.958286,30.662565,115,11239
102.247033,29.766631,-1,11240
103.681019,30.948084,-1,11241
104.139224,30.708215,-1,11242
104.226054,30.79321,62,11243
104.24282,30.6502,12,11244
104.008783,30.59067,69,11245
103.951699,31.012889,235,11246
104.198774,30.51043,110,11247
104.21564,30.64834,274,11248
104.390632,30.297906,-1,11249
103.905465,30.810474,24,11250
104.303693,30.84305,-1,11251
103.657899,30.428903,-1,11252
103.991822,30.877714,-1,11253
103.832163,30.668239,-1,11254
103.940113,30.614286,136,11255
103.887438,30.592997,-1,11256
103.718838,30.593666,36,11257
104.040896,30.593449,49,11258
104.077599,30.795014,188,11259
103.537019,30.771128,-1,11260
104.327108,30.306079,222,11261
104.324722,30.701019,-1,11262
104.227029,30.787524,-1,11263
104.099472,30.458935,214,11264
103.531698,31.403707,-1,11265
104.333601,30.64458,241,11266
104.039401,30.225485,48,11267
104.183616,30.717284,127,11268
104.037352,30.356994,259,11269
103.964375,30.63711,142,11270
104.095305,30.700545,-1,11271
104.078862,30.365518,147,11272
103.912555,30.824826,150,11273
103.687188,30.399179,-1,11274
103.948014,30.327296,-1,11275
104.366992,30.305717,262,11276
103.998901,30.483562,-1,11277
104.096929,30.758687,-1,11278
103.950211,30.716783,-1,11279
104.037245,30.328537,132,11280
103.914824,30.630905,-1,11281
104.098427,30.885053,261,11282
104.135169,30.805836,32,11283
104.268959,30.930851,-1,11284
104.081128,30.277052,-1,11285
104.474206,30.344815,-1,11286
104.530643,30.412088,-1,11287
104.242452,30.650503,12,11288
104.339081,30.701294,-1,11289
103.87453,30.417285,125,11290
104.111745,30.469075,-1,11291
103.926887,30.321025,-1,11292
104.299776,30.315856,-1,11293
103.977801,30.669016,-1,11294
104.06699,30.686139,-1,11295
104.109005,30.464018,-1,11296
104.366525,30.428852,-1,11297
103.93537,30.905482,44,11298
104.047739,30.540619,112,11299
104.351219,30.985512,-1,11300
104.20327,30.726129,21,11301
103.877155,30.562607,-1,11302
104.166719,30.636597,138,11303
104.099598,30.467136,100,11304
103.912663,30.824738,150,11305
104.449727,30.480616,145,11306
103.997784,30.248519,-1,11307
104.23779,30.652749,133,11308
103.93964,30.617242,213,11309
103.978548,30.544453,-1,11310
104.428718,31.149892,210,11311
104.235274,30.646688,35,11312
103.90918,30.864128,-1,11313
104.138609,30.637703,-1,11314
104.082867,30.71912,254,11315
103.810785,30.439773,-1,11316
103.87738,30.56235,-1,11317
104.041046,30.868741,-1,11318
104.203546,30.72612,21,11319
104.183413,30.786469,-1,11320
104.424946,30.318755,-1,11321
103.994769,30.443628,-1,11322
104.561821,30.393823,-1,11323
103.601085,31.06472,-1,11324
103.964763,30.791729,-1,11325
103.873584,30.417147,125,11326
103.826374,30.397043,-1,11327
103.970548,30.650328,8,11328
104.069454,30.768438,5,11329
103.974238,30.42962,-1,11330
104.188739,30.80044,-1,11331
104.550971,30.719221,-1,11332
104.001753,30.675237,-1,11333
103.990422,30.385313,-1,11334
104.66851,30.087849,-1,11335
104.036631,30.48573,-1,11336
103.935854,30.905518,44,11337
104.064553,30.68582,-1,11338
104.069871,30.768572,5,11339
103.935205,30.905689,44,11340
104.630597,30.995589,-1,11341
103.460346,30.747875,9,11342
103.654816,30.664685,-1,11343
104.060117,30.60868,-1,11344
104.20816,30.796613,-1,11345
103.818084,30.638781,-1,11346
104.224797,30.793708,95,11347
103.975266,30.470595,-1,11348
103.982465,30.784425,50,11349
104.001982,30.884126,-1,11350
103.9834,31.060494,-1,11351
104.06271,30.537978,-1,11352
104.288205,30.691702,-1,11353
104.605195,30.880973,-1,11354
104.397977,30.309993,-1,11355
103.496034,30.548494,149,11356
104.23543,30.646556,35,11357
104.252983,30.273994,-1,11358
104.16621,30.712356,102,11359
104.565698,30.371163,11,11360
104.008727,30.590917,69,11361
103.973942,31.03217,-1,11362
102.908123,30.17328,-1,11363
103.896466,30.666261,37,11364
104.077457,30.794814,188,11365
104.084553,30.455559,271,11366
103.892771,30.447694,72,11367
103.013671,29.824031,-1,11368
104.255526,30.859303,165,11369
104.207946,30.713338,-1,11370
103.789301,30.413761,-1,11371
103.960455,30.152528,-1,11372
104.079156,30.818277,-1,11373
104.051859,30.474662,226,11374
104.146497,30.541578,-1,11375
103.812254,30.632543,65,11376
103.847327,30.540612,-1,11377
104.020668,29.139653,119,11378
103.995701,30.667573,-1,11379
104.235518,30.646554,35,11380
104.225135,30.707942,51,11381
103.033272,29.90898,-1,11382
104.007684,30.613849,-1,11383
104.158007,30.692595,-1,11384
103.911907,30.630913,6,11385
103.837887,30.61858,-1,11386
103.544999,30.56874,-1,11387
104.461163,30.850636,-1,11388
104.422456,30.47437,-1,11389
103.932604,30.463131,-1,11390
103.85988,30.30124,198,11391
104.326379,30.86006,57,11392
104.173786,30.484902,25,11393
104.04962,30.759314,-1,11394
104.037235,30.447145,-1,11395
104.414321,30.852257,-1,11396
103.479808,31.328736,-1,11397
104.271395,30.864728,-1,11398
104.67615,30.08413,96,11399
103.6912,30.641327,-1,11400
104.221135,30.638695,45,11401
103.954085,30.654569,-1,11402
103.936425,30.613686,39,11403
104.057573,30.487201,-1,11404
104.035471,30.298234,82,11405
103.908358,30.660896,-1,11406
104.365003,30.294063,-1,11407
104.509561,30.352612,43,11408
104.223977,30.566482,55,11409
103.956782,30.72576,33,11410
103.545567,30.589078,-1,11411
103.677965,31.029951,212,11412
103.819153,30.797244,146,11413
103.506755,30.744445,-1,11414
103.903876,30.538327,-1,11415
104.214962,30.582911,128,11416
104.365839,30.84282,-1,11417
103.895392,30.552327,-1,11418
104.221999,30.834989,-1,11419
104.082375,30.444932,-1,11420
104.218135,30.585994,-1,11421
104.042997,30.447649,-1,11422
104.327805,30.695683,-1,11423
103.41175,30.245508,-1,11424
104.037219,30.328439,132,11425
104.164504,30.658718,54,11426
104.06059,31.245343,-1,11427
104.417668,30.947176,-1,11428
104.169043,30.741268,163,11429
103.917296,30.818056,-1,11430
104.015534,30.449501,-1,11431
104.536478,30.352204,250,11432
104.522881,30.435905,-1,11433
103.947507,30.487425,-1,11434
104.242556,30.650102,12,11435
104.119023,30.7731,151,11436
103.68317,30.612777,76,11437
104.003505,30.882836,-1,11438
103.917296,30.818056,-1,11439
104.110323,30.731901,-1,11440
104.252451,30.84513,-1,11441
104.312388,30.874547,237,11442
104.102291,30.551981,-1,11443
103.79276,30.461016,-1,11444
103.936891,30.614201,39,11445
104.047592,30.42799,74,11446
104.236141,30.646804,35,11447
104.066022,30.823967,-1,11448
103.478597,30.428068,270,11449
104.021717,29.139564,119,11450
104.225946,30.793196,62,11451
104.512033,30.421452,-1,11452
104.055992,30.457456,31,11453
103.800813,31.246133,-1,11454
104.046447,30.549971,-1,11455
104.157232,30.416081,-1,11456
104.026177,31.383013,-1,11457
104.446531,30.473175,233,11458
103.84335,30.537466,-1,11459
104.082375,30.444932,-1,11460
103.859344,30.827371,27,11461
104.614944,30.163074,-1,11462
103.83741,30.357834,170,11463
104.80414,30.152157,70,11464
104.165623,30.65845,54,11465
103.661272,30.961148,28,11466
104.244588,30.645374,79,11467
103.781863,30.713697,-1,11468
103.990716,30.454754,-1,11469
104.069673,30.690437,-1,11470
104.3265,30.859944,57,11471
104.037166,30.32889,132,11472
104.351348,30.84178,-1,11473
104.226113,30.791566,62,11474
103.83173,30.666402,-1,11475
103.927717,30.321379,-1,11476
104.235515,30.646548,35,11477
104.097497,30.569084,-1,11478
104.164425,30.658932,54,11479
104.04733,30.428753,74,11480
103.060518,30.027601,-1,11481
104.024944,30.621006,-1,11482
104.199668,30.815448,-1,11483
104.075853,30.238856,-1,11484
103.802385,30.455554,23,11485
103.792575,30.433878,-1,11486
104.263498,29.942153,53,11487
104.331328,30.697223,-1,11488
104.119238,30.758294,88,11489
103.84741,30.622582,-1,11490
104.121221,30.52183,-1,11491
103.983787,30.655893,-1,11492
103.806171,31.171626,-1,11493
103.904238,30.67615,-1,11494
104.04489,30.445163,15,11495
104.044091,30.445702,15,11496
104.054151,30.458787,-1,11497
103.73762,30.728458,-1,11498
103.861037,30.445092,177,11499
104.594841,31.770005,-1,11500
104.323453,30.645106,111,11501
103.876787,30.174173,-1,11502
104.222227,30.590227,-1,11503
103.505205,30.197082,-1,11504
104.138231,30.369624,-1,11505
103.967262,30.648461,4,11506
103.886142,30.479875,-1,11507
103.766515,30.536213,-1,11508
103.933036,30.813759,-1,11509
104.66851,30.087849,-1,11510
104.051585,30.54117,244,11511
104.077874,30.794656,188,11512
104.076089,30.636853,-1,11513
103.949777,30.539722,-1,11514
103.817046,30.798572,-1,11515
104.17535,30.664457,148,11516
104.070155,30.387176,-1,11517
103.431213,30.377248,-1,11518
104.67615,30.08413,96,11519
103.851386,30.437281,13,11520
104.093544,30.779179,-1,11521
104.421176,30.880885,-1,11522
103.935509,30.850498,-1,11523
104.261457,31.0788,-1,11524
104.144501,30.813327,-1,11525
103.962736,30.580442,-1,11526
103.819057,30.79721,146,11527
103.971639,30.470812,-1,11528
104.05236,30.246144,168,11529
103.875363,30.717041,-1,11530
104.593688,31.767904,-1,11531
103.95596,31.004663,-1,11532
104.105765,30.448015,-1,11533
103.887457,30.528869,104,11534
103.478661,30.428053,270,11535
103.911943,30.798816,234,11536
104.109941,30.537866,-1,11537
104.522554,30.437406,-1,11538
104.104946,30.464033,-1,11539
104.327276,30.307545,222,11540
104.105983,30.507547,-1,11541
103.936986,30.614603,39,11542
104.106266,30.740517,194,11543
103.95573,30.54161,-1,11544
104.668001,30.08783,-1,11545
104.31939,30.276196,46,11546
104.199311,30.739117,-1,11547
103.837234,30.357846,170,11548
104.254032,30.859123,165,11549
103.919814,30.317942,-1,11550
104.234958,30.64582,35,11551
103.985429,30.64663,-1,11552
102.737561,29.429179,-1,11553
104.587353,30.390435,-1,11554
104.09935,30.748819,-1,11555
104.218294,30.571164,-1,11556
104.385914,30.300859,-1,11557
103.53678,30.782872,-1,11558
104.135169,30.805835,32,11559
104.185046,30.532838,-1,11560
103.717114,30.568421,-1,11561
104.044055,30.445537,15,11562
104.323408,30.307441,-1,11563
104.15952,30.396859,-1,11564
104.042327,30.537721,-1,11565
104.296095,30.993817,179,11566
103.912627,30.979321,264,11567
104.185173,30.684263,22,11568
104.390388,31.063206,-1,11569
104.026957,30.51482,-1,11570
104.459925,30.841584,-1,11571
104.488566,30.493346,7,11572
103.877331,30.572595,-1,11573
103.922051,30.287538,-1,11574
104.03453,30.438168,-1,11575
104.418225,30.803275,-1,11576
104.098676,30.462281,-1,11577
104.071104,30.444384,-1,11578
104.214202,30.606995,-1,11579
103.701458,30.60268,3,11580
103.924507,30.624699,-1,11581
104.050622,30.541661,244,11582
104.08679,30.758518,1,11583
104.035646,30.465025,-1,11584
104.005005,30.484901,-1,11585
103.702114,30.851212,-1,11586
103.895429,30.534201,-1,11587
104.007489,30.554192,216,11588
103.956784,30.030611,265,11589
103.860994,30.44514,177,11590
103.892806,30.249642,-1,11591
103.730508,30.553951,-1,11592
104.39764,31.058663,-1,11593
103.973324,30.579546,268,11594
104.056161,30.847831,98,11595
103.778466,30.6071,-1,11596
103.804203,30.18869,-1,11597
103.880066,30.404316,152,11598
103.914269,30.675398,211,11599
103.883291,30.707238,-1,11600
104.315742,30.303201,231,11601
104.22108,30.639022,45,11602
104.044065,30.445567,15,11603
104.297939,30.645984,-1,11604
103.496287,30.548419,149,11605
103.060574,30.027879,-1,11606
104.242556,30.650102,12,11607
104.584645,30.11749,-1,11608
104.106526,30.740401,194,11609
104.18824,30.51465,-1,11610
103.545567,30.589078,-1,11611
104.405587,31.074666,-1,11612
104.139233,30.823482,-1,11613
104.17493,30.715405,59,11614
103.817428,31.158546,-1,11615
104.152713,30.781615,-1,11616
104.362022,30.660894,-1,11617
104.082085,30.487428,-1,11618
104.198127,30.510281,110,11619
104.203528,30.726067,21,11620
104.107763,30.769208,221,11621
104.227987,30.802502,-1,11622
104.218135,30.585994,-1,11623
103.653066,30.92034,204,11624
104.111841,31.076093,-1,11625
103.838106,30.737752,-1,11626
103.703458,30.928139,-1,11627
104.083704,30.456262,-1,11628
103.460279,30.747012,9,11629
103.877331,30.572595,-1,11630
103.697462,31.026059,-1,11631
103.998922,30.752057,-1,11632
104.330422,30.344624,-1,11633
103.617471,30.977889,-1,11634
103.857898,31.065757,117,11635
103.856091,30.630376,-1,11636
103.918804,30.312536,-1,11637
103.759509,31.197451,-1,11638
104.061465,30.443157,-1,11639
103.854337,31.053698,-1,11640
104.435386,30.836094,-1,11641
103.914041,30.675793,211,11642
103.86111,30.445145,177,11643
103.09587,29.971892,-1,11644
104.255906,30.531288,105,11645
104.42282,30.882248,-1,11646
104.367424,30.289982,172,11647
103.858654,30.663418,-1,11648
103.823362,30.610076,-1,11649
103.47464,30.431665,-1,11650
103.792452,30.687309,-1,11651
104.296183,30.993824,179,11652
103.661038,30.961235,28,11653
103.854965,30.631096,-1,11654
103.877299,30.562407,-1,11655
103.923521,30.716757,58,11656
104.097292,30.494007,-1,11657
104.103458,30.792972,-1,11658
104.080835,30.510758,-1,11659
103.687616,30.616242,-1,11660
102.633574,31.869394,-1,11661
104.342251,31.150085,258,11662
104.043959,30.445827,15,11663
104.134206,30.922265,-1,11664
104.362249,31.067725,251,11665
104.567813,30.690694,-1,11666
104.104613,30.812962,-1,11667
104.051743,30.488161,-1,11668
104.125399,30.769424,85,11669
103.859477,30.34106,-1,11670
103.917132,30.683805,40,11671
103.923311,30.716513,58,11672
103.901975,30.833745,173,11673
103.790189,30.685184,-1,11674
102.961937,30.187727,-1,11675
104.106205,30.45161,-1,11676
103.883619,30.665924,67,11677
104.018326,31.399178,-1,11678
104.283831,30.815267,-1,11679
103.866966,30.534992,195,11680
104.483767,30.349706,-1,11681
104.973361,29.870887,61,11682
104.582069,30.115308,267,11683
103.969899,31.006493,-1,11684
103.902465,30.826549,-1,11685
103.654816,30.664619,-1,11686
104.069827,30.768549,5,11687
103.998438,31.069432,-1,11688
103.977343,30.446967,-1,11689
103.877166,30.48434,-1,11690
104.075993,30.787748,-1,11691
103.724685,30.57824,-1,11692
103.662833,30.97102,99,11693
104.220424,30.640483,-1,11694
104.041428,30.593248,49,11695
103.784434,30.65182,-1,11696
104.237528,30.721888,-1,11697
103.037216,29.908353,-1,11698
103.70171,30.602329,3,11699
104.517372,30.390846,-1,11700
103.897127,30.666277,37,11701
104.153333,30.607481,-1,11702
104.314842,30.272555,-1,11703
104.344626,30.815354,-1,11704
104.44017,30.780257,-1,11705
104.16601,30.712635,102,11706
104.292062,30.812858,-1,11707
104.101124,30.810373,-1,11708
104.105523,30.396873,-1,11709
103.92066,29.22454,-1,11710
103.83741,30.357834,170,11711
104.134072,30.945727,-1,11712
104.168098,30.740599,163,11713
104.044205,30.206012,-1,11714
103.956945,30.031188,265,11715
104.161997,30.690798,-1,11716
103.698579,30.630162,-1,11717
103.968336,30.603185,-1,11718
104.203788,30.725993,21,11719
103.928772,30.606923,-1,11720
104.023878,30.593336,-1,11721
103.977845,30.447876,-1,11722
104.582181,30.114592,267,11723
104.088351,30.739705,-1,11724
104.244871,30.55368,-1,11725
103.630282,30.378776,-1,11726
103.829665,30.330295,-1,11727
104.1347,30.805968,32,11728
104.294774,30.681871,-1,11729
104.029507,30.650875,-1,11730
103.847155,30.438365,-1,11731
103.64182,30.31769,-1,11732
104.146589,30.395348,-1,11733
103.489787,30.184744,-1,11734
104.005393,30.547009,-1,11735
103.871989,30.476303,-1,11736
103.976485,30.544941,-1,11737
104.50576,30.500859,-1,11738
103.872317,30.778455,86,11739
104.293703,30.571617,-1,11740
104.535723,30.440171,-1,11741
104.539471,30.709977,-1,11742
104.555915,30.352959,143,11743
104.303733,30.843305,-1,11744
104.4461,30.473022,233,11745
104.021948,30.523283,257,11746
103.942311,30.470197,-1,11747
104.783943,30.834431,-1,11748
104.081674,30.456061,228,11749
104.253116,30.773876,-1,11750
103.459961,30.747058,9,11751
104.082986,30.455768,228,11752
104.025509,30.448634,-1,11753
103.690953,30.401277,-1,11754
104.125154,30.769304,85,11755
104.09612,30.569599,-1,11756
103.878299,30.607285,-1,11757
104.319639,30.27528,46,11758
103.743856,30.356857,-1,11759
104.12043,30.773576,151,11760
104.17456,30.663651,148,11761
104.168537,30.741505,163,11762
104.198578,30.582189,140,11763
104.139142,30.39277,-1,11764
103.96518,30.818666,-1,11765
103.696486,30.582519,-1,11766
104.204695,30.730778,199,11767
104.206457,30.647396,-1,11768
104.010474,30.562979,-1,11769
103.606467,30.5181,-1,11770
104.549805,30.717607,-1,11771
104.028075,30.499811,-1,11772
103.887675,30.585535,-1,11773
104.07847,30.376177,-1,11774
103.678164,30.923323,-1,11775
104.052958,30.473613,226,11776
104.041408,30.593335,49,11777
104.168416,30.741232,163,11778
104.098212,30.458884,214,11779
104.081904,30.471648,-1,11780
103.620884,30.400362,-1,11781
103.941218,30.616019,-1,11782
104.153111,30.613381,-1,11783
104.66737,30.069745,-1,11784
104.97345,29.870971,61,11785
104.204695,30.730778,199,11786
104.010862,30.557049,-1,11787
104.09414,30.230704,-1,11788
103.912656,30.978613,264,11789
104.236031,30.646526,35,11790
104.297563,31.034976,63,11791
103.937225,30.613527,39,11792
104.088985,30.641321,-1,11793
104.564545,30.370881,11,11794
103.497451,30.547247,107,11795
103.943806,30.43769,-1,11796
104.24293,30.645564,79,11797
104.198609,30.582139,140,11798
104.003807,30.435847,-1,11799
104.226107,30.644279,-1,11800
103.964439,30.637131,142,11801
104.042636,30.448241,-1,11802
104.056499,30.649139,202,11803
103.958798,30.612371,-1,11804
104.173786,30.484902,25,11805
103.882466,30.666562,67,11806
104.0279,30.859266,-1,11807
104.0345,30.464738,-1,11808
103.973287,30.579339,268,11809
104.063427,30.644609,-1,11810
103.958054,30.662933,115,11811
104.125274,30.769387,85,11812
103.892794,31.019878,243,11813
103.90918,30.864128,-1,11814
103.498216,30.568613,160,11815
103.885775,30.665373,-1,11816
103.690853,30.401718,-1,11817
104.243157,30.650418,12,11818
103.778466,30.6071,-1,11819
103.768878,30.79093,-1,11820
104.624013,30.884851,-1,11821
104.170747,30.615212,200,11822
104.150348,30.616169,189,11823
103.661059,30.961589,28,11824
103.91346,30.630949,6,11825
103.613243,30.871583,-1,11826
103.92025,30.318467,-1,11827
103.856226,30.418746,-1,11828
103.88927,30.471244,-1,11829
104.218002,30.654924,-1,11830
104.0446,30.9407,-1,11831
104.071096,30.72514,174,11832
104.177294,30.718757,120,11833
104.078989,30.516255,-1,11834
104.181198,30.703371,269,11835
103.685663,30.946495,-1,11836
104.223243,30.59115,-1,11837
104.497882,30.465969,-1,11838
104.06538,30.180113,183,11839
104.070832,30.655651,-1,11840
103.971762,30.542316,157,11841
103.416721,31.063209,-1,11842
104.575144,30.685966,17,11843
104.126633,30.599263,-1,11844
104.350493,30.555878,-1,11845
103.889685,31.064255,-1,11846
104.113538,30.579031,0,11847
103.970249,30.650006,8,11848
103.491124,31.255768,-1,11849
104.342482,31.150593,258,11850
103.870277,30.458849,-1,11851
103.601818,30.831297,-1,11852
104.097566,30.500571,-1,11853
103.795132,30.441708,-1,11854
104.27974,30.727683,-1,11855
104.168293,30.70585,-1,11856
104.049234,30.722866,-1,11857
104.110868,30.565852,-1,11858
103.881806,30.367035,-1,11859
103.460115,30.746932,9,11860
103.859301,30.827268,27,11861
103.889547,30.478887,-1,11862
104.16249,30.55663,122,11863
103.951844,31.013006,235,11864
104.057815,30.475822,-1,11865
103.860994,30.44514,177,11866
104.0826,30.639582,-1,11867
103.936754,30.613952,39,11868
103.802184,30.455612,23,11869
103.936647,30.614062,39,11870
104.235094,30.646871,35,11871
103.929459,30.941843,196,11872
103.984392,30.577642,-1,11873
103.93743,30.619342,121,11874
103.982094,30.784721,50,11875
103.857866,31.065609,117,11876
104.14051,30.827207,181,11877
103.891922,30.249389,-1,11878
104.242836,30.650452,12,11879
103.70132,30.608229,-1,11880
103.878618,30.198206,164,11881
103.632419,30.735118,-1,11882
103.96456,30.637451,142,11883
103.904728,30.353549,-1,11884
104.354643,30.644087,-1,11885
104.242372,30.650407,12,11886
104.093204,30.856437,-1,11887
104.198351,30.582023,140,11888
103.751058,30.328516,-1,11889
104.076236,30.370587,-1,11890
104.097721,30.573019,-1,11891
104.201952,30.72604,21,11892
104.037603,30.781465,-1,11893
104.132538,30.411837,-1,11894
104.268978,30.578664,139,11895
103.790826,30.666924,-1,11896
103.959629,30.795836,-1,11897
104.326977,30.306173,222,11898
103.790041,29.636231,-1,11899
104.443502,30.841212,-1,11900
104.052366,30.466199,19,11901
104.191616,30.790356,184,11902
104.0468,30.449969,-1,11903
104.017451,30.728017,-1,11904
103.915121,30.705231,-1,11905
104.25428,30.855939,-1,11906
104.061276,30.418914,66,11907
104.32499,30.295476,-1,11908
103.908698,30.234995,-1,11909
104.075499,30.736268,-1,11910
104.225109,30.793963,95,11911
103.697203,30.396097,272,11912
103.935211,30.905365,44,11913
104.087919,30.749326,-1,11914
104.994351,29.543065,-1,11915
104.315926,30.302771,231,11916
104.020782,30.496281,-1,11917
103.868222,30.779399,92,11918
104.02108,29.1395,119,11919
104.428476,30.355358,-1,11920
103.49462,30.183775,-1,11921
103.875412,30.736144,-1,11922
103.994653,30.667694,-1,11923
104.045018,30.761623,-1,11924
103.90245,30.658505,130,11925
103.862384,30.711842,-1,11926
104.410954,30.343633,-1,11927
103.916947,30.683577,40,11928
104.161988,30.743135,-1,11929
103.773627,30.436931,-1,11930
104.612107,30.856428,-1,11931
104.111939,30.520781,-1,11932
104.289715,30.847976,-1,11933
104.015501,30.556741,-1,11934
104.367913,30.289182,172,11935
103.987432,30.467131,-1,11936
104.323878,30.644999,111,11937
104.286078,30.679152,-1,11938
103.506033,30.559274,253,11939
104.297539,30.306761,-1,11940
104.32065,30.289019,-1,11941
103.990814,30.910337,-1,11942
104.56684,30.38783,-1,11943
104.326379,30.860478,57,11944
103.91144,30.236701,-1,11945
104.043955,30.446822,15,11946
104.114089,30.750713,208,11947
103.655268,30.926607,52,11948
103.986827,30.484825,-1,11949
104.307954,30.320049,-1,11950
104.052677,30.245603,168,11951
103.873744,30.417287,125,11952
103.535837,30.564907,-1,11953
103.892993,30.447379,72,11954
103.985471,31.045909,-1,11955
104.268926,30.579022,139,11956
104.235422,30.646688,35,11957
103.991555,30.472759,-1,11958
104.056769,30.387396,-1,11959
103.844349,30.464853,-1,11960
103.114823,29.972466,-1,11961
104.602051,29.500254,-1,11962
104.080469,30.703905,-1,11963
104.020114,30.239247,-1,11964
104.573107,30.368384,-1,11965
103.708284,30.835489,-1,11966
104.018951,30.455682,-1,11967
104.174121,31.000713,-1,11968
104.379464,30.292147,-1,11969
104.342967,31.05671,-1,11970
104.185871,30.719348,153,11971
103.602585,30.90282,-1,11972
104.080636,30.816786,-1,11973
104.06734,30.184281,-1,11974
104.449134,30.480669,145,11975
103.874065,30.417303,125,11976
104.177542,30.726821,-1,11977
103.876981,30.471362,-1,11978
104.296183,30.993824,179,11979
103.973618,30.962845,-1,11980
104.081603,30.697739,-1,11981
104.086857,30.759183,1,11982
104.038656,30.333334,-1,11983
104.297448,31.035045,63,11984
103.949483,30.467155,-1,11985
104.076929,30.80108,-1,11986
103.703038,30.632804,-1,11987
103.92309,30.717009,58,11988
104.106703,30.489374,178,11989
104.107226,30.769363,221,11990
104.578328,30.358317,-1,11991
104.011268,30.482881,-1,11992
104.18337,30.710537,14,11993
103.547548,30.215508,-1,11994
104.070227,30.724699,174,11995
104.446076,30.47298,233,11996
104.329307,30.853828,-1,11997
104.346143,30.664147,-1,11998
104.285514,29.955538,-1,11999
104.052248,30.487168,-1,12000
104.331424,30.644401,16,12001
104.057973,30.380819,-1,12002
103.827102,30.658883,-1,12003
104.293659,30.681328,-1,12004
104.027941,30.450671,159,12005
103.936642,30.613902,39,12006
103.922927,30.516411,-1,12007
103.981204,30.785289,50,12008
104.293282,30.849698,-1,12009
104.704115,30.64952,-1,12010
103.662583,30.970413,99,12011
104.215333,30.82086,-1,12012
104.191533,30.73318,-1,12013
104.198203,30.659732,-1,12014
103.972096,30.47168,-1,12015
104.088346,30.549391,-1,12016
104.226876,30.787446,-1,12017
104.023466,30.619326,-1,12018
104.36292,31.067787,251,12019
104.603778,30.685588,-1,12020
104.028395,30.194506,-1,12021
103.907992,30.972098,255,12022
104.589256,31.767337,-1,12023
104.099598,30.467136,100,12024
102.211858,29.821063,-1,12025
103.886743,30.528463,104,12026
104.324765,30.705266,-1,12027
104.25428,30.855939,-1,12028
104.323468,30.645119,111,12029
104.007846,30.555756,-1,12030
103.95793,30.767799,-1,12031
103.72846,30.399389,-1,12032
104.071024,30.725292,174,12033
103.741405,30.694412,93,12034
103.756372,30.721002,-1,12035
104.069927,30.685745,-1,12036
104.593578,31.767285,-1,12037
104.12401,30.477394,-1,12038
104.505498,30.485536,-1,12039
103.922155,30.234117,-1,12040
103.973531,30.428973,-1,12041
104.087759,30.33061,-1,12042
104.177501,30.718669,120,12043
104.367281,30.304583,262,12044
104.214686,30.647672,-1,12045
104.11533,30.582812,-1,12046
103.889696,30.383745,205,12047
103.460204,30.747014,9,12048
104.297515,30.306629,-1,12049
103.918034,30.683757,40,12050
104.49901,30.458315,-1,12051
104.020014,30.552496,-1,12052
104.126197,30.523553,-1,12053
104.02572,30.687239,-1,12054
104.326955,30.306203,222,12055
104.757556,30.910823,-1,12056
103.893242,31.018909,243,12057
103.885999,30.425709,-1,12058
104.053007,30.448032,-1,12059
104.450924,30.460763,-1,12060
104.378349,30.282963,-1,12061
103.924341,30.950402,166,12062
103.95815,30.662751,115,12063
104.031971,30.858821,87,12064
104.242505,30.650304,12,12065
104.017034,30.452221,-1,12066
103.970659,30.649956,8,12067
104.496692,30.417988,-1,12068
103.995315,30.642813,266,12069
104.323775,30.64501,111,12070
104.3619,30.661003,-1,12071
104.302364,30.259098,-1,12072
103.812064,30.632313,65,12073
103.517057,30.749897,223,12074
104.305282,30.24398,-1,12075
103.792256,30.187097,-1,12076
104.067205,30.633759,-1,12077
104.442395,30.849539,-1,12078
103.942327,30.847775,113,12079
104.188279,30.51452,-1,12080
104.176982,30.718818,120,12081
103.966175,30.368638,-1,12082
103.810563,30.631996,65,12083
103.741255,30.94055,-1,12084
104.169092,30.518703,-1,12085
104.487839,30.427375,81,12086
104.043653,30.446667,15,12087
103.754201,31.015205,-1,12088
103.949072,30.515635,-1,12089
104.271846,30.865276,-1,12090
104.125658,30.598798,-1,12091
103.348423,30.419082,-1,12092
104.057815,30.475822,-1,12093
104.106905,30.533141,-1,12094
104.225539,30.638731,20,12095
104.183098,30.530948,-1,12096
104.054128,30.466705,19,12097
103.338328,30.342292,-1,12098
103.761079,30.409904,-1,12099
103.6548,30.664467,-1,12100
104.074489,30.720251,-1,12101
103.902082,30.834262,173,12102
103.709453,30.393597,155,12103
103.935171,30.905447,44,12104
104.052438,30.246201,168,12105
104.115639,30.378497,-1,12106
103.954479,30.340429,-1,12107
103.774439,31.172524,-1,12108
104.296167,30.995001,-1,12109
103.664703,30.643678,-1,12110
104.800922,29.728511,-1,12111
104.094318,30.776311,-1,12112
104.213,30.572959,-1,12113
103.958102,30.450934,-1,12114
104.041091,30.593742,49,12115
104.049557,31.255758,-1,12116
104.448561,30.831886,-1,12117
103.935195,30.782789,-1,12118
103.814897,30.633231,65,12119
104.183684,29.975875,-1,12120
104.319118,30.276161,46,12121
103.521095,30.206317,-1,12122
104.10313,30.71323,-1,12123
104.488907,30.461561,245,12124
104.111857,30.517961,-1,12125
104.221186,30.638598,45,12126
103.80772,29.677714,-1,12127
104.563707,30.382216,-1,12128
104.046806,29.117548,-1,12129
104.161353,30.658171,-1,12130
104.52162,30.417872,-1,12131
103.937798,30.460858,-1,12132
103.499446,30.569383,160,12133
104.488127,30.427256,81,12134
104.135767,30.522381,-1,12135
104.756476,30.633016,162,12136
104.208486,30.523938,103,12137
104.700307,30.318184,-1,12138
103.879626,30.404512,152,12139
104.312521,30.874803,237,12140
104.087855,30.748995,-1,12141
104.069665,30.768466,5,12142
103.921097,30.702983,-1,12143
104.109248,30.774345,-1,12144
103.701498,30.602717,3,12145
104.092095,30.45009,-1,12146
104.120162,30.772888,151,12147
104.412483,30.344815,-1,12148
103.917114,30.68368,40,12149
103.837434,30.357334,170,12150
104.006889,30.231313,-1,12151
103.972444,30.429976,-1,12152
103.915068,30.387932,-1,12153
103.911044,30.23693,-1,12154
103.954894,30.492028,-1,12155
104.179948,30.788886,-1,12156
104.392375,30.286434,-1,12157
103.923057,30.716684,58,12158
103.974081,31.003458,-1,12159
104.522866,30.68448,-1,12160
104.139832,30.370143,-1,12161
103.661636,30.961055,28,12162
104.078801,30.467521,-1,12163
104.188631,30.731806,-1,12164
104.125577,30.636328,-1,12165
104.348167,30.662775,-1,12166
103.856939,30.442309,-1,12167
104.449695,30.480565,145,12168
103.314492,31.078109,-1,12169
104.20348,30.726293,21,12170
104.00557,30.731843,-1,12171
104.446234,30.47305,233,12172
103.891892,30.439891,-1,12173
103.814561,30.633077,65,12174
103.936611,30.614087,39,12175
103.638438,30.935831,-1,12176
104.326774,30.860157,57,12177
103.816954,30.798431,-1,12178
103.97466,30.737543,-1,12179
103.956834,30.723072,-1,12180
103.956122,30.725298,33,12181
103.987217,30.596562,-1,12182
103.99917,30.744109,137,12183
103.676713,30.399668,-1,12184
104.195008,30.587863,-1,12185
104.173539,30.521561,-1,12186
104.235869,30.646323,35,12187
103.934918,30.61125,-1,12188
104.405285,30.460873,-1,12189
104.43983,30.848194,-1,12190
104.367857,30.288982,172,12191
103.960119,30.373831,101,12192
104.30741,30.307411,-1,12193
104.146927,30.396572,-1,12194
104.318845,30.461707,-1,12195
103.868991,30.780708,-1,12196
104.393143,30.283504,175,12197
103.81374,30.632844,65,12198
103.937459,30.613355,39,12199
104.060553,30.442356,-1,12200
104.017746,29.139205,119,12201
104.237796,30.652888,133,12202
103.661516,30.961469,28,12203
104.019603,31.403351,-1,12204
103.695948,30.396114,272,12205
103.83173,30.666402,-1,12206
103.884669,30.388736,180,12207
103.925732,30.942132,-1,12208
104.29604,30.389496,-1,12209
103.755913,31.196667,-1,12210
103.805793,30.430912,-1,12211
104.391297,30.287072,90,12212
103.681941,30.596642,-1,12213
104.084086,30.719275,254,12214
103.932857,30.897123,-1,12215
103.917132,30.683805,40,12216
103.901969,30.834253,173,12217
104.214198,30.651642,217,12218
103.978437,30.645041,-1,12219
104.528144,30.428557,-1,12220
103.56027,30.548335,154,12221
104.469633,30.599496,-1,12222
103.993256,30.923828,-1,12223
104.093101,30.581409,10,12224
104.040356,30.598718,-1,12225
103.964717,30.641461,-1,12226
104.22523,30.70769,51,12227
104.104212,30.531808,-1,12228
104.10823,30.545749,-1,12229
104.14798,30.713732,-1,12230
103.810522,30.630763,-1,12231
103.601021,31.064648,-1,12232
103.818955,30.634191,-1,12233
103.851041,30.437174,13,12234
104.115696,30.583452,-1,12235
104.036186,30.498424,-1,12236
104.224538,30.639294,20,12237
104.165022,30.658889,54,12238
104.110607,30.50928,-1,12239
103.965683,30.637472,-1,12240
104.500794,30.436002,-1,12241
104.472337,30.484548,-1,12242
103.98939,30.534031,-1,12243
104.236062,30.647005,35,12244
103.511425,30.749884,-1,12245
104.020698,30.862387,-1,12246
104.126856,30.928139,-1,12247
104.032754,30.467423,-1,12248
104.223938,30.710245,209,12249
103.47464,30.431715,-1,12250
104.07274,30.423685,-1,12251
104.177867,30.727303,-1,12252
104.015621,30.527166,-1,12253
103.60123,30.87553,-1,12254
103.92464,30.937386,-1,12255
104.049116,30.540813,112,12256
104.398042,30.299913,-1,12257
104.327786,30.305982,222,12258
104.114273,30.750469,208,12259
104.093351,30.215634,-1,12260
104.173856,30.787405,-1,12261
104.57079,30.349554,-1,12262
104.52233,30.429789,-1,12263
103.908967,30.543119,94,12264
104.04611,30.551618,-1,12265
103.987496,30.561807,-1,12266
104.320281,30.277969,46,12267
103.5719,30.393411,-1,12268
104.412282,30.73799,-1,12269
102.071071,31.577762,-1,12270
104.369953,30.288488,-1,12271
104.05451,30.651764,-1,12272
104.015832,30.557718,-1,12273
104.116005,30.579234,0,12274
103.851057,30.437291,13,12275
104.221207,30.638571,45,12276
104.096531,30.459218,-1,12277
103.8873,30.578202,-1,12278
103.921174,30.804044,-1,12279
103.83621,30.662755,-1,12280
104.322223,30.298637,-1,12281
103.986344,30.45625,-1,12282
104.662843,31.090878,-1,12283
104.033526,30.634467,-1,12284
104.040549,30.600347,-1,12285
104.667321,30.069879,-1,12286
103.937645,30.460908,-1,12287
103.033262,30.06124,-1,12288
104.020963,30.497322,-1,12289
104.288242,30.696918,239,12290
104.035527,30.298332,82,12291
104.393299,30.287707,-1,12292
104.077689,30.794572,188,12293
103.687616,30.616242,-1,12294
103.940263,30.504021,-1,12295
104.111655,30.524967,-1,12296
103.511592,30.580305,-1,12297
104.043783,30.446139,15,12298
103.599209,30.983316,-1,12299
103.8738,30.417169,125,12300
104.042042,30.234967,-1,12301
104.168851,30.741376,163,12302
104.235152,30.646801,35,12303
103.917138,30.684184,40,12304
104.078516,30.376275,-1,12305
104.349048,31.049927,-1,12306
103.851298,30.367695,-1,12307
104.202964,30.726069,21,12308
103.991318,30.738772,156,12309
103.870976,30.402862,-1,12310
104.745321,30.451675,-1,12311
104.203408,30.726057,21,12312
103.902172,30.83481,173,12313
104.053075,30.681832,-1,12314
104.223297,30.67487,197,12315
103.497165,30.753487,-1,12316
103.803478,30.758683,-1,12317
103.508215,30.749521,-1,12318
103.916898,30.684,40,12319
104.276816,30.716941,-1,12320
103.936425,30.614202,39,12321
104.016525,30.620013,-1,12322
103.964913,30.832186,-1,12323
103.836375,30.61781,-1,12324
104.462719,31.057261,-1,12325
104.136429,30.416947,-1,12326
103.680751,30.895029,-1,12327
104.118255,30.757044,88,12328
104.367453,30.303623,-1,12329
103.971329,30.738836,-1,12330
103.32278,30.333464,-1,12331
104.121427,30.539634,83,12332
104.668414,30.087696,-1,12333
103.999053,30.429597,-1,12334
103.912848,30.824701,150,12335
103.925732,30.942132,-1,12336
103.600465,30.737552,-1,12337
104.165,30.658308,54,12338
104.120023,30.772725,151,12339
103.968636,30.469072,-1,12340
103.940305,30.620944,-1,12341
103.654588,30.926039,52,12342
104.027387,30.45053,159,12343
104.501657,30.419548,-1,12344
104.072774,30.571647,-1,12345
104.114861,30.45267,232,12346
103.936578,30.783023,-1,12347
103.890807,30.479113,-1,12348
104.410158,30.758596,-1,12349
103.886341,30.410591,-1,12350
104.106591,30.520658,-1,12351
104.003034,30.478092,-1,12352
104.043729,30.446159,15,12353
103.500488,31.436138,-1,12354
104.185799,30.720194,153,12355
103.908775,30.543287,94,12356
104.08467,30.455439,271,12357
104.235171,30.646135,35,12358
104.222114,30.908749,-1,12359
104.328242,30.69583,-1,12360
104.363369,30.840599,-1,12361
103.923319,30.260123,-1,12362
103.936578,30.783023,-1,12363
103.983615,30.710789,-1,12364
103.552691,30.530903,-1,12365
103.778753,30.470097,-1,12366
104.102538,30.557499,-1,12367
103.497842,30.54592,-1,12368
104.223009,30.337017,-1,12369
104.069345,30.444554,-1,12370
104.224886,30.793994,95,12371
103.883585,30.665861,67,12372
104.059554,30.416582,-1,12373
104.41901,30.500827,-1,12374
104.395818,30.758516,-1,12375
104.497863,30.450835,-1,12376
104.037253,30.660056,68,12377
104.138122,30.406266,-1,12378
103.886429,30.633296,-1,12379
104.311211,29.718124,-1,12380
104.326468,30.859992,57,12381
103.948014,30.327296,-1,12382
104.026582,31.330309,-1,12383
103.444433,30.419042,-1,12384
103.696681,30.623794,-1,12385
104.007608,30.554045,216,12386
104.385914,30.300859,-1,12387
103.870947,30.775009,-1,12388
104.112459,30.753127,30,12389
103.792296,30.461649,-1,12390
103.935283,30.908283,-1,12391
103.86807,30.772979,-1,12392
104.023701,30.59337,-1,12393
103.96455,30.636971,142,12394
104.553582,31.750618,-1,12395
103.788038,30.66981,-1,12396
103.920821,30.540988,-1,12397
104.105042,30.53139,-1,12398
104.021154,30.546198,-1,12399
104.079349,30.818231,-1,12400
103.500511,30.572163,-1,12401
104.080207,30.454467,-1,12402
104.204591,30.731128,199,12403
104.023485,30.61056,-1,12404
104.075607,30.814517,-1,12405
104.041161,30.593332,49,12406
104.072673,30.361005,-1,12407
103.934618,30.907025,-1,12408
103.850923,30.820331,41,12409
104.68049,30.051088,-1,12410
103.411188,30.76485,-1,12411
104.566615,30.371644,11,12412
104.019849,30.549067,-1,12413
104.50576,30.500859,-1,12414
104.214063,30.651443,217,12415
102.206726,29.645362,-1,12416
104.118786,30.772318,151,12417
103.796606,29.434415,-1,12418
103.964473,30.637086,142,12419
104.038123,30.464966,-1,12420
104.123828,30.636894,-1,12421
104.146521,30.40567,-1,12422
103.924395,31.062979,-1,12423
104.041433,30.593313,49,12424
104.316583,30.27209,-1,12425
104.03051,30.448432,-1,12426
103.729969,30.661021,-1,12427
104.032622,30.475961,-1,12428
103.87388,30.417234,125,12429
104.597732,30.699625,-1,12430
104.623846,30.101696,-1,12431
103.65392,30.926039,52,12432
104.202196,30.726145,21,12433
104.323455,30.645073,111,12434
104.179498,30.725751,-1,12435
103.899209,30.54113,-1,12436
104.36411,30.647618,-1,12437
104.323588,30.644936,111,12438
104.083369,30.465279,-1,12439
104.135487,30.404864,-1,12440
103.941994,30.5833,-1,12441
104.287577,30.697281,239,12442
104.044399,30.449371,-1,12443
104.243148,30.645654,79,12444
104.202504,30.506441,-1,12445
103.935205,30.905689,44,12446
103.887972,30.42819,-1,12447
103.971381,30.65044,8,12448
104.248966,30.772616,-1,12449
104.512349,30.612709,-1,12450
104.006122,30.515521,-1,12451
104.011533,30.482366,-1,12452
103.510002,30.564114,-1,12453
104.028468,30.194022,-1,12454
103.840465,30.67835,-1,12455
104.337784,30.308868,-1,12456
104.055872,30.847888,98,12457
103.952975,31.011773,-1,12458
104.482186,30.491309,-1,12459
104.048637,30.462476,-1,12460
104.006347,30.519207,-1,12461
104.235558,30.64652,35,12462
104.050828,30.478319,-1,12463
103.980358,30.778688,-1,12464
104.165329,30.658986,54,12465
104.069411,30.768483,5,12466
104.041345,30.338598,-1,12467
103.465694,30.43804,123,12468
104.069888,30.768447,5,12469
103.84462,30.551603,-1,12470
104.081656,30.516572,-1,12471
104.211365,30.706194,-1,12472
104.324717,30.323102,-1,12473
104.236938,30.498298,-1,12474
104.081209,30.692134,-1,12475
104.53571,30.655362,-1,12476
103.912037,30.2362,-1,12477
104.245719,30.991695,-1,12478
104.235406,30.646652,35,12479
104.103384,30.469293,-1,12480
104.165,30.658308,54,12481
104.245348,30.553408,-1,12482
103.884262,30.603898,-1,12483
103.967567,30.586054,126,12484
103.593547,30.940913,-1,12485
103.861371,30.591166,-1,12486
104.103927,30.518429,-1,12487
103.959805,30.51754,201,12488
104.540882,30.418605,-1,12489
103.84829,30.664964,-1,12490
104.548407,30.722628,-1,12491
104.042504,30.465147,-1,12492
104.107783,30.506378,-1,12493
103.449729,30.466748,-1,12494
104.009897,30.527864,-1,12495
103.348926,30.366083,-1,12496
103.911768,30.542537,-1,12497
103.811353,30.6066,-1,12498
104.096319,30.544427,249,12499
103.805988,30.456521,-1,12500
104.168056,30.387275,-1,12501
103.618165,30.994294,-1,12502
104.044193,30.445535,15,12503
103.861207,30.803809,71,12504
103.70973,30.395114,155,12505
103.844818,30.680353,-1,12506
103.916372,30.3693,227,12507
104.107504,30.513166,-1,12508
103.712335,30.322457,-1,12509
103.923287,30.260155,-1,12510
104.072017,30.26937,-1,12511
103.39971,30.210341,-1,12512
104.006941,30.517524,-1,12513
103.938136,30.630352,-1,12514
103.864673,31.069979,-1,12515
103.695879,30.65348,-1,12516
104.96202,30.22433,-1,12517
103.819746,30.665109,-1,12518
103.956297,30.725611,33,12519
104.185437,30.684367,22,12520
104.044557,30.737737,-1,12521
104.205221,30.705871,-1,12522
104.211504,30.609829,-1,12523
104.073032,30.684406,-1,12524
103.86699,30.535076,195,12525
104.510957,30.353274,43,12526
104.251841,30.85729,-1,12527
103.854337,31.053698,-1,12528
103.662615,30.970633,99,12529
104.749666,29.746582,-1,12530
104.450499,30.480716,145,12531
104.096494,30.777849,-1,12532
103.612576,30.652653,-1,12533
104.323741,30.712673,-1,12534
104.288088,30.691962,-1,12535
104.235758,30.646652,35,12536
104.287784,30.697375,239,12537
104.22733,30.647711,-1,12538
103.937692,30.619024,121,12539
104.326736,30.860259,57,12540
104.222114,30.908749,-1,12541
104.082992,30.752987,-1,12542
104.42847,31.14971,210,12543
104.401782,30.997157,256,12544
102.694138,29.987956,-1,12545
104.150391,30.61629,189,12546
104.148047,30.620915,-1,12547
103.796955,30.646563,-1,12548
104.23324,30.595491,-1,12549
103.882562,30.535864,-1,12550
103.757475,30.484506,-1,12551
104.202123,30.739246,182,12552
104.405576,30.344798,-1,12553
103.857983,31.065681,117,12554
104.239796,30.818857,-1,12555
104.028538,30.337786,-1,12556
103.674418,30.285728,-1,12557
104.046834,30.540502,112,12558
104.537194,31.860536,-1,12559
103.989911,30.751545,-1,12560
104.012506,30.524513,-1,12561
103.566232,30.74766,-1,12562
104.121664,30.539654,83,12563
104.158182,30.703862,-1,12564
104.01557,30.475378,-1,12565
103.995315,30.642813,266,12566
104.318869,30.275863,46,12567
103.601093,31.06466,-1,12568
104.669584,29.503543,97,12569
104.07222,30.341926,-1,12570
104.356146,30.820964,-1,12571
103.383506,30.731905,-1,12572
104.242502,30.650188,12,12573
104.099353,30.569886,-1,12574
104.324722,30.701019,-1,12575
103.939813,30.423212,-1,12576
104.267801,30.650121,-1,12577
104.34019,30.460401,-1,12578
104.120053,30.772995,151,12579
104.114473,30.750713,208,12580
103.87975,31.055407,-1,12581
103.458414,30.988107,-1,12582
104.225801,30.790648,62,12583
103.613746,30.871079,-1,12584
104.522078,30.429722,-1,12585
103.911911,30.798727,234,12586
104.174701,30.715352,59,12587
104.044203,30.444993,15,12588
104.04366,30.44646,15,12589
103.719984,30.590242,-1,12590
103.804533,30.455481,-1,12591
104.046604,30.587819,-1,12592
103.90217,30.658377,130,12593
103.924549,30.949804,166,12594
103.797193,30.643843,-1,12595
103.875147,30.712933,-1,12596
103.710167,30.525812,-1,12597
103.867078,30.53491,195,12598
103.938069,30.619323,121,12599
103.93693,30.811647,-1,12600
104.041091,30.593742,49,12601
103.802385,30.455554,23,12602
104.397127,31.054681,-1,12603
103.85437,30.33375,-1,12604
104.422456,30.47437,-1,12605
104.195117,30.736207,-1,12606
104.337762,30.350366,-1,12607
104.219873,30.85022,-1,12608
103.969897,31.006491,-1,12609
103.916397,30.369413,227,12610
104.361932,30.658177,-1,12611
104.046357,30.427305,74,12612
104.198963,30.51044,110,12613
103.793247,30.649912,-1,12614
103.64554,30.955586,-1,12615
104.240317,30.801633,-1,12616
103.87375,30.417006,125,12617
104.112946,30.752735,30,12618
103.9726,30.622347,-1,12619
104.100569,30.459002,214,12620
104.565335,30.378398,-1,12621
103.677936,31.030076,212,12622
104.311772,30.299152,158,12623
104.952018,30.290045,-1,12624
104.102138,30.497035,-1,12625
104.467828,30.495595,-1,12626
104.17517,30.715288,59,12627
104.319334,30.274045,-1,12628
104.447843,30.857604,-1,12629
103.886239,30.588546,-1,12630
103.488508,31.248971,-1,12631
104.175624,30.700188,-1,12632
104.225119,30.707592,51,12633
103.478374,30.427724,270,12634
103.969776,30.98215,167,12635
104.539111,31.859412,-1,12636
104.037166,30.32889,132,12637
104.267905,30.99674,-1,12638
103.940297,30.999161,-1,12639
103.66326,30.659565,-1,12640
103.493711,30.184916,-1,12641
104.050975,30.189929,-1,12642
103.697463,30.655626,-1,12643
103.792256,30.187097,-1,12644
103.966501,30.626167,-1,12645
104.235741,30.646354,35,12646
104.451059,30.857303,-1,12647
104.198522,30.582139,140,12648
103.944749,30.483055,-1,12649
104.326798,30.896452,-1,12650
104.044151,30.445542,15,12651
103.961178,30.940601,161,12652
104.226156,30.803215,-1,12653
104.97345,29.870971,61,12654
103.808444,30.67267,-1,12655
104.395828,30.340214,-1,12656
103.68711,30.896519,-1,12657
104.612863,30.880473,-1,12658
103.876787,30.174173,-1,12659
103.956782,30.72576,33,12660
104.083644,30.72001,254,12661
104.047963,30.541446,112,12662
104.061318,30.419226,66,12663
104.093445,30.581256,10,12664
104.013965,29.140931,-1,12665
104.044615,30.206198,-1,12666
104.032775,30.485593,-1,12667
104.305805,30.646099,-1,12668
104.203168,30.74779,-1,12669
104.203563,30.714996,-1,12670
103.936167,30.905567,44,12671
103.82003,30.466122,-1,12672
103.68133,30.894177,-1,12673
103.973848,30.624099,-1,12674
104.181762,30.717666,127,12675
104.185871,30.719348,153,12676
104.309287,30.865498,108,12677
103.946002,30.749296,-1,12678
104.221179,30.638705,45,12679
103.970778,30.988918,-1,12680
104.270912,30.660758,-1,12681
104.421961,30.485167,-1,12682
103.825188,30.581665,-1,12683
103.904266,30.370354,-1,12684
103.691997,30.421107,-1,12685
104.172168,30.580682,-1,12686
103.978326,30.827631,-1,12687
104.207678,31.187344,-1,12688
103.827193,30.422865,-1,12689
104.393018,30.295739,-1,12690
104.512033,30.421452,-1,12691
103.451526,30.476397,-1,12692
104.224177,30.566264,55,12693
103.993549,30.9004,-1,12694
103.934041,30.707459,-1,12695
103.979436,30.620625,-1,12696
103.99368,30.764576,89,12697
103.932488,30.780684,-1,12698
103.674458,30.905778,-1,12699
103.953417,30.339185,-1,12700
104.110805,30.460665,-1,12701
103.901808,30.833886,173,12702
104.014875,30.450016,-1,12703
103.664669,30.59419,-1,12704
103.727665,30.559113,-1,12705
104.138428,30.638174,-1,12706
104.234958,30.64582,35,12707
103.907594,30.235697,-1,12708
103.648693,31.021742,-1,12709
104.010221,30.474984,-1,12710
104.049344,30.476761,47,12711
103.844716,30.682329,-1,12712
104.043946,30.738457,-1,12713
103.876226,30.491272,169,12714
104.759233,30.373604,-1,12715
104.164497,30.812911,-1,12716
104.038381,30.446843,-1,12717
103.796921,30.398388,-1,12718
104.886301,29.756982,-1,12719
103.790041,29.636231,-1,12720
104.046444,30.91758,-1,12721
104.104965,30.448764,-1,12722
104.115432,30.581868,-1,12723
104.236149,30.645695,35,12724
103.877301,30.562463,-1,12725
104.246297,30.752166,-1,12726
104.320176,30.277781,46,12727
104.378413,30.282913,-1,12728
103.94821,30.214539,-1,12729
104.582477,30.115741,267,12730
103.977794,30.447739,-1,12731
104.226846,30.789677,62,12732
104.581806,30.695914,-1,12733
103.85988,30.30124,198,12734
103.918174,30.684006,40,12735
103.876787,30.174173,-1,12736
104.057701,30.64864,202,12737
103.898451,30.474764,-1,12738
104.076468,30.191471,-1,12739
103.694615,30.612727,-1,12740
104.380211,31.009577,-1,12741
104.236035,30.646869,35,12742
103.050854,30.023802,-1,12743
104.10678,30.491311,178,12744
104.072587,30.694491,-1,12745
104.521652,30.429659,-1,12746
103.61705,30.858583,-1,12747
104.353946,30.642736,-1,12748
103.89361,30.634072,-1,12749
104.075049,30.733645,-1,12750
104.178638,30.782682,34,12751
104.112349,30.620174,-1,12752
103.987569,30.597977,-1,12753
104.047999,30.616025,-1,12754
104.137545,30.591721,-1,12755
104.177234,30.718672,120,12756
103.643806,30.470097,192,12757
103.786485,30.574319,-1,12758
104.208489,30.884557,-1,12759
103.76663,30.039239,-1,12760
104.16855,30.548873,-1,12761
103.682622,30.612796,76,12762
103.089903,30.385821,-1,12763
103.942091,30.279746,-1,12764
103.98447,30.573064,-1,12765
104.20325,30.726097,21,12766
103.873821,30.417359,125,12767
104.233622,30.794019,-1,12768
104.109657,30.562382,-1,12769
104.083185,30.455893,228,12770
104.108076,30.420721,-1,12771
104.020202,29.139428,119,12772
104.669471,29.504188,97,12773
104.1347,30.805968,32,12774
103.935584,30.905417,44,12775
104.106707,30.740676,194,12776
104.004213,30.73766,-1,12777
104.219886,30.783262,-1,12778
103.623508,31.494005,-1,12779
103.643431,30.470234,192,12780
104.43892,30.885285,-1,12781
103.859592,30.301272,198,12782
103.876563,30.490786,169,12783
104.188631,30.731806,-1,12784
104.268978,30.578664,139,12785
103.535828,30.742526,-1,12786
104.214772,30.58364,128,12787
103.638515,30.478191,-1,12788
103.941231,30.919348,-1,12789
104.31696,30.276707,-1,12790
104.185686,30.718704,153,12791
103.535876,30.750139,-1,12792
103.796961,30.398322,-1,12793
103.749366,30.533786,-1,12794
104.567797,30.388425,-1,12795
104.079032,30.365338,147,12796
103.994968,30.480514,-1,12797
104.55165,30.735494,-1,12798
104.061331,30.666953,-1,12799
104.267905,30.99674,-1,12800
104.563996,30.388143,-1,12801
104.086496,30.777543,-1,12802
103.547511,30.598024,-1,12803
104.123826,30.5979,-1,12804
103.736002,31.092411,-1,12805
104.203309,30.74108,-1,12806
104.247518,29.016399,-1,12807
104.012541,30.444341,-1,12808
103.911991,30.631051,6,12809
104.312086,30.298667,158,12810
103.798366,31.167116,-1,12811
104.085124,30.683359,229,12812
104.159853,30.014292,-1,12813
104.421817,30.482576,-1,12814
104.037552,30.357113,259,12815
103.643431,30.470234,192,12816
102.742832,29.433074,-1,12817
104.003913,30.606181,-1,12818
104.08248,30.444987,-1,12819
104.377814,30.313363,106,12820
104.106899,30.7662,-1,12821
104.006411,30.46752,-1,12822
103.854337,31.053698,-1,12823
104.579348,30.446577,-1,12824
103.719158,30.59305,36,12825
104.213967,30.651592,217,12826
103.959887,30.373028,101,12827
103.939956,30.504185,-1,12828
104.061409,30.433143,-1,12829
104.330975,30.644261,16,12830
103.914441,30.710911,-1,12831
104.203613,30.726006,21,12832
103.78187,30.67555,220,12833
104.094528,30.231003,-1,12834
104.043653,30.446667,15,12835
104.133866,30.39876,-1,12836
104.106939,30.490601,178,12837
103.791846,30.603613,-1,12838
104.166646,30.637534,138,12839
104.320273,30.277781,46,12840
104.083284,30.720245,254,12841
104.226077,30.52515,242,12842
104.305032,30.869317,-1,12843
104.16447,30.658693,54,12844
103.654603,30.927266,52,12845
103.859344,30.827371,27,12846
103.970563,30.650318,8,12847
103.720815,31.102567,-1,12848
104.0468,30.42824,74,12849
103.719673,30.452389,-1,12850
103.936101,30.905514,44,12851
104.000035,30.467858,215,12852
103.956864,30.031388,265,12853
103.936181,30.905382,44,12854
104.106483,30.465937,-1,12855
104.235742,30.64667,35,12856
104.238345,30.578325,-1,12857
104.036981,30.328873,132,12858
103.742182,30.694026,93,12859
104.499251,30.479438,-1,12860
104.293703,30.571617,-1,12861
103.688014,30.401163,-1,12862
104.183616,30.717284,127,12863
104.228683,30.69223,-1,12864
103.676038,30.906185,-1,12865
103.993489,30.242205,-1,12866
103.864842,30.40777,-1,12867
104.263494,29.942718,53,12868
103.909104,30.543148,94,12869
104.236149,30.64677,35,12870
104.115816,30.584819,-1,12871
104.056074,30.848091,98,12872
103.976171,30.468697,-1,12873
104.098567,30.885243,261,12874
104.202892,30.725802,21,12875
103.969549,30.982075,167,12876
104.103491,30.71651,-1,12877
103.499454,30.569399,160,12878
104.065248,30.179287,183,12879
103.913469,30.979478,264,12880
104.107757,30.769327,221,12881
103.742218,30.37499,-1,12882
103.697997,30.404207,-1,12883
104.066878,30.432456,-1,12884
104.237485,30.653172,133,12885
103.989431,30.596612,-1,12886
103.952303,30.795813,206,12887
103.94048,30.937408,-1,12888
104.22373,30.566368,55,12889
103.909968,30.544421,144,12890
103.465683,30.467224,-1,12891
104.226281,30.792932,62,12892
103.681054,30.803526,-1,12893
104.112048,30.753017,30,12894
104.104779,30.828434,-1,12895
104.008783,30.59067,69,12896
103.943709,30.507566,-1,12897
103.741819,30.694649,93,12898
104.198546,30.582107,140,12899
104.019127,29.138972,119,12900
104.12217,30.539698,83,12901
104.575144,30.685966,17,12902
104.050975,30.189929,-1,12903
103.857763,30.464357,-1,12904
103.887185,30.528804,104,12905
104.34019,30.460401,-1,12906
103.855021,30.443453,-1,12907
104.093761,30.659459,-1,12908
104.025178,30.835184,-1,12909
104.105075,30.587252,-1,12910
103.799693,30.646662,-1,12911
104.361347,30.289289,-1,12912
103.843403,31.138298,-1,12913
104.03268,30.322447,-1,12914
103.968876,30.796439,-1,12915
103.979457,30.585627,-1,12916
103.987686,29.131741,-1,12917
104.164339,30.658769,54,12918
104.194269,30.738105,238,12919
104.465291,30.849241,-1,12920
103.92247,30.867328,-1,12921
104.293698,30.815179,-1,12922
104.617188,30.686591,-1,12923
104.119095,30.757033,88,12924
103.986333,30.635485,-1,12925
104.244788,30.645366,79,12926
103.936626,30.613902,39,12927
103.79759,30.404715,-1,12928
104.072715,30.287072,-1,12929
102.114771,29.64927,-1,12930
104.080776,30.702063,-1,12931
103.866959,30.534985,195,12932
104.113508,30.579676,0,12933
103.959189,30.82338,-1,12934
104.2022,30.506257,-1,12935
103.899489,30.662602,-1,12936
104.001599,30.597845,-1,12937
104.447155,30.472423,233,12938
103.908992,30.242312,-1,12939
103.719087,30.594682,36,12940
104.155359,30.554658,-1,12941
102.988711,30.027592,-1,12942
103.964365,30.637269,142,12943
104.051787,30.757842,-1,12944
103.98349,30.571664,-1,12945
103.975188,30.595071,-1,12946
104.214897,30.686426,-1,12947
104.319029,30.273893,-1,12948
104.250686,30.541523,-1,12949
103.486717,30.214838,-1,12950
104.092783,30.754634,-1,12951
104.071509,30.689329,84,12952
104.221279,30.638559,45,12953
104.361061,30.659378,-1,12954
104.115162,30.417687,-1,12955
103.866182,30.304847,-1,12956
104.25299,30.273889,-1,12957
103.505762,30.55893,253,12958
104.489574,30.493683,7,12959
104.225854,30.526097,242,12960
104.326571,30.860026,57,12961
103.967127,30.648303,4,12962
104.116716,30.583958,-1,12963
103.973629,30.469785,-1,12964
104.064092,30.633101,190,12965
103.937452,30.619119,121,12966
104.249826,30.756817,-1,12967
103.591215,30.742084,-1,12968
103.920178,30.991214,-1,12969
103.990804,30.739371,156,12970
102.632789,31.869409,-1,12971
104.071959,30.233083,-1,12972
103.80772,29.677714,-1,12973
103.897523,30.836269,56,12974
104.043655,30.446411,15,12975
103.862773,30.710465,-1,12976
104.330999,30.644526,16,12977
103.998622,30.669508,-1,12978
103.956444,30.72561,33,12979
104.236938,30.498298,-1,12980
103.532384,31.404621,-1,12981
104.263494,29.942718,53,12982
103.857866,31.065609,117,12983
104.326544,30.860357,57,12984
104.462719,31.057261,-1,12985
103.981359,30.785848,50,12986
104.064992,30.179443,183,12987
104.646856,30.675389,-1,12988
104.109289,30.527862,-1,12989
104.100932,30.438846,-1,12990
103.703874,30.31444,-1,12991
104.990164,29.542406,-1,12992
104.33334,30.643614,241,12993
103.99936,30.468576,215,12994
103.703699,30.92798,-1,12995
104.466032,30.485215,-1,12996
104.120581,30.822684,-1,12997
103.816954,30.798431,-1,12998
104.125371,30.769596,85,12999
103.923571,30.259423,-1,13000
104.345102,30.828636,78,13001
104.058841,30.473723,-1,13002
104.237499,30.652848,133,13003
104.073283,30.371204,-1,13004
103.971354,30.570144,-1,13005
104.326745,30.860057,57,13006
103.999586,30.466991,215,13007
104.464737,30.794613,-1,13008
104.012255,30.8313,-1,13009
104.01153,30.614763,-1,13010
104.076914,30.382552,-1,13011
104.152713,30.781615,-1,13012
104.285257,30.698517,-1,13013
104.2476,29.016475,-1,13014
103.966196,30.435466,-1,13015
