longitude,latitude,cluster,point_index
103.964398,30.637261,0,0
104.076146,30.771296,-1,1
103.713673,30.526773,1,2
104.028602,30.337786,-1,3
104.477767,30.489268,-1,4
104.138525,30.417882,-1,5
104.392154,30.319025,-1,6
104.092679,30.582727,2,7
103.890062,30.662875,-1,8
104.224558,30.675364,-1,9
103.931857,30.807406,-1,10
104.077547,30.794919,-1,11
103.67959,30.301183,-1,12
104.140897,30.817221,-1,13
104.112081,31.07591,-1,14
103.718357,30.892982,-1,15
104.163795,30.395325,-1,16
104.061318,30.492493,-1,17
104.010141,30.765355,-1,18
103.758081,31.196451,-1,19
104.076336,30.752753,-1,20
104.278268,31.127236,-1,21
104.093815,30.581029,2,22
103.972212,30.542767,3,23
103.78002,30.403169,-1,24
104.315838,30.302878,4,25
104.366807,30.294099,-1,26
103.820812,30.741661,-1,27
104.049679,30.694586,-1,28
104.171678,30.659746,5,29
104.020413,29.139488,6,30
103.678348,31.029674,7,31
103.800859,30.433771,-1,32
104.439343,30.257626,-1,33
104.057308,30.458124,-1,34
104.671317,30.055186,-1,35
104.061349,30.419041,8,36
103.96063,30.939398,-1,37
104.155118,30.521497,-1,38
103.097114,30.064352,-1,39
104.003958,30.52607,-1,40
103.951061,30.601157,-1,41
103.897425,30.836299,9,42
104.146551,30.582787,-1,43
104.41105,30.330814,-1,44
104.220886,30.638705,10,45
104.335673,30.712543,-1,46
103.827695,30.578759,-1,47
103.677936,31.029958,7,48
103.856669,30.303793,-1,49
104.224698,30.793901,11,50
103.68188,30.596758,-1,51
104.066893,30.487005,-1,52
104.031994,30.857856,-1,53
103.850867,30.820487,12,54
104.237469,30.652838,13,55
103.952301,30.427738,14,56
103.99777,30.757484,15,57
103.983932,30.572778,16,58
103.968584,30.658263,-1,59
104.115866,30.583888,25,60
104.057973,30.380819,-1,61
104.279679,30.646366,-1,62
103.627177,30.822739,-1,63
104.262844,30.275107,-1,64
104.2309,30.559858,-1,65
103.890372,30.248266,-1,66
102.836816,29.775802,-1,67
104.02064,30.58623,-1,68
103.879223,30.463425,-1,69
103.956546,30.95812,-1,70
104.224453,30.804174,-1,71
104.028449,29.142891,-1,72
104.093969,30.595286,-1,73
104.323625,30.645108,17,74
104.390971,30.334729,-1,75
103.697352,30.407641,270,76
103.937836,30.61935,18,77
104.215542,30.649266,19,78
104.587513,30.391027,-1,79
104.227503,30.802639,-1,80
104.581949,30.113908,-1,81
103.646943,30.296223,-1,82
103.415623,30.754263,-1,83
103.786151,30.428351,-1,84
104.10817,30.549763,-1,85
104.118167,30.756772,20,86
103.956928,30.784237,-1,87
104.096249,30.538158,21,88
104.745635,30.4518,22,89
104.180158,31.017646,-1,90
104.140986,30.758698,-1,91
104.016798,30.619809,-1,92
104.118335,30.605947,-1,93
103.497411,30.547282,-1,94
104.488928,30.600147,-1,95
104.973136,29.870736,23,96
103.964559,30.636803,0,97
103.650531,30.543594,-1,98
103.662904,30.970974,24,99
104.117852,30.606664,-1,100
104.151592,30.795322,-1,101
104.225285,30.67219,-1,102
103.660416,30.383966,-1,103
104.315839,30.302879,4,104
104.115744,30.584793,25,105
104.35399,30.999891,-1,106
104.013988,30.825583,-1,107
103.833736,30.635242,26,108
103.70154,30.60255,27,109
103.797786,31.241086,-1,110
104.010809,30.514621,-1,111
103.79258,30.187609,-1,112
104.182347,30.700185,-1,113
103.68731,30.615942,-1,114
103.825028,30.581533,-1,115
103.829588,30.397523,-1,116
103.846841,30.77413,-1,117
103.937833,30.61922,18,118
104.054112,30.446894,-1,119
103.977547,30.688528,28,120
104.167431,30.67506,-1,121
103.633827,30.959918,-1,122
104.453802,30.85422,-1,123
103.827533,31.265644,-1,124
103.917608,30.811893,-1,125
103.847449,31.284971,-1,126
104.057187,30.649257,-1,127
104.111266,30.587288,-1,128
104.070161,30.519338,-1,129
104.153067,30.725695,-1,130
104.425735,30.47285,-1,131
103.816651,30.35158,-1,132
104.042608,30.52045,-1,133
104.076891,30.295722,-1,134
104.17279,30.483427,29,135
103.895505,31.015724,-1,136
103.531386,31.405289,135,137
104.224095,30.67529,-1,138
104.227426,30.802641,-1,139
103.460308,30.464127,-1,140
103.879538,30.404412,30,141
104.589207,30.698377,-1,142
104.615657,30.158006,-1,143
103.886856,30.52857,31,144
104.187071,30.544742,-1,145
104.201107,30.733794,-1,146
103.893577,30.856544,-1,147
103.965649,30.636366,0,148
104.093302,30.581179,2,149
103.990665,30.648324,-1,150
104.149093,30.659799,32,151
104.005169,30.438375,-1,152
104.202753,30.725866,33,153
103.889569,30.383725,34,154
104.58367,30.69086,-1,155
103.902226,30.834654,35,156
103.987016,30.216185,-1,157
104.011348,30.482848,-1,158
104.076686,30.375368,-1,159
104.390186,30.33271,-1,160
103.862204,30.712139,-1,161
104.419026,30.501077,-1,162
103.69668,30.39634,-1,163
104.340177,30.460021,-1,164
104.061548,30.418942,8,165
104.272014,30.826423,-1,166
103.524562,30.199974,-1,167
104.173067,30.484854,29,168
103.973676,30.428858,-1,169
104.609468,31.298958,-1,170
103.94815,30.327231,-1,171
103.834505,30.946098,-1,172
103.977072,30.640785,-1,173
104.508587,30.354265,36,174
103.535749,30.742538,-1,175
103.964664,30.636807,0,176
104.104805,30.580506,211,177
103.949349,30.678265,37,178
104.226001,30.793217,38,179
104.183684,29.975875,-1,180
104.167067,30.636696,-1,181
104.026217,30.480296,203,182
104.169507,30.775873,-1,183
103.980398,30.927869,-1,184
104.49251,30.32561,-1,185
104.040358,30.880132,-1,186
103.958494,30.648637,-1,187
104.222258,30.908833,-1,188
104.016516,30.517055,-1,189
104.488958,30.461362,39,190
103.474539,30.431273,40,191
104.057926,30.633435,-1,192
104.118832,30.756788,20,193
103.95479,30.491761,-1,194
103.530504,31.410547,-1,195
104.242943,30.645557,41,196
104.24981,30.579971,42,197
103.711121,30.798502,-1,198
104.051607,30.757737,-1,199
103.874202,30.624193,-1,200
103.981263,30.785218,43,201
104.047576,30.284052,-1,202
103.660771,30.599887,-1,203
104.529373,31.863601,-1,204
103.992309,30.438163,-1,205
104.198609,30.582205,44,206
103.953401,30.669662,-1,207
103.723576,30.660443,-1,208
104.272961,30.814535,-1,209
103.862118,30.710973,-1,210
104.218135,30.585994,-1,211
103.553375,30.220814,45,212
103.310166,31.087555,-1,213
103.92668,30.946991,-1,214
103.496287,30.548419,46,215
104.512915,30.420146,47,216
104.093629,30.581016,2,217
104.32354,30.645141,17,218
104.523416,30.430398,48,219
104.245719,30.991695,-1,220
103.939824,30.617792,49,221
103.780316,30.403786,-1,222
103.973075,30.66404,50,223
104.195303,30.595265,-1,224
104.212651,30.177744,-1,225
103.937538,30.619379,18,226
103.893357,30.776382,-1,227
103.725132,30.332003,-1,228
104.401775,30.997187,-1,229
103.642924,30.853352,-1,230
104.48741,30.459132,51,231
103.816309,30.641267,-1,232
103.680965,31.033691,-1,233
104.145915,30.707092,-1,234
103.532419,30.562736,-1,235
104.554861,30.374014,-1,236
103.839229,30.315977,-1,237
104.075527,30.238834,52,238
103.859238,30.827586,53,239
104.326427,30.860028,54,240
103.88512,30.577234,-1,241
103.701452,30.602339,27,242
104.14758,30.660888,32,243
103.997026,30.907951,55,244
103.965246,30.636953,0,245
104.393532,30.301058,-1,246
103.818565,30.634223,56,247
103.552347,30.532063,-1,248
104.092729,30.582778,2,249
104.137205,30.522269,-1,250
104.289739,30.847992,-1,251
104.522626,30.429638,48,252
104.318495,30.861296,57,253
103.9599,30.517176,58,254
104.245359,30.707278,-1,255
104.130994,30.670384,59,256
103.814065,30.968586,-1,257
104.225634,30.790914,38,258
103.873821,30.417359,60,259
104.174644,30.715359,61,260
104.176111,30.715304,61,261
104.123606,30.912461,-1,262
104.102687,30.492359,-1,263
104.04417,30.59879,-1,264
104.132591,30.686721,-1,265
104.118765,30.468785,-1,266
104.392098,30.283956,62,267
103.813552,30.907059,-1,268
103.861537,30.984724,-1,269
104.504496,30.343471,-1,270
103.640376,30.465942,63,271
104.008219,30.728198,-1,272
104.040686,30.531319,-1,273
104.051208,30.540995,64,274
103.719115,30.578494,-1,275
104.15288,30.515272,-1,276
104.510598,30.353123,-1,277
104.3265,30.860395,54,278
104.533232,30.731011,-1,279
103.990613,30.739383,65,280
104.022452,30.501037,-1,281
104.242524,30.651285,66,282
103.967413,31.067624,-1,283
103.930216,30.526317,-1,284
103.844638,30.012295,-1,285
104.292829,30.391383,-1,286
104.203747,30.726025,33,287
103.696245,29.097753,-1,288
104.102783,30.861992,-1,289
103.843403,31.138298,-1,290
103.70467,30.65529,-1,291
104.595496,31.767986,-1,292
104.007968,30.718818,-1,293
104.249051,30.772501,67,294
104.234872,30.59604,-1,295
103.851265,30.650014,-1,296
103.789599,30.352475,-1,297
104.162588,30.680193,-1,298
103.907947,30.660732,68,299
104.198282,30.581889,44,300
104.477818,30.489346,-1,301
104.045635,30.284739,-1,302
103.628258,30.289751,-1,303
104.081808,30.473548,-1,304
103.947792,30.010901,-1,305
104.057302,30.698598,-1,306
104.118279,30.757214,20,307
104.394465,30.34979,69,308
104.093534,30.581437,2,309
104.154905,31.616342,-1,310
103.904343,30.370327,-1,311
104.041961,30.249662,-1,312
103.967401,30.648409,70,313
103.774506,31.17945,-1,314
104.625516,30.333344,-1,315
103.536956,30.771191,-1,316
104.108295,30.496109,-1,317
103.779972,30.403101,-1,318
104.973667,29.871171,23,319
104.16477,30.658913,71,320
103.776545,30.636744,-1,321
104.120843,30.50105,-1,322
104.136478,30.409953,-1,323
103.896333,30.670458,-1,324
104.072753,30.69563,72,325
104.37019,31.133358,-1,326
104.438192,30.357126,73,327
104.34751,30.734383,-1,328
104.151475,30.842404,-1,329
103.940642,30.618794,-1,330
104.163491,30.685676,-1,331
104.111864,30.458695,-1,332
104.185758,30.718654,74,333
103.998079,30.73046,-1,334
103.794192,30.441235,-1,335
104.051277,30.476623,75,336
104.161801,30.691493,-1,337
103.96046,30.595364,-1,338
103.981633,30.785115,43,339
103.95575,31.007561,-1,340
104.051005,30.54137,64,341
104.186492,30.534243,-1,342
104.078176,30.684119,-1,343
103.775922,30.839163,-1,344
104.136556,30.377676,-1,345
104.050463,30.541645,64,346
103.735844,30.584596,-1,347
104.10001,30.707111,-1,348
104.13012,30.821467,-1,349
104.455884,30.827185,-1,350
104.522419,30.438225,-1,351
104.189622,30.515998,-1,352
103.959608,30.795866,-1,353
104.198658,30.592293,76,354
104.055186,30.447042,-1,355
104.072945,30.695623,72,356
104.21474,30.611458,-1,357
103.799925,30.647103,-1,358
104.349604,31.050375,-1,359
103.904548,30.352696,-1,360
104.450515,30.476263,-1,361
103.530549,31.410132,-1,362
104.631144,30.872085,-1,363
104.184671,30.874973,-1,364
104.082906,30.835117,-1,365
103.970593,30.989987,-1,366
104.103971,30.512459,77,367
104.083317,30.492487,-1,368
104.353832,30.995467,-1,369
104.021462,29.123353,-1,370
104.149409,30.724423,-1,371
104.002208,30.597592,-1,372
104.291821,30.967263,-1,373
104.097129,30.458931,-1,374
104.169992,30.639822,-1,375
104.170854,30.615383,78,376
103.940193,30.615942,-1,377
104.668911,30.087882,-1,378
104.147153,30.705592,-1,379
104.01648,30.736786,-1,380
103.723576,30.660443,-1,381
103.815514,30.633472,56,382
104.531643,30.406174,-1,383
103.876265,30.613333,-1,384
103.995061,30.676639,-1,385
103.977703,30.199575,231,386
104.291412,30.799918,-1,387
104.522299,30.429939,48,388
103.64161,30.463459,-1,389
104.392329,30.333991,-1,390
103.700126,30.309833,-1,391
104.525757,30.670814,-1,392
103.840301,30.359831,79,393
104.390789,30.6353,-1,394
104.403758,30.31163,-1,395
104.252787,30.21535,-1,396
104.269731,30.757068,-1,397
103.8738,30.417315,60,398
104.212155,30.525999,-1,399
104.008189,30.76523,-1,400
103.464697,30.452642,80,401
103.888201,30.55628,81,402
103.852379,30.661818,-1,403
103.948101,30.678213,37,404
104.527312,30.644679,-1,405
103.83858,30.31727,-1,406
104.0079,30.554786,82,407
104.858455,29.741231,83,408
104.174962,30.715439,61,409
103.825228,30.46608,-1,410
104.0712,30.725206,84,411
104.135649,30.805836,85,412
103.479427,30.428583,-1,413
103.891189,30.478526,-1,414
104.065834,30.446737,-1,415
103.851137,30.437288,86,416
104.502753,30.473325,-1,417
104.083145,30.637287,-1,418
103.744371,30.713432,-1,419
104.242804,30.6502,66,420
104.387301,30.761616,-1,421
103.948854,30.678592,37,422
103.969085,31.007925,-1,423
103.890443,30.973734,-1,424
104.487745,30.459265,51,425
104.037552,30.350874,-1,426
103.985541,30.454037,-1,427
104.236451,30.646557,87,428
104.168842,30.741314,88,429
103.939471,30.424116,-1,430
103.939808,30.620996,89,431
104.060487,31.245423,-1,432
104.333558,30.888484,-1,433
104.374908,30.726455,-1,434
103.986021,30.742974,-1,435
104.188864,30.717729,-1,436
104.28788,30.845122,-1,437
104.13611,30.690172,-1,438
103.812312,30.571572,-1,439
104.016382,30.521768,-1,440
103.920675,30.702815,90,441
103.465393,30.437815,91,442
104.611054,31.298808,-1,443
103.833017,30.421559,-1,444
103.601732,30.828554,-1,445
103.961291,30.940551,-1,446
103.81331,30.632669,56,447
104.0575,30.45371,-1,448
104.059898,30.648479,-1,449
103.902232,30.834772,35,450
104.292359,30.999232,-1,451
104.223843,30.883964,-1,452
104.120845,30.785534,-1,453
103.702017,30.852844,-1,454
104.487362,30.459334,51,455
103.464849,30.452651,80,456
104.328345,30.345754,-1,457
104.529708,30.643468,-1,458
103.914208,30.630053,275,459
104.032544,30.636558,-1,460
103.885478,30.425147,-1,461
103.858989,30.827697,53,462
104.218438,30.781267,-1,463
103.995986,30.425977,-1,464
104.869065,29.225714,-1,465
104.0494,30.683884,-1,466
104.255674,30.531106,92,467
104.291731,30.877133,93,468
104.081938,30.485867,-1,469
104.195896,30.858959,-1,470
103.968861,30.63193,-1,471
104.262248,30.272358,-1,472
104.225942,30.524782,94,473
104.38895,30.298161,-1,474
104.269731,30.757068,-1,475
104.11882,30.468855,-1,476
104.083358,29.658629,-1,477
104.118007,30.757048,20,478
104.008841,30.590564,95,479
104.124986,30.769167,96,480
104.220768,30.63888,10,481
104.524957,30.670815,-1,482
103.661845,30.961214,97,483
103.9324,30.746407,-1,484
104.394309,30.350331,69,485
103.908172,30.660964,68,486
104.585727,30.702398,-1,487
104.269731,30.757068,-1,488
104.049124,30.653306,-1,489
103.766246,31.191819,-1,490
104.015444,30.540383,-1,491
104.324386,30.274,-1,492
104.53731,30.397874,-1,493
104.205848,30.712619,-1,494
104.122465,30.512805,-1,495
103.833736,30.635242,26,496
103.736485,31.01717,-1,497
104.267298,30.856341,-1,498
104.52853,30.64085,-1,499
104.237679,30.64798,-1,500
103.662792,30.971131,24,501
103.588524,30.773275,-1,502
103.915041,30.861518,-1,503
104.111765,30.579669,178,504
104.20137,30.739334,98,505
104.378983,30.292528,99,506
104.077276,30.6136,-1,507
104.411995,30.345065,-1,508
104.165339,30.658952,71,509
104.094846,30.523385,-1,510
103.732088,31.0187,-1,511
104.203168,30.74779,-1,512
104.150154,30.616405,100,513
104.12519,30.769266,96,514
104.072564,30.387116,-1,515
103.899551,30.784592,-1,516
103.655134,30.612798,-1,517
103.678025,31.029732,7,518
104.073915,30.368756,-1,519
104.37829,30.455674,-1,520
104.044773,30.444874,101,521
104.028142,30.450606,-1,522
103.976535,30.653,102,523
104.226189,30.524982,94,524
104.04426,30.52605,-1,525
104.297617,31.034995,-1,526
104.073129,30.715211,-1,527
104.351219,30.985512,-1,528
103.946454,30.732957,-1,529
104.46934,30.34251,-1,530
103.997026,30.907951,55,531
104.297372,30.705144,-1,532
104.085976,30.384764,-1,533
104.177206,30.718902,103,534
104.00202,30.884132,-1,535
104.509174,30.617386,-1,536
104.660349,31.131077,-1,537
104.087778,30.547807,-1,538
103.958518,30.648516,-1,539
103.972868,30.457528,-1,540
104.361276,30.660987,-1,541
103.817457,30.7131,-1,542
104.108847,30.507062,-1,543
104.043741,31.280025,-1,544
104.165774,30.712277,104,545
103.677182,30.349685,-1,546
104.093292,30.58091,2,547
104.242835,30.650626,66,548
103.943732,30.507958,105,549
104.033411,30.525623,-1,550
104.510293,30.349071,-1,551
103.964097,30.477866,-1,552
104.20158,30.607753,-1,553
104.245393,30.645416,41,554
103.677707,30.3386,106,555
104.043944,30.446799,101,556
104.198298,30.582071,44,557
104.022252,30.500919,-1,558
104.079797,30.513547,-1,559
103.77664,30.422958,-1,560
103.999938,30.48349,-1,561
104.222098,30.908717,-1,562
103.896532,30.712776,-1,563
104.453072,30.460588,-1,564
103.816808,30.568688,-1,565
103.994621,30.615776,-1,566
104.035369,30.323838,-1,567
104.101173,30.426465,-1,568
103.939808,30.620996,89,569
104.236369,30.194621,-1,570
104.151832,30.516779,-1,571
104.556107,30.099092,-1,572
104.103317,30.497337,107,573
104.174789,30.558819,-1,574
103.967176,30.648356,70,575
104.198203,30.659732,-1,576
103.784788,30.576564,-1,577
103.698361,31.029708,-1,578
103.717468,30.591614,-1,579
104.311668,30.299,108,580
104.24659,30.574435,-1,581
104.354156,30.844171,-1,582
102.702921,29.97221,-1,583
103.792477,30.187349,-1,584
103.792031,30.603897,-1,585
103.883296,30.665939,109,586
104.218952,30.655292,110,587
104.198443,30.739343,-1,588
104.758537,30.373873,-1,589
103.70813,30.406138,-1,590
104.113825,30.410288,-1,591
104.53228,30.37237,-1,592
104.430637,30.966089,-1,593
103.65467,30.926188,111,594
103.992071,30.437873,-1,595
103.802244,30.455518,112,596
104.424156,30.392666,-1,597
104.224986,30.793869,11,598
103.784203,30.640184,-1,599
104.395319,30.989883,-1,600
103.986831,30.484864,-1,601
104.032899,30.322189,-1,602
104.652309,31.133748,-1,603
104.046166,30.449051,-1,604
104.096349,30.537951,21,605
104.255771,30.52221,-1,606
104.067778,30.253209,-1,607
104.229357,30.708232,-1,608
104.05045,30.540741,64,609
104.164673,30.658678,71,610
103.81718,30.646198,-1,611
104.125409,30.769499,96,612
104.019376,30.457133,-1,613
104.20409,30.740387,113,614
104.151464,30.776897,259,615
104.80246,30.641612,-1,616
104.58343,30.340338,130,617
104.141474,30.374499,-1,618
104.227423,30.861196,-1,619
104.536462,30.706132,-1,620
103.937411,30.614555,114,621
104.21326,30.583938,115,622
104.119975,30.774118,169,623
103.9381,30.635165,-1,624
104.242492,30.650585,66,625
104.047015,30.592686,-1,626
104.255658,30.578306,-1,627
103.945368,30.952022,-1,628
103.751439,30.973455,-1,629
104.082375,30.577348,-1,630
104.14958,30.622559,116,631
104.009357,30.479392,-1,632
104.175246,30.682901,-1,633
103.778926,31.170527,-1,634
104.063547,30.632197,240,635
104.044031,30.445901,101,636
103.929464,30.699592,117,637
103.974094,30.578287,-1,638
103.971157,30.650407,118,639
104.194302,30.528744,-1,640
104.145232,30.570364,-1,641
103.871126,30.402911,-1,642
104.327108,30.308495,-1,643
104.449733,30.480613,-1,644
103.55469,30.53344,-1,645
104.385225,30.299721,-1,646
103.99082,30.739405,65,647
104.146038,30.886013,-1,648
103.792376,29.72324,-1,649
103.937585,30.613975,114,650
104.119001,30.468896,-1,651
104.069877,30.768424,119,652
104.140418,30.717101,-1,653
103.726201,30.781801,-1,654
103.953901,30.554969,-1,655
104.122585,30.51207,-1,656
103.633135,30.581002,-1,657
103.865404,31.048365,-1,658
104.272827,30.326258,-1,659
103.91274,30.824745,120,660
104.217068,30.691946,-1,661
104.555731,30.353561,121,662
103.986192,30.332412,271,663
104.206016,30.615774,-1,664
104.2445,30.645484,41,665
104.106073,30.719097,-1,666
103.883157,30.411368,-1,667
104.147058,30.777592,-1,668
104.668911,30.087882,-1,669
104.147058,30.777592,-1,670
103.549584,30.21125,-1,671
103.897009,31.014691,-1,672
103.819567,30.571422,-1,673
104.221246,30.638444,10,674
104.102124,30.647138,-1,675
103.897369,30.836266,9,676
104.235502,30.646884,87,677
103.919234,30.234578,-1,678
103.959805,30.51757,58,679
104.311884,30.298666,108,680
104.434497,30.493118,-1,681
103.944096,30.584467,-1,682
104.064401,30.43798,251,683
104.106414,30.740552,122,684
103.911713,30.634232,-1,685
104.083596,30.637555,-1,686
104.102143,30.497983,107,687
104.704514,30.419618,-1,688
103.963917,30.630263,-1,689
104.013776,30.450312,-1,690
103.7251,30.332153,-1,691
104.253116,30.773876,-1,692
104.092036,30.524169,123,693
104.073687,30.818997,-1,694
104.202643,30.725899,33,695
103.648644,30.477163,-1,696
103.917012,30.683546,124,697
103.439757,30.401125,-1,698
103.944685,30.484135,-1,699
104.51291,30.420337,47,700
104.5412,30.419275,-1,701
104.115064,30.45283,-1,702
103.79276,30.461016,-1,703
104.161945,30.69623,-1,704
104.556107,30.099092,-1,705
104.093465,30.581466,2,706
104.206016,30.615774,-1,707
104.226609,30.792528,38,708
104.342232,30.926694,-1,709
103.973643,30.800387,125,710
103.677819,30.338666,106,711
103.917805,30.414152,-1,712
103.887395,30.592799,-1,713
104.046913,30.428112,126,714
103.460523,30.464059,-1,715
103.969204,30.366672,127,716
103.972364,30.542185,3,717
104.544407,30.363077,-1,718
104.258478,30.583107,-1,719
103.929515,30.974414,-1,720
104.039109,30.530689,-1,721
104.056442,30.428257,-1,722
104.529373,31.863601,-1,723
103.808929,31.252125,-1,724
104.013143,30.51223,-1,725
104.415334,30.618139,-1,726
103.842402,30.538698,-1,727
103.838273,30.360917,128,728
104.087727,30.747861,129,729
103.959938,30.517477,58,730
104.042802,30.4672,-1,731
103.576041,31.022269,-1,732
103.909403,30.838072,-1,733
104.190345,30.5141,-1,734
104.236669,30.646404,87,735
104.583374,30.340294,130,736
104.22547,30.525873,94,737
104.11833,30.757057,20,738
104.090912,30.450811,-1,739
104.222361,30.999552,253,740
104.003896,30.60651,-1,741
104.086737,30.834592,-1,742
104.083393,30.461332,-1,743
104.046634,30.5407,-1,744
102.062553,31.516843,-1,745
104.530463,30.440569,-1,746
103.902186,30.834214,35,747
104.36562,30.789681,-1,748
103.958889,30.635432,-1,749
103.945127,30.709092,-1,750
104.198695,30.705141,-1,751
104.460288,30.49012,-1,752
103.857272,30.809681,-1,753
104.090803,30.362991,-1,754
104.04416,30.444427,101,755
104.045813,30.4462,101,756
103.986245,30.742412,-1,757
104.203278,30.726031,33,758
104.598805,30.701077,-1,759
104.090708,30.741993,-1,760
104.019133,30.489767,-1,761
104.093702,30.581083,2,762
104.326536,30.860396,54,763
104.235326,30.645904,87,764
103.975,30.639494,-1,765
104.008925,30.518685,-1,766
104.033416,31.347506,-1,767
104.156226,30.503552,-1,768
104.249861,30.57989,42,769
103.98885,30.72471,-1,770
104.109657,30.562382,-1,771
104.187771,30.535339,-1,772
104.567148,30.668985,-1,773
104.216517,30.57197,-1,774
103.950471,30.608458,-1,775
104.057768,30.387924,-1,776
104.166608,30.700483,-1,777
103.88465,30.388545,131,778
103.869244,30.447206,-1,779
103.677108,30.349624,-1,780
103.803898,31.166626,-1,781
104.109726,30.593429,-1,782
103.701453,30.602629,27,783
104.110199,30.509012,-1,784
104.093105,30.581052,2,785
104.754009,30.62808,-1,786
103.78839,31.035888,-1,787
104.138926,30.6108,132,788
104.222363,30.99939,253,789
103.860463,30.764896,-1,790
103.974826,30.624204,-1,791
104.045407,30.44589,101,792
104.041945,30.248778,-1,793
104.220733,30.638943,10,794
104.453728,30.854235,-1,795
104.044093,30.455171,-1,796
103.454905,31.257988,-1,797
103.832724,30.549674,133,798
104.110951,30.505579,225,799
104.189746,30.662292,-1,800
104.165197,30.720252,-1,801
104.600513,30.492364,-1,802
104.193825,30.529277,-1,803
104.05471,30.421412,-1,804
103.956664,30.034553,-1,805
104.161572,30.659119,-1,806
104.011936,30.843819,-1,807
103.955327,30.833512,-1,808
103.870899,30.701783,134,809
103.553368,30.22101,45,810
103.532301,31.405014,135,811
104.063627,30.609756,136,812
103.958597,30.64846,-1,813
103.972515,30.664208,50,814
104.128967,30.639983,-1,815
103.9599,30.517176,58,816
104.362762,31.067849,-1,817
104.164475,30.658674,71,818
104.309101,30.865172,137,819
103.87252,30.77922,138,820
104.214148,30.583637,115,821
104.39153,30.299312,139,822
103.680809,30.948102,-1,823
104.621239,30.778057,-1,824
104.021033,30.459627,-1,825
103.495348,30.406984,-1,826
104.158055,30.650956,-1,827
104.057905,30.367759,-1,828
104.172893,30.48512,29,829
103.948968,30.636621,-1,830
103.899136,30.615997,140,831
103.902395,30.914449,-1,832
104.183154,30.710879,141,833
104.210401,30.675905,-1,834
104.046402,30.426928,126,835
104.125336,30.769664,96,836
104.498004,30.46599,-1,837
103.678235,30.950508,-1,838
104.52295,30.43,48,839
104.094021,30.581037,2,840
103.842922,30.576648,-1,841
104.301917,30.853085,-1,842
104.143924,30.827302,-1,843
104.355686,30.291114,-1,844
104.292041,30.876987,93,845
103.937044,30.613547,114,846
104.032814,30.573105,-1,847
104.061745,30.339368,-1,848
104.670316,30.087834,-1,849
104.201087,30.733589,-1,850
103.988483,30.627729,142,851
103.960045,30.517573,58,852
104.311884,30.298666,108,853
103.58854,30.773205,-1,854
104.274163,30.232664,-1,855
104.261259,31.07872,-1,856
104.040551,30.5314,-1,857
104.397466,30.757874,-1,858
104.107003,30.587168,143,859
104.121507,30.377851,-1,860
103.789967,30.603961,-1,861
104.199036,30.592831,76,862
103.896319,30.666115,144,863
104.081625,30.519826,-1,864
104.202986,30.726055,33,865
104.138308,30.417905,-1,866
104.16532,30.659087,71,867
103.701712,30.60243,27,868
103.834693,30.668833,-1,869
104.249015,30.772353,67,870
104.096414,30.54173,145,871
104.193178,30.740017,-1,872
103.530413,30.405866,-1,873
102.436769,29.136551,-1,874
103.944668,30.484335,-1,875
103.837658,30.733892,-1,876
104.255496,30.859536,146,877
103.964878,30.456983,-1,878
103.933486,30.661884,-1,879
103.885117,30.400406,-1,880
103.908759,30.543369,147,881
104.135192,30.806001,85,882
103.90245,30.658237,148,883
103.963624,30.439262,-1,884
103.909912,30.544437,147,885
104.138804,30.610661,132,886
102.28717,29.184327,-1,887
103.919514,30.234844,-1,888
103.916341,30.369497,149,889
104.224699,30.804522,-1,890
103.063005,30.030921,-1,891
104.460081,30.845324,-1,892
103.935303,30.905399,150,893
104.279216,30.643191,-1,894
104.21752,30.583846,-1,895
104.081792,30.455018,-1,896
104.118765,30.468785,-1,897
104.2429,30.645498,41,898
104.021593,30.549892,-1,899
104.216394,30.77535,-1,900
104.111948,30.578923,178,901
103.973876,30.429742,-1,902
103.934842,30.612289,-1,903
104.53891,31.859082,151,904
104.200611,30.684412,-1,905
103.886761,30.528283,31,906
103.880329,30.604186,152,907
104.195453,30.595695,-1,908
104.1498,30.629159,-1,909
104.317447,30.302702,-1,910
104.267977,30.650049,-1,911
104.188631,30.731806,-1,912
103.661396,30.960989,97,913
102.22934,29.933315,-1,914
104.07212,30.383908,-1,915
104.135649,30.805836,85,916
104.565672,30.372029,198,917
104.032109,30.526928,-1,918
103.870446,30.702301,134,919
104.04244,30.19926,-1,920
103.977912,30.688902,28,921
104.274452,30.672638,-1,922
104.179645,30.619459,-1,923
104.201266,30.679775,-1,924
103.559889,30.548869,153,925
103.795761,30.650425,-1,926
104.255322,30.53119,92,927
104.255378,30.530985,92,928
104.008783,30.59067,95,929
104.552281,30.736511,-1,930
104.094365,30.523318,-1,931
104.102154,30.420039,-1,932
104.386042,30.300435,-1,933
103.909023,30.749409,-1,934
104.236053,30.646754,87,935
104.462386,31.234167,-1,936
104.104359,30.531403,154,937
103.678348,31.029674,7,938
103.983914,30.783239,-1,939
103.575377,30.736139,-1,940
104.115321,30.885115,-1,941
103.898892,30.403683,-1,942
104.142403,30.61401,-1,943
104.378132,30.448046,-1,944
103.986709,30.484956,-1,945
104.044374,30.216864,-1,946
104.037665,30.360629,-1,947
104.497288,30.419696,-1,948
103.901887,30.834107,35,949
103.916429,30.369257,149,950
104.03946,30.537779,-1,951
104.049153,30.653366,-1,952
104.124896,30.772389,-1,953
103.880537,30.404245,30,954
104.099439,30.467054,155,955
103.924785,30.852811,-1,956
104.070625,30.331506,-1,957
103.96258,30.640714,-1,958
103.859945,30.34817,-1,959
103.912988,30.631067,156,960
104.652397,31.133448,-1,961
103.985106,30.219063,-1,962
103.872573,30.491052,-1,963
103.915318,30.418641,-1,964
103.9837,30.829597,-1,965
103.689765,31.045757,-1,966
103.662529,30.970451,24,967
103.504892,30.725417,-1,968
103.731276,30.709291,-1,969
104.173453,30.539153,-1,970
104.593458,31.767819,-1,971
103.977313,30.652661,102,972
103.563216,30.748369,-1,973
103.986307,30.332561,271,974
103.870446,30.702301,134,975
104.084564,30.747825,-1,976
104.422488,30.474351,-1,977
104.084386,30.455754,279,978
104.108299,30.420306,-1,979
103.901431,30.834092,35,980
104.357088,30.435873,-1,981
103.928084,30.474092,-1,982
103.918079,30.683885,124,983
104.044902,30.717657,-1,984
104.077071,30.230773,-1,985
104.072023,30.417307,-1,986
104.319769,30.309417,-1,987
104.123619,30.912476,-1,988
104.294721,29.659585,-1,989
104.093919,30.580992,2,990
104.080021,30.513128,-1,991
103.280391,30.165568,-1,992
104.281316,30.853477,-1,993
104.595927,31.769274,-1,994
104.430372,30.965756,-1,995
103.937459,30.613355,114,996
104.394465,30.34979,69,997
103.847942,30.540276,-1,998
103.964559,30.636897,0,999
104.513605,30.512936,-1,1000
104.215059,30.582698,115,1001
103.802329,30.455544,112,1002
103.912666,30.825257,120,1003
104.506245,30.426572,-1,1004
104.503009,30.35401,-1,1005
103.600925,31.0646,157,1006
103.648353,30.477053,-1,1007
103.99777,30.757484,15,1008
103.65852,31.044513,-1,1009
103.469595,30.392305,-1,1010
104.204921,30.829849,-1,1011
104.055203,30.426265,-1,1012
103.874198,30.697602,-1,1013
104.249553,30.580648,42,1014
103.796946,30.646712,158,1015
104.541578,30.420208,-1,1016
103.771699,30.599238,-1,1017
103.774553,30.411507,-1,1018
104.119417,31.058155,-1,1019
103.944944,30.606651,-1,1020
104.162298,30.684598,-1,1021
103.939824,30.620884,89,1022
104.018148,30.442291,-1,1023
103.440147,30.751194,-1,1024
104.024118,30.593287,-1,1025
104.268361,30.822273,-1,1026
104.018187,30.442476,-1,1027
104.05559,30.445319,-1,1028
104.492454,30.325534,-1,1029
104.098256,30.719107,-1,1030
103.881392,31.08756,159,1031
103.977264,30.641102,-1,1032
103.914622,30.643021,-1,1033
103.938309,30.616223,160,1034
104.877417,30.28714,-1,1035
104.20137,30.739334,98,1036
104.115379,30.452578,-1,1037
103.873377,30.779178,138,1038
104.108474,30.464,161,1039
104.314079,30.410289,-1,1040
103.959902,30.152012,-1,1041
104.00504,30.620517,-1,1042
103.927033,30.949847,-1,1043
103.880001,30.404323,30,1044
104.069699,30.690643,162,1045
104.504652,30.48834,-1,1046
104.022018,30.523263,-1,1047
104.420889,30.989392,-1,1048
103.704686,30.65524,-1,1049
103.988766,30.604344,-1,1050
103.825199,30.79852,-1,1051
104.17124,30.659731,5,1052
104.200564,30.702871,-1,1053
104.148028,30.660455,32,1054
103.994402,30.764794,163,1055
103.614025,30.964619,-1,1056
103.789745,29.6361,-1,1057
104.227101,30.523713,-1,1058
104.141146,30.645082,274,1059
104.24057,30.598064,-1,1060
104.207504,30.661523,-1,1061
103.660987,30.96102,97,1062
104.056068,30.847856,164,1063
104.401845,30.997389,-1,1064
103.654109,30.896967,-1,1065
103.992689,30.48909,-1,1066
103.661877,30.959637,-1,1067
104.092578,30.524626,123,1068
104.106258,30.74052,122,1069
103.499642,30.56933,165,1070
104.106846,30.463359,-1,1071
103.988677,30.627721,142,1072
104.122985,30.442325,-1,1073
104.492382,30.325728,-1,1074
104.182588,30.922224,-1,1075
103.876329,30.500956,166,1076
103.679638,30.301149,-1,1077
104.601546,30.876121,-1,1078
104.203649,30.725968,33,1079
104.466144,30.835366,-1,1080
104.161934,30.695812,-1,1081
103.92663,30.513411,-1,1082
103.921026,30.702849,90,1083
104.257834,29.006725,-1,1084
104.058226,30.729396,-1,1085
104.503729,30.498047,-1,1086
103.964559,30.636803,0,1087
104.036667,30.297099,167,1088
104.062609,30.338966,-1,1089
104.081383,30.498985,-1,1090
103.88107,30.35397,-1,1091
104.125588,30.956599,-1,1092
104.098798,30.884984,-1,1093
103.678348,31.029674,7,1094
104.254874,30.859283,146,1095
104.510638,30.353059,-1,1096
104.59361,31.767901,-1,1097
104.04158,30.529461,-1,1098
104.114879,30.378413,168,1099
103.687126,30.629131,-1,1100
103.851004,30.820381,12,1101
104.218952,30.655292,110,1102
103.938333,30.814068,-1,1103
103.501995,31.260911,-1,1104
104.245242,30.645737,41,1105
103.652395,30.92845,-1,1106
104.386563,30.301636,-1,1107
103.701333,30.602677,27,1108
103.888104,30.449443,-1,1109
103.560002,30.549069,153,1110
104.120374,30.773035,169,1111
104.08167,30.530634,-1,1112
103.865251,30.210391,-1,1113
104.690375,30.325501,-1,1114
104.316289,30.943757,-1,1115
104.618901,30.681019,-1,1116
104.156376,30.729295,-1,1117
103.972241,30.661013,-1,1118
104.357482,30.660648,170,1119
104.228014,30.788089,-1,1120
104.093241,30.581067,2,1121
104.021744,30.809049,-1,1122
104.318559,30.86133,57,1123
103.971192,30.542466,3,1124
104.583844,30.340639,130,1125
103.683824,30.302675,-1,1126
104.118647,30.75784,20,1127
104.120914,30.52211,-1,1128
104.173756,30.52232,-1,1129
103.942041,30.279597,-1,1130
104.099733,30.467202,155,1131
104.15703,31.128115,-1,1132
104.089965,30.740546,171,1133
104.024677,30.859498,-1,1134
104.163448,30.688508,-1,1135
104.091838,30.218149,-1,1136
104.266552,30.656089,-1,1137
104.12912,30.671511,59,1138
104.0113,30.482631,-1,1139
103.986342,30.721911,-1,1140
104.871423,29.225321,-1,1141
104.223643,30.79417,-1,1142
104.407506,30.872467,-1,1143
104.183339,30.71063,141,1144
104.428714,30.735415,-1,1145
103.899467,30.687446,-1,1146
104.081359,30.516879,-1,1147
103.670856,30.879826,-1,1148
104.002764,29.124649,-1,1149
104.455642,30.870367,-1,1150
104.096948,30.586392,193,1151
103.956816,30.901684,-1,1152
104.023506,30.54348,-1,1153
104.54639,29.504524,-1,1154
104.198471,30.581987,44,1155
104.520875,30.429898,48,1156
103.850065,30.665445,-1,1157
104.08787,30.75882,-1,1158
103.544999,30.56874,-1,1159
104.221882,30.671337,-1,1160
103.841273,30.730874,-1,1161
104.237249,30.64578,87,1162
103.852687,31.292489,-1,1163
103.967417,30.648405,70,1164
104.168301,30.708166,-1,1165
104.16406,30.658033,71,1166
104.117211,30.596388,-1,1167
103.559986,30.548819,153,1168
104.470304,30.346159,-1,1169
104.387301,30.298961,-1,1170
104.104351,30.512408,77,1171
103.923057,30.71719,172,1172
104.174907,30.728711,-1,1173
104.443721,30.842967,-1,1174
104.318965,30.275827,-1,1175
103.658496,30.898194,-1,1176
104.188744,30.527187,-1,1177
103.903917,30.243267,-1,1178
103.898738,30.662863,-1,1179
104.056965,30.448545,-1,1180
103.508814,29.494753,-1,1181
103.883264,30.41134,-1,1182
103.684306,30.878852,-1,1183
104.125862,30.51207,-1,1184
104.071031,30.725189,84,1185
103.986021,30.742974,-1,1186
102.936405,30.254742,-1,1187
104.187967,30.662341,-1,1188
104.438496,30.355661,73,1189
104.006332,30.592128,173,1190
103.912683,30.824761,120,1191
104.005936,30.608918,-1,1192
104.585727,30.702398,-1,1193
104.10026,30.713241,-1,1194
104.028586,30.337802,-1,1195
104.022028,30.523054,-1,1196
103.967184,30.64826,70,1197
104.234646,30.645752,87,1198
104.48947,30.493987,174,1199
104.198362,30.581939,44,1200
103.87885,30.19784,175,1201
104.000888,30.762683,-1,1202
103.86293,30.852074,-1,1203
104.118204,30.756821,20,1204
104.237106,30.655357,-1,1205
104.196279,30.52772,-1,1206
103.643455,30.470112,-1,1207
104.107021,30.7803,-1,1208
104.340222,30.459933,-1,1209
104.393003,30.283551,62,1210
104.030886,30.248891,-1,1211
103.921733,30.292216,-1,1212
104.040709,30.658932,-1,1213
103.859433,30.627932,-1,1214
104.074525,30.445082,-1,1215
104.12152,30.539617,-1,1216
103.696175,30.39625,-1,1217
103.79258,30.187609,-1,1218
104.094486,30.778972,-1,1219
103.915399,30.630916,275,1220
104.605356,30.712665,-1,1221
104.043714,30.71639,-1,1222
104.121163,30.785261,-1,1223
103.770659,30.398625,-1,1224
103.677925,31.030024,7,1225
103.936425,30.614202,114,1226
104.235789,30.64637,87,1227
103.880026,30.404282,30,1228
104.226017,30.793199,38,1229
104.456939,30.856524,-1,1230
104.233622,30.794019,-1,1231
103.833369,30.414679,-1,1232
104.107085,30.510821,-1,1233
104.189585,31.451545,-1,1234
104.358128,30.38138,-1,1235
104.35365,30.844102,-1,1236
104.174567,30.558504,-1,1237
104.534778,30.429301,-1,1238
104.116261,30.711978,-1,1239
103.946083,30.53216,-1,1240
103.983451,30.572593,16,1241
103.927132,30.836943,-1,1242
104.394383,30.349865,69,1243
104.495971,30.471143,-1,1244
104.482179,30.5992,-1,1245
103.633782,30.952073,-1,1246
104.288348,30.696775,-1,1247
103.861561,30.804352,176,1248
104.291801,30.877621,93,1249
104.418837,31.056502,-1,1250
104.108287,30.506935,-1,1251
103.654923,30.926924,111,1252
104.367126,30.305873,-1,1253
104.226158,30.525187,94,1254
104.057088,30.427354,-1,1255
104.125999,30.894223,-1,1256
103.701717,31.837838,-1,1257
104.229634,30.852878,-1,1258
104.136158,30.591201,-1,1259
104.086419,30.456489,-1,1260
104.078504,30.3638,-1,1261
104.111302,30.652504,-1,1262
103.859099,30.827739,53,1263
104.214643,30.651899,177,1264
104.11399,30.578941,178,1265
104.118922,30.585452,-1,1266
104.584654,30.734041,-1,1267
103.892887,30.513917,179,1268
104.138116,30.607096,-1,1269
103.937408,30.619069,18,1270
104.052896,30.457334,-1,1271
103.973612,30.800531,125,1272
104.072686,30.369449,-1,1273
103.652395,30.92845,-1,1274
104.110217,30.420308,-1,1275
104.161942,30.803056,-1,1276
103.969073,31.007922,-1,1277
104.496783,30.772846,-1,1278
103.533015,30.693929,-1,1279
103.967641,30.648389,70,1280
104.227442,30.635979,-1,1281
104.099921,30.467203,155,1282
104.061631,30.333811,-1,1283
104.110341,30.421877,-1,1284
103.69644,30.407417,270,1285
103.796951,30.643957,180,1286
103.883644,30.735645,-1,1287
103.970864,30.650468,118,1288
104.113136,30.523283,-1,1289
104.485678,30.447302,-1,1290
103.902017,30.834337,35,1291
104.481945,30.482587,-1,1292
104.050909,30.45423,-1,1293
103.973252,31.4162,-1,1294
104.215418,30.582264,115,1295
104.800775,30.153132,-1,1296
103.897268,30.836474,9,1297
103.993119,30.435431,-1,1298
103.993006,30.454947,-1,1299
104.089702,30.740936,171,1300
104.03711,30.148366,181,1301
104.093199,30.568948,-1,1302
103.781911,30.675999,182,1303
103.661378,30.961301,97,1304
103.965755,30.942849,-1,1305
104.033986,30.598079,-1,1306
104.045113,30.940685,-1,1307
104.223993,30.566648,183,1308
104.03711,30.148366,181,1309
103.725608,30.916701,-1,1310
103.643275,30.944685,-1,1311
103.940185,30.425851,-1,1312
103.817959,30.634079,56,1313
103.947704,31.014836,-1,1314
104.152777,30.781763,184,1315
104.394522,30.350226,69,1316
103.912683,30.824761,120,1317
104.016756,30.226474,-1,1318
104.08908,30.540458,-1,1319
104.191283,30.819414,-1,1320
104.242573,30.651217,66,1321
104.071373,30.689053,-1,1322
104.224988,30.793838,11,1323
103.933331,30.947943,-1,1324
104.030704,30.477807,-1,1325
104.393035,30.283556,62,1326
104.250437,30.60728,-1,1327
104.081707,30.495236,-1,1328
104.235174,30.646755,87,1329
103.840258,30.359751,79,1330
104.231282,30.792582,-1,1331
104.201956,30.749657,-1,1332
104.069478,30.669256,-1,1333
103.83274,30.549541,133,1334
103.842162,30.371079,-1,1335
103.960607,30.429792,-1,1336
104.135675,29.979557,-1,1337
103.91328,30.63102,156,1338
104.027172,30.481359,203,1339
103.959844,30.462552,-1,1340
104.519209,30.355986,-1,1341
103.936401,30.613772,114,1342
103.916452,30.369238,149,1343
103.800566,31.246752,-1,1344
103.62598,30.402776,-1,1345
104.269121,30.578895,-1,1346
104.244258,30.645429,41,1347
104.157371,30.548002,-1,1348
104.091838,30.218149,-1,1349
104.439519,30.355325,73,1350
103.939768,30.617258,49,1351
103.937838,30.61894,18,1352
104.299202,30.850548,-1,1353
104.244943,30.645681,41,1354
104.249584,30.599126,-1,1355
104.177821,30.725204,-1,1356
103.874392,30.41742,60,1357
103.933365,30.781953,-1,1358
104.242502,30.650188,66,1359
103.817601,30.717554,-1,1360
104.101293,30.749639,-1,1361
103.881373,31.087653,159,1362
103.828942,31.274726,-1,1363
103.699872,30.931859,-1,1364
103.935849,30.905497,150,1365
103.911795,30.799601,232,1366
104.063713,30.60886,136,1367
104.04158,30.529461,-1,1368
104.186455,30.872171,-1,1369
103.809994,30.630464,185,1370
104.039074,30.732025,-1,1371
104.091558,30.450115,-1,1372
103.940273,30.616174,-1,1373
103.688557,30.999563,-1,1374
104.215659,30.821053,186,1375
103.79382,30.418085,-1,1376
103.649489,30.932491,-1,1377
104.06068,30.390452,273,1378
104.233622,30.794019,-1,1379
103.701831,30.602379,27,1380
103.943555,30.499191,-1,1381
103.708208,30.525019,-1,1382
104.204255,30.731261,-1,1383
103.271824,30.410761,-1,1384
104.669415,29.504022,-1,1385
104.505734,30.506595,-1,1386
103.86566,30.603143,-1,1387
103.660416,30.383966,-1,1388
103.701286,30.602538,27,1389
103.775571,31.217414,-1,1390
104.487147,30.418203,-1,1391
103.966888,30.457826,-1,1392
103.857603,30.449618,-1,1393
104.210311,30.70557,-1,1394
103.871111,30.701856,134,1395
104.056738,30.64904,-1,1396
103.963115,30.430897,-1,1397
104.353872,30.995499,-1,1398
103.95606,30.939233,-1,1399
104.293486,30.3825,-1,1400
104.20269,30.726066,33,1401
103.977987,30.593339,-1,1402
104.196585,30.859676,-1,1403
104.745417,30.451688,22,1404
104.022566,30.322834,-1,1405
104.674344,30.08451,-1,1406
103.820615,30.630495,-1,1407
104.118167,30.756772,20,1408
103.818565,30.46603,-1,1409
104.43286,30.333381,-1,1410
104.037652,30.330033,-1,1411
104.20348,30.726293,33,1412
104.386261,30.487654,-1,1413
104.662787,31.09116,187,1414
104.379458,31.079082,-1,1415
103.952393,30.427941,14,1416
103.837262,30.953839,-1,1417
104.107276,30.521207,-1,1418
104.579962,30.778125,-1,1419
104.0417,30.196958,-1,1420
104.335077,30.30513,-1,1421
104.138669,30.710487,-1,1422
103.879429,30.488814,-1,1423
104.378413,30.282913,-1,1424
103.638806,30.486361,-1,1425
104.35756,30.660855,170,1426
104.04691,30.428083,126,1427
104.650411,30.878867,-1,1428
104.559714,30.437002,-1,1429
104.249942,30.663623,-1,1430
104.096343,30.541504,145,1431
104.320299,30.277044,188,1432
104.489247,30.493703,174,1433
103.781365,30.640355,-1,1434
104.312505,30.874661,-1,1435
103.562542,30.748766,-1,1436
103.941287,30.919443,-1,1437
104.489763,30.600837,-1,1438
103.394137,30.206523,-1,1439
104.177936,30.777961,-1,1440
104.018611,30.58497,-1,1441
104.339179,30.460997,-1,1442
104.249983,30.579857,42,1443
103.952393,30.427941,14,1444
103.786418,30.704914,-1,1445
104.288112,30.696869,-1,1446
104.119665,31.027274,-1,1447
104.477678,30.502927,-1,1448
103.889684,30.383698,34,1449
104.103734,30.513497,77,1450
104.054373,30.654296,-1,1451
103.678007,31.029896,7,1452
104.295908,30.646054,-1,1453
103.614025,30.964619,-1,1454
103.885084,30.577555,-1,1455
104.019467,30.457217,-1,1456
104.329443,30.853846,-1,1457
104.188264,30.514666,189,1458
104.125323,30.769655,96,1459
103.591346,30.835433,-1,1460
104.223623,30.885268,-1,1461
104.283991,30.804201,-1,1462
103.563034,29.8632,-1,1463
104.096384,30.541825,145,1464
103.956728,30.030478,-1,1465
104.234746,30.646142,87,1466
104.212052,30.525999,-1,1467
103.952013,30.722686,-1,1468
103.935303,30.905399,150,1469
103.647775,30.951394,190,1470
104.215597,30.821208,186,1471
104.168821,30.741346,88,1472
104.118775,30.757226,20,1473
103.456427,30.43171,-1,1474
104.118623,30.757278,20,1475
103.896731,30.666719,144,1476
103.61158,30.519865,-1,1477
103.954902,30.491969,-1,1478
104.332782,30.889094,-1,1479
103.969467,30.366435,127,1480
103.740955,31.015019,-1,1481
104.234225,30.192841,-1,1482
104.872008,30.064493,-1,1483
104.198471,30.581987,44,1484
103.859433,30.827356,53,1485
104.669415,29.504022,-1,1486
103.939509,30.617143,49,1487
104.059447,30.425542,-1,1488
104.056373,30.36784,-1,1489
103.691595,30.890315,-1,1490
104.100504,30.527238,-1,1491
103.914224,30.67552,191,1492
104.336198,30.91009,-1,1493
103.500044,30.750811,-1,1494
104.720781,30.398141,-1,1495
104.398223,30.92848,-1,1496
103.93487,30.610948,-1,1497
104.017217,30.845707,-1,1498
104.057857,30.387595,-1,1499
103.480892,31.330592,-1,1500
104.201102,30.733807,-1,1501
104.857993,29.741175,83,1502
104.068932,30.692875,162,1503
103.555702,30.534992,-1,1504
104.187857,30.875033,-1,1505
104.110199,30.509012,-1,1506
104.293225,30.646111,-1,1507
103.951306,31.012304,-1,1508
103.489123,31.342989,-1,1509
104.242492,30.650333,66,1510
103.879347,30.355374,-1,1511
104.029194,30.474865,-1,1512
103.983188,30.897104,-1,1513
103.826891,31.022174,-1,1514
103.819209,30.797243,192,1515
103.73918,30.69302,-1,1516
104.25017,30.579589,42,1517
104.072075,30.437857,-1,1518
104.01121,30.515981,-1,1519
104.139986,30.781915,-1,1520
103.895041,31.012907,-1,1521
104.390991,30.281712,-1,1522
103.994402,30.764794,163,1523
103.945291,30.600133,-1,1524
103.908742,30.543413,147,1525
102.805127,30.277387,-1,1526
104.234411,30.859885,-1,1527
103.95237,30.936811,-1,1528
104.353734,30.996199,-1,1529
103.836561,30.465707,-1,1530
104.215114,30.58268,115,1531
103.851241,30.437029,86,1532
104.04932,30.726363,-1,1533
103.937215,30.634464,-1,1534
104.093021,30.429896,-1,1535
103.823067,30.646229,-1,1536
103.949476,30.679334,37,1537
104.164651,30.658772,71,1538
104.391201,30.285955,-1,1539
103.935283,30.905347,150,1540
104.173068,30.727387,-1,1541
104.271665,30.865234,-1,1542
103.812747,30.971327,-1,1543
103.935622,30.90558,150,1544
104.097563,30.584635,193,1545
102.771789,30.061489,-1,1546
104.242502,30.650188,66,1547
104.463309,30.490576,-1,1548
104.130673,30.963883,-1,1549
103.82798,31.265477,-1,1550
103.859149,30.827399,53,1551
103.754224,31.014891,194,1552
103.820628,31.260126,-1,1553
104.378646,30.292264,99,1554
104.446978,30.473531,-1,1555
103.967444,30.665824,-1,1556
104.069132,30.768188,119,1557
104.004781,30.850663,-1,1558
103.917002,30.680743,-1,1559
103.819177,30.797309,192,1560
103.917067,30.716361,-1,1561
104.116055,30.451991,-1,1562
104.761952,30.619127,-1,1563
103.496066,31.358931,195,1564
104.006368,30.620397,-1,1565
104.791148,30.145317,-1,1566
104.06265,30.438535,251,1567
104.001271,30.483509,-1,1568
104.229448,30.797508,-1,1569
104.245136,29.946558,-1,1570
104.221175,30.834959,-1,1571
103.912236,30.616781,-1,1572
104.201555,30.739266,98,1573
103.74925,30.530407,196,1574
104.423435,30.485511,-1,1575
103.932686,30.693153,-1,1576
103.883201,30.665809,109,1577
103.915059,30.387882,-1,1578
104.433066,30.469489,-1,1579
103.994028,30.642051,-1,1580
103.807199,30.966668,-1,1581
104.130578,30.670304,59,1582
104.663108,31.091276,187,1583
104.078604,30.372472,-1,1584
103.944022,30.801084,-1,1585
103.920935,30.70285,90,1586
104.503009,30.35401,-1,1587
104.296837,30.645997,-1,1588
103.863036,30.150341,-1,1589
104.338306,30.665958,-1,1590
104.071449,30.725092,84,1591
104.753265,30.629298,-1,1592
104.187286,30.772659,-1,1593
104.095941,30.540848,145,1594
104.494236,31.329609,-1,1595
103.883371,30.705501,-1,1596
103.937596,30.618905,18,1597
104.203697,30.7404,113,1598
103.63378,30.952053,-1,1599
103.653289,30.893987,-1,1600
104.188351,30.862424,-1,1601
104.010794,30.510909,205,1602
104.060944,30.368647,-1,1603
103.88768,30.452284,-1,1604
103.795655,30.543202,-1,1605
104.134854,30.66314,-1,1606
103.855294,30.473936,-1,1607
104.212685,30.583834,115,1608
104.362341,31.040898,-1,1609
104.065078,30.685893,-1,1610
104.169006,30.741231,88,1611
104.157013,30.690925,-1,1612
103.948528,30.937716,-1,1613
104.047887,30.540347,-1,1614
103.710221,29.19303,-1,1615
103.940476,30.614142,197,1616
104.237231,30.51292,-1,1617
103.901826,30.539451,-1,1618
103.932436,30.81008,-1,1619
103.922771,30.716752,172,1620
104.058177,30.368176,-1,1621
104.858501,29.740865,83,1622
103.857612,30.627263,-1,1623
104.14924,30.622305,116,1624
104.566006,30.371528,198,1625
104.451126,30.857295,-1,1626
103.495443,30.40705,-1,1627
103.859263,30.827722,53,1628
103.138362,30.046241,-1,1629
103.691144,30.640671,-1,1630
104.07016,30.330224,-1,1631
103.793063,31.019528,-1,1632
103.967649,30.438078,-1,1633
104.041387,30.593374,199,1634
104.435538,30.836026,-1,1635
104.037205,30.712112,-1,1636
103.555702,30.534992,-1,1637
103.814857,30.633166,56,1638
104.004846,30.521469,266,1639
104.595931,31.765621,-1,1640
102.962017,30.187639,-1,1641
104.010206,30.662309,-1,1642
104.882784,30.082898,-1,1643
104.882043,30.64103,-1,1644
104.335249,31.492907,-1,1645
104.069685,30.690808,162,1646
104.364649,30.430471,-1,1647
103.838798,30.31582,-1,1648
103.888371,30.601785,-1,1649
103.81868,30.634285,56,1650
104.256643,30.726202,-1,1651
103.819722,30.665251,-1,1652
103.852392,30.6454,-1,1653
104.255618,30.531654,92,1654
103.903987,30.683084,-1,1655
103.912573,30.824515,120,1656
103.905297,30.810288,200,1657
104.043489,30.446561,101,1658
104.200496,30.678911,-1,1659
103.884749,30.388722,131,1660
103.962105,30.431159,-1,1661
104.080563,30.816896,-1,1662
104.075554,30.74431,-1,1663
104.187774,30.694118,-1,1664
104.056103,30.8478,164,1665
104.393115,30.283756,62,1666
104.098456,30.884968,-1,1667
103.702885,30.63427,-1,1668
104.014549,30.450153,-1,1669
103.969379,30.366475,127,1670
104.118618,30.4692,-1,1671
103.972115,30.542219,3,1672
104.110159,30.58702,-1,1673
104.039381,30.731545,-1,1674
104.007579,30.554258,82,1675
104.03247,30.59813,-1,1676
104.908375,30.159823,-1,1677
104.973434,29.871003,23,1678
104.169118,30.741429,88,1679
104.644424,30.66978,-1,1680
104.166997,30.774155,-1,1681
104.18245,30.486871,-1,1682
104.582533,30.115277,-1,1683
104.233523,30.661703,-1,1684
103.601243,30.99379,-1,1685
104.582486,30.339621,-1,1686
104.578428,30.809725,-1,1687
103.889569,30.383725,34,1688
104.378349,30.282963,-1,1689
104.108526,30.464069,161,1690
103.948855,30.677858,37,1691
104.537385,30.365859,201,1692
104.565488,30.371929,198,1693
104.157345,30.64821,-1,1694
104.39277,30.28684,-1,1695
104.398747,30.342015,-1,1696
103.959004,30.939495,-1,1697
104.175586,30.557788,-1,1698
103.661692,30.961324,97,1699
103.819359,30.91932,-1,1700
103.990928,30.435442,202,1701
104.243356,30.645748,41,1702
103.088665,30.059249,-1,1703
104.497465,30.682566,-1,1704
104.088261,30.548258,-1,1705
104.118327,30.757404,20,1706
103.810634,30.631861,185,1707
104.357571,30.660811,170,1708
104.026767,30.481037,203,1709
104.131595,30.70799,-1,1710
103.965615,30.643551,-1,1711
103.824063,30.585118,-1,1712
104.200531,30.684728,-1,1713
104.140651,30.827341,204,1714
104.615325,30.162865,-1,1715
104.224902,30.793708,11,1716
104.170951,30.615262,78,1717
103.660907,30.96144,97,1718
104.285437,30.698419,-1,1719
104.464754,30.471846,-1,1720
103.956817,30.93892,-1,1721
103.974441,31.067907,-1,1722
104.070784,30.482236,-1,1723
104.130853,30.670561,59,1724
103.847879,30.559415,-1,1725
104.010912,30.511426,205,1726
103.739077,30.358323,-1,1727
104.093074,30.581476,2,1728
104.42536,30.472837,-1,1729
104.367416,31.126648,-1,1730
104.093271,30.568948,-1,1731
104.462386,31.234167,-1,1732
104.164874,30.658831,71,1733
103.741125,30.688665,-1,1734
104.217396,30.571918,-1,1735
104.470631,30.510601,-1,1736
104.179498,30.725751,-1,1737
104.172091,30.780978,-1,1738
104.222114,30.908749,-1,1739
103.696113,30.407829,-1,1740
104.11757,30.537878,-1,1741
104.063933,30.853213,-1,1742
103.893318,30.524533,-1,1743
103.876918,30.163192,-1,1744
103.902802,30.658427,148,1745
103.502463,30.571698,-1,1746
103.937132,30.613414,114,1747
104.562827,30.909019,-1,1748
104.973048,29.870354,23,1749
103.64285,30.942624,206,1750
104.466696,30.867732,-1,1751
103.614059,30.964695,-1,1752
104.251506,30.573884,-1,1753
103.976687,30.653031,102,1754
103.98513,30.219063,-1,1755
103.881655,30.367104,-1,1756
103.505918,30.751553,-1,1757
104.10657,30.740443,122,1758
104.15023,30.615669,100,1759
104.104026,30.530913,154,1760
104.053995,30.431378,-1,1761
102.729025,29.986755,-1,1762
104.566006,30.371528,198,1763
103.696611,30.654056,-1,1764
104.043654,30.206011,-1,1765
103.939831,30.424526,-1,1766
104.237469,30.652788,13,1767
104.164627,30.452736,-1,1768
103.569206,30.78252,-1,1769
104.113598,30.741977,-1,1770
104.053766,30.769835,-1,1771
103.935864,30.905567,150,1772
103.718469,30.590465,-1,1773
103.937127,30.756475,-1,1774
104.196248,30.543992,-1,1775
104.054718,30.654135,-1,1776
103.865529,30.557036,-1,1777
104.50094,30.436036,-1,1778
104.556045,30.352655,121,1779
104.13209,30.407424,-1,1780
103.990646,30.722916,-1,1781
103.964765,30.378903,-1,1782
104.566934,30.697032,-1,1783
104.131595,30.395185,-1,1784
104.291705,30.703735,-1,1785
103.901711,30.834495,35,1786
103.497049,30.753594,-1,1787
104.02356,30.703966,-1,1788
104.021744,30.809049,-1,1789
104.077654,30.794648,-1,1790
104.431678,30.957617,-1,1791
104.177017,30.718611,103,1792
103.994645,30.612131,-1,1793
104.101735,30.687805,-1,1794
104.283873,30.891886,-1,1795
104.024552,30.50809,-1,1796
103.886821,30.820417,207,1797
103.374638,30.081689,-1,1798
103.991907,30.438212,-1,1799
104.112081,31.07591,-1,1800
103.694872,30.649549,-1,1801
104.105014,30.81292,-1,1802
103.661476,30.961186,97,1803
104.072503,30.428508,-1,1804
103.6583,30.925267,-1,1805
104.01745,30.116392,-1,1806
104.091883,30.752187,-1,1807
104.10472,30.51133,77,1808
104.204089,30.740375,113,1809
104.070683,30.406767,-1,1810
103.921124,30.703181,90,1811
104.118079,30.757134,20,1812
103.953561,30.655334,-1,1813
103.838583,30.317526,-1,1814
103.451294,30.471915,-1,1815
104.13032,30.821349,-1,1816
104.171308,30.797191,-1,1817
104.115129,30.417271,208,1818
104.018123,30.442391,-1,1819
104.547408,30.691525,-1,1820
103.533641,30.524622,-1,1821
104.371844,30.864156,209,1822
104.192225,30.689695,-1,1823
104.471138,30.342215,-1,1824
103.499295,30.569425,165,1825
104.130878,30.376095,-1,1826
103.883644,30.666061,109,1827
104.165489,30.658648,71,1828
103.994402,30.764794,163,1829
103.856274,30.418712,-1,1830
104.041704,30.248543,-1,1831
103.786151,30.428351,-1,1832
103.819113,30.797328,192,1833
104.095059,30.541684,145,1834
104.564921,30.379015,210,1835
104.512138,30.350386,-1,1836
104.108049,30.551893,-1,1837
104.001882,30.128161,-1,1838
103.553375,30.220814,45,1839
104.133057,30.397534,-1,1840
103.949024,30.51544,-1,1841
103.880173,30.404329,30,1842
104.111131,30.50551,-1,1843
104.136555,30.712919,-1,1844
104.202945,30.725963,33,1845
103.898096,30.409167,-1,1846
103.966771,30.459522,-1,1847
102.763645,29.734693,-1,1848
103.892981,30.513813,179,1849
104.461085,30.473751,-1,1850
103.983562,30.453831,-1,1851
103.883262,30.779082,-1,1852
103.934716,30.548675,-1,1853
104.093354,30.581315,2,1854
103.458395,30.474213,-1,1855
104.23829,30.578937,-1,1856
103.767156,30.937368,-1,1857
104.05599,30.456971,-1,1858
104.17155,30.782838,-1,1859
103.5273,30.378001,-1,1860
104.105411,30.580402,211,1861
104.170138,30.780559,-1,1862
104.029892,31.34905,-1,1863
104.122388,30.785173,-1,1864
103.587674,30.387969,-1,1865
104.139853,30.69387,-1,1866
104.034444,30.528712,-1,1867
104.461848,30.473872,-1,1868
103.959732,30.517524,58,1869
103.990834,30.723266,-1,1870
104.005788,30.515069,-1,1871
103.884805,30.388504,131,1872
104.20083,30.700223,-1,1873
104.041449,30.59335,199,1874
103.681998,30.596668,-1,1875
103.953312,31.015876,-1,1876
103.97372,31.002698,-1,1877
103.640224,30.465876,63,1878
104.039069,30.359857,-1,1879
104.113439,30.537168,-1,1880
104.564522,30.379766,210,1881
104.201072,30.733866,-1,1882
103.990852,30.739421,65,1883
103.721723,30.613944,-1,1884
103.660941,30.961109,97,1885
103.937044,30.613547,114,1886
103.69712,30.582696,-1,1887
103.994244,30.733962,-1,1888
103.448859,30.483789,-1,1889
103.698278,30.630189,-1,1890
104.451243,30.475335,-1,1891
103.821092,30.504745,-1,1892
104.317568,31.119424,-1,1893
104.09294,30.582736,2,1894
104.209914,30.705295,-1,1895
104.136484,30.37761,-1,1896
104.160492,30.731038,-1,1897
103.973027,30.665824,-1,1898
103.57986,31.034059,-1,1899
103.637219,30.485293,-1,1900
104.051266,30.541668,64,1901
104.216947,30.571909,-1,1902
104.302083,30.597804,-1,1903
104.234958,30.64582,87,1904
103.818181,30.846904,-1,1905
103.934584,30.548615,-1,1906
103.69445,31.091841,-1,1907
103.971225,30.650389,118,1908
104.065051,30.633204,-1,1909
104.094827,30.648343,-1,1910
103.934691,30.613278,-1,1911
104.233622,30.794019,-1,1912
104.537332,30.36562,201,1913
104.088813,30.499263,-1,1914
104.36562,30.789681,-1,1915
104.581277,30.301001,-1,1916
104.101982,30.451317,-1,1917
104.061354,30.419062,8,1918
104.111941,30.505986,-1,1919
103.960829,30.650214,-1,1920
103.737775,30.51205,212,1921
104.001915,30.884452,-1,1922
104.075538,30.731469,-1,1923
104.611787,30.862131,-1,1924
104.523241,30.429861,48,1925
104.189356,30.536923,-1,1926
104.157845,30.692252,-1,1927
104.14995,30.622935,116,1928
103.551388,31.054981,-1,1929
104.317979,30.277217,-1,1930
104.100017,30.594615,-1,1931
104.171982,30.659759,5,1932
103.935341,30.905609,150,1933
103.952393,30.427941,14,1934
104.180679,30.703704,-1,1935
103.959571,30.517181,58,1936
103.889641,30.555766,-1,1937
104.289779,30.848158,-1,1938
104.474594,30.34736,-1,1939
104.501287,30.483881,-1,1940
103.712151,30.322622,-1,1941
104.125999,30.894223,-1,1942
104.056111,30.847931,164,1943
103.683768,30.302557,-1,1944
104.152025,30.613071,-1,1945
103.964864,30.636938,0,1946
104.030886,30.248891,-1,1947
103.42928,30.412227,-1,1948
103.467347,31.00346,-1,1949
104.06972,30.69201,162,1950
103.928945,30.695409,-1,1951
104.142484,30.378334,-1,1952
104.473216,30.434715,-1,1953
103.916983,30.683331,124,1954
104.231674,30.63945,-1,1955
103.893467,30.513089,179,1956
103.469865,31.00521,-1,1957
103.977064,30.653195,102,1958
104.33288,30.756032,-1,1959
103.937375,30.614943,114,1960
104.29162,30.59304,-1,1961
104.51226,30.421299,-1,1962
104.445627,30.273722,-1,1963
104.034827,30.29815,-1,1964
103.705111,30.841434,-1,1965
104.148631,30.721282,-1,1966
104.169089,30.532253,-1,1967
103.553375,30.220814,45,1968
103.916229,30.368978,149,1969
103.816983,30.465651,-1,1970
103.854535,31.053506,-1,1971
104.221359,30.639132,10,1972
104.179498,30.725751,-1,1973
103.916149,30.994942,-1,1974
103.851046,30.437211,86,1975
104.107017,30.587241,143,1976
103.792377,29.723149,-1,1977
103.989395,30.596562,213,1978
104.224894,30.793994,11,1979
104.182771,30.486506,-1,1980
104.488487,30.462131,39,1981
104.564506,30.388334,214,1982
103.653287,30.920439,215,1983
103.994146,30.618468,-1,1984
104.171446,30.659786,5,1985
104.333877,30.644666,216,1986
103.583986,30.376596,-1,1987
103.949066,30.678316,37,1988
103.885752,30.479876,-1,1989
103.560656,30.748918,217,1990
104.296699,30.386191,-1,1991
103.971494,31.074485,-1,1992
103.76451,30.599471,-1,1993
104.072722,30.695588,72,1994
104.061548,30.418942,8,1995
103.740168,30.531335,-1,1996
104.084058,30.454145,-1,1997
104.32038,30.277462,188,1998
104.203297,30.726168,33,1999
103.951387,30.637521,-1,2000
103.549584,30.21125,-1,2001
104.101854,30.688142,-1,2002
104.610203,30.342918,-1,2003
104.044891,30.717798,-1,2004
104.473638,30.486461,218,2005
103.93697,30.613336,114,2006
103.99368,30.764576,163,2007
104.428662,31.149844,219,2008
103.861205,30.803809,176,2009
103.634248,30.952198,-1,2010
104.199043,30.510431,-1,2011
104.171869,30.478238,-1,2012
103.964672,30.636877,0,2013
104.296075,30.993853,220,2014
104.509896,30.352993,-1,2015
103.8995,31.007604,-1,2016
104.500671,30.475489,-1,2017
104.225801,30.790648,38,2018
103.875689,30.725253,-1,2019
103.601181,31.064726,157,2020
103.663048,30.97064,24,2021
103.954293,30.764445,-1,2022
104.21152,30.570441,-1,2023
104.32125,30.64603,-1,2024
104.24282,30.650502,66,2025
104.319946,30.276211,188,2026
103.600866,30.988097,-1,2027
103.958349,30.648784,-1,2028
104.040805,30.656341,-1,2029
104.253116,30.773876,-1,2030
104.173281,30.727153,-1,2031
104.545628,30.715431,-1,2032
104.615161,30.16284,-1,2033
103.965852,30.63646,0,2034
103.456682,30.431692,-1,2035
104.319727,29.734242,-1,2036
104.198836,30.592557,76,2037
104.00418,30.520755,266,2038
104.06993,30.768512,119,2039
104.10595,30.38048,-1,2040
104.488002,30.459528,51,2041
104.101616,30.51467,-1,2042
104.16604,30.712803,104,2043
103.790386,30.666414,-1,2044
103.98644,30.422712,-1,2045
104.037553,30.659438,-1,2046
104.093618,30.581223,2,2047
104.167067,30.636696,-1,2048
104.008697,30.590745,95,2049
103.876306,30.491137,-1,2050
103.715891,30.571315,-1,2051
104.544235,30.707775,-1,2052
103.611915,30.786705,-1,2053
103.940616,30.614137,197,2054
104.227101,30.523713,-1,2055
104.590681,30.388528,-1,2056
103.940297,30.999037,221,2057
104.125301,30.769502,96,2058
103.720454,30.918315,-1,2059
104.162092,30.514454,-1,2060
103.909239,30.542987,147,2061
104.006422,30.592293,173,2062
104.320859,30.287815,-1,2063
104.413386,30.832927,-1,2064
103.846965,30.782094,-1,2065
103.652395,30.92845,-1,2066
103.768553,30.694025,-1,2067
103.898041,30.371094,-1,2068
104.069707,30.767999,119,2069
104.200691,30.679175,-1,2070
104.028674,30.321991,-1,2071
104.217471,30.572119,-1,2072
103.916682,30.683778,124,2073
104.494814,30.468846,-1,2074
103.917114,30.68368,124,2075
104.064984,30.555102,-1,2076
104.099834,30.526178,-1,2077
103.965776,30.182841,-1,2078
104.093695,30.580953,2,2079
103.946752,30.553882,-1,2080
103.973047,30.405077,-1,2081
103.853563,30.442075,-1,2082
103.662803,30.924768,-1,2083
103.819314,30.633396,56,2084
103.775004,30.411931,-1,2085
103.678283,31.029777,7,2086
104.006367,30.5924,173,2087
104.166682,30.636629,-1,2088
104.278944,29.937095,-1,2089
103.967782,30.95509,-1,2090
103.976759,30.455856,-1,2091
104.245575,30.706611,-1,2092
104.497774,30.489687,-1,2093
104.00031,30.520339,222,2094
104.008783,30.590599,95,2095
103.883161,30.665893,109,2096
103.878594,30.198166,175,2097
104.350204,30.556248,-1,2098
104.01226,30.665035,-1,2099
104.202593,30.726131,33,2100
103.981514,30.78518,43,2101
104.296671,30.994433,220,2102
104.342115,31.149952,-1,2103
103.91274,30.824745,120,2104
104.470072,30.505101,-1,2105
104.204043,30.55649,-1,2106
104.36464,30.996556,-1,2107
104.139636,30.638309,-1,2108
104.119276,30.786431,-1,2109
104.002604,30.601446,-1,2110
104.115042,30.41706,208,2111
104.474223,30.486398,218,2112
103.922865,30.717122,172,2113
104.531912,30.648184,-1,2114
103.940048,30.614425,197,2115
103.824621,31.156765,-1,2116
104.015818,30.474508,-1,2117
104.045898,30.446202,101,2118
104.830205,29.668753,-1,2119
104.095981,30.540868,145,2120
103.698278,30.630189,-1,2121
103.945406,30.951955,-1,2122
104.236357,30.647036,87,2123
103.88293,30.665843,109,2124
103.457314,30.467333,-1,2125
103.990928,30.435874,202,2126
104.541185,30.419303,-1,2127
104.52153,30.417682,-1,2128
103.997407,30.252952,-1,2129
104.106935,30.491092,223,2130
103.969549,30.981747,-1,2131
104.072858,30.695639,72,2132
104.101265,30.444501,-1,2133
104.506027,30.483733,-1,2134
103.876787,30.174173,-1,2135
103.811093,30.43937,-1,2136
103.881126,31.087386,159,2137
104.108526,30.464069,161,2138
104.071657,30.476752,-1,2139
103.710679,30.79813,-1,2140
104.1064,30.580371,211,2141
103.684554,30.300792,-1,2142
104.094365,30.523318,-1,2143
104.191798,30.790196,224,2144
103.880154,30.3481,-1,2145
104.385619,30.299819,-1,2146
104.481795,30.499693,-1,2147
104.109887,30.504811,225,2148
104.155063,30.64864,-1,2149
104.587836,31.767766,-1,2150
104.13088,30.376115,-1,2151
103.504765,30.745687,-1,2152
104.236053,30.646754,87,2153
103.945071,30.709074,-1,2154
104.002524,30.73641,-1,2155
103.826296,30.465813,-1,2156
104.082851,30.638178,-1,2157
104.073331,30.468963,-1,2158
103.701477,30.602651,27,2159
104.054931,30.653706,-1,2160
103.473418,30.413895,-1,2161
104.025344,30.157415,-1,2162
104.008467,30.871973,-1,2163
104.026727,30.129229,-1,2164
104.313288,31.003668,-1,2165
103.837021,30.663203,-1,2166
104.052205,30.246083,226,2167
104.062524,30.580515,-1,2168
103.798452,30.564373,-1,2169
104.487562,30.459333,51,2170
104.007537,30.554042,82,2171
103.474791,30.431699,40,2172
104.095917,30.495528,-1,2173
104.102016,30.672608,-1,2174
103.914254,30.675534,191,2175
103.883771,30.163901,-1,2176
103.913732,30.389817,-1,2177
103.561328,30.748684,217,2178
104.197288,30.648664,-1,2179
103.855294,30.473936,-1,2180
104.166017,30.712622,104,2181
103.937555,30.614922,114,2182
104.198298,30.582071,44,2183
103.380108,30.36816,-1,2184
104.567415,30.371876,-1,2185
103.95573,30.54161,-1,2186
104.122388,30.785173,-1,2187
104.384081,31.123808,-1,2188
104.078482,30.375563,-1,2189
103.914996,30.861497,-1,2190
104.489079,30.493504,174,2191
104.35398,30.999802,-1,2192
104.323626,30.644689,17,2193
103.497678,30.568488,165,2194
103.796649,30.644267,180,2195
103.817959,30.634079,56,2196
103.991318,30.738772,65,2197
103.596945,31.003662,-1,2198
104.552937,30.353063,-1,2199
104.173083,30.484854,29,2200
104.099805,30.466828,155,2201
104.181281,30.702366,-1,2202
103.857946,31.065757,263,2203
104.044288,30.446962,101,2204
104.466321,30.344051,-1,2205
103.875231,30.027743,-1,2206
104.118439,30.757314,20,2207
104.008783,30.59067,95,2208
103.81283,30.631091,-1,2209
104.254244,30.609859,-1,2210
103.68188,30.596758,-1,2211
103.797193,30.643843,180,2212
104.51349,30.420036,47,2213
104.267266,30.854792,-1,2214
103.499738,31.258437,-1,2215
103.94878,30.678589,37,2216
103.908064,30.660887,68,2217
104.271888,30.326918,-1,2218
103.69144,30.640793,-1,2219
104.085146,30.683575,-1,2220
103.923645,31.071786,-1,2221
104.020029,29.139286,6,2222
104.092885,30.582772,2,2223
104.224957,30.638746,-1,2224
104.050347,30.476715,75,2225
104.034508,30.489565,-1,2226
103.94355,30.498978,-1,2227
103.995701,30.531398,-1,2228
104.875552,30.289267,-1,2229
104.362118,30.660773,-1,2230
104.973514,29.870855,23,2231
104.115177,30.417471,208,2232
104.118191,30.75732,20,2233
103.970857,30.650204,118,2234
104.014462,30.521604,-1,2235
104.187574,30.589951,-1,2236
104.595211,30.717552,-1,2237
103.932111,30.54794,-1,2238
103.905365,30.810498,200,2239
103.82636,31.264539,-1,2240
104.235478,30.646604,87,2241
104.115364,31.512534,-1,2242
103.876182,30.221494,-1,2243
104.534357,30.404785,-1,2244
104.185342,30.684477,227,2245
104.312806,30.298468,108,2246
104.041632,30.617935,-1,2247
104.680538,30.051166,-1,2248
104.091278,30.672675,-1,2249
103.649587,30.932483,-1,2250
103.974524,30.795943,-1,2251
103.790733,30.864422,-1,2252
104.323653,30.712611,-1,2253
102.200197,29.224896,-1,2254
104.072004,30.400656,-1,2255
104.188065,30.793489,-1,2256
104.287969,30.685372,-1,2257
104.251752,30.648817,-1,2258
103.45665,30.431794,-1,2259
103.983789,30.729883,-1,2260
103.698142,31.041845,-1,2261
104.118367,30.757238,20,2262
104.096608,30.537973,21,2263
104.108401,30.544808,-1,2264
104.711102,30.419017,-1,2265
103.823361,30.610263,-1,2266
104.547328,30.691469,-1,2267
104.103559,30.512432,77,2268
103.952301,30.427706,14,2269
103.535789,30.750208,-1,2270
104.279706,30.847346,-1,2271
104.546045,29.506836,-1,2272
104.437441,30.357161,73,2273
104.242988,30.651035,66,2274
104.084702,30.51675,-1,2275
103.921134,30.702981,90,2276
104.214587,30.577029,-1,2277
104.185502,30.716804,-1,2278
103.861764,30.804307,176,2279
103.45258,30.37428,228,2280
104.345855,30.864866,-1,2281
104.08948,30.739714,171,2282
104.234814,30.64592,87,2283
104.372162,30.965483,-1,2284
104.046601,30.427533,126,2285
104.25347,30.774865,-1,2286
104.220969,30.681582,-1,2287
103.81956,30.796993,192,2288
103.65258,30.299682,-1,2289
104.424688,30.474002,229,2290
104.111971,30.511192,-1,2291
103.872252,30.623546,-1,2292
104.245393,30.553319,230,2293
103.687126,30.629131,-1,2294
103.887775,30.665961,-1,2295
104.279072,29.937076,-1,2296
103.322764,30.333478,-1,2297
104.0417,30.196958,-1,2298
103.496071,31.358631,195,2299
104.001812,30.685937,-1,2300
104.400789,30.341966,-1,2301
104.216434,30.776355,-1,2302
103.640376,30.465942,63,2303
103.651584,30.550696,-1,2304
103.654811,30.927112,111,2305
103.880345,30.604204,152,2306
104.049371,31.247722,-1,2307
103.501902,30.556203,-1,2308
104.001955,30.884146,-1,2309
104.108256,30.424513,-1,2310
103.80227,30.45559,112,2311
103.988389,30.727211,-1,2312
103.890722,30.678388,-1,2313
103.701454,30.602338,27,2314
104.098953,30.497996,-1,2315
104.077075,30.588994,-1,2316
104.462719,31.057261,-1,2317
104.228014,30.788089,-1,2318
103.863676,30.556822,-1,2319
103.591167,30.742052,-1,2320
103.936722,30.61367,114,2321
103.937375,30.614943,114,2322
104.119607,30.585415,-1,2323
104.240355,30.607661,-1,2324
104.038995,30.856956,-1,2325
104.344658,30.62436,-1,2326
103.604479,31.067254,-1,2327
103.548691,31.050801,-1,2328
104.135328,30.773753,-1,2329
104.036533,30.498718,-1,2330
103.978113,30.200193,231,2331
104.031742,30.321392,-1,2332
103.798151,30.448233,-1,2333
103.905354,30.84059,-1,2334
103.896798,30.915436,-1,2335
104.583944,30.340692,130,2336
103.458506,30.431021,-1,2337
104.07209,30.445173,-1,2338
103.471079,30.388984,-1,2339
103.977754,30.641237,-1,2340
103.668145,30.656998,-1,2341
103.997692,30.757571,15,2342
104.27418,30.858462,-1,2343
104.124971,30.606636,-1,2344
103.806201,31.171604,-1,2345
104.149758,30.725376,-1,2346
104.055478,30.442815,-1,2347
104.164619,30.65845,71,2348
104.595744,30.716497,-1,2349
104.141555,30.789238,-1,2350
104.354136,30.435734,-1,2351
103.782835,31.227899,-1,2352
104.20698,30.739659,-1,2353
103.940661,30.61422,197,2354
103.612553,30.821772,-1,2355
103.48999,30.148403,-1,2356
103.904776,30.977885,-1,2357
104.249178,30.772458,67,2358
104.0174,30.444732,-1,2359
104.129826,30.685072,-1,2360
104.581935,30.352875,-1,2361
103.824235,30.422723,-1,2362
103.967048,30.648466,70,2363
104.108115,30.420542,-1,2364
103.861333,30.878979,-1,2365
103.912177,30.798589,232,2366
104.180998,30.534644,-1,2367
103.71615,30.606898,-1,2368
103.940642,30.618794,-1,2369
103.954197,30.338981,-1,2370
103.697883,29.096684,-1,2371
103.968974,30.99242,-1,2372
103.442258,30.401731,-1,2373
103.980913,30.78505,43,2374
104.203644,30.726037,33,2375
104.118647,30.75784,20,2376
104.148329,30.660303,32,2377
104.012497,30.665428,-1,2378
104.185664,30.684698,227,2379
104.741026,31.640965,-1,2380
104.002023,30.88414,-1,2381
104.114684,30.579649,178,2382
104.043582,30.446637,101,2383
103.908191,30.660975,68,2384
103.712511,30.808007,-1,2385
104.165592,30.720242,-1,2386
104.183062,30.711155,141,2387
104.186543,30.544639,-1,2388
103.967214,30.585656,233,2389
104.185173,30.684263,227,2390
104.07321,30.438647,-1,2391
104.462386,31.234167,-1,2392
104.323888,30.343783,-1,2393
103.836561,30.465707,-1,2394
104.040765,30.664755,-1,2395
104.11833,30.757057,20,2396
104.308768,30.865527,137,2397
103.790835,30.666891,-1,2398
104.060465,30.632043,-1,2399
104.012416,30.843191,-1,2400
104.357482,30.660648,170,2401
103.909691,30.544555,147,2402
103.885939,30.165283,-1,2403
104.313825,30.468652,-1,2404
104.342814,31.005124,-1,2405
104.071082,30.177711,-1,2406
104.111948,30.578923,178,2407
104.585727,30.702398,-1,2408
104.244972,30.645266,41,2409
104.138416,30.52206,-1,2410
104.042201,30.561319,-1,2411
104.624198,30.704601,-1,2412
103.62314,31.494304,-1,2413
103.885489,30.500864,-1,2414
104.500405,30.338781,-1,2415
104.213908,30.583802,115,2416
103.952991,30.02303,-1,2417
104.050431,30.751606,-1,2418
104.166664,30.658663,-1,2419
104.055023,30.427664,-1,2420
104.07623,30.239121,52,2421
104.468008,30.347228,-1,2422
104.555076,30.352594,121,2423
104.070719,30.688304,-1,2424
103.628381,30.72731,-1,2425
104.590682,30.391592,-1,2426
104.044011,30.445887,101,2427
104.223928,30.566504,183,2428
104.412203,30.344681,-1,2429
104.225362,30.638793,-1,2430
103.880073,30.404481,30,2431
103.682151,31.027337,234,2432
104.0079,30.872764,-1,2433
103.79831,31.169033,-1,2434
104.198522,30.582155,44,2435
103.893533,30.513845,179,2436
103.902538,30.658501,148,2437
103.640296,30.46596,63,2438
103.837089,30.529032,-1,2439
103.788978,29.635835,-1,2440
104.162853,30.662908,-1,2441
104.598805,30.701077,-1,2442
104.04244,30.19926,-1,2443
104.071037,30.725222,84,2444
104.175477,30.715309,61,2445
104.36562,30.789681,-1,2446
103.995241,30.478348,-1,2447
104.119394,31.058167,-1,2448
104.587143,30.702982,-1,2449
104.051028,30.476715,75,2450
103.661424,30.96124,97,2451
103.987102,30.721613,-1,2452
104.079116,30.818248,-1,2453
103.919469,30.306006,-1,2454
104.626784,30.902315,-1,2455
104.326548,30.859926,54,2456
103.474807,30.431765,40,2457
103.790313,29.636115,-1,2458
104.125425,30.795178,-1,2459
103.496071,31.358631,195,2460
103.879625,30.198321,175,2461
103.565009,30.5164,-1,2462
103.56351,30.629158,-1,2463
103.936401,30.613772,114,2464
103.684552,31.023885,-1,2465
104.204591,30.731128,-1,2466
104.390944,30.284189,62,2467
104.350353,30.304138,-1,2468
104.112362,30.753148,235,2469
103.459825,30.74697,236,2470
104.0441,30.448707,-1,2471
103.848057,30.43123,-1,2472
103.969371,30.10341,-1,2473
104.111748,30.532672,-1,2474
104.217929,30.8015,-1,2475
104.21218,30.814855,-1,2476
104.259457,30.981025,-1,2477
104.063401,30.665424,-1,2478
103.989978,30.454722,-1,2479
104.054839,30.656489,-1,2480
103.86712,30.776733,-1,2481
103.771583,30.890393,-1,2482
104.072092,30.362007,-1,2483
104.118239,30.75701,20,2484
104.087729,30.74797,129,2485
103.460231,31.274467,-1,2486
103.773508,30.636847,-1,2487
103.861701,30.445964,237,2488
103.97308,30.737695,-1,2489
104.136045,30.522807,-1,2490
103.8864,30.820264,207,2491
104.185664,30.684698,227,2492
104.150124,30.615988,100,2493
104.061489,30.389224,273,2494
103.897372,30.836242,9,2495
103.994414,30.780592,-1,2496
103.952317,30.428256,14,2497
103.995318,30.615023,-1,2498
103.756776,31.194766,-1,2499
104.183413,30.786469,-1,2500
103.95996,30.517257,58,2501
103.647775,30.951394,190,2502
104.105568,30.705105,-1,2503
103.971634,30.558171,-1,2504
103.867159,30.534983,238,2505
103.816242,30.633645,56,2506
104.080609,30.694702,-1,2507
103.840413,30.359663,79,2508
104.234039,30.609784,-1,2509
104.008207,30.718843,-1,2510
104.3428,31.057254,-1,2511
103.914212,30.675374,191,2512
104.147258,30.833613,-1,2513
104.536981,30.366321,201,2514
103.937095,30.937508,-1,2515
104.192403,30.741019,-1,2516
103.872612,30.779209,138,2517
103.794993,31.233877,-1,2518
104.172588,30.483538,29,2519
103.545649,31.049317,-1,2520
103.566629,31.046055,-1,2521
104.399769,31.109901,-1,2522
104.302608,30.874142,-1,2523
104.320129,30.276684,188,2524
103.971157,30.650389,118,2525
103.970284,30.650216,118,2526
104.744538,31.016456,-1,2527
103.99089,30.435714,202,2528
103.953558,30.655932,-1,2529
104.005552,30.520017,-1,2530
104.07103,30.725211,84,2531
103.448859,30.483789,-1,2532
104.293663,30.572535,-1,2533
103.834576,30.646583,-1,2534
104.605571,30.867982,-1,2535
104.188121,30.699456,-1,2536
103.916914,30.683896,124,2537
103.550813,30.511079,-1,2538
104.054192,30.443267,-1,2539
104.492462,30.32566,-1,2540
103.89886,30.615363,140,2541
104.153921,30.706561,-1,2542
104.221576,30.847717,-1,2543
103.477087,31.319641,-1,2544
104.227448,30.788661,-1,2545
103.964425,30.637157,0,2546
104.208411,30.585759,-1,2547
104.172687,30.72755,-1,2548
103.956728,30.030478,-1,2549
102.952687,29.96742,-1,2550
103.914872,30.709533,-1,2551
103.883701,30.665965,109,2552
104.365948,30.434869,-1,2553
103.712377,30.523049,-1,2554
103.84778,30.623031,-1,2555
104.10412,30.531855,154,2556
103.944177,30.800921,-1,2557
103.923519,31.062058,-1,2558
103.633817,31.007787,-1,2559
103.550474,29.712658,-1,2560
103.91254,30.824848,120,2561
103.955793,30.797049,-1,2562
104.539565,30.662136,-1,2563
103.554414,30.607601,-1,2564
104.095388,30.541096,145,2565
104.545878,29.504686,-1,2566
104.262102,30.807881,-1,2567
104.147769,30.660685,32,2568
104.029156,31.362114,-1,2569
103.998885,30.687886,-1,2570
104.533921,29.759401,239,2571
103.976647,30.652965,102,2572
103.861434,30.804018,176,2573
104.177038,30.721722,-1,2574
103.680212,30.617195,-1,2575
104.098573,30.619318,-1,2576
103.943514,30.507694,105,2577
103.738042,30.511395,212,2578
103.832203,30.619375,-1,2579
103.997127,30.468801,-1,2580
103.911978,30.798491,232,2581
104.3399,31.126352,-1,2582
103.69971,30.523082,-1,2583
103.851658,30.084375,-1,2584
104.05475,30.651604,-1,2585
103.986799,30.216116,-1,2586
103.713217,30.806534,-1,2587
104.136811,30.37758,-1,2588
103.843403,31.138298,-1,2589
103.87274,30.779325,138,2590
103.962688,30.439371,-1,2591
104.335403,30.328881,-1,2592
104.085081,30.454808,279,2593
104.138529,30.369764,-1,2594
103.700054,30.309637,-1,2595
104.315979,30.303022,4,2596
104.052664,30.465385,-1,2597
103.883174,30.411273,-1,2598
104.709255,30.885476,-1,2599
104.131685,30.618727,-1,2600
103.985818,29.138022,-1,2601
103.642829,30.943391,206,2602
104.750704,30.621397,-1,2603
103.936421,30.905917,150,2604
104.106181,30.513174,245,2605
103.861226,30.803588,176,2606
104.3117,30.29886,108,2607
104.135987,29.979458,-1,2608
103.800642,30.611674,-1,2609
104.03543,30.298267,-1,2610
104.194917,30.699645,-1,2611
104.255501,30.531,92,2612
104.028327,29.142911,-1,2613
104.13768,30.41208,-1,2614
104.115961,30.585317,25,2615
104.135649,30.805836,85,2616
104.006128,30.592271,173,2617
103.908335,30.543086,147,2618
103.876222,30.221178,-1,2619
104.362403,30.423095,-1,2620
103.654109,30.896967,-1,2621
104.425159,30.474067,229,2622
104.107018,30.587251,143,2623
103.902274,30.658387,148,2624
103.90285,30.658397,148,2625
103.661518,30.961196,97,2626
104.04164,30.248577,-1,2627
103.766138,30.896367,-1,2628
104.324345,30.936484,-1,2629
104.036237,30.489136,-1,2630
103.974734,30.639578,-1,2631
104.186856,30.687812,-1,2632
104.036595,30.296885,167,2633
104.195891,30.738048,-1,2634
104.175457,30.715338,61,2635
103.889684,30.383698,34,2636
104.485748,30.444371,-1,2637
104.280021,30.727717,-1,2638
103.72474,30.578397,-1,2639
103.878621,30.413385,-1,2640
104.745635,30.4518,22,2641
104.069665,30.768375,119,2642
104.241746,30.598948,-1,2643
103.861182,30.44567,237,2644
103.66138,30.961171,97,2645
104.278944,29.937095,-1,2646
104.093711,30.58159,2,2647
103.872349,30.799313,-1,2648
103.923449,30.716708,172,2649
104.043655,30.446411,101,2650
104.115095,30.378558,168,2651
104.618131,30.680931,-1,2652
104.140697,30.649134,-1,2653
104.450515,30.476263,-1,2654
104.178172,30.728039,-1,2655
104.198546,30.582107,44,2656
103.830045,30.62156,-1,2657
104.283949,30.891798,-1,2658
104.276348,30.687952,-1,2659
104.075203,30.724937,-1,2660
104.056976,30.772761,-1,2661
104.394511,30.896277,-1,2662
103.856939,30.442309,-1,2663
104.106588,30.608108,-1,2664
103.887697,30.528587,31,2665
104.393479,30.301402,-1,2666
104.081503,30.71086,-1,2667
104.455118,30.488925,-1,2668
104.448355,30.857383,-1,2669
104.049287,30.541668,64,2670
104.521698,30.417751,-1,2671
103.882883,30.665999,109,2672
103.879913,30.404395,30,2673
103.851586,30.988174,-1,2674
104.193413,30.73488,-1,2675
104.361689,30.425984,-1,2676
104.118399,30.757172,20,2677
103.967847,30.185999,-1,2678
104.096338,30.541118,145,2679
104.070918,30.598283,-1,2680
103.469427,30.392427,-1,2681
103.936425,30.614202,114,2682
104.021452,30.523534,-1,2683
104.219782,30.695193,-1,2684
103.937538,30.619379,18,2685
103.772011,29.462288,-1,2686
103.957466,30.647454,-1,2687
104.119962,30.7727,169,2688
104.18552,30.45875,-1,2689
104.202671,30.725977,33,2690
103.665011,30.340528,-1,2691
103.909892,30.544505,147,2692
103.965659,30.636806,0,2693
104.103941,30.512364,77,2694
104.628154,30.874435,-1,2695
102.692567,29.715338,-1,2696
103.856071,30.577892,-1,2697
104.161207,30.447166,-1,2698
103.960046,30.544605,-1,2699
104.226148,30.524988,94,2700
104.243157,30.650418,66,2701
103.937784,30.614449,114,2702
102.805127,30.277387,-1,2703
104.177222,30.718752,103,2704
103.990985,30.475718,-1,2705
103.896659,30.666469,144,2706
104.092162,30.571914,-1,2707
103.460388,30.464209,-1,2708
103.856631,30.442366,-1,2709
104.393139,30.283556,62,2710
103.921001,30.702944,90,2711
104.336328,30.710581,-1,2712
103.686401,30.942958,-1,2713
104.267906,30.855691,-1,2714
104.378349,30.282963,-1,2715
104.209762,30.609332,-1,2716
103.85796,30.630632,-1,2717
104.272265,30.759932,-1,2718
104.111682,30.530193,-1,2719
104.20348,30.726293,33,2720
104.003778,30.606511,-1,2721
103.601294,30.875442,-1,2722
103.277843,29.56953,-1,2723
104.55551,30.35278,121,2724
104.626984,30.904483,-1,2725
104.063508,30.633316,240,2726
104.105945,30.695124,-1,2727
103.934304,30.794414,-1,2728
104.204269,30.740144,113,2729
103.796721,30.447557,-1,2730
103.935731,30.905485,150,2731
103.636898,30.928147,-1,2732
103.993256,30.923828,-1,2733
103.640959,30.696658,-1,2734
103.834461,30.465811,-1,2735
103.478661,30.427923,-1,2736
104.078391,30.36397,-1,2737
103.452229,30.474745,241,2738
103.733882,30.585143,-1,2739
103.671609,30.281016,-1,2740
104.009368,30.763805,-1,2741
104.023865,30.593011,-1,2742
103.671396,30.954254,-1,2743
104.053055,30.467422,-1,2744
104.03555,30.465,-1,2745
104.003287,30.735004,242,2746
103.665777,30.665762,-1,2747
103.498395,30.569082,165,2748
103.912122,30.631009,156,2749
104.057561,30.38831,-1,2750
104.47374,30.486246,218,2751
104.098288,30.884974,-1,2752
103.915066,30.711426,-1,2753
103.912763,30.824776,120,2754
104.045632,30.446013,101,2755
104.37803,30.313213,243,2756
103.789967,30.603961,-1,2757
104.358864,30.738657,-1,2758
103.497049,30.753594,-1,2759
103.059822,30.027333,-1,2760
103.956802,30.93895,-1,2761
104.848216,29.75425,-1,2762
104.323736,30.64507,17,2763
104.058226,30.729396,-1,2764
103.629744,30.959489,-1,2765
104.580192,30.368193,-1,2766
103.688401,31.024196,-1,2767
104.011533,30.482398,-1,2768
104.172788,30.48402,29,2769
104.138594,30.610626,132,2770
104.150115,30.615973,100,2771
104.526663,30.588158,-1,2772
104.203635,30.726123,33,2773
103.764097,30.479598,-1,2774
103.90659,30.536134,-1,2775
104.069132,30.724073,-1,2776
103.701389,30.602429,27,2777
104.000555,30.520281,222,2778
104.489023,30.493854,174,2779
104.058316,30.426833,-1,2780
103.952895,31.018761,-1,2781
104.25246,29.022569,-1,2782
103.896225,31.015141,-1,2783
104.751551,30.62927,-1,2784
103.778322,30.727739,-1,2785
103.967152,30.648386,70,2786
104.147463,30.660969,32,2787
104.315817,30.303007,4,2788
104.080136,30.770074,-1,2789
104.10657,30.740443,122,2790
103.556751,30.74424,-1,2791
104.046798,30.427799,126,2792
104.062888,30.438108,251,2793
104.242146,30.769226,-1,2794
104.003472,30.734856,242,2795
104.053276,30.465765,-1,2796
103.888016,30.661365,244,2797
103.978445,30.644841,-1,2798
104.168827,30.741593,88,2799
104.329403,30.853878,-1,2800
104.099922,30.70801,-1,2801
104.083142,30.577728,-1,2802
104.536848,30.704711,-1,2803
104.069708,30.768511,119,2804
103.621875,30.476486,-1,2805
103.751871,30.528322,-1,2806
104.101265,30.444501,-1,2807
104.079215,30.818125,-1,2808
104.378983,30.292528,99,2809
103.781446,30.640231,-1,2810
103.971349,30.650335,118,2811
103.701737,30.602464,27,2812
104.353666,30.99622,-1,2813
104.23519,30.646771,87,2814
104.520927,30.631007,-1,2815
103.474624,30.431831,40,2816
103.912366,30.630952,156,2817
103.857963,30.34857,-1,2818
103.678296,31.029934,7,2819
103.494236,29.975966,-1,2820
104.031186,30.321064,-1,2821
104.572825,31.034375,-1,2822
103.794647,31.239182,-1,2823
104.102123,30.49809,107,2824
104.032899,30.322189,-1,2825
103.994444,30.61257,-1,2826
104.135101,30.375253,-1,2827
104.099734,30.49896,-1,2828
104.149323,30.622389,116,2829
104.058857,30.673787,-1,2830
104.00634,30.620377,-1,2831
104.202897,30.725946,33,2832
103.776313,30.838942,-1,2833
103.794892,30.441241,-1,2834
104.106816,30.513125,245,2835
104.569197,30.371842,246,2836
104.136897,30.820764,-1,2837
103.938105,30.768816,-1,2838
103.916462,30.369293,149,2839
103.966638,30.739033,-1,2840
104.201932,30.749691,-1,2841
103.886824,30.528363,31,2842
103.880209,30.404395,30,2843
103.99192,30.73964,-1,2844
104.008846,30.590697,95,2845
103.893485,30.513595,179,2846
104.007087,30.72883,-1,2847
104.160492,30.731038,-1,2848
103.601765,30.828579,-1,2849
103.967609,30.586134,233,2850
103.872298,30.799154,-1,2851
103.969622,30.524305,-1,2852
104.037007,30.147923,181,2853
103.70069,30.653881,-1,2854
103.523799,30.206448,-1,2855
104.31887,30.86106,57,2856
104.124339,30.413095,-1,2857
103.506066,30.558927,247,2858
103.646759,30.950855,190,2859
103.939824,30.617792,49,2860
103.730356,30.52959,-1,2861
103.894092,30.756676,-1,2862
104.870293,29.226523,-1,2863
103.92094,30.634461,-1,2864
103.465594,30.438071,91,2865
104.183413,30.786469,-1,2866
103.959958,30.165895,-1,2867
103.994466,30.61247,-1,2868
104.495622,30.341487,-1,2869
103.894327,30.363894,-1,2870
104.43839,30.357064,73,2871
103.79091,30.982476,-1,2872
104.106584,30.513083,245,2873
104.22356,30.885186,-1,2874
104.140823,30.817152,-1,2875
103.954512,30.570558,-1,2876
104.260628,30.614378,-1,2877
103.961382,30.644863,-1,2878
104.020612,29.139197,6,2879
104.575457,30.723067,-1,2880
104.361667,30.603258,-1,2881
104.167879,30.639076,-1,2882
104.256491,30.737419,-1,2883
103.951478,30.734947,-1,2884
104.189141,30.533294,-1,2885
103.840397,30.359713,79,2886
104.367495,30.434621,-1,2887
103.837373,30.357395,-1,2888
104.317016,30.277775,-1,2889
103.679006,30.346005,-1,2890
104.177265,30.718845,103,2891
104.400915,30.310646,-1,2892
104.146274,30.909706,-1,2893
104.198958,31.580427,-1,2894
103.880154,30.3481,-1,2895
103.952393,30.427941,14,2896
104.120181,30.773111,169,2897
104.488873,30.459616,51,2898
104.522919,30.633537,-1,2899
103.79276,30.461016,-1,2900
103.903284,30.394594,-1,2901
104.122388,30.785173,-1,2902
104.296183,30.993824,220,2903
104.59599,30.716287,-1,2904
104.093832,30.580967,2,2905
104.502687,30.419245,-1,2906
103.469906,30.755799,-1,2907
104.231951,30.639647,-1,2908
104.192128,30.687109,-1,2909
103.990059,30.623437,-1,2910
104.576593,30.730054,-1,2911
103.9839,30.782974,-1,2912
103.66234,31.114395,-1,2913
103.938702,30.616454,160,2914
104.01307,30.837853,-1,2915
103.952173,30.427881,14,2916
104.118694,30.757152,20,2917
104.180416,31.630257,-1,2918
103.889315,30.817296,-1,2919
104.069628,30.768773,119,2920
103.952814,31.014274,-1,2921
104.616194,30.15849,-1,2922
104.107375,30.612221,-1,2923
103.997801,30.606877,-1,2924
104.234958,30.64582,87,2925
103.908335,30.543086,147,2926
104.219167,30.695369,-1,2927
103.888353,30.55608,81,2928
103.880452,30.604087,152,2929
103.950106,30.331531,-1,2930
104.313521,30.842869,-1,2931
103.497165,30.561078,-1,2932
104.327926,30.30588,248,2933
103.623436,31.493639,-1,2934
104.236037,30.646754,87,2935
104.105834,30.767497,-1,2936
104.222327,30.847248,-1,2937
103.823378,30.645462,-1,2938
104.106414,30.740552,122,2939
104.489508,30.494021,174,2940
104.140913,30.817247,-1,2941
104.322447,30.303738,-1,2942
104.50084,30.338987,-1,2943
104.110151,30.510845,-1,2944
104.757556,30.910823,-1,2945
104.226346,30.792798,38,2946
103.920547,30.235163,-1,2947
103.952341,30.999281,-1,2948
103.98428,30.829912,-1,2949
103.701288,30.602538,27,2950
103.997407,30.252952,-1,2951
104.006953,30.592738,173,2952
103.914814,30.41921,-1,2953
103.952083,30.427969,14,2954
103.997496,30.760345,-1,2955
103.551014,31.052946,-1,2956
104.036523,30.296684,167,2957
104.047198,30.428043,126,2958
104.056103,30.8478,164,2959
104.164651,30.658772,71,2960
104.045405,30.788362,-1,2961
104.008727,30.590917,95,2962
103.916947,30.710408,-1,2963
104.125338,30.769341,96,2964
104.176774,30.701395,-1,2965
104.191611,30.737026,-1,2966
104.096535,30.537972,21,2967
103.940496,30.614192,197,2968
104.131753,30.676108,-1,2969
104.177321,30.72375,-1,2970
103.880687,30.352218,-1,2971
104.439988,30.979333,-1,2972
104.099885,30.46712,155,2973
103.959571,30.517181,58,2974
103.959974,30.165695,-1,2975
103.986433,30.887202,-1,2976
104.202671,30.725977,33,2977
104.533921,29.759401,239,2978
103.469595,30.392305,-1,2979
104.043741,31.280025,-1,2980
103.880542,30.484618,-1,2981
104.067096,30.443906,-1,2982
103.946413,30.793373,-1,2983
104.125407,30.769413,96,2984
104.383129,30.355824,-1,2985
104.223408,30.675014,-1,2986
103.949637,30.607272,-1,2987
104.539142,31.859815,151,2988
103.915014,30.630918,275,2989
104.218954,30.655119,110,2990
103.861114,30.804006,176,2991
103.940489,30.6197,-1,2992
103.500044,30.750811,-1,2993
103.696156,30.407305,270,2994
103.895489,31.01579,-1,2995
103.89717,30.836326,9,2996
103.69668,30.39634,-1,2997
104.214468,30.583539,115,2998
104.566904,30.387812,-1,2999
104.107781,30.420645,-1,3000
104.550886,30.717465,-1,3001
104.462386,31.234167,-1,3002
104.041261,30.593572,199,3003
103.888542,31.056134,-1,3004
104.525808,30.648551,-1,3005
104.065561,30.436776,-1,3006
104.04136,30.593401,199,3007
104.585571,30.734483,-1,3008
103.198111,30.142039,-1,3009
104.242492,30.650585,66,3010
104.089325,30.429693,-1,3011
104.192102,30.86125,-1,3012
104.118327,30.757404,20,3013
103.692073,30.991065,-1,3014
103.723791,30.560184,-1,3015
104.095678,30.562939,-1,3016
104.198242,30.582071,44,3017
104.045498,30.528579,-1,3018
103.96927,30.366682,127,3019
103.640224,30.465842,63,3020
103.923098,30.716693,172,3021
103.887166,30.266005,-1,3022
104.240598,30.876898,-1,3023
104.061806,30.339339,-1,3024
103.84013,30.35989,79,3025
104.188282,30.514714,189,3026
103.624425,31.482764,-1,3027
103.661684,30.961526,97,3028
104.034948,30.528694,-1,3029
103.915001,30.387935,-1,3030
104.779249,30.848394,-1,3031
104.223812,30.566554,183,3032
104.092775,30.582169,2,3033
104.165879,30.702611,-1,3034
103.963244,30.430622,-1,3035
104.496428,30.682353,-1,3036
104.235606,30.646486,87,3037
104.101162,30.753833,-1,3038
103.796754,30.646654,158,3039
104.243257,30.650518,66,3040
103.935325,30.905482,150,3041
104.079711,30.332967,-1,3042
104.019597,30.551527,-1,3043
103.942815,30.633454,-1,3044
104.080185,30.719847,-1,3045
104.033635,30.465411,-1,3046
104.167182,30.474594,-1,3047
103.9523,30.427961,14,3048
104.556259,30.725563,-1,3049
103.45058,30.747471,-1,3050
102.958434,30.193364,-1,3051
104.177653,30.724676,-1,3052
102.952626,29.967483,-1,3053
103.905506,30.810811,200,3054
104.195434,30.683211,-1,3055
104.113315,30.584709,-1,3056
104.564354,30.388016,214,3057
103.679739,30.617096,-1,3058
104.238721,30.562352,-1,3059
103.867473,30.82519,-1,3060
104.043582,30.446637,101,3061
104.185674,30.718506,74,3062
104.210645,30.762988,-1,3063
103.394137,30.206555,-1,3064
103.858991,30.453999,-1,3065
103.794421,30.440709,-1,3066
104.463055,30.83324,-1,3067
104.528293,30.643642,-1,3068
104.084602,30.455845,279,3069
103.681491,30.848995,-1,3070
103.943732,30.507958,105,3071
104.165448,30.658926,71,3072
103.681589,30.612759,249,3073
103.76021,30.665298,250,3074
104.329539,30.851295,-1,3075
104.087657,30.747275,129,3076
104.403758,30.311644,-1,3077
103.86486,30.407888,-1,3078
103.588509,30.773155,-1,3079
103.981603,30.785112,43,3080
103.451414,30.471932,-1,3081
103.937061,30.614817,114,3082
104.323947,30.645101,17,3083
103.904652,30.68752,-1,3084
103.721942,30.608673,-1,3085
104.255226,30.531122,92,3086
103.967657,30.64865,70,3087
104.226044,30.647647,-1,3088
104.05446,30.442405,-1,3089
103.984195,30.892916,-1,3090
104.000181,30.520271,222,3091
104.494603,31.731999,-1,3092
103.608224,30.826526,-1,3093
104.243468,30.649834,66,3094
103.883701,30.665965,109,3095
103.449325,30.746808,-1,3096
104.293819,30.522718,-1,3097
104.140923,30.612098,-1,3098
104.083645,30.637773,-1,3099
104.313632,30.467683,-1,3100
104.342985,30.6244,-1,3101
104.489682,30.493779,174,3102
103.892229,30.601378,-1,3103
104.099062,30.713361,-1,3104
103.870446,30.702301,134,3105
104.147058,30.777592,-1,3106
103.886953,30.528455,31,3107
103.845124,30.541858,-1,3108
104.093662,30.581438,2,3109
104.045919,30.371359,-1,3110
104.138065,30.691974,-1,3111
103.9371,30.613587,114,3112
104.16604,30.712803,104,3113
104.537239,30.36589,201,3114
104.090079,30.447715,-1,3115
104.311695,30.298777,108,3116
103.585616,30.759179,-1,3117
104.183975,30.531691,-1,3118
104.066202,31.066781,-1,3119
104.394357,30.298908,-1,3120
103.935877,30.905488,150,3121
104.158199,30.703816,-1,3122
104.120181,30.773111,169,3123
104.017066,30.845631,-1,3124
103.893301,30.513769,179,3125
103.601875,30.831237,-1,3126
103.949112,30.515473,-1,3127
104.118647,30.757128,20,3128
103.851457,30.649234,-1,3129
104.085353,30.538871,-1,3130
104.063594,30.438097,251,3131
104.081174,30.692788,-1,3132
104.140717,30.418,-1,3133
104.011537,30.66474,-1,3134
103.991318,30.738772,65,3135
104.150712,30.571388,-1,3136
104.578342,30.358241,-1,3137
104.112167,30.513113,252,3138
103.952332,30.795788,-1,3139
104.370166,31.133372,-1,3140
104.027073,30.480987,203,3141
104.087684,30.747586,129,3142
104.548119,30.71229,-1,3143
104.162362,30.595005,-1,3144
104.072577,30.695238,72,3145
104.824774,30.438732,-1,3146
103.934402,30.715928,-1,3147
104.262664,30.271339,-1,3148
104.242499,30.649973,66,3149
104.242499,30.649973,66,3150
104.158265,30.594432,-1,3151
103.668235,30.914873,-1,3152
104.373294,31.070658,-1,3153
104.209024,30.897643,-1,3154
104.203486,30.725995,33,3155
104.213532,30.744972,-1,3156
104.506752,30.350336,-1,3157
104.636368,30.927863,-1,3158
102.123896,29.646746,-1,3159
104.0367,30.147992,181,3160
104.02009,29.13958,6,3161
103.844126,31.144039,-1,3162
103.960496,30.941846,-1,3163
104.215066,30.582887,115,3164
103.911635,30.798717,232,3165
104.023736,30.70412,-1,3166
103.940067,30.614301,197,3167
104.202809,30.725899,33,3168
104.073381,30.696512,72,3169
104.990493,29.542339,-1,3170
104.990493,29.542339,-1,3171
104.004608,30.620831,-1,3172
103.945273,30.951937,-1,3173
104.254863,30.579676,-1,3174
103.92341,30.71668,172,3175
104.520184,30.430045,48,3176
103.95222,30.427908,14,3177
104.858519,29.740597,83,3178
104.309507,30.862208,-1,3179
104.339844,31.12637,-1,3180
104.072687,30.377418,-1,3181
103.883259,30.665956,109,3182
104.034943,30.528681,-1,3183
104.198836,30.592557,76,3184
103.896275,30.665853,144,3185
103.946483,30.834291,-1,3186
104.106449,30.740439,122,3187
104.226101,30.79304,38,3188
104.117164,30.705177,-1,3189
104.092911,30.524521,123,3190
103.985114,30.619377,-1,3191
104.966171,30.482352,-1,3192
104.141695,30.37663,-1,3193
103.817685,30.63799,-1,3194
104.561653,30.391071,-1,3195
103.711397,30.831016,-1,3196
104.299366,30.992372,-1,3197
104.973265,29.870652,23,3198
104.564096,30.387755,214,3199
103.90104,30.851136,-1,3200
104.137264,30.667496,-1,3201
104.271322,30.864743,-1,3202
103.913476,30.993918,-1,3203
103.983635,30.572427,16,3204
103.5519,30.543739,-1,3205
104.000749,30.591128,-1,3206
104.628465,30.30811,-1,3207
104.005822,30.520727,266,3208
104.059372,30.42599,-1,3209
103.677977,31.029866,7,3210
104.042286,30.535264,-1,3211
103.989259,30.596027,213,3212
103.801348,30.87294,-1,3213
103.972195,30.542101,3,3214
104.462791,30.488173,-1,3215
104.179337,30.695667,-1,3216
104.049119,30.541028,64,3217
103.940062,30.614146,197,3218
103.954205,30.501911,-1,3219
103.739329,30.338064,-1,3220
104.203752,30.726074,33,3221
103.983127,30.424277,-1,3222
103.842103,30.546255,-1,3223
104.185966,30.719135,74,3224
104.005922,30.515499,-1,3225
104.021957,31.426071,-1,3226
103.897179,30.666517,144,3227
104.081666,30.508877,-1,3228
104.220535,30.57309,-1,3229
103.9371,30.613587,114,3230
104.359281,30.531735,-1,3231
103.988573,30.421489,-1,3232
104.081151,30.496379,-1,3233
103.798629,31.168851,-1,3234
103.888048,30.661245,244,3235
104.222566,30.9988,253,3236
104.610247,30.34287,-1,3237
103.820631,30.630527,-1,3238
104.066262,30.487087,-1,3239
104.227555,29.017742,-1,3240
104.100252,30.688854,-1,3241
103.939992,30.621058,89,3242
103.829073,30.396436,-1,3243
104.106435,30.587377,143,3244
103.708001,30.902856,-1,3245
104.485027,30.348485,-1,3246
104.521532,30.419039,-1,3247
104.205286,30.558049,-1,3248
103.947048,31.0199,-1,3249
104.095513,30.540738,145,3250
103.80954,30.631705,185,3251
104.498189,30.634392,-1,3252
103.701423,30.602376,27,3253
104.215074,30.582698,115,3254
103.953253,30.592359,-1,3255
103.969326,30.659889,-1,3256
104.623926,30.101628,-1,3257
104.104381,30.531395,154,3258
104.391554,30.300107,139,3259
104.432399,30.472683,-1,3260
103.953436,30.763353,-1,3261
103.908692,30.542184,147,3262
103.82906,30.396435,-1,3263
104.105445,30.580457,211,3264
104.043055,30.588031,-1,3265
104.069875,30.768354,119,3266
103.894383,30.359576,-1,3267
104.140809,30.646148,274,3268
103.496153,31.35873,195,3269
104.211571,30.687441,-1,3270
104.052301,30.246101,226,3271
104.291392,30.877211,93,3272
104.118279,30.757214,20,3273
104.108022,30.550432,-1,3274
104.564626,30.379632,210,3275
104.213578,30.815997,-1,3276
103.53156,30.562653,-1,3277
104.05503,30.65162,-1,3278
104.468595,30.848301,254,3279
103.833462,30.82297,-1,3280
104.003472,30.734856,242,3281
104.798074,29.738622,-1,3282
103.591751,31.032936,-1,3283
104.147767,30.403454,-1,3284
104.007809,30.523883,-1,3285
104.118439,30.757128,20,3286
104.535528,30.720858,-1,3287
103.474815,30.431699,40,3288
104.049983,30.420319,-1,3289
104.2073,30.725787,-1,3290
104.144948,30.618632,-1,3291
104.091479,30.444479,-1,3292
103.902969,30.826415,-1,3293
104.0956,30.84526,-1,3294
103.972565,30.738779,-1,3295
104.347154,30.663204,-1,3296
103.447458,30.74694,-1,3297
104.44047,30.355518,-1,3298
103.935519,30.905545,150,3299
103.923476,30.256605,-1,3300
103.917225,30.684056,124,3301
104.126809,30.607893,-1,3302
104.160492,30.731038,-1,3303
104.439875,30.984021,-1,3304
103.988702,30.627806,142,3305
104.162168,30.696761,-1,3306
103.613714,30.871208,-1,3307
104.183522,30.711212,141,3308
104.144124,30.570265,-1,3309
104.262685,30.85117,-1,3310
103.99617,30.613876,-1,3311
104.798074,29.738622,-1,3312
103.838342,30.360723,128,3313
104.223149,30.998402,253,3314
103.774562,31.17945,-1,3315
103.964768,30.624401,-1,3316
104.08857,30.540671,-1,3317
104.111664,30.532153,-1,3318
103.731599,30.391472,-1,3319
103.688986,31.024283,-1,3320
104.20371,30.725954,33,3321
104.354676,30.993039,-1,3322
104.075755,30.747936,-1,3323
103.673847,30.422821,-1,3324
104.314536,30.272589,-1,3325
103.994174,30.616501,-1,3326
103.661684,30.961526,97,3327
104.30252,30.874291,-1,3328
103.706656,30.401245,-1,3329
104.761968,30.615923,255,3330
103.905622,30.810874,200,3331
103.699688,30.522923,-1,3332
103.952202,30.428267,14,3333
103.926306,30.950604,-1,3334
104.109503,30.504063,225,3335
103.465257,30.754348,-1,3336
103.760243,30.665451,250,3337
103.81868,30.634285,56,3338
103.83274,30.549541,133,3339
103.912409,30.631104,156,3340
103.81039,30.631817,185,3341
104.150131,30.61593,100,3342
104.824123,30.439672,-1,3343
103.825523,30.417445,-1,3344
104.521221,30.429642,48,3345
104.097308,30.585091,193,3346
104.333614,30.644765,216,3347
104.165282,30.658856,71,3348
104.118201,30.757235,20,3349
104.050607,30.541294,64,3350
103.886781,30.820251,207,3351
104.156976,30.632594,-1,3352
103.896891,30.666578,144,3353
104.51313,30.420133,47,3354
104.151222,30.658208,-1,3355
104.236723,30.725116,-1,3356
104.198817,30.593517,76,3357
104.016842,30.780164,-1,3358
104.114428,30.75029,256,3359
104.115143,30.723829,-1,3360
104.3117,30.29886,108,3361
104.054628,30.654278,-1,3362
103.561139,30.748894,217,3363
104.069158,30.326688,-1,3364
103.945248,30.952145,-1,3365
104.222995,31.041641,-1,3366
104.372045,30.864425,209,3367
104.004589,30.606778,-1,3368
103.945066,30.585455,-1,3369
104.20363,30.725993,33,3370
104.087055,30.804296,-1,3371
104.49616,30.417927,-1,3372
103.968701,30.656838,-1,3373
103.809717,30.630581,185,3374
104.254032,30.859191,146,3375
102.805127,30.277387,-1,3376
104.11325,30.578936,178,3377
104.041992,30.463201,-1,3378
104.153065,30.612366,-1,3379
104.08366,30.577922,-1,3380
103.963905,30.665991,-1,3381
104.053504,30.772735,-1,3382
104.97365,29.871137,23,3383
103.958459,30.663607,257,3384
104.203499,30.726009,33,3385
103.908256,30.660523,68,3386
104.520875,30.429898,48,3387
104.222617,30.711661,-1,3388
103.322748,30.333464,-1,3389
104.427186,30.877893,-1,3390
104.114927,30.416934,208,3391
104.0417,30.196958,-1,3392
104.100529,30.531235,-1,3393
103.861644,30.80394,176,3394
103.940113,30.614271,197,3395
104.214088,30.651579,177,3396
104.177265,30.718817,103,3397
103.763206,30.395995,-1,3398
104.069707,30.767999,119,3399
103.834365,30.46583,-1,3400
103.909239,30.542987,147,3401
103.916913,30.684071,124,3402
104.044128,30.445944,101,3403
103.678168,31.029708,7,3404
104.105044,30.401652,-1,3405
103.816138,30.486001,-1,3406
104.13419,30.712926,-1,3407
103.883509,30.371462,-1,3408
103.996622,30.47897,-1,3409
103.478661,30.427923,-1,3410
103.856381,30.786414,258,3411
104.047583,30.653652,-1,3412
104.19819,30.546832,-1,3413
104.166935,30.636989,-1,3414
104.125396,30.769364,96,3415
103.554778,30.533257,-1,3416
103.896093,30.713263,-1,3417
104.11275,30.511046,-1,3418
104.111888,30.50989,-1,3419
104.149507,30.659404,32,3420
104.242785,30.650689,66,3421
104.034896,30.396903,-1,3422
103.602503,30.902714,-1,3423
104.223382,30.666455,-1,3424
104.140004,30.827374,204,3425
104.323026,30.843617,-1,3426
104.114753,30.579277,178,3427
103.628381,30.72731,-1,3428
103.893045,30.513872,179,3429
104.438173,30.356609,73,3430
104.049365,30.448604,-1,3431
103.972364,30.542185,3,3432
104.072485,30.351013,-1,3433
104.390562,30.335761,-1,3434
103.493918,30.753588,-1,3435
103.562618,29.863851,-1,3436
103.738478,30.664524,-1,3437
104.215542,30.649266,19,3438
104.262248,30.272358,-1,3439
103.459921,30.746753,236,3440
104.010531,30.516521,-1,3441
104.06224,30.437857,-1,3442
103.978283,30.644241,-1,3443
103.638855,30.480673,-1,3444
104.068862,30.693997,162,3445
104.023689,30.541978,-1,3446
104.318613,30.861142,57,3447
104.214195,30.651642,177,3448
104.18107,30.68929,-1,3449
104.323661,30.644949,17,3450
104.044969,30.454017,-1,3451
104.433106,30.846556,-1,3452
104.010996,30.519241,-1,3453
104.32081,30.288699,-1,3454
103.861226,30.803722,176,3455
104.116384,30.418186,208,3456
104.130931,30.376149,-1,3457
104.069826,30.759396,-1,3458
103.983932,30.572312,16,3459
103.701611,30.602602,27,3460
103.713673,30.526773,1,3461
103.941205,30.431134,-1,3462
104.242658,30.651102,66,3463
104.513256,30.42005,47,3464
103.50782,30.31598,-1,3465
103.678032,31.029792,7,3466
104.106287,30.46426,-1,3467
103.89002,30.403394,-1,3468
103.987016,30.216185,-1,3469
103.775552,30.40077,-1,3470
104.249986,30.579755,42,3471
104.151501,30.776722,259,3472
104.487328,30.418507,-1,3473
104.081631,30.47314,-1,3474
103.861609,30.796717,-1,3475
104.000566,30.520244,222,3476
104.133231,30.522081,-1,3477
104.255422,30.610701,-1,3478
103.896836,30.666553,144,3479
104.182771,30.486506,-1,3480
103.940345,30.614092,197,3481
104.125418,30.769602,96,3482
104.595496,31.767986,-1,3483
103.97243,30.737283,-1,3484
104.488487,30.462131,39,3485
103.741019,30.631756,-1,3486
104.073224,30.371174,-1,3487
103.862869,30.305961,-1,3488
103.989235,30.596295,213,3489
103.959748,30.640095,-1,3490
104.112319,30.513112,252,3491
104.106716,30.756127,-1,3492
103.75726,30.809528,-1,3493
104.595931,31.765621,-1,3494
103.523392,30.207163,-1,3495
103.632079,30.956304,-1,3496
104.109755,30.694289,-1,3497
104.538573,30.43143,-1,3498
104.526193,30.431128,-1,3499
103.972966,30.73794,-1,3500
104.501269,30.473898,-1,3501
104.391466,30.299791,139,3502
103.902077,30.834237,35,3503
103.801768,31.165922,-1,3504
103.643189,30.636204,-1,3505
103.914482,30.675422,191,3506
104.076121,30.779571,-1,3507
104.107882,30.921239,-1,3508
104.242494,30.650289,66,3509
104.173374,30.727748,-1,3510
104.02863,31.289822,-1,3511
103.940273,30.616076,-1,3512
104.533929,29.760067,239,3513
104.198522,30.582057,44,3514
103.988202,30.33218,-1,3515
103.677984,31.029892,7,3516
104.106356,30.465857,-1,3517
104.576441,30.71788,-1,3518
103.680952,30.8035,-1,3519
104.496442,30.47166,-1,3520
104.287997,30.690515,-1,3521
104.009448,30.479966,-1,3522
103.553384,30.221156,45,3523
103.970012,30.344067,-1,3524
103.679739,30.617096,-1,3525
103.908676,30.542232,147,3526
104.046506,30.42739,126,3527
104.201555,30.739266,98,3528
104.012834,30.844849,-1,3529
104.445817,30.856247,-1,3530
104.177757,30.718867,103,3531
103.96976,30.366514,127,3532
104.251206,30.526476,-1,3533
104.569453,30.371858,246,3534
104.071441,30.72514,84,3535
103.062989,30.031005,-1,3536
104.304305,30.991966,-1,3537
104.504523,30.636586,-1,3538
103.892679,30.633901,-1,3539
104.5085,30.35445,36,3540
104.05153,30.388782,-1,3541
104.406414,30.346074,-1,3542
104.183413,30.786469,-1,3543
104.051849,30.541216,64,3544
104.03304,30.322543,-1,3545
103.701736,30.602464,27,3546
103.940639,30.614,197,3547
103.925656,30.795841,-1,3548
104.035938,30.751993,-1,3549
104.161325,30.690572,-1,3550
103.965276,30.637076,0,3551
104.335403,30.328881,-1,3552
104.593152,31.767148,-1,3553
103.752898,30.491071,-1,3554
103.819419,30.665508,-1,3555
104.138792,30.711112,-1,3556
103.459873,30.746986,236,3557
104.000852,30.762724,-1,3558
104.428569,30.903495,-1,3559
103.73847,30.664578,-1,3560
103.960585,30.635512,-1,3561
103.943417,30.525868,-1,3562
104.508659,30.354565,36,3563
104.230016,30.856847,-1,3564
103.921134,30.702981,90,3565
104.22411,30.675103,-1,3566
103.87274,30.779325,138,3567
103.916914,30.683896,124,3568
104.533134,30.650117,-1,3569
104.498884,30.475386,-1,3570
104.028479,30.337795,-1,3571
104.326684,30.860327,54,3572
104.440116,30.980202,-1,3573
104.000139,30.520389,222,3574
103.883484,30.339682,-1,3575
104.523826,30.670931,-1,3576
103.66092,30.927253,-1,3577
103.958133,30.723256,280,3578
103.709044,30.393363,276,3579
104.044144,30.445494,101,3580
103.859182,30.827638,53,3581
104.093876,30.523426,-1,3582
103.704686,30.65524,-1,3583
103.954512,30.570558,-1,3584
103.883644,30.666061,109,3585
102.95845,30.193364,-1,3586
103.935987,30.905152,150,3587
103.930468,30.741035,-1,3588
104.106748,30.60802,-1,3589
104.075655,30.757752,-1,3590
103.876286,30.491406,-1,3591
104.290829,30.877469,93,3592
103.761567,30.598856,-1,3593
104.262301,31.003943,-1,3594
104.011133,30.519391,-1,3595
104.135169,30.805902,85,3596
103.829968,30.329612,-1,3597
104.063749,30.610691,136,3598
103.680751,30.895029,-1,3599
102.996836,30.336897,-1,3600
104.23491,30.646271,87,3601
104.452566,30.603059,-1,3602
104.248921,30.772341,67,3603
103.990092,30.714323,-1,3604
104.067544,30.444222,-1,3605
104.349362,30.360466,-1,3606
103.542129,31.052784,-1,3607
103.905401,30.810526,200,3608
103.822684,31.272436,-1,3609
104.871198,29.225226,-1,3610
103.938008,30.814009,-1,3611
104.046783,30.426813,126,3612
104.17567,30.715342,61,3613
104.0367,30.147992,181,3614
104.125393,30.769652,96,3615
103.701355,30.602466,27,3616
103.921848,30.670469,-1,3617
104.397382,30.327755,-1,3618
104.016397,30.843439,-1,3619
103.837258,30.528324,-1,3620
104.352864,30.860013,-1,3621
104.521181,30.429642,48,3622
104.292949,30.391133,-1,3623
103.790825,30.667044,-1,3624
103.818094,30.646359,-1,3625
103.647194,30.951586,190,3626
103.939659,30.422288,-1,3627
104.357523,30.660147,170,3628
104.44591,30.856205,-1,3629
104.032006,30.524919,-1,3630
104.118071,30.756954,20,3631
103.552791,30.530705,-1,3632
103.459722,30.746673,236,3633
103.845448,30.682587,-1,3634
103.988638,30.214439,-1,3635
104.18587,30.718638,74,3636
104.245171,30.553463,230,3637
104.119361,31.058215,-1,3638
103.883232,30.665883,109,3639
103.870883,30.774008,-1,3640
103.676618,30.399241,-1,3641
103.97339,31.067969,-1,3642
104.225859,30.790609,38,3643
103.654578,30.926429,111,3644
103.721777,30.610475,-1,3645
104.063367,30.665412,-1,3646
103.99778,30.757416,15,3647
104.278944,29.937095,-1,3648
103.451949,30.47503,241,3649
104.357422,30.349592,-1,3650
104.084226,30.455792,279,3651
103.638282,30.935989,-1,3652
104.469042,30.847933,254,3653
104.729778,30.074479,-1,3654
104.198895,30.592622,76,3655
104.009109,30.51829,-1,3656
103.896553,30.66618,144,3657
104.063599,30.632775,240,3658
104.294721,29.659585,-1,3659
103.847889,30.430944,-1,3660
103.865171,30.4079,-1,3661
104.202163,30.739114,98,3662
104.125809,30.568789,-1,3663
103.413775,30.761825,-1,3664
103.921091,30.703138,90,3665
103.876995,30.613452,-1,3666
104.081639,30.516739,-1,3667
104.165354,30.658662,71,3668
104.415498,30.992452,-1,3669
104.071171,30.725192,84,3670
103.863676,30.556822,-1,3671
104.564096,30.387755,214,3672
104.060711,30.36888,-1,3673
104.04479,30.940882,-1,3674
104.1012,30.53379,-1,3675
104.072694,30.289591,-1,3676
104.108087,30.553176,-1,3677
104.433926,30.394049,-1,3678
103.850974,30.437298,86,3679
104.208403,30.524154,-1,3680
103.823943,30.584669,-1,3681
103.990871,30.435284,202,3682
103.776304,30.838915,-1,3683
103.717068,30.615126,-1,3684
103.743512,30.39562,-1,3685
103.909892,30.544505,147,3686
103.940837,31.017668,-1,3687
103.617828,30.925635,-1,3688
104.065999,30.471159,-1,3689
104.255466,30.859548,146,3690
104.044288,30.446978,101,3691
104.465185,30.473148,-1,3692
104.049559,30.476765,75,3693
104.242636,30.651285,66,3694
103.877905,30.766808,-1,3695
104.202753,30.725866,33,3696
104.036546,30.29672,167,3697
103.959756,30.517542,58,3698
103.856936,30.449449,-1,3699
104.236421,30.64707,87,3700
104.107057,30.464095,-1,3701
104.071368,30.725203,84,3702
103.819177,30.797275,192,3703
102.226414,31.897155,-1,3704
102.226203,29.783528,-1,3705
104.169171,30.741303,88,3706
104.123627,30.912498,-1,3707
104.125388,30.769677,96,3708
104.29816,30.685461,-1,3709
104.294721,29.659585,-1,3710
104.07218,30.387298,-1,3711
103.583909,30.376662,-1,3712
104.231523,30.594998,-1,3713
103.830657,30.336746,-1,3714
103.749242,30.530419,196,3715
103.936428,30.323313,-1,3716
103.972279,30.428854,-1,3717
103.948855,30.678435,37,3718
104.242604,30.651169,66,3719
104.222995,31.041641,-1,3720
103.965658,30.434524,-1,3721
103.886662,30.588519,-1,3722
103.49718,30.546182,-1,3723
103.935567,30.90568,150,3724
104.118079,30.757134,20,3725
103.827868,31.278631,-1,3726
104.001186,30.430744,-1,3727
104.080303,30.513193,-1,3728
104.101319,30.497843,107,3729
104.161247,30.659877,-1,3730
103.856751,30.442175,-1,3731
104.178647,30.783016,260,3732
104.195441,30.683218,-1,3733
103.861384,30.445722,237,3734
104.000647,30.520238,222,3735
103.881628,30.621261,-1,3736
103.89283,30.447566,261,3737
103.875561,30.480884,-1,3738
104.144501,30.813327,-1,3739
104.185664,30.684698,227,3740
104.132583,30.397839,-1,3741
103.489915,30.184693,262,3742
104.134832,30.37432,-1,3743
104.543472,30.718155,-1,3744
103.89295,30.447662,261,3745
104.101303,30.497729,107,3746
103.498395,30.569082,165,3747
104.000695,30.526512,-1,3748
104.202209,30.677697,-1,3749
104.064977,30.447,-1,3750
104.36608,30.857311,-1,3751
103.878578,30.198198,175,3752
104.330939,30.644533,-1,3753
103.301286,30.133964,-1,3754
103.682038,31.027372,234,3755
104.16185,30.690717,-1,3756
103.883644,30.666061,109,3757
103.960713,30.939361,-1,3758
104.449208,30.825432,-1,3759
103.497678,30.568488,165,3760
103.881126,31.087386,159,3761
103.389185,30.732892,-1,3762
103.814114,30.632968,56,3763
103.884709,30.388486,131,3764
104.138801,30.716452,-1,3765
103.65445,30.926022,111,3766
103.832724,30.549674,133,3767
104.236153,30.646707,87,3768
103.897368,30.836537,9,3769
104.081631,30.47314,-1,3770
104.106588,30.608108,-1,3771
103.781978,30.577521,-1,3772
103.88465,30.388545,131,3773
103.590702,30.247978,-1,3774
104.848144,29.754184,-1,3775
104.203168,30.74779,-1,3776
104.001967,30.884134,-1,3777
104.488613,30.459377,51,3778
103.84013,30.35989,79,3779
104.074729,30.736074,-1,3780
103.88447,30.60186,-1,3781
104.203785,30.726015,33,3782
104.221055,30.638937,10,3783
103.859413,31.066019,263,3784
103.878578,30.198198,175,3785
103.880073,30.404481,30,3786
103.47309,30.388119,-1,3787
103.987804,30.985848,-1,3788
103.94567,30.847481,-1,3789
103.921827,30.292521,-1,3790
104.209762,30.609332,-1,3791
104.306128,30.864976,-1,3792
104.072444,30.685763,-1,3793
104.198746,30.592442,76,3794
104.291159,30.87729,93,3795
103.964561,30.641914,-1,3796
103.948653,30.758557,-1,3797
104.405,30.346583,-1,3798
104.009012,30.481882,-1,3799
104.213548,30.744888,-1,3800
103.870884,30.711168,-1,3801
104.36562,30.789681,-1,3802
103.86119,30.445509,237,3803
104.387123,30.761448,-1,3804
104.567856,30.388561,-1,3805
104.745439,30.45169,22,3806
104.069699,30.768391,119,3807
104.858496,29.740881,83,3808
104.069584,30.690393,162,3809
104.475628,30.342854,-1,3810
104.16515,30.658455,71,3811
103.918004,30.684044,124,3812
104.106871,30.740466,122,3813
104.076736,30.623545,-1,3814
104.213402,30.583957,115,3815
103.851412,31.059438,-1,3816
103.964097,30.477866,-1,3817
104.167061,30.606847,-1,3818
104.175186,30.718367,-1,3819
104.200734,30.683495,-1,3820
103.760254,30.665134,250,3821
103.980648,30.912346,-1,3822
103.912505,30.542972,-1,3823
103.535789,30.750208,-1,3824
104.373414,30.487389,-1,3825
104.139795,30.824769,-1,3826
103.939936,30.99994,221,3827
104.226508,29.013308,-1,3828
104.318559,30.861096,57,3829
104.041415,30.593319,199,3830
104.016756,30.226474,-1,3831
104.479505,30.505635,-1,3832
104.663108,31.091276,187,3833
104.642861,30.676415,-1,3834
103.823428,30.609936,-1,3835
104.077725,30.579513,-1,3836
103.92217,30.686411,-1,3837
104.21194,30.177461,-1,3838
103.908228,30.660998,68,3839
104.006672,30.592353,173,3840
104.36704,30.305699,-1,3841
104.11281,30.752823,235,3842
103.866736,30.312186,-1,3843
103.371904,30.622789,-1,3844
104.064013,30.369648,-1,3845
104.080198,30.513723,-1,3846
104.485678,30.447302,-1,3847
103.879781,30.490932,-1,3848
104.354265,30.43585,-1,3849
103.713587,30.583077,-1,3850
104.006367,30.592338,173,3851
104.021106,30.119753,-1,3852
103.647489,30.935981,-1,3853
104.045244,30.470573,-1,3854
103.970915,30.560801,-1,3855
104.505955,30.353441,-1,3856
104.050023,30.420301,-1,3857
104.188535,30.539706,-1,3858
104.041015,30.593475,199,3859
104.105012,30.586634,143,3860
103.471095,30.38887,-1,3861
104.020463,30.862561,-1,3862
104.031106,30.859049,-1,3863
103.528139,31.001518,-1,3864
103.952018,30.967496,-1,3865
103.939075,30.930433,-1,3866
104.012255,30.8313,-1,3867
104.138356,30.638162,-1,3868
104.248204,30.283588,-1,3869
104.202619,31.188807,-1,3870
104.016509,29.138735,-1,3871
104.417407,30.616806,-1,3872
104.006367,30.5924,173,3873
103.855972,30.786225,258,3874
103.682376,31.012601,-1,3875
103.738478,30.664524,-1,3876
104.570309,30.191862,-1,3877
103.989235,30.596295,213,3878
104.069596,30.686535,-1,3879
104.441418,30.979983,-1,3880
103.004641,29.963854,-1,3881
103.749667,30.582273,-1,3882
103.91254,30.824758,120,3883
104.382239,30.35069,-1,3884
103.736485,31.01717,-1,3885
103.638267,30.936014,-1,3886
104.245197,30.95833,-1,3887
103.489787,30.18466,262,3888
103.795929,31.23899,-1,3889
103.182317,30.011281,-1,3890
104.177453,30.71867,103,3891
104.501277,30.483927,-1,3892
103.885086,30.578031,-1,3893
103.634617,30.952825,-1,3894
104.236173,30.64692,87,3895
103.851602,30.988126,-1,3896
103.99419,30.112338,-1,3897
104.30879,30.865497,137,3898
104.441857,30.980255,-1,3899
103.939936,30.99994,221,3900
103.79276,30.461016,-1,3901
102.737617,29.428847,-1,3902
103.884965,30.388638,131,3903
103.587861,30.387873,-1,3904
104.053806,30.635061,-1,3905
103.88171,30.367023,-1,3906
104.391417,30.286056,-1,3907
104.002785,30.590064,-1,3908
103.677977,31.029866,7,3909
103.940302,30.999321,221,3910
103.897967,30.386526,-1,3911
104.1358,30.522006,-1,3912
104.20575,30.672472,-1,3913
103.809764,30.63043,185,3914
104.118204,30.756821,20,3915
103.490859,30.754803,-1,3916
103.99419,30.112338,-1,3917
104.237588,30.652853,13,3918
103.85558,30.631089,-1,3919
103.967406,30.585857,233,3920
104.067778,30.253209,-1,3921
103.994402,30.764794,163,3922
104.02301,30.704102,-1,3923
104.168682,30.741594,88,3924
104.277251,31.141877,-1,3925
103.888107,30.589258,-1,3926
104.163877,30.671521,-1,3927
103.669327,29.780831,-1,3928
104.176709,30.789984,-1,3929
103.763198,30.396063,-1,3930
103.90293,30.658451,148,3931
103.86251,30.331501,-1,3932
104.149245,30.65958,32,3933
104.157948,30.69266,-1,3934
103.964423,30.637169,0,3935
104.202728,30.725852,33,3936
103.505673,30.754659,-1,3937
104.049494,30.722678,-1,3938
104.505421,30.506662,-1,3939
103.855468,30.631141,-1,3940
103.910763,30.798527,232,3941
104.200563,30.684094,-1,3942
104.471836,30.862616,-1,3943
104.396882,30.31098,-1,3944
103.776433,30.84036,-1,3945
104.597732,30.699625,-1,3946
103.991945,30.641085,-1,3947
103.856954,30.449383,-1,3948
103.926678,30.711352,-1,3949
104.320674,30.278148,188,3950
103.816107,30.675142,-1,3951
103.988217,30.627544,142,3952
104.118007,30.75685,20,3953
104.01533,30.472375,-1,3954
103.953511,30.655675,-1,3955
103.72217,30.561658,-1,3956
104.389707,30.310155,-1,3957
104.111812,30.517579,-1,3958
104.079087,30.818224,-1,3959
104.03055,31.360853,-1,3960
103.809715,30.630727,185,3961
103.942041,30.279597,-1,3962
104.073071,30.371209,-1,3963
104.201989,30.703608,-1,3964
103.935572,30.905587,150,3965
103.762021,30.393304,-1,3966
104.069711,30.691655,162,3967
103.90936,30.602584,-1,3968
104.289731,30.847976,-1,3969
103.936401,30.613772,114,3970
104.168669,30.710764,-1,3971
104.309119,30.865065,137,3972
104.182152,30.717674,267,3973
104.522865,30.435957,-1,3974
104.419026,30.501077,-1,3975
103.710201,29.090918,-1,3976
103.846691,30.428364,-1,3977
104.161536,30.599768,264,3978
103.844801,30.012573,-1,3979
104.141009,30.827372,204,3980
104.109657,30.568366,-1,3981
103.696661,30.656925,-1,3982
103.678401,31.030061,7,3983
104.597732,30.699625,-1,3984
104.485951,30.492429,-1,3985
103.966822,30.807389,-1,3986
104.010428,30.517905,-1,3987
104.535941,30.655717,-1,3988
103.75889,30.665366,-1,3989
103.876049,30.500889,166,3990
103.921648,30.948517,-1,3991
104.104933,30.81308,-1,3992
104.059562,30.424792,-1,3993
103.996848,31.140841,-1,3994
104.151304,30.782848,-1,3995
103.861401,30.804071,176,3996
103.873933,30.417238,60,3997
104.001289,30.889179,-1,3998
103.893037,30.513902,179,3999
103.886645,30.376266,-1,4000
104.102419,30.443594,-1,4001
104.093986,30.581106,2,4002
104.307652,30.845371,265,4003
104.134587,30.6615,-1,4004
104.140363,30.646001,274,4005
103.499642,30.569376,165,4006
104.472243,30.34507,-1,4007
103.815377,30.633348,56,4008
104.605676,30.720285,-1,4009
104.020416,30.706394,-1,4010
103.865404,31.048365,-1,4011
103.979229,30.201778,-1,4012
103.661163,30.961171,97,4013
104.48797,30.493091,174,4014
104.418976,30.946405,-1,4015
103.478533,30.42757,-1,4016
104.766099,29.762163,-1,4017
103.943611,30.507678,105,4018
104.047261,30.428496,126,4019
104.509313,30.354429,36,4020
104.368578,30.289429,-1,4021
103.847048,30.541094,-1,4022
103.861131,30.445244,237,4023
104.149154,30.659585,32,4024
103.927623,30.512789,-1,4025
104.061165,30.368266,-1,4026
103.641777,30.636025,-1,4027
104.501094,30.485484,-1,4028
104.075825,30.633825,-1,4029
104.362403,30.423095,-1,4030
103.862279,30.776239,-1,4031
104.201988,30.726054,33,4032
104.400996,30.310762,-1,4033
103.911841,30.61731,-1,4034
103.831584,30.667623,-1,4035
104.213468,30.575046,-1,4036
103.983836,30.572896,16,4037
104.052382,30.246171,226,4038
104.478187,30.4892,-1,4039
104.636406,30.927813,-1,4040
102.771789,30.061523,-1,4041
104.063749,30.633245,240,4042
104.112371,30.753132,235,4043
103.899047,30.388881,-1,4044
103.662087,30.900044,-1,4045
104.359216,30.814673,-1,4046
102.202138,29.726001,-1,4047
104.131236,30.791846,-1,4048
104.178592,30.782929,260,4049
104.280217,30.645497,-1,4050
104.20095,31.125718,-1,4051
104.201057,30.60739,-1,4052
103.902282,30.835079,35,4053
104.018074,30.248463,-1,4054
104.177531,30.718731,103,4055
104.08745,30.826469,-1,4056
104.537269,30.365907,201,4057
104.044138,30.445815,101,4058
104.049605,30.439287,-1,4059
104.008727,30.590917,95,4060
104.296183,30.993824,220,4061
104.311104,30.799204,-1,4062
104.410328,30.480084,-1,4063
103.939936,30.999866,221,4064
103.647489,30.935981,-1,4065
104.377947,30.455808,-1,4066
103.677522,30.94986,-1,4067
104.234838,30.645938,87,4068
104.018507,30.228635,-1,4069
104.212441,30.80351,-1,4070
104.009701,30.521537,-1,4071
104.07979,30.721989,-1,4072
104.085256,30.683085,-1,4073
104.051536,30.757764,-1,4074
104.076891,30.295722,-1,4075
103.871186,30.701912,134,4076
103.554842,30.533307,-1,4077
103.739836,30.320799,-1,4078
103.878494,30.198226,175,4079
104.14783,30.660625,32,4080
104.004958,30.521155,266,4081
103.919269,30.30764,-1,4082
104.082014,30.516755,-1,4083
103.952285,30.428206,14,4084
104.122073,30.539741,-1,4085
104.043939,30.446162,101,4086
103.876154,30.736808,-1,4087
103.976486,30.652843,102,4088
103.820528,30.465922,-1,4089
103.68008,31.034487,-1,4090
103.654754,30.926893,111,4091
104.108025,30.546769,-1,4092
104.165609,30.720184,-1,4093
103.861217,30.4456,237,4094
104.289739,30.847992,-1,4095
104.556096,30.645655,-1,4096
104.17262,30.483672,29,4097
104.631444,30.872099,-1,4098
104.28083,30.646423,-1,4099
103.531754,31.405224,135,4100
104.183503,30.717257,267,4101
104.768937,29.150987,-1,4102
103.867159,30.534983,238,4103
103.380108,30.36816,-1,4104
104.045949,30.787857,-1,4105
103.745434,30.494729,-1,4106
103.950978,30.797094,-1,4107
104.315839,30.302879,4,4108
103.99368,30.764576,163,4109
104.061213,30.415355,-1,4110
103.856499,30.785631,258,4111
104.112193,30.513062,252,4112
104.037365,30.659918,-1,4113
103.684722,30.879118,-1,4114
103.701125,30.602579,27,4115
103.764065,30.479582,-1,4116
104.186319,30.761508,-1,4117
104.031282,30.471018,-1,4118
104.708845,30.88584,-1,4119
103.459298,30.378589,-1,4120
104.04016,30.535497,-1,4121
104.334818,30.64362,-1,4122
104.264111,30.851587,-1,4123
104.136052,30.370505,-1,4124
104.234726,30.646055,87,4125
104.020588,30.544122,-1,4126
104.188119,30.514487,189,4127
104.15023,30.615669,100,4128
103.642697,30.567727,-1,4129
103.930201,30.4639,-1,4130
104.223955,30.80259,-1,4131
104.123029,30.515105,-1,4132
103.49979,30.569409,165,4133
104.157781,30.782079,-1,4134
103.887121,30.528169,31,4135
104.657191,30.877493,-1,4136
104.05978,30.4222,-1,4137
103.869775,30.616239,-1,4138
104.32495,30.308409,-1,4139
104.077231,30.230823,-1,4140
104.165026,30.658865,71,4141
104.299685,31.008768,-1,4142
103.579846,31.034122,-1,4143
104.235278,30.646805,87,4144
104.214775,30.889784,-1,4145
103.83784,30.316578,-1,4146
104.973667,29.871171,23,4147
103.701643,30.602386,27,4148
103.388016,30.734924,-1,4149
104.29448,29.658239,-1,4150
104.050823,30.476294,75,4151
104.144579,30.584454,-1,4152
104.139652,30.647353,-1,4153
104.120214,30.77288,169,4154
104.499745,30.479302,-1,4155
104.236016,30.646738,87,4156
104.593815,30.288861,-1,4157
104.094931,30.462919,268,4158
104.258904,30.612918,-1,4159
103.890443,30.973734,-1,4160
103.909104,30.543148,147,4161
104.000653,30.520223,222,4162
103.796946,30.646712,158,4163
103.680965,31.033691,-1,4164
104.257411,30.530302,-1,4165
103.886824,30.528363,31,4166
104.087828,30.548372,-1,4167
103.896731,30.666719,144,4168
104.113385,30.568148,-1,4169
104.242588,30.651035,66,4170
104.255496,30.859536,146,4171
103.682299,31.027689,234,4172
103.957893,30.663433,257,4173
104.502918,30.41916,-1,4174
104.044224,30.446861,101,4175
104.081222,30.521392,-1,4176
104.063668,30.860179,-1,4177
104.187875,30.544758,-1,4178
104.092056,30.577039,-1,4179
103.89308,30.447347,261,4180
104.066059,30.447948,-1,4181
103.988299,30.45915,-1,4182
104.138508,30.383183,-1,4183
103.893202,31.019809,-1,4184
104.269998,30.737188,-1,4185
103.851273,30.368058,-1,4186
104.055626,30.420336,-1,4187
104.04742,30.449436,-1,4188
103.875424,30.483309,-1,4189
103.96732,30.648442,70,4190
103.950755,30.678863,-1,4191
103.952068,30.427964,14,4192
104.660501,31.130993,-1,4193
104.239795,30.80191,-1,4194
103.991337,30.885243,-1,4195
104.308635,30.865091,137,4196
104.32705,30.306116,248,4197
104.17442,30.481532,-1,4198
103.633537,30.927629,-1,4199
104.908175,30.159873,-1,4200
104.24273,30.650872,66,4201
104.156889,30.647413,-1,4202
104.762184,30.615021,255,4203
104.224911,30.793669,11,4204
104.219754,31.568363,-1,4205
104.03531,30.298076,-1,4206
103.833382,30.635516,26,4207
104.206899,30.712982,-1,4208
104.117523,30.537752,-1,4209
104.388684,31.100125,-1,4210
104.122985,30.442325,-1,4211
104.973683,29.870369,23,4212
104.419026,30.501077,-1,4213
104.216993,30.913946,-1,4214
104.015695,30.527981,-1,4215
103.759305,31.197432,-1,4216
103.853381,30.57196,-1,4217
104.584162,30.704232,-1,4218
104.397369,30.997272,-1,4219
103.902581,30.835007,35,4220
103.832203,30.619375,-1,4221
103.654088,30.897054,-1,4222
104.183993,30.710854,141,4223
104.235461,30.646871,87,4224
103.69668,30.39634,-1,4225
104.869929,29.226372,-1,4226
104.183993,30.710854,141,4227
104.254358,30.643664,-1,4228
103.97427,30.579433,-1,4229
103.87017,30.383947,-1,4230
104.260305,30.614246,-1,4231
104.373171,30.94077,-1,4232
103.828832,31.274979,-1,4233
104.165601,30.658648,71,4234
104.125146,30.769332,96,4235
104.274162,30.858459,-1,4236
104.140739,30.827425,204,4237
103.811733,30.632376,56,4238
104.103307,30.469203,-1,4239
104.391746,30.300273,139,4240
104.175113,30.719068,-1,4241
103.805668,30.66458,-1,4242
103.800791,30.453679,-1,4243
104.566728,30.38875,-1,4244
104.046376,30.451585,-1,4245
103.739836,30.320799,-1,4246
103.871415,30.701976,134,4247
104.017106,30.530224,-1,4248
104.065369,30.446744,-1,4249
104.515794,30.391481,-1,4250
103.908307,30.660755,68,4251
103.935283,30.905347,150,4252
104.081223,30.524302,-1,4253
104.051752,30.757849,-1,4254
104.202499,30.741937,-1,4255
103.958871,30.824696,-1,4256
103.890941,31.020457,-1,4257
104.105901,30.587351,143,4258
103.921128,30.702983,90,4259
104.103172,30.469393,-1,4260
103.816107,30.675142,-1,4261
103.96018,30.438429,-1,4262
104.07278,30.695403,72,4263
104.064827,30.666144,-1,4264
104.203073,30.745847,-1,4265
103.872713,30.779443,138,4266
103.954105,30.431999,-1,4267
104.081282,30.70068,-1,4268
104.339156,30.462142,-1,4269
103.936584,30.78127,-1,4270
103.986227,30.723755,-1,4271
103.859894,30.835462,-1,4272
104.227409,30.647757,-1,4273
103.496377,31.36018,-1,4274
104.03352,30.525557,-1,4275
103.981327,30.785553,43,4276
104.041035,30.531046,-1,4277
104.367593,30.2885,-1,4278
103.698141,30.395896,-1,4279
104.118175,30.756722,20,4280
104.072502,30.730869,-1,4281
104.130736,30.670986,59,4282
104.221424,30.639238,10,4283
104.198633,30.593684,76,4284
104.23491,30.646271,87,4285
103.874079,30.602079,-1,4286
104.792535,30.629352,-1,4287
104.073825,30.718567,-1,4288
104.237988,30.652907,13,4289
104.050454,30.749935,-1,4290
104.06904,30.535606,-1,4291
104.315782,30.303241,4,4292
104.521421,30.429726,48,4293
104.093992,30.580982,2,4294
104.259658,31.000205,-1,4295
103.860023,30.663545,-1,4296
102.996836,30.336897,-1,4297
104.488297,30.493306,174,4298
103.408779,30.748236,-1,4299
104.044224,30.446861,101,4300
104.479288,30.50568,-1,4301
103.79382,30.418085,-1,4302
104.023897,30.515537,-1,4303
104.169054,30.7103,-1,4304
103.879758,30.507777,-1,4305
104.287704,30.688439,-1,4306
103.676578,30.399225,-1,4307
104.858487,29.741181,83,4308
103.815778,30.465306,-1,4309
103.875008,30.830542,-1,4310
104.312546,30.289534,-1,4311
104.595977,30.716267,-1,4312
104.212875,30.17766,-1,4313
104.215114,30.583014,115,4314
103.9723,30.542335,3,4315
104.244687,30.645486,41,4316
103.660953,30.927169,-1,4317
104.107047,30.490946,223,4318
103.896099,30.666169,144,4319
104.757236,30.628964,-1,4320
103.942738,30.524448,-1,4321
103.893115,30.447469,261,4322
104.326596,30.860345,54,4323
103.691472,30.640809,-1,4324
103.795934,31.238995,-1,4325
103.84863,30.667697,-1,4326
103.96954,30.982144,-1,4327
104.226488,30.525085,94,4328
103.856521,30.786636,258,4329
103.498129,30.546307,-1,4330
103.661845,30.961214,97,4331
104.199043,30.510431,-1,4332
104.07213,30.388007,-1,4333
104.037007,30.147923,181,4334
103.856569,30.784903,258,4335
103.992317,30.438431,-1,4336
103.843815,31.283291,-1,4337
104.093762,30.56973,-1,4338
104.090382,30.74073,171,4339
104.026767,30.481037,203,4340
104.367415,30.434238,-1,4341
103.883201,30.665809,109,4342
103.889133,30.431001,-1,4343
104.112455,30.75285,235,4344
103.761865,30.475081,-1,4345
104.284588,31.059946,-1,4346
104.123146,30.602439,-1,4347
104.118832,30.756788,20,4348
104.217948,30.686558,-1,4349
104.096295,30.541296,145,4350
103.977567,30.688248,28,4351
104.110491,30.421756,-1,4352
103.888957,30.471296,-1,4353
103.907947,30.660732,68,4354
103.648771,30.477161,-1,4355
103.77664,30.422958,-1,4356
104.112081,31.07591,-1,4357
104.006423,30.592326,173,4358
104.235179,30.646836,87,4359
104.052022,30.446425,-1,4360
103.896924,30.66665,144,4361
104.084154,30.455583,279,4362
104.071963,30.454188,-1,4363
103.55469,30.53344,-1,4364
104.085369,30.576658,-1,4365
103.287901,30.164427,-1,4366
104.183346,30.710537,141,4367
104.226221,30.525516,94,4368
103.922833,30.716802,172,4369
104.168659,30.682566,-1,4370
104.492175,30.322276,-1,4371
104.206864,30.649503,-1,4372
104.406414,30.346074,-1,4373
104.328647,30.276911,-1,4374
103.856751,30.442175,-1,4375
103.505762,30.558948,247,4376
103.709654,30.394218,276,4377
104.37819,30.313582,243,4378
104.066473,30.329302,-1,4379
104.495953,30.417899,-1,4380
103.708841,30.488615,-1,4381
104.24494,30.6457,41,4382
103.851646,31.292606,-1,4383
104.255568,30.859391,146,4384
104.097048,30.585849,193,4385
104.149264,30.622447,116,4386
104.052098,30.487256,-1,4387
103.814561,30.633084,56,4388
103.811557,30.772195,-1,4389
104.043275,30.368969,-1,4390
104.169709,30.83172,-1,4391
104.115917,30.584979,25,4392
104.137147,30.711422,-1,4393
104.23559,30.646452,87,4394
104.880227,30.642331,-1,4395
103.505673,30.754659,-1,4396
104.050175,30.378728,-1,4397
103.946697,30.553671,-1,4398
103.9885,30.211884,-1,4399
103.642564,30.941578,206,4400
103.937523,30.614069,114,4401
104.226171,30.644751,-1,4402
104.063641,30.609737,136,4403
104.039037,30.359999,-1,4404
104.189266,30.536931,-1,4405
103.678235,30.950508,-1,4406
104.073728,30.718559,-1,4407
103.958939,30.430629,-1,4408
103.884749,30.388722,131,4409
104.128689,30.636416,-1,4410
104.050454,30.749935,-1,4411
104.268734,30.578734,-1,4412
104.115455,30.378529,168,4413
104.310623,31.127998,-1,4414
104.118176,30.756747,20,4415
104.973305,29.870936,23,4416
103.97386,30.800488,125,4417
104.064683,30.269559,-1,4418
103.7183,30.614052,-1,4419
104.230303,30.594717,-1,4420
104.099338,30.585286,-1,4421
103.990871,30.435546,202,4422
103.746807,30.582803,-1,4423
104.231284,30.500325,-1,4424
103.838273,30.360917,128,4425
104.186267,30.597376,-1,4426
103.942898,30.52433,-1,4427
104.025179,30.51077,-1,4428
103.97794,30.688999,28,4429
103.890941,31.020457,-1,4430
104.138356,30.638162,-1,4431
103.347362,30.344728,-1,4432
103.85877,31.066011,263,4433
103.921134,30.702981,90,4434
104.322855,31.039684,-1,4435
104.367416,31.126648,-1,4436
103.741477,30.69435,-1,4437
104.189181,30.515839,-1,4438
103.908894,30.54321,147,4439
104.076438,30.788287,-1,4440
103.796946,30.646712,158,4441
104.047224,30.59907,-1,4442
103.973401,30.579685,-1,4443
103.888358,30.556149,81,4444
103.937042,30.61322,114,4445
104.112086,30.75285,235,4446
103.922856,30.716662,172,4447
104.254791,30.642412,-1,4448
104.38714,30.30172,-1,4449
103.857415,30.450874,-1,4450
104.49887,30.474541,-1,4451
104.372029,30.864475,209,4452
104.003139,30.515104,-1,4453
104.051073,30.47682,75,4454
104.132881,30.39822,-1,4455
104.245902,30.710883,-1,4456
104.078583,30.367919,-1,4457
104.118847,30.757056,20,4458
103.859656,30.663378,-1,4459
104.202538,30.554037,-1,4460
103.921862,30.288083,-1,4461
104.115129,30.417539,208,4462
104.118271,30.757034,20,4463
104.131285,30.399474,-1,4464
103.939936,30.999866,221,4465
103.777426,30.632521,-1,4466
103.696014,30.653335,-1,4467
104.097895,30.584662,193,4468
103.999227,30.911643,-1,4469
103.891428,30.409423,-1,4470
104.168782,30.741472,88,4471
104.326427,30.860028,54,4472
103.81059,30.631968,185,4473
103.994015,30.50458,-1,4474
104.09068,30.518271,-1,4475
103.934414,30.714846,-1,4476
103.951772,31.013156,-1,4477
104.23984,30.635054,-1,4478
104.054094,30.597973,-1,4479
104.535265,30.403128,-1,4480
103.976345,30.545079,-1,4481
104.440772,30.980018,-1,4482
104.021462,29.123319,-1,4483
104.078176,30.684119,-1,4484
103.923479,30.716752,172,4485
104.058857,30.673787,-1,4486
104.492167,30.842698,-1,4487
104.245136,29.946558,-1,4488
104.018559,30.863666,-1,4489
103.813691,31.655578,-1,4490
104.008697,30.590745,95,4491
104.179085,30.783399,260,4492
104.265842,30.619069,-1,4493
102.207343,29.950858,-1,4494
104.097196,30.585106,193,4495
104.164455,30.743972,-1,4496
104.017793,30.768695,-1,4497
103.626363,30.87292,-1,4498
103.849702,30.812761,-1,4499
103.901497,30.834559,35,4500
103.499652,30.569308,165,4501
104.18311,30.717389,267,4502
104.115647,30.580377,-1,4503
103.878494,30.198226,175,4504
103.908927,30.543155,147,4505
104.115602,30.583169,25,4506
103.714471,30.409125,-1,4507
104.17547,30.715299,61,4508
103.967497,30.648421,70,4509
104.660349,31.131077,-1,4510
103.851272,31.292219,-1,4511
104.074977,30.792347,-1,4512
104.075305,30.551203,-1,4513
104.403799,30.345034,-1,4514
103.856996,30.449602,-1,4515
103.857361,31.076909,-1,4516
104.168831,30.389316,-1,4517
104.008697,30.590745,95,4518
104.479632,30.504866,-1,4519
104.017267,30.845714,-1,4520
103.796951,30.643957,180,4521
103.861744,30.445738,237,4522
104.023448,30.593103,-1,4523
104.196279,30.52772,-1,4524
104.092153,30.524405,123,4525
103.978233,30.598802,-1,4526
103.989668,30.725936,-1,4527
104.078067,30.36159,-1,4528
104.16244,30.557061,-1,4529
104.213554,30.610345,-1,4530
103.973551,30.663408,50,4531
104.198679,30.582059,44,4532
104.177691,29.978419,-1,4533
104.163008,30.699553,-1,4534
104.120478,30.785719,-1,4535
104.374213,30.442149,-1,4536
104.21496,30.583396,115,4537
104.576809,30.730053,-1,4538
103.916839,30.411285,-1,4539
103.997496,30.641751,-1,4540
104.025872,30.523861,-1,4541
103.884851,30.783095,-1,4542
104.225443,30.626691,-1,4543
104.433092,30.333281,-1,4544
103.471877,30.38808,-1,4545
104.082121,30.582217,-1,4546
103.739077,30.358323,-1,4547
103.565964,30.229784,-1,4548
103.939679,30.422479,-1,4549
103.631535,30.930864,-1,4550
103.917298,30.683946,124,4551
104.04651,30.427231,126,4552
104.226338,30.791642,38,4553
104.118655,30.757088,20,4554
103.885939,30.165283,-1,4555
103.711109,30.320205,-1,4556
104.642909,30.676317,-1,4557
103.892879,30.513885,179,4558
103.888759,30.556896,81,4559
104.332268,30.355695,-1,4560
104.130904,30.684557,-1,4561
103.699944,30.931859,-1,4562
104.750998,30.629264,-1,4563
103.532178,31.404451,135,4564
104.020413,29.139488,6,4565
103.505598,30.559109,247,4566
103.890312,30.479072,-1,4567
104.537084,30.705146,-1,4568
103.95992,30.822586,-1,4569
104.011164,30.515876,-1,4570
104.073019,30.730895,-1,4571
103.914256,30.630548,156,4572
103.918213,30.415332,-1,4573
104.312604,30.289487,-1,4574
104.172867,30.483954,29,4575
104.348742,31.050149,-1,4576
103.89516,30.406718,-1,4577
103.880026,30.404282,30,4578
103.662992,30.970547,24,4579
104.113637,30.578992,178,4580
104.224997,30.793883,11,4581
103.536706,30.569835,-1,4582
104.443033,30.598148,-1,4583
103.976896,30.653134,102,4584
103.70905,30.902156,-1,4585
104.101399,30.534237,-1,4586
104.548086,30.691357,-1,4587
104.221855,30.849834,-1,4588
104.040878,30.593429,199,4589
103.866901,30.311913,-1,4590
104.148957,30.622221,116,4591
104.221181,30.638631,10,4592
103.553049,30.221272,45,4593
104.036021,30.353405,-1,4594
103.952364,30.795832,-1,4595
104.050796,30.475974,75,4596
103.628381,30.72731,-1,4597
104.173883,30.798388,-1,4598
103.92109,30.670225,-1,4599
104.087125,30.80292,-1,4600
103.859927,30.301772,-1,4601
104.05271,30.539503,-1,4602
103.749579,30.530399,196,4603
104.057973,30.380819,-1,4604
103.908229,30.795569,-1,4605
104.218222,30.647847,-1,4606
104.390944,30.284457,62,4607
104.537109,30.365871,201,4608
103.822907,30.610268,-1,4609
103.909444,30.54391,147,4610
104.011359,30.741895,-1,4611
103.989307,30.596538,213,4612
104.339468,30.46028,-1,4613
104.008407,30.231294,-1,4614
103.942379,30.523889,-1,4615
103.937459,30.613387,114,4616
103.731364,30.71238,-1,4617
103.908759,30.543369,147,4618
104.099735,30.694757,-1,4619
103.81674,30.569644,-1,4620
103.689637,31.032073,-1,4621
103.951323,30.637255,-1,4622
104.189591,30.537155,-1,4623
103.88137,31.087714,159,4624
104.247222,29.016381,-1,4625
103.916301,30.369231,149,4626
104.299465,31.008681,-1,4627
104.054723,30.778563,-1,4628
104.216946,30.783697,-1,4629
104.479202,30.506252,-1,4630
103.972918,30.924387,-1,4631
103.764563,30.89685,-1,4632
103.701608,30.602581,27,4633
104.139292,30.638756,-1,4634
104.028668,30.551367,269,4635
104.121393,30.505422,-1,4636
104.171334,30.659654,5,4637
103.940704,30.566182,-1,4638
104.00281,31.149001,-1,4639
104.445645,30.981161,-1,4640
103.887082,30.592965,-1,4641
104.106309,30.465974,-1,4642
103.561289,30.74887,217,4643
104.34777,30.993855,-1,4644
103.771091,31.177259,-1,4645
104.500704,30.338873,-1,4646
103.937676,30.614238,114,4647
104.539118,31.859613,151,4648
103.973022,30.403242,-1,4649
104.224753,30.782989,-1,4650
103.655046,30.61253,-1,4651
103.477985,30.612744,-1,4652
103.904776,30.977885,-1,4653
104.468914,30.847698,254,4654
103.78998,30.68842,-1,4655
104.155944,30.495081,-1,4656
104.146274,30.909706,-1,4657
104.032899,30.322189,-1,4658
104.185758,30.71867,74,4659
104.188418,30.69391,-1,4660
103.476457,31.319857,-1,4661
103.968185,30.586334,233,4662
104.019744,30.706097,-1,4663
104.108018,30.544621,-1,4664
104.177785,30.719094,103,4665
103.937044,30.613547,114,4666
104.063563,30.633376,240,4667
103.96553,30.310275,-1,4668
103.921162,30.702852,90,4669
103.908961,30.54321,147,4670
104.072046,30.464058,-1,4671
103.971157,30.650389,118,4672
103.861222,30.803809,176,4673
103.49718,30.547432,-1,4674
103.795243,30.441634,-1,4675
103.944156,30.833537,-1,4676
103.924062,30.860288,-1,4677
104.251393,30.640327,-1,4678
104.00262,30.590186,-1,4679
103.908212,30.660816,68,4680
104.391201,30.285955,-1,4681
104.07397,30.376018,-1,4682
104.143825,30.534004,-1,4683
103.460146,30.746975,236,4684
103.654466,30.926004,111,4685
103.880089,30.404245,30,4686
104.501036,30.435351,-1,4687
104.26749,30.855943,-1,4688
103.952083,30.427969,14,4689
103.999948,30.483548,-1,4690
104.469545,30.847998,254,4691
104.092453,30.524616,123,4692
104.392275,30.299093,139,4693
103.909021,30.883315,-1,4694
104.324369,30.936466,-1,4695
103.663312,30.959992,-1,4696
104.203599,30.726043,33,4697
103.073333,30.513665,-1,4698
104.008521,30.452515,-1,4699
103.648773,30.9323,-1,4700
104.050828,30.478319,-1,4701
104.42879,31.14971,219,4702
104.655392,30.34174,-1,4703
104.319361,30.860881,57,4704
103.872438,30.581224,-1,4705
103.668388,31.015234,-1,4706
103.940649,30.614045,197,4707
104.581469,30.113092,-1,4708
104.390394,30.635556,-1,4709
104.138304,30.611116,132,4710
103.972546,30.622837,-1,4711
104.081662,30.496344,-1,4712
103.720696,30.8232,-1,4713
104.221873,30.638346,10,4714
103.879774,30.40443,30,4715
104.056175,30.847828,164,4716
104.130786,30.684498,-1,4717
104.23459,30.645971,87,4718
104.562308,30.389669,-1,4719
103.571732,31.045398,-1,4720
103.967286,30.585696,233,4721
103.939936,30.999866,221,4722
103.976289,30.481186,-1,4723
104.966266,30.482562,-1,4724
103.916958,30.386516,-1,4725
104.427512,31.008584,-1,4726
103.696234,29.227717,-1,4727
103.994229,30.648706,-1,4728
103.996202,30.426052,-1,4729
104.236685,30.64657,87,4730
103.877798,30.785768,-1,4731
103.878666,30.19789,175,4732
103.885842,30.583527,-1,4733
104.144008,30.534055,-1,4734
104.048281,30.541251,64,4735
104.556107,30.099092,-1,4736
104.176134,30.715311,61,4737
103.965995,30.615071,-1,4738
104.202318,30.726164,33,4739
104.046799,30.426729,126,4740
103.960508,30.646739,-1,4741
103.53085,30.210889,-1,4742
103.74076,30.395646,-1,4743
104.120818,30.785571,-1,4744
103.859656,30.663378,-1,4745
104.462587,30.346565,-1,4746
104.498884,30.49074,-1,4747
104.134714,30.805971,85,4748
103.77664,30.422958,-1,4749
104.028865,30.551369,269,4750
104.242772,30.64565,41,4751
104.163525,30.663936,-1,4752
104.327076,30.306097,248,4753
104.224499,30.804638,-1,4754
103.801978,30.455501,112,4755
103.877193,30.168931,-1,4756
104.048999,30.540357,64,4757
103.756268,30.721018,-1,4758
103.872712,30.774138,-1,4759
104.596004,30.870237,-1,4760
104.233426,30.883336,-1,4761
103.952381,30.428056,14,4762
103.662087,30.900044,-1,4763
103.974805,30.497454,-1,4764
104.191616,30.790356,224,4765
104.060222,30.36868,-1,4766
104.005155,30.85029,-1,4767
103.932981,30.472952,-1,4768
104.134608,30.402745,-1,4769
103.973547,30.66181,-1,4770
104.008783,30.59067,95,4771
104.107882,30.921239,-1,4772
103.933075,30.796634,-1,4773
103.825052,30.581364,-1,4774
103.745336,30.710208,-1,4775
104.525006,30.669856,-1,4776
103.937427,30.618905,18,4777
104.10548,30.69841,-1,4778
104.106168,30.513049,245,4779
104.440971,30.487683,-1,4780
102.202248,29.683759,-1,4781
104.333954,30.644436,216,4782
104.050605,30.541587,64,4783
104.243302,30.645867,41,4784
103.792377,29.723149,-1,4785
103.729897,30.664241,-1,4786
103.497427,30.567352,-1,4787
104.203203,30.726013,33,4788
104.361289,30.435146,-1,4789
104.152746,30.781679,184,4790
104.11259,30.752597,235,4791
103.468646,30.43439,-1,4792
103.881276,31.087781,159,4793
103.767895,31.21052,-1,4794
104.036354,30.296862,167,4795
104.225634,30.790914,38,4796
103.935326,30.905521,150,4797
103.861349,30.878979,-1,4798
103.953994,30.592068,-1,4799
104.201793,30.678357,-1,4800
103.799392,31.166679,278,4801
104.105625,30.580177,211,4802
104.218289,30.685978,-1,4803
104.224113,30.566216,183,4804
103.959433,30.647473,-1,4805
104.146274,30.909706,-1,4806
104.102018,30.49802,107,4807
104.883994,30.273653,-1,4808
104.223626,30.804862,-1,4809
103.746444,30.528704,-1,4810
103.61391,30.242438,-1,4811
104.467991,31.060908,-1,4812
103.86119,30.445509,237,4813
103.646943,30.296223,-1,4814
103.91268,30.825161,120,4815
104.215493,30.821244,186,4816
104.468734,30.848391,254,4817
103.655901,30.334358,-1,4818
104.138213,30.6109,132,4819
104.106778,30.740632,122,4820
104.19859,30.582145,44,4821
104.311612,30.299176,108,4822
104.472844,30.598248,-1,4823
103.127551,30.062321,-1,4824
104.040809,30.792409,-1,4825
104.018233,30.579433,-1,4826
103.939808,30.620996,89,4827
103.948844,30.554025,-1,4828
104.069676,30.768354,119,4829
104.203342,30.72604,33,4830
104.056479,30.428245,-1,4831
103.795753,30.404834,-1,4832
104.477716,30.489216,-1,4833
104.533957,30.365318,-1,4834
104.117983,30.756932,20,4835
104.217483,30.686495,-1,4836
104.369286,30.494088,-1,4837
103.856517,30.786569,258,4838
103.930504,30.824129,-1,4839
103.492584,31.438662,-1,4840
103.327255,30.23144,-1,4841
104.052138,30.634057,-1,4842
104.973667,29.871171,23,4843
103.583909,30.376662,-1,4844
104.522771,30.684598,-1,4845
104.39513,30.896028,-1,4846
104.024722,30.450094,-1,4847
104.537525,30.443526,-1,4848
103.897476,31.089765,-1,4849
104.214875,30.583631,115,4850
104.049227,30.726446,-1,4851
104.269091,30.578927,-1,4852
103.908196,30.847212,-1,4853
103.661684,30.961526,97,4854
104.075069,30.360273,-1,4855
104.242499,30.649973,66,4856
104.32942,30.345122,-1,4857
104.00872,30.885707,-1,4858
103.995193,30.478332,-1,4859
103.993021,30.488956,-1,4860
104.006044,30.620427,-1,4861
104.465499,30.866651,-1,4862
104.174962,30.715439,61,4863
102.764102,29.734691,-1,4864
104.046591,30.427191,126,4865
104.324021,30.343512,-1,4866
103.861577,30.796699,-1,4867
104.037665,30.360629,-1,4868
104.064852,30.632714,-1,4869
103.899888,31.007596,-1,4870
104.462386,31.234167,-1,4871
103.923752,30.716858,172,4872
103.927134,30.71277,-1,4873
104.118326,30.757066,20,4874
103.788245,30.576795,-1,4875
103.81319,30.631242,-1,4876
104.391746,30.300041,139,4877
103.867374,30.535218,238,4878
104.219163,31.565248,-1,4879
104.320788,30.327704,-1,4880
103.714069,30.527285,1,4881
104.168922,30.741053,88,4882
104.237918,30.65295,13,4883
104.024543,30.450045,-1,4884
104.327076,30.306097,248,4885
103.807504,29.677765,-1,4886
104.203802,30.725976,33,4887
104.103547,30.76729,-1,4888
103.929181,30.699289,117,4889
104.174962,30.715439,61,4890
104.10642,30.583237,-1,4891
103.981519,30.785016,43,4892
103.936425,30.614202,114,4893
104.315782,30.303241,4,4894
104.088345,30.454996,-1,4895
103.956879,30.647931,-1,4896
104.030886,30.248891,-1,4897
104.412586,30.332131,-1,4898
104.106842,30.587134,143,4899
104.141118,30.662587,-1,4900
104.112229,30.579809,178,4901
103.805004,30.431222,-1,4902
103.936521,30.61377,114,4903
104.595652,30.716893,-1,4904
104.011306,30.66403,-1,4905
104.857993,29.741175,83,4906
103.55306,30.220808,45,4907
103.886344,30.666078,-1,4908
104.078097,30.362192,-1,4909
103.89713,30.83657,9,4910
104.022957,30.450127,-1,4911
104.249894,30.663623,-1,4912
104.758537,30.373873,-1,4913
103.914178,30.6755,191,4914
104.203233,30.725929,33,4915
103.905365,30.810498,200,4916
103.920901,30.702803,90,4917
103.937459,30.613355,114,4918
102.697768,29.974679,-1,4919
104.146914,30.833986,-1,4920
104.01252,30.843257,-1,4921
103.642536,30.941984,206,4922
104.512784,30.350986,-1,4923
104.008783,30.59067,95,4924
103.880101,30.623779,-1,4925
104.331342,30.644552,-1,4926
103.486259,30.708515,-1,4927
103.81703,30.633817,56,4928
104.007882,31.20509,-1,4929
104.102293,30.511663,-1,4930
104.24273,30.650872,66,4931
103.727852,30.559032,-1,4932
103.952467,30.795402,-1,4933
104.154012,30.615808,-1,4934
104.103752,30.512199,77,4935
104.077979,30.379251,-1,4936
103.874946,30.830815,-1,4937
103.096762,30.064404,-1,4938
104.44591,30.856205,-1,4939
104.482377,30.49167,-1,4940
104.068286,30.183576,-1,4941
103.696811,29.226949,-1,4942
104.161236,30.690358,-1,4943
103.965334,30.430256,-1,4944
104.080626,30.817033,-1,4945
104.248914,30.772313,67,4946
104.235326,30.646702,87,4947
104.177718,30.71899,103,4948
104.044224,30.445012,101,4949
104.192993,30.540593,-1,4950
103.891666,30.409888,-1,4951
104.373047,31.04794,-1,4952
103.994356,30.612058,-1,4953
103.660702,30.973032,-1,4954
103.745762,30.582588,-1,4955
103.499175,30.569434,165,4956
104.521963,30.417403,-1,4957
103.523392,30.207163,-1,4958
104.238028,30.652975,13,4959
104.008168,30.659801,-1,4960
103.981564,30.785066,43,4961
104.339828,31.126202,-1,4962
104.393305,30.283629,62,4963
103.713034,30.806056,-1,4964
103.963605,31.020238,-1,4965
104.513114,30.351563,-1,4966
103.986809,30.484763,-1,4967
104.351553,30.842503,-1,4968
103.536978,30.771217,-1,4969
103.932276,30.609279,-1,4970
104.253704,30.858156,146,4971
103.720895,31.102301,-1,4972
103.840245,30.359533,79,4973
103.600925,31.0646,157,4974
104.278255,30.727595,-1,4975
103.938501,30.813901,-1,4976
103.988465,30.628004,142,4977
104.537338,30.365999,201,4978
103.721795,30.60379,-1,4979
104.401324,30.997557,-1,4980
104.098336,30.885056,-1,4981
103.853323,31.292488,-1,4982
103.971731,30.569817,-1,4983
104.245927,30.707628,-1,4984
104.306744,30.844816,265,4985
104.857993,29.741175,83,4986
103.937283,30.813815,-1,4987
103.888401,30.556111,81,4988
103.959902,30.165629,-1,4989
104.149683,30.622563,116,4990
103.774562,31.179468,-1,4991
103.93978,30.328132,-1,4992
104.073288,30.69629,72,4993
103.865035,30.407865,-1,4994
104.581469,30.113092,-1,4995
104.051641,30.727091,-1,4996
104.008752,30.590739,95,4997
104.10926,30.448635,-1,4998
103.807584,29.677783,-1,4999
104.292829,30.391383,-1,5000
104.284588,31.059946,-1,5001
104.234696,30.646198,87,5002
103.577633,30.851269,-1,5003
104.202271,30.727627,-1,5004
104.25793,30.855953,-1,5005
103.9599,30.517176,58,5006
103.96769,30.648556,70,5007
104.140892,30.817224,-1,5008
104.026477,31.293731,-1,5009
103.661097,30.961105,97,5010
103.881735,30.367128,-1,5011
104.239741,30.652186,-1,5012
103.677881,30.899647,-1,5013
104.18823,30.793314,-1,5014
104.579962,30.778125,-1,5015
104.323855,30.645082,17,5016
104.603305,30.869264,-1,5017
103.888353,30.556196,81,5018
103.937676,30.614238,114,5019
103.602367,30.828307,-1,5020
104.488342,30.427055,-1,5021
104.185502,30.716804,-1,5022
104.081617,30.510851,-1,5023
104.353402,30.844251,-1,5024
103.937289,30.925217,-1,5025
103.959825,30.517395,58,5026
103.903221,30.631929,-1,5027
104.099981,30.467004,155,5028
104.040775,30.593224,199,5029
103.977738,30.688095,28,5030
103.741556,30.338726,-1,5031
104.130459,30.671282,59,5032
104.161372,30.890908,-1,5033
104.296674,30.99442,220,5034
104.155353,30.99662,-1,5035
104.121041,30.502438,-1,5036
103.823538,30.611559,-1,5037
104.664682,31.125882,-1,5038
103.697195,30.407417,270,5039
103.90245,30.658519,148,5040
104.323624,30.645108,17,5041
103.954928,30.544244,-1,5042
104.038806,30.533199,-1,5043
103.935315,30.908249,-1,5044
104.18827,30.539992,-1,5045
103.924533,30.949984,-1,5046
104.13783,30.672242,-1,5047
103.935325,30.905482,150,5048
103.601069,31.064838,157,5049
103.70159,30.602361,27,5050
104.002572,30.748689,-1,5051
104.297952,30.394755,-1,5052
103.892332,30.600653,-1,5053
103.471079,30.388984,-1,5054
104.229494,30.707763,-1,5055
103.953947,30.654745,-1,5056
103.912426,30.630949,156,5057
104.099629,30.467036,155,5058
103.965273,30.615898,-1,5059
104.323621,30.644933,17,5060
104.378349,30.282963,-1,5061
103.814561,30.633084,56,5062
103.802469,30.185283,-1,5063
104.340302,30.459897,-1,5064
103.906011,30.62839,-1,5065
104.473824,30.486291,218,5066
103.935869,30.905425,150,5067
103.347098,30.344921,-1,5068
103.463281,30.749129,-1,5069
104.050024,30.749921,-1,5070
103.642496,30.941095,206,5071
104.161446,30.599613,264,5072
104.36464,30.996556,-1,5073
103.679295,31.03029,7,5074
104.595443,30.71745,-1,5075
104.316655,30.951447,-1,5076
103.600813,31.066111,-1,5077
103.935604,30.9055,150,5078
103.891268,30.683579,-1,5079
102.837029,29.775751,-1,5080
103.623133,30.786431,-1,5081
104.04162,30.529674,-1,5082
104.13626,30.376876,-1,5083
104.175113,30.719068,-1,5084
103.63378,30.952053,-1,5085
104.242563,30.650465,66,5086
104.036446,30.795179,-1,5087
103.929594,30.97439,-1,5088
104.169992,30.639822,-1,5089
104.104022,30.587565,-1,5090
104.036247,30.297081,167,5091
104.227101,30.523713,-1,5092
104.378983,30.292528,99,5093
104.162785,30.682339,-1,5094
103.636955,30.902911,-1,5095
103.811344,30.632262,185,5096
103.971533,31.074198,-1,5097
103.924221,30.799635,-1,5098
104.007577,30.554248,82,5099
103.989359,30.421142,-1,5100
103.908759,30.543369,147,5101
103.681763,30.29027,-1,5102
104.138545,30.610612,132,5103
103.747583,30.660914,-1,5104
104.169006,30.741231,88,5105
103.846582,30.667347,-1,5106
103.952234,30.936895,-1,5107
103.876259,30.491171,-1,5108
103.037255,29.9083,-1,5109
104.10726,30.609313,-1,5110
104.50043,30.338724,-1,5111
103.899232,30.735173,-1,5112
103.499652,30.569308,165,5113
103.55306,30.220808,45,5114
104.027924,30.551433,269,5115
103.945043,30.635571,-1,5116
104.020347,29.1393,6,5117
104.112473,30.752874,235,5118
104.087677,30.726569,-1,5119
104.125229,30.769546,96,5120
104.152383,30.611675,-1,5121
104.255135,30.471571,-1,5122
103.72063,30.340553,-1,5123
104.877417,30.28714,-1,5124
104.227181,30.789003,-1,5125
104.069936,30.768755,119,5126
103.549584,30.21125,-1,5127
104.099346,30.524594,-1,5128
104.798074,29.738622,-1,5129
104.239796,30.818857,-1,5130
104.049812,30.568484,-1,5131
104.194134,30.528896,-1,5132
103.522601,31.398524,-1,5133
103.846844,30.438382,-1,5134
103.822229,30.925711,-1,5135
104.174958,30.715372,61,5136
104.512843,30.420333,47,5137
104.144467,30.584244,-1,5138
104.203802,30.725976,33,5139
103.981334,30.785213,43,5140
104.113349,30.495941,-1,5141
104.152267,30.843519,-1,5142
104.04244,30.19926,-1,5143
103.581358,30.384879,-1,5144
103.998128,30.467739,-1,5145
103.82086,30.659657,-1,5146
103.904983,30.677138,-1,5147
104.555795,30.708838,-1,5148
104.152777,30.781763,184,5149
104.320813,30.860482,-1,5150
104.152033,30.613061,-1,5151
103.540477,31.050422,-1,5152
104.119991,30.772663,169,5153
104.072578,30.384687,-1,5154
104.257411,30.530302,-1,5155
104.308154,30.845466,265,5156
104.110088,30.523285,-1,5157
103.483645,31.332439,-1,5158
104.107361,30.511654,-1,5159
104.001349,30.414418,-1,5160
103.884805,30.388504,131,5161
104.371934,30.864213,209,5162
103.964479,30.637047,0,5163
104.502686,30.474303,-1,5164
103.893095,30.447374,261,5165
104.523023,30.430215,48,5166
104.196499,30.544145,-1,5167
103.897325,30.836286,9,5168
104.394437,30.350134,69,5169
103.726169,30.781822,-1,5170
103.903719,30.63451,-1,5171
104.151501,30.776722,259,5172
104.227684,30.527442,-1,5173
103.8619,30.592403,-1,5174
104.452706,30.491897,-1,5175
104.063793,30.665616,-1,5176
104.54508,29.502102,-1,5177
103.560598,30.749009,217,5178
103.718558,30.614402,-1,5179
104.31676,30.276043,-1,5180
103.847856,30.430724,-1,5181
104.223898,30.67454,-1,5182
104.208063,30.522123,-1,5183
104.334846,30.643592,-1,5184
104.294512,30.393387,-1,5185
103.883484,30.339682,-1,5186
103.489915,30.184693,262,5187
103.468357,30.430662,-1,5188
104.028586,30.337786,-1,5189
104.17916,31.018782,-1,5190
103.461899,30.750007,-1,5191
104.209952,30.747762,-1,5192
103.601085,31.064808,157,5193
104.093434,30.581358,2,5194
103.16996,31.437498,-1,5195
104.100647,30.52087,-1,5196
103.901711,30.834495,35,5197
103.695953,30.396126,-1,5198
104.14418,30.616761,-1,5199
104.104026,30.530913,154,5200
104.248185,30.920758,-1,5201
104.061058,30.390718,273,5202
103.986588,30.332977,271,5203
103.817865,30.634404,56,5204
103.913318,30.63096,156,5205
103.499295,30.569425,165,5206
103.49892,30.383001,-1,5207
104.234595,30.730084,-1,5208
103.990924,30.436514,202,5209
103.457273,30.430583,-1,5210
104.246015,30.706893,-1,5211
104.086066,30.248014,-1,5212
104.052648,30.540453,-1,5213
104.223938,30.566619,183,5214
103.676838,30.906326,-1,5215
103.936626,30.613302,114,5216
104.344014,30.434822,-1,5217
103.533527,30.736295,-1,5218
104.527352,30.644995,-1,5219
104.393241,30.301394,-1,5220
103.76818,30.577795,-1,5221
103.859134,30.82752,53,5222
104.187901,30.862573,-1,5223
103.460523,30.464077,-1,5224
104.069687,30.690691,162,5225
103.977738,30.641237,-1,5226
103.892922,31.019962,-1,5227
103.654832,30.664467,-1,5228
104.462218,30.349846,-1,5229
103.920933,30.702908,90,5230
103.710221,29.19303,-1,5231
103.531197,31.404822,135,5232
104.188096,30.514618,189,5233
104.499913,30.475082,-1,5234
103.940233,30.614208,197,5235
103.912154,30.631115,156,5236
104.175392,30.664413,272,5237
103.921193,30.670252,-1,5238
104.530602,30.662557,-1,5239
103.601125,31.064604,157,5240
103.859108,31.066681,263,5241
103.83406,30.646618,-1,5242
103.528577,30.78271,-1,5243
104.391417,30.286056,-1,5244
103.934137,30.726526,-1,5245
104.513565,30.51292,-1,5246
103.937397,30.613342,114,5247
104.02194,30.651789,-1,5248
103.523376,30.207261,-1,5249
104.054446,30.446917,-1,5250
103.802016,30.455529,112,5251
103.474656,30.431633,40,5252
104.489033,30.461762,39,5253
103.477193,30.422304,-1,5254
103.880848,30.218854,-1,5255
104.234647,30.646131,87,5256
103.752898,30.491071,-1,5257
103.871159,30.701872,134,5258
104.578342,30.358241,-1,5259
104.218821,30.655249,110,5260
103.7087,29.090384,-1,5261
103.855886,30.31543,-1,5262
104.225812,30.790684,38,5263
103.7815,30.441043,-1,5264
103.704256,30.709114,-1,5265
104.094838,30.229762,-1,5266
104.138594,30.610708,132,5267
103.500253,30.510292,-1,5268
104.074225,30.36947,-1,5269
104.480898,30.445147,-1,5270
104.178651,30.78306,260,5271
104.215542,30.649266,19,5272
103.413465,30.761735,-1,5273
104.564892,30.371001,198,5274
104.428774,31.14991,219,5275
104.509194,30.35398,36,5276
104.036579,30.296953,167,5277
104.244933,30.648865,-1,5278
103.985949,30.216332,-1,5279
104.51611,30.390915,-1,5280
104.088695,30.548488,-1,5281
103.46903,30.437081,-1,5282
103.942898,30.52433,-1,5283
103.921713,30.686772,-1,5284
103.887906,30.556296,81,5285
103.695299,30.61834,-1,5286
104.02111,29.139665,6,5287
104.204383,30.61063,-1,5288
103.680965,31.033691,-1,5289
103.894367,30.359576,-1,5290
103.617652,30.922114,-1,5291
103.89304,30.513879,179,5292
104.214754,30.804469,-1,5293
104.11749,30.537728,-1,5294
103.861935,30.711042,-1,5295
103.888353,30.55608,81,5296
104.094692,30.462925,268,5297
104.018805,30.770846,-1,5298
104.187727,30.772576,-1,5299
103.877572,30.637702,-1,5300
104.870293,29.226523,-1,5301
104.194504,30.587297,-1,5302
103.970763,30.650054,118,5303
104.004459,30.484349,-1,5304
104.082702,30.577604,-1,5305
103.674813,30.645194,277,5306
102.436769,29.136551,-1,5307
103.852337,31.120515,-1,5308
104.536717,30.705165,-1,5309
103.981613,30.785347,43,5310
103.770707,30.398643,-1,5311
104.189622,30.515998,-1,5312
103.964765,30.378903,-1,5313
103.974599,30.428928,-1,5314
104.115191,30.378479,168,5315
103.798473,30.874347,-1,5316
104.191043,30.53167,-1,5317
104.254863,30.579676,-1,5318
103.860553,30.764916,-1,5319
104.49856,30.474135,-1,5320
103.852032,30.576582,-1,5321
103.639983,30.467642,-1,5322
103.973948,30.800454,125,5323
103.671363,30.332803,-1,5324
104.002508,30.485428,-1,5325
104.084112,30.682059,-1,5326
103.782452,30.64524,-1,5327
103.883644,30.666061,109,5328
104.045192,30.761377,-1,5329
104.244453,30.645361,41,5330
104.229357,30.708232,-1,5331
104.466113,30.343919,-1,5332
104.605278,30.867929,-1,5333
103.792299,30.687368,-1,5334
103.516405,30.215031,-1,5335
103.513635,30.75157,-1,5336
103.97781,30.688242,28,5337
104.172874,30.639858,-1,5338
103.497715,30.567338,-1,5339
104.115614,30.592278,-1,5340
103.74017,30.531357,-1,5341
104.175771,30.524392,-1,5342
102.870001,29.662813,-1,5343
104.106761,30.49157,223,5344
104.051124,30.435928,-1,5345
104.037449,30.350983,-1,5346
103.908488,30.602176,-1,5347
104.12141,30.539784,-1,5348
104.10737,30.563133,-1,5349
103.348854,30.366167,-1,5350
104.438577,30.355866,73,5351
104.593131,30.392707,-1,5352
104.5565,30.759396,-1,5353
102.702921,29.97221,-1,5354
104.525052,30.64664,-1,5355
103.985821,30.61527,-1,5356
104.097035,30.58613,193,5357
103.859182,30.827586,53,5358
103.808444,30.67267,-1,5359
104.046402,30.54508,-1,5360
103.879677,30.490682,-1,5361
103.962992,30.662896,-1,5362
104.318671,30.861341,57,5363
104.173387,30.483342,29,5364
104.049989,30.655991,-1,5365
103.923378,30.716638,172,5366
103.892955,30.447295,261,5367
104.429129,30.356584,-1,5368
104.003279,30.727227,-1,5369
103.645398,30.955589,-1,5370
104.155118,30.521497,-1,5371
104.115042,30.41706,208,5372
104.243701,29.945799,-1,5373
104.094931,30.462919,268,5374
104.022177,30.52284,-1,5375
104.244093,30.645619,41,5376
103.79069,30.667152,-1,5377
104.318478,30.861246,57,5378
104.109871,30.504991,225,5379
103.678474,31.029565,7,5380
103.810232,30.740521,-1,5381
103.91254,30.824758,120,5382
104.202714,30.726085,33,5383
103.694843,30.618476,-1,5384
104.124271,30.682481,-1,5385
103.581419,30.384999,-1,5386
104.144152,30.533905,-1,5387
103.922969,30.717172,172,5388
103.625384,30.931718,-1,5389
104.235498,30.646582,87,5390
103.459673,30.746586,236,5391
103.788039,30.669856,-1,5392
104.079075,30.755471,-1,5393
103.634184,30.952156,-1,5394
104.170993,30.61528,78,5395
104.001689,30.705578,-1,5396
104.396882,30.31098,-1,5397
104.277323,31.141877,-1,5398
103.902681,30.826449,-1,5399
103.49403,29.976015,-1,5400
104.218433,30.78343,-1,5401
103.866269,30.347034,-1,5402
104.060638,30.424705,-1,5403
104.578703,30.343696,-1,5404
103.68759,30.617093,-1,5405
104.14476,30.373995,-1,5406
104.372084,30.864427,209,5407
104.04776,30.216539,-1,5408
104.034008,30.465316,-1,5409
104.761703,30.615723,255,5410
104.01919,30.488413,-1,5411
103.973812,30.429474,-1,5412
104.600513,30.492364,-1,5413
104.120961,30.502488,-1,5414
103.872573,30.491052,-1,5415
104.522163,30.429805,48,5416
104.55105,30.71748,-1,5417
103.937858,30.614176,114,5418
104.011197,30.517407,-1,5419
103.879913,30.404395,30,5420
103.674256,29.779616,-1,5421
104.146212,30.885897,-1,5422
103.977033,30.516056,-1,5423
104.117441,30.537691,-1,5424
104.020619,30.524547,-1,5425
103.796754,30.646654,158,5426
104.323234,30.645101,17,5427
103.797343,30.643747,180,5428
103.510607,30.255549,-1,5429
104.601496,30.876048,-1,5430
104.169555,30.741393,88,5431
104.023357,30.52217,-1,5432
104.237365,30.653168,13,5433
104.242452,31.003541,-1,5434
104.056287,30.763248,-1,5435
103.977761,30.688701,28,5436
103.908998,30.717549,-1,5437
104.04747,30.426481,126,5438
104.046423,30.427546,126,5439
103.966469,30.626033,-1,5440
103.976093,30.456137,-1,5441
103.830609,31.272811,-1,5442
104.390522,30.284999,-1,5443
104.218675,30.586392,-1,5444
104.11432,30.537828,-1,5445
103.733605,30.963771,-1,5446
103.952864,31.016888,-1,5447
104.680588,30.051098,-1,5448
104.122565,30.596718,-1,5449
104.580128,30.368179,-1,5450
104.038959,30.657738,-1,5451
104.37186,30.86429,209,5452
104.151805,30.542778,-1,5453
104.571283,30.714202,-1,5454
104.364796,30.969327,-1,5455
104.539775,30.721982,-1,5456
104.287131,30.677891,-1,5457
103.901238,30.676567,-1,5458
103.819523,30.665514,-1,5459
104.569477,30.371839,246,5460
104.882043,30.64103,-1,5461
104.151256,30.775746,259,5462
103.653111,30.920248,215,5463
104.048813,30.448673,-1,5464
103.896507,30.666103,144,5465
104.17446,30.728496,-1,5466
103.55993,30.548919,153,5467
104.168991,30.53196,-1,5468
104.083618,30.7199,-1,5469
103.526846,30.203685,-1,5470
104.093178,30.581175,2,5471
103.857241,30.811716,-1,5472
104.051508,30.388174,-1,5473
104.99104,29.54284,-1,5474
104.553698,30.352907,121,5475
104.203419,30.726006,33,5476
104.028616,30.520704,-1,5477
103.870456,30.702275,134,5478
104.205855,30.558191,-1,5479
104.267916,30.650822,-1,5480
104.213787,30.651691,177,5481
103.633014,30.955506,-1,5482
104.204089,30.740366,113,5483
104.595949,30.716393,-1,5484
104.177405,30.718654,103,5485
104.135948,30.774096,-1,5486
103.824592,31.021591,-1,5487
104.171393,30.718588,-1,5488
103.838046,30.360969,128,5489
103.937058,30.61342,114,5490
104.068707,30.692431,162,5491
104.118303,30.756986,20,5492
103.802156,30.74497,-1,5493
104.04416,30.444427,101,5494
103.754237,30.555023,-1,5495
103.882962,30.665993,109,5496
103.923138,30.716781,172,5497
104.242499,30.649973,66,5498
104.04443,30.570963,-1,5499
103.973566,30.3184,-1,5500
103.411116,30.764939,-1,5501
104.13039,30.671243,59,5502
104.522429,30.662867,-1,5503
104.072636,30.326142,-1,5504
104.03656,30.296959,167,5505
104.370309,30.289044,-1,5506
104.142952,30.82842,-1,5507
104.45752,30.487416,-1,5508
104.179872,30.619267,-1,5509
104.400396,30.996638,-1,5510
104.102947,30.768056,-1,5511
103.680677,30.612678,249,5512
104.073728,30.369218,-1,5513
104.005039,30.520289,266,5514
104.200639,30.684474,-1,5515
103.856617,30.784903,258,5516
104.074151,30.694514,-1,5517
104.172713,30.727279,-1,5518
104.087789,30.748561,129,5519
104.046917,30.42828,126,5520
104.159194,30.595582,-1,5521
104.31605,30.943989,-1,5522
103.958399,30.662473,257,5523
104.281066,30.646387,-1,5524
104.393348,30.301452,-1,5525
103.909258,30.998113,-1,5526
104.459178,31.104586,-1,5527
104.087461,30.746681,129,5528
103.896463,30.374795,-1,5529
103.840229,30.359813,79,5530
103.660702,30.973032,-1,5531
103.679415,30.337571,-1,5532
103.920653,30.420809,-1,5533
104.059428,30.368394,-1,5534
103.92943,30.974597,-1,5535
104.288317,30.845038,-1,5536
104.520918,30.429675,48,5537
104.565896,30.371313,198,5538
104.058249,30.470397,-1,5539
104.103317,30.497337,107,5540
104.631101,30.871992,-1,5541
103.92473,30.297794,-1,5542
104.066919,30.633378,-1,5543
103.893054,30.513847,179,5544
103.473935,30.759141,-1,5545
103.880321,30.404329,30,5546
104.06276,30.443659,-1,5547
103.91115,30.237799,-1,5548
104.108321,30.555462,-1,5549
104.071271,30.725087,84,5550
104.048166,30.672498,-1,5551
104.044104,30.445461,101,5552
104.116082,30.96645,-1,5553
104.168919,30.741531,88,5554
104.051282,30.541316,64,5555
103.642246,30.940845,206,5556
104.083013,30.755544,-1,5557
104.092583,30.584224,-1,5558
103.627501,30.970408,-1,5559
103.887057,30.528553,31,5560
104.106916,30.768857,-1,5561
104.118743,30.757167,20,5562
104.326468,30.86001,54,5563
104.119748,30.771686,169,5564
103.666375,30.341269,-1,5565
104.131125,30.961163,-1,5566
103.539771,30.578776,-1,5567
104.105431,30.513067,-1,5568
104.422257,30.474454,-1,5569
104.023506,30.54348,-1,5570
103.6394,30.257338,-1,5571
104.095336,30.51844,-1,5572
104.006516,30.515726,-1,5573
103.964584,30.636911,0,5574
104.203302,30.725992,33,5575
104.256731,30.726102,-1,5576
104.022126,30.501138,-1,5577
103.936213,30.905649,150,5578
103.843015,30.922117,-1,5579
103.966469,30.626033,-1,5580
104.072218,30.730822,-1,5581
104.425071,30.474049,229,5582
104.074755,30.360375,-1,5583
103.712263,30.831772,-1,5584
103.811344,30.632262,185,5585
104.23119,30.79255,-1,5586
103.894343,30.35961,-1,5587
104.308316,30.845169,265,5588
103.709621,30.395314,-1,5589
104.340076,30.459833,-1,5590
104.078791,30.721828,-1,5591
104.522051,30.429756,48,5592
103.964577,30.636954,0,5593
104.201462,30.739493,98,5594
104.060014,30.574866,-1,5595
104.040374,30.600491,-1,5596
103.939936,30.99994,221,5597
104.185966,30.719135,74,5598
104.083282,30.460752,-1,5599
103.976193,30.56122,-1,5600
103.859263,30.827722,53,5601
104.973136,29.870736,23,5602
104.095788,30.541218,145,5603
104.055481,30.442846,-1,5604
104.008061,30.231265,-1,5605
103.79556,30.57504,-1,5606
104.007958,30.718857,-1,5607
103.896508,30.666233,144,5608
103.816707,30.633759,56,5609
104.178914,30.783142,260,5610
104.064984,30.555102,-1,5611
103.504892,30.725333,-1,5612
104.185689,30.7185,74,5613
104.006423,30.592326,173,5614
103.947607,30.678455,37,5615
103.997801,30.757635,15,5616
104.115145,30.417321,208,5617
103.492339,29.97627,-1,5618
103.993015,30.435747,-1,5619
103.715464,30.595995,-1,5620
104.073036,30.695826,72,5621
103.41226,30.751119,-1,5622
103.879246,30.488398,-1,5623
103.874946,30.830815,-1,5624
104.179542,30.456852,-1,5625
103.815522,30.465013,-1,5626
103.694639,30.612738,-1,5627
104.226376,30.792809,38,5628
103.887049,30.528533,31,5629
104.126995,30.600255,-1,5630
104.202648,30.873273,-1,5631
103.967602,30.661985,-1,5632
103.96025,30.438423,-1,5633
104.547919,30.691276,-1,5634
104.125378,30.76962,96,5635
103.958431,30.663022,257,5636
103.495731,31.357887,195,5637
104.091838,30.218149,-1,5638
103.929558,30.589931,-1,5639
104.859335,29.752735,-1,5640
103.347362,30.344728,-1,5641
103.676426,30.791488,-1,5642
103.678025,31.029732,7,5643
103.880089,30.404295,30,5644
103.695431,30.396126,-1,5645
104.102184,30.67324,-1,5646
103.947476,30.677821,37,5647
103.969481,30.982223,-1,5648
103.912666,30.825257,120,5649
104.523216,30.437604,-1,5650
104.175383,30.78782,-1,5651
103.916159,30.369003,149,5652
104.477645,30.489123,-1,5653
104.052578,30.432849,-1,5654
104.198522,30.582057,44,5655
104.11235,30.512812,252,5656
103.726274,30.801171,-1,5657
103.535789,30.750208,-1,5658
104.046395,30.56403,-1,5659
104.114353,30.750231,256,5660
104.16314,30.663334,-1,5661
104.502676,30.474346,-1,5662
103.766081,31.19692,-1,5663
103.276041,29.594068,-1,5664
103.838243,30.360795,128,5665
104.06897,30.692879,162,5666
103.96287,30.657991,-1,5667
103.733082,30.926502,-1,5668
104.092278,30.568929,-1,5669
104.032197,30.509629,-1,5670
104.138545,30.610612,132,5671
104.576737,30.730135,-1,5672
103.851381,30.437473,86,5673
104.102143,30.497983,107,5674
104.076279,30.77359,-1,5675
104.118196,30.756772,20,5676
104.201072,30.733866,-1,5677
103.541196,30.583184,-1,5678
103.79732,31.168015,-1,5679
103.661285,30.961265,97,5680
104.269342,30.729291,-1,5681
103.552818,30.530644,-1,5682
104.277267,31.141877,-1,5683
103.971789,30.428921,-1,5684
104.281881,30.565084,-1,5685
103.533317,30.76529,-1,5686
104.537349,30.724155,-1,5687
104.249553,30.579036,42,5688
103.856837,30.451983,-1,5689
103.856751,30.442175,-1,5690
103.961892,31.087674,-1,5691
104.004954,30.506758,-1,5692
103.474759,30.431231,40,5693
103.971797,30.990724,-1,5694
104.175391,30.66443,272,5695
103.68132,30.893977,-1,5696
104.439343,30.257626,-1,5697
104.327308,30.306645,248,5698
104.244282,30.645511,41,5699
104.336818,30.994143,-1,5700
103.68759,30.617159,-1,5701
104.371934,30.864213,209,5702
103.817245,30.646245,-1,5703
103.678264,31.029716,7,5704
104.115588,30.578952,-1,5705
104.296151,30.993768,220,5706
104.470048,30.346394,-1,5707
104.135383,30.402498,-1,5708
103.721795,30.60379,-1,5709
104.20198,30.749723,-1,5710
104.018074,30.248463,-1,5711
104.074786,30.238693,52,5712
103.952559,30.92664,-1,5713
103.883287,30.665924,109,5714
104.554338,30.400635,-1,5715
103.927825,30.602808,-1,5716
104.120908,30.522257,-1,5717
104.055619,30.763196,-1,5718
103.632898,30.581212,-1,5719
104.537811,30.706763,-1,5720
103.859479,31.06602,263,5721
103.967706,30.648632,70,5722
103.917282,30.684212,124,5723
103.690014,31.045949,-1,5724
103.489755,30.18456,262,5725
104.166492,30.780971,-1,5726
103.933763,30.609653,-1,5727
103.851052,30.437276,86,5728
103.852135,30.568795,-1,5729
103.754009,31.015039,194,5730
104.631728,30.872188,-1,5731
104.134714,30.805971,85,5732
103.919326,30.231627,-1,5733
104.054777,30.779369,-1,5734
103.950872,30.963522,-1,5735
104.118439,30.757128,20,5736
103.797193,30.643843,180,5737
104.175869,30.524396,-1,5738
104.318671,30.861341,57,5739
104.204088,30.740365,113,5740
103.988289,30.512187,-1,5741
103.876981,30.417233,-1,5742
103.912534,30.983844,-1,5743
103.904238,30.977123,-1,5744
104.177578,30.461044,-1,5745
104.192295,30.74094,-1,5746
104.391128,30.284087,62,5747
104.234851,30.647037,87,5748
104.251206,30.526476,-1,5749
104.521421,30.429726,48,5750
103.920935,30.70285,90,5751
104.228763,30.692296,-1,5752
104.372074,30.294454,-1,5753
104.616098,30.15844,-1,5754
103.754201,31.014855,194,5755
104.54508,29.502102,-1,5756
103.986227,30.723755,-1,5757
103.661043,30.960854,97,5758
103.822128,30.647291,-1,5759
104.032899,30.322189,-1,5760
104.605123,30.881055,-1,5761
103.887031,30.528516,31,5762
104.002657,30.590274,-1,5763
104.295674,30.393357,-1,5764
104.05468,30.425316,-1,5765
104.570981,31.03424,-1,5766
104.140555,30.827425,204,5767
104.504523,30.636586,-1,5768
104.185342,30.684477,227,5769
104.08084,30.510756,-1,5770
104.213699,30.745022,-1,5771
104.06202,30.415659,-1,5772
103.998027,30.467409,-1,5773
104.04644,30.452387,-1,5774
103.892615,30.459641,-1,5775
104.14837,30.660257,32,5776
103.886837,30.820501,207,5777
104.20325,30.726102,33,5778
104.036635,30.296755,167,5779
103.600949,31.064782,157,5780
104.186742,30.762356,-1,5781
103.995996,30.643151,-1,5782
103.916818,30.683962,124,5783
104.018783,31.394212,-1,5784
104.362789,30.436166,-1,5785
104.151838,30.63332,-1,5786
104.366096,30.857311,-1,5787
103.874432,30.417202,60,5788
104.366096,30.857311,-1,5789
104.028409,30.450644,-1,5790
104.149077,30.8392,-1,5791
103.979796,31.068267,-1,5792
104.007575,30.554243,82,5793
103.740928,30.395501,-1,5794
104.776873,30.849697,-1,5795
104.020304,30.241175,-1,5796
104.141597,30.376017,-1,5797
104.008824,30.590702,95,5798
104.641771,29.527402,-1,5799
103.977547,30.688528,28,5800
103.782924,30.854913,-1,5801
103.553375,30.220814,45,5802
104.018927,30.448371,-1,5803
103.553153,30.221188,45,5804
104.502487,30.419496,-1,5805
104.314694,30.301364,-1,5806
104.339348,30.460698,-1,5807
104.386925,30.761181,-1,5808
104.291401,30.87711,93,5809
103.87553,30.480915,-1,5810
104.110812,30.537096,-1,5811
104.219956,30.78296,-1,5812
103.938429,30.61639,160,5813
103.861386,30.804104,176,5814
103.464801,30.452597,80,5815
103.991318,30.738772,65,5816
104.006504,30.233346,-1,5817
104.162793,30.647231,-1,5818
104.174962,30.715439,61,5819
104.03796,30.732548,-1,5820
104.47385,30.486308,218,5821
103.865656,30.528544,-1,5822
104.052664,30.465385,-1,5823
104.132624,30.395923,-1,5824
104.082741,30.577765,-1,5825
103.807036,30.96771,-1,5826
103.46135,30.386922,-1,5827
104.556482,30.353742,121,5828
103.963785,30.541345,-1,5829
104.105867,30.580569,211,5830
104.106443,30.755015,-1,5831
104.120251,30.772903,169,5832
104.186767,30.605918,-1,5833
104.245336,30.553414,230,5834
104.422808,30.473985,-1,5835
104.234057,30.985106,-1,5836
104.535093,30.439874,-1,5837
103.797265,30.651387,-1,5838
103.646801,30.934696,-1,5839
104.101248,30.594794,-1,5840
104.072535,30.35896,-1,5841
104.161616,30.413953,-1,5842
103.969234,30.366527,127,5843
103.911875,30.798649,232,5844
104.908375,30.159823,-1,5845
104.04639,30.787386,-1,5846
103.986537,30.332853,271,5847
104.047522,30.428981,126,5848
104.23491,30.646271,87,5849
104.12666,30.68085,-1,5850
103.954512,30.570558,-1,5851
103.972104,30.739771,-1,5852
104.072174,30.392504,-1,5853
104.487643,30.459267,51,5854
103.640256,30.465842,63,5855
104.503514,30.503437,-1,5856
103.974251,30.402812,-1,5857
104.083664,30.719829,-1,5858
104.545461,30.372968,-1,5859
103.654474,30.925926,111,5860
103.837218,30.32113,-1,5861
104.019418,30.863187,-1,5862
103.25936,30.56056,-1,5863
103.890045,30.479149,-1,5864
104.244268,30.645632,41,5865
104.087586,30.747685,129,5866
103.777889,30.403691,-1,5867
104.050793,30.47629,75,5868
103.797734,30.404715,-1,5869
103.83088,30.618205,-1,5870
104.525499,30.650639,-1,5871
104.170347,30.528744,-1,5872
103.960171,30.820085,-1,5873
104.072668,30.370256,-1,5874
103.727316,30.63194,-1,5875
104.115129,30.417271,208,5876
104.116327,30.608893,-1,5877
104.101367,30.497817,107,5878
103.889012,30.431006,-1,5879
103.662527,30.970497,24,5880
103.862301,30.710754,-1,5881
104.236669,30.646737,87,5882
104.243156,30.650268,66,5883
104.107349,30.46246,-1,5884
103.936754,30.61352,114,5885
103.922437,30.637829,-1,5886
104.093354,30.581315,2,5887
104.177206,30.718902,103,5888
104.214771,30.583665,115,5889
103.72474,30.578398,-1,5890
103.955466,30.942407,-1,5891
104.495825,30.417847,-1,5892
104.370244,30.288715,-1,5893
104.000366,30.520409,222,5894
103.914653,30.677264,-1,5895
104.339229,30.667336,-1,5896
104.303911,30.685979,-1,5897
104.167556,30.473981,-1,5898
103.945071,30.709074,-1,5899
104.048519,30.372077,-1,5900
103.939712,30.620931,89,5901
103.83274,30.549541,133,5902
104.105601,30.550511,-1,5903
104.642909,30.676317,-1,5904
104.130549,30.636599,-1,5905
103.935521,30.781471,-1,5906
104.036346,30.29685,167,5907
103.754201,31.014855,194,5908
104.521437,30.434008,-1,5909
104.112451,30.753073,235,5910
103.850645,30.634507,-1,5911
103.929421,30.699592,117,5912
103.678421,31.030015,7,5913
104.224209,30.566314,183,5914
103.591497,30.742156,-1,5915
104.099079,30.758726,-1,5916
104.118524,30.756589,20,5917
104.023441,30.523363,-1,5918
104.320208,30.277797,188,5919
104.285613,30.695824,-1,5920
104.119352,31.058213,-1,5921
104.071435,30.725195,84,5922
103.945421,30.635777,-1,5923
103.4962,30.548615,46,5924
104.023558,30.52509,-1,5925
104.091888,30.798739,-1,5926
104.203483,30.726012,33,5927
103.973441,30.663449,50,5928
103.91463,30.642877,-1,5929
104.616066,30.15794,-1,5930
104.186214,30.553134,-1,5931
104.354553,30.435935,-1,5932
103.608918,30.829228,-1,5933
103.99368,30.764576,163,5934
104.084328,30.681963,-1,5935
104.105974,30.513179,245,5936
103.540884,31.049973,-1,5937
103.908759,30.543403,147,5938
103.936766,30.613196,114,5939
104.493798,30.325401,-1,5940
103.994774,30.761474,-1,5941
103.879774,30.40443,30,5942
103.6259,30.278094,-1,5943
104.057886,30.47646,-1,5944
104.641293,30.942339,-1,5945
104.234624,30.646357,87,5946
103.859376,30.827623,53,5947
104.088727,30.467733,-1,5948
104.543879,30.706797,-1,5949
104.04078,30.665862,-1,5950
104.01998,30.49302,-1,5951
103.790361,29.636099,-1,5952
104.118381,30.757432,20,5953
103.940265,30.614242,197,5954
104.238079,30.653158,13,5955
104.198522,30.582057,44,5956
104.21635,30.802139,-1,5957
104.394383,30.349865,69,5958
104.249136,30.538024,-1,5959
103.496199,30.175074,-1,5960
104.059973,30.432347,-1,5961
103.523751,30.207078,-1,5962
104.39135,30.750828,-1,5963
104.152452,30.725825,-1,5964
104.35221,30.768236,-1,5965
104.058223,30.648603,-1,5966
104.391998,30.283142,62,5967
103.886945,30.528451,31,5968
102.880994,29.642944,-1,5969
103.516852,31.010807,-1,5970
104.973032,29.870652,23,5971
103.947291,30.553937,-1,5972
104.030507,30.8089,-1,5973
103.811544,30.798158,-1,5974
103.942416,30.905927,-1,5975
103.475182,30.759938,-1,5976
104.391417,30.286056,-1,5977
103.920977,30.966582,-1,5978
104.183346,30.710521,141,5979
104.06939,30.685991,-1,5980
104.154719,31.116603,-1,5981
103.781886,30.67554,182,5982
103.477158,30.761323,-1,5983
104.108225,30.546169,-1,5984
103.909856,30.544371,147,5985
103.967441,30.648465,70,5986
103.474688,30.431615,40,5987
102.838474,29.702835,-1,5988
103.889114,30.38405,34,5989
103.97799,30.405455,-1,5990
104.198854,30.510714,-1,5991
104.203499,30.726009,33,5992
104.152796,30.781824,184,5993
104.042567,30.535549,-1,5994
103.723339,30.45107,-1,5995
104.334713,30.643535,-1,5996
104.135614,30.402526,-1,5997
103.608261,30.826423,-1,5998
103.641497,30.931909,-1,5999
103.858226,30.794418,-1,6000
104.00382,30.367334,-1,6001
104.020323,29.138996,6,6002
104.216324,30.648905,19,6003
104.160927,30.416058,-1,6004
103.870225,30.702373,134,6005
104.399522,30.30076,-1,6006
104.106354,30.581012,211,6007
103.660987,30.961054,97,6008
104.037081,30.148077,181,6009
103.797003,30.643495,180,6010
103.72076,30.56286,-1,6011
104.662923,31.088961,-1,6012
104.240936,30.178201,-1,6013
103.961443,30.368568,-1,6014
103.91926,30.809351,-1,6015
104.05109,30.850127,-1,6016
103.911978,30.798452,232,6017
104.522985,30.438082,-1,6018
104.079215,30.818125,-1,6019
104.157805,30.692125,-1,6020
104.326347,30.860126,54,6021
103.812295,30.632026,56,6022
103.889293,30.258567,-1,6023
104.296183,30.993824,220,6024
104.369069,30.714545,-1,6025
104.20066,30.703437,-1,6026
104.569477,30.371873,246,6027
104.392098,30.283956,62,6028
104.393115,30.283756,62,6029
103.922025,30.670424,-1,6030
104.375175,30.951376,-1,6031
103.797786,31.241086,-1,6032
103.96054,30.646629,-1,6033
103.870204,30.702343,134,6034
103.797204,30.643907,180,6035
104.229609,30.688034,-1,6036
104.222109,30.669483,-1,6037
104.198351,30.582023,44,6038
104.052098,30.487256,-1,6039
103.865269,30.347033,-1,6040
104.010086,30.765278,-1,6041
104.326708,31.375733,-1,6042
104.215379,30.582611,115,6043
104.680581,30.05119,-1,6044
103.881189,30.360549,-1,6045
103.879477,30.4888,-1,6046
104.146924,30.635532,-1,6047
104.118381,30.757432,20,6048
104.20285,30.725846,33,6049
104.08149,30.807574,-1,6050
103.802329,30.455544,112,6051
103.588524,30.773275,-1,6052
104.109807,30.508612,-1,6053
102.836816,29.775807,-1,6054
104.020323,29.139028,6,6055
104.486192,31.035141,-1,6056
103.430689,30.751284,-1,6057
103.912666,30.824826,120,6058
103.924453,30.9504,-1,6059
104.080866,30.361564,-1,6060
103.916807,30.677991,-1,6061
103.516986,30.392009,-1,6062
104.065997,30.447711,-1,6063
103.960063,30.165979,-1,6064
103.936167,30.905293,150,6065
104.087843,30.758835,-1,6066
103.885383,31.028255,-1,6067
104.175391,30.66443,272,6068
104.214755,30.583665,115,6069
103.796762,30.650902,-1,6070
104.052098,30.487256,-1,6071
104.377894,30.313515,243,6072
103.600453,31.065989,-1,6073
104.024176,30.593365,-1,6074
103.661306,30.961085,97,6075
103.96625,30.5737,-1,6076
104.069587,30.768735,119,6077
103.863387,30.789434,-1,6078
104.428714,30.735415,-1,6079
104.370166,31.133372,-1,6080
104.085177,30.238394,-1,6081
104.242795,30.650189,66,6082
104.092615,30.524464,123,6083
102.936405,30.254742,-1,6084
104.257816,30.869481,-1,6085
104.391762,30.300307,139,6086
104.130406,30.670512,59,6087
103.855496,30.439687,-1,6088
104.114521,30.750701,256,6089
104.56529,30.371001,198,6090
103.916519,30.524884,-1,6091
104.208416,30.827492,-1,6092
104.762136,30.615175,255,6093
104.515794,30.391481,-1,6094
104.501287,30.483881,-1,6095
104.330917,30.644344,-1,6096
104.037885,30.65946,-1,6097
104.432774,29.864751,-1,6098
103.895085,31.015358,-1,6099
104.053261,30.465796,-1,6100
103.851087,30.437206,86,6101
104.046729,30.589922,-1,6102
103.714375,30.582477,-1,6103
104.533232,30.731324,-1,6104
102.996836,30.336897,-1,6105
104.051161,30.476786,75,6106
104.259858,30.869104,-1,6107
104.119042,30.756961,20,6108
103.678032,31.029826,7,6109
103.774881,30.411743,-1,6110
104.096312,30.541114,145,6111
104.018601,30.87293,-1,6112
103.750732,30.634004,-1,6113
103.662864,30.970895,24,6114
103.872337,30.798911,-1,6115
103.704256,30.709114,-1,6116
103.851159,30.437383,86,6117
103.923276,30.717073,172,6118
103.937339,30.613271,114,6119
103.929421,30.699592,117,6120
104.125185,30.769257,96,6121
103.465033,30.45728,-1,6122
103.929421,30.699592,117,6123
104.236149,30.64697,87,6124
104.570522,31.033978,-1,6125
104.193476,30.540931,-1,6126
104.158251,30.703796,-1,6127
103.52927,30.377481,-1,6128
103.727722,30.558797,-1,6129
104.055345,30.387814,-1,6130
104.04202,30.855361,-1,6131
103.872712,30.774138,-1,6132
103.880452,30.604087,152,6133
104.522953,30.430037,48,6134
104.201365,30.739396,98,6135
104.172724,30.483658,29,6136
104.24552,30.710671,-1,6137
104.513506,30.619556,-1,6138
104.190516,30.538129,-1,6139
103.933345,30.782051,-1,6140
103.685144,30.898112,-1,6141
104.438104,30.35701,73,6142
104.650479,31.135363,-1,6143
104.164383,30.658772,71,6144
103.830292,31.281311,-1,6145
103.963204,30.447985,-1,6146
104.111649,30.53117,-1,6147
103.875551,30.480959,-1,6148
104.504523,30.636586,-1,6149
104.034323,30.601768,-1,6150
104.972976,29.870354,23,6151
103.818564,30.635714,-1,6152
103.906615,30.362742,-1,6153
104.092381,30.585521,-1,6154
104.008505,30.48097,-1,6155
103.819137,30.797175,192,6156
104.497184,30.465654,-1,6157
103.914543,30.861721,-1,6158
104.248943,30.772718,67,6159
103.718525,30.614209,-1,6160
103.78997,30.688463,-1,6161
104.010974,30.510972,205,6162
104.157202,30.873255,-1,6163
104.114879,30.378413,168,6164
104.238326,30.652711,13,6165
104.003472,30.734856,242,6166
103.979663,31.072734,-1,6167
104.177804,30.718981,103,6168
103.797937,30.874804,-1,6169
104.386261,30.487654,-1,6170
103.579819,30.757166,-1,6171
103.960061,30.517447,58,6172
104.192395,30.741303,-1,6173
104.552017,30.716312,-1,6174
103.760151,30.665354,250,6175
104.075581,30.238904,52,6176
103.598545,30.985033,-1,6177
104.134079,30.371596,-1,6178
103.915234,30.709505,-1,6179
103.643342,30.470282,-1,6180
104.135887,30.787058,-1,6181
104.323131,30.34296,-1,6182
104.21724,30.572149,-1,6183
104.047516,30.449246,-1,6184
104.49113,30.32423,-1,6185
104.469066,30.847765,254,6186
104.235254,30.646771,87,6187
103.618371,30.522703,-1,6188
104.232025,30.181289,-1,6189
104.118447,30.756984,20,6190
104.201565,30.733417,-1,6191
104.316654,30.951457,-1,6192
104.214143,30.651282,177,6193
103.68103,30.80345,-1,6194
103.923413,30.717219,172,6195
103.936312,30.782711,-1,6196
103.880343,30.163138,-1,6197
103.974934,30.45624,-1,6198
104.312524,30.87459,-1,6199
103.468646,30.43439,-1,6200
103.737773,30.512021,212,6201
103.477789,31.315887,-1,6202
103.756781,31.194546,-1,6203
103.819218,30.633665,56,6204
103.92962,30.941877,-1,6205
104.576441,30.71788,-1,6206
104.379343,30.292028,99,6207
104.203253,30.726009,33,6208
104.320321,30.277163,188,6209
103.952601,31.015087,-1,6210
104.297505,31.035021,-1,6211
103.905365,30.810498,200,6212
104.173179,30.484621,29,6213
104.240626,30.876936,-1,6214
103.532789,30.57307,-1,6215
103.81633,30.633635,56,6216
103.903945,30.239897,-1,6217
104.007925,30.231298,-1,6218
103.846692,30.437832,-1,6219
104.354957,30.487016,-1,6220
103.618371,30.522703,-1,6221
104.537118,30.365845,201,6222
104.039037,30.359999,-1,6223
104.132355,30.409437,-1,6224
103.887702,30.660997,244,6225
103.880984,30.164707,-1,6226
104.550266,29.499053,-1,6227
103.496071,31.358631,195,6228
104.488274,30.333655,-1,6229
104.500734,30.482677,-1,6230
104.098596,30.654194,-1,6231
104.130838,30.671002,59,6232
104.420012,30.866809,-1,6233
104.2043,30.731224,-1,6234
103.855294,30.473936,-1,6235
104.054393,30.65422,-1,6236
104.245393,30.645416,41,6237
104.628336,30.308028,-1,6238
104.254832,30.859139,146,6239
103.967426,30.585895,233,6240
104.139427,30.826008,-1,6241
104.177823,29.978718,-1,6242
104.040502,30.531347,-1,6243
103.872612,30.779209,138,6244
104.057416,30.390312,-1,6245
104.163227,30.700056,-1,6246
104.075994,30.238991,52,6247
103.534025,30.562332,-1,6248
103.9844,30.655222,-1,6249
103.559914,30.548935,153,6250
103.90293,30.658451,148,6251
103.72465,31.199309,-1,6252
103.94057,30.61937,-1,6253
103.945105,30.555194,-1,6254
103.97151,30.991182,-1,6255
103.892967,30.513924,179,6256
104.386261,30.487654,-1,6257
104.327108,30.308495,-1,6258
104.152777,30.781763,184,6259
103.952548,30.427818,14,6260
104.320337,30.278113,188,6261
104.199007,30.59275,76,6262
104.057079,30.649391,-1,6263
103.920935,30.70285,90,6264
104.238079,30.653158,13,6265
103.879604,30.163208,-1,6266
102.211507,29.820546,-1,6267
103.756681,31.1947,-1,6268
103.760151,30.665354,250,6269
103.642783,30.852699,-1,6270
103.861995,30.842992,-1,6271
104.185734,30.720355,74,6272
104.505834,30.506748,-1,6273
103.918216,30.811911,-1,6274
103.940646,30.614075,197,6275
104.804125,30.152642,-1,6276
103.681471,30.612424,249,6277
103.959902,30.165629,-1,6278
103.727999,30.559193,-1,6279
104.601546,30.876121,-1,6280
104.194554,31.677115,-1,6281
104.254775,30.642648,-1,6282
104.04423,30.445148,101,6283
104.130749,30.670147,59,6284
104.221506,30.638485,10,6285
104.222098,30.908717,-1,6286
104.387321,30.761395,-1,6287
104.006733,30.517234,-1,6288
104.221407,30.784397,-1,6289
103.696471,30.398006,-1,6290
104.420739,30.861571,-1,6291
103.886861,30.528365,31,6292
103.895151,30.914484,-1,6293
104.807699,30.837698,-1,6294
103.781838,30.675456,182,6295
103.929516,30.69955,117,6296
104.174948,31.627053,-1,6297
104.0174,30.444732,-1,6298
104.221849,30.711712,-1,6299
104.227241,30.647748,-1,6300
104.02785,30.55147,269,6301
104.001561,30.127794,-1,6302
104.569752,30.434101,-1,6303
104.030815,30.451779,-1,6304
103.965951,30.642594,-1,6305
104.126183,30.522115,-1,6306
104.218092,30.652673,-1,6307
104.440197,30.980283,-1,6308
103.95797,30.662943,257,6309
103.553105,30.221188,45,6310
103.836127,30.797088,-1,6311
104.193162,30.740035,-1,6312
104.111719,30.523932,-1,6313
104.318671,30.861352,57,6314
104.412151,30.345056,-1,6315
103.808628,30.401196,-1,6316
103.982162,30.828992,-1,6317
103.499342,30.569499,165,6318
104.212654,30.609756,-1,6319
104.114041,30.379182,-1,6320
104.0417,30.196958,-1,6321
103.999335,30.466957,-1,6322
103.851012,30.437256,86,6323
103.868238,30.779865,-1,6324
104.663108,31.091276,187,6325
104.135649,30.805836,85,6326
103.647255,30.951576,190,6327
103.532326,31.404784,135,6328
103.882592,30.218137,-1,6329
104.022797,31.376735,-1,6330
103.868467,30.322462,-1,6331
103.737767,30.512088,212,6332
103.996959,30.468784,-1,6333
103.717805,30.609005,-1,6334
104.20012,30.739871,-1,6335
104.139752,30.643812,-1,6336
104.093554,30.442929,-1,6337
104.24262,30.650418,66,6338
103.522538,31.398504,-1,6339
104.047007,30.428498,126,6340
104.498173,30.634794,-1,6341
104.270978,30.624664,-1,6342
103.973467,30.800669,125,6343
104.096319,30.540173,145,6344
103.966398,30.65637,-1,6345
104.048361,30.375353,-1,6346
104.036901,30.326532,-1,6347
103.765676,30.938159,-1,6348
104.064218,30.329239,-1,6349
104.003303,30.651443,-1,6350
103.677522,30.94986,-1,6351
104.095547,30.462969,268,6352
104.222341,30.999405,253,6353
104.22908,30.798117,-1,6354
104.562312,30.352474,-1,6355
103.963981,30.430667,-1,6356
103.873323,30.624311,-1,6357
104.584006,30.340538,130,6358
103.989235,30.596295,213,6359
103.906662,30.750325,-1,6360
104.15609,30.78234,-1,6361
104.092755,30.58285,2,6362
103.761094,30.404525,-1,6363
103.464988,31.278029,-1,6364
103.861518,30.804237,176,6365
103.654955,30.92702,111,6366
104.161521,30.599768,264,6367
104.554748,30.352795,121,6368
104.354433,30.441402,-1,6369
103.037504,29.908351,-1,6370
104.487562,30.459333,51,6371
103.95996,30.517257,58,6372
103.881388,30.621356,-1,6373
104.044805,30.44522,101,6374
103.526926,30.203653,-1,6375
104.333669,30.644215,216,6376
104.55953,30.437152,-1,6377
104.017746,29.139205,-1,6378
103.964097,30.477866,-1,6379
104.595348,30.385223,-1,6380
103.917012,30.683546,124,6381
104.196725,31.57561,-1,6382
104.111258,30.571031,-1,6383
103.920938,30.70267,90,6384
103.42928,30.412227,-1,6385
104.093544,30.581288,2,6386
103.751736,30.328516,-1,6387
104.342759,31.057357,-1,6388
103.978016,30.200242,231,6389
104.076125,30.763946,-1,6390
104.234624,30.646357,87,6391
104.091444,30.362894,-1,6392
103.758987,31.19027,-1,6393
104.085463,30.456859,-1,6394
104.151381,30.418021,-1,6395
104.061474,30.668752,-1,6396
104.014738,30.617209,-1,6397
104.184391,30.53214,-1,6398
104.415102,30.243838,-1,6399
104.591825,31.767036,-1,6400
104.004369,30.592377,-1,6401
104.115519,30.581404,-1,6402
104.993167,30.29444,-1,6403
104.076438,30.239005,52,6404
104.131142,30.670268,59,6405
104.271322,30.864743,-1,6406
104.083893,30.460972,-1,6407
103.810178,30.631401,185,6408
103.697861,30.406992,270,6409
103.932559,30.874331,-1,6410
104.139905,30.662255,-1,6411
104.161558,30.599663,264,6412
103.661107,30.961273,97,6413
103.887075,30.376462,-1,6414
103.689313,30.352307,-1,6415
103.473011,30.387911,-1,6416
104.176886,30.701596,-1,6417
104.057152,30.537971,-1,6418
104.327878,30.305842,248,6419
103.992582,30.441422,-1,6420
103.971181,30.650341,118,6421
104.020507,30.525097,-1,6422
103.847416,31.285664,-1,6423
103.54711,31.050132,-1,6424
103.774881,30.411757,-1,6425
104.552935,30.353483,-1,6426
104.070098,30.859216,-1,6427
104.202679,30.598233,-1,6428
104.006388,30.7386,-1,6429
104.320208,30.277797,188,6430
103.674893,30.945944,-1,6431
104.248835,30.6098,-1,6432
104.119983,30.596739,-1,6433
104.069207,30.330286,-1,6434
104.168227,30.741773,88,6435
104.224017,30.5666,183,6436
103.972212,30.542767,3,6437
104.221614,30.638507,10,6438
103.997026,30.907951,55,6439
104.106948,30.490938,223,6440
103.498321,30.568806,165,6441
104.536876,30.397053,-1,6442
104.038447,30.488093,-1,6443
104.004027,30.606472,-1,6444
104.047031,30.42813,126,6445
104.308664,30.645901,-1,6446
103.702183,30.635319,-1,6447
103.741019,30.631756,-1,6448
104.32738,30.402328,-1,6449
104.059433,30.725316,-1,6450
104.074525,30.445082,-1,6451
104.075512,30.375112,-1,6452
103.905365,30.810498,200,6453
104.016424,30.323914,-1,6454
103.917233,30.683527,124,6455
104.088492,30.735298,-1,6456
103.901914,30.834184,35,6457
103.982541,31.075266,-1,6458
103.838498,30.31705,-1,6459
104.143411,30.709374,-1,6460
104.257313,30.655287,-1,6461
103.798539,30.645819,-1,6462
103.787886,31.228904,-1,6463
104.973699,29.871253,23,6464
103.984127,30.572977,16,6465
104.105274,30.562838,-1,6466
103.887425,30.528655,31,6467
103.902234,30.658419,148,6468
103.375849,30.29048,-1,6469
104.113924,30.885232,-1,6470
103.532214,30.557368,-1,6471
104.238694,30.847137,-1,6472
104.224207,30.566443,183,6473
103.990045,30.482752,-1,6474
104.428774,31.14991,219,6475
104.240557,30.959696,-1,6476
103.972851,30.664464,50,6477
104.76204,30.616041,255,6478
103.700054,30.309637,-1,6479
103.912688,30.824902,120,6480
103.677282,30.338817,106,6481
104.157153,30.692892,-1,6482
103.838185,30.360933,128,6483
103.943427,30.507526,105,6484
104.292136,30.877362,93,6485
104.078927,30.684512,-1,6486
104.36101,31.043364,-1,6487
104.508659,30.354565,36,6488
103.457314,30.467333,-1,6489
104.179534,30.722387,-1,6490
104.167002,30.56489,-1,6491
103.916252,30.368897,149,6492
104.377078,30.472789,-1,6493
104.052937,30.546421,-1,6494
102.22934,29.933315,-1,6495
104.07276,30.395443,-1,6496
104.235635,30.647841,87,6497
104.034875,30.528742,-1,6498
103.876329,30.500956,166,6499
104.125122,30.413446,-1,6500
104.357442,30.81906,-1,6501
103.941191,30.919448,-1,6502
104.296183,30.993824,220,6503
104.216271,30.580942,-1,6504
103.952361,30.427876,14,6505
104.032409,30.738792,-1,6506
103.92341,30.71668,172,6507
104.248973,30.772578,67,6508
103.765852,30.799441,-1,6509
104.546604,29.504126,-1,6510
103.956896,30.723262,280,6511
103.740141,30.531374,-1,6512
103.9228,30.716738,172,6513
103.862962,30.5565,-1,6514
104.689786,30.325972,-1,6515
103.861298,31.157532,-1,6516
104.123587,30.912481,-1,6517
104.332831,30.645905,-1,6518
104.175255,30.66433,272,6519
103.998205,30.650155,-1,6520
104.092343,30.524658,123,6521
104.418588,30.612722,-1,6522
104.196725,31.57561,-1,6523
104.036102,30.234546,-1,6524
103.914582,30.643121,-1,6525
103.851935,30.766085,-1,6526
104.498649,30.428229,-1,6527
104.318796,30.645906,-1,6528
103.740413,30.530996,-1,6529
104.042487,30.460962,-1,6530
103.963091,30.448085,-1,6531
104.20211,30.726045,33,6532
104.582741,30.72463,-1,6533
103.903928,31.002499,-1,6534
104.298841,30.684124,-1,6535
104.371748,30.86459,209,6536
103.816519,30.633702,56,6537
103.878701,30.491879,-1,6538
104.055752,30.457115,-1,6539
104.233959,30.661762,-1,6540
104.328668,30.7386,-1,6541
103.673552,30.904023,-1,6542
104.126674,30.694347,-1,6543
103.812401,30.571484,-1,6544
103.743095,30.338538,-1,6545
104.53513,30.684304,-1,6546
104.194462,30.930937,-1,6547
104.005789,30.62089,-1,6548
103.821329,30.95746,-1,6549
104.668911,30.087882,-1,6550
103.259365,30.560551,-1,6551
103.602243,30.996975,-1,6552
103.536945,30.771164,-1,6553
104.101345,30.380384,-1,6554
103.802627,31.251333,-1,6555
103.974112,30.628964,-1,6556
104.039968,30.582538,-1,6557
103.462775,30.749707,-1,6558
102.702921,29.97221,-1,6559
103.586464,30.74584,-1,6560
104.125365,30.769524,96,6561
103.961099,30.940861,-1,6562
104.066893,30.487005,-1,6563
104.478387,30.4924,-1,6564
104.074814,30.736892,-1,6565
103.879858,30.404462,30,6566
104.109005,30.464018,161,6567
104.03114,30.550945,-1,6568
104.323423,30.645046,17,6569
103.99419,30.112338,-1,6570
103.843161,30.78816,-1,6571
103.868046,30.665,-1,6572
104.167037,30.637118,-1,6573
103.859263,30.827722,53,6574
104.065478,30.178152,-1,6575
104.455054,30.489207,-1,6576
104.121232,30.52099,-1,6577
103.696156,30.407305,270,6578
103.660396,31.035896,-1,6579
104.185173,30.684263,227,6580
104.327944,30.344769,-1,6581
104.108809,30.542957,-1,6582
103.691022,30.610055,-1,6583
103.393487,30.336603,-1,6584
104.479353,30.490489,-1,6585
104.545517,30.715039,-1,6586
104.110024,30.576205,-1,6587
103.583909,30.376662,-1,6588
104.221457,30.638855,10,6589
104.07253,30.369828,-1,6590
103.917012,30.683546,124,6591
104.115097,30.417271,208,6592
104.020029,29.139286,6,6593
104.072948,30.321126,-1,6594
104.36116,30.858148,-1,6595
103.86615,30.304763,-1,6596
103.506306,30.201495,-1,6597
104.114294,30.464064,-1,6598
103.821939,31.159706,-1,6599
103.993309,30.661309,-1,6600
104.236661,30.661794,-1,6601
103.977515,30.688356,28,6602
103.851586,30.988174,-1,6603
104.106218,30.507448,-1,6604
103.680751,30.895029,-1,6605
104.61776,30.683288,-1,6606
104.576737,30.730135,-1,6607
104.00062,30.520243,222,6608
104.074095,30.715116,-1,6609
104.043582,30.446637,101,6610
104.166862,30.474797,-1,6611
104.218414,30.586057,-1,6612
104.315619,30.950693,-1,6613
104.076106,30.779984,-1,6614
104.199701,30.738889,-1,6615
103.918083,30.811824,-1,6616
104.045018,30.426843,-1,6617
104.073855,30.695488,72,6618
104.028185,30.519031,-1,6619
103.910853,30.79834,232,6620
103.819153,30.797225,192,6621
103.678153,31.029697,7,6622
104.165902,30.712284,104,6623
104.148177,30.383478,-1,6624
104.088255,30.548236,-1,6625
104.255618,30.531654,92,6626
103.603195,30.976496,-1,6627
103.674996,30.346396,-1,6628
103.384725,30.731463,-1,6629
104.196279,30.52772,-1,6630
103.970526,30.650108,118,6631
103.860721,30.803653,176,6632
103.883001,30.665875,109,6633
103.838567,30.320429,-1,6634
103.872267,30.623566,-1,6635
103.873641,30.628652,-1,6636
104.756252,30.304248,-1,6637
104.222098,30.908717,-1,6638
103.936927,30.614875,114,6639
104.581949,30.113908,-1,6640
104.069634,30.692457,162,6641
103.762159,31.196454,-1,6642
104.068917,30.83657,-1,6643
104.400996,30.310762,-1,6644
103.399194,29.923405,-1,6645
104.084907,30.461313,-1,6646
104.11084,30.577361,-1,6647
103.766037,31.193737,-1,6648
104.539062,31.858997,151,6649
104.071391,30.688967,-1,6650
103.452512,30.374769,228,6651
103.89667,30.915341,-1,6652
103.848719,31.670063,-1,6653
103.592789,30.831491,-1,6654
104.053193,30.465818,-1,6655
104.215461,30.820976,186,6656
103.698206,30.395696,-1,6657
104.135104,30.374743,-1,6658
104.072496,30.388112,-1,6659
104.004447,30.592459,-1,6660
103.98824,30.627495,142,6661
104.453107,30.60461,-1,6662
104.513565,30.512986,-1,6663
103.729589,30.594912,-1,6664
103.942263,30.847593,-1,6665
103.64786,30.951679,190,6666
103.788021,31.009163,-1,6667
103.954942,30.492152,-1,6668
104.075064,30.729059,-1,6669
103.659134,30.923469,-1,6670
103.817587,30.575345,-1,6671
103.864984,30.407901,-1,6672
104.106503,30.509113,-1,6673
103.944679,30.5519,-1,6674
103.976896,30.653134,102,6675
104.319676,30.390561,-1,6676
104.007846,30.452931,-1,6677
104.243693,29.945785,-1,6678
103.883201,30.665825,109,6679
104.226593,30.792667,38,6680
103.980942,30.785025,43,6681
104.188018,30.793455,-1,6682
103.836545,30.466078,-1,6683
104.176801,30.771163,-1,6684
103.835458,30.816044,-1,6685
104.491376,30.604269,-1,6686
104.011084,30.510955,205,6687
103.700918,30.653999,-1,6688
104.424278,30.605953,-1,6689
103.986647,30.216084,-1,6690
104.234838,30.645938,87,6691
103.851658,30.084375,-1,6692
103.380108,30.36816,-1,6693
104.040351,30.651647,-1,6694
104.261357,30.860509,-1,6695
103.850964,30.820063,12,6696
103.847694,30.540425,-1,6697
104.068851,30.69327,162,6698
104.234838,30.645938,87,6699
103.794277,30.441175,-1,6700
104.48801,30.493141,174,6701
103.938429,30.61619,160,6702
103.827434,31.023238,-1,6703
103.688393,30.894893,-1,6704
103.777628,30.7436,-1,6705
103.789599,30.352475,-1,6706
104.090202,30.739964,171,6707
104.050607,30.7499,-1,6708
102.880806,29.642854,-1,6709
104.278944,29.937095,-1,6710
103.967576,30.586188,233,6711
104.403774,30.31163,-1,6712
103.948562,30.678383,37,6713
104.745684,30.451627,22,6714
104.101488,30.534406,-1,6715
104.105712,30.543239,-1,6716
104.52295,30.43,48,6717
103.728674,31.102361,-1,6718
104.153872,30.707358,-1,6719
104.328233,30.345638,-1,6720
104.005714,30.513583,-1,6721
103.887702,30.660997,244,6722
104.075527,30.238834,52,6723
103.4154,30.757392,-1,6724
104.445904,30.856312,-1,6725
103.996187,30.76397,-1,6726
103.935356,30.905536,150,6727
104.200646,30.749109,-1,6728
104.171938,31.626293,-1,6729
104.584781,30.117636,-1,6730
103.628497,30.823331,-1,6731
104.536876,30.397053,-1,6732
104.14365,30.522138,-1,6733
103.993424,30.240839,-1,6734
104.066122,30.451169,-1,6735
103.884749,30.388722,131,6736
104.154772,30.639396,-1,6737
104.264734,30.617339,-1,6738
104.457049,30.483945,-1,6739
104.202288,30.677806,-1,6740
104.147637,30.402888,-1,6741
104.140276,30.78974,-1,6742
104.193492,30.564392,-1,6743
103.940157,30.614269,197,6744
104.296123,30.993775,220,6745
103.937307,30.619089,18,6746
103.632898,30.581212,-1,6747
103.781854,30.675387,182,6748
103.935604,30.905348,150,6749
104.043515,30.205863,-1,6750
104.330934,30.644376,-1,6751
103.820812,30.741661,-1,6752
104.043903,30.446095,101,6753
104.108935,30.506546,-1,6754
103.802114,31.025919,-1,6755
104.161839,30.578428,-1,6756
104.227355,30.858199,-1,6757
103.923687,30.634853,-1,6758
104.069643,30.768603,119,6759
104.164495,30.395149,-1,6760
104.063615,30.665549,-1,6761
104.143091,30.582449,-1,6762
103.877902,30.172878,-1,6763
104.091589,30.790034,-1,6764
103.936874,30.781693,-1,6765
104.077809,30.794798,-1,6766
103.505499,30.751561,-1,6767
104.449096,30.825516,-1,6768
104.095347,30.462961,268,6769
103.860818,30.80427,176,6770
104.063629,30.609011,136,6771
102.737617,29.428847,-1,6772
103.900004,30.828299,-1,6773
103.941834,30.732318,-1,6774
104.469479,30.599644,-1,6775
103.978423,30.200814,231,6776
103.785737,30.652113,-1,6777
104.45496,30.348556,-1,6778
103.653078,30.920722,215,6779
103.969179,30.366524,127,6780
104.641771,29.527402,-1,6781
103.971052,30.445604,-1,6782
104.242811,30.650605,66,6783
104.023453,30.54193,-1,6784
103.460151,30.746429,236,6785
103.939824,30.617792,49,6786
104.216348,30.52238,-1,6787
104.108115,30.546589,-1,6788
103.902474,30.658461,148,6789
104.170827,30.615004,78,6790
103.901,30.81059,-1,6791
104.187824,30.833174,-1,6792
103.952317,30.428174,14,6793
103.9839,30.572812,16,6794
103.713896,30.527073,1,6795
104.196075,30.52731,-1,6796
103.531458,31.405226,135,6797
104.198959,30.859013,-1,6798
104.073019,30.730895,-1,6799
103.907749,30.70046,-1,6800
104.198695,30.705141,-1,6801
104.245336,30.553414,230,6802
104.183921,30.711136,141,6803
104.038405,30.729572,-1,6804
103.795031,30.441308,-1,6805
104.437801,30.356777,73,6806
103.782314,30.792777,-1,6807
104.663108,31.091276,187,6808
104.072166,30.384066,-1,6809
104.09873,30.41479,-1,6810
104.093205,30.581014,2,6811
104.186071,30.756656,-1,6812
104.543806,31.379979,-1,6813
104.17155,30.782838,-1,6814
104.270756,30.820372,-1,6815
103.95864,30.6484,-1,6816
104.060977,30.390596,273,6817
104.502186,30.685542,-1,6818
103.917114,30.68368,124,6819
103.641583,30.960739,-1,6820
103.936592,30.667427,-1,6821
104.296399,30.993934,220,6822
104.676452,30.08407,-1,6823
104.280293,30.645658,-1,6824
104.007473,30.554208,82,6825
103.915399,30.630916,275,6826
103.707218,30.39425,-1,6827
104.318527,30.861296,57,6828
104.019815,30.549093,-1,6829
103.676839,30.349919,-1,6830
104.050024,30.749921,-1,6831
104.20292,30.72598,33,6832
103.800659,30.43174,-1,6833
104.845486,30.643026,-1,6834
103.926599,30.475145,-1,6835
104.093116,30.581877,2,6836
104.095446,30.540815,145,6837
103.972268,30.542267,3,6838
103.580565,31.017093,-1,6839
104.151604,30.400036,-1,6840
103.91254,30.824848,120,6841
104.0923,30.524151,123,6842
103.865453,30.384705,-1,6843
104.054703,30.428076,-1,6844
103.681463,30.612331,249,6845
104.582355,30.33946,-1,6846
104.176993,30.950747,-1,6847
104.006672,30.592353,173,6848
104.392146,30.283784,62,6849
104.107589,30.462962,-1,6850
103.459574,30.746638,236,6851
104.063749,30.389985,-1,6852
104.377925,30.640819,-1,6853
104.315839,30.302879,4,6854
103.867135,30.534933,238,6855
104.10408,30.531921,154,6856
104.153097,30.689006,-1,6857
104.111286,30.505516,-1,6858
103.924349,30.949644,-1,6859
104.198015,30.581985,44,6860
103.959716,30.517554,58,6861
104.206811,30.740877,-1,6862
103.879805,30.490832,-1,6863
103.787545,30.698037,-1,6864
104.070151,30.72591,-1,6865
104.235498,30.646582,87,6866
104.102763,30.497046,107,6867
104.102296,30.497013,107,6868
104.47922,30.490647,-1,6869
104.438576,30.356359,73,6870
104.066074,30.536017,-1,6871
104.118402,30.717594,-1,6872
104.517717,30.391309,-1,6873
103.889634,30.383832,34,6874
103.742713,30.53358,-1,6875
103.986227,30.723755,-1,6876
104.219505,30.612683,-1,6877
104.167453,30.641569,-1,6878
103.807584,29.677783,-1,6879
104.435537,30.967075,-1,6880
104.236053,30.646754,87,6881
104.339529,31.090848,-1,6882
103.921134,30.702981,90,6883
103.959958,30.165895,-1,6884
104.020973,30.624748,-1,6885
104.223488,30.884934,-1,6886
104.869929,29.226372,-1,6887
104.348264,31.080943,-1,6888
103.943543,30.558394,-1,6889
103.937676,30.614238,114,6890
104.101363,30.497261,107,6891
104.735352,30.648667,-1,6892
103.960551,30.663736,-1,6893
103.833382,30.635516,26,6894
104.165026,30.657881,71,6895
104.115628,30.490906,-1,6896
104.509215,30.417058,-1,6897
104.973715,29.871306,23,6898
104.168919,30.741531,88,6899
104.047535,30.215605,-1,6900
104.064984,30.555102,-1,6901
104.074257,30.550246,-1,6902
103.477719,30.428956,-1,6903
103.851004,30.820345,12,6904
103.812189,30.630345,-1,6905
104.166136,30.712312,104,6906
103.988202,30.33218,-1,6907
104.200643,30.683762,-1,6908
104.342679,30.79792,-1,6909
104.09873,30.41479,-1,6910
104.24329,30.649872,66,6911
104.509784,30.352596,-1,6912
104.361797,30.661272,-1,6913
103.880997,30.620324,-1,6914
104.556531,30.373145,-1,6915
104.160263,30.630468,-1,6916
104.237988,30.652907,13,6917
103.559217,30.548465,153,6918
104.174452,30.558408,-1,6919
104.201655,30.742822,-1,6920
104.389132,31.088767,-1,6921
104.057842,30.405198,-1,6922
103.999512,30.892309,-1,6923
104.148399,30.604359,-1,6924
104.016603,30.75062,-1,6925
104.327878,30.305842,248,6926
103.964494,30.614798,-1,6927
104.165902,30.712284,104,6928
103.901443,30.752369,-1,6929
104.450595,30.479598,-1,6930
104.398222,31.008604,-1,6931
104.399282,30.30061,-1,6932
103.840134,30.678169,-1,6933
103.781886,30.67554,182,6934
103.883347,30.665893,109,6935
103.788829,31.029638,-1,6936
103.553018,31.055821,-1,6937
103.960062,30.151895,-1,6938
104.203168,30.74779,-1,6939
104.419232,30.946271,-1,6940
103.929421,30.699592,117,6941
103.873821,30.417359,60,6942
103.988336,30.627684,142,6943
104.014936,30.473155,-1,6944
103.701558,30.602476,27,6945
102.736263,29.429445,-1,6946
104.353923,30.842351,-1,6947
103.956923,30.723323,280,6948
104.118271,30.757034,20,6949
104.036712,30.236814,-1,6950
104.336838,30.831298,-1,6951
104.070221,30.518146,-1,6952
104.066893,30.487005,-1,6953
104.403758,30.311612,-1,6954
104.068286,30.183576,-1,6955
104.05749,30.616668,-1,6956
103.886241,30.666049,-1,6957
104.023166,31.376554,-1,6958
102.866931,29.147457,-1,6959
103.972131,30.542235,3,6960
104.364649,30.430471,-1,6961
104.505388,30.353725,-1,6962
104.745086,31.015862,-1,6963
103.972722,30.664232,50,6964
104.225801,30.790648,38,6965
103.674835,30.902547,-1,6966
104.294721,29.659585,-1,6967
104.424776,30.474033,229,6968
103.859214,30.827762,53,6969
104.021478,29.123253,-1,6970
104.001945,29.125597,-1,6971
104.110925,30.509771,-1,6972
104.047829,30.216525,-1,6973
104.105372,30.543193,-1,6974
104.011028,30.51519,-1,6975
104.500449,30.338588,-1,6976
103.444431,30.419032,-1,6977
104.170943,30.615313,78,6978
104.010617,30.510833,205,6979
104.168931,30.741126,88,6980
103.530151,31.410079,-1,6981
103.530171,30.748335,-1,6982
103.897297,30.836419,9,6983
103.802114,31.025919,-1,6984
103.638538,30.970824,-1,6985
104.081631,30.47314,-1,6986
103.901891,30.786656,-1,6987
104.316657,30.951459,-1,6988
103.867135,30.534933,238,6989
103.445123,31.275462,-1,6990
104.17715,30.71857,103,6991
104.047031,30.42813,126,6992
104.226049,30.793133,38,6993
104.712503,31.030182,-1,6994
104.153225,30.571938,-1,6995
104.030128,31.371569,-1,6996
104.448596,30.857636,-1,6997
103.80038,30.830742,-1,6998
103.92653,30.805713,-1,6999
103.833017,30.421559,-1,7000
104.145893,30.418261,-1,7001
104.543429,30.663396,-1,7002
103.676513,30.399662,-1,7003
104.102254,30.662254,-1,7004
104.028443,29.142885,-1,7005
103.754205,30.555023,-1,7006
104.224683,30.793784,11,7007
104.07322,30.685351,-1,7008
103.851381,30.437473,86,7009
104.151258,30.631952,-1,7010
103.522593,31.398519,-1,7011
103.818643,30.854858,-1,7012
104.302944,30.645832,-1,7013
104.489595,30.493772,174,7014
104.189796,30.662302,-1,7015
104.068766,30.693186,162,7016
103.91268,30.824646,120,7017
104.153647,30.638657,-1,7018
104.333967,30.71216,-1,7019
103.780312,30.675687,-1,7020
104.490612,30.341268,-1,7021
104.061217,30.388981,273,7022
104.287015,30.693631,-1,7023
103.83363,30.797589,-1,7024
103.767231,31.210904,-1,7025
104.096352,30.537967,21,7026
104.496442,30.47166,-1,7027
103.89886,30.615363,140,7028
104.297715,30.684077,-1,7029
104.546379,30.722432,-1,7030
104.085984,30.581307,-1,7031
103.776889,30.838411,-1,7032
104.214527,30.613804,-1,7033
103.687126,30.629131,-1,7034
103.956896,30.723262,280,7035
104.185449,30.69987,-1,7036
104.005956,30.620568,-1,7037
103.977796,30.688769,28,7038
104.115597,30.378619,168,7039
104.085943,30.495141,-1,7040
103.607785,31.066192,-1,7041
103.991186,30.475811,-1,7042
104.11206,30.512236,252,7043
104.216508,30.648732,19,7044
103.916196,30.369181,149,7045
104.162363,31.461404,-1,7046
103.861285,30.879029,-1,7047
103.915485,30.630943,275,7048
104.351267,30.825988,-1,7049
104.102009,30.673009,-1,7050
104.087141,30.804141,-1,7051
104.002058,30.484838,-1,7052
104.179872,30.619267,-1,7053
104.543806,31.379979,-1,7054
104.216358,30.697845,-1,7055
104.745407,30.451721,22,7056
103.678421,31.030015,7,7057
104.292693,30.391408,-1,7058
104.164186,30.383349,-1,7059
103.597574,30.98135,-1,7060
103.715225,30.896423,-1,7061
103.037319,29.908264,-1,7062
104.255618,30.531654,92,7063
103.541608,31.052065,-1,7064
103.477719,30.428956,-1,7065
104.246203,30.581414,-1,7066
104.156081,30.710466,-1,7067
103.682427,31.027683,234,7068
104.327926,30.30588,248,7069
104.429301,30.472463,-1,7070
103.859238,30.827287,53,7071
103.911684,30.836706,-1,7072
103.459644,30.746925,236,7073
103.803742,30.399266,-1,7074
103.863676,30.556822,-1,7075
104.01087,30.664724,-1,7076
104.130581,30.670276,59,7077
104.338469,30.313331,-1,7078
104.119869,30.772757,169,7079
104.169227,30.532222,-1,7080
103.655046,30.61253,-1,7081
103.524562,30.199974,-1,7082
103.646943,30.296223,-1,7083
104.454242,30.34936,-1,7084
104.114301,30.74717,-1,7085
104.008727,30.590917,95,7086
104.411789,31.055921,-1,7087
103.861399,30.803538,176,7088
104.312838,30.298218,108,7089
103.885696,30.583593,-1,7090
103.682715,31.012609,-1,7091
103.888081,30.556321,81,7092
103.811343,30.799145,-1,7093
103.843006,30.319496,-1,7094
104.140531,30.646135,274,7095
103.972664,30.403628,-1,7096
103.986711,30.215852,-1,7097
104.371467,31.048676,-1,7098
104.011915,30.652324,-1,7099
104.3782,30.640713,-1,7100
104.107169,30.533237,-1,7101
104.00051,30.520394,222,7102
104.075527,30.238834,52,7103
103.958684,30.768569,-1,7104
103.822113,30.727287,-1,7105
104.257411,30.530302,-1,7106
104.17155,30.782838,-1,7107
104.088905,30.758298,-1,7108
103.954702,30.491615,-1,7109
103.489787,30.184626,262,7110
104.315646,30.303091,4,7111
104.348905,31.050342,-1,7112
104.111076,30.509762,-1,7113
104.069948,30.768529,119,7114
103.523751,30.207078,-1,7115
104.03645,30.29669,167,7116
104.22123,30.638564,10,7117
104.342989,30.799826,-1,7118
103.280375,30.165568,-1,7119
104.22937,30.854229,-1,7120
103.888329,30.556012,81,7121
104.161701,30.599629,264,7122
104.745562,31.0154,-1,7123
103.905297,30.810288,200,7124
104.185502,30.716804,-1,7125
103.788978,29.635835,-1,7126
104.081829,30.485242,-1,7127
104.060471,31.245377,-1,7128
104.651073,31.135046,-1,7129
104.164798,30.549155,-1,7130
104.13234,30.73484,-1,7131
103.501475,30.555615,-1,7132
103.726551,30.882071,-1,7133
103.678153,31.029697,7,7134
103.794302,30.937692,-1,7135
103.738722,30.575733,-1,7136
103.936521,30.61372,114,7137
103.72864,30.501776,-1,7138
102.061487,31.517158,-1,7139
104.163667,30.700888,-1,7140
104.04732,30.427497,126,7141
103.851415,30.437304,86,7142
104.110487,30.509162,-1,7143
104.113373,30.579506,178,7144
103.982434,30.453688,-1,7145
104.289739,30.847992,-1,7146
104.179681,30.521984,-1,7147
103.867358,30.535076,238,7148
104.42859,31.149826,219,7149
103.802269,30.454899,112,7150
104.535265,30.403128,-1,7151
104.083346,30.655741,-1,7152
104.151282,30.517663,-1,7153
104.073622,30.718509,-1,7154
104.80406,30.153335,-1,7155
104.027915,31.363204,-1,7156
103.624425,31.482764,-1,7157
103.886541,30.528451,31,7158
103.917892,30.634481,-1,7159
103.881392,31.08756,159,7160
104.006094,30.728491,-1,7161
104.150438,30.616069,100,7162
104.110795,30.505548,225,7163
104.202937,30.725636,33,7164
104.052438,30.245997,226,7165
104.250821,30.579902,42,7166
104.122905,30.598123,-1,7167
104.178651,30.78306,260,7168
104.320457,30.278048,188,7169
103.876237,30.491224,-1,7170
104.102807,30.404425,-1,7171
103.077145,30.50715,-1,7172
104.118439,30.757128,20,7173
104.32368,30.644898,17,7174
104.082017,30.482351,-1,7175
103.937704,30.614073,114,7176
104.036155,30.327888,-1,7177
104.020716,29.13958,6,7178
104.498493,30.47408,-1,7179
103.97606,30.687911,-1,7180
103.972366,30.996204,-1,7181
104.062822,30.438541,251,7182
103.784076,30.695979,-1,7183
103.806876,30.917237,-1,7184
103.408779,30.748236,-1,7185
104.161158,30.696152,-1,7186
104.20322,30.72618,33,7187
103.965239,30.640109,-1,7188
103.973674,31.032202,-1,7189
103.937044,30.613547,114,7190
103.754224,31.014891,194,7191
104.521485,30.429659,48,7192
104.174729,30.481129,-1,7193
104.43864,30.355777,73,7194
104.143801,30.534004,-1,7195
103.878466,30.198307,175,7196
104.224017,30.566598,183,7197
104.488487,30.462131,39,7198
104.048983,30.651792,-1,7199
104.045682,30.445885,101,7200
104.41265,30.332131,-1,7201
103.496071,31.358631,195,7202
103.969499,30.982019,-1,7203
104.09114,30.559783,-1,7204
103.65544,30.825015,-1,7205
104.07739,30.385057,-1,7206
103.962548,30.641091,-1,7207
104.096024,30.540963,145,7208
104.567208,31.286323,-1,7209
103.968286,30.186931,-1,7210
103.710948,30.397638,-1,7211
104.188262,30.995284,-1,7212
103.889194,30.384,34,7213
103.844653,31.140838,-1,7214
104.118447,30.756984,20,7215
103.66117,30.960825,97,7216
103.834055,30.946806,-1,7217
104.164763,30.658682,71,7218
103.893317,30.513545,179,7219
104.515794,30.391481,-1,7220
103.801768,31.165922,-1,7221
104.072362,30.454602,-1,7222
103.998719,30.756896,15,7223
104.072046,30.20274,-1,7224
104.233787,30.661811,-1,7225
103.650196,30.435934,-1,7226
103.601069,31.064838,157,7227
104.14105,30.6453,274,7228
103.969499,30.982019,-1,7229
104.790676,30.143506,-1,7230
104.415102,30.243838,-1,7231
103.870456,30.702275,134,7232
103.859076,30.827449,53,7233
104.663108,31.091262,187,7234
103.533317,30.76529,-1,7235
104.177206,30.718902,103,7236
104.153551,30.615889,-1,7237
104.401877,30.997239,-1,7238
103.49738,30.546034,-1,7239
104.16875,30.74131,88,7240
104.162221,30.67546,-1,7241
104.107267,30.609607,-1,7242
104.144527,30.716806,-1,7243
104.019994,29.139561,6,7244
103.959954,30.517397,58,7245
104.51298,30.619392,-1,7246
103.871409,30.289502,-1,7247
104.503703,30.356697,-1,7248
104.257411,30.530302,-1,7249
104.235254,30.646771,87,7250
103.64827,30.400372,-1,7251
104.287872,30.683755,-1,7252
104.348555,30.448259,-1,7253
103.388286,30.731944,-1,7254
104.191885,30.754427,-1,7255
103.916437,30.369481,149,7256
104.990493,29.542389,-1,7257
103.64362,30.469987,-1,7258
103.970785,30.650382,118,7259
104.191814,30.790529,224,7260
104.105743,30.587349,143,7261
104.022147,30.662378,-1,7262
104.081702,30.472957,-1,7263
104.400859,30.31068,-1,7264
104.112534,30.51323,252,7265
104.039939,30.582646,-1,7266
104.082392,30.577501,-1,7267
104.50308,30.473074,-1,7268
103.819072,30.575676,-1,7269
103.940369,30.620822,89,7270
104.172127,30.659274,5,7271
104.016649,30.516975,-1,7272
104.563996,30.388143,214,7273
104.314604,30.861389,-1,7274
104.555284,30.352162,121,7275
103.771303,30.692038,-1,7276
104.109657,30.562382,-1,7277
104.249063,30.648569,-1,7278
104.292933,30.391117,-1,7279
102.480609,29.997855,-1,7280
103.893012,30.513795,179,7281
103.937467,30.614922,114,7282
104.108237,30.545373,-1,7283
103.914834,30.630871,275,7284
103.71445,30.642923,-1,7285
103.911947,30.630864,156,7286
103.917549,30.742843,-1,7287
104.495293,30.470729,-1,7288
104.314694,30.301364,-1,7289
104.020347,29.1393,6,7290
104.212124,30.525949,-1,7291
103.661055,30.961238,97,7292
104.115597,30.378619,168,7293
103.796867,30.852543,-1,7294
103.94355,30.498978,-1,7295
103.7171,30.609694,-1,7296
103.640408,30.465924,63,7297
104.043655,30.446411,101,7298
103.976869,30.673905,-1,7299
104.138827,30.654273,-1,7300
103.940659,30.614142,197,7301
103.970788,30.650395,118,7302
103.612882,30.362426,-1,7303
104.326464,30.860051,54,7304
104.118769,30.281448,-1,7305
104.238008,30.652635,13,7306
104.472377,30.84024,-1,7307
104.053868,30.458826,-1,7308
104.584191,30.340564,130,7309
104.316506,30.943384,-1,7310
104.261942,30.62636,-1,7311
104.23483,30.646155,87,7312
104.0922,30.798489,-1,7313
103.990058,30.482664,-1,7314
102.764102,29.734691,-1,7315
104.176801,30.771163,-1,7316
103.973692,30.428858,-1,7317
104.051425,30.275775,-1,7318
104.203284,30.726191,33,7319
104.084451,30.721894,-1,7320
103.93709,30.613436,114,7321
103.532301,31.405014,135,7322
104.326529,30.860434,54,7323
103.850006,30.433443,-1,7324
103.69668,30.39634,-1,7325
103.87619,30.608886,-1,7326
104.085178,30.238395,-1,7327
104.164798,30.549155,-1,7328
104.248978,30.772458,67,7329
104.118327,30.757404,20,7330
103.798558,30.874327,-1,7331
104.146293,30.582853,-1,7332
104.006078,30.591885,173,7333
103.875849,30.631602,-1,7334
103.661318,30.961218,97,7335
104.152129,30.776747,259,7336
104.261621,30.866745,-1,7337
104.503601,30.418717,-1,7338
103.94339,30.583935,-1,7339
103.71309,30.590831,-1,7340
104.522203,30.429889,48,7341
103.889432,30.383735,34,7342
103.708226,30.790089,-1,7343
104.639512,30.677808,-1,7344
103.887321,30.528643,31,7345
104.392969,30.283627,62,7346
104.436373,31.251982,-1,7347
104.556334,30.373193,-1,7348
104.191862,30.789929,224,7349
104.071161,30.725213,84,7350
103.489915,30.184693,262,7351
103.559217,30.548465,153,7352
103.956966,30.939756,-1,7353
103.910755,30.798896,232,7354
103.893045,30.513872,179,7355
104.523046,30.362108,-1,7356
103.977968,30.200226,231,7357
104.069936,30.768755,119,7358
104.106901,30.459932,-1,7359
104.141523,30.645108,274,7360
104.010963,30.511208,205,7361
104.154531,30.510735,-1,7362
103.67749,30.338949,106,7363
103.911329,30.631977,156,7364
104.043156,30.427788,-1,7365
104.168682,30.741594,88,7366
103.452141,30.47468,241,7367
104.099598,30.467136,155,7368
103.986711,30.215852,-1,7369
103.636843,30.926908,-1,7370
104.509259,30.353949,36,7371
104.118647,30.75784,20,7372
103.682299,31.027689,234,7373
104.050788,30.476222,75,7374
104.011383,30.517891,-1,7375
103.653078,30.920722,215,7376
103.796946,30.646712,158,7377
103.699816,30.523361,-1,7378
104.070062,30.76861,119,7379
103.797666,30.874739,-1,7380
104.284042,30.845627,-1,7381
103.870512,30.618449,-1,7382
103.874397,30.63109,-1,7383
104.571746,30.688489,-1,7384
103.819153,30.79731,192,7385
104.059392,30.425541,-1,7386
103.896221,30.666046,144,7387
104.112645,30.832972,-1,7388
104.063577,30.632834,240,7389
103.45929,30.378565,-1,7390
103.55332,30.220956,45,7391
102.211946,29.824732,-1,7392
103.990976,30.436409,202,7393
104.237632,30.718702,-1,7394
104.445887,30.856257,-1,7395
103.861014,30.764988,-1,7396
104.535259,30.403132,-1,7397
103.954961,30.569586,-1,7398
103.858881,31.066856,263,7399
104.20322,30.72618,33,7400
104.108717,30.464034,161,7401
103.98645,30.721892,-1,7402
104.020616,30.851445,-1,7403
104.069594,30.768758,119,7404
104.085662,30.792684,-1,7405
103.886733,30.820217,207,7406
104.171678,30.659746,5,7407
103.795092,31.239502,-1,7408
104.320788,30.327704,-1,7409
104.221162,30.638484,10,7410
103.903589,30.676309,-1,7411
103.937636,30.618905,18,7412
103.856661,30.78479,258,7413
104.032975,30.716647,-1,7414
104.075096,30.645831,-1,7415
104.064556,30.610239,136,7416
103.981779,30.535969,-1,7417
103.81883,30.634255,56,7418
103.908759,30.543369,147,7419
104.161837,30.690701,-1,7420
103.997094,30.907937,55,7421
104.028351,30.337867,-1,7422
104.017296,30.845876,-1,7423
104.08147,30.802418,-1,7424
104.049175,30.540992,64,7425
103.64285,30.942624,206,7426
103.628128,30.727415,-1,7427
103.563541,30.748458,-1,7428
103.915014,30.630918,275,7429
104.504523,30.636586,-1,7430
104.164475,30.658674,71,7431
104.494217,30.323104,-1,7432
103.939728,30.617258,49,7433
104.502311,30.473369,-1,7434
104.049352,30.476839,75,7435
103.508392,30.749428,-1,7436
104.070484,30.749876,-1,7437
104.140423,30.374652,-1,7438
103.715092,30.58185,-1,7439
103.64032,30.466026,63,7440
104.441857,30.980255,-1,7441
104.125323,30.769655,96,7442
104.149422,30.6225,116,7443
104.002267,30.485273,-1,7444
104.49118,31.049603,-1,7445
104.049365,30.540293,64,7446
103.776793,30.838259,-1,7447
104.237445,30.652872,13,7448
103.959837,30.517146,58,7449
103.776737,30.577169,-1,7450
103.944867,30.482248,-1,7451
103.842895,30.546316,-1,7452
104.449647,30.480666,-1,7453
103.870696,30.702089,134,7454
103.886256,30.500461,-1,7455
103.459641,30.746388,236,7456
104.006128,30.592271,173,7457
104.035243,30.232194,-1,7458
103.918174,30.684006,124,7459
103.764435,30.395973,-1,7460
104.434275,30.339046,-1,7461
104.16461,30.669433,-1,7462
104.069603,30.768751,119,7463
104.164766,30.65869,71,7464
103.678281,31.029792,7,7465
104.100171,30.523196,-1,7466
104.326916,30.889326,-1,7467
103.614763,30.960102,-1,7468
104.126664,30.600359,-1,7469
103.965186,30.456742,-1,7470
104.494873,30.331406,-1,7471
103.923287,30.260155,-1,7472
103.866736,30.312186,-1,7473
103.993207,30.616133,-1,7474
104.075891,30.759587,-1,7475
104.048874,30.729952,-1,7476
103.916509,30.369533,149,7477
103.848999,30.430393,-1,7478
104.168672,30.51829,-1,7479
104.537169,30.365925,201,7480
104.112398,30.512746,252,7481
102.645675,30.933778,-1,7482
104.078258,30.362502,-1,7483
104.308659,30.8451,265,7484
103.563628,30.748261,-1,7485
103.452574,30.374281,228,7486
103.617598,30.99445,-1,7487
104.087936,30.548453,-1,7488
104.138214,30.647521,-1,7489
104.115321,30.885115,-1,7490
104.020847,29.139365,6,7491
104.134072,30.945727,-1,7492
103.909792,30.544238,147,7493
103.642284,30.943257,206,7494
104.061581,30.419001,8,7495
104.483723,30.599485,-1,7496
104.537349,30.724155,-1,7497
103.496153,31.358762,195,7498
103.449607,30.427025,-1,7499
103.741405,30.694412,-1,7500
104.247304,30.554976,-1,7501
103.935877,30.905488,150,7502
104.196963,30.738376,-1,7503
104.525264,30.64747,-1,7504
104.118295,30.757106,20,7505
103.237148,30.379504,-1,7506
104.202026,30.710604,-1,7507
104.040751,30.652573,-1,7508
103.84013,30.35989,79,7509
103.356637,30.619418,-1,7510
104.439239,31.025429,-1,7511
104.269034,30.579035,-1,7512
104.179184,31.018798,-1,7513
103.990871,30.906652,-1,7514
104.085434,30.445024,-1,7515
103.762039,30.399261,-1,7516
104.108404,30.556513,-1,7517
103.935921,30.905683,150,7518
104.198322,30.581905,44,7519
103.990919,30.436769,202,7520
103.977912,30.200408,231,7521
104.326427,30.860028,54,7522
104.000748,30.762683,-1,7523
104.069693,30.691969,162,7524
103.856936,30.449449,-1,7525
103.696122,29.227917,-1,7526
104.218756,30.783322,-1,7527
103.76294,31.197492,-1,7528
104.037482,30.7121,-1,7529
104.56529,30.371001,198,7530
104.48939,30.494037,174,7531
104.22566,30.791085,38,7532
104.387397,30.307605,-1,7533
103.896659,30.666469,144,7534
103.798454,31.167171,278,7535
104.196095,30.687014,-1,7536
104.235654,30.646974,87,7537
103.530235,31.410275,-1,7538
104.092947,30.523544,123,7539
104.253116,30.773876,-1,7540
104.082874,30.460679,-1,7541
103.775157,31.172155,-1,7542
104.109007,30.50518,225,7543
103.781854,30.675387,182,7544
104.308786,30.865297,137,7545
103.797204,30.643907,180,7546
103.723576,30.660443,-1,7547
103.796649,30.644267,180,7548
103.701558,30.602671,27,7549
103.886885,30.820517,207,7550
104.369062,30.714828,-1,7551
104.162089,30.69732,-1,7552
104.005771,30.738273,-1,7553
103.970611,30.650304,118,7554
103.862868,30.737799,-1,7555
104.103789,30.51249,77,7556
103.859965,30.833572,-1,7557
103.368978,30.622886,-1,7558
104.186576,30.707536,-1,7559
104.221279,30.639103,10,7560
103.528203,31.007788,-1,7561
104.412282,30.73799,-1,7562
103.906664,30.775922,-1,7563
104.316104,30.302258,4,7564
103.859416,31.065994,263,7565
104.071174,30.36068,-1,7566
104.215098,30.582698,115,7567
104.113136,30.777453,-1,7568
104.016509,29.138735,-1,7569
103.716964,30.592888,-1,7570
104.249678,30.860413,-1,7571
104.508659,30.354565,36,7572
103.638267,30.936014,-1,7573
104.177206,30.718902,103,7574
103.089084,30.058993,-1,7575
104.533649,29.759808,239,7576
103.913978,30.476918,-1,7577
103.923354,30.716468,172,7578
104.243797,30.645422,41,7579
104.108815,30.506251,-1,7580
103.956802,30.93895,-1,7581
104.101917,30.673121,-1,7582
103.863036,30.150341,-1,7583
103.850682,30.438719,-1,7584
104.556107,30.099092,-1,7585
103.902503,30.975031,-1,7586
103.737664,31.017052,-1,7587
103.82421,30.422841,-1,7588
103.786127,30.428151,-1,7589
103.979737,30.45424,-1,7590
103.677248,30.883741,-1,7591
104.10062,30.455134,-1,7592
104.564096,30.387755,214,7593
103.674878,30.644862,277,7594
104.267525,30.621152,-1,7595
104.060371,30.648114,-1,7596
104.215629,30.820809,186,7597
104.109215,30.506796,-1,7598
104.022134,30.662354,-1,7599
103.925606,30.948995,-1,7600
104.162243,30.514472,-1,7601
104.820416,30.824286,-1,7602
103.698515,30.395797,-1,7603
104.510591,30.422486,-1,7604
104.16477,30.658913,71,7605
104.804125,30.153576,-1,7606
104.336794,30.91024,-1,7607
104.331014,30.644494,-1,7608
104.264503,30.864879,-1,7609
104.101121,30.688456,-1,7610
103.909856,30.544371,147,7611
104.044024,30.445761,101,7612
104.539879,30.721998,-1,7613
103.992275,30.598662,-1,7614
104.069631,30.690635,162,7615
104.116218,30.419094,-1,7616
104.326891,30.306247,248,7617
104.765825,29.761824,-1,7618
104.02324,30.52306,-1,7619
104.168989,30.741525,88,7620
104.244985,30.578023,-1,7621
103.869305,30.377207,-1,7622
104.130824,30.670561,59,7623
104.347809,30.448026,-1,7624
103.527062,30.2038,-1,7625
104.112978,30.752786,235,7626
104.051116,30.476881,75,7627
104.247438,29.01672,-1,7628
104.094222,30.774051,-1,7629
104.048376,30.851676,-1,7630
104.454992,30.348534,-1,7631
104.206831,30.561434,-1,7632
104.230016,30.856847,-1,7633
103.961507,30.939865,-1,7634
104.10898,30.544494,-1,7635
104.061139,30.38874,273,7636
103.941784,30.937521,-1,7637
104.112255,30.513113,252,7638
104.083643,30.752239,-1,7639
104.245515,30.577872,-1,7640
103.876124,30.635249,-1,7641
103.90285,30.658397,148,7642
103.49979,30.569409,165,7643
104.070476,30.726334,-1,7644
103.796295,30.650837,-1,7645
103.926636,30.819078,-1,7646
104.221426,30.674918,-1,7647
104.115179,30.464112,-1,7648
104.136847,30.915208,-1,7649
104.101725,30.595342,-1,7650
103.701425,30.602718,27,7651
103.85098,30.820363,12,7652
103.770903,30.693185,-1,7653
103.981672,30.785019,43,7654
104.007563,30.566078,-1,7655
103.493384,29.972401,-1,7656
104.223828,30.738615,-1,7657
103.646801,30.934696,-1,7658
104.055237,31.252536,-1,7659
103.732064,30.585554,-1,7660
104.432399,30.472683,-1,7661
104.556347,30.372545,-1,7662
104.296353,30.99365,220,7663
104.973048,29.870354,23,7664
104.462386,31.234167,-1,7665
104.333877,30.644934,216,7666
103.471893,30.757479,-1,7667
103.884394,30.908951,-1,7668
104.438059,30.356686,73,7669
104.454321,30.863374,-1,7670
103.836323,30.633844,-1,7671
104.533889,29.760123,239,7672
103.945057,30.48227,-1,7673
103.885383,31.028255,-1,7674
103.920935,30.70285,90,7675
104.118559,30.756806,20,7676
103.879223,30.463425,-1,7677
103.9566,30.798068,-1,7678
104.097392,30.547173,-1,7679
104.109908,30.505499,225,7680
104.008841,30.590564,95,7681
104.552849,30.35311,-1,7682
103.937491,30.614055,114,7683
104.242492,30.650585,66,7684
103.739352,30.338017,-1,7685
104.108717,30.464034,161,7686
103.48779,30.758697,-1,7687
104.501724,30.488115,-1,7688
104.133857,30.371522,-1,7689
103.671822,30.430765,-1,7690
103.983436,30.572708,16,7691
103.909399,30.883315,-1,7692
104.1607,30.694165,-1,7693
104.6257,30.858005,-1,7694
104.018218,30.228541,-1,7695
103.936554,30.613836,114,7696
104.24462,30.645632,41,7697
103.966298,30.943249,-1,7698
104.060916,30.647938,-1,7699
104.625475,30.333344,-1,7700
104.23468,30.646159,87,7701
103.882504,30.462245,-1,7702
103.661594,30.960971,97,7703
104.058657,30.636248,-1,7704
103.854047,30.443117,-1,7705
104.3428,31.057254,-1,7706
103.937756,30.614371,114,7707
103.886709,30.528422,31,7708
104.093952,30.580905,2,7709
103.682263,30.612779,249,7710
103.89884,30.616063,140,7711
104.093204,30.856437,-1,7712
103.577724,30.851312,-1,7713
104.063683,30.61011,136,7714
104.166608,30.700483,-1,7715
103.922825,30.71679,172,7716
103.810148,30.630632,185,7717
103.904525,30.352749,-1,7718
104.329323,30.853862,-1,7719
104.048593,30.731548,-1,7720
103.489819,30.184694,262,7721
104.093217,30.581265,2,7722
103.78478,30.886662,-1,7723
103.968974,30.99242,-1,7724
102.226414,31.897155,-1,7725
103.936401,30.613772,114,7726
104.168359,30.577097,-1,7727
103.701472,30.602745,27,7728
104.083992,30.578067,-1,7729
104.243358,30.645699,41,7730
104.56425,30.38785,214,7731
103.87687,30.635436,-1,7732
104.319254,30.276882,188,7733
103.983372,31.064056,-1,7734
103.959573,30.363476,-1,7735
103.774232,31.172494,-1,7736
104.069673,30.690549,162,7737
104.081581,30.502143,-1,7738
103.811304,30.799375,-1,7739
103.967266,30.94562,-1,7740
103.972546,30.622837,-1,7741
104.670332,30.087834,-1,7742
103.469427,30.392427,-1,7743
103.534175,30.694919,-1,7744
104.018144,30.442405,-1,7745
104.454471,30.830606,-1,7746
103.867174,30.53511,238,7747
103.955019,30.797474,-1,7748
103.935958,30.905215,150,7749
104.162631,30.678941,-1,7750
104.043489,30.446561,101,7751
103.886853,30.820251,207,7752
104.207201,30.703862,-1,7753
104.044363,30.52525,-1,7754
103.838015,30.355852,-1,7755
104.506752,30.350336,-1,7756
104.0774,30.7893,-1,7757
104.007989,30.231232,-1,7758
103.897597,30.634143,-1,7759
103.501147,31.364399,-1,7760
104.026463,30.56765,-1,7761
104.489119,30.493886,174,7762
103.977766,30.641073,-1,7763
104.202272,30.677588,-1,7764
103.885939,30.165283,-1,7765
104.16472,30.658435,71,7766
104.102095,30.497011,107,7767
104.533232,30.731251,-1,7768
103.630489,30.275725,-1,7769
103.935341,30.905609,150,7770
103.853468,31.062458,-1,7771
104.804205,30.15311,-1,7772
103.4962,30.548615,46,7773
104.24976,30.579139,42,7774
104.908375,30.159823,-1,7775
103.856224,30.440547,-1,7776
104.116213,30.282346,-1,7777
104.057886,30.47646,-1,7778
104.099835,31.288713,-1,7779
103.926566,30.805726,-1,7780
103.94815,30.327163,-1,7781
103.943455,30.313441,-1,7782
103.73303,30.714082,-1,7783
104.125243,30.598669,-1,7784
104.08597,30.58122,-1,7785
104.029065,30.35112,-1,7786
104.327909,30.305714,248,7787
103.800791,30.453679,-1,7788
103.943783,30.584052,-1,7789
104.266777,30.852273,-1,7790
104.392275,30.299093,139,7791
103.998935,30.752051,-1,7792
104.183306,30.710677,141,7793
104.234814,30.64592,87,7794
103.562618,29.863851,-1,7795
103.908641,30.542141,147,7796
103.719996,30.565115,-1,7797
103.912683,30.824761,120,7798
104.318478,30.861296,57,7799
103.480709,30.761089,-1,7800
104.16453,30.658633,71,7801
103.926407,30.948795,-1,7802
103.921001,30.702944,90,7803
103.372888,30.930194,-1,7804
104.118279,30.757214,20,7805
103.834493,30.84853,-1,7806
104.112463,30.752918,235,7807
104.323131,30.34296,-1,7808
104.091129,30.559685,-1,7809
103.927268,30.634801,-1,7810
104.163988,30.658415,71,7811
103.712273,30.524012,-1,7812
103.912534,30.983844,-1,7813
104.197615,30.604862,-1,7814
103.91254,30.824848,120,7815
103.655789,30.338271,-1,7816
103.761687,30.775219,-1,7817
103.908396,30.660548,68,7818
104.034565,30.650851,-1,7819
104.378021,30.455006,-1,7820
104.003354,30.734779,242,7821
104.52295,30.43,48,7822
103.917549,30.742875,-1,7823
104.185173,30.684263,227,7824
104.568513,30.79723,-1,7825
103.947568,30.010486,-1,7826
104.111766,30.531157,-1,7827
104.304123,30.387156,-1,7828
103.937408,30.619069,18,7829
103.559906,30.549103,153,7830
103.681536,30.612808,249,7831
104.068788,30.692967,162,7832
103.883077,30.672944,-1,7833
103.703787,30.79909,-1,7834
104.388002,30.746609,-1,7835
103.902232,30.834772,35,7836
104.034394,30.650912,-1,7837
104.041496,30.345015,-1,7838
104.244402,30.645686,41,7839
103.818143,30.636926,-1,7840
103.702185,30.851633,-1,7841
103.970491,30.650388,118,7842
104.11526,30.493807,-1,7843
104.035946,30.464991,-1,7844
104.062057,30.58003,-1,7845
104.053973,30.65522,-1,7846
104.115257,30.417455,208,7847
104.120752,30.292132,-1,7848
104.041391,30.593353,199,7849
104.521698,30.417751,-1,7850
104.023064,30.428918,-1,7851
104.072505,30.362138,-1,7852
103.701396,30.602633,27,7853
103.793711,30.663974,-1,7854
103.846432,30.42858,-1,7855
104.081556,30.471336,-1,7856
104.522203,30.429839,48,7857
104.118351,30.757184,20,7858
104.375981,31.040646,-1,7859
103.969783,30.428929,-1,7860
104.487332,30.492909,174,7861
104.237357,30.653038,13,7862
104.237486,30.652857,13,7863
103.798151,30.448233,-1,7864
104.115877,30.585119,25,7865
103.939928,30.999892,221,7866
104.02305,30.704466,-1,7867
104.105302,30.511736,77,7868
103.895574,30.534094,-1,7869
104.636394,30.929294,-1,7870
104.164335,30.383799,-1,7871
103.561175,30.748642,217,7872
104.190302,30.662566,-1,7873
103.194491,30.139439,-1,7874
103.887734,30.660823,244,7875
103.988749,30.459282,-1,7876
104.009533,30.479447,-1,7877
103.960749,30.650113,-1,7878
103.836028,30.32075,-1,7879
104.508986,30.354264,36,7880
104.533769,29.759817,239,7881
103.937187,30.613382,114,7882
104.026767,30.481037,203,7883
103.950345,30.466761,-1,7884
103.883241,30.665806,109,7885
103.880217,30.604136,152,7886
103.786151,30.428351,-1,7887
103.479881,30.427488,-1,7888
104.413386,30.832927,-1,7889
104.161683,30.599669,264,7890
104.149618,30.622696,116,7891
103.936133,30.905548,150,7892
103.655332,30.68412,-1,7893
103.823823,30.585203,-1,7894
104.203796,30.726108,33,7895
104.144518,30.418242,-1,7896
104.02233,30.459449,-1,7897
104.175521,30.715404,61,7898
104.245364,30.553403,230,7899
104.365948,30.434869,-1,7900
104.018126,30.44243,-1,7901
103.797193,30.643843,180,7902
104.188448,30.693835,-1,7903
103.828294,30.398426,-1,7904
103.875706,30.613328,-1,7905
103.464806,30.452682,80,7906
104.603705,30.684336,-1,7907
104.078015,30.73089,-1,7908
104.076872,30.794423,-1,7909
103.939824,30.617792,49,7910
103.94378,30.50762,105,7911
104.165948,30.702648,-1,7912
103.96752,30.586253,233,7913
104.046911,30.428114,126,7914
104.221993,30.6706,-1,7915
103.496088,30.175151,-1,7916
103.49892,30.383001,-1,7917
103.76985,30.652238,-1,7918
104.537449,30.443492,-1,7919
103.902746,30.658397,148,7920
104.397466,30.757874,-1,7921
104.118769,30.281448,-1,7922
103.959902,30.152012,-1,7923
103.905297,30.810288,200,7924
104.014971,30.707438,-1,7925
104.187818,30.590516,-1,7926
103.887358,30.593071,-1,7927
104.390615,30.284336,62,7928
104.908103,30.159823,-1,7929
103.459556,30.748136,-1,7930
104.674344,30.08451,-1,7931
103.838773,30.735581,-1,7932
103.523035,31.419633,-1,7933
103.877872,30.171451,-1,7934
104.454616,30.352213,-1,7935
103.559896,30.548905,153,7936
104.522051,30.429756,48,7937
103.25938,30.560838,-1,7938
103.819208,30.907477,-1,7939
104.384929,30.299534,-1,7940
104.100488,30.527288,-1,7941
103.682684,31.028884,-1,7942
103.935572,30.905587,150,7943
104.357935,31.072249,-1,7944
103.451949,30.47503,241,7945
104.31347,30.645983,-1,7946
104.132546,30.409346,-1,7947
103.987415,30.332502,271,7948
104.32354,30.645141,17,7949
104.008407,30.231294,-1,7950
104.088905,30.736073,-1,7951
104.113508,30.579517,178,7952
104.164651,30.658771,71,7953
104.242588,30.650837,66,7954
103.965147,30.63697,0,7955
103.924318,30.716724,172,7956
103.914849,30.773486,-1,7957
104.785597,29.795979,-1,7958
103.974524,30.795943,-1,7959
103.982338,30.784495,43,7960
104.543472,30.718155,-1,7961
104.043757,31.280039,-1,7962
104.121277,30.500482,-1,7963
104.36562,30.789681,-1,7964
103.937002,30.613302,114,7965
104.413816,30.944941,-1,7966
103.708001,30.902856,-1,7967
103.756633,31.194884,-1,7968
103.921234,30.703088,90,7969
103.684683,30.878883,-1,7970
104.026288,30.651076,-1,7971
103.945601,30.924641,-1,7972
104.24991,30.663573,-1,7973
104.456939,30.856524,-1,7974
104.569437,30.37199,246,7975
103.956728,30.030478,-1,7976
103.917884,30.811956,-1,7977
103.964255,30.624236,-1,7978
104.172604,30.483804,29,7979
104.50264,30.467877,-1,7980
104.055187,30.426586,-1,7981
104.078547,30.373124,-1,7982
104.125425,30.795178,-1,7983
104.049772,30.476755,75,7984
104.10538,30.580401,211,7985
104.297478,31.035011,-1,7986
104.188053,30.793438,-1,7987
104.216348,30.52238,-1,7988
103.972413,30.457232,-1,7989
104.366096,30.857311,-1,7990
104.016721,30.572387,-1,7991
104.006953,30.592738,173,7992
103.796087,31.238189,-1,7993
104.120354,30.772976,169,7994
104.178647,30.783016,260,7995
104.118063,30.776001,-1,7996
104.59339,31.76735,-1,7997
104.109567,30.503795,225,7998
103.638891,30.486446,-1,7999
104.445859,30.856304,-1,8000
104.063549,30.387204,-1,8001
104.318865,30.713621,-1,8002
104.107966,30.775449,-1,8003
104.093436,30.581639,2,8004
104.290849,30.382728,-1,8005
104.447466,30.473402,-1,8006
104.102357,30.576531,-1,8007
103.958354,30.66168,257,8008
103.554706,30.533392,-1,8009
104.353857,30.995467,-1,8010
103.877283,30.826917,-1,8011
104.049185,30.541206,64,8012
104.488584,30.600098,-1,8013
102.436769,29.136551,-1,8014
104.168416,30.741232,88,8015
103.916954,30.68406,124,8016
104.139823,30.374826,-1,8017
104.080563,30.816896,-1,8018
104.398104,31.008829,-1,8019
104.493596,30.491254,-1,8020
104.495131,30.339817,-1,8021
104.114057,30.52344,-1,8022
104.233622,30.794019,-1,8023
104.157308,30.704007,-1,8024
104.098675,30.59506,-1,8025
103.97266,30.664595,50,8026
103.920966,30.702956,90,8027
103.386854,30.732988,-1,8028
104.118176,30.756747,20,8029
104.411851,30.345099,-1,8030
104.582609,30.339681,130,8031
104.215542,30.649266,19,8032
103.701333,30.602677,27,8033
103.960193,30.438517,-1,8034
104.045973,30.571947,-1,8035
103.983135,31.065146,-1,8036
103.83274,30.549541,133,8037
104.168576,30.567859,-1,8038
104.161619,30.599364,264,8039
104.172412,30.485457,29,8040
103.893688,30.955332,-1,8041
103.962824,30.57985,-1,8042
104.545201,30.097018,-1,8043
104.489513,30.493796,174,8044
103.681492,30.612243,249,8045
104.254769,30.859164,146,8046
104.063047,30.438134,251,8047
103.887273,30.528655,31,8048
103.919161,30.231468,-1,8049
104.745417,30.451688,22,8050
103.974524,30.795943,-1,8051
104.036515,30.8573,-1,8052
103.897443,30.836495,9,8053
103.920875,30.540845,-1,8054
103.886277,30.375514,-1,8055
103.669727,30.91163,-1,8056
104.1347,30.805968,85,8057
103.928755,30.384212,-1,8058
103.754313,31.014755,194,8059
104.320489,30.277966,188,8060
104.242583,30.651155,66,8061
103.863676,30.556822,-1,8062
104.299012,30.684496,-1,8063
104.06579,30.447141,-1,8064
103.936706,30.614068,114,8065
104.358381,30.487854,-1,8066
104.220893,30.834888,-1,8067
104.14665,30.40575,-1,8068
104.205443,30.675289,-1,8069
104.326738,30.645719,-1,8070
104.093534,30.581437,2,8071
103.921113,30.703029,90,8072
104.244849,30.710451,-1,8073
104.086478,30.425122,-1,8074
104.115321,30.885115,-1,8075
102.958418,30.193364,-1,8076
104.112465,30.752834,235,8077
104.118399,30.757172,20,8078
103.874739,30.41934,-1,8079
103.914695,30.419261,-1,8080
104.051116,30.644856,-1,8081
104.406283,30.62677,-1,8082
104.076585,30.295927,-1,8083
104.800527,30.153116,-1,8084
103.76323,30.396045,-1,8085
104.164619,30.65845,71,8086
104.145262,30.581504,-1,8087
103.76029,30.66512,250,8088
103.987359,30.647494,-1,8089
103.641829,30.636255,-1,8090
103.905513,30.810474,200,8091
103.778247,30.600022,-1,8092
104.061025,30.391564,-1,8093
103.460475,30.464141,-1,8094
103.604623,31.06651,-1,8095
104.877417,30.28714,-1,8096
103.926575,30.769411,-1,8097
102.211874,29.821063,-1,8098
104.198695,30.705141,-1,8099
104.753994,30.628309,-1,8100
103.981035,30.409524,-1,8101
103.878213,30.573103,-1,8102
104.642861,30.676415,-1,8103
104.112118,30.512554,252,8104
104.47712,30.355274,-1,8105
103.850197,30.623919,-1,8106
104.040437,30.670235,-1,8107
104.674344,30.08451,-1,8108
103.98382,30.572498,16,8109
104.106757,30.587133,143,8110
103.934215,30.764076,-1,8111
104.032401,30.738888,-1,8112
103.862495,30.790879,-1,8113
103.914204,30.675614,191,8114
104.193501,30.528905,-1,8115
104.175391,30.66443,272,8116
104.036523,30.296684,167,8117
104.047397,30.725846,-1,8118
104.291192,30.703503,-1,8119
104.022077,30.808736,-1,8120
103.859743,30.30149,-1,8121
104.020202,29.139562,6,8122
104.080528,30.688892,-1,8123
103.987179,30.720641,-1,8124
104.400996,30.310762,-1,8125
103.89884,30.616063,140,8126
104.47371,30.486295,218,8127
104.465499,30.866651,-1,8128
104.023423,30.704007,-1,8129
103.911864,30.798682,232,8130
103.91254,30.824848,120,8131
103.927648,30.948337,-1,8132
104.056117,30.428113,-1,8133
104.3125,30.8747,-1,8134
104.296626,30.993476,220,8135
104.867818,29.745686,-1,8136
103.859098,30.827645,53,8137
104.081224,30.517198,-1,8138
104.414405,30.618777,-1,8139
104.204873,30.601886,-1,8140
104.288084,30.875449,-1,8141
104.339796,31.126202,-1,8142
104.149425,30.622468,116,8143
104.460081,30.845324,-1,8144
104.243677,29.945785,-1,8145
104.075076,30.36031,-1,8146
104.049181,30.540366,64,8147
103.966564,30.81348,-1,8148
104.069205,30.692428,162,8149
104.064217,30.437933,251,8150
103.870786,31.045271,-1,8151
104.106795,30.755831,-1,8152
103.976605,30.336423,-1,8153
103.85629,30.41868,-1,8154
104.130984,30.670168,59,8155
104.49854,30.475917,-1,8156
104.399522,30.30076,-1,8157
103.796048,30.387962,-1,8158
103.66123,30.961205,97,8159
104.408698,30.344366,-1,8160
104.007925,30.231298,-1,8161
104.115197,30.753027,-1,8162
104.215074,30.582764,115,8163
104.096608,30.537973,21,8164
104.179645,30.619459,-1,8165
103.876426,30.500858,166,8166
103.987276,29.133259,-1,8167
103.55346,30.220933,45,8168
104.236767,29.022758,-1,8169
103.744225,30.357057,-1,8170
103.814751,30.633178,56,8171
104.053431,30.43133,-1,8172
104.571715,30.708247,-1,8173
104.243157,30.650418,66,8174
104.438445,30.356476,73,8175
103.967551,30.586132,233,8176
104.146546,30.472682,-1,8177
103.701654,30.602501,27,8178
103.932993,30.673183,-1,8179
104.198958,31.580427,-1,8180
104.139713,30.418006,-1,8181
104.023166,31.376554,-1,8182
103.830287,30.320014,-1,8183
104.415165,30.880615,-1,8184
103.89884,30.616063,140,8185
104.260899,30.872089,-1,8186
103.887263,30.59291,-1,8187
104.061732,30.389637,273,8188
104.308596,30.296046,-1,8189
103.887994,30.556446,81,8190
103.937203,30.614603,114,8191
103.663024,30.970528,24,8192
104.0903,30.740486,171,8193
104.052295,30.454082,-1,8194
104.352192,30.768294,-1,8195
104.045104,30.445484,101,8196
104.234696,30.646198,87,8197
103.935363,30.905713,150,8198
104.320788,30.327704,-1,8199
104.750499,29.745891,-1,8200
104.055921,30.848028,164,8201
103.731642,30.713829,-1,8202
104.097951,30.584702,193,8203
103.652395,30.92845,-1,8204
104.040853,30.593433,199,8205
104.412282,30.73799,-1,8206
104.034058,30.465283,-1,8207
104.296123,30.993775,220,8208
104.555324,30.352678,121,8209
104.16875,30.74131,88,8210
103.895475,30.53434,-1,8211
103.798649,30.874221,-1,8212
104.24286,30.651235,66,8213
104.595931,31.765621,-1,8214
104.042187,30.463777,-1,8215
103.898588,30.38712,-1,8216
104.090813,30.559712,-1,8217
104.03212,30.526964,-1,8218
104.439141,30.980587,-1,8219
104.02655,30.480512,203,8220
103.993855,30.616205,-1,8221
103.603175,30.875922,-1,8222
103.890782,30.633767,-1,8223
104.351219,30.985512,-1,8224
103.957463,30.647454,-1,8225
103.87265,30.779382,138,8226
103.674884,30.346445,-1,8227
104.07972,30.705226,-1,8228
104.167429,30.474946,-1,8229
103.477167,31.318806,-1,8230
103.969234,30.366527,127,8231
104.04076,30.593164,199,8232
104.07111,30.725165,84,8233
104.088696,30.738793,-1,8234
104.170603,30.615402,78,8235
104.148957,30.622221,116,8236
103.598309,30.971923,-1,8237
104.00671,30.506251,-1,8238
103.560967,29.701454,-1,8239
104.165949,30.712681,104,8240
104.049309,30.541609,64,8241
104.101173,30.426465,-1,8242
104.134608,30.37372,-1,8243
103.989235,30.596295,213,8244
104.034444,30.528712,-1,8245
103.678235,30.950508,-1,8246
103.888398,30.55662,81,8247
104.294721,29.659585,-1,8248
103.964624,30.636879,0,8249
103.947824,30.010969,-1,8250
103.516986,30.392009,-1,8251
104.081161,30.496644,-1,8252
104.173129,30.727115,-1,8253
104.157912,30.775713,-1,8254
104.22547,30.525873,94,8255
104.5565,30.759396,-1,8256
103.879851,30.404392,30,8257
104.183503,30.717257,267,8258
103.559906,30.548737,153,8259
103.964123,30.477836,-1,8260
104.087689,30.747725,129,8261
104.349201,31.050212,-1,8262
103.761062,30.404281,-1,8263
103.901918,30.834076,35,8264
104.110811,30.587567,-1,8265
104.203419,30.555394,-1,8266
104.136577,30.405203,-1,8267
103.573172,31.045417,-1,8268
104.120914,30.52211,-1,8269
104.167067,30.636696,-1,8270
103.880537,30.404245,30,8271
104.011133,30.519391,-1,8272
104.126257,30.412788,-1,8273
104.130858,30.67034,59,8274
103.272494,29.241251,-1,8275
104.564841,30.379498,210,8276
104.487946,30.493157,174,8277
103.553384,30.221156,45,8278
103.569766,31.046056,-1,8279
103.862158,30.888654,-1,8280
104.865043,29.225947,-1,8281
104.23519,30.646787,87,8282
103.801768,31.165922,-1,8283
103.970964,30.650439,118,8284
104.393147,30.293627,-1,8285
104.479432,30.490649,-1,8286
104.32722,30.306181,248,8287
103.997026,30.907951,55,8288
104.481457,30.338539,-1,8289
104.268929,31.015325,-1,8290
104.296659,30.993401,220,8291
103.696162,30.615541,-1,8292
104.125229,30.769546,96,8293
104.175104,30.71916,-1,8294
103.69218,30.567403,-1,8295
103.912236,30.630859,156,8296
104.556107,30.099092,-1,8297
104.169256,30.7194,-1,8298
103.935564,30.905432,150,8299
104.018605,30.444759,-1,8300
104.027621,30.482395,-1,8301
104.509215,30.417058,-1,8302
104.222098,30.908735,-1,8303
104.468994,30.84845,254,8304
104.02365,30.525481,-1,8305
104.584502,30.733831,-1,8306
103.798605,31.168236,278,8307
104.439023,30.355508,73,8308
104.961835,30.224296,-1,8309
103.940259,30.852559,-1,8310
104.071083,30.72519,84,8311
104.161452,30.686013,-1,8312
104.140651,30.827625,204,8313
104.213926,30.651705,177,8314
103.850848,31.290307,-1,8315
104.492036,30.427245,-1,8316
104.193782,30.860713,-1,8317
103.543255,31.051908,-1,8318
103.929594,30.97439,-1,8319
104.258076,30.832341,-1,8320
104.225763,30.790732,38,8321
103.819531,30.665382,-1,8322
104.071161,30.725213,84,8323
104.187791,30.590015,-1,8324
103.678388,31.029793,7,8325
104.063914,30.608613,136,8326
104.054853,30.456687,-1,8327
104.502107,30.480611,-1,8328
103.968873,30.656903,-1,8329
103.972436,30.469674,-1,8330
104.112444,30.752991,235,8331
104.797761,30.151887,-1,8332
103.942091,30.279746,-1,8333
104.036284,30.489192,-1,8334
103.82743,30.416805,-1,8335
103.923777,30.717174,172,8336
103.640074,30.895239,-1,8337
103.813081,30.906881,-1,8338
103.893034,30.513845,179,8339
103.678359,31.029524,7,8340
103.797786,31.241086,-1,8341
104.63167,30.872156,-1,8342
103.452555,30.374246,228,8343
104.010056,30.765385,-1,8344
103.978651,30.200894,231,8345
103.896828,30.666391,144,8346
103.879127,30.71943,-1,8347
104.140606,30.716849,-1,8348
103.990871,30.435284,202,8349
103.926471,30.950831,-1,8350
104.089942,30.741516,171,8351
104.11311,30.579896,178,8352
104.075527,30.238834,52,8353
104.47425,30.34477,-1,8354
103.903421,30.539769,-1,8355
103.925854,30.942175,-1,8356
103.540884,31.049973,-1,8357
104.579761,30.388415,-1,8358
104.218034,30.801547,-1,8359
104.497764,30.420294,-1,8360
104.172296,30.718108,-1,8361
104.160492,30.731038,-1,8362
103.497492,30.568639,165,8363
103.635892,30.517749,-1,8364
104.077644,30.454431,-1,8365
104.338739,30.701699,-1,8366
103.833587,30.17556,-1,8367
103.843911,30.37359,-1,8368
104.131285,30.670787,59,8369
104.230637,30.792257,-1,8370
104.061964,30.418988,8,8371
103.956792,30.030755,-1,8372
103.912025,30.798685,232,8373
104.069912,30.768544,119,8374
104.056838,30.427813,-1,8375
103.64786,30.951679,190,8376
103.883077,30.672944,-1,8377
104.044011,30.445887,101,8378
104.060305,30.64804,-1,8379
103.961776,30.663464,-1,8380
103.603975,30.970037,-1,8381
103.909444,30.54391,147,8382
104.374397,30.442233,-1,8383
104.213699,30.745022,-1,8384
104.049669,30.653316,-1,8385
104.036562,30.29665,167,8386
104.118754,30.468895,-1,8387
104.224993,30.707302,-1,8388
104.503038,30.419144,-1,8389
104.272123,30.826667,-1,8390
104.54995,31.106053,-1,8391
104.296774,30.994412,220,8392
104.043326,30.447033,101,8393
103.701191,31.030552,-1,8394
103.844731,30.012865,-1,8395
104.151256,30.775746,259,8396
103.701652,30.602561,27,8397
103.965626,30.434376,-1,8398
103.994234,30.764794,163,8399
103.962349,30.641475,-1,8400
104.115807,30.583358,25,8401
104.238074,30.65293,13,8402
103.956728,30.030478,-1,8403
104.077654,30.794648,-1,8404
103.795628,31.236269,-1,8405
104.06243,30.626165,-1,8406
104.624906,30.857788,-1,8407
104.552002,30.716295,-1,8408
103.923306,30.716624,172,8409
103.701333,30.602677,27,8410
104.178758,30.78305,260,8411
104.104591,30.587499,-1,8412
104.210869,30.609785,-1,8413
104.177898,30.789114,-1,8414
104.072703,30.730904,-1,8415
104.424054,30.474239,229,8416
103.549508,29.712842,-1,8417
103.945066,30.585455,-1,8418
103.936967,30.323814,-1,8419
103.902069,30.538587,-1,8420
104.130495,30.670857,59,8421
104.388198,30.74706,-1,8422
103.632517,30.955638,-1,8423
104.29068,30.383178,-1,8424
104.366096,30.857311,-1,8425
104.512924,30.420138,47,8426
104.450017,30.872322,-1,8427
103.862459,30.710638,-1,8428
104.327291,30.862188,-1,8429
104.391296,30.284021,62,8430
104.106795,30.755831,-1,8431
103.887604,30.37666,-1,8432
103.802583,30.606765,-1,8433
104.118079,30.757134,20,8434
104.854297,30.229338,-1,8435
103.632898,30.581212,-1,8436
103.503433,30.564588,-1,8437
104.233622,30.794019,-1,8438
104.387105,31.067046,-1,8439
103.89881,30.615323,140,8440
104.032502,30.858624,-1,8441
104.106479,30.587299,143,8442
104.10648,30.740537,122,8443
103.709453,30.393914,276,8444
104.006335,30.592302,173,8445
104.277235,31.141811,-1,8446
103.623068,31.49287,-1,8447
103.693508,30.937838,-1,8448
104.109657,30.562382,-1,8449
103.986424,30.4564,-1,8450
103.988761,30.64804,-1,8451
103.9929,29.024372,-1,8452
104.521573,30.429634,48,8453
104.127072,30.410991,-1,8454
104.000875,30.762602,-1,8455
104.57103,31.034175,-1,8456
104.543806,31.379979,-1,8457
103.732222,30.333413,-1,8458
103.709216,29.158778,-1,8459
104.186213,30.684769,227,8460
104.616162,30.158424,-1,8461
104.00733,30.524078,-1,8462
104.222368,30.696886,-1,8463
104.50123,30.487316,-1,8464
104.145915,30.707092,-1,8465
104.558869,31.034646,-1,8466
103.505843,30.559248,247,8467
104.234605,30.646256,87,8468
103.95218,30.428107,14,8469
103.794988,30.440992,-1,8470
104.112057,30.570049,-1,8471
104.644898,30.665382,-1,8472
104.117344,30.537772,-1,8473
104.024046,30.593005,-1,8474
103.530413,30.405866,-1,8475
104.226753,30.792698,38,8476
103.912304,30.630893,156,8477
104.063512,30.610739,136,8478
103.800146,30.87296,-1,8479
104.176411,30.441971,-1,8480
104.273105,30.681089,-1,8481
104.023289,30.894251,-1,8482
103.969467,30.366451,127,8483
103.800333,30.693994,-1,8484
104.232029,30.639639,-1,8485
103.776714,30.83856,-1,8486
104.038721,30.333355,-1,8487
104.019127,29.138972,6,8488
103.760151,30.665354,250,8489
104.320337,30.277747,188,8490
103.935551,30.905535,150,8491
103.872369,30.779491,138,8492
104.219035,30.655164,110,8493
103.712993,31.203995,-1,8494
103.896158,30.665988,144,8495
103.958174,30.662627,257,8496
103.799454,30.64279,-1,8497
104.050828,30.478319,-1,8498
103.915318,30.418641,-1,8499
104.990493,29.542339,-1,8500
104.177953,30.726455,-1,8501
104.455166,30.462522,-1,8502
104.263211,30.649017,-1,8503
104.044844,30.940855,-1,8504
104.157286,30.646172,-1,8505
103.939051,30.853708,-1,8506
104.110539,30.57563,-1,8507
104.106778,30.740632,122,8508
104.087715,30.383786,-1,8509
104.097657,30.584545,193,8510
104.286519,30.678905,-1,8511
103.642295,30.942528,206,8512
103.968425,30.186782,-1,8513
104.37803,30.313213,243,8514
103.820659,30.451961,-1,8515
103.843151,30.538684,-1,8516
103.464806,30.452682,80,8517
104.094931,30.462919,268,8518
103.883017,30.665943,109,8519
104.006423,30.592326,173,8520
104.011133,30.519391,-1,8521
103.772018,29.471764,-1,8522
103.921352,30.943526,-1,8523
104.3265,30.860194,54,8524
104.084643,30.793357,-1,8525
103.888165,31.035555,-1,8526
104.115832,30.584369,25,8527
103.868519,30.658909,-1,8528
103.824941,30.581577,-1,8529
103.86227,30.451272,-1,8530
103.661796,30.920034,-1,8531
103.852939,31.292358,-1,8532
103.586672,30.521105,-1,8533
104.359439,30.710372,-1,8534
103.642961,30.943331,206,8535
104.505539,30.506426,-1,8536
104.225241,30.707552,-1,8537
104.118175,30.756722,20,8538
103.937538,30.619379,18,8539
103.855979,30.628704,-1,8540
104.386261,30.487654,-1,8541
103.560018,30.548987,153,8542
104.392137,30.298982,139,8543
104.107812,30.507944,-1,8544
103.998104,30.467843,-1,8545
104.757397,30.628798,-1,8546
104.118439,30.757314,20,8547
104.138063,30.647028,-1,8548
103.951175,30.939312,-1,8549
104.300349,30.389243,-1,8550
103.965108,30.310026,-1,8551
104.058497,30.367234,-1,8552
103.348854,30.366167,-1,8553
103.886641,30.528502,31,8554
103.657101,30.924731,-1,8555
103.662529,30.970451,24,8556
103.496184,30.175056,-1,8557
103.847953,30.430928,-1,8558
104.140471,30.827323,204,8559
104.120309,30.773114,169,8560
104.342115,31.149952,-1,8561
103.922514,30.886521,-1,8562
104.179274,30.689198,-1,8563
103.967504,30.633892,-1,8564
104.060217,30.432262,-1,8565
104.293937,30.97125,-1,8566
104.569437,30.37199,246,8567
104.762024,30.616075,255,8568
103.978651,30.200894,231,8569
103.620283,30.962574,-1,8570
104.49404,30.325803,-1,8571
103.701177,30.602556,27,8572
103.697059,30.397897,-1,8573
103.850008,30.207604,-1,8574
104.323304,30.645008,17,8575
104.131229,30.955158,-1,8576
103.66113,30.961001,97,8577
104.019994,29.139561,6,8578
104.217235,30.694037,-1,8579
103.750215,30.635472,-1,8580
104.333637,30.645932,216,8581
104.223987,30.566521,183,8582
104.450693,30.476213,-1,8583
103.864885,30.77809,-1,8584
104.324105,31.116933,-1,8585
104.244421,30.645259,41,8586
103.905427,30.810677,200,8587
103.837474,30.357887,-1,8588
104.397593,30.757877,-1,8589
103.695299,30.61834,-1,8590
103.706255,30.396159,-1,8591
103.905879,30.37021,-1,8592
103.972212,30.542767,3,8593
103.917114,30.68368,124,8594
104.394511,30.896277,-1,8595
104.353233,30.844267,-1,8596
103.808708,30.401794,-1,8597
104.499665,30.635306,-1,8598
104.076214,30.239107,52,8599
103.857415,30.450874,-1,8600
103.531586,30.562682,-1,8601
103.037404,29.908402,-1,8602
103.508642,30.754637,-1,8603
103.661396,30.961181,97,8604
104.255708,30.578088,-1,8605
104.018288,30.442372,-1,8606
103.898504,30.614847,140,8607
103.464801,30.452597,80,8608
104.255298,30.531038,92,8609
103.684586,30.300842,-1,8610
103.740928,30.395501,-1,8611
104.028668,30.551367,269,8612
104.193227,30.529913,-1,8613
104.515645,30.635074,-1,8614
104.398222,31.008604,-1,8615
103.063005,30.030939,-1,8616
103.964526,31.057513,-1,8617
104.04244,30.19926,-1,8618
104.383817,31.17551,-1,8619
104.059459,30.635201,-1,8620
104.149306,30.622249,116,8621
104.223955,30.80259,-1,8622
103.972546,30.622837,-1,8623
104.099573,30.60547,-1,8624
103.182317,30.011281,-1,8625
104.466321,30.344051,-1,8626
103.9371,30.613587,114,8627
104.527216,30.644995,-1,8628
104.477128,30.355126,-1,8629
104.487635,30.4592,51,8630
103.795909,31.15983,-1,8631
104.487362,30.459334,51,8632
104.117288,30.583983,-1,8633
103.713896,30.527073,1,8634
103.740249,30.356782,-1,8635
104.323235,30.645101,17,8636
104.432651,30.486244,-1,8637
104.663027,31.09096,187,8638
104.097499,30.584681,193,8639
104.311652,30.298984,108,8640
104.02234,30.500985,-1,8641
104.05509,30.456667,-1,8642
104.112085,30.752848,235,8643
103.935904,30.905502,150,8644
103.997851,30.478626,-1,8645
104.104251,30.827739,-1,8646
103.896668,30.666503,144,8647
104.091838,30.218149,-1,8648
104.301163,30.316548,-1,8649
103.993875,30.504471,-1,8650
103.80385,31.166572,-1,8651
104.503732,30.426643,-1,8652
103.61065,30.824894,-1,8653
104.35921,30.726683,-1,8654
103.940337,30.62091,89,8655
104.056501,30.40417,-1,8656
104.506351,30.483433,-1,8657
104.538974,31.861263,-1,8658
103.908759,30.543403,147,8659
103.650196,30.435934,-1,8660
103.812573,30.631867,56,8661
104.253116,30.773876,-1,8662
103.904927,30.353566,-1,8663
104.145353,30.581546,-1,8664
104.035157,30.756409,-1,8665
104.223995,30.566471,183,8666
103.92668,30.946991,-1,8667
103.975809,30.579012,-1,8668
103.874946,30.830815,-1,8669
104.058484,30.368437,-1,8670
104.283629,30.815163,-1,8671
104.093602,30.581189,2,8672
104.107049,30.490942,223,8673
102.067566,31.502098,-1,8674
103.819523,30.665514,-1,8675
103.972364,30.542185,3,8676
104.071497,30.462582,-1,8677
104.246218,30.594627,-1,8678
103.912683,30.82461,120,8679
104.062398,30.420238,-1,8680
104.103834,30.497786,107,8681
104.255466,30.859548,146,8682
104.002649,30.736856,-1,8683
103.832203,30.619375,-1,8684
104.214458,30.611044,-1,8685
104.160585,30.643414,-1,8686
104.102583,30.497011,107,8687
104.118359,30.757152,20,8688
103.673867,30.422844,-1,8689
104.036579,30.296952,167,8690
104.745407,30.451721,22,8691
103.78352,31.169814,-1,8692
104.011256,30.517574,-1,8693
104.106748,30.60775,-1,8694
104.087691,30.74761,129,8695
103.541678,31.051693,-1,8696
103.967762,30.458665,-1,8697
104.093053,30.581207,2,8698
104.188342,31.004405,-1,8699
103.875,30.423196,-1,8700
104.319727,29.734242,-1,8701
103.706119,30.89791,-1,8702
103.996896,30.327148,-1,8703
104.204984,30.557845,-1,8704
103.858068,31.065242,263,8705
104.555268,30.35271,121,8706
104.202583,30.726035,33,8707
104.106534,30.740636,122,8708
104.518454,30.635,-1,8709
103.959985,30.517579,58,8710
103.921048,30.703003,90,8711
103.783846,30.621784,-1,8712
103.829725,30.622331,-1,8713
104.566008,30.377811,-1,8714
104.661552,30.078418,-1,8715
103.876194,30.613305,-1,8716
103.708782,30.453525,-1,8717
103.851026,30.437188,86,8718
103.688674,31.024495,-1,8719
104.495724,30.470978,-1,8720
104.298024,30.683836,-1,8721
103.939956,30.504185,-1,8722
103.881465,30.769707,-1,8723
103.941674,30.470417,-1,8724
103.96539,30.541901,-1,8725
104.16969,30.528018,-1,8726
103.681868,30.596747,-1,8727
103.886953,30.528455,31,8728
104.071696,30.362796,-1,8729
103.474672,30.431633,40,8730
104.0417,30.196958,-1,8731
104.028554,30.337802,-1,8732
103.971188,30.653823,-1,8733
104.174842,30.715255,61,8734
103.921166,30.703174,90,8735
103.879407,30.413352,-1,8736
103.859743,30.301588,-1,8737
104.081004,30.701837,-1,8738
103.911104,30.700546,-1,8739
104.2431,30.645762,41,8740
103.089159,30.058996,-1,8741
103.881132,31.087481,159,8742
104.235869,30.646902,87,8743
104.100781,30.749575,-1,8744
104.007995,30.718845,-1,8745
104.178651,30.78306,260,8746
103.889578,30.383656,34,8747
104.226335,30.792831,38,8748
104.106198,30.608115,-1,8749
104.255298,30.531038,92,8750
104.195364,30.683234,-1,8751
104.057431,30.668047,-1,8752
103.506034,30.559276,247,8753
104.43868,30.355579,73,8754
104.485678,30.43785,-1,8755
103.859079,30.663237,-1,8756
104.162744,30.720552,-1,8757
104.499209,30.467615,-1,8758
104.095186,30.441898,-1,8759
104.203168,30.74779,-1,8760
103.800769,30.453581,-1,8761
103.912881,30.824703,120,8762
103.517398,30.750565,-1,8763
104.071062,30.769063,-1,8764
103.596385,31.039159,-1,8765
104.347525,30.487807,-1,8766
104.309135,30.865065,137,8767
104.283535,30.581175,-1,8768
104.543751,30.718154,-1,8769
104.16833,30.741692,88,8770
103.994077,30.438481,-1,8771
104.460844,30.350483,-1,8772
103.940443,30.614252,197,8773
103.956882,30.723061,280,8774
104.671317,30.055186,-1,8775
104.530241,30.635767,-1,8776
103.720387,30.595049,-1,8777
103.932528,30.609629,-1,8778
103.977732,30.688528,28,8779
103.279818,29.260769,-1,8780
104.225442,30.79133,38,8781
104.220791,30.638965,10,8782
104.049371,31.247722,-1,8783
104.313367,30.274568,-1,8784
104.357571,30.660811,170,8785
104.438243,30.356784,73,8786
103.913839,30.235639,-1,8787
103.942879,30.525604,-1,8788
103.916365,30.369413,149,8789
104.138469,30.610873,132,8790
103.82067,31.158142,-1,8791
103.16996,31.437498,-1,8792
103.595069,30.855163,-1,8793
104.378046,30.313197,243,8794
103.993495,30.764691,163,8795
104.164673,30.452664,-1,8796
104.106452,30.740382,122,8797
104.251206,30.526476,-1,8798
104.225337,30.638695,-1,8799
103.636666,30.485146,-1,8800
104.318865,30.713621,-1,8801
104.47712,30.355274,-1,8802
104.12354,30.522102,-1,8803
104.002009,30.884101,-1,8804
103.970785,30.650382,118,8805
104.21522,30.773025,-1,8806
104.093178,30.581175,2,8807
103.91271,30.824633,120,8808
103.460308,30.464127,-1,8809
103.585632,30.759045,-1,8810
103.314051,31.083701,-1,8811
104.121057,30.502388,-1,8812
104.511973,30.421583,-1,8813
103.982541,31.075266,-1,8814
104.10216,30.49827,107,8815
104.135649,30.805836,85,8816
103.982678,30.449811,-1,8817
103.801718,31.249829,-1,8818
104.059562,30.651946,-1,8819
103.642924,30.853352,-1,8820
104.026014,30.432456,-1,8821
104.308766,30.865481,137,8822
104.052098,30.487256,-1,8823
104.285263,30.697791,-1,8824
104.203483,30.726012,33,8825
104.29335,30.807143,-1,8826
104.54654,29.503819,-1,8827
103.466109,30.438207,91,8828
103.819228,31.258127,-1,8829
103.810259,30.631968,185,8830
103.62548,30.931866,-1,8831
104.223961,30.566364,183,8832
104.203552,30.726293,33,8833
104.51321,30.420095,47,8834
103.719747,30.587516,-1,8835
103.968393,30.64149,-1,8836
103.916984,30.684039,124,8837
103.915318,30.418641,-1,8838
103.497324,30.568439,165,8839
104.103675,30.512327,77,8840
103.852113,31.292773,-1,8841
104.127809,30.599886,-1,8842
103.858991,30.453999,-1,8843
103.532337,31.404674,135,8844
103.685979,31.020387,-1,8845
103.977085,30.641015,-1,8846
104.246131,30.798256,-1,8847
104.095783,30.538173,21,8848
104.104571,30.512335,77,8849
104.138936,30.522112,-1,8850
103.915507,29.907215,-1,8851
103.636866,30.474523,-1,8852
103.505802,30.559076,247,8853
103.682157,31.027388,234,8854
103.863827,30.346953,-1,8855
103.942214,30.847627,-1,8856
104.02365,30.525034,-1,8857
104.107323,30.511543,-1,8858
104.252079,30.664704,-1,8859
104.203225,30.726019,33,8860
104.244674,30.598666,-1,8861
103.673821,30.903986,-1,8862
103.997575,30.757506,15,8863
104.168862,30.740957,88,8864
104.109668,30.504935,225,8865
103.677925,31.029799,7,8866
103.742533,30.534105,-1,8867
104.068286,30.183576,-1,8868
104.041303,30.33863,-1,8869
103.674006,31.028736,-1,8870
104.481166,30.609522,-1,8871
104.224957,30.638746,-1,8872
104.111043,30.468837,-1,8873
103.67814,31.029767,7,8874
104.496442,30.47166,-1,8875
103.970651,30.650372,118,8876
103.794801,30.755778,-1,8877
103.701805,30.602358,27,8878
103.682732,31.028734,-1,8879
104.177869,30.719036,103,8880
104.125251,30.769708,96,8881
104.135675,29.979591,-1,8882
104.087524,30.420678,-1,8883
103.618371,30.522703,-1,8884
103.899021,30.744153,-1,8885
104.003287,30.735004,242,8886
103.944942,30.709201,-1,8887
104.47083,30.339207,-1,8888
103.820604,30.451911,-1,8889
103.959917,30.517514,58,8890
104.214143,30.651282,177,8891
104.106819,30.490896,223,8892
103.814593,30.63306,56,8893
104.211641,30.687368,-1,8894
104.049325,30.541796,64,8895
103.455099,30.748731,-1,8896
103.853743,30.764858,-1,8897
103.654522,30.92603,111,8898
103.701742,30.602434,27,8899
103.96927,30.366682,127,8900
104.032071,30.758833,-1,8901
104.182743,30.457504,-1,8902
104.324001,31.120119,-1,8903
104.063644,30.633359,240,8904
103.718566,30.614624,-1,8905
103.892922,31.019962,-1,8906
103.660416,30.383966,-1,8907
103.697781,30.407228,270,8908
104.587532,30.390811,-1,8909
104.17735,30.720919,-1,8910
104.010385,30.741828,-1,8911
104.245393,30.645416,41,8912
104.062057,30.419017,8,8913
104.08876,30.737844,-1,8914
104.191293,30.74219,-1,8915
103.836038,30.575126,-1,8916
104.745439,30.45169,22,8917
103.98066,30.98648,-1,8918
103.954512,30.570558,-1,8919
103.715848,30.592767,-1,8920
104.18824,30.51465,189,8921
103.674666,30.902362,-1,8922
103.701609,30.602712,27,8923
104.073121,30.227824,-1,8924
104.2425,30.650545,66,8925
104.235406,30.64662,87,8926
104.595931,31.765621,-1,8927
104.392817,30.283438,62,8928
103.985382,31.048243,-1,8929
103.49979,30.569409,165,8930
103.711767,30.340458,-1,8931
103.9371,30.613587,114,8932
104.177389,30.718636,103,8933
103.499295,30.569425,165,8934
103.711763,30.798548,-1,8935
104.069629,30.768768,119,8936
103.702435,30.851363,-1,8937
104.202495,31.188814,-1,8938
103.939509,30.617143,49,8939
103.982338,30.784495,43,8940
104.520104,30.430127,48,8941
104.118559,30.756806,20,8942
104.000422,30.520359,222,8943
103.81331,30.632669,56,8944
104.071788,30.655375,-1,8945
103.496079,30.548536,46,8946
104.94609,29.178973,-1,8947
104.109477,30.642627,-1,8948
104.139737,30.671059,-1,8949
104.043582,30.446637,101,8950
103.972955,30.961257,-1,8951
103.937187,30.613537,114,8952
104.394522,30.350226,69,8953
103.86068,30.803596,176,8954
104.34443,30.623793,-1,8955
104.469672,30.346584,-1,8956
103.934152,30.812116,-1,8957
103.957492,30.665563,-1,8958
103.883296,30.665939,109,8959
104.103519,30.497511,107,8960
103.72222,30.800212,-1,8961
103.938573,30.616408,160,8962
103.496487,30.548548,46,8963
103.936258,30.782562,-1,8964
104.214803,30.583665,115,8965
104.43541,30.836076,-1,8966
104.13517,30.71238,-1,8967
104.348023,30.91183,-1,8968
104.601992,30.878603,-1,8969
104.032921,30.448002,-1,8970
103.832724,30.549674,133,8971
104.886966,30.171812,-1,8972
103.961342,30.64492,-1,8973
104.261427,30.866939,-1,8974
104.09245,30.579967,-1,8975
103.920902,30.703303,90,8976
103.78922,30.642068,-1,8977
103.884709,30.388486,131,8978
104.549116,30.675026,-1,8979
104.195321,30.686396,-1,8980
104.118655,30.757768,20,8981
104.151256,30.775746,259,8982
104.118495,30.757278,20,8983
104.034169,30.599415,-1,8984
104.202665,30.744848,-1,8985
104.316348,30.60534,-1,8986
104.320788,30.327704,-1,8987
104.051222,30.546679,-1,8988
104.244887,30.708594,-1,8989
104.166135,31.011815,-1,8990
103.952581,30.427965,14,8991
104.308786,30.865297,137,8992
103.937942,30.635144,-1,8993
103.860645,30.628381,-1,8994
103.969387,30.604383,-1,8995
104.165577,30.65863,71,8996
104.106524,30.587334,143,8997
103.828207,31.157227,-1,8998
104.076745,30.794697,-1,8999
104.397617,30.824157,-1,9000
104.037571,30.239382,-1,9001
104.05613,30.847905,164,9002
103.983315,30.024244,-1,9003
104.29101,30.877337,93,9004
104.157254,30.64618,-1,9005
104.006953,30.592738,173,9006
104.095656,30.541194,145,9007
104.050492,30.655029,-1,9008
103.714535,30.343761,-1,9009
104.278268,31.127236,-1,9010
103.951672,30.354673,-1,9011
104.708453,30.886109,-1,9012
104.157999,30.650296,-1,9013
104.540733,30.418416,-1,9014
104.254863,30.579676,-1,9015
104.523989,30.635419,-1,9016
104.018579,30.229814,-1,9017
103.811035,30.651713,-1,9018
104.043374,30.458731,-1,9019
103.834032,30.322369,-1,9020
103.935764,30.905448,150,9021
104.005804,30.515669,-1,9022
103.897369,30.836267,9,9023
103.851602,30.988126,-1,9024
103.749266,30.530331,196,9025
104.145353,30.581546,-1,9026
103.836545,30.466078,-1,9027
104.745703,30.45162,22,9028
103.997026,30.907951,55,9029
103.851236,30.437063,86,9030
103.532409,31.404722,135,9031
104.164345,30.658588,71,9032
104.46229,30.605858,-1,9033
103.680212,30.617195,-1,9034
104.473928,30.48606,218,9035
103.8596,30.663209,-1,9036
103.852417,31.120158,-1,9037
103.778343,31.178114,-1,9038
103.661444,30.961261,97,9039
104.024106,31.424652,-1,9040
104.503575,30.481057,-1,9041
103.037279,29.9083,-1,9042
103.443973,31.272877,-1,9043
103.908903,30.543221,147,9044
104.968757,29.684753,-1,9045
103.964607,30.636932,0,9046
104.131085,30.961445,-1,9047
104.112081,31.07591,-1,9048
103.459937,30.747137,236,9049
104.118832,30.756788,20,9050
104.556107,30.099092,-1,9051
103.969578,30.661919,-1,9052
104.087731,30.570765,-1,9053
103.909892,30.544505,147,9054
104.315582,30.303106,4,9055
103.960032,30.517382,58,9056
104.34536,30.730742,-1,9057
104.392473,30.283769,62,9058
104.215493,30.820709,186,9059
104.226764,30.593124,-1,9060
103.698161,31.042075,-1,9061
103.957233,30.647389,-1,9062
103.847087,30.540528,-1,9063
103.923202,30.717302,172,9064
104.393003,30.283549,62,9065
104.111903,31.37726,-1,9066
104.106424,30.587387,143,9067
104.347991,30.91178,-1,9068
103.997349,30.731949,-1,9069
104.152379,30.61181,-1,9070
103.561024,30.748566,217,9071
104.024632,30.859413,-1,9072
103.445123,31.275462,-1,9073
104.106435,30.575902,-1,9074
103.937042,30.61322,114,9075
103.818836,30.854923,-1,9076
103.694327,31.516106,-1,9077
103.921091,30.703138,90,9078
104.203901,30.725943,33,9079
104.030886,30.248891,-1,9080
104.243701,29.945799,-1,9081
104.063703,30.608741,136,9082
104.086375,30.456529,-1,9083
103.562618,29.863851,-1,9084
104.102575,30.493227,-1,9085
104.24327,30.645712,41,9086
104.072515,30.425108,-1,9087
104.169555,30.741393,88,9088
104.247305,30.577204,-1,9089
103.884709,30.388486,131,9090
103.541185,30.58332,-1,9091
104.017746,29.139205,-1,9092
104.072534,30.420119,-1,9093
104.131494,30.642711,-1,9094
103.9633,30.447869,-1,9095
103.728848,30.801592,-1,9096
103.970547,30.650472,118,9097
104.223328,30.710525,-1,9098
104.483641,30.346245,-1,9099
104.323621,30.644933,17,9100
103.699816,30.523361,-1,9101
104.140074,30.781733,-1,9102
104.090138,30.517461,-1,9103
104.057531,30.38288,-1,9104
104.421559,30.610406,-1,9105
103.936022,30.579318,-1,9106
104.106445,30.508893,-1,9107
104.37803,30.313297,243,9108
104.317365,30.277565,-1,9109
103.415366,30.757295,-1,9110
104.072655,30.39529,-1,9111
103.671538,30.317369,-1,9112
104.141027,30.646137,274,9113
103.916212,30.369531,149,9114
104.392473,30.283769,62,9115
104.162363,31.461404,-1,9116
104.109817,30.563271,-1,9117
104.498469,30.476255,-1,9118
104.113315,30.584709,-1,9119
104.33128,30.274368,-1,9120
103.981254,30.785486,43,9121
104.227355,30.858199,-1,9122
103.824941,30.581577,-1,9123
103.939936,30.999866,221,9124
104.060577,30.649947,-1,9125
104.112287,30.512914,252,9126
103.531197,31.404822,135,9127
103.917431,30.98581,-1,9128
103.833382,30.635516,26,9129
104.170039,30.528241,-1,9130
104.483358,30.608568,-1,9131
103.147253,30.461352,-1,9132
104.177029,30.718611,103,9133
103.49979,30.569409,165,9134
103.722258,30.561609,-1,9135
103.923449,30.716708,172,9136
104.357571,30.660811,170,9137
104.063629,30.609011,136,9138
103.69112,30.640709,-1,9139
104.552113,30.716517,-1,9140
103.908477,30.543196,147,9141
104.208024,30.524402,-1,9142
104.11019,30.544213,-1,9143
104.469479,30.599644,-1,9144
103.79091,30.982476,-1,9145
104.151971,30.843007,-1,9146
104.164495,30.395149,-1,9147
103.988048,30.723844,-1,9148
104.578342,30.358241,-1,9149
102.961983,30.187588,-1,9150
103.866736,30.312186,-1,9151
103.399234,29.923389,-1,9152
103.91316,30.630897,156,9153
103.954981,30.663108,-1,9154
103.553375,30.220814,45,9155
103.866381,31.077635,-1,9156
104.535247,30.402911,-1,9157
104.424536,30.473502,229,9158
104.141796,30.716597,-1,9159
104.125999,30.894223,-1,9160
103.972385,30.662042,-1,9161
104.255466,30.531172,92,9162
103.904776,30.977885,-1,9163
103.866964,30.872934,-1,9164
103.44439,30.751403,-1,9165
103.76031,30.39418,-1,9166
104.257411,30.530302,-1,9167
104.013697,30.225833,-1,9168
103.902359,30.835117,35,9169
104.185868,30.719646,74,9170
104.164113,30.384106,-1,9171
104.175255,30.66433,272,9172
104.234647,30.646131,87,9173
103.983436,30.024204,-1,9174
104.078176,30.684119,-1,9175
104.058165,30.368129,-1,9176
103.914237,30.675422,191,9177
103.987874,30.723791,-1,9178
104.537208,30.365885,201,9179
104.113481,30.584604,-1,9180
104.043087,30.447361,101,9181
103.859328,31.066139,263,9182
104.203267,30.726196,33,9183
104.668414,30.087515,-1,9184
103.967505,30.648439,70,9185
104.316062,30.276739,-1,9186
104.317306,30.302504,-1,9187
103.559889,30.548869,153,9188
104.044727,30.444899,101,9189
103.972767,30.738364,-1,9190
104.470631,30.510601,-1,9191
103.636851,30.902899,-1,9192
103.959498,30.437612,-1,9193
103.861097,30.445364,237,9194
103.880772,30.356271,-1,9195
103.717763,30.608996,-1,9196
103.961026,30.941085,-1,9197
103.952234,30.936895,-1,9198
104.319908,30.715221,-1,9199
103.073175,30.513399,-1,9200
104.076277,30.780074,-1,9201
103.86326,30.834841,-1,9202
102.961983,30.187589,-1,9203
104.086784,30.784685,-1,9204
103.916906,30.683748,124,9205
104.535245,30.402931,-1,9206
103.973295,30.738854,-1,9207
104.227705,30.802534,-1,9208
104.564889,30.379194,210,9209
104.24262,30.650418,66,9210
104.118888,30.522228,-1,9211
104.466321,30.344051,-1,9212
104.323131,30.34296,-1,9213
104.203486,30.725995,33,9214
103.676673,30.950478,-1,9215
104.424346,30.473996,229,9216
104.721696,30.413161,-1,9217
103.935435,30.782373,-1,9218
103.457273,30.430583,-1,9219
104.155317,30.51058,-1,9220
104.398224,31.008605,-1,9221
104.179014,30.783477,260,9222
103.895803,30.842061,-1,9223
103.547765,31.054131,-1,9224
104.660557,31.130979,-1,9225
104.516472,30.353629,-1,9226
104.213481,30.583811,115,9227
104.048312,30.5412,64,9228
103.843072,30.576505,-1,9229
104.039092,30.530643,-1,9230
104.448458,30.85762,-1,9231
104.028745,30.551256,269,9232
103.866453,30.602138,-1,9233
104.093884,30.581012,2,9234
104.509677,30.636527,-1,9235
104.24991,30.663589,-1,9236
103.992838,30.615871,-1,9237
103.892992,30.513392,179,9238
104.048189,30.427735,126,9239
104.046805,30.42804,126,9240
103.776742,30.577138,-1,9241
104.239532,30.607247,-1,9242
104.05614,30.392858,-1,9243
104.564937,30.379131,210,9244
104.172909,30.48429,29,9245
103.553264,30.221322,45,9246
103.721707,30.605458,-1,9247
104.118191,30.75732,20,9248
104.095805,30.541278,145,9249
104.057779,30.419177,-1,9250
104.121001,30.785468,-1,9251
104.973683,29.870369,23,9252
104.00102,30.762699,-1,9253
104.07789,30.684289,-1,9254
104.092074,30.46192,-1,9255
104.372181,30.864391,209,9256
104.565688,30.372013,198,9257
104.522771,30.684598,-1,9258
104.136555,30.712919,-1,9259
104.352192,30.768294,-1,9260
102.067566,31.502098,-1,9261
103.886836,30.820448,207,9262
103.708782,30.453559,-1,9263
104.523241,30.429861,48,9264
104.323427,30.645085,17,9265
103.896673,31.014357,-1,9266
103.862117,30.710789,-1,9267
103.880345,30.604204,152,9268
103.897366,30.490995,-1,9269
104.07615,30.23907,52,9270
104.172973,30.484508,29,9271
103.959901,30.501159,-1,9272
104.221759,30.834958,-1,9273
104.529373,31.863601,-1,9274
103.498395,30.569082,165,9275
104.218952,30.655292,110,9276
103.489787,30.184626,262,9277
103.687999,30.616045,-1,9278
104.076419,30.785334,-1,9279
103.858618,30.784491,-1,9280
103.594886,30.518713,-1,9281
103.902802,30.658427,148,9282
103.8995,31.007604,-1,9283
103.677394,30.338999,106,9284
104.071368,30.725203,84,9285
104.032185,30.471049,-1,9286
103.990449,30.722773,-1,9287
103.951694,30.790279,-1,9288
104.112048,30.75311,235,9289
103.676673,30.950478,-1,9290
103.912037,30.630936,156,9291
104.072014,30.373348,-1,9292
103.876166,30.500862,166,9293
104.237084,30.648268,-1,9294
104.188176,30.5146,189,9295
103.602224,30.996908,-1,9296
103.878914,30.19784,175,9297
104.153482,30.571153,-1,9298
104.093636,30.581112,2,9299
103.938109,30.614109,114,9300
103.908935,30.543287,147,9301
104.104743,30.520939,-1,9302
104.24744,29.016708,-1,9303
104.496688,30.614307,-1,9304
104.353862,30.995504,-1,9305
104.165282,30.658856,71,9306
104.529373,31.863601,-1,9307
103.535811,30.74253,-1,9308
103.943053,30.583985,-1,9309
103.902306,30.658335,148,9310
104.183945,30.689453,-1,9311
104.520959,30.43248,-1,9312
103.878794,30.19819,175,9313
103.459912,30.746477,236,9314
103.986831,30.484864,-1,9315
103.989919,30.725744,-1,9316
104.063675,30.633258,240,9317
104.106675,30.503061,-1,9318
103.887095,31.056602,-1,9319
104.187619,30.017934,-1,9320
104.234462,30.646271,87,9321
103.694895,29.233853,-1,9322
104.203061,30.726005,33,9323
103.677535,31.029891,7,9324
104.16414,30.561233,-1,9325
104.198958,31.580427,-1,9326
103.960023,30.15192,-1,9327
103.601125,31.064604,157,9328
103.645377,30.890851,-1,9329
104.438608,30.356161,73,9330
103.884677,30.583574,-1,9331
104.391185,30.286005,-1,9332
104.367495,30.434805,-1,9333
104.22507,30.707506,-1,9334
103.709621,30.394046,276,9335
103.937228,30.614335,114,9336
103.936071,30.614188,114,9337
104.107147,30.740638,122,9338
103.85546,30.630663,-1,9339
104.255466,30.531172,92,9340
103.958437,30.663556,257,9341
103.887702,30.660997,244,9342
103.371556,30.170036,-1,9343
104.087999,30.728891,-1,9344
104.57481,30.731906,-1,9345
104.195204,30.736463,-1,9346
104.377862,30.313229,243,9347
103.790678,30.667147,-1,9348
104.236242,30.647041,87,9349
104.177326,30.719009,103,9350
104.071031,30.725215,84,9351
103.951306,31.012304,-1,9352
103.805969,31.171754,-1,9353
104.040881,30.66057,-1,9354
103.776922,30.894337,-1,9355
104.009855,30.479692,-1,9356
103.968313,30.98162,-1,9357
104.165972,30.712595,104,9358
103.943427,30.507526,105,9359
103.653111,30.920248,215,9360
104.164553,30.658963,71,9361
104.236046,30.646766,87,9362
103.970822,30.650048,118,9363
104.003584,30.482992,-1,9364
104.182603,30.699968,-1,9365
103.881103,30.620462,-1,9366
104.449615,30.480666,-1,9367
104.436275,30.97717,-1,9368
104.192507,30.700153,-1,9369
103.940249,30.615942,-1,9370
103.959902,30.152012,-1,9371
104.208648,30.523934,-1,9372
104.506122,30.353239,-1,9373
104.079004,30.683888,-1,9374
104.208455,30.82749,-1,9375
104.886966,30.171812,-1,9376
104.412307,30.344681,-1,9377
103.915118,30.861507,-1,9378
103.553375,30.220814,45,9379
104.029338,31.046076,-1,9380
104.130931,30.375933,-1,9381
104.199186,30.672005,-1,9382
104.354051,30.84282,-1,9383
103.908411,30.882691,-1,9384
104.078508,30.755817,-1,9385
103.905374,30.744087,-1,9386
104.331379,30.644476,-1,9387
104.010632,30.518094,-1,9388
104.342187,31.150103,-1,9389
104.147283,30.756804,-1,9390
104.118647,30.757128,20,9391
104.338628,30.45953,-1,9392
104.262493,30.851336,-1,9393
103.747583,30.660914,-1,9394
104.050338,30.540692,64,9395
104.477678,30.502927,-1,9396
103.640239,30.466147,63,9397
104.551999,30.71629,-1,9398
104.087997,30.749459,129,9399
104.058226,30.729396,-1,9400
104.162307,30.55668,-1,9401
104.539118,31.859613,151,9402
103.952683,30.999565,-1,9403
103.559906,30.548737,153,9404
103.686317,30.89709,-1,9405
103.887734,30.660823,244,9406
104.006672,30.592353,173,9407
103.904776,30.977885,-1,9408
103.862931,30.710273,-1,9409
104.291686,30.876948,93,9410
103.807584,29.677783,-1,9411
104.036643,30.661277,-1,9412
104.107301,30.462536,-1,9413
103.678202,31.029841,7,9414
104.159082,30.598699,-1,9415
103.930846,30.534991,-1,9416
103.908059,30.660645,68,9417
103.394161,30.206671,-1,9418
104.021326,30.450123,-1,9419
104.226614,31.038438,-1,9420
103.809698,30.630462,185,9421
103.635222,30.951911,-1,9422
103.498822,30.754176,-1,9423
104.079087,30.818224,-1,9424
104.003472,30.734856,242,9425
103.892034,30.432975,-1,9426
104.161619,30.599681,264,9427
104.00556,30.5157,-1,9428
103.913464,30.710221,-1,9429
104.034677,30.496651,-1,9430
103.498564,30.56883,165,9431
104.479114,30.504336,-1,9432
104.105808,30.513086,245,9433
104.529421,31.386938,-1,9434
104.026825,30.4508,-1,9435
103.56167,29.701768,-1,9436
104.366082,30.857264,-1,9437
104.118151,30.757158,20,9438
104.393057,30.756019,-1,9439
104.972976,29.870354,23,9440
104.234838,30.645938,87,9441
103.952814,31.014274,-1,9442
104.618854,30.683292,-1,9443
104.088205,30.815673,-1,9444
103.976462,30.652843,102,9445
103.854515,30.443699,-1,9446
104.498437,30.475787,-1,9447
104.242962,30.645587,41,9448
103.965571,30.636541,0,9449
104.178934,30.796525,-1,9450
104.49434,31.732266,-1,9451
104.074747,30.73575,-1,9452
103.921134,30.702981,90,9453
104.497192,30.633313,-1,9454
103.635359,30.488391,-1,9455
103.833673,30.342268,-1,9456
102.226243,29.783578,-1,9457
104.251601,30.648923,-1,9458
103.902239,30.834725,35,9459
103.835458,30.816044,-1,9460
104.146038,30.886013,-1,9461
104.243112,30.645999,41,9462
103.851203,30.6246,-1,9463
104.175012,31.627121,-1,9464
104.235462,30.646754,87,9465
103.855457,30.662425,-1,9466
103.663123,30.91043,-1,9467
104.432774,29.864751,-1,9468
104.065799,30.439676,-1,9469
103.935894,30.9056,150,9470
104.088043,30.749598,-1,9471
104.283484,30.937069,-1,9472
104.419026,30.501077,-1,9473
103.751736,30.328516,-1,9474
103.718379,30.614361,-1,9475
102.961983,30.187589,-1,9476
103.102015,30.076002,-1,9477
104.100439,31.370411,-1,9478
104.189746,30.662292,-1,9479
103.93709,30.613354,114,9480
104.469409,30.848146,254,9481
104.200059,30.678658,-1,9482
104.164383,30.383615,-1,9483
103.784268,30.696,-1,9484
103.796847,30.404698,-1,9485
104.533988,29.759405,239,9486
103.956546,30.95812,-1,9487
104.164803,30.658714,71,9488
103.770638,30.398326,-1,9489
103.951295,30.728663,-1,9490
103.703805,30.799037,-1,9491
104.492255,30.328411,-1,9492
104.28768,30.679373,-1,9493
103.505598,30.559109,247,9494
104.077072,30.445142,-1,9495
104.061943,30.64761,-1,9496
103.601013,31.064636,157,9497
104.171658,30.714737,-1,9498
103.904927,30.353566,-1,9499
103.56167,29.701768,-1,9500
104.043544,30.446598,101,9501
103.860078,30.663142,-1,9502
104.221149,30.639246,10,9503
104.397466,30.757874,-1,9504
103.673395,31.156962,-1,9505
103.795546,31.16732,-1,9506
103.350795,30.368417,-1,9507
103.956896,30.723262,280,9508
104.254049,31.092331,-1,9509
104.623176,30.895432,-1,9510
104.168856,30.741601,88,9511
104.005387,30.738057,-1,9512
104.011718,30.485349,-1,9513
104.537332,30.365954,201,9514
104.241731,31.504007,-1,9515
103.883161,30.665809,109,9516
104.529187,30.458961,-1,9517
103.996848,31.140841,-1,9518
103.746492,30.528732,-1,9519
103.919161,30.231468,-1,9520
103.819113,30.797426,192,9521
104.161738,30.69474,-1,9522
103.681807,30.596766,-1,9523
104.168839,30.741344,88,9524
104.337003,30.504041,-1,9525
103.970226,30.650271,118,9526
104.0254,30.157681,-1,9527
103.887702,30.660997,244,9528
104.073558,30.718581,-1,9529
104.18533,30.607388,-1,9530
104.223336,30.885218,-1,9531
103.701701,30.602323,27,9532
104.454584,30.352195,-1,9533
104.220491,30.639091,10,9534
104.113628,30.465767,-1,9535
103.737762,30.512205,212,9536
104.3399,31.126352,-1,9537
104.110375,30.564032,-1,9538
103.749531,30.530381,196,9539
104.595496,31.767986,-1,9540
104.094021,30.581037,2,9541
103.902578,30.658413,148,9542
103.812162,30.740984,-1,9543
104.075527,30.238834,52,9544
104.012417,30.844338,-1,9545
103.924343,30.799726,-1,9546
104.217761,30.686433,-1,9547
104.011427,30.482878,-1,9548
104.175462,30.715341,61,9549
103.938864,30.754352,-1,9550
104.147286,30.661141,32,9551
103.947737,30.01054,-1,9552
103.640239,30.466147,63,9553
104.244044,30.64545,41,9554
103.496063,30.548502,46,9555
103.674463,30.645174,277,9556
103.801904,31.16596,-1,9557
103.411951,30.935022,-1,9558
104.237974,30.65288,13,9559
104.006332,30.592128,173,9560
104.244612,29.946473,-1,9561
103.457314,30.467333,-1,9562
104.199043,30.510431,-1,9563
103.54901,31.051061,-1,9564
103.837688,30.676135,-1,9565
103.749351,30.37724,-1,9566
103.653151,30.920287,215,9567
104.077517,30.53521,-1,9568
104.320321,30.277297,188,9569
104.099346,30.5952,-1,9570
103.95694,30.723348,280,9571
104.081716,30.47341,-1,9572
104.006127,30.623224,-1,9573
103.856242,30.41873,-1,9574
103.798661,31.1673,278,9575
103.997352,30.714846,-1,9576
104.745417,30.451688,22,9577
104.459178,31.104586,-1,9578
103.815412,30.496815,-1,9579
103.956664,30.034553,-1,9580
103.909591,30.544171,147,9581
103.947072,31.019916,-1,9582
104.163725,30.671789,-1,9583
103.817537,31.256452,-1,9584
103.756781,31.194546,-1,9585
103.935221,30.905404,150,9586
104.188065,30.793489,-1,9587
104.051896,30.776506,-1,9588
103.76021,30.665298,250,9589
103.818505,30.634227,56,9590
104.304877,30.863419,-1,9591
104.069878,30.66837,-1,9592
103.900762,30.582688,-1,9593
103.934769,30.58109,-1,9594
104.220788,30.639016,10,9595
104.228014,30.788089,-1,9596
104.038834,30.360028,-1,9597
104.029944,30.711689,-1,9598
103.747537,30.852309,-1,9599
103.992286,30.438106,-1,9600
104.308501,30.845169,265,9601
103.837075,29.975437,-1,9602
104.229357,30.708232,-1,9603
103.893105,30.447376,261,9604
104.315817,30.303007,4,9605
104.412871,30.424163,-1,9606
104.590183,30.389378,-1,9607
103.917174,30.388793,-1,9608
103.994206,30.504666,-1,9609
104.111723,30.530648,-1,9610
104.03748,30.361011,-1,9611
104.317401,30.271873,-1,9612
104.143316,30.581817,-1,9613
103.992103,30.42097,-1,9614
103.908764,30.543328,147,9615
104.336328,30.710581,-1,9616
103.79864,31.167046,278,9617
104.396627,31.064992,-1,9618
103.735897,30.33535,-1,9619
104.669415,29.504022,-1,9620
104.308679,30.845048,265,9621
103.808644,30.40121,-1,9622
103.465599,30.438008,91,9623
103.678078,31.029684,7,9624
103.903544,30.65791,148,9625
103.861097,30.445364,237,9626
104.002828,30.651534,-1,9627
104.203785,30.726015,33,9628
104.008407,30.231294,-1,9629
103.948314,30.670025,-1,9630
104.033225,30.513403,-1,9631
104.120648,30.785647,-1,9632
103.671363,30.332803,-1,9633
104.102199,30.685373,-1,9634
104.044963,30.445011,101,9635
104.203485,30.726084,33,9636
103.654754,30.926893,111,9637
104.088189,30.741308,-1,9638
104.327108,30.308495,-1,9639
104.093191,30.568916,-1,9640
104.115685,30.378368,168,9641
104.273088,31.013435,-1,9642
104.133625,30.591036,-1,9643
104.25826,30.810948,-1,9644
104.095221,30.541715,145,9645
104.538974,30.659121,-1,9646
103.666882,30.341352,-1,9647
104.333064,30.643127,-1,9648
104.0498,30.283182,-1,9649
103.816833,30.640626,-1,9650
103.624425,31.482764,-1,9651
104.136956,30.531458,-1,9652
104.30256,30.873859,-1,9653
104.077585,30.794736,-1,9654
103.889609,30.556245,-1,9655
104.007658,30.554192,82,9656
103.844516,31.055251,-1,9657
104.484301,30.345871,-1,9658
103.824782,31.263351,-1,9659
104.021248,30.499649,-1,9660
103.937398,30.614517,114,9661
103.705103,30.652737,-1,9662
104.1615,30.686977,-1,9663
103.844818,30.680353,-1,9664
103.892731,30.447762,261,9665
104.052034,30.540388,64,9666
104.057973,30.380819,-1,9667
104.080532,30.703518,-1,9668
103.601069,31.064838,157,9669
103.989181,30.596189,213,9670
104.187626,30.874918,-1,9671
104.138179,30.607158,-1,9672
104.203813,30.725968,33,9673
104.175104,30.71916,-1,9674
104.438656,30.355693,73,9675
104.229697,30.65968,-1,9676
104.328281,30.345736,-1,9677
103.553374,30.220974,45,9678
103.968557,30.656453,-1,9679
104.103992,30.497927,107,9680
103.921827,30.292521,-1,9681
104.071543,30.685844,-1,9682
103.956031,30.431909,-1,9683
103.586016,30.38828,-1,9684
103.824063,30.585118,-1,9685
103.48252,30.763185,-1,9686
103.853903,30.63982,-1,9687
103.972244,30.542369,3,9688
104.098256,30.719107,-1,9689
104.08338,30.522948,-1,9690
104.415458,30.830657,-1,9691
104.314496,31.118129,-1,9692
104.336301,30.845187,-1,9693
104.218709,30.695274,-1,9694
103.976551,30.652963,102,9695
103.79091,30.982476,-1,9696
103.940128,30.614176,197,9697
104.255761,30.870447,-1,9698
104.623742,30.101662,-1,9699
104.185437,30.684367,227,9700
103.709349,30.393197,276,9701
104.025448,29.137494,-1,9702
103.89573,30.841875,-1,9703
104.541194,30.419279,-1,9704
104.069838,30.769111,119,9705
103.707324,29.089096,-1,9706
104.044216,30.444968,101,9707
104.36464,30.996556,-1,9708
103.49403,29.975981,-1,9709
104.198258,30.582107,44,9710
104.10592,30.719322,-1,9711
104.489709,30.493486,174,9712
104.214578,30.651809,177,9713
103.941606,30.433732,-1,9714
103.987937,30.723022,-1,9715
104.211684,30.884532,-1,9716
103.883159,30.601966,-1,9717
103.752062,30.808699,-1,9718
103.67745,30.338967,106,9719
104.101173,30.426465,-1,9720
104.107245,30.609665,-1,9721
104.086375,30.456529,-1,9722
103.683991,30.896058,-1,9723
103.91463,30.709383,-1,9724
104.09684,30.719526,-1,9725
104.095248,30.569151,-1,9726
104.308789,30.845336,265,9727
103.997018,30.78568,-1,9728
104.204727,30.731128,-1,9729
104.178915,30.520789,-1,9730
104.201451,30.726435,33,9731
104.547824,30.364293,-1,9732
104.249018,30.772615,67,9733
104.130824,30.671073,59,9734
104.081615,30.489823,-1,9735
103.640408,30.465924,63,9736
103.552548,30.531277,-1,9737
104.641771,29.527402,-1,9738
104.050776,30.694806,-1,9739
103.957968,30.66295,257,9740
104.074936,30.32095,-1,9741
103.458395,30.474213,-1,9742
103.602503,30.902714,-1,9743
104.327076,30.306497,248,9744
103.867664,30.472206,-1,9745
104.430345,30.966096,-1,9746
103.936682,30.811681,-1,9747
104.488744,30.493789,174,9748
103.617722,30.786948,-1,9749
103.663316,30.659549,-1,9750
103.904107,30.683772,-1,9751
104.003524,30.591125,-1,9752
104.11964,30.582864,-1,9753
104.443761,30.843383,-1,9754
103.699948,31.035535,-1,9755
104.254326,30.643664,-1,9756
104.151256,30.775746,259,9757
103.620609,30.534604,-1,9758
102.211946,29.824732,-1,9759
103.64034,30.466135,63,9760
103.972151,30.998912,-1,9761
104.069707,30.690596,162,9762
104.006519,30.592503,173,9763
104.160835,30.59811,-1,9764
103.908395,30.660712,68,9765
104.198594,30.582142,44,9766
104.564463,30.385411,-1,9767
104.175391,30.66443,272,9768
104.242785,30.651605,66,9769
104.108412,30.505545,225,9770
103.433244,30.397028,-1,9771
103.895955,30.666219,144,9772
103.876179,30.500592,166,9773
104.118175,30.758929,-1,9774
104.203317,30.725851,33,9775
103.992892,29.02434,-1,9776
102.436769,29.136551,-1,9777
104.00276,30.590021,-1,9778
104.247824,31.014673,-1,9779
103.687014,30.940787,-1,9780
104.473167,30.486147,218,9781
103.952116,30.42799,14,9782
103.749322,30.530315,196,9783
103.976615,30.653029,102,9784
103.837471,30.357475,-1,9785
104.081708,30.488704,-1,9786
104.110884,30.538508,-1,9787
104.061046,30.389686,273,9788
104.220784,30.638744,10,9789
103.953573,30.655604,-1,9790
104.001848,30.747725,-1,9791
104.071092,30.689648,-1,9792
104.203225,30.740567,113,9793
103.967415,30.930985,-1,9794
104.231961,30.658605,-1,9795
103.45843,30.988389,-1,9796
103.999167,30.628021,-1,9797
104.008727,30.590917,95,9798
104.676316,30.083965,-1,9799
104.269374,30.352152,-1,9800
104.245719,30.991695,-1,9801
104.535141,30.637121,-1,9802
104.508659,30.355681,-1,9803
103.921134,30.702981,90,9804
104.124092,30.787439,-1,9805
104.06912,30.535434,-1,9806
104.098273,30.534957,-1,9807
104.141431,30.584547,-1,9808
104.333669,30.644215,216,9809
103.988485,30.332139,-1,9810
103.864863,30.407745,-1,9811
104.246261,30.710214,-1,9812
104.746249,30.30484,-1,9813
104.023487,31.315401,-1,9814
104.323856,30.645082,17,9815
103.708864,29.090384,-1,9816
103.640074,30.895239,-1,9817
103.935809,30.905547,150,9818
104.064363,30.694193,-1,9819
103.993949,30.504529,-1,9820
104.178592,30.782929,260,9821
104.2183,30.695055,-1,9822
103.949068,30.67833,37,9823
103.873505,30.628917,-1,9824
104.069679,30.691499,162,9825
104.205169,30.678204,-1,9826
103.802333,31.251071,-1,9827
103.914188,30.675496,191,9828
104.533605,30.732194,-1,9829
103.921513,30.702391,90,9830
104.098569,30.527447,-1,9831
103.903559,30.676258,-1,9832
104.020413,29.139488,6,9833
103.582819,30.389867,-1,9834
104.0254,30.157681,-1,9835
103.952228,30.79602,-1,9836
103.662864,30.971013,24,9837
103.444431,30.419032,-1,9838
104.064519,30.371055,-1,9839
104.1385,30.610771,132,9840
104.424847,30.473989,229,9841
103.114551,30.08427,-1,9842
103.823425,30.610297,-1,9843
104.156039,31.617352,-1,9844
103.504056,30.564641,-1,9845
103.68759,30.617159,-1,9846
104.172374,30.639539,-1,9847
103.928291,30.8035,-1,9848
104.191904,30.660582,-1,9849
104.107483,30.513217,245,9850
103.920981,30.702745,90,9851
103.886805,30.820251,207,9852
103.460722,30.749269,-1,9853
103.96434,30.643145,-1,9854
103.83378,30.510672,-1,9855
103.846572,30.437748,-1,9856
104.294721,29.659585,-1,9857
103.760151,30.665354,250,9858
104.049524,30.476743,75,9859
104.198322,30.581989,44,9860
104.200121,30.649163,-1,9861
103.798766,31.167471,278,9862
103.908759,30.543369,147,9863
102.732328,29.428781,-1,9864
104.080693,30.513563,-1,9865
103.978911,30.467515,-1,9866
103.559962,30.548688,153,9867
102.436769,29.136551,-1,9868
103.99405,30.504459,-1,9869
104.097035,30.538026,21,9870
104.230016,30.856847,-1,9871
103.973985,30.429685,-1,9872
103.979622,30.201947,-1,9873
104.170925,30.615134,78,9874
104.073211,30.371184,-1,9875
103.967665,30.585923,233,9876
104.064383,30.370671,-1,9877
103.505858,30.559244,247,9878
103.738042,30.511395,212,9879
104.02857,30.337786,-1,9880
104.284561,30.656805,-1,9881
104.160598,30.656081,-1,9882
104.092855,30.582786,2,9883
104.387827,30.300076,-1,9884
104.508651,30.354199,36,9885
104.067742,30.42171,-1,9886
104.150786,30.631129,-1,9887
104.105896,30.76727,-1,9888
104.394309,30.350331,69,9889
103.816941,30.608179,-1,9890
104.229242,30.853079,-1,9891
103.951175,30.939312,-1,9892
104.078583,30.367919,-1,9893
104.041387,30.593374,199,9894
103.87267,30.779322,138,9895
104.554341,30.352796,121,9896
104.660533,31.130979,-1,9897
104.197988,30.605282,-1,9898
104.058248,30.41535,-1,9899
103.505267,29.962666,-1,9900
103.982622,30.424435,-1,9901
104.092249,30.428977,-1,9902
104.158454,30.64797,-1,9903
104.230676,30.792013,-1,9904
104.151935,30.58376,-1,9905
104.050751,30.541505,64,9906
104.196508,30.737994,-1,9907
104.187462,30.793571,-1,9908
104.047153,30.428211,126,9909
103.990701,30.707361,-1,9910
104.5085,30.354366,36,9911
103.939936,30.999866,221,9912
104.167534,30.631075,-1,9913
104.136451,30.59029,-1,9914
104.307707,30.845168,265,9915
104.069925,30.724578,84,9916
103.70079,30.653883,-1,9917
103.695876,30.653512,-1,9918
104.152777,30.781763,184,9919
103.720387,30.595049,-1,9920
103.483015,31.332166,-1,9921
103.932471,30.609405,-1,9922
104.411851,30.345099,-1,9923
104.056861,30.367128,-1,9924
104.680506,30.051143,-1,9925
103.986114,30.332061,271,9926
102.645675,30.933778,-1,9927
104.154592,30.726413,-1,9928
104.397382,30.327755,-1,9929
103.924776,30.816535,-1,9930
104.056975,30.702492,-1,9931
103.49525,30.557658,-1,9932
104.495525,30.470829,-1,9933
104.242985,30.575388,-1,9934
104.213799,30.65151,177,9935
103.701765,30.602454,27,9936
104.384269,30.286602,-1,9937
104.373224,31.048597,-1,9938
104.214073,30.651576,177,9939
104.00402,30.606387,-1,9940
104.398222,31.008604,-1,9941
103.530477,30.405747,-1,9942
103.464841,30.452823,80,9943
104.042939,30.583034,-1,9944
104.190425,30.734882,-1,9945
104.209361,30.606377,-1,9946
103.678132,31.029804,7,9947
103.993511,30.764641,163,9948
103.706674,29.084509,-1,9949
104.546747,31.101342,-1,9950
104.236926,30.65596,-1,9951
104.116255,30.418405,208,9952
103.813018,30.402557,-1,9953
104.115865,30.585628,25,9954
104.545878,29.504686,-1,9955
104.242828,30.645611,41,9956
103.549949,30.548653,-1,9957
104.428902,31.149744,219,9958
103.909239,30.542987,147,9959
104.113082,30.543275,-1,9960
103.888016,30.661365,244,9961
103.997026,30.907951,55,9962
104.128325,30.706472,-1,9963
104.048108,30.462101,-1,9964
103.997374,30.757347,15,9965
104.552113,30.716517,-1,9966
104.011152,30.517834,-1,9967
103.994389,30.455623,-1,9968
104.582222,30.352782,-1,9969
103.997776,30.252896,-1,9970
104.234958,30.64582,87,9971
103.884805,30.388504,131,9972
104.006128,30.592271,173,9973
103.973984,30.800429,125,9974
104.047041,30.448431,-1,9975
104.222908,30.998618,253,9976
104.296432,30.993535,220,9977
104.18311,30.717389,267,9978
104.061749,30.419045,8,9979
104.3265,30.860445,54,9980
104.425167,30.473983,229,9981
104.487177,30.418123,-1,9982
104.129984,30.671437,59,9983
104.14605,31.492663,-1,9984
103.972862,30.403808,-1,9985
104.152805,30.725945,-1,9986
104.167002,30.56489,-1,9987
104.072414,30.307231,-1,9988
103.720383,30.564555,-1,9989
104.342171,31.150036,-1,9990
104.043244,30.449029,-1,9991
102.202272,29.685151,-1,9992
103.009053,29.838602,-1,9993
103.581092,30.741752,-1,9994
103.669718,30.646201,-1,9995
104.698039,30.656137,-1,9996
104.339568,30.462325,-1,9997
104.051398,30.541198,64,9998
103.833017,30.421559,-1,9999
103.981891,30.905272,-1,10000
103.583909,30.376662,-1,10001
103.833736,30.635242,26,10002
103.978081,30.200426,231,10003
103.908839,30.542168,147,10004
104.180857,30.534439,-1,10005
104.047391,30.540363,-1,10006
104.296343,30.993452,220,10007
103.682299,31.027689,234,10008
104.389331,30.76202,-1,10009
104.214143,30.651282,177,10010
104.354255,30.736079,-1,10011
104.379361,30.292147,99,10012
104.201932,30.749691,-1,10013
104.682988,31.007435,-1,10014
103.967256,30.64844,70,10015
104.115377,30.418239,208,10016
103.771639,31.176041,-1,10017
104.036527,30.587902,-1,10018
103.654088,30.897054,-1,10019
104.007851,30.561277,-1,10020
104.242715,30.650481,66,10021
104.50901,30.354298,36,10022
103.836561,30.465707,-1,10023
104.138323,30.417831,-1,10024
103.89307,30.447709,261,10025
103.941119,30.32835,-1,10026
103.91254,30.824758,120,10027
103.911802,30.9748,-1,10028
104.115364,31.512534,-1,10029
103.823361,30.610279,-1,10030
104.038749,30.657681,-1,10031
103.917128,30.683884,124,10032
104.073999,30.549956,-1,10033
103.452077,30.47483,241,10034
104.51611,30.390915,-1,10035
104.243252,30.645716,41,10036
104.365127,30.43585,-1,10037
104.137677,30.593198,-1,10038
103.86058,30.837107,-1,10039
103.901629,30.834414,35,10040
104.056753,30.365953,-1,10041
104.391827,30.300305,139,10042
103.45274,30.474828,241,10043
103.873466,30.829167,-1,10044
104.539062,31.858997,151,10045
104.187226,30.693653,-1,10046
103.701474,30.602534,27,10047
104.308356,30.844601,265,10048
103.970384,30.650184,118,10049
103.609219,30.825709,-1,10050
104.116078,30.755469,-1,10051
103.830854,30.618438,-1,10052
104.136919,30.814007,-1,10053
104.050158,30.476719,75,10054
104.501724,30.488115,-1,10055
104.153162,30.735271,-1,10056
104.077392,30.360281,-1,10057
104.093465,30.581466,2,10058
104.147307,30.583262,-1,10059
104.02655,30.480512,203,10060
103.948974,30.678802,37,10061
104.090435,30.740181,171,10062
103.938245,30.616239,160,10063
104.076932,30.375452,-1,10064
103.937255,30.614587,114,10065
104.411122,30.330782,-1,10066
103.935857,30.905507,150,10067
104.787725,30.300992,-1,10068
103.632092,30.956272,-1,10069
104.100182,30.713221,-1,10070
104.072709,30.368447,-1,10071
103.990919,30.436769,202,10072
103.92962,30.97455,-1,10073
103.973892,30.800322,125,10074
103.9987,30.762731,-1,10075
104.105014,30.81292,-1,10076
103.934519,30.811992,-1,10077
103.94155,30.636154,-1,10078
103.876561,30.500884,166,10079
104.254578,30.807297,-1,10080
104.08713,30.576664,-1,10081
104.52153,30.417682,-1,10082
104.226334,30.525172,94,10083
104.048068,30.462091,-1,10084
104.390404,31.062955,-1,10085
104.391786,30.300273,139,10086
104.108599,30.694173,-1,10087
104.199006,30.51078,-1,10088
104.327076,30.306097,248,10089
103.959798,30.517516,58,10090
104.18329,30.710737,141,10091
104.064013,30.369648,-1,10092
103.936751,30.78914,-1,10093
104.522593,30.662864,-1,10094
104.16155,30.599563,264,10095
103.879913,30.404395,30,10096
103.963091,30.448085,-1,10097
103.471877,30.38808,-1,10098
104.09562,30.540655,145,10099
103.625137,30.964568,-1,10100
104.445844,30.856276,-1,10101
104.182771,30.486506,-1,10102
104.072517,30.350777,-1,10103
103.489435,30.74947,-1,10104
104.112923,30.578923,178,10105
103.913232,30.710707,-1,10106
104.038045,30.73254,-1,10107
104.485748,30.444371,-1,10108
104.069936,30.768755,119,10109
104.043193,30.447136,101,10110
103.859328,31.066139,263,10111
104.315987,30.604987,-1,10112
103.91274,30.824745,120,10113
103.811073,30.632179,185,10114
103.923154,30.717122,172,10115
103.530891,30.405814,-1,10116
104.130715,30.374839,-1,10117
103.50118,30.576657,-1,10118
103.6272,31.063365,-1,10119
103.937523,30.614087,114,10120
104.075732,30.751555,-1,10121
103.691479,30.417517,-1,10122
103.900242,30.688306,-1,10123
103.917533,30.742857,-1,10124
104.106766,30.607832,-1,10125
103.386518,30.731671,-1,10126
103.743512,30.39562,-1,10127
103.465144,30.438325,91,10128
104.101173,30.426465,-1,10129
104.152113,30.776787,259,10130
103.872713,30.779443,138,10131
104.203796,30.726108,33,10132
104.147232,30.659704,-1,10133
104.091379,30.576506,-1,10134
103.967072,30.458549,-1,10135
104.277251,31.141859,-1,10136
104.090133,30.579228,-1,10137
104.12029,30.68559,-1,10138
103.465694,30.438276,91,10139
104.502107,30.486895,-1,10140
103.439757,30.401125,-1,10141
104.024134,30.593255,-1,10142
104.566752,30.371836,198,10143
103.627095,30.822747,-1,10144
104.272827,30.326258,-1,10145
103.724751,30.578182,-1,10146
104.198958,31.580427,-1,10147
104.100091,30.712852,-1,10148
103.698161,31.042075,-1,10149
104.598533,30.701509,-1,10150
104.076859,30.326047,-1,10151
104.556555,30.37271,-1,10152
104.222489,30.710026,-1,10153
103.694767,29.233218,-1,10154
103.465982,30.438107,91,10155
104.222617,30.711695,-1,10156
104.026213,30.75995,-1,10157
103.952381,30.999891,-1,10158
104.000712,30.762935,-1,10159
104.196838,31.190743,-1,10160
103.972268,30.541985,3,10161
104.386297,30.301529,-1,10162
104.09542,30.541744,145,10163
104.24499,30.645689,41,10164
104.097255,30.890823,-1,10165
104.059053,30.722178,-1,10166
104.25246,29.022569,-1,10167
103.921014,30.702733,90,10168
104.068167,30.755909,-1,10169
104.142113,30.644998,-1,10170
104.064984,30.555102,-1,10171
103.795574,31.021872,-1,10172
104.129247,30.671475,59,10173
104.09745,30.584775,193,10174
104.073145,30.646375,-1,10175
103.883789,30.907758,-1,10176
103.849031,30.537657,-1,10177
104.198958,31.580427,-1,10178
104.469491,30.345271,-1,10179
104.471289,30.598289,-1,10180
103.674813,30.645194,277,10181
104.547457,30.691363,-1,10182
103.938315,30.671175,-1,10183
103.539364,30.561101,-1,10184
103.71468,30.631902,-1,10185
104.49093,30.322648,-1,10186
104.104555,30.507102,-1,10187
104.180197,30.456059,-1,10188
104.118255,30.75694,20,10189
104.068076,30.326202,-1,10190
103.459338,30.745438,236,10191
103.810232,30.740521,-1,10192
104.099437,30.466936,155,10193
103.783403,30.643528,-1,10194
104.398009,30.823989,-1,10195
104.119019,30.756978,20,10196
104.062057,30.419017,8,10197
103.452353,30.374194,228,10198
103.887947,30.556262,81,10199
104.079767,30.764385,-1,10200
104.465169,30.471979,-1,10201
104.245391,30.706709,-1,10202
103.834261,30.501373,-1,10203
103.678132,31.029804,7,10204
104.214088,30.651579,177,10205
104.168983,30.741246,88,10206
104.162652,30.678104,-1,10207
103.653018,30.828665,-1,10208
103.908757,30.543105,147,10209
103.918032,30.710422,-1,10210
103.973723,30.651897,-1,10211
104.176801,30.771163,-1,10212
103.935233,30.905527,150,10213
103.060325,30.027635,-1,10214
104.154426,30.602026,-1,10215
103.860734,30.590322,-1,10216
103.826092,30.417522,-1,10217
103.844207,30.786991,-1,10218
104.513054,30.420254,47,10219
104.485951,30.492429,-1,10220
103.897654,30.371262,-1,10221
104.074649,30.547379,-1,10222
103.58408,30.521727,-1,10223
104.227355,30.858199,-1,10224
104.0367,30.147992,181,10225
103.850501,30.82048,12,10226
103.956664,30.034553,-1,10227
104.03656,30.296959,167,10228
103.952581,30.427867,14,10229
104.510277,30.349168,-1,10230
104.047241,30.450152,-1,10231
103.663329,30.984522,-1,10232
103.45216,30.475004,241,10233
104.081547,30.524591,-1,10234
103.874637,30.612483,-1,10235
103.607938,30.826225,-1,10236
103.916798,30.397662,-1,10237
104.266361,30.853739,-1,10238
104.323131,30.34296,-1,10239
104.118775,30.757226,20,10240
104.224719,30.794091,11,10241
103.927893,30.600414,-1,10242
103.657196,30.924769,-1,10243
103.801768,31.165922,-1,10244
104.102042,30.576524,-1,10245
104.668414,30.087515,-1,10246
104.056674,30.649146,-1,10247
104.198471,30.581987,44,10248
104.208126,30.56446,-1,10249
104.074936,30.32095,-1,10250
104.152713,30.781615,184,10251
104.189989,30.772997,-1,10252
104.037615,30.71199,-1,10253
104.188773,30.689829,-1,10254
103.912016,30.798411,232,10255
104.455538,30.462778,-1,10256
104.04109,30.593542,199,10257
103.771035,30.599449,-1,10258
104.17279,30.483427,29,10259
103.886761,30.528283,31,10260
104.197878,30.525348,-1,10261
104.22937,30.854229,-1,10262
103.967163,30.715058,-1,10263
104.061254,30.492341,-1,10264
103.591315,30.250195,-1,10265
104.469194,30.848715,254,10266
103.839949,30.356679,-1,10267
104.175104,30.71916,-1,10268
104.220768,30.63892,10,10269
104.135649,30.805836,85,10270
104.193301,30.738492,-1,10271
104.19225,30.686915,-1,10272
104.054493,30.65432,-1,10273
103.939257,30.769758,-1,10274
104.057372,30.648876,-1,10275
104.533562,29.759734,239,10276
104.350353,30.304138,-1,10277
104.313841,30.468504,-1,10278
104.307915,30.845368,265,10279
104.449615,30.480666,-1,10280
104.101265,30.444501,-1,10281
104.145974,30.620296,-1,10282
103.784035,30.652807,-1,10283
104.121225,30.500573,-1,10284
104.177206,30.718902,103,10285
103.883513,30.665875,109,10286
104.168416,30.741232,88,10287
104.273147,30.731547,-1,10288
104.11367,30.579805,178,10289
103.844618,30.012229,-1,10290
103.96539,30.31018,-1,10291
104.359196,30.814638,-1,10292
104.352664,30.611864,-1,10293
104.288314,30.690875,-1,10294
103.722129,30.800352,-1,10295
103.735913,30.3354,-1,10296
103.935564,30.905416,150,10297
104.185966,30.719135,74,10298
104.098767,30.518783,-1,10299
104.316654,30.951487,-1,10300
104.114929,30.765767,-1,10301
104.262664,30.271339,-1,10302
104.583966,30.340647,130,10303
103.956072,30.654054,-1,10304
103.33463,30.334002,-1,10305
104.037745,30.732673,-1,10306
104.235702,30.646702,87,10307
104.081133,30.497023,-1,10308
104.215261,30.820744,186,10309
103.974754,30.429374,-1,10310
104.152726,30.614701,-1,10311
103.531581,30.549577,-1,10312
104.214037,30.651645,177,10313
104.012887,30.414386,-1,10314
103.869872,30.680174,-1,10315
103.698613,30.395956,-1,10316
103.709654,30.394218,276,10317
103.469619,30.392221,-1,10318
104.1751,31.627085,-1,10319
104.539456,30.723884,-1,10320
104.164866,30.688586,-1,10321
104.055449,30.795752,-1,10322
104.100077,30.507277,-1,10323
104.028986,30.521847,-1,10324
104.146719,30.405715,-1,10325
104.36562,30.789681,-1,10326
104.035771,30.35562,-1,10327
103.932218,30.609605,-1,10328
103.452077,30.47483,241,10329
104.04244,30.19926,-1,10330
104.56688,30.387846,-1,10331
104.151865,30.539808,-1,10332
103.653213,30.894002,-1,10333
104.025785,30.515083,-1,10334
103.870751,30.477188,-1,10335
103.802406,31.250836,-1,10336
104.384992,30.63843,-1,10337
104.062496,30.664389,-1,10338
103.816671,30.633869,56,10339
103.856722,30.442234,-1,10340
103.916509,30.369431,149,10341
104.511811,31.176129,-1,10342
104.033298,30.858022,-1,10343
104.036342,30.499262,-1,10344
103.964648,30.636875,0,10345
104.203747,30.726025,33,10346
104.566894,30.38774,-1,10347
104.469721,30.345461,-1,10348
104.099645,30.46708,155,10349
104.140586,30.716935,-1,10350
103.717565,30.608487,-1,10351
104.002715,30.453614,-1,10352
104.296075,30.993853,220,10353
104.112445,30.512827,252,10354
104.147909,30.402714,-1,10355
104.973048,29.870486,23,10356
103.945207,30.95197,-1,10357
104.146615,30.405564,-1,10358
103.782314,30.792777,-1,10359
104.296382,30.99366,220,10360
103.918174,30.684006,124,10361
103.851921,31.292763,-1,10362
103.851004,30.437238,86,10363
104.19534,30.693707,-1,10364
104.216799,30.783555,-1,10365
104.522051,30.429756,48,10366
103.406671,31.059392,-1,10367
104.048122,30.427735,126,10368
104.378109,30.455716,-1,10369
104.010316,30.479793,-1,10370
104.162684,30.677055,-1,10371
103.899323,30.662284,-1,10372
104.234575,30.646179,87,10373
103.960935,30.74127,-1,10374
104.011771,30.621024,-1,10375
103.890579,30.478651,-1,10376
104.023514,30.524738,-1,10377
104.067692,30.5977,-1,10378
103.44439,30.751403,-1,10379
103.624802,30.99884,-1,10380
103.655789,30.338271,-1,10381
104.539062,31.858997,151,10382
103.763182,30.396013,-1,10383
104.125396,30.769364,96,10384
104.141913,30.645165,274,10385
103.762224,31.196475,-1,10386
103.489755,30.184644,262,10387
104.061558,30.419007,8,10388
104.456115,30.463266,-1,10389
104.245393,30.645416,41,10390
104.003735,30.476573,-1,10391
103.972477,30.738902,-1,10392
104.250123,30.579534,42,10393
103.459872,30.747136,236,10394
104.513256,30.42005,47,10395
104.067028,30.535532,-1,10396
103.535783,30.213246,-1,10397
104.233886,30.788027,-1,10398
104.536198,30.705249,-1,10399
103.889338,30.383934,34,10400
104.037364,30.640119,-1,10401
103.898008,30.614463,-1,10402
104.244061,30.64567,41,10403
104.633657,30.405832,-1,10404
103.661091,30.961305,97,10405
103.939575,30.422398,-1,10406
104.248921,30.772341,67,10407
104.371436,31.048529,-1,10408
104.361812,30.42586,-1,10409
104.115688,30.583434,25,10410
104.039655,30.531275,-1,10411
104.099641,30.467219,155,10412
104.312345,30.874833,-1,10413
103.885887,31.028538,-1,10414
104.14695,30.583026,-1,10415
103.97098,30.650423,118,10416
104.304305,30.991966,-1,10417
104.148768,30.659927,32,10418
103.892955,30.447295,261,10419
103.443033,30.422742,-1,10420
104.072689,30.378715,-1,10421
103.859433,30.827356,53,10422
103.654522,30.92603,111,10423
103.821991,30.501765,-1,10424
104.001603,31.135268,-1,10425
104.003746,30.606255,-1,10426
104.20557,30.70392,-1,10427
104.07487,30.296442,-1,10428
104.185173,30.684263,227,10429
104.0808,30.562996,-1,10430
103.723576,30.660443,-1,10431
104.160709,30.643567,-1,10432
104.172296,30.718108,-1,10433
104.215533,30.820875,186,10434
104.341185,30.699276,-1,10435
104.041945,30.248778,-1,10436
104.512141,30.420917,47,10437
103.818643,30.854858,-1,10438
104.629883,30.098737,-1,10439
103.804148,30.605002,-1,10440
103.810371,30.630395,185,10441
103.91426,30.687458,-1,10442
104.115591,30.46665,-1,10443
103.791304,30.604164,-1,10444
103.797073,30.619029,-1,10445
104.196108,31.578646,-1,10446
103.505922,30.55941,247,10447
104.8036,30.153543,-1,10448
104.618086,30.885658,-1,10449
103.887618,30.376332,-1,10450
104.235022,30.64602,87,10451
104.636419,30.927813,-1,10452
104.146038,30.886013,-1,10453
103.812144,30.965962,-1,10454
104.091838,30.218149,-1,10455
103.700062,30.309751,-1,10456
102.961983,30.187589,-1,10457
103.413928,30.761503,-1,10458
103.824598,30.592576,-1,10459
104.0075,30.55402,82,10460
103.302344,30.580873,-1,10461
103.875497,30.4808,-1,10462
104.566752,30.371836,198,10463
103.716291,30.913564,-1,10464
104.075416,30.393409,-1,10465
104.021691,30.653082,-1,10466
104.087125,30.80292,-1,10467
104.183306,30.710677,141,10468
104.10912,30.544514,-1,10469
104.044061,30.205965,-1,10470
104.204911,30.557304,-1,10471
103.674813,30.645194,277,10472
104.11588,30.590229,-1,10473
104.235278,30.64592,87,10474
103.876329,30.500956,166,10475
103.975377,30.997936,-1,10476
103.96525,30.637001,0,10477
103.908191,30.533992,-1,10478
104.522163,30.429805,48,10479
103.886625,30.528372,31,10480
104.202146,30.726031,33,10481
103.576746,30.792217,-1,10482
104.491365,30.321674,-1,10483
103.529415,30.396464,-1,10484
104.17626,30.518904,-1,10485
104.047535,30.215589,-1,10486
104.326427,30.86021,54,10487
104.371406,31.049056,-1,10488
104.035664,30.48907,-1,10489
104.036579,30.296953,167,10490
104.460477,30.347249,-1,10491
104.294721,29.659585,-1,10492
104.160782,30.643688,-1,10493
103.560034,30.548703,153,10494
104.056377,30.457291,-1,10495
103.926319,30.474655,-1,10496
103.974953,30.639645,-1,10497
103.950108,30.729711,-1,10498
104.564096,30.387755,214,10499
104.014645,30.585793,-1,10500
104.081442,30.582046,-1,10501
104.165972,30.712595,104,10502
104.004252,30.592471,-1,10503
104.028836,30.650862,-1,10504
104.529095,30.664934,-1,10505
103.613627,30.257759,-1,10506
104.122336,30.522207,-1,10507
104.178638,30.782682,260,10508
104.214771,30.583599,115,10509
104.428774,31.14991,219,10510
104.627835,30.921978,-1,10511
103.713887,30.527325,1,10512
103.9731,30.66424,50,10513
104.17383,30.522395,-1,10514
104.262084,30.649341,-1,10515
104.2429,30.6506,66,10516
102.696912,29.967479,-1,10517
103.844818,30.680353,-1,10518
104.508747,30.354565,36,10519
104.323716,30.645124,17,10520
104.114353,30.750231,256,10521
104.06051,30.784915,-1,10522
104.073121,30.8192,-1,10523
104.006423,30.592326,173,10524
104.166664,30.658663,-1,10525
104.256175,30.576313,-1,10526
104.059063,30.426294,-1,10527
104.854297,30.229338,-1,10528
103.705502,30.40456,-1,10529
104.040614,30.666151,-1,10530
104.004975,30.521443,266,10531
104.105331,30.464035,-1,10532
103.642528,30.941734,206,10533
104.569493,30.371857,246,10534
103.991586,30.445493,-1,10535
104.139738,30.69385,-1,10536
103.8231,30.611134,-1,10537
103.936421,30.905733,150,10538
104.06049,31.245503,-1,10539
103.89886,30.615363,140,10540
102.211874,29.821063,-1,10541
104.145846,30.052085,-1,10542
104.022279,30.501069,-1,10543
104.178592,30.782929,260,10544
103.498213,30.567581,-1,10545
104.308786,30.865297,137,10546
104.521588,30.417638,-1,10547
103.39933,29.923155,-1,10548
104.009417,30.764002,-1,10549
103.709373,30.588534,-1,10550
104.005387,30.772097,-1,10551
104.188631,30.731806,-1,10552
103.895085,31.015358,-1,10553
104.143682,30.44219,-1,10554
104.106445,30.508893,-1,10555
103.952548,30.427818,14,10556
103.971794,30.5421,3,10557
104.003314,30.734684,242,10558
104.022185,30.652018,-1,10559
104.166664,30.658663,-1,10560
104.248698,30.705498,-1,10561
103.82726,30.857644,-1,10562
104.001267,30.790052,-1,10563
104.453248,30.87105,-1,10564
103.933832,30.690865,-1,10565
104.423914,30.861281,-1,10566
103.815272,30.644119,-1,10567
104.115597,30.378619,168,10568
103.977676,30.688176,28,10569
104.459178,31.104586,-1,10570
104.074473,30.368324,-1,10571
104.193582,31.029078,-1,10572
104.384704,30.299602,-1,10573
103.656708,31.018047,-1,10574
104.286833,30.646187,-1,10575
104.081775,30.479192,-1,10576
103.503739,30.558437,-1,10577
103.956681,30.798006,-1,10578
104.253536,30.858438,146,10579
104.503038,30.419144,-1,10580
104.224845,30.807666,-1,10581
103.884805,30.388504,131,10582
103.47953,30.428035,-1,10583
103.866901,30.311913,-1,10584
104.236928,30.658976,-1,10585
103.901313,30.834572,35,10586
103.591542,30.742154,-1,10587
104.291787,30.896957,-1,10588
103.837636,30.360554,128,10589
104.164659,30.658998,71,10590
103.959752,30.517367,58,10591
104.22376,30.794084,11,10592
104.114353,30.750231,256,10593
103.796406,30.644148,180,10594
104.08624,30.457,-1,10595
104.108996,30.504806,225,10596
104.387397,30.307605,-1,10597
104.106915,30.491327,223,10598
104.083298,30.460707,-1,10599
104.056623,30.398294,-1,10600
103.477015,31.319773,-1,10601
103.913732,30.405886,-1,10602
103.724046,30.591971,-1,10603
104.292962,30.32209,-1,10604
103.988386,30.881776,-1,10605
104.488487,30.462131,39,10606
104.603665,30.684302,-1,10607
103.970335,30.650266,118,10608
104.028035,30.755773,-1,10609
104.072183,30.391973,-1,10610
104.148903,30.71837,-1,10611
104.094431,30.625382,-1,10612
103.477608,30.428995,-1,10613
103.495742,30.416709,-1,10614
104.848248,29.754268,-1,10615
103.452159,30.475004,241,10616
103.85398,30.891979,-1,10617
104.107162,30.740641,122,10618
104.339245,30.667352,-1,10619
104.226271,30.791603,38,10620
103.851284,31.059524,-1,10621
103.937074,30.61322,114,10622
104.049497,30.726425,-1,10623
103.967185,30.64839,70,10624
103.935731,30.905485,150,10625
103.981648,30.535504,-1,10626
104.104347,30.531325,154,10627
104.196978,30.738061,-1,10628
104.238524,30.597289,-1,10629
104.225209,30.638685,-1,10630
104.326453,30.896213,-1,10631
104.697308,31.032057,-1,10632
103.884917,30.388607,131,10633
104.25299,30.273889,-1,10634
104.091221,30.568216,-1,10635
103.972649,30.56095,-1,10636
104.141027,30.646137,274,10637
104.37954,31.070084,-1,10638
103.908935,30.543187,147,10639
103.902147,30.835086,35,10640
104.084714,30.455444,279,10641
103.892627,30.459647,-1,10642
104.537178,30.653948,-1,10643
103.810896,30.405109,-1,10644
104.158379,30.594383,-1,10645
104.521573,30.429634,48,10646
104.003024,30.620954,-1,10647
103.70147,30.602745,27,10648
104.005886,30.620778,-1,10649
104.254188,30.597995,-1,10650
103.677182,30.349685,-1,10651
104.130868,30.963537,-1,10652
103.690769,31.015962,-1,10653
103.711713,30.321679,-1,10654
103.489851,30.184644,262,10655
104.370656,30.491423,-1,10656
104.223995,30.566471,183,10657
103.957698,30.567498,-1,10658
103.654823,30.926125,111,10659
104.384688,30.299602,-1,10660
104.075598,30.734068,-1,10661
104.204559,30.73086,-1,10662
103.861165,30.445375,237,10663
104.042059,30.46447,-1,10664
103.937207,30.61494,114,10665
103.918725,30.522418,-1,10666
104.023576,30.703974,-1,10667
104.011447,30.711369,-1,10668
103.898918,30.744167,-1,10669
104.041428,30.593313,199,10670
104.104011,30.51264,77,10671
104.052438,30.245997,226,10672
103.977976,30.688105,28,10673
104.081607,30.512536,-1,10674
104.144257,30.584743,-1,10675
104.759198,30.626462,-1,10676
103.7907,30.667146,-1,10677
103.887049,30.528533,31,10678
104.086322,30.456657,-1,10679
103.880217,30.604186,152,10680
103.813158,30.63279,56,10681
104.470631,30.510601,-1,10682
104.533578,29.759734,239,10683
104.312426,30.408083,-1,10684
103.4973,30.546182,-1,10685
103.798509,31.166893,278,10686
103.976302,30.65276,102,10687
103.946039,30.475501,-1,10688
103.861162,30.804154,176,10689
104.097503,30.584813,193,10690
104.202891,30.725972,33,10691
104.170828,30.61518,78,10692
103.610221,30.834621,-1,10693
104.339229,30.667286,-1,10694
103.908839,30.543318,147,10695
103.902497,30.834999,35,10696
104.052253,30.246001,226,10697
103.856435,30.647253,-1,10698
104.070354,30.724471,84,10699
103.395993,30.739,-1,10700
104.529617,30.447605,-1,10701
104.187542,30.590531,-1,10702
103.936095,30.90532,150,10703
103.972821,30.403341,-1,10704
103.908967,30.543187,147,10705
104.201682,30.678281,-1,10706
103.8352,30.945747,-1,10707
103.560808,30.748645,217,10708
103.964669,30.380109,-1,10709
104.026217,30.480296,203,10710
103.902946,30.658447,148,10711
103.9757,30.439404,-1,10712
103.908396,30.660548,68,10713
103.870918,30.477082,-1,10714
104.336927,30.505004,-1,10715
103.961347,30.64495,-1,10716
104.74733,30.631105,-1,10717
103.938807,30.421206,-1,10718
104.136724,30.377558,-1,10719
104.055413,30.427874,-1,10720
103.819153,30.797193,192,10721
104.362403,30.423095,-1,10722
103.948134,30.327199,-1,10723
103.960106,30.437874,-1,10724
104.188201,30.686312,-1,10725
104.090925,30.559526,-1,10726
104.651982,30.675248,-1,10727
103.774074,31.181218,-1,10728
103.805943,31.165622,-1,10729
104.552113,30.716517,-1,10730
104.444391,31.135766,-1,10731
104.424697,30.473751,229,10732
104.172732,30.483604,29,10733
104.312838,30.298218,108,10734
104.187395,30.772679,-1,10735
103.559786,30.548919,153,10736
103.562638,30.74875,-1,10737
104.242876,30.651087,66,10738
104.206011,30.50831,-1,10739
103.860778,30.804271,176,10740
104.010445,30.511615,205,10741
104.004525,30.520566,266,10742
104.27491,30.633249,-1,10743
104.225556,30.664702,-1,10744
103.948198,30.327281,-1,10745
103.871743,30.621875,-1,10746
103.681346,30.894109,-1,10747
104.45447,30.467787,-1,10748
103.660702,30.973032,-1,10749
103.687558,30.616026,-1,10750
104.750499,29.745891,-1,10751
103.663316,30.659549,-1,10752
103.81703,30.633817,56,10753
104.112157,30.75269,235,10754
104.268819,31.015291,-1,10755
104.513518,30.351884,-1,10756
103.533156,30.573003,-1,10757
104.059031,30.424848,-1,10758
103.947056,31.019884,-1,10759
103.902362,30.658437,148,10760
103.924802,30.297494,-1,10761
104.489595,30.493772,174,10762
103.952577,30.795959,-1,10763
104.544642,30.363276,-1,10764
104.098027,30.435997,-1,10765
104.072671,30.424417,-1,10766
103.998545,30.686131,-1,10767
103.479881,30.427488,-1,10768
104.276427,30.637322,-1,10769
103.912683,30.824761,120,10770
104.634507,30.406965,-1,10771
104.140117,30.636703,-1,10772
104.162861,30.662412,-1,10773
103.876471,30.467465,-1,10774
103.795097,30.604432,-1,10775
104.236248,30.646788,87,10776
104.010086,30.765278,-1,10777
104.107143,30.563271,-1,10778
104.186644,30.707726,-1,10779
104.298191,30.855851,-1,10780
103.680677,30.612678,249,10781
103.645377,30.890851,-1,10782
103.85425,30.335157,-1,10783
104.244862,30.708611,-1,10784
104.164476,30.659023,71,10785
104.214036,30.651646,177,10786
104.046385,30.572132,-1,10787
103.843403,31.138298,-1,10788
103.735672,30.868998,-1,10789
103.936317,30.905667,150,10790
104.185838,30.720055,74,10791
104.312325,30.468199,-1,10792
104.068887,30.692915,162,10793
104.138801,30.716452,-1,10794
104.152969,30.637482,-1,10795
103.855352,30.443984,-1,10796
103.833129,30.413684,-1,10797
104.111511,30.692536,-1,10798
104.088208,30.226602,-1,10799
103.939637,30.422242,-1,10800
104.242556,30.650102,66,10801
103.943027,30.3371,-1,10802
104.057355,30.458619,-1,10803
104.261114,30.656171,-1,10804
104.212404,30.177794,-1,10805
104.515318,30.386437,-1,10806
104.387255,30.761571,-1,10807
103.999561,30.46851,-1,10808
104.522817,30.684678,-1,10809
103.936425,30.614202,114,10810
104.142952,30.82842,-1,10811
103.967742,30.603303,-1,10812
104.095317,30.46295,268,10813
104.488008,30.459514,51,10814
104.214531,30.651638,177,10815
104.179236,30.721936,-1,10816
104.415766,30.239637,-1,10817
103.941788,30.433472,-1,10818
103.884581,30.400607,-1,10819
104.500991,30.473348,-1,10820
103.818565,30.634223,56,10821
104.389304,31.063271,-1,10822
104.118279,30.757214,20,10823
104.419914,30.455017,-1,10824
104.037665,30.360629,-1,10825
103.79668,29.434414,-1,10826
103.912471,30.630829,156,10827
104.766161,29.762108,-1,10828
104.066546,30.806864,-1,10829
104.224615,30.804761,-1,10830
104.015051,30.840519,-1,10831
103.923684,30.717058,172,10832
104.326694,30.860187,54,10833
104.278767,30.64666,-1,10834
104.096531,30.459218,-1,10835
103.625328,30.931734,-1,10836
103.853442,30.090421,-1,10837
103.654832,30.664467,-1,10838
103.802329,30.455544,112,10839
104.115628,30.490906,-1,10840
104.025403,31.433151,-1,10841
104.029079,30.521681,-1,10842
104.320489,30.277966,188,10843
104.389372,30.941887,-1,10844
103.94612,30.475023,-1,10845
104.261661,30.870997,-1,10846
103.460032,30.746867,236,10847
104.267765,30.650424,-1,10848
104.488734,30.462057,39,10849
103.975704,30.441159,-1,10850
103.831618,30.6676,-1,10851
104.333835,30.888293,-1,10852
103.654304,30.298551,-1,10853
104.223977,30.566482,183,10854
104.006804,30.410514,-1,10855
104.218135,30.585994,-1,10856
104.569437,30.372058,246,10857
103.878794,30.19819,175,10858
103.062973,30.030889,-1,10859
103.905506,30.810811,200,10860
103.901433,30.834419,35,10861
104.203259,30.726031,33,10862
103.570335,31.045438,-1,10863
104.070737,30.332126,-1,10864
104.392338,30.28379,62,10865
104.472318,30.840251,-1,10866
103.970566,30.649918,118,10867
104.139405,30.375033,-1,10868
104.069912,30.768544,119,10869
104.095937,30.846208,-1,10870
104.146006,30.885981,-1,10871
103.958841,31.069234,-1,10872
104.115959,30.585182,25,10873
104.072221,30.348845,-1,10874
104.079042,30.755459,-1,10875
104.258109,30.869311,-1,10876
103.479302,30.763083,-1,10877
104.069063,30.633478,-1,10878
104.249136,30.538024,-1,10879
103.87553,30.480915,-1,10880
104.171938,31.626293,-1,10881
103.585448,30.759313,-1,10882
103.898529,30.459057,-1,10883
104.211586,30.585965,-1,10884
104.446851,30.473603,-1,10885
103.875931,30.630967,-1,10886
104.47395,30.486379,218,10887
103.937065,30.781599,-1,10888
104.06973,30.691367,162,10889
104.320489,30.277966,188,10890
104.071543,30.688476,-1,10891
103.497244,30.545998,-1,10892
103.90504,30.976024,-1,10893
104.038701,30.662348,-1,10894
104.391547,30.300734,139,10895
104.102042,30.576524,-1,10896
104.057673,30.391529,-1,10897
104.107676,30.95179,-1,10898
104.165944,30.712313,104,10899
104.50516,30.4866,-1,10900
103.988192,30.628108,142,10901
103.837636,30.360554,128,10902
104.115249,30.417471,208,10903
104.502229,30.473514,-1,10904
104.307947,30.846201,265,10905
104.005848,30.515229,-1,10906
103.647414,30.95145,190,10907
104.466113,30.343919,-1,10908
103.708486,30.405894,-1,10909
104.008255,30.725248,-1,10910
104.072017,30.398858,-1,10911
103.465033,30.45728,-1,10912
104.133744,30.408967,-1,10913
104.099514,30.754881,-1,10914
104.469144,30.345245,-1,10915
104.050602,30.540811,64,10916
103.846765,30.438479,-1,10917
103.552833,30.211672,-1,10918
104.245479,30.553428,230,10919
104.509087,30.348574,-1,10920
104.233622,30.794019,-1,10921
103.853427,30.44202,-1,10922
103.950898,30.678522,-1,10923
103.743246,30.685262,-1,10924
104.168151,30.708264,-1,10925
103.960348,30.646959,-1,10926
103.684238,30.946764,-1,10927
104.125338,30.769252,96,10928
103.973421,30.663773,50,10929
103.721313,30.576079,-1,10930
103.499295,30.569434,165,10931
104.238384,30.607876,-1,10932
104.153551,30.615889,-1,10933
104.095614,30.462956,268,10934
104.082166,30.577183,-1,10935
104.14605,31.492663,-1,10936
104.172631,30.718194,-1,10937
104.452913,30.831177,-1,10938
104.082527,30.815777,-1,10939
104.099386,30.648262,-1,10940
103.693811,30.890701,-1,10941
103.973249,30.404682,-1,10942
103.499386,30.569337,165,10943
103.972749,30.991209,-1,10944
104.089662,30.450861,-1,10945
103.737723,30.511968,212,10946
104.528549,30.64094,-1,10947
104.052098,30.487256,-1,10948
104.058044,30.447791,-1,10949
103.968016,30.586323,233,10950
104.241731,31.504007,-1,10951
103.947056,31.019916,-1,10952
103.489883,31.336226,-1,10953
104.576825,30.730151,-1,10954
104.055742,30.4571,-1,10955
103.684409,30.878983,-1,10956
104.361586,30.42621,-1,10957
103.942662,30.525477,-1,10958
103.909444,30.54391,147,10959
104.225982,30.793221,38,10960
103.633591,30.927642,-1,10961
103.677628,30.338784,106,10962
104.185664,30.684698,227,10963
104.216983,30.783542,-1,10964
104.023294,30.45916,-1,10965
104.35221,30.768236,-1,10966
103.452581,30.374276,228,10967
104.865043,29.225947,-1,10968
104.023895,30.525319,-1,10969
104.164335,30.383799,-1,10970
103.885032,30.577684,-1,10971
104.498677,30.428164,-1,10972
104.003584,30.482992,-1,10973
104.183413,30.786469,-1,10974
104.328679,30.276679,-1,10975
103.796715,30.646347,158,10976
104.171318,30.659638,5,10977
103.969274,30.366535,127,10978
104.036523,30.296684,167,10979
104.163944,30.39155,-1,10980
104.554736,30.353053,121,10981
104.438115,30.356595,73,10982
103.700054,30.309637,-1,10983
104.226682,30.738289,-1,10984
103.915066,30.3879,-1,10985
104.055646,30.456992,-1,10986
103.840814,30.355877,-1,10987
104.022475,30.500925,-1,10988
104.097118,30.585891,193,10989
104.046684,30.54028,-1,10990
103.601061,31.064706,157,10991
104.435307,30.355431,-1,10992
103.624425,31.482764,-1,10993
103.843869,30.683074,-1,10994
103.981558,30.785044,43,10995
104.330163,30.891677,-1,10996
104.155053,30.72834,-1,10997
104.314653,30.874679,-1,10998
104.006423,30.592326,173,10999
104.745684,30.451627,22,11000
103.818665,30.575409,-1,11001
103.883259,30.665956,109,11002
103.896741,30.666465,144,11003
104.24499,30.645689,41,11004
104.164923,30.682398,-1,11005
103.926076,30.672659,-1,11006
104.118199,30.756714,20,11007
103.781886,30.675455,182,11008
103.720391,30.564591,-1,11009
104.262664,30.271339,-1,11010
104.048445,30.710774,-1,11011
104.662401,31.08991,-1,11012
104.597732,30.699625,-1,11013
104.130405,30.522202,-1,11014
103.444804,31.274668,-1,11015
103.91271,30.824633,120,11016
103.945071,30.708976,-1,11017
103.710764,30.319788,-1,11018
103.967144,30.648198,70,11019
104.097407,30.531568,-1,11020
104.533921,29.759401,239,11021
104.060644,30.662385,-1,11022
103.904343,30.370311,-1,11023
103.919785,30.97699,-1,11024
104.118901,30.583609,-1,11025
104.745364,30.45183,22,11026
104.11553,30.482554,-1,11027
103.969484,30.982038,-1,11028
104.0152,30.246605,-1,11029
103.678385,31.030061,7,11030
104.21619,30.699662,-1,11031
104.502824,30.468107,-1,11032
104.106151,30.508875,-1,11033
104.010729,30.838317,-1,11034
104.061749,30.419045,8,11035
103.76035,30.394196,-1,11036
104.072627,30.730846,-1,11037
104.008783,30.59067,95,11038
104.130439,30.670318,59,11039
104.14605,31.492663,-1,11040
103.768257,30.694287,-1,11041
104.147058,30.777592,-1,11042
103.97386,30.800488,125,11043
104.477678,30.502927,-1,11044
104.051083,30.476665,75,11045
103.9519,30.427889,14,11046
103.76266,30.041946,-1,11047
103.95484,30.544227,-1,11048
104.32698,30.306163,248,11049
104.510749,31.177056,-1,11050
103.660416,30.383966,-1,11051
104.223375,30.675398,-1,11052
103.959205,30.635418,-1,11053
103.905496,30.810822,200,11054
104.415427,30.854272,-1,11055
103.660993,30.961187,97,11056
104.075115,30.728486,-1,11057
104.096314,30.54035,145,11058
104.886966,30.171812,-1,11059
104.555427,30.352778,121,11060
104.19422,30.691617,-1,11061
104.334196,30.763523,-1,11062
104.45678,30.856934,-1,11063
103.559802,30.548935,153,11064
103.792376,29.72324,-1,11065
103.954958,30.492028,-1,11066
104.315782,30.303241,4,11067
103.959716,30.517554,58,11068
103.920135,30.302118,-1,11069
104.237367,30.646117,87,11070
104.114162,30.776507,-1,11071
103.796564,30.569085,-1,11072
104.200517,30.684353,-1,11073
103.917114,30.68368,124,11074
104.393147,30.293627,-1,11075
103.862869,30.305961,-1,11076
103.618371,30.522703,-1,11077
104.203747,30.726025,33,11078
104.106167,30.506047,-1,11079
103.942331,30.555723,-1,11080
104.175391,30.66443,272,11081
103.935221,30.905404,150,11082
104.152913,30.781779,184,11083
103.963037,30.5704,-1,11084
104.014575,30.472554,-1,11085
104.257411,30.530302,-1,11086
103.935923,30.668142,-1,11087
104.18823,30.793314,-1,11088
104.130883,30.376031,-1,11089
103.757137,30.579934,-1,11090
103.840245,30.359533,79,11091
103.870844,30.711157,-1,11092
104.050772,30.476214,75,11093
104.312426,30.408083,-1,11094
104.198068,30.859207,-1,11095
104.074936,30.32095,-1,11096
103.937678,30.614899,114,11097
104.106716,30.756127,-1,11098
104.097427,30.584711,193,11099
103.932045,30.609488,-1,11100
103.702742,30.65288,-1,11101
104.149323,30.622389,116,11102
104.113255,30.523417,-1,11103
104.310479,30.62128,-1,11104
104.089702,30.740936,171,11105
104.255251,30.859798,146,11106
103.965242,30.637025,0,11107
104.021792,30.549954,-1,11108
104.508659,30.354565,36,11109
104.098894,30.585086,193,11110
103.767651,30.54359,-1,11111
104.488024,30.459932,51,11112
103.712506,30.523085,-1,11113
104.323131,30.34296,-1,11114
103.623116,31.493954,-1,11115
104.212685,30.583834,115,11116
103.919299,30.23151,-1,11117
104.34018,30.778226,-1,11118
104.105897,30.855306,-1,11119
103.680437,30.612327,249,11120
104.227928,30.802586,-1,11121
103.90245,30.658519,148,11122
104.307978,30.845572,265,11123
104.254832,30.859173,146,11124
103.678383,31.030058,7,11125
104.311327,30.708292,-1,11126
104.066656,30.63346,-1,11127
104.470399,30.345857,-1,11128
103.889498,30.38383,34,11129
104.179973,30.519868,-1,11130
104.139507,30.647204,-1,11131
103.945475,30.585345,-1,11132
104.058163,30.4127,-1,11133
104.24316,30.645784,41,11134
104.075291,30.741728,-1,11135
104.479321,30.490815,-1,11136
104.225187,30.672223,-1,11137
104.288991,30.696787,-1,11138
103.850843,30.778644,-1,11139
103.700152,31.099157,-1,11140
104.182331,30.700067,-1,11141
104.081447,30.716643,-1,11142
104.217396,30.571918,-1,11143
104.32722,30.306181,248,11144
104.036362,30.296818,167,11145
104.020909,30.459204,-1,11146
104.330924,30.644581,-1,11147
104.5301,30.368882,-1,11148
104.274394,30.857979,-1,11149
104.745647,30.451561,22,11150
103.984127,30.572977,16,11151
104.774562,30.85656,-1,11152
104.087767,30.758529,-1,11153
104.548086,30.691357,-1,11154
103.464801,30.452597,80,11155
104.134562,30.806053,85,11156
103.936073,30.614235,114,11157
103.956728,30.030478,-1,11158
104.242785,30.650689,66,11159
104.391554,30.300107,139,11160
103.796088,30.387946,-1,11161
104.073643,30.784386,-1,11162
104.061482,30.389367,273,11163
104.43791,30.356685,73,11164
103.973185,30.404508,-1,11165
103.496066,31.358931,195,11166
103.945175,30.708976,-1,11167
104.194244,30.541698,-1,11168
103.830531,29.847745,-1,11169
103.907531,30.671198,-1,11170
104.130581,30.670276,59,11171
103.973573,30.662801,50,11172
104.237632,30.718686,-1,11173
103.767651,30.54359,-1,11174
104.378983,30.292528,99,11175
103.960134,30.938961,-1,11176
104.323131,30.34296,-1,11177
104.536876,30.397053,-1,11178
104.069639,30.692393,162,11179
104.465273,30.472545,-1,11180
103.952798,30.33936,-1,11181
103.474759,30.431231,40,11182
104.61677,30.685464,-1,11183
104.173348,30.521482,-1,11184
103.893045,30.513912,179,11185
104.272482,30.627416,-1,11186
103.827588,31.276101,-1,11187
104.333485,30.764047,-1,11188
103.94008,30.614391,197,11189
103.528203,31.007788,-1,11190
104.118063,30.756908,20,11191
104.573174,30.366184,-1,11192
104.060943,30.368765,-1,11193
104.163327,30.70003,-1,11194
104.734011,30.439978,-1,11195
104.203689,30.725994,33,11196
104.137892,30.405895,-1,11197
103.749317,30.59759,-1,11198
104.326516,30.744438,-1,11199
103.973674,31.032202,-1,11200
104.420726,30.477455,-1,11201
103.862719,30.712009,-1,11202
104.04479,30.940882,-1,11203
103.723722,30.592141,-1,11204
103.819137,30.797226,192,11205
104.051619,30.757818,-1,11206
103.277659,29.569543,-1,11207
104.20106,30.733789,-1,11208
103.694575,30.420518,-1,11209
103.789611,31.169139,-1,11210
104.668269,30.087665,-1,11211
103.464801,30.452597,80,11212
103.784315,29.441629,-1,11213
104.306222,31.01921,-1,11214
104.196868,30.738415,-1,11215
104.421676,30.881316,-1,11216
104.50183,30.354274,-1,11217
103.65899,30.960618,-1,11218
104.096053,30.382078,-1,11219
103.91714,30.683783,124,11220
104.008841,30.590564,95,11221
104.107143,30.563271,-1,11222
104.659593,31.089837,-1,11223
104.003871,30.606395,-1,11224
104.189668,30.772591,-1,11225
103.956664,30.034553,-1,11226
103.995144,30.734021,-1,11227
104.14955,30.724809,-1,11228
104.661432,31.130146,-1,11229
103.465599,30.438008,91,11230
103.914174,30.675385,191,11231
104.226593,30.792667,38,11232
104.346415,30.829699,-1,11233
104.130865,30.601484,-1,11234
103.348319,30.419084,-1,11235
104.087296,30.759133,-1,11236
103.899595,30.536433,-1,11237
104.037665,30.360629,-1,11238
104.093097,30.581697,2,11239
103.946232,30.474806,-1,11240
104.17712,30.718742,103,11241
103.955719,30.651721,-1,11242
103.726201,30.781801,-1,11243
104.172158,30.48404,29,11244
103.497044,30.547033,-1,11245
103.676744,30.90577,-1,11246
104.285603,30.695769,-1,11247
104.07263,30.418032,-1,11248
104.353738,30.843618,-1,11249
103.55306,30.220808,45,11250
103.923009,30.71722,172,11251
104.222995,31.041641,-1,11252
104.080621,30.513049,-1,11253
104.53731,30.365923,201,11254
104.262078,30.871631,-1,11255
103.610642,30.835334,-1,11256
104.700621,31.00323,-1,11257
104.077993,30.361418,-1,11258
103.495411,30.406882,-1,11259
104.040809,30.792409,-1,11260
104.425979,30.883097,-1,11261
104.193511,30.700365,-1,11262
103.489123,31.342989,-1,11263
104.709004,30.88575,-1,11264
104.131171,30.670526,59,11265
104.264071,30.851637,-1,11266
104.31369,30.707392,-1,11267
103.727286,30.748716,-1,11268
103.983523,30.572361,16,11269
103.892889,30.513875,179,11270
103.811068,30.439163,-1,11271
103.887289,30.528621,31,11272
103.913497,30.731108,-1,11273
103.977883,30.688895,28,11274
103.953314,30.64228,-1,11275
104.098715,30.436829,-1,11276
104.081209,30.507527,-1,11277
104.069779,30.768558,119,11278
103.799994,30.6471,-1,11279
103.821119,30.656275,-1,11280
103.859333,30.827575,53,11281
104.447713,30.598627,-1,11282
104.088913,30.516897,-1,11283
104.16467,30.658452,71,11284
104.40375,30.311662,-1,11285
104.16524,30.659442,71,11286
103.912741,30.824747,120,11287
104.188269,30.514627,189,11288
104.225987,30.644249,-1,11289
103.688674,31.024305,-1,11290
104.105724,30.547266,-1,11291
103.918741,30.230974,-1,11292
103.990628,30.72287,-1,11293
104.191805,30.593238,-1,11294
104.017563,30.652293,-1,11295
103.892977,30.513949,179,11296
103.873602,30.829331,-1,11297
103.875931,30.481021,-1,11298
104.22356,30.885186,-1,11299
104.593362,31.767603,-1,11300
103.947902,30.327214,-1,11301
103.892474,31.020028,-1,11302
103.532337,31.404674,135,11303
103.511119,30.290376,-1,11304
104.06365,30.60879,136,11305
104.135574,30.40241,-1,11306
103.701475,30.602739,27,11307
104.312111,30.871756,-1,11308
104.018846,30.848738,-1,11309
104.318559,30.861212,57,11310
103.797544,30.40472,-1,11311
103.909992,30.749375,-1,11312
103.698685,30.395797,-1,11313
104.232486,31.022069,-1,11314
103.566218,30.77711,-1,11315
104.006183,30.233809,-1,11316
104.243157,30.650418,66,11317
103.348854,30.366167,-1,11318
104.35021,30.643028,-1,11319
104.098042,30.435957,-1,11320
104.139965,30.640044,-1,11321
103.653183,30.552238,-1,11322
104.218584,30.585384,-1,11323
103.965108,30.310026,-1,11324
104.565528,30.371095,198,11325
104.508383,30.424179,-1,11326
104.737828,30.30508,-1,11327
104.086375,30.456529,-1,11328
104.195494,30.686698,-1,11329
104.520334,30.401439,-1,11330
103.826386,30.575979,-1,11331
103.820607,30.630393,-1,11332
104.586542,30.132623,-1,11333
104.536848,30.704711,-1,11334
103.738042,30.511395,212,11335
103.774053,30.663092,-1,11336
104.224902,30.793638,11,11337
103.883606,30.753367,-1,11338
104.037007,30.147923,181,11339
103.849645,30.563052,-1,11340
103.947792,30.010901,-1,11341
104.254032,30.859191,146,11342
104.203697,30.7404,113,11343
103.873351,30.378564,-1,11344
104.012552,30.843025,-1,11345
103.891921,30.244296,-1,11346
104.092676,30.582616,2,11347
104.112934,30.495891,-1,11348
104.181984,30.533694,-1,11349
103.960271,30.166546,-1,11350
103.857214,30.78592,258,11351
103.936505,30.613802,114,11352
104.111303,30.510846,-1,11353
104.30661,30.70746,-1,11354
104.130812,30.963315,-1,11355
104.027428,31.353973,-1,11356
104.167048,30.70566,-1,11357
103.977683,30.640458,-1,11358
104.791017,30.144898,-1,11359
104.099835,31.288713,-1,11360
104.354136,30.435734,-1,11361
104.464906,30.471698,-1,11362
103.859927,30.301772,-1,11363
104.293863,30.390484,-1,11364
103.901525,30.400843,-1,11365
104.044616,30.449369,-1,11366
104.202521,30.72615,33,11367
104.043489,30.446561,101,11368
103.891418,30.409788,-1,11369
103.881258,31.087576,159,11370
104.084984,30.749064,-1,11371
104.607326,30.721936,-1,11372
104.069901,30.768368,119,11373
104.162591,30.69877,-1,11374
103.936849,30.781691,-1,11375
104.218719,30.781313,-1,11376
104.245755,30.646106,41,11377
103.59472,30.831815,-1,11378
103.548921,31.052027,-1,11379
103.981018,30.785082,43,11380
103.038044,29.214101,-1,11381
103.654863,30.927118,111,11382
103.45976,30.746681,236,11383
104.111719,30.523468,-1,11384
104.072828,30.734159,-1,11385
104.018941,30.455497,-1,11386
104.393622,30.335946,-1,11387
104.048347,30.427851,-1,11388
103.608077,30.961055,-1,11389
103.831008,30.573783,-1,11390
104.565055,30.378997,210,11391
103.553745,31.051685,-1,11392
103.782314,30.792777,-1,11393
102.765158,30.409449,-1,11394
104.308848,30.865652,137,11395
103.673945,30.732103,-1,11396
104.088128,30.720567,-1,11397
104.109551,30.50545,225,11398
104.07491,30.36017,-1,11399
103.977844,30.688329,28,11400
104.320457,30.278048,188,11401
104.519927,30.424713,-1,11402
103.994197,30.504501,-1,11403
104.328172,30.890859,-1,11404
103.661384,30.96106,97,11405
103.785793,30.652243,-1,11406
104.106527,30.740592,122,11407
104.038803,30.447348,-1,11408
103.968873,30.656903,-1,11409
104.031463,30.468305,-1,11410
104.198958,31.580427,-1,11411
104.327515,30.402413,-1,11412
104.634275,30.407083,-1,11413
104.784109,30.302389,-1,11414
104.144635,30.616056,-1,11415
103.850807,31.067222,-1,11416
104.097349,30.573627,-1,11417
103.892927,30.513944,179,11418
103.922365,30.686379,-1,11419
103.970871,30.458345,-1,11420
103.849618,30.638379,-1,11421
103.987755,30.597378,-1,11422
104.244545,30.645457,41,11423
103.88127,31.087679,159,11424
104.24499,30.645689,41,11425
103.825044,30.581583,-1,11426
103.738806,30.575803,-1,11427
103.917298,30.683946,124,11428
103.997407,30.252952,-1,11429
103.961388,30.66515,-1,11430
104.158648,30.883787,-1,11431
104.170922,30.615096,78,11432
104.462386,31.234167,-1,11433
104.183434,30.711168,141,11434
104.126749,30.512229,-1,11435
104.013403,30.616533,-1,11436
104.196899,30.73801,-1,11437
104.162742,30.676051,-1,11438
104.093229,30.752711,-1,11439
104.044146,30.445705,101,11440
103.844378,30.779734,-1,11441
104.051028,30.476715,75,11442
103.789599,30.352475,-1,11443
104.260733,30.872049,-1,11444
104.306224,31.019225,-1,11445
103.935731,30.905485,150,11446
103.828403,31.279781,-1,11447
104.123992,30.597948,-1,11448
104.100478,30.436477,-1,11449
104.539277,31.859515,151,11450
104.363336,30.29616,-1,11451
104.069807,30.327355,-1,11452
104.320883,30.860524,-1,11453
103.647642,30.296879,-1,11454
104.283391,30.646283,-1,11455
103.97545,30.580823,-1,11456
104.29668,30.994335,220,11457
104.050593,30.476748,75,11458
104.072501,30.351095,-1,11459
104.154502,30.726223,-1,11460
103.988408,30.627678,142,11461
103.862869,30.305961,-1,11462
103.983861,30.572959,16,11463
104.078596,30.374008,-1,11464
103.867135,30.534933,238,11465
103.52927,30.377481,-1,11466
104.125359,30.769701,96,11467
104.333866,30.644249,216,11468
104.114879,30.378413,168,11469
104.391706,30.300225,139,11470
104.32038,30.277462,188,11471
103.709509,30.394062,276,11472
103.683824,30.302675,-1,11473
103.970857,30.650204,118,11474
104.186185,30.533926,-1,11475
103.30236,30.580718,-1,11476
104.237096,30.647875,-1,11477
103.969653,30.668796,-1,11478
104.453755,30.854225,-1,11479
103.867679,30.787105,-1,11480
104.078353,30.36794,-1,11481
104.073928,30.714849,-1,11482
104.202087,30.726061,33,11483
104.118343,30.757344,20,11484
103.776545,30.636744,-1,11485
103.675658,31.021749,-1,11486
103.859143,30.827429,53,11487
103.798264,30.652512,-1,11488
102.202193,29.725583,-1,11489
104.234662,30.646471,87,11490
103.883264,30.41134,-1,11491
103.856241,30.785035,258,11492
104.067166,30.610463,-1,11493
104.101252,30.749315,-1,11494
103.881436,30.487206,-1,11495
103.871038,30.402502,-1,11496
104.067219,30.694545,-1,11497
104.178558,30.782966,260,11498
103.99777,30.757484,15,11499
103.947582,30.835048,-1,11500
103.483829,31.33253,-1,11501
104.224986,30.793869,11,11502
103.302367,30.580853,-1,11503
104.185806,30.71941,74,11504
104.077231,30.230823,-1,11505
103.851132,30.819362,12,11506
103.986258,30.33217,271,11507
104.680602,30.051126,-1,11508
103.708699,30.391494,-1,11509
103.935631,30.782558,-1,11510
103.929491,30.941595,-1,11511
104.1347,30.805968,85,11512
103.497276,30.753404,-1,11513
103.84641,30.019394,-1,11514
104.073652,30.546944,-1,11515
104.051959,30.277135,-1,11516
104.000709,30.762905,-1,11517
104.202679,30.726138,33,11518
103.967641,30.648389,70,11519
103.496103,30.54837,46,11520
104.497774,30.489687,-1,11521
103.866941,30.311896,-1,11522
104.188823,30.870027,-1,11523
104.316672,30.951467,-1,11524
104.074046,30.550031,-1,11525
104.023667,30.541935,-1,11526
103.981334,30.785213,43,11527
104.064327,30.492815,-1,11528
104.069773,30.768765,119,11529
104.220836,30.638821,10,11530
103.959732,30.517524,58,11531
104.264829,30.731509,-1,11532
104.151527,30.775859,259,11533
104.104827,30.81295,-1,11534
104.046538,30.449522,-1,11535
103.817045,30.907846,-1,11536
103.869505,30.630526,-1,11537
104.177437,30.718686,103,11538
103.88882,30.558447,-1,11539
104.296118,30.993847,220,11540
104.063531,30.609701,136,11541
103.77471,31.212905,-1,11542
104.104026,30.530913,154,11543
104.046402,30.426928,126,11544
104.268114,30.650122,-1,11545
103.961264,30.940564,-1,11546
104.010451,31.431243,-1,11547
103.654653,30.926125,111,11548
103.813691,31.655578,-1,11549
103.772731,30.891253,-1,11550
104.354272,30.436245,-1,11551
103.847953,30.430994,-1,11552
104.195705,30.85915,-1,11553
104.038568,30.66268,-1,11554
103.959997,30.517242,58,11555
103.789599,30.352475,-1,11556
104.151946,30.633402,-1,11557
103.991318,30.738772,65,11558
103.801935,30.971002,-1,11559
104.044773,30.454293,-1,11560
103.701191,31.030552,-1,11561
103.937407,30.61486,114,11562
104.389312,30.298533,-1,11563
104.271033,30.960313,-1,11564
103.669327,29.780831,-1,11565
104.224283,30.675027,-1,11566
104.118079,30.757134,20,11567
104.027144,31.332159,-1,11568
104.001352,31.047324,-1,11569
104.268802,30.233662,-1,11570
104.152191,30.612967,-1,11571
103.914058,30.67561,191,11572
104.358494,30.737226,-1,11573
103.638913,30.967966,-1,11574
104.51298,30.61941,-1,11575
103.736485,31.01717,-1,11576
103.483829,31.33253,-1,11577
104.499963,30.466397,-1,11578
104.305214,30.877198,-1,11579
104.118167,30.756772,20,11580
103.952285,30.427738,14,11581
103.539378,31.008329,-1,11582
103.743952,30.356823,-1,11583
103.766077,31.195544,-1,11584
104.072501,30.351095,-1,11585
104.126369,30.586551,-1,11586
103.972436,30.469674,-1,11587
104.026009,30.514729,-1,11588
104.177206,30.718902,103,11589
104.011585,30.621041,-1,11590
104.003238,30.739816,-1,11591
104.392746,30.283674,62,11592
103.893594,30.633988,-1,11593
104.198425,30.582156,44,11594
104.143992,30.616202,-1,11595
104.057605,30.426944,-1,11596
103.818104,30.634124,56,11597
103.965,30.615959,-1,11598
104.036667,30.297099,167,11599
103.967312,30.648411,70,11600
103.660702,30.973032,-1,11601
104.200788,30.719744,-1,11602
103.885939,30.165283,-1,11603
104.47363,30.486277,218,11604
104.307017,30.846051,265,11605
103.979694,30.202265,-1,11606
103.598609,30.985667,-1,11607
104.492143,30.322471,-1,11608
103.888201,30.55628,81,11609
103.935519,30.905545,150,11610
103.886761,30.528283,31,11611
103.96484,30.636816,0,11612
104.320489,30.277966,188,11613
103.237148,30.379504,-1,11614
104.564674,30.37965,210,11615
104.227355,30.858199,-1,11616
103.953253,30.592359,-1,11617
103.847818,31.027977,-1,11618
103.93643,30.613983,114,11619
103.877699,30.572676,-1,11620
104.037908,30.659894,-1,11621
104.485951,30.492429,-1,11622
103.876334,30.490774,-1,11623
103.901889,30.834145,35,11624
103.705644,30.358768,-1,11625
103.671851,30.317536,-1,11626
104.237485,30.653004,13,11627
103.661038,30.961235,97,11628
104.508474,30.354514,36,11629
104.444769,30.488991,-1,11630
103.499358,30.569433,165,11631
104.056103,30.8478,164,11632
104.762024,30.616075,255,11633
104.075527,30.238834,52,11634
103.800791,30.453679,-1,11635
104.017818,30.444641,-1,11636
104.120018,30.772628,169,11637
104.198306,30.591977,76,11638
104.112045,30.505936,-1,11639
104.106534,30.740636,122,11640
103.909503,30.544671,147,11641
103.690014,31.045949,-1,11642
104.168187,30.627578,-1,11643
103.914762,30.477042,-1,11644
104.236235,30.64699,87,11645
103.988204,30.627489,142,11646
103.878212,30.415665,-1,11647
104.973514,29.870855,23,11648
104.18311,30.717389,267,11649
103.815849,30.278129,-1,11650
104.056331,30.763278,-1,11651
104.123617,30.912503,-1,11652
103.713715,30.525879,1,11653
103.85542,30.631063,-1,11654
104.181281,30.702366,-1,11655
104.245336,30.553414,230,11656
104.578516,30.810359,-1,11657
103.780322,31.226507,-1,11658
104.663027,31.09096,187,11659
103.714549,30.343737,-1,11660
104.164651,30.658771,71,11661
103.468646,30.43439,-1,11662
104.309107,30.865307,137,11663
103.97331,30.664293,50,11664
103.80038,30.830742,-1,11665
103.83149,30.646803,-1,11666
103.604694,30.966662,-1,11667
104.081882,30.717828,-1,11668
104.349771,30.556701,-1,11669
104.186521,30.707848,-1,11670
103.566243,30.525816,-1,11671
104.249678,30.860413,-1,11672
104.074496,30.711378,-1,11673
103.82086,30.659657,-1,11674
104.093464,30.58128,2,11675
103.595577,30.662462,-1,11676
104.064327,30.492815,-1,11677
104.526193,30.431112,-1,11678
104.18587,30.71862,74,11679
104.045459,30.427311,126,11680
103.970659,30.650372,118,11681
104.153442,30.636558,-1,11682
104.10055,30.688606,-1,11683
104.130866,30.670216,59,11684
103.489755,30.184644,262,11685
103.73652,31.017294,-1,11686
104.215074,30.582714,115,11687
104.471836,30.862616,-1,11688
104.886301,29.756982,-1,11689
104.323344,30.645123,17,11690
103.968624,30.60315,-1,11691
104.106139,30.587324,143,11692
104.094365,30.523318,-1,11693
104.184526,30.717042,267,11694
104.463635,30.49075,-1,11695
103.680212,30.617195,-1,11696
103.959942,30.621279,-1,11697
103.969073,31.007922,-1,11698
103.876134,30.500574,166,11699
103.775459,30.659777,-1,11700
103.678383,31.030058,7,11701
103.918174,30.684006,124,11702
103.686142,30.295997,-1,11703
103.655075,30.926291,111,11704
103.985106,30.219045,-1,11705
104.175864,30.524493,-1,11706
103.457314,30.467333,-1,11707
104.573249,30.339032,-1,11708
103.948646,30.677494,37,11709
103.995005,30.423961,-1,11710
103.601125,31.064604,157,11711
103.902386,30.83475,35,11712
104.16518,30.658465,71,11713
104.134247,30.371362,-1,11714
104.555268,30.35271,121,11715
104.268698,30.578781,-1,11716
103.857826,31.065041,-1,11717
103.863145,30.855413,-1,11718
104.009309,30.479675,-1,11719
104.047088,30.428474,126,11720
103.561304,30.74872,217,11721
103.797339,30.871849,-1,11722
104.074936,30.32095,-1,11723
103.7182,30.587463,-1,11724
104.192288,30.798907,-1,11725
103.921697,30.686383,-1,11726
102.866907,29.147463,-1,11727
103.83274,30.549541,133,11728
104.3265,30.860194,54,11729
103.800043,30.639414,-1,11730
103.936799,30.937208,-1,11731
103.498395,30.569082,165,11732
103.861913,30.84259,-1,11733
104.115644,30.418444,208,11734
104.168682,30.741594,88,11735
104.294512,30.393387,-1,11736
104.233305,30.717615,-1,11737
104.023461,30.524103,-1,11738
103.732568,31.19766,-1,11739
104.118505,30.775013,-1,11740
104.388182,30.761747,-1,11741
104.488466,30.333791,-1,11742
104.090339,30.755366,-1,11743
103.991395,30.471719,-1,11744
104.571779,30.70813,-1,11745
104.569437,30.372058,246,11746
104.226526,30.525143,94,11747
104.036635,30.296755,167,11748
103.974501,30.737893,-1,11749
103.885887,31.028538,-1,11750
103.967176,30.648356,70,11751
103.66138,30.961193,97,11752
104.222416,30.69692,-1,11753
104.006078,30.591885,173,11754
104.081314,30.527529,-1,11755
104.056048,30.847881,164,11756
104.237093,30.642802,-1,11757
103.775411,31.225845,-1,11758
103.918969,30.866649,-1,11759
103.885383,31.028255,-1,11760
103.874448,30.417286,60,11761
104.125288,30.769319,96,11762
104.198315,30.582052,44,11763
104.049784,30.283148,-1,11764
104.071161,30.725213,84,11765
104.14865,30.660014,32,11766
104.036627,30.296803,167,11767
104.577089,30.730053,-1,11768
103.991016,30.435117,202,11769
104.254048,30.859005,146,11770
104.214239,30.651675,177,11771
104.130757,30.636618,-1,11772
103.960093,30.822556,-1,11773
104.077571,30.607596,-1,11774
104.170936,30.615279,78,11775
104.198578,30.582039,44,11776
104.628189,30.308182,-1,11777
103.506028,30.559036,247,11778
104.112081,31.07591,-1,11779
104.118879,30.757394,20,11780
103.936072,30.905458,150,11781
103.885939,30.165283,-1,11782
104.119319,30.578257,-1,11783
104.039034,30.530037,-1,11784
103.721118,30.57596,-1,11785
104.166008,30.712527,104,11786
103.791015,30.576186,-1,11787
104.503732,30.426643,-1,11788
104.353978,30.999887,-1,11789
104.111965,30.510689,-1,11790
103.957266,30.647363,-1,11791
103.499207,30.569452,165,11792
103.973747,30.800454,125,11793
103.871217,30.10731,-1,11794
104.05632,30.378803,-1,11795
104.459178,31.104586,-1,11796
104.500058,30.68351,-1,11797
104.074966,30.371042,-1,11798
103.82748,31.276574,-1,11799
103.961382,30.644863,-1,11800
103.920393,30.376517,-1,11801
104.229129,30.660369,-1,11802
103.908759,30.543369,147,11803
104.517717,30.391309,-1,11804
104.527312,30.644679,-1,11805
103.843403,31.138298,-1,11806
103.967323,30.585975,233,11807
104.099341,30.46702,155,11808
104.177637,30.720522,-1,11809
104.116115,30.462596,-1,11810
104.522658,30.662962,-1,11811
103.939768,30.614241,197,11812
104.209243,30.606447,-1,11813
103.904671,30.974365,-1,11814
103.523343,30.20742,-1,11815
104.223478,30.844463,-1,11816
104.052253,30.246001,226,11817
103.40618,30.982849,-1,11818
103.844527,30.012871,-1,11819
103.802297,30.454985,112,11820
103.913563,30.993786,-1,11821
103.77664,30.422958,-1,11822
104.16529,30.658899,71,11823
104.069676,30.690544,162,11824
103.754224,31.014891,194,11825
104.384544,30.301518,-1,11826
103.875357,30.484038,-1,11827
104.053233,30.45597,-1,11828
103.952173,30.427881,14,11829
103.688393,30.894893,-1,11830
103.952142,30.466077,-1,11831
103.545479,30.58913,-1,11832
104.25392,30.858906,146,11833
102.2024,29.684137,-1,11834
104.107664,30.675072,-1,11835
103.781852,29.444198,-1,11836
104.505228,30.506659,-1,11837
103.721175,30.562501,-1,11838
103.856185,30.78592,258,11839
103.655411,30.895306,-1,11840
103.997094,30.907937,55,11841
103.663167,30.560502,-1,11842
103.86615,30.304763,-1,11843
104.022966,31.388389,-1,11844
104.112833,30.580203,178,11845
103.712713,30.527001,1,11846
103.883249,30.665927,109,11847
103.725402,30.909577,-1,11848
104.539159,30.65885,-1,11849
103.911966,30.631108,156,11850
104.883994,30.273653,-1,11851
104.443193,30.842884,-1,11852
104.378983,30.292528,99,11853
104.220748,30.638898,10,11854
103.83872,30.734224,-1,11855
104.255466,30.531172,92,11856
104.221554,30.672659,-1,11857
103.929567,31.028913,-1,11858
104.004898,30.514838,-1,11859
103.990914,30.427524,-1,11860
104.598717,30.38718,-1,11861
104.502195,30.493977,-1,11862
103.917298,30.683946,124,11863
104.499699,30.473607,-1,11864
104.242767,30.650014,66,11865
104.566904,30.387812,-1,11866
103.921617,30.293442,-1,11867
103.820606,30.451911,-1,11868
103.879983,30.347952,-1,11869
104.071171,30.725281,84,11870
104.291089,30.382463,-1,11871
104.227101,30.523713,-1,11872
104.152743,30.781944,184,11873
104.186319,30.761508,-1,11874
102.996836,30.336897,-1,11875
104.114521,30.750701,256,11876
104.077773,30.752702,-1,11877
103.711829,30.321902,-1,11878
103.919288,30.231557,-1,11879
104.107568,30.512698,245,11880
104.628481,30.308042,-1,11881
104.099475,30.712374,-1,11882
104.09216,30.798837,-1,11883
103.416318,31.06364,-1,11884
104.279074,29.937078,-1,11885
104.203042,30.725996,33,11886
103.981886,30.590611,-1,11887
103.492645,31.439086,-1,11888
104.386531,30.291511,-1,11889
104.208522,30.524036,-1,11890
103.927327,30.427824,-1,11891
103.505842,30.559026,247,11892
103.839695,30.709712,-1,11893
104.02037,30.732036,-1,11894
104.398015,31.008782,-1,11895
104.176982,30.718903,103,11896
104.003698,30.521868,-1,11897
103.661285,30.961265,97,11898
104.235318,30.646246,87,11899
103.84274,30.57656,-1,11900
103.911899,30.631103,156,11901
104.224177,30.566348,183,11902
104.057132,30.448345,-1,11903
104.427935,30.604344,-1,11904
104.167189,30.644003,-1,11905
104.090164,30.740486,171,11906
104.001225,30.520578,222,11907
104.223488,30.885018,-1,11908
104.473216,30.434715,-1,11909
104.091984,30.798816,-1,11910
104.213498,30.583793,115,11911
104.33758,30.910094,-1,11912
104.403799,30.345034,-1,11913
103.956775,30.555907,-1,11914
104.056049,30.484533,-1,11915
103.853242,30.625322,-1,11916
104.38707,30.847612,-1,11917
104.213876,30.583811,115,11918
104.109935,30.505027,225,11919
104.227101,30.523713,-1,11920
104.056537,30.366345,-1,11921
103.666911,30.957309,-1,11922
103.842504,30.538852,-1,11923
103.533036,30.765173,-1,11924
103.934379,30.548575,-1,11925
104.191616,30.790356,224,11926
103.506474,30.201562,-1,11927
104.467957,30.848218,254,11928
103.964936,30.615547,-1,11929
104.760719,30.621228,-1,11930
104.391885,30.300133,139,11931
104.034051,30.485797,-1,11932
104.224993,30.707302,-1,11933
104.185342,30.684477,227,11934
104.134353,30.603182,-1,11935
104.011577,30.590995,-1,11936
103.947737,30.01054,-1,11937
104.036091,30.464913,-1,11938
104.004977,30.521739,266,11939
103.661954,31.001629,-1,11940
103.799176,30.434504,-1,11941
103.810259,30.631968,185,11942
103.816138,30.486019,-1,11943
104.092932,30.524285,123,11944
103.978359,30.789236,-1,11945
102.637381,31.845654,-1,11946
104.046541,30.553554,-1,11947
104.129021,30.587686,-1,11948
104.106159,30.584149,-1,11949
103.914254,30.675534,191,11950
104.489494,30.494003,174,11951
103.811423,31.163227,-1,11952
104.464482,30.453576,-1,11953
103.904776,30.977885,-1,11954
103.828232,30.627727,-1,11955
104.183313,30.594683,-1,11956
104.302364,30.259098,-1,11957
104.485808,30.491679,-1,11958
103.705502,30.40456,-1,11959
103.861349,30.878963,-1,11960
104.09832,30.544193,-1,11961
104.234758,30.646055,87,11962
103.873992,30.628619,-1,11963
104.440047,30.884296,-1,11964
104.115917,30.68861,-1,11965
103.682138,31.027734,234,11966
104.241249,30.958142,-1,11967
103.871136,30.402777,-1,11968
103.988299,30.45915,-1,11969
103.908014,30.71709,-1,11970
103.990716,30.739536,65,11971
103.81976,30.796892,192,11972
104.109199,30.46408,161,11973
103.498688,30.569385,165,11974
103.896319,30.666115,144,11975
104.0929,30.535694,-1,11976
103.887031,30.528516,31,11977
104.103877,30.5125,77,11978
104.072029,30.419427,-1,11979
104.244972,30.645266,41,11980
104.45943,30.487615,-1,11981
104.203791,30.726029,33,11982
104.129212,30.671623,59,11983
104.235752,30.646791,87,11984
103.876417,30.5009,166,11985
103.958447,30.662596,257,11986
103.952012,30.427889,14,11987
104.066257,30.320863,-1,11988
104.03645,30.29669,167,11989
104.537174,30.365819,201,11990
103.872553,30.779409,138,11991
104.307731,30.845086,265,11992
104.371436,31.048966,-1,11993
104.096996,30.5868,193,11994
103.969234,30.366527,127,11995
103.820718,30.451936,-1,11996
104.164743,30.658687,71,11997
104.043807,31.266812,-1,11998
104.114553,30.579303,178,11999
103.802114,31.025919,-1,12000
104.04158,30.529461,-1,12001
104.245719,30.991695,-1,12002
103.796649,30.644267,180,12003
104.198695,30.705141,-1,12004
103.826712,29.979991,-1,12005
104.057149,30.448473,-1,12006
103.819505,30.665292,-1,12007
103.868137,30.462854,-1,12008
103.394217,30.206639,-1,12009
104.203259,30.725984,33,12010
104.254272,30.856037,-1,12011
103.708864,29.090384,-1,12012
104.145193,30.543061,-1,12013
104.028668,30.551367,269,12014
104.326641,30.860001,54,12015
104.315995,30.943724,-1,12016
104.18761,30.87495,-1,12017
104.508236,30.354651,36,12018
104.449208,30.825432,-1,12019
104.166174,30.71244,104,12020
103.999657,30.466792,-1,12021
103.838238,30.355079,-1,12022
104.218197,30.654785,110,12023
103.935884,30.90556,150,12024
103.99549,30.468908,-1,12025
104.06049,31.245503,-1,12026
104.153032,30.385701,-1,12027
102.061487,31.517158,-1,12028
104.585656,30.73443,-1,12029
104.066447,30.6375,-1,12030
103.820659,30.451961,-1,12031
103.694823,29.231933,-1,12032
104.308596,30.296046,-1,12033
103.854933,30.625862,-1,12034
103.814212,30.633023,56,12035
103.850902,30.820529,12,12036
104.036415,30.296836,167,12037
104.106226,30.380467,-1,12038
103.938445,30.616306,160,12039
103.795773,31.236687,-1,12040
104.357571,30.660811,170,12041
102.923366,29.918188,-1,12042
103.938988,30.326045,-1,12043
104.109657,30.562382,-1,12044
104.248834,30.592511,-1,12045
104.330613,30.274314,-1,12046
104.261318,31.078792,-1,12047
104.312069,30.29865,108,12048
103.960148,30.517558,58,12049
103.943611,30.507678,105,12050
104.103902,30.416536,-1,12051
104.501397,30.486883,-1,12052
104.255496,30.859536,146,12053
104.149731,30.622748,116,12054
104.254444,30.643265,-1,12055
104.203485,30.726084,33,12056
104.223757,30.566539,183,12057
104.086006,30.562217,-1,12058
103.621648,30.971078,-1,12059
103.995451,30.6493,-1,12060
104.46861,30.848459,254,12061
103.99687,30.631799,-1,12062
104.361258,30.435023,-1,12063
103.933486,30.661884,-1,12064
104.081242,30.525845,-1,12065
103.857535,30.628467,-1,12066
103.795579,30.548429,-1,12067
104.087141,30.804141,-1,12068
103.893301,30.513769,179,12069
104.858503,29.740581,83,12070
104.587303,30.333581,-1,12071
103.935325,30.905482,150,12072
104.675701,30.084145,-1,12073
104.397382,30.327755,-1,12074
104.489492,30.493698,174,12075
104.071149,30.725128,84,12076
104.169256,30.532057,-1,12077
103.460388,30.464209,-1,12078
104.146038,30.886013,-1,12079
104.046215,30.536973,-1,12080
104.003133,30.515386,-1,12081
104.140311,30.646076,-1,12082
104.362323,30.423145,-1,12083
103.800791,30.453679,-1,12084
104.526273,30.431046,-1,12085
104.473529,30.344349,-1,12086
104.0643,30.694199,-1,12087
103.7251,30.332153,-1,12088
104.249001,30.772436,67,12089
103.872481,30.779213,138,12090
103.895811,30.666268,144,12091
102.211727,29.884258,-1,12092
104.084714,30.455444,279,12093
103.93548,30.812245,-1,12094
104.315839,30.302879,4,12095
103.553138,31.055771,-1,12096
103.929366,30.699495,117,12097
104.05063,30.541053,64,12098
104.175337,30.715288,61,12099
104.262422,29.018598,-1,12100
104.371931,30.440079,-1,12101
104.102109,30.434609,-1,12102
103.983427,30.572554,16,12103
104.139487,30.790044,-1,12104
104.520875,30.429898,48,12105
104.243535,30.649954,66,12106
104.077418,30.372169,-1,12107
104.184929,30.566818,-1,12108
103.958374,30.661885,257,12109
104.129839,30.673566,-1,12110
104.15384,30.615924,-1,12111
104.00758,30.519419,-1,12112
104.115001,30.579783,178,12113
104.095614,30.462956,268,12114
104.138158,30.821441,-1,12115
104.572993,31.035027,-1,12116
104.101373,30.497925,107,12117
104.143091,30.582449,-1,12118
103.899908,30.370307,-1,12119
104.534051,30.700602,-1,12120
103.821186,30.610014,-1,12121
104.245393,30.645416,41,12122
103.937042,30.61322,114,12123
104.077933,30.361793,-1,12124
104.213699,30.745022,-1,12125
103.901997,30.834204,35,12126
104.04384,30.206043,-1,12127
104.350023,30.643102,-1,12128
104.219188,30.655232,110,12129
104.438687,30.355675,73,12130
104.367024,30.305649,-1,12131
104.225142,30.638841,-1,12132
104.323411,31.017211,-1,12133
104.077942,30.379749,-1,12134
103.995172,30.25245,-1,12135
104.42859,31.149826,219,12136
104.420972,30.989432,-1,12137
103.925971,30.474124,-1,12138
104.164564,30.669753,-1,12139
103.936996,30.613297,114,12140
103.64032,30.465982,63,12141
103.68165,30.851654,-1,12142
103.49979,30.569409,165,12143
103.661564,30.961249,97,12144
103.814941,30.892948,-1,12145
104.072512,30.450308,-1,12146
104.011602,30.843468,-1,12147
103.935416,30.905582,150,12148
104.350353,30.304138,-1,12149
103.917074,30.683748,124,12150
103.93669,30.614252,114,12151
104.525388,30.637163,-1,12152
103.976666,30.664781,-1,12153
103.799061,31.167733,278,12154
104.037976,30.508497,-1,12155
104.798074,29.738622,-1,12156
103.99805,30.757436,15,12157
103.676839,30.349919,-1,12158
104.288165,30.685613,-1,12159
104.107095,30.533101,-1,12160
103.90289,30.658407,148,12161
103.59097,30.250518,-1,12162
104.098447,30.619512,-1,12163
103.851361,31.059148,-1,12164
104.069673,30.690692,162,12165
103.855227,30.634676,-1,12166
104.722934,30.312583,-1,12167
103.678369,31.029476,7,12168
103.717204,30.60947,-1,12169
103.759487,30.598588,-1,12170
103.888048,30.661245,244,12171
103.497028,30.547033,-1,12172
104.378046,30.313279,243,12173
104.002164,30.59062,-1,12174
103.919165,30.721813,-1,12175
103.966651,30.184395,-1,12176
103.681154,30.948223,-1,12177
104.364796,30.969327,-1,12178
104.479936,30.505034,-1,12179
104.762056,30.615223,255,12180
104.799944,30.151817,-1,12181
103.701395,30.60264,27,12182
104.101653,30.68825,-1,12183
104.543737,31.389381,-1,12184
104.313841,30.468504,-1,12185
104.393003,30.283551,62,12186
104.239929,30.635016,-1,12187
103.969011,30.801968,-1,12188
103.93863,30.616414,160,12189
104.092665,30.636285,-1,12190
103.883077,30.672944,-1,12191
103.67369,30.612797,-1,12192
103.722054,29.104427,-1,12193
104.533745,29.759917,239,12194
104.054928,30.427819,-1,12195
104.377894,30.313515,243,12196
104.18311,30.717389,267,12197
103.650196,30.435934,-1,12198
104.018399,30.4422,-1,12199
104.101013,30.810263,-1,12200
103.921136,30.540408,-1,12201
103.827908,31.27608,-1,12202
104.008697,30.590745,95,12203
104.219359,30.683462,-1,12204
104.114236,30.466264,-1,12205
104.188176,30.514666,189,12206
103.739291,30.337986,-1,12207
103.661611,30.525213,-1,12208
103.562618,29.863851,-1,12209
104.43173,30.602254,-1,12210
103.661725,30.960979,97,12211
104.047901,30.541452,-1,12212
103.980948,30.785064,43,12213
103.602627,30.983116,-1,12214
104.247841,30.57712,-1,12215
103.867992,30.611471,-1,12216
104.050616,30.541626,64,12217
104.08772,30.747314,129,12218
103.955185,30.725436,-1,12219
104.637804,30.774356,-1,12220
104.11281,30.752823,235,12221
103.696122,29.227917,-1,12222
104.636407,30.927831,-1,12223
104.512827,30.420333,47,12224
104.36464,30.996556,-1,12225
104.015394,30.459852,-1,12226
104.389221,29.739316,-1,12227
104.21619,30.699662,-1,12228
104.641771,29.527402,-1,12229
103.856882,30.452017,-1,12230
103.911523,30.798603,232,12231
104.37186,30.86429,209,12232
104.292676,30.902245,-1,12233
103.965627,30.636461,0,12234
104.334945,30.64565,-1,12235
103.474759,30.431231,40,12236
104.256731,30.726102,-1,12237
104.215333,30.82086,186,12238
103.970175,30.660483,-1,12239
103.791961,30.344395,-1,12240
104.145329,30.58157,-1,12241
104.327365,30.402341,-1,12242
103.989395,30.596577,213,12243
103.790916,30.667036,-1,12244
104.391605,30.300093,139,12245
103.509368,30.754769,-1,12246
103.500044,30.750811,-1,12247
104.220917,30.834888,-1,12248
104.379458,31.079082,-1,12249
103.67689,30.906349,-1,12250
103.685415,30.897535,-1,12251
104.489776,30.49386,174,12252
104.075188,30.238753,52,12253
103.464708,30.452575,80,12254
103.767774,30.793859,-1,12255
103.856771,30.784649,258,12256
104.036611,30.296969,167,12257
103.901561,30.834569,35,12258
104.140593,30.827167,204,12259
103.870424,30.702173,134,12260
103.855492,30.631047,-1,12261
104.106343,30.580992,211,12262
104.182771,30.486506,-1,12263
104.057638,30.613523,-1,12264
104.110152,30.518642,-1,12265
103.862495,30.790845,-1,12266
104.036016,30.458045,-1,12267
103.95198,30.752236,-1,12268
104.228699,30.692212,-1,12269
104.287151,30.687706,-1,12270
103.58646,30.388286,-1,12271
103.662727,30.970863,24,12272
104.210182,30.567255,-1,12273
103.790209,29.636199,-1,12274
104.626742,30.858825,-1,12275
104.164383,30.658772,71,12276
104.745672,30.451843,22,12277
103.797509,30.871887,-1,12278
104.15384,30.615924,-1,12279
104.308596,30.296046,-1,12280
103.663312,30.959992,-1,12281
104.21619,30.699662,-1,12282
103.91717,30.684132,124,12283
104.141701,30.3745,-1,12284
103.961735,30.500899,-1,12285
104.130673,30.963883,-1,12286
103.674813,30.645194,277,12287
103.474672,30.431633,40,12288
103.7561,30.818331,-1,12289
104.225209,30.638685,-1,12290
103.860165,30.837258,-1,12291
104.070451,30.726426,-1,12292
103.902466,30.658341,148,12293
103.918741,30.230974,-1,12294
103.999258,30.595985,-1,12295
103.711829,30.321902,-1,12296
104.775016,30.856167,-1,12297
104.063038,30.438199,251,12298
103.671844,30.332606,-1,12299
103.960045,30.51723,58,12300
103.74004,30.531333,-1,12301
103.987253,30.332657,271,12302
104.56437,30.387868,214,12303
104.0937,30.581571,2,12304
103.679662,30.301167,-1,12305
104.191616,30.790356,224,12306
103.935363,30.905731,150,12307
104.247616,30.55523,-1,12308
103.996127,30.61321,-1,12309
103.652441,31.020607,-1,12310
103.465393,30.437815,91,12311
104.034998,31.345257,-1,12312
103.69801,30.404162,-1,12313
104.168919,30.741531,88,12314
104.394511,30.896277,-1,12315
104.008521,30.452515,-1,12316
104.040793,30.664976,-1,12317
104.311884,30.298666,108,12318
104.587404,31.768222,-1,12319
103.868208,30.611887,-1,12320
103.717925,30.799345,-1,12321
104.218135,30.585994,-1,12322
103.676838,30.906326,-1,12323
103.883541,30.665869,109,12324
104.202753,30.725866,33,12325
103.697014,30.649625,-1,12326
103.926557,30.32109,-1,12327
103.5862,30.745488,-1,12328
104.195396,30.588291,-1,12329
104.244924,30.645816,41,12330
104.220804,30.638861,10,12331
104.093553,30.581477,2,12332
104.487081,30.418441,-1,12333
103.902642,30.658555,148,12334
103.805199,31.250004,-1,12335
104.320788,30.327704,-1,12336
103.972938,30.405231,-1,12337
104.207678,31.187344,-1,12338
104.308846,30.865533,137,12339
104.201555,30.739068,98,12340
104.18573,30.545189,-1,12341
104.16575,30.712474,104,12342
103.813746,31.255081,-1,12343
103.71025,30.52354,-1,12344
104.087662,30.745525,-1,12345
103.916914,30.683896,124,12346
104.522937,30.430071,48,12347
104.215542,30.649266,19,12348
104.043655,30.446411,101,12349
104.021398,30.523592,-1,12350
103.890443,30.973734,-1,12351
104.119665,31.027274,-1,12352
104.564995,30.387013,-1,12353
104.203053,30.725982,33,12354
103.546128,30.746587,-1,12355
104.255692,30.578238,-1,12356
104.243032,30.651207,66,12357
104.155353,30.99662,-1,12358
103.685537,30.641126,-1,12359
104.03324,30.471041,-1,12360
104.292933,30.391117,-1,12361
104.057951,30.685609,-1,12362
104.556379,30.372595,-1,12363
103.801821,30.707628,-1,12364
103.600659,30.986598,-1,12365
103.999941,30.650424,-1,12366
103.979935,30.585155,-1,12367
104.135218,30.64776,-1,12368
104.178821,30.783039,260,12369
103.87453,30.417285,60,12370
104.312069,30.29865,108,12371
104.242657,30.6511,66,12372
103.936946,30.781871,-1,12373
104.073261,30.715158,-1,12374
104.323842,30.645102,17,12375
104.495825,30.417847,-1,12376
104.556178,30.352776,121,12377
103.963536,30.447856,-1,12378
104.06023,30.593548,-1,12379
103.993917,30.438761,-1,12380
104.109575,30.540917,-1,12381
104.53903,31.860165,151,12382
103.893035,30.447295,261,12383
104.103591,30.497677,107,12384
104.574279,30.113717,-1,12385
103.800791,30.453679,-1,12386
103.957105,30.325869,-1,12387
104.598605,30.735264,-1,12388
104.226461,30.592937,-1,12389
103.49795,30.570776,-1,12390
103.478366,30.427554,-1,12391
103.990591,30.722895,-1,12392
104.093566,30.581213,2,12393
104.041945,30.248778,-1,12394
104.378349,30.282963,-1,12395
103.99819,30.751888,-1,12396
104.310081,30.645827,-1,12397
103.935987,30.905152,150,12398
103.837511,30.357503,-1,12399
104.071257,30.471424,-1,12400
104.233022,30.790727,-1,12401
103.911953,30.798496,232,12402
104.319905,30.276156,188,12403
103.820423,31.259978,-1,12404
104.081468,30.696698,-1,12405
104.035427,30.716931,-1,12406
104.116218,30.419094,-1,12407
104.245336,30.553414,230,12408
103.537463,30.519018,-1,12409
103.892813,30.523933,-1,12410
104.109451,30.504842,225,12411
104.029968,30.477552,-1,12412
104.056773,30.641943,-1,12413
103.553017,30.221206,45,12414
104.196016,30.527721,-1,12415
103.966123,30.642085,-1,12416
102.950641,29.967497,-1,12417
104.46486,30.348639,-1,12418
104.103663,30.715037,-1,12419
104.071403,30.695451,-1,12420
104.615223,30.162905,-1,12421
103.460071,30.746277,236,12422
103.936237,30.905639,150,12423
103.884354,30.37465,-1,12424
104.323273,30.645028,17,12425
104.221181,30.638359,10,12426
103.912078,30.798662,232,12427
104.674344,30.08451,-1,12428
103.88549,31.02851,-1,12429
104.511196,30.353694,-1,12430
103.805128,30.431557,-1,12431
104.144501,30.813327,-1,12432
103.953253,30.592359,-1,12433
103.469595,30.392305,-1,12434
104.242863,30.645584,41,12435
104.178542,30.782716,260,12436
102.199767,29.731239,-1,12437
104.247334,29.016399,-1,12438
103.956456,30.832579,-1,12439
103.466152,30.441781,-1,12440
104.512803,30.420199,47,12441
104.532658,30.664,-1,12442
104.098825,30.568912,-1,12443
104.115921,30.584108,25,12444
104.055084,30.427541,-1,12445
104.308648,30.865273,137,12446
104.106951,30.49121,223,12447
104.35398,30.999802,-1,12448
104.105897,30.855306,-1,12449
104.097895,30.584662,193,12450
103.992407,30.434891,-1,12451
104.138271,30.610766,132,12452
104.10682,30.4909,223,12453
104.177222,30.718752,103,12454
104.10693,30.491305,223,12455
103.936505,30.613802,114,12456
104.171899,30.659775,5,12457
103.67476,30.645314,277,12458
104.109604,30.59344,-1,12459
104.292434,30.590328,-1,12460
104.21539,30.652948,-1,12461
104.154676,30.719501,-1,12462
104.391916,30.337928,-1,12463
103.61934,30.525679,-1,12464
103.460319,30.747922,236,12465
104.322447,30.303738,-1,12466
103.812312,30.571572,-1,12467
103.95587,31.007053,-1,12468
103.459644,30.746925,236,12469
104.022474,30.523748,-1,12470
103.892742,30.513382,179,12471
103.852625,31.120222,-1,12472
103.968259,30.186897,-1,12473
103.302287,30.580902,-1,12474
104.086052,30.580325,-1,12475
103.722198,29.103445,-1,12476
104.115845,30.589246,-1,12477
104.016509,29.138735,-1,12478
103.921001,30.702944,90,12479
104.081021,30.243512,-1,12480
104.365948,30.434869,-1,12481
104.542849,30.72149,-1,12482
104.0983,30.460101,-1,12483
103.684645,30.946741,-1,12484
104.508776,30.354333,36,12485
104.118439,30.757314,20,12486
104.31605,30.943989,-1,12487
103.930112,30.53525,-1,12488
103.840408,30.678091,-1,12489
104.183242,30.710587,141,12490
104.011968,30.664642,-1,12491
103.923577,31.075771,-1,12492
104.13951,30.647864,-1,12493
103.859244,30.827714,53,12494
103.937131,30.614471,114,12495
103.907961,30.794666,-1,12496
104.450932,30.47523,-1,12497
104.173067,30.484854,29,12498
104.022262,30.522108,-1,12499
104.052664,30.465385,-1,12500
104.338529,30.459528,-1,12501
104.590681,30.388528,-1,12502
104.454966,30.348519,-1,12503
104.150124,30.615988,100,12504
104.482909,30.608511,-1,12505
103.925881,30.804464,-1,12506
103.916196,30.369063,149,12507
104.045128,30.445462,101,12508
104.075175,30.644524,-1,12509
103.56118,30.748837,217,12510
103.695759,30.653677,-1,12511
104.501587,30.488508,-1,12512
104.116051,30.286587,-1,12513
104.145544,30.580145,-1,12514
103.812931,30.811583,-1,12515
103.802423,31.250826,-1,12516
104.006248,30.673066,-1,12517
103.872573,30.491052,-1,12518
103.949765,30.629503,-1,12519
104.084386,30.455754,279,12520
104.205334,30.628609,-1,12521
104.643901,30.664634,-1,12522
104.187734,30.545021,-1,12523
103.682008,31.02747,234,12524
104.480696,30.60932,-1,12525
104.32674,30.860124,54,12526
104.357571,30.660811,170,12527
103.815055,30.633316,56,12528
104.21588,30.648308,19,12529
104.120778,30.501588,-1,12530
104.134802,30.626098,-1,12531
104.243157,30.650418,66,12532
104.102687,30.492359,-1,12533
103.25936,30.56056,-1,12534
104.106458,30.58721,143,12535
103.815055,30.633316,56,12536
103.552791,30.530705,-1,12537
104.15783,30.691839,-1,12538
103.842243,30.62037,-1,12539
103.56108,30.748525,217,12540
104.057765,30.447649,-1,12541
104.254863,30.579676,-1,12542
103.796754,30.646654,158,12543
104.109301,30.46405,161,12544
103.292743,30.138299,-1,12545
104.498884,30.49074,-1,12546
103.888343,30.556192,81,12547
103.465599,30.438008,91,12548
104.073574,30.699939,-1,12549
103.981595,30.785245,43,12550
104.202102,30.726075,33,12551
103.856119,30.837589,-1,12552
104.003287,30.735004,242,12553
104.22147,30.639045,10,12554
103.977761,30.688683,28,12555
104.108083,30.420458,-1,12556
103.960322,30.822497,-1,12557
103.902622,30.5389,-1,12558
103.76021,30.665298,250,12559
103.996848,31.140841,-1,12560
103.877139,30.562623,-1,12561
103.935171,30.905597,150,12562
104.023064,30.428918,-1,12563
103.438067,30.941686,-1,12564
103.813726,30.630983,-1,12565
104.192487,30.997361,-1,12566
104.11833,30.757057,20,12567
104.045554,30.567814,-1,12568
103.740118,30.531297,-1,12569
103.92943,30.974597,-1,12570
104.00278,29.124665,-1,12571
104.547919,30.691276,-1,12572
103.969459,30.366565,127,12573
103.866621,31.077751,-1,12574
104.122985,30.442325,-1,12575
104.117901,30.639705,-1,12576
104.070453,30.726334,-1,12577
104.506752,30.350336,-1,12578
104.161774,30.599751,264,12579
104.056534,30.448587,-1,12580
104.127227,30.773531,-1,12581
104.209556,30.868787,-1,12582
103.895477,30.534371,-1,12583
103.958472,31.068933,-1,12584
103.70875,30.453525,-1,12585
103.461342,30.386922,-1,12586
104.148774,30.839304,-1,12587
104.14541,30.830067,-1,12588
104.52329,30.64017,-1,12589
103.983981,31.068729,-1,12590
103.833722,30.465843,-1,12591
103.798676,31.167401,278,12592
103.671907,30.317228,-1,12593
104.292962,30.32209,-1,12594
104.122073,30.539741,-1,12595
104.299194,30.644508,-1,12596
104.501287,30.483881,-1,12597
103.935346,30.908176,-1,12598
103.988109,30.627471,142,12599
103.770141,31.215049,-1,12600
104.555491,30.352876,121,12601
103.808794,30.574595,-1,12602
103.641952,30.636257,-1,12603
103.699199,30.399704,-1,12604
103.385017,30.73169,-1,12605
104.08522,30.683204,-1,12606
104.196669,30.731095,-1,12607
104.125424,30.769634,96,12608
103.961026,30.941085,-1,12609
104.051536,30.757764,-1,12610
103.818468,31.766555,-1,12611
104.213578,30.815997,-1,12612
104.165206,30.702152,-1,12613
103.902234,30.658541,148,12614
104.354349,30.436158,-1,12615
103.415615,30.754357,-1,12616
104.370254,30.292718,-1,12617
103.754337,31.014955,194,12618
103.939735,30.422658,-1,12619
104.052502,30.246181,226,12620
104.105731,30.58735,143,12621
104.502306,30.480495,-1,12622
103.857415,30.450874,-1,12623
103.784281,31.22911,-1,12624
103.507911,31.435056,-1,12625
104.001947,30.884406,-1,12626
104.023104,30.859206,-1,12627
104.055852,30.763192,-1,12628
103.888833,30.66577,-1,12629
104.291009,30.382497,-1,12630
104.505595,30.506408,-1,12631
103.695055,29.23437,-1,12632
104.432547,31.149721,-1,12633
103.937074,30.613486,114,12634
104.498745,30.418173,-1,12635
103.994662,30.644518,-1,12636
104.081417,30.471595,-1,12637
104.421628,30.881216,-1,12638
103.405702,30.745898,-1,12639
104.543438,30.74824,-1,12640
103.981135,30.687178,-1,12641
104.092966,30.582671,2,12642
103.688393,30.894893,-1,12643
103.654718,30.92621,111,12644
102.211874,29.821147,-1,12645
104.015964,30.517155,-1,12646
104.116213,30.282346,-1,12647
104.226629,30.792598,38,12648
103.883134,30.411353,-1,12649
103.676594,30.399175,-1,12650
104.36149,30.434862,-1,12651
103.952404,30.795834,-1,12652
104.070703,30.331198,-1,12653
103.415623,30.754263,-1,12654
104.537174,30.365819,201,12655
103.977171,30.726505,-1,12656
103.967596,30.643657,-1,12657
104.364371,30.312464,-1,12658
104.336338,30.710026,-1,12659
103.84723,31.286771,-1,12660
103.940095,30.614251,197,12661
104.068998,30.693186,162,12662
104.52243,30.438103,-1,12663
104.180679,30.703704,-1,12664
103.862898,30.710185,-1,12665
103.553216,30.221023,45,12666
104.046549,30.427461,126,12667
104.081492,30.501764,-1,12668
104.54831,30.096088,-1,12669
104.51059,30.353211,-1,12670
104.278455,30.820532,-1,12671
103.864759,30.132291,-1,12672
104.242811,30.650605,66,12673
104.135649,30.805836,85,12674
104.100647,30.587212,-1,12675
104.308786,30.865297,137,12676
104.115628,30.490906,-1,12677
104.509712,30.352712,-1,12678
104.106276,30.58039,211,12679
104.01264,30.867955,-1,12680
104.00011,30.688673,-1,12681
104.110951,30.509762,-1,12682
104.235983,30.6468,87,12683
104.186213,30.684769,227,12684
103.960496,30.941846,-1,12685
104.32342,30.64512,17,12686
103.90293,30.658451,148,12687
104.071454,30.725156,84,12688
104.323747,30.644982,17,12689
104.042284,30.542218,-1,12690
103.906268,30.77941,-1,12691
104.237515,30.718895,-1,12692
104.093969,30.581185,2,12693
104.278255,30.727595,-1,12694
103.997094,30.907937,55,12695
103.963401,30.558068,-1,12696
104.615112,30.163391,-1,12697
103.97116,30.894257,-1,12698
104.130858,30.67034,59,12699
103.935767,30.905445,150,12700
104.105541,30.580043,211,12701
103.873821,30.417359,60,12702
104.081657,30.514369,-1,12703
104.45499,30.488991,-1,12704
104.090748,30.641536,-1,12705
104.222114,30.908717,-1,12706
103.798551,30.874247,-1,12707
104.312806,30.298468,108,12708
104.103791,30.513422,77,12709
104.513234,30.420186,47,12710
104.001764,30.747971,-1,12711
104.181113,30.790091,-1,12712
103.857002,30.785661,258,12713
104.168682,30.741594,88,12714
104.106299,30.583818,-1,12715
104.205649,30.642745,-1,12716
104.003216,30.520018,-1,12717
103.947823,30.636971,-1,12718
103.970447,30.650246,118,12719
103.78858,30.61132,-1,12720
104.387444,30.298938,-1,12721
104.546421,29.503584,-1,12722
103.952895,31.018761,-1,12723
103.619671,30.398767,-1,12724
104.164235,30.38329,-1,12725
103.831056,30.813842,-1,12726
103.940653,30.614187,197,12727
104.119404,31.058178,-1,12728
103.348319,30.419084,-1,12729
103.974735,30.436677,-1,12730
104.036523,30.296684,167,12731
103.796027,30.644186,180,12732
104.032501,31.346721,-1,12733
103.988588,30.627698,142,12734
104.106787,30.491642,223,12735
103.787352,30.675743,-1,12736
104.394522,30.350226,69,12737
104.104204,30.588024,-1,12738
103.922791,30.716767,172,12739
104.010778,30.512361,205,12740
103.950119,30.331463,-1,12741
104.231674,30.63945,-1,12742
104.099785,30.712537,-1,12743
104.482038,30.338072,-1,12744
104.118439,30.757128,20,12745
103.856287,30.785062,258,12746
104.323161,30.274197,-1,12747
103.902186,30.834214,35,12748
102.231394,29.927713,-1,12749
104.135161,30.589755,-1,12750
103.871126,30.402911,-1,12751
104.008521,30.452515,-1,12752
103.898885,30.915149,-1,12753
103.718302,30.61404,-1,12754
103.968193,30.1865,-1,12755
103.988193,30.627829,142,12756
103.66113,30.961001,97,12757
104.497089,30.493014,-1,12758
104.090199,30.679243,-1,12759
104.08861,30.83358,-1,12760
103.969419,30.982068,-1,12761
103.756953,31.194484,-1,12762
104.521573,30.429634,48,12763
104.376073,30.951495,-1,12764
103.929237,30.699272,117,12765
103.66402,30.900677,-1,12766
104.525501,30.439285,-1,12767
103.850947,30.820389,12,12768
103.958727,30.652394,-1,12769
104.03645,30.29669,167,12770
103.892955,30.447426,261,12771
104.20827,30.827089,-1,12772
104.204982,30.690057,-1,12773
103.444515,31.254689,-1,12774
103.908903,30.543221,147,12775
104.628095,31.175134,-1,12776
103.073382,30.513781,-1,12777
104.008697,30.590745,95,12778
103.819804,30.708813,-1,12779
104.036523,30.296684,167,12780
104.042027,30.463853,-1,12781
104.091354,30.672592,-1,12782
104.334993,30.305296,-1,12783
103.936849,30.781377,-1,12784
104.288595,30.879065,-1,12785
103.898639,30.459055,-1,12786
104.11342,30.754867,-1,12787
104.303177,30.861485,-1,12788
104.087764,30.74596,129,12789
104.066302,30.320735,-1,12790
103.94005,30.616212,-1,12791
104.455205,30.469518,-1,12792
104.08773,30.747315,129,12793
104.113315,30.584709,-1,12794
104.069063,30.692395,162,12795
104.093012,30.581004,2,12796
103.897143,30.836357,9,12797
103.794332,31.239172,-1,12798
104.185958,30.718436,74,12799
104.006423,30.592326,173,12800
104.145568,30.373881,-1,12801
104.305077,30.644769,-1,12802
104.499893,30.479483,-1,12803
104.161188,30.891192,-1,12804
104.392268,30.337512,-1,12805
104.585267,30.734343,-1,12806
103.914702,30.419233,-1,12807
104.973345,29.870671,23,12808
104.111748,30.522569,-1,12809
103.983219,30.784262,43,12810
103.973723,30.651897,-1,12811
104.242499,30.649973,66,12812
103.682138,31.027734,234,12813
104.072036,30.403889,-1,12814
103.702017,30.852844,-1,12815
103.760226,30.665382,250,12816
104.794895,29.735526,-1,12817
104.135328,30.773753,-1,12818
104.177871,30.71904,103,12819
103.973764,30.80062,125,12820
103.575602,31.043597,-1,12821
103.406671,31.059392,-1,12822
103.839962,30.359837,79,12823
104.297438,31.035036,-1,12824
104.05286,30.368199,-1,12825
104.186742,30.762356,-1,12826
103.861264,30.445605,237,12827
103.638267,30.936014,-1,12828
103.844816,29.789481,-1,12829
104.157656,30.649718,-1,12830
104.323067,29.777537,-1,12831
104.120133,30.772593,169,12832
104.367495,30.434805,-1,12833
103.778343,31.178114,-1,12834
104.07928,30.683938,-1,12835
103.976092,30.791908,-1,12836
103.452353,30.374194,228,12837
103.861287,30.445682,237,12838
104.403758,30.311644,-1,12839
103.983769,30.453846,-1,12840
103.99123,30.434748,202,12841
103.943027,30.3371,-1,12842
104.529331,30.643139,-1,12843
103.518462,30.749916,-1,12844
104.31553,30.646013,-1,12845
104.215542,30.649266,19,12846
103.876871,30.613445,-1,12847
103.948364,30.552661,-1,12848
104.389046,30.298105,-1,12849
103.591492,30.742214,-1,12850
103.81861,30.634246,56,12851
103.687571,30.616336,-1,12852
104.075149,30.646905,-1,12853
104.059689,30.798598,-1,12854
104.206016,30.615774,-1,12855
103.816367,30.633506,56,12856
103.908869,30.54335,147,12857
104.217718,30.694562,-1,12858
103.11366,30.096582,-1,12859
104.477305,29.695916,-1,12860
104.554974,30.353544,121,12861
104.075673,30.728983,-1,12862
104.369755,30.715199,-1,12863
104.327108,30.308495,-1,12864
104.073334,30.685829,-1,12865
104.128599,30.639849,-1,12866
104.059892,30.635119,-1,12867
104.088491,30.735616,-1,12868
103.901997,30.834204,35,12869
103.887264,30.443955,-1,12870
104.056049,30.484533,-1,12871
104.063541,30.63282,240,12872
104.245153,30.645434,41,12873
103.927877,30.470306,-1,12874
104.587449,31.767772,-1,12875
103.699942,30.522975,-1,12876
104.00452,30.592295,-1,12877
103.984394,30.693447,-1,12878
104.069881,30.768531,119,12879
104.069919,30.768438,119,12880
103.53656,30.563441,-1,12881
103.960032,30.517382,58,12882
103.79382,30.418085,-1,12883
103.442609,30.943201,-1,12884
104.140692,30.717025,-1,12885
104.12152,30.539617,-1,12886
103.75584,30.597977,-1,12887
104.267126,30.650615,-1,12888
103.952397,30.427868,14,12889
104.075956,30.374887,-1,12890
104.090925,30.559526,-1,12891
104.061208,30.419141,8,12892
103.876978,30.164914,-1,12893
103.836038,30.575126,-1,12894
103.883217,30.665793,109,12895
103.968441,30.186916,-1,12896
103.338303,30.339627,-1,12897
103.960236,30.517698,58,12898
103.988408,30.665821,-1,12899
104.122476,30.538268,-1,12900
104.489558,30.493837,174,12901
104.057886,30.47646,-1,12902
103.997692,30.757571,15,12903
103.954965,30.66309,-1,12904
104.074271,30.714814,-1,12905
103.977912,30.200408,231,12906
104.118271,30.757034,20,12907
103.956717,30.797962,-1,12908
104.109613,30.50382,225,12909
104.110978,30.510879,-1,12910
104.114546,30.750716,256,12911
104.009257,30.76362,-1,12912
104.175256,30.71865,-1,12913
104.313352,31.003499,-1,12914
104.428943,30.496185,-1,12915
104.051536,30.757764,-1,12916
104.230873,30.851192,-1,12917
104.523023,30.430215,48,12918
104.302364,30.259098,-1,12919
104.191862,30.789929,224,12920
104.162785,30.682339,-1,12921
103.785595,30.865781,-1,12922
103.98146,30.78484,43,12923
103.701454,30.602338,27,12924
104.024507,31.374189,-1,12925
103.937459,30.613355,114,12926
103.737999,30.605428,-1,12927
103.540645,31.05053,-1,12928
104.24737,30.602664,-1,12929
104.496304,30.41793,-1,12930
104.171304,30.520165,-1,12931
104.115522,30.581401,-1,12932
103.923089,30.704026,-1,12933
103.653398,30.847327,-1,12934
103.897556,30.836237,9,12935
104.062355,30.625607,-1,12936
104.311716,30.298784,108,12937
104.236485,30.646754,87,12938
104.112801,30.579647,178,12939
104.401965,30.997289,-1,12940
104.150085,30.518583,-1,12941
103.984694,30.924138,-1,12942
104.537052,30.397393,-1,12943
103.749282,30.530265,196,12944
104.489095,30.493504,174,12945
103.91717,30.68388,124,12946
104.169995,30.528222,-1,12947
104.214835,30.583483,115,12948
103.889146,30.735227,-1,12949
104.191616,30.790356,224,12950
104.006953,30.592738,173,12951
104.161746,30.599488,264,12952
104.164455,30.743972,-1,12953
103.477608,30.428995,-1,12954
104.244972,30.645266,41,12955
104.399522,30.30076,-1,12956
104.359213,30.814681,-1,12957
103.719065,30.613852,-1,12958
103.916365,30.369513,149,12959
104.059455,30.650711,-1,12960
104.352773,30.951261,-1,12961
104.023813,30.525103,-1,12962
104.32358,30.645088,17,12963
104.072006,30.375705,-1,12964
104.172602,30.659998,5,12965
104.154744,31.116558,-1,12966
103.881662,30.16407,-1,12967
104.05128,30.541238,64,12968
103.898493,30.386957,-1,12969
104.125365,30.769657,96,12970
104.16914,30.741207,88,12971
104.418325,30.897511,-1,12972
103.936679,30.811998,-1,12973
104.063664,30.610993,136,12974
104.115685,30.378368,168,12975
104.424536,30.473502,229,12976
103.917205,30.683616,124,12977
104.54508,29.502102,-1,12978
104.2655,30.858474,-1,12979
104.597732,30.699625,-1,12980
104.144417,30.584254,-1,12981
104.292693,30.391408,-1,12982
103.61934,30.525679,-1,12983
103.970369,30.650044,118,12984
104.165797,30.712295,104,12985
103.81331,30.632669,56,12986
103.912988,30.631067,156,12987
103.814862,30.72119,-1,12988
103.941031,30.919464,-1,12989
104.615325,30.162865,-1,12990
104.280608,30.646429,-1,12991
104.112923,30.578923,178,12992
104.022279,30.501069,-1,12993
103.457314,30.467451,-1,12994
104.205584,30.743173,-1,12995
103.867429,30.535242,238,12996
103.937211,30.813883,-1,12997
104.195434,30.683211,-1,12998
104.327092,30.741507,-1,12999
104.040747,30.531225,-1,13000
104.1923,30.741473,-1,13001
104.085787,30.581748,-1,13002
103.745393,30.72181,-1,13003
103.917378,30.684168,124,13004
103.833736,30.635242,26,13005
103.857256,30.809663,-1,13006
104.366591,30.295581,-1,13007
104.073277,30.718633,-1,13008
104.021542,29.123253,-1,13009
104.165307,30.699374,-1,13010
104.02357,30.593045,-1,13011
104.393725,30.824071,-1,13012
103.936971,30.614668,114,13013
104.050827,30.541467,64,13014
103.897641,30.984639,-1,13015
104.181319,30.534383,-1,13016
103.960095,30.640173,-1,13017
104.114193,30.750595,256,13018
103.91757,30.68189,-1,13019
104.118667,30.757022,20,13020
104.118279,30.757214,20,13021
103.875231,30.027743,-1,13022
104.556011,30.352977,121,13023
103.64362,30.469987,-1,13024
104.113236,30.523502,-1,13025
104.114879,30.378413,168,13026
103.153134,31.00189,-1,13027
103.886776,30.528317,31,13028
104.13832,30.610744,132,13029
104.202925,30.72576,33,13030
103.46516,30.438375,91,13031
104.185702,30.718638,74,13032
103.935548,30.905365,150,13033
103.883296,30.665923,109,13034
104.248391,30.706174,-1,13035
103.678369,31.029476,7,13036
103.95573,30.54161,-1,13037
104.176801,30.771163,-1,13038
103.959798,30.517516,58,13039
103.923154,30.716698,172,13040
103.688922,31.012058,-1,13041
103.4973,30.567289,-1,13042
103.908414,30.542835,147,13043
104.074063,30.718763,-1,13044
104.108097,30.552436,-1,13045
104.201996,30.749625,-1,13046
103.603331,30.981699,-1,13047
104.121361,30.539728,-1,13048
103.680677,30.612678,249,13049
103.709044,30.393363,276,13050
103.641497,30.932072,-1,13051
103.037643,29.908524,-1,13052
104.059794,30.417848,-1,13053
104.168682,30.741594,88,13054
103.709349,30.393197,276,13055
104.840534,29.743831,-1,13056
103.802114,31.025919,-1,13057
103.947726,30.54753,-1,13058
103.489472,30.749216,-1,13059
104.152183,30.776761,259,13060
103.677438,30.338466,106,13061
103.678076,30.338584,106,13062
103.561319,30.74884,217,13063
104.344382,30.62442,-1,13064
103.867158,30.535044,238,13065
104.085081,30.454808,279,13066
104.111012,30.71795,-1,13067
104.220751,30.638776,10,13068
103.902186,30.658339,148,13069
104.49118,31.049603,-1,13070
103.946282,30.733132,-1,13071
104.558681,30.395139,-1,13072
104.135237,30.671543,-1,13073
104.218821,30.655249,110,13074
104.186214,30.553134,-1,13075
103.998746,30.756507,-1,13076
104.036811,30.504862,-1,13077
103.980536,30.626433,-1,13078
104.261494,30.646355,-1,13079
104.21905,30.655154,110,13080
103.765944,31.194703,-1,13081
104.804405,30.152726,-1,13082
104.071161,30.725213,84,13083
104.154697,31.116503,-1,13084
103.883197,30.411296,-1,13085
103.838151,30.316745,-1,13086
103.700792,30.709106,-1,13087
104.18947,30.689699,-1,13088
104.060118,30.364529,-1,13089
103.647904,30.828862,-1,13090
103.970547,30.650456,118,13091
104.04416,30.445012,101,13092
104.354051,30.84282,-1,13093
103.90231,30.834449,35,13094
104.277219,31.141793,-1,13095
104.166746,30.659104,-1,13096
103.889749,30.479221,-1,13097
104.060696,30.388284,273,13098
104.207398,30.522923,-1,13099
104.123728,30.521809,-1,13100
103.940087,30.614249,197,13101
104.253282,30.736197,-1,13102
104.586542,30.132623,-1,13103
104.245268,30.6456,41,13104
104.126019,30.598872,-1,13105
104.25549,30.859561,146,13106
103.847856,30.430724,-1,13107
104.213886,30.575174,-1,13108
104.326331,30.860394,54,13109
103.837871,31.148236,-1,13110
104.107676,30.95179,-1,13111
104.201185,30.739409,98,13112
103.864501,30.600163,-1,13113
104.3117,30.29886,108,13114
104.120363,30.772944,169,13115
104.217978,30.585372,-1,13116
103.977912,30.688902,28,13117
104.225752,30.79062,38,13118
103.680693,30.612696,249,13119
104.093662,30.719083,-1,13120
104.461274,30.487961,-1,13121
103.879466,30.489135,-1,13122
104.110035,30.768015,-1,13123
103.882037,30.41833,-1,13124
103.998958,30.605779,-1,13125
104.086884,30.80573,-1,13126
104.05343,30.185116,-1,13127
104.323296,30.645026,17,13128
103.125096,30.092516,-1,13129
104.001352,31.047324,-1,13130
103.701073,30.635338,-1,13131
104.098431,30.533422,-1,13132
103.840413,30.359763,79,13133
104.391217,30.285789,-1,13134
104.133726,30.661982,-1,13135
103.749298,30.530331,196,13136
104.102404,30.440968,-1,13137
104.032223,30.738697,-1,13138
104.398104,31.008829,-1,13139
103.904359,30.370227,-1,13140
104.523023,30.430215,48,13141
104.118695,30.757226,20,13142
104.391885,30.300133,139,13143
104.789678,30.300754,-1,13144
104.055971,30.847875,164,13145
103.763198,30.396013,-1,13146
103.90273,30.658407,148,13147
104.282977,29.622661,-1,13148
104.139696,30.642755,-1,13149
104.074808,30.646317,-1,13150
103.958302,30.661565,257,13151
104.092728,30.582798,2,13152
103.964353,31.410372,-1,13153
104.108198,30.553652,-1,13154
104.082466,30.816434,-1,13155
103.61256,30.821376,-1,13156
104.069773,30.768765,119,13157
104.173395,30.796886,-1,13158
103.677322,30.338883,106,13159
103.653568,30.920473,215,13160
104.196125,30.527584,-1,13161
103.860023,30.663121,-1,13162
104.036566,30.504762,-1,13163
104.498963,30.473819,-1,13164
103.863676,30.556822,-1,13165
103.885679,30.269154,-1,13166
104.234838,30.645938,87,13167
103.896965,31.010996,-1,13168
104.7628,30.616325,255,13169
103.869923,30.789908,-1,13170
103.863396,30.889001,-1,13171
104.112923,30.578923,178,13172
103.937042,30.61322,114,13173
104.202976,30.726024,33,13174
103.952533,30.427839,14,13175
104.590682,30.388489,-1,13176
103.889684,30.383698,34,13177
104.201938,30.726021,33,13178
104.072666,30.328979,-1,13179
104.112081,31.07591,-1,13180
103.640335,30.465942,63,13181
104.02925,30.811756,-1,13182
103.921059,30.702607,90,13183
104.212155,30.525999,-1,13184
104.319968,30.276413,188,13185
104.239756,30.598093,-1,13186
104.224999,30.79395,11,13187
103.699086,30.892106,-1,13188
104.392114,30.283606,62,13189
103.598406,30.856685,-1,13190
103.477719,30.428956,-1,13191
103.474672,30.431647,40,13192
103.967144,30.648198,70,13193
103.579263,31.029085,-1,13194
104.115161,30.417289,208,13195
104.176129,30.715347,61,13196
104.185173,30.684263,227,13197
104.47291,30.448949,-1,13198
104.001816,30.483276,-1,13199
104.078969,30.513203,-1,13200
103.628397,30.727342,-1,13201
104.13597,30.420034,-1,13202
104.577529,30.729969,-1,13203
103.851067,30.820331,12,13204
104.093346,30.798187,-1,13205
103.909474,30.544037,147,13206
104.131062,30.961586,-1,13207
104.542675,30.747554,-1,13208
103.76323,30.396063,-1,13209
104.0559,30.847965,164,13210
103.877947,30.173018,-1,13211
104.04601,30.560806,-1,13212
104.171318,30.659654,5,13213
104.169241,30.532228,-1,13214
104.12141,30.539784,-1,13215
104.460081,30.845324,-1,13216
104.116171,30.285334,-1,13217
104.192453,30.540019,-1,13218
103.714525,30.343737,-1,13219
103.789957,30.682799,-1,13220
103.869494,30.61534,-1,13221
104.010056,30.765385,-1,13222
103.711829,30.321902,-1,13223
104.066355,30.687287,-1,13224
104.11882,30.468855,-1,13225
104.111,30.536973,-1,13226
104.136572,30.377624,-1,13227
103.974751,30.702358,-1,13228
103.805151,31.249991,-1,13229
104.208821,30.524132,-1,13230
104.488816,30.493483,174,13231
104.204284,31.360729,-1,13232
104.248958,30.772386,67,13233
104.167655,30.619736,-1,13234
103.858068,31.065242,263,13235
104.046864,30.428136,126,13236
103.64362,30.469987,-1,13237
104.489595,30.493772,174,13238
104.087178,30.570648,-1,13239
104.061237,30.38968,273,13240
104.468675,30.848683,254,13241
103.905389,30.810236,200,13242
103.959817,30.517082,58,13243
104.537245,30.365904,201,13244
104.394407,30.350115,69,13245
103.932424,30.809947,-1,13246
104.004046,30.881327,-1,13247
103.91881,30.316032,-1,13248
104.47782,30.489151,-1,13249
103.496199,30.175074,-1,13250
104.126481,30.599882,-1,13251
103.638926,30.486345,-1,13252
104.069588,30.330244,-1,13253
103.963444,30.439235,-1,13254
103.950193,30.676702,-1,13255
103.810889,30.606551,-1,13256
104.025841,30.157732,-1,13257
103.653356,30.920101,215,13258
103.803041,31.157641,-1,13259
103.983836,30.572528,16,13260
103.908116,30.660766,68,13261
104.120294,30.785777,-1,13262
104.164324,30.670922,-1,13263
104.204623,30.730778,-1,13264
104.212473,30.701256,-1,13265
103.900028,30.398937,-1,13266
104.330426,30.732146,-1,13267
103.893271,30.513348,179,13268
103.810019,30.630496,185,13269
104.059196,30.36826,-1,13270
104.202154,30.726236,33,13271
104.342603,30.791987,-1,13272
104.569437,30.37199,246,13273
104.156774,30.644966,-1,13274
103.957473,30.72304,280,13275
103.941805,30.433723,-1,13276
104.488487,30.462131,39,13277
104.135354,30.522053,-1,13278
103.880297,30.604136,152,13279
103.888389,30.261202,-1,13280
103.861352,30.804098,176,13281
103.496071,31.358631,195,13282
104.584614,30.35538,-1,13283
103.635591,30.260453,-1,13284
103.405657,30.745451,-1,13285
103.720713,30.564057,-1,13286
104.049943,30.485039,-1,13287
103.688393,30.894893,-1,13288
103.856619,30.785666,258,13289
103.941143,30.918864,-1,13290
104.393269,30.311575,-1,13291
103.860463,30.764896,-1,13292
104.146781,30.4057,-1,13293
104.238215,30.639027,-1,13294
104.114673,30.579467,178,13295
104.523023,30.430215,48,13296
103.674137,30.646128,277,13297
104.237813,30.652833,13,13298
104.451132,30.475245,-1,13299
103.801768,31.165922,-1,13300
103.976345,30.545079,-1,13301
103.90237,30.658327,148,13302
103.655134,30.612798,-1,13303
104.463806,30.490477,-1,13304
104.571779,30.70813,-1,13305
104.085163,30.683564,-1,13306
104.515794,30.391481,-1,13307
104.125501,30.598654,-1,13308
104.004781,30.5914,-1,13309
103.696122,29.227917,-1,13310
103.462688,30.749582,-1,13311
103.690014,31.045949,-1,13312
104.18311,30.717389,267,13313
103.493941,30.753476,-1,13314
104.318228,30.302774,-1,13315
103.946953,30.920802,-1,13316
104.488816,30.493483,174,13317
104.008763,30.590777,95,13318
103.877331,30.572595,-1,13319
104.170653,30.615435,78,13320
104.234606,30.645953,87,13321
104.198926,30.510664,-1,13322
103.901914,30.834184,35,13323
104.071457,30.725123,84,13324
104.066177,31.258685,-1,13325
103.698345,30.865229,-1,13326
104.463845,30.490582,-1,13327
103.972151,30.998912,-1,13328
102.211946,29.824732,-1,13329
103.669327,29.780831,-1,13330
104.571746,30.688489,-1,13331
103.459837,30.746587,236,13332
104.320337,30.278113,188,13333
103.510095,30.807,-1,13334
103.489499,30.749186,-1,13335
104.220768,30.63892,10,13336
103.496487,30.548548,46,13337
103.642924,30.853352,-1,13338
104.068998,30.542813,-1,13339
103.956061,30.833736,-1,13340
104.112184,30.691393,-1,13341
103.812814,30.632642,56,13342
103.846788,30.438216,-1,13343
104.106139,30.587464,143,13344
104.062306,31.24413,-1,13345
104.171932,30.726351,-1,13346
103.583986,30.376596,-1,13347
104.11389,30.462163,-1,13348
104.091316,30.741544,-1,13349
103.833736,30.635242,26,13350
103.969222,30.36644,127,13351
104.157769,30.692027,-1,13352
103.549949,30.548653,-1,13353
104.135994,30.522539,-1,13354
103.623426,30.925919,-1,13355
104.079613,30.755497,-1,13356
103.958134,30.662046,257,13357
104.118215,30.758705,20,13358
104.307008,30.844944,265,13359
103.965329,30.636936,0,13360
104.032301,30.858697,-1,13361
103.84995,30.448945,-1,13362
103.812374,30.651515,-1,13363
103.952341,30.999281,-1,13364
103.882281,30.444152,-1,13365
104.660533,31.130979,-1,13366
104.11348,30.584584,-1,13367
104.405758,30.627052,-1,13368
103.972348,30.542053,3,13369
103.797014,30.38716,-1,13370
103.826012,30.799416,-1,13371
104.799968,30.152509,-1,13372
103.902461,30.834813,35,13373
104.439753,30.983989,-1,13374
103.9723,30.542303,3,13375
104.168223,30.625917,-1,13376
103.844354,30.682355,-1,13377
104.130874,30.670473,59,13378
104.136239,30.689783,-1,13379
103.872553,30.779343,138,13380
104.169555,30.741393,88,13381
104.057034,30.42756,-1,13382
104.042856,30.600197,-1,13383
104.485951,30.492429,-1,13384
103.967256,30.64801,70,13385
104.124998,30.512225,-1,13386
103.499175,30.5694,165,13387
104.234702,30.646439,87,13388
104.296399,30.993934,220,13389
104.450595,30.479598,-1,13390
103.897258,30.835886,9,13391
104.300291,30.705899,-1,13392
103.647749,30.951635,190,13393
103.685415,30.897535,-1,13394
104.003046,30.590661,-1,13395
104.433859,30.333146,-1,13396
103.780312,30.675687,-1,13397
104.503732,30.426643,-1,13398
103.717532,30.608349,-1,13399
103.799362,30.403194,-1,13400
104.06408,30.611019,136,13401
103.870204,30.702343,134,13402
103.913476,30.993918,-1,13403
104.254443,30.643264,-1,13404
104.21619,30.699662,-1,13405
104.054568,30.387463,-1,13406
104.139461,30.408176,-1,13407
103.498595,30.568966,165,13408
103.997026,30.907951,55,13409
104.908375,30.159823,-1,13410
104.242577,30.650096,66,13411
103.544999,30.56874,-1,13412
104.2441,30.645359,41,13413
104.161829,30.681201,-1,13414
104.517609,30.391483,-1,13415
104.144834,30.80618,-1,13416
103.973773,31.032235,-1,13417
104.037007,30.147923,181,13418
104.165451,30.658501,71,13419
104.125843,30.856024,-1,13420
104.392746,30.283674,62,13421
104.55961,30.437086,-1,13422
104.242556,30.650102,66,13423
104.177689,30.71892,103,13424
104.321109,31.103628,-1,13425
104.255568,30.859391,146,13426
104.611699,30.683834,-1,13427
103.724761,30.578225,-1,13428
104.241249,30.958142,-1,13429
103.844791,30.68244,-1,13430
104.350353,30.304138,-1,13431
104.378157,30.455773,-1,13432
104.222855,30.998598,253,13433
104.115145,30.417289,208,13434
103.958807,30.652444,-1,13435
103.505739,30.558928,247,13436
104.244687,30.645486,41,13437
104.709659,30.973452,-1,13438
104.136172,30.377442,-1,13439
103.865728,30.528376,-1,13440
104.023289,30.894251,-1,13441
103.814573,30.633087,56,13442
104.225459,30.647781,-1,13443
104.165058,30.658865,71,13444
104.494236,31.329609,-1,13445
103.851229,30.436991,86,13446
103.952387,30.968363,-1,13447
103.867221,31.084466,-1,13448
103.859328,31.066139,263,13449
104.097462,30.584643,193,13450
103.876512,30.669917,-1,13451
103.665088,30.643845,-1,13452
104.129796,30.373116,-1,13453
103.995112,30.643009,-1,13454
103.924762,30.957377,-1,13455
104.043757,30.446241,101,13456
104.096338,30.541118,145,13457
103.847806,30.540327,-1,13458
104.213258,30.887966,-1,13459
103.959827,30.517324,58,13460
104.027924,30.551433,269,13461
103.701765,30.602454,27,13462
102.649408,30.917628,-1,13463
104.050797,30.788949,-1,13464
104.089058,30.192947,-1,13465
103.553089,30.530372,-1,13466
104.336672,30.709944,-1,13467
104.041387,30.345186,-1,13468
104.22278,30.998724,253,13469
103.937407,30.61486,114,13470
103.915066,30.3879,-1,13471
103.855652,30.628088,-1,13472
104.125409,30.769499,96,13473
103.828386,30.626712,-1,13474
104.010376,30.662305,-1,13475
103.952245,30.428126,14,13476
102.211874,29.821063,-1,13477
104.1111,30.571985,-1,13478
104.020982,30.639348,-1,13479
103.69742,30.407031,270,13480
104.503732,30.426643,-1,13481
103.830825,31.156054,-1,13482
104.382239,30.35069,-1,13483
103.802339,30.455002,112,13484
104.174539,30.715223,61,13485
104.202237,30.726031,33,13486
104.159784,30.670927,-1,13487
104.499963,30.466397,-1,13488
104.049443,30.541678,64,13489
104.138166,30.821381,-1,13490
104.107041,30.490955,223,13491
103.738042,30.511395,212,13492
103.97372,31.002698,-1,13493
103.951274,30.637475,-1,13494
104.097155,30.585353,193,13495
104.050684,30.74992,-1,13496
104.064574,30.632619,240,13497
104.057315,30.458645,-1,13498
104.454855,30.352274,-1,13499
103.781838,30.675456,182,13500
104.068498,30.437356,-1,13501
104.167334,30.659007,-1,13502
104.072543,30.695482,72,13503
104.160835,30.59811,-1,13504
103.588509,30.773155,-1,13505
104.127168,30.410541,-1,13506
104.273129,30.681089,-1,13507
104.040625,30.674478,-1,13508
103.540557,31.049663,-1,13509
103.792376,29.72324,-1,13510
103.904885,30.915415,-1,13511
104.661608,30.078268,-1,13512
103.42318,30.240085,-1,13513
103.713886,30.52669,1,13514
104.396882,30.31098,-1,13515
103.812415,30.632542,56,13516
103.84763,30.538521,-1,13517
103.873394,30.779189,138,13518
104.327365,30.402341,-1,13519
103.814627,30.633089,56,13520
104.141038,30.374469,-1,13521
104.245719,30.991695,-1,13522
104.225038,30.793908,11,13523
104.123864,30.606236,-1,13524
103.643961,30.512995,-1,13525
104.107592,30.510492,-1,13526
104.169178,30.741178,88,13527
104.072753,30.69563,72,13528
103.921179,30.702978,90,13529
104.146274,30.909706,-1,13530
103.864944,30.832523,-1,13531
104.45447,30.467787,-1,13532
104.271737,30.233104,-1,13533
104.203328,30.725979,33,13534
104.38875,30.300305,-1,13535
104.539213,31.859599,151,13536
104.250206,30.577791,-1,13537
104.203747,30.726025,33,13538
104.0254,30.157681,-1,13539
104.183441,30.700416,-1,13540
103.842527,30.546717,-1,13541
103.70069,30.653881,-1,13542
104.162207,30.696987,-1,13543
104.296075,30.993853,220,13544
103.967368,30.585908,233,13545
104.149077,30.8392,-1,13546
104.032823,30.858207,-1,13547
103.873925,30.874414,-1,13548
104.529682,30.643454,-1,13549
104.505421,30.506662,-1,13550
104.255618,30.531654,92,13551
103.696798,30.627634,-1,13552
104.316225,30.860692,-1,13553
104.333614,30.644765,216,13554
104.149077,30.8392,-1,13555
103.796649,30.644267,180,13556
104.075565,30.238738,52,13557
103.992694,30.438996,-1,13558
103.562618,29.863851,-1,13559
103.686685,30.871882,-1,13560
103.835458,30.816044,-1,13561
104.26298,30.274887,-1,13562
103.936425,30.614202,114,13563
104.134255,30.522151,-1,13564
104.0254,30.157681,-1,13565
104.139466,30.418046,-1,13566
104.164415,30.744023,-1,13567
103.946891,30.553811,-1,13568
103.452512,30.374769,228,13569
103.915705,30.894991,-1,13570
104.036225,30.489249,-1,13571
104.324822,30.308793,-1,13572
104.044031,30.445897,101,13573
103.844924,29.786939,-1,13574
104.09573,30.541281,145,13575
104.115257,30.417455,208,13576
103.862053,30.688084,-1,13577
103.81331,30.632669,56,13578
104.162709,30.793698,-1,13579
103.639871,30.468542,-1,13580
104.120133,30.772981,169,13581
103.908871,30.543221,147,13582
103.87339,30.779266,138,13583
103.916312,30.369557,149,13584
103.91254,30.824758,120,13585
103.532146,31.404439,135,13586
103.957725,30.66046,-1,13587
103.553161,30.221188,45,13588
103.814212,30.632985,56,13589
103.402065,30.738633,-1,13590
103.650089,30.963734,-1,13591
104.236793,30.723687,-1,13592
104.061745,30.339368,-1,13593
103.98139,30.785395,43,13594
104.125146,30.769332,96,13595
104.219001,30.695333,-1,13596
103.917403,30.415702,-1,13597
103.680677,30.612678,249,13598
104.152974,30.725904,-1,13599
104.471303,30.345728,-1,13600
103.76272,31.19785,-1,13601
104.008841,30.590564,95,13602
103.93086,30.530048,-1,13603
104.227417,30.861201,-1,13604
103.536251,30.742753,-1,13605
103.952341,30.999281,-1,13606
103.874155,30.664519,-1,13607
104.203399,30.875323,-1,13608
104.628095,31.175134,-1,13609
104.220554,30.695313,-1,13610
104.46223,30.346722,-1,13611
104.154584,30.719396,-1,13612
104.433926,30.394049,-1,13613
104.215074,30.58263,115,13614
104.165339,30.658952,71,13615
104.375086,31.103414,-1,13616
103.474624,30.431831,40,13617
104.198203,30.659732,-1,13618
103.971538,30.991214,-1,13619
104.050347,30.476715,75,13620
104.04172,30.248943,-1,13621
103.902322,30.658375,148,13622
103.846693,31.730528,-1,13623
103.677162,30.349675,-1,13624
104.05344,30.772773,-1,13625
