longitude,latitude,cluster_label
104.078524,30.655819,244
104.308281,30.845242,14288
103.690871,31.011191,14289
103.96541,30.638895,14288
103.904375,30.370011,14288
103.934552,30.657613,14288
103.490707,30.740399,14288
104.394407,30.350115,850
103.407122,30.746304,14288
103.947333,30.537507,14288
104.110396,30.415286,14288
103.959913,30.517608,11
103.921991,29.224828,14288
104.216492,30.648739,14242
104.074058,30.735444,0
103.867397,30.535158,0
104.315395,30.605249,14288
104.084354,30.455644,14288
104.130866,30.684602,14288
103.945357,30.483483,0
103.972348,30.542067,0
104.038942,30.511772,14285
103.467472,30.39392,14289
104.047726,30.569967,14288
103.838185,30.354286,14288
104.314468,30.605488,14288
104.044068,30.445772,14184
103.920655,30.297675,14288
104.090469,30.570066,0
104.224714,30.79405,14288
103.509397,30.308059,14288
104.038834,30.360028,14095
104.025448,29.137494,14289
103.923257,30.516473,14288
103.827991,30.021386,0
104.286278,30.700911,14288
103.528121,30.554194,14288
104.223857,30.566466,0
104.059967,30.453435,38
104.065885,30.432375,0
104.040358,30.880132,14288
103.939712,30.617074,14288
103.904493,30.352677,14288
103.791956,30.344631,14288
104.221262,30.624656,14289
103.900662,30.365861,14288
103.797193,30.643843,14289
103.490485,30.35776,0
104.005716,30.451942,14288
103.766368,30.401747,14288
104.2987,30.992137,14288
103.907432,30.77667,14288
103.750546,30.581821,14288
104.061889,30.419108,14288
104.08155,30.491601,85
104.54508,29.502102,14288
104.358671,30.512462,14288
103.739077,30.358323,14288
104.090532,30.671243,0
104.178131,30.72793,14288
104.355923,30.742786,0
103.882264,30.613205,38
104.23491,30.646271,1020
104.562957,30.067449,14288
104.220768,30.63892,0
104.332575,30.756184,14288
104.091898,30.524426,14288
104.345325,30.667447,14288
104.215418,30.582264,14285
103.827894,29.995321,14288
104.338575,30.84536,0
104.099608,30.466859,14288
104.061333,30.419044,14288
103.881011,30.357787,14059
103.956848,30.031287,0
104.081377,30.507376,14288
103.684305,30.843146,14288
103.95679,30.93889,14288
103.701591,30.602517,14288
104.116016,30.584735,223
104.104581,30.448898,14288
104.175138,30.715404,14288
104.169372,30.527623,14059
103.832923,30.549955,0
104.045929,30.564703,14288
104.485748,30.444371,85
104.157839,30.69191,14288
104.32722,30.306181,14288
103.796927,30.646832,0
104.152097,30.634537,14288
104.476952,30.354343,14288
103.927703,29.928189,0
104.183413,30.786469,14288
103.879554,30.404428,14288
104.069871,30.768543,14288
104.10815,30.464159,14095
104.115707,30.75413,10535
104.084368,30.455884,14288
103.653126,30.847067,10749
103.934632,30.748329,14288
103.952044,30.427856,0
104.705698,30.646782,0
104.494407,30.325725,0
104.311715,30.278248,14288
104.41125,30.344249,3327
103.921001,30.540568,14288
104.235803,30.646591,850
104.02627,31.383087,14288
104.033651,30.801391,11557
104.412282,30.73799,14288
103.461701,30.748716,14288
103.978016,30.199958,14288
104.327188,30.306914,14288
103.994823,30.612406,14288
104.166292,30.516653,14288
104.908375,30.159855,14288
103.952205,30.427996,0
103.742524,30.4419,0
104.296151,30.993784,14288
104.086337,30.456659,14288
104.087691,30.66733,14288
104.099964,30.468288,14288
103.876787,30.174173,11
103.49706,30.547301,14288
104.429607,30.355504,14288
104.501843,30.471632,14288
103.884215,30.422781,14288
104.300562,30.3051,14288
104.099509,30.467146,14288
103.792097,30.687267,14288
104.280924,30.680179,14289
103.850985,30.367911,14289
104.106073,30.719097,14288
104.108298,30.544624,14288
104.395431,30.758794,14288
103.808673,30.40131,0
103.637827,30.271791,14139
103.973612,30.800531,0
103.942898,30.52433,0
104.068286,30.183576,14288
104.185664,30.684698,9456
103.964039,30.478311,0
103.967762,30.467169,0
103.654578,30.926051,14288
103.679022,30.943429,14288
103.988084,30.214056,850
104.023572,30.760979,14288
103.795028,29.741239,0
104.3336,30.644706,0
104.538746,30.441714,14289
104.25821,30.811035,14288
104.277155,31.141759,14242
103.559564,30.39618,14288
104.029895,30.533832,14289
104.004568,30.879095,14288
103.799179,30.421341,14289
104.094876,30.629246,14242
104.139875,30.638937,14242
103.797378,29.640536,14289
104.085185,30.683128,0
103.671843,30.317398,14288
104.319154,30.365438,0
104.232251,30.794419,0
104.676286,30.083914,14289
103.920941,30.540642,14288
104.000775,30.762571,14288
103.674097,30.722532,14289
103.628375,30.727719,0
104.324021,30.343512,14288
104.103396,30.497436,0
104.501152,30.355208,14288
103.662803,30.629432,14059
104.077699,30.794763,14288
104.061844,30.598411,14285
104.072163,30.387365,14288
104.028315,30.480756,0
103.912787,30.977456,14288
103.68388,30.302575,14288
103.718542,30.611965,14288
103.69687,30.39904,0
104.242524,30.650084,14288
103.827839,29.995205,14288
104.264333,30.995688,14288
103.895915,30.666103,14285
104.192474,30.680829,14288
104.155784,30.507294,14288
103.969564,30.366519,14289
104.062102,30.178982,0
104.174595,30.715239,14289
104.041096,30.593535,14289
103.677365,30.338759,14288
103.519625,30.749368,14288
104.165629,30.807522,14288
103.924365,30.950262,850
104.041251,30.530128,14288
104.538766,31.861298,14288
103.820512,30.640821,14288
103.587851,30.26869,14288
104.210728,30.60727,14288
103.591133,30.270714,14059
104.040803,30.661342,14288
103.952637,30.427857,14288
103.786095,30.428383,0
104.20332,30.726134,14288
104.080668,30.244225,246
104.033688,30.447657,14288
104.390928,30.281773,14288
104.15324,30.735549,0
104.215082,30.582564,14285
104.070334,30.327687,14288
104.046414,30.427513,14288
104.085123,30.461348,0
104.555963,30.353259,14288
103.718344,30.611327,14288
104.036462,30.235641,0
103.416658,30.329264,14288
104.001792,30.747894,0
103.67941,30.409569,14289
103.671027,30.365576,14288
103.702017,30.852844,14289
103.978348,30.448667,246
104.083396,30.776574,14288
104.125595,30.956499,14059
103.76823,30.471379,223
103.96289,30.663349,14288
104.109236,30.414026,0
104.34915,30.643209,0
103.677145,30.339017,14288
103.912316,30.63087,0
103.988672,31.095716,14288
104.071147,30.329728,14288
104.125346,30.769495,14289
104.369954,30.723263,14285
104.140254,30.403134,14288
103.8861,30.589921,14288
104.323174,30.643942,0
103.877331,30.572595,14288
104.072193,30.33689,14288
103.973777,30.44771,14285
103.951721,30.543605,0
104.195433,30.588222,14288
104.07489,30.731571,14288
103.819288,30.907394,14288
104.196259,30.527577,14288
103.882807,30.614431,244
104.454648,31.172365,14289
104.030287,30.855849,246
104.177584,30.724493,14288
104.097626,30.431343,14288
103.815863,30.642475,14288
103.953841,30.339194,14288
103.897023,30.666565,14288
104.226889,30.792598,14285
103.856826,30.449549,14288
104.561589,30.394027,14285
103.892323,30.433273,14288
104.234502,30.646203,14288
103.973875,31.032301,14288
103.896091,30.666166,14288
103.835441,30.432536,14125
104.615536,30.679688,850
104.216463,30.582263,14288
104.627803,30.922028,14288
104.465419,30.866535,14289
103.963855,30.439255,0
103.701635,30.602656,14288
103.890976,30.777587,14288
104.139926,30.408508,14289
104.183413,30.786469,14288
104.118879,30.757394,14289
104.02396,30.542004,5242
104.170681,30.615449,360
104.174814,30.787567,0
103.924351,30.021236,14288
104.30525,30.247034,14288
104.20182,30.678391,0
103.748969,30.492904,14288
103.867089,30.535243,14288
104.277676,31.142144,14288
104.023209,30.541834,14288
103.826173,31.021323,14288
104.76253,29.714078,14288
104.066912,30.69489,360
104.322895,30.843826,14288
103.983358,31.065728,14288
104.010403,30.51435,0
103.975114,30.469155,14288
103.858967,30.827534,14288
103.718417,30.612089,14288
104.011481,30.518131,14288
103.987183,30.565938,290
104.972036,29.681269,14288
104.09319,30.581161,14242
104.06944,30.33022,14289
103.578999,30.845764,14288
103.880158,31.029364,14288
104.040904,30.655443,14289
104.462506,31.05878,14288
103.723149,30.59182,0
104.3188,30.843481,14288
103.696538,30.582742,14288
104.158321,30.470564,14285
104.057465,30.453817,14288
104.501397,30.488316,0
104.4908,30.602599,14288
104.115321,30.885115,14288
104.135913,30.522335,14288
104.120834,30.501758,14288
104.077689,30.79476,14288
104.055889,30.847978,14288
103.812032,30.632009,13828
104.051861,30.439043,14289
104.019994,29.139561,14289
104.393035,30.28354,0
103.636834,30.485096,14289
104.098861,30.830007,14288
103.678273,31.030127,14288
103.691288,30.634857,14290
104.072654,30.374499,14288
103.661374,30.960896,14288
103.763707,30.043964,14288
103.792772,30.187782,14288
103.874946,30.830815,14288
104.017983,30.442542,14288
103.505826,30.55911,14288
104.166671,30.659028,14289
104.169657,30.527906,0
104.0918,30.444549,0
104.246554,30.603516,0
104.076254,30.779159,14288
103.908674,30.543234,14288
103.701846,30.60248,0
104.177195,30.718667,14242
103.654955,30.92702,0
104.006026,30.514991,0
104.001066,30.762719,14288
104.436168,31.02154,14288
104.29828,30.381441,14288
104.115832,30.584703,14288
104.083091,30.720189,14288
103.770675,30.398425,0
104.194361,30.587048,14288
103.544999,30.56874,647
103.919824,30.67506,10749
104.465131,30.348605,14288
104.390833,30.634877,0
103.654305,30.926016,14288
104.054263,30.466447,14288
103.129504,30.094,14288
103.949845,30.675975,14288
104.143791,30.84454,14288
104.107882,30.921239,14242
104.041251,30.530128,14288
103.754274,30.348743,0
103.995422,30.761612,14285
104.335049,30.305328,14059
104.109448,30.50545,14288
103.827825,30.710202,14289
103.760472,30.579224,14095
104.245288,30.710653,14288
104.094516,30.539687,360
104.041034,30.59349,14285
104.120914,30.52211,14288
103.889366,30.430985,14288
104.203671,30.725979,14289
104.224225,30.566382,14288
104.128535,30.411676,14288
103.221009,30.380057,14288
104.003886,30.606228,14288
104.118591,30.757378,13601
104.002104,30.811938,14288
104.143173,30.394567,14288
104.553518,30.352879,14288
104.501397,30.488316,14288
104.200012,30.739949,0
104.349366,30.64323,14288
104.138338,30.59242,14288
104.208483,30.585674,0
103.898752,30.77317,14288
104.12361,30.672955,14288
103.82407,30.585118,14288
104.506002,30.483823,14288
104.173035,30.48452,14288
104.562252,30.761623,14288
104.536738,30.397018,14288
104.138922,30.412113,14288
104.202535,30.726195,14288
104.050603,30.260461,14288
104.152014,30.69082,14290
104.231085,30.792779,14288
104.000602,30.474225,0
103.940046,30.61435,14288
104.005209,30.520398,14288
103.874289,30.486287,14288
104.308806,30.865465,14288
104.333552,30.645734,0
104.168288,30.387809,850
103.863982,30.804418,14288
103.987294,30.466713,14288
103.726465,30.778443,0
103.721178,30.597398,14289
103.831625,30.667576,0
104.500583,30.338819,14288
103.973433,30.579353,0
103.891003,30.446837,0
103.958942,30.615813,14285
103.98592,29.133989,0
104.134095,30.371576,14288
103.971014,30.650448,14288
103.845175,30.431851,14290
103.959822,30.936986,14288
104.421732,30.8813,14288
104.243042,30.645989,14288
104.044056,30.444993,14288
104.346932,30.74212,14289
104.174595,30.715239,0
104.038561,30.662377,0
104.756436,30.632781,14288
104.066152,30.448088,0
103.797223,29.640641,0
103.893375,30.776436,14289
104.011974,30.464427,14288
104.166751,30.659026,14184
104.490793,30.323186,14288
103.090016,30.385887,14095
103.678579,30.878308,14288
104.085208,30.238425,14288
104.254784,30.859803,14288
103.499629,30.173854,14288
103.952734,30.438891,14288
104.065156,30.179389,14288
104.185096,30.510328,850
104.058246,30.728766,14288
103.950762,30.466653,14288
103.856939,30.442309,14288
104.0458,30.452998,647
103.932545,30.810209,14288
103.945021,30.469014,14135
103.905011,30.676294,14288
103.941609,30.937425,14288
103.906705,30.397201,14288
104.101178,30.594564,14288
103.849647,30.638076,14288
104.489231,30.493519,0
104.221376,30.677366,14288
104.326435,31.375461,14288
103.814081,30.632938,0
104.060671,31.245612,14288
103.970812,30.469778,5242
104.056188,30.367706,0
104.092772,30.719702,0
104.3208,30.281195,14288
103.758319,31.197062,14288
102.987104,30.031456,0
104.635293,30.406984,0
103.79276,30.461016,14288
104.4972,30.466172,14288
103.83255,31.163238,14288
104.046772,30.581696,14288
104.155336,30.580999,0
103.901929,30.834319,0
103.905382,30.810537,14289
104.050494,30.752761,14288
103.739618,30.734587,14288
103.479099,30.217576,14288
103.440059,30.355561,14289
104.080036,30.512956,0
104.047291,30.42834,14288
104.103551,30.419781,14288
103.948962,30.538055,14288
103.664945,30.482704,14288
104.134276,30.400435,14288
103.936594,30.614054,14288
103.792403,30.187064,14288
104.069979,30.768433,14288
104.758657,30.373889,14288
103.835932,30.944509,14288
103.962528,30.373018,14288
104.326088,30.279274,14288
104.078885,30.513172,0
104.072609,30.250717,0
104.120081,30.7731,14288
104.336519,30.710068,850
104.666776,30.070312,14288
104.870981,29.225128,14288
104.113103,30.41864,14288
103.68419,30.843121,14288
103.558499,30.752455,0
103.497443,30.568474,14288
104.072027,30.361627,14288
103.8386,30.361016,0
104.466665,30.452168,14288
104.284792,31.146153,14288
103.662977,30.971028,14288
103.880282,30.604141,0
104.482008,30.460816,14288
104.308829,30.865601,14288
103.018507,29.817629,14288
104.14016,30.392427,14288
104.17719,30.718886,14288
103.84354,30.673502,14288
103.95278,30.453138,14288
103.895568,30.36928,14288
104.112847,30.523349,0
103.731212,30.333395,14288
104.082918,30.45498,14288
104.489191,30.493654,14288
104.556002,30.352894,14288
104.2676,30.62216,14289
103.860969,30.447116,14288
103.561165,30.748773,0
103.966533,30.435222,14288
104.462553,30.347861,14288
103.915316,30.628297,14095
103.655036,30.926322,14288
103.526122,30.393302,14288
103.861529,30.804219,14288
104.327147,30.306346,14289
104.161701,30.599629,14289
104.012621,30.445191,14288
103.661391,30.96121,14288
103.950935,30.541,14184
103.751536,30.328412,14184
103.870752,30.702083,14135
104.070979,30.725263,14288
103.850985,30.437148,14285
103.976275,30.410503,14288
104.535102,30.637253,14288
103.840602,30.678011,14288
103.935557,30.90582,14288
104.149077,30.8392,14288
104.0505,30.541846,14290
104.482322,30.337925,14059
104.225214,30.997928,14288
103.993639,30.764592,0
103.474775,30.431415,14288
104.566946,30.387634,14288
103.856089,30.786586,0
103.819137,30.79726,14289
103.657104,30.924696,14288
103.649705,30.933835,0
104.080774,30.816903,767
104.447831,30.478301,0
103.909912,30.544471,14289
104.804157,30.152358,14289
103.331008,29.252511,0
104.262391,30.731601,14288
103.926428,30.80573,14288
104.296095,30.994985,0
104.096218,30.541429,14288
103.505494,30.567156,14288
104.064325,30.432632,14288
104.172224,30.659321,14288
104.238071,30.653033,14289
103.741987,30.724779,14288
104.401445,30.34325,14288
104.059916,30.387171,14288
103.900889,30.820478,14288
104.099945,30.460653,14288
104.388099,31.023002,14288
104.217881,30.694816,14288
104.587455,30.698011,10535
104.174694,30.796915,14288
104.133217,30.391215,14288
104.018387,30.248364,14288
104.091841,30.567202,0
104.088202,30.364686,14288
104.847664,29.754501,14288
103.887379,30.376132,0
104.19732,30.787527,13601
104.179995,30.78893,14288
103.921224,30.703166,14288
104.018274,30.228747,0
102.693769,29.970723,0
104.249511,30.801732,14288
103.895516,30.824449,14288
104.237405,30.652972,14288
104.009708,30.564184,14288
103.159354,30.117357,14288
103.82647,30.584723,14288
104.383226,31.057179,14288
104.531605,31.321663,14288
103.459847,30.747118,14288
103.905651,30.810887,0
104.323017,30.64511,14288
103.956805,30.030929,14288
103.956776,30.031371,14288
104.043655,30.446411,14288
104.398179,30.303809,14288
104.390968,30.286821,1020
104.040541,30.665818,0
103.880735,30.353354,0
103.813691,31.655578,14288
104.311893,30.846782,14288
103.476682,30.427959,647
104.134845,30.674522,14288
104.248938,30.580425,14288
103.708342,29.09025,14288
104.332803,30.64586,14288
104.091706,30.564956,0
103.466365,30.992607,14288
104.264192,30.527974,14288
103.95322,30.934962,14290
104.067772,30.329746,14288
104.244195,30.783183,0
104.011012,30.145857,14288
103.790851,30.666973,14288
104.036538,30.297026,0
103.597619,30.964222,14288
104.178604,30.782794,14288
104.035412,30.780782,14288
103.879697,30.198505,0
103.526905,30.39596,14288
104.046141,30.551802,14288
103.968027,30.468364,14288
104.115336,30.75362,14289
103.911569,30.761011,14288
104.081598,30.513159,0
104.318478,30.86128,0
104.177234,30.788037,14095
103.855026,30.314918,14288
104.091638,30.217867,14288
103.791464,30.603798,290
104.203314,30.726207,0
104.566407,30.371533,5242
103.812401,30.571557,14288
103.896613,30.66648,0
104.30884,30.865597,0
104.101749,30.459038,14288
103.920765,30.965144,0
104.398987,30.334264,0
103.674458,30.905778,14289
104.058022,30.727972,14288
103.989668,30.725936,14288
104.471708,30.345321,14288
104.065611,30.633173,13601
104.179386,30.727199,0
104.203167,30.726119,14242
104.054467,30.428996,14288
103.794269,30.446413,14288
104.223906,30.738689,14289
103.467607,30.754176,14288
103.832398,30.55001,0
103.524456,30.199951,14285
104.255418,30.531138,14288
104.249136,30.538024,2271
103.804406,30.455579,14288
104.071958,30.212166,647
104.205682,30.752154,14288
103.959957,30.51758,14288
104.223135,30.337011,14288
103.792443,30.010426,14288
103.436936,30.617581,14288
104.070779,30.726581,14289
103.856385,30.786054,14288
104.120367,30.773057,14288
104.158567,30.604316,14288
104.196142,30.543649,14288
104.045316,30.45355,14289
103.817236,30.95907,14289
104.087045,30.804334,14288
104.412644,30.875133,0
104.057811,30.611359,14288
103.846364,30.428004,14288
104.052897,30.472505,14288
103.54046,30.663184,14288
103.957115,30.660544,14288
103.887269,30.528708,14288
104.293891,30.304474,0
104.185664,30.684698,14288
103.68148,30.848987,14288
104.350044,30.555431,14288
104.212313,30.756524,14288
104.757556,30.910823,14288
104.168376,30.387907,0
104.112482,30.753111,14288
104.087004,30.38379,14288
102.201851,29.682901,14288
103.605244,30.883347,14288
103.923638,31.056682,14288
104.120778,30.501604,14288
104.196012,30.501809,14288
104.066292,30.179881,14288
104.531605,31.321663,767
104.564966,30.386989,14289
104.664128,31.126599,14288
104.203802,30.725976,14288
104.029166,30.811903,14288
104.166711,30.659054,14288
103.939592,30.424248,14288
103.394121,30.206639,14288
103.969135,30.469821,0
104.268648,30.577864,14288
103.868607,30.462763,14288
104.5098,30.352646,14288
103.717497,30.383057,14288
104.051953,30.711061,14288
104.501125,30.473912,14288
104.533557,30.731368,0
103.999841,30.466477,14288
103.881228,30.503452,14059
103.981946,30.68489,0
104.225264,30.638993,14288
103.81287,30.632532,0
104.304218,30.307188,14288
104.091017,30.442291,14288
103.708005,29.089916,9456
104.268687,30.823323,14288
103.897186,30.666595,14289
103.916533,30.369281,14288
104.543117,30.373105,0
103.018507,29.817629,14288
103.986791,30.485172,14289
104.081506,30.471898,0
104.537134,30.365921,0
104.0183,30.442473,14288
103.082604,30.376479,14288
103.792097,30.687267,14289
104.201954,30.703653,14288
104.14605,31.492663,14290
104.038764,30.360082,759
104.081655,30.455141,0
104.538623,30.660912,14288
104.046004,30.427373,14288
103.929734,30.974602,14289
103.909622,30.544568,14288
104.804143,30.152216,14288
104.650029,29.515908,0
104.046953,30.427772,14288
103.827243,30.579145,14288
103.861819,30.559689,14285
104.07497,30.735401,0
104.02254,30.52382,0
103.699404,30.395582,0
103.997707,30.467522,14290
104.044219,30.570282,0
104.242524,30.650469,0
103.662268,30.901801,14288
104.029363,31.374328,14288
104.066777,30.329432,14288
104.364649,30.430471,14288
103.93604,30.614381,0
103.736906,30.51092,14288
103.970544,30.65022,14288
104.615112,30.163391,14288
103.725417,30.577743,14288
104.309191,30.865113,14288
104.19935,31.580259,14289
104.234726,30.646021,14288
104.007748,31.204527,14095
103.56076,30.748874,14288
104.242588,30.651087,14288
103.989755,30.917107,0
104.077851,30.794623,14288
104.45528,30.870531,14289
104.186644,30.707726,14289
103.96301,30.714605,0
104.070564,30.752278,14288
104.16833,30.741692,14288
104.097046,30.759384,759
104.166766,30.636919,14288
103.963627,30.381217,14288
104.172367,30.782696,14288
103.842201,30.538886,14288
103.918107,30.415209,14288
103.973099,30.4713,14288
104.077266,30.801891,14288
103.770638,30.398326,767
103.944452,30.483805,14242
104.355999,30.647807,14288
104.294512,30.393387,14288
104.079267,30.512989,14288
104.223304,30.6749,14288
103.966854,30.434991,0
104.894084,29.732426,0
104.22345,30.794552,14288
104.488296,30.46218,14289
103.922786,30.716762,0
104.1141,30.462866,0
104.115796,30.584594,14288
104.242499,30.649973,14288
104.961803,30.224296,0
104.180392,30.718246,14288
103.918781,30.243321,0
104.112422,30.753295,14288
103.81833,30.788202,14288
103.340743,30.916391,786
104.143349,30.581801,14095
104.45447,30.467787,14288
103.91925,30.976857,14288
103.653238,30.894018,14288
104.009294,30.505382,14288
104.04999,30.260154,14288
104.544714,30.70709,14288
103.348391,30.419092,14288
104.508771,30.354781,14288
104.165545,30.642036,14288
104.061419,30.802929,0
103.972228,30.542335,0
104.183658,30.717157,14288
103.938189,30.616239,14289
104.127324,30.53734,0
103.877308,30.562483,14288
103.859041,30.827649,14289
103.713797,30.526405,14288
103.952685,30.999567,14288
103.88312,30.73556,0
103.972642,30.471265,14289
103.796597,30.646693,14288
103.864673,31.069979,14288
103.553037,30.221267,14288
104.488838,30.46203,14288
103.94008,30.616258,14288
104.183578,30.71072,14288
104.323545,30.645054,14288
104.202232,30.726106,14288
104.165309,30.516223,14288
104.415181,30.880769,14288
103.902511,30.393908,14288
104.107939,30.506607,14288
103.87677,30.220979,14288
104.496029,30.326249,14288
104.056071,30.847906,14285
104.160668,30.697957,14288
104.362249,31.067725,14288
103.967176,30.648136,14288
104.003445,30.734822,14288
103.782686,30.693799,14289
103.923194,30.717174,0
104.125323,30.76975,14288
104.072484,30.203163,14288
104.124202,30.683562,14288
104.029361,31.046066,14288
103.729732,30.743094,14288
104.485951,30.492513,14288
104.387397,30.307605,835
104.231843,30.639869,14288
103.4715,31.278472,14289
104.071975,30.383576,0
103.915646,30.993192,14288
103.677051,30.399542,14288
104.105418,30.390941,0
104.072059,30.487408,14288
103.959258,30.823258,14288
104.131004,30.524079,0
103.86294,30.150109,0
104.325914,30.860027,14288
104.161323,30.59959,14288
103.647058,30.951708,14288
104.092212,30.524551,14289
104.118903,30.522183,850
104.150107,30.616386,0
103.977763,30.688867,14289
104.123632,30.513054,14288
103.791391,29.636782,14288
104.078263,30.384991,0
104.502346,30.475669,14184
104.05613,30.366604,14290
104.242556,30.650102,14288
104.140864,30.645946,14288
104.064973,30.45148,14288
104.315194,30.276464,14288
103.503786,30.558441,14288
103.451305,30.375648,14288
104.497858,30.451122,14288
104.108671,30.505911,14288
104.327188,30.306914,14288
104.244607,30.645497,14290
104.248327,30.706393,14289
103.835587,30.662496,0
104.882784,30.082966,14288
103.597456,30.964323,14288
103.810045,30.651463,14288
104.074059,30.730887,14288
104.050096,30.693944,0
104.318791,30.861146,14288
103.971134,30.63862,14288
103.914188,30.675618,14288
104.175335,30.664496,14288
103.991056,30.437859,14095
104.539912,31.382851,14288
104.580286,30.141243,14288
104.208024,30.52434,14289
103.970809,30.650183,14288
103.966168,30.436366,14288
104.172931,30.580509,14288
104.49404,30.325803,14288
103.960023,30.517538,14288
103.871238,30.777111,14288
104.094792,30.753452,14289
104.488449,30.49329,14095
104.301418,30.247443,14288
103.653226,30.920553,14288
104.486248,30.352114,14288
104.084289,30.660673,14288
104.17892,31.022851,0
104.105037,30.587806,14288
104.51312,30.420345,14289
104.178604,30.782794,14290
104.10623,30.759622,14288
104.043147,30.67593,14285
104.27243,30.627975,14288
103.724741,30.5784,14288
103.553305,30.747611,0
104.054299,30.770729,0
104.073083,30.376918,14288
104.272774,30.814582,14288
104.042609,30.199077,14288
104.243265,30.650755,14288
104.120237,30.522022,14288
103.897358,30.836355,14288
104.16664,30.63655,14288
104.245936,30.711547,14288
104.584927,30.355337,14289
103.71136,30.829024,14288
104.072294,30.196248,14288
103.936981,30.78271,14288
104.208573,30.524028,14289
104.06951,30.717323,14288
103.504838,30.569506,14288
103.9917,30.749619,14288
104.179672,30.521934,14288
103.889175,30.499911,14288
104.761751,30.614907,14288
103.499461,30.542127,14288
103.676238,30.905535,14288
103.856722,30.442234,14288
104.138304,30.638498,14289
104.194774,30.587433,14288
104.020928,30.498109,14288
104.445627,30.273722,14288
104.0699,30.768338,0
104.512349,30.612709,14288
104.267949,30.72893,14288
104.073625,30.685772,14288
104.186972,30.719618,14288
103.701558,30.602607,14288
103.827815,29.995755,14288
104.268616,30.233674,14288
103.905508,30.676574,14288
104.176293,30.646523,14288
104.085959,30.385023,14288
103.879664,30.511158,14288
104.151845,30.587514,0
103.845498,30.02006,0
103.882626,30.667932,14288
103.869426,30.290267,14288
104.070986,30.72527,14288
103.947656,30.011435,14285
104.060421,30.388116,14288
104.007557,30.554252,0
104.147948,30.402752,14288
103.947732,30.011059,14288
104.185938,30.718496,0
103.80863,30.459325,14288
103.923153,30.703878,14288
103.96857,30.972087,14288
104.203591,30.726045,14289
103.851124,30.437218,14135
104.655392,30.34174,14288
104.11613,30.452194,14288
104.551514,30.096707,14289
103.96013,30.155608,14288
104.663292,31.090594,14289
104.082157,30.516748,14288
104.447186,30.462416,14288
103.532263,31.404408,14288
104.169313,30.741278,14288
103.826712,29.979991,14288
103.4685,30.434318,14288
103.827667,30.629499,14288
104.17044,30.578379,786
103.958254,30.662185,14288
103.971304,30.63356,14289
104.236394,29.937943,14288
104.096216,30.541203,14288
103.646801,30.934696,5242
103.661484,30.961123,0
104.091727,30.42831,0
104.213869,30.652137,0
103.721169,30.597635,14288
103.840875,30.648316,14288
102.206726,29.645362,14288
104.278255,30.727595,14288
103.937074,30.61322,0
103.96646,30.73757,14288
104.331006,30.645062,14288
103.937147,30.614723,14288
104.082688,30.45496,0
104.170862,30.614981,0
104.795922,30.143101,0
104.234809,30.18414,14288
104.357146,30.531277,14288
104.463455,30.348809,14288
104.034536,30.75536,994
104.481379,30.491926,0
104.122213,30.539746,14288
104.048721,30.540399,997
103.812689,30.574935,14288
103.924525,30.950254,14288
104.15045,30.630336,1000
103.505958,30.559273,14288
104.585504,30.73453,835
104.118566,30.757331,14288
104.044965,30.445413,0
103.924254,30.799688,14288
104.011747,30.407433,647
104.203168,30.74779,14288
104.627113,30.90245,14288
103.748115,30.582424,14288
104.234814,30.646203,14288
103.995053,30.612501,14288
103.791127,29.635898,14288
103.8995,31.007604,14288
104.534606,30.440258,14289
103.791846,29.439239,14288
104.221208,30.638377,14288
102.18596,29.559071,14288
104.071249,30.725187,14288
104.131104,30.669426,14059
104.236525,30.646986,1020
103.628276,30.727776,14288
104.187626,30.874968,14288
104.168117,30.62762,14288
103.771114,30.577381,14288
104.195862,30.679936,14288
103.73841,30.664489,14289
104.086137,30.749098,0
104.500963,30.475646,14288
104.390832,30.286855,14288
104.197347,30.700818,14288
104.20857,30.744861,0
104.101077,30.757317,14290
103.849424,30.639004,14242
104.13395,30.624555,14288
104.003726,30.606551,14288
103.489437,30.7495,14288
104.187579,30.535623,85
103.966052,30.435573,14184
104.174275,30.71539,14288
104.045671,30.760436,14288
104.2429,30.6506,14288
104.001733,30.520557,14288
104.499897,30.479568,0
103.873759,30.774271,14289
103.698825,30.551525,14288
104.02805,30.483455,14288
103.84106,29.782252,0
103.51851,30.396595,14288
103.545168,30.210597,0
104.07119,30.725242,14285
104.202001,30.678487,14288
104.241706,30.768845,1000
104.215856,30.697666,14288
103.877267,30.562657,14288
103.82502,30.581565,0
104.429185,30.356296,7892
103.680032,30.895123,14288
104.11558,30.581326,14288
104.024041,30.617553,14288
103.876994,30.35669,14289
103.973592,30.409008,994
104.508484,30.354432,14288
104.072342,30.200882,14288
103.940217,30.999074,0
103.903262,30.929451,14288
104.071999,30.324288,14288
103.838766,30.317392,4471
104.072342,30.200882,14288
103.993759,30.746663,14285
103.899148,30.583404,14288
104.895842,30.16869,14290
103.663348,30.659649,7892
103.86571,30.840549,14288
104.106289,30.464048,14285
103.505986,30.559128,14289
104.050127,30.420219,14288
104.091439,30.428043,1123
104.007965,30.231298,14288
104.104699,30.504084,14288
104.05931,30.433275,14289
104.119319,30.578257,14288
104.169379,30.741047,14288
103.814994,30.633288,14059
104.185686,30.718686,14288
103.917341,30.742724,14288
104.272991,30.814595,14288
104.125449,30.76948,14285
103.541341,30.554048,14288
104.497925,30.346117,14288
104.068366,30.662865,14288
104.150498,30.61648,14288
104.114105,30.750781,14289
103.998933,30.669481,14288
104.610216,30.855742,14288
104.249698,30.581389,14288
103.994509,30.612125,14288
104.135145,30.805901,0
104.203483,30.747206,14289
104.019356,30.552204,14288
103.94016,30.614341,0
104.201545,30.678558,0
103.916858,30.684014,14288
103.902951,30.631984,14288
104.019127,29.138972,14289
104.178068,30.719303,14288
104.229272,30.594297,14288
103.787916,30.765851,14288
104.495788,30.471128,14289
104.423625,30.699296,14289
104.058262,30.44787,14288
103.861571,30.80415,14288
104.043944,30.446877,14288
104.582439,30.708236,0
103.853797,30.764824,14288
104.615855,30.089958,14095
104.270383,30.572813,0
104.088652,30.226332,14288
104.371548,30.86439,14288
103.840725,30.679341,14289
104.592571,30.392665,14288
103.68709,30.629154,0
104.539118,31.859515,14288
104.004083,30.515275,1123
103.530502,31.410444,0
103.911274,30.575178,0
103.935548,30.905397,14288
103.530737,30.738381,14289
103.893,30.447584,14288
104.438656,30.355993,0
103.948927,30.536852,14288
104.360723,30.329826,0
104.065237,30.633092,14288
104.545465,30.09709,14288
104.022163,30.522347,0
104.593951,30.114217,14288
104.506312,30.483599,997
103.887993,30.556246,14288
104.216643,30.612422,14288
103.69649,29.227435,14288
103.84303,30.538041,14288
104.054406,30.849187,14288
103.999055,30.669537,14288
104.108675,30.415589,0
104.429439,30.356395,0
104.131246,30.670578,0
104.439039,30.359225,14288
103.850732,31.0608,14288
103.128383,30.05912,14288
104.005392,30.57666,14288
104.051658,30.541245,14288
104.046236,30.580064,14288
104.254888,30.859223,14288
104.071846,30.329864,0
103.885028,30.165284,14288
104.26354,30.995403,14288
104.569176,30.707264,14288
103.830817,29.996915,0
104.202909,30.726027,14288
103.958734,30.660008,14288
104.104225,30.531889,14288
104.501365,30.484501,14288
104.272045,30.617479,14288
104.255441,30.531382,0
104.170988,30.615342,14288
104.643153,30.047921,14288
104.226312,30.792823,14288
104.108168,30.548559,1167
104.051518,30.541058,14288
103.608178,31.06609,14288
104.554932,30.353861,14288
104.54508,29.502102,14288
104.536991,30.36575,14288
103.562842,29.863018,14288
104.376515,30.293052,14288
104.081183,30.811459,14288
104.563935,30.370349,14290
104.391152,30.284205,14288
104.053017,30.458584,14288
103.964872,30.310019,14288
104.501207,30.473697,14288
104.192951,30.799846,14288
104.070618,30.471425,0
103.96958,30.366519,14289
104.299284,30.236924,14288
104.224914,30.793898,14288
104.426606,30.699199,0
103.997614,30.757533,14288
104.092338,30.579461,14288
104.511955,30.421661,14288
104.096303,30.5409,14288
103.661372,30.960921,14289
104.019683,30.549163,14288
104.142214,30.586664,14288
103.917276,30.397462,14288
103.604664,30.740213,0
103.824877,30.582471,14288
104.040563,30.616242,14288
104.069979,30.768433,14288
103.544085,31.435898,0
103.721428,30.597764,14288
104.235885,30.646286,0
103.535735,30.56309,14288
104.185899,30.552701,14288
103.964268,30.571657,14290
103.854092,30.443163,14288
104.025969,30.731474,14290
103.862204,30.712139,14288
103.748754,30.717225,1167
103.782282,30.46781,14288
103.981167,30.673761,14288
104.151853,30.725286,14289
103.938385,30.619936,14288
104.152727,30.781743,0
103.703858,30.799153,14288
103.896919,30.371729,14289
103.95971,30.16471,0
103.994847,30.252653,5242
104.235374,30.646885,3327
104.078713,30.512684,14290
103.978207,30.625224,14288
103.885796,30.583791,14289
104.662064,31.092077,14289
103.887758,30.665989,14288
103.837307,30.360253,14289
103.713621,30.525964,14288
104.118684,30.756755,0
104.050828,30.478319,0
104.110417,30.421754,14288
103.914441,30.38856,0
103.818468,31.766555,14290
104.068642,30.432949,14288
103.933486,30.661884,14288
103.477446,30.761448,0
103.936352,30.905138,14288
104.139806,30.52224,14288
104.221036,30.837653,14288
104.386892,30.76115,0
103.27358,30.194747,0
104.108769,30.54353,14288
104.060641,30.798127,14288
103.952605,30.427907,14184
103.967441,30.648683,14289
103.068194,30.048295,14288
104.235206,30.64602,14288
104.038679,30.662398,14288
104.414722,30.830492,0
104.215082,30.582782,0
104.170569,30.705627,14288
104.079233,30.513242,14288
104.10505,30.39447,14288
103.811241,30.632228,14288
104.070532,30.454095,14288
103.659262,30.92313,13828
104.398987,30.334264,0
103.896971,30.666851,14288
103.92668,30.946991,14288
102.705196,29.973974,14288
103.96996,30.952487,14288
103.85793,31.065823,14288
103.679318,30.90393,14288
103.832137,30.4657,14288
103.804533,30.455481,14288
104.159323,30.674605,14288
103.929131,30.699339,14288
104.138665,30.716352,14289
103.831625,30.667576,0
104.494603,31.731999,14288
104.785885,29.796063,14290
104.757556,30.910823,14288
103.91618,30.369079,14288
103.708729,30.317665,14288
104.333591,30.644741,14288
104.092313,30.52452,14289
104.031252,30.318265,14288
103.937557,30.614932,14288
104.08271,30.577556,0
103.964609,30.636954,14289
103.958889,30.500689,14288
104.104976,30.401001,14289
103.960028,30.542885,14288
104.365658,30.789616,14288
104.101383,30.444469,14059
104.076135,30.764144,14288
103.547564,30.215234,0
104.108825,30.542723,14288
103.903007,30.658609,14288
104.501325,30.47383,0
104.087623,30.833687,7892
103.968064,30.586456,14290
103.537712,30.35727,0
103.681843,30.893927,1503
103.887441,30.528705,14288
104.215518,30.821186,14288
104.120081,30.7731,14242
103.966589,30.435191,14288
103.837591,30.357289,14289
102.744966,29.432397,14288
104.202671,30.725977,14288
103.658775,30.622325,14289
103.959421,30.16341,14095
104.110522,30.416851,14288
103.659236,30.923496,14288
104.193158,30.540698,14288
104.105877,30.464085,14288
104.082395,30.665947,0
104.093202,30.58159,14288
104.009144,30.764795,14289
104.908207,30.159907,14288
104.21392,30.651554,14289
104.05119,30.499981,0
104.13434,30.733677,14288
103.899164,30.359287,14288
103.937905,30.94843,14288
104.562957,30.067449,0
104.162818,30.556963,13658
104.318876,30.861112,14289
104.211425,31.666446,14288
103.988946,30.596043,14288
103.882929,30.779276,14288
103.916813,30.683994,14288
104.09292,30.582757,14288
103.917363,30.989181,7892
104.569469,30.371807,0
104.177968,30.725711,14289
104.391369,30.293924,14289
104.021354,29.137722,14289
103.950616,31.011568,0
104.166394,30.830656,14288
104.053923,30.457586,14288
103.820897,31.764691,14288
103.89503,30.534095,14242
104.377958,30.45554,1332
104.056136,30.65307,14288
103.819129,30.797276,14288
103.552315,30.60787,0
103.708001,30.902856,14288
104.123539,30.411413,14288
104.52138,30.358896,14289
104.046562,30.371793,14288
103.902306,30.658433,14288
104.169706,30.70501,14288
104.160117,30.606319,14135
104.112693,30.705408,14288
104.173681,30.539538,14288
104.359397,30.661972,0
104.392818,30.283522,14288
104.060472,31.245508,14288
103.536859,30.770081,14288
103.947552,30.455869,14288
103.940959,30.728129,14095
104.196332,30.527529,14288
104.062591,30.597884,14288
104.235909,30.64667,14288
103.970362,30.650387,14288
104.049126,30.709933,14288
103.823664,30.422632,0
104.068607,30.183927,14288
104.235702,30.646508,14288
103.859344,30.827719,14289
104.02863,30.337875,0
104.238046,30.653007,14288
104.213749,30.787671,14288
103.674349,30.904022,0
103.937282,30.614687,0
104.112461,30.753223,0
104.566128,30.371561,14288
104.016865,30.561792,0
103.878539,30.766518,14288
104.106551,30.507381,14288
103.747835,30.376957,0
103.966621,30.435625,14288
103.598433,30.985501,14288
103.79238,30.445761,14288
103.443297,30.75094,14288
104.323198,30.308621,14288
104.578076,30.809759,0
103.917266,30.683912,14288
103.664887,30.643795,14290
104.002026,30.884138,14289
103.935281,30.905369,14288
103.76829,30.471446,14288
104.108883,30.768547,14288
104.183226,30.710821,14288
103.798509,29.435461,0
104.167609,30.616775,14289
104.473934,30.486561,14288
103.530729,30.738626,14288
103.771376,30.346016,14288
104.188083,30.793495,0
103.905639,30.723588,0
103.52927,30.377481,14288
103.815666,30.277817,14288
104.102779,30.70305,14288
103.940007,30.614512,14288
103.936401,30.613772,14288
103.684645,30.946741,14288
104.165902,30.712284,14288
103.662843,30.629508,14288
104.501676,30.475027,14288
104.034427,30.464676,14288
103.866321,30.774215,14288
103.862996,30.348323,14288
104.106538,30.58748,14288
103.901935,30.67692,14288
103.84674,30.437916,14289
104.03955,30.225957,14290
104.615081,30.163368,14288
103.859053,30.827624,14288
103.819369,30.907232,14289
104.175141,30.719166,14288
103.996561,30.519921,14288
103.981449,30.785139,14288
104.525661,30.678027,0
104.168916,30.741606,14288
104.202123,30.749723,14288
104.029261,30.640631,14288
104.400891,30.310694,14288
103.878801,30.754071,14288
104.093636,31.366335,14288
104.089563,30.193963,2776
103.642266,30.943294,14184
103.64037,30.466134,14289
104.033097,30.46488,14289
103.847856,30.430724,14288
104.104005,30.442384,14285
104.174883,30.788119,0
103.08274,29.971629,14288
104.527432,30.66612,14288
104.093239,30.581522,14288
104.04651,30.538301,14289
103.873372,30.463401,14288
103.84674,30.437916,14288
104.401324,30.997589,14288
103.962908,30.663074,14288
104.048439,30.851836,14288
103.88747,30.666032,14288
104.517512,30.391198,14288
103.539895,30.668174,14288
103.880259,30.604235,14288
103.998284,30.467104,14288
104.227904,30.781233,14288
104.151257,30.750538,14288
103.972472,30.429054,14288
104.370559,30.28917,14288
103.70955,30.38832,14288
103.620108,30.278358,14288
103.893315,30.513993,0
104.360171,30.289706,14288
104.174021,30.772382,14289
104.196274,30.527563,14289
103.873619,30.486019,14288
104.071941,30.334217,14288
104.236636,30.799094,14289
104.350938,30.810148,14288
103.995213,30.897572,14288
103.837219,30.349717,2776
104.159714,30.776423,0
102.201956,29.685471,14288
103.884051,30.431711,14288
104.075357,30.754754,14288
104.049754,30.42309,14289
103.954438,30.839203,14288
104.346669,30.686315,14289
104.099835,31.288713,0
104.613421,30.855526,14288
103.862102,30.556359,14288
104.247697,30.576538,14288
104.072501,30.351095,14288
104.150896,30.751584,14288
103.676591,30.903309,14288
104.311111,30.94398,14288
103.510464,30.806932,14288
104.990557,29.542205,0
104.001792,30.747894,14288
104.139461,30.826092,14288
104.139868,30.825826,0
103.767608,30.423696,14288
104.253926,30.644248,14059
103.753934,30.395231,14289
104.544446,30.718051,14288
103.938245,30.616355,14288
104.025741,30.514791,14288
104.464084,30.834004,14288
104.666113,31.017182,14288
103.663018,30.971146,0
103.31446,31.078123,14288
104.046782,30.427455,14288
103.480041,30.427942,14288
104.073272,30.715391,1332
103.79632,30.574907,14288
103.965546,30.310375,0
104.778769,30.848611,14288
103.902532,30.978157,14288
103.922264,30.88604,14288
104.225486,30.525087,14288
104.33359,30.644328,14288
104.051708,30.541309,14288
104.241249,30.958142,14289
104.235605,30.332778,0
104.967727,30.482244,14288
103.991948,30.544581,14288
104.354565,30.643553,14095
104.159156,30.651569,1503
104.473487,30.344483,14288
104.02392,30.651498,14288
103.868303,30.39909,14288
104.23459,30.645971,14285
103.918767,30.809786,14288
104.189064,30.599626,14288
104.035284,30.298415,0
104.17895,30.7838,14290
104.28776,30.688057,14288
104.163034,30.663107,0
104.20327,30.726045,14288
103.940623,30.61425,14288
103.896248,30.666204,14288
103.662687,30.970771,5242
104.149226,30.83944,14288
103.952205,30.427996,14288
104.069632,30.723943,14095
104.095136,30.625065,14288
104.158941,30.47056,0
104.072627,30.695663,14288
104.103319,30.503178,14288
103.946408,30.468362,14289
104.099708,30.466886,0
104.321059,30.281315,14288
104.114912,30.452574,0
103.971747,30.569735,7892
104.755627,30.628696,0
103.888074,30.56158,0
104.326235,31.37505,14289
104.141532,30.658001,14184
103.696711,30.649739,0
103.655,30.926356,14288
103.895466,30.824485,14288
104.268811,30.64407,14288
104.294453,30.321852,14288
104.011512,30.479758,14288
103.999753,30.468759,14288
104.101828,30.497053,14288
104.077993,30.247959,14095
104.045864,30.427149,14059
104.080817,30.711799,14288
103.902107,30.834095,14288
104.41868,30.945939,14285
104.401432,30.468969,0
103.691868,30.420428,14288
103.967997,30.603827,14288
104.174569,30.787156,14288
104.01096,30.793725,14288
103.957023,30.723371,14289
104.114627,30.523372,14288
104.051563,30.757894,14288
104.058361,30.72299,1503
104.31251,30.289414,14288
103.978717,30.406355,14288
104.970437,29.867547,14288
104.108145,30.554548,14288
103.940048,30.61641,14288
104.0557,30.650578,14288
104.541167,30.419162,14288
103.904776,30.977885,14288
104.17995,30.619289,14288
103.887369,30.528653,14288
104.234137,30.193874,14288
104.004661,30.521405,0
104.122463,30.758725,14288
103.864125,30.788941,14288
104.074787,30.736135,14288
104.099954,30.713004,14288
103.975508,30.468952,0
103.991037,30.739121,0
104.073218,30.767879,1503
103.847678,30.431453,14288
104.053105,30.453783,14288
104.387397,30.307605,14288
104.364748,30.839717,14288
104.1347,30.805968,14288
104.079976,30.511727,0
104.24255,30.650612,0
104.35662,30.720926,14288
104.160656,30.694059,14288
104.000868,30.441324,0
104.178638,30.782748,14288
104.680509,30.051246,0
103.958924,30.574779,14285
104.999098,29.653232,0
104.188912,30.492474,14288
103.654738,30.926217,14288
103.880439,30.354468,14288
104.020026,29.139587,14288
103.698402,30.865254,14289
104.399478,31.06331,14288
104.059895,30.416922,14288
103.97598,30.690375,14288
103.696811,29.226949,0
104.110483,30.564379,14288
104.237939,30.652908,14288
104.580166,30.141261,14288
104.149823,30.659108,0
104.215098,30.58248,14288
103.939599,30.617338,14288
103.680404,30.409285,14289
104.078575,30.375366,14288
103.943571,30.499248,14288
103.712434,30.523205,14288
104.329678,30.725337,14289
103.936642,30.61412,14288
103.706782,30.927726,14289
104.150871,30.658452,0
104.242627,30.65138,1503
104.319289,30.276221,14288
104.223464,30.885086,14288
104.055967,30.367491,14288
103.851037,30.820378,14288
103.993358,30.764775,14290
103.955683,30.464797,14288
104.518468,30.623557,14289
103.96532,30.62122,14288
103.580121,30.277101,0
104.066059,30.447995,0
103.102807,30.080718,14288
103.686741,30.62958,14288
104.226189,30.524982,14288
103.900855,30.582792,14288
104.073303,30.696475,14095
104.168997,30.532037,14288
103.929343,30.69936,14288
104.164651,30.658771,0
104.496974,30.418262,14285
104.401528,31.061409,14288
103.587335,30.742602,14289
104.13206,30.619137,14095
104.070979,30.725263,0
103.876376,30.4849,14288
104.112327,30.51316,0
104.01543,30.450721,0
104.532575,30.723933,14288
104.237555,29.938481,14288
103.646946,30.934551,14288
103.977547,30.688321,14288
103.985115,30.617407,0
103.795188,30.446835,14095
104.162458,30.55708,14288
103.935897,30.905587,14288
104.060023,30.64832,14288
104.254864,30.859139,14288
103.853711,30.442837,14288
104.361843,30.434978,14288
103.899608,30.40279,14288
104.00185,30.128195,14288
104.072189,30.316104,14288
103.925991,30.544337,14288
104.001049,30.597178,14288
104.093481,30.798121,14290
104.177182,30.788048,14288
104.010954,30.511643,0
104.162363,31.461404,14288
104.224808,30.793769,14288
104.169006,30.741231,0
103.956993,30.034086,14288
103.729506,30.327933,14288
103.701698,30.602515,14288
104.046445,30.558326,14288
103.886625,30.528402,0
104.3083,30.845501,14288
103.99526,30.612432,14288
104.501734,30.354441,0
104.032275,30.448386,14288
104.242499,30.649973,14288
103.713882,30.526188,0
104.454559,30.459734,0
104.868902,29.22677,14184
104.083494,30.816926,0
104.382239,30.35069,14288
103.986056,30.889398,14288
104.382729,30.578985,0
104.226674,30.78972,0
103.940636,30.614228,14288
104.172931,30.483314,14288
104.114052,30.462113,14288
104.315772,30.303137,14288
103.380108,30.36816,14289
104.253523,30.926045,14288
104.037575,30.659605,14288
104.538455,30.660989,14289
104.067742,30.430605,14288
103.891308,30.256252,0
103.835459,30.465906,0
103.84742,30.371128,14289
103.482401,30.383734,14288
103.876767,30.220969,14289
103.920825,30.703065,14288
104.318353,30.272856,14288
104.502673,30.473008,3327
104.138436,30.638868,14288
104.046218,30.532061,14288
103.902076,30.83403,14288
104.21822,30.686704,14288
103.707152,30.581346,14288
104.601617,30.87634,14288
104.14363,30.808291,14288
103.749637,30.957569,14289
103.939976,30.614241,14242
103.718494,30.611441,14288
103.985911,30.723309,14095
103.948172,30.475578,14288
103.503941,30.574016,14288
103.953514,30.798342,14288
104.235247,30.647017,14288
104.185965,30.552733,14288
103.689467,31.011653,14290
104.249023,30.772486,14288
103.920771,30.966248,0
104.077569,30.795046,14289
103.669793,30.42908,14288
104.08424,30.747718,0
104.149949,30.622837,14288
104.171127,30.65972,14288
104.219543,30.587636,14288
104.164965,30.549605,0
104.120069,30.522127,14059
104.322768,30.830937,14095
103.99,30.482772,3912
104.078909,30.683789,14288
104.05846,30.253348,0
103.887129,30.528655,14288
104.22937,30.854229,14288
104.05884,31.253389,0
104.047208,30.428072,14288
104.109017,30.448651,14288
103.841842,30.355525,14059
104.886966,30.171812,14288
103.792709,30.575802,14288
104.05756,30.698904,14288
104.152738,30.781679,14095
103.911611,30.798536,14288
103.57382,30.523538,14288
104.18575,30.718734,14288
103.52687,30.395347,14288
104.089925,30.832405,0
103.612506,30.652788,14288
104.988411,29.541,14288
103.489771,30.184612,14288
104.296957,30.385972,0
103.952991,30.02303,14285
103.81331,30.632669,0
103.4292,30.412371,14288
104.547505,30.722598,14290
103.674102,30.903939,14289
104.366136,30.857379,14288
104.543831,30.706615,14288
104.469227,30.848103,5242
103.922087,30.292997,14288
104.564082,30.381149,14288
103.734741,31.0172,14288
104.136582,30.665832,14288
104.367745,30.638671,14288
103.456377,30.387786,0
104.302038,30.59757,14288
104.5553,30.708723,14288
103.492982,30.752269,0
104.21475,30.583501,14289
103.960767,30.62926,0
104.454436,30.863371,14288
103.887217,30.528571,14288
104.29235,30.901971,14288
104.092265,30.524544,0
104.431619,30.958082,14288
104.364649,30.430471,14288
104.750347,29.746859,14285
104.221843,30.695819,14288
104.356973,30.734749,14288
103.696188,30.396294,14288
104.059607,30.674359,14288
104.232295,30.794359,14288
103.938229,30.616223,14290
103.908775,30.543355,14288
104.078738,30.655662,14288
104.286875,30.694567,14095
103.433284,30.397012,14289
104.051487,30.259813,14289
103.460991,30.387191,14288
104.537181,30.365787,0
104.22937,30.854229,0
103.50092,30.540769,14288
103.598433,30.985501,14288
104.391623,30.742327,14289
103.485551,30.756491,14288
103.800769,30.453581,14288
104.093348,30.581445,14288
104.145599,30.54674,14288
104.652228,31.133698,14288
104.129598,30.67151,14288
103.819898,30.465991,14288
103.818589,30.481133,14288
103.497053,30.753503,0
103.737823,30.512076,0
103.989586,30.421455,10246
104.082752,30.455926,14288
104.076252,30.797099,14184
104.68984,30.059339,14288
104.063036,30.53806,14288
103.968926,30.657124,14288
103.968064,30.586358,14288
104.085203,30.446728,0
103.526822,30.395539,0
103.695961,30.602652,14288
104.107882,30.921239,14290
103.497069,30.753605,14288
103.95811,30.662831,0
103.620128,31.492268,14288
103.993751,30.746633,0
103.892251,30.447644,0
104.315395,30.605249,14288
103.90341,30.400357,0
103.917921,30.692475,14288
103.839286,30.359507,14288
104.120445,30.398779,14288
103.562842,29.863018,14288
104.164383,30.658772,14288
104.751252,29.746209,14288
104.167221,30.706117,14288
104.09153,30.450277,0
104.427874,30.883462,14288
104.066202,31.066781,0
104.353386,30.995859,0
103.94815,30.327163,0
104.886966,30.171812,14288
104.326256,30.278575,14288
104.18579,30.71867,14290
103.791714,29.723081,14288
104.162626,30.556513,14288
104.041105,30.916526,14288
103.975696,30.197252,0
104.348676,30.644609,14288
104.169057,30.532037,14288
103.912799,30.800818,14288
103.885814,31.028211,14288
104.099333,30.467018,14290
103.873821,30.417359,14288
104.399156,30.341815,0
103.987052,30.48549,0
104.248938,30.772428,14288
104.555268,30.353578,14288
104.221414,30.638845,14059
104.259409,30.812762,14288
104.501309,30.484449,14288
103.993636,30.113218,14288
104.05146,30.43911,14288
104.473074,30.491297,0
103.97135,30.469977,14288
104.287383,30.678118,14288
104.051937,30.540711,14288
104.488599,30.462113,14288
103.973747,30.800554,1891
103.899518,30.734883,14288
104.759302,29.619432,14288
103.689465,31.023464,14288
103.81378,30.63174,14288
104.069956,30.768901,0
103.908224,30.973147,14288
103.857273,30.811748,14288
103.952991,30.02303,14288
103.917349,30.742775,14288
103.920359,30.539291,14288
104.501413,30.466313,14288
104.21814,30.648802,14288
103.937131,30.61347,7892
104.040819,30.593415,14288
103.89269,31.019994,14288
104.318251,30.272959,14288
104.12085,30.501571,14288
103.817253,30.633922,14288
104.306445,30.261697,14288
103.861202,30.8036,14288
104.138943,30.657179,14288
104.046098,30.556558,14288
103.802425,30.452584,14288
104.127454,30.82141,14288
103.624342,30.920899,14288
103.694446,30.612723,1891
104.230244,30.72903,14288
103.99512,30.786073,14290
103.939744,30.617176,14288
104.099835,31.288713,14288
104.152576,30.634375,14288
103.269187,30.151018,14288
103.908092,30.660832,14288
104.113458,30.765842,1891
103.970868,30.46966,14288
103.454756,30.388755,14288
103.969044,30.802108,14288
104.057493,30.391251,14288
104.09571,30.754412,14288
103.968572,30.981691,14288
103.547755,30.215317,14288
104.387178,30.302574,14288
103.923531,30.716933,14288
104.49492,30.328035,14288
103.96177,30.66361,14288
104.356981,30.559234,14288
103.643319,30.469908,14288
104.144719,30.805862,14288
104.055574,30.464657,14289
104.550218,29.499129,14288
103.597619,30.964222,14288
103.464802,30.452597,0
104.102337,30.688799,14290
104.492786,30.321967,14288
103.794461,30.441109,0
104.010679,30.482128,14288
103.968974,30.657039,14095
103.962012,30.731329,14288
103.954372,30.839309,14288
104.250323,30.573566,14288
104.501309,30.484449,0
103.911629,30.798797,14288
104.105468,30.587323,1920
104.315722,30.303138,14288
104.174643,30.715339,14288
104.097684,30.573319,14289
104.071078,30.675357,14288
104.439039,30.355674,14288
104.572561,31.035094,14288
103.854037,30.443168,2271
104.501109,30.473824,14288
104.133579,30.666481,14289
104.110283,30.538511,14288
104.320273,30.335358,14288
104.071057,30.836505,14288
104.099048,30.715429,14288
104.221468,30.979079,14288
104.445855,30.856292,14289
104.198298,30.582071,14184
103.72757,30.586363,14288
104.125368,30.769669,14288
103.967679,30.422856,14288
103.721128,31.102041,14288
104.595084,30.383355,14288
104.130408,30.375509,14289
104.126469,30.680837,14288
104.111492,30.533906,14288
104.203732,30.740684,14288
104.415158,30.243772,14288
103.969022,30.802005,0
104.010936,30.511317,14288
104.586064,30.734346,14288
104.494236,31.329609,14288
104.069828,30.768754,14288
104.199192,30.547831,14290
103.671363,30.332803,0
104.141581,30.376685,0
103.887585,30.586543,0
103.896834,30.403235,14288
103.998192,30.755252,14288
103.897378,30.836298,1920
103.994505,30.910107,14288
103.933357,31.114236,14290
103.833609,30.342223,14289
104.189543,30.662335,14288
104.525531,30.439014,1963
103.897186,30.666595,14288
103.688648,31.024459,14288
104.392714,30.28359,14288
104.039537,30.225971,14288
104.093195,30.798331,14288
104.043654,30.206011,14288
103.948693,30.022804,0
103.935379,30.905165,14288
104.262248,30.272358,14184
104.203603,30.609641,14288
104.157072,30.645622,0
104.169287,30.532183,14288
104.223825,30.56643,14288
104.172286,30.659339,13828
103.953545,30.660254,0
103.937819,30.619376,2776
104.243568,30.645776,14288
103.859131,30.827745,14288
103.885796,30.583807,14288
104.235358,30.647139,0
104.108043,30.420408,14288
103.647446,31.021349,14288
104.029331,30.476534,14288
104.112204,30.752848,14288
104.01325,30.560101,14288
103.67745,30.338901,14288
103.823589,30.449215,14288
104.051256,30.464511,0
103.913951,30.477029,0
103.988339,30.627482,0
103.850915,30.820511,14288
104.20353,30.726309,14288
104.072441,30.216981,14288
103.960612,31.013691,14288
104.424156,30.392666,0
103.857281,30.811698,14288
104.298169,30.390475,14288
103.947902,30.327214,14288
104.050298,30.476808,14288
104.543863,30.706681,14288
103.701404,30.602482,14288
103.938489,30.616496,14288
103.9172,30.397508,14288
104.069942,30.724131,14289
104.50103,30.473963,14288
103.886953,30.528471,14288
103.883257,30.665893,14288
103.996574,30.683002,14288
104.223069,30.795576,14288
104.394367,30.350347,14288
103.870768,31.045307,13828
103.882102,30.363402,14288
104.076153,30.374957,0
104.201309,30.742366,14288
104.237592,30.718686,0
104.42681,30.880261,0
103.965109,30.657038,14288
104.392786,30.285872,14242
103.897248,30.836155,14288
104.236161,30.647103,14288
104.194565,31.570032,14288
103.927203,30.88944,0
104.072027,30.332942,14288
104.079834,30.513422,14288
103.896231,30.666068,14288
104.33849,30.645959,14288
103.468424,30.434002,14288
104.065024,30.44721,14288
103.935171,30.905597,14288
103.912816,30.970335,14288
104.555451,30.352728,14288
104.009727,30.479961,14288
104.072672,30.242256,14288
103.958375,30.662013,14288
104.057054,31.256274,14288
104.220716,30.695405,14288
104.111082,30.57536,14288
103.554762,30.533173,14288
103.936157,30.905649,14288
102.211874,29.821129,14289
103.944299,30.458298,14288
103.888273,30.556262,14288
104.242502,30.650188,14288
104.424547,30.605777,14288
103.68524,30.406843,14285
104.559658,30.436968,0
103.876334,30.22116,14288
103.865315,30.347114,14289
104.079527,30.513227,14288
103.679463,30.903829,0
103.497359,30.571058,14288
103.926319,30.950831,2287
104.921832,29.848526,14288
104.012152,30.464122,14288
104.307667,30.845702,14288
103.674994,30.645628,14288
104.065936,30.447827,14288
104.174581,30.787142,14288
103.970606,30.650358,12518
104.167319,30.675094,14288
103.812032,30.632009,14288
104.255425,30.859589,14290
103.465663,30.446426,0
104.116397,30.583529,14288
104.262248,30.272358,14242
104.025896,30.486091,14288
103.647414,31.021365,14290
104.214495,30.651659,0
103.883299,30.665998,14288
104.202923,30.704719,14288
104.441328,30.355316,14288
104.068719,30.183877,14288
103.755412,30.349879,14288
104.213532,30.744972,14288
104.439748,30.98272,14288
103.674835,30.902547,14288
103.693828,30.402258,14290
104.56797,30.687011,0
104.615072,30.163255,14288
104.286077,30.867648,14288
103.984168,30.453877,14288
103.646887,30.296239,0
104.32033,30.712352,14289
104.132174,30.820872,14289
104.23703,30.648721,14289
104.334196,30.763607,0
104.129278,30.752819,14289
104.054725,30.426398,14288
103.972228,30.541985,14288
103.863148,30.150446,14289
103.926602,30.242459,14288
104.114622,30.416233,14242
104.485808,30.491679,14288
104.006354,30.592415,0
104.094035,30.646763,14288
103.737058,30.51092,14288
104.547489,30.722764,14288
104.217544,30.694513,14288
103.814603,30.633071,14288
104.081543,30.577874,14288
104.017039,29.139218,14288
104.119594,30.582811,0
104.113132,30.455312,14184
103.929134,30.974456,14288
104.155376,30.580267,14288
103.994598,30.524575,14288
103.985894,31.052,0
104.051268,30.268534,14288
104.115561,30.581829,14288
104.088082,30.549807,14288
103.957309,30.438169,14289
103.872043,30.788955,14288
103.999593,30.466248,14139
104.057408,30.61957,14288
103.91426,30.675665,14288
103.811176,30.803577,14288
104.603384,30.685352,0
104.006051,30.522471,14135
104.104949,30.813064,14290
104.445687,30.856421,14288
104.172955,30.48502,0
103.588218,30.268605,14288
104.497145,30.614674,14288
103.709757,30.3946,14288
103.861057,30.445076,14288
104.220863,30.638592,14288
104.084154,30.455583,14288
104.376623,30.565104,14288
103.67745,30.338901,0
103.665377,31.032653,14288
103.070575,30.016304,14288
104.203416,30.59855,14288
103.991318,30.738772,0
104.022049,30.448474,0
103.988515,30.724431,14288
103.561304,30.748734,14125
104.156989,30.708475,0
104.488838,30.46203,14290
103.909743,30.544519,14288
104.161009,30.643475,14288
104.361015,31.080664,14288
104.501421,30.47418,14288
104.106273,30.721197,14288
103.9674,30.714833,14288
104.511955,30.421661,14288
103.486141,31.112353,14288
104.32826,30.345871,14290
104.172939,30.483672,14288
103.834236,30.343131,14288
104.006519,30.592503,14288
104.177187,30.718656,14288
103.962252,30.369827,14288
103.798484,30.934838,12518
104.102439,30.688707,14288
103.986001,30.92191,14288
104.149077,30.8392,0
104.196897,30.697372,0
104.870521,29.227622,0
104.099377,30.466906,14288
104.570045,30.192038,14289
104.056016,30.847887,14288
103.997679,30.757471,14288
104.37045,30.289172,14288
104.083535,30.431298,14289
104.044218,30.447005,14288
103.860718,30.765989,14288
104.363446,30.360069,14288
104.456809,30.85691,14289
104.060585,30.388023,14288
103.923491,30.716567,0
104.201949,30.726115,14288
104.162243,30.556662,14288
103.893202,31.019809,0
103.922992,30.686473,14288
104.119954,30.772626,14289
103.799788,31.166564,14288
104.326891,30.306247,14288
103.600153,30.608714,0
104.064148,30.665511,14288
104.124415,30.568571,0
103.773483,30.599462,14288
104.213938,30.672786,14288
104.359432,30.662035,14288
104.260382,30.873124,0
104.054644,30.456683,14288
104.254104,30.858938,14289
104.503732,30.426643,0
104.009247,30.764044,14288
104.99165,29.54231,14288
104.226615,30.792734,14288
103.798429,30.604525,0
103.977665,30.688596,14288
104.027534,30.481939,14288
103.94815,30.327163,14288
104.106715,30.587178,3912
103.83496,29.991073,14288
103.623932,31.468867,14290
104.338929,30.844965,14289
103.860738,30.803616,14288
102.211858,29.821147,14288
104.214003,30.583766,14288
104.225461,30.793766,14288
104.457968,30.473765,14288
104.554764,30.352827,14288
104.178247,30.728067,14288
104.13456,30.400387,14288
104.973722,29.871216,14288
104.200581,30.683778,14184
103.899197,30.731037,0
103.973248,30.578134,2213
103.892161,30.778176,14289
103.930129,30.662553,14288
104.077175,30.230855,14289
103.890827,30.431813,14289
103.393793,30.206589,14288
102.022408,31.708585,14288
103.553042,30.530481,14288
103.459914,30.74708,14288
104.305154,30.247434,14288
104.051036,30.476637,14289
104.225136,30.793873,14290
104.013242,29.139469,14290
103.44102,30.354876,14288
104.221657,30.338461,0
104.21619,30.699662,14288
103.949217,30.515639,14288
103.661492,30.961105,14288
104.080244,30.710914,14288
104.112807,30.753236,14288
104.248111,30.706527,14288
103.893184,30.513562,14289
104.181281,30.702366,14059
104.108448,30.505477,14288
104.163501,30.515305,0
104.404679,31.330451,14288
104.477678,30.502927,14288
103.881126,30.364918,0
104.06665,30.32938,14289
104.669415,29.50392,14288
103.926683,30.924417,14289
103.977591,30.637329,14288
104.044501,30.444893,14288
104.362855,30.647036,14288
104.348021,30.529931,14288
104.164308,30.658732,14288
104.03647,30.235796,14288
103.904227,30.395828,14285
103.802204,30.455649,14289
103.938557,30.616356,0
103.935722,30.905768,0
104.065914,30.446229,14288
103.601206,30.280094,14288
103.661713,30.67457,14184
103.812554,30.571724,14288
103.642556,30.715742,14288
103.70906,30.392497,14288
104.805444,30.159274,14288
103.782711,30.711321,14288
103.561257,30.748953,14288
104.160651,30.608111,14288
104.149688,30.725305,14285
104.112651,30.752961,14288
104.35774,30.659999,0
103.935569,30.905508,14289
104.243298,30.645909,14288
103.909671,30.544032,14288
104.069589,30.768544,14288
103.966165,30.649202,2271
104.099883,30.656145,14288
104.03711,30.148366,14288
104.312789,30.272899,14289
104.183226,30.710821,14288
103.955441,30.638659,14288
103.855499,30.443725,14288
104.149401,30.622544,14288
104.106395,30.587536,2301
104.082611,30.51672,14289
104.498591,30.476031,14288
104.30668,30.845932,14288
103.810241,30.44085,14288
103.674893,30.945944,0
103.533317,30.76529,14288
103.938422,30.56212,14184
103.876321,30.50067,2287
103.100217,30.081111,14288
103.591151,30.742068,14290
104.154483,30.511038,14288
103.918632,30.691545,14288
103.875638,30.22136,14288
103.974049,30.800192,14288
103.637827,30.271791,14288
103.940609,30.614092,14288
103.619801,30.52217,14288
104.072188,30.346278,14288
103.970459,30.650223,14289
103.701648,30.602481,14288
104.508842,30.356328,0
104.318679,30.861178,2301
103.858757,30.583823,14288
104.144501,30.813327,14288
104.042256,30.20671,14288
103.945735,30.483591,0
104.255337,30.859473,0
103.900112,30.811973,14288
103.906364,30.536305,14288
103.96964,30.470291,14288
104.15884,30.708959,14288
104.096331,30.540658,14288
104.031722,30.527659,14288
104.080006,30.513211,14288
103.68367,30.895828,0
104.212973,30.650314,14288
103.861609,30.796717,14288
104.179038,30.782923,0
104.398963,30.341831,14288
104.038671,30.662375,0
104.501244,30.424469,14288
103.819646,30.565636,0
103.986564,30.452705,14288
103.902028,30.833994,0
104.970437,29.867713,14288
103.981681,31.052803,14288
104.167758,30.617479,14288
103.916354,30.677959,0
103.849261,30.775742,14290
104.034966,30.496768,0
104.00341,30.734922,14288
104.208567,30.52403,14285
103.948193,30.662782,0
104.296734,29.920844,0
103.795681,30.404982,14288
104.333893,30.644234,14288
103.948796,31.00728,14288
104.080226,30.711017,14288
104.188213,30.793367,14288
103.921021,30.686627,0
102.758882,29.967854,14288
103.884904,30.665575,14289
104.563957,30.387741,14288
103.498744,30.542438,14288
104.290768,30.586244,0
103.517413,30.57873,14289
104.071288,30.725192,14288
104.391762,30.299923,14288
103.937724,30.614122,14288
103.966681,30.429911,0
104.451187,30.857386,14288
103.883217,30.665959,14288
103.943868,30.507845,14184
104.228988,30.656616,14288
104.064263,30.77841,14288
103.463433,30.749028,14288
104.306905,30.864836,14288
103.53918,30.548563,0
103.505874,30.559288,14288
104.057547,30.792294,14288
104.561621,30.394007,14288
103.944215,31.002656,0
103.933924,30.618132,14289
104.289811,30.84806,14288
104.26967,30.620924,14289
104.09698,30.759316,14288
104.588783,30.816394,14290
103.926478,30.948967,14288
104.407197,30.345814,14288
103.914849,30.419231,14288
104.138547,30.610818,13658
103.818342,30.300558,14288
103.860142,30.464126,14288
104.225189,30.672283,14288
103.985362,30.474652,14288
104.174397,30.396297,14288
104.175187,30.788829,0
104.099709,30.41249,14288
103.867062,30.535044,0
104.116021,30.587024,14288
104.14846,30.401428,14288
104.178806,30.782748,14288
103.977026,30.40684,14289
104.174705,30.787249,14288
104.501724,30.488115,14288
103.87089,30.289588,14289
103.78889,29.63455,14288
104.069892,30.768513,14288
104.054692,30.260807,14288
104.085938,30.418696,0
103.742206,30.69446,14288
104.028703,31.32722,14184
104.093568,30.581046,14289
104.077785,30.79464,14288
104.049149,30.421476,14289
104.136872,30.372859,14289
104.072705,30.44032,14290
104.0916,30.56495,0
104.358983,30.926813,14288
104.345855,30.864866,14288
104.177288,30.718958,14285
104.195064,30.59535,0
103.892605,30.45962,14289
104.07873,30.683919,0
104.545944,29.506977,14288
104.237939,30.652908,14288
104.2213,30.638534,14289
104.055102,30.763359,14288
103.878201,30.357807,14288
104.07893,30.715966,14288
104.114078,30.783043,14288
103.498395,30.569082,14288
103.940695,30.61411,14095
103.983087,31.063979,14288
103.888636,30.384782,14288
103.849179,30.401739,14288
103.917114,30.68368,0
103.986766,30.485188,0
103.856242,30.41868,14288
103.136575,30.058303,14288
104.345905,30.828937,14289
104.151536,30.77286,7892
104.179281,30.523484,0
104.140264,30.409459,14289
104.075789,30.768656,14288
104.577189,30.112996,14288
104.173051,30.484386,14288
103.859324,30.827588,14288
104.029461,30.878243,3327
104.328502,30.276453,14288
104.439107,30.35905,0
104.286481,30.696782,14288
104.165442,30.807831,14289
103.999303,30.467843,14288
104.006749,30.516842,14288
103.909952,30.544487,14289
104.538638,30.442043,14288
104.118255,30.757044,14288
103.92252,31.038396,14288
104.312343,30.874923,14288
104.020708,29.139263,14288
103.938493,30.61634,14288
103.951713,30.752419,13828
103.661283,30.961189,14242
104.221597,30.638609,14289
104.048093,30.541539,0
104.488696,30.493389,14288
104.50568,30.506832,14288
103.891324,30.256234,12518
103.67745,30.338901,14288
103.914176,30.675524,0
104.009503,30.564167,14288
103.857273,30.811664,14288
103.817048,30.63391,14288
104.155778,30.581457,14288
104.19604,30.804162,14288
103.487424,30.424474,0
103.982058,30.46824,14288
103.880003,30.404374,14288
104.268758,30.578046,14285
104.17083,30.615435,14288
104.567741,30.707021,14289
104.234812,30.647075,14288
103.728861,30.328216,14288
103.83737,30.357421,14288
103.870901,30.711234,14288
104.18226,30.717576,14288
103.613155,30.580599,14288
103.536173,30.742644,14289
104.224225,30.566382,14288
103.68985,30.893475,14288
103.676889,30.338882,14288
103.911909,30.631031,0
104.041789,30.534215,14289
104.501931,30.473294,14288
103.969375,30.36663,0
103.896923,30.666535,14288
104.235766,30.64634,14095
104.440573,29.83014,14288
104.040805,30.6554,14288
103.828478,30.647313,14288
104.263535,30.616448,14242
104.220322,30.695474,14288
104.10734,30.608422,14095
104.187596,30.53509,0
103.972656,30.429005,14184
104.369938,30.723345,14288
104.078397,30.747075,14289
104.242472,30.650542,14288
104.036973,30.148428,14288
104.253806,30.644264,14288
104.522203,30.429889,14288
104.021336,30.404254,14288
103.71847,30.611423,14288
103.995103,30.525321,14288
103.942708,30.772869,2776
103.95017,30.542644,14288
104.081145,30.50313,14288
103.79276,30.461016,14288
103.878117,30.631917,14288
104.131101,30.961061,14288
104.071017,30.725173,14288
104.071057,30.836505,14288
104.18812,30.514568,14288
104.076448,30.454602,14242
103.982967,30.765499,14288
103.936133,30.905616,14288
103.940272,30.810101,0
103.740191,30.583967,14288
103.723135,29.103744,14288
103.661492,30.961105,14288
104.487884,31.365772,14242
103.958416,30.036677,14290
103.867078,30.534894,0
103.936669,30.924369,14288
104.242855,30.650599,14288
103.838675,30.316636,14288
103.998441,30.73094,14289
104.129214,30.752249,3327
103.887963,30.66137,14288
104.501323,30.35521,14289
103.90023,30.542451,0
104.146038,30.886013,14288
104.203317,30.725851,14288
104.182267,30.533654,14288
104.144379,30.76071,14288
103.657011,30.605215,14288
104.510414,30.353362,14288
104.10666,30.756284,0
103.971704,30.469822,0
103.876267,30.491397,14288
103.956744,30.031299,14288
103.86627,30.305213,14289
104.050691,30.76181,0
103.909605,30.883547,14288
104.502721,30.475564,14285
103.914596,30.675386,0
104.021354,29.137722,14288
103.96718,30.436944,14288
103.934682,30.628767,0
103.410011,30.76337,14288
104.114414,30.750407,14288
103.850581,30.820514,14288
104.557363,30.724562,14288
104.142952,30.82842,14288
103.863148,30.150446,14288
103.968225,30.186286,14288
104.290624,30.383028,14290
103.847763,31.028319,14289
103.797964,31.166837,14288
104.449519,30.4807,14288
104.142034,30.409336,0
104.231843,30.639869,14288
103.888549,30.556512,14288
104.280659,30.674623,13828
104.319255,30.645923,14289
104.36804,30.601641,14288
103.810242,30.715224,14288
104.32646,31.375669,14288
104.354758,30.643923,14288
104.490946,30.324164,14288
104.131257,30.67066,14288
104.150238,30.630113,14288
103.923287,30.260155,14288
104.211808,30.608729,14288
104.067422,30.329689,14288
104.339614,30.823595,14289
103.560566,30.748673,14288
104.330256,30.730899,14288
103.91647,30.41092,14288
103.916469,30.369281,14242
104.293523,30.307987,14288
104.254168,30.859057,14288
104.080034,30.511182,14289
103.714718,30.572487,14288
104.414572,30.354016,14289
104.041444,30.593354,14288
104.439139,30.980751,14288
104.071388,30.36123,0
103.850732,31.0608,14288
104.184982,30.509917,14288
104.230793,30.789446,14288
103.563264,30.639882,14288
103.967336,30.648423,0
104.291124,30.382581,14288
103.810992,30.630419,0
104.007916,30.719023,14288
104.196057,30.527675,14288
103.883307,30.665923,14288
104.092882,30.523461,14288
103.892883,30.447734,14290
103.927935,30.512543,3443
103.833948,30.465737,14289
103.71167,30.319611,14288
104.196011,30.527756,14288
103.935733,30.556374,0
104.001416,30.567537,14288
103.981774,30.409692,14289
104.526504,30.431077,3327
103.931188,30.895064,0
104.148066,30.692206,14288
103.860215,30.365913,14288
104.07325,30.801511,0
104.501724,30.488115,14288
103.812371,30.571564,14288
104.170954,30.615251,2213
104.29162,30.59304,0
104.211504,30.608579,14139
104.224855,30.793741,14289
103.805118,30.431604,0
104.052875,30.546414,14288
104.185342,30.684477,14288
103.781146,29.441312,14288
104.226156,30.52462,14288
103.84847,30.370208,14288
103.825534,30.452237,14288
104.278255,30.727595,14288
104.361988,30.602108,14288
104.079964,30.775841,14184
104.367449,30.304415,0
104.539126,31.859997,14288
104.392054,30.299115,14288
103.916381,30.369263,14288
103.985779,30.571515,14288
103.612503,30.822018,14288
104.131768,30.676014,14288
103.875393,30.484835,14288
104.109035,30.413703,14288
104.09774,30.430424,14288
103.546062,30.601734,14288
104.494094,30.41787,0
103.888966,30.471422,14288
103.696733,30.656842,14288
103.897347,30.836456,14288
103.881884,30.398158,14288
104.567377,30.371987,14288
103.527604,31.415441,14288
104.228801,30.523273,14288
104.237528,30.718802,14290
103.802114,30.455667,0
103.432991,30.37717,14288
104.243372,30.645766,14288
103.674343,31.028536,14288
103.494269,29.97573,14288
103.923333,30.593579,14288
104.79579,30.143102,14288
103.654578,30.926051,14289
104.042682,30.46582,14184
104.183202,30.710555,14288
103.697083,30.398445,14288
103.859664,30.301438,14288
103.921056,30.702948,14288
104.041805,30.464436,14288
104.072685,30.38879,14288
103.971992,30.470393,14288
104.061248,30.41544,0
104.112498,30.752896,14289
103.952381,30.427724,14288
103.935569,30.905508,14288
103.656021,30.926375,0
104.208573,30.524028,14288
103.695857,30.604002,14288
104.518381,30.623543,14288
103.998104,30.75509,0
103.498593,30.567935,0
103.833439,30.632654,14288
104.075395,30.269069,14288
103.820624,30.46177,14288
103.964593,30.478902,14285
104.003056,30.526506,0
103.840602,30.678011,14288
104.003552,30.482842,14288
104.349362,30.360466,0
104.10068,30.525746,0
103.688748,31.024683,14288
104.425145,30.699497,14288
103.833115,30.549305,14288
103.847722,30.431163,14184
104.195435,30.689139,14288
103.436936,30.617581,0
103.499348,30.569326,14289
104.118957,30.72546,14288
103.736033,30.335632,14288
104.100453,30.521209,0
103.998692,30.669627,0
104.367256,30.291832,0
103.544085,31.435898,0
103.918155,30.415087,14288
103.909853,30.476867,0
104.97439,29.869605,14289
103.888235,30.665794,14288
103.844268,30.541533,14289
103.721795,30.60379,14288
103.840602,30.678011,14288
103.861262,30.803909,14288
104.03948,30.225836,14288
103.884805,30.388504,14285
104.22143,30.638529,14288
103.663315,31.026678,14290
104.014669,31.428298,14288
103.896623,30.666226,14288
104.115361,30.752704,14288
104.085127,30.683453,14288
102.989988,30.027064,14288
104.397312,30.824171,14288
104.272631,30.826862,14288
104.505052,30.505186,14288
103.559768,30.549019,14288
104.176886,30.701528,0
104.117376,30.537834,14288
103.961797,30.20625,14288
104.212714,30.571797,14288
104.193329,30.739483,14289
104.120945,30.500569,14288
104.220865,30.681615,14288
103.702017,30.852844,14288
103.890839,30.701945,14288
104.005753,30.515704,14288
103.991037,30.739121,14288
103.827658,30.659139,14288
104.411494,30.34462,14288
103.7179,30.590498,0
104.020708,29.139263,0
104.222866,30.675176,14288
104.669543,29.503988,14288
103.997593,30.46832,14288
104.117702,30.522403,0
104.324578,30.734138,14288
103.847567,30.773669,0
104.111977,31.076026,14288
103.81691,30.798665,0
104.202654,30.725888,0
104.501046,30.482697,14288
103.889831,30.581618,14288
104.093195,30.798331,14288
103.937506,30.619445,14290
104.205884,30.740188,14288
103.06055,30.027651,14288
104.392482,30.283771,14285
103.908783,30.543253,14290
104.13846,30.610766,0
103.787582,31.007463,14289
104.24442,30.645314,14288
103.994677,30.246361,14285
103.958775,30.649164,14288
104.037007,30.147923,14288
104.372085,30.86414,14095
104.224755,30.793808,14288
104.42542,30.699039,14289
104.185173,30.684263,0
104.601637,30.876183,14288
104.175624,30.700188,14242
103.831665,30.615816,0
104.056089,30.795258,14288
103.654694,30.92604,14288
104.570691,30.349596,14289
103.861352,30.804094,14288
104.119375,30.585409,14288
104.056601,30.556086,0
104.008612,30.520334,0
104.140574,30.374618,14288
103.985198,30.492374,14288
104.371916,30.864474,14288
104.481363,30.491876,14289
103.83018,30.621257,14288
103.935614,30.905692,0
103.853299,30.764596,0
104.315675,30.605456,0
104.398539,30.340297,14288
103.99368,30.764576,14290
104.046935,30.427864,0
103.875882,30.40039,14288
103.817787,30.797373,14288
104.081352,30.498535,14288
104.213855,30.651584,14288
104.140656,30.82752,14289
103.875413,30.484941,2776
103.48647,30.40167,0
103.97016,30.98815,14288
104.232505,30.793968,14288
104.091871,30.523996,14288
104.020257,30.241174,14288
104.223818,30.566323,14288
104.539085,30.44161,14288
104.072086,30.38435,0
104.044033,30.44689,14288
104.225107,30.638575,14288
103.818006,30.634136,14288
104.475737,30.355977,14288
103.745791,30.579939,14290
104.00197,30.811748,14289
104.175259,30.787901,14288
103.7386,30.631717,14288
104.187782,30.662343,14288
104.203583,30.72604,14288
103.70428,30.708952,14135
103.654738,30.926217,0
104.09195,30.218131,14288
104.170381,30.519677,14288
104.249136,30.538024,14288
104.56536,30.371125,14288
104.395764,30.733976,14288
102.114771,29.64927,14288
104.215557,30.821201,14288
104.263077,30.875194,14288
104.473654,30.486161,14242
104.192758,31.19208,14288
104.085016,30.683361,14288
103.699816,30.523052,14288
104.282507,31.12699,14288
104.07882,30.513379,14288
104.485951,30.492513,14285
104.021005,29.139364,14059
103.856751,30.442175,14290
104.170685,30.615356,14289
103.937739,30.619005,14095
104.018077,30.442264,14288
103.621373,30.395054,14288
103.63683,30.92801,14288
104.659498,31.131409,14288
104.152016,30.516626,14288
104.959561,29.863468,14288
104.140944,30.645691,14289
104.243105,30.645766,14288
104.039875,30.582575,2871
104.125349,30.769484,0
104.02528,31.384097,14285
103.89981,30.657413,14288
104.293098,30.850416,14288
104.269438,30.352186,14288
104.530783,30.645085,14288
104.38301,31.056979,14288
103.698991,30.395647,14288
103.988693,30.459741,14288
104.329275,30.85398,14288
103.914705,30.419441,14288
104.262718,30.873767,14288
103.97214,30.738317,0
104.303527,30.253345,14288
104.133113,30.398434,14289
104.217903,30.616154,14289
104.355722,30.739566,14288
104.197356,30.787579,14288
104.671317,30.055186,14288
104.597797,30.713849,0
103.743072,30.340086,14288
104.214898,30.58342,14288
104.231198,30.793958,14288
104.048039,30.541482,0
104.543847,30.706597,0
104.203825,30.726028,14288
103.544085,31.435898,14288
103.625344,30.931768,0
104.531072,30.662725,0
104.293013,30.385684,14290
104.14473,30.411668,14288
104.108542,30.557632,0
104.489191,30.493654,14285
104.175372,30.787903,14288
103.917258,30.684072,14288
104.185822,30.71946,14289
103.877331,30.572595,14288
104.320108,30.712587,14288
104.17533,30.66446,2871
104.080064,30.512539,14288
104.536738,30.397018,0
102.212026,29.824532,14288
104.566336,30.37221,14242
104.009879,30.480442,14288
104.177118,30.71892,0
104.287735,30.683665,14288
104.093544,30.581151,2871
103.959607,30.517213,14288
104.010846,30.514699,0
104.189686,30.537277,14288
103.823415,30.450672,14289
104.262494,29.018736,14288
104.29577,30.367199,14288
104.019947,29.139839,0
104.489595,30.493772,14288
104.059165,30.380882,14288
104.504562,30.636651,14288
104.310855,31.128133,14288
104.373271,30.326489,14285
103.899643,30.657513,14289
103.796862,30.643603,14288
104.095674,30.562828,0
103.932293,30.609808,14288
103.977306,30.482015,0
103.969507,30.982006,14288
103.921515,30.9386,13828
103.755531,30.379899,0
103.628613,30.725157,3061
104.242815,30.650539,0
104.052279,30.473705,14288
104.495414,30.325969,13658
104.367914,30.652293,14289
103.959678,30.163926,14288
103.439452,30.360051,14288
103.648845,30.932309,14288
104.243187,30.645927,14288
104.676286,30.083914,0
104.615161,30.163274,0
104.203086,30.81177,14288
103.929383,30.699602,0
104.169642,30.476509,14288
103.8557,30.629412,14288
104.087429,30.57516,14289
104.241664,30.651801,14289
104.082355,30.665983,14288
103.940217,30.999074,1963
104.169627,30.527917,14288
103.945991,30.486099,14288
104.319855,30.276012,14288
103.840602,30.678011,14288
104.969754,29.867109,14288
104.238721,30.562352,14288
103.832499,30.339991,0
103.867022,30.53512,14288
104.308625,30.865288,14288
104.394407,30.350115,0
103.560698,30.748879,0
104.164631,30.658943,14290
103.696147,30.40763,14288
104.001456,30.885406,14288
104.559575,30.727977,14288
103.936868,30.769719,14288
103.677365,30.338759,14288
104.226646,30.789707,14288
103.739139,30.57558,14288
104.003261,29.125134,0
102.212026,29.824532,14288
104.111357,30.655118,14288
104.177422,30.72709,14242
104.22143,30.638479,14288
104.339764,31.126054,5242
104.053975,30.542307,14289
103.967159,30.648393,14288
103.849968,30.813292,14288
103.844818,30.680353,14288
104.046474,30.427558,14285
104.785885,29.796063,14288
103.887258,30.528583,14288
103.969542,30.366294,14288
103.814441,30.633134,0
103.792403,30.187064,14288
102.022384,31.708551,14242
103.905321,30.236995,0
104.202663,31.188831,14288
104.225878,30.793345,14288
103.872681,30.779343,14288
103.88142,31.087623,14288
104.48232,30.491653,14288
103.912668,30.824628,14288
103.819513,30.465919,14288
104.192415,30.997394,14289
103.814139,30.632955,14288
104.37694,30.991353,14288
104.334745,30.833481,0
104.245393,30.645416,14288
104.555457,30.352595,14288
104.556158,30.725684,14288
103.916444,30.678089,14288
104.144101,30.533879,14288
104.253875,30.993137,14288
103.977379,30.688545,14288
104.354715,30.289894,14288
104.259404,30.872799,0
103.956776,30.031371,14288
103.920971,30.621267,0
104.180613,30.514238,14288
103.449688,30.376241,14290
104.104991,30.587388,14288
103.951995,30.428304,14290
104.302369,30.382147,14288
104.112481,30.752898,14288
103.795188,30.446835,14288
103.786184,30.652292,14288
103.998655,30.892871,14288
104.582423,30.339635,14288
103.842893,30.576375,0
103.414813,30.756974,14288
103.907947,30.660732,14288
103.724356,30.592493,14288
104.132761,30.714407,0
103.6768,30.341048,0
104.050828,30.478319,14289
104.320146,30.843373,14288
104.790223,29.738791,14288
103.886456,30.500745,0
104.05743,30.61693,14288
104.179453,30.789068,14288
104.08577,30.384434,14288
104.050569,30.260448,0
103.926213,30.805916,14290
104.185806,30.720027,14288
104.108034,30.504021,0
104.653785,31.13295,14288
103.677292,30.338956,0
103.622816,30.61672,14288
103.957551,30.660507,14288
103.925294,30.890564,0
103.902434,30.658441,14288
104.661777,30.078452,0
104.134714,30.805971,14288
104.069629,30.768842,14288
103.993023,30.637944,14288
104.413625,30.806247,14288
104.00062,30.520243,14288
104.071176,30.486737,14288
103.835781,30.94363,14288
103.923322,30.266554,14288
104.077705,30.794656,14288
104.569437,30.371906,14288
103.713438,30.822618,14289
104.231915,30.639505,0
103.974043,30.800216,14288
104.234975,30.646465,14285
104.16555,30.642126,14290
103.55777,30.631305,14288
104.221004,30.695859,14288
104.287653,30.677827,0
104.269295,30.643781,14288
104.000321,30.427035,14288
104.17687,30.719713,14288
104.466113,30.343919,7892
104.098465,30.88526,0
104.040533,30.447619,14288
103.478278,30.428271,14288
103.994888,30.67054,14288
104.008797,30.524138,3443
103.534154,30.694808,14288
104.196259,30.527577,14288
102.758882,29.967854,14288
104.172256,30.485703,14288
103.079615,30.373044,14288
104.373168,30.887055,14288
103.912865,30.97358,14288
104.32654,30.860295,14184
103.967481,30.648115,14135
103.803332,30.186231,14288
104.083306,30.513371,14288
104.177557,30.72057,14288
103.56282,30.351969,14288
104.029261,30.522827,0
104.000231,30.520384,14290
104.307201,30.845333,0
103.833494,30.550367,14288
104.3208,30.281195,14288
104.166362,30.703349,0
104.244231,30.645506,0
104.050828,30.478319,14288
103.965259,30.942514,0
104.164966,30.594388,14285
103.812032,30.632009,14288
104.164651,30.658771,14288
104.231843,30.639869,0
104.05489,31.256704,14242
103.906735,30.397383,14288
103.770604,30.398629,5242
104.162817,30.557126,14289
104.052645,30.799882,3061
103.952428,30.795748,0
104.328785,30.844456,14288
104.032853,30.857647,14288
104.220516,30.588925,0
104.109657,30.562382,14289
103.681401,30.849532,14288
104.203275,30.726182,14288
103.882406,30.363352,14288
103.870346,31.040184,14288
103.795146,29.435384,0
103.913181,30.721879,14288
104.564881,30.371064,14288
104.512438,30.35973,0
103.812519,30.631808,14288
103.701464,30.602584,14135
104.294416,30.382533,14288
104.417679,30.918708,14288
104.543879,30.706597,14288
104.449782,30.4807,0
103.275961,29.593218,14288
103.505958,30.559273,14288
104.085564,30.51567,14288
103.990941,30.739187,14288
104.017528,30.448767,14288
103.8125,30.571753,0
103.942598,30.470074,0
103.942068,30.712228,0
104.191616,30.790356,14288
104.077633,30.794708,0
104.211546,30.675223,14288
104.075848,30.769506,14288
103.797193,30.643843,14288
103.952116,30.427872,14242
103.959762,30.517631,14288
103.936571,30.614066,14288
104.303718,30.253896,14288
104.346506,30.66336,14289
103.888021,30.661322,14288
104.228435,31.044655,14184
104.115766,30.583666,14288
104.093589,30.659181,14288
104.5553,30.708723,14288
103.987886,30.758554,0
103.970384,30.650014,0
104.039553,30.225679,14288
102.633101,31.862261,14288
103.90504,30.976024,14288
104.884785,29.758369,14288
103.891798,30.432789,14288
104.201108,30.733849,14288
104.050472,30.454297,14288
103.558631,30.422119,14288
103.724959,30.396401,14288
104.271252,30.625279,14289
103.772008,30.345832,14288
104.025805,30.560772,13828
104.017586,30.479833,14288
104.1529,30.72587,14289
103.922701,30.716892,14288
103.932545,30.810209,14290
104.241525,30.783916,14288
103.677965,31.030024,14288
103.889213,30.428282,14288
104.537548,30.365836,14289
104.175735,30.78853,14095
103.879523,30.027706,14288
104.125389,30.76968,0
104.758197,30.629048,14288
104.175468,30.787991,14095
104.008841,30.590564,14288
103.612464,30.820502,14289
103.619243,30.978155,14288
104.208515,30.524049,14288
103.137346,30.100874,14288
103.958961,30.649633,14135
104.197899,31.115102,14288
104.106288,30.464033,14288
103.880262,30.60424,14288
103.688729,31.024538,14288
103.852402,30.650695,14288
104.161093,30.697397,14184
104.100558,30.666675,14288
104.316318,30.605337,14288
104.008783,30.59067,0
103.494676,30.175863,0
104.098337,30.541496,14288
104.36787,30.651755,14289
104.243002,30.645809,14095
104.357179,30.841472,14184
104.874539,30.641586,14288
104.838273,29.757874,14288
103.804461,30.455413,5242
103.967056,30.648342,14288
104.10382,30.512949,0
103.918555,30.936954,14288
103.916988,30.677897,0
104.610189,31.298474,0
104.037278,30.329024,14288
103.601501,31.064612,0
104.886301,29.756982,14289
104.095831,30.540822,14288
104.070642,30.330021,14288
104.02057,29.138541,14288
104.378099,30.455641,14289
103.526272,30.393907,14285
103.812724,30.906783,14285
103.661366,30.961243,0
104.235494,30.64657,14288
104.247304,30.554976,14288
103.95068,30.017925,14288
103.611285,30.4809,14289
104.274929,30.857697,14288
103.941609,30.937425,14288
103.991037,30.739121,14288
104.052231,30.473954,14290
103.904136,30.683085,13658
103.998615,30.248845,14288
103.886312,30.479837,0
104.106684,30.544437,0
104.172636,30.484493,14288
104.320521,30.277966,14288
104.235358,30.647071,14288
103.970333,30.650048,14288
103.897267,30.836371,0
104.161701,30.599629,0
104.470072,30.505101,0
103.608563,30.888813,14288
104.174678,30.787242,14288
104.615112,30.163391,14288
103.811284,30.794109,14288
103.997782,30.467875,14289
104.072164,30.413294,14288
104.358606,30.659849,14288
104.340833,30.844929,14288
104.007816,30.554837,0
104.323271,30.644687,14288
104.177811,30.725569,14095
104.253116,30.773876,14288
104.226609,30.792634,14288
104.490811,30.324215,14288
104.482418,30.351909,0
103.873146,30.779159,3203
103.659408,30.926032,3327
104.163754,30.718733,14288
104.236149,30.646404,14289
104.269003,31.015335,14288
104.323481,30.645094,14288
103.654594,30.926107,14288
103.891109,30.683795,0
104.098836,30.412379,14288
103.618033,30.343108,14288
104.374302,30.293685,14288
104.106411,30.721945,14288
103.924174,30.799991,14288
104.152209,30.772572,14288
104.308786,30.865297,14288
104.221949,30.695839,14288
104.799512,30.152166,14285
104.108012,30.503649,14288
103.720927,31.102103,14288
104.114353,30.750231,14288
104.166113,30.712374,14288
103.974082,30.736756,14289
103.903903,30.915385,14288
104.388002,30.746609,14288
104.070501,30.416194,0
104.053926,30.633797,14290
104.557434,30.724547,14288
104.243458,30.650641,14288
104.060065,30.415644,14288
103.9721,30.57443,0
104.134222,30.734114,0
104.800922,29.728511,14288
104.496688,30.614307,14288
104.042676,30.448415,14290
103.861859,30.804278,14288
104.050988,30.476868,14288
104.061171,30.432345,14288
104.071068,30.725392,14288
103.958928,30.649509,14288
104.389968,30.298056,14288
104.021744,30.809049,14289
103.678005,31.029927,3576
104.000419,30.528215,14288
103.866723,30.872978,14288
104.55493,30.353705,0
103.932358,30.609735,14288
104.106607,30.592043,0
104.09919,30.753921,14288
104.077801,30.794608,14288
104.162003,30.556613,0
103.965845,30.636629,0
103.589606,29.718876,14288
104.044049,30.445557,0
103.669319,30.897295,14135
103.892935,30.513939,14288
104.199871,31.632024,14288
104.362249,31.067725,14288
104.041033,30.466205,14288
104.079141,30.513182,14288
103.859341,30.827759,14288
104.063497,30.438053,14289
103.902076,30.83403,14285
104.314769,30.605497,0
104.215583,30.821101,14288
103.970384,30.650014,0
103.953606,30.488137,14289
103.70175,30.60254,14288
104.16687,30.636724,14288
104.108737,30.558347,14242
104.090043,30.517423,14288
104.077183,30.374572,14288
103.877402,30.562441,3203
104.234958,30.64582,0
104.348509,30.664083,14288
103.883162,30.41138,14288
104.498629,30.428172,14285
104.315436,30.605105,14288
104.279072,29.936911,14288
104.040694,30.532698,14288
103.929285,31.082149,14289
103.929626,30.524495,14288
104.039493,30.856889,14290
104.533512,30.663546,14288
104.222,30.696454,14288
103.933796,30.782377,14288
104.103299,30.420307,14288
104.509401,30.353881,14288
104.063957,30.176825,14288
103.936128,30.905688,14288
102.836819,29.775833,14288
103.896333,30.666061,14288
103.812247,30.631991,14288
103.49718,30.547232,14288
104.046434,30.427922,14289
103.553967,30.53874,14288
104.393231,30.287439,14288
104.218352,30.65518,0
104.112656,30.479453,14288
103.870995,30.777148,14285
103.506648,30.566788,14288
103.936425,30.614202,14288
103.954961,30.569586,0
103.912396,30.630937,14288
104.215059,30.582782,14288
103.872817,30.779325,14285
104.044399,30.789093,14288
103.835187,30.924486,0
103.969484,30.981899,14288
103.937232,30.613505,0
103.904671,30.974365,14285
104.072564,30.385121,14288
104.449829,30.461294,14288
104.221408,30.638949,14288
104.067652,30.662717,14288
103.988654,30.214355,14288
104.019403,30.534871,14288
104.022297,30.619442,14288
104.595496,31.767986,14288
104.15202,30.543934,14242
104.149965,30.659116,14288
104.044933,30.941216,14288
103.951854,30.544162,0
104.018186,30.228615,14288
103.588555,30.773228,14288
104.146488,30.708187,3327
104.164965,30.549605,14288
103.862973,30.556223,14288
103.917114,30.68368,0
103.870574,30.702204,14289
103.721391,30.606062,14288
103.9134,30.896406,14285
103.704079,30.709132,0
104.162574,30.556461,14288
104.345075,30.813954,14288
103.794453,30.441075,14288
104.537322,30.365782,14288
104.064325,30.432632,14288
104.11286,30.458221,14288
104.877724,30.165669,14288
103.967386,30.648289,14288
104.13897,30.412079,14288
104.203649,30.725951,14288
103.995825,30.612979,14289
103.523274,30.20726,14288
104.742658,31.572849,0
103.862962,30.5565,14288
104.512955,30.420195,14288
103.846226,30.454497,14288
104.121358,30.539728,0
104.071509,30.689329,14288
103.937427,30.61502,14288
104.447333,30.877556,0
104.23459,30.645971,14288
104.109126,30.506835,14133
102.625456,31.854222,14288
103.667397,30.915912,14288
104.326024,30.278108,14288
103.499237,30.569504,14288
103.904359,30.369943,14288
103.804406,30.455579,0
103.276177,29.592718,14288
103.763935,30.043757,14288
104.062877,30.438058,14288
103.819266,30.491027,0
104.080017,30.51291,14288
104.321195,30.283818,14288
103.991157,30.915129,14285
104.292981,30.386098,14288
104.41125,30.344249,14133
103.946885,30.635984,14288
104.390157,30.28329,14288
104.309134,30.865095,0
103.88285,30.670561,14288
104.278679,30.642044,14288
103.972333,30.46991,14288
103.510793,30.296674,0
104.573338,30.891708,14288
104.378349,30.282963,14289
104.110983,30.510297,14288
103.964021,30.615139,14288
103.964524,30.478297,14288
104.539912,31.382851,14288
103.887489,30.528687,14288
104.491157,30.460177,14288
104.111119,30.573254,0
104.374807,31.037378,14289
103.986227,30.723755,14288
104.224722,30.79368,0
103.970795,30.65004,14288
104.36149,30.434862,0
104.476487,30.356023,14290
104.080072,30.512527,14288
104.160673,30.643247,0
103.952734,30.438891,0
104.190913,30.789653,14288
104.084213,30.51563,3398
104.610791,30.348423,14290
103.81315,30.632757,14139
104.30862,30.29606,14288
103.909023,30.543053,14289
104.495955,30.471411,14288
104.392714,30.283638,14288
103.883049,30.665927,14285
103.970394,30.650321,14288
104.006672,30.592353,14288
103.714587,30.343757,14288
104.100452,30.525807,14290
104.116504,30.888141,14288
104.172286,30.659339,0
104.581516,30.112492,14289
104.054263,30.466447,14289
104.06982,30.768518,14290
104.383189,30.287766,14288
103.701357,30.602629,14095
104.324329,30.936434,14288
104.085432,30.571429,14288
103.963072,30.93239,14289
103.488563,31.248894,14095
103.617436,30.978186,14289
103.504311,30.573536,14288
103.88737,30.593045,14288
104.12165,30.522958,14288
104.45373,30.854373,0
103.780726,29.443818,14289
103.877203,30.491112,14288
103.951323,30.637255,3398
104.538452,30.582075,14288
104.750678,30.629448,0
104.567765,30.706977,14288
104.028391,30.194247,14288
104.990541,29.541889,14290
104.069681,30.76839,0
103.541794,31.420984,14288
103.30749,31.095178,0
104.049841,30.476755,14288
103.969552,30.954726,14288
104.091971,30.523839,14288
103.912772,30.527143,14288
104.150112,30.61631,14288
104.39165,30.304056,0
103.890005,30.478767,3443
103.800725,30.453738,14288
104.439127,30.358858,14288
103.96749,30.585893,0
104.474574,30.347284,14288
104.024706,30.448512,0
103.929474,30.786121,14288
103.768198,30.471409,14288
104.354525,30.288834,14288
103.894954,30.777395,14288
104.07201,30.323697,0
103.844818,30.680353,14288
104.072001,30.376936,14288
104.210401,30.675905,14288
103.876513,30.500918,14288
103.954933,30.492056,14288
103.97374,30.622002,14288
104.077887,30.38524,4471
104.318912,30.273955,14288
104.043741,31.280057,14288
104.1444,30.533735,14288
104.594066,31.770368,14288
102.729129,29.986671,14288
104.024441,30.450762,0
103.978099,30.687858,14135
104.579246,30.866406,14288
103.908967,30.542136,14288
104.326289,30.279243,0
103.902026,30.834347,14289
104.042009,30.463687,14288
104.079003,30.513047,0
104.013977,30.617834,14288
104.356957,30.549962,14289
103.810843,30.630493,14288
104.021135,30.672307,14288
104.147835,30.709131,14288
103.813022,30.964317,14288
104.056264,30.433153,14288
104.238215,30.639027,14288
104.071509,30.689329,14288
103.583914,30.376729,14133
104.070494,30.491705,14288
103.953805,30.662307,0
103.687698,30.837399,14289
104.135087,30.522101,14288
104.141125,30.392114,14288
104.005188,30.577587,14288
103.851493,30.437463,14288
104.046087,30.560064,14288
104.554806,30.742278,14285
104.098964,30.712476,14288
104.348896,31.049729,14288
103.895081,30.747934,14288
103.962657,30.932908,14288
103.468357,30.430662,0
104.169903,30.780213,14288
104.379225,30.292101,14288
103.797768,30.645838,14288
103.893385,30.513517,14288
104.562957,30.067449,14288
104.233006,30.789159,14288
103.718355,30.612032,14288
104.182611,30.700067,14288
103.964712,30.636851,14289
104.244604,30.646032,14288
104.327309,30.307764,14288
104.372205,30.864421,0
104.137303,30.668442,14288
104.244092,30.651413,14288
103.907947,30.660732,14288
104.369938,30.723247,14288
104.082793,30.455541,0
104.226609,30.792634,14288
103.516571,30.578919,0
104.27486,30.633783,14288
104.111038,30.568761,14288
104.134563,30.441565,14288
104.05296,30.455899,14288
104.208992,30.89817,0
104.147786,30.717995,14288
104.235853,30.64662,14288
103.940641,30.614245,0
104.186319,30.761508,14288
104.238071,30.653033,14288
103.696891,30.398678,14288
103.661351,30.961068,0
103.841858,30.740485,14288
104.001268,30.597275,14288
103.954886,30.492148,0
104.010947,30.741518,14288
104.762549,29.714047,14288
104.547082,30.37273,14288
104.237421,30.653056,14288
103.892051,30.778512,14288
103.834775,30.343871,14288
104.061717,30.443297,0
104.065096,30.179521,14288
103.99008,30.482572,14288
104.247446,29.016399,14288
103.998641,30.757593,0
103.883224,30.666116,0
104.185791,30.542102,14288
103.887033,30.528469,14288
103.977377,30.447088,14288
103.923068,30.71673,14288
103.749355,30.530349,14288
104.034887,30.796491,14288
104.297696,30.520467,14289
103.902313,30.827015,14288
104.023732,30.523675,14288
103.966844,30.435851,14288
104.1019,30.498253,0
103.999884,30.67598,14133
103.905088,30.67613,14288
104.462386,31.234167,0
103.903518,30.554758,14288
104.171902,30.862272,14288
104.16833,30.741692,0
103.916813,30.683994,14288
104.111266,30.573342,14288
103.594351,31.013161,14288
104.285904,30.646117,14289
103.714414,30.57422,14288
104.253445,30.609368,14242
103.642109,31.013363,14288
104.423902,30.699289,14288
104.505052,30.505186,14288
104.074806,30.736882,14288
104.061367,30.381244,14288
104.183202,30.710689,0
103.837753,30.357014,14288
104.356406,31.122081,14288
103.667403,30.915784,14288
103.970916,30.650305,3576
104.318516,30.275278,14288
104.001201,30.520112,14289
104.389776,30.302687,14288
104.200774,30.702376,14288
103.965755,30.437107,14288
103.56076,30.748874,14289
104.110131,30.415691,14288
103.661307,30.979567,14288
103.818984,30.855035,14288
104.670296,30.087738,14288
103.80863,30.459325,0
104.331494,30.644429,14288
103.186236,30.135073,13658
103.977615,30.447341,0
103.454452,30.748951,14288
103.926543,30.513411,14288
102.114771,29.64927,0
103.478182,30.361158,14288
103.883701,30.665965,14288
104.309431,30.319566,14289
104.268054,30.823481,14288
104.247019,30.708971,14288
103.9454,31.001884,3327
103.756292,30.721062,14288
104.136636,30.528884,14288
104.396631,30.311932,14288
103.913181,30.721879,14288
103.98472,30.218996,4471
103.89891,30.773046,14288
103.811041,30.439187,14288
104.024446,30.557743,14288
104.292991,30.589222,14288
103.815871,30.278025,0
104.025053,30.593583,14288
104.076173,30.456048,14288
103.102103,30.076054,14288
103.9454,31.001884,14288
104.209439,30.606457,14289
103.70883,30.453559,14288
103.955862,30.431965,0
103.936931,30.767132,0
104.001792,30.747894,14288
104.416952,30.945074,14288
104.223592,30.885218,14288
103.85532,30.320178,0
104.493953,31.329424,14288
104.084569,30.456044,14288
103.73188,31.018961,0
104.213222,30.768764,14288
104.450419,30.475858,14288
103.99368,30.764576,14288
104.212095,30.60916,0
104.165384,30.642174,14288
103.681192,31.041583,14288
104.383093,30.287868,0
104.117663,30.417467,0
104.074936,30.32095,14288
104.311668,30.298902,14288
104.803646,30.152815,3443
104.355741,30.738745,14288
104.343848,30.827075,14288
104.035154,30.298108,14288
104.370437,30.434541,14288
103.819731,30.655635,14288
103.849357,30.431173,14288
104.185878,30.545139,14289
104.114413,30.579579,14288
104.199093,30.510714,14288
104.398179,30.303809,14288
104.140263,30.373601,14288
104.076532,30.375654,14288
104.453489,30.491213,14288
103.997068,30.426886,14288
104.090616,30.641044,14288
104.662939,31.09121,14288
104.037907,30.659077,14288
104.173585,30.63484,14288
104.83932,29.759701,14288
103.737578,30.512255,0
104.062063,30.178876,14288
103.823685,30.422634,14288
104.080603,30.81692,14288
103.878653,30.364467,14288
104.098671,30.885144,14133
104.196656,30.823991,14289
104.052664,30.465385,0
104.234606,30.646121,14288
103.912784,30.974516,14288
104.223943,30.88537,14242
103.915901,30.858746,14290
103.919704,30.878674,14288
104.112222,30.752815,14288
104.858367,29.7428,0
103.956072,30.654054,14288
103.810866,30.439783,14289
104.213857,30.651681,14288
104.040984,30.65367,14095
104.026857,30.514967,14288
104.417775,30.925637,14289
104.346959,29.745395,14288
103.991059,30.43776,14288
104.17799,30.719105,14288
104.388246,31.062781,14288
104.202778,30.725921,14289
103.992057,30.749345,14290
104.564565,30.370852,14289
104.870593,29.227006,14288
104.24897,30.772353,0
103.678027,31.029802,14289
103.942056,30.333176,14288
103.918992,30.602831,14288
104.118499,30.75725,14288
102.211858,29.821147,14095
103.918391,30.872433,14288
104.186936,30.544581,14289
104.112444,30.753103,14288
104.189565,30.797102,14288
103.833434,30.550497,14288
104.278695,31.645175,14288
102.239005,29.756716,14288
104.21384,30.651791,14288
103.99989,30.466793,14288
103.902465,30.826499,0
104.115749,30.583429,14288
104.176524,30.699191,14288
103.920865,30.54088,14288
104.147884,30.660574,14288
104.097171,30.381913,14288
103.796862,30.643603,0
104.072342,30.200882,14285
103.952389,30.428044,0
104.312546,30.289535,14288
103.713621,30.525964,14288
104.020612,30.506532,14288
103.940048,30.61641,14289
104.386261,30.487654,14288
104.063737,30.442784,14288
104.05373,30.443785,0
104.002733,30.12713,14288
104.225136,30.793873,14135
103.982152,31.431599,14288
103.861322,30.803721,14288
103.962136,30.640923,14288
104.550651,30.712634,14289
103.997159,30.46885,14288
104.448026,30.857135,14289
104.086337,30.456659,14288
104.164495,30.395149,14289
104.135649,30.805836,14288
103.701694,30.602313,14288
104.080044,30.511038,14288
104.198298,30.581889,14288
103.960481,30.663848,14288
104.160715,30.482834,14288
104.076248,30.780114,14289
104.227355,30.858199,0
103.86294,30.150109,14288
104.081965,30.489283,14288
104.096482,30.573836,14288
103.83895,30.316194,14288
104.024499,30.480727,14289
103.937652,30.618905,0
103.787789,30.670523,14288
103.440778,30.354758,14288
103.655515,30.683538,14288
104.071057,30.725245,14288
103.843596,30.673468,14288
104.074464,30.801261,14288
103.877134,30.562633,14288
104.476991,30.355367,14288
103.916587,30.805832,14288
103.957314,30.663721,0
104.084986,30.461246,14288
104.306937,30.864733,0
103.823839,30.585221,14288
104.072846,30.695806,3952
103.81527,30.633417,0
103.894392,30.670061,14288
104.218934,30.760689,14288
103.981371,30.78496,14059
104.289082,30.306215,14288
103.875186,30.484785,14288
103.874289,30.486287,14288
103.986227,30.723755,14289
104.003467,30.734901,14288
104.206029,30.615864,14288
104.029074,30.707509,0
104.505411,30.506691,14289
103.674826,30.645159,14288
103.97654,30.57914,14288
104.251801,30.780776,14139
103.79843,31.166968,0
104.292866,30.85043,14288
103.639164,30.970114,14288
104.108256,30.556805,14288
104.110113,30.458386,14288
103.967369,30.648429,14288
103.729009,30.327978,14288
103.962433,30.626391,14288
104.218801,30.650787,14288
103.797815,31.166685,14290
104.102501,30.458968,14288
104.149616,30.622796,14288
103.816651,30.35158,14288
103.954426,30.797755,14288
103.86294,30.150109,14288
104.092871,30.582841,14288
103.933154,31.010915,14288
104.212474,30.609649,14288
104.373888,31.036009,14288
103.674027,30.903982,14288
104.121041,30.501055,0
104.198242,30.582071,0
104.057361,30.421509,0
103.953023,31.015443,14288
104.582478,30.339705,14288
104.3266,30.860024,0
103.841519,30.465398,14288
103.948356,30.013826,14288
104.298716,30.992203,14288
104.210825,30.608092,14288
103.933425,30.746976,14288
104.06951,30.717323,14288
104.550355,30.712569,14288
104.210401,30.675905,14288
103.585277,30.266964,14288
104.578554,31.282326,14290
103.902311,30.834455,14288
104.037007,30.147923,14288
103.920515,30.634411,14288
103.471357,31.278273,14288
103.914782,30.711696,0
104.298757,30.992137,14135
104.540466,30.644428,14288
104.016339,29.139261,14288
104.118667,30.757022,14288
104.155952,30.580699,0
104.00403,30.698311,14288
103.970538,30.650214,14288
104.251206,30.526476,0
104.163976,30.658153,14288
104.164645,30.658728,0
104.001589,30.58237,14288
104.223853,30.566551,14288
103.760831,30.598727,14288
103.948561,30.757922,14290
104.158872,30.67196,14288
104.10073,30.749763,14285
104.112414,30.513132,14288
104.019202,30.978435,14290
103.942759,30.556862,14289
104.351268,30.843017,14290
103.601509,31.064662,14289
104.578062,30.135345,0
104.137202,30.711285,14289
103.977803,30.641319,14288
104.104342,30.513494,14288
104.067175,30.432301,14290
104.08539,30.749369,14288
104.485678,30.447302,14288
104.112723,30.753315,14289
104.343866,30.826988,14288
104.059576,30.453636,14290
104.142797,30.708684,14288
103.945249,30.555488,14288
104.001435,30.789739,14288
104.15216,30.772372,14288
104.800922,29.728511,14288
103.935386,30.905626,14288
103.414188,30.760391,14288
103.996002,30.670293,14288
104.278241,30.641112,0
103.819064,30.803521,0
103.851407,30.649506,14288
104.053719,30.44419,14288
103.908869,30.542277,14288
104.354185,30.435652,14288
104.177861,30.718978,0
104.268864,30.644009,14288
104.161159,30.60068,0
104.50197,30.313021,14288
103.9941,30.746347,14289
104.290473,30.587927,0
104.017746,29.139205,14288
103.781862,30.675548,14288
104.098731,30.459904,14288
104.463381,30.490486,14289
104.124861,30.598734,14288
103.892877,30.51403,14289
103.616523,30.978311,14288
103.789673,29.6361,14288
104.230515,30.793972,14289
104.081732,30.457995,14288
104.151022,30.773111,14288
104.165338,30.658781,14288
104.134873,30.626324,14288
103.983523,30.572361,14288
104.237415,30.512804,4604
104.069253,30.767532,14288
104.115822,30.585189,14288
103.949,30.515456,14288
103.322764,30.333496,0
103.817317,30.908035,14288
104.513525,30.513168,0
103.90425,30.838024,14288
104.491441,30.325429,14288
103.998283,30.467539,14288
104.354201,30.43575,14288
103.950364,30.541925,14288
104.0186,30.887934,14288
104.243372,30.645766,14288
104.093148,30.581154,14288
104.0065,30.592356,14288
104.050893,30.749947,14288
104.415615,30.992732,14288
104.237378,30.653148,14288
103.452061,30.47478,14288
103.974349,30.468754,14288
104.053018,30.467497,14288
104.249986,30.207199,14288
104.115957,30.608569,14288
104.400792,31.064602,14288
104.185743,30.716485,14289
103.54603,30.6018,14288
104.3267,30.860361,14288
104.006407,30.592323,14289
104.320764,30.849512,14288
104.042417,30.575792,14288
104.471134,30.342056,14289
103.937291,30.613619,14288
104.237706,30.653306,0
104.265257,30.618311,14288
103.922611,30.561653,14288
104.225996,30.79316,14288
104.063476,30.1675,14288
103.902274,30.658397,3912
103.812401,30.571557,14288
103.701448,30.602574,14289
103.79091,30.982476,14288
103.974805,30.497454,14288
103.819342,30.655463,14288
103.585424,30.266883,0
103.921254,30.686844,14288
104.194733,30.681697,14285
104.177723,30.71902,0
104.366794,30.291946,0
104.112554,30.45784,14289
103.818171,30.634154,14289
103.916774,30.987367,14288
103.878647,30.398367,14288
103.919092,30.875697,14288
104.555044,30.353679,3443
104.299607,30.620645,14288
103.671452,30.364778,14288
104.157833,30.69213,14288
104.539078,31.859131,0
104.465419,30.866535,14290
103.970378,30.650155,14288
104.073063,30.471112,0
103.905965,30.397169,0
104.091809,30.450079,14288
104.110857,30.654421,14288
103.948458,30.022886,0
103.917237,30.683864,14288
103.899796,30.687011,0
103.89769,30.677178,14288
103.701451,30.602575,14242
103.868212,30.630225,14288
104.112807,30.753226,0
104.081453,30.563266,14289
103.677365,30.338759,14288
104.074417,30.711462,14288
103.960583,30.706234,14288
104.111287,30.571192,14285
104.220269,30.695496,14288
104.017043,30.561225,3952
103.9646,30.636863,14288
103.810714,30.630813,0
103.819409,30.919161,14242
104.095433,30.586692,14288
103.76852,30.425762,14184
104.195306,30.699008,3912
104.223421,30.710445,14288
104.009485,30.451813,0
103.837139,29.975569,14288
104.329259,30.854012,14288
104.177175,30.718634,14288
104.238026,30.653058,14290
104.375907,31.039656,14285
102.961875,30.187716,14289
103.661283,30.961337,14288
104.166987,30.637164,14288
104.135649,30.805836,14288
103.885253,30.677867,0
104.321832,30.307092,14288
104.034066,30.65129,0
104.137503,30.410135,14288
104.051641,30.541067,14289
104.500949,30.615865,14184
103.686941,30.62913,0
104.194997,31.570634,14288
103.891514,30.409936,14288
103.841554,30.465206,14288
104.186493,30.507078,14289
104.392275,30.299093,4471
103.129504,30.094,0
104.069944,30.330423,0
103.436936,30.617581,14290
104.379458,31.079082,14288
103.701606,30.602609,14288
104.220711,30.63928,14289
104.224257,30.566564,0
104.563069,30.717904,14288
104.235334,30.64667,14288
103.884889,30.388665,14095
103.820097,30.646907,0
103.662563,30.390616,14288
104.051921,30.541061,0
103.712199,30.322691,14289
103.815585,30.645705,0
104.32667,30.896295,14288
104.24006,30.598119,14288
103.998403,30.893488,14288
103.888759,30.556896,14288
103.93431,30.672839,14288
104.06068,30.387734,0
104.093516,30.581554,14288
103.638699,30.48051,14288
104.003467,30.734901,14288
103.660947,30.961474,14288
104.11659,30.464927,14290
104.134072,30.945727,14288
104.804037,30.152477,14288
104.23491,30.646271,14288
104.138056,30.647661,14288
104.198943,30.510224,3912
104.177465,30.718712,14288
104.505598,30.501012,14290
103.700769,30.932898,14288
103.627395,30.920716,14288
103.743287,30.335702,14288
103.889672,30.55567,14288
104.081549,30.50906,14288
104.115377,30.418239,14288
104.227602,30.792431,14288
104.017114,30.845935,14288
103.88217,30.665073,0
104.259545,30.093162,14288
104.034236,30.493643,14288
104.099068,30.460069,0
104.330933,30.644501,14288
104.326036,30.896228,14288
104.25921,30.529965,14288
103.892683,30.447546,0
104.107209,30.740657,13658
103.996988,30.762717,14288
104.07156,30.688489,14288
104.070651,30.726705,3912
104.234345,30.182917,14288
104.235952,30.646744,14288
103.890626,30.478723,0
104.660485,31.131061,0
103.912637,30.978111,14288
104.249986,30.581455,14288
103.82583,30.451522,14288
104.071959,30.313651,14288
104.215261,30.820758,14288
103.812864,30.632521,14095
102.202583,29.683971,14288
104.035893,30.752092,14288
104.176338,30.778518,14095
103.908093,30.970723,0
103.688443,30.525813,14288
103.496945,30.547271,14288
104.143171,30.581057,14288
103.679167,29.777641,14289
104.234558,30.646405,14288
104.801319,30.152917,14289
104.242702,30.650762,14289
104.112416,30.753031,14288
104.19167,30.593081,14288
104.21594,30.821859,14288
104.453854,30.352105,0
104.101707,30.594457,14288
104.189494,30.693535,0
103.955047,30.72555,14288
104.014823,29.138627,14242
104.536826,30.367155,14288
103.836427,30.524024,14288
103.809724,30.63066,14288
104.411999,30.621093,0
104.296782,30.235904,14290
104.161036,30.891143,14288
104.226104,30.791586,14288
104.196434,30.697507,14289
103.9941,30.746347,14184
104.025448,29.137494,0
104.144687,30.805854,0
103.65468,30.665119,14288
103.717701,30.609144,14288
104.064617,30.784926,14289
103.509589,30.562441,14288
104.21455,30.583376,14242
103.983087,31.063979,14288
103.701697,30.602744,14288
103.575724,30.261921,14288
104.051517,30.465063,14289
104.185902,30.719994,14288
103.687704,30.872657,14288
104.140739,30.827425,0
103.508072,29.492787,0
104.374678,31.036185,14288
104.03711,30.148366,0
103.551855,30.543898,14288
103.912625,30.824701,14242
103.854595,30.330667,14288
104.394407,30.350115,14288
103.45232,30.37434,14288
104.064848,30.633171,14288
103.925945,31.087941,14288
104.224168,30.675158,14242
104.004461,30.52189,14288
104.098381,30.460096,14288
103.739139,30.57558,14288
104.335403,30.328881,14288
102.996836,30.336897,14288
104.242972,30.645498,14288
103.48435,30.600373,14288
103.950999,30.662218,14288
104.161292,30.890908,14288
104.099421,30.466886,14289
103.870304,30.702662,14288
103.687558,30.87212,14288
104.289811,30.84806,14288
104.072711,30.372063,14288
103.348391,30.419092,14288
103.646801,30.934696,14289
104.147058,30.777592,14288
103.94815,30.327163,14288
104.446294,30.351029,14288
104.097123,30.450086,14288
103.505958,30.559273,14288
104.283282,30.581034,14288
104.292599,30.594536,14288
103.93492,30.908638,4590
104.003771,30.606558,14288
104.489111,30.49397,14288
104.234958,30.64582,14288
103.771468,30.635881,14059
104.06944,30.33022,14288
104.101644,30.688053,14289
104.45035,30.475795,14290
104.066428,30.451047,14184
104.168426,30.38792,14288
104.174694,30.796915,14285
104.112382,30.825354,14288
104.408899,30.70086,14290
104.526193,30.431178,14288
104.116119,30.75624,0
104.341209,30.825185,0
104.574961,30.70339,14288
103.968572,30.981691,14288
104.20325,30.726012,14288
104.080617,30.710973,14288
104.011165,30.510623,14288
104.196316,30.527489,14288
104.22624,30.791606,0
103.621902,30.24807,0
103.94356,30.507628,14288
104.447186,30.462416,14288
104.254919,30.859331,14288
104.298696,30.646127,14288
104.023579,30.560557,14288
104.088871,30.237735,14288
104.019165,30.228349,14288
103.896776,30.408269,14288
103.126544,30.06894,14288
103.898535,30.821352,14288
103.976527,30.688393,0
104.560404,30.721017,0
104.93877,29.017707,14288
104.078176,30.684119,14288
104.061974,30.647375,0
103.796862,30.643603,14288
104.084453,30.789271,14285
103.835789,30.346253,0
104.564348,30.387897,14288
103.988279,30.627562,14288
104.419307,30.611853,14288
103.866397,30.870247,14288
104.37045,30.289172,14184
104.21168,30.608867,4590
103.512209,30.410731,14288
103.80223,30.765467,14289
104.028538,30.337936,0
104.143423,30.465765,14288
104.401341,30.342766,14288
103.662624,30.90007,14288
103.952126,30.843544,14288
103.945593,30.923617,0
103.640336,30.466192,14288
103.966703,30.465882,0
104.796365,29.735387,14288
103.876377,30.491515,14288
103.833116,30.388483,14289
103.929511,30.321714,14289
104.56536,30.371125,0
103.812776,30.631101,14288
103.891083,30.446712,14288
104.104704,30.512201,14289
104.214547,30.583465,14288
104.183413,30.786469,14288
104.020893,29.139276,14288
103.758292,30.964963,14095
103.701716,30.602697,14288
103.862302,30.55604,14288
103.861339,30.803823,0
104.066557,30.450993,14288
103.526334,31.416868,14285
104.006255,30.451423,14288
104.140592,30.412125,14289
104.077538,30.6516,0
103.474592,30.431633,0
103.677859,30.33905,14289
104.262537,30.938538,14288
104.064869,30.685853,14290
103.973536,30.579488,14289
104.081941,30.471543,14288
104.183434,30.71077,0
104.414295,30.93667,14288
104.125791,30.791093,14288
103.968392,30.615613,14288
103.991931,30.759725,14288
104.971095,29.686591,0
103.818314,30.634249,14289
103.929554,30.699668,14290
104.969561,29.866658,14184
104.242916,30.645516,0
104.053388,30.444242,14288
103.946527,30.617122,14288
104.015124,30.527048,14288
103.885844,30.583907,14288
103.961399,30.939694,14288
104.437888,30.35681,14288
104.010267,30.510816,14288
104.454637,30.459768,14288
104.221638,30.67215,14288
104.577894,30.131746,14288
104.202307,30.739049,14288
103.983291,30.220445,14288
104.223421,30.544057,14288
104.595618,31.768053,14288
104.083366,30.577987,0
104.08916,30.784717,14288
104.293319,30.646071,14288
103.768228,30.471414,14289
104.21361,30.652168,14288
104.216394,30.77535,14289
103.962098,30.500922,14288
104.100302,30.712724,14095
103.794652,30.440975,0
103.976676,30.640139,10246
104.264861,30.61779,0
104.870293,29.226523,14288
104.641182,30.099634,0
104.148586,30.418006,14288
104.144972,30.580262,14288
104.205139,31.192311,14288
104.97308,29.87072,14288
104.166135,31.011815,14288
104.057012,30.385412,0
104.265746,30.648655,14288
104.213532,30.745004,14288
103.937557,30.614932,14288
104.387509,30.302039,14288
104.120217,30.822732,14290
103.994635,30.815615,0
104.163783,30.700943,14289
103.879077,30.463557,0
103.931108,30.509742,14288
104.152027,30.690849,14290
104.342616,31.057388,14289
103.963268,30.811035,14288
104.335821,30.645461,0
103.952358,30.427919,0
104.2429,30.650104,10246
104.149455,30.839341,14288
103.93558,30.905464,14289
104.182244,30.717576,0
104.22483,30.793844,0
103.872369,30.779093,14288
103.963355,30.932089,14288
104.107292,30.463698,0
103.957698,30.567498,14288
104.252626,30.73769,14288
103.666326,30.917309,14288
103.849404,30.562827,0
104.107882,30.921239,0
103.128028,30.060454,14288
103.99615,30.614236,14288
103.953306,30.543336,14288
104.186921,30.544621,14288
103.938942,30.610848,14288
104.078977,30.416412,14288
104.662859,31.089377,14288
104.391417,30.284189,14288
104.173767,30.726544,14288
104.868169,29.761374,14288
103.995701,30.531398,14288
103.877005,30.417451,14288
103.940163,30.937596,0
104.469177,30.500043,14288
103.938389,30.9296,0
103.671334,30.38898,14289
104.317586,30.277557,0
104.035804,30.752176,14288
104.030481,30.537619,14288
103.964656,30.636809,14288
104.38678,30.760795,14289
104.307055,30.84546,14289
104.427687,30.499838,14288
103.895408,30.601642,14289
103.536173,30.742644,14289
104.29195,30.81321,14288
103.643294,30.470063,14288
103.838337,30.359649,14288
103.942311,30.611844,0
103.701627,30.602743,0
103.967328,30.648395,14288
104.872528,30.064643,0
103.850028,30.207975,14288
104.057141,30.633311,0
103.921,30.540615,0
104.183136,30.711126,14288
104.342658,31.057215,14288
104.288373,30.869928,14288
103.792097,30.687267,14288
104.359408,30.661944,0
103.701689,30.602409,0
104.173195,30.773858,14288
104.551866,30.71591,14288
104.058317,30.60871,3912
104.149077,30.8392,14288
104.003851,30.606621,0
104.065568,30.329259,14288
104.138687,30.638119,3912
104.282977,29.622661,14288
103.805118,30.431596,14288
103.588555,30.773228,14288
104.078518,30.6458,14288
104.143392,30.465774,14289
104.250179,30.774532,0
104.174904,30.718248,14288
104.107143,30.769219,0
104.327164,30.306063,14290
104.064894,30.329356,14288
104.067138,30.662608,14288
104.31812,30.917127,0
104.569149,30.37184,14288
103.70175,30.60254,14288
103.971383,30.650349,0
104.667025,30.070244,3912
103.717051,30.40601,14288
104.203399,30.726173,14288
104.238213,30.653118,14135
104.242524,30.650068,14288
104.57073,31.034162,14288
104.268114,30.650122,14288
103.792368,30.187095,14095
103.696907,30.399163,0
103.936238,30.558781,14289
104.334546,30.704444,14290
104.330458,30.510287,14288
103.909287,30.543053,14288
104.159122,30.765325,0
104.896255,29.757932,14288
104.236419,30.822793,14288
103.889618,30.383832,0
104.20218,31.631455,14289
103.519307,30.393142,14135
104.002303,30.812189,14289
103.812733,30.631803,14288
103.575718,30.26205,14288
104.500136,30.481353,14289
103.677282,30.338783,14288
104.21898,30.655097,14288
104.070462,30.493566,14288
103.716475,30.593334,14288
104.017746,29.139205,14289
104.17434,30.480372,14242
103.792354,29.723273,14289
104.079208,30.360104,14288
103.991318,30.738772,14288
104.430361,30.965826,0
104.205266,30.640135,14288
104.006222,30.592216,14288
103.237143,30.379474,14288
104.489595,30.493772,14289
104.017184,30.44654,14242
103.83555,30.344848,14288
103.612485,30.820666,14288
103.942246,30.847725,14288
104.185342,30.684477,14095
104.307618,30.845318,14288
103.285929,30.16224,0
103.696875,30.398694,14288
104.398539,30.340365,14288
103.719569,30.406955,14288
104.07299,30.525842,0
104.08185,30.717736,14288
104.050082,30.448121,14288
103.851132,30.819362,3912
103.678953,31.147554,14288
104.010977,30.44257,0
104.13076,30.687968,14288
104.071567,30.725274,14288
103.725976,30.586287,14288
104.391217,30.284071,14290
103.913572,30.993858,14288
104.758657,30.373889,14288
103.887738,30.66089,246
104.163188,30.672256,14288
103.837139,30.363053,14288
103.88728,30.580664,14288
103.968958,30.657005,14135
103.967176,30.648136,0
104.165313,30.807671,0
104.457061,30.490872,14289
103.774494,31.031663,14288
104.537224,30.365943,14289
104.868892,29.224965,14288
104.186644,30.707726,14288
103.782324,30.645216,14288
103.711008,31.02543,14288
104.107995,30.507468,13658
104.225118,30.707506,14288
103.221009,30.380057,14289
104.041096,30.593535,14288
104.179034,30.727288,14288
103.89061,30.478615,14289
103.935652,30.905532,0
104.215542,30.649266,0
104.28652,30.678975,14288
104.217827,30.687883,14288
103.27666,29.244957,14288
103.909525,30.545225,14288
103.735682,30.936528,0
103.64377,30.930341,14288
104.228014,30.788089,14288
104.244877,29.946525,14288
104.08546,30.749569,14288
103.929734,30.974602,14288
104.177434,30.728769,14288
104.263334,29.941368,14184
104.050312,30.755028,14288
104.379458,31.079082,14288
104.327068,30.306178,14290
103.458191,30.988458,14288
104.140645,30.789629,0
104.406006,30.960624,0
103.478717,30.428219,14288
104.012267,30.545019,14290
104.283535,30.581175,14288
104.114974,30.417204,14289
104.07267,30.3053,14288
104.15242,30.772743,14288
104.22717,30.997934,14288
104.205179,31.192227,14288
103.937596,30.618923,14288
103.718519,30.632029,14288
103.49019,30.528649,14288
103.257904,30.186236,14288
104.198226,30.581923,14288
104.100713,30.520905,14288
104.107882,30.921239,14288
104.036208,30.489304,14135
103.80771,31.165785,14288
104.133841,30.892736,14289
103.897442,30.836033,0
103.689229,31.022958,14288
103.899047,30.725353,14288
104.379174,30.64056,14288
104.184251,30.531728,14288
104.235767,30.646341,14288
103.952151,30.796073,14288
103.348391,30.419092,14288
104.366316,30.360372,10246
104.448248,30.47115,14288
104.539142,31.859413,0
103.967521,30.648609,14288
104.076582,30.789658,14289
103.459857,30.74702,14288
104.139723,30.649906,14288
104.11285,30.590885,14288
104.565205,30.378994,4471
104.326395,30.860544,0
103.919613,30.87845,14288
104.597732,30.699625,14288
103.570877,30.393506,14288
104.402439,30.868098,0
102.836883,29.775865,14288
104.111616,30.533839,14288
104.365645,30.293096,14288
104.843196,29.738025,14288
103.889863,30.532187,14288
104.103241,30.538007,14288
104.400789,30.341966,14288
103.978239,30.789346,14288
104.185071,30.718455,14288
104.057669,30.388882,14288
103.941296,30.919476,14288
104.17569,30.523802,0
104.160666,30.643667,14288
103.930308,30.923385,14288
104.156415,30.591237,14289
104.202104,30.726081,14288
104.628095,31.175134,14288
104.112074,30.753204,14288
104.140795,30.817266,0
103.82427,30.422688,14288
104.488759,30.462196,0
104.304772,30.321118,14288
104.234758,30.646155,14289
104.106011,30.587408,14288
104.147544,30.79365,14288
104.207589,30.654495,14288
104.435657,31.021102,14288
104.221138,30.638537,14289
104.092922,30.524882,14288
103.468357,30.430662,14288
103.877331,30.572595,14288
104.19935,31.580259,14288
103.955589,30.663342,14288
103.810889,30.632124,14288
104.304298,30.306838,14289
104.255768,30.471273,14289
104.051187,30.259715,14288
103.954926,30.492204,14288
104.87725,30.287004,0
104.012327,30.46437,14289
104.252034,29.022693,14288
104.470255,30.498342,13658
104.13799,30.406641,14290
104.066926,30.329642,14288
104.886966,30.171812,14288
103.825619,30.584449,14288
104.011754,30.464561,14288
104.184137,30.511335,0
104.157924,30.692245,0
104.499215,30.467635,0
104.185454,30.533533,14288
103.499586,31.258572,14288
104.046672,30.545487,14288
103.490081,30.749231,14288
103.721808,31.022071,14288
104.291928,30.646268,14288
104.09579,30.538873,14288
104.098939,30.493776,14288
104.390896,30.286989,14288
104.208343,30.744949,0
103.841469,30.543795,14288
103.936687,30.922506,0
103.902237,30.83493,14288
104.250943,30.983891,14288
103.910196,30.634439,14288
103.814167,30.63303,14285
104.362332,30.604183,14290
104.422731,30.474353,14289
103.923242,30.717238,0
104.232009,30.794064,14288
103.798151,30.436903,14288
104.389117,30.433327,14288
103.917114,30.68368,0
104.038448,30.70963,14288
104.292332,30.391366,0
104.522817,30.684678,0
104.660469,31.130929,0
104.048344,30.748647,14288
104.143453,30.781866,14095
103.9929,29.02439,14288
104.108197,30.462684,14184
104.307931,30.845536,14285
104.046446,30.427579,4852
104.177892,30.728455,4604
104.066233,30.179814,14288
104.106148,30.607734,14288
104.392122,30.299073,14288
103.954264,30.592193,14289
103.896747,30.666753,14288
103.937472,30.61938,14288
104.2443,30.599635,14288
104.555625,30.353248,14288
103.974654,31.033139,14288
104.220935,30.638562,14288
103.853711,30.442837,14288
103.562842,29.863018,14288
103.574883,30.262241,14288
103.936101,30.905432,0
104.081184,30.51134,14288
103.873212,30.779198,14288
104.203908,30.72603,14288
104.536509,30.684904,14288
103.96056,30.365275,14288
103.646983,30.296257,14288
104.075531,30.471148,14288
104.12133,30.520836,14288
104.239024,30.619745,14288
104.205079,30.636979,14288
104.185921,30.544903,14288
103.66308,30.970598,0
104.006519,30.592503,14288
103.995167,30.612377,14285
103.959952,30.934887,14288
103.643392,30.469998,4590
104.12004,30.772609,14288
104.28813,30.688148,14288
103.976527,30.688393,14289
103.866599,30.556886,0
103.960125,30.517537,14288
104.349472,30.643202,14288
103.517321,30.578849,14288
104.464754,30.47188,14289
104.029005,30.485006,0
103.94175,30.470298,14288
104.309134,30.865095,14288
103.681695,30.596742,14289
104.80194,30.154042,13658
104.084344,30.238496,4604
103.421521,30.339628,14288
104.082608,30.455042,14288
103.774694,30.897194,14288
103.943715,30.499258,14288
103.676673,30.950478,14288
103.963131,30.653796,14288
104.785797,29.796095,14288
103.892283,30.45653,14288
104.101069,30.810335,14288
104.040233,30.651764,14288
104.047986,30.541542,14288
103.818593,30.907337,14289
104.072799,30.384419,0
103.964071,30.478035,14288
104.501309,30.484449,14288
104.563996,30.388143,14288
103.933486,30.661884,0
103.491351,30.580611,14288
104.140058,30.781951,14288
103.792354,29.723273,14288
103.720685,30.596863,14288
103.812427,30.571656,0
103.968948,30.469526,0
104.565233,30.370979,14095
103.896825,30.436509,14288
103.724741,30.578399,14288
104.215333,30.82086,14184
103.851072,30.543022,14288
104.017015,29.139403,14288
103.95573,30.54161,14288
104.06097,30.388545,14285
104.052714,30.539039,14288
104.033504,30.465606,14288
104.499639,30.428524,14288
103.626703,30.402577,14288
104.183049,30.717355,14288
103.600981,31.064908,14288
103.902087,30.975281,0
104.243452,30.650002,14288
104.098757,30.517667,14288
104.204623,30.730778,0
104.804221,30.152526,14288
104.174928,30.715402,14288
104.125323,30.76975,14288
104.184593,30.544493,0
104.274579,30.936244,14288
104.081752,30.497028,0
104.140938,30.817074,14288
104.422512,30.474385,14288
104.489006,30.461978,14285
103.482353,30.763035,14288
103.969468,30.982238,14288
103.674893,30.945944,14288
103.835788,30.320884,14288
103.097636,30.082252,14288
104.575623,30.723909,3912
103.861736,30.796845,14288
104.062957,30.631687,14184
103.883636,30.34113,14288
104.017552,30.832625,14289
103.610016,30.344287,0
103.961178,30.93975,14242
104.21873,30.695316,14288
103.942091,30.279746,14288
104.508563,30.3547,14288
104.804003,30.14897,14288
104.007748,31.204527,14288
103.884669,30.388736,14288
103.950196,30.541483,14288
104.151104,30.775803,14290
104.203417,30.715224,14288
104.541699,30.709971,14288
104.041975,30.249588,0
103.515592,30.250886,14289
104.021012,30.544347,14289
103.935561,30.905558,14288
103.586971,30.881363,14288
104.024044,30.542036,14288
103.911368,30.618308,14288
104.164938,30.657931,14288
104.388197,30.301071,14289
103.966677,30.635482,0
103.500098,30.168296,0
104.01382,29.138881,14184
104.213931,30.651808,14289
104.371612,30.864272,14289
104.320706,30.277448,14288
104.174595,30.71537,14288
104.226613,30.52638,14288
104.208992,30.89817,14288
104.195083,30.802146,14139
104.083804,30.81787,0
104.319361,30.860897,14288
104.108168,30.54812,14288
104.550651,30.712634,14289
104.064708,30.665583,14288
104.322615,30.645703,14288
104.391818,30.299857,14288
104.005028,30.511154,14288
104.041105,30.916526,4852
104.146728,30.782641,14288
104.878428,30.165887,14288
104.195845,30.738162,14288
103.504499,30.571103,14290
103.515481,30.25097,14288
104.115,30.578917,14288
104.203226,30.726075,14288
104.268856,30.578729,14289
104.094154,30.44441,14289
104.244003,30.645479,14288
104.038164,30.533351,14288
104.537899,30.724069,0
103.588391,30.880772,14288
103.779703,30.461816,14135
103.972881,30.991409,14288
104.199564,30.678293,14288
103.903317,30.724579,14289
103.967328,30.648395,14288
103.892922,30.513992,14288
103.510286,30.562061,14288
104.151304,30.776959,0
104.133872,30.400866,14285
103.99502,30.526331,14288
103.902318,30.834788,14288
103.839429,30.360129,14288
103.883547,30.666121,13658
104.871013,29.225093,14288
104.467124,31.04319,0
104.024655,30.56001,14288
104.004001,30.606557,14288
104.532158,30.427558,0
104.007748,31.204527,14288
104.97439,29.869605,14288
103.995223,30.524347,14289
104.112422,30.754656,14288
104.126251,30.52346,14288
104.185664,30.684698,14288
104.065058,30.176129,14288
103.959125,30.152581,14288
104.17499,30.78159,0
103.975406,30.469198,14288
103.673124,31.029332,0
103.973353,30.578398,14288
104.221466,30.544475,14288
103.92311,30.424777,14288
103.876607,30.397869,4471
103.984123,31.074488,14288
103.965247,30.430237,14288
103.761984,30.395857,14288
104.17276,30.521443,14288
104.342482,31.150593,14289
104.123804,30.597367,14288
103.911961,30.630886,14288
104.5236,30.436987,14289
104.616007,30.090074,14289
104.356953,30.300101,14288
104.18824,30.514684,14288
103.870249,30.86869,14288
104.022544,31.304651,14288
104.231734,30.658691,14242
104.120285,30.477601,14288
104.201433,30.505441,14288
104.052438,30.246029,14288
104.643339,29.784464,14288
103.996848,31.140841,14288
104.294512,30.393387,14242
103.85525,30.634826,14288
103.721215,31.102033,14288
104.836084,29.244948,14288
104.354684,30.736086,14288
104.111919,30.519826,14288
104.147058,30.777592,0
103.959977,30.517641,0
104.237461,30.653056,14288
104.16192,30.761547,0
104.051617,30.541087,14288
103.946756,30.537059,14288
104.353312,30.287444,14289
104.13974,30.646392,14288
103.835071,30.924485,14290
104.19591,30.731834,14288
104.215086,30.773084,14288
104.325135,30.305227,14125
103.718326,30.609754,14285
103.679263,30.849976,14288
103.873312,30.773489,14288
104.24254,30.650637,14288
104.299395,30.394611,14288
104.762184,30.615021,14288
104.387397,30.307605,14184
104.536776,30.396918,0
104.482128,30.460849,14133
104.215461,30.821176,14288
104.162852,30.674678,0
104.539062,31.859031,14290
104.243692,30.645534,4800
104.327076,30.306097,14288
103.936433,30.689703,14288
104.13111,30.670654,0
104.034411,30.858968,14288
104.655392,30.34174,14288
104.207987,30.797361,14288
104.084602,30.456028,14288
103.778591,31.178346,14242
103.937116,30.071366,14288
103.812791,30.099274,14288
103.913325,30.630999,14288
104.0638,30.451627,14288
103.801609,31.165644,14288
103.535397,30.742305,14288
104.213917,30.607035,14288
104.224073,30.566523,14288
104.572561,31.03521,14288
104.52138,30.358896,14288
103.498477,30.569024,14288
104.045416,30.623746,14288
103.98734,30.466839,0
104.072686,30.366482,14288
103.955814,31.007495,14288
104.003552,30.483058,0
104.081625,30.522432,14288
103.708869,29.166664,14288
104.655392,30.34174,14288
103.770638,30.398326,0
104.367063,31.126482,14290
104.164676,30.658685,14288
104.087528,30.746454,14288
104.111977,31.076026,14288
104.079086,30.563686,14288
104.158478,30.77535,4843
103.991422,30.749841,14288
104.439107,30.35905,14288
104.185361,30.552189,14289
103.996848,31.140841,0
104.533391,30.663828,14288
103.80522,30.865497,14288
103.920797,29.224037,0
104.125279,30.769444,14288
104.157345,30.64821,4843
104.509585,30.354696,14288
104.223539,30.67549,14288
103.701578,30.602725,14288
103.964765,30.378903,14285
104.099349,30.466786,14288
103.935416,30.905371,14288
104.118769,30.281448,14288
103.506169,30.559075,14290
104.101065,30.406369,4852
104.074996,30.735491,14289
104.068895,30.542363,14288
104.186213,30.684769,14288
104.137992,30.673457,14288
104.191814,30.790529,0
103.957281,30.647349,14288
104.043331,30.447093,14288
103.883231,30.606238,13658
103.886816,30.528425,14289
103.661038,30.961235,14288
103.654488,30.92597,14289
103.988566,30.627809,4864
103.973433,30.579317,0
103.970533,30.650227,3912
104.049259,31.247956,4800
104.073022,30.471129,0
103.937683,30.619098,14288
103.949024,30.515672,14288
103.872888,30.417065,14288
104.095332,30.53884,0
104.500807,30.482766,4873
103.959756,30.365269,14288
104.64187,29.51918,14288
104.566219,30.675988,4873
103.910042,30.853079,0
104.152601,30.861675,0
103.856282,30.626618,14288
103.970523,30.649821,14242
103.701626,30.602592,14288
104.582253,30.114026,14288
104.047772,30.541264,14288
104.072969,30.37651,14288
103.461901,30.383504,14289
104.001836,30.884237,0
104.044255,30.447075,14288
104.043681,30.446818,14288
104.390494,31.062696,14288
104.170683,30.646041,12518
103.607963,30.292381,14288
103.940128,30.614225,14290
104.190588,31.571542,14288
104.182307,30.700168,14288
103.645101,30.927534,0
104.213949,30.651581,14288
103.999807,30.751924,14288
104.480559,30.350064,0
103.922339,30.794721,14288
104.312403,30.874814,14288
103.919344,30.877752,14288
104.427168,30.699523,14288
104.077721,30.794706,14288
103.91311,30.630917,14288
104.502186,30.472825,14288
104.886966,30.171812,14135
104.101647,30.688169,14288
104.107349,30.665695,14288
103.940807,30.93714,14288
103.129535,30.076286,0
104.168946,30.741593,0
104.154118,30.726082,14184
104.069801,30.76869,0
103.883249,30.665875,14288
103.701339,30.602588,14288
103.998966,30.669509,14288
103.963965,30.630305,14288
104.475571,30.348245,14288
104.015453,30.571298,14288
104.61022,30.342941,14288
104.105843,30.580293,14288
104.358208,30.73977,14288
104.452657,30.471591,14288
104.043461,30.248593,0
104.242835,30.650919,0
103.987733,30.467099,14288
104.093083,30.581206,0
103.986872,30.215943,14288
104.244383,30.645524,14288
104.072017,30.404083,14288
103.967465,30.648669,14288
104.134562,30.806053,14288
104.452625,30.471541,14133
102.729129,29.986671,4873
103.845423,30.649172,14288
103.887975,30.556284,14288
103.857418,30.670139,14288
103.724878,30.578317,14290
104.181149,30.682349,14288
104.308508,31.006595,0
104.243246,30.645627,14059
104.640998,30.100101,14184
104.245719,30.991695,14288
104.178152,30.784987,14288
103.986727,30.215918,14288
103.858435,30.523069,14288
104.11749,30.537728,14288
104.326668,30.860211,14288
104.076587,30.454615,14288
104.223834,30.566544,4471
104.159623,30.579331,14288
104.509696,30.352462,14288
104.238721,30.562352,14288
104.063787,30.652323,14288
104.213785,30.651954,14288
104.132906,30.779721,14288
103.922657,30.287724,14242
104.312459,30.874706,14288
104.138664,30.406172,14288
104.28018,30.712535,14288
103.93778,30.61899,14288
103.951323,30.637255,0
103.663312,30.959992,0
103.496076,30.175158,14242
104.071043,30.646635,14288
103.452168,30.374424,14288
103.967836,30.812618,14288
103.837348,30.35756,14288
102.074939,31.580085,14288
103.813691,31.655578,14288
104.191662,30.798476,14288
104.237247,30.862128,14288
103.894839,30.435113,14288
104.343696,30.826874,14288
103.975835,30.45628,14289
103.55989,30.549019,14289
103.81311,30.632791,14288
103.856762,30.44215,14289
104.116512,30.688332,14288
103.647843,30.95174,14289
104.015286,30.506522,14288
103.796582,30.646393,14288
103.985687,30.099113,0
103.917363,30.989181,0
104.080249,30.513598,13658
104.020475,29.139629,14290
104.185995,30.700138,14288
104.17722,30.718812,14288
104.447186,30.462416,14289
103.947742,30.541096,14288
104.165476,30.659111,14288
104.113242,30.47953,14288
103.69112,30.640709,14288
103.972059,30.542384,14290
104.143432,30.465776,14125
104.397481,30.823989,0
104.005567,30.482392,14288
103.552801,30.220907,14288
103.680596,30.392664,14288
104.18357,30.710607,14285
103.908375,30.731495,14288
104.167921,30.39271,14288
103.964735,30.61539,14125
104.01053,30.511937,14288
104.236421,30.646891,14288
103.942708,30.772869,14288
104.469227,30.848103,14288
104.076736,30.796359,0
104.20277,30.725855,12498
104.367815,30.43458,0
103.863148,30.347472,14288
104.15683,30.764213,14288
104.220521,30.63898,14288
104.377958,30.45554,0
104.34409,30.827315,14288
104.307931,30.845468,14288
104.051188,30.541406,14288
103.967128,30.648236,14288
103.882923,30.666003,14288
104.108186,30.46214,0
104.028413,31.3274,14288
103.696106,30.602504,0
104.391762,30.299923,14288
103.147253,30.461352,14288
104.125218,30.769539,14288
103.686404,30.629263,14288
104.070876,30.725515,5223
103.961697,30.462241,14288
104.045143,30.542075,14288
103.952291,30.428081,14288
103.983135,30.411187,14288
103.952886,30.798736,0
103.689516,31.032149,4873
103.488563,31.248894,14288
104.061919,30.41894,14288
104.164676,30.658685,14289
103.889273,30.428309,14288
104.321348,29.736011,14288
104.207375,30.653168,14288
103.863038,30.777687,14288
104.539142,31.859413,14288
104.036186,30.75762,14288
104.198695,30.705141,14288
104.219246,30.655194,14289
103.770675,30.398457,14288
103.855873,31.70361,14288
103.914881,30.71252,14288
104.066312,30.448763,14288
104.274715,30.857547,14288
103.983635,30.572477,14288
103.952403,30.593054,14288
103.482531,30.38378,14288
104.8287,29.775241,14290
103.498489,30.176218,0
104.615072,30.163255,14288
104.361506,30.434896,0
104.18716,30.772491,14288
103.798334,30.414914,14288
104.389199,30.299273,0
104.33016,30.735985,14288
104.242524,30.651153,14288
103.848227,30.667804,14288
104.39165,30.304056,14288
103.677438,30.338808,14288
104.215629,30.820809,14288
104.496805,30.418138,0
104.24274,30.650418,14288
104.027478,30.45155,14289
104.302364,30.259098,14288
104.450156,30.480466,14288
103.973866,30.428964,14288
104.302628,30.310022,14288
104.404679,31.330451,14288
103.895818,30.666261,14288
103.861918,30.556609,14288
103.812121,30.405899,14289
104.125574,30.51217,14288
103.591858,30.846226,14288
104.029421,30.479591,0
104.380179,30.851809,0
104.062214,30.179394,0
104.244439,30.708026,14288
103.936521,30.733651,14288
103.560685,30.748684,14288
103.883597,30.163675,14288
103.880473,30.404211,14288
104.247304,30.554976,14289
103.913774,30.71194,14288
104.262537,30.938538,14288
103.957152,30.934986,14288
104.029987,30.247047,14290
104.393154,30.293549,14288
103.92423,30.800076,0
103.691916,30.420495,0
103.567667,30.525429,14288
103.861352,30.804094,14289
103.581367,30.277904,14288
104.051243,30.54127,14288
104.08165,30.456512,14288
103.958333,30.689811,14288
104.224944,30.793958,14290
104.091598,30.217933,14288
104.146274,30.909706,14288
104.070988,30.725286,14288
104.315526,30.303159,14288
103.899806,30.475301,14133
103.928669,30.425786,14184
104.456804,30.856849,14288
103.598149,30.273978,14288
104.180639,30.534979,14288
103.791956,30.344631,14288
103.914204,30.675345,14288
104.049359,30.635772,14288
104.220808,30.848084,14288
103.898078,30.475434,0
104.413609,30.806329,14290
104.300509,30.389212,14288
103.856939,30.442309,14288
103.984463,30.218959,14288
104.091269,30.740224,0
104.225264,30.638783,14288
104.17533,30.66446,14288
104.013371,30.472773,14288
104.136533,30.665798,14288
103.935416,30.905371,0
104.268764,30.869516,14288
104.501261,30.484731,14288
104.056505,30.366832,0
104.017515,30.845686,14288
103.923106,30.391501,14288
104.469241,30.500177,0
104.583491,30.32261,14288
103.781696,30.64042,0
104.015294,29.142351,4471
104.320844,30.281543,14288
104.069957,30.768733,14288
104.203704,30.726065,14288
104.214003,30.583766,14288
103.856591,30.671124,14288
104.198412,30.510281,14289
103.916266,30.369272,14288
103.853816,30.441993,14288
104.45035,30.475795,14288
103.998035,30.467403,0
103.678465,31.029977,0
104.286478,30.646128,14285
104.026015,30.731412,14288
103.724741,30.5784,14288
104.077986,30.794713,14288
104.138466,30.610696,14288
103.973067,30.403261,14288
103.820794,30.741799,14288
104.249016,30.77236,14289
104.091568,30.449988,14288
104.020188,29.139768,0
103.878666,30.198106,14290
104.562957,30.067449,9456
103.962774,30.932856,14289
103.952469,30.427806,14290
104.171672,30.714767,14288
104.118311,30.384943,0
103.861244,30.803964,14288
103.947737,30.01054,14288
103.78839,31.035866,14288
104.165783,30.807378,0
103.683236,31.0134,14288
104.107545,30.723283,14290
104.264817,30.86457,14288
104.432694,29.864717,14288
104.138701,30.519373,14288
104.296084,30.389687,14288
104.178518,30.782382,14289
104.150373,30.65892,14288
104.177647,30.788551,14288
104.38905,30.298315,0
104.342542,30.825254,14288
104.309127,30.865215,4864
104.295331,30.521645,14288
104.174045,30.540325,14288
103.893195,30.433986,14059
103.46032,30.746912,14288
103.554747,30.555247,14289
104.115912,30.583946,14288
103.859608,30.348098,14289
103.73883,30.950064,14288
104.468591,30.848248,14288
104.196274,30.527563,14288
104.226121,30.793115,14288
103.553248,30.221122,14288
104.219139,31.563798,14288
104.24283,30.650959,14289
103.993431,30.764657,14288
104.033271,30.525191,14288
104.104264,30.531721,14288
104.236185,30.646738,14288
103.946084,30.486652,14288
104.200757,30.683395,14288
104.411573,30.903434,14288
103.874192,30.48615,14133
103.488425,30.758884,14288
104.011237,30.703741,14288
103.922701,30.716892,14288
103.691271,30.640323,14288
104.425552,30.498055,14288
104.183232,30.710726,14288
103.680751,30.895029,14288
104.005858,30.519426,14288
103.689765,31.045791,14290
104.08465,30.455614,14288
103.689516,31.032149,14288
104.488838,30.46203,14288
104.378413,30.282913,14059
103.913167,30.630939,14288
104.162823,30.66273,14290
104.196179,30.527695,14288
104.061281,30.389601,14288
104.539222,30.658623,14288
104.107892,30.420538,14288
103.923553,31.060034,14288
103.940249,30.999297,14288
104.148436,30.720534,14288
104.989722,29.545155,0
104.26251,30.874968,5223
103.476257,30.760628,0
103.872334,30.778985,14289
103.994804,30.670406,14288
103.974401,30.618402,0
103.613114,30.580603,14288
103.951551,30.918349,14288
104.019151,30.488236,14289
104.071552,30.725267,14290
104.063624,30.610699,14288
104.021744,30.809049,14288
104.538989,30.65833,14095
104.222053,30.675493,14288
103.462105,30.499048,0
104.077777,30.79472,14290
104.201949,30.726115,14288
103.918195,30.684067,14288
104.295832,30.684248,14288
104.199353,30.67834,14288
104.036538,30.296894,5242
104.01105,30.511035,14288
104.319575,30.27688,14288
104.248172,30.283504,14289
103.953305,30.5435,14288
103.940177,30.614358,14184
104.057771,30.610203,14288
104.234881,30.854967,14242
103.977953,30.789689,14242
103.982223,30.765608,14288
104.161963,30.695795,0
104.979941,31.536588,14288
104.224894,30.794094,14285
104.200402,31.189035,14288
104.008995,30.697252,14288
104.347589,30.664121,0
104.168785,30.741556,14288
104.326315,30.860126,14288
103.836028,30.320832,14289
104.847696,29.741881,14242
104.080018,30.513275,14288
103.969297,30.366547,14288
104.191904,30.660532,14288
104.125409,30.769605,14288
103.76163,30.400614,0
104.221671,30.797867,14288
104.584527,30.388581,14288
103.482531,30.38378,14288
103.84646,30.92231,14288
103.829066,30.614752,4852
104.109707,30.504085,14290
103.909856,30.544519,14288
104.555191,30.352729,6594
104.071509,30.689329,14288
104.107823,30.480331,14288
104.390896,30.286989,14288
104.099851,31.288581,14288
104.118576,30.52224,14290
103.958777,30.825134,13812
104.185784,30.719275,14288
104.143013,30.581516,14288
104.165461,30.73485,14288
104.093182,30.581781,14288
103.661128,30.961289,14288
103.68273,30.463217,14290
104.390557,31.063238,14288
103.776229,30.838882,14288
104.059169,30.48737,14288
104.803373,30.153179,14288
104.105534,30.556058,14288
103.945692,30.921745,14288
103.502094,30.176757,14288
104.058051,30.476543,14288
104.03317,30.52813,14288
104.176305,30.453394,14288
103.999101,30.669486,14288
103.874123,30.417223,0
104.24434,30.645551,0
104.277089,30.687842,0
103.887409,30.528694,14288
103.606903,30.82661,14288
103.86709,30.535155,14288
104.234974,30.646465,14290
104.031001,30.452701,14288
104.119393,30.822578,14288
104.092871,30.582795,0
104.114414,30.750407,14288
104.509784,30.352678,14242
104.042224,30.218045,14288
103.758293,30.364259,14288
103.84045,30.678683,14288
103.9633,30.932062,14288
103.66235,30.334703,14288
104.206016,30.615774,14288
103.619602,31.102263,14288
104.186515,30.619445,14288
104.201987,30.941745,14288
103.989471,30.757732,14288
104.149981,30.725486,0
104.226176,30.793126,14288
103.998851,30.394042,14184
104.245326,30.553595,0
104.175695,30.715352,14288
104.234173,30.523891,14288
104.172851,30.483888,14288
103.95971,30.16471,14288
104.168725,30.741441,14288
104.041404,30.593435,0
103.70682,30.837762,14289
103.944215,31.002656,0
103.972195,30.542101,14288
104.327076,30.306097,14288
103.787792,30.670369,14288
103.752396,30.378519,14288
104.213532,30.745003,14288
104.743162,31.571381,14288
104.014517,30.766606,0
104.183226,30.710587,14288
103.899338,30.615995,14288
103.940233,30.614242,14288
103.496947,30.566723,14288
103.808462,29.675065,14288
104.105371,30.41274,14288
103.620836,30.395203,0
104.08469,30.238576,14288
104.074936,30.32095,0
104.184617,30.554447,14289
103.671416,31.047757,14288
104.072215,30.39136,14288
104.166712,31.209383,14288
103.937074,30.61322,14288
104.055593,30.763145,0
104.064373,30.329391,0
104.426687,30.980048,14288
104.330974,30.644568,14288
104.354201,30.43575,14288
103.952341,30.999281,0
104.107263,30.507619,14288
104.085203,30.446728,14288
104.101874,30.534972,0
103.489385,30.749462,14289
104.359412,30.662012,14288
104.006415,30.592218,14288
103.954264,30.592193,14133
104.044049,30.445557,14288
104.426872,30.496606,14288
103.581392,30.384944,14288
104.262789,30.852203,14288
104.027863,30.668679,14288
103.795188,30.446835,14288
104.229357,30.708232,14288
103.94442,30.663101,0
104.237939,30.652774,14288
103.901433,30.475932,14288
104.106896,30.463398,0
103.805118,30.431599,14288
104.02458,31.407783,14288
104.082508,30.564617,14133
104.226681,30.861949,14288
103.92953,30.941235,0
103.639631,30.932564,14242
104.512931,30.420198,14285
103.936792,30.811887,14288
103.64325,30.470046,14095
103.823237,30.610658,14288
104.512545,30.353635,14288
104.204591,30.731128,14289
103.945037,30.483372,14184
104.147008,30.623898,14288
103.627929,30.646172,14288
103.917282,30.68393,14288
103.839675,30.773234,0
103.745521,30.721492,0
104.218567,30.585845,14288
103.957186,30.639104,14288
104.42063,30.920571,14288
104.233273,30.519259,14288
103.709585,30.394771,14288
104.343536,31.085836,0
104.006381,30.918649,14125
103.947902,30.327214,14288
104.54058,31.381774,14288
103.870411,30.702271,14288
104.0603,30.594839,14288
103.957258,30.647394,14288
103.598433,30.985501,14288
103.897012,30.780913,0
103.883697,30.665942,14288
104.0776,30.605675,14288
103.907848,30.846396,14288
103.819129,30.79726,14288
103.070575,30.016304,0
104.424156,30.392666,14288
103.673781,30.422854,14288
103.810742,30.63082,0
104.054313,30.654344,14288
103.859276,30.827485,14288
104.079505,30.513224,14289
104.52353,30.477897,14288
102.668674,30.019792,14288
104.057621,30.389991,14288
103.49526,30.407017,14288
104.513122,30.420264,14288
103.883086,30.665929,0
104.877306,30.285954,14288
104.161318,30.599547,14290
103.862905,30.457913,14288
103.982932,30.645826,14288
103.55286,30.529931,14288
104.120182,30.773101,14289
103.91425,30.675576,14288
103.902229,30.834204,14288
104.114768,30.748976,14289
104.161777,30.670546,14184
103.861449,30.804338,14288
103.988538,30.723316,14289
103.847763,31.028319,14288
103.499238,30.569504,14288
103.923225,29.922784,14288
104.081539,30.454568,14288
103.661641,30.961136,14288
103.689765,31.045757,0
103.764792,30.361213,14288
104.113307,30.479514,14288
103.613866,30.959931,14288
104.188152,30.514634,14288
103.847087,30.540426,14288
104.085102,30.683534,14288
103.818181,30.846838,0
104.18809,30.717447,14133
104.082833,30.577631,14288
103.916212,30.368915,14288
104.684519,31.247432,14288
103.924312,30.799853,0
104.133704,30.713215,14290
103.761714,31.195684,14288
103.945292,30.430679,14095
103.678974,30.741985,14288
104.352611,31.085269,14288
104.093229,30.58152,14288
104.101173,30.426465,14095
104.057973,30.380819,14288
104.145428,30.830085,14095
104.973883,29.871338,14288
104.268114,30.650122,14288
104.09857,30.885241,14288
103.496287,30.548419,14288
103.559722,30.548803,14288
103.892111,30.781143,0
103.9646,30.636863,14288
104.390295,30.284573,14288
104.170664,30.635726,14095
103.887993,30.556312,6252
103.812796,30.95486,14288
103.674554,30.902446,14288
104.203747,30.726025,14288
103.936237,30.905683,14288
104.10219,30.49824,14288
103.520589,30.749045,14288
103.905979,30.477316,14288
103.895489,31.01579,14289
103.804533,30.455481,4852
104.225432,30.790731,14288
104.603192,30.869316,14288
103.849361,30.40952,14288
103.891418,30.409972,14288
103.915784,30.602779,14288
104.196881,30.696408,14288
104.112003,30.519518,14288
104.111262,30.53559,14288
104.134714,30.805971,14288
104.001251,30.432108,14288
103.280455,30.165668,14288
104.211425,31.666446,0
103.897117,30.836509,14288
103.885876,30.583873,14288
104.24985,30.580889,0
104.16535,30.57593,14288
103.661316,30.961135,14288
104.207443,30.745482,14288
103.932421,30.546445,14288
104.579793,30.388681,14288
104.148189,30.835997,14288
104.125133,30.769575,14288
104.174819,30.726826,14288
104.115849,30.522974,14288
103.836781,30.673336,14288
104.223929,30.566332,14288
104.178055,30.727954,14288
104.138786,30.610825,14288
104.148475,30.404857,14288
104.046875,30.427964,14288
104.048352,30.541098,14288
104.000634,30.603923,14288
103.952421,30.427971,14288
104.037641,30.65957,14288
103.914296,30.675539,14288
104.118772,30.469087,14288
104.313544,30.468633,0
103.919053,30.310839,14288
103.838372,30.36087,14288
103.67745,30.338901,14288
103.678394,31.029998,14288
104.4419,31.028142,13812
103.929527,30.941598,14288
104.175528,30.715296,14288
103.906309,30.73203,14288
104.072749,30.453667,14288
104.660566,31.131011,14288
104.091937,30.902277,14288
103.959657,30.517152,0
102.740532,29.432074,12498
104.227231,30.653301,14288
104.055524,30.795868,14288
103.807568,29.677751,14288
104.538857,30.723135,14288
103.851147,30.437408,14288
104.215542,30.649266,14288
103.797964,31.166837,14288
104.675113,30.05481,14288
104.524453,30.635759,0
104.238142,30.533801,14288
104.07197,30.679948,14288
104.045146,30.445342,14288
104.803329,30.153098,14288
104.387643,30.637086,14289
103.956881,30.935834,14288
104.101914,30.459102,14288
103.970384,30.650014,14135
103.673958,31.028736,14289
104.162714,30.556446,14288
104.082495,30.577453,14288
104.036299,30.499297,14288
104.054781,30.603284,0
104.392295,30.284298,14288
104.111902,30.574928,14288
104.167744,30.475084,0
103.649235,31.024636,14288
104.067822,30.672289,0
104.06944,30.33022,14288
103.846364,30.428004,14288
104.104836,30.443146,14288
104.033406,30.772178,0
103.81861,30.907685,14288
104.249722,30.581121,14289
103.484735,31.25509,14288
104.242907,30.65109,14288
103.970708,30.650483,14288
103.46036,30.746918,14288
104.080799,30.514105,14288
104.198351,30.582023,14288
103.984883,30.572582,14095
104.222724,30.591054,14289
104.051344,30.757884,0
104.225973,30.79321,14288
104.499251,30.479438,14288
104.131181,30.670555,14288
104.304549,30.245133,14289
104.102499,30.420126,14288
103.968421,30.795901,14288
103.678403,31.030112,14289
104.055508,30.60872,14288
104.266231,30.870506,14288
103.896859,30.666435,14288
104.427723,30.994515,14288
104.051332,30.259761,0
103.912027,30.979003,14288
104.006407,30.592323,14288
104.005986,30.520426,14288
103.896103,30.666165,14288
103.939706,30.687352,14133
104.177863,30.587588,14288
104.555931,30.353243,14289
104.807699,30.837698,14288
103.796748,30.646636,14289
103.829411,30.938001,14288
103.861972,30.710935,14288
104.300012,30.389227,14285
103.846571,30.400408,5600
103.790976,29.635098,0
104.093756,30.581569,14288
103.784009,30.653599,0
103.86776,30.792032,14288
103.957141,30.934863,14288
102.88506,30.195671,14288
103.723093,30.59177,14288
103.812371,30.571564,14288
104.166258,30.712443,14288
103.731874,30.631894,14288
104.014936,30.617032,14288
103.898787,30.375468,14095
104.662321,30.931065,14288
103.719015,30.631882,14288
104.226248,30.593106,14289
104.341531,30.319492,14288
104.052844,30.567648,0
103.677733,30.338977,14288
103.855873,31.70361,14288
104.094941,30.462973,14288
104.098332,30.460071,14059
103.927846,30.603191,14288
104.398627,30.340565,14288
103.624036,31.468717,14125
103.994541,30.711399,0
103.578999,30.845764,12518
104.41125,30.344249,14288
103.817368,30.95869,14288
104.007842,30.699911,0
104.235726,30.646452,14288
104.169006,30.741231,0
104.422872,30.474251,14288
104.311668,30.298902,14289
104.389538,30.275964,14288
104.52087,30.429843,14288
103.662679,30.970639,0
103.879939,30.404371,14288
103.69011,31.045986,14289
103.717761,30.591338,14288
104.082516,30.455692,14289
103.896356,30.66615,14288
103.88263,30.974448,0
103.959605,30.164528,14289
104.078637,30.655812,0
103.663051,31.041388,14288
103.712199,30.322691,14288
104.155618,30.580227,14288
104.063481,30.611008,14288
104.152818,30.615448,14288
103.953005,30.326188,14288
104.00263,30.882949,14288
104.098641,30.524896,14288
104.185938,30.718496,14288
104.432411,30.47756,0
104.758151,30.613013,14288
104.149405,30.622664,0
103.923246,30.261135,14290
103.929533,30.699729,14288
103.481732,30.410941,14288
103.31446,31.078123,14288
103.896659,30.666469,14290
104.002685,30.736501,14288
104.231255,30.792834,14288
104.175036,30.583564,0
103.645101,30.927534,14288
104.046218,30.537558,14288
104.081322,30.812672,14288
104.466496,30.849188,14288
103.977981,30.689114,14289
104.061281,30.419319,14288
103.513563,30.733479,14288
104.476601,30.353109,14285
103.82686,30.632749,14288
104.001251,30.432336,0
103.586669,30.268865,14288
104.665986,30.166395,14288
104.308936,30.865558,14288
104.081441,30.471902,14095
104.221466,30.544475,14288
103.935524,30.905459,14288
104.062762,30.32869,0
103.674458,30.905778,14288
104.154491,30.729037,14289
104.05831,30.588459,14288
103.959805,30.517496,0
104.354205,30.436212,4471
103.87631,30.220744,14288
103.967486,30.199948,14288
104.078873,30.366656,14288
104.195874,30.859026,14288
104.407941,30.625648,14095
104.247752,30.546545,14288
104.073658,30.416108,14288
104.76992,30.857557,14288
104.254776,30.579721,0
103.510464,30.806932,14288
103.972165,30.590476,5600
103.91658,30.36954,14288
104.401279,30.469056,14288
104.072673,30.391085,14288
104.200119,30.549537,14290
104.223713,30.566348,14288
103.717184,30.402917,14288
104.400789,30.341966,14288
103.84784,30.011518,14288
103.988339,30.627482,0
104.34522,31.004545,14288
104.095396,30.562851,0
104.200562,30.649162,0
104.066107,30.32925,14290
104.29162,30.59304,14288
103.929066,30.69924,14288
103.515481,30.25097,14288
104.185574,30.718304,14288
103.599381,30.27461,14288
104.164738,30.701512,14288
104.018353,30.574149,14288
103.885866,30.590188,14288
104.190378,30.662511,0
104.804477,30.15241,14288
104.164651,30.658771,14288
104.537395,30.365776,14288
103.061071,30.027886,14290
104.098361,30.223323,14288
104.060898,30.432443,14288
104.003947,30.606348,14289
104.342144,30.623814,14288
103.928743,30.787305,14290
103.46374,30.751228,0
104.269014,30.579004,14288
104.513155,30.420136,0
104.051396,30.439076,14288
103.865577,30.55747,14289
104.106297,30.721146,14288
103.970633,30.650257,14288
104.234919,30.860959,14288
103.554858,30.533355,14288
104.627771,30.922062,14288
103.969507,30.982139,14288
103.883573,30.373739,14288
104.27808,30.682678,14288
103.697115,30.398729,14288
103.259624,30.56025,14288
104.130735,30.669943,14288
103.902426,30.658523,14288
104.02439,30.642604,14288
103.925449,31.030541,14288
103.385222,30.731058,14288
104.056084,30.588418,14288
103.96596,30.937126,14288
104.198362,30.581939,14288
104.110178,30.505393,14288
103.972344,30.436252,14095
104.043499,30.205897,14288
104.225573,30.512913,0
104.016231,29.139281,14184
103.973675,31.032203,14288
103.936117,30.905632,14288
104.132861,30.651363,14288
103.916517,30.369347,14242
103.92186,30.803748,0
104.064325,30.432632,14288
104.051283,30.259666,14288
104.085007,30.749858,14288
103.415938,30.332933,14288
104.344538,30.827858,14290
104.039875,30.582575,14184
104.149475,30.622521,14288
104.533594,29.759831,14288
104.210761,30.607668,14288
104.491102,30.460149,14288
104.125269,30.769434,14288
104.069724,30.667102,14288
103.411103,30.765055,14288
104.225853,30.861521,14288
104.486774,30.333928,14288
104.369285,30.792303,14288
103.536985,30.771269,14288
104.053899,30.466384,0
104.081815,30.455041,14288
104.075952,30.638521,14288
104.474734,31.384414,14290
104.309134,30.865095,14288
103.99018,30.482754,14288
104.415814,30.945155,14288
103.978911,30.467515,14288
104.143324,30.403647,14288
103.678018,31.029851,5788
104.01142,30.463759,14288
104.10727,30.394336,14290
104.326371,30.860126,0
104.24274,30.650118,14290
103.686252,30.628995,14288
103.721843,30.600506,14288
104.019947,29.139839,0
103.81691,30.798665,14288
103.554302,30.607717,14288
104.366784,30.488151,14288
103.926601,30.513466,14288
104.056744,30.546969,14288
103.922945,30.716766,0
104.177511,30.788407,14289
103.656882,30.961428,4471
104.069952,30.768882,14288
104.11783,30.537789,0
104.098922,30.412344,14288
103.914119,30.630634,14288
103.777062,30.677031,14288
104.376289,30.747017,14289
103.876265,30.500839,14285
103.482401,30.383734,14288
103.942162,30.733183,14288
103.65468,30.665119,0
104.836156,29.244537,14288
103.92215,31.038939,14288
104.200752,30.683235,5788
104.115832,30.584703,14288
104.497191,30.614871,14289
103.880249,30.604086,14288
104.023473,31.048118,14288
103.717242,30.609439,14288
104.162363,31.461404,0
104.348039,30.911914,14288
104.196525,30.589695,14288
103.037448,29.908342,0
103.141914,30.996171,14288
103.936711,30.614296,0
103.849404,30.562827,14288
103.845175,30.431851,14135
103.835948,30.465694,13658
104.115317,30.452686,14288
104.032473,30.738758,14288
104.181981,30.713615,14288
104.29816,30.685461,14285
104.513454,30.352751,14288
104.843651,29.737256,14288
103.385116,30.731704,14288
103.833736,30.635242,14288
104.106443,30.755015,0
104.320706,30.277448,14288
104.198203,30.659732,14288
104.058231,30.846058,14288
103.916453,30.369247,0
103.997665,30.466852,0
104.66822,30.087865,14288
103.91105,30.781392,14289
103.776839,30.410073,14289
104.172288,30.659283,14288
104.274408,30.890431,14288
104.101894,30.420079,14288
103.959636,30.517162,14288
104.367631,31.101685,14288
103.997094,30.907937,14288
104.242508,30.650924,14288
104.108935,30.506312,14290
103.923531,30.716933,14288
104.115448,30.580968,14288
104.551859,29.501856,14288
104.098552,30.713293,0
104.101816,30.531623,14242
104.248956,30.772375,14288
103.974524,30.795943,0
104.66524,30.169844,14288
104.036305,30.512499,14288
103.876267,30.491397,13658
104.811543,30.632738,14288
103.989183,30.46372,14290
103.643049,30.853262,14288
103.903047,30.772749,0
104.492721,30.3219,14288
103.797361,30.447708,14288
103.874287,30.3448,14288
103.872425,30.779109,14289
104.614164,30.263212,14184
104.231757,30.602529,14288
104.669567,29.504106,14288
104.243157,30.650418,0
103.677282,30.338717,14288
103.561224,30.748592,14288
104.468611,30.848066,14290
104.095669,30.54116,14288
104.031638,30.196949,14288
103.731916,30.49483,14288
103.863755,30.346855,14288
104.662658,31.087207,14288
103.974301,30.434457,14288
104.304876,30.322619,14288
104.464693,30.472722,14289
103.010817,29.972409,14288
104.208682,30.745163,14288
103.833736,30.635242,14288
103.911923,30.714741,0
104.098698,30.415108,14288
103.866445,30.347638,0
104.1743,30.787341,14288
104.325514,30.298188,14288
103.820794,30.741799,14289
104.106899,30.740838,0
103.945326,30.483908,14288
104.041523,30.517885,14288
103.932352,30.809965,14288
103.754088,30.59786,14288
103.880917,30.503637,14288
103.8679,30.825497,14288
104.049576,30.470462,14288
103.721081,30.397281,14290
104.077144,30.37528,14288
104.572858,30.708895,0
104.070046,30.76888,14290
104.091622,30.217849,14288
104.172716,30.48382,14288
103.890142,30.499392,14288
104.093928,30.580847,14288
104.109232,30.506448,14288
104.13497,30.710959,14288
104.073635,30.839919,0
104.259545,30.093162,14288
104.243188,30.645616,3327
104.302494,30.315442,14288
104.105523,30.580187,14288
104.01116,30.442607,14288
104.213449,30.61008,14285
104.136196,29.979337,14288
103.978402,30.201093,14095
104.468965,30.847646,14288
104.149406,30.83926,14288
103.983806,30.572506,14288
104.040358,30.880132,14288
103.932474,30.547787,14289
104.302417,30.382045,14288
103.908743,30.543403,14288
103.880169,30.604248,14290
104.131413,30.618173,14288
104.084835,30.461206,14288
103.870943,30.289689,14288
104.50917,30.353878,14288
104.352199,30.768296,14288
104.50169,30.42955,14288
104.202909,30.725955,14288
103.917221,30.397577,14288
103.709548,30.394383,14289
103.889434,30.383832,14288
104.529041,30.683844,14288
104.169006,30.741231,14288
103.85532,30.320365,14288
103.981239,30.78541,14288
104.04112,30.593395,0
103.914986,30.603284,14288
104.069895,30.768681,14288
104.24262,30.650418,14289
103.993277,30.746447,0
103.935108,30.905499,14289
104.055953,30.848066,14289
103.96496,30.641592,14288
104.167455,30.59825,14289
104.243083,30.645704,14288
103.876249,30.500588,14288
104.226171,30.79165,14289
104.566946,30.387634,14288
104.039514,30.225871,14288
104.661825,30.078503,14288
103.873821,30.417359,14289
103.817564,30.40573,14288
103.660891,30.96117,0
104.138217,30.607345,14224
104.049951,30.541676,0
104.110919,30.510396,14288
104.021354,29.137722,14288
104.230339,30.791957,14288
103.863815,30.450102,14288
104.332746,30.640773,14288
104.188083,30.793495,14289
104.323876,30.645197,14288
104.456884,30.856699,14289
104.08706,30.779674,14288
104.056669,30.542316,14288
103.517831,30.578273,14133
103.876296,30.500633,14289
103.940248,30.614247,14288
104.213213,30.573041,14289
104.657445,29.508829,14288
104.109077,30.508076,14288
104.13102,30.375363,0
104.297322,30.595817,14288
104.333709,30.645766,14288
104.334527,30.645635,14288
103.06055,30.027651,14288
104.196099,30.527595,14288
104.176307,30.585257,14289
104.003386,30.734922,0
103.978505,30.553966,14288
104.166776,30.659203,14288
104.099949,30.527217,14288
104.046968,30.428019,14242
104.015339,30.450839,14288
104.081005,30.608715,14289
104.177827,30.72629,14288
104.172684,30.483804,14288
104.01101,30.463543,14289
104.153586,30.615924,14288
103.505293,30.197148,0
104.039239,30.225675,14288
103.8076,29.677699,14288
104.660566,31.131011,14288
103.655046,30.926819,14288
104.97308,29.870752,14288
104.072681,30.234367,14288
104.202531,31.631538,14288
104.232165,30.718371,14288
104.101997,30.463454,14288
103.903872,30.245306,14288
104.268759,30.64426,14184
103.883593,30.666043,14288
103.642712,30.941673,14288
104.059328,30.470515,14288
103.965073,30.640003,14288
104.045411,30.426644,14288
104.355053,30.644988,14288
104.000272,30.520441,14288
104.20141,30.739403,14288
104.086076,30.749289,14288
104.785597,29.795979,14288
103.792403,30.187064,14288
104.495653,30.417784,0
104.202515,30.726214,14288
103.937459,30.613355,14288
104.076318,30.797406,14288
104.115766,30.583666,14288
104.160829,30.594497,14288
104.234514,30.646581,0
104.473798,30.486429,14288
103.465586,30.438078,14288
103.661204,30.921166,14290
103.811297,30.63221,14288
104.057514,30.696577,14288
104.182428,30.53345,0
104.183434,30.71077,14288
104.014455,31.42822,14288
103.865195,30.603355,0
104.291312,30.357575,14290
104.093195,30.798331,14288
104.054555,30.654146,14288
104.224596,30.640777,14288
103.903625,30.634352,14242
104.231222,30.792672,14288
104.041105,30.916526,14288
104.247304,30.554976,14288
103.946662,30.468355,14288
104.539197,31.859697,14288
103.861327,30.803847,14288
104.052381,30.446658,14289
103.706583,30.850539,14288
104.196865,30.69739,14288
104.429757,30.472694,14288
103.897423,30.836327,14288
104.042739,30.466625,14288
103.888021,30.661322,14288
103.439004,30.360479,14095
104.615177,30.162824,14242
103.89726,30.475815,14290
104.610791,30.348423,14288
103.646983,30.296257,0
103.502228,29.995929,0
103.86066,30.836972,14288
104.085467,30.446646,14133
103.86177,30.628937,14288
104.059399,30.416168,13812
104.06887,30.692917,14242
103.812427,30.571656,5788
104.050819,30.44702,14288
103.870399,30.702369,12498
104.045176,30.453809,14288
103.87308,30.773856,14288
104.243157,30.650418,14290
104.096103,30.754535,14288
104.289606,30.58632,0
104.205153,30.628649,0
103.893755,30.456629,14288
104.02372,31.38494,14095
104.245343,30.706727,14288
104.061631,30.432784,14289
103.735507,30.394257,14288
103.964504,30.478639,14184
103.499374,30.569333,0
104.185758,30.716469,14288
104.434843,31.020366,14288
104.21619,30.699662,14288
103.970362,30.650221,14288
104.059143,30.79878,0
104.587897,30.747253,0
104.41703,30.896944,14289
104.223734,30.637835,14288
104.188402,30.527483,0
103.817192,30.907724,14288
104.093803,30.581564,0
104.069944,30.330423,14288
104.223309,30.647712,14288
103.92881,30.892347,14288
103.963141,30.430867,14288
104.007916,30.719023,14288
103.818941,30.56522,0
103.701694,30.602313,14288
103.697318,30.655678,0
104.326732,30.860261,14288
103.896171,30.666401,14288
104.157753,30.775778,14288
103.598433,30.985501,14288
104.689251,31.028709,14288
103.813086,30.632556,14289
103.938417,30.54891,14059
104.042536,30.199159,0
103.84759,30.540893,14095
103.480909,30.762023,14289
104.1684,30.388007,14288
104.489159,30.494062,14288
104.50923,30.356495,14242
104.108897,30.506324,14288
104.242811,30.650605,14288
104.184978,30.789007,0
104.070739,31.246976,14133
104.547184,29.762141,14288
103.823706,30.611815,14288
104.460531,30.476075,0
104.00823,30.231333,12498
104.024986,30.485703,0
104.195452,30.686588,14288
104.210227,30.687125,14289
104.086441,30.456605,14288
103.552816,30.530537,14288
104.259527,30.955129,14288
103.680743,31.034484,14288
103.838798,30.31582,14288
103.497221,30.753539,14288
103.973635,30.800371,14290
104.035957,30.757713,14288
103.902314,30.658451,14288
103.917776,30.989308,14288
104.035455,30.298216,0
104.064385,30.425381,14288
103.497401,30.568545,0
104.202694,30.726093,14133
103.677538,30.339067,14288
104.072231,30.358167,14288
104.237443,30.652967,14290
104.227104,30.789014,14288
103.969575,30.981958,14242
103.782675,30.989726,14289
104.081283,30.499292,14290
104.539605,30.661056,14289
103.901717,30.834631,0
104.155556,30.661964,14288
104.00026,30.483586,0
104.139208,30.405724,14288
103.935274,30.689605,0
104.550707,30.719354,0
104.031694,30.321403,14288
103.86706,30.535058,14289
104.150028,30.622985,14288
104.067187,30.329519,14288
103.888218,30.556259,14288
104.063604,30.60896,14288
104.07116,30.675634,14288
104.320586,30.281416,14135
103.975816,30.40334,14285
104.902029,29.762944,14288
104.069612,30.768469,14288
104.420503,30.908348,14288
103.895639,30.53429,14288
103.988791,30.628065,14288
104.098796,30.594925,14288
104.221359,30.639022,14288
104.010466,30.511471,14289
104.316936,30.277209,14288
103.948095,30.53464,14288
103.938525,30.598001,14288
103.97382,31.032166,14288
104.035099,30.223459,14288
104.319361,30.860881,14288
104.065704,30.633217,14288
103.912756,30.824806,14289
103.959764,30.517614,14288
104.107021,30.492308,14288
103.749468,30.574362,14288
104.111593,30.53294,14289
103.731856,30.333387,14288
104.182447,30.717474,14288
103.958826,30.61236,14288
104.222886,30.795829,13812
103.936182,30.540759,14288
104.172939,30.484479,0
104.105237,30.464101,14288
103.553304,30.221056,0
104.338239,30.460907,14288
104.335403,30.328881,14288
103.880273,30.407228,14288
103.823714,30.643576,14242
104.182137,30.717564,0
104.296814,30.234454,14288
103.917142,30.386132,14288
104.001296,30.59722,14288
103.655749,30.338393,14290
104.16555,30.642126,14288
103.875518,30.721685,0
104.066024,31.258673,14288
104.259343,30.581674,14288
104.226901,30.858807,14288
103.964519,30.636933,0
104.233203,30.194423,14288
103.915252,30.712508,0
104.388002,30.746609,14288
103.973001,30.428928,14288
104.048858,30.709889,14285
104.073174,30.718591,14288
104.118359,30.757194,14288
103.96978,30.458344,14288
103.912848,30.824801,14288
104.196836,30.544573,14288
104.203733,30.740677,12518
104.456924,30.856599,14288
104.491217,30.460252,14288
104.119945,30.772745,14289
104.032759,30.858175,0
104.000889,30.762747,14095
104.222069,30.696308,0
104.198351,30.582023,14288
103.956848,30.031237,14288
103.680751,30.895029,14288
104.537598,30.414476,0
104.039448,30.225938,14288
104.304616,30.245949,14288
104.066214,30.44816,14288
104.105641,30.587354,14288
104.39513,30.896028,14289
103.746798,30.582826,14288
103.983651,30.572677,14288
104.17051,30.776805,14288
103.970384,30.650014,14290
104.464754,30.47188,0
104.245327,30.707928,14288
103.77924,30.462171,14288
103.981413,30.785458,14288
103.715996,30.602759,14288
104.487715,30.492958,0
104.214679,30.58343,14289
103.973372,31.031233,14288
103.129168,30.093935,14288
104.141482,30.677032,0
103.532319,31.404713,14289
103.936425,30.614202,14288
104.297575,31.035051,14288
104.24116,30.178135,14184
103.969593,30.982269,6252
104.1406,30.403391,14288
103.697318,30.655678,0
104.245246,30.553393,0
104.04109,30.593527,0
103.867034,30.535091,14288
104.529586,30.447623,0
104.120422,30.773096,0
103.724741,30.578401,14288
103.972212,30.542601,14288
103.96552,30.540418,0
104.115609,30.582517,14288
104.392482,30.283772,14288
103.598461,30.277278,14289
103.856435,30.647253,14288
104.244201,30.650298,14288
103.772349,30.345519,14288
103.637183,30.48889,14289
103.938017,30.616481,0
104.210398,30.607018,14242
103.915765,30.678318,14288
103.984872,30.209712,14288
104.047217,30.628632,14288
103.831513,30.552163,14288
104.159129,30.673053,14288
104.529493,30.643264,14242
104.10208,30.757749,14242
104.57142,30.19018,14288
104.050628,30.664823,14288
103.696815,30.403587,14288
104.203499,30.72602,0
104.296782,30.234786,14288
103.819759,30.786739,0
103.840009,30.357274,14288
104.238081,30.65293,14290
102.202138,29.726001,0
104.082337,30.464418,14290
104.126759,30.373587,14288
103.817684,30.608439,0
103.696441,30.399408,14288
103.452652,30.474913,14288
104.08465,30.455614,14288
104.609741,31.298969,14288
103.825108,30.576013,0
104.002891,30.53306,3327
104.23875,30.533586,14288
103.886937,30.528553,14289
104.179144,31.018698,0
104.296079,30.995085,14288
104.208308,30.524255,14285
103.959623,30.517439,14288
104.290786,30.586568,14288
104.183315,30.71741,14288
104.908615,30.159789,14288
104.125518,30.769613,14290
103.974049,30.800187,14289
103.948566,31.07098,14288
104.125269,30.769434,14288
104.102015,30.497929,14288
104.108347,30.556603,14288
103.799365,31.037585,14289
104.735272,30.648735,14289
104.214003,30.583766,14288
104.563387,30.38466,14288
103.929414,30.699565,0
103.912631,30.824966,14289
103.936421,30.905649,14289
103.937576,30.726902,0
103.06193,30.027819,14242
103.892909,30.513974,0
103.895385,30.824581,14288
104.22644,30.791943,0
104.144101,30.533879,14288
104.483771,30.329422,0
104.555682,30.353229,0
104.212973,30.650314,14288
104.108464,30.556439,14288
103.901913,30.834353,14288
104.149461,30.659422,14095
103.970575,30.650252,14288
104.565001,30.379097,14288
104.250001,30.58121,14184
104.154593,30.726381,14288
104.061321,30.419144,14289
103.978586,30.200928,14289
104.069646,30.692416,14095
104.118973,30.725644,14288
103.849853,30.401053,14288
103.964617,30.478496,14288
104.246512,30.602668,14288
104.35573,30.561423,14288
104.186323,30.716124,0
104.032562,30.52673,0
104.23479,30.646837,14288
103.805969,31.164003,14288
103.914654,30.394251,14288
104.094365,30.523318,0
104.059672,30.387427,14290
104.091185,30.559864,14288
104.061554,30.632236,14288
104.488325,30.427025,14288
104.447186,30.462416,0
103.987516,30.457852,0
103.604773,29.998505,14288
104.040762,30.467295,0
104.112405,30.619691,14242
103.883918,30.019252,14288
103.912668,30.824628,0
103.697485,30.396087,14288
104.159485,30.653162,0
104.136538,30.413725,14288
104.181459,30.709374,14288
104.870593,29.227006,14288
103.990956,30.905549,14288
103.600153,30.608714,14288
104.372229,30.864391,14288
104.497583,30.466055,14288
103.66166,30.96105,14290
103.948647,30.515722,14288
103.964391,30.637233,14288
103.997291,30.755902,14288
104.26644,30.619691,14242
103.855881,30.563353,14288
103.701406,30.602486,14288
104.130354,30.520084,0
104.102574,30.703312,14288
104.592571,30.392665,14288
104.379458,31.079082,14288
104.07744,30.60427,14289
103.871932,30.622656,14288
104.102784,30.515184,14242
103.860794,30.804305,14288
103.886721,30.454812,0
103.957445,30.647415,14288
103.846333,30.454907,0
103.856722,30.442234,0
104.061318,30.492493,14288
103.854348,30.577194,14288
104.223943,30.592122,14288
104.098973,30.654818,14095
103.749335,30.878116,14288
104.202992,30.726052,14288
104.298123,30.992236,14289
104.050684,30.716205,14290
104.127209,30.519579,14135
104.96973,29.867059,14288
103.913596,30.993916,14288
104.924485,29.850794,14288
104.140892,30.373798,14288
103.899228,30.616009,14288
104.393018,30.283729,14288
103.861548,30.592846,14288
104.309011,30.865637,14288
103.721894,30.600387,14289
103.86135,30.804163,14288
103.661439,30.961136,14288
104.235778,30.797697,14288
104.233415,30.817792,14288
104.139524,30.646417,0
104.066615,30.756047,14288
104.215118,30.583384,14288
102.996836,30.336897,14288
103.660947,30.961474,14288
104.221466,30.544475,14288
103.802225,30.455633,0
103.96646,30.943549,14288
103.660582,30.905678,14288
104.072712,30.370904,0
103.838337,30.359649,14288
104.15804,30.765743,0
104.292046,30.812776,14288
103.79224,30.461599,14288
104.050399,30.259716,14288
103.841665,30.339147,14288
104.428216,30.355056,0
103.96008,30.151981,14288
103.786703,29.633529,14289
104.071266,30.676752,14288
104.037665,30.360629,14288
103.902262,30.834369,0
104.03534,30.813627,14288
104.068775,30.183911,14288
104.320521,30.277966,0
104.052058,30.540422,14289
104.003768,30.606701,14095
104.317602,30.276853,14288
104.315194,30.276464,14288
103.84903,30.922312,14290
103.701688,30.602458,14288
103.815037,30.502726,14288
103.839423,30.360026,14288
103.853695,30.442005,14288
104.083636,30.455386,14288
104.093094,30.581299,14288
104.234605,30.646376,14288
104.243102,30.645871,14288
103.86933,30.321741,14289
103.033196,29.90344,14288
103.906345,30.414868,0
104.052253,30.246001,0
103.916249,30.678137,14288
104.460136,30.34253,14288
104.056714,30.641387,0
104.007557,30.554249,14288
103.834085,30.632765,14288
103.724878,30.578317,0
104.00601,30.522423,0
103.925607,30.949995,14288
104.235545,30.646611,14288
104.393099,30.28354,14288
104.346959,29.745395,14288
104.189137,30.662159,14289
104.556083,30.352992,14095
104.520376,31.296568,0
104.522844,30.684631,14059
104.142231,30.668576,0
104.201337,30.42505,14289
103.713708,30.526252,14288
103.972059,30.542451,14288
104.221848,30.680779,14288
104.000775,30.762571,14288
104.365566,30.50317,14288
104.071262,30.72533,14288
103.971605,30.788806,14288
104.044946,30.742467,14288
104.162636,30.679058,14288
104.108043,30.42044,14288
103.662134,31.033331,14288
103.917035,30.676285,14135
104.418665,30.307007,14289
103.876222,30.221044,0
103.988631,30.723251,0
104.099168,30.539802,14288
104.004965,30.123804,14288
102.06673,31.517946,14288
104.211074,30.687011,14095
104.100829,30.459,14242
104.126831,30.537703,14289
104.439349,30.980285,14288
104.093503,30.581063,14289
103.987,30.216069,0
104.145185,30.580474,14285
104.371121,30.29045,14288
104.069825,30.768318,14288
103.957729,30.965931,14288
103.52273,30.796567,14288
104.248566,30.209118,14288
103.853711,30.442837,14288
103.896091,30.666166,14288
103.951687,30.925634,14224
103.936425,30.614202,0
103.257479,30.186554,14288
104.168487,30.74144,14288
104.057857,30.387544,14288
104.206016,30.615774,14289
103.765443,30.349702,14288
103.839128,30.953944,14288
103.826173,31.021323,14288
103.999689,30.466545,14288
104.081576,30.490566,14288
103.682936,30.895578,4471
104.086052,30.533429,14288
104.215461,30.820976,14290
103.782372,30.644948,14059
104.045431,30.59924,14288
104.053473,30.263838,14288
103.676744,30.905848,0
103.721929,31.101786,14289
104.595496,31.767986,0
104.234958,30.64582,14288
104.323718,30.64512,14288
104.469441,30.848096,14285
104.099954,30.713004,14288
103.917821,30.812046,0
103.754392,30.580762,14288
104.879411,30.642716,14288
102.702921,29.97221,0
103.961173,30.658525,14288
104.100671,30.520968,14288
104.164651,30.658771,14135
104.056162,30.847786,14288
103.611145,30.39308,0
104.073562,30.646399,14288
103.276778,29.592468,14288
103.97312,30.578766,14289
103.902262,30.834369,14288
104.507068,30.688326,0
104.228683,30.692312,14135
104.086093,30.66388,14288
103.959109,30.620316,14288
104.08126,30.384581,14288
103.919145,30.476026,14288
104.452826,30.825807,14288
103.838413,30.360957,14288
103.673415,30.904369,14288
103.862325,30.919376,14288
103.770286,31.028091,14288
104.163017,30.840416,14288
103.819113,30.797244,14288
104.093204,30.856437,14288
103.936505,30.534295,14288
103.942598,30.73533,14288
104.202582,31.188897,14288
103.088761,30.059307,14288
104.286956,30.818672,14288
103.90194,30.834456,0
103.90742,30.821372,14288
103.465586,30.438078,0
104.115601,30.478695,14288
103.857387,31.064481,0
104.118359,30.757194,14184
103.820024,30.466116,14289
103.640224,30.466192,14288
103.819113,30.79726,14288
104.08139,30.493066,0
103.935604,30.905532,14288
103.917381,30.869204,14288
104.054397,30.654604,14288
103.935103,30.609182,14288
103.887943,30.661398,14288
104.056182,30.763336,14288
103.902465,30.826499,0
104.428293,30.6043,0
104.102902,30.497125,14288
104.334969,30.833077,14288
104.093931,30.58137,14288
103.891896,30.758181,14288
104.237378,30.653148,14290
103.478302,29.262212,14289
103.928896,30.975043,14288
104.138492,30.638334,14288
104.136735,30.528608,0
103.69098,30.880134,14288
104.244383,30.645524,14288
104.02158,30.515854,14288
103.835415,30.552101,0
103.60354,29.999357,14288
103.688706,31.022842,14289
104.011117,30.519676,14288
104.130199,30.392552,14288
104.377958,30.45554,14133
104.300145,30.646007,14288
104.45447,30.467787,6594
104.076159,30.788481,14288
104.139764,30.64121,14288
103.93613,30.905535,14288
104.111011,30.510136,14288
103.966084,30.435289,14288
103.998266,30.669289,14288
104.077777,30.79472,0
103.855666,30.443932,14289
103.783288,30.64384,14288
104.01312,31.149914,14288
104.068322,30.662693,14288
103.928082,30.611655,14289
104.048138,30.462184,0
104.000775,30.762571,14288
104.05949,30.433051,14288
104.415847,30.921292,14288
103.902318,30.834788,14288
104.095623,30.538891,0
104.26513,30.869191,14289
103.478212,30.76193,14289
104.41728,30.616692,0
104.509909,30.352752,0
104.070979,30.725263,14288
103.983288,30.646213,14288
102.729129,29.986671,14288
104.094461,30.676234,14288
104.239065,30.970199,14288
104.046539,30.428246,14289
103.637614,30.948173,14288
103.647843,30.95174,0
103.895666,30.841985,14288
103.936201,30.614263,14288
104.502022,30.47195,14288
104.109982,30.505532,14288
104.33281,30.641578,14289
104.289016,30.587315,14288
104.059704,30.453551,14285
103.762543,30.041773,0
104.111278,30.576555,14288
104.276846,29.952427,14288
103.881529,30.632396,14288
104.046342,30.449117,14289
104.04446,30.287783,14289
103.916946,30.684162,14288
104.034411,30.858968,14289
104.076823,30.752731,14288
104.130888,30.675075,14290
104.085134,30.461287,14288
103.952291,30.428081,14289
104.172142,30.659266,14288
103.25917,30.560337,14288
103.96606,30.642251,14289
103.904185,30.68309,0
104.145503,30.546818,14288
104.177055,30.729592,0
103.796862,30.643603,14288
104.223945,30.566698,14288
104.102623,30.594508,14184
104.161469,30.669388,14288
103.940746,30.470616,14288
104.357428,30.51255,14288
104.154831,30.728684,14288
102.20142,29.682709,0
103.945995,30.475339,14288
103.982882,30.589825,14184
103.824434,31.156753,14289
104.614776,30.161822,14288
103.923587,31.057844,14288
103.780991,30.64848,14288
104.392114,30.283688,14288
103.889165,30.96139,14288
104.046895,30.427864,14288
104.393289,30.756201,14288
103.695936,30.407877,14289
104.130766,30.802674,14288
104.235973,30.646702,14288
104.134714,30.805971,0
104.605828,30.881255,14288
104.044825,30.788863,14288
103.917705,30.742783,14288
103.648455,30.400372,14288
104.173546,30.484819,14288
103.90738,30.701096,0
104.802801,30.152957,14288
104.225662,30.706971,14288
104.05973,30.442976,14288
104.804421,30.152858,14288
104.800922,29.728511,14288
103.628584,30.72584,14184
104.276428,30.637572,14288
104.377338,30.573268,14095
103.875523,30.4847,14288
104.061254,30.492341,14288
104.203747,30.726025,14288
103.802335,30.604816,14095
102.645675,30.933778,14288
104.595496,31.767986,14288
103.545288,30.40131,14288
103.861583,30.560311,14288
103.530812,30.243526,0
103.981866,31.053654,14135
104.154448,30.51082,14288
103.498262,30.550415,14288
104.182459,30.700149,14059
104.580694,30.866454,14288
103.861295,30.445967,14288
104.624613,30.886753,14288
104.046166,30.552837,14288
103.892715,30.447744,14288
104.369991,30.288508,0
104.04646,30.538269,14289
104.109851,30.604979,14285
104.015268,30.448389,14288
104.079164,30.818232,14290
103.984456,30.423663,14288
104.378311,30.640753,14288
104.50103,30.474963,14289
103.385369,30.730953,14095
104.16833,30.741692,14288
104.01578,30.865623,14288
104.392122,30.299073,14135
104.021116,31.302388,0
104.227004,30.858968,14288
104.021974,30.651613,14288
104.177676,30.788631,14288
103.929773,30.97438,14288
104.083729,30.454052,14288
103.929462,29.929671,13601
103.967224,30.648374,0
103.961126,30.644596,14289
104.970469,29.867829,14288
103.682185,30.871206,14288
104.20353,30.726309,14288
103.999268,30.466037,14288
103.908396,30.543193,14242
104.05601,30.847805,14288
103.96484,30.63701,14288
104.064142,30.43797,14224
103.952325,30.428109,14288
104.175061,30.715431,14288
104.10195,30.434774,14288
104.122545,30.511939,14288
104.500559,30.482601,14288
103.829404,30.623274,0
104.108031,30.503719,14288
103.812449,30.632643,0
104.050489,30.588483,14288
103.956704,30.939218,0
104.507306,30.4326,14285
104.114475,30.750354,14288
103.908959,30.542351,0
104.071086,30.329928,14288
104.191616,30.790356,14288
104.457716,30.867784,14288
104.141013,30.826297,14288
103.939897,31.017468,14288
103.837482,30.357344,0
104.802797,30.152914,14288
104.323716,30.645128,14288
103.524293,30.395612,14288
104.386565,30.30206,14288
103.954264,30.592193,14288
103.947659,30.535127,0
104.489897,30.494,14288
104.501125,30.473912,14288
104.030449,30.737909,0
104.001142,30.463996,0
104.072127,30.320334,14288
103.673882,30.422901,14288
104.120914,30.52211,14288
103.875964,30.561094,14288
104.003467,30.734901,0
103.939519,30.645897,14095
102.649042,30.919663,14290
104.188132,30.729932,14288
103.90261,30.658479,14288
103.971245,30.650542,14288
103.505405,30.197607,0
104.05931,30.416037,14288
104.181281,30.702366,14288
104.29816,30.685461,14288
104.877306,30.285954,14288
103.96818,30.088264,14288
104.942306,30.284777,14288
103.976481,30.561669,14288
103.887017,30.528527,14288
103.893602,30.734919,14288
104.163158,30.700409,14288
104.109183,30.506446,14289
103.497125,30.753587,14288
104.595496,31.767986,0
104.396631,30.311932,14288
103.405657,30.74652,14288
103.83158,30.645297,14288
104.572865,30.339148,14288
104.237919,30.653223,0
103.933271,30.299469,0
104.434297,29.596872,0
103.96068,30.652211,0
103.661548,30.961057,14288
103.977174,30.409063,14288
104.032454,30.305309,14288
103.672233,30.982408,14288
104.099798,30.466977,0
103.779343,30.462216,14288
104.216431,30.70861,0
104.194759,30.58741,14133
104.237564,30.718859,14288
104.086529,30.387503,0
104.327138,30.306596,14288
103.890507,30.633924,14288
104.279072,29.937049,0
104.054912,30.651512,14288
104.299266,30.384375,14288
103.859519,30.663141,14288
104.1094,31.378334,14290
103.896333,30.666061,14288
103.628613,30.727008,14289
104.059001,30.368208,14288
103.997685,30.667063,14125
104.170096,30.640258,14289
104.250211,30.774911,14288
104.025405,30.677283,14288
104.085133,30.683506,14288
104.803365,30.153078,14288
103.973,30.66883,14288
104.046646,30.427454,14288
104.214203,30.575668,14288
103.971319,30.457731,14288
103.937555,30.614221,14288
104.08698,30.710684,14288
103.674458,30.905778,0
104.411494,30.34462,14288
103.923513,30.800337,14288
103.977883,30.468513,14133
104.21457,30.821392,14289
104.057547,30.792294,14288
103.986609,30.923527,14288
103.84835,30.380702,14288
104.307707,30.845486,14288
103.981219,30.785351,14288
104.134562,30.806053,14184
104.152431,30.613735,14288
104.894973,29.744161,14135
103.991037,30.739121,14288
103.993256,30.923828,14288
103.931036,31.08186,14288
103.701622,30.602445,14288
104.104082,30.532056,0
103.896746,30.66653,14133
104.064469,30.329447,14288
103.809722,30.630459,14288
104.494098,30.495508,14288
104.210873,30.608346,14289
103.88794,30.431078,14288
103.87199,30.462141,14288
104.06777,30.468297,14288
103.996919,30.486955,14288
104.378349,30.282963,0
103.934259,30.74771,14288
104.367858,30.716145,0
103.968343,30.394738,14288
104.490715,30.323215,14288
104.215059,30.58273,0
104.227977,30.727141,14288
104.610441,31.298452,14289
103.728762,31.102427,14288
104.05357,30.458803,14288
104.16126,30.69192,0
104.312842,30.293603,14288
103.661187,30.961129,14288
103.701052,30.602726,14288
104.217496,30.572363,14288
104.177244,30.718821,14288
104.770888,30.859589,14288
104.099421,30.466852,14184
104.245271,30.553585,14288
103.944017,30.527167,14288
104.161159,30.60068,14224
103.614194,30.735683,14288
104.19422,30.691617,14288
103.967153,30.438519,14288
104.03861,30.498746,14288
103.740274,30.735005,14288
103.809772,30.630574,14290
104.234502,30.646405,14288
104.020162,29.139562,14288
104.293863,30.971633,14288
103.981564,30.785197,14288
103.874,30.777269,14289
104.590471,30.133069,14288
103.837348,30.35756,13812
103.915186,30.709493,14288
104.025053,30.593583,14288
104.110177,30.480186,0
104.4746,30.34742,14288
104.079379,30.565103,14288
103.966517,30.626117,14288
103.913502,30.630969,0
103.916533,30.369497,0
104.095996,30.709083,14288
103.962053,30.934999,14288
104.119979,30.772754,14288
103.951827,30.020193,14288
104.060517,30.650175,14288
103.971874,30.5421,14288
104.150258,30.616041,14289
104.035726,30.361052,14288
103.964624,30.636867,0
104.011836,30.443097,14288
104.118255,30.757044,14288
104.231843,30.639869,14288
104.062074,30.181076,0
104.242473,30.650296,14288
104.454279,30.489877,14288
103.934565,30.548605,14288
104.175696,30.865877,14289
104.362035,30.601948,14290
104.114393,30.750491,14288
104.262083,30.271791,14288
104.513622,30.35261,14288
103.87159,30.301389,0
104.170502,30.615368,14288
104.446133,30.839311,0
104.439335,30.349841,14288
103.916858,30.684014,14288
104.45447,30.467787,0
103.908851,30.543242,14288
104.147695,30.708532,14289
103.845843,30.012599,14288
104.493016,30.608222,14288
104.229119,30.788744,14125
103.451753,30.375509,14288
103.510819,30.564987,14288
104.853332,30.644045,14289
104.262638,30.874884,14288
104.326529,30.860441,0
103.556569,30.422351,14288
104.230461,30.850859,14288
103.472874,30.387861,14288
103.908477,30.795023,14289
103.883377,30.665919,14288
104.238461,30.824773,14288
104.236177,30.646705,14288
104.449615,30.48075,14288
104.035707,31.161323,14288
104.2145,30.651776,14288
104.21491,30.583523,14288
103.749723,30.338982,14288
103.98731,30.466793,14184
103.739133,30.653239,0
104.002412,30.485555,14288
104.386967,30.761047,14288
103.842373,30.319462,14288
103.67804,31.029894,0
104.248905,30.772839,14125
103.964073,30.938022,14288
104.538225,31.860781,14290
104.16833,30.741692,14288
103.897117,30.836509,14288
104.288088,30.303636,0
104.141103,30.611179,14288
104.477637,30.485018,14288
103.884917,30.388607,14288
103.415531,30.757385,14288
103.991062,30.739261,0
104.512875,30.420096,14288
104.869197,29.225858,14289
104.248905,30.772839,14288
103.686252,30.628995,14288
104.03817,30.66022,14288
104.170905,30.635783,14288
104.117201,30.684876,0
104.039076,30.511267,0
103.451558,30.476197,14290
103.701978,30.850973,14288
104.258928,30.857848,14288
104.07065,30.330005,14288
104.333199,30.643705,14288
104.119773,30.582819,0
104.106938,30.510551,14288
104.533067,30.664138,14290
104.606332,30.881139,0
104.199125,30.510714,14288
103.839351,30.360097,14288
104.173682,30.484835,14288
104.008841,30.590564,14288
103.957677,30.663355,14288
104.530328,30.635683,14288
103.451674,30.375469,0
104.307129,30.845299,14288
104.184747,30.74191,14288
104.207922,30.650111,14242
104.105711,30.587356,14059
104.058937,30.380706,0
104.06535,30.444548,14288
104.279956,30.646212,14288
104.107542,30.649724,5788
104.041516,30.561727,14288
104.146225,30.68137,14288
103.964543,30.636917,14290
104.166723,30.807439,14288
103.875427,30.719293,14288
103.937535,30.615049,14288
104.348896,31.049729,14288
104.355594,30.556007,0
104.137982,30.647471,14288
103.959798,30.15461,14288
102.202657,29.735701,14288
103.901753,30.834508,13812
104.075812,30.589094,14288
103.918174,30.684006,14288
104.107974,30.420693,14288
104.203724,30.725909,14288
104.329119,30.737967,14288
104.065347,30.694632,14288
103.737346,30.596872,0
103.952412,30.79585,14289
104.11248,30.753037,14133
104.161254,30.599532,14288
104.115653,30.650889,14288
103.937307,30.614637,14288
104.051263,30.757846,14288
104.043123,30.447686,14288
104.026173,30.759932,14288
104.046799,30.426998,14290
104.476968,30.354092,14288
104.041873,30.248828,14288
103.78994,30.671614,0
103.929528,30.699715,14288
104.18202,30.52986,0
104.03897,30.498819,14125
104.115832,30.584703,14288
104.029481,30.246928,14288
104.118695,30.757226,14288
103.830817,29.996915,14289
103.818975,30.465991,0
104.006106,30.325501,14288
103.946899,30.712144,14288
104.398779,30.340615,14288
104.204615,30.730885,0
103.984214,30.45384,14288
104.00548,30.547042,14288
103.93598,30.660326,14288
104.208041,30.57634,0
104.509258,30.353875,14289
103.94574,30.605363,14288
103.78933,30.603469,14288
104.473219,30.43473,14288
104.289367,30.58655,0
104.063374,30.179386,14289
104.069892,30.768497,14289
103.818819,30.634482,14288
104.472261,30.488523,14288
104.08371,30.793406,14289
104.183064,30.450814,14288
103.929609,30.699785,0
104.208365,30.540752,14288
104.005567,30.482392,14288
104.16555,30.642126,4852
103.942214,30.847641,14288
104.366053,30.295851,14288
103.836028,30.320832,14288
103.99119,30.548446,14289
104.112145,31.075876,14288
104.047792,30.54085,14288
104.105297,30.513008,0
104.155991,30.581616,14288
104.309127,30.865215,0
104.264967,30.617961,0
104.150195,30.725466,14288
104.388887,30.823195,14288
104.32826,30.345871,0
103.960811,30.364461,14288
103.810788,30.630881,0
104.224706,30.79422,14288
104.215261,30.820758,14288
104.601637,30.876183,14288
103.986042,31.08158,14288
104.471836,30.862616,0
103.913284,30.721963,14288
104.184916,30.510508,14288
103.686556,30.62978,14288
104.175468,30.715304,14288
104.051698,30.54127,14288
103.761303,30.394138,14289
104.093522,30.58163,0
104.067061,30.609834,14288
104.051344,30.757884,0
104.161643,30.599296,14290
103.819383,30.907251,14290
104.184456,30.716954,14288
104.501293,30.46631,14288
104.070979,30.725263,14288
103.942898,30.52433,14288
104.217159,30.648125,0
103.737795,30.51207,14070
104.120317,30.772789,14288
103.796952,29.640091,14288
104.233635,30.19464,14288
103.995553,30.897068,0
104.222636,30.696194,14288
104.323837,30.64505,14288
103.704528,30.655145,14289
103.72187,30.601187,14184
104.114839,30.452962,14288
103.967328,30.648485,14184
103.825116,30.581863,14288
104.400526,30.870844,14288
103.930703,30.473411,14288
103.758342,31.196533,14288
103.738862,30.576218,14288
103.998851,30.394042,14288
104.11046,30.5838,0
104.240672,30.959696,0
104.529235,30.683717,0
104.223857,30.566532,14288
103.399098,29.923321,0
104.400792,31.064602,14095
104.004581,30.592544,14288
103.929758,30.94091,0
104.00185,30.128195,14288
103.810546,30.440183,14289
104.180644,30.865208,14139
104.464469,30.348974,14288
103.970547,30.650122,14288
104.407571,30.6259,14288
104.110434,30.583189,14288
103.966084,30.435889,14290
104.09292,30.524704,14288
104.242228,30.650419,14288
104.214938,30.821602,14288
104.326235,31.37505,14288
104.439374,30.84289,14285
104.310664,30.27401,14288
103.959764,30.517614,14288
104.052863,30.542147,14288
103.815944,30.633505,14288
103.480803,30.761128,14288
104.028009,30.483644,0
103.647422,31.021365,14288
104.169564,30.711513,14288
103.883498,30.719573,14288
103.654578,30.926051,14288
104.142771,30.408578,14288
104.075936,30.755085,0
104.185502,30.716804,14288
103.819517,30.57157,14288
104.168785,30.741556,14288
104.142712,30.596468,14288
103.506073,30.559035,14288
104.318267,30.277116,14288
104.115458,30.452578,14289
104.595006,31.767896,14288
104.512763,30.420431,14289
104.222983,30.795691,14285
104.047507,30.429117,14288
104.445855,30.856292,14288
103.987665,30.467401,14285
104.65784,30.687197,14288
104.11015,30.730797,14290
104.191825,30.736405,14288
103.981182,30.785362,14288
103.809756,30.63037,0
103.983986,30.453839,14288
104.220902,30.834922,0
103.825134,30.814892,14288
104.367869,30.548721,14289
104.165384,30.642174,14288
104.235486,30.646558,0
104.439039,30.359193,14288
103.877012,30.165012,14289
103.839063,30.360118,14288
104.07915,30.513075,14288
103.911961,30.630886,14288
104.53374,30.724148,14290
104.111269,30.645305,0
104.456861,30.849696,0
103.911943,30.774734,14095
103.459713,30.746902,14184
103.834162,30.574961,0
103.698434,30.86527,14288
104.164807,30.658796,14288
104.203499,30.725995,14288
104.215035,30.582698,14288
103.765468,30.439817,14288
103.586518,30.388304,14288
104.093195,30.798331,14288
104.092536,30.440337,14288
104.763134,30.563953,14288
103.883297,30.665948,14288
103.438077,30.363947,0
103.862962,30.5565,14288
103.929179,30.699277,0
104.37031,30.289152,0
103.518424,30.205857,14288
104.071544,30.329937,14288
104.097344,30.573649,14288
103.936282,30.812275,14288
104.320812,30.327636,14288
103.877086,30.635504,14288
103.374302,30.086353,14288
103.493027,30.752348,14288
103.684049,30.302541,14095
104.459178,31.104586,14289
103.923162,30.717108,14288
104.119463,30.770082,0
103.979564,30.597981,14288
103.905297,30.810288,14288
103.827894,29.995321,14288
104.037278,30.329024,14290
104.135415,30.404454,14288
104.155544,30.580317,0
104.164631,30.658943,0
103.678434,31.029627,4471
103.785622,30.98794,14288
104.104145,30.498196,14288
104.093589,30.659181,14288
103.877331,30.572595,14289
104.047826,30.449171,14288
104.094053,30.568763,0
103.841458,30.376086,14288
103.886704,30.528413,14288
104.085116,30.683545,14288
103.858068,31.065242,14242
103.897848,30.019361,14288
104.616734,31.275536,14288
104.557505,30.724611,14288
104.043481,30.446768,14288
103.499406,30.569317,14288
104.147565,30.660801,14288
104.092955,30.458951,14288
104.530225,30.635683,14288
104.537912,31.86155,14288
103.860715,30.804239,14288
103.729809,30.664223,14288
104.093474,30.77923,14059
103.881593,30.823273,14288
103.821486,30.647142,14288
104.228711,30.731595,14288
103.227906,30.075329,14288
104.281237,30.646117,14288
104.091281,30.382979,14288
104.338575,30.84536,14288
104.023415,30.524154,14288
104.482128,30.460849,14288
103.64027,30.465852,14289
104.364649,30.430471,14288
103.661936,30.441138,14288
103.838376,30.536126,14288
104.049882,30.476792,14288
104.060557,30.647827,14288
104.326612,30.860051,14288
103.861408,30.446193,14288
103.925907,30.663494,14125
104.594964,30.383455,14288
103.904845,30.353457,14288
104.54784,30.717793,14288
104.111025,30.778525,14288
104.115379,30.45251,0
104.961803,30.224296,14288
103.718901,30.625055,14288
103.702017,30.852844,14288
103.984637,30.412747,14288
104.186661,30.553365,13812
104.158869,30.688256,0
103.575343,30.262255,14288
103.892869,30.513829,14059
103.881243,30.358887,14288
104.244388,30.64545,14288
104.606525,30.348884,14288
103.956702,30.937696,0
103.887161,30.527519,14288
104.146157,30.666535,14288
104.508827,30.354147,0
104.115749,30.583429,0
104.12913,30.671609,3327
103.865577,30.55747,14288
104.125999,30.894223,14288
104.080663,30.513854,14288
103.739139,30.57558,14288
104.178518,30.782382,14288
103.732147,30.333383,14288
104.318933,30.276161,0
104.172982,30.726882,14288
103.865531,30.603337,14289
104.206314,30.712755,14288
104.301864,30.382463,14288
103.936042,30.905278,14288
104.028303,30.485244,14289
104.063724,30.633334,14288
104.084738,30.460044,14288
104.22352,30.885152,14288
104.001792,30.747894,14289
103.959793,30.517459,14288
103.940643,30.614087,0
104.041081,30.937611,14288
104.072108,30.446743,14288
104.007635,30.553978,14288
104.500559,30.482601,14288
104.408698,30.344366,14288
103.986719,30.216099,14288
103.999501,30.013754,14242
104.226605,30.526548,14288
104.093218,30.581752,14288
104.479541,30.598466,14288
103.778303,31.177248,14288
103.837348,30.35756,0
104.109116,30.504108,14288
103.495825,30.175286,14288
103.744466,30.59751,14133
103.879063,30.48807,14288
104.488019,30.349258,0
104.526504,30.431077,14288
104.152114,30.707558,14288
103.556663,30.744308,14288
104.3674,31.126416,14289
103.56076,30.748589,14095
103.752898,30.491071,14288
104.029285,30.533701,14288
104.543469,30.662327,14288
103.969073,31.007922,14285
104.882544,30.083166,14288
103.973896,30.578884,14288
103.686278,30.837034,14288
104.391018,30.738777,14290
103.957319,30.034298,14288
104.105746,30.39237,14288
103.679445,30.406818,14288
104.108498,30.505477,14288
104.189644,30.662287,14288
103.492172,30.753019,14288
104.010123,30.741646,14285
104.046567,30.544803,14288
104.227427,30.858249,0
104.114252,30.750402,14288
103.870399,30.702369,14133
103.91254,30.978897,14288
103.937628,30.614137,0
103.934565,30.548605,14288
104.347387,29.746021,0
103.739095,30.653313,14135
104.247699,31.503505,14288
103.95993,30.151855,14288
103.999155,30.669478,14290
104.082395,30.665947,14288
103.452799,30.374575,0
103.883322,30.666051,0
104.262887,30.875452,14288
104.164845,30.659478,14288
103.279042,30.171403,14288
103.935614,30.905692,14288
104.017311,30.845509,14289
104.059288,30.674225,14288
103.857918,30.767223,14288
103.959151,30.431454,14289
103.851037,30.820378,14288
103.937525,30.614761,14288
104.274706,30.857076,14288
103.800573,31.038694,14288
104.050188,30.541838,0
104.326395,30.86046,14288
103.862962,30.5565,14288
104.375087,30.951494,14285
104.157884,30.692142,14125
103.872049,30.784719,14070
104.583017,30.388675,14290
103.920582,30.318815,14184
104.057547,30.792294,14288
104.040708,30.232292,14288
104.393018,30.283729,14125
104.019318,30.230066,14288
104.499251,30.479438,14290
104.223647,30.88517,0
103.967777,30.62599,14288
103.521701,30.796852,14288
104.100408,30.526503,14184
104.761759,30.615897,14288
103.561344,30.748858,0
104.16968,30.53241,14288
104.174595,30.715239,14288
103.92325,30.71733,14288
104.075385,30.588548,0
103.936591,30.552649,14288
104.177236,30.723532,14288
104.071585,30.695261,14288
104.1036,30.512849,14125
104.329347,30.853912,14288
104.120914,30.772467,14288
103.460059,30.746902,14288
103.937786,30.618981,14288
104.02251,30.500969,14288
104.146663,30.405666,14289
104.37694,30.991353,0
104.520647,31.295901,14288
104.260832,30.872784,14289
103.819672,30.405944,14288
104.124254,30.298145,14288
103.867397,30.535158,14288
103.745543,30.66595,14288
104.504533,30.636704,14288
104.198522,30.396122,0
104.104065,30.531193,14289
104.091806,30.218299,0
104.027744,30.723106,0
103.696582,31.839239,14288
103.510221,30.562444,14288
104.010475,30.563054,14288
104.488978,30.461836,14288
103.919135,30.979676,14288
104.14615,30.394404,14288
104.097357,30.573542,14288
104.393016,30.292088,14288
103.920977,30.966582,14288
103.94256,30.735003,0
104.038734,30.659297,0
104.611415,30.683384,14288
103.388153,30.742878,14288
104.186245,30.553009,14288
104.080613,30.713344,14288
104.310554,30.844819,0
104.32654,30.859894,14289
104.046485,30.543406,0
104.358332,30.818929,14288
104.144721,31.602607,14288
103.718386,30.611921,14288
104.392484,30.283749,14288
104.473065,30.486015,14288
103.97404,30.468795,14289
103.814659,30.633121,14288
104.118275,30.756911,14288
103.98143,30.785477,14288
103.804533,30.455481,14242
104.870593,29.227006,14288
104.072894,30.44459,14288
104.223848,30.805805,14288
104.23197,30.639539,14289
104.241225,30.784056,0
104.203719,30.740697,14288
104.023626,30.542069,14289
103.731529,30.327292,14288
104.078176,30.684119,14288
103.912612,30.979161,0
103.982004,30.765661,14288
104.33978,31.126202,14095
103.963064,30.658241,14288
103.969073,31.007922,14288
104.107383,30.508131,14288
103.937047,30.926456,14288
104.623742,30.101662,14095
104.169127,30.532364,14288
103.489771,30.18471,14288
104.48196,30.459197,14288
104.120425,30.773292,14288
103.896731,30.666635,14288
103.728223,30.333121,14288
103.981232,30.668915,14288
104.663509,31.089894,14288
104.109263,30.506626,14288
104.055845,30.847944,14288
103.877115,30.562489,14288
103.867062,30.535044,14288
104.268687,30.823323,14288
104.176588,30.646588,14288
103.504892,30.725433,14288
103.917501,30.742875,0
103.972562,30.469764,14288
103.678321,31.029508,14288
104.063991,30.329315,14288
104.242473,30.650296,14290
103.993009,30.90116,14288
103.758292,30.964963,14288
103.916174,30.369193,0
104.028577,30.551378,14289
104.065398,30.443958,14288
104.454018,30.351945,0
103.919577,30.419342,14288
104.108198,30.505434,14288
103.87865,30.198106,14288
103.687565,30.896527,14288
104.201123,30.733821,14288
104.443169,30.843951,14288
103.460139,30.746955,14288
103.760243,30.665451,14288
104.139315,30.379828,14288
103.914213,30.67543,14288
104.306351,30.24725,4852
104.198203,30.659732,14289
103.924731,30.950195,14288
103.820039,30.786652,14288
104.214003,30.583766,0
103.922609,30.287659,14288
103.800769,30.453581,14288
103.958138,30.66307,14288
104.188136,30.514684,14288
104.453333,30.605179,14288
104.085836,30.384687,14288
103.601286,30.87556,0
104.06955,30.647165,14288
104.318543,30.861012,14288
104.072322,30.572703,0
103.449795,30.466905,14289
104.055967,30.430984,14288
103.698439,30.865275,14288
104.306897,30.84495,14288
104.20325,30.726012,14242
104.804266,30.152034,14288
103.93689,30.613202,0
104.544446,30.718051,14288
104.110658,30.569107,14288
103.86137,30.804238,14288
104.096335,30.541626,14288
103.914335,30.675475,14290
104.379343,30.292312,14095
104.051263,30.757846,14288
104.267169,30.650667,0
103.98953,30.72267,14242
104.618501,30.683253,14288
103.93351,30.472757,14288
104.110569,30.564264,14288
104.05102,30.476796,14288
104.118191,30.75736,14288
103.946844,30.535456,14288
104.165425,30.658662,14288
103.810387,30.63183,14289
104.170685,30.615356,0
104.107146,30.608291,14288
103.638572,30.480446,14288
104.196355,30.544279,14288
104.260388,30.872697,14288
104.084293,30.793787,14288
104.675564,30.084144,14288
104.217162,30.582816,14288
103.866837,30.312097,14288
103.688158,31.024653,14288
103.888054,30.431078,14288
104.961402,30.223961,14288
102.996836,30.336897,0
104.36893,30.714822,14288
104.045847,30.491027,14288
104.435298,30.83611,14288
104.31251,30.289414,0
103.956996,30.935272,0
103.654904,30.926243,14288
104.196956,31.114319,14095
104.076317,30.454575,0
104.125999,30.894223,14290
104.509377,30.688384,14288
104.147855,30.712796,14288
104.477804,30.489303,14242
103.955574,30.440032,14288
103.972809,30.436357,14288
103.782318,30.694572,14288
103.679947,30.407024,14288
104.109657,30.562382,14290
103.861269,30.803964,14288
104.213866,30.651997,14288
104.252082,30.868855,14288
103.83551,30.34522,0
104.582911,30.708453,14288
104.317097,30.606611,0
103.82488,30.582426,0
104.280989,30.646421,0
104.018175,30.44222,0
103.823743,30.466071,14288
104.522279,30.429925,0
104.871105,29.226132,14125
104.051337,30.476756,14288
103.546036,30.351289,14288
104.038794,30.662207,14288
104.116536,30.688268,14288
103.834398,30.732883,14285
104.244097,30.650147,0
104.040965,30.59345,14288
104.168767,30.740847,14288
104.308488,30.845049,14288
104.20545,30.612705,0
103.784684,30.886546,14288
103.99798,30.467304,14288
104.693083,30.079461,14133
104.108928,30.542304,14288
103.999602,30.430027,14288
104.125263,30.769382,14288
103.828394,30.626872,14288
104.004533,30.5205,14289
103.661444,30.961267,14288
104.272827,30.326258,14288
104.475284,30.348252,14288
104.021469,30.515928,14288
104.556158,30.725684,14288
103.927234,30.513729,14288
103.677796,31.02966,14288
103.819507,30.489163,14288
104.499193,30.426749,14288
104.261353,31.078757,14288
103.784363,30.672918,14288
103.933597,30.425124,14288
104.166241,30.516654,14288
104.005761,30.515388,14288
104.076845,30.622246,0
103.479137,30.763126,14288
103.833703,30.510835,14288
104.101647,30.531573,4852
103.815011,30.464781,14288
104.019994,29.139561,14288
103.882312,30.612571,14288
104.224154,30.808909,14285
104.537134,30.365921,14288
104.005639,30.515525,14288
104.223957,30.67516,0
104.239219,30.621183,14288
104.192177,30.689745,14288
103.967802,30.64878,14288
104.315526,30.303159,14288
103.922763,30.716925,14288
104.359438,30.788927,14288
104.476122,30.35116,14288
103.734956,30.430409,14288
104.139967,30.009736,14288
103.876249,30.500572,0
104.070309,30.491756,14290
104.197404,30.787796,14289
104.199854,30.548841,0
104.078176,30.684119,14288
104.03356,30.465674,0
103.956867,30.723188,14288
103.73819,30.955701,14288
104.114179,30.462231,14288
103.93626,30.66019,14288
103.561094,30.748547,14288
104.16833,30.741692,14288
104.534955,30.654057,14288
104.12148,30.782151,14289
103.776003,30.839124,14290
103.690604,30.892909,0
104.390186,30.33271,14288
103.68105,30.803483,0
104.247304,30.554976,14288
104.762736,30.615639,14288
103.884837,30.388686,14288
104.207678,31.187344,14288
103.911987,30.631126,14288
104.202612,31.188945,14184
104.210968,30.568512,14288
103.740117,30.395548,14289
103.47464,30.431715,14289
103.932029,30.896422,14288
103.952325,30.428136,14289
103.536859,30.770081,0
104.173067,30.484288,14288
104.399156,30.341815,14288
103.619831,31.492067,14242
104.223792,30.566293,14288
103.767417,30.423833,0
103.978911,30.467515,0
103.790485,29.746271,14288
104.260457,30.614419,14288
104.001991,30.884435,14288
104.071861,30.542474,14288
103.55612,30.747945,14288
104.554881,30.354387,14288
104.582239,30.352753,0
103.803254,31.157888,14125
104.355062,30.843236,14288
104.221941,30.696128,14288
103.887195,30.528831,0
104.17965,30.746963,14288
104.082719,30.720186,14288
103.677343,30.949507,14288
104.198996,30.510512,14289
103.506026,30.559086,14288
104.315194,30.276464,0
104.139788,30.638915,0
103.939444,30.424275,5788
103.661444,30.961267,14288
104.55518,30.353594,0
104.908223,30.159855,14288
103.862303,30.710706,14288
103.823623,30.585253,14288
104.992097,29.584013,14288
103.853227,30.367209,14289
104.312282,30.874903,14288
104.235358,30.647103,14288
104.367489,30.303651,14288
104.198242,30.582071,14289
104.134163,30.662467,14288
103.931934,30.690894,14288
104.186066,30.552736,14288
103.794248,30.702549,14289
104.047963,30.541233,14288
104.137546,30.409569,14288
104.763134,30.563953,14285
104.753313,30.628982,14288
103.642266,30.943294,14288
103.920941,30.540642,14288
103.965832,30.183041,14288
103.972056,30.574353,14289
103.94507,30.750453,14288
103.661351,30.961049,14285
103.860683,30.804139,14288
103.889955,30.479306,14288
104.220768,30.63892,0
103.892069,30.778203,0
103.819305,30.797275,14288
104.191394,31.033034,14288
104.398987,30.334264,0
104.032227,30.526816,14288
104.112806,30.753075,0
104.082962,30.49212,0
103.952682,30.999564,14288
103.819593,30.569394,14288
104.245393,30.645416,14288
103.716242,30.593047,14288
103.937307,30.614555,14288
103.877137,30.165344,14289
104.065858,30.448374,14288
104.225086,30.707588,14288
103.824696,30.657815,0
103.649509,30.932591,14288
104.295832,30.6844,0
102.887804,30.196353,14288
104.102236,30.49831,14289
103.795188,30.446835,14288
103.996901,30.762018,0
104.27587,30.719059,14288
103.969552,30.470397,14288
103.6822,30.858817,0
103.819153,30.797276,14288
104.203516,30.726359,14288
104.224924,30.793761,14288
103.834753,30.861727,14288
103.920865,30.54088,14289
104.470631,30.510601,14288
103.701488,30.602606,14288
103.844284,30.428909,14288
103.935857,30.905488,14288
104.086307,30.419014,14288
104.242918,30.651225,14288
103.847043,30.4384,14288
103.601325,31.064678,14288
104.217621,30.694574,14288
104.209304,30.538841,14288
103.718581,30.61136,14289
103.669752,30.429154,14288
104.237364,30.653403,14288
103.851022,30.437263,0
104.10875,30.500944,14288
104.502582,30.494255,14288
104.249818,30.581189,14288
104.15927,30.673523,14289
104.09499,30.541644,0
104.033056,30.858442,14288
103.492636,29.971371,14290
103.889199,30.384098,14288
102.632773,31.869361,14288
103.832918,30.797834,14288
103.55914,30.548877,14288
104.242885,30.651087,14288
104.386565,30.30206,14288
103.978016,30.199958,14288
104.055922,30.847907,14288
104.220389,30.650766,14288
104.456165,30.846216,14184
104.168682,30.741594,14288
104.02139,30.460027,14285
104.069402,30.330181,14288
103.661439,30.961198,14288
104.248156,30.283538,14290
104.201897,30.678139,14288
104.399156,30.341815,14288
103.888121,30.556464,14288
103.814441,30.633134,14288
104.122985,30.442325,14288
104.039518,30.529346,0
103.936447,30.613979,14288
103.661389,30.96112,14288
103.661379,30.961278,14288
104.227508,30.655863,14288
104.177254,30.719152,14288
103.897186,30.666595,14133
104.093204,30.856437,14288
104.093231,30.52478,14288
104.0367,30.147992,14288
103.81527,30.633417,14288
104.392466,30.283874,14288
104.388011,30.746819,7803
104.114107,30.480414,13812
104.227419,30.997936,14288
104.269019,30.579037,14288
104.582349,30.114473,14288
104.187446,30.729466,14288
104.12655,30.378542,14285
103.483395,31.26036,14288
104.493292,30.321873,14288
104.319329,30.860973,14288
104.493212,30.321975,0
103.81331,30.970674,14288
103.890305,30.553771,14288
103.885107,30.601776,14288
104.556427,30.725513,14288
103.936161,30.660473,14288
104.226089,30.78351,14288
104.080668,30.513257,0
103.938181,30.42438,14288
104.222691,30.590658,13658
103.245518,30.380723,0
103.866733,31.077585,14288
103.972595,30.42903,14288
104.572481,30.771804,7803
103.918672,30.634393,14288
104.027834,30.66893,14290
104.326684,30.860256,14288
104.058231,30.36548,14288
103.552668,30.531277,14288
104.204623,30.730778,0
103.654305,30.926016,14290
104.071235,30.725231,14288
103.829028,30.396525,14288
104.327573,30.30613,14288
104.157672,30.69202,14288
104.208331,30.585709,14288
103.977605,30.688294,14288
104.195493,30.595729,14288
104.161804,30.680802,0
104.09874,30.468215,0
104.364649,30.430471,14288
104.047938,30.541675,14288
104.213911,30.651409,14288
103.960372,30.462292,0
103.973612,30.800531,14289
104.500559,30.482601,14288
104.563028,30.38797,14288
104.183242,30.710621,14288
103.536672,30.742607,14289
103.916813,30.683994,14242
103.994125,30.468946,14285
103.822063,30.870294,14289
104.255338,30.531256,14288
103.552284,30.532508,14288
104.098725,30.713325,14288
103.701488,30.602618,14288
103.552268,30.532679,14288
104.238846,30.623279,0
104.188208,30.51465,14184
104.440502,30.714821,14289
103.936146,30.614141,14288
104.079173,30.56485,14095
104.286024,30.696323,14288
104.195122,30.501153,4852
104.854521,30.229572,14288
104.203242,30.726291,14288
104.064287,30.375788,14288
103.755012,30.379566,14288
104.107675,30.580687,14288
104.452484,30.355668,14289
103.452061,30.47478,14288
104.215461,30.820976,0
104.224612,30.686132,0
103.958118,30.662831,0
104.230312,30.791972,0
104.026707,31.323885,14133
103.918172,30.710427,14288
104.236449,29.937983,14242
103.936102,30.905472,14288
103.968572,30.981691,14288
104.848082,29.757104,14288
103.823918,30.405183,14288
103.094528,30.070385,14288
104.412037,30.620961,14288
104.418528,30.945571,0
103.792445,30.187231,14288
103.804126,31.249799,0
104.269604,30.623459,14288
103.992691,30.745761,14288
104.350729,30.643459,14288
104.107729,30.394309,14288
103.936774,30.579411,14139
104.321786,31.117083,14288
103.904238,30.977123,0
103.934682,30.628767,14288
103.680699,30.894935,14289
104.326468,30.86006,14288
104.004465,30.592137,0
104.075712,30.637843,14288
104.59501,30.383109,14288
103.810241,30.44085,14288
104.162313,30.697942,850
104.154658,30.640841,14288
104.97353,29.871105,14288
104.149077,30.8392,14288
104.201213,30.739351,14288
104.204687,30.54655,14288
104.378953,30.675782,14288
104.549319,29.498492,0
104.22345,30.79456,14288
104.133751,30.371685,14289
104.15138,30.775924,14288
104.186644,30.707726,7892
103.553161,30.221156,14288
103.792831,30.643514,14288
104.133748,30.820778,14288
104.122082,30.539714,14288
104.015754,30.557514,14288
103.914412,30.861938,14288
104.114252,30.750402,14288
103.535802,30.742518,0
103.969425,30.366638,14288
103.917182,30.39777,0
103.975274,30.468389,0
104.099351,30.753191,14288
103.112597,30.052456,14288
104.53715,30.365917,14288
103.917363,30.989181,14288
103.797343,30.643747,0
104.461929,30.488075,14288
103.499134,30.542425,14288
103.450398,30.376019,14288
104.202884,30.725975,14289
104.303717,30.604057,14288
104.188852,30.792836,14288
103.972508,30.542054,14288
103.966068,30.435421,0
104.488838,30.46203,14289
102.76423,29.735628,14288
103.940412,30.932708,14288
104.029098,30.47932,14288
103.821616,30.610213,14288
104.671317,30.055186,14288
104.175426,30.664355,14288
103.902951,30.631984,14288
104.422812,30.8824,14288
104.098289,30.594955,14288
103.933908,30.72294,14288
103.838387,30.360798,0
103.884669,30.388736,14290
103.933962,30.740159,14288
104.318511,30.86128,14288
103.647174,30.951716,14290
103.914009,30.710833,14288
104.043499,30.205897,14288
104.786087,30.828674,14288
104.492157,30.322384,14288
104.238149,30.653057,0
103.832137,30.665678,14288
103.496698,31.176515,14289
104.006953,30.592738,14290
104.093027,30.523768,14288
104.0503,30.259618,14288
103.956633,30.64982,14288
104.011126,30.51574,14242
103.852726,30.36751,14288
104.58655,30.868767,0
103.935627,30.905817,14288
103.677875,30.338652,14288
104.120224,30.772953,14288
103.587772,30.26818,14288
104.086492,30.749546,14288
103.519794,30.787455,14288
104.093914,30.645459,14288
104.141003,30.611204,14288
104.014584,30.521638,14288
104.342869,31.056705,14288
103.723071,29.103728,14288
104.164426,30.383372,14289
104.185756,30.719231,14288
103.562109,30.516405,13812
103.681998,30.348543,14288
104.061648,30.418961,14288
104.378012,30.608554,14288
104.106548,30.740721,14288
103.664719,30.643744,14288
104.119903,30.772715,14289
104.084284,30.748789,14288
104.215542,30.649266,14288
104.198362,30.581939,14288
103.674984,30.645223,14288
104.22213,30.908735,14139
104.050061,30.540341,14288
102.022408,31.708585,0
104.025577,30.523912,14290
104.0211,30.8551,14289
104.922032,29.845192,0
104.325669,30.278129,14288
104.14801,30.717733,14288
104.064138,30.329321,14288
104.48951,30.493921,14288
104.636351,30.929294,14288
104.334391,30.657114,14288
103.819253,30.919592,14288
104.320162,30.315917,14184
103.858222,30.783982,0
103.989077,30.541891,0
104.235686,30.64677,14288
103.934565,30.548605,14289
104.080317,30.454406,14242
102.114771,29.64927,0
104.085396,30.683302,14285
104.114393,30.750491,14288
104.096767,30.538091,14288
103.887033,30.528469,0
104.525699,30.63638,14288
103.905936,30.397122,14289
103.859727,30.301472,14288
104.323405,30.644007,14288
104.105877,30.464085,14288
104.124729,30.76911,14289
103.947717,30.554143,14288
104.065032,30.179471,14288
103.870753,31.045409,14288
104.582239,30.352753,14288
103.681743,30.596706,14288
104.109083,30.506942,14288
104.368678,30.295343,14288
104.040358,30.880132,14288
103.653024,30.920077,14288
104.106774,30.587159,14288
103.791111,29.635014,14288
104.045128,30.445317,14288
104.172168,30.580682,14095
104.401229,30.343232,0
104.341043,30.825137,14288
103.813691,31.655578,0
104.345686,30.828582,14288
103.998771,30.576091,0
104.056015,30.640241,14290
104.213862,30.552146,0
104.21982,30.738994,14288
104.675564,30.084144,14289
103.795188,30.446835,14288
104.168176,30.386791,14288
104.850685,30.64735,14288
103.795314,30.441475,14288
103.967256,30.648567,14288
104.066146,30.180639,14288
103.948646,30.677494,14288
104.191616,30.790356,14288
103.921997,30.633927,14059
103.967345,30.648485,14288
104.200414,30.748994,14288
104.059554,30.416582,14288
104.085116,30.683542,14288
104.462872,30.347925,14288
103.83814,30.351832,0
103.956596,30.029245,14288
104.545796,30.718482,14288
104.261099,29.018918,14290
103.740165,30.531364,14288
103.972641,30.403348,14242
104.168726,30.741444,14288
103.8631,30.834617,14288
104.051422,30.541661,14288
104.119871,30.941313,14288
103.919058,30.948842,0
104.173896,30.727877,14288
103.776014,30.839195,14288
104.087691,30.749612,14242
103.913472,30.710693,14288
104.114505,30.750589,14288
104.038857,30.661825,14288
103.516642,30.578704,14288
104.247304,30.554976,14288
104.149966,30.622813,14288
104.488296,30.46218,14288
104.547639,30.691199,14288
104.06944,30.33022,14289
104.201175,30.733869,14288
103.600861,31.06451,0
104.066441,30.17978,14288
104.110979,30.605161,0
104.569477,30.371889,14289
104.077986,30.794713,14288
102.649408,30.917628,14288
104.374603,30.293721,0
104.155176,30.510244,14289
104.008012,30.453425,14290
103.876565,30.222616,14288
103.893599,30.243033,14288
104.501365,30.484501,14288
104.085976,30.385142,14288
103.772384,30.345291,14288
103.082107,30.373812,14288
104.294409,30.241051,0
103.677312,30.338928,14288
104.167385,30.475028,0
104.221263,30.638786,14288
104.222172,30.626732,14288
104.523145,30.436322,14288
103.498395,30.569082,14288
103.38431,30.73186,14288
104.03158,30.859108,14289
103.690451,31.022764,14288
104.177741,30.719135,14288
103.919482,30.622055,14288
104.072614,30.371665,14288
104.278684,30.64225,14133
104.039612,30.225514,14288
104.059325,30.383212,14289
103.894175,30.63391,14288
103.945925,30.430646,14288
103.997841,30.757541,14288
104.209975,30.901594,14288
104.138836,30.610651,14288
104.040415,30.464996,14288
104.220917,30.638491,14288
103.959168,30.615362,0
104.188825,30.717476,14288
104.054186,31.257705,14288
104.58716,30.734447,14288
103.977763,30.68878,14288
104.511893,30.421518,14288
103.977763,30.68878,14289
103.961278,30.644846,14125
104.605275,30.881055,14285
104.096335,30.540758,14288
104.432694,29.864717,0
104.194624,30.688774,14288
104.231263,30.79242,14095
104.261535,30.988528,14288
104.757556,30.910823,14288
104.413626,30.483143,14288
103.833474,30.342019,14288
104.101282,30.776501,14289
104.296319,30.993702,14288
104.022731,30.450023,14288
103.567811,30.260783,14289
104.185806,30.720027,14288
104.220768,30.63892,14290
103.936057,30.614103,14288
103.524293,30.395612,14288
104.2599,30.873582,14288
104.100374,30.652401,14288
104.2155,30.353879,14288
104.199235,30.510547,14288
103.922481,30.867375,14288
103.689234,31.022946,14288
103.902354,30.658459,14288
104.191616,30.790356,14289
103.915134,30.861993,14133
104.26363,29.943102,14288
104.021046,29.139217,0
104.501762,30.429384,14288
104.16687,30.636724,14288
104.176338,30.778518,14288
104.513225,30.420024,14288
104.333119,30.904932,14288
104.155279,30.580877,0
103.96415,30.643215,14288
104.24342,30.6457,14288
104.623868,30.428241,14288
104.035174,30.298165,14288
104.501529,30.488378,0
103.129383,30.076961,14288
104.317814,30.276751,14288
103.893315,30.513993,14289
104.023829,30.524029,14288
104.401366,30.997284,14290
104.072641,30.359452,14288
104.306694,30.262638,14288
103.538773,30.672097,14288
103.686197,30.837181,14288
104.413497,30.806263,0
104.058035,30.728182,14288
104.411494,30.34462,0
104.164537,30.617597,14288
104.497455,30.463255,0
104.220482,30.646358,0
104.198943,30.510223,14288
104.610802,30.86608,14288
104.28601,30.980767,14288
104.194619,30.786858,0
103.954249,30.59942,14288
103.839269,30.317743,14288
104.075607,30.814517,14288
104.149345,30.622498,14288
103.859206,30.827738,14288
104.049284,30.541295,14288
103.873759,30.774271,14288
103.836354,30.842805,14288
103.967103,30.438181,14288
103.923688,31.039474,14288
104.046863,30.428148,14288
103.812493,30.405689,14288
103.709663,30.394614,14288
104.391578,30.300123,14288
104.006267,30.592216,14288
104.223489,30.794307,14288
103.701413,30.39712,0
104.247438,29.016297,14288
103.980162,30.668922,14289
103.95692,30.723148,14289
104.028085,30.249858,14288
104.316948,30.371337,14288
104.052217,30.446808,14288
103.698095,30.40415,14288
104.14158,30.950893,14288
104.333748,30.835097,14095
104.0186,30.887934,14288
103.87434,30.412749,14289
103.963482,30.448107,14288
104.214726,30.648425,14288
103.941344,30.919448,14288
104.203527,30.725968,14288
104.366096,30.857245,14288
103.884669,30.388736,14288
103.780459,30.577433,14289
104.230281,30.729047,14288
103.973815,30.496875,0
104.221614,30.638595,14288
104.105877,30.464085,14288
103.875298,30.382273,14242
104.074936,30.32095,14288
104.114217,30.750609,0
104.536738,30.397018,14288
103.465568,30.438001,14288
103.620016,30.729519,0
103.870918,30.47696,14288
103.787916,30.765851,14288
104.398779,30.340615,14289
104.38703,30.761043,0
103.90768,30.785258,14288
104.272102,31.004948,14288
103.479897,30.427964,14288
103.85354,30.364472,14095
103.578999,30.845764,14288
104.097015,30.594811,14288
104.019127,29.138972,14288
103.923073,30.71737,0
104.229943,30.729416,14288
104.114475,30.750354,14059
103.864828,30.405752,14288
104.165116,30.862246,14288
103.815005,30.972717,14288
104.045396,30.427226,14288
103.927082,30.891565,14288
103.918027,30.997062,14288
104.349911,30.482211,14288
104.501189,30.480764,14288
104.082099,30.48865,14288
104.359281,30.531735,14288
104.473527,30.486212,14285
104.130065,30.671405,14288
103.575366,30.262183,14139
104.370805,30.9147,14290
103.935764,30.9055,14288
104.085109,30.789353,0
104.555184,30.097211,14289
103.956906,30.649538,14288
104.251727,29.013065,0
104.057648,30.385193,14288
103.85105,30.820434,14288
103.867262,30.53511,0
103.903938,30.676343,14288
104.155129,30.580682,14288
103.643767,30.470148,14288
103.746402,30.342315,14288
103.937701,30.614071,14288
104.390429,31.063288,14288
104.232392,30.793975,14288
104.080027,30.512585,14288
104.046553,30.544614,14288
104.070771,30.726749,14288
104.020188,29.139768,14289
104.152759,30.543786,14288
104.440457,30.981185,14288
104.188083,30.793495,14288
103.684231,30.946637,14288
104.451753,30.469646,14288
103.880687,30.483996,14288
104.327573,30.30613,14288
103.902329,30.834667,14290
103.913502,30.630969,14288
104.098065,30.622491,14288
104.262102,30.807881,14288
103.916946,30.684212,14288
104.523073,30.436208,14059
104.342624,31.0573,14288
104.272991,30.814595,14288
103.84039,30.678235,0
104.642861,30.676415,14288
103.845127,30.431618,14288
104.186319,30.761508,0
104.36335,30.600399,14288
104.200022,30.549475,14288
103.696711,30.649739,14288
104.053512,30.465968,14288
104.000681,30.430231,14288
104.06223,30.178031,14288
104.125085,30.769404,14289
104.143429,30.465772,14288
104.211782,30.75603,14290
104.080358,30.513676,14288
104.489006,30.461978,14289
103.495966,30.548577,14288
104.140637,30.392317,14288
103.498855,30.542442,14289
104.027149,31.332182,14290
103.913502,30.630969,14288
104.10946,30.510958,14288
104.030914,30.448385,14288
103.702017,30.852844,14288
104.245719,30.991695,14289
103.799827,31.166648,14288
103.874823,30.363541,14288
104.008783,30.59067,14290
104.163781,30.577717,14288
103.940546,30.754451,14288
104.807325,30.826907,14288
104.473694,30.486379,14288
103.906026,30.628468,14288
104.051931,30.439125,0
103.48165,30.757684,14288
104.22196,30.696568,14285
104.000942,30.762853,14288
103.987385,30.46685,14288
103.640408,30.466008,14288
103.851674,30.795369,0
104.296068,30.389721,14288
103.696538,30.399866,14288
104.513122,30.42023,0
104.065696,30.451138,0
103.945833,30.485891,14288
104.556059,30.353311,14288
104.21554,30.821122,14288
104.169006,30.741231,14288
104.077097,30.375363,14290
103.729785,30.664357,14289
104.118566,30.469028,14288
104.321011,30.285449,14288
104.351493,30.642789,14289
104.088076,30.71051,14288
104.006953,30.592738,14290
104.100394,30.459021,0
104.219235,30.683853,14288
103.609998,30.832862,14288
104.037907,30.659077,14288
103.982366,30.784675,0
103.746402,30.342315,0
104.486913,30.418542,14288
103.95966,30.517146,0
104.221135,30.638779,14288
103.904845,30.353457,14288
104.143094,30.581558,14288
104.177163,30.525539,0
104.550651,30.712634,14288
103.737808,31.196797,14288
103.884965,30.388638,0
104.128382,30.751777,14288
104.072652,30.398049,14288
104.018717,30.552848,14288
103.937275,30.614637,14288
103.288445,30.154517,14288
104.101765,30.718708,14288
104.343028,30.624391,14070
104.001834,30.128261,14289
104.212973,30.650314,0
104.046902,30.587995,14289
103.827479,30.579115,14288
103.961362,30.656244,14095
104.114879,30.378413,14288
103.701497,30.602667,14288
104.245374,30.553436,14288
104.150903,30.751324,14288
104.183441,30.711225,14288
104.17329,30.726965,14289
103.952164,30.796202,14288
104.235398,30.661855,14288
104.203504,30.726213,14288
103.917301,30.68404,14288
103.791714,29.723081,14288
104.135649,30.805836,14288
104.522726,30.429975,14288
103.947986,30.4559,14288
104.046783,30.42743,0
104.49051,30.601961,14288
103.49474,30.175779,14288
104.457722,30.855178,14288
103.824669,30.582878,14289
104.044568,30.593944,0
103.586621,30.268503,0
103.399445,30.742573,14288
103.639103,30.58848,0
104.125263,30.769382,0
104.081296,30.496282,14184
104.327108,30.308495,14288
103.904087,30.701681,14288
104.069945,30.690048,14288
104.097488,30.538097,14288
104.319375,30.276258,14288
103.923194,30.717174,13828
103.577122,30.275371,14288
104.254919,30.859331,14288
103.902666,30.842674,14184
103.976716,30.198739,0
104.215542,30.649266,14288
104.413658,30.483127,0
104.108601,30.768838,14288
103.861304,30.445417,0
104.252948,30.774128,14288
103.647804,30.951739,14288
103.818504,30.575399,14288
103.937555,30.768039,0
103.778456,30.461533,0
104.365645,30.293096,14184
104.053207,30.450293,14288
103.913164,30.722007,14095
104.074981,30.645378,14288
103.972881,30.991409,14288
103.977605,30.688294,0
103.905181,30.676519,0
104.071157,30.72522,14288
103.908076,30.660616,14288
103.945386,31.022122,0
104.108876,30.506776,0
104.131141,30.960663,14288
103.865363,30.603953,14288
104.07271,30.258419,14288
103.772285,30.577443,14288
104.062205,30.179096,14288
104.223873,30.566482,0
104.168699,30.741573,14288
104.243166,30.649927,14289
104.112446,30.753097,0
104.020385,30.5437,14288
104.061745,30.339321,14288
104.004981,30.480296,14288
103.975539,30.639596,14288
104.390984,30.286871,0
104.545924,29.752802,14288
104.213947,30.552167,14288
104.179704,30.590375,14288
103.766494,30.423665,0
104.50293,30.467417,14288
104.048365,30.725466,14288
103.440762,30.354926,14288
104.081638,30.507635,14288
103.859966,30.663285,0
104.138788,30.610791,14288
104.008727,30.590917,14288
103.837139,29.975569,0
104.298098,30.865118,14288
103.792354,29.723273,14288
103.937008,30.781864,0
104.168997,30.531909,14059
104.071204,30.725276,14288
103.859134,30.639737,14288
103.909556,30.816255,14288
103.681743,30.596706,14288
104.046541,30.574404,14288
103.96347,30.674866,14288
103.817852,30.634162,0
104.367449,30.304415,14289
104.044033,30.44689,14288
103.686336,30.842284,14289
104.669102,30.087842,14288
104.308386,30.845054,14288
104.267977,30.650049,14288
104.025393,30.515083,14288
103.832923,30.549955,14288
103.987804,30.985848,0
104.047874,30.540755,14288
104.211425,31.666446,14288
104.377989,30.454872,0
104.058107,30.411267,14288
103.876254,30.220994,14288
104.352199,30.768296,14290
104.30517,30.257945,14288
103.895835,30.84215,14288
104.079072,30.684966,14288
104.774482,30.613039,14288
104.317914,30.277197,14288
104.151356,30.750255,14288
103.988029,30.723999,14288
103.974428,30.195182,14290
104.534757,30.440125,14288
104.093246,30.581781,13828
104.471836,30.862616,0
103.87249,30.560705,14288
104.550651,30.712634,0
104.101685,30.498162,14288
104.914004,29.754963,14288
104.017432,30.531155,14288
104.152927,30.725899,0
104.109417,30.560578,14288
104.450166,30.485084,14288
104.187997,30.686911,14288
103.846604,30.42862,0
104.185822,30.71946,14289
104.229357,30.708232,14288
104.473694,30.486379,14288
103.917693,30.413866,14288
103.949035,30.382125,14288
104.245393,30.645416,14288
104.378281,30.455814,14288
103.837481,30.357371,14288
104.072039,30.40292,14288
103.967669,30.393377,14288
104.985766,29.539548,14288
103.888438,30.55659,14288
104.52945,30.447523,14288
104.159391,31.109423,14288
104.032377,30.738912,14288
104.226146,30.525042,14288
104.439319,30.349925,0
103.660891,30.96122,14288
103.444184,30.750761,14285
103.889193,30.44726,14288
103.738757,30.358195,14288
104.077321,30.794796,14288
103.709581,30.393898,14288
103.949101,30.515702,14285
104.577808,30.723781,14288
103.458469,30.430916,14288
104.085441,30.238497,14288
104.445627,30.273722,0
104.098961,30.707527,14288
104.415158,30.243754,14288
103.081843,30.373878,14288
103.720746,30.823182,14288
103.860783,31.064606,14288
104.482759,30.599374,4852
104.393253,30.755931,14288
104.107003,30.768999,14288
104.07241,30.452297,14288
103.959657,30.517152,14288
103.974356,30.195182,14288
104.2802,30.885088,14288
104.308698,30.865178,14289
104.248489,30.92034,14288
103.882583,30.668147,14095
104.041997,30.392984,14288
103.855262,30.473926,14288
103.920409,30.298631,14288
104.198695,30.705141,14288
104.081216,30.496179,14288
103.949961,30.541856,14288
103.912665,30.404661,14288
104.072485,30.35583,0
103.89872,30.375086,14288
103.940144,30.614225,14288
104.213455,30.80327,14288
104.392122,30.299073,14288
104.033842,30.662576,14288
104.342706,31.057249,14288
104.199216,30.739333,14288
103.472874,30.387861,14288
103.813726,30.632803,14288
104.237454,30.653012,14288
103.853989,30.577046,14288
104.255511,30.531195,14288
103.449019,30.483772,14288
103.969468,30.982238,14288
103.966832,30.668751,14290
103.097042,30.06412,0
104.430396,30.965847,14288
103.489739,30.184576,14288
104.081201,30.51717,14288
103.585424,30.266883,14288
104.062247,30.631607,14288
104.105627,30.543181,0
104.070363,30.387233,14288
104.481545,30.460799,14288
104.562987,30.369933,14288
103.870894,30.70178,14288
104.213997,30.651757,14288
104.071635,30.633652,14288
104.28423,31.134747,14289
103.903758,30.245038,14288
103.280705,30.16374,14288
104.081191,30.502811,14288
103.642109,31.013363,14184
103.920025,30.974871,14288
104.243187,30.645927,14288
103.980468,30.584528,14135
103.920061,30.811047,14288
104.114622,30.416233,14289
104.354185,30.435652,14288
103.739139,30.57558,14288
103.686356,30.629229,0
104.093515,30.581232,14288
103.889581,30.383791,4852
103.78839,31.035888,14288
104.427591,30.499804,0
104.162189,30.685553,14288
104.172971,30.485038,14288
103.905599,30.810904,14288
103.607162,30.82568,0
103.984011,30.541175,0
104.045687,30.682866,14288
103.790027,30.67143,14288
104.383226,31.057179,0
104.202416,30.858499,14288
103.89815,30.860299,0
104.106839,30.740643,14288
104.109919,30.505045,14288
104.135129,30.805869,0
104.06996,30.768748,14289
103.782242,29.635777,14288
103.974121,30.429149,0
104.010378,30.672443,14288
104.063006,30.685917,14288
103.865644,30.057725,14288
104.061321,30.419144,14288
104.042527,30.199237,14288
104.201733,30.813167,14288
104.164395,30.658682,14288
103.889143,30.447358,14288
103.700846,30.654125,0
103.888053,31.035573,14288
104.140656,30.82752,14288
104.321786,31.117083,14288
104.203257,30.740401,14288
103.802345,30.455069,0
103.07027,30.019116,0
103.952205,30.427996,14242
104.06979,30.768333,14133
104.063768,30.608833,14288
104.311668,30.298902,14288
104.287737,30.702047,14288
104.07671,30.752503,0
103.681791,30.596708,14288
103.792313,30.187185,14288
104.667185,30.070195,14139
103.748227,30.582618,14289
104.470631,30.510601,14288
104.46988,30.848664,0
104.705391,30.089332,14288
103.881682,30.452944,14289
104.397248,31.054619,0
104.185071,30.718455,14288
104.124602,30.60145,14288
104.556043,30.70944,14288
104.326766,30.896448,14288
104.052587,30.540475,14288
103.9089,30.733564,14288
103.82866,30.798809,14288
104.350209,30.481523,14288
103.990583,30.915902,14288
104.072207,30.572165,14288
104.111663,30.510996,14289
104.55498,30.353595,14289
104.074949,30.644974,14290
104.033195,30.542062,14070
104.200414,30.748993,14288
103.831393,30.632202,3327
104.043741,31.280025,14288
104.152364,30.725782,14288
103.638294,30.93602,14095
103.62623,30.989322,0
103.952044,30.427856,14288
103.904986,30.567678,14288
104.056311,30.763364,14288
104.101855,30.497729,14288
104.403891,31.063027,14288
104.508819,30.354565,14288
104.099101,30.468287,0
103.603188,30.827891,14288
104.224347,30.675031,14288
104.183226,30.710605,14288
103.890941,31.020457,14285
104.06135,30.339398,14288
103.839298,30.35952,14288
103.724748,30.578315,14288
104.509569,30.352582,0
103.890954,30.779011,14288
103.702017,30.852844,14288
104.043733,31.280039,14288
103.957918,30.612373,14288
103.80281,30.574325,14288
104.503732,30.426643,14288
104.18749,30.545193,14288
104.03897,30.498819,14288
103.956585,30.64982,0
104.347523,31.033799,14290
104.075564,30.732298,14288
104.455575,30.870244,14288
103.575107,30.554343,14288
104.03948,30.225836,14288
104.060353,31.245618,14288
104.508547,30.35445,14288
104.072002,30.309456,14288
103.57776,30.85134,14288
104.109158,30.506106,14288
103.987138,30.612286,14288
103.960174,30.152077,0
104.218665,30.814941,14288
104.183993,30.710854,14288
104.503152,30.419053,14133
104.064266,30.633099,14288
103.86219,30.555742,0
104.147136,30.703861,14288
104.393035,30.28354,14288
104.296773,30.386371,0
103.914498,30.675667,14288
104.170723,30.519609,0
104.147058,30.777592,14288
104.037907,30.659077,14289
104.090921,30.437325,14288
104.060054,30.674381,14288
103.914679,30.41927,0
103.903293,30.631744,0
104.562957,30.067449,14288
103.855941,30.290387,14288
104.37045,30.289172,0
104.105643,30.580153,0
104.396627,31.064992,14288
104.109141,30.506689,14288
104.182739,30.717341,14288
103.849988,30.538014,14288
104.046311,30.556982,0
104.511787,30.421719,14288
103.824642,30.594947,14289
104.076159,30.797748,14288
104.089285,30.444997,14288
104.224838,30.793719,14288
103.936085,30.9055,0
103.838413,30.360957,14288
104.449821,30.283281,14288
104.118387,30.757133,14288
103.877887,30.362954,14288
104.485746,30.599633,14288
103.95905,30.757945,14288
103.927703,29.928205,14288
103.988616,30.459223,14242
103.896073,30.666078,0
103.963114,30.931398,14288
103.951538,30.925684,14289
103.810703,30.630801,0
103.875433,30.612859,14288
104.200714,30.683458,14288
103.94067,30.614158,14288
103.974036,30.800248,14288
104.150399,30.571309,14288
103.696464,30.582559,14288
103.533246,30.694987,14288
103.79219,30.687278,14288
104.30723,30.263557,14288
103.213548,30.120329,0
104.006672,30.592353,14288
104.203745,30.740532,14288
104.003838,30.60666,14288
104.494656,30.328854,14290
103.976139,30.639923,14288
104.136618,30.528712,0
104.115336,30.75362,14288
104.314906,30.805649,14289
103.774793,30.411691,14288
104.200675,30.683493,14288
103.970269,30.934103,14288
104.537165,30.365687,0
103.847053,30.666729,14288
103.678093,31.029854,14288
104.099748,30.460067,14288
103.958294,30.663311,14288
104.047158,30.428126,14288
104.354956,30.921049,14289
104.242785,30.651605,14289
104.114467,30.452963,14288
104.148563,30.836516,0
104.509579,30.352443,0
104.269019,30.579037,14288
104.068818,30.551374,14288
103.79759,30.404747,14059
103.861549,30.804013,14288
104.054186,31.257705,14288
104.15916,30.775995,14288
103.505691,30.558929,14288
104.281493,30.677311,14288
103.972783,30.931068,14289
103.661038,30.961235,14288
103.959623,30.517439,14288
104.115224,30.752616,14289
103.943027,30.3371,14290
104.178622,30.782682,14288
104.061173,30.41553,14095
104.50897,30.352214,14288
104.06486,30.632982,14289
104.174397,30.396297,0
104.377959,30.455541,14288
103.820231,30.605467,14288
104.382239,30.35069,14288
103.610928,30.988096,14288
104.080528,30.688892,14288
103.678697,30.879252,0
103.964028,30.674602,14288
103.127551,30.062321,14288
103.862317,30.919351,14288
104.224847,30.793766,0
103.998268,30.66941,14095
104.060446,30.650222,14288
104.420526,30.90845,14288
104.501275,30.424216,14288
103.972881,30.621866,14289
104.237378,30.653148,14288
104.973048,29.87072,14288
104.055361,30.847549,14288
104.173741,30.727681,0
104.109402,30.58052,0
104.00341,30.73494,14288
104.238071,30.653033,14288
104.204735,30.730912,0
103.977661,30.640358,14289
103.949892,30.541865,0
104.105059,30.587308,14288
104.533534,29.759768,14288
103.733736,30.596215,3327
103.471317,31.278323,14288
104.451193,30.410158,14288
104.231293,30.79256,14288
103.884749,30.388722,14288
103.977527,30.688604,14289
103.9089,30.733564,14288
104.098702,30.885194,0
104.108967,30.50653,3327
103.905677,30.841324,14288
103.861262,30.803909,14288
103.729809,30.664241,14288
104.177589,30.484005,14242
103.669158,30.897578,0
104.04158,30.529461,13658
103.636834,30.485096,0
104.142194,30.613901,14288
104.062459,31.252168,14288
103.730782,30.585809,14288
104.177989,30.725704,0
104.344989,30.815539,14288
103.501073,30.555757,0
104.578958,30.687313,14288
104.221143,30.835009,0
104.092146,30.52391,14288
103.827487,29.996289,14288
103.893015,30.738653,14288
104.107383,30.508131,14288
103.984101,30.572879,14288
103.838393,29.776492,14095
104.348812,31.049961,14285
104.19141,31.033,0
104.310504,30.273279,14242
104.064467,30.269825,0
104.115191,30.378479,14288
103.952689,30.999571,14288
104.120351,30.773441,14288
104.434273,29.596854,0
104.201109,30.739548,0
104.195453,30.689038,14288
104.219111,30.655232,14288
104.221592,30.847583,14289
104.576441,30.71788,14242
104.221153,30.638882,14289
103.501255,30.571008,14285
104.076426,30.770389,14288
104.100085,30.459967,14288
102.958354,30.19333,14288
104.162489,30.557079,14059
104.249678,30.860413,14288
104.012255,30.8313,14288
103.438261,30.363599,0
104.615112,30.163391,14288
103.819082,30.467355,0
103.457087,30.428808,14288
104.471836,30.862616,14288
103.59876,30.964439,14288
104.255522,30.53119,14289
103.911961,30.630931,14288
104.068703,30.183961,14288
104.081645,30.506206,14288
104.106801,30.510798,14288
104.22373,30.566316,14289
103.9726,30.991393,14288
103.936197,30.905617,14288
103.983837,30.208609,14288
103.643319,30.469908,14242
104.020853,30.492967,14242
103.743235,30.576601,14288
104.113931,30.461991,14184
103.807197,30.64997,14288
103.950445,30.46672,14288
103.663144,30.97021,0
103.970537,30.650213,14288
104.143333,30.58185,14288
104.058353,30.725982,14288
104.056875,30.85058,14288
104.291312,30.357575,0
104.082258,30.455362,14290
103.922646,30.287667,14288
104.102813,30.49714,14288
104.157629,30.649415,14288
104.052098,30.487256,0
104.160642,30.643233,14288
104.180534,30.68214,14288
104.308555,30.845169,0
104.040522,30.661927,14095
104.185173,30.684263,14288
104.150028,30.622985,14288
104.134123,30.732856,14288
103.967823,30.812618,14288
104.045994,30.537877,14288
104.259508,30.868279,14288
104.071277,30.725145,14288
104.058051,30.476543,14288
103.841482,30.795682,14288
103.944734,30.662535,14288
104.991747,29.54171,14288
104.070011,30.76798,0
103.903777,30.24533,14288
103.997094,30.907937,0
103.988025,30.823129,14288
103.681024,31.04166,14288
103.856217,30.407709,0
103.954656,30.544643,14288
104.005315,30.565495,14288
103.862102,30.556391,0
104.099598,30.467136,14288
104.221253,30.695586,14288
104.326808,30.718934,14288
103.633353,30.47752,14288
104.804053,30.152395,14288
103.888759,30.556896,14125
103.703689,30.575889,14288
104.057594,30.385177,14095
103.960131,30.365617,14288
104.32658,30.860361,14289
103.898615,30.388679,14288
104.476975,30.498724,14288
104.262789,30.852203,14288
103.861409,30.446189,14288
103.961318,30.64503,14288
104.196726,30.697717,14288
104.106303,30.608307,0
104.081685,30.587798,14288
103.673375,30.904371,10246
103.962908,30.940464,14288
104.070979,30.725263,0
104.085195,30.461296,14288
103.551481,30.544975,14288
103.800769,30.453581,14288
103.875866,30.728223,0
103.796862,30.643603,14242
104.034663,30.541849,14288
104.056094,30.428173,14289
104.272827,30.326258,14288
103.685338,31.022954,14289
104.080017,30.513183,14288
103.474778,30.431418,14288
104.054186,31.257705,14288
103.720294,31.102935,14290
104.395454,30.895924,14288
103.982283,31.04865,14288
104.161074,30.692365,14288
104.071215,30.725069,14288
104.185821,30.719845,14288
103.561089,30.748622,14288
104.10553,30.397221,14288
103.944312,30.662684,14288
104.221143,30.835009,14288
104.028414,31.327385,0
103.940846,30.945604,14288
103.967692,30.655435,0
103.990821,30.907715,14288
104.186032,30.589441,0
103.887894,30.661551,14288
104.238744,30.53385,14288
103.570435,30.743152,0
104.270448,30.735749,14288
103.942263,30.847693,14288
104.97439,29.869605,14288
104.067289,30.541152,14288
104.501202,30.473705,14288
103.857653,30.449761,14288
104.339357,30.669078,0
104.164158,30.593954,14288
103.797922,31.240953,14288
104.00601,30.522423,14288
104.18234,30.533685,14184
104.49382,31.32766,14288
103.963051,30.448085,0
104.384577,30.927485,14290
104.009523,30.482352,0
104.259541,30.910719,14288
104.058279,30.385762,14288
104.32658,30.860361,14184
104.389346,30.276021,14288
104.177479,30.719132,14289
104.051805,30.439243,0
104.079163,30.65602,14288
104.084078,30.720544,14288
103.774694,30.897194,14135
103.859053,30.827624,14290
103.870889,30.711113,14288
103.414846,30.055922,14288
103.994522,30.670392,14289
104.383028,30.583682,14288
103.912992,30.630907,14288
103.544085,31.435898,14288
103.95748,30.936174,14288
104.242556,30.650102,14288
104.242499,30.649973,14288
104.426946,30.6992,14288
103.44984,30.466832,14288
103.48756,30.15183,14288
104.350044,30.555431,0
104.184472,30.71699,14288
103.699816,30.523052,14288
104.059234,30.433165,14288
104.462386,31.234167,0
103.761999,30.414399,14288
103.91148,30.798342,14288
103.891025,30.676526,14288
104.013697,30.225833,14288
104.443673,30.84495,14288
103.980778,30.453968,14288
103.147253,30.461352,14288
104.216348,30.52238,14288
104.118501,30.378543,14288
103.600675,31.005977,14288
104.006668,30.867355,14290
103.686388,30.62963,14070
104.21619,30.699662,14289
103.182636,30.010648,14184
103.819177,30.79741,14288
104.284213,29.957637,14288
104.362197,30.289108,14070
104.081847,30.455442,14288
103.549621,30.211264,14288
104.08841,30.74119,14095
103.900141,30.360923,14289
103.701435,30.602715,14288
103.616598,30.976174,14289
104.022436,30.647528,0
104.370599,30.289286,14288
104.255692,30.578238,14288
104.237464,30.627509,14288
103.887993,30.556246,0
104.555643,30.175395,14289
103.937259,30.614555,14288
104.24092,30.598379,14288
103.58524,30.487198,14288
103.847763,31.028319,14289
103.917911,30.69224,14288
103.924349,30.949794,0
103.994076,30.747259,14288
104.035288,30.756498,0
104.070979,30.725263,0
103.87791,30.863467,14095
104.013814,30.519455,14288
104.076423,30.48696,14289
104.298169,30.390475,14288
103.958484,30.663771,14288
104.236202,30.646908,14285
104.076656,30.79788,14288
104.543847,30.706715,0
103.661586,30.960958,14288
103.717144,30.593807,0
104.120818,30.501571,14288
104.226932,30.59336,14095
104.365566,30.50317,14288
103.85102,30.820429,14288
103.842242,29.783835,14288
104.56536,30.371125,14290
104.024624,30.760532,14290
104.223774,30.71032,14288
104.009556,30.451804,0
104.428426,30.896018,14288
104.234838,30.645938,14288
104.054253,30.849134,14288
103.83282,30.549607,14288
104.259545,30.093162,14288
103.541092,31.051497,0
104.689276,31.028743,14288
103.460434,30.747037,14288
104.45447,30.467787,14288
103.834964,30.848208,14288
104.204615,30.730885,14288
104.326395,30.86046,14288
104.47396,30.486358,14288
104.04777,30.541483,14288
104.460732,30.34403,14288
103.548258,30.210844,14288
104.310814,30.273467,14288
104.435307,30.355431,14288
104.017144,30.492339,14288
104.243236,30.645748,14288
103.784762,30.653092,0
104.494656,30.32857,14288
104.105746,30.39237,14288
103.856545,30.285215,0
104.098194,30.59787,14288
104.430332,30.603115,14288
103.711548,30.322669,0
103.920346,30.674697,14289
103.907819,30.242446,14288
103.647804,30.951739,0
104.02379,30.526508,0
103.878379,30.486078,0
103.847763,31.028319,14288
103.55709,30.425656,14288
103.935171,30.905597,14289
104.220083,30.695266,14285
104.226104,30.791586,14288
103.813235,30.631097,12518
103.796355,30.648695,14288
103.530947,30.405814,14095
103.952012,30.427923,14288
104.129583,30.678365,14288
103.788894,30.477708,14288
104.513493,30.513152,14290
103.879632,30.489957,14285
104.19147,30.592989,14288
104.104099,30.419235,14288
103.885075,30.165368,14288
104.086337,30.456659,14288
104.474729,30.418992,14288
104.224038,30.675242,14288
103.855914,31.699699,14242
103.957729,30.965931,14288
104.405816,30.339332,14289
104.081202,30.513357,0
104.404679,31.330451,14135
103.857945,30.828466,14288
103.879086,31.066696,0
104.048911,30.476584,14288
103.526806,30.395621,14288
103.871127,30.290099,0
103.909039,30.543071,14288
104.443321,30.842836,14288
104.227904,30.781273,14289
103.511194,30.752009,14288
103.914625,30.71181,0
104.566889,30.387806,14288
103.861186,30.803922,14288
103.791391,29.636782,14288
104.161711,30.683234,14095
104.085141,30.683509,14288
103.985202,30.723647,14288
104.081022,30.608106,14288
103.533991,30.694735,14288
104.390184,30.300206,14288
104.33281,30.641578,14288
104.254272,30.855921,0
104.255411,30.859493,14288
103.452633,30.474138,14288
103.561262,30.748658,0
104.140423,30.827316,14289
103.642266,30.943294,0
103.935859,30.905613,0
104.225801,30.790648,14288
104.069924,30.76866,14288
103.506687,30.744053,0
103.696402,30.582597,14288
104.153028,30.781723,0
104.09378,30.524804,14288
104.108671,30.464285,14288
103.970092,30.470156,14289
104.485748,30.444371,14288
103.937538,30.619379,14288
104.465017,30.470929,14288
104.061271,30.419192,14288
103.972195,30.542101,14289
103.857008,30.449573,14288
103.443176,30.943796,0
103.237208,30.379707,14288
104.079693,30.836535,14288
104.556334,30.373193,14288
104.253888,30.859073,14242
103.873683,30.485666,14288
104.748459,30.623928,0
104.22156,30.847532,14288
103.844087,30.800734,14288
104.055038,30.46664,14288
104.538859,30.44157,14288
104.056629,30.794943,14288
104.291726,30.815643,0
103.678256,31.029747,14288
103.851132,30.437408,14184
104.012255,30.8313,14288
104.109204,30.619035,14288
104.175489,30.71537,14288
104.489006,30.461978,14288
104.061298,30.419386,14288
103.916893,30.677976,14288
103.786015,30.428167,14288
104.106979,30.513087,14290
103.942619,30.735338,14288
104.156225,30.510792,0
104.318724,30.27526,14288
103.717683,30.383141,14288
103.628413,30.727492,14288
104.304785,30.246533,14288
103.863994,30.348041,14289
103.89656,30.666146,14288
103.936418,30.613871,14290
103.440202,30.355291,14288
104.005751,30.451893,14288
104.203286,30.726151,14289
103.766458,30.578201,14288
104.003386,30.73499,14288
104.224073,30.566523,14288
104.085044,30.683275,14288
104.311721,30.299176,14288
103.60191,30.393416,14184
104.523161,30.436322,14242
104.061318,30.492493,14288
103.857418,30.670139,14288
104.044263,30.592901,14288
104.167453,30.641569,14288
103.50664,30.56661,14290
104.087045,30.804342,14288
104.120362,30.773129,14288
103.994777,30.443636,14288
103.963035,30.448085,14288
104.966161,30.482427,14288
103.819137,30.797342,0
104.143387,31.604759,14288
104.47861,30.489833,14290
104.058896,30.651025,14288
104.326299,30.860194,14288
103.890626,30.779254,14288
104.424797,30.605344,14290
104.318403,29.711331,14288
104.572897,30.339064,14288
104.028222,30.484731,14288
104.069151,30.692765,14288
103.739971,30.531342,14288
104.079049,30.684124,14288
104.191814,30.790529,14288
102.202138,29.726001,14288
104.150194,30.616381,14288
103.921599,30.296647,14288
104.019849,29.139811,14289
103.746929,30.720357,14288
104.242811,30.650605,14288
103.505943,30.559159,0
104.217459,30.572331,0
103.60158,31.00297,14288
103.851486,30.669347,14288
103.683236,31.0134,14289
104.453767,30.85435,0
104.221664,30.847833,14289
103.945249,30.555488,14288
104.24917,30.580473,14288
103.647804,30.951739,14289
104.180958,30.53453,14288
104.182276,30.717694,14288
104.070011,30.76798,14288
104.149196,30.839395,14288
104.237939,30.652908,14290
104.022029,30.544375,14288
103.981236,30.785207,14288
104.014942,31.428203,14288
104.149458,30.659515,14184
103.785817,30.652261,14289
104.40148,31.061441,14288
103.970282,30.650137,14288
104.212973,30.650314,0
103.43806,30.941786,14288
104.065816,30.329307,14288
104.019661,30.811713,0
104.236837,30.659481,14288
103.95248,30.999216,14288
104.345855,30.864866,14288
104.150612,30.65851,14288
104.059501,30.453541,14288
103.812796,30.95486,14288
104.924373,29.84521,14288
104.190135,30.662441,14288
104.10733,30.74067,0
103.815609,30.633403,14285
103.797922,31.240953,14288
104.490629,30.323223,14184
104.079339,30.513612,14290
103.497467,30.545997,14288
104.009247,30.764044,14288
103.851924,30.406289,14288
104.080172,30.597553,14288
104.000129,30.7513,14288
104.320022,30.645998,14288
103.92904,31.087756,14288
103.909685,30.602611,14288
104.116689,30.717289,14288
104.057491,30.726078,14288
104.081458,30.489538,14288
104.001581,30.735744,14288
103.55709,30.425656,14288
104.077171,30.752464,0
104.333606,30.644166,14288
104.847736,29.754435,14242
104.216545,30.807961,0
102.816646,29.076856,14288
104.130527,30.670366,14288
104.198695,30.705141,14290
104.619119,30.688729,14288
103.638741,30.479193,14288
104.237443,30.652967,14288
104.201213,30.739556,14288
104.23441,30.788216,14288
104.052644,30.473678,14288
104.117622,30.537708,14288
104.079056,30.513355,0
103.762733,30.775073,14288
104.058051,30.476543,14288
104.185838,30.718486,14289
103.78839,31.035866,14288
104.178622,30.782682,14288
103.823431,30.610162,14289
104.253739,30.60942,14288
104.165384,30.642174,14290
103.117862,29.302873,14288
103.966076,30.436007,14288
104.23032,30.791959,14288
104.203314,30.725995,14288
104.877618,30.285744,0
104.178604,30.782794,14288
103.697412,30.396047,0
103.636788,30.927995,14288
104.452403,30.352526,14135
104.391639,30.742293,14288
103.969315,30.366584,14095
104.454145,30.347946,14288
104.106765,30.607923,0
104.165705,30.712522,0
104.099884,30.459267,14288
104.252299,30.212983,14288
103.904359,30.369943,14095
103.949017,30.487251,14288
103.944409,30.662742,14288
103.881356,30.486779,14288
104.526504,30.431077,14242
104.1069,30.608077,14288
104.361506,30.434862,14288
104.210078,31.059435,14289
104.166517,30.605856,0
104.111261,30.510854,0
104.196076,30.804043,14288
104.1339,30.662194,14288
104.502979,30.354156,14288
104.161749,30.682706,14288
104.159082,30.598699,14288
103.94166,30.433221,14288
104.537242,30.657081,14288
103.532952,30.526898,14289
103.669159,29.781029,0
103.462684,30.74908,14288
104.053911,30.808552,14184
104.172288,30.659283,14285
104.022172,30.501084,14288
104.013451,29.139523,14289
103.654955,30.92702,14288
103.721844,31.101721,14288
104.784211,30.834736,0
104.533972,30.727047,14288
103.916174,30.410254,14288
103.79091,30.982476,14288
104.085984,30.383732,0
104.990726,29.54284,14288
104.578076,30.809759,0
104.264217,30.731857,14288
103.969009,30.655019,14288
104.061109,30.39002,0
104.139533,30.640875,0
104.17859,30.782974,14288
104.168785,30.741556,14289
104.087308,30.680437,14184
103.695127,30.976893,14288
104.152079,30.772645,14288
104.115536,30.580683,14288
103.546086,30.601766,14288
104.346591,30.663057,0
103.695936,30.407877,14288
103.95668,30.031053,14288
103.939619,30.617175,14289
104.352199,30.768296,14288
104.051897,30.540674,0
104.043655,30.446411,0
104.925319,29.851345,0
104.584911,30.355321,14289
104.512013,30.421617,14288
104.539062,31.861231,14288
104.467242,31.043205,0
104.085441,30.238497,14288
104.214183,30.651621,14288
104.15812,30.70385,14288
103.826939,30.932754,14288
104.320521,30.278048,14288
103.501905,31.380119,14288
104.066063,30.688175,14288
103.421721,30.347647,14288
103.926252,30.286565,14288
103.630318,30.276013,14288
103.853625,30.76408,14288
104.234605,30.646376,14288
104.045263,30.529387,14288
103.83756,30.49148,14289
104.311901,30.846878,0
104.505052,30.505186,14288
104.056279,30.763258,14095
104.324466,30.936434,0
104.539839,30.721782,14290
103.883272,30.411373,14288
104.631706,30.872436,14288
104.223671,30.885318,14184
104.133676,30.39903,14288
104.062765,30.653066,0
103.87094,30.62007,14289
103.893508,30.513837,14288
103.917114,30.68368,0
104.106978,30.39427,14288
104.070064,30.327423,14288
104.450149,30.800466,14289
103.837535,30.663379,14288
103.99541,30.897315,14288
104.322945,30.307572,14290
104.143425,30.465767,14288
103.937074,30.61322,0
104.105572,30.443475,14288
104.133868,30.400681,14288
104.049841,30.476755,14288
103.499324,30.173895,14288
103.851132,30.43724,14288
103.903869,30.538104,14288
104.650029,29.515908,14288
104.326024,30.278108,14288
104.215098,30.582714,14288
104.056414,30.393843,14288
103.917381,30.742741,14288
104.075463,30.770544,14288
103.67078,30.903898,14288
104.172762,30.483604,14288
103.460472,30.379625,14288
103.505857,30.751466,14288
104.379175,30.715403,14288
103.969297,30.366477,14288
104.025448,29.137494,14289
103.541982,30.582692,14288
104.17329,30.637841,14288
103.843513,30.673347,14288
104.4746,30.34742,14288
104.088397,30.552861,14288
104.293818,30.971659,14289
104.164651,30.658772,14288
104.750972,29.745227,13812
103.878618,30.198408,14288
103.638294,30.93602,14288
103.458476,30.37112,14288
104.048726,30.470478,14288
103.936197,30.905649,14290
104.185576,31.632201,14288
103.938342,30.424348,14288
104.234838,30.645938,14288
103.4947,30.175813,0
104.224249,30.566466,0
104.047803,30.5981,14288
103.969407,30.95085,14288
104.011663,30.518143,14289
103.970633,30.650257,14288
103.659565,30.926207,14288
104.802886,30.154697,14288
104.211425,31.666446,14290
104.177482,30.697869,14095
104.202052,30.739158,14288
103.460364,30.464259,14288
104.093753,30.779463,14288
104.231517,30.793126,14288
104.028054,30.551487,9456
103.96447,30.614796,14288
103.965163,30.383309,14288
104.242916,30.64555,14289
104.093232,30.586459,14288
103.908216,30.973064,14288
104.043617,30.448816,14288
104.306664,30.84475,14289
103.534601,30.784529,14288
104.006942,30.519179,14288
103.910568,30.568259,14285
103.49474,30.175829,0
103.921525,30.518765,14288
104.316688,30.605983,0
104.011517,30.482382,14288
104.035918,30.233778,14289
104.422368,30.474402,14289
104.210637,30.705723,14288
104.020708,29.139263,14288
103.921056,30.702948,14288
104.539748,31.859612,14288
104.044633,30.259835,14288
103.717933,30.609789,14288
104.394432,30.34991,14288
104.078123,30.521765,14288
103.934249,30.905498,14288
104.544596,30.707122,14288
104.072668,30.328175,14288
104.041565,30.721695,14288
104.116758,30.522941,14288
103.737762,30.512205,14288
104.114265,30.750433,14288
104.196316,30.527489,0
104.340141,30.700366,14095
103.935379,30.905165,14288
104.97439,29.869605,14288
103.342517,30.122488,14288
103.963131,30.448053,9493
104.015238,30.448618,14288
104.501766,30.354552,0
104.069967,30.768973,14288
104.028238,30.45059,14290
103.649946,31.002677,14290
104.063255,30.48661,14288
103.892594,31.019944,14288
104.21475,30.583501,14288
104.006484,30.571565,0
104.18456,30.716959,14288
104.446115,30.598151,14288
104.15011,30.616043,14288
104.327147,30.306346,14288
104.490377,30.601936,14288
104.292962,30.32209,14288
103.673288,30.33645,14288
104.4226,30.393706,0
104.509545,30.352546,14288
104.241249,30.958142,0
104.198522,30.592193,14288
103.891199,30.777642,14288
103.737916,30.584252,14289
104.39461,30.299598,14289
104.559591,30.727977,0
104.37694,30.991353,0
103.457267,30.47802,14242
103.952413,30.428141,14288
104.404679,31.330451,14288
104.059036,30.65096,14288
103.923016,30.686502,0
104.502107,30.480261,14288
103.917533,30.742825,14288
104.530501,30.433199,14288
103.684137,30.898983,14288
103.547308,30.209634,14288
103.934881,30.671888,0
104.17722,30.718812,14288
103.847088,30.316633,14288
103.545495,30.589078,14288
103.923218,30.717114,14288
103.996987,30.426837,14288
104.23539,30.646688,14288
104.17916,31.018764,14288
104.053069,30.456849,14288
104.108671,30.507546,0
103.967279,30.43591,14288
104.660373,31.131111,14288
103.794751,30.935979,14288
103.844498,30.429311,14288
103.598433,30.985501,14288
103.782495,30.645208,14288
104.352566,30.843897,0
104.069317,30.326913,14288
104.234606,30.646121,14288
103.974524,30.795943,14288
104.044387,30.8541,14288
104.074891,30.364986,14288
104.07653,30.454555,14288
104.464745,30.472866,14288
104.660373,31.131111,14288
103.701678,30.602599,14288
104.16687,30.636724,14288
104.18284,30.791662,14288
104.318736,30.861177,14288
103.964359,30.641262,14288
104.095751,30.538957,14288
104.456908,30.850496,14288
104.332982,30.63716,0
104.235006,30.64607,14288
103.905497,30.81034,14289
104.669471,29.503754,0
103.663312,30.959992,0
104.464052,30.488589,14288
103.536818,30.569816,14288
103.897728,30.019343,0
103.878396,30.478149,14288
104.199851,30.740238,14288
104.286349,30.700878,14288
104.093346,30.719794,0
104.101736,30.497166,14288
104.018881,30.521939,14289
104.237252,30.645156,14288
104.086794,30.227497,14288
103.87363,30.485668,14288
104.429184,30.355839,14288
103.899228,30.616009,14288
103.975373,30.46926,14288
104.239475,30.793974,14288
103.959857,30.621063,14242
104.032609,30.513952,0
103.496307,30.753028,14288
103.963691,30.202855,14288
103.800659,30.63184,14288
104.045344,30.445563,14289
103.940532,30.925268,0
104.356083,30.551554,14288
104.051551,30.541221,14059
104.174076,30.728062,14184
103.684231,30.946637,14288
104.046511,30.449188,14289
104.37999,30.284562,14288
104.118439,30.757128,14289
103.855229,30.443687,14288
104.14929,30.839316,14288
104.176993,30.950747,14288
104.244073,30.645452,14288
104.062723,30.438093,14289
103.885844,30.583857,0
104.074092,30.444631,14289
103.945969,30.487664,14288
104.040563,30.666764,14288
104.111007,30.51013,14288
104.105263,30.512998,14288
103.741033,30.59727,14288
104.201793,30.678373,14288
104.203732,30.740684,14288
104.03955,30.225957,14288
104.078533,30.656125,0
103.989917,30.461327,14288
104.146303,30.623894,13812
104.224836,30.793691,14289
104.555936,30.725125,14289
103.920658,30.79139,14288
103.966656,30.739039,14288
104.297575,31.034948,14288
103.785405,29.785816,14288
104.054518,30.849169,0
104.081703,30.455794,14288
104.039537,30.225855,14184
104.2454,30.55358,14288
104.520383,31.296041,14288
103.471357,31.278373,14059
104.074525,30.445082,14288
103.922865,30.716834,0
104.185432,30.552241,14288
103.909924,30.85179,14288
103.408603,30.747786,14290
104.071758,30.211682,0
103.792064,30.643195,14288
104.174158,30.787195,14288
103.929437,30.941695,14288
104.327573,30.30613,14288
104.008585,30.452299,14288
104.242913,30.650056,14285
104.214547,30.583465,14285
104.393154,30.293549,0
103.969146,30.366564,14288
104.177465,30.718712,14288
103.697356,30.407197,14288
104.139999,30.646093,14242
103.866636,30.463006,14288
104.168785,30.741556,0
104.640206,30.677348,14288
104.501157,30.473844,14288
102.436769,29.136551,14288
103.497301,30.568489,14288
103.718466,30.611764,14288
104.234958,30.64582,14288
103.791942,30.68418,14285
104.290714,30.58659,14288
104.176801,30.771163,14288
103.939956,30.504185,14059
104.508586,30.354354,14289
104.008841,30.590564,14288
104.221464,30.849984,14288
104.134363,30.733809,14095
104.359496,30.662043,14288
104.871351,29.225415,14288
103.804406,30.455497,14288
103.684645,30.946741,14289
104.243632,30.645826,14289
104.149322,30.839384,14288
104.046522,30.452604,14288
104.093535,30.581161,14288
104.595931,31.765621,14288
104.635028,30.407318,14288
103.788778,29.635185,14288
103.9766,30.404679,14288
103.684645,30.946741,14288
103.560866,30.4219,14288
103.985026,30.618258,14288
104.556158,30.725684,14289
104.23459,30.646287,14288
103.90475,30.675821,14288
103.546645,30.590644,9493
104.469904,30.498509,14288
104.180534,30.68214,14289
103.647354,30.951486,14288
104.398373,31.008759,14288
103.725442,30.57094,0
104.070979,30.725263,14285
104.044143,30.427091,14289
104.038892,30.360032,14288
104.36235,30.301276,14059
103.888145,30.556362,14290
103.902313,30.827015,0
104.353498,30.84424,14288
103.81905,30.633947,14095
104.26072,30.57981,14288
104.265728,30.857225,14289
104.214995,30.583001,14288
104.126901,30.409463,0
103.972754,30.623607,14288
103.912208,30.798733,14288
104.14996,30.622917,14288
104.183092,31.44584,0
104.391151,30.428414,0
104.077752,30.237458,14289
104.065839,30.448493,14288
104.09855,30.522885,14285
102.744592,29.432634,14288
103.791815,29.439273,14288
104.115986,30.47872,14288
103.997979,30.467167,14288
104.46921,30.847949,14288
104.130579,30.6701,14290
103.752654,30.347281,14184
104.007746,30.453211,14288
104.176801,30.771163,14288
104.221557,30.672879,0
104.071216,30.361183,0
103.517239,30.578726,14288
103.819427,30.665522,14288
103.949963,30.541366,0
103.5086,30.569368,14288
104.072059,30.323271,14288
103.856722,30.442234,14288
104.051865,30.540699,14288
103.849902,30.448963,0
104.245028,30.6454,14289
104.144998,30.580007,14288
104.244475,30.645401,14288
104.325828,30.278243,0
103.913164,30.722007,14288
103.600153,30.608714,14289
104.016884,30.493226,14288
104.354227,30.436179,14290
104.183186,30.710571,14288
103.286715,30.165025,14288
104.062637,30.437885,14288
104.498658,30.428409,14288
103.496981,30.547117,14288
104.155353,30.99662,14288
104.087963,30.746189,14289
103.982423,30.784479,14289
103.85546,30.630613,14135
104.341169,30.825185,14288
103.920731,30.858979,14288
104.234838,30.645938,14288
103.914264,30.63027,0
104.579962,30.778125,14288
103.948897,30.934611,14288
104.03769,30.659394,14288
104.121694,31.306691,14288
103.506075,30.356234,14288
104.114414,30.750407,14289
104.393732,30.294033,14095
104.321764,30.307051,14288
103.613866,30.959931,14288
103.677365,30.338759,14288
103.892715,30.447744,14288
103.945295,30.532627,14288
103.794932,30.441351,14288
103.791151,29.635682,0
104.610189,31.298474,14288
103.88588,30.47986,14288
104.465602,31.043626,14288
104.133381,30.624409,14288
104.36149,30.434978,14289
103.733464,30.359902,14288
104.147624,30.707093,0
103.844499,30.519942,14288
103.368202,30.286236,14288
104.170754,30.645678,14288
104.757556,30.910823,14288
103.097652,30.08232,14288
104.307141,30.707571,0
103.912456,30.72203,14288
103.936505,30.613802,14288
104.046502,30.427613,14288
103.729587,31.018409,14288
104.226326,30.525382,14289
104.291369,30.357677,14288
103.950616,31.011568,14290
103.732568,31.19766,14288
103.795314,30.441475,14288
103.678419,31.029665,14288
104.201269,30.679646,14288
104.42261,30.474477,14288
103.626703,30.402577,0
104.20348,30.726293,14289
104.793191,29.726659,14288
104.051337,30.476756,14288
104.04952,30.476882,14288
103.850046,30.207784,14288
104.274562,29.944191,14288
103.586664,30.388229,0
104.074915,30.224102,14288
103.937282,30.614687,14288
104.342475,30.675487,14289
103.908927,30.542302,14290
104.159056,30.776157,14288
104.092911,30.524524,14288
103.93774,30.614188,14288
104.071655,30.329893,0
103.959637,30.163694,14288
104.355778,30.73936,14288
103.858568,30.66363,14288
103.986766,30.485188,0
103.872834,30.463132,14289
103.982573,31.07535,14184
104.212041,30.803886,14288
103.67733,30.339115,14288
104.871936,30.064459,0
104.662121,31.098931,0
104.24006,30.598051,14288
103.747396,30.582735,14288
104.011749,30.464612,0
103.817415,30.465612,14288
103.868641,30.791452,14288
103.981342,30.452174,0
103.697203,30.397979,14288
104.756452,30.633116,14288
104.086179,30.456564,14288
104.201558,31.188525,14288
104.232064,30.793567,14289
104.177151,30.718871,14288
104.124103,30.682724,14290
104.143052,30.395804,14288
103.91271,30.82461,14288
104.015641,30.554692,14288
104.471836,30.862616,14288
104.32808,30.345802,14285
104.501249,30.473817,14288
104.048451,30.469703,14288
103.841665,30.339147,14095
103.95456,30.605313,0
104.123569,30.91253,14289
104.803334,30.15311,14288
104.125351,30.769621,14288
104.171448,30.865031,14288
103.761672,30.413466,14288
103.560944,30.75218,0
104.087221,30.639539,14288
103.940042,30.614257,14288
104.231521,30.525651,14290
103.978694,30.449384,14095
104.145137,30.700376,14288
103.46032,30.746912,14288
104.168682,30.741594,14288
103.960132,30.15561,14288
103.947565,30.010724,0
103.84927,30.40292,14288
104.032488,30.302279,0
103.956359,30.433666,14288
104.142747,30.412393,14288
103.974057,30.800205,14288
104.245364,30.553478,14288
104.411494,30.34462,0
104.317636,30.277065,14288
103.896679,30.666454,14288
104.45152,30.848282,14288
104.166801,30.383534,0
104.10877,30.604729,14289
104.543847,30.706697,14288
104.062355,30.720727,14288
104.172839,30.485113,14288
103.782479,30.645153,14288
104.060649,31.245553,0
103.82555,30.637304,14288
104.099697,30.409664,14288
104.062074,30.181076,14288
104.281942,30.557052,14288
104.072008,30.42499,14290
104.097255,30.890823,0
103.870528,30.702107,14289
104.847776,29.754501,14288
103.532453,31.404733,14288
104.261293,31.078799,14288
103.861305,30.44553,14288
104.115568,30.580341,14288
104.505739,30.427313,14288
104.219626,31.561929,14288
103.839317,30.311208,14288
104.54838,30.722499,14288
103.921121,30.702938,14288
103.846744,30.540679,0
104.093535,30.581161,14288
102.759028,29.814605,14288
104.248321,30.727624,14288
104.109051,30.728343,14288
103.816899,30.924785,14290
104.526504,30.431077,14288
103.870715,30.776428,0
104.857736,29.741084,14288
104.829172,30.625689,14288
104.085153,30.232606,0
104.051711,30.541221,14288
104.060775,30.387072,14288
103.909671,30.544032,14288
103.886456,30.500745,14288
103.838945,30.317489,14288
103.251521,30.142887,14288
104.341589,30.825333,14288
104.098519,30.528497,14290
104.594964,30.383455,14289
104.063768,30.608833,14288
104.032899,30.322189,4852
104.157894,30.692124,14288
104.255538,30.531122,14288
104.093351,30.215634,0
104.118181,30.687117,14288
103.924744,30.81655,0
104.059584,30.645765,14288
103.952298,30.427882,14290
103.892955,30.447279,14288
104.06256,30.631681,14288
104.021005,29.139364,14288
103.952319,30.795849,14288
104.312333,30.298501,14288
104.206785,30.66556,14288
104.225196,30.672221,14288
104.22167,30.638663,14288
104.120236,30.772848,14288
103.897313,30.836544,0
104.346932,30.74212,0
103.971658,30.542083,14289
104.168227,30.741773,14288
104.27177,30.865328,14288
104.157345,30.64821,14288
103.991065,30.738881,0
103.882418,30.663659,0
104.318727,30.861415,14289
104.164116,30.671238,14288
104.047387,30.537892,0
104.16687,30.636724,14288
103.773859,30.702804,14288
104.366719,30.305904,14288
103.915706,30.86461,14288
104.184978,30.789057,14288
103.815329,30.633362,14289
104.02077,30.459676,14288
103.955767,30.464388,14288
104.102423,30.496979,0
104.185115,30.716828,14288
103.892683,30.447546,0
103.818241,30.634219,14288
104.632022,30.872166,14288
103.961454,30.816079,14288
104.134187,30.732749,14288
104.838462,29.809853,14070
104.495722,30.417848,14288
103.893434,30.513634,14242
104.224852,30.793761,14289
103.566566,30.293388,14288
104.051114,30.259649,14285
104.803645,30.152345,14288
104.04944,30.605789,0
103.791992,30.44723,14288
104.099405,30.466836,14288
104.318596,30.27556,14288
104.480679,30.350298,14242
103.701694,30.602313,14288
103.903518,30.554758,14288
103.965884,30.642743,14288
103.764092,30.360384,14288
103.5454,30.210522,14288
104.349803,30.556079,14290
104.271325,30.864801,14288
103.896246,30.666166,14289
104.204615,30.730885,14290
103.942898,30.52433,14288
104.17533,30.66446,14289
104.119964,30.757698,14288
103.664719,30.643744,14288
103.973798,30.408994,14290
103.933878,30.744226,14288
104.022308,30.501235,14288
104.371612,30.864272,14288
103.888009,30.556246,14288
103.935038,30.749262,14288
104.244922,30.708237,14095
104.050078,30.476791,14288
104.613141,30.855143,14288
103.970362,30.650137,14288
104.107432,30.513082,14184
104.242947,30.645584,0
104.010249,30.510699,14288
104.138536,30.393243,14288
103.886763,30.479711,14288
103.445903,30.747361,0
104.534975,30.662498,14288
103.830817,29.996915,14288
104.201309,30.659939,14059
104.107586,30.613971,14288
104.055728,30.470393,14288
103.975307,30.468872,14289
103.811321,30.632244,0
103.822063,30.87041,0
104.766574,30.370386,14288
103.707283,29.089096,14288
104.134988,30.590124,14288
103.552557,30.607695,14288
104.225221,30.672295,14288
103.094712,30.070503,14095
103.905168,30.676414,14289
104.070771,30.726749,14288
104.284936,30.975986,14290
103.940942,30.52216,14288
104.143243,31.60495,14288
103.885383,31.028255,14288
103.937371,30.619155,14288
104.391152,30.284205,14288
104.072233,30.471172,14288
104.133445,30.399651,14288
104.079298,30.818313,14288
104.132254,30.602792,14288
103.963051,30.448101,14288
104.087271,30.420652,14288
104.072032,30.260053,14288
104.342115,31.149952,14288
103.663008,30.970846,14290
104.572539,30.68788,14290
103.873384,30.773489,14288
104.501229,30.484083,14288
103.906345,30.414868,0
103.110017,30.48621,0
103.696707,30.405964,14289
104.455548,30.463034,14288
104.564333,30.385406,0
104.153686,30.782742,0
104.218135,30.585994,14288
104.031796,30.321509,14095
104.141655,30.392935,14288
104.151575,30.772898,0
103.575123,30.26248,14288
104.563959,30.387931,14288
104.498183,30.475715,14288
103.701639,30.602602,0
104.018387,30.248364,14288
103.988693,30.459741,14288
103.633832,30.961243,14288
104.313206,30.285716,14288
104.034548,30.465125,0
103.982941,30.765556,0
104.177172,30.718859,14290
104.099365,30.466686,14095
103.535458,30.541258,14288
103.937282,30.614687,14288
104.496765,30.221868,14288
103.654578,30.926051,0
103.782568,30.441642,14289
103.947641,30.554135,14288
104.007623,30.554069,14288
103.721795,30.60379,14288
104.146711,30.4056,14288
104.589761,30.72619,0
104.077267,30.588157,14288
104.315194,30.276464,14288
104.046947,30.428495,0
103.683399,30.881801,14288
104.071599,30.443417,0
103.956744,30.031299,14288
103.926501,30.950513,0
104.092315,30.488674,14288
104.028125,30.450778,14288
104.008727,30.590917,14095
104.183594,30.717123,14289
103.841665,30.339147,14290
104.05706,30.385156,0
103.905504,30.810714,0
104.19582,30.738052,14059
103.898436,30.38821,14288
104.391881,30.283972,14288
104.221681,30.696054,14059
103.939956,30.504185,14288
103.851313,30.437053,0
103.957381,30.647599,0
104.084,30.454218,14288
103.691288,30.634857,14288
104.477072,30.354158,0
104.076542,30.790731,14288
103.788831,30.42536,14288
103.937459,30.613355,14288
104.178573,30.62203,14288
104.1107,30.454481,14289
104.484021,30.329467,14288
104.04605,30.547128,14288
103.898786,30.579242,14288
104.973144,29.870604,14288
104.18294,30.569747,0
103.833119,30.388656,14288
103.90261,30.658479,14288
104.143311,30.580876,0
104.02786,30.802413,14288
103.561132,30.748783,14288
104.429378,30.356108,4852
103.98472,30.218996,14288
104.334753,30.645766,14288
104.262933,29.941684,14288
104.080021,30.323616,14288
103.505858,30.559094,14288
104.192271,30.49985,14288
104.014537,30.526445,14288
103.941304,30.937511,0
104.082829,30.71977,14288
104.354227,30.436179,14288
104.757556,30.910823,14288
103.991055,30.759003,14288
104.513074,30.420164,0
103.986468,30.452881,14288
104.121255,30.521626,0
104.099359,30.467055,14095
103.619907,30.405528,14289
103.894637,30.477831,14288
103.800628,30.453859,14059
103.701421,30.602479,10535
104.871754,29.754226,14059
104.055238,30.443035,14288
103.675589,30.905184,14288
104.000181,30.520271,14288
104.101694,30.497192,14288
103.889138,30.3841,14289
104.214848,30.651919,14288
104.33059,30.840323,14288
103.505858,30.558942,14288
104.52086,30.432602,14288
103.898878,30.744106,14289
103.718277,31.203049,14288
104.16261,30.556295,14288
104.363015,31.067832,14288
103.894649,30.365364,14288
104.339333,30.830118,14288
103.974183,30.468703,14288
104.082064,30.495175,14289
104.095669,30.562776,14288
104.57823,30.135711,14288
104.342482,31.150593,14288
103.942164,30.279608,14288
104.080026,30.512352,14288
103.762033,30.414775,14288
104.509805,30.358619,14288
103.797063,29.640257,14288
104.082451,30.455879,14095
104.83932,29.759701,0
104.091525,30.382967,0
103.654578,30.926051,14288
104.012756,30.618918,14288
103.696791,30.405798,0
104.083776,30.455487,14288
104.115425,30.378461,14288
103.363374,30.278415,0
103.881736,30.204706,14288
104.595618,31.768053,14288
103.976334,30.791592,14095
103.896243,30.666418,14288
104.051564,30.439061,14288
103.774694,30.897194,0
104.203317,30.725851,14288
103.964553,30.478146,14288
104.021145,29.139423,14070
104.177189,30.836007,14288
104.168964,30.741384,14288
104.152225,30.772401,14288
104.17533,30.66446,14288
104.136588,30.370248,14288
103.559882,30.748638,0
104.555691,30.353443,14288
103.799064,31.166804,14184
104.038996,30.591682,14288
104.050984,31.259165,0
103.819596,30.57562,14288
103.542956,30.573447,14288
103.463405,30.208183,14288
104.233784,30.855561,14288
104.081689,30.495334,14133
104.535755,30.440189,14288
103.510142,30.742012,14289
103.95573,30.54161,14288
103.429883,30.183722,14288
104.109442,30.580486,14288
104.313487,30.272566,14288
104.124876,30.682075,14289
103.411103,30.765055,14288
103.86134,30.80382,14289
103.677965,31.030024,14289
104.074728,30.737101,14288
103.965609,30.981735,14289
103.662006,30.920021,14288
104.108685,30.71883,0
103.863042,30.710722,14288
104.149475,30.400702,14288
104.142265,30.586561,14288
104.111783,30.519485,14288
104.698063,31.032627,14288
104.046895,30.427898,0
104.597732,30.699625,14288
103.875324,30.561123,14288
103.532016,29.3879,14288
104.578821,30.117811,14184
103.958102,30.660078,14288
103.600861,31.06451,14288
103.985797,30.723273,14288
103.79276,30.461016,14288
104.168787,30.741538,14288
103.858232,30.653452,0
104.237443,30.652967,14288
104.505228,30.506725,0
103.973549,30.468967,14288
103.952338,30.936879,14290
104.463054,30.474203,0
104.074089,30.724514,14288
104.22644,30.791943,14288
103.953618,30.65588,14289
103.888991,30.499527,14288
104.217114,30.541765,14289
103.878786,30.197824,14288
103.682103,30.894465,14288
104.07979,30.70658,10535
103.855286,30.474066,0
104.093606,30.581114,14288
104.243372,30.645766,14288
103.535834,30.490888,14289
104.037863,30.658847,0
104.365685,30.789811,14288
103.490143,31.255,14288
103.965828,30.643035,14288
103.929527,30.941598,14288
104.751252,29.746209,0
103.819602,30.918628,14242
103.844126,31.144025,14288
103.741501,30.694476,14288
103.93264,30.343226,14288
104.548019,29.75834,14288
103.985854,30.452047,14288
104.392913,31.166333,14289
104.061044,30.802891,14289
103.803133,30.198284,14288
104.102191,30.463694,0
104.146902,30.777531,14288
103.912208,30.798733,14288
103.997167,30.455975,14288
104.205164,30.684095,14288
103.452141,30.474964,14288
103.893032,30.513884,14288
104.061701,30.443281,0
104.302364,30.259098,12518
104.49404,30.325803,14289
103.896679,30.666454,14288
104.16687,30.636724,14288
104.214696,30.654012,14288
103.968193,30.595871,14288
103.713621,30.525964,10246
103.937427,30.61502,14288
104.029012,30.533682,14288
104.338575,30.84536,14288
103.647027,30.934963,14288
104.287654,30.697305,14288
104.508771,30.354615,14288
104.064787,30.269607,14288
104.063737,30.442784,14288
104.401244,30.469086,14288
104.157995,30.692342,14288
104.803845,30.152727,0
104.183187,30.717424,14288
103.690718,30.890315,14289
103.967436,30.585919,14289
103.839317,30.311208,14288
103.89381,30.777021,0
104.065642,30.329399,14288
104.165032,30.658911,14288
104.475499,30.348062,14288
104.368925,30.602854,14288
103.95695,30.939108,14288
103.513863,29.953754,14288
103.912571,30.824721,14288
103.913234,30.79311,14288
103.516547,30.3919,14288
104.752312,30.629614,14288
103.946779,30.553366,14288
104.052672,30.47337,0
103.923354,30.71721,0
103.903835,30.915773,14288
104.16301,30.761128,14288
103.92091,30.42118,14288
104.168899,30.532014,0
103.935406,30.905642,0
104.061011,30.432489,14288
104.230966,30.657386,14289
103.877095,30.471496,14288
104.120149,30.772837,14288
103.549471,30.211229,14288
104.496783,30.772846,14288
104.109073,30.448781,0
104.052241,30.71128,0
103.686909,30.629164,14288
104.034548,30.465125,14288
104.067241,30.662667,0
103.907025,30.732654,14184
102.226414,31.897155,14288
104.272991,30.814595,14289
104.136706,30.53231,14288
104.08252,30.455626,14288
103.861789,30.804315,14289
103.276778,29.592468,14288
103.993119,30.420896,14288
103.940233,30.616058,14288
103.896337,30.773017,14242
103.93734,30.818783,14288
104.636386,30.929278,0
104.196179,30.527695,14288
104.082163,30.747024,14288
103.980735,31.073395,14288
104.23459,30.645971,14288
104.166712,30.659193,14288
103.535805,30.750176,14288
104.29162,30.59304,14288
103.976477,30.767679,14288
104.052865,30.472487,14288
103.49206,30.184805,14288
104.096535,30.537939,14288
104.178686,30.783034,14285
103.952173,31.013857,14288
104.128382,30.751777,14288
104.214974,30.583232,14288
103.98452,30.412769,14288
104.804205,30.152372,14288
104.356684,30.559424,14288
103.897186,30.666595,14288
103.787582,31.007463,4852
103.438077,30.363947,14288
104.326732,30.860229,0
103.977748,30.688502,14288
104.232704,30.524827,0
103.946668,30.536865,14288
103.921883,30.686436,14289
104.401459,30.468992,14288
103.586664,30.388229,14095
104.476553,30.353326,14288
104.041182,30.782328,0
104.057973,30.380819,14288
104.051039,30.541169,0
104.051181,30.476703,14288
104.034407,30.464745,14288
103.859806,30.667672,14288
104.226121,30.793115,14242
104.054327,30.654665,14288
103.553015,30.221192,14288
103.952428,30.795916,14288
103.959913,30.517608,14288
104.653212,31.261545,0
103.67745,30.339183,14289
103.989242,30.596257,0
103.608481,30.856659,14288
103.914123,30.675699,14288
103.904087,30.701681,14288
104.667025,30.070244,14288
104.062009,30.598415,0
104.220768,30.63892,14288
103.706113,29.082089,14288
103.866763,30.347922,14288
103.813662,30.631133,14288
103.915221,30.394145,14288
104.572019,30.725457,0
103.916423,30.806089,14242
103.875433,30.484869,14288
104.020154,29.139674,14288
104.095708,30.53884,14288
104.392666,30.286238,14288
104.061775,30.339433,14288
104.112368,30.523528,14288
104.335403,30.328881,14288
103.452504,30.374257,14288
104.068671,30.184059,0
103.916469,30.369281,0
104.114945,30.417289,14288
103.837506,30.357488,0
103.901616,30.834308,14288
104.198966,30.510512,14288
103.811273,30.799761,0
104.226411,30.810444,0
104.002517,30.812082,14288
104.255613,30.859338,14288
103.654955,30.92702,14288
104.069665,30.768535,14289
104.248876,30.772389,14288
104.340114,30.460246,14288
104.099843,30.459874,14288
103.721272,31.101997,14289
104.146428,30.665921,0
104.115832,30.584703,14288
103.504549,30.572962,14288
104.335696,30.644658,14133
104.006672,30.592353,14288
104.098375,30.523203,14288
104.33012,30.728438,14095
103.457623,30.651914,14288
104.220768,30.63892,14288
104.143236,30.582321,14288
103.819491,30.488398,14288
104.186143,30.75667,0
103.989668,30.725936,14288
103.960588,30.43125,14288
104.060712,30.387834,14288
103.270159,30.193192,14288
103.526372,31.416831,14288
104.185806,30.720027,14288
104.003445,30.734822,0
104.536908,31.378784,14288
103.943027,30.3371,14288
104.11629,30.28257,14224
103.957177,30.034572,14288
103.959635,30.365045,14288
104.036515,30.857316,14288
104.16082,30.712063,14288
103.018507,29.817629,0
103.509397,30.308059,14288
103.704586,30.401573,14288
103.941437,30.85121,14289
104.215322,30.582546,14288
103.615535,30.955337,14288
104.406414,30.346074,14288
104.068855,30.692672,14289
104.009233,30.764057,14288
104.311757,30.844258,14288
104.065138,30.447169,14288
103.738156,30.337466,14288
104.188213,30.793367,0
103.721808,31.022071,0
104.185734,30.718704,0
104.125075,30.769483,14288
103.88374,30.749134,14135
104.19899,30.51063,14288
103.739929,30.733346,14288
103.873821,30.417359,14288
103.677618,30.338852,0
104.375539,31.039478,14288
104.394555,30.350102,14288
103.909287,30.543053,14288
104.334908,30.643717,14288
104.050723,30.756406,14288
103.990345,30.586577,0
104.125438,30.769535,14288
103.681843,30.89413,0
104.314,30.272701,14289
103.989377,30.533747,14288
104.2429,30.6506,14285
104.101872,30.534722,14288
103.861269,30.803958,14288
103.999207,30.474427,0
104.395916,30.758388,0
104.040404,30.666645,14289
103.81475,30.633117,14290
104.109284,30.541602,14288
104.208313,30.524349,0
104.093407,30.581629,14288
104.056884,30.679589,14290
103.940241,30.999233,14288
103.554972,30.536335,14288
104.274747,30.857497,14288
103.964543,30.636917,14288
104.130419,30.374245,14289
104.071949,30.338305,14288
104.112666,30.753102,14288
104.163144,30.699819,14288
103.920865,30.54088,14288
103.861097,30.59066,14289
104.001836,30.884237,14288
103.638742,30.584419,14224
104.115425,30.378461,14288
103.851541,31.059048,14288
102.202138,29.726001,14288
104.563387,30.38466,14288
104.043123,30.447686,14290
104.569149,30.37184,14288
103.934728,30.472504,0
103.95971,30.16471,14288
103.95688,30.031338,14288
103.965238,30.178324,14289
104.119893,30.597462,0
104.380211,31.009577,14289
103.977763,30.688867,14288
104.544631,30.707107,0
104.392714,30.28359,14288
103.936135,30.905731,0
104.104035,30.587894,14288
103.910903,30.734176,14288
104.24288,30.651129,14288
104.446294,30.351029,14288
104.130354,30.520084,14289
104.009913,30.52778,14288
104.565049,30.371048,14288
104.378118,30.313363,14290
104.750252,29.74679,14288
103.800628,30.453859,14288
103.498743,30.542476,14288
103.914352,30.675789,14289
104.217488,30.583593,14288
103.459769,30.746908,0
104.112461,30.752982,14288
104.201949,30.726115,14288
104.210879,30.686975,14288
104.101694,30.497192,14288
103.908011,30.660525,14288
103.675589,30.905184,14288
104.341635,30.84448,14288
103.647127,30.951673,14288
103.819288,30.907394,14289
104.226121,30.793115,14288
103.845449,30.317332,14288
103.641753,31.015353,14288
103.677618,30.338227,14289
103.887978,30.556228,14288
104.050234,30.476845,0
103.464953,30.452877,14059
103.789701,30.683314,14288
104.125036,30.769303,14288
103.885828,30.583791,0
103.917545,30.684152,14288
103.594165,30.6879,14288
104.006672,30.592353,14288
104.096336,30.846939,14288
103.880158,31.029364,0
104.024631,30.56001,14288
103.661316,30.961135,14288
104.426865,30.699215,14289
104.107439,30.512816,14288
104.277524,31.141443,0
103.701627,30.602745,14288
103.627448,30.920611,14289
103.682998,30.882558,14288
104.202157,30.814277,0
104.128451,30.609576,14288
104.359407,30.297271,14288
104.05693,30.385635,0
104.303263,30.645993,0
103.952298,30.427882,14288
104.033239,30.859003,14288
104.070696,30.675335,14290
103.893412,30.513637,14288
103.93823,30.616397,14288
104.245456,30.55354,10535
104.195677,30.738062,14288
103.878323,30.363962,0
104.124671,30.956425,14289
104.106252,30.608192,14288
104.081962,30.457023,14288
104.332575,30.756184,14288
103.45254,30.46591,0
103.591151,30.742068,13812
104.078487,30.363149,14288
104.509154,30.356482,14290
104.221794,30.695837,14289
103.922031,30.819556,14288
104.202992,30.726052,14288
104.047504,30.426781,14288
103.878186,30.357756,14288
103.961702,30.929797,14288
104.091431,30.449984,14288
103.917208,30.683717,14288
104.178686,30.783034,14288
103.917545,30.684152,14288
103.988492,30.416966,14288
104.3652,30.803642,14288
103.469499,30.392465,14288
104.113017,30.50796,14288
103.950552,31.010468,14288
104.530225,30.635683,14288
104.175489,30.715254,14288
103.856035,30.785246,14289
104.104553,30.50262,0
104.398971,30.341715,14288
104.327078,31.011568,14288
104.063534,30.610984,14288
104.11366,30.479402,14288
104.49345,30.321945,14288
104.225069,30.79388,14288
104.057489,30.420006,14288
103.934452,30.907269,14290
104.871796,29.225777,14288
104.262534,30.875,14288
103.147193,30.12421,14290
104.19017,30.78871,14289
104.309057,30.865375,0
103.844232,30.541428,14070
104.226312,30.792823,14289
103.552315,30.60787,14288
104.289811,30.84806,0
103.804726,30.691355,14288
104.318511,30.861396,14288
103.827656,30.718874,14288
103.854271,30.369642,14289
104.074417,30.375792,14288
103.957515,30.431834,0
103.989384,30.596576,0
104.01263,30.444717,14288
104.170954,30.615251,0
103.903523,30.676454,14288
104.489111,30.49397,14288
103.97473,30.795305,14288
104.327138,30.306596,14288
103.782479,30.645153,14288
104.093109,30.581194,14184
104.215418,30.582264,14288
104.101173,30.426465,0
104.205564,30.549841,14288
103.897068,30.836363,14288
104.065999,30.446234,14059
104.071032,30.725228,14288
103.701435,30.602713,14288
103.851218,31.059264,14288
103.560038,30.549053,14288
103.93754,30.619155,14288
104.036522,30.296876,14242
104.009895,30.563675,0
104.521851,30.35782,14242
103.725367,30.577836,0
103.96034,30.663873,14288
104.499402,30.428397,14288
104.415102,30.243838,14288
103.775994,30.839128,0
103.711856,30.389094,14135
103.96333,30.932321,14288
104.208698,30.744913,14288
104.062066,30.437876,14288
104.23491,30.646271,14288
103.497044,30.547149,14288
104.033278,30.245606,14288
104.101668,30.497656,14288
104.072779,30.685769,14288
104.208515,30.758818,14288
104.164383,30.658772,14288
104.010747,30.512238,14288
104.422368,30.474402,14289
104.132933,30.397878,0
104.115766,30.583666,14285
103.674818,30.881951,14288
103.55286,30.529931,14289
104.805404,30.159275,0
103.967666,30.641689,14288
104.214605,30.651896,14289
104.758657,30.373889,14288
104.014276,30.766743,14288
104.040826,30.59328,0
104.070274,30.724663,14288
103.470616,30.756464,14288
104.550651,30.712634,14288
103.661359,30.96113,14288
104.079182,30.818175,14289
104.163725,30.667537,14242
103.743969,30.356739,14288
103.960247,30.65466,14288
104.689743,30.059371,14288
104.060054,30.674381,14288
103.686507,30.837153,14288
104.465419,30.866535,14288
104.036237,30.712141,14288
104.013908,30.450499,14288
103.781676,30.640433,14288
104.01075,30.513558,14289
104.088195,30.653697,14288
104.089325,30.429693,0
103.863113,30.854894,14288
103.800455,30.574314,14288
104.327068,30.306178,0
103.99479,30.61603,14288
103.694275,30.936556,0
104.183202,30.710661,14288
103.994956,30.797089,12498
104.550808,30.430617,0
104.143075,30.614153,0
104.135649,30.805836,14288
104.32982,30.645812,14288
103.923218,30.717114,14288
103.678419,31.029665,14288
103.654843,30.926389,14288
104.102206,30.459231,14288
104.087109,30.804471,14288
104.173698,30.484852,14288
104.092963,30.524565,14290
104.393067,30.293189,14288
104.237443,30.652967,14288
104.112309,30.50319,14288
103.923637,31.053762,14288
102.961875,30.187717,14288
103.891533,30.478756,0
104.564348,30.387897,14288
104.128783,30.671399,14288
104.11209,30.752892,14288
103.808988,31.170883,14288
103.724741,30.578399,14288
104.146861,30.540435,14288
104.015362,30.448535,14288
104.081768,30.479384,14288
103.924396,31.062879,14288
103.988871,30.21444,0
103.820024,30.466116,14288
104.112271,30.753235,14288
104.115792,30.584008,14288
103.844232,30.29892,14288
104.093608,30.581568,14288
104.488559,30.462131,0
104.111977,31.076026,14288
104.109573,30.500906,0
103.64026,30.482008,14288
103.867397,30.535158,14289
103.94009,30.614334,14288
104.120794,30.501608,14289
102.226414,31.897155,14290
104.547727,30.691316,14288
103.896415,30.66625,14288
103.968515,30.603191,0
104.203694,30.725965,14288
103.848996,30.540257,14288
104.164543,30.744138,14290
103.964891,30.478352,14288
104.326817,30.860149,14288
104.309057,30.865375,14288
104.30866,31.006294,14289
104.178766,30.782333,14288
104.244687,30.645486,14288
103.960146,30.635808,0
104.183049,30.717355,14289
104.075621,30.762837,14288
103.897186,30.666595,14242
103.956879,30.34975,0
104.058891,30.725941,14288
104.255834,30.53138,14288
103.647127,30.951673,14288
103.678124,30.338719,14288
104.337928,30.460777,0
103.764063,30.043573,14288
104.491851,30.322806,14289
104.22033,30.81943,14288
104.039239,30.225675,14184
104.10494,30.512998,0
104.139646,30.648477,4852
103.841665,30.339147,14288
104.40476,30.346617,14288
104.045089,30.445307,14288
103.936425,30.614202,14288
104.089208,30.669487,14288
103.904927,30.950455,14285
103.973417,30.408402,14059
104.006938,30.570352,14289
104.000719,30.762968,14288
104.045671,30.760436,14288
104.244124,30.645534,14289
104.479986,30.349482,13812
104.203494,30.726326,14288
103.536818,30.569816,14288
104.474181,30.487228,14288
104.595931,31.765621,14288
104.134839,30.403821,14288
104.075667,30.736367,14288
104.079839,30.332633,10749
104.235813,30.646258,14288
103.517042,30.392249,14288
104.446981,30.355113,14288
104.377637,30.640672,0
103.551992,30.351219,14288
103.806482,30.456726,14288
103.790604,30.670297,14288
103.940864,30.853913,14288
103.912041,30.798639,14288
103.83255,31.163238,14288
104.351219,30.985512,14288
104.298684,30.992137,0
104.081418,30.512797,14289
104.102902,30.497126,14288
103.718254,30.609788,14288
104.22156,30.672433,0
103.921086,30.703084,14288
104.110198,30.454594,14289
104.332453,30.708708,14288
104.132936,30.397854,14288
103.814998,30.906836,14288
104.101381,30.497947,14288
103.976716,30.198739,14288
104.110967,30.510012,14288
104.255309,30.531356,14289
104.323415,30.644995,13828
104.243203,30.646016,14184
104.188257,30.514744,0
103.91206,30.798358,0
103.936301,30.905867,14289
103.687704,30.872657,14288
103.833427,30.942666,14288
104.036438,30.195795,14288
103.909655,30.544637,14288
104.208992,30.89817,0
104.119785,30.582825,14288
104.114597,30.579205,14288
103.680354,30.944081,14184
104.667322,30.071813,14288
104.066983,30.616782,14288
104.045671,30.760436,14289
104.280964,30.6487,0
104.028308,30.73145,14288
103.952975,31.011773,14288
103.922253,30.634762,14288
104.460699,30.476141,14288
103.873848,30.417356,14288
104.235334,30.646736,0
104.424993,30.498022,14242
103.696274,30.603919,14288
104.205153,30.628649,14288
104.367473,30.304365,14288
103.685676,30.295628,14288
104.147773,30.70843,14289
103.973459,30.621768,14288
103.716987,30.593683,14288
103.908606,30.542082,14289
104.668987,30.087806,14288
103.994553,30.909959,14289
104.083636,30.455386,0
104.243172,30.645716,14288
104.487623,30.478545,14288
103.452174,30.475109,0
104.143136,30.581529,14288
104.060386,30.675847,14288
103.548048,30.744308,14288
103.762112,30.399258,14288
104.150588,30.658765,14288
104.186868,30.688073,14288
103.841077,30.922379,0
104.150172,30.616113,14288
104.597732,30.699625,0
103.879613,30.490864,13658
104.092055,30.63755,14288
104.08157,30.835847,14288
103.908632,30.369394,14288
103.904967,30.567651,0
104.167319,30.675094,14285
103.675513,30.908242,14288
103.87949,30.404594,0
103.82914,29.995318,14288
104.099418,30.412232,14288
104.286889,30.671525,14290
104.110564,30.421631,14288
104.144041,30.533938,14288
103.713797,30.526405,14288
103.659021,30.968555,14288
104.227288,30.610734,14288
103.956521,30.649838,14288
104.311603,30.299018,14288
103.919683,30.948656,14288
103.699196,30.399768,14288
103.792469,30.187031,14289
103.936037,30.905335,14288
103.499804,30.356886,14135
104.209,30.89791,14095
104.092535,30.586655,14288
103.8469,30.64874,14288
104.308051,30.845585,14288
103.958359,30.663682,14288
104.169,30.741524,14288
104.055845,30.847944,14288
103.988259,30.627572,14288
104.461547,30.350381,14288
104.027377,30.224955,14288
103.977379,30.688545,14288
104.049292,30.695033,0
104.2222,30.69642,14288
104.198242,30.582071,14288
104.190277,30.662576,14288
104.413626,30.483143,0
103.792403,30.187064,14288
104.003467,30.734901,14289
104.083121,30.455211,0
104.175294,30.787922,14288
104.172777,30.484206,14288
104.05471,30.456763,14288
104.047828,30.541199,14289
103.530729,30.738626,14288
104.072152,30.394252,14288
104.969601,29.867077,14288
103.889374,30.556412,14288
104.120398,30.772981,14288
104.342633,30.32698,14288
104.183413,30.786469,14288
104.456804,30.856849,14288
103.776497,30.401645,14288
104.136429,30.530457,14288
104.231095,30.790394,14288
104.069638,30.687531,14288
104.140968,30.610988,0
104.334271,30.834277,14288
103.707839,30.40613,14288
103.775381,30.896045,14288
103.984233,30.454527,14289
104.022304,30.501086,0
104.312365,30.298685,14288
104.187542,30.717787,14288
103.970578,30.650265,0
104.025448,29.137494,0
104.268809,30.644065,14288
103.600933,31.064844,14288
104.926622,30.592561,14288
104.041953,30.56136,14289
104.014749,30.450661,0
103.876425,30.50092,14289
104.905507,30.31058,14288
103.876513,30.500918,14288
103.628549,30.72731,14288
104.473219,30.43473,14288
103.607819,30.826177,14288
104.020893,29.139276,0
103.964431,30.452773,14288
103.860903,30.713246,0
103.739968,30.531308,0
103.726702,30.571685,14288
103.95689,30.723334,0
104.039939,30.582641,0
104.015482,30.44961,14290
104.173099,30.484303,14289
103.962053,30.934999,14288
104.021928,29.138266,14288
103.930988,30.545834,14288
104.042873,30.199396,14288
104.033544,30.465674,14288
104.350028,30.555477,0
104.02849,30.337852,0
104.113063,30.578973,14288
104.049254,30.421724,14289
104.319871,30.27618,14288
104.059258,30.650975,14289
103.676094,31.076797,14289
104.267842,30.855441,13812
103.910693,30.73363,14288
104.050162,30.448041,14288
104.070985,30.65787,14288
104.432348,31.155359,14288
104.425087,30.472883,0
103.854141,30.334581,14288
104.512398,30.352567,14288
103.671843,30.317398,14289
104.210042,30.609031,14288
103.389413,30.732964,14288
103.937819,30.619376,14288
103.909258,30.998113,14290
104.573338,30.891708,14288
104.52158,30.417801,14133
104.109537,30.503018,14288
104.001456,30.885406,14288
103.9873,29.132008,14288
104.488926,30.461514,14290
104.093879,30.508724,14288
103.902311,30.834455,14288
103.939992,30.614241,14289
104.367826,30.651777,14288
104.347416,30.828523,14288
104.64138,30.684313,14288
104.140723,30.827357,14290
103.669868,31.046702,14288
103.677252,30.338929,14289
104.042676,30.448415,14288
104.111986,30.752965,0
103.901569,30.677074,14288
103.688754,31.022802,14289
104.169714,30.704916,14288
103.887137,30.528469,14288
103.96271,30.448409,0
104.439139,30.980751,14288
104.499239,30.46768,14288
103.995343,30.524237,0
103.97119,30.954612,14288
104.367031,31.126564,14288
104.07198,30.302318,14288
104.501986,30.471756,0
104.037023,30.795441,0
103.830817,29.996915,14288
104.110649,30.582386,14288
104.049496,30.4711,14288
103.694591,30.612837,14288
103.696779,30.398394,0
104.36153,30.43483,14133
104.26967,30.620924,14288
104.29145,30.357717,14288
104.096448,30.593837,14288
104.096783,30.541675,14288
103.967834,30.648848,14289
104.293651,30.851117,14288
103.943715,30.499258,14288
103.893124,30.513695,14288
104.060519,30.424687,14288
104.148013,30.719159,14290
103.813691,31.655578,14288
103.709701,30.394192,14059
103.92678,30.616616,14288
104.973361,29.870753,0
103.880369,30.901985,0
103.935569,30.905508,14288
104.618926,30.683242,14288
104.050949,30.664429,14288
104.150676,30.658322,14289
104.104754,30.403128,14288
104.085153,30.232606,14288
104.165292,30.702183,14288
103.376098,30.290612,14288
103.343532,30.123779,14288
104.185241,30.716828,0
103.966084,30.435289,14288
103.967521,30.648609,14288
104.170951,30.615319,14288
103.642829,30.943391,14290
104.66532,30.171494,14288
103.639408,30.932623,14288
104.174857,30.480916,0
103.888177,30.556414,14125
103.929789,30.974664,14290
104.052735,30.540568,0
104.114737,30.413526,14289
103.715105,30.596648,14288
103.935877,30.905597,14288
104.085134,30.461287,14288
103.913763,30.389879,14133
104.247304,30.554762,0
103.781531,30.640416,14288
104.908223,30.159689,14288
103.993097,30.488378,0
103.591175,30.742052,14288
103.810482,30.630645,14288
103.936728,30.904761,14288
104.382239,30.35069,14288
103.815585,30.645705,14288
104.104865,30.513103,0
103.642329,30.977532,14288
104.248566,30.209118,0
103.914446,30.394376,14288
104.011517,30.482382,14288
104.544486,30.718085,14288
104.06992,30.768464,14288
104.113287,30.706606,14288
104.184008,30.543707,14289
104.109746,30.616165,14288
103.607159,30.826594,14289
103.895105,30.464791,14288
104.143569,30.521987,14288
104.243892,30.650718,14290
104.077457,30.79485,14288
104.071282,30.725192,0
104.008855,30.518767,14288
104.023962,30.50122,14288
104.098695,30.885135,14288
104.049338,30.540431,14288
104.06989,30.768494,14059
103.79258,30.186597,14288
103.947806,30.02271,14288
104.094365,30.523318,14288
104.11046,30.583286,14184
103.837712,30.421,14288
103.849219,30.540122,0
103.85102,30.820381,14288
104.229296,30.739953,14184
103.584885,30.267282,14288
104.019994,29.139561,14242
104.147725,30.403614,14135
103.147253,30.461352,14288
104.296677,30.394186,14288
104.177302,30.718986,14242
104.222354,30.696168,14288
104.513125,30.35107,14288
104.202671,30.725977,0
103.647067,30.951769,14288
103.893229,30.513584,14288
104.085936,30.38483,14135
103.957171,30.660478,14288
104.150926,30.840794,0
104.016509,29.138735,14288
104.074326,30.73735,14288
104.168682,30.741594,14288
103.990941,30.739187,14288
104.17624,30.727608,14288
104.383226,31.057179,14290
104.101112,30.489199,14288
103.935557,30.905692,14288
104.670454,31.418033,14288
103.505221,30.197248,0
103.68269,30.86503,0
104.387638,30.296769,14288
104.546998,30.096514,14288
104.497378,30.347348,14288
103.934682,30.628767,14288
104.413937,30.30791,14288
103.963091,30.448017,14285
104.390968,30.286839,14289
104.10068,30.525746,14288
103.498624,30.176151,14288
103.733302,30.704144,14288
103.965546,30.310375,14288
104.041274,30.64282,0
104.416042,30.945221,0
104.082576,30.455582,14288
104.439213,30.980553,14288
103.836028,30.320832,14288
104.168881,30.389576,0
104.169776,30.527819,14288
103.590805,30.519139,0
104.234962,30.646103,14288
103.866075,30.440401,0
104.073762,30.441672,14288
103.964632,30.636819,14184
103.701756,30.602517,14288
103.973561,30.57906,0
103.79547,29.743029,0
104.125247,30.821708,14288
104.392232,30.298993,14288
103.610272,30.39323,14288
103.93767,30.635079,14288
104.175874,30.646078,14288
104.059328,30.381028,14288
104.105897,30.855306,14288
104.071204,30.725276,14288
103.653208,30.920308,14288
103.802193,30.455577,14095
104.095391,30.541324,14288
104.000478,30.520375,14288
104.150589,30.616446,14242
104.010015,30.929158,14288
103.50681,30.744457,14288
104.201012,30.700794,14288
104.098331,30.431345,14288
103.876619,30.500878,14133
103.575075,30.262193,14288
104.670426,30.087652,14242
104.574764,30.775793,14290
103.807742,30.966341,14288
104.050301,30.541887,14288
104.088716,30.641389,14288
104.093238,30.524762,14288
104.168682,30.741594,14290
104.211425,31.666446,14288
104.175681,30.727269,14288
103.989351,30.596587,14288
104.058051,30.476543,14289
104.764685,30.369505,14288
102.999724,30.023127,14288
103.855859,30.823839,14288
103.960125,30.1519,14288
104.062489,30.177642,14288
104.473934,30.486277,14289
103.965739,30.637346,14288
104.054719,30.42613,14288
104.244252,30.645882,14288
104.140423,30.827316,14288
104.540518,30.420684,14288
104.323415,30.644995,14288
104.302062,30.597599,0
103.717754,30.608799,14288
104.415652,30.945192,14288
104.397438,30.757975,14290
104.2436,30.645609,14288
104.215073,30.582974,14288
104.052908,30.472548,14288
104.134258,30.732532,0
104.072239,30.752596,14288
103.942319,30.279583,14288
104.094203,30.625997,14290
104.186744,30.707758,0
103.884749,30.388722,14288
103.859258,30.827747,14070
103.400307,30.741963,0
104.31812,30.917127,0
104.071019,30.67537,14288
104.514364,30.295256,14288
104.206016,30.615774,14288
104.560038,30.721689,0
103.701652,30.602538,0
104.102611,30.758467,14288
103.904643,30.683642,14288
104.072022,30.730639,14288
104.004102,30.651672,14288
104.254944,30.859809,14288
104.05625,30.847903,0
104.39219,30.283855,14288
104.445627,30.273722,14288
103.660887,30.961364,14288
104.206372,30.647166,0
103.808278,29.674647,14288
104.390184,30.300206,0
104.125926,30.612975,14288
104.170836,30.865192,0
104.114792,30.689474,14288
104.304914,30.322725,0
103.940381,30.614118,14289
103.64947,30.335015,0
104.112245,30.753264,14288
104.081899,30.455432,14288
104.500846,30.475896,14288
103.886857,30.527937,14285
103.988317,30.214088,0
103.917363,30.989181,14288
103.49605,30.548503,14288
104.100565,30.4591,14289
103.082107,30.373812,14288
104.26042,30.872916,14288
104.168714,30.741421,0
103.912066,30.798758,14288
103.711259,29.091972,14288
104.488559,30.462131,0
104.315734,30.303269,14288
104.255309,30.531356,14288
103.994137,30.746784,0
104.585303,30.704065,0
103.970466,30.649937,14288
103.67733,30.339115,14288
103.839231,30.734323,14288
104.315734,30.303269,14288
104.077753,30.794608,14288
104.045922,30.731255,14289
103.913103,30.824728,14288
104.235219,30.646914,14288
103.52469,30.734864,14288
104.469991,30.599222,14288
104.502886,30.475793,14288
103.912623,30.824353,14288
104.302494,30.31577,14288
104.189676,30.662271,14288
104.905987,30.310398,14288
103.836292,30.346634,14288
104.072608,30.205916,14288
104.09345,30.523349,14288
103.935171,30.905597,14288
103.837012,30.359952,14288
104.093201,30.581593,0
104.071481,30.329862,14289
104.015739,29.138664,14288
103.612325,30.871525,14288
104.035632,30.497236,14288
104.001872,30.473522,14288
103.924731,30.950195,0
104.02284,30.449637,14289
104.393213,30.538114,14288
103.938298,30.929629,14288
104.055919,30.763297,14288
104.021928,29.138266,14288
104.202671,30.725977,14242
104.178242,30.571297,14288
104.265816,30.858692,14288
103.844126,31.144025,14288
103.677968,31.029842,14288
103.562886,30.746301,14289
104.081493,30.577938,14095
103.873943,30.775055,14288
104.245887,30.707125,14289
103.902267,30.834412,0
104.667025,30.070244,14288
104.059562,30.424792,0
103.935894,30.905633,14289
103.995506,30.612652,14288
103.892924,30.51391,14288
103.851541,31.067034,14288
103.898562,30.355898,14242
104.141355,30.956667,0
103.541319,30.746058,14288
103.701346,30.602671,13828
104.053737,30.768528,14288
103.472874,30.387861,14288
104.176053,30.719215,14288
104.413522,30.483111,14289
103.552626,30.531038,14288
103.903524,30.702651,14288
103.952205,30.427996,14288
103.006352,29.870295,14288
103.959589,30.163226,14288
104.320247,30.277603,0
104.339812,31.126186,14289
104.020154,29.139674,14288
104.108614,30.464307,14288
104.081478,30.501521,14288
103.68174,30.893739,0
103.690967,31.011456,14288
104.167922,30.386682,14288
103.558499,30.752455,14288
103.505866,30.559344,14288
104.010197,30.745088,14288
104.016509,29.138735,14288
104.183441,30.711225,14288
103.417098,30.329316,14288
104.400948,30.310694,14288
103.754145,31.015055,14288
103.965369,30.614678,0
104.002902,30.553258,14288
104.30733,30.845249,14288
104.33359,30.644806,14288
104.014061,29.138777,14289
104.321786,31.117083,14289
103.468503,30.434516,14288
104.590698,30.388523,14288
103.836971,30.360053,14059
104.615081,30.163368,14288
104.221652,30.627111,14288
104.101363,30.594421,0
103.678433,31.029683,0
104.232823,30.661103,0
103.496249,30.753006,14133
103.436936,30.617581,14288
104.575952,30.884553,14288
104.090216,30.742054,14288
104.234606,30.646121,14242
104.439535,30.355459,14288
104.552153,30.716317,0
103.81527,30.633417,14288
104.065982,30.447889,14288
104.662787,31.091562,14288
104.179672,30.521934,14288
103.921,30.540615,14289
104.200877,30.733635,0
104.555569,30.353499,0
103.653356,30.920634,0
104.792859,30.146409,14289
104.115192,30.417402,14288
104.165505,30.578018,14288
104.107432,30.513064,0
103.889705,30.383514,14288
103.500801,30.556725,14288
103.742368,30.441842,14288
103.903928,31.002527,14288
103.972714,30.469881,14288
104.404679,31.330451,0
104.085268,30.238405,14288
104.061802,30.389602,14288
103.962773,30.932915,14288
104.397617,30.824157,14288
104.475811,30.348379,0
103.646726,30.277671,14288
104.157924,30.692245,14288
104.568228,30.678939,14288
103.903879,30.632167,14288
103.898873,30.355605,14288
103.892569,30.433379,14288
104.037611,30.512328,14288
103.920003,30.834159,14290
103.878729,30.754597,14288
104.234958,30.64582,0
103.893242,30.51342,14135
104.22654,30.523309,14288
103.962053,30.934999,14288
103.957034,30.723438,14289
104.114716,30.824532,14288
104.396627,31.064992,14288
104.093204,30.856437,14095
104.523153,30.671997,0
103.904054,30.915683,14288
104.924204,29.845094,14288
104.081455,30.577795,14288
104.098516,30.460051,14288
103.885075,30.165368,0
104.299852,30.390577,14288
103.924387,30.800266,14288
103.489437,30.7495,14288
103.973364,30.643418,14288
103.633869,30.492013,14288
103.785247,30.998264,0
103.998777,30.669458,14289
104.255566,30.531065,0
103.964421,30.637026,14288
104.309057,30.865375,14288
103.774746,30.438205,0
104.500335,30.426842,14288
104.082999,30.753583,14288
103.998,30.757404,14288
104.100142,30.667607,14288
104.093555,30.581234,0
103.83276,30.618847,14288
104.308625,30.865288,14288
104.29171,30.812557,14289
103.86136,30.446249,14288
104.036378,30.447171,14289
103.701434,30.602714,14288
104.152274,30.772686,14289
104.049913,30.476896,14288
103.942214,30.847743,14288
104.112462,30.753017,14288
104.236173,30.646768,14288
103.492719,31.437571,14288
103.606903,30.82661,14288
104.190033,30.662332,14288
104.497785,30.344347,14288
103.804461,30.455413,14288
103.677365,30.338759,14290
104.234754,30.646111,14290
104.151336,30.775728,14288
103.481636,30.410975,14288
103.939744,30.617176,14288
103.524508,30.199989,0
103.937459,30.613355,14288
104.227904,30.781273,14288
104.196274,30.527563,14288
103.533975,30.69657,14288
104.084677,30.68196,13812
103.903444,30.658337,14288
104.328304,30.842388,14288
104.200847,30.679172,14288
104.056292,30.76349,14288
103.696976,30.398597,14288
103.974102,30.468758,0
104.128237,30.681962,14288
103.936481,30.613854,0
104.075429,30.718413,14288
104.134035,30.371477,14288
103.89074,30.677849,14285
103.127551,30.062321,14288
104.289809,30.871563,14059
104.169216,30.741395,14289
104.306897,30.84495,14288
103.870889,30.403059,14288
103.671778,30.431372,14288
103.452816,30.390602,14095
103.998981,30.466781,14288
104.167682,30.623939,14288
103.459969,30.746803,14290
104.096188,30.542038,14289
104.311571,30.298933,14288
104.595496,31.767986,0
104.108671,30.507512,0
103.461129,30.619592,14288
104.120224,30.772953,14288
104.464958,30.472749,14288
104.19422,30.691617,14095
103.642109,31.013363,14288
104.185071,30.718455,0
104.137886,30.637764,14288
104.079137,30.818217,14290
104.029123,30.533801,14288
104.970324,29.867044,14288
104.075517,30.23887,0
104.498848,30.428143,14288
103.923226,30.717366,14288
104.049475,30.541751,14288
103.832073,30.668343,14288
104.279132,30.643094,14288
104.234838,30.645938,14288
103.921103,30.540557,14288
103.967473,30.648363,14288
104.202104,30.726081,0
104.505474,30.344854,14288
104.221646,30.695712,14184
104.495207,30.339979,14242
103.815551,30.633405,14288
104.051789,30.438959,14288
104.081629,30.657161,0
103.686845,30.62938,14288
103.873136,30.779283,14290
103.790391,30.685238,14289
104.229911,30.789001,14289
104.59638,31.767056,14288
103.499621,30.173814,14288
104.038917,30.359982,14288
104.102431,30.497029,0
104.192897,30.540468,14288
104.287898,30.683806,14288
104.082302,30.582025,14288
104.438144,30.356827,14288
104.033095,30.466373,0
104.526504,30.431077,14288
104.473843,30.486986,0
104.18329,30.717308,14288
104.492195,30.328566,14135
104.072688,30.572026,14288
104.012255,30.8313,14289
103.791056,29.635766,14288
103.482401,30.383734,14288
104.595496,31.767986,14288
102.202138,29.726001,14288
104.00601,30.522423,0
104.488759,30.462196,14288
104.076258,30.326963,14184
104.316155,30.943552,14288
103.984158,30.599689,14288
104.321348,29.736011,14288
103.764431,30.043489,14288
103.912728,30.824785,14288
103.963452,30.061565,14288
104.840313,30.631054,14289
104.009469,30.839106,0
104.160061,30.51317,14288
103.940369,30.999172,14288
103.8995,31.007604,0
103.600153,30.608714,0
104.071671,30.329581,14288
103.866318,30.463057,14288
104.033192,30.487579,14288
104.530501,30.433199,14288
104.312333,30.298501,0
104.461291,30.345481,14288
103.816225,30.654045,14288
104.924581,29.84546,14288
103.674343,31.028518,14288
104.241985,30.576039,14288
104.031922,30.448366,14242
104.255586,30.530872,0
104.26283,30.875316,14288
104.390156,30.635549,14288
104.262129,30.938504,14288
104.804243,30.152032,14288
104.072003,30.297281,14288
104.232225,30.793967,0
103.978185,30.200611,0
103.912134,30.798678,14288
104.201123,30.733821,14288
104.175277,30.715379,14290
104.29622,30.389639,14184
104.309207,30.865081,14285
103.280391,30.165884,0
104.126627,30.600602,14059
104.069964,30.768816,14242
103.986896,30.216036,14288
104.151134,30.657996,14285
103.756292,30.721062,0
103.720375,31.202203,14288
103.925907,30.663494,14288
104.109839,30.587581,14288
103.718494,30.611339,14290
104.052777,30.472137,14288
104.069831,30.768576,0
103.661444,30.961267,14288
104.536296,30.656272,14288
103.956639,30.7981,14288
104.455902,30.352726,14288
103.642266,30.943294,14288
103.943027,30.3371,14289
103.912686,30.824653,14288
104.236941,30.647886,14288
103.647628,30.951495,14288
103.991467,30.468758,14288
103.708877,30.588053,14288
104.104882,30.4068,14288
104.397529,30.824239,14288
103.900387,30.542236,14288
103.905489,30.810736,14288
104.066291,30.329389,14288
103.21425,30.081662,14288
104.100792,30.435632,0
104.32454,30.70614,14288
104.098312,30.539536,14288
103.899717,30.54247,14288
104.597732,30.699625,14289
103.974194,30.468737,14288
103.913126,30.979577,14288
103.797922,31.240953,14288
103.684458,30.30226,14288
103.926889,30.949306,14095
104.253936,30.859023,14288
103.960892,30.438659,14288
104.073546,30.320989,0
104.942306,30.284777,14289
104.028012,30.665867,14288
104.147661,30.626469,14288
103.800644,30.830625,14288
104.074499,30.224886,14288
104.072019,30.323306,14288
104.072663,30.396504,14288
104.215107,30.582734,14288
103.742307,30.441723,14288
104.871138,29.225465,0
103.90984,30.544519,12518
104.280942,30.893527,14288
103.908906,30.542286,0
103.929734,30.974602,14288
102.645675,30.933778,14288
103.585585,30.825263,14288
104.174846,30.787283,11557
103.694446,30.612723,14288
103.221009,30.380057,14288
102.992944,30.023141,14288
104.087897,30.749151,14288
104.191674,31.033165,14288
104.367946,30.651827,14288
104.458199,30.47373,14288
103.901745,30.834369,14288
102.877368,29.652564,14288
104.005864,30.575539,14289
104.052645,30.799882,14288
104.676286,30.083914,14288
104.111522,30.575868,14095
103.813079,30.631245,14288
104.391578,30.299807,14288
103.995257,30.478548,14288
104.128382,30.751777,14289
103.835203,30.344491,13812
103.988398,30.628026,14288
103.91651,30.397718,14288
103.815973,30.278759,14288
104.093527,30.581153,14289
103.981254,30.785213,0
104.445687,30.856421,14288
103.69649,29.227435,14242
104.054594,30.456563,14288
104.215107,30.582734,14070
103.95603,30.934887,14288
104.361358,30.603248,0
103.942898,30.52433,14095
104.329883,30.294367,0
103.957281,30.647349,14289
104.398987,30.334264,0
104.138929,30.522083,14288
104.235909,30.646798,14288
103.839062,30.336546,14288
104.212658,30.583829,14288
103.276177,29.592718,14288
103.998963,30.669588,14288
103.813792,30.631735,14289
104.157541,30.647307,14288
104.093195,30.798331,14288
104.151581,30.359032,14290
104.035286,30.298065,14288
104.259268,30.872881,0
103.909258,30.998113,14095
103.505826,30.55911,14289
103.981702,30.410229,14288
104.203044,30.814925,14288
104.054964,30.426681,14288
103.81331,30.632669,14288
103.965415,30.639747,14285
104.574913,30.703442,14288
104.065544,30.451242,14288
104.378413,30.282913,14288
103.870177,30.711212,0
103.716664,30.398793,14289
104.025062,30.669514,14288
104.112145,31.075876,14289
104.532975,30.425712,14289
103.969497,30.366701,14288
103.887742,30.660951,14288
104.046799,30.426998,14184
103.902698,30.658403,14288
104.318527,30.86128,14288
104.249922,30.581055,14242
104.475889,30.356053,14288
103.977772,30.688328,0
104.177077,30.718851,14288
104.05119,30.499981,14288
104.081833,30.467227,14288
104.063655,30.609163,14289
103.896686,30.666533,14288
103.89731,30.836397,14288
104.973233,29.87067,14288
103.891399,30.35286,14288
103.791553,30.445349,14288
103.939744,30.617176,14288
104.085141,30.683503,14242
104.116218,30.419094,0
104.359281,30.531735,14290
103.561075,30.748653,0
104.067954,30.608664,14288
104.636022,31.264884,14288
104.39155,30.300067,14288
104.079012,30.818227,14288
104.008783,30.59067,14288
103.977582,30.640196,14288
103.913572,30.993858,14288
104.223489,30.794307,14288
104.197716,30.428895,14288
103.513818,30.209231,14289
104.477678,30.502927,14288
104.243692,30.645484,14288
104.184697,30.552498,14288
104.375824,30.951127,14288
104.07712,30.794747,14288
104.498658,30.428409,14288
104.57818,30.809625,0
104.035535,30.692573,14288
103.782166,30.694877,0
103.882923,30.666003,14288
103.965699,30.643987,14095
103.948646,30.677494,14288
103.784186,30.640226,14288
103.98161,30.785316,14289
104.479484,30.349028,14288
104.037007,30.147923,14288
103.700846,30.654125,14288
104.19928,30.510569,14288
103.862869,30.305961,14288
104.188192,30.514684,14289
104.174595,30.715389,14288
104.307201,30.845351,14288
104.114392,30.750419,14288
104.019288,31.401743,14288
104.139762,30.693336,14289
104.309134,30.865095,14288
103.883117,30.665931,0
104.032847,30.526837,14290
104.093608,30.581568,14288
104.06703,30.449769,14288
104.006055,30.53703,14288
103.81691,30.798665,14288
104.073374,30.526357,14288
103.832452,30.549992,14288
103.850868,30.820451,14288
104.217226,30.801923,0
103.663312,30.959992,14288
104.179364,30.789148,14288
103.952188,30.796088,14288
103.680509,30.61278,14288
104.452245,30.870917,14288
104.204728,30.7307,14288
104.118879,30.757694,14285
104.55534,30.352794,14184
104.197052,30.738176,14224
103.905619,30.810916,0
104.063707,30.708691,14288
104.050905,30.476204,14288
103.836277,30.842817,0
104.547784,30.717793,14288
104.423588,30.3927,14288
104.035163,30.51246,14288
103.690531,30.570164,14288
103.95591,30.028119,0
103.908361,30.543262,14288
103.60354,29.999357,14288
103.850868,30.820451,14288
104.559575,30.727977,14288
104.318259,30.272171,14288
104.099472,30.45979,0
103.870738,31.045332,14288
103.962538,30.626287,0
104.520358,30.357371,14288
104.508404,30.354466,14288
104.068325,30.662491,14288
103.506943,30.570907,14288
104.158208,30.782212,14288
103.644023,30.323089,14288
103.936226,30.614008,14288
103.895738,30.842105,14288
104.513989,30.352115,14288
104.166636,30.658653,14288
103.974141,30.639242,0
104.655392,30.34174,14288
104.170096,30.640258,14288
103.649946,31.002677,14288
104.092287,30.523817,0
104.252214,30.780345,14242
104.473316,30.486319,14288
104.393218,30.293555,14288
104.202307,30.739049,14288
104.16833,30.741692,14285
103.685315,31.014042,14289
103.915755,30.743773,14288
103.962329,30.369975,14288
103.797065,31.168077,14288
103.818342,30.655074,14288
104.312343,30.874923,14288
104.021913,29.139592,14288
104.497844,30.450374,0
104.283911,30.815313,14184
103.824077,31.156971,4471
103.952357,30.428372,14290
104.065634,30.439188,14288
104.079058,30.563854,14288
104.069753,30.441839,14288
104.047672,30.785048,14288
104.26833,30.233792,14288
104.102062,30.497589,14288
103.837865,30.534825,14288
104.293587,30.851049,14290
103.810442,30.6321,0
104.671317,30.055186,0
104.294236,30.501121,0
103.895762,30.841807,14288
103.97033,30.650103,14289
104.344692,30.739238,14289
103.888381,30.556117,0
104.311721,30.299176,14288
104.130635,30.375625,14288
104.170966,30.615169,14289
104.223413,30.686247,14288
103.891945,30.45733,14288
103.932501,30.547867,0
104.501734,30.354441,14288
104.493723,30.32509,14288
103.956453,30.939473,14288
104.125119,30.769511,14288
103.707155,29.088779,14290
103.935089,30.909471,14288
104.366089,30.857395,14288
104.165894,30.702612,14289
103.900541,30.541286,14288
104.046633,30.578124,0
104.97357,29.871221,14288
103.824023,30.423121,14288
104.473694,30.486379,14288
104.244473,30.645341,14288
104.474006,30.48631,14288
103.51084,30.29675,14288
103.796582,30.646393,14288
104.101265,30.444501,14288
103.868506,30.61247,0
104.490672,30.323253,14288
104.117767,30.537484,14288
104.491186,30.321579,14288
104.075454,30.755065,14289
103.867107,30.535086,14288
103.374951,30.080656,14290
104.312181,30.298452,14288
103.699199,30.399746,14288
104.111007,30.51013,14288
103.960023,30.517538,14289
103.891324,30.25635,14288
104.206815,31.672112,0
103.674458,30.905778,14288
104.109595,30.594934,14288
103.978,30.64099,14290
104.546189,29.50677,14285
103.994266,30.746735,14290
104.289859,30.307166,0
104.161337,30.735404,0
103.646983,30.296257,14288
104.119756,30.762059,14288
103.89337,30.715105,14288
103.676142,30.900166,0
104.788268,29.740587,14288
104.170325,30.528618,0
104.391633,30.28729,14184
103.76164,31.189828,14288
104.243147,30.645802,0
103.992876,29.024422,14289
104.149541,30.519009,14288
104.435449,30.486375,14288
104.242499,30.649973,14288
104.084433,30.230471,0
103.719711,30.391611,14288
104.083425,30.455211,14242
104.160773,30.513675,0
104.391647,30.300188,14288
104.237939,30.652774,0
104.188655,30.647682,14288
103.506233,30.559391,14288
104.035145,30.298334,14288
103.956648,30.030213,12518
104.320706,30.277448,14125
104.667025,30.070146,14288
104.109035,30.506887,14288
104.03655,30.296758,14288
103.25912,30.560029,14184
104.645529,30.961875,14285
104.32722,30.306181,14288
104.185342,30.684477,14288
104.116218,30.419094,14288
104.242629,30.65004,14288
104.237224,30.724021,14288
103.982061,30.450016,14288
104.344089,30.827225,14184
104.17533,30.66446,14135
104.104653,30.448898,0
104.262102,30.807881,14289
103.899726,30.676985,14288
103.994936,30.480481,14288
104.214995,30.583001,14288
104.389959,30.283144,14288
104.115377,30.418239,14288
104.042288,30.199026,14288
104.056855,30.38526,14288
103.592866,30.83166,14288
103.496287,30.548419,14184
104.01773,30.448967,14285
104.175426,30.664355,0
103.960556,30.645893,0
103.917114,30.68368,14288
104.452462,30.352568,0
104.226326,30.525382,14184
104.642861,30.676415,14288
104.65784,30.687197,14288
104.19904,30.739455,14288
104.170577,30.61519,14288
103.897963,30.493067,14289
104.324851,30.705554,14288
104.320124,30.645752,14288
103.953864,30.66243,14288
103.450728,30.375884,14288
104.230132,30.728978,13812
104.064002,30.64758,14288
103.79018,30.409307,14288
103.89408,30.379663,14289
104.102882,30.587117,14288
104.422411,30.474541,14288
104.028844,30.521332,0
104.615297,30.163614,14288
103.87249,30.624336,14288
104.259279,30.613265,14288
104.09942,30.412307,14289
104.533594,29.759831,14288
104.503766,30.467703,14288
104.076858,30.802411,14289
103.31446,31.078123,14288
103.141914,30.996171,14135
104.185071,30.718455,14288
104.027726,30.668754,14288
104.167178,30.774368,14288
104.107067,30.510467,0
104.072671,30.377295,14288
103.953188,30.934948,0
103.661869,30.920065,14288
104.062277,30.451885,14242
104.202834,30.725921,14288
104.312285,30.298519,14288
104.563957,30.387741,14288
104.352199,30.768296,14288
103.617427,30.254541,14289
104.20317,30.726073,14290
103.967524,30.422675,0
104.582308,30.708532,14289
103.587964,30.387939,14288
103.816097,30.633631,14288
103.721496,31.101952,14290
103.989351,30.596587,14285
103.907331,30.398249,14288
104.11355,30.583017,14288
104.081284,30.69283,0
104.500791,30.483,14288
104.143414,30.465763,14288
104.750871,30.629309,14290
103.816655,30.64076,14288
104.52357,30.429856,14288
104.18113,30.485935,14242
104.68013,30.067303,14135
103.554358,30.607501,14288
103.8263,30.933553,0
103.579771,30.757217,14288
104.342171,31.150036,0
104.030824,30.662576,0
103.60354,29.999357,14242
104.002139,30.55289,14288
104.109941,30.693027,14288
103.465556,30.438151,14290
104.182424,30.70021,0
103.64349,30.469999,14288
103.484735,31.25509,14289
104.398834,30.341838,14288
104.219203,30.695345,14288
104.555915,30.353243,14288
104.294409,30.241051,14288
103.8954,30.410202,14288
103.88771,30.665955,14288
104.268441,30.823192,0
103.827671,29.995139,14288
104.286526,30.67896,14289
103.881501,30.480176,14288
104.085729,30.571448,14288
103.613987,30.964569,14288
104.50103,30.473963,14288
103.991318,30.738772,14289
104.390399,30.609466,14288
104.164196,30.658567,14288
103.560698,30.748879,14288
103.811591,30.632337,14095
103.921705,30.689532,14288
104.969344,29.867176,14288
104.254844,30.579661,14288
103.849902,30.448963,14289
103.984285,30.652261,14288
104.083121,30.455211,14288
104.163139,30.647566,14288
104.202232,30.726106,14288
104.390184,30.300206,14288
104.269295,30.643781,14288
104.565229,30.379027,14289
104.014517,30.766606,14288
103.450928,30.74757,14290
104.007682,30.48504,14288
104.27243,30.627455,14288
104.271795,30.865241,14288
104.165623,30.662293,14288
103.862123,30.71085,14135
103.888218,30.556259,14288
103.902712,30.827268,14288
104.112479,30.752861,0
104.509888,30.352693,14288
104.047241,30.427551,14288
104.105746,30.39237,0
103.912658,30.950018,14288
103.951323,30.637255,14288
103.960103,30.941949,14288
104.027692,30.482418,14288
103.901051,30.834765,0
103.878845,30.477797,0
103.832539,30.616436,14288
103.970338,30.650221,14135
103.967765,30.71369,0
104.046462,30.427579,14059
104.618934,30.681592,14288
104.116347,30.584244,14288
104.183214,30.710783,14288
103.985115,30.893267,14288
104.099434,30.467186,14289
104.183105,30.711156,0
104.010852,30.528658,14288
104.31569,30.27207,14288
103.482401,30.383734,14288
104.361199,30.738574,14288
103.492456,31.43847,14288
104.36615,30.305832,14288
104.426552,30.699261,14288
103.687769,30.87211,14288
104.496442,30.47166,14288
103.873331,30.626697,14288
103.882925,30.555099,14288
104.16687,30.636724,14288
104.034838,30.858747,14288
104.121442,30.539623,13812
104.152934,30.781919,0
104.3719,30.86444,14289
104.134072,30.945727,14288
103.91254,30.978832,14289
103.952991,30.02303,0
103.850046,30.207784,14288
104.141385,30.522281,0
104.100453,30.521209,14288
103.550786,30.534903,14289
104.00444,30.592046,0
103.710576,30.526245,14290
103.680965,31.033691,14288
103.408603,30.747786,14288
103.601286,30.87556,14135
103.825198,30.814958,14288
103.973816,30.905545,14288
103.530442,30.738248,14288
104.15148,30.632455,14289
102.996836,30.336897,14288
104.378349,30.282963,0
103.685658,31.012614,14184
104.087425,30.710707,14288
104.07098,30.725264,14288
103.903857,30.244664,14288
103.664887,30.643795,14288
104.487173,30.333327,14288
104.460292,30.831345,14288
104.097123,30.450086,14242
104.450542,30.47532,14288
104.362492,30.423245,14125
104.18489,30.727209,14288
103.854002,30.796856,0
104.09962,30.790418,14288
104.25443,30.983844,14288
103.755355,30.580346,14288
104.076682,30.375157,14288
104.367858,30.716145,14288
104.140933,30.53211,14288
104.061389,30.419337,14288
104.099802,30.581922,14289
104.880884,30.167882,14288
104.871241,29.225475,0
103.471655,30.616097,14288
104.293039,30.725237,14288
104.197598,30.788199,14289
104.017738,30.521795,14288
104.394499,30.350252,0
104.102393,30.496099,14288
104.054927,30.653727,14288
104.044599,30.535516,14288
104.47959,30.445753,14288
104.108287,30.555323,14288
104.428736,31.187845,14288
104.071304,30.725084,14288
103.958458,30.463768,14289
104.094792,30.753452,14288
104.671317,30.055186,14288
104.317849,30.277238,14289
104.204735,30.730912,14288
103.859665,30.345205,14289
103.393825,30.206623,14288
104.16687,30.636724,14288
103.774578,31.179468,14288
104.055926,30.848025,14288
103.934881,30.671888,0
103.49714,30.561189,14288
103.912556,30.97921,0
103.902329,30.834667,14288
103.937571,30.613437,14288
104.109344,30.523215,14288
103.696606,30.814919,14288
103.921254,30.670032,0
104.392371,30.298941,0
103.935336,30.905581,14290
104.158407,30.649939,0
104.019046,30.448716,14288
104.133466,30.774743,14288
103.973772,30.621984,0
103.874374,30.774572,14288
104.331648,30.305972,14288
103.993823,30.746099,14288
103.958928,30.6481,14288
104.24262,30.650785,14288
103.936473,30.613786,14288
104.306648,30.8449,0
104.498629,30.428172,14289
104.555467,30.35271,14288
103.724799,30.396417,14288
104.134202,30.66158,14290
103.685144,31.023156,14288
103.958246,30.662113,0
104.091838,30.218215,0
104.08531,30.74934,14288
104.22937,30.854229,14290
104.218193,30.585081,14288
104.279002,30.642872,14288
104.175657,30.715328,0
104.165848,30.712275,14288
104.218183,30.585079,14288
104.478467,30.489765,14288
103.686377,30.837178,14288
104.101876,30.420107,14289
104.799346,30.153427,14288
104.188752,30.71758,14288
103.793247,30.649912,14288
104.227001,30.643586,0
103.952412,30.79585,0
104.14605,31.492663,14288
104.081911,30.474682,14285
103.912634,30.978421,14288
103.887742,30.660951,14288
103.885044,30.165302,14288
104.101414,30.497988,14288
104.168787,30.741538,14288
103.99176,30.749547,14288
103.983449,30.453875,14288
104.118879,30.757394,0
103.832527,30.506551,14288
103.698918,30.864634,14288
103.642921,30.853515,0
104.487485,30.349694,14288
104.392252,30.282704,14288
104.268969,30.578957,0
104.14049,30.789686,14288
104.758705,30.373889,14288
104.062386,30.438433,14288
103.972546,30.622837,0
103.923209,29.922734,14288
104.33357,30.644493,14288
104.468495,30.48636,14288
104.418243,30.878845,14288
104.48376,30.599545,14288
103.851361,31.059148,14289
103.935145,30.472491,14288
103.752619,30.51581,14288
104.429378,30.356108,0
103.970394,30.650289,14289
104.203591,30.726006,14288
104.108187,30.547178,14289
104.496442,30.47166,14288
103.855911,30.29108,14289
104.006267,30.592216,14288
104.087757,30.689055,14288
104.076236,30.370587,14288
104.277868,31.141393,14288
103.891995,30.456664,0
104.360723,30.329826,14135
104.09552,30.541084,14288
104.354185,30.435652,14288
104.308718,30.865265,14290
103.342048,30.122951,14288
103.876297,30.500688,14288
104.349897,30.643065,0
104.52087,30.429843,14288
103.814603,30.633071,14288
103.942399,30.847677,14288
104.170185,30.780949,0
103.544511,30.566985,14288
103.941145,30.569494,14288
104.011662,30.466199,14288
103.91504,30.608225,14288
104.321786,31.117083,14288
103.795561,29.435182,14289
104.168655,30.388856,14288
103.926425,30.241549,14288
103.739356,30.734849,0
104.578335,30.358224,14288
104.210861,30.608338,14288
104.043741,31.280075,14288
104.083193,30.577911,14288
104.204623,30.730778,14288
103.881736,30.204092,0
104.018951,30.516497,0
103.977764,30.688194,14288
103.97382,31.032166,0
103.696707,30.405964,0
103.942695,30.635169,0
104.229495,30.788259,14288
104.231843,30.639869,14288
104.393347,30.293933,14290
104.17879,30.795766,14288
103.802425,30.452584,14288
103.815568,30.633396,14288
103.686983,30.940817,14288
103.099674,30.081249,14289
104.091355,30.559818,14288
104.079298,30.818313,14288
104.164491,30.658615,14288
104.247494,29.025168,14135
104.066129,30.448241,14288
103.765535,30.472883,14288
103.981251,30.785231,14288
103.923602,29.922835,14288
103.890605,30.478653,14289
104.093727,30.581483,14095
104.06207,30.419261,14288
103.936817,30.781731,14288
104.58708,30.734395,14288
103.459847,30.747129,0
104.195351,30.595265,14288
104.494339,31.732131,14288
103.800644,30.830625,14135
103.831824,30.391691,14288
104.040388,30.592884,14285
104.543799,30.706615,14290
104.098348,30.459785,14288
103.601469,31.064514,14059
104.237443,30.652967,0
103.923074,30.717096,14288
103.297688,29.255788,14184
103.893738,30.411689,14288
104.115912,30.583946,14288
104.166078,30.712339,0
104.075898,30.779977,14288
104.072037,30.326672,14288
103.558631,30.422119,0
104.213871,30.651662,14288
104.069016,30.551657,14288
104.52329,30.64017,0
104.544759,30.706874,14288
104.089623,30.546584,14288
104.174554,30.572663,14289
104.285041,31.00293,14288
103.977348,30.641186,14289
103.694413,29.620663,14288
104.115984,30.584518,14288
104.046777,30.42791,0
103.926834,30.389722,14288
104.121185,30.501103,0
104.249831,30.580911,14288
104.072647,30.299634,14288
104.220564,30.695661,0
103.966605,30.435791,0
104.29162,30.59304,0
103.837139,29.975569,14288
104.230459,30.179725,0
104.44824,29.599182,14288
103.997172,30.742852,14288
104.975728,30.29042,14290
104.439029,30.355658,14059
104.269518,30.542599,14288
104.004751,31.459017,14290
104.170157,30.802513,14288
104.315734,30.303269,14288
103.952116,30.427872,14288
104.522486,29.806903,14288
104.52353,30.477897,14288
104.055888,30.457924,14288
104.665368,30.17156,14289
103.851348,30.437349,14288
104.034548,30.465125,14288
104.08005,30.512412,14288
103.935171,30.905597,14288
104.066437,30.687844,14288
104.051216,30.476885,0
103.357821,30.168166,14288
103.878639,30.198263,14288
104.10879,30.507549,14288
103.825081,30.447716,14288
104.161647,30.669101,14288
104.323811,30.645166,14242
104.973146,29.870488,14288
104.010185,30.408216,14288
103.930436,30.741101,14288
104.051148,30.259814,14288
104.261039,30.871469,14290
103.696602,30.396378,14288
104.046197,30.545853,14288
103.378018,30.208813,14288
103.744041,30.356857,14288
103.963597,30.448268,14288
103.957316,30.660477,14184
103.611937,30.976215,14289
102.961875,30.187716,14288
103.862235,30.797079,14288
103.723788,30.963558,14288
103.789673,29.6361,14288
103.706517,31.099965,0
103.969705,30.982076,14289
103.954961,30.569586,14288
103.872829,30.699313,14288
103.686436,30.629229,14288
103.619426,30.9903,14288
104.235837,30.646938,14288
104.392482,30.283856,14288
104.150503,30.718985,14288
103.988697,30.627998,14288
103.872039,30.622862,14288
103.917365,30.742658,14288
104.333792,30.643967,14288
103.640376,30.466242,14289
103.936973,30.774236,14288
103.786151,30.428167,14288
103.740836,30.395558,14288
103.976481,30.668992,14288
104.183993,30.710854,14288
104.277021,30.858001,14184
103.837155,30.359453,14288
104.622987,30.319612,14288
104.184588,30.552359,14289
104.018017,30.442329,14288
104.16687,30.636724,14288
104.616218,30.679605,14288
104.387618,30.296777,14288
104.008627,30.595232,14288
104.018879,30.487705,14289
104.174003,30.540286,0
104.175194,30.715388,14289
104.050677,30.541821,14288
103.918097,30.62849,0
104.069789,30.768572,14288
103.680042,31.146231,14289
103.689661,31.023765,14288
103.966517,30.626117,14288
103.90233,30.658409,14139
104.327344,30.307822,14288
103.63382,30.960677,14288
103.963228,30.447869,14288
104.100647,30.507798,14288
104.087172,30.642053,14288
104.093163,30.58152,0
104.050708,30.260619,14288
103.977692,30.68877,14139
104.090939,30.559557,14288
103.92668,30.946991,14288
104.044255,30.447075,14289
104.410201,30.758586,14288
103.812119,30.632231,14288
104.045851,30.731557,0
104.107695,30.507815,14288
103.903942,30.744387,14288
103.516043,30.354177,14288
103.970809,30.650183,14288
104.503324,30.46955,14288
103.928682,30.473922,14288
104.498677,30.428164,14288
104.264333,30.994785,14288
104.35569,30.735181,14288
103.997818,30.083249,14288
103.677965,31.030024,14288
104.46102,30.348021,14288
104.031836,30.858755,14288
104.181965,30.717669,14288
104.185599,30.509367,14288
104.109999,31.378158,14288
104.308625,30.865288,14289
103.465694,30.43804,0
104.315734,30.303269,14288
104.162353,30.672793,14289
104.456054,30.870259,14288
103.968728,30.63211,14288
103.546102,30.601866,14288
104.115249,30.417437,14288
103.789967,30.603961,0
103.498465,30.569086,14288
104.345855,30.864866,0
103.960072,30.517423,14289
104.387957,30.301239,14288
103.678162,31.029671,14288
103.818746,30.85485,0
103.701709,30.602698,0
104.059562,30.424792,14288
103.568951,30.267083,14059
103.967637,30.930595,14288
103.93558,30.905598,14288
104.269858,30.757089,14242
104.351204,30.67547,14288
103.768227,30.471379,14095
104.359281,30.531735,14288
104.007038,30.518122,14289
103.531241,31.405276,14288
103.912678,30.824971,14288
103.883233,30.665493,0
104.331019,30.644545,14288
104.154395,30.510538,0
104.489502,30.494011,14288
103.855835,30.823875,14288
103.970809,30.650183,0
104.100613,30.459034,14133
104.021344,30.651739,14288
104.213845,30.651509,14288
104.040358,30.880132,14184
102.0617,31.517043,14288
104.500914,30.475627,14135
104.072255,30.390223,14288
104.522821,30.429913,14288
104.006911,30.569181,14289
103.95907,30.640007,14288
103.965908,30.642593,14288
104.192829,30.799429,14288
103.725383,30.5778,14288
103.665273,31.032474,14288
104.068492,30.663012,0
103.89731,30.836397,14288
104.041194,30.464387,0
104.044382,30.449426,14288
103.856377,30.633063,14288
103.802006,30.455436,14289
104.227904,30.781233,14288
104.221119,30.638725,14288
103.963088,30.373474,14059
104.120371,30.773262,14288
104.108484,30.455461,0
103.923122,30.717272,14288
103.913231,30.477318,14288
103.74028,30.395528,14289
104.185784,30.719275,14288
103.947606,30.537627,14288
103.846508,30.428428,14288
104.021305,30.502066,14289
104.269019,30.579037,14288
104.248244,30.706436,14242
104.059337,30.651356,14288
103.956017,29.163061,14288
103.884725,30.400625,14288
104.026875,30.480944,14288
104.529541,30.643303,14288
104.080081,30.508971,0
104.415546,30.992484,14288
104.006222,30.592216,14133
104.408698,30.344366,14288
104.338575,30.84536,14288
104.220768,30.63892,14288
103.659236,30.923496,0
103.870887,30.71111,14288
104.221592,30.847633,14289
103.940614,30.614092,14285
103.740165,30.531364,14288
103.856356,30.662806,14288
103.771761,30.346141,14288
103.905619,30.810916,14288
103.815397,30.607263,14288
104.0633,30.665495,14288
104.208546,30.744829,0
103.935371,30.905534,14288
103.895655,30.666068,14288
103.785817,30.652261,14289
104.211714,30.570564,14288
103.89157,30.41007,14289
104.405196,30.255307,14288
104.010434,30.511855,0
104.203826,30.726048,0
104.24897,30.772353,0
103.996154,30.425372,14289
103.923531,30.716933,0
103.857136,30.783117,14289
103.847763,31.028319,14288
104.650808,31.134996,0
104.065032,30.179471,0
104.043655,30.446411,14288
103.552991,30.53056,14288
104.342482,31.150593,0
103.464833,30.452695,14288
104.059238,30.651067,14288
104.255586,30.531038,14288
104.237364,30.653403,14070
104.100671,30.507864,14288
104.03207,30.53791,14288
104.082948,30.718048,14288
104.006953,30.592738,14288
104.035154,30.298108,0
104.376249,30.775997,14288
104.043461,30.248593,0
103.691916,30.420495,14288
104.410158,30.758596,14288
104.47763,30.348494,14133
104.232119,30.793667,0
103.926038,30.89097,14288
104.215542,30.649266,14288
103.765729,30.875506,14288
104.059041,31.255857,14288
104.268573,30.233611,14288
103.962449,30.641224,14288
104.140062,30.532025,14288
104.10684,30.608113,14288
104.064721,30.633189,14288
103.688241,31.024658,14288
104.175489,30.715254,14288
103.896834,30.403235,14288
104.038594,30.662732,14288
104.22937,30.854229,14288
104.050284,30.259589,0
103.646801,30.934696,14288
103.937032,30.614795,14288
104.44917,30.856498,14288
103.451753,30.375491,14288
103.927843,30.610197,14285
104.021744,30.809049,14288
103.912675,30.970366,14288
104.97439,29.869605,14289
104.096413,30.443693,14289
104.197944,30.697196,14184
104.120794,30.501608,14289
103.873715,30.485837,14288
104.221376,30.638904,14288
103.601916,30.831291,14288
104.071249,30.725187,14285
103.978341,30.327757,0
104.202033,30.7261,14290
104.022176,30.522971,14288
103.964209,30.4782,14288
104.179624,30.619531,14289
104.435416,30.468536,14288
104.024051,30.541028,12498
103.954845,30.544091,14288
104.796983,30.151418,14288
103.821419,30.575636,14288
104.18603,30.544964,0
104.260829,30.656156,14288
104.051538,30.540946,14288
104.432819,30.488263,14288
104.050813,30.476074,14288
104.36464,30.996556,14288
104.161396,30.698818,14288
104.174798,30.78747,14288
104.471836,30.862616,14285
103.701684,30.602459,14288
104.242692,30.650102,14290
104.628095,31.175134,14288
103.643285,30.944971,14288
104.056669,30.385549,0
104.224073,30.566523,14288
103.763047,30.041157,0
104.215322,30.582514,12518
103.628629,30.725291,14289
104.125373,30.769464,14288
104.112724,30.458182,9456
104.277626,30.688014,14288
103.90023,30.542451,14288
103.694591,30.612837,14288
103.949234,30.515618,14290
103.713621,30.525964,14288
103.812894,30.632558,14288
103.987379,30.467296,14288
103.973952,30.738088,14288
102.958354,30.19333,14288
103.684483,30.879968,14288
104.785077,30.622677,0
104.067147,30.329581,0
103.560922,30.749053,14288
104.393631,30.538759,14288
103.961057,30.934693,14285
103.879606,30.707265,14288
104.146041,30.666541,14288
104.576441,30.71788,14288
104.111582,30.575403,14288
103.959605,30.164528,14285
103.920847,30.702832,14288
104.520716,30.610755,14289
103.912625,30.824701,14242
103.937459,30.613355,0
103.973741,30.652075,14289
103.895069,30.899942,14289
104.092137,30.524092,14288
104.477,30.354142,14288
104.092911,30.524524,14288
104.173679,30.727736,14135
104.056051,30.847805,14288
104.442776,30.804348,14289
104.026818,31.380318,14288
104.005699,30.515464,14289
103.857153,30.670424,14288
103.842893,30.576375,14288
104.192455,30.997378,0
103.977764,30.688194,14288
104.235606,30.710615,14288
103.694129,30.704799,14289
104.228014,30.788089,14288
104.050263,30.541772,14288
104.499212,30.467747,14288
103.854948,30.406876,14290
103.791071,30.401262,14288
103.562842,29.863018,14288
104.164678,30.658096,14288
103.810738,30.630811,14288
103.975053,30.469198,14288
103.974038,30.652016,14288
104.488838,30.46203,14290
104.219,30.655355,14289
104.323784,30.644985,14288
103.972881,30.991409,14059
103.937595,30.613537,14288
103.555262,30.42255,0
103.587964,30.387939,14289
104.077633,30.794708,14288
103.957023,30.723371,14288
103.764079,30.043607,14289
104.315097,30.27236,14288
103.795909,31.15983,14288
104.176338,30.778518,14288
104.021537,30.500082,0
103.60354,29.999357,14289
103.900032,30.616195,14289
104.221111,30.639046,14289
104.071521,30.688543,14288
103.867134,30.534944,14289
104.354201,30.43575,14288
103.527842,30.377864,14288
104.39431,30.728945,14288
103.655749,30.338393,0
104.025633,30.525786,14288
104.523562,30.663358,14288
104.430133,30.603344,14288
104.10892,30.506291,14290
104.181271,30.534538,14288
104.440987,30.487517,14288
104.118121,30.606595,14288
104.31376,30.272552,0
103.97418,30.408765,0
104.242502,30.650188,14289
103.962226,30.585882,14288
104.03131,30.312797,14288
103.961048,30.939584,0
103.661389,30.96112,14288
103.827365,30.799025,14288
103.972324,30.542169,14288
104.112923,30.578923,0
103.923763,30.287498,14288
104.071902,30.38435,14288
104.261037,30.870514,0
103.19556,30.141738,0
104.311388,30.852928,14288
103.960015,30.165679,14095
104.077649,30.794742,14288
104.108303,30.505414,14133
103.600153,30.608714,14288
103.681695,30.596742,14288
103.553416,30.220738,14288
103.96264,30.448529,14288
104.017295,30.845574,14242
103.452412,30.474995,0
103.798464,30.646067,14288
104.023654,30.524067,14288
103.792772,30.187782,14289
103.804111,29.840004,14184
103.860417,30.836917,14288
104.070145,30.696334,0
104.152738,30.781679,0
103.873611,30.463779,14070
103.92215,31.038939,14288
104.316225,30.943694,14288
104.010731,30.512388,14289
103.810618,30.630773,14288
104.109604,30.59373,14289
104.264261,30.617256,14290
104.106354,30.465882,14288
104.091491,30.678638,14288
104.072654,30.360297,14288
103.847958,30.54041,14288
104.110077,30.587583,14288
104.534307,30.429133,0
104.306881,30.845121,14288
104.053795,30.457123,14288
104.112436,30.753022,0
103.936739,30.579754,14288
103.662134,31.033331,14288
104.218751,30.815087,0
103.867413,30.535272,14288
104.555411,30.352826,14288
103.970788,30.46976,0
104.208674,30.744963,0
104.053876,30.461571,14289
103.948944,30.515506,14290
103.879224,30.357904,14288
103.89289,30.433698,14095
104.203874,30.725944,14288
104.046877,30.588174,14288
104.254688,29.009575,14289
104.323745,30.645154,14288
103.552621,30.53136,14288
104.118359,30.757194,14290
103.982918,31.058792,14288
104.584877,30.355326,14288
103.978079,30.673675,14290
104.061369,30.432251,14125
104.520607,30.429994,14288
103.888164,30.661213,0
103.842288,30.537035,14288
104.221267,30.79864,14288
103.642829,30.943391,14059
103.887865,30.556374,14288
104.454297,30.353578,14288
104.234066,30.36464,14288
104.20141,30.739403,14288
103.854918,30.407,14290
103.823657,30.422647,14288
103.71041,29.091186,14288
103.984717,30.453869,14288
104.190345,30.5141,14288
104.043949,30.752718,0
104.009468,30.843776,14135
104.057482,30.648999,14288
104.156148,30.645328,14288
104.271791,30.326884,0
103.661118,30.980168,14288
103.735131,30.987649,14288
103.974258,30.578943,14288
103.990684,30.739154,14288
103.903901,30.915331,14288
104.085096,30.748798,14288
104.203228,30.726102,14290
104.533557,30.702139,14288
104.26302,30.996185,0
103.678298,31.029621,14288
103.453776,30.035327,0
104.173698,30.484834,14288
103.833961,30.861498,14288
103.902466,30.658397,14288
103.988824,30.918241,14288
103.845775,30.789169,14288
104.224722,30.793905,14288
104.131974,30.649756,14288
104.284755,31.002996,0
103.785194,30.377047,14288
104.046799,30.426998,14289
104.132755,30.650923,14290
103.998599,30.893365,14288
103.267727,30.292381,14095
103.831852,30.29117,14288
104.307538,30.845402,14289
104.072715,30.37503,0
103.975377,30.997936,0
103.967057,30.634347,14288
103.912657,30.630939,14095
103.993573,30.746703,14288
104.312718,30.298369,14288
104.120368,30.773172,14288
104.031796,30.321509,14288
103.524293,30.395612,0
104.201497,30.678622,14288
104.358931,30.547419,14289
104.513058,30.420132,0
103.800573,31.038694,14289
103.867358,30.535174,14289
103.950827,30.662333,14290
103.860818,30.80427,14288
103.952291,30.428081,14288
103.936123,30.905532,0
104.199022,30.510584,14288
104.342187,31.150103,14288
103.82815,30.82939,14288
103.912452,30.631027,14288
104.098565,30.713554,14288
103.701583,30.602649,14288
104.010015,30.929158,14289
104.450678,30.872178,14288
104.110829,30.654439,14288
104.194695,30.681782,14288
104.224249,30.566482,14288
104.050149,30.476818,14288
103.905619,30.810916,14288
103.728529,30.33336,14288
103.861593,30.796717,14289
104.244687,30.645486,0
103.912827,30.824883,14288
104.316263,30.605324,14288
104.552336,30.697023,14288
103.840756,30.542006,0
104.114664,30.579458,14288
103.889196,30.428243,14288
103.720692,31.102538,14184
104.238887,30.88022,14288
104.041151,30.593433,14288
103.93616,30.905585,14289
104.060425,30.798289,14288
104.008697,30.590745,0
104.159074,30.767694,14288
104.572865,30.339082,14288
104.288744,30.64639,14184
104.2982,30.39039,14288
104.294721,29.659585,14288
104.348021,30.529931,14288
103.957963,30.612639,14288
104.150172,30.61626,0
103.887975,30.556284,14288
104.017168,30.44654,14288
104.447186,30.462416,14288
104.147058,30.777592,14288
104.07926,30.513607,14290
104.102894,30.89822,0
103.415418,30.757437,14288
103.887742,30.660951,14288
104.36149,30.434912,0
103.671505,30.904304,14288
104.961803,30.224296,14288
104.39168,30.607182,14289
104.029809,30.584242,14288
104.23495,30.646931,0
103.660887,30.961364,14288
104.263222,30.851421,14095
103.483674,30.76277,14288
104.250388,30.577906,14288
104.238054,30.533748,14288
103.383646,30.731922,14289
103.75981,30.665084,14288
103.866544,30.556918,14288
103.675091,30.905415,0
103.957346,30.041105,14288
104.557314,30.724411,14288
104.161694,30.599579,14288
103.696986,30.398789,14288
103.896675,30.666563,14288
103.87183,30.600627,14288
104.010851,30.514869,0
104.000341,30.53626,14288
103.698383,30.630329,14288
104.363801,30.306094,14288
103.93964,30.617258,14288
103.964944,30.615361,14288
104.107349,30.665695,14288
104.03307,30.46503,0
103.8913,30.256334,14288
103.93697,30.613586,14288
103.552626,30.531038,14289
103.885844,30.583873,14288
104.424156,30.392666,14288
104.007588,30.554571,14288
104.669515,29.503573,14288
104.024033,30.731176,14289
104.10406,30.715378,0
104.114024,30.651161,14288
104.227085,30.650113,0
103.922143,30.92713,14288
104.029972,30.584315,14288
103.613943,30.257467,14288
103.976177,30.404371,14288
104.093535,30.581161,14290
104.105499,30.412906,0
104.579633,30.388831,14288
104.332268,30.355695,0
104.8287,29.775241,14288
103.916274,30.369248,0
103.912625,30.824701,14288
103.535802,30.742518,14288
104.106839,30.740643,14288
103.742553,30.583481,14288
104.507367,30.363336,14288
103.902262,30.834369,14288
103.886921,30.528419,14288
104.185442,30.552202,14289
104.522821,30.429913,14288
104.438608,30.356027,0
104.080876,30.714867,14288
104.512747,30.352443,14288
103.67829,30.950497,14288
103.65511,30.612932,14288
104.201448,30.682139,14288
104.077284,30.610263,14289
104.11163,30.52467,14289
103.662591,30.970563,14288
104.22277,30.834906,14290
104.047101,30.42852,14288
104.135005,30.398077,14288
104.009305,30.440048,14288
104.477678,30.502927,14288
104.072033,30.298383,14288
103.930512,30.887983,0
103.46032,30.746918,14288
104.032664,30.486351,0
103.688137,31.022638,14288
103.762112,30.399258,14289
104.158478,30.671093,14288
103.937491,30.613521,14288
103.691376,30.640914,14288
104.189411,30.693812,0
104.071963,30.278281,14288
103.969468,30.982238,14289
103.904898,30.839738,14288
104.098687,30.436545,14289
103.614927,30.826998,14288
104.293862,30.971632,14288
104.508404,30.354466,14288
103.890941,31.020457,14288
104.080366,30.510837,14289
103.912367,30.630944,14288
104.08373,30.324616,14288
103.92325,30.71733,14288
103.914826,30.862904,0
103.871443,30.095417,14288
104.030741,30.807815,14288
104.096903,30.538139,0
103.883272,30.666091,0
104.112459,30.753212,0
103.917349,30.742741,14288
104.003293,30.435341,14289
104.462736,30.347926,0
103.998068,30.252545,14289
103.932608,30.871247,14288
104.367409,30.304351,14290
104.080025,30.513422,14288
104.132122,30.667408,14289
103.691273,31.03687,14288
103.782782,30.694347,14289
104.521501,30.429641,14288
104.393355,30.292123,14288
104.598003,30.340229,14288
103.907639,30.543425,14288
104.310668,30.273347,14288
104.086337,30.456659,14288
103.552268,30.532679,14288
104.040349,30.659475,14288
104.45987,30.341922,0
104.595618,31.768053,14288
104.114393,30.750475,0
104.196525,31.114254,0
103.943027,30.3371,0
103.662995,31.043423,14290
103.816333,30.279543,14288
103.895655,30.666214,14288
104.143052,30.395804,14288
104.485991,30.492281,14288
103.871731,30.620854,14289
103.93665,30.613986,14288
103.840602,30.678011,14288
103.912549,30.978714,14288
103.888273,30.556164,14288
103.967458,30.586086,14288
103.898524,30.772764,0
104.386963,30.864966,14288
104.186343,30.589781,14290
104.489957,30.494118,14288
104.177189,30.718671,14288
103.837937,30.356533,0
104.093732,31.366039,14288
103.468424,30.434002,14288
103.936361,30.424659,14288
103.834138,30.503652,14288
104.272827,30.326258,14290
104.86973,29.749884,14288
104.255171,30.586229,14288
103.797922,31.240953,14288
104.318724,30.27526,14288
103.674928,30.645581,14288
104.566874,30.387755,14288
103.891763,30.677438,14289
104.555643,30.175395,14133
103.914633,30.630787,0
104.453854,30.352105,0
104.000531,30.526529,14288
103.552801,30.220907,14288
103.967152,30.648054,14059
104.231179,30.672647,14288
103.704488,30.653674,14289
104.056321,30.257921,14288
104.099835,31.288713,14288
103.973498,30.60783,14288
103.71788,30.609733,14288
104.598428,30.684936,14288
104.152051,30.516487,14288
103.560922,30.749053,14289
104.165032,30.658911,14288
104.347388,30.864931,0
103.863148,30.150446,14289
103.504238,30.574305,14288
104.060743,30.658016,14288
103.973851,30.429782,14288
104.053634,30.636819,14288
104.122985,30.442325,14288
104.010898,30.462725,14288
104.071915,30.330774,14288
103.602672,30.874749,14288
104.663156,31.087977,14288
104.11546,30.460951,14242
103.948212,30.737224,14288
103.659236,30.923496,14289
104.392817,30.283438,14288
104.081051,30.277416,14289
103.874095,30.776072,14288
104.001067,30.762715,14288
103.869209,30.659345,14288
103.993448,30.746972,14288
104.285583,30.69973,14070
103.861972,30.700066,14095
103.995,30.468864,14288
104.500711,30.482166,14288
104.572858,30.708895,0
104.315643,30.60513,14288
104.055951,30.447203,14288
103.866869,30.311981,14288
103.923531,30.716933,14289
103.957155,30.660562,0
104.088654,30.237729,14288
104.170838,30.615283,14285
104.149193,30.622298,14288
104.006953,30.592738,14289
104.077729,30.794998,14288
103.612325,30.871525,14289
104.573251,30.189732,14288
104.255282,30.531138,14059
104.667441,31.248236,14288
104.188165,30.584218,14289
103.975679,31.046314,14288
103.655749,30.338393,14288
104.108577,30.557622,14288
103.443199,30.751073,0
103.923258,30.717202,14289
103.855979,30.633147,14288
104.03326,30.728862,14288
103.437854,30.363986,14288
103.129504,30.094,14288
104.004233,30.698472,14288
103.914633,30.630787,14288
104.069956,30.769045,14288
104.05065,30.750212,14288
104.165134,30.653064,14125
103.947656,30.011435,14288
104.263254,29.942134,14288
103.959724,30.517462,14288
104.387726,30.761653,14288
104.125293,30.769681,14184
103.903761,30.68322,14288
103.544859,31.433972,0
104.10058,30.605427,14288
104.10769,30.614092,14288
103.474871,30.431781,14288
103.928814,30.725712,14288
103.857304,30.811764,14290
104.133684,30.475064,0
103.71828,30.609763,14288
104.083261,30.460631,14288
104.213532,30.744972,0
104.576838,30.113052,14288
104.488206,30.427124,14290
103.965192,30.310219,14288
104.236752,30.72361,14288
103.96253,30.461423,14288
103.687252,30.871982,14288
104.431256,30.891529,14288
103.937676,30.614254,14288
103.831187,30.465718,0
104.372162,30.965483,14288
102.18596,29.559071,14135
104.106893,30.768824,0
104.224073,30.566523,14288
103.711637,30.319823,0
103.935811,30.905375,0
103.81475,30.633117,14288
104.49795,30.46627,14289
104.051849,30.541338,0
104.180785,31.630442,14288
104.191394,31.032968,14288
104.203784,30.726053,14070
104.555763,30.70824,0
104.093503,30.58127,14059
104.160736,30.693967,14288
103.933367,30.903022,14289
104.309207,30.865516,14288
104.10273,30.511229,14095
104.101392,30.705259,14289
104.234502,30.646405,14288
103.436936,30.617581,0
104.263709,30.995021,14285
104.20371,30.725979,14288
104.229569,30.791581,14288
104.500729,30.429368,14288
104.020708,29.139263,14289
103.800747,30.63238,0
104.50119,30.484765,14288
104.089227,30.428782,14288
103.458543,30.746622,14288
103.903926,30.683138,14288
103.517413,30.57873,14288
103.611037,30.285282,14288
104.11013,30.409908,14288
103.725415,30.577836,14288
104.067306,30.662626,14288
103.810326,30.630716,14288
104.22124,30.681353,0
103.989472,30.596604,14288
104.011838,30.548971,14288
104.072752,30.258792,14288
103.923282,30.71667,14288
103.842144,30.31917,14288
104.48232,30.491653,14095
103.977459,30.688482,14288
104.520337,30.62819,0
104.465539,31.043602,14288
104.308786,30.865297,14288
104.405816,30.339332,14288
104.288223,30.690033,14288
104.33978,31.126054,14288
104.555457,30.352595,14288
104.566405,30.371533,14288
103.717797,30.609763,14288
103.66515,31.01776,0
104.262171,30.272024,14288
104.353863,30.287637,0
104.326395,30.86011,14288
104.11537,30.418034,14289
104.318714,30.861217,14288
104.513509,30.513152,14288
103.69011,31.045986,14288
103.959737,30.517439,14288
104.151288,30.775978,14133
103.892068,30.777997,14288
104.106376,30.740711,0
104.25921,30.529965,14288
103.836012,30.320816,14288
103.925175,30.957612,14288
103.888145,30.556362,14288
103.912124,30.224638,14288
104.149077,30.8392,14288
104.22348,30.885218,14288
103.887646,31.058052,14288
104.109369,30.506884,0
104.485027,30.348485,14288
103.870795,30.776526,0
103.601501,31.064612,0
104.049026,30.540381,14288
104.175081,30.715433,14288
104.323828,30.645044,14288
104.112443,30.753085,14288
104.223657,30.566549,14288
104.049182,30.609053,0
104.114385,30.750527,14288
104.059951,30.452045,0
104.387548,30.285237,14289
104.178502,30.782984,0
104.153414,30.636592,14290
103.886568,30.499913,14288
103.748086,30.582405,14289
104.164017,30.701234,14095
104.104026,30.532006,14288
104.20836,30.524125,14289
104.285108,30.696658,14288
103.978911,30.467515,14288
104.499232,30.428557,14289
103.885876,30.583773,14288
103.952205,30.427996,14288
104.200583,30.422839,0
103.977309,30.790463,14288
104.324342,30.344312,14288
103.974183,30.40799,14288
104.766022,30.37082,14288
103.833355,30.550423,14288
104.14485,30.806104,14288
103.70151,30.602785,0
104.175633,30.715335,14288
104.022878,30.860999,14288
104.203056,30.72603,0
104.512915,30.420164,0
104.504418,30.616491,14288
104.244988,30.6454,14288
103.979512,30.546427,0
104.495828,30.471112,0
103.940193,30.999259,0
104.059028,30.651122,14288
103.969509,30.982058,0
104.080868,30.707945,14288
104.073645,30.714007,14288
103.929144,30.974524,14288
103.976335,30.687702,14288
104.078822,30.655534,14288
104.112802,30.379304,14288
104.501712,30.685338,14288
103.570905,30.500879,14288
104.079597,30.819357,14288
104.257411,30.530302,14288
104.531494,30.64645,14289
103.50402,30.573906,0
104.100933,30.810263,14288
104.973361,29.870753,14288
104.23491,30.646271,14288
103.781924,30.676019,14288
104.239712,30.728124,14288
103.924869,30.544012,14288
104.227427,30.858249,14288
104.242908,30.645612,14290
104.040509,30.674302,14288
103.802193,30.455577,14288
104.494814,30.468846,0
104.05319,30.45693,14242
103.916928,30.684042,0
103.795188,30.446835,14288
104.113177,30.479583,14289
103.785273,30.653926,14288
104.909626,29.841985,14288
103.921552,30.70242,14288
104.341002,30.318861,14288
104.523062,30.362037,14288
104.45447,30.467787,14288
103.530729,30.738626,14288
104.250541,30.756069,14288
103.661038,30.961313,0
104.161729,30.696175,14288
104.226077,30.52515,14288
104.164843,30.658531,14288
103.241264,30.234174,14288
103.720296,31.10279,14288
104.022638,30.522292,14285
104.192471,30.997377,14288
104.165934,30.702751,14288
104.48232,30.491653,14288
104.871848,30.064342,14288
103.753154,30.347708,14289
103.92427,30.800146,14288
103.776008,30.839205,14288
103.956993,30.034086,14288
104.008371,30.590549,0
104.191308,30.600963,14288
104.316774,30.306019,14288
104.328826,30.853627,0
104.326476,31.375355,14285
103.958606,30.639926,14070
104.058483,30.725242,14289
104.067595,30.672206,14289
103.43759,30.617349,14288
103.905936,30.396714,0
103.811424,30.798756,14289
104.14485,30.806104,14288
103.957298,30.035754,14288
104.245456,30.55354,14289
104.897689,29.766545,0
103.858544,30.66366,14288
104.244687,30.645486,14288
104.342869,31.056705,14288
104.132239,30.686419,14288
104.428052,30.325946,14288
104.060628,30.649974,14288
103.988406,30.627725,14288
104.018623,30.863714,14289
103.78979,30.682846,0
103.928186,30.32123,14184
104.269102,30.622431,14288
104.164156,30.658583,14288
104.032719,30.858223,14289
104.235821,30.647054,14288
103.813846,30.632868,14288
104.18686,30.553099,0
103.532531,30.698291,14288
104.35023,30.930495,14289
104.662489,31.087207,0
104.114353,30.750231,14288
104.093601,30.581479,14288
103.912908,30.404571,14288
103.998998,30.464249,14288
104.651801,31.263342,14290
103.957445,30.647415,0
104.242502,30.650188,14288
104.115766,30.583666,14288
103.996896,30.907936,14289
104.225793,30.786834,14288
104.242468,30.650503,14288
103.482001,30.359831,0
103.92439,31.062935,14288
103.967224,30.648354,14288
104.439029,30.355658,0
104.193345,30.739767,0
104.083337,30.455261,14288
103.67745,30.338901,14288
103.649464,30.93253,14288
104.023815,30.617328,14288
104.464497,30.489281,14288
104.008841,30.590564,0
104.523161,30.436338,14289
104.136922,30.374276,14288
103.956504,30.958018,14289
104.400789,30.341966,14288
104.258218,30.665374,14288
104.059428,31.165568,14289
104.16664,30.63655,14095
103.857642,30.713592,14288
104.05025,30.259585,0
104.164719,30.577349,14288
103.935017,30.726841,14288
103.958176,30.669475,13812
103.5965,30.273554,14288
104.079025,30.513332,14288
104.30884,30.865597,14288
104.081775,30.473138,14290
104.433186,30.472824,14288
104.15254,30.515616,14288
104.099532,30.459469,14288
104.107882,30.921239,14289
104.032961,30.466146,14288
104.326512,30.860419,14288
103.819129,30.79731,0
103.929734,30.974602,14184
104.578934,30.130895,14288
103.959605,30.164528,0
104.417935,30.613881,14288
104.491944,30.322611,14288
104.208992,30.89817,14288
103.643455,30.470112,14288
104.107675,30.580687,14288
104.07631,30.778181,14288
103.927091,30.712664,14288
104.106275,30.607905,14288
104.121442,30.539623,14059
103.9325,30.87558,14288
104.07271,30.406966,14288
103.852355,30.795842,14288
103.676744,30.905848,14288
103.682331,30.866996,14288
103.896243,30.666418,0
104.224695,30.66556,14288
104.19093,30.832654,14288
104.036551,30.758229,14288
104.963715,30.228767,14288
103.965562,30.614752,14288
104.039553,30.225679,14288
103.838456,30.356216,14288
104.334006,30.644698,14288
103.855835,30.823907,14288
104.389483,30.287024,14288
104.522147,30.435125,14288
103.901887,30.975049,14288
104.231843,30.639869,14288
103.4106,30.762796,0
103.687698,30.837473,14288
104.093229,30.58152,14288
104.225118,30.707506,14288
104.21619,30.699662,14290
104.099857,30.460013,14288
104.315662,30.303109,14288
104.042706,30.599226,14288
104.003467,30.734901,14288
104.251135,29.012761,14288
104.068274,30.662799,14290
104.286434,30.664807,14059
104.078257,30.247857,0
104.064411,30.633113,14288
103.764892,30.361472,0
104.048697,30.303932,0
103.871127,30.290099,14288
103.913063,29.902892,14288
103.642552,30.942511,14288
104.105346,30.390723,14288
104.097197,30.830471,14288
103.96887,30.65697,0
104.298056,30.384589,14288
103.936153,30.905739,14288
103.533884,30.73968,14288
103.677438,30.338808,14289
103.966231,30.573501,14288
103.88184,30.398625,14242
104.070177,30.729691,0
104.226801,30.792364,14184
103.982145,30.424627,14288
103.963336,30.932183,14059
103.840602,30.678011,14288
103.533056,30.695592,14288
103.884901,30.408736,14288
104.029602,30.246896,14288
103.885034,30.577185,14288
104.567719,30.388497,14288
104.223811,30.566576,14288
104.139077,30.392954,14135
104.203477,30.726384,14288
104.243157,30.650418,14288
103.971971,30.542418,14288
104.083879,30.230861,14288
103.886219,30.165367,14288
104.496783,30.772846,14288
103.859313,30.342362,0
103.787582,31.007463,14288
104.213476,30.745038,14288
104.056201,30.424551,14288
104.134824,30.626392,0
104.155504,30.580317,0
104.165918,30.712335,13828
104.053353,30.453504,14288
104.131003,30.376049,13812
104.4652,30.182723,14288
104.146005,30.620284,14288
104.202909,30.726027,14288
104.014165,29.138654,14288
103.661238,30.908027,14288
103.938277,30.616371,14288
104.084077,30.537123,14288
103.935416,30.905371,0
104.104963,30.412774,0
103.663037,30.970532,0
104.171857,30.658658,14288
104.925399,29.845845,14224
104.1737,30.727759,14288
104.078902,30.365878,0
104.482008,30.460816,0
103.819383,30.907251,14288
104.105826,30.580272,14290
103.726465,30.778443,14288
104.3827,30.578918,14288
103.82601,30.57366,14289
103.964598,30.950659,14288
104.062902,30.329388,14288
103.914239,30.63019,14288
104.172168,30.580682,14288
104.11192,30.464093,14288
104.013989,29.138877,14288
103.509943,30.580994,14285
104.52357,30.429856,14288
103.902602,30.658563,0
103.912686,30.824653,14288
104.182331,30.700167,14290
104.225118,30.70719,14288
103.956521,30.649738,14288
103.468599,30.434398,14288
104.072342,30.200882,14288
104.258066,30.856872,14288
104.072686,30.404707,14133
103.970145,30.650771,0
104.153107,30.514218,14289
104.562985,30.67641,14290
104.093116,30.523367,14288
104.066109,30.448161,14288
104.420491,30.849349,14288
103.660769,30.921597,14288
104.203827,30.72597,0
104.075728,30.47129,14288
104.861696,30.30195,14288
104.534632,30.440099,14288
103.877058,30.165099,14290
104.026892,30.648495,14288
104.031906,30.44843,14288
104.208682,30.744913,14288
103.607061,30.889066,14288
103.465694,30.43804,14288
104.020695,30.586272,14288
103.489787,30.184744,14288
104.092293,30.382817,14288
103.77265,30.345361,14288
104.642861,30.676415,0
104.029542,30.479496,14289
104.084235,30.726204,14288
103.914782,30.711696,0
104.390966,30.301179,14288
104.208407,30.524059,0
103.535863,30.742576,14288
103.952381,30.999891,14288
104.390696,30.635343,14288
103.828624,30.626692,14288
104.001071,30.762716,14288
104.112832,30.543432,0
103.901747,30.834557,0
104.48951,30.493921,14288
104.702875,30.662052,14288
104.049494,30.540468,14288
103.549471,30.211229,14288
103.991623,30.483158,14288
103.940249,30.614324,14289
103.95896,30.649583,0
104.429184,30.355839,14288
104.171887,30.86234,14288
104.162767,30.557093,14288
103.824077,31.156971,14288
103.955433,30.937697,14288
104.243652,30.645484,14288
104.165473,30.65868,0
104.570963,30.349434,14288
104.040761,30.659899,14288
103.966539,30.435799,14288
104.042676,30.448415,14288
103.945348,30.439845,14288
104.083353,30.720398,14288
104.110781,30.510706,14288
104.062842,30.329382,14288
103.452061,30.47478,14289
104.214091,30.65165,14288
104.367062,30.434938,14290
104.372162,30.965483,14288
103.916485,30.369297,14135
104.225196,30.672221,14288
104.237429,30.652986,14288
103.903928,31.002527,14288
104.067721,30.633414,14288
103.967802,30.64878,14289
103.613866,30.959931,14289
104.050127,30.420219,14288
104.05602,30.366537,14184
104.513058,30.420332,14288
104.023142,30.859722,14290
104.227904,30.781273,14288
104.242604,30.650769,14095
103.812256,30.463102,14288
104.067532,30.662664,14288
104.49297,30.607999,14288
104.361402,30.434846,14288
103.956867,30.723188,14070
104.990541,29.542205,14288
104.135921,30.402589,14288
104.546782,30.096731,14288
104.485999,30.492313,14288
104.513202,30.420105,14290
104.242768,30.650615,14288
103.859238,30.827572,0
104.25556,30.859404,0
103.876469,30.220812,14288
104.091479,30.832573,14242
104.118667,30.757022,14288
104.046491,30.538123,14288
103.677701,30.339017,14288
103.720409,30.596424,14288
103.819698,30.568728,14288
104.434313,29.596922,14288
104.523073,30.436208,14288
103.498536,30.545638,14288
104.33327,30.64314,14288
103.836028,30.320832,14288
104.529717,30.68017,14288
104.284166,29.957875,14288
104.222025,30.696029,14095
104.308622,30.845385,0
103.293977,31.110967,0
103.871019,30.402857,14288
103.937459,30.613355,14285
104.24481,30.645719,14288
103.896659,30.666469,14288
104.588817,30.388536,0
104.617003,30.681274,14288
104.166554,30.711937,14288
103.760206,30.665227,14288
103.517385,30.749617,14290
104.050004,30.538101,14289
103.56117,30.748812,14288
104.044272,30.446978,14288
103.675355,30.286689,14288
104.412282,30.73799,14288
104.388657,30.737968,14288
103.951721,30.543605,14288
103.964455,30.73397,14288
104.100665,30.547266,14224
103.695592,30.653626,3327
103.445303,30.377399,14290
103.61555,30.955334,14288
104.084344,30.238496,0
104.532836,30.664178,14289
103.965832,30.183041,14290
103.6457,30.926659,0
104.530225,30.635683,14288
104.098815,30.45995,14289
103.964526,31.057513,14288
103.831855,30.667633,14288
103.894534,30.533701,14288
103.882568,30.419152,14288
104.257411,30.530302,14288
104.022001,30.665749,14288
104.500456,30.338846,14288
104.164622,30.699682,14289
104.32409,30.308145,14242
104.163944,30.39155,14288
103.859695,30.30149,14288
104.046329,30.683113,14288
104.150399,30.616277,0
104.97353,29.871105,14288
104.059264,30.651623,0
104.068407,30.330116,14288
104.278654,30.688462,14290
104.395272,30.339382,14288
104.064233,30.438561,14288
103.688894,31.024418,14288
104.225123,30.786578,14288
103.83282,30.549607,14288
104.185642,30.459007,14289
104.491209,31.327118,14288
103.883649,30.665942,14285
104.52329,30.64017,0
104.016509,29.138735,14288
103.751536,30.328412,14288
104.001336,30.886858,14288
104.246527,30.706827,14288
104.320457,30.277966,14242
104.004272,30.512927,0
103.837956,30.316746,0
103.678515,30.904502,14184
104.081005,30.277351,0
103.680509,30.61278,14288
104.083625,30.455597,14288
103.993201,30.770963,14289
103.935236,30.910372,14288
103.275077,30.185596,14288
104.049042,30.540848,14288
104.100865,30.498245,14070
104.226471,30.789672,14288
104.173019,30.485038,14288
103.46516,30.438409,14288
104.477128,30.355126,0
104.034548,30.465125,14139
104.188792,30.697592,14288
104.065205,30.447296,14288
104.110834,30.654799,0
104.398287,31.008864,14288
104.051186,30.675818,14290
103.886403,30.967801,14288
104.055484,30.800469,14288
103.937615,31.020295,0
103.558177,29.445339,14288
104.35111,30.842767,0
103.853476,31.124114,14285
103.762548,30.358305,14288
104.051559,30.541742,14288
104.08465,30.455614,14288
104.243157,30.650418,14289
104.226156,30.52462,14288
103.684288,30.843142,14288
104.170934,30.615186,14288
103.955816,30.663284,14288
103.763707,30.043964,14288
103.949546,30.539265,14288
104.049992,30.260163,14288
104.225904,29.018965,14288
104.102847,30.702674,14288
104.118973,30.72571,14288
104.373846,31.035847,14133
103.992597,30.41896,14288
103.733302,30.519155,14288
104.071612,30.457516,14288
104.476125,30.355913,13601
103.718718,30.609722,0
104.179729,30.535622,14288
104.120317,30.772789,14289
103.870418,30.618256,14288
104.468938,30.84785,14288
103.948646,30.677494,14288
103.952503,30.606491,14289
103.977489,30.496341,14289
104.373119,31.035772,14288
103.901761,30.834403,0
103.926816,30.891229,14095
104.55486,30.354095,14288
103.81297,30.906898,14288
103.98762,30.668143,14288
104.393228,30.301114,14288
104.418892,30.99894,14288
104.059558,30.442943,14288
104.23762,30.786167,14288
103.828394,30.626872,14288
104.554786,30.353853,0
103.856379,30.633023,14059
104.106795,30.755831,14288
104.041396,30.593442,14288
104.077521,30.794712,14288
104.076386,30.365277,14290
104.858285,29.74035,0
103.993424,30.746913,14288
103.803536,30.668427,14288
103.701573,30.602722,14095
104.268766,30.644087,0
104.026294,30.616376,14288
104.213997,30.651757,14289
103.944254,30.662642,14288
103.937599,30.618964,14288
104.313238,30.272646,14288
104.244411,30.710439,14288
104.134714,30.805971,14288
104.02677,30.492,14288
103.63382,30.960677,14290
104.255554,30.53119,14288
104.304876,30.322619,14288
103.630318,30.275931,14288
103.966571,30.387515,14288
104.533594,29.759831,14288
103.892999,30.513722,14288
104.042474,30.199248,14288
104.020524,29.139545,14288
104.326701,30.860352,14288
104.447186,30.462416,14288
104.255844,30.531581,14288
103.877774,30.638115,14288
103.935962,30.770162,14288
104.05065,30.750212,14288
104.063624,30.610699,14288
103.95463,30.736096,14288
104.100471,30.4591,14288
104.010934,30.671557,13658
103.910947,30.814781,14288
104.110768,30.654766,14288
104.068643,30.662852,14288
104.226772,30.858634,14095
103.601325,31.064678,14242
104.447705,30.471583,14288
103.847921,30.43098,14288
104.107749,30.447765,0
104.32348,30.645109,14288
103.966167,30.642027,14288
104.146015,30.393959,14288
104.027109,30.500264,14288
103.903688,30.676342,14288
103.905374,30.744087,14288
104.566407,30.371563,0
104.224957,30.638746,14289
103.916902,30.684179,14288
104.162735,30.557135,14289
104.52158,30.417801,14288
103.274038,29.601634,0
104.136387,30.408308,0
104.068719,30.183961,14288
104.025592,30.523967,14288
104.235654,30.646438,14289
104.133001,30.391449,14285
104.035925,30.751944,14288
104.276915,31.142243,14289
104.258176,30.856968,14288
104.564527,30.370824,14184
103.857481,30.580759,14288
103.986227,30.723755,14288
103.628412,30.727712,14288
103.855907,30.823857,14285
104.051423,30.567972,14288
104.102861,30.51665,14288
104.15057,30.840485,14288
104.293046,30.589105,0
103.969062,30.458668,14288
104.147388,30.70947,14288
103.994758,30.670336,14288
104.025528,31.423155,14289
104.242965,30.651242,14288
104.539912,31.382851,0
103.819113,30.797276,14288
104.069962,30.768823,0
103.552969,30.220804,14288
104.05437,30.654292,14242
103.839175,30.359431,14288
104.535128,30.654534,14288
104.087831,30.667007,14289
104.064313,30.609448,0
104.854262,30.643967,14288
103.859767,30.628113,14288
103.889454,30.499327,14288
103.938093,30.61899,14288
104.177448,30.788396,14288
104.077721,30.79457,14288
103.823923,30.585234,14125
104.043911,30.364801,14288
104.52353,30.477897,14289
103.917454,30.386034,14288
104.330913,30.645013,14288
104.040965,30.59345,0
103.710089,29.090785,14288
103.935263,30.905532,14288
104.198203,30.659732,14288
103.787582,31.007463,14289
103.802931,30.453122,14288
104.064695,30.182603,14288
103.677438,30.338808,14288
103.97758,30.640665,14289
104.159206,30.65208,14288
104.32161,31.116796,0
103.854535,31.053506,14288
104.147312,30.705206,14288
104.114353,30.750231,0
103.888121,30.556396,0
104.243157,30.650418,0
104.020188,29.139768,14288
103.988095,29.131676,14288
103.566432,30.744542,14288
104.186453,30.50725,0
104.004876,30.578458,14288
103.903239,30.772694,14288
104.079641,30.808354,14288
104.417477,30.896811,14288
104.056941,30.648778,14288
104.473064,30.486363,14288
104.023642,30.542017,14288
104.567773,30.707013,14288
103.940674,30.614138,0
104.347523,31.033799,14290
104.102535,30.493376,14288
104.456078,31.036104,14289
104.222665,30.711793,0
104.009384,30.763801,14288
103.489333,30.749343,0
104.439173,30.600011,14288
104.062011,30.400244,14288
103.918295,30.981634,14288
103.914625,30.710913,14288
103.968652,30.713759,0
104.167904,30.533641,14288
104.488325,30.427025,14288
104.199231,30.672007,14288
103.817062,30.907871,14288
103.437791,30.988256,14288
104.196316,30.527489,0
103.956781,30.030765,14288
104.049496,30.4711,14288
103.851047,30.437259,14288
104.264613,30.995035,14288
104.160058,30.697154,14288
104.269011,31.015337,14289
104.323745,30.645154,14288
103.859054,30.827638,14288
104.108463,30.503288,0
103.897344,30.836452,14288
104.050379,30.454236,14288
104.306859,30.84505,14288
104.301379,31.005165,14288
104.488926,30.46178,14289
104.785869,29.796045,14288
103.820702,30.604493,0
103.925172,30.957609,14288
104.586566,30.132663,14059
104.05119,30.499981,14288
103.923154,30.717174,14290
104.867306,30.238669,14288
104.241249,30.958142,14133
104.756548,30.633166,14184
104.105165,30.402503,14288
103.972546,30.622837,0
104.079265,30.684696,14288
104.45035,30.475795,14289
104.488559,30.462131,0
103.968716,31.008192,14288
103.642265,30.591319,0
103.646983,30.296257,14288
103.533156,30.572521,14288
104.296101,30.993893,14288
103.677282,30.338767,0
103.956029,30.347571,14288
103.560769,30.748868,14288
104.63201,30.872245,14059
103.91598,30.56353,14224
104.161486,30.599639,14288
104.161159,30.60068,14288
104.493409,30.321953,14288
103.962349,30.933075,14288
104.033097,30.46488,14288
104.21683,30.692288,0
103.74329,30.3956,14288
104.125323,30.76975,13812
103.903147,30.684442,14288
104.249002,30.580407,14289
103.077808,30.075708,14289
103.700792,30.709122,14288
103.503816,29.775458,14288
104.143242,30.534763,14288
103.898742,30.388443,14288
104.114273,30.750343,14288
104.490731,30.323361,14288
103.740057,30.733857,14289
104.392122,30.299073,14288
103.878473,30.347303,0
103.73381,30.585143,14288
103.887441,30.528705,14288
103.844501,29.787716,14288
104.325725,31.009998,13828
104.070816,30.820548,14288
103.770793,30.577477,14288
104.400973,30.343366,14288
103.697268,30.398629,14288
103.661356,30.960989,14288
103.958118,30.662082,14288
103.983849,30.449749,14288
103.987818,30.983422,14288
104.494696,30.32902,0
104.214488,30.651851,0
103.955999,31.00796,0
104.363015,31.067832,0
104.203508,30.726229,0
104.128736,30.797606,0
103.934163,30.709002,14288
104.082193,30.51374,14288
104.569149,30.37184,14288
104.499301,30.683353,14288
104.617474,30.108609,14288
103.8076,29.677699,0
104.054582,30.65446,0
104.035732,30.757244,14288
104.512349,30.612709,14288
104.226471,30.789672,0
104.158012,30.765777,14288
103.772831,30.706274,14288
103.982786,30.424267,0
104.049121,30.723128,14289
104.185785,30.793927,14288
104.394555,30.350102,0
104.208843,30.524619,14288
104.367766,30.4346,14288
104.093589,30.581435,14288
103.902722,30.658439,0
104.224771,30.793629,14288
103.888289,30.556101,0
104.169287,30.532183,14288
104.38301,31.056979,14288
103.899704,30.820777,14288
104.324345,30.936434,14290
104.326347,30.860144,14288
104.120008,30.772789,14288
104.308698,30.865178,14288
103.530729,30.738626,14288
104.326754,30.860167,14288
104.642861,30.676415,14290
104.069704,30.689579,14288
103.459889,30.746651,14288
104.135826,30.659903,0
103.640055,30.466892,14288
103.84549,30.553446,14289
104.342188,30.825657,14288
104.125019,30.769291,14288
104.019079,30.863396,14059
104.393776,30.339586,14288
103.917424,30.412958,14288
104.390816,30.284137,14288
104.052847,30.457098,0
103.713114,30.806086,14288
104.175624,30.700188,14289
104.066994,30.542358,14184
104.003995,30.515341,0
103.972195,30.542101,14288
104.297938,29.920271,0
103.998967,30.478357,14288
104.248929,30.580402,0
104.251863,30.868844,0
104.522385,30.429803,0
104.109191,30.504181,14288
104.066202,31.066781,14288
103.255925,30.555324,14288
104.064325,30.432632,14242
104.084344,30.238496,14288
104.229695,30.657379,14288
104.244597,30.645717,14288
104.070803,31.246926,14288
103.556145,30.422269,14289
104.081021,30.243144,14289
104.266897,30.570245,0
103.972114,30.991207,14288
103.913785,30.710873,14288
103.902313,30.827015,0
104.393099,30.293207,0
104.990509,29.542739,14288
104.113129,30.616009,14288
103.960765,30.517829,14288
103.964785,30.478382,14289
103.078919,30.005992,14288
103.864044,30.345756,14288
104.17994,30.788955,14224
103.964662,30.636787,14290
104.039875,30.582575,14288
104.428714,30.735415,14289
103.851124,30.437218,14290
104.140295,30.610083,14288
103.84666,30.437966,14288
104.064884,30.451344,14288
104.099728,30.707684,0
103.957225,30.647566,14289
103.754253,30.58073,14288
104.454374,30.459801,0
103.843403,31.138298,14288
103.819321,30.797109,0
104.125421,30.769507,14288
104.553526,30.353113,14288
103.867413,30.535272,14288
104.191147,31.571007,14288
104.090356,30.740406,0
104.041638,30.196308,14288
103.678363,31.030193,14288
104.099713,30.458974,14288
104.274573,30.857836,14288
104.306904,30.864836,14288
103.916503,30.565653,14289
104.172667,30.484165,0
104.245884,30.711656,14288
103.888084,30.561495,14288
104.296151,30.993784,14288
103.50576,30.559031,14184
104.004939,30.436251,14288
103.738042,30.511395,14288
103.902464,30.684776,14288
104.224961,30.794036,14289
104.101683,30.534695,14290
104.327076,30.306097,14288
103.761517,30.398973,0
104.438719,30.355692,14289
104.174158,30.728016,14288
104.072181,30.364261,14288
103.696708,30.399321,14288
103.942898,30.52433,14288
104.489595,30.493772,14070
103.960127,30.165827,14288
104.093535,30.581161,14184
104.255505,30.859407,14289
104.170717,30.782275,14288
104.367858,30.716145,0
104.226001,30.793107,14184
103.904845,30.353457,14290
104.055954,30.847951,14288
104.118735,30.77674,14288
103.862869,30.305961,14288
104.297143,30.234621,14288
104.037631,30.943669,14288
104.392707,30.293373,0
103.766127,31.186277,14288
104.216523,30.648625,0
103.912027,30.979003,14288
104.225979,30.793165,0
104.508827,30.35213,14289
104.636406,30.929371,14288
104.476469,30.352856,14288
103.864088,31.050689,14288
104.505609,30.506444,14289
104.242817,30.651045,14288
104.228779,30.69233,14224
104.075191,30.647644,14288
104.522993,31.296862,0
104.796945,30.145121,14289
103.839706,31.111444,14289
104.106551,30.507381,14288
104.506585,30.354988,14288
104.58655,30.868767,14288
103.902222,30.834209,14288
104.250899,30.741487,14288
104.008841,30.590564,0
104.242545,30.650735,14288
104.150622,30.686079,14288
104.203272,30.726227,14288
104.071423,30.329788,0
104.390186,30.33271,14288
104.178518,30.782216,14288
104.177821,29.978562,14289
104.20353,30.726309,14288
104.057597,30.388168,14288
103.903113,30.684158,14288
103.970579,30.65034,0
104.071988,30.335554,14288
104.326817,30.860149,14289
104.064962,30.415614,14288
103.882255,30.399324,14288
104.04098,30.593035,14288
104.009905,30.527786,14289
103.99073,30.613468,14288
103.642921,30.853515,14290
103.835078,30.640313,14288
104.163029,30.67283,0
104.135081,30.626868,14288
104.318367,30.273176,14224
104.212171,30.570894,14288
103.945407,30.952709,14289
103.695821,30.653745,0
104.216865,30.583272,14288
103.52927,30.377481,14125
104.097421,30.431321,14288
104.162189,30.685553,14288
103.918673,29.913247,14288
104.168977,30.741519,14288
103.846608,30.428361,14288
103.459847,30.747129,14288
103.990606,30.421604,14288
104.036439,30.235679,0
104.49927,30.467746,14288
103.956045,30.957915,0
104.110353,30.583241,14288
104.262702,30.875218,14288
104.071406,30.329671,14288
103.532319,31.404713,0
104.512915,30.42018,14288
104.387324,30.74544,14288
104.071938,30.383303,14288
103.497393,30.567377,14288
104.039333,30.447041,14288
103.879669,30.404435,14288
103.6628,30.397633,14288
104.238461,30.824772,14288
104.064874,30.371051,14288
103.831993,30.66843,14288
104.837946,29.809749,14288
103.457008,30.431136,14288
104.209978,30.60473,0
103.939116,30.504695,14288
104.509864,30.353377,14288
104.55691,30.72519,14289
104.231047,30.703437,14242
104.565696,30.372045,0
104.120373,30.773079,14288
104.175309,30.72707,0
104.177781,30.719056,14288
104.201433,30.505441,0
104.0997,30.459851,14059
104.512955,30.420314,14288
103.536142,30.742648,14289
103.823623,30.585253,14288
103.499428,30.541942,14289
103.749443,30.718495,14288
104.238026,30.653272,0
104.314538,30.273552,14290
104.254061,30.730452,14288
103.899103,30.615986,14288
104.439139,30.980751,14288
104.142295,30.612878,14070
103.897117,30.836509,14288
103.990941,30.739321,14135
104.562957,30.067449,14288
103.70145,30.602576,0
103.657434,30.968734,14288
104.138634,30.38312,14288
104.026449,31.423075,0
104.512955,30.420314,14288
104.254888,30.859157,0
103.940289,30.999277,14288
103.891431,30.688694,14288
104.0218,29.1392,14288
103.909023,30.543053,14288
104.537844,30.724154,14288
103.908596,30.542064,14290
103.985228,30.829405,14288
104.137387,30.36989,14288
103.792525,30.186997,0
104.161161,30.735919,14288
104.582391,30.708236,14095
103.855967,30.366338,14288
104.5098,30.352596,14288
104.33281,30.641578,14288
104.242499,30.649973,14288
103.911946,30.630948,14095
104.25545,30.531056,14290
104.028154,30.551428,14288
103.902402,30.658465,14288
104.168682,30.741594,14288
104.020883,30.765408,14289
104.031941,30.858939,14288
103.70175,30.60254,0
102.76423,29.735628,0
104.190345,30.5141,14288
103.701846,30.60248,14184
103.876144,30.471743,14288
103.52469,30.734864,0
104.223592,30.885218,14288
104.070149,30.519945,14288
103.452504,30.374257,14288
104.203791,30.726004,0
104.120794,30.501608,14288
104.215518,30.821186,14288
103.802984,30.641428,14288
103.718528,30.609738,14288
103.804406,30.455579,14288
104.566128,30.371561,14290
103.960612,31.013691,14288
103.936115,30.905538,14125
104.089831,30.74143,14288
104.054641,30.426377,14288
104.236173,30.646768,14288
104.041356,30.530462,0
104.215181,30.82081,14288
104.479291,30.334387,14125
103.92497,30.474638,14288
104.474294,30.347149,0
103.663693,30.900545,14290
104.287831,30.818655,14288
103.826712,29.979991,0
104.524196,30.635736,14288
104.007815,30.554836,14289
104.200877,30.733635,14133
103.936776,30.614254,14288
103.661442,30.921448,14135
104.482008,30.460816,14288
104.071024,30.725228,14288
103.785817,30.652261,14288
104.495221,30.417688,14139
104.051358,30.943575,14288
104.1842,30.834007,14288
103.661473,30.961115,0
103.509165,30.562706,14288
103.940641,30.614165,14288
104.255538,30.531138,14288
103.981676,30.785409,14289
104.225189,30.672283,14288
103.878027,30.363564,14288
104.106413,30.466054,14288
104.157554,30.693268,14288
103.93479,30.614133,14290
103.937145,30.614973,14288
103.64332,30.712188,14288
104.130992,30.670206,14289
104.077481,30.794822,0
104.003987,30.881709,14288
103.924229,30.800593,14288
104.131579,30.668152,0
103.914161,30.675583,14288
104.33326,30.645699,14288
103.936929,30.781813,14288
103.49612,30.175209,14288
104.162484,30.55709,0
103.948646,30.677494,14288
104.55142,29.498829,14288
103.68273,30.463217,14289
103.817461,30.424712,0
103.972139,30.541668,0
104.092032,30.523935,14290
103.737826,30.51206,14289
104.745382,30.451887,14288
104.119882,30.582813,14288
104.0255,30.467555,14288
104.12028,30.773075,14288
104.393018,30.283729,14288
104.078897,30.565391,14289
103.967256,30.648559,0
104.001397,31.160885,14288
103.997644,30.757433,14288
103.955696,31.007016,0
103.47961,29.26471,14288
103.967233,30.585676,14288
104.156216,30.645577,14288
104.108337,30.556682,14184
103.749003,30.344797,0
103.735349,30.988334,14288
103.875299,30.525502,14288
103.921989,30.297572,14288
103.935621,30.782634,14289
103.943027,30.3371,14288
103.476178,30.760535,14288
104.315678,30.303109,14288
104.072235,30.330325,14288
103.948938,30.515783,14288
104.03711,30.148366,14288
104.149077,30.8392,14288
104.615081,30.163368,14288
103.925275,30.890371,14288
104.477115,30.35453,14288
104.459495,30.341317,14288
104.220848,30.638622,14288
104.085936,30.38483,14288
103.497443,30.568474,0
103.942319,30.279583,0
104.070993,30.725291,0
103.823095,30.730442,0
104.340189,30.824603,14288
103.819438,30.655501,14288
103.601373,31.064588,14288
104.439107,30.35905,14288
104.462585,30.347879,14288
104.0504,30.259316,14288
103.836028,30.320832,14288
103.678052,30.923215,14288
103.959983,30.365341,14288
104.040334,30.661609,14288
103.905449,30.81034,0
103.677145,30.339017,14288
103.874946,30.830815,0
104.578821,30.117811,14289
103.857367,30.629428,14288
104.238555,30.818817,14288
103.952421,30.427724,14288
104.11886,30.757321,14224
103.661641,30.961136,14288
103.680699,30.894935,14288
104.155069,30.580492,14289
104.010548,30.55215,14288
104.454374,30.459801,14288
104.16703,30.64234,14288
103.912646,30.978821,14288
104.224257,30.566564,14288
104.181149,30.682349,0
103.97468,30.468476,14289
103.694342,30.612785,14288
104.352199,30.768296,14288
103.887435,30.586235,14288
104.103488,30.568773,0
103.937652,30.614238,14288
104.2429,30.6506,0
103.278203,30.166532,0
103.697318,30.655678,14242
104.239745,30.597824,14285
104.186421,30.715835,14288
103.940795,30.936212,14288
103.917114,30.68368,0
103.863893,30.92482,14288
103.602875,30.975662,0
104.02528,31.384097,14288
104.055764,30.703655,14288
103.838656,30.359556,14288
103.947297,30.646667,14288
104.422872,30.474251,14288
104.187412,30.545112,14289
104.029905,30.753193,14288
103.949426,30.747042,14288
104.152646,30.726051,14288
103.890885,30.478688,14288
104.153986,30.424872,14288
104.181227,30.456601,14288
104.112499,30.752907,14289
103.972195,30.542101,0
103.894306,30.534359,14289
104.109308,30.603108,14288
103.591241,30.831343,14288
104.111991,30.520575,14288
103.786429,29.631253,14290
104.268741,30.577978,14288
104.41428,30.618852,14288
103.592866,30.83166,14288
104.181333,30.702354,14285
104.663192,30.051575,0
104.056386,30.660493,14288
103.917991,30.684032,14288
104.125263,30.769382,14288
104.262134,30.272099,0
103.68618,30.837173,14288
104.539015,30.441658,14288
103.888623,30.556652,14289
104.14942,30.622653,0
103.988696,30.454652,14288
104.364649,30.430471,14288
103.952325,30.428136,14288
104.447703,30.358449,14288
103.678283,31.029509,14285
104.014717,31.428326,14288
102.109214,29.139018,14288
104.235219,30.646914,14288
104.207795,30.563635,14289
104.125471,30.769505,14290
103.848232,30.01929,0
