longitude,latitude,cluster,point_index
103.992876,29.024422,-1,0
103.97733,30.467493,-1,1
104.220768,30.63892,0,2
103.835921,30.346099,-1,3
104.114721,30.579834,1,4
104.17533,30.66446,2,5
104.407097,30.345716,212,6
104.081199,30.454541,66,7
104.022004,30.673147,-1,8
104.118957,30.725594,-1,9
103.704087,30.975342,-1,10
104.174209,30.703583,-1,11
104.214694,30.651611,3,12
103.833093,30.549278,-1,13
104.219866,30.69521,-1,14
103.888028,30.556321,4,15
104.171899,30.659729,209,16
103.988753,30.454624,-1,17
103.947571,30.605629,-1,18
103.941178,30.432361,-1,19
103.649446,30.932674,-1,20
104.06608,30.44813,5,21
104.469441,30.84798,6,22
103.718703,30.391672,-1,23
103.939694,30.470859,-1,24
104.132209,30.522149,-1,25
103.464053,30.750176,270,26
103.851602,30.988126,-1,27
104.348825,30.555127,-1,28
103.81398,30.633024,7,29
104.185437,30.684367,8,30
102.228741,29.925999,-1,31
104.014097,30.558313,-1,32
103.816056,30.633558,7,33
103.904855,30.567661,-1,34
103.617869,30.994758,-1,35
103.944983,30.529187,-1,36
104.306961,30.845317,-1,37
103.912772,30.63101,9,38
104.498826,30.427516,10,39
103.646801,30.934696,-1,40
103.852684,30.875467,-1,41
103.88939,30.479285,-1,42
104.308457,30.865177,11,43
103.478595,30.42796,-1,44
103.747792,31.19535,-1,45
104.147956,30.709268,-1,46
103.452647,30.374857,12,47
104.118439,30.757128,13,48
103.941319,30.826952,-1,49
104.302054,30.853297,-1,50
103.854535,31.053506,-1,51
104.07125,30.676724,-1,52
103.802117,30.455442,-1,53
103.945692,30.921745,-1,54
104.185657,30.71615,14,55
103.968211,30.981542,-1,56
104.119773,30.724745,-1,57
104.896159,29.75551,-1,58
104.046573,30.574798,-1,59
104.05086,30.665242,15,60
104.515771,30.391397,-1,61
104.16833,30.741692,16,62
103.8611,30.666336,-1,63
104.177054,30.718686,17,64
103.643049,30.853262,-1,65
104.470494,30.489523,-1,66
104.185821,30.715586,14,67
103.964039,30.478541,-1,68
104.09504,30.541479,18,69
104.040086,30.690504,-1,70
103.945417,30.554694,-1,71
104.157654,30.597035,-1,72
104.223677,30.566302,19,73
104.101876,30.497056,-1,74
103.842204,30.538993,-1,75
103.617018,30.858593,-1,76
104.001834,30.128261,-1,77
104.393815,30.865661,-1,78
103.929866,31.082175,-1,79
103.701528,30.652948,-1,80
104.167683,30.739004,-1,81
104.216327,30.708491,-1,82
104.309127,30.865215,11,83
104.021354,29.137722,-1,84
103.902329,30.834883,20,85
104.388862,30.298505,-1,86
104.127038,30.373875,-1,87
104.194653,30.681791,-1,88
104.215618,30.821101,21,89
103.928939,30.974684,-1,90
104.318543,30.861112,22,91
104.078176,30.684119,-1,92
104.159965,30.658515,-1,93
104.052156,30.487072,23,94
104.05024,30.42017,-1,95
103.918001,30.811936,-1,96
104.234671,30.646237,24,97
104.050774,30.540432,57,98
104.082344,30.236856,-1,99
104.450914,30.601207,-1,100
103.959589,30.543172,-1,101
104.086457,30.758643,-1,102
104.2429,30.6506,25,103
104.061298,30.419386,26,104
103.983882,30.83304,-1,105
103.956912,30.798893,-1,106
104.013258,30.843424,-1,107
104.106795,30.755831,-1,108
103.956873,30.723215,27,109
103.957074,31.016569,-1,110
103.959644,30.517111,28,111
104.23239,30.794188,-1,112
104.238088,30.653062,29,113
104.267912,30.741395,-1,114
104.049218,30.54034,-1,115
103.997979,30.467055,198,116
103.943111,30.432036,-1,117
103.9648,30.636963,30,118
104.131221,30.791982,-1,119
104.025448,29.137494,-1,120
104.053987,30.456946,138,121
104.318689,30.861088,22,122
104.574498,30.603332,-1,123
103.984791,30.668308,-1,124
104.494531,30.469175,-1,125
104.152713,30.781615,-1,126
104.225801,30.790648,-1,127
103.957281,30.647358,31,128
104.164799,30.688485,-1,129
104.109732,30.449146,-1,130
103.960138,30.621198,-1,131
104.183354,30.710555,32,132
104.534447,30.637273,-1,133
103.901466,30.543633,-1,134
103.976338,30.727324,-1,135
104.081498,30.812414,-1,136
103.878742,30.477812,-1,137
103.862991,30.853849,-1,138
104.006342,30.592363,33,139
104.168416,30.741232,16,140
104.017303,30.585351,-1,141
104.349001,30.734754,-1,142
103.896679,30.666454,34,143
103.958206,30.662559,35,144
104.101835,30.497044,-1,145
104.046551,30.747652,-1,146
104.166355,30.703866,-1,147
104.469689,30.346711,-1,148
104.361482,30.658181,-1,149
103.843239,30.538434,-1,150
103.910776,30.733499,267,151
103.9114,30.477124,-1,152
104.530635,30.662688,36,153
103.903768,30.244885,-1,154
104.55713,30.725996,-1,155
104.293526,30.391834,-1,156
104.237904,30.178454,-1,157
103.932431,30.548002,-1,158
103.914488,30.677266,-1,159
103.828539,30.647202,-1,160
104.251206,30.526476,-1,161
104.909626,29.841985,-1,162
103.898771,30.683943,-1,163
103.996895,30.468734,-1,164
103.806642,30.429476,-1,165
104.039053,30.657523,-1,166
104.150407,30.616112,37,167
104.521756,30.429741,38,168
104.565137,30.378963,-1,169
104.208161,30.703599,-1,170
104.231832,30.639717,-1,171
104.070812,30.44202,-1,172
104.857224,29.741317,-1,173
104.112662,30.753319,39,174
104.479821,30.505025,-1,175
104.061347,30.681467,-1,176
104.140058,30.781951,-1,177
104.500973,30.483001,-1,178
103.743122,30.667404,-1,179
104.016514,30.553366,-1,180
103.938469,30.61629,40,181
104.15454,30.586957,-1,182
104.240574,30.959798,-1,183
104.574071,30.112784,-1,184
103.984859,30.658598,-1,185
104.043523,30.447316,41,186
103.914713,30.708706,-1,187
104.854521,30.229572,-1,188
104.117166,30.537715,-1,189
103.640023,30.46616,42,190
104.485748,30.444371,-1,191
103.98147,30.785492,43,192
104.961803,30.224296,-1,193
103.553464,30.221017,44,194
104.249598,30.860373,-1,195
104.114437,30.416198,-1,196
104.514428,30.360299,-1,197
104.175624,30.700188,-1,198
104.40134,30.997557,45,199
104.056842,30.427883,46,200
104.488942,30.471798,-1,201
103.639601,30.719921,-1,202
103.858568,30.66363,-1,203
104.144969,30.580687,-1,204
103.870226,30.70248,47,205
103.970052,30.40601,-1,206
104.332229,30.901695,-1,207
104.043735,30.537788,-1,208
103.540583,30.743919,-1,209
104.136392,30.53022,-1,210
104.531026,30.662669,36,211
103.837171,30.350017,-1,212
103.747784,30.393636,-1,213
104.243246,30.645627,48,214
104.012169,30.517878,49,215
104.97353,29.871037,50,216
104.329162,30.346375,-1,217
104.041418,30.593356,51,218
104.139707,30.642923,-1,219
103.905321,30.236995,-1,220
104.107741,30.522258,-1,221
103.978016,30.199958,-1,222
103.912775,30.824788,-1,223
104.226376,30.525213,52,224
104.355771,30.738771,-1,225
104.333641,30.644678,53,226
103.90301,30.928218,-1,227
104.052156,30.487072,23,228
103.86137,30.628823,-1,229
103.723986,30.559875,-1,230
104.973883,29.871338,50,231
104.114475,30.419332,-1,232
104.050791,30.664579,15,233
104.129418,30.684875,-1,234
104.099883,31.288665,-1,235
104.101537,30.523417,-1,236
103.601286,30.87556,-1,237
103.798609,30.686391,-1,238
103.96362,30.665959,-1,239
104.076968,30.779342,-1,240
103.929144,30.6944,-1,241
104.323322,30.645113,54,242
104.109038,30.776818,-1,243
104.142364,30.408087,-1,244
104.203724,30.726088,55,245
103.912304,30.631007,9,246
103.774471,30.878634,-1,247
104.476585,30.355576,56,248
104.352611,31.085269,-1,249
104.491668,30.325325,-1,250
104.33099,30.64436,-1,251
103.792338,30.687544,-1,252
104.90324,30.181302,-1,253
103.961886,30.206383,-1,254
104.332935,30.903866,-1,255
103.902389,30.834699,20,256
104.07643,30.786505,-1,257
104.051015,30.541354,57,258
104.401448,31.061457,-1,259
103.653057,30.920059,58,260
104.160784,30.78792,-1,261
104.106739,30.768746,-1,262
104.048814,30.462426,-1,263
103.932178,30.72621,-1,264
104.449866,30.480592,59,265
104.870749,30.266799,-1,266
104.190068,30.818036,-1,267
104.033321,30.464812,-1,268
103.909856,30.544519,199,269
103.874067,30.485203,-1,270
104.44476,30.355483,-1,271
104.157603,30.649574,-1,272
103.861593,30.796817,-1,273
104.050828,30.478319,-1,274
104.025252,31.384514,-1,275
103.589347,29.717821,-1,276
104.203531,30.726009,55,277
104.048388,30.453939,-1,278
103.128351,30.059288,-1,279
103.957822,30.66309,35,280
104.113017,30.50796,-1,281
104.174612,30.787312,245,282
103.981318,30.785452,43,283
104.445819,30.856454,-1,284
104.298886,30.992078,-1,285
103.892769,30.397867,-1,286
104.330986,30.644683,-1,287
104.084722,30.446614,-1,288
103.995164,30.612577,60,289
104.526528,30.431045,-1,290
103.870682,30.702154,47,291
103.459769,30.746736,61,292
104.110251,30.693036,-1,293
103.871606,30.302105,-1,294
104.076143,30.787102,-1,295
104.324021,30.343512,-1,296
104.33022,30.645757,-1,297
104.236481,30.64686,24,298
104.378019,30.455407,-1,299
104.056212,30.367373,-1,300
103.945667,30.485752,-1,301
104.363024,30.657579,-1,302
103.876512,30.669917,-1,303
104.164383,30.658772,62,304
104.027534,30.481939,63,305
104.093967,30.581131,64,306
104.055335,30.42707,-1,307
104.335402,30.645119,-1,308
103.696899,30.40762,-1,309
104.274868,30.857444,-1,310
103.959898,30.517565,28,311
104.060197,30.452357,-1,312
103.875561,30.48099,-1,313
104.223365,30.675106,65,314
104.271544,30.864744,-1,315
104.078054,30.321893,-1,316
104.193171,30.740158,-1,317
103.968908,30.802224,-1,318
103.897704,30.984555,-1,319
104.064234,30.695105,-1,320
104.013018,30.843124,-1,321
104.159552,30.396933,-1,322
104.154426,30.602026,-1,323
103.442575,30.354337,-1,324
104.08263,30.455,66,325
104.199736,31.632092,-1,326
104.111719,30.525134,-1,327
104.012731,30.843205,-1,328
103.718711,30.610949,243,329
104.367415,30.43489,-1,330
103.626512,30.480744,-1,331
104.26952,30.93844,-1,332
104.046512,30.428119,67,333
103.862962,30.5565,-1,334
104.102893,30.712686,-1,335
104.068541,30.330144,-1,336
103.794778,29.440203,-1,337
104.392999,30.756071,-1,338
104.192455,30.997311,-1,339
104.022156,29.137737,-1,340
104.157345,30.64821,-1,341
104.188752,30.71758,-1,342
103.892211,30.255217,-1,343
104.38686,30.301804,68,344
104.261012,30.725848,-1,345
104.209899,30.805709,-1,346
104.075688,30.769731,-1,347
104.071142,30.725235,69,348
103.951772,31.013372,-1,349
104.070039,30.724469,-1,350
104.019994,29.139561,70,351
104.10336,30.38059,-1,352
103.896623,30.666488,34,353
104.06979,30.768333,71,354
103.923429,30.767185,-1,355
103.847295,30.78721,-1,356
103.654538,30.926099,72,357
103.94627,30.937695,-1,358
104.082493,30.577683,-1,359
103.98145,30.785064,43,360
103.760195,31.190348,-1,361
104.682473,30.404316,-1,362
103.944364,30.502363,-1,363
103.970377,30.989252,-1,364
103.984339,30.830137,-1,365
104.030585,30.527634,-1,366
104.061298,30.419386,26,367
103.772928,30.728617,-1,368
104.203802,30.725976,55,369
104.08635,30.456574,-1,370
103.990871,30.427265,-1,371
104.071509,30.689329,-1,372
103.851366,30.437263,73,373
103.951349,30.6077,-1,374
104.099428,30.52396,-1,375
103.804259,31.249705,-1,376
103.962772,30.654647,-1,377
104.52138,30.358896,-1,378
103.771645,29.47193,-1,379
104.289492,30.878459,-1,380
103.921039,30.702934,74,381
103.647653,30.935896,-1,382
103.836277,30.842817,-1,383
103.032248,29.901568,-1,384
104.524383,30.664199,-1,385
103.796815,30.387395,-1,386
104.06421,30.43864,-1,387
104.357513,30.659951,-1,388
103.476856,31.319373,-1,389
104.147765,30.589367,-1,390
104.198436,30.582109,75,391
103.709608,30.38836,-1,392
104.075024,30.646423,-1,393
103.986042,31.081677,-1,394
104.334102,30.644397,53,395
103.856956,30.629121,-1,396
103.849217,30.675745,-1,397
104.00641,30.587604,-1,398
104.66184,31.098946,-1,399
104.180012,30.61927,-1,400
103.897345,30.836416,76,401
103.885075,30.165368,-1,402
104.091806,30.218299,-1,403
104.095466,30.541018,18,404
104.031821,30.527821,-1,405
103.661093,30.9614,77,406
104.37815,30.71537,-1,407
103.977928,30.199976,-1,408
104.08722,30.539687,-1,409
104.150085,30.659006,-1,410
103.658503,31.024086,-1,411
103.81331,30.632669,7,412
104.050067,30.683997,-1,413
104.972951,29.870769,50,414
103.964624,30.636815,30,415
104.078503,30.56302,-1,416
103.701412,30.602506,78,417
104.354241,30.435868,-1,418
103.535906,30.490971,-1,419
103.976883,30.928153,-1,420
104.394112,30.298716,-1,421
104.168704,30.518366,-1,422
104.326465,30.742902,-1,423
104.243246,30.645627,48,424
103.952333,30.427738,79,425
104.111623,30.511052,260,426
104.098967,30.440073,-1,427
104.349666,30.643103,-1,428
103.964818,30.478663,-1,429
103.885772,30.583891,-1,430
104.214611,30.821377,21,431
104.254006,30.644346,-1,432
103.887374,30.276204,-1,433
103.922753,30.716847,80,434
104.339563,31.125951,-1,435
103.772281,30.345786,-1,436
104.06023,30.453545,-1,437
104.371876,30.86419,81,438
103.989252,30.753024,-1,439
104.216348,30.52238,-1,440
104.187883,30.79357,82,441
103.67477,30.91046,-1,442
103.958335,30.663374,35,443
103.824466,30.449062,-1,444
104.441443,30.465385,-1,445
104.429064,30.356655,-1,446
103.988451,30.540972,-1,447
104.234956,30.647148,24,448
104.063116,30.442831,-1,449
104.09323,30.523354,83,450
103.986972,30.432145,-1,451
104.195954,30.679717,-1,452
104.151442,30.776744,84,453
104.029463,30.450294,-1,454
103.922953,30.71696,80,455
103.98242,30.784442,43,456
104.386908,30.294075,-1,457
104.077208,30.587671,-1,458
104.108578,30.505526,85,459
104.077378,30.323985,-1,460
104.136473,30.690442,-1,461
102.757449,29.971494,-1,462
104.870729,29.226487,86,463
104.290985,30.586053,-1,464
104.269819,30.757253,-1,465
104.334432,30.65749,-1,466
104.097075,30.449994,-1,467
104.286124,30.679217,-1,468
104.105855,30.719272,-1,469
103.891566,30.778143,-1,470
104.54253,30.371108,-1,471
103.973761,30.429472,87,472
104.059562,30.424792,-1,473
104.09098,30.451455,-1,474
103.819458,30.63341,-1,475
104.107866,30.420589,88,476
104.204695,30.730794,89,477
103.886088,30.500764,-1,478
104.109423,30.448786,-1,479
104.047451,30.786167,-1,480
104.021763,30.669284,-1,481
103.45278,30.477179,-1,482
104.140467,30.827457,90,483
103.977397,30.688498,91,484
104.104154,30.688493,-1,485
104.150129,30.773589,-1,486
104.105636,30.587388,92,487
103.720311,30.564673,-1,488
104.252889,30.534289,-1,489
103.963987,30.956316,-1,490
104.025282,31.38498,-1,491
104.039553,30.225679,93,492
104.072501,30.351346,-1,493
104.50988,30.353661,94,494
103.516579,30.39201,-1,495
104.064445,30.63315,95,496
104.101513,30.457299,-1,497
104.171902,30.862272,-1,498
104.235494,30.64692,24,499
103.601534,31.064556,96,500
104.226189,30.524982,52,501
104.144398,30.533684,-1,502
103.998604,30.253055,97,503
104.070698,31.305194,-1,504
104.06064,30.432516,-1,505
104.082616,30.578003,-1,506
104.847944,29.754295,-1,507
104.365656,30.528662,-1,508
104.174694,30.796915,-1,509
103.959805,30.517644,28,510
104.60385,30.68485,98,511
104.099362,30.426965,-1,512
103.532029,31.4046,99,513
104.057564,30.388981,-1,514
103.458979,30.371743,-1,515
104.09981,30.459473,100,516
104.497713,30.346929,-1,517
104.111506,30.519181,-1,518
104.22636,30.792814,101,519
103.839039,30.359601,-1,520
104.172995,30.484954,102,521
104.227231,30.643022,-1,522
103.980581,31.073115,-1,523
104.279072,29.937049,-1,524
103.484735,31.25509,-1,525
103.998364,30.25303,97,526
104.223809,30.566398,19,527
103.86131,30.445774,103,528
103.996537,30.908458,-1,529
103.931518,30.741837,-1,530
103.937829,30.614333,104,531
103.984098,30.453593,-1,532
104.151592,30.775762,84,533
104.200596,30.803886,-1,534
104.228014,30.788089,-1,535
103.923712,30.868763,-1,536
103.49412,30.429609,-1,537
104.794946,30.14304,-1,538
104.449966,30.470346,-1,539
103.886625,30.528402,105,540
104.082357,30.682709,-1,541
103.782711,30.711337,-1,542
104.20211,30.726045,55,543
104.583009,30.388012,-1,544
104.182443,30.700258,-1,545
103.964423,30.637153,30,546
103.958807,30.635307,-1,547
104.310486,31.128016,-1,548
104.803126,30.152678,205,549
103.677043,30.39811,-1,550
103.700177,30.309802,-1,551
103.84345,30.821861,-1,552
103.640894,30.574636,-1,553
103.674447,30.28599,-1,554
104.005512,30.507421,-1,555
103.875051,30.830341,-1,556
103.940032,30.614287,106,557
104.088951,30.232041,-1,558
103.867055,30.535085,107,559
104.284163,30.707046,-1,560
103.781894,30.675477,108,561
104.355366,30.843217,-1,562
103.904359,30.370025,-1,563
104.166315,30.712328,109,564
104.239868,30.598449,-1,565
103.965955,30.435605,110,566
104.705983,30.085448,-1,567
104.148415,30.714056,-1,568
103.650158,30.694323,-1,569
104.643339,29.784464,-1,570
103.983861,30.219126,-1,571
104.390186,30.33271,-1,572
104.221466,30.544475,-1,573
104.313903,30.94487,-1,574
104.083594,30.461118,-1,575
103.663966,30.993757,-1,576
103.86133,30.803687,111,577
104.028133,31.327567,-1,578
104.537224,30.365943,112,579
103.654952,30.66457,-1,580
104.09482,30.48434,-1,581
103.650628,30.549981,-1,582
103.834897,30.316415,-1,583
104.235247,30.647017,24,584
104.112429,30.654145,-1,585
103.102334,30.065452,-1,586
103.93627,30.905521,113,587
103.52927,30.377481,259,588
103.505542,30.198084,-1,589
103.97077,30.650252,114,590
103.533722,30.544075,-1,591
104.255852,30.577902,-1,592
104.037552,30.350874,-1,593
103.792564,30.187031,115,594
103.974518,30.986227,-1,595
103.727901,30.558923,116,596
104.293489,30.801622,-1,597
104.389815,30.284888,255,598
103.677923,30.338616,117,599
103.974294,30.429744,87,600
104.12167,30.539723,-1,601
104.060316,30.847681,-1,602
104.319767,30.275546,194,603
103.867669,30.658163,-1,604
104.105348,30.412881,-1,605
103.998349,30.669494,118,606
104.247432,30.546193,-1,607
104.012623,30.498806,-1,608
103.845937,30.767741,-1,609
104.491107,30.321619,-1,610
104.274747,30.857363,-1,611
103.87949,30.404594,119,612
104.494473,30.337606,-1,613
104.465419,30.866535,-1,614
103.976451,30.544957,-1,615
104.01193,30.513587,-1,616
103.561304,30.748734,120,617
103.913572,30.993858,-1,618
104.071978,30.269994,-1,619
103.844584,30.446362,-1,620
104.006287,30.43728,-1,621
104.077561,30.794722,121,622
104.112842,30.752865,39,623
104.48884,30.493473,122,624
104.531862,30.647215,-1,625
103.799788,31.166632,-1,626
104.025917,30.450691,-1,627
104.083462,30.384406,-1,628
104.316189,30.605172,-1,629
103.911305,30.729909,-1,630
103.923041,30.716782,80,631
103.873512,30.779174,123,632
103.802161,30.454985,-1,633
104.448573,30.857385,-1,634
103.819193,30.797359,124,635
104.176338,30.778518,-1,636
104.224702,30.591887,-1,637
103.986539,30.216055,-1,638
103.914245,30.675435,125,639
104.457004,30.826098,-1,640
104.051235,30.757795,-1,641
104.081604,30.506734,-1,642
103.998419,30.669558,118,643
104.391706,30.301549,-1,644
104.149296,30.839322,-1,645
103.961269,30.368243,-1,646
104.287568,30.679653,-1,647
103.655733,30.338375,-1,648
104.522817,30.430038,38,649
104.261329,31.07878,-1,650
104.041694,30.196409,-1,651
103.943661,30.499164,-1,652
104.112145,31.075876,-1,653
104.462047,30.492321,-1,654
103.772411,30.433907,-1,655
104.064364,30.633097,95,656
104.36486,30.839367,-1,657
104.223726,30.674768,65,658
104.326371,30.86046,126,659
103.970526,30.650352,114,660
104.244924,30.645934,48,661
104.012261,30.444082,-1,662
104.108862,30.506173,85,663
104.112569,30.75339,39,664
104.080726,30.513158,127,665
104.031945,30.859128,-1,666
103.814513,30.633022,7,667
104.071204,30.725276,69,668
104.610325,31.298558,-1,669
104.198633,30.582189,75,670
104.385842,30.487548,-1,671
103.912631,30.824841,-1,672
104.185616,30.741164,-1,673
104.227585,30.860649,-1,674
103.834958,30.816611,-1,675
104.149949,30.658976,-1,676
103.825116,30.581863,-1,677
103.977845,30.688154,91,678
103.871105,30.71113,-1,679
103.499395,31.436391,-1,680
104.165902,30.712284,109,681
103.658503,31.024452,-1,682
104.091972,30.524303,83,683
104.100932,30.438846,-1,684
103.977124,30.40411,-1,685
104.990573,29.542139,128,686
104.379458,31.079082,-1,687
104.102694,30.66203,-1,688
104.176993,30.950747,-1,689
103.99192,30.73964,183,690
103.890795,30.907069,-1,691
103.884078,30.783266,-1,692
104.11422,30.744564,-1,693
104.214638,30.802698,-1,694
104.090253,30.383106,-1,695
104.07076,30.646554,-1,696
103.958691,30.63962,-1,697
104.230073,30.789154,-1,698
104.175197,30.788853,245,699
104.86362,29.74549,-1,700
104.03711,30.148366,129,701
104.868892,29.224965,-1,702
104.237984,30.653023,29,703
104.020807,29.139697,70,704
103.817401,30.638444,-1,705
104.345067,30.644603,-1,706
104.245393,30.645416,48,707
104.390334,30.906627,-1,708
103.838798,30.31582,-1,709
104.603804,30.684682,98,710
104.052664,30.465385,130,711
104.021971,30.661887,-1,712
104.616923,30.684558,-1,713
104.187882,30.715981,-1,714
103.888373,30.427377,-1,715
104.498277,30.445784,-1,716
103.960578,30.656193,-1,717
103.878498,30.198304,131,718
104.140352,30.827489,90,719
104.531529,30.66533,-1,720
103.536941,30.771272,-1,721
103.917738,30.989337,-1,722
104.134714,30.805971,132,723
103.816056,30.633558,7,724
104.47367,30.486295,-1,725
104.308667,31.006605,-1,726
104.212403,30.532617,-1,727
104.248865,30.772773,133,728
104.190139,30.662402,-1,729
104.185784,30.719275,134,730
104.000695,30.762974,-1,731
103.628054,30.970743,-1,732
103.138431,30.118718,-1,733
103.959901,30.517528,28,734
103.960983,30.939473,-1,735
104.232293,30.98484,-1,736
104.224819,30.79373,101,737
104.047706,30.449195,-1,738
104.158919,30.672353,-1,739
104.203667,30.726088,55,740
103.558144,30.224847,-1,741
104.353442,30.843185,-1,742
104.109041,30.506789,85,743
103.893049,30.513934,135,744
103.937459,30.613355,104,745
104.326891,30.306247,136,746
103.974034,30.800244,-1,747
102.917612,29.881067,-1,748
103.964744,30.636875,30,749
104.106809,30.621683,-1,750
104.406787,30.345826,212,751
103.937538,30.619379,137,752
104.157833,30.708483,-1,753
104.161276,30.557148,174,754
104.422368,30.474402,-1,755
103.806139,30.456579,-1,756
104.062044,30.339528,-1,757
103.825018,30.79831,-1,758
104.091806,30.218299,-1,759
104.203267,30.726031,55,760
104.081289,30.497471,-1,761
104.473217,30.43482,-1,762
104.039089,30.446766,-1,763
103.723842,30.330526,-1,764
103.997674,30.757456,-1,765
103.901377,30.834519,20,766
104.055703,30.458307,138,767
104.233247,30.524424,-1,768
103.400702,30.746369,-1,769
103.916095,30.543706,-1,770
103.861335,30.803893,111,771
104.309084,30.540874,-1,772
103.727818,30.559087,116,773
104.083512,30.719652,-1,774
103.682547,31.028752,-1,775
103.86699,30.534944,107,776
104.187883,30.79357,82,777
104.012254,30.444541,-1,778
104.065855,30.824069,-1,779
104.054622,30.653698,139,780
103.932029,30.693298,-1,781
103.892932,30.51388,135,782
103.952362,30.021623,-1,783
103.973611,31.032227,140,784
103.91687,30.38655,-1,785
103.974036,30.624876,141,786
103.905209,30.676538,-1,787
104.061246,30.419251,26,788
103.798382,31.167116,-1,789
104.203036,30.726077,55,790
103.477208,30.422722,-1,791
104.654732,31.132333,-1,792
103.832092,30.668326,-1,793
104.065561,30.179422,142,794
103.896157,30.665916,34,795
104.066024,30.447926,5,796
104.063237,30.580545,-1,797
103.865808,30.840526,-1,798
104.028611,30.450967,-1,799
104.185342,30.684477,8,800
103.838212,30.360817,143,801
103.770638,30.398326,-1,802
103.917536,30.812027,-1,803
104.432965,30.333373,-1,804
103.861904,30.796794,-1,805
104.390264,30.635709,-1,806
104.392266,30.299057,144,807
103.276361,29.594834,-1,808
104.308402,30.844821,-1,809
103.69089,30.892171,-1,810
103.955358,30.650557,-1,811
104.092916,30.524116,83,812
104.37186,30.864156,81,813
104.061935,30.419032,26,814
104.371596,30.86434,81,815
104.21619,30.699662,-1,816
104.105021,30.449014,-1,817
104.078976,30.513175,127,818
104.382239,30.35069,-1,819
104.108292,30.55565,-1,820
104.050625,30.488248,-1,821
103.662022,30.397832,-1,822
103.861549,30.804013,111,823
104.379063,30.292646,254,824
103.727794,30.559145,116,825
104.1628,30.675078,-1,826
104.080481,30.515756,-1,827
104.099224,30.586089,-1,828
103.936368,30.578322,-1,829
104.196108,30.52768,-1,830
103.661639,30.961141,77,831
103.915194,30.63076,-1,832
103.839612,30.647698,-1,833
103.98862,30.627698,145,834
103.960561,30.941566,-1,835
103.866426,30.7836,-1,836
104.086618,30.75019,-1,837
103.437886,30.363872,-1,838
103.489889,30.75889,-1,839
103.977696,30.688251,91,840
104.014904,29.142831,-1,841
104.24311,30.651265,25,842
104.165754,30.712302,109,843
103.682396,30.866772,-1,844
104.099553,30.459,100,845
104.28037,30.64733,-1,846
104.057011,30.367089,239,847
103.589422,29.717739,-1,848
104.126504,30.680873,-1,849
103.954264,30.592193,-1,850
103.928588,31.081519,-1,851
103.655244,30.926858,72,852
103.973435,30.621683,146,853
103.821062,30.795379,-1,854
104.477048,30.355224,56,855
103.720243,30.577676,-1,856
103.804533,30.455481,-1,857
103.678385,31.029642,147,858
104.053793,30.73867,-1,859
103.889954,30.456857,-1,860
103.988754,30.983022,-1,861
103.887914,30.556379,4,862
103.51583,30.201084,-1,863
104.177152,30.718872,17,864
104.185559,30.816162,-1,865
104.105034,30.586797,92,866
103.960424,30.929781,-1,867
103.916741,30.415175,-1,868
104.214784,30.802823,-1,869
104.235821,30.64672,24,870
104.171376,30.573791,-1,871
103.560033,30.549024,148,872
104.224763,30.707363,-1,873
104.513565,30.51292,-1,874
104.537467,30.365779,112,875
104.244173,30.650203,25,876
104.162363,31.461404,-1,877
104.076487,30.247221,-1,878
104.360447,30.429625,-1,879
104.075949,30.776238,-1,880
104.195046,30.689281,-1,881
104.126078,30.716405,-1,882
103.929419,30.699549,149,883
104.445949,30.839377,-1,884
104.072625,30.404356,-1,885
104.075357,30.238804,-1,886
104.452054,30.60278,-1,887
104.182033,30.683116,-1,888
103.79568,30.754576,-1,889
103.877937,30.667589,-1,890
103.870997,30.803748,-1,891
103.661285,30.961183,77,892
104.462955,30.34663,-1,893
104.033844,30.525308,-1,894
103.505954,30.55921,150,895
104.116056,30.586203,-1,896
104.800922,29.728511,-1,897
104.709925,30.64284,-1,898
104.21961,31.56773,-1,899
103.959129,30.663581,35,900
103.811816,30.632427,7,901
104.269054,30.579087,151,902
104.549319,29.486989,-1,903
103.914172,30.675471,125,904
104.513104,30.42017,152,905
103.677538,30.339217,117,906
103.946615,30.637055,-1,907
103.856353,30.78622,-1,908
103.862447,30.791213,-1,909
104.181869,30.713275,-1,910
104.235741,30.646354,24,911
103.889584,30.478941,-1,912
103.933007,30.656182,-1,913
104.356408,30.648184,-1,914
104.151681,30.516992,-1,915
103.95814,31.068977,-1,916
104.115861,30.282543,-1,917
104.10265,30.536884,-1,918
104.520487,30.430044,-1,919
104.203895,30.555842,-1,920
103.503903,30.012581,-1,921
104.332575,30.756184,-1,922
104.464419,30.489686,-1,923
104.363538,30.661071,-1,924
104.380893,30.289764,-1,925
104.445627,30.273722,-1,926
103.924418,31.062862,-1,927
104.266705,30.656229,-1,928
104.0856,30.384257,-1,929
103.975628,31.046411,-1,930
104.175186,30.715351,153,931
104.355222,30.610111,-1,932
104.111768,30.527643,-1,933
103.56277,29.863616,-1,934
103.643319,30.469908,154,935
104.397263,30.824175,-1,936
103.656917,30.665207,-1,937
103.921881,29.224993,-1,938
104.288485,30.689923,-1,939
104.071979,30.203323,-1,940
104.118673,30.757855,13,941
103.600153,30.608714,-1,942
104.294902,30.581745,-1,943
104.203317,30.725851,55,944
104.093424,30.779299,-1,945
104.188497,30.717464,-1,946
103.967494,30.648743,155,947
104.008371,30.590549,156,948
103.617018,30.858593,-1,949
104.97312,29.870568,50,950
104.05288,30.456883,138,951
103.69478,30.87666,-1,952
104.27455,30.655172,-1,953
103.871199,30.629647,-1,954
103.975897,30.929735,-1,955
104.858463,29.740468,-1,956
103.945574,30.925039,-1,957
103.924341,30.950402,157,958
104.463669,30.488687,-1,959
103.796784,30.646707,158,960
104.343441,30.688462,-1,961
104.56486,30.37104,159,962
104.195193,30.699886,-1,963
103.972532,30.782971,-1,964
103.829827,30.57667,-1,965
104.183178,30.710687,32,966
104.519825,30.424797,-1,967
104.093188,30.58148,64,968
103.754145,31.015055,-1,969
103.72728,30.559341,116,970
103.888053,31.035573,-1,971
103.92519,30.957521,-1,972
104.0367,30.147992,129,973
104.53162,30.452418,-1,974
103.901521,30.834485,20,975
103.500233,30.510343,-1,976
104.244972,30.645266,48,977
103.902666,30.658365,160,978
103.671844,30.332606,-1,979
104.502116,30.472757,161,980
104.098414,30.621817,-1,981
104.578976,30.727298,-1,982
104.041422,30.593358,51,983
103.914284,30.675475,125,984
104.047504,30.426781,67,985
104.243157,30.650418,25,986
103.936401,30.613772,104,987
104.2429,30.6506,25,988
104.01534,30.474049,-1,989
103.889658,30.383628,-1,990
103.517607,30.750426,-1,991
103.517807,30.578532,164,992
104.34303,30.825991,-1,993
104.095894,30.536674,-1,994
103.627589,30.970591,-1,995
103.720387,30.595049,-1,996
104.208297,30.898395,-1,997
104.501125,30.473912,161,998
104.17493,30.715455,153,999
103.505588,30.198867,-1,1000
104.014372,30.517562,-1,1001
103.922839,30.814675,-1,1002
104.490784,30.602644,-1,1003
103.850028,30.207975,-1,1004
103.510897,30.254984,-1,1005
104.308582,30.865164,11,1006
104.006545,30.437638,-1,1007
104.099367,30.45899,100,1008
104.037521,30.65932,162,1009
103.968339,30.44792,-1,1010
104.076188,30.632341,-1,1011
104.185796,30.719111,134,1012
104.19471,30.681279,-1,1013
103.468527,30.434062,-1,1014
103.290627,30.164748,-1,1015
103.870477,30.779563,-1,1016
104.07975,30.433559,-1,1017
104.343928,30.669283,-1,1018
104.130836,30.375937,-1,1019
104.149476,30.622573,163,1020
104.013753,30.559994,-1,1021
104.065741,30.446677,5,1022
104.182228,30.700034,-1,1023
103.516789,30.578637,164,1024
104.234814,30.646176,24,1025
104.186853,30.553554,263,1026
103.930713,30.77236,-1,1027
104.177009,30.722953,-1,1028
104.172804,30.483559,102,1029
104.10259,30.485348,-1,1030
103.902313,30.827015,-1,1031
104.096789,30.538031,-1,1032
103.979663,31.072734,-1,1033
103.903954,30.244809,-1,1034
104.014206,29.138772,-1,1035
104.116561,30.584048,165,1036
104.311516,30.844806,-1,1037
104.242563,30.651059,25,1038
104.222289,30.696318,-1,1039
104.514135,30.420761,152,1040
103.562061,30.505384,-1,1041
104.019994,29.139561,70,1042
103.856327,30.786089,-1,1043
103.887742,30.660951,-1,1044
104.213578,30.815997,-1,1045
104.0856,30.384257,-1,1046
103.534127,30.695303,-1,1047
104.133288,30.399191,-1,1048
104.203228,30.726102,55,1049
104.338257,30.461128,-1,1050
104.060677,30.368856,-1,1051
103.499358,30.569499,-1,1052
103.954533,30.744488,-1,1053
103.257528,30.186236,-1,1054
104.068145,30.692651,-1,1055
103.887328,30.59303,-1,1056
103.941287,30.91953,-1,1057
103.940506,30.552626,-1,1058
104.242334,30.501064,-1,1059
104.526504,30.431077,-1,1060
103.836934,30.578309,-1,1061
103.797922,31.240953,-1,1062
104.116218,30.419094,-1,1063
103.988068,30.214172,-1,1064
104.329336,30.348449,-1,1065
103.959646,30.796855,242,1066
104.193728,30.52947,166,1067
104.053206,30.53805,-1,1068
104.359828,31.071691,-1,1069
103.967875,30.467402,-1,1070
104.005639,30.515525,-1,1071
104.135536,30.660788,-1,1072
104.076596,30.723792,-1,1073
104.428842,30.903754,-1,1074
103.65471,30.926312,72,1075
104.087696,30.330507,-1,1076
103.432337,30.720761,-1,1077
104.346496,30.663242,-1,1078
103.552855,30.766103,-1,1079
103.952268,30.796036,167,1080
103.809799,30.630961,7,1081
104.164495,30.395149,-1,1082
104.018026,30.769645,-1,1083
104.009951,30.480609,-1,1084
104.298286,30.239372,-1,1085
103.555231,30.422538,-1,1086
104.235901,30.646516,24,1087
103.917163,30.398343,-1,1088
104.081651,30.498112,-1,1089
104.249586,30.581357,-1,1090
104.075378,30.706625,-1,1091
104.576441,30.71788,-1,1092
104.37584,30.951279,-1,1093
104.221155,30.639276,0,1094
103.805381,30.603503,-1,1095
103.973878,30.652614,-1,1096
104.243042,30.645989,48,1097
104.327405,30.30753,136,1098
103.842489,30.538902,-1,1099
103.964617,30.478496,-1,1100
104.180168,30.683317,-1,1101
104.223825,30.566264,19,1102
103.97412,30.624887,141,1103
104.071312,30.646572,-1,1104
104.095144,30.541643,18,1105
103.581209,30.240659,-1,1106
104.21752,30.583862,-1,1107
103.967742,30.648565,155,1108
103.505649,30.559264,150,1109
103.86137,30.803769,111,1110
103.897479,30.667604,34,1111
104.113732,30.461516,-1,1112
103.853541,30.764579,-1,1113
104.332653,30.92527,-1,1114
103.962931,30.448201,168,1115
104.208435,30.524465,169,1116
104.368122,30.295433,-1,1117
104.533645,30.663638,-1,1118
104.509552,30.508279,-1,1119
103.986626,29.133639,-1,1120
103.945467,30.48337,-1,1121
103.976451,30.544957,-1,1122
104.059562,30.424792,-1,1123
103.796174,30.447328,-1,1124
103.556751,30.744358,-1,1125
104.368778,30.601958,-1,1126
103.960565,30.365445,-1,1127
104.073822,30.718598,170,1128
104.442451,30.355621,-1,1129
104.027093,30.451715,-1,1130
104.165889,30.712191,109,1131
104.21025,30.805139,-1,1132
104.124595,30.758571,-1,1133
103.926425,30.474453,-1,1134
104.366687,30.291676,-1,1135
103.706201,29.087909,-1,1136
103.597861,30.286933,-1,1137
104.203186,30.726066,55,1138
103.94358,30.662848,-1,1139
104.240601,30.959678,-1,1140
104.750828,29.745159,-1,1141
104.099889,30.653206,265,1142
104.120014,30.773214,171,1143
104.565065,30.37113,159,1144
104.31827,30.271569,-1,1145
104.101876,30.497056,-1,1146
104.075175,30.51596,-1,1147
103.79076,29.635966,-1,1148
104.044227,30.501993,-1,1149
103.7843,30.885947,-1,1150
103.879688,30.490327,-1,1151
103.916276,30.369117,172,1152
104.462506,31.05878,-1,1153
104.135724,30.709,-1,1154
104.159375,30.775986,-1,1155
104.125227,30.769274,173,1156
103.836843,30.352718,-1,1157
104.140656,30.82752,90,1158
104.222811,31.301985,-1,1159
104.243436,30.6457,48,1160
104.201373,30.739516,-1,1161
104.25706,30.530491,-1,1162
104.031694,30.321403,-1,1163
103.852019,31.128338,-1,1164
103.653046,30.920154,58,1165
104.275849,30.718469,-1,1166
103.615881,30.47875,-1,1167
104.034196,30.494918,-1,1168
104.550987,30.717488,-1,1169
103.940004,30.424265,-1,1170
103.962386,30.932527,-1,1171
103.960037,30.517433,28,1172
103.813726,30.632803,7,1173
104.220554,30.639017,0,1174
104.052156,30.487072,23,1175
104.491628,30.323637,-1,1176
104.467493,30.485361,-1,1177
103.949451,30.467097,-1,1178
104.162321,30.55697,174,1179
104.263606,29.94299,-1,1180
104.071968,30.382298,-1,1181
103.703849,30.583549,-1,1182
103.465712,30.438155,175,1183
103.505858,30.558942,150,1184
103.964627,30.636851,30,1185
104.433518,30.39409,-1,1186
103.914124,30.631159,9,1187
104.334907,30.643363,-1,1188
103.832791,30.791569,-1,1189
103.97891,30.454528,-1,1190
104.055951,30.485123,-1,1191
103.993755,30.699372,-1,1192
103.97058,30.675549,-1,1193
104.221236,30.638496,0,1194
104.151672,30.775826,84,1195
104.104469,30.453349,-1,1196
103.817223,30.63395,7,1197
104.087332,30.759976,-1,1198
103.887033,30.528549,105,1199
104.229458,30.659888,-1,1200
103.920465,30.937151,-1,1201
104.237974,30.653157,29,1202
104.056766,30.367689,239,1203
104.13092,30.67,-1,1204
104.42974,30.355612,-1,1205
103.956212,30.939905,-1,1206
104.193042,30.540737,-1,1207
103.958303,30.66344,35,1208
104.083854,30.492226,-1,1209
104.328414,30.275528,-1,1210
103.797509,30.643576,176,1211
104.07862,30.656146,-1,1212
104.011301,30.517924,49,1213
103.949586,30.487429,-1,1214
104.978894,30.295529,-1,1215
104.047189,30.427775,67,1216
104.000035,30.596919,-1,1217
103.794654,30.221523,-1,1218
104.229373,30.791448,-1,1219
103.960652,30.646436,-1,1220
103.973528,30.625457,141,1221
104.177254,30.718586,17,1222
104.004292,30.698514,-1,1223
103.891407,30.409407,-1,1224
103.819153,30.797394,124,1225
104.092935,30.524061,83,1226
104.195338,30.543338,-1,1227
103.960324,30.843011,-1,1228
104.01819,30.15476,-1,1229
104.170776,30.615034,177,1230
103.888613,30.556765,4,1231
104.234654,30.646254,24,1232
104.087096,30.779572,-1,1233
104.140491,30.827439,90,1234
104.182494,30.487223,-1,1235
104.388987,30.761997,-1,1236
103.809979,30.631246,7,1237
103.917067,30.683526,178,1238
104.268834,30.578681,151,1239
104.1606,30.643467,179,1240
103.91533,30.711614,-1,1241
103.888439,30.903163,-1,1242
104.168687,30.741129,16,1243
103.904683,30.6836,-1,1244
103.908212,30.660464,180,1245
104.327597,30.306098,136,1246
104.470072,30.505101,-1,1247
104.056086,30.847925,181,1248
104.081807,30.459911,-1,1249
104.041507,30.91663,-1,1250
104.102813,30.718814,-1,1251
104.158928,30.671369,-1,1252
104.235821,30.64672,24,1253
103.846029,30.436883,-1,1254
104.189849,30.553714,-1,1255
103.846818,30.782457,-1,1256
104.093844,30.581356,64,1257
104.417675,30.850267,-1,1258
104.18226,30.71756,182,1259
103.720642,30.587221,-1,1260
104.533762,30.428782,-1,1261
103.819209,30.797275,124,1262
103.998106,30.252504,97,1263
103.977685,30.688626,91,1264
104.262523,30.271206,-1,1265
104.357959,30.517777,-1,1266
104.081128,30.277052,-1,1267
103.991318,30.738772,183,1268
103.756046,30.395351,-1,1269
103.844808,30.446133,-1,1270
103.739262,30.576277,-1,1271
104.151219,30.618248,-1,1272
104.2429,30.6506,25,1273
104.203317,30.726001,55,1274
104.311452,30.318753,-1,1275
104.42977,30.893365,-1,1276
104.168869,30.709692,-1,1277
104.146274,30.909706,-1,1278
104.174694,30.796915,-1,1279
103.860213,30.457922,-1,1280
104.259409,30.812762,-1,1281
103.702935,30.850763,-1,1282
103.867,30.535176,107,1283
103.797193,30.643843,176,1284
104.056118,30.763276,-1,1285
104.125399,30.76968,173,1286
103.138399,30.118767,-1,1287
104.212455,30.609294,-1,1288
104.169006,30.741231,16,1289
104.07026,30.407132,-1,1290
103.797231,29.640841,-1,1291
104.465922,30.866017,-1,1292
103.53093,30.352386,-1,1293
103.967409,30.648047,155,1294
104.203317,30.726001,55,1295
104.212973,30.650314,-1,1296
103.956801,30.439556,-1,1297
104.205085,30.703928,-1,1298
104.147176,30.520542,-1,1299
104.069661,30.588616,-1,1300
104.16485,30.65875,62,1301
104.072643,30.39054,-1,1302
103.937519,30.61926,137,1303
103.935936,30.558269,-1,1304
103.681685,30.848065,-1,1305
103.734709,31.200047,-1,1306
103.901497,30.834537,20,1307
104.114241,30.579334,1,1308
103.976093,30.456137,-1,1309
103.466046,30.438446,175,1310
104.272827,30.326258,-1,1311
103.678127,31.029754,147,1312
104.099506,30.466869,184,1313
104.185886,30.71962,134,1314
104.224952,30.794063,101,1315
103.824002,30.611914,-1,1316
104.225801,30.790648,-1,1317
103.937145,30.614973,104,1318
104.158591,30.597939,-1,1319
104.036531,30.296898,-1,1320
104.044068,30.218071,-1,1321
102.645675,30.933778,-1,1322
104.055703,30.458239,138,1323
104.329345,30.337319,-1,1324
104.043165,30.485217,-1,1325
103.95792,30.663833,35,1326
103.890087,30.515731,-1,1327
103.696274,30.403828,-1,1328
104.225985,30.79178,101,1329
103.8509,30.820483,185,1330
103.801908,30.455143,-1,1331
103.93755,30.661617,-1,1332
104.195537,31.677163,-1,1333
103.967039,30.435626,110,1334
104.676286,30.083914,-1,1335
104.461721,30.350192,-1,1336
103.649509,30.932591,-1,1337
104.248978,30.772389,133,1338
103.916447,30.369482,172,1339
104.114297,30.835584,-1,1340
103.763831,30.043907,-1,1341
103.966726,30.435173,110,1342
103.796707,31.034247,-1,1343
104.069727,30.330223,-1,1344
103.926722,30.517615,-1,1345
103.72856,31.10268,-1,1346
103.940638,30.614125,106,1347
104.208992,30.89817,-1,1348
103.966673,30.738983,-1,1349
104.099598,30.467136,184,1350
103.842634,30.547364,-1,1351
104.070771,30.726749,69,1352
104.234479,30.989114,-1,1353
102.961937,30.187726,-1,1354
104.088034,30.548257,186,1355
104.186742,30.762356,-1,1356
104.165889,30.677264,-1,1357
104.236936,30.65329,29,1358
103.881407,30.759295,-1,1359
103.924669,30.949444,157,1360
104.080531,30.81689,-1,1361
103.813726,30.632803,7,1362
102.805151,30.277835,-1,1363
104.001848,30.597872,-1,1364
104.025492,30.731473,-1,1365
104.022372,30.501137,187,1366
103.861593,30.796817,-1,1367
104.972951,29.870735,50,1368
104.291821,30.967263,-1,1369
104.135002,30.805985,132,1370
104.125595,30.956332,-1,1371
104.017434,30.116441,-1,1372
104.866691,29.761206,-1,1373
104.499356,30.426754,10,1374
104.083819,30.38421,-1,1375
104.022404,30.501085,187,1376
104.169276,30.741485,16,1377
103.80414,30.417239,-1,1378
104.551836,29.748566,-1,1379
104.502051,30.473408,161,1380
104.297725,31.035006,188,1381
104.082456,30.45481,66,1382
103.965402,30.636957,30,1383
104.074525,30.445082,-1,1384
104.040673,30.674958,-1,1385
104.564013,30.796034,-1,1386
104.022484,30.500905,187,1387
104.30866,31.006628,-1,1388
103.989345,30.722737,-1,1389
104.071325,30.46526,-1,1390
104.126057,30.401593,-1,1391
103.902099,30.834205,20,1392
104.287816,30.684255,-1,1393
104.086228,30.456797,-1,1394
104.116117,30.391085,-1,1395
104.000293,30.520393,-1,1396
103.988263,30.452955,-1,1397
104.084074,30.455493,66,1398
103.924521,30.94996,157,1399
104.312205,30.298535,189,1400
104.408693,30.252856,-1,1401
104.286528,30.678918,-1,1402
104.202907,30.726206,55,1403
104.411819,30.344997,-1,1404
103.458386,30.47411,-1,1405
104.225289,30.638642,-1,1406
104.095107,30.541266,18,1407
104.476936,30.355309,56,1408
103.89572,30.666284,34,1409
104.177465,30.718712,17,1410
104.627803,30.922028,-1,1411
104.010794,30.463226,253,1412
104.105532,30.580451,-1,1413
104.188867,30.54805,-1,1414
104.055592,30.795897,-1,1415
103.964323,30.478471,-1,1416
104.08658,30.457464,-1,1417
103.902393,30.834989,20,1418
103.496171,30.548603,-1,1419
104.392618,30.28704,-1,1420
104.109657,30.562382,-1,1421
104.461108,30.345014,-1,1422
104.120308,30.771431,171,1423
103.90241,30.658411,160,1424
103.147253,30.461352,-1,1425
103.937675,30.9056,-1,1426
104.193403,30.681892,-1,1427
104.191487,30.820108,-1,1428
104.705022,30.090231,-1,1429
104.447723,30.850997,-1,1430
103.962722,30.448368,168,1431
103.988272,30.627524,145,1432
104.015556,30.540486,-1,1433
104.012609,30.541421,-1,1434
104.087018,30.640001,-1,1435
103.940558,30.614275,106,1436
104.342076,30.825633,-1,1437
103.823946,30.449018,-1,1438
103.935824,30.9054,113,1439
103.792213,30.187114,115,1440
104.010007,30.479943,-1,1441
104.583009,30.388012,-1,1442
104.397148,30.997108,-1,1443
104.094647,30.676389,-1,1444
104.05759,30.565277,-1,1445
104.218367,30.655206,-1,1446
104.320859,30.287815,-1,1447
103.913572,30.993858,-1,1448
103.640352,30.4666,42,1449
104.537548,30.365836,112,1450
103.970383,30.470049,-1,1451
103.705179,30.928284,-1,1452
104.203116,30.726136,55,1453
104.508053,30.354767,94,1454
104.64467,31.449354,-1,1455
104.52774,30.827352,-1,1456
104.025485,30.44892,-1,1457
104.383661,30.449472,-1,1458
104.112048,30.752984,39,1459
103.76775,30.343961,-1,1460
104.23539,30.647237,24,1461
103.893333,30.513297,135,1462
104.021556,30.549782,-1,1463
103.850028,30.207975,-1,1464
104.079063,30.51319,127,1465
104.065754,30.443965,-1,1466
104.242502,30.650188,25,1467
104.081299,30.505345,-1,1468
103.86734,30.584466,-1,1469
103.598786,30.274551,-1,1470
104.130664,30.670173,-1,1471
103.698036,30.631144,-1,1472
104.523492,30.361639,-1,1473
104.072642,30.308691,-1,1474
104.052155,30.487072,23,1475
104.242892,30.645582,48,1476
103.600153,30.608714,-1,1477
103.303889,30.131034,-1,1478
104.141932,30.011382,-1,1479
103.970429,30.436336,-1,1480
104.042876,30.675496,-1,1481
104.413505,30.806197,-1,1482
104.200392,30.857989,-1,1483
104.065165,30.694918,-1,1484
103.653017,30.847194,-1,1485
103.990703,30.462797,-1,1486
104.197915,30.59451,-1,1487
104.150157,30.616143,37,1488
103.449551,30.426617,-1,1489
103.642544,30.942796,190,1490
104.227101,30.523713,-1,1491
103.081771,30.37378,-1,1492
104.134995,30.663115,-1,1493
104.112052,30.752897,39,1494
104.093584,30.581068,64,1495
104.312491,30.408151,-1,1496
103.943549,30.73541,-1,1497
104.262094,30.271988,-1,1498
103.741729,30.695266,248,1499
104.077809,30.794722,121,1500
104.385609,30.285733,-1,1501
104.198786,30.582071,75,1502
104.563996,30.388143,-1,1503
103.812764,30.631092,-1,1504
104.065248,30.179287,142,1505
103.630513,30.724475,-1,1506
103.774546,31.17945,-1,1507
104.173541,30.727163,191,1508
103.498472,30.545394,-1,1509
103.84623,30.457055,-1,1510
103.677343,30.949507,-1,1511
104.174763,30.726945,191,1512
104.110333,30.563886,-1,1513
104.401465,30.997577,45,1514
104.41546,30.992548,-1,1515
104.417666,30.947548,-1,1516
104.333556,30.644553,53,1517
104.592498,30.019452,-1,1518
104.454158,30.606243,-1,1519
104.007835,30.519041,-1,1520
104.175179,30.715333,153,1521
104.392895,30.283646,192,1522
104.274554,30.655695,-1,1523
103.481636,30.410975,-1,1524
103.902706,30.658425,160,1525
104.428749,30.902002,-1,1526
103.880233,30.604104,193,1527
103.870768,31.045317,-1,1528
103.992608,30.746072,-1,1529
103.786296,30.428066,-1,1530
103.803695,30.399551,-1,1531
103.923218,30.717074,80,1532
103.600153,30.608714,-1,1533
104.125343,30.769685,173,1534
104.060472,30.650217,215,1535
104.074543,30.384844,-1,1536
104.07214,30.349106,-1,1537
104.1985,30.582177,75,1538
104.094385,30.560544,-1,1539
103.914296,30.477248,-1,1540
104.339264,30.917087,-1,1541
103.532341,31.404829,99,1542
104.32012,30.277163,194,1543
104.470072,30.505101,-1,1544
103.611324,31.066946,-1,1545
103.897023,30.666565,34,1546
104.056633,30.42817,46,1547
103.886387,30.166849,-1,1548
104.120798,30.596888,-1,1549
104.498931,30.467667,-1,1550
103.830817,29.996915,-1,1551
103.881886,30.363218,-1,1552
103.956809,30.723137,27,1553
104.151678,30.542933,-1,1554
104.216401,30.69507,-1,1555
104.162646,30.698804,-1,1556
103.584074,30.376662,-1,1557
104.197875,30.58194,75,1558
103.843296,30.776897,-1,1559
104.074154,30.066198,-1,1560
104.129478,30.573208,-1,1561
104.231204,30.792707,-1,1562
104.065768,30.68591,-1,1563
103.814603,30.633071,7,1564
103.843508,30.673453,-1,1565
104.213796,30.574851,-1,1566
103.964447,30.637241,30,1567
103.791587,30.694587,-1,1568
103.999119,30.629638,-1,1569
104.08465,30.455614,66,1570
103.372386,30.094937,-1,1571
104.119157,30.725878,-1,1572
104.08829,30.692203,-1,1573
104.000361,30.690742,-1,1574
104.070784,30.727078,69,1575
104.393219,30.293973,-1,1576
104.52257,30.429938,38,1577
104.378166,30.313447,195,1578
103.824217,30.422811,-1,1579
104.331735,30.645712,-1,1580
103.709404,29.196699,-1,1581
103.968942,30.438053,-1,1582
104.384018,30.28676,-1,1583
103.917592,30.709953,-1,1584
103.890883,30.701924,-1,1585
104.232399,30.595243,-1,1586
104.069867,30.768446,71,1587
103.865651,30.604603,-1,1588
104.073878,30.718606,170,1589
103.957511,30.714464,-1,1590
103.915496,30.678449,-1,1591
104.034572,30.298513,196,1592
103.935178,30.905386,113,1593
104.2777,31.114004,-1,1594
103.592866,30.83166,-1,1595
104.060395,30.653669,-1,1596
103.937042,30.61367,104,1597
103.946063,30.473355,-1,1598
103.730321,30.664625,-1,1599
103.828471,30.614373,-1,1600
104.157488,30.753746,-1,1601
104.028187,30.519344,-1,1602
103.957245,30.723223,27,1603
103.662848,30.970797,197,1604
103.685059,30.888558,-1,1605
103.796822,30.643485,176,1606
103.937628,30.618939,137,1607
104.077482,30.794491,121,1608
104.078813,30.365903,-1,1609
103.912593,30.63096,9,1610
103.887374,30.275003,-1,1611
103.951795,30.484532,-1,1612
104.234842,30.647121,24,1613
104.064945,30.179346,142,1614
103.867114,30.534961,107,1615
104.876185,29.772527,-1,1616
103.698036,30.631144,-1,1617
104.671856,30.083621,-1,1618
104.449931,30.480843,59,1619
103.903325,30.772667,-1,1620
104.104508,30.718708,-1,1621
104.242502,30.650188,25,1622
104.1347,30.805968,132,1623
104.243725,30.645539,48,1624
104.24913,30.772426,133,1625
104.198282,30.581939,75,1626
103.465694,30.43804,175,1627
104.060374,30.368564,-1,1628
103.861332,30.803847,111,1629
104.165409,30.65873,62,1630
103.887404,30.428849,-1,1631
104.312403,30.874814,-1,1632
103.811419,30.7989,-1,1633
104.113017,30.50796,-1,1634
103.877331,30.572595,-1,1635
103.999472,30.466992,198,1636
104.123543,30.522311,-1,1637
104.059562,30.424792,-1,1638
103.673779,30.422902,-1,1639
103.899581,30.541054,-1,1640
103.983871,30.453898,-1,1641
104.501153,30.484573,-1,1642
104.486214,30.449062,-1,1643
104.150243,30.577726,-1,1644
104.134113,30.733066,-1,1645
103.99826,30.668423,-1,1646
103.893202,31.019809,-1,1647
103.867502,30.352917,-1,1648
103.908834,30.543255,199,1649
104.079064,30.513579,127,1650
103.679123,31.03048,147,1651
103.960046,30.152077,-1,1652
104.128936,30.682668,-1,1653
104.564338,30.381065,-1,1654
103.96958,30.366469,200,1655
103.684973,29.773608,-1,1656
104.139937,30.411277,-1,1657
104.51924,30.625611,-1,1658
104.130558,30.963797,-1,1659
103.859679,30.301572,-1,1660
103.784202,30.456308,-1,1661
104.063217,30.633408,95,1662
103.942319,30.279631,-1,1663
104.36464,30.996556,-1,1664
104.06295,30.179919,-1,1665
104.202307,30.739049,-1,1666
103.972138,30.651644,-1,1667
104.028312,30.484541,-1,1668
103.906711,30.362324,-1,1669
104.049782,30.476777,201,1670
104.111967,30.516548,-1,1671
103.829204,30.396508,-1,1672
103.678333,31.029527,147,1673
102.226414,31.897155,-1,1674
104.237494,30.652988,29,1675
104.174611,30.715338,153,1676
103.936425,30.614202,104,1677
104.052295,30.465887,130,1678
103.954597,30.440484,-1,1679
103.867069,30.535166,107,1680
104.083666,30.719768,-1,1681
104.227355,30.858199,-1,1682
103.960612,31.013691,-1,1683
103.869221,30.780614,-1,1684
104.014883,30.823224,-1,1685
103.508069,30.201455,-1,1686
103.800437,30.831008,-1,1687
103.902792,30.637382,-1,1688
104.128002,30.711599,-1,1689
104.41546,30.992548,-1,1690
104.019994,29.139561,70,1691
104.214133,30.576593,-1,1692
103.928625,31.027567,-1,1693
104.105738,30.543174,-1,1694
104.211378,30.648495,-1,1695
104.015056,30.46713,-1,1696
103.973645,30.651925,-1,1697
104.227427,30.858249,-1,1698
103.880312,30.22081,-1,1699
104.118879,30.757394,13,1700
104.050611,30.476128,201,1701
103.556241,30.422311,-1,1702
104.151592,30.775762,84,1703
104.54503,30.39344,-1,1704
104.973016,29.87067,50,1705
104.479476,30.334156,-1,1706
103.85078,30.820396,185,1707
103.696248,30.872171,-1,1708
103.617359,30.978188,-1,1709
103.937986,30.614176,104,1710
104.214603,30.821338,21,1711
104.08185,30.467438,-1,1712
104.49382,31.32766,-1,1713
104.059382,30.650749,215,1714
104.478238,30.492652,-1,1715
103.493022,31.43699,-1,1716
104.057546,30.42035,-1,1717
104.536429,30.68402,-1,1718
103.846608,30.428361,-1,1719
103.940353,30.999223,-1,1720
103.933246,30.472796,-1,1721
104.295832,30.6844,-1,1722
103.922552,30.686133,224,1723
103.92288,30.869197,-1,1724
104.039755,30.447417,-1,1725
103.855005,30.443619,-1,1726
104.43939,30.982955,-1,1727
103.958059,30.662933,35,1728
104.204934,30.730943,89,1729
104.271544,30.864744,-1,1730
104.489614,30.493768,122,1731
103.850028,30.207975,-1,1732
103.678072,31.029806,147,1733
104.060519,30.649895,-1,1734
103.959592,30.663904,35,1735
104.603913,30.684568,98,1736
104.071755,30.678894,-1,1737
104.757556,30.910823,-1,1738
103.947351,30.666006,-1,1739
104.094568,30.442228,-1,1740
104.365244,30.294481,-1,1741
104.175227,30.718318,-1,1742
103.952348,30.795794,167,1743
104.220768,30.63892,0,1744
104.066936,30.32959,-1,1745
104.028684,30.551318,-1,1746
104.08168,30.520383,-1,1747
103.84674,30.437916,-1,1748
104.106386,30.740441,-1,1749
104.076653,30.625267,-1,1750
104.081632,30.52197,-1,1751
103.665152,30.643879,-1,1752
104.071572,30.479682,-1,1753
103.661758,30.919919,-1,1754
104.454359,30.863398,-1,1755
104.205115,30.557815,-1,1756
103.967537,30.648443,155,1757
104.165229,30.659054,62,1758
104.12969,30.600809,-1,1759
104.036562,30.29665,-1,1760
103.898878,30.744106,-1,1761
103.883709,30.605973,-1,1762
103.541787,30.558881,-1,1763
104.555604,30.353964,202,1764
103.796822,30.643485,176,1765
103.916883,30.684111,178,1766
103.969535,30.366588,200,1767
103.739729,31.006563,-1,1768
102.084918,31.466748,-1,1769
103.919775,31.047317,-1,1770
103.93857,30.616292,40,1771
103.867902,30.630229,-1,1772
104.34214,30.825571,-1,1773
104.363579,30.64731,-1,1774
103.87504,30.830518,-1,1775
104.052253,30.246001,-1,1776
103.967296,30.647984,155,1777
104.587718,30.13148,-1,1778
103.727884,30.559134,116,1779
104.022292,30.501003,187,1780
103.859261,30.827739,203,1781
104.088932,30.739708,-1,1782
104.477,30.355377,56,1783
104.114113,30.579978,1,1784
103.901036,30.899222,-1,1785
104.077553,30.612168,-1,1786
104.120858,30.50181,204,1787
104.216834,30.613356,-1,1788
104.056577,30.445838,-1,1789
104.804053,30.152395,205,1790
104.220711,30.63928,0,1791
103.636169,30.950842,-1,1792
104.194365,30.689041,-1,1793
104.109122,30.581187,-1,1794
103.661444,30.961073,77,1795
103.974038,30.551766,-1,1796
103.55487,30.441466,-1,1797
103.690587,30.64917,-1,1798
104.22937,30.854229,-1,1799
104.071637,30.329894,-1,1800
104.084651,30.460197,-1,1801
103.31948,29.258962,-1,1802
104.140611,30.646251,-1,1803
104.392282,30.298957,144,1804
104.230097,30.853428,-1,1805
104.501324,30.474142,161,1806
103.863148,30.347472,-1,1807
104.115769,30.41208,-1,1808
104.320252,30.277839,194,1809
104.074673,30.385809,-1,1810
104.149831,30.688571,-1,1811
104.224718,30.793874,101,1812
103.816107,30.675142,-1,1813
103.858568,30.66363,-1,1814
103.696868,30.582673,-1,1815
104.265661,30.683906,-1,1816
103.957225,30.647566,31,1817
104.237525,30.652728,29,1818
103.516108,30.57853,164,1819
103.601541,31.064206,96,1820
104.185342,30.684477,8,1821
104.761983,30.373524,-1,1822
103.437076,30.377391,-1,1823
103.710394,29.091086,-1,1824
102.996836,30.336897,-1,1825
104.132126,30.649648,-1,1826
103.618879,30.520294,-1,1827
104.272947,30.731547,-1,1828
104.235254,30.646805,24,1829
104.072027,30.270316,-1,1830
104.100183,30.43833,-1,1831
103.46222,30.386906,-1,1832
104.262812,30.996604,-1,1833
104.06608,30.447861,5,1834
104.595551,31.767958,-1,1835
104.052398,30.245971,-1,1836
104.477678,30.502927,-1,1837
104.089819,30.581004,-1,1838
104.115927,30.5841,165,1839
103.804461,30.455413,-1,1840
104.972951,29.870735,50,1841
104.047935,30.683632,-1,1842
104.597732,30.699625,-1,1843
103.615331,30.734033,-1,1844
103.55985,30.548769,148,1845
104.066719,30.633517,-1,1846
104.010987,30.511147,206,1847
104.091411,30.524349,83,1848
103.939683,30.572783,-1,1849
104.422872,30.474119,-1,1850
104.475737,30.355977,56,1851
104.458108,30.607744,-1,1852
104.494628,30.325614,-1,1853
103.953403,30.66932,-1,1854
103.791127,29.635682,-1,1855
103.937074,30.61322,104,1856
104.509552,30.508263,-1,1857
104.040983,31.279381,-1,1858
104.371788,30.864574,81,1859
103.976093,30.456137,-1,1860
103.971427,30.957502,-1,1861
103.666402,30.430178,-1,1862
103.995485,30.487821,-1,1863
103.797594,30.404716,-1,1864
104.125169,30.769272,173,1865
104.136369,30.371726,-1,1866
104.14105,30.817096,-1,1867
103.973305,30.428935,87,1868
104.317057,30.461664,-1,1869
103.875376,30.564826,-1,1870
103.936632,30.614087,104,1871
104.536403,29.759579,-1,1872
103.916833,30.684019,178,1873
104.084684,30.750491,-1,1874
103.696461,30.582614,-1,1875
104.178651,30.78306,207,1876
104.126824,30.707869,-1,1877
104.093173,30.581337,64,1878
104.096497,30.523325,-1,1879
103.634048,30.952706,-1,1880
104.173838,30.717111,-1,1881
104.099311,30.753064,266,1882
104.509218,30.356014,-1,1883
104.181869,30.713275,-1,1884
103.837287,30.357659,208,1885
104.421217,30.471685,-1,1886
103.861346,30.803755,111,1887
104.113017,30.50796,-1,1888
104.313091,30.64586,-1,1889
104.177022,30.718654,17,1890
104.259409,30.812762,-1,1891
103.937275,30.614687,104,1892
103.606353,30.883359,-1,1893
104.036134,30.234412,-1,1894
103.727199,30.863069,-1,1895
103.636788,30.927995,-1,1896
103.570752,30.467745,-1,1897
104.16833,30.741692,16,1898
104.296696,30.994452,-1,1899
104.069921,30.768329,71,1900
104.294512,30.393387,-1,1901
104.020708,29.139263,70,1902
103.505858,30.55911,150,1903
104.145031,30.589397,-1,1904
103.554034,30.257238,-1,1905
104.475625,30.427671,-1,1906
104.002796,29.124817,-1,1907
104.171446,30.659736,209,1908
103.908428,30.660464,180,1909
104.463152,30.347793,-1,1910
104.050347,30.879196,-1,1911
103.603716,30.735026,-1,1912
104.2874,30.702547,-1,1913
103.895956,30.666504,34,1914
103.445397,30.405277,-1,1915
104.236202,30.646908,24,1916
103.937595,30.614756,104,1917
103.915452,30.991644,-1,1918
104.006953,30.592738,33,1919
103.892691,30.513375,135,1920
103.691254,30.641243,-1,1921
103.501559,30.356857,-1,1922
104.308786,30.865297,11,1923
103.654186,30.896985,-1,1924
104.197827,30.58199,75,1925
104.166506,30.68869,-1,1926
104.166675,30.636406,-1,1927
104.108854,30.523227,-1,1928
104.169165,30.741363,16,1929
104.510526,30.353459,94,1930
104.011161,30.516249,49,1931
104.070748,30.727059,69,1932
104.161159,30.60068,235,1933
104.193432,30.529647,166,1934
104.0663,30.56564,-1,1935
103.919358,30.541264,-1,1936
103.935905,30.905414,113,1937
103.855286,30.473918,-1,1938
103.958871,30.649211,210,1939
104.164693,30.65869,62,1940
103.828604,30.614627,-1,1941
104.397438,30.757975,-1,1942
103.927206,30.889478,-1,1943
104.29195,30.81321,-1,1944
103.781924,30.676019,108,1945
103.559189,30.769492,-1,1946
103.984803,30.423439,-1,1947
103.96195,30.206501,-1,1948
103.921278,30.686842,224,1949
104.095908,30.540027,18,1950
104.28654,30.630132,-1,1951
104.242563,30.651059,25,1952
104.187856,30.491116,-1,1953
103.858568,30.66363,-1,1954
104.047752,30.541498,211,1955
102.961937,30.187727,-1,1956
104.011512,30.486856,-1,1957
104.123579,30.912503,-1,1958
104.327389,30.307764,136,1959
104.340209,30.824379,-1,1960
104.060647,31.24565,-1,1961
104.099524,30.466974,184,1962
103.959673,30.438641,-1,1963
103.688456,30.940355,-1,1964
104.072031,30.336282,-1,1965
103.937131,30.613671,104,1966
103.936505,30.613802,104,1967
103.097315,30.082636,-1,1968
103.825991,30.932212,-1,1969
104.102813,30.718814,-1,1970
103.556241,30.422311,-1,1971
104.226368,30.792884,101,1972
104.406414,30.346074,212,1973
104.215542,30.649266,-1,1974
103.935604,30.905448,113,1975
104.223328,30.710443,-1,1976
103.996834,30.870952,-1,1977
103.995105,30.480454,-1,1978
103.880393,30.404311,119,1979
103.553017,30.22104,44,1980
103.714504,30.343879,-1,1981
104.285713,30.696843,-1,1982
103.902386,30.658467,160,1983
104.10657,30.740605,-1,1984
104.137354,30.690997,-1,1985
104.081206,30.497272,-1,1986
104.326184,30.278691,-1,1987
103.968483,30.656482,-1,1988
104.164614,30.549389,-1,1989
103.946228,30.554951,-1,1990
103.825689,30.731906,-1,1991
104.085959,30.823199,-1,1992
104.072662,30.372474,-1,1993
103.938525,30.616324,40,1994
103.952492,30.795716,167,1995
104.207619,30.655557,-1,1996
104.106362,30.870998,-1,1997
103.998434,30.252955,97,1998
104.069707,30.768678,71,1999
103.784604,30.886362,-1,2000
104.15138,30.773729,-1,2001
104.398963,30.341747,-1,2002
103.510024,30.742079,-1,2003
104.080885,30.5827,-1,2004
104.475388,30.348662,-1,2005
104.245719,30.991695,-1,2006
104.202098,30.726053,55,2007
104.135295,30.403962,-1,2008
103.553048,30.530535,-1,2009
103.754333,30.554973,-1,2010
103.795427,30.447075,-1,2011
103.678389,31.030133,147,2012
104.342482,31.150593,-1,2013
103.937519,30.61926,137,2014
103.280391,30.165884,-1,2015
104.626373,30.858124,-1,2016
103.922337,30.249753,-1,2017
103.970976,30.650288,114,2018
104.020162,29.139562,70,2019
104.063638,30.1772,-1,2020
104.361546,30.43488,-1,2021
103.633837,30.952221,-1,2022
103.697002,30.654217,-1,2023
104.204591,30.731128,89,2024
104.169045,30.532041,213,2025
104.296358,30.993867,-1,2026
103.825148,30.581639,-1,2027
103.856193,30.345539,-1,2028
104.099701,30.756641,-1,2029
104.243841,30.650513,25,2030
103.922045,30.819386,-1,2031
104.102926,30.420263,-1,2032
104.97394,29.871172,50,2033
104.038869,30.537823,-1,2034
103.701512,30.602666,78,2035
103.859673,30.301243,-1,2036
103.559914,30.548769,148,2037
104.263916,30.616894,-1,2038
104.072001,30.278504,-1,2039
104.24334,30.64585,48,2040
104.094409,30.645217,-1,2041
104.50961,29.495198,-1,2042
104.163463,30.647529,-1,2043
104.221836,30.638344,0,2044
103.817577,30.351354,-1,2045
104.108401,30.544808,-1,2046
104.245616,30.55333,-1,2047
103.7173,30.608036,243,2048
103.636963,30.902977,-1,2049
104.188616,30.548375,-1,2050
104.627683,30.921877,-1,2051
104.065257,30.439545,-1,2052
103.699948,31.035535,-1,2053
104.243157,30.650418,25,2054
103.863622,30.777723,-1,2055
104.182393,30.533511,-1,2056
104.326456,30.860145,126,2057
103.880625,30.604141,193,2058
103.516587,30.392,-1,2059
103.899163,30.662913,-1,2060
104.164553,30.659002,62,2061
104.245772,30.646036,48,2062
104.531677,30.45225,-1,2063
104.075353,30.385883,-1,2064
104.242421,30.676696,-1,2065
103.959562,30.796662,242,2066
103.936996,30.613112,104,2067
104.237984,30.653023,29,2068
104.055115,30.453815,-1,2069
104.170643,30.615513,177,2070
104.582423,30.339635,-1,2071
104.409417,30.480759,-1,2072
103.878882,30.19819,131,2073
103.819242,30.633985,-1,2074
103.967112,30.648164,155,2075
103.851632,30.376211,-1,2076
104.014215,29.141479,-1,2077
104.205725,30.648502,-1,2078
104.990694,29.542223,128,2079
104.225244,30.672271,214,2080
103.963051,30.448085,168,2081
104.229611,30.707945,-1,2082
103.860683,30.804221,111,2083
103.698383,30.630329,-1,2084
104.165881,30.712749,109,2085
104.168682,30.741594,16,2086
104.567805,30.707005,-1,2087
104.085046,30.748895,-1,2088
104.756348,30.633384,-1,2089
104.004507,30.47946,-1,2090
103.825182,30.44625,-1,2091
104.216096,30.780902,-1,2092
104.385609,30.285733,-1,2093
103.653486,30.920138,58,2094
104.234842,30.64712,24,2095
104.109851,30.501064,-1,2096
103.956182,30.028626,-1,2097
104.081563,30.522395,-1,2098
103.969367,30.467029,-1,2099
103.940864,30.853913,-1,2100
104.076518,30.801725,-1,2101
104.033482,30.604712,-1,2102
104.092092,30.524091,83,2103
103.867963,30.778103,-1,2104
104.50747,30.355419,94,2105
103.76714,30.038895,-1,2106
104.227738,30.783269,-1,2107
104.172274,30.659278,209,2108
103.888334,30.55667,4,2109
103.920257,30.879935,-1,2110
104.172962,30.639976,-1,2111
104.197203,30.393905,-1,2112
104.386459,30.291269,-1,2113
104.244847,30.645774,48,2114
104.175233,30.664484,2,2115
103.455966,30.487375,-1,2116
103.591791,30.346598,-1,2117
103.598661,30.275928,-1,2118
104.059711,30.650699,215,2119
103.666402,30.430178,-1,2120
104.502713,30.472695,161,2121
103.684493,30.598884,-1,2122
104.050907,30.665218,15,2123
103.867278,30.535192,107,2124
104.053366,30.382399,-1,2125
104.240782,30.871864,-1,2126
103.449078,30.376615,-1,2127
103.819736,30.484143,-1,2128
103.83634,30.523124,-1,2129
103.914514,30.675602,125,2130
104.457326,30.491143,-1,2131
104.149831,30.688571,-1,2132
103.954576,30.723191,-1,2133
104.757556,30.910823,-1,2134
104.036944,31.281357,-1,2135
103.738587,30.337613,-1,2136
103.973655,30.62562,141,2137
103.944253,30.662799,-1,2138
104.1492,30.519107,-1,2139
104.113833,30.742205,-1,2140
104.149858,30.622755,163,2141
104.574684,30.775711,-1,2142
103.8346,30.552089,-1,2143
104.363751,30.660909,-1,2144
103.830515,30.465753,-1,2145
103.870496,30.702073,47,2146
104.087613,30.420794,-1,2147
104.237441,30.652933,29,2148
103.943731,30.499224,-1,2149
103.628613,30.725575,-1,2150
104.116479,30.68426,-1,2151
103.896747,30.666419,34,2152
104.197115,30.738284,-1,2153
103.505571,30.558995,150,2154
104.14059,30.373602,-1,2155
104.168639,30.741313,16,2156
104.593249,30.869415,-1,2157
103.643447,30.470186,154,2158
104.052849,30.457079,138,2159
103.888404,30.558614,-1,2160
103.957698,30.567498,-1,2161
104.278423,30.820496,-1,2162
104.362735,30.30256,-1,2163
104.069863,30.768625,71,2164
104.419926,30.915753,-1,2165
103.820973,30.741262,-1,2166
104.168448,30.741475,16,2167
104.0348,30.755862,-1,2168
103.861345,30.712842,-1,2169
104.348376,30.555808,-1,2170
104.06118,30.419231,26,2171
104.06522,30.179546,142,2172
103.703843,30.927971,-1,2173
104.115683,30.580419,1,2174
103.98162,30.78536,43,2175
104.169165,30.532298,213,2176
104.080291,30.513831,127,2177
104.082585,30.56479,-1,2178
104.23215,30.794252,-1,2179
104.003806,30.881766,-1,2180
104.32816,30.695906,-1,2181
103.88227,30.363368,-1,2182
104.38589,30.487681,-1,2183
104.836946,30.465222,-1,2184
104.287666,30.681767,-1,2185
104.303652,30.3866,-1,2186
103.999447,30.750987,-1,2187
103.744207,30.714946,-1,2188
104.168416,30.741232,16,2189
104.16126,30.890958,-1,2190
103.922985,30.717116,80,2191
104.107975,30.718921,-1,2192
104.187387,30.553396,263,2193
104.225916,30.793321,101,2194
104.062605,30.177467,-1,2195
103.814211,30.633122,7,2196
104.328857,30.841939,-1,2197
104.418889,30.803991,-1,2198
104.092981,30.523746,83,2199
103.497443,30.545987,-1,2200
104.238049,30.533688,-1,2201
104.110562,30.582576,-1,2202
103.740037,30.531402,-1,2203
103.497396,30.567174,-1,2204
103.349482,30.416812,-1,2205
104.007604,30.554184,216,2206
103.964508,30.763475,-1,2207
103.449265,30.466901,-1,2208
104.506736,30.687942,-1,2209
103.912424,30.542777,-1,2210
103.81719,30.633862,7,2211
103.695836,30.395829,-1,2212
103.958904,30.929736,-1,2213
103.626318,30.964506,-1,2214
104.326468,30.860144,126,2215
104.206908,30.703882,-1,2216
104.215629,30.820809,21,2217
104.555149,30.353057,202,2218
103.922731,30.94841,-1,2219
104.087415,30.539802,-1,2220
104.456896,30.856512,-1,2221
104.490971,30.32358,-1,2222
103.626703,30.402577,-1,2223
103.955446,30.464318,-1,2224
104.39225,30.283657,192,2225
104.060597,30.416955,-1,2226
104.231068,30.790345,-1,2227
104.114437,30.416198,-1,2228
103.867326,30.535044,107,2229
104.185446,30.716768,14,2230
103.977586,30.929132,-1,2231
104.235334,30.646754,24,2232
104.066051,30.448314,5,2233
104.083872,30.427005,-1,2234
104.116697,30.684242,-1,2235
103.826477,30.279472,-1,2236
104.268873,30.578706,151,2237
104.155865,30.581027,258,2238
103.971317,30.650408,114,2239
103.49714,30.561189,-1,2240
104.080782,30.708075,-1,2241
103.963249,30.45507,-1,2242
104.274579,30.936244,-1,2243
104.392395,30.283742,192,2244
104.070715,30.726415,69,2245
104.220847,30.638562,0,2246
104.04706,30.449698,-1,2247
104.174672,30.715344,153,2248
104.243053,30.645837,48,2249
103.95784,30.353963,-1,2250
104.395992,30.339748,-1,2251
104.214425,30.821415,21,2252
103.917572,30.710449,-1,2253
104.218811,30.516453,-1,2254
104.098585,30.885143,217,2255
104.215249,30.583197,218,2256
104.006953,30.592738,33,2257
103.524293,30.395612,-1,2258
104.513104,30.42017,152,2259
103.888053,31.035573,-1,2260
104.20069,30.884994,-1,2261
103.986766,30.485188,-1,2262
103.714737,30.911458,-1,2263
103.957649,30.577781,-1,2264
103.709793,30.395086,-1,2265
103.749322,30.530299,-1,2266
103.677691,30.338866,117,2267
104.051854,30.27682,-1,2268
103.889514,30.383805,-1,2269
104.236481,30.64686,24,2270
104.326612,30.860177,126,2271
103.977544,30.688984,91,2272
103.772807,30.344931,-1,2273
104.393344,30.729701,-1,2274
103.897248,30.836155,76,2275
104.088067,30.68022,-1,2276
104.401903,30.86792,-1,2277
104.392451,30.298757,144,2278
103.87668,30.684447,-1,2279
103.720387,30.595049,-1,2280
104.109035,30.505465,85,2281
103.954507,30.638512,-1,2282
103.923449,30.716885,80,2283
104.231466,30.873739,-1,2284
103.905321,30.236995,-1,2285
104.10953,30.501088,-1,2286
104.327926,30.30588,136,2287
103.809454,30.459826,-1,2288
104.087067,30.804304,-1,2289
103.883201,30.665959,219,2290
104.198825,30.58207,75,2291
103.902216,30.834219,20,2292
104.114996,30.75628,-1,2293
104.221287,30.638479,0,2294
104.187731,30.554248,263,2295
103.96272,30.44823,168,2296
104.056322,30.447068,-1,2297
104.093481,30.581478,64,2298
104.204671,30.730828,89,2299
104.010514,30.518439,49,2300
103.496287,30.548419,-1,2301
103.642109,31.013363,-1,2302
103.968265,30.595544,-1,2303
104.075103,30.729265,-1,2304
103.489803,30.184728,220,2305
103.83745,30.357045,208,2306
104.093955,30.580723,64,2307
103.924301,30.949576,157,2308
104.011932,30.488158,-1,2309
104.404679,31.330451,-1,2310
103.888494,31.056483,-1,2311
104.194508,30.688959,-1,2312
103.687372,30.838181,231,2313
103.888521,30.557048,4,2314
103.883833,30.665808,219,2315
103.737578,30.512255,-1,2316
104.262083,30.271791,-1,2317
104.023259,30.463911,-1,2318
103.947517,30.010739,-1,2319
104.234838,30.645938,24,2320
104.41349,30.483193,-1,2321
104.039454,30.463311,-1,2322
104.071204,30.725276,69,2323
104.108901,30.464034,-1,2324
104.165054,30.759858,-1,2325
103.967744,30.603271,-1,2326
103.535645,30.742454,-1,2327
103.514191,30.209751,-1,2328
104.203128,30.702312,-1,2329
103.945191,30.528844,-1,2330
103.922624,30.686101,224,2331
104.242841,30.650059,25,2332
104.085906,30.248062,-1,2333
103.902795,30.677217,-1,2334
104.3678,30.435605,-1,2335
103.861029,30.445244,103,2336
104.111713,30.523838,-1,2337
104.654732,31.132333,-1,2338
104.503732,30.426643,-1,2339
104.098565,30.885121,217,2340
104.148778,30.369356,-1,2341
103.954208,30.54508,-1,2342
104.041422,30.593358,51,2343
104.682368,30.404531,-1,2344
103.958702,30.431737,-1,2345
104.326411,30.860028,126,2346
104.135923,30.689928,-1,2347
103.940577,30.427239,-1,2348
104.125254,30.76946,173,2349
104.203036,30.726077,55,2350
104.306315,30.93695,-1,2351
103.932645,30.867224,-1,2352
104.041198,30.593347,51,2353
103.892858,30.357787,-1,2354
104.052156,30.487072,23,2355
104.770784,30.859657,-1,2356
104.468747,30.84805,6,2357
104.25954,30.868913,-1,2358
103.892396,30.783316,-1,2359
103.008374,29.93751,-1,2360
103.89904,30.772795,-1,2361
103.902411,30.834854,20,2362
103.796106,30.447258,-1,2363
103.885844,30.583907,-1,2364
103.65468,30.665119,-1,2365
103.845175,30.431851,-1,2366
104.004733,30.878376,-1,2367
104.580792,30.729415,-1,2368
104.176682,30.783138,-1,2369
104.061524,30.418991,26,2370
104.05694,30.554863,-1,2371
104.087818,30.833798,-1,2372
104.576257,30.722782,-1,2373
103.494173,29.976038,-1,2374
103.700681,30.653871,-1,2375
104.057941,30.368259,239,2376
104.110487,30.509162,260,2377
104.166671,30.659028,-1,2378
104.162522,30.557196,174,2379
104.105239,30.586045,92,2380
104.034897,31.282436,-1,2381
104.070895,30.386352,-1,2382
104.046554,30.575142,-1,2383
103.895737,30.842205,-1,2384
103.90011,30.361326,-1,2385
103.794556,30.440877,221,2386
103.462923,30.749635,270,2387
103.896218,30.666225,34,2388
103.954961,30.569586,-1,2389
104.501489,30.474812,161,2390
104.007603,30.554179,216,2391
103.949044,30.515338,-1,2392
104.270922,30.62514,-1,2393
103.917281,30.684082,178,2394
104.146274,30.909706,-1,2395
104.546572,29.50388,222,2396
103.72364,30.660615,-1,2397
104.099569,30.459151,100,2398
104.081154,30.510176,-1,2399
103.937145,30.614753,104,2400
103.978767,31.042415,-1,2401
103.482279,30.383816,-1,2402
103.857826,31.065041,-1,2403
104.174188,30.72799,191,2404
103.892955,30.514013,135,2405
103.859592,30.663543,-1,2406
104.09441,30.451466,-1,2407
103.524405,30.40323,-1,2408
104.583863,30.34064,-1,2409
104.008727,30.590917,156,2410
104.077925,30.322155,-1,2411
104.199001,30.510408,223,2412
103.643362,30.927889,-1,2413
103.913596,30.993916,-1,2414
104.472244,31.703998,-1,2415
104.177889,29.978575,-1,2416
104.136962,30.672076,-1,2417
104.462535,30.474036,-1,2418
104.498629,30.428172,10,2419
104.757556,30.910823,-1,2420
104.238061,30.653088,29,2421
104.38538,30.285982,-1,2422
104.203699,30.725934,55,2423
104.342648,31.057204,-1,2424
103.877556,30.608405,-1,2425
104.394253,30.298008,-1,2426
103.95974,30.517528,28,2427
103.917301,30.68404,178,2428
104.042723,30.448212,-1,2429
103.795041,30.441319,221,2430
104.049403,31.247639,-1,2431
104.079129,30.513534,127,2432
104.655264,30.342089,-1,2433
103.688421,30.940551,-1,2434
104.180949,30.534685,-1,2435
104.030755,30.248882,-1,2436
103.945852,30.486041,-1,2437
104.496442,30.47166,-1,2438
103.828916,30.938038,-1,2439
103.935056,30.658365,-1,2440
104.130608,30.964208,-1,2441
104.050883,30.850281,-1,2442
104.047285,30.725064,-1,2443
104.236172,30.608664,-1,2444
104.014444,29.140001,-1,2445
103.661444,30.961087,77,2446
104.803957,30.152243,205,2447
104.024347,30.624005,-1,2448
104.011284,30.517629,49,2449
103.128287,30.059454,-1,2450
103.699022,31.030785,-1,2451
104.215542,30.649266,-1,2452
103.987701,30.612535,-1,2453
103.935415,30.610475,-1,2454
104.328462,30.27507,-1,2455
104.220918,30.834925,-1,2456
103.938469,30.61629,40,2457
104.348656,30.555977,-1,2458
104.071949,30.192883,-1,2459
103.871199,30.629647,-1,2460
104.111861,30.654237,-1,2461
103.977708,30.68862,91,2462
104.008841,30.590564,156,2463
104.119731,30.387987,-1,2464
104.094272,30.580829,64,2465
104.135649,30.805836,132,2466
104.208317,30.524192,169,2467
103.679277,30.348449,-1,2468
104.218049,30.801578,-1,2469
103.999918,30.752404,-1,2470
104.224478,30.484342,-1,2471
103.708991,30.392058,-1,2472
103.679526,31.082274,-1,2473
104.326637,30.860099,126,2474
103.907855,30.072211,-1,2475
104.052156,30.487072,23,2476
103.922135,30.686517,224,2477
104.354241,30.435868,-1,2478
103.828892,29.994335,-1,2479
104.453791,30.850451,-1,2480
104.236903,30.530881,-1,2481
104.555324,30.35276,202,2482
104.098419,30.436595,-1,2483
104.54578,29.752819,-1,2484
104.897688,29.762194,-1,2485
104.595019,30.553998,-1,2486
102.763281,30.399436,-1,2487
104.291414,30.877238,-1,2488
104.198416,30.582284,75,2489
104.008783,30.59067,156,2490
103.958984,30.649667,210,2491
103.947253,30.665691,-1,2492
103.928418,30.937209,-1,2493
103.937459,30.613355,104,2494
103.498305,30.568702,225,2495
104.269331,31.015268,-1,2496
104.24898,30.817682,-1,2497
103.951277,30.844954,-1,2498
103.818956,30.575338,-1,2499
103.945633,30.922155,-1,2500
104.108933,30.505551,85,2501
103.969596,30.366469,200,2502
104.451082,30.857383,-1,2503
104.409169,30.480909,-1,2504
103.752531,30.846959,-1,2505
103.998258,30.253136,97,2506
104.011238,30.510867,206,2507
104.082445,30.578696,-1,2508
103.524293,30.395612,-1,2509
103.497066,30.54724,226,2510
104.048432,30.462042,-1,2511
104.022705,30.522773,-1,2512
103.996005,30.688316,-1,2513
104.109529,30.718896,-1,2514
103.857633,30.449584,227,2515
104.057001,30.466281,-1,2516
104.099608,30.460104,100,2517
104.868913,29.225553,-1,2518
104.188208,30.514716,-1,2519
104.201949,30.726115,55,2520
103.884077,30.665498,219,2521
104.247304,30.554762,-1,2522
104.081346,30.716199,-1,2523
104.508876,30.356243,-1,2524
103.641665,31.015671,-1,2525
104.363603,30.657558,-1,2526
103.616188,30.735924,-1,2527
103.792194,30.687292,-1,2528
104.072501,30.351095,-1,2529
103.642329,30.977532,-1,2530
103.86699,30.534944,107,2531
103.831563,30.667613,-1,2532
104.213947,30.552167,-1,2533
104.164383,30.658772,62,2534
104.014276,30.766743,-1,2535
104.451134,30.85753,-1,2536
104.242492,30.65056,25,2537
104.148448,30.401266,-1,2538
104.125208,30.769545,173,2539
103.561598,29.701851,-1,2540
103.794556,30.440877,221,2541
103.873324,30.779209,123,2542
103.871733,30.462169,-1,2543
103.973793,30.625471,141,2544
103.867703,30.779349,-1,2545
104.020243,29.139344,70,2546
103.965609,30.981735,-1,2547
104.053092,30.454065,-1,2548
103.698385,30.866186,-1,2549
104.489781,30.493986,122,2550
104.23491,30.646271,24,2551
103.462845,30.749515,270,2552
103.944293,30.629212,-1,2553
103.843001,30.576514,-1,2554
104.25921,30.529965,-1,2555
104.261342,29.965837,-1,2556
104.177465,30.718712,17,2557
103.591135,30.7421,-1,2558
104.083385,30.455177,66,2559
103.659105,30.923429,-1,2560
104.240336,30.598296,-1,2561
103.720504,30.397579,-1,2562
103.957909,30.656111,-1,2563
103.533943,30.694769,-1,2564
104.215493,30.821176,21,2565
104.32345,30.645068,54,2566
104.546385,29.503938,222,2567
104.09939,30.524059,-1,2568
104.592751,30.113636,-1,2569
103.897762,30.823062,-1,2570
103.960612,31.013691,-1,2571
104.17557,30.787801,245,2572
104.360627,30.661757,234,2573
104.221203,30.726502,-1,2574
104.359427,30.662054,-1,2575
104.248342,30.605737,-1,2576
103.996895,30.468734,-1,2577
103.634128,30.95224,-1,2578
104.142728,30.636621,-1,2579
104.098139,30.603633,-1,2580
104.255365,30.859628,228,2581
103.760234,30.665301,-1,2582
104.09548,30.54091,18,2583
103.919818,30.419642,-1,2584
104.198322,30.581989,75,2585
104.212973,30.650314,-1,2586
104.046798,30.427669,67,2587
104.678204,30.0703,-1,2588
103.847053,30.666729,-1,2589
104.16491,30.658662,62,2590
103.704583,30.653712,-1,2591
104.260623,30.813732,-1,2592
103.501713,30.572027,-1,2593
103.949721,30.675826,-1,2594
103.845266,30.541843,-1,2595
104.019937,30.543022,-1,2596
103.913478,30.631022,9,2597
103.998117,30.893734,-1,2598
104.603781,30.685365,98,2599
103.937571,30.614738,104,2600
103.70651,30.582795,-1,2601
104.039993,30.713585,-1,2602
103.790567,30.685996,-1,2603
103.828998,30.396491,-1,2604
103.260123,30.559771,229,2605
104.254747,30.859798,228,2606
104.202207,30.726058,55,2607
103.578922,30.845669,-1,2608
103.937433,30.61937,137,2609
103.797662,30.404715,-1,2610
103.966328,30.436053,110,2611
104.010715,30.512288,206,2612
104.300028,30.389361,-1,2613
103.926547,30.792753,-1,2614
104.317057,30.461664,-1,2615
103.786015,30.428167,-1,2616
103.825982,30.578794,-1,2617
103.989601,30.554938,-1,2618
104.134072,30.945727,-1,2619
103.661412,30.961021,77,2620
104.1659,30.712295,109,2621
103.953545,30.661636,230,2622
103.892829,30.633993,-1,2623
104.299475,30.992529,-1,2624
103.61448,30.964439,-1,2625
104.036455,30.296834,-1,2626
104.327612,30.279061,-1,2627
103.686847,30.836762,231,2628
103.497132,30.547248,226,2629
103.960239,30.656192,-1,2630
104.11576,30.583562,165,2631
104.112179,30.509882,-1,2632
104.053115,30.465714,130,2633
104.101536,30.380481,-1,2634
104.263254,29.942134,-1,2635
104.460716,30.850087,-1,2636
103.912958,30.824625,-1,2637
104.065839,30.446199,5,2638
104.449928,30.607976,-1,2639
103.859199,30.827517,203,2640
104.04407,30.446883,41,2641
103.794603,29.637744,-1,2642
103.908916,30.864008,-1,2643
104.166315,30.712369,109,2644
104.215107,30.582734,218,2645
104.110603,30.579317,-1,2646
104.03722,30.659915,162,2647
103.524509,30.403179,-1,2648
103.86719,30.917625,-1,2649
104.080719,30.817036,-1,2650
104.406787,30.345826,212,2651
103.894411,30.466001,-1,2652
103.701373,30.602745,78,2653
103.668648,31.01545,-1,2654
104.185183,30.714703,-1,2655
103.936425,30.614202,104,2656
104.49118,31.049603,-1,2657
104.126128,30.58171,-1,2658
103.492052,30.525199,-1,2659
103.815788,30.633398,7,2660
103.988852,30.53066,-1,2661
104.553123,30.097433,-1,2662
104.294512,30.393387,-1,2663
104.848879,29.753515,-1,2664
104.109172,30.421519,-1,2665
102.733251,29.428793,-1,2666
104.495653,30.417784,232,2667
103.74925,30.530283,-1,2668
103.580294,30.240102,-1,2669
104.352062,30.735111,-1,2670
104.237834,30.652837,29,2671
103.690378,30.939396,-1,2672
104.094147,30.486986,-1,2673
104.165138,30.658913,62,2674
104.028763,30.479517,-1,2675
103.823975,30.599742,-1,2676
104.058732,30.71905,-1,2677
104.244073,30.645489,48,2678
104.030708,30.662692,-1,2679
103.784726,30.640693,-1,2680
103.947198,30.665982,-1,2681
104.317481,30.271624,-1,2682
103.460434,30.747037,61,2683
104.427416,30.699475,-1,2684
104.34951,30.643076,-1,2685
103.602997,30.939719,-1,2686
103.280407,30.165568,-1,2687
104.446084,30.473022,-1,2688
104.125999,30.894223,-1,2689
104.20211,30.726045,55,2690
104.187267,30.717583,-1,2691
104.315991,30.303226,-1,2692
103.851147,30.437408,73,2693
104.351872,30.643951,-1,2694
103.677194,31.121188,-1,2695
104.134392,30.402887,-1,2696
104.583191,30.709219,-1,2697
103.886905,30.528387,105,2698
104.108821,30.464084,-1,2699
104.061656,30.41897,26,2700
103.785976,29.631419,-1,2701
104.192479,30.680977,-1,2702
104.11324,30.508071,-1,2703
104.087429,30.804057,-1,2704
104.053456,30.443061,-1,2705
103.976451,30.544957,-1,2706
103.507189,30.742636,-1,2707
104.226351,30.791745,101,2708
103.857315,31.076904,-1,2709
104.402005,30.997255,45,2710
103.813691,31.655578,-1,2711
104.255315,30.531193,233,2712
104.445206,30.46366,-1,2713
104.361484,30.661398,234,2714
104.177643,30.719041,17,2715
103.95669,30.797803,-1,2716
103.978016,30.199958,-1,2717
104.061835,30.371201,-1,2718
104.199789,31.57739,-1,2719
103.677274,30.883793,-1,2720
104.157687,30.511881,-1,2721
104.262102,30.807881,-1,2722
104.209904,30.740775,-1,2723
103.835353,30.344673,-1,2724
103.834174,30.549631,-1,2725
104.503455,30.471621,-1,2726
104.24338,30.645691,48,2727
103.691664,30.890533,-1,2728
103.91743,30.684382,178,2729
103.938385,30.616373,40,2730
104.225993,30.782904,-1,2731
104.002347,30.485289,-1,2732
103.60134,30.828772,-1,2733
103.973626,30.578801,-1,2734
103.98577,30.922221,-1,2735
104.359973,30.567348,-1,2736
104.183413,30.786469,-1,2737
104.161483,30.599358,235,2738
103.89612,30.666211,34,2739
103.872975,30.779151,123,2740
103.960675,30.93918,-1,2741
104.112358,31.185771,-1,2742
104.089788,30.740675,-1,2743
103.691271,30.641251,-1,2744
104.143487,30.465692,-1,2745
104.182685,30.557188,-1,2746
104.065032,30.447193,5,2747
103.61339,30.255896,-1,2748
104.125282,30.769681,173,2749
103.008603,29.836417,-1,2750
103.46277,30.749524,270,2751
104.165165,30.659074,62,2752
103.930436,30.741035,-1,2753
103.450092,30.375828,-1,2754
104.195648,31.677445,-1,2755
104.104581,30.448898,-1,2756
103.579237,29.763921,-1,2757
104.043655,30.446411,41,2758
104.312501,30.272949,-1,2759
104.071204,30.725276,69,2760
103.608821,30.907685,-1,2761
103.87453,30.417285,236,2762
104.504533,30.636704,-1,2763
104.225297,30.63865,-1,2764
104.020238,30.448372,-1,2765
104.054457,30.380291,-1,2766
103.810054,30.631302,7,2767
104.449519,30.4807,59,2768
104.383338,31.057679,-1,2769
103.648764,30.477236,-1,2770
104.364649,30.430471,-1,2771
103.642829,30.943391,190,2772
104.120071,30.772593,171,2773
104.005458,30.623843,-1,2774
103.871415,30.701976,47,2775
103.847216,30.773341,-1,2776
103.937896,30.618958,137,2777
104.109807,30.504071,-1,2778
103.947034,30.66766,-1,2779
103.864429,30.918362,-1,2780
104.277219,31.141893,-1,2781
103.668088,31.051149,-1,2782
104.147241,30.833866,-1,2783
104.413658,30.483127,-1,2784
104.255852,30.577902,-1,2785
104.008697,30.590745,156,2786
104.59532,31.767905,-1,2787
103.87892,30.606836,-1,2788
104.225638,30.525365,52,2789
103.976429,30.443386,-1,2790
104.077673,30.794682,121,2791
104.236109,30.646554,24,2792
103.920856,30.540985,-1,2793
103.896177,30.477322,-1,2794
103.940485,30.428096,-1,2795
104.175457,30.715388,153,2796
103.793506,29.781471,-1,2797
104.001966,30.587155,-1,2798
103.90126,30.834541,20,2799
104.043655,30.446411,41,2800
104.225931,30.671987,214,2801
103.923706,31.048329,-1,2802
104.681161,30.669965,-1,2803
104.185788,30.71891,134,2804
104.215461,30.820976,21,2805
104.469567,30.847725,6,2806
103.964238,31.010682,-1,2807
104.188083,30.793495,82,2808
104.185437,30.684367,8,2809
103.965729,30.637327,30,2810
103.426904,30.751145,-1,2811
104.392054,30.299115,144,2812
104.058327,30.784913,-1,2813
104.524014,30.429616,38,2814
103.708964,30.594209,-1,2815
104.056337,30.458291,138,2816
104.168966,30.741338,16,2817
103.890357,30.478777,-1,2818
104.160919,30.64333,179,2819
104.169165,30.532298,213,2820
104.32728,30.306767,136,2821
103.816257,30.633581,7,2822
103.544516,31.433905,-1,2823
103.75875,30.393464,-1,2824
104.102335,30.496929,-1,2825
103.862574,30.846034,-1,2826
103.662912,30.971064,197,2827
104.054552,30.456712,138,2828
103.981215,30.785208,43,2829
104.198203,30.659732,-1,2830
104.085682,30.749225,-1,2831
104.428662,31.149976,-1,2832
103.900363,30.682674,-1,2833
103.825818,30.799453,-1,2834
103.960127,30.165745,-1,2835
104.199001,30.510408,223,2836
103.795932,31.238993,-1,2837
104.415182,30.24372,-1,2838
104.21383,30.651519,3,2839
103.46036,30.746918,61,2840
104.530792,30.662731,36,2841
103.874983,30.027527,-1,2842
104.105569,30.718691,-1,2843
104.223809,30.566398,19,2844
103.751586,30.328421,-1,2845
104.06864,30.396614,-1,2846
103.661886,30.396568,-1,2847
104.067328,30.433219,-1,2848
103.783949,30.652189,-1,2849
104.202135,30.652541,-1,2850
103.654992,30.666787,-1,2851
104.604153,30.68542,98,2852
104.378182,30.313363,195,2853
104.991001,29.542725,128,2854
104.361963,30.603449,-1,2855
104.221236,30.638496,0,2856
104.167873,30.393777,-1,2857
104.292506,30.588926,256,2858
103.661846,30.397651,-1,2859
104.081498,30.696236,-1,2860
104.894023,30.464944,-1,2861
104.259737,30.613786,-1,2862
104.31363,30.30081,-1,2863
103.949056,30.515356,-1,2864
104.323441,30.645129,54,2865
103.818468,31.766555,-1,2866
104.36153,30.43483,-1,2867
103.792213,30.187114,115,2868
104.804141,30.152326,205,2869
103.838558,30.367257,-1,2870
103.862869,30.305961,-1,2871
103.482074,30.757828,-1,2872
104.196196,30.527598,-1,2873
104.087261,30.804185,-1,2874
104.230097,30.853428,-1,2875
103.540335,30.779865,-1,2876
104.219302,31.291105,-1,2877
103.509838,30.562249,-1,2878
103.505821,30.55898,150,2879
104.143053,30.581463,-1,2880
103.949144,30.515589,-1,2881
104.186888,30.544717,-1,2882
104.004284,30.521852,252,2883
104.357442,30.818762,-1,2884
104.176801,30.771163,-1,2885
103.498978,30.561756,-1,2886
103.997679,30.757471,-1,2887
103.902706,30.658371,160,2888
104.191896,30.660514,-1,2889
103.670269,30.653559,-1,2890
104.188631,30.731806,-1,2891
103.957909,30.656111,-1,2892
104.609884,31.298624,-1,2893
103.492116,30.753152,-1,2894
104.165505,30.658662,62,2895
104.08172,30.492159,-1,2896
103.924395,31.062979,-1,2897
103.972231,30.622583,146,2898
104.138466,30.610618,237,2899
103.670317,30.653443,-1,2900
103.896396,30.670233,-1,2901
104.19263,31.192037,-1,2902
103.923122,30.717274,80,2903
103.945692,30.485743,-1,2904
104.59468,30.117285,-1,2905
104.603811,30.68536,98,2906
103.818689,30.575165,-1,2907
104.486047,30.49228,-1,2908
103.960104,30.656263,-1,2909
103.913644,30.994296,-1,2910
104.096464,30.536689,-1,2911
103.705586,29.163886,-1,2912
104.168272,30.387391,-1,2913
104.156516,30.578247,-1,2914
104.169963,30.519188,-1,2915
104.046539,30.428246,67,2916
103.840387,30.678443,-1,2917
104.135536,30.604891,-1,2918
104.055726,30.457249,138,2919
104.390336,30.906622,-1,2920
103.796784,30.646707,158,2921
104.011965,30.668091,-1,2922
104.381005,30.844229,-1,2923
104.168916,30.741606,16,2924
103.970426,30.650321,114,2925
104.006672,30.592353,33,2926
104.175335,30.664496,2,2927
103.718373,30.399426,-1,2928
104.492202,30.328659,-1,2929
103.850915,30.820511,185,2930
104.575624,30.34538,-1,2931
104.237441,30.652933,29,2932
104.562555,30.369584,-1,2933
104.362497,30.532558,-1,2934
103.815553,30.967257,-1,2935
103.818342,30.300558,-1,2936
104.029803,30.662609,-1,2937
103.952492,30.795716,167,2938
104.420563,30.849265,-1,2939
104.107987,30.420709,88,2940
103.879078,30.463596,-1,2941
104.439947,30.466429,-1,2942
103.944994,30.469189,-1,2943
103.8167,30.56961,-1,2944
104.243436,30.651005,25,2945
104.276931,31.141693,-1,2946
104.445854,30.856387,-1,2947
104.081476,30.492936,-1,2948
103.95974,30.517528,28,2949
104.320995,30.285499,-1,2950
103.978023,30.200057,-1,2951
104.580144,30.729216,-1,2952
104.217813,30.573539,-1,2953
104.120752,30.292132,-1,2954
104.058926,30.436918,-1,2955
103.561376,30.74876,120,2956
104.114491,30.282635,-1,2957
104.0367,30.147992,129,2958
104.018114,30.485506,-1,2959
103.48755,31.249782,-1,2960
104.118399,30.596532,-1,2961
104.029294,31.326844,-1,2962
103.661261,31.007147,-1,2963
103.895738,30.841915,-1,2964
103.4391,30.361547,-1,2965
104.449018,30.858588,-1,2966
104.056678,30.546499,-1,2967
103.702017,30.852844,-1,2968
104.381438,30.356174,-1,2969
103.584896,30.388603,-1,2970
104.4746,30.34742,-1,2971
104.500767,30.487433,-1,2972
104.047669,30.569368,-1,2973
104.016227,30.559189,-1,2974
104.146038,30.886013,-1,2975
103.936619,30.783525,-1,2976
103.893835,30.466432,-1,2977
103.561075,30.748988,120,2978
104.174668,30.582682,-1,2979
104.177072,30.718824,17,2980
104.062199,30.443058,-1,2981
104.193301,30.529786,166,2982
103.765633,30.667823,-1,2983
103.576322,31.022493,-1,2984
104.120012,30.772795,171,2985
104.223626,30.647642,-1,2986
104.509857,29.494929,-1,2987
104.097089,30.759155,-1,2988
104.091454,30.576503,-1,2989
103.884749,30.400456,-1,2990
104.117512,30.605724,-1,2991
103.921442,30.686801,224,2992
104.109119,30.50653,85,2993
104.021147,30.670497,-1,2994
104.069432,30.543123,-1,2995
104.105985,30.620969,-1,2996
104.062419,30.680614,-1,2997
103.983692,30.572395,-1,2998
103.770638,30.398326,-1,2999
103.724972,30.331921,-1,3000
103.496013,30.548518,-1,3001
103.875132,30.830384,-1,3002
104.212719,30.571975,-1,3003
103.696395,30.624061,-1,3004
104.23387,30.987503,-1,3005
104.021641,31.378798,-1,3006
103.969535,30.366588,200,3007
103.808189,30.205674,-1,3008
104.188703,30.71777,-1,3009
103.926725,30.513273,-1,3010
103.650196,30.435934,-1,3011
104.225118,30.707506,-1,3012
103.945365,30.483626,-1,3013
103.888759,30.556896,4,3014
103.497412,30.568639,225,3015
104.326266,30.860331,126,3016
104.400787,30.310628,-1,3017
103.698369,30.865325,-1,3018
103.504399,30.573037,-1,3019
103.996745,30.684392,-1,3020
104.083394,30.720569,-1,3021
104.395184,30.339281,-1,3022
103.957225,30.647566,31,3023
103.89159,30.378328,-1,3024
104.260499,29.943885,-1,3025
103.742952,30.395479,-1,3026
104.114389,30.66763,-1,3027
103.967842,30.64859,155,3028
103.860254,31.065021,-1,3029
103.827631,30.947644,-1,3030
103.578963,30.276754,-1,3031
104.569176,30.707264,-1,3032
103.792611,30.351351,-1,3033
104.137107,30.691207,-1,3034
104.354056,30.435618,-1,3035
104.061097,30.436045,-1,3036
104.288265,30.689958,-1,3037
104.074352,30.839561,-1,3038
104.210925,30.526201,-1,3039
103.999447,30.750987,-1,3040
104.243157,30.650418,25,3041
104.14569,30.911206,-1,3042
103.917796,30.476608,-1,3043
104.043681,30.446818,41,3044
104.053434,30.467737,-1,3045
103.67812,31.029708,147,3046
104.326706,30.860256,126,3047
104.194539,30.542217,-1,3048
104.044599,30.206116,-1,3049
104.193581,30.529458,166,3050
104.178605,30.395873,-1,3051
104.655264,30.342089,-1,3052
104.521749,30.631655,-1,3053
103.895085,31.015358,-1,3054
104.047048,30.428702,67,3055
104.082238,30.534258,-1,3056
103.595067,30.250894,-1,3057
103.961013,30.629257,-1,3058
103.91359,30.784127,-1,3059
103.414351,30.770202,-1,3060
104.234838,30.645938,24,3061
103.725977,30.559437,-1,3062
103.84674,30.438116,-1,3063
104.306648,30.8458,-1,3064
104.181271,30.534538,-1,3065
104.187738,30.715532,-1,3066
104.297859,30.606677,-1,3067
104.204615,30.730885,89,3068
104.537042,29.759127,-1,3069
103.883602,30.665963,219,3070
103.833382,30.635516,-1,3071
103.713621,30.525964,238,3072
103.67686,30.906715,-1,3073
103.795517,30.49087,-1,3074
103.905382,30.810537,-1,3075
104.057501,30.368145,239,3076
103.912176,30.630878,9,3077
104.321435,31.01072,-1,3078
103.981828,30.4098,-1,3079
103.871871,30.461414,-1,3080
104.18206,30.718378,182,3081
103.474807,30.431699,240,3082
104.01724,30.845851,-1,3083
103.9369,30.323762,-1,3084
104.309648,30.756273,-1,3085
104.056278,30.635761,-1,3086
103.888975,30.499627,-1,3087
104.37584,30.951245,-1,3088
104.049464,30.476873,201,3089
103.901213,30.922051,-1,3090
104.389161,30.298501,-1,3091
104.095509,30.540882,18,3092
104.241536,30.554132,-1,3093
104.019884,30.506045,-1,3094
103.553304,30.221156,44,3095
103.888334,30.55667,4,3096
103.452141,30.474996,-1,3097
103.923958,30.937588,-1,3098
104.454207,30.489775,-1,3099
104.108921,30.506316,85,3100
104.401774,30.343532,-1,3101
102.436769,29.136551,-1,3102
104.477144,30.355159,56,3103
103.684432,31.023616,-1,3104
104.013122,30.843425,-1,3105
103.771788,30.345939,-1,3106
104.084941,30.683449,241,3107
104.610285,31.298508,-1,3108
103.537108,30.569552,-1,3109
104.151672,30.775826,84,3110
103.681491,30.84898,-1,3111
104.030522,30.668801,-1,3112
104.151608,30.775541,84,3113
103.959638,30.795998,242,3114
104.609804,31.298774,-1,3115
104.029127,30.521899,-1,3116
103.976502,30.767694,-1,3117
104.529328,30.643014,-1,3118
104.6497,29.515857,-1,3119
104.027534,30.481939,63,3120
103.456882,30.431227,-1,3121
103.899008,30.615963,-1,3122
104.123442,30.606096,-1,3123
103.641061,30.944011,-1,3124
103.954512,30.570558,-1,3125
104.662538,31.087391,-1,3126
103.854836,30.406928,-1,3127
104.336018,30.910126,-1,3128
104.504652,30.48834,-1,3129
103.718919,30.609739,243,3130
104.177104,30.718789,17,3131
104.182261,30.718371,182,3132
104.344823,30.814643,-1,3133
104.287303,30.697163,-1,3134
104.068914,30.454036,-1,3135
104.099645,30.46707,184,3136
104.318267,30.275411,-1,3137
103.51134,30.222999,-1,3138
104.569149,30.37184,-1,3139
104.158987,30.776099,-1,3140
104.042276,30.53771,-1,3141
103.797153,30.643643,176,3142
103.873246,30.62624,-1,3143
104.275458,30.64726,-1,3144
104.161608,30.601684,-1,3145
104.056623,30.85059,-1,3146
103.94433,30.438527,-1,3147
103.875371,30.717775,-1,3148
104.294721,29.659585,-1,3149
103.698389,30.86522,-1,3150
103.80051,30.611603,-1,3151
104.059185,30.482834,-1,3152
104.242877,30.65095,25,3153
103.53551,30.753442,-1,3154
104.234606,30.646021,24,3155
104.045988,30.427112,67,3156
104.316045,30.272223,-1,3157
104.121045,30.771289,-1,3158
103.083165,30.382267,-1,3159
104.522308,30.429757,38,3160
104.445125,30.473454,-1,3161
104.05051,30.663651,15,3162
103.816147,30.641616,-1,3163
104.161701,30.599629,235,3164
103.988281,30.627455,145,3165
103.701333,30.602583,78,3166
103.674893,30.945944,-1,3167
103.974073,30.408478,-1,3168
104.235646,30.64672,24,3169
104.509896,30.353011,94,3170
104.108083,30.420524,88,3171
104.202706,30.553822,-1,3172
103.598492,31.003459,-1,3173
104.046414,30.427547,67,3174
103.877011,30.678504,-1,3175
104.488822,30.46188,244,3176
104.111336,30.654347,-1,3177
104.067164,30.494101,-1,3178
103.911082,30.781402,-1,3179
104.350545,30.66386,-1,3180
104.126389,30.40481,-1,3181
104.33777,31.103735,-1,3182
104.449711,30.480682,59,3183
103.970659,30.649938,114,3184
104.018434,29.139098,70,3185
104.449773,30.283281,-1,3186
104.138008,30.711559,-1,3187
104.071099,30.471619,-1,3188
103.10183,30.075986,-1,3189
103.903322,31.089669,-1,3190
104.082069,30.486434,-1,3191
104.223716,30.675436,65,3192
103.831519,31.015463,-1,3193
104.185838,30.71857,134,3194
103.90456,30.397698,-1,3195
104.17557,30.715433,153,3196
104.186449,30.544735,-1,3197
103.79843,31.166968,-1,3198
104.210703,30.568283,-1,3199
103.532037,31.404227,99,3200
104.081768,30.490796,-1,3201
104.249689,30.537254,-1,3202
103.766003,30.578331,-1,3203
104.245403,30.553455,-1,3204
103.89239,30.478575,-1,3205
104.163769,30.718571,-1,3206
103.936849,30.614181,104,3207
104.225916,30.793321,101,3208
103.912668,30.824648,-1,3209
104.137977,30.607031,-1,3210
104.385907,30.487554,-1,3211
103.878259,30.607392,-1,3212
104.118769,30.281448,-1,3213
104.281206,30.721653,-1,3214
104.076084,30.776774,-1,3215
103.892955,30.447095,-1,3216
103.92987,30.657513,-1,3217
104.22498,30.793861,101,3218
104.662955,31.090894,-1,3219
103.846283,30.876149,-1,3220
104.804126,30.152417,205,3221
104.377836,30.57107,-1,3222
104.243002,30.645809,48,3223
104.31708,30.276391,-1,3224
104.068664,30.573556,-1,3225
103.92437,31.062964,-1,3226
104.198242,30.582071,75,3227
103.643639,31.451805,-1,3228
103.996848,31.140841,-1,3229
103.890148,30.431512,-1,3230
103.647816,30.95164,-1,3231
104.227704,30.780991,-1,3232
103.558891,30.769493,-1,3233
104.311901,30.846878,-1,3234
103.961252,30.644856,-1,3235
104.204992,30.688212,-1,3236
103.797343,30.643747,176,3237
103.680976,30.803586,-1,3238
103.681491,30.84898,-1,3239
104.106863,30.48932,-1,3240
104.332268,30.355695,-1,3241
104.49272,30.471575,-1,3242
104.175147,30.787944,245,3243
104.047011,30.451315,-1,3244
104.060407,30.45357,-1,3245
104.067696,30.431554,-1,3246
103.902921,30.634286,-1,3247
103.492513,31.4382,-1,3248
103.696841,30.582583,-1,3249
104.043071,30.583101,-1,3250
104.447708,30.8575,-1,3251
103.63135,30.64234,-1,3252
104.179028,30.783432,207,3253
104.109285,30.602627,-1,3254
103.967364,30.585893,246,3255
104.237131,30.653998,29,3256
104.161209,30.64356,179,3257
104.264237,29.941016,-1,3258
103.977142,30.461707,-1,3259
103.878858,30.198318,131,3260
103.916349,30.369615,172,3261
104.113638,30.579647,1,3262
104.326456,30.860145,126,3263
104.040708,30.582261,247,3264
104.12861,30.776378,-1,3265
104.065802,30.447035,5,3266
104.204791,30.730994,89,3267
103.92938,30.672185,-1,3268
103.959991,30.165661,-1,3269
104.680541,30.051203,-1,3270
103.692268,30.88424,-1,3271
103.837513,30.362729,-1,3272
103.937676,30.618889,137,3273
104.00763,30.55401,216,3274
104.762772,30.368221,-1,3275
103.94088,30.564656,-1,3276
103.554646,30.634643,-1,3277
103.997942,30.666871,-1,3278
102.702921,29.97221,-1,3279
103.856722,30.442234,-1,3280
104.019127,29.138972,70,3281
103.916257,30.678165,-1,3282
103.64761,30.951661,-1,3283
104.478203,30.489734,-1,3284
104.193915,30.529263,166,3285
104.007617,30.553953,216,3286
103.879262,30.491835,-1,3287
104.056941,30.427805,46,3288
103.815055,30.633316,7,3289
104.028583,30.551355,-1,3290
104.092895,30.52443,83,3291
104.539912,31.382851,-1,3292
104.084064,30.585518,-1,3293
104.538817,30.659205,-1,3294
104.070513,30.7257,69,3295
104.364649,30.430471,-1,3296
104.195617,30.6869,-1,3297
103.4292,30.412371,-1,3298
104.564107,30.387788,-1,3299
104.5668,30.387946,-1,3300
103.698878,30.585022,-1,3301
103.949739,30.672521,-1,3302
103.470721,30.219849,-1,3303
104.248644,30.761812,-1,3304
104.574535,30.113031,-1,3305
104.577345,30.721899,-1,3306
104.174753,30.787345,245,3307
103.734669,30.70079,-1,3308
103.74925,30.530365,-1,3309
104.1492,30.839433,-1,3310
103.937595,30.614137,104,3311
104.44209,30.59871,-1,3312
104.111834,30.752994,39,3313
104.262102,30.807881,-1,3314
104.225244,30.672271,214,3315
103.964371,30.63708,30,3316
104.125314,30.769369,173,3317
103.838798,30.31582,-1,3318
104.062705,30.177725,-1,3319
103.586913,30.388199,-1,3320
104.168707,30.741653,16,3321
104.40689,30.872651,-1,3322
104.314802,30.272621,-1,3323
103.974135,30.468714,-1,3324
103.95084,30.018275,-1,3325
104.391056,30.284171,192,3326
104.227128,30.783175,-1,3327
104.785653,29.796077,-1,3328
104.010418,30.51807,49,3329
103.060382,30.027617,-1,3330
104.055354,30.653242,139,3331
104.005623,30.482262,-1,3332
104.064327,30.492815,-1,3333
104.294512,30.393387,-1,3334
104.785597,29.795979,-1,3335
103.741301,30.694678,248,3336
104.386665,30.291503,-1,3337
104.152485,30.773146,-1,3338
103.838192,30.536325,-1,3339
103.790955,30.666973,-1,3340
104.221165,30.638867,0,3341
104.804436,30.152922,205,3342
103.62799,30.970659,-1,3343
104.259684,30.092945,-1,3344
104.552337,30.723704,-1,3345
104.720781,30.398141,-1,3346
103.911308,30.855147,-1,3347
104.501158,30.475504,161,3348
104.396882,30.31098,-1,3349
104.335258,30.644921,-1,3350
103.935877,30.905647,113,3351
104.39572,30.340546,-1,3352
104.094365,30.523318,-1,3353
103.961222,30.644946,-1,3354
103.474672,30.431715,240,3355
103.958076,30.662937,35,3356
103.489472,30.749408,-1,3357
104.794291,30.148901,-1,3358
104.225097,30.672186,214,3359
104.011461,30.48289,-1,3360
104.202792,30.725819,55,3361
104.554677,30.354531,202,3362
104.29622,30.389639,-1,3363
104.296367,30.272338,-1,3364
104.194494,30.689556,-1,3365
104.099232,30.712834,-1,3366
104.161079,30.60068,235,3367
104.858154,29.741161,-1,3368
104.07257,30.730972,-1,3369
104.663035,31.088309,-1,3370
103.891137,30.777742,-1,3371
104.552385,30.38172,-1,3372
104.072692,30.361807,-1,3373
104.269342,30.729291,-1,3374
104.009962,30.740113,-1,3375
104.168687,30.741129,16,3376
103.931084,31.082442,-1,3377
104.047826,30.541761,211,3378
103.655458,30.479038,-1,3379
103.643677,31.0166,-1,3380
103.378971,30.20991,-1,3381
104.069872,30.690283,-1,3382
103.597829,30.275086,-1,3383
104.11703,30.701419,-1,3384
104.178686,30.783034,207,3385
104.107911,30.464166,-1,3386
103.538087,30.747767,-1,3387
104.248938,30.772428,133,3388
103.794745,29.780519,-1,3389
103.897005,30.765409,-1,3390
104.223576,30.885186,-1,3391
103.68022,30.885843,-1,3392
103.498735,30.542365,-1,3393
104.383009,30.77214,-1,3394
103.966557,30.626061,-1,3395
104.191616,30.790356,-1,3396
103.929593,30.300683,-1,3397
103.58657,30.388364,-1,3398
104.098457,30.885103,217,3399
104.136954,30.527764,-1,3400
104.610557,31.298426,-1,3401
104.21619,30.699662,-1,3402
104.03489,30.223425,-1,3403
103.908359,30.543755,199,3404
104.494007,30.610445,-1,3405
103.701344,30.602591,78,3406
103.602831,30.902824,-1,3407
104.330035,30.751184,-1,3408
104.063992,30.633112,95,3409
104.03711,30.148366,129,3410
103.93121,30.634798,-1,3411
103.588555,30.773228,-1,3412
104.093204,30.856437,-1,3413
104.459178,31.104586,-1,3414
103.82407,30.585118,-1,3415
104.22382,30.794167,101,3416
104.123117,30.758575,-1,3417
104.052664,30.465385,130,3418
104.079165,30.608346,-1,3419
104.555324,30.352728,202,3420
104.243258,30.645969,48,3421
103.754121,31.015005,-1,3422
104.086456,30.760263,-1,3423
103.892887,30.514044,135,3424
104.141978,30.57844,-1,3425
104.08163,30.522339,-1,3426
104.489721,30.600864,-1,3427
104.490076,30.472945,-1,3428
104.115364,31.512534,-1,3429
104.555364,30.352794,202,3430
104.223801,30.566482,19,3431
104.202104,30.726006,55,3432
104.140828,30.826533,90,3433
104.042163,30.534794,-1,3434
104.183786,30.552804,-1,3435
104.237834,30.652837,29,3436
104.407021,30.777415,-1,3437
104.39513,30.896028,-1,3438
103.97568,30.619032,-1,3439
103.707074,30.582783,-1,3440
104.055102,30.763359,-1,3441
103.916552,30.369257,172,3442
103.764723,30.343586,-1,3443
104.158673,30.670534,-1,3444
104.007102,30.518101,-1,3445
104.237098,29.93883,-1,3446
103.792732,30.758467,-1,3447
103.408755,30.747932,-1,3448
104.254768,30.858973,228,3449
104.244136,30.200984,-1,3450
104.070004,30.768183,71,3451
104.051504,30.275932,-1,3452
104.086225,30.45656,-1,3453
103.790882,30.563816,-1,3454
103.979836,30.732479,-1,3455
104.225127,30.707658,-1,3456
104.189328,30.760418,-1,3457
103.977628,30.688743,91,3458
103.499438,30.187949,-1,3459
104.003666,30.521684,-1,3460
103.948654,30.673152,-1,3461
104.857872,29.7412,-1,3462
103.792213,30.187114,115,3463
104.60369,30.684692,98,3464
104.059701,30.443096,-1,3465
104.173083,30.484654,102,3466
104.793331,30.147377,-1,3467
104.404743,31.330366,-1,3468
104.301432,30.996362,-1,3469
103.936649,30.781284,-1,3470
104.221236,30.638496,0,3471
104.16261,30.556329,174,3472
102.996836,30.336897,-1,3473
104.07014,30.64675,-1,3474
104.226382,30.792823,101,3475
103.598441,30.985801,-1,3476
104.138676,30.610749,237,3477
103.616607,30.976093,-1,3478
104.005604,30.515194,-1,3479
104.053786,30.446729,249,3480
104.317418,30.302544,-1,3481
104.199011,30.510512,223,3482
103.974862,30.770594,-1,3483
103.98292,30.743065,-1,3484
104.051243,30.541091,57,3485
104.182275,30.700276,-1,3486
104.185366,30.551527,-1,3487
103.956997,30.723426,27,3488
104.231832,30.639717,-1,3489
104.177988,30.719169,17,3490
103.611177,30.861147,-1,3491
104.434094,30.394021,-1,3492
104.290948,30.695291,-1,3493
103.901924,30.834252,20,3494
104.027534,30.481939,63,3495
104.224944,30.794044,101,3496
103.67411,31.028884,-1,3497
104.054594,30.654155,139,3498
103.817458,30.958605,-1,3499
104.489757,30.493852,122,3500
104.593688,31.767904,-1,3501
104.124542,30.716123,-1,3502
104.2429,30.650104,25,3503
104.241249,30.958142,-1,3504
104.181287,30.515155,-1,3505
104.002733,30.12713,-1,3506
104.04497,30.610514,-1,3507
104.080075,30.513783,127,3508
104.116489,30.755141,-1,3509
104.237206,30.599893,-1,3510
103.540395,30.555732,-1,3511
104.093348,30.581445,64,3512
104.410276,30.758593,-1,3513
103.58109,30.741622,-1,3514
103.775383,30.371433,-1,3515
103.967836,30.812618,-1,3516
104.040168,30.225055,93,3517
104.05633,30.445859,-1,3518
104.138558,30.518955,-1,3519
104.052266,30.473592,-1,3520
104.438939,30.35578,-1,3521
104.323355,30.645139,54,3522
104.129723,30.684884,-1,3523
104.331383,30.29667,-1,3524
103.968974,30.99242,-1,3525
103.846238,30.286111,-1,3526
104.16687,30.636724,-1,3527
104.084779,30.72171,-1,3528
104.178166,30.525277,-1,3529
104.170121,30.639553,-1,3530
104.469913,30.866574,-1,3531
103.859208,30.827261,203,3532
104.063005,30.207787,-1,3533
104.54662,29.503998,222,3534
104.413194,30.34553,-1,3535
103.642829,30.943391,190,3536
104.003816,30.606416,-1,3537
104.052913,30.472646,-1,3538
104.130884,30.401685,-1,3539
103.884709,30.388486,-1,3540
104.203405,30.726051,55,3541
104.489358,30.493853,122,3542
104.120607,30.522111,-1,3543
103.790397,29.745853,-1,3544
104.221522,30.638782,0,3545
104.233424,31.0394,-1,3546
103.464802,30.452597,-1,3547
103.591135,30.7421,-1,3548
103.504836,30.725265,-1,3549
104.138665,30.716352,-1,3550
104.110863,30.510761,260,3551
104.05546,30.79575,-1,3552
103.818092,30.634215,7,3553
103.812427,30.571656,250,3554
104.31363,30.30081,-1,3555
103.924521,30.94996,157,3556
104.578818,30.685912,-1,3557
103.815955,30.633588,7,3558
103.937729,30.614024,104,3559
104.466137,30.343935,-1,3560
103.913573,30.634438,-1,3561
104.58696,30.734447,-1,3562
104.380576,30.879955,-1,3563
103.985894,31.052,-1,3564
103.824162,31.157066,-1,3565
103.956947,30.798802,-1,3566
104.799088,30.629109,-1,3567
104.066161,30.690983,-1,3568
104.178934,30.783049,207,3569
103.459569,30.746586,61,3570
103.57958,29.764287,-1,3571
104.087311,30.779462,-1,3572
103.03158,29.912589,-1,3573
103.922825,30.717092,80,3574
104.168921,30.741396,16,3575
103.969535,30.366588,200,3576
104.040812,30.658245,-1,3577
103.892907,30.447317,-1,3578
104.394461,30.350183,251,3579
104.094105,30.645435,-1,3580
104.014517,30.766606,-1,3581
103.914842,30.525583,-1,3582
103.988396,30.627712,145,3583
104.498844,30.490724,-1,3584
103.905374,30.744087,-1,3585
103.942898,30.52433,-1,3586
104.051763,30.757884,-1,3587
104.535212,30.654569,-1,3588
103.918196,30.684002,178,3589
103.693441,30.937533,-1,3590
103.974471,30.704765,-1,3591
104.00471,30.521357,252,3592
104.099859,30.438039,-1,3593
104.356024,30.99437,-1,3594
103.927349,30.513158,-1,3595
103.851132,30.43724,73,3596
104.183049,30.717355,182,3597
103.797627,30.643466,176,3598
103.844126,31.144025,-1,3599
103.782251,30.694779,-1,3600
104.272991,30.814595,-1,3601
104.046799,30.42788,67,3602
104.566784,30.387764,-1,3603
103.655134,30.612898,-1,3604
104.226137,30.793107,101,3605
104.378951,30.291578,254,3606
103.872761,30.779359,123,3607
103.812903,30.955185,-1,3608
103.945906,30.93403,-1,3609
104.051582,30.757819,-1,3610
103.847856,30.430724,-1,3611
103.908764,30.543292,199,3612
104.049549,30.476787,201,3613
104.663035,31.091026,-1,3614
104.211635,30.675357,-1,3615
103.899022,30.825893,-1,3616
104.141027,30.646137,-1,3617
104.046577,30.540259,-1,3618
103.697187,30.395928,-1,3619
104.145476,30.830433,-1,3620
103.974071,30.800301,-1,3621
104.130405,30.522639,-1,3622
104.046596,30.428288,67,3623
104.201145,30.733789,-1,3624
104.236425,29.937968,-1,3625
104.081183,30.508436,-1,3626
104.214405,30.803175,-1,3627
104.097241,30.759071,-1,3628
103.876433,30.500942,-1,3629
103.959449,30.155399,-1,3630
104.52937,31.863637,-1,3631
104.320812,30.327636,-1,3632
104.026316,30.474951,-1,3633
104.23459,30.646471,24,3634
104.509238,29.495408,-1,3635
103.465033,30.45728,-1,3636
104.47082,30.345605,-1,3637
103.953571,30.661225,230,3638
104.770888,30.859705,-1,3639
104.139642,30.643453,-1,3640
104.064517,30.329281,-1,3641
103.949715,30.662587,-1,3642
104.17728,30.718874,17,3643
103.736349,31.017422,-1,3644
104.24311,30.647832,-1,3645
103.908382,30.542561,199,3646
103.883145,30.665843,219,3647
103.81063,30.632093,7,3648
104.175633,30.727925,191,3649
104.149476,30.622573,163,3650
104.387197,30.320222,-1,3651
103.825739,30.451721,-1,3652
104.181218,30.619118,-1,3653
103.505882,30.559378,150,3654
104.224902,30.665293,-1,3655
104.328574,30.276927,-1,3656
103.916718,30.397418,-1,3657
103.915049,30.602117,-1,3658
103.638782,30.476545,-1,3659
103.587184,30.34819,-1,3660
104.16296,30.593408,261,3661
103.973694,30.625336,141,3662
103.996848,31.140841,-1,3663
104.031627,30.524975,-1,3664
104.012184,30.463994,253,3665
103.922904,30.686353,224,3666
104.498642,30.426787,10,3667
104.538695,31.859548,-1,3668
104.501967,30.471775,161,3669
103.884548,31.087651,-1,3670
104.355703,30.663514,-1,3671
104.326347,30.86046,126,3672
104.080645,30.513239,127,3673
103.67803,30.398362,-1,3674
104.164229,30.716663,-1,3675
104.105005,30.448898,-1,3676
104.055467,30.796079,-1,3677
104.183937,30.543785,-1,3678
104.973281,29.870486,50,3679
103.571599,31.464894,-1,3680
104.003009,30.59126,-1,3681
104.07269,30.36258,-1,3682
104.367816,30.435555,-1,3683
104.474337,30.347298,-1,3684
104.046977,30.747947,-1,3685
104.006813,30.524571,-1,3686
104.027378,30.250824,-1,3687
104.111536,30.73505,-1,3688
104.171007,30.485392,-1,3689
103.538758,30.54691,-1,3690
103.465694,30.43804,175,3691
104.214832,30.781282,-1,3692
103.805322,30.603643,-1,3693
104.582117,30.114176,-1,3694
104.157015,30.089573,-1,3695
104.081257,30.521258,-1,3696
104.203084,30.554595,-1,3697
103.9521,30.428322,79,3698
103.837674,30.357577,208,3699
104.061331,30.453479,-1,3700
103.920435,30.246237,-1,3701
104.37871,30.292278,254,3702
104.115984,30.585569,-1,3703
104.375856,30.951261,-1,3704
104.036327,30.234297,-1,3705
104.403758,30.311612,-1,3706
104.238024,30.652943,29,3707
103.807524,30.741885,-1,3708
103.53065,30.738524,-1,3709
103.816107,30.675142,-1,3710
103.970513,30.650227,114,3711
104.114936,30.482752,-1,3712
104.313432,30.600859,-1,3713
104.344695,30.739321,-1,3714
104.138786,30.412087,-1,3715
104.199477,30.831191,-1,3716
104.198203,30.659732,-1,3717
103.916252,30.369163,172,3718
104.119665,31.027274,-1,3719
103.720387,30.595049,-1,3720
104.160456,30.396517,-1,3721
104.062017,30.1814,-1,3722
104.392983,31.165915,-1,3723
103.553129,30.22096,44,3724
104.079374,30.818245,-1,3725
103.91343,30.39007,-1,3726
104.115321,30.885115,-1,3727
104.071139,30.725232,69,3728
104.046577,30.53957,-1,3729
103.701489,30.602502,78,3730
103.967421,30.585862,246,3731
104.050779,30.664667,15,3732
104.224699,30.804706,-1,3733
103.974974,30.543374,-1,3734
103.554358,30.607667,-1,3735
104.214513,30.583577,218,3736
104.066105,30.448346,5,3737
104.091787,30.362449,-1,3738
104.204622,30.703364,-1,3739
104.050166,30.488369,-1,3740
104.776187,30.887069,-1,3741
104.202614,31.188948,-1,3742
104.741362,30.648988,-1,3743
104.094499,30.485475,-1,3744
104.053948,30.457048,138,3745
103.27735,29.244777,-1,3746
104.498931,30.467667,-1,3747
103.987715,30.597479,-1,3748
104.056088,30.445779,-1,3749
102.226414,31.897155,-1,3750
103.916537,30.369215,172,3751
103.999442,30.605256,-1,3752
103.835047,30.34457,-1,3753
104.087196,30.779565,-1,3754
103.819113,30.797494,124,3755
103.977981,30.688991,91,3756
104.320392,30.615067,-1,3757
104.343441,30.688462,-1,3758
103.958366,30.648909,210,3759
104.002475,30.781062,-1,3760
104.05657,30.368041,239,3761
103.930182,30.744364,-1,3762
104.112463,30.753226,39,3763
104.042193,30.228127,-1,3764
104.177813,30.719093,17,3765
103.732352,30.394723,-1,3766
103.856089,30.786352,-1,3767
103.952325,30.428136,79,3768
103.829933,30.57366,-1,3769
103.958912,30.649719,210,3770
103.489787,30.184744,220,3771
104.301121,30.621681,-1,3772
103.875132,30.830384,-1,3773
104.211962,30.608932,-1,3774
104.017543,30.614894,-1,3775
104.394485,30.350011,251,3776
104.590583,30.133105,-1,3777
104.106629,30.768534,-1,3778
103.963881,30.541345,-1,3779
104.068773,30.471496,-1,3780
104.996701,31.536234,-1,3781
104.215727,31.150713,-1,3782
103.713892,30.527,238,3783
104.118879,30.757694,13,3784
104.230654,30.792102,-1,3785
103.713285,30.805558,-1,3786
103.939571,30.424251,-1,3787
103.895413,30.544364,-1,3788
104.253079,30.538924,-1,3789
104.186213,30.684769,8,3790
103.934679,30.548672,-1,3791
103.674281,30.905621,-1,3792
104.119402,31.058298,-1,3793
103.998771,30.576091,-1,3794
104.220789,30.639035,0,3795
104.124148,30.956482,-1,3796
104.061382,30.668977,-1,3797
104.391003,30.286815,264,3798
104.108019,30.420441,88,3799
104.3235,30.645176,54,3800
104.462386,31.234167,-1,3801
104.253728,30.773942,-1,3802
103.977569,30.447273,-1,3803
103.859194,30.827812,203,3804
104.046249,30.579652,-1,3805
103.912593,30.63096,9,3806
104.164735,30.658687,62,3807
104.056958,30.648745,-1,3808
104.178877,30.521186,-1,3809
104.012057,30.464175,253,3810
103.840387,30.678443,-1,3811
103.887581,30.586792,-1,3812
104.195553,31.677645,-1,3813
103.895591,30.380343,-1,3814
104.057109,30.384797,269,3815
104.107549,30.521885,-1,3816
103.49458,30.749226,-1,3817
103.861916,30.80443,111,3818
103.905209,30.676538,-1,3819
104.33616,30.910091,-1,3820
104.841358,29.743995,-1,3821
104.492227,30.328654,-1,3822
104.39076,30.285037,255,3823
104.41517,30.492663,-1,3824
103.452206,30.374306,12,3825
104.462386,31.234167,-1,3826
104.537042,29.759127,-1,3827
103.973782,30.471202,-1,3828
104.22091,30.835015,-1,3829
103.617256,30.976477,-1,3830
104.215493,30.821176,21,3831
104.315611,30.605215,-1,3832
104.037618,30.659343,162,3833
104.222098,30.908783,-1,3834
104.077518,30.380508,-1,3835
104.22636,30.792806,101,3836
103.638347,30.956167,-1,3837
103.891314,30.343444,-1,3838
104.247371,30.608861,-1,3839
104.23207,30.794366,-1,3840
103.974524,30.795943,-1,3841
104.109181,30.46405,-1,3842
104.001005,30.597124,-1,3843
104.371844,30.864156,81,3844
104.033599,30.447961,-1,3845
104.059281,30.482736,-1,3846
104.089096,30.674748,-1,3847
103.873212,30.779198,123,3848
104.55507,30.353044,202,3849
103.956263,30.02882,-1,3850
103.504317,30.573601,-1,3851
104.327597,30.306098,136,3852
104.210144,30.568182,-1,3853
103.981281,30.82822,-1,3854
104.260347,30.614076,-1,3855
104.349996,30.555409,-1,3856
104.027534,30.481939,63,3857
104.120975,30.502897,-1,3858
103.986913,30.920322,-1,3859
103.904316,30.537901,-1,3860
103.971008,30.469872,-1,3861
104.058043,30.728209,-1,3862
104.089486,30.568205,-1,3863
104.043655,30.446411,41,3864
104.185788,30.71928,134,3865
103.877553,30.573721,-1,3866
103.786151,30.428201,-1,3867
104.50099,30.4861,-1,3868
103.960587,30.798285,-1,3869
103.079026,30.074694,-1,3870
104.804175,30.152432,205,3871
104.203674,30.725996,55,3872
103.938116,30.754838,-1,3873
103.740059,30.73571,-1,3874
104.000853,30.762853,-1,3875
104.112837,30.75286,39,3876
104.105303,30.428504,-1,3877
104.359363,31.074708,-1,3878
104.008074,30.453395,-1,3879
102.205434,29.693956,-1,3880
104.574764,30.775793,-1,3881
103.669898,31.013794,-1,3882
104.193633,31.615785,-1,3883
103.458561,30.495738,-1,3884
104.559639,30.728059,-1,3885
104.09853,30.415174,-1,3886
103.903755,30.68384,-1,3887
102.805151,30.277835,-1,3888
103.874976,30.553698,-1,3889
103.648188,31.108682,-1,3890
104.186452,30.716051,14,3891
104.235446,30.646652,24,3892
104.092911,30.523576,83,3893
103.916833,30.684019,178,3894
104.064908,30.694839,-1,3895
104.166775,30.474963,-1,3896
103.552274,30.607801,-1,3897
103.939686,30.779879,-1,3898
104.125299,30.769372,173,3899
104.053345,30.44665,249,3900
103.976093,30.456137,-1,3901
104.114837,30.57948,1,3902
103.94605,30.472566,-1,3903
104.183049,30.717355,182,3904
103.796896,30.646585,158,3905
104.140739,30.827425,90,3906
104.735272,30.648735,-1,3907
103.411132,30.764988,-1,3908
103.999229,30.59535,-1,3909
104.112377,30.753197,39,3910
103.854804,30.406896,-1,3911
103.90411,30.683118,-1,3912
104.105419,30.587374,92,3913
104.509912,30.353011,94,3914
104.071382,30.725157,69,3915
104.323796,30.64507,54,3916
103.97883,30.469365,-1,3917
104.127303,30.709313,-1,3918
103.678385,31.029927,147,3919
104.973867,29.870704,50,3920
103.782135,30.441342,-1,3921
104.144446,30.903277,-1,3922
103.880261,30.604188,193,3923
103.818342,30.300558,-1,3924
104.271791,30.32695,-1,3925
104.16833,30.741692,16,3926
104.164383,30.658772,62,3927
103.512123,30.25403,-1,3928
103.811552,30.632278,7,3929
104.478259,30.48935,-1,3930
104.9691,30.289685,-1,3931
104.174528,30.480566,-1,3932
104.220711,30.63928,0,3933
104.185822,30.71946,134,3934
104.021126,29.139749,70,3935
103.675082,30.645653,-1,3936
104.804141,30.152094,205,3937
103.940273,30.999315,-1,3938
104.070567,30.766025,-1,3939
103.958343,30.689721,-1,3940
104.414549,30.6188,-1,3941
103.63946,30.969714,-1,3942
104.162363,31.461404,-1,3943
104.150286,30.444353,-1,3944
103.833265,30.811339,-1,3945
103.758864,31.189914,-1,3946
104.037007,30.147923,129,3947
104.52937,31.863637,-1,3948
104.020072,31.30592,-1,3949
104.130972,31.070449,-1,3950
103.939228,30.471005,-1,3951
104.220896,30.638615,0,3952
103.49835,31.43656,-1,3953
104.108147,30.420542,88,3954
104.490811,30.324399,-1,3955
103.84261,30.536283,-1,3956
103.505858,30.558942,150,3957
102.186758,29.558551,-1,3958
104.072162,30.351218,-1,3959
104.176801,30.771163,-1,3960
103.961684,30.933601,-1,3961
104.255768,30.471273,-1,3962
103.594012,30.272844,-1,3963
104.58608,30.734364,-1,3964
104.580097,30.86585,-1,3965
104.31812,30.917127,-1,3966
103.959176,30.649707,210,3967
103.837322,29.772308,-1,3968
104.90324,30.181302,-1,3969
104.159082,30.598699,-1,3970
103.502961,30.120203,-1,3971
104.870729,29.226487,86,3972
104.859609,29.801456,-1,3973
103.643786,30.927924,-1,3974
103.496287,30.548419,-1,3975
104.063671,30.537522,-1,3976
103.963325,30.932006,-1,3977
104.084384,30.750857,-1,3978
104.04962,30.653468,-1,3979
103.851646,30.719528,-1,3980
103.959991,30.165661,-1,3981
104.990536,29.543306,128,3982
103.977625,30.427518,-1,3983
103.084728,30.384168,-1,3984
104.349512,30.643189,-1,3985
103.856722,30.442234,-1,3986
104.112443,30.752995,39,3987
104.108401,30.544808,-1,3988
103.841903,30.537198,-1,3989
103.824205,30.4229,-1,3990
103.696722,30.39944,268,3991
104.04694,30.428109,67,3992
103.628793,30.388253,-1,3993
104.433926,30.394049,-1,3994
104.037007,30.147923,129,3995
103.452207,30.37464,12,3996
104.563204,30.387891,-1,3997
103.815788,30.633398,7,3998
104.114353,30.750231,-1,3999
104.23563,30.64657,24,4000
104.090479,30.79827,-1,4001
104.124677,30.650145,-1,4002
103.712798,30.389507,-1,4003
103.906792,30.677649,-1,4004
104.470381,30.497646,-1,4005
104.318414,30.86088,22,4006
103.914321,30.675571,125,4007
103.959923,30.654679,-1,4008
104.022865,30.523962,-1,4009
103.965434,30.636873,30,4010
104.071386,30.725199,69,4011
104.195584,30.685988,-1,4012
104.069818,30.768038,71,4013
103.917233,30.683527,178,4014
104.227627,30.86082,-1,4015
103.845186,30.012893,-1,4016
103.615995,30.303202,-1,4017
104.243173,30.645766,48,4018
103.637006,30.949615,-1,4019
103.886707,30.507882,-1,4020
104.390271,30.284283,255,4021
103.577663,30.851381,-1,4022
104.082504,30.45546,66,4023
103.887003,30.274796,-1,4024
103.880098,30.404231,119,4025
104.387594,30.29677,-1,4026
104.321027,30.285899,-1,4027
104.099388,30.753279,266,4028
103.661551,30.960853,77,4029
103.918196,30.684002,178,4030
104.023878,30.593254,-1,4031
104.18194,30.703888,-1,4032
104.059395,30.651102,215,4033
104.053626,30.654807,139,4034
104.01056,30.513304,206,4035
104.049361,30.718117,-1,4036
103.884857,30.479865,-1,4037
103.79843,31.166968,-1,4038
103.999048,30.66946,118,4039
103.468432,30.434488,-1,4040
103.965466,30.433977,-1,4041
104.107546,30.520244,-1,4042
104.235494,30.646636,24,4043
103.808788,31.171043,-1,4044
103.819134,30.907332,-1,4045
104.049625,30.47686,201,4046
103.777363,30.876148,-1,4047
104.389896,30.297888,-1,4048
103.984463,30.218959,-1,4049
103.334586,29.251219,-1,4050
104.136788,30.528124,-1,4051
104.293733,30.876229,-1,4052
103.96525,30.637005,30,4053
103.497213,30.567389,225,4054
104.266965,30.620705,-1,4055
103.905353,30.236995,-1,4056
103.69725,30.932637,-1,4057
104.071273,30.329619,-1,4058
103.824983,30.639085,-1,4059
103.784966,30.94186,-1,4060
104.063241,30.328765,-1,4061
104.037413,30.447091,-1,4062
103.684715,30.87896,-1,4063
103.702996,30.378075,-1,4064
103.691273,31.03687,-1,4065
103.929288,30.699354,149,4066
104.162667,30.678302,-1,4067
104.01115,30.614288,-1,4068
104.008697,30.590745,156,4069
103.918937,30.800738,-1,4070
104.554693,30.354263,202,4071
104.061435,30.647614,-1,4072
103.904981,30.662503,-1,4073
104.499179,30.467605,-1,4074
103.903185,30.631794,-1,4075
103.89582,30.398765,-1,4076
104.004653,30.521911,252,4077
104.099679,30.466874,184,4078
104.023944,30.560316,-1,4079
104.218249,30.585362,-1,4080
103.797113,29.641174,-1,4081
104.036509,30.712358,-1,4082
103.427918,30.750867,-1,4083
104.469014,30.848157,6,4084
103.914237,30.6753,125,4085
102.201954,29.683005,-1,4086
104.182228,30.717944,182,4087
103.945633,30.922155,-1,4088
104.215107,30.582699,218,4089
104.29162,30.59304,-1,4090
104.583863,30.34064,-1,4091
104.309127,30.865215,11,4092
104.226655,30.792581,101,4093
103.782371,29.788711,-1,4094
103.874237,30.486196,-1,4095
104.083662,30.387063,-1,4096
103.885352,30.665495,219,4097
104.05024,30.42017,-1,4098
104.39217,30.282906,192,4099
104.161811,30.599775,235,4100
104.192846,30.540394,-1,4101
104.192259,30.741069,-1,4102
103.531443,31.40538,99,4103
104.174707,30.727595,191,4104
104.205557,30.628329,-1,4105
103.77999,30.440502,-1,4106
103.626703,30.402577,-1,4107
103.940008,30.614291,106,4108
104.191814,30.790529,-1,4109
104.441366,30.391044,-1,4110
104.106393,30.463753,-1,4111
104.17799,30.725728,-1,4112
104.326594,30.85997,126,4113
104.175657,30.715398,153,4114
104.000446,30.520276,-1,4115
103.935564,30.905416,113,4116
103.642266,30.943294,190,4117
104.250879,30.87193,-1,4118
104.028623,31.14839,-1,4119
103.899279,30.687446,-1,4120
104.112497,30.512893,-1,4121
103.967984,30.937684,-1,4122
103.685434,31.012546,-1,4123
103.965095,30.466495,-1,4124
103.756423,30.363203,-1,4125
104.086234,30.456822,-1,4126
104.387397,30.307605,-1,4127
103.690821,30.402185,-1,4128
103.95547,30.650273,-1,4129
103.708964,30.391992,-1,4130
103.701681,30.602378,78,4131
103.824162,31.157066,-1,4132
104.345073,29.940998,-1,4133
104.440573,29.83014,-1,4134
104.072504,30.343123,-1,4135
104.044203,30.44693,41,4136
104.070567,30.766025,-1,4137
103.98187,30.452835,-1,4138
103.504892,30.725433,-1,4139
104.070748,30.727051,69,4140
104.187605,30.682786,-1,4141
104.082339,30.656245,-1,4142
103.464697,30.452784,-1,4143
104.072362,30.454107,-1,4144
104.133217,30.391215,-1,4145
103.873821,30.417359,236,4146
103.956857,30.723045,27,4147
104.250357,30.648816,-1,4148
104.205091,31.192263,-1,4149
104.886301,29.756982,-1,4150
104.077425,30.794778,121,4151
104.413522,30.483111,-1,4152
104.268884,30.64429,-1,4153
104.537162,30.660075,-1,4154
103.607145,30.826588,-1,4155
104.09397,30.581384,64,4156
104.081333,30.577971,-1,4157
103.661085,30.961218,77,4158
103.647422,30.951808,-1,4159
103.88532,30.665453,219,4160
104.557098,30.726062,-1,4161
104.397148,30.997108,-1,4162
103.502361,30.750549,-1,4163
104.451598,30.871369,-1,4164
103.674804,30.645089,-1,4165
104.050892,30.47614,201,4166
104.46457,30.471431,-1,4167
103.958477,30.656189,-1,4168
103.465581,30.43805,175,4169
104.327689,30.627215,-1,4170
104.011395,30.463545,253,4171
104.298002,30.395183,-1,4172
104.074973,30.729079,-1,4173
103.972114,30.991207,-1,4174
103.953578,30.662037,230,4175
104.226326,30.525382,52,4176
104.170656,30.485374,-1,4177
103.929519,30.545745,-1,4178
104.029428,30.450179,-1,4179
103.958201,30.662622,35,4180
103.742884,30.395524,-1,4181
104.353954,30.842785,-1,4182
104.214277,30.651645,3,4183
104.242811,30.650605,25,4184
103.700792,30.709074,-1,4185
103.908919,30.542307,199,4186
104.177764,30.724999,-1,4187
104.158841,30.598163,-1,4188
103.814603,30.633071,7,4189
103.74007,30.394166,-1,4190
104.10666,30.756284,-1,4191
103.505444,31.366218,-1,4192
103.966084,30.436608,110,4193
104.201094,30.825884,-1,4194
104.11162,30.647739,-1,4195
104.263254,29.942134,-1,4196
103.739631,31.00932,-1,4197
104.020763,29.139625,70,4198
104.176416,30.5457,-1,4199
103.793994,31.028083,-1,4200
104.0207,30.448534,-1,4201
104.03625,30.81168,-1,4202
103.838798,30.31582,-1,4203
103.968894,30.469355,-1,4204
103.991822,30.877714,-1,4205
104.021145,29.139423,70,4206
103.759756,30.598562,-1,4207
103.994639,30.711813,-1,4208
104.200934,30.649143,-1,4209
103.84224,30.31923,-1,4210
104.076239,30.685011,-1,4211
103.963134,30.464479,-1,4212
103.751586,30.328421,-1,4213
104.030792,30.650915,-1,4214
104.011332,30.483032,-1,4215
104.227634,30.860692,-1,4216
103.529868,31.410224,-1,4217
104.242291,30.795321,-1,4218
104.039553,30.225679,93,4219
103.977725,30.688368,91,4220
104.1402,30.392236,-1,4221
103.921156,30.702979,74,4222
104.081301,30.521448,-1,4223
103.904496,30.67652,-1,4224
103.889708,30.63379,-1,4225
104.002208,30.597592,-1,4226
103.708358,29.090349,-1,4227
103.498235,30.391012,-1,4228
104.255135,30.471571,-1,4229
104.085216,30.683339,241,4230
104.072457,30.223686,-1,4231
103.988164,30.212504,-1,4232
104.189604,30.532977,-1,4233
104.066523,30.329349,271,4234
103.936632,30.614087,104,4235
104.185702,30.718654,134,4236
104.057988,30.254147,-1,4237
104.196397,30.589563,-1,4238
104.190345,30.5141,-1,4239
104.176687,30.865945,-1,4240
104.555625,30.353424,202,4241
104.443689,30.845052,-1,4242
104.496409,30.503665,-1,4243
104.497871,30.450968,-1,4244
104.24494,30.645432,48,4245
104.008846,30.871226,-1,4246
103.995701,30.531398,-1,4247
104.360329,30.290805,-1,4248
103.958829,30.635263,-1,4249
104.37023,30.289035,-1,4250
103.875087,30.61176,-1,4251
104.174816,30.659729,-1,4252
103.272518,29.241215,-1,4253
104.027936,31.421394,-1,4254
104.278179,30.829901,-1,4255
104.583958,30.34057,-1,4256
104.180947,30.723507,-1,4257
103.654955,30.92702,72,4258
103.182636,30.010662,-1,4259
103.758545,31.196487,-1,4260
103.845151,30.80297,-1,4261
103.95084,30.018823,-1,4262
104.380363,30.842438,-1,4263
103.855286,30.473918,-1,4264
104.12051,30.773262,171,4265
103.999162,30.669584,118,4266
104.636296,29.519672,-1,4267
104.048224,30.653497,-1,4268
103.645687,30.95144,-1,4269
103.549471,30.211229,-1,4270
104.512843,30.420249,152,4271
104.990091,29.542271,128,4272
103.89264,31.020033,-1,4273
103.452205,30.374535,12,4274
103.870682,30.702154,47,4275
103.915654,30.678361,-1,4276
104.125226,30.769608,173,4277
104.019249,30.651728,-1,4278
104.175624,30.700188,-1,4279
104.291417,30.588308,256,4280
104.17782,29.978836,-1,4281
104.288186,30.69688,-1,4282
104.3117,30.298768,189,4283
104.398475,30.342031,-1,4284
104.012458,30.517927,49,4285
103.984404,30.700929,-1,4286
104.238024,30.652943,29,4287
103.971353,30.643117,-1,4288
103.782444,30.645397,-1,4289
104.546524,29.5039,222,4290
104.069923,30.768575,71,4291
102.868735,29.652265,-1,4292
103.71742,30.609237,243,4293
103.729587,31.018409,-1,4294
103.841983,30.811449,-1,4295
104.034844,30.447623,-1,4296
104.079289,30.51315,127,4297
103.983917,30.757965,-1,4298
103.700244,30.860904,-1,4299
104.007642,30.453338,-1,4300
104.006519,30.592503,33,4301
104.092923,30.487351,-1,4302
103.969746,30.982022,-1,4303
104.055759,30.763233,-1,4304
103.857336,30.809997,-1,4305
104.156897,30.632269,-1,4306
103.956904,30.031322,-1,4307
104.116135,30.75627,-1,4308
103.966622,30.813532,-1,4309
103.724742,30.578399,257,4310
103.668272,30.933259,-1,4311
104.522849,30.430003,38,4312
104.179958,30.685136,-1,4313
103.52793,30.377142,259,4314
103.774546,31.179434,-1,4315
103.866739,30.463068,-1,4316
104.186181,30.716236,14,4317
104.041198,30.593347,51,4318
103.931261,30.634208,-1,4319
104.388397,30.747228,-1,4320
103.965604,30.466946,-1,4321
104.072148,30.341676,-1,4322
104.387925,30.298038,-1,4323
104.1872,30.759932,-1,4324
104.161209,30.659805,-1,4325
103.828304,30.829251,-1,4326
104.105419,30.587374,92,4327
103.801256,30.396758,-1,4328
104.38964,30.906607,-1,4329
103.976846,30.624678,-1,4330
103.904807,30.567661,-1,4331
103.968666,30.469302,-1,4332
103.957617,30.57938,-1,4333
104.388002,30.746609,-1,4334
104.161521,30.599641,235,4335
104.278173,30.641627,-1,4336
104.221263,30.639507,0,4337
104.075492,30.74099,-1,4338
103.942267,30.279634,-1,4339
104.136673,30.52897,-1,4340
103.952274,30.936773,-1,4341
103.64024,30.466126,42,4342
103.656516,30.272169,-1,4343
103.921888,30.686318,224,4344
104.112441,30.752976,39,4345
104.413521,30.806279,-1,4346
103.828881,30.670563,-1,4347
103.856826,30.449549,227,4348
103.974524,30.795943,-1,4349
104.309134,30.865095,11,4350
104.280763,29.955979,-1,4351
104.10909,30.504135,-1,4352
103.479475,30.427735,-1,4353
104.497449,30.343447,-1,4354
104.578781,30.117845,-1,4355
104.180073,30.6194,-1,4356
104.050202,30.476753,201,4357
103.789367,30.34598,-1,4358
103.923561,30.890243,-1,4359
103.783427,30.643408,-1,4360
104.040447,30.672592,-1,4361
104.899413,30.168757,-1,4362
104.584821,30.355116,-1,4363
103.995201,30.47836,-1,4364
103.882332,30.665414,219,4365
103.504099,30.574463,-1,4366
103.900862,30.540151,-1,4367
104.130835,30.375531,-1,4368
103.401588,29.92149,-1,4369
103.953513,30.661102,230,4370
104.667116,30.071503,-1,4371
103.532328,31.404828,99,4372
103.548677,29.713045,-1,4373
104.040662,30.582038,247,4374
103.903955,30.772639,-1,4375
104.077745,30.794878,121,4376
103.941007,30.7284,-1,4377
104.057074,30.652063,-1,4378
103.640533,30.276291,-1,4379
104.973361,29.870753,50,4380
104.318668,30.27551,194,4381
103.916899,30.3887,-1,4382
104.107079,30.621413,-1,4383
104.096214,30.539935,18,4384
104.224747,30.63992,-1,4385
103.967396,30.585979,246,4386
104.139646,30.638075,-1,4387
104.077342,30.615935,-1,4388
103.9695,30.604651,-1,4389
103.957281,30.647358,31,4390
103.856129,30.785972,-1,4391
103.935764,30.905616,113,4392
103.85629,30.418662,-1,4393
103.839209,30.359586,-1,4394
103.876299,30.500658,-1,4395
103.771652,29.47194,-1,4396
103.385452,30.731587,-1,4397
104.472087,30.598187,-1,4398
104.101179,30.593343,-1,4399
104.087974,30.579585,-1,4400
103.994505,30.910107,-1,4401
104.01019,30.511432,206,4402
103.718916,30.916194,-1,4403
104.006824,31.144707,-1,4404
104.401432,31.061525,-1,4405
103.668695,30.932648,-1,4406
104.011455,30.518032,49,4407
103.902465,30.826499,-1,4408
103.803415,30.648298,-1,4409
103.887869,30.633477,-1,4410
103.963159,30.671782,-1,4411
103.336928,30.429173,-1,4412
103.975377,30.997936,-1,4413
103.813403,30.632808,7,4414
103.875746,30.728947,-1,4415
104.137491,30.369922,-1,4416
103.654851,30.927217,72,4417
103.935581,30.905758,113,4418
104.069728,30.694638,-1,4419
104.36772,30.435605,-1,4420
103.922495,30.79474,-1,4421
104.086349,30.456612,-1,4422
104.242811,30.650605,25,4423
104.167319,30.675094,-1,4424
103.843207,30.348556,-1,4425
103.628862,30.935174,-1,4426
104.539912,31.382851,-1,4427
104.198481,30.739458,-1,4428
104.280266,30.646331,-1,4429
104.035648,30.587902,-1,4430
104.078033,30.247991,-1,4431
104.225801,30.790648,-1,4432
104.31052,30.319225,-1,4433
103.6592,30.923226,-1,4434
103.703856,30.799061,-1,4435
103.969012,30.80221,-1,4436
104.226622,30.66328,-1,4437
104.115931,30.584374,165,4438
103.936521,30.613818,104,4439
103.853168,30.765239,-1,4440
104.750251,29.745309,-1,4441
103.517862,30.353796,-1,4442
104.387083,30.292985,-1,4443
103.978185,30.200611,-1,4444
103.552898,30.530423,-1,4445
103.46441,30.752244,-1,4446
104.09758,30.458801,-1,4447
102.940128,30.163299,-1,4448
103.729587,31.018409,-1,4449
103.5536,30.221371,44,4450
104.056403,30.660365,-1,4451
104.215542,30.649266,-1,4452
104.106949,30.394313,-1,4453
104.996773,30.246325,-1,4454
104.488991,30.493488,122,4455
103.530454,31.410528,-1,4456
104.044329,30.447196,41,4457
104.510638,30.353375,94,4458
104.556099,30.70934,-1,4459
104.49066,30.60218,-1,4460
103.936008,30.90522,113,4461
103.491302,30.184673,-1,4462
104.173725,30.572901,-1,4463
103.883454,30.532079,-1,4464
103.681247,30.612679,-1,4465
103.872259,30.239883,-1,4466
104.530857,30.66289,36,4467
104.185829,30.720609,134,4468
104.040423,30.673509,-1,4469
103.888935,30.499643,-1,4470
104.085299,30.68317,241,4471
103.67951,30.301233,-1,4472
103.92373,29.922535,-1,4473
104.508771,30.354515,94,4474
104.035222,30.298233,196,4475
103.258512,31.103839,-1,4476
103.6751,30.730138,-1,4477
103.709487,30.394226,-1,4478
103.986286,30.452807,-1,4479
103.427752,30.933483,-1,4480
104.01819,30.15476,-1,4481
103.837242,30.530082,-1,4482
103.916091,30.992505,-1,4483
104.073618,30.466969,-1,4484
103.937411,30.905289,-1,4485
103.932811,30.813526,-1,4486
104.243166,30.649927,25,4487
103.876299,30.500658,-1,4488
104.036531,30.296898,-1,4489
103.960235,30.51764,28,4490
103.957902,30.663018,35,4491
104.242907,30.650804,25,4492
104.027021,30.51494,-1,4493
104.185806,30.720027,134,4494
103.953539,30.661631,230,4495
103.627657,30.27806,-1,4496
104.605427,30.867798,-1,4497
104.391818,30.299091,144,4498
104.293387,30.900673,-1,4499
104.224553,30.793803,101,4500
103.995357,30.612813,60,4501
104.177648,30.71896,17,4502
104.097548,30.458816,-1,4503
104.243284,30.650818,25,4504
104.1546,31.116643,-1,4505
104.243228,30.651685,25,4506
104.020588,29.139397,70,4507
104.198633,30.582173,75,4508
104.536582,29.759386,-1,4509
103.867082,30.534973,107,4510
104.046675,30.574833,-1,4511
104.155271,30.580406,258,4512
103.936754,30.552734,-1,4513
103.76272,31.196734,-1,4514
103.967328,30.648373,155,4515
104.505052,30.505186,-1,4516
104.050202,30.476753,201,4517
104.183397,30.710597,32,4518
103.887311,30.52871,105,4519
104.583974,30.340672,-1,4520
104.168288,30.387907,-1,4521
103.654923,30.926162,72,4522
104.247164,30.643874,-1,4523
104.07401,30.444992,-1,4524
103.973908,30.625015,141,4525
104.08615,30.585954,-1,4526
104.140352,30.827489,90,4527
104.20142,30.678884,-1,4528
103.843403,31.138298,-1,4529
104.032987,30.447864,-1,4530
103.925572,30.514171,-1,4531
104.247124,30.284441,-1,4532
103.782822,30.693533,-1,4533
104.070987,30.725285,69,4534
103.969507,30.982006,-1,4535
103.999447,30.750987,-1,4536
104.324487,30.621198,-1,4537
103.966187,30.558173,-1,4538
104.053309,30.466025,130,4539
103.916986,30.684184,178,4540
103.671778,30.431372,-1,4541
103.729141,30.399722,-1,4542
103.838702,30.361694,143,4543
104.099309,30.75394,266,4544
103.945288,30.529015,-1,4545
104.267977,30.650049,-1,4546
104.027835,30.669104,-1,4547
104.179101,30.783549,207,4548
103.033569,29.904323,-1,4549
103.952975,31.011773,-1,4550
103.674915,30.902418,-1,4551
103.916252,30.368915,172,4552
104.020708,29.139263,70,4553
104.293817,30.976509,-1,4554
104.973096,29.870552,50,4555
103.562866,29.863216,-1,4556
104.223489,30.794307,101,4557
104.001681,30.791831,-1,4558
103.934522,30.71898,-1,4559
104.318306,29.711353,-1,4560
103.970675,30.65054,114,4561
103.874399,30.486154,-1,4562
103.702551,30.850549,-1,4563
103.561109,30.74873,120,4564
104.161494,30.599413,235,4565
104.107224,30.512556,-1,4566
103.442402,30.418769,-1,4567
104.185796,30.719111,134,4568
104.680523,30.051165,-1,4569
104.565552,30.371895,159,4570
104.269768,30.757089,-1,4571
104.882544,30.083166,-1,4572
103.946413,30.509687,-1,4573
104.149271,30.659519,-1,4574
103.972103,30.959714,-1,4575
104.105739,30.587374,92,4576
104.592571,30.392665,-1,4577
104.24904,30.727803,-1,4578
104.393315,30.293929,-1,4579
104.019988,30.448317,-1,4580
103.67805,31.029842,147,4581
103.936827,30.613406,104,4582
103.958288,30.663465,35,4583
104.38891,30.298489,-1,4584
104.022114,30.763692,-1,4585
104.065408,30.685721,-1,4586
103.281374,29.26851,-1,4587
104.037665,30.360629,-1,4588
103.49706,30.547265,226,4589
104.100093,30.506937,-1,4590
103.935275,30.905402,113,4591
104.591626,30.388039,-1,4592
103.94057,30.636551,-1,4593
103.965346,30.637015,30,4594
104.149077,30.8392,-1,4595
104.264213,30.994303,-1,4596
103.452304,30.466701,-1,4597
103.706851,30.582682,-1,4598
104.300059,30.389473,-1,4599
104.059836,30.48599,-1,4600
104.17719,30.718697,17,4601
103.987187,30.457552,-1,4602
104.294933,30.305973,-1,4603
103.975283,31.037394,-1,4604
104.209143,30.523818,169,4605
103.99368,30.764576,-1,4606
104.166776,30.659203,-1,4607
104.272974,30.81454,-1,4608
103.902522,30.658523,160,4609
104.224182,30.674875,65,4610
103.946845,30.942287,-1,4611
103.85884,30.464426,-1,4612
103.973773,31.032317,140,4613
103.608754,31.067217,-1,4614
104.195376,30.5955,-1,4615
103.956504,30.958018,-1,4616
104.109657,30.562382,-1,4617
103.724972,30.331921,-1,4618
104.23531,30.646036,24,4619
104.332268,30.355695,-1,4620
104.112065,30.752959,39,4621
103.969073,31.007922,-1,4622
104.096673,30.385887,-1,4623
103.617018,30.858593,-1,4624
104.132102,30.372395,-1,4625
103.50597,30.559428,150,4626
104.080611,30.563108,-1,4627
104.115364,31.512534,-1,4628
104.167072,30.705199,-1,4629
103.708503,30.391562,-1,4630
104.019705,29.139845,70,4631
104.028312,30.484541,-1,4632
104.152808,30.637089,-1,4633
104.062172,30.179317,-1,4634
104.243662,30.874116,-1,4635
104.094623,30.631167,-1,4636
104.415799,30.899645,-1,4637
104.165899,30.712419,109,4638
103.874152,30.485771,-1,4639
103.474839,30.431665,240,4640
103.5244,30.200037,-1,4641
103.910902,30.733646,267,4642
104.26363,29.943168,-1,4643
104.456637,30.869457,-1,4644
104.678556,30.056002,-1,4645
104.048828,30.785936,-1,4646
103.950872,30.019083,-1,4647
104.254128,30.858991,228,4648
104.017287,30.565731,-1,4649
104.503056,30.466755,-1,4650
104.55534,30.352478,202,4651
104.100208,30.521397,-1,4652
104.185437,30.684367,8,4653
104.189917,31.570775,-1,4654
104.035492,30.2983,196,4655
104.400367,31.167542,-1,4656
104.109169,30.602059,-1,4657
103.897256,30.49105,-1,4658
103.955806,31.007561,-1,4659
104.135186,30.569547,-1,4660
104.203541,30.726012,55,4661
103.964375,30.637313,30,4662
104.161494,30.599413,235,4663
104.109181,30.559749,-1,4664
104.469745,30.848948,6,4665
104.211133,30.800948,-1,4666
103.528317,30.377721,259,4667
104.38903,30.298421,-1,4668
104.087196,30.779565,-1,4669
103.546535,30.595653,-1,4670
103.681808,30.852611,-1,4671
104.308577,30.541032,-1,4672
104.063097,30.179814,-1,4673
103.726036,30.659617,-1,4674
104.198442,30.582071,75,4675
103.968565,30.469154,-1,4676
104.1392,30.714962,-1,4677
104.006672,30.592353,33,4678
103.919915,30.742378,-1,4679
104.243212,30.650985,25,4680
104.505654,30.501171,-1,4681
103.846618,30.400374,-1,4682
104.105053,30.448966,-1,4683
102.074439,31.486892,-1,4684
104.044272,30.444478,41,4685
104.357416,29.913727,-1,4686
104.054263,30.446619,249,4687
103.953414,30.660571,230,4688
104.050443,30.542034,57,4689
104.292272,30.588821,256,4690
103.566659,30.216848,-1,4691
103.845541,30.876127,-1,4692
103.639417,30.969706,-1,4693
104.370414,30.28942,-1,4694
104.320267,30.86075,22,4695
104.029719,30.197545,-1,4696
103.638322,30.936047,-1,4697
103.884201,30.665542,219,4698
104.166197,30.712268,109,4699
104.247446,29.016399,-1,4700
104.243176,30.650783,25,4701
103.60153,30.8288,-1,4702
104.886301,29.756982,-1,4703
103.520818,30.748991,-1,4704
103.886707,30.507882,-1,4705
104.489042,30.461962,244,4706
104.076313,30.684797,-1,4707
103.507233,31.435292,-1,4708
103.828964,30.93812,-1,4709
104.285882,30.696391,-1,4710
104.072237,30.356468,-1,4711
104.118439,30.757128,13,4712
103.906895,30.363109,-1,4713
104.237302,29.938808,-1,4714
104.298074,30.390292,-1,4715
103.79154,31.160762,-1,4716
104.546492,29.499032,-1,4717
104.21619,30.699662,-1,4718
104.072051,30.327642,-1,4719
104.368471,30.534234,-1,4720
104.04479,30.567908,-1,4721
104.058372,30.649425,-1,4722
104.109133,30.559257,-1,4723
103.462845,30.749515,270,4724
104.326427,30.86001,126,4725
104.177794,30.719043,17,4726
103.940289,30.426,-1,4727
104.221575,30.638542,0,4728
104.087044,30.639962,-1,4729
103.774753,30.411493,-1,4730
103.913203,30.97944,-1,4731
104.166346,30.688545,-1,4732
103.942529,30.279523,-1,4733
104.046342,30.564387,-1,4734
104.145646,30.543865,-1,4735
104.036266,30.499008,-1,4736
103.489532,30.393481,-1,4737
103.894727,30.379677,-1,4738
103.291082,30.314174,-1,4739
103.911907,30.542114,-1,4740
104.047474,30.426793,67,4741
104.066161,30.32944,271,4742
104.990541,29.542023,128,4743
104.268856,30.578084,151,4744
103.889138,30.3841,-1,4745
103.608842,30.826169,-1,4746
104.235122,30.646877,24,4747
103.968058,30.948542,-1,4748
104.086034,30.58067,-1,4749
103.663966,30.993757,-1,4750
103.912973,30.631074,9,4751
104.202671,30.725977,55,4752
104.185437,30.684367,8,4753
104.356908,30.550305,-1,4754
103.79276,30.461016,-1,4755
104.263596,30.667194,-1,4756
103.888361,30.556129,4,4757
104.007737,30.519397,-1,4758
103.678333,31.029527,147,4759
103.857561,30.449632,227,4760
104.081563,30.657143,-1,4761
104.604975,30.721239,-1,4762
104.025709,30.448399,-1,4763
104.157842,30.648243,-1,4764
103.988785,30.45456,-1,4765
104.07748,30.794814,121,4766
104.094313,30.778208,-1,4767
103.897101,30.662938,-1,4768
104.40141,30.342376,-1,4769
104.120945,30.501087,204,4770
104.165473,30.659021,62,4771
103.49467,29.975836,-1,4772
103.799909,30.824857,-1,4773
103.905504,30.810714,-1,4774
104.462719,31.057261,-1,4775
104.293342,30.385434,-1,4776
103.539636,30.777028,-1,4777
104.157877,30.692304,-1,4778
103.96973,30.982073,-1,4779
103.866837,30.312097,-1,4780
104.078177,30.581733,-1,4781
104.110988,30.510164,260,4782
104.871977,29.225894,-1,4783
104.386822,30.76108,-1,4784
103.258149,31.104048,-1,4785
103.78644,30.643636,-1,4786
103.129536,30.094218,-1,4787
104.245306,30.553587,-1,4788
103.488988,30.749991,-1,4789
103.898027,30.385494,-1,4790
103.829835,30.334475,-1,4791
102.649408,30.917628,-1,4792
104.064814,30.329477,271,4793
103.886719,30.528594,105,4794
103.437347,30.377375,-1,4795
104.014913,30.837881,-1,4796
103.916301,30.368963,172,4797
103.652964,30.920512,58,4798
104.072001,30.31012,-1,4799
102.704378,29.973239,-1,4800
103.937635,30.738708,-1,4801
104.066029,30.448168,5,4802
104.52274,30.429893,38,4803
103.976552,30.767659,-1,4804
104.302374,30.853814,-1,4805
104.335403,30.328881,-1,4806
103.861217,30.803908,111,4807
103.965871,30.540118,-1,4808
103.998476,30.893123,-1,4809
103.971901,30.78372,-1,4810
103.893034,30.513999,135,4811
104.227798,30.780874,-1,4812
103.960734,30.155782,-1,4813
104.040726,30.662729,-1,4814
104.492252,30.606433,-1,4815
104.037547,30.659617,162,4816
103.945141,30.528859,-1,4817
104.200934,30.649143,-1,4818
103.639096,30.719936,-1,4819
104.388039,30.839527,-1,4820
104.011299,30.517777,49,4821
103.958657,31.069336,-1,4822
104.114372,30.782831,-1,4823
104.131306,30.670726,-1,4824
103.512185,30.410667,-1,4825
104.10708,30.74074,-1,4826
103.877004,30.609103,-1,4827
103.825018,30.79831,-1,4828
103.923073,30.71665,80,4829
104.167305,30.475094,-1,4830
103.902715,30.662448,-1,4831
103.850945,30.820463,185,4832
104.242811,30.650605,25,4833
104.017198,30.553302,-1,4834
104.099667,30.46001,100,4835
104.051448,30.541339,57,4836
103.992887,30.663487,-1,4837
103.977721,30.688167,91,4838
104.169094,30.476224,-1,4839
104.762984,30.615857,-1,4840
103.638637,30.479327,-1,4841
103.795833,29.639542,-1,4842
104.09034,30.74059,-1,4843
104.095189,30.541664,18,4844
104.401909,30.998373,45,4845
104.138841,30.819182,-1,4846
103.936193,30.905545,113,4847
103.687678,30.616192,-1,4848
104.204902,30.730911,89,4849
103.661235,30.964085,-1,4850
103.878428,30.477966,-1,4851
104.247715,30.602891,-1,4852
104.401582,30.343316,-1,4853
104.167227,30.609916,-1,4854
104.172274,30.659278,209,4855
104.214396,30.6139,-1,4856
104.025647,30.731534,-1,4857
103.954886,30.492148,-1,4858
103.49246,31.350305,-1,4859
103.849235,30.540158,-1,4860
103.833736,30.635242,-1,4861
103.952365,30.427806,79,4862
103.958135,30.497454,-1,4863
104.115736,30.583918,165,4864
104.39312,30.739527,-1,4865
103.536142,30.742648,-1,4866
104.243267,30.651572,25,4867
103.887695,30.584951,-1,4868
103.93778,30.61899,137,4869
104.179327,30.52227,-1,4870
104.050892,30.47614,201,4871
103.834252,30.662016,-1,4872
104.054976,30.694924,-1,4873
104.492545,30.60727,-1,4874
103.997375,30.25147,-1,4875
104.495224,30.417802,232,4876
103.938866,30.615289,40,4877
104.197041,31.575629,-1,4878
104.059697,30.634921,-1,4879
104.206978,30.516553,-1,4880
104.020588,29.139397,70,4881
103.891548,30.633883,-1,4882
104.411498,30.330731,-1,4883
104.239094,30.83321,-1,4884
103.881628,30.707219,-1,4885
103.515862,30.578518,164,4886
103.659565,30.926207,-1,4887
104.22005,30.695488,-1,4888
103.871861,30.662019,-1,4889
103.974081,31.003458,-1,4890
104.578117,30.116577,-1,4891
104.069806,30.76874,71,4892
104.034815,30.52526,-1,4893
104.16301,30.593694,261,4894
103.876772,30.609346,-1,4895
103.971971,30.542766,262,4896
103.935468,30.905463,113,4897
104.114503,30.750359,-1,4898
103.68256,30.946993,-1,4899
104.446053,30.839279,-1,4900
104.016756,30.226474,-1,4901
103.852031,30.546271,-1,4902
103.689512,30.352758,-1,4903
104.083232,30.455205,66,4904
104.08465,30.455614,66,4905
103.777616,30.755583,-1,4906
104.268849,30.578673,151,4907
103.968962,30.466561,-1,4908
104.354125,30.84335,-1,4909
104.177758,30.719076,17,4910
103.270159,30.193192,-1,4911
103.96978,30.587228,-1,4912
104.327276,30.307381,136,4913
104.485808,30.491679,-1,4914
103.763465,30.667411,-1,4915
103.497428,30.568455,225,4916
103.634048,30.952706,-1,4917
104.341482,30.306774,-1,4918
104.235494,30.646888,24,4919
104.261444,29.001854,-1,4920
104.072651,30.292573,-1,4921
103.924413,30.950024,157,4922
103.540444,30.56013,-1,4923
104.013854,30.86687,-1,4924
103.911571,30.798965,-1,4925
103.929494,30.699592,149,4926
104.242492,30.650284,25,4927
104.068744,30.562154,-1,4928
104.146403,30.777279,-1,4929
104.359428,30.66205,-1,4930
104.162574,30.556461,174,4931
103.535805,30.750176,-1,4932
103.858068,31.065242,-1,4933
103.506862,30.744382,-1,4934
104.175164,30.727295,191,4935
104.588824,30.726742,-1,4936
104.224483,30.484368,-1,4937
103.872002,30.414888,-1,4938
103.961702,30.929797,-1,4939
104.005615,30.482026,-1,4940
104.477032,30.354392,56,4941
104.566871,30.893386,-1,4942
103.990853,30.739152,183,4943
104.03586,30.752098,-1,4944
104.07128,30.320882,-1,4945
104.178702,30.783034,207,4946
104.319101,30.276245,194,4947
104.186956,30.553663,263,4948
104.279041,30.485302,-1,4949
104.01831,29.139151,70,4950
104.072915,30.47149,-1,4951
104.519294,30.626068,-1,4952
103.899974,30.391277,-1,4953
104.105707,30.587422,92,4954
103.961204,30.787831,-1,4955
103.533627,30.760034,-1,4956
104.177104,30.718789,17,4957
103.890528,30.248384,-1,4958
104.870707,29.226596,86,4959
104.077842,30.794907,121,4960
104.267752,30.684555,-1,4961
103.916156,30.369129,172,4962
103.61449,30.964111,-1,4963
103.45244,30.374576,12,4964
104.18413,30.812022,-1,4965
104.574319,30.116683,-1,4966
104.212007,30.609529,-1,4967
103.52927,30.377481,259,4968
104.397545,30.823855,-1,4969
104.059742,30.538108,-1,4970
104.536533,29.759416,-1,4971
104.323271,30.644687,54,4972
104.148205,30.793114,-1,4973
104.011003,30.510719,206,4974
104.34776,30.643545,-1,4975
104.080989,30.243526,-1,4976
104.177009,30.721874,-1,4977
103.857453,30.920459,-1,4978
104.25352,30.774885,-1,4979
104.217961,30.801746,-1,4980
104.483901,30.329386,-1,4981
104.108318,30.505573,85,4982
104.361484,30.661398,234,4983
104.164383,30.658772,62,4984
103.881439,30.367787,-1,4985
103.845423,30.649172,-1,4986
103.994261,30.874305,-1,4987
104.221732,30.978906,-1,4988
104.153156,30.725695,-1,4989
104.319767,30.275546,194,4990
104.301842,30.270314,-1,4991
104.554133,30.352946,202,4992
104.1503,30.616386,37,4993
104.305666,30.874121,-1,4994
103.583721,30.376884,-1,4995
104.072022,30.389351,-1,4996
104.19935,31.580259,-1,4997
103.891346,30.599276,-1,4998
103.945485,30.439789,-1,4999
104.234838,30.645938,24,5000
103.686845,30.62933,-1,5001
103.940233,30.99911,-1,5002
104.310114,30.842655,-1,5003
103.691222,30.891802,-1,5004
103.661348,30.38746,-1,5005
104.311041,30.601035,-1,5006
103.579612,29.764153,-1,5007
104.125182,30.522536,-1,5008
103.905326,30.810372,-1,5009
103.67172,30.276648,-1,5010
104.164555,30.629105,-1,5011
104.168422,30.741472,16,5012
103.701525,30.602561,78,5013
104.050536,30.75012,-1,5014
103.87995,30.404443,119,5015
103.792128,30.448648,-1,5016
104.082691,30.720777,-1,5017
104.066029,30.44819,5,5018
103.972284,30.626005,-1,5019
103.704143,30.402324,-1,5020
103.878618,30.198408,131,5021
104.054883,30.458417,138,5022
104.390384,30.286571,264,5023
103.060646,30.027769,-1,5024
104.066893,30.487005,-1,5025
104.006935,30.519003,-1,5026
104.112328,30.512956,-1,5027
104.188213,30.793367,82,5028
104.112597,30.385839,-1,5029
104.401357,30.997571,45,5030
103.956579,30.797616,-1,5031
104.13846,30.610766,237,5032
104.114752,30.452954,-1,5033
103.956913,30.828295,-1,5034
103.54944,30.211247,-1,5035
103.661256,31.03455,-1,5036
104.311473,30.27222,-1,5037
104.784103,30.835619,-1,5038
103.93592,30.914729,-1,5039
103.601254,30.875486,-1,5040
103.995048,30.612507,60,5041
104.143597,30.697723,-1,5042
104.100503,30.521084,-1,5043
104.003509,30.604076,-1,5044
103.797343,30.643747,176,5045
104.264053,29.940949,-1,5046
104.164584,30.669765,-1,5047
103.857453,30.920459,-1,5048
104.074543,30.646396,-1,5049
103.548515,29.841442,-1,5050
104.064833,30.329481,271,5051
103.887777,30.745087,-1,5052
104.972951,29.870735,50,5053
103.886727,30.275238,-1,5054
104.068645,30.578967,-1,5055
103.887257,30.529021,105,5056
104.401781,30.491131,-1,5057
104.050765,30.665106,15,5058
103.259147,31.102348,-1,5059
104.003467,30.734901,-1,5060
104.109613,30.457295,-1,5061
103.953482,30.501103,-1,5062
103.902642,30.658377,160,5063
103.349538,30.416838,-1,5064
104.13459,30.667868,-1,5065
104.168707,30.741679,16,5066
104.245695,30.707444,-1,5067
103.914113,30.63085,9,5068
104.053048,30.446697,249,5069
104.187502,30.793537,82,5070
104.349996,30.555409,-1,5071
104.187882,30.715699,-1,5072
104.012255,30.8313,-1,5073
104.361132,30.661371,234,5074
104.742794,31.573015,-1,5075
103.493815,30.428915,-1,5076
104.243035,30.645854,48,5077
104.266493,30.619673,-1,5078
103.810794,30.630604,7,5079
103.510074,30.742116,-1,5080
104.093295,30.586549,-1,5081
104.100917,30.523443,-1,5082
104.432572,30.33378,-1,5083
104.351741,30.662973,-1,5084
104.236478,30.646422,24,5085
104.083749,30.45553,66,5086
104.464754,30.471846,-1,5087
104.093204,30.856437,-1,5088
104.297126,30.386638,-1,5089
104.432503,30.394083,-1,5090
104.53875,31.860616,-1,5091
103.965266,30.637023,30,5092
104.560925,30.721537,-1,5093
104.5219,30.42969,38,5094
104.054999,30.653598,139,5095
103.975073,30.402691,-1,5096
103.479411,30.427835,-1,5097
104.190804,30.436471,-1,5098
104.070992,30.72529,69,5099
104.278908,30.727372,-1,5100
103.974019,30.800177,-1,5101
104.483382,30.336946,-1,5102
104.227059,30.655669,-1,5103
104.100007,30.652341,265,5104
103.988739,30.627954,145,5105
104.116686,30.68423,-1,5106
104.415142,30.24372,-1,5107
103.983226,30.600004,-1,5108
104.329267,30.345206,-1,5109
104.445766,30.839734,-1,5110
104.085049,30.683439,241,5111
104.143249,30.759842,-1,5112
104.039432,30.225952,93,5113
104.051841,30.541839,57,5114
103.751427,30.348091,-1,5115
104.09393,30.581511,64,5116
104.0929,30.524458,83,5117
103.786321,30.674796,-1,5118
104.321795,31.117076,-1,5119
104.099333,30.753728,266,5120
104.037131,30.729563,-1,5121
103.532323,31.404829,99,5122
103.914204,30.675707,125,5123
104.029982,30.246942,-1,5124
103.650117,31.444598,-1,5125
104.51234,30.42115,152,5126
104.488974,30.461478,244,5127
103.717407,30.60921,243,5128
104.183628,30.717226,182,5129
104.32326,30.644808,54,5130
104.020349,29.13949,70,5131
104.525117,30.64732,-1,5132
103.813691,31.655578,-1,5133
104.216505,30.581228,-1,5134
104.1347,30.805968,132,5135
103.632419,30.735118,-1,5136
103.661334,30.961135,77,5137
104.131161,30.520196,-1,5138
104.586518,30.132733,-1,5139
104.521772,30.429825,38,5140
104.053845,30.771924,-1,5141
104.077696,30.23924,-1,5142
103.677666,30.338674,117,5143
103.915284,30.80617,-1,5144
104.16387,30.720457,-1,5145
104.077445,30.797389,-1,5146
103.901761,30.834419,20,5147
104.908007,30.159221,-1,5148
104.138353,30.36967,-1,5149
104.040761,30.663376,-1,5150
104.065855,30.824069,-1,5151
104.108188,30.544992,-1,5152
103.991822,30.877714,-1,5153
104.019994,29.139561,70,5154
104.667209,30.070363,-1,5155
104.500288,30.481035,-1,5156
103.655968,30.606479,-1,5157
104.255456,30.859538,228,5158
104.186143,30.75667,-1,5159
104.144101,30.533879,-1,5160
103.890144,30.457049,-1,5161
104.286725,30.829928,-1,5162
104.566938,30.783125,-1,5163
104.071865,30.281453,-1,5164
103.997731,30.252828,97,5165
104.320152,30.276997,194,5166
104.049139,30.541063,211,5167
103.983853,30.219136,-1,5168
103.613025,30.735148,-1,5169
103.67133,30.904123,-1,5170
104.320995,30.285499,-1,5171
104.318684,30.275362,194,5172
103.866853,30.311847,-1,5173
103.909584,30.734013,-1,5174
104.165446,30.577978,-1,5175
103.978904,30.49829,-1,5176
104.014681,30.570644,-1,5177
104.188994,30.738535,-1,5178
104.026353,30.662462,-1,5179
104.229378,30.788821,-1,5180
104.342569,30.917273,-1,5181
103.554398,30.607569,-1,5182
104.39513,30.896028,-1,5183
103.561304,30.748734,120,5184
104.200731,30.679586,-1,5185
103.913627,30.631004,9,5186
104.47383,30.486063,-1,5187
103.736349,31.017422,-1,5188
104.363015,31.067832,-1,5189
104.066916,30.444351,-1,5190
103.888351,30.499162,-1,5191
104.175335,30.664364,2,5192
103.722085,31.02216,-1,5193
104.164142,30.781378,-1,5194
104.217509,30.725303,-1,5195
104.152925,30.78197,-1,5196
104.395864,30.756211,-1,5197
104.274579,30.936244,-1,5198
103.922942,30.686405,224,5199
103.85542,30.630663,-1,5200
104.17452,30.522596,-1,5201
103.984667,30.65719,-1,5202
103.654563,30.925766,72,5203
103.875392,30.574465,-1,5204
103.760206,30.665227,-1,5205
103.471189,31.278273,-1,5206
103.774197,30.438224,-1,5207
104.116738,30.462446,-1,5208
104.040788,30.582311,247,5209
104.476298,30.355927,56,5210
104.735272,30.648735,-1,5211
104.1756,30.715283,153,5212
104.354707,30.735742,-1,5213
104.072561,31.305289,-1,5214
104.533627,29.759856,-1,5215
103.837139,29.975603,-1,5216
104.18755,30.554211,263,5217
103.902706,30.658385,160,5218
104.126855,30.373603,-1,5219
103.724573,30.369044,-1,5220
104.313469,30.945707,-1,5221
104.136302,30.658653,-1,5222
104.119412,30.786191,-1,5223
104.058414,30.368028,239,5224
103.8987,30.475001,-1,5225
104.196402,30.69644,-1,5226
104.593735,30.117685,-1,5227
103.899853,30.542086,-1,5228
103.969146,30.366564,200,5229
103.967614,30.736587,-1,5230
103.955653,29.163072,-1,5231
104.400859,31.064623,-1,5232
104.099655,30.467085,184,5233
104.006042,30.87562,-1,5234
104.157149,31.618286,-1,5235
104.099344,30.524221,-1,5236
104.223809,30.566332,19,5237
103.696964,30.582498,-1,5238
103.968974,30.99242,-1,5239
103.913018,30.405164,-1,5240
104.039481,30.51155,-1,5241
104.317441,30.302689,-1,5242
104.131313,30.525542,-1,5243
104.000189,30.52035,-1,5244
104.661704,30.078936,-1,5245
103.536818,30.569816,-1,5246
104.221683,30.625594,-1,5247
104.871513,29.754748,-1,5248
103.877738,30.35774,-1,5249
103.565514,30.352229,-1,5250
103.607833,31.066074,-1,5251
104.113122,30.411979,-1,5252
103.959862,30.159894,-1,5253
104.126801,30.599372,-1,5254
104.188345,30.717531,-1,5255
104.323745,30.645154,54,5256
103.410371,30.375575,-1,5257
104.037588,30.659394,162,5258
103.936345,30.613919,104,5259
103.861568,30.804265,111,5260
103.935288,30.905614,113,5261
104.136837,30.404863,-1,5262
104.072055,30.284008,-1,5263
104.08798,30.74922,-1,5264
104.689738,30.325977,-1,5265
103.93847,30.616521,40,5266
103.661758,30.919919,-1,5267
104.031569,30.482998,-1,5268
103.526934,30.562114,-1,5269
104.142213,30.407907,-1,5270
104.069927,30.768833,71,5271
104.662955,31.09121,-1,5272
104.235837,30.646354,24,5273
104.35534,30.821797,-1,5274
103.676599,30.899682,-1,5275
103.922111,30.287874,-1,5276
104.315194,30.276464,-1,5277
103.998862,30.466715,198,5278
104.085441,30.72733,-1,5279
103.47472,30.431481,240,5280
103.646946,30.934551,-1,5281
104.176546,30.727552,191,5282
104.231326,30.792463,-1,5283
103.937491,30.614954,104,5284
104.243894,30.650478,25,5285
104.222691,30.590592,-1,5286
104.14262,30.569968,-1,5287
103.457516,30.478721,-1,5288
103.949238,30.662466,-1,5289
104.087369,30.467678,-1,5290
104.195003,30.735622,-1,5291
103.936401,30.613772,104,5292
104.028131,30.574793,-1,5293
103.98168,30.785362,43,5294
104.085537,30.789478,-1,5295
104.337472,30.910313,-1,5296
104.050828,30.478319,-1,5297
104.053108,30.444542,-1,5298
104.169045,30.531957,213,5299
104.353798,30.667801,-1,5300
103.589606,29.718876,-1,5301
103.966774,30.435775,110,5302
103.957214,30.495081,-1,5303
103.669732,31.014308,-1,5304
104.075373,30.238804,-1,5305
104.000853,30.762853,-1,5306
103.935557,30.90572,113,5307
104.326624,30.860384,126,5308
104.117539,30.537886,-1,5309
104.199268,30.671945,-1,5310
104.493545,30.609637,-1,5311
103.698543,30.401164,-1,5312
104.335321,30.645099,-1,5313
103.926253,30.942004,-1,5314
104.187617,30.554194,263,5315
104.12185,30.53965,-1,5316
103.959774,30.942759,-1,5317
104.057216,30.367879,239,5318
104.499237,30.467647,-1,5319
104.203758,30.725987,55,5320
104.243158,30.650104,25,5321
104.071091,30.725226,69,5322
103.579692,30.523725,-1,5323
104.242508,30.650453,25,5324
103.96943,30.366541,200,5325
103.989846,30.751643,-1,5326
103.782426,29.636124,-1,5327
104.134714,30.805971,132,5328
104.178934,30.783049,207,5329
104.386417,30.767118,-1,5330
104.170525,31.625494,-1,5331
103.861904,30.796794,-1,5332
103.559762,30.548987,148,5333
103.991022,30.739061,183,5334
104.320812,30.327636,-1,5335
104.327276,30.307381,136,5336
103.772807,30.344347,-1,5337
103.811195,30.874983,-1,5338
104.036307,30.234338,-1,5339
104.066657,30.428805,-1,5340
103.811119,30.439027,-1,5341
104.118626,30.469246,-1,5342
104.193419,30.529129,166,5343
104.163856,30.594007,261,5344
104.195751,30.592531,-1,5345
103.886585,30.528372,105,5346
104.359982,30.659312,-1,5347
103.474656,30.431443,240,5348
103.532248,31.404469,99,5349
104.065248,30.179287,142,5350
104.055759,30.763233,-1,5351
103.966158,30.943345,-1,5352
103.720266,30.564735,-1,5353
103.948241,30.71695,-1,5354
104.564585,30.37078,159,5355
104.010579,30.517255,49,5356
103.952306,30.936811,-1,5357
104.097643,30.435673,-1,5358
103.693367,30.305777,-1,5359
104.504688,30.488556,-1,5360
104.183146,30.710803,32,5361
103.834968,30.575078,-1,5362
104.329676,30.853879,-1,5363
103.887441,30.528705,105,5364
103.459769,30.746736,61,5365
104.489159,30.494062,122,5366
103.91691,30.524342,-1,5367
104.653279,31.132883,-1,5368
104.044068,30.218081,-1,5369
104.020675,30.586365,-1,5370
103.558578,30.752404,-1,5371
103.985486,30.668596,-1,5372
103.934925,30.672782,-1,5373
104.156119,30.510798,-1,5374
103.967777,30.429508,-1,5375
104.134482,30.662693,-1,5376
104.162796,30.65641,-1,5377
103.905603,30.065076,-1,5378
103.962965,30.93255,-1,5379
104.161701,30.599629,235,5380
103.880078,30.404372,119,5381
104.119773,30.724745,-1,5382
103.678465,30.877313,-1,5383
104.219506,30.697963,-1,5384
104.164292,30.658616,62,5385
103.883035,30.719776,-1,5386
104.546524,29.5039,222,5387
103.701729,30.602413,78,5388
104.231207,30.79271,-1,5389
103.883701,30.665965,219,5390
103.901055,30.691334,-1,5391
104.040176,30.707183,-1,5392
103.760784,30.635869,-1,5393
103.465942,30.438244,175,5394
104.037552,30.350874,-1,5395
103.815395,30.664549,-1,5396
103.904359,30.370025,-1,5397
104.254774,30.859241,228,5398
104.179854,30.590677,-1,5399
104.643339,29.784464,-1,5400
104.162189,30.685553,-1,5401
103.533162,30.765153,-1,5402
104.290943,30.588274,256,5403
103.936473,30.61402,104,5404
103.934881,30.671888,-1,5405
104.311684,30.299,189,5406
104.124202,30.683562,-1,5407
104.050973,30.664566,15,5408
103.768541,30.427101,-1,5409
104.433108,30.601486,-1,5410
104.041018,30.593503,51,5411
104.90186,29.763594,-1,5412
104.534373,30.423889,-1,5413
104.063099,30.442896,-1,5414
103.974769,30.470721,-1,5415
103.972389,30.801001,-1,5416
104.495224,30.417802,232,5417
104.43271,30.459982,-1,5418
103.952291,30.428081,79,5419
103.809748,30.630544,7,5420
104.222828,30.834885,-1,5421
103.876787,30.174173,-1,5422
103.816802,30.908432,-1,5423
104.624712,30.074615,-1,5424
104.165321,30.807642,-1,5425
103.966487,30.813562,-1,5426
104.198694,30.679029,-1,5427
104.240088,30.901349,-1,5428
104.200495,30.422839,-1,5429
103.896157,30.665916,34,5430
104.165346,30.807845,-1,5431
104.056133,30.847856,181,5432
103.954905,30.544124,-1,5433
103.940666,30.614158,106,5434
104.106133,30.464035,-1,5435
104.605443,30.867998,-1,5436
103.966815,30.438278,-1,5437
104.175153,30.715354,153,5438
104.243167,30.645722,48,5439
104.082193,30.643762,-1,5440
104.083601,30.68233,-1,5441
104.830293,29.668536,-1,5442
103.733078,30.330214,-1,5443
104.304448,30.245067,-1,5444
104.395999,30.756203,-1,5445
104.990563,29.52792,-1,5446
103.615608,30.95516,-1,5447
104.054163,30.446538,249,5448
103.857834,30.680408,-1,5449
103.884229,30.605937,-1,5450
103.929475,30.941228,-1,5451
104.50842,30.354584,94,5452
104.121899,30.539776,-1,5453
103.977419,30.688501,91,5454
104.036266,30.489303,-1,5455
104.198961,30.592842,-1,5456
104.251016,30.283351,-1,5457
103.922475,30.867316,-1,5458
103.908903,30.543053,199,5459
104.090242,30.5595,-1,5460
104.123632,30.373502,-1,5461
104.50395,30.481672,-1,5462
104.729139,30.638191,-1,5463
104.309191,30.865065,11,5464
104.244565,30.645476,48,5465
104.318527,30.861246,22,5466
104.177732,29.978937,-1,5467
104.029923,30.246965,-1,5468
103.627541,30.970392,-1,5469
103.895244,30.398053,-1,5470
104.011367,30.517798,49,5471
103.95457,30.797723,-1,5472
104.361506,30.434946,-1,5473
104.439024,30.355734,-1,5474
103.881298,30.480369,-1,5475
103.924349,30.949644,157,5476
103.674458,30.905778,-1,5477
104.007706,30.554359,216,5478
104.223947,30.56657,19,5479
104.147597,30.520231,-1,5480
104.49733,30.343198,-1,5481
103.496287,30.548419,-1,5482
104.048321,30.485347,-1,5483
104.028981,30.533688,-1,5484
104.973361,29.870753,50,5485
104.115265,30.418889,-1,5486
104.278996,29.937109,-1,5487
103.974248,30.618581,-1,5488
104.410918,30.344785,-1,5489
104.317144,30.271975,-1,5490
104.282707,30.651721,-1,5491
104.132952,30.899692,-1,5492
104.108141,30.545238,-1,5493
103.98426,30.82955,-1,5494
103.706332,30.894232,-1,5495
104.05171,30.541771,57,5496
104.162426,30.556978,174,5497
104.18567,30.715753,14,5498
104.011117,30.519676,-1,5499
103.700187,30.309864,-1,5500
104.017078,30.561401,-1,5501
103.552315,30.60787,-1,5502
103.886705,30.528588,105,5503
104.130883,30.375817,-1,5504
104.327597,30.306098,136,5505
104.760355,30.372289,-1,5506
104.08918,30.584504,-1,5507
103.986686,30.216059,-1,5508
103.875329,30.612448,-1,5509
104.493666,31.329743,-1,5510
103.844808,30.446347,-1,5511
104.292586,30.589895,-1,5512
104.040746,30.531745,-1,5513
104.539513,30.370327,-1,5514
103.947163,30.666113,-1,5515
103.956862,30.93949,-1,5516
104.16833,30.741692,16,5517
103.974054,30.800227,-1,5518
104.072971,30.718805,170,5519
104.1114,30.543757,-1,5520
104.503219,30.364901,-1,5521
103.661043,30.960854,77,5522
104.049837,30.718647,-1,5523
104.021354,29.137722,-1,5524
104.16974,30.528038,-1,5525
103.647422,31.021283,-1,5526
104.085129,30.461348,-1,5527
103.992407,30.482444,-1,5528
104.120672,30.773182,171,5529
104.179145,30.527336,-1,5530
104.118895,30.756927,13,5531
103.813274,30.723036,-1,5532
104.039384,30.225928,93,5533
103.859489,30.827371,203,5534
103.728449,30.826265,-1,5535
104.28859,30.231107,-1,5536
104.219381,30.587002,-1,5537
103.690477,30.416013,-1,5538
104.174694,30.796915,-1,5539
104.109122,30.581187,-1,5540
103.938357,30.61659,40,5541
103.497428,30.568455,225,5542
104.488822,30.46188,244,5543
104.243246,30.645627,48,5544
104.193491,30.529379,166,5545
103.973874,30.652552,-1,5546
104.354535,30.435976,-1,5547
103.95677,30.798641,-1,5548
104.277265,30.638721,-1,5549
103.725424,30.577728,257,5550
103.661869,30.920065,-1,5551
103.684666,30.871348,-1,5552
103.661235,30.964085,-1,5553
103.991242,30.463984,-1,5554
104.167908,30.475361,-1,5555
104.018466,30.733776,-1,5556
103.888103,30.66132,-1,5557
104.001426,30.706227,-1,5558
103.819057,30.797328,124,5559
103.773976,30.897362,-1,5560
104.081167,30.692526,-1,5561
104.111974,30.752683,39,5562
103.701525,30.602561,78,5563
104.181261,30.70192,-1,5564
104.181281,30.702366,-1,5565
104.291851,30.877856,-1,5566
104.185664,30.684698,8,5567
103.987077,30.728546,-1,5568
103.887189,30.427326,-1,5569
103.999675,30.514299,-1,5570
104.508929,30.356258,-1,5571
103.721969,31.101386,-1,5572
103.69646,30.582572,-1,5573
104.035154,30.298108,196,5574
103.837533,30.360199,143,5575
104.847736,29.754535,-1,5576
104.165399,30.658725,62,5577
104.108137,30.726346,-1,5578
104.439206,30.843093,-1,5579
104.242783,30.651234,25,5580
104.19935,31.580259,-1,5581
103.105628,29.962786,-1,5582
103.893381,30.345201,-1,5583
104.060543,30.388033,-1,5584
104.175074,30.728561,191,5585
104.177759,30.719088,17,5586
104.017017,30.845932,-1,5587
104.870593,29.227006,86,5588
104.430888,30.891463,-1,5589
103.27411,29.597299,-1,5590
104.080476,30.513911,127,5591
104.125282,30.769681,173,5592
104.348576,30.555982,-1,5593
104.307429,31.025588,-1,5594
103.861593,30.796849,-1,5595
103.826505,30.799803,-1,5596
104.052279,30.465884,130,5597
104.112121,30.752777,39,5598
103.838177,30.360933,143,5599
104.138417,30.637842,-1,5600
104.293686,29.658444,-1,5601
104.103684,30.714722,-1,5602
103.968483,30.656482,-1,5603
103.959582,30.364078,-1,5604
103.624425,31.482764,-1,5605
103.487544,30.534057,-1,5606
104.180679,30.703704,-1,5607
104.041019,30.593503,51,5608
104.185788,30.71928,134,5609
104.112058,30.528813,-1,5610
104.202637,30.72598,55,5611
104.051522,30.75782,-1,5612
104.182137,30.717564,182,5613
104.164174,30.478044,-1,5614
103.704066,30.39464,-1,5615
104.120898,30.501755,204,5616
103.916402,30.525081,-1,5617
104.50568,30.506832,-1,5618
103.973002,30.622658,146,5619
104.149562,31.613115,-1,5620
103.97354,30.429127,87,5621
103.601534,31.064556,96,5622
103.973329,30.578482,-1,5623
104.05602,30.847958,181,5624
104.015021,31.428257,-1,5625
104.318508,30.276648,194,5626
103.857527,30.581541,-1,5627
104.11241,30.753036,39,5628
104.002861,30.651228,-1,5629
104.512449,30.353736,-1,5630
103.655018,30.895072,-1,5631
104.046462,30.428247,67,5632
104.454599,31.172287,-1,5633
104.065933,30.44638,5,5634
104.234558,30.646371,24,5635
103.470565,30.504545,-1,5636
103.930978,30.760655,-1,5637
104.020588,29.139397,70,5638
104.360827,30.661471,234,5639
103.835368,30.344506,-1,5640
103.880256,30.604298,193,5641
103.86294,30.150109,-1,5642
104.112448,30.753123,39,5643
104.093955,30.580723,64,5644
103.902123,30.684993,-1,5645
104.285308,30.698059,-1,5646
103.973537,30.578851,-1,5647
104.147708,30.373459,-1,5648
103.883017,30.666223,219,5649
104.203267,30.726031,55,5650
103.959632,30.7965,242,5651
104.338361,30.460844,-1,5652
104.203036,30.726077,55,5653
104.08465,30.455614,66,5654
103.955049,30.341235,-1,5655
104.370373,30.435125,-1,5656
103.128766,30.058119,-1,5657
104.082085,30.747254,-1,5658
103.969315,30.366479,200,5659
104.005604,30.515194,-1,5660
104.185171,30.71687,14,5661
103.517321,30.578544,164,5662
104.299257,30.705665,-1,5663
104.072544,30.233142,-1,5664
104.04908,30.488218,-1,5665
104.237441,30.652933,29,5666
103.961242,30.500906,-1,5667
103.888404,30.558614,-1,5668
104.21661,30.572005,-1,5669
104.004936,30.453616,-1,5670
104.028313,30.48088,-1,5671
103.802603,30.497176,-1,5672
103.930584,30.425504,-1,5673
104.008012,30.453425,-1,5674
104.537383,30.366046,112,5675
103.690046,31.045997,-1,5676
103.680364,30.409751,-1,5677
103.956817,30.377642,-1,5678
104.130845,30.963835,-1,5679
104.01098,30.516874,49,5680
103.963154,30.651665,-1,5681
104.357665,30.648355,-1,5682
104.18575,30.718734,134,5683
104.213919,30.648582,-1,5684
104.16617,30.712546,109,5685
103.944218,30.43326,-1,5686
103.633909,30.49199,-1,5687
104.221243,30.639224,0,5688
103.655067,30.925931,72,5689
104.17341,30.64641,-1,5690
103.937519,30.61926,137,5691
103.640224,30.46591,42,5692
103.741469,30.694628,248,5693
103.91708,30.397855,-1,5694
104.114356,30.457318,-1,5695
104.367858,30.716145,-1,5696
103.464602,30.45278,-1,5697
104.130994,30.670368,-1,5698
103.497401,30.568545,225,5699
103.975014,30.929952,-1,5700
103.645555,30.890782,-1,5701
103.82775,30.921449,-1,5702
104.563787,30.381918,-1,5703
104.327076,30.306097,136,5704
104.527743,30.639513,-1,5705
104.017204,30.542151,-1,5706
103.841665,30.339147,-1,5707
104.265942,30.825056,-1,5708
103.561199,30.748765,120,5709
104.185664,30.684698,8,5710
104.286518,30.678975,-1,5711
104.039574,30.659511,-1,5712
103.921125,30.475285,-1,5713
104.131468,30.758164,-1,5714
104.508916,30.357471,-1,5715
103.795956,31.167047,-1,5716
104.17493,30.715439,153,5717
104.177741,30.720186,17,5718
104.066561,30.32932,271,5719
103.786865,30.57464,-1,5720
103.933785,30.6567,-1,5721
104.203448,30.726147,55,5722
103.995701,30.531398,-1,5723
104.070987,30.725285,69,5724
103.677701,30.339017,117,5725
104.325848,30.823773,-1,5726
104.534134,30.652388,-1,5727
104.298167,30.604736,-1,5728
104.361411,30.60416,-1,5729
103.986616,30.452878,-1,5730
104.170918,30.61502,177,5731
103.848799,30.401031,-1,5732
103.987208,30.454347,-1,5733
104.512211,30.359741,-1,5734
104.024068,30.669543,-1,5735
103.957281,30.647349,31,5736
103.989663,30.725388,-1,5737
104.08469,30.449167,-1,5738
103.968716,31.008192,-1,5739
103.708814,30.453575,-1,5740
104.238013,30.65311,29,5741
103.984344,30.656689,-1,5742
104.21383,30.651519,3,5743
104.059857,30.648728,-1,5744
104.182447,30.717474,182,5745
104.061456,30.181215,-1,5746
103.09762,30.082236,-1,5747
104.052435,30.635038,-1,5748
104.216102,30.802106,-1,5749
103.452339,30.374673,12,5750
104.378166,30.313397,195,5751
104.057815,30.475822,-1,5752
103.623756,31.480113,-1,5753
103.8797,30.664161,-1,5754
104.529546,30.447539,-1,5755
104.555507,30.353478,202,5756
104.010994,30.463641,253,5757
104.583542,30.696263,-1,5758
104.389971,30.283025,-1,5759
104.042676,30.448415,-1,5760
104.045805,30.651941,-1,5761
103.916856,30.415161,-1,5762
103.894383,30.35966,-1,5763
103.844818,30.680353,-1,5764
103.752367,30.597563,-1,5765
104.003439,30.734656,-1,5766
104.099936,30.712898,-1,5767
104.531781,30.453318,-1,5768
104.075879,30.792555,-1,5769
103.849339,30.665465,-1,5770
102.837041,29.775619,-1,5771
104.245364,30.553543,-1,5772
104.218971,30.655104,-1,5773
103.996896,30.907936,-1,5774
104.349638,30.64328,-1,5775
104.098532,30.885156,217,5776
104.59856,31.298071,-1,5777
104.326529,30.860289,126,5778
104.086025,30.790464,-1,5779
103.845476,30.370798,-1,5780
104.605427,30.867798,-1,5781
104.052864,30.427943,-1,5782
103.908622,30.543443,199,5783
103.851022,30.437263,73,5784
104.493029,30.321758,-1,5785
104.161619,30.599444,235,5786
104.087071,30.548597,186,5787
104.854521,30.229572,-1,5788
103.678127,31.029754,147,5789
104.002796,29.124817,-1,5790
103.886937,30.579017,-1,5791
104.010197,30.745088,-1,5792
104.185173,30.684263,8,5793
103.997094,30.907937,-1,5794
103.908639,30.543437,199,5795
103.955414,30.650886,-1,5796
104.556334,30.373193,-1,5797
104.036247,30.234595,-1,5798
103.877378,30.562457,-1,5799
104.39219,30.298892,144,5800
104.074693,30.685535,-1,5801
103.662243,30.960796,77,5802
104.040793,30.593213,51,5803
104.037103,31.331542,-1,5804
104.100591,30.520786,-1,5805
103.851241,30.437016,73,5806
104.065933,30.446385,5,5807
103.935376,30.905634,113,5808
103.889355,30.817046,-1,5809
103.896654,30.824482,-1,5810
104.315383,30.604748,-1,5811
104.008189,30.566011,-1,5812
104.0054,30.520789,252,5813
104.289867,30.306082,-1,5814
103.858068,31.065242,-1,5815
103.578922,30.845669,-1,5816
104.308997,31.007129,-1,5817
103.959357,30.938677,-1,5818
104.050232,30.664003,15,5819
103.974042,30.428842,87,5820
103.713869,30.526358,238,5821
104.219302,31.291105,-1,5822
103.624354,30.341979,-1,5823
104.099456,30.466969,184,5824
103.855428,30.630723,-1,5825
104.052276,30.259704,-1,5826
104.215098,30.582514,218,5827
104.054437,30.654444,139,5828
104.97394,29.871254,50,5829
104.046512,30.428119,67,5830
103.68273,30.463217,-1,5831
103.91752,30.811943,-1,5832
103.505882,30.559378,150,5833
103.875816,30.897651,-1,5834
103.937864,30.618953,137,5835
103.58572,30.759045,-1,5836
104.009293,30.479725,-1,5837
104.243246,30.645627,48,5838
103.499653,30.560561,-1,5839
103.718077,30.609816,243,5840
103.84346,30.673371,-1,5841
103.459847,30.747118,61,5842
103.937519,30.61926,137,5843
104.539357,31.859515,-1,5844
104.112214,30.753281,39,5845
103.741349,30.694696,248,5846
104.074835,30.646286,-1,5847
103.763935,30.043657,-1,5848
104.069811,30.768681,71,5849
103.970282,30.470086,-1,5850
103.914041,30.675374,125,5851
103.889527,30.478799,-1,5852
103.559115,30.548752,148,5853
104.426568,30.843641,-1,5854
104.10227,30.49831,-1,5855
104.237659,30.652915,29,5856
103.903928,31.002527,-1,5857
104.12073,30.501594,204,5858
104.179242,30.527124,-1,5859
103.994536,30.764735,-1,5860
103.952975,31.011773,-1,5861
104.015103,30.738408,-1,5862
103.460109,30.747022,61,5863
104.292745,30.849947,-1,5864
104.115225,30.417499,-1,5865
103.997386,30.73195,-1,5866
103.578922,30.845669,-1,5867
103.814051,30.633013,7,5868
104.238721,30.562352,-1,5869
104.014735,30.450661,-1,5870
103.697949,30.630495,-1,5871
104.042485,30.85521,-1,5872
104.369906,30.723331,-1,5873
103.959962,30.51713,28,5874
103.997193,30.88586,-1,5875
103.952268,30.427738,79,5876
104.079196,30.239916,-1,5877
104.259409,30.812762,-1,5878
103.888314,30.556364,4,5879
103.837737,30.347516,-1,5880
104.534239,30.44506,-1,5881
104.235939,30.646871,24,5882
103.844881,30.013315,-1,5883
103.998379,30.708879,-1,5884
104.083229,30.577691,-1,5885
104.054284,30.466773,130,5886
104.278213,30.88665,-1,5887
103.899112,30.615844,-1,5888
104.172676,30.485471,102,5889
104.295726,30.993267,-1,5890
103.842905,30.576786,-1,5891
104.181602,30.513575,-1,5892
103.50684,30.744512,-1,5893
104.106247,30.466207,-1,5894
104.172277,30.659784,209,5895
104.018454,31.394546,-1,5896
103.870875,30.916367,-1,5897
103.887011,30.528778,105,5898
104.100792,30.435632,-1,5899
104.301307,30.394866,-1,5900
104.076848,30.723585,-1,5901
103.966044,30.435387,110,5902
103.786015,30.428167,-1,5903
104.065116,30.439781,-1,5904
104.335846,30.645068,-1,5905
103.886664,30.479836,-1,5906
104.50356,30.474556,-1,5907
104.040944,30.593507,51,5908
104.125343,30.769685,173,5909
104.501413,30.474834,161,5910
104.017434,30.116357,-1,5911
104.112517,30.739001,-1,5912
104.223426,31.297923,-1,5913
103.995263,30.612493,60,5914
104.598028,30.699709,-1,5915
104.37198,30.864276,81,5916
104.16557,30.516387,-1,5917
104.102612,30.712221,-1,5918
103.974524,30.795943,-1,5919
104.890951,30.169025,-1,5920
103.902164,30.834332,20,5921
103.492422,30.541204,-1,5922
103.972325,30.943863,-1,5923
104.785869,29.796179,-1,5924
103.90538,30.898655,-1,5925
104.09029,30.691684,-1,5926
103.876512,30.669917,-1,5927
103.678193,31.029837,147,5928
104.316864,30.276332,-1,5929
104.156793,30.705253,-1,5930
104.340086,30.459923,-1,5931
104.301977,30.597575,-1,5932
104.012312,30.450734,-1,5933
104.050947,30.674305,-1,5934
104.098565,30.885121,217,5935
104.093545,30.441895,-1,5936
103.973674,30.410375,-1,5937
103.938373,30.616356,40,5938
104.236037,30.646888,24,5939
104.040944,30.593507,51,5940
103.740186,31.082194,-1,5941
103.873324,30.779209,123,5942
104.186323,30.716182,14,5943
103.812409,30.571457,250,5944
103.661417,31.042958,-1,5945
104.546675,29.503799,222,5946
103.885075,30.165368,-1,5947
104.698154,30.081054,-1,5948
104.100219,30.713175,-1,5949
103.912764,30.820513,-1,5950
103.818133,30.465942,-1,5951
104.075774,30.576706,-1,5952
103.99788,30.248962,-1,5953
103.831044,30.615651,-1,5954
104.221492,30.638487,0,5955
104.398947,30.341865,-1,5956
104.333958,30.64581,53,5957
104.154827,30.727553,-1,5958
103.951682,30.019911,-1,5959
104.087395,30.759986,-1,5960
104.03711,30.148366,129,5961
104.071951,30.422458,-1,5962
103.919694,30.521062,-1,5963
104.075222,30.643718,-1,5964
104.079139,30.433782,-1,5965
104.122468,30.753817,-1,5966
103.935939,30.55678,-1,5967
104.106219,30.587324,92,5968
104.211058,31.004368,-1,5969
104.138801,30.716418,-1,5970
104.050355,30.663788,15,5971
104.031691,30.321453,-1,5972
104.202232,30.726064,55,5973
104.05638,30.428197,46,5974
104.453577,30.490945,-1,5975
104.70714,30.088252,-1,5976
104.179956,30.619336,-1,5977
104.109231,30.504283,-1,5978
104.162291,30.556546,174,5979
104.011457,30.929529,-1,5980
104.077777,30.79447,121,5981
104.051377,30.259836,-1,5982
103.870348,30.781145,-1,5983
104.227132,30.860819,-1,5984
103.823839,30.585221,-1,5985
104.424688,30.377228,-1,5986
103.961094,30.658636,-1,5987
104.370154,30.288648,-1,5988
104.203888,30.726028,55,5989
103.967056,30.648436,155,5990
104.178686,30.783034,207,5991
104.320599,30.281524,-1,5992
104.065082,30.447083,5,5993
104.31231,30.600564,-1,5994
103.701361,30.602224,78,5995
103.884803,30.479926,-1,5996
104.224963,30.793952,101,5997
104.156065,30.498189,-1,5998
104.173374,30.727197,191,5999
103.661059,30.961355,77,6000
104.243206,30.650185,25,6001
104.428736,31.187845,-1,6002
103.873821,30.417359,236,6003
104.078588,30.562825,-1,6004
103.888404,30.558614,-1,6005
103.705005,30.404714,-1,6006
104.013993,30.553945,-1,6007
104.418431,30.924961,-1,6008
103.979362,30.597865,-1,6009
103.817765,30.63419,7,6010
103.649555,30.932529,-1,6011
103.629119,29.782443,-1,6012
104.785901,29.796145,-1,6013
103.696963,30.40351,-1,6014
104.070522,30.510451,-1,6015
104.159781,30.69372,-1,6016
104.093141,30.581517,64,6017
103.973113,30.622978,146,6018
104.01166,30.747592,-1,6019
104.222563,30.590625,-1,6020
104.242502,30.650188,25,6021
104.099197,30.753314,266,6022
103.873699,30.431597,-1,6023
103.998618,30.892925,-1,6024
104.081217,30.506871,-1,6025
103.81581,30.90749,-1,6026
104.866394,30.23887,-1,6027
103.467203,30.435886,-1,6028
104.008289,30.526049,-1,6029
103.804947,30.604978,-1,6030
104.007892,30.595492,-1,6031
103.709689,30.400527,-1,6032
104.224163,30.640133,-1,6033
103.908759,30.543321,199,6034
104.14876,30.839378,-1,6035
103.965546,30.310375,-1,6036
104.138149,30.711951,-1,6037
103.662944,30.970663,197,6038
104.399043,30.341799,-1,6039
103.4523,30.466137,-1,6040
104.308058,30.845867,-1,6041
103.84252,30.546088,-1,6042
103.607759,30.826272,-1,6043
103.948646,30.677494,-1,6044
104.214191,30.651677,3,6045
103.51527,30.354314,-1,6046
104.010579,30.520026,-1,6047
104.361589,30.603003,-1,6048
104.096817,30.623815,-1,6049
104.101683,30.534695,-1,6050
103.972013,30.407824,-1,6051
104.531456,31.38525,-1,6052
104.359402,30.662035,-1,6053
104.100957,30.468353,-1,6054
103.968964,30.802192,-1,6055
103.908471,30.543187,199,6056
104.468475,30.848033,6,6057
104.106529,30.587242,92,6058
103.729211,30.328067,-1,6059
104.104238,30.58759,-1,6060
103.833202,30.839949,-1,6061
104.07099,30.725288,69,6062
104.223743,30.88512,-1,6063
104.052471,30.246676,-1,6064
104.194212,30.735468,-1,6065
104.130883,30.375799,-1,6066
103.893119,30.514934,135,6067
104.095481,30.540994,18,6068
103.724567,30.327517,-1,6069
104.510585,30.422606,-1,6070
104.572591,31.035936,-1,6071
104.186491,30.872132,-1,6072
104.449866,30.480592,59,6073
104.229357,30.708232,-1,6074
103.881531,30.413763,-1,6075
103.874067,30.485721,-1,6076
104.125133,30.769575,173,6077
103.783526,30.457001,-1,6078
104.203009,30.72603,55,6079
103.08059,30.949366,-1,6080
104.173221,30.484907,102,6081
103.786015,30.428167,-1,6082
103.741983,30.724892,-1,6083
103.718068,30.609789,243,6084
103.552557,30.607695,-1,6085
104.125166,30.769408,173,6086
104.804477,30.152426,205,6087
104.124474,30.585935,-1,6088
104.202219,30.553439,-1,6089
104.187632,30.55394,263,6090
104.44076,30.465916,-1,6091
104.236677,30.792663,-1,6092
104.393232,30.283595,192,6093
103.854214,30.625795,-1,6094
103.896528,30.801986,-1,6095
104.498629,30.428172,10,6096
103.553048,30.530535,-1,6097
104.09515,30.538723,-1,6098
103.935699,30.905695,113,6099
104.161803,30.691188,-1,6100
103.344881,30.123675,-1,6101
104.14188,30.770983,-1,6102
103.936914,30.811547,-1,6103
104.389679,30.286879,264,6104
103.678127,31.029874,147,6105
103.975334,30.77825,-1,6106
103.661396,30.961021,77,6107
104.23459,30.646105,24,6108
104.555012,30.353563,202,6109
103.85351,30.764655,-1,6110
104.625125,30.427839,-1,6111
103.736769,30.440912,-1,6112
103.959682,30.751751,-1,6113
103.913027,30.634215,-1,6114
104.380613,30.879872,-1,6115
104.071178,30.725301,69,6116
103.973033,30.40908,-1,6117
104.202354,30.553206,-1,6118
103.748474,30.717141,-1,6119
104.242556,30.650102,25,6120
103.949665,30.478991,-1,6121
104.522705,30.435817,-1,6122
104.046751,30.450431,-1,6123
103.938467,30.61642,40,6124
104.130845,30.963835,-1,6125
103.800463,30.830776,-1,6126
103.952268,30.796036,167,6127
103.561304,30.748734,120,6128
103.872897,30.416922,236,6129
103.939956,30.504185,-1,6130
104.05579,30.457502,138,6131
104.258149,30.736658,-1,6132
104.094748,30.484056,-1,6133
103.891846,30.601825,-1,6134
103.498392,30.545978,-1,6135
104.132356,30.409569,-1,6136
104.063045,30.328992,-1,6137
104.198042,30.581889,75,6138
104.188875,30.958478,-1,6139
104.178022,30.724567,-1,6140
104.071614,30.2489,-1,6141
104.232038,30.794429,-1,6142
104.41546,30.992547,-1,6143
103.66144,30.675568,-1,6144
103.920363,30.29843,-1,6145
104.071655,30.685891,-1,6146
104.014575,30.472038,-1,6147
103.998654,30.483419,-1,6148
103.964624,30.637401,30,6149
104.391898,30.299075,144,6150
103.940944,30.550107,-1,6151
104.071202,30.725287,69,6152
103.736932,30.728787,-1,6153
103.891834,30.425741,-1,6154
103.407229,30.193117,-1,6155
103.497412,30.568639,225,6156
104.249598,30.860373,-1,6157
103.997438,30.731982,-1,6158
104.497817,30.349015,-1,6159
104.279047,29.936976,-1,6160
103.45506,30.21952,-1,6161
104.12049,30.773321,171,6162
104.362282,30.661448,234,6163
104.48211,30.331229,-1,6164
104.043582,30.44643,41,6165
104.489911,30.49393,122,6166
103.464825,30.452705,-1,6167
103.735256,31.092865,-1,6168
103.887197,30.427396,-1,6169
103.70102,30.852293,-1,6170
103.973806,31.032317,140,6171
103.821669,29.85483,-1,6172
104.197255,30.738241,-1,6173
103.50428,30.573835,-1,6174
103.886704,30.528413,105,6175
103.50682,30.744452,-1,6176
104.165874,30.67732,-1,6177
104.309507,30.300456,-1,6178
104.205446,30.631097,-1,6179
103.975698,30.619075,-1,6180
103.939543,30.617042,-1,6181
103.460384,30.746952,61,6182
104.009041,30.526004,-1,6183
103.795802,31.16707,-1,6184
104.040807,30.593156,51,6185
102.728945,29.986603,-1,6186
104.066893,30.487005,-1,6187
104.003261,29.125134,-1,6188
104.162645,30.667206,-1,6189
104.162563,31.106446,-1,6190
104.179672,30.521934,-1,6191
104.096252,30.539983,18,6192
104.003816,30.606416,-1,6193
103.683236,31.0134,-1,6194
103.838016,30.899056,-1,6195
104.326347,30.860228,126,6196
104.029508,30.450017,-1,6197
103.820625,30.60547,-1,6198
104.083263,30.752571,-1,6199
104.103788,30.611098,-1,6200
103.685315,31.014042,-1,6201
104.11366,30.4614,-1,6202
104.128006,30.782728,-1,6203
104.104837,30.453233,-1,6204
104.025282,31.38498,-1,6205
104.106921,30.550126,-1,6206
104.08767,30.330497,-1,6207
104.386884,30.300778,68,6208
104.163236,30.669658,-1,6209
104.115599,30.41148,-1,6210
103.991281,30.466588,-1,6211
104.518139,29.486601,-1,6212
104.106571,30.580555,-1,6213
103.960013,30.15207,-1,6214
104.149015,30.839373,-1,6215
104.061406,30.419514,26,6216
104.02812,30.551337,-1,6217
104.456261,30.352494,-1,6218
104.269792,30.757073,-1,6219
103.459569,30.746586,61,6220
104.499123,30.426544,10,6221
104.023874,30.827623,-1,6222
103.837268,30.358564,208,6223
104.221238,30.638562,0,6224
104.043483,30.205879,-1,6225
104.214785,30.583476,218,6226
103.916268,30.543766,-1,6227
103.938044,30.616371,40,6228
103.449771,30.469115,-1,6229
103.940008,30.614291,106,6230
104.257411,30.530302,-1,6231
104.223268,30.591287,-1,6232
104.050292,30.664008,15,6233
104.408698,30.344366,-1,6234
102.66881,29.535911,-1,6235
104.215575,30.697746,-1,6236
104.342171,31.150036,-1,6237
103.763375,30.041589,-1,6238
104.374762,31.040529,-1,6239
103.946812,30.55333,-1,6240
103.995558,30.613161,60,6241
104.235078,30.646989,24,6242
103.700928,30.653876,-1,6243
103.727794,30.559145,116,6244
103.259674,30.560174,229,6245
103.861325,30.803964,111,6246
104.201044,30.733867,-1,6247
103.8915,30.478611,-1,6248
104.05912,30.650908,215,6249
103.805064,30.431304,-1,6250
103.902067,30.834295,20,6251
104.392482,30.283806,192,6252
104.359281,30.531735,-1,6253
104.040645,30.581922,247,6254
103.888401,30.55638,4,6255
104.23767,30.653243,29,6256
103.581697,30.743477,-1,6257
104.507049,29.499106,-1,6258
104.040049,30.464673,-1,6259
103.967591,30.58607,246,6260
103.986046,31.08158,-1,6261
104.202395,30.74445,-1,6262
104.387435,30.761318,-1,6263
103.852526,30.36471,-1,6264
103.701513,30.602665,78,6265
104.160294,30.013035,-1,6266
104.439055,30.359509,-1,6267
104.164383,30.658772,62,6268
103.681896,30.596724,-1,6269
104.107147,30.769448,-1,6270
103.083093,30.382183,-1,6271
103.956768,30.747693,-1,6272
103.512107,30.25403,-1,6273
103.601619,30.831315,-1,6274
103.825214,30.44682,-1,6275
104.367736,30.435539,-1,6276
103.81719,30.633862,7,6277
104.185007,30.699928,-1,6278
104.497981,30.615187,-1,6279
103.932178,30.72621,-1,6280
103.866526,30.898583,-1,6281
104.14605,31.492663,-1,6282
104.245007,30.645391,48,6283
103.973306,30.431925,-1,6284
103.791143,29.635864,-1,6285
103.532369,31.404704,99,6286
103.701526,30.602478,78,6287
104.388535,30.319807,-1,6288
104.231832,30.639717,-1,6289
104.31155,30.601195,-1,6290
104.586147,30.393868,-1,6291
104.101012,30.523132,-1,6292
103.663033,30.989106,-1,6293
103.81691,30.798665,-1,6294
103.958066,30.662919,35,6295
104.187285,30.579507,-1,6296
103.93562,30.906132,113,6297
103.826547,30.799673,-1,6298
104.234682,30.724892,-1,6299
104.005161,30.453515,-1,6300
104.25942,30.872715,-1,6301
104.106488,30.870711,-1,6302
103.889567,30.555585,-1,6303
103.414708,30.756827,-1,6304
103.678248,31.029672,147,6305
103.49881,30.540702,-1,6306
104.582993,30.387978,-1,6307
103.652808,30.928414,-1,6308
103.774276,30.878793,-1,6309
104.50419,30.487789,-1,6310
103.562622,30.770311,-1,6311
104.497761,30.346897,-1,6312
104.451833,30.349586,-1,6313
104.160222,30.513319,-1,6314
104.188096,30.51465,-1,6315
103.702392,31.030128,-1,6316
104.001126,30.45521,-1,6317
104.262131,30.271689,-1,6318
104.313672,30.468581,-1,6319
103.943715,30.499108,-1,6320
104.174041,30.646041,-1,6321
104.449519,30.4807,59,6322
104.010015,30.929158,-1,6323
104.320521,30.281463,-1,6324
104.027534,30.481939,63,6325
103.867647,30.773562,-1,6326
103.586416,30.746022,-1,6327
103.973175,30.738732,-1,6328
103.972206,30.428815,-1,6329
104.088034,30.548341,186,6330
104.500709,29.729543,-1,6331
103.77167,29.472038,-1,6332
104.192186,30.52393,-1,6333
103.748532,30.39348,-1,6334
103.623772,31.479985,-1,6335
103.917138,30.684198,178,6336
103.976051,30.767954,-1,6337
103.867629,30.34845,-1,6338
104.327798,30.305852,136,6339
104.070987,30.725285,69,6340
103.993256,30.923828,-1,6341
103.923335,31.04233,-1,6342
104.197052,30.393255,-1,6343
104.071977,30.253819,-1,6344
103.937933,30.906066,-1,6345
104.001813,30.884503,-1,6346
103.721714,31.101892,-1,6347
103.629674,30.934032,-1,6348
103.877378,30.562457,-1,6349
104.006026,30.520793,-1,6350
103.624425,31.482764,-1,6351
104.054162,30.443816,-1,6352
104.321795,31.117076,-1,6353
103.970781,30.650238,114,6354
104.288402,30.690759,-1,6355
104.311403,30.949465,-1,6356
103.83178,30.465818,-1,6357
103.61187,30.88883,-1,6358
103.944216,30.662754,-1,6359
104.086416,30.435325,-1,6360
103.856952,30.449409,227,6361
104.071979,30.253802,-1,6362
104.172012,30.631056,-1,6363
104.227615,30.788542,-1,6364
104.106751,30.507315,-1,6365
104.288037,30.683888,-1,6366
103.967778,30.648698,155,6367
103.98164,30.494144,-1,6368
104.134587,30.66296,-1,6369
103.810251,30.631932,7,6370
103.629663,30.34097,-1,6371
104.486047,30.49228,-1,6372
104.089806,30.517265,-1,6373
104.109339,30.501279,-1,6374
104.081835,30.474366,-1,6375
103.802547,30.688934,-1,6376
103.95112,31.012074,-1,6377
103.944606,30.716309,-1,6378
104.096431,30.429447,-1,6379
104.406414,30.346074,212,6380
103.998405,30.497231,-1,6381
104.501734,30.354441,-1,6382
104.108751,30.500974,-1,6383
104.107616,30.462724,-1,6384
103.86228,30.791313,-1,6385
104.23563,30.64642,24,6386
103.539435,30.671722,-1,6387
104.04095,30.593236,51,6388
103.579692,30.523725,-1,6389
103.534127,30.695303,-1,6390
104.07724,30.795081,121,6391
104.487402,30.349769,-1,6392
104.29622,30.389639,-1,6393
103.4973,30.545969,-1,6394
104.011066,30.517134,49,6395
104.101998,30.534901,-1,6396
104.162818,30.556963,174,6397
103.827815,29.995755,-1,6398
104.294512,30.393387,-1,6399
104.392127,30.319193,-1,6400
104.132633,30.6513,-1,6401
103.89333,30.433996,-1,6402
104.145199,30.826117,-1,6403
103.8794,30.488752,-1,6404
104.413522,30.483127,-1,6405
103.973918,30.46905,-1,6406
104.105787,30.587524,92,6407
103.967274,30.585741,246,6408
103.976205,30.404507,-1,6409
103.964553,30.478934,-1,6410
103.939721,30.573017,-1,6411
104.224891,30.793716,101,6412
104.16833,30.741692,16,6413
103.994045,30.746265,-1,6414
104.14048,31.606597,-1,6415
104.03304,30.528291,-1,6416
103.886803,30.820197,-1,6417
104.363152,30.647202,-1,6418
104.272686,30.814666,-1,6419
104.147718,30.834894,-1,6420
104.508851,30.35623,-1,6421
104.122588,30.758846,-1,6422
103.88939,30.479285,-1,6423
104.043741,31.280091,-1,6424
104.072299,30.236754,-1,6425
103.69432,30.306686,-1,6426
104.012057,30.513289,-1,6427
104.039177,30.806647,-1,6428
104.177238,30.718604,17,6429
104.255425,30.859589,228,6430
104.366687,30.291676,-1,6431
104.501365,30.484501,-1,6432
104.106626,30.587428,92,6433
104.000293,31.434299,-1,6434
104.139468,30.821293,-1,6435
104.339861,30.777526,-1,6436
103.818876,30.466005,-1,6437
103.954512,30.570558,-1,6438
103.780843,29.443869,-1,6439
102.436769,29.136551,-1,6440
104.113903,30.579616,1,6441
104.3743,30.914988,-1,6442
104.07267,30.288456,-1,6443
104.037697,30.736786,-1,6444
103.881656,30.398777,-1,6445
103.84291,30.318334,-1,6446
104.083818,30.461129,-1,6447
103.659362,29.849668,-1,6448
104.020223,30.241087,-1,6449
103.843388,30.665991,-1,6450
104.044083,30.445312,41,6451
103.781982,30.675467,108,6452
103.851348,30.437349,73,6453
104.050012,31.259607,-1,6454
104.417076,30.945563,-1,6455
103.640384,30.465906,42,6456
103.628829,30.724796,-1,6457
103.879967,30.354787,-1,6458
103.912161,30.630893,9,6459
104.150053,30.622901,163,6460
103.49714,30.561189,-1,6461
103.50605,30.55931,150,6462
104.227532,30.860665,-1,6463
104.01236,30.464561,253,6464
104.413096,30.619998,-1,6465
103.96271,30.448409,168,6466
104.115002,30.482954,-1,6467
104.036263,30.489368,-1,6468
103.492787,31.437844,-1,6469
104.062271,30.438053,-1,6470
104.101173,30.426465,-1,6471
104.517573,30.391245,-1,6472
103.465216,30.457206,-1,6473
103.724741,30.578399,257,6474
103.969164,30.408588,-1,6475
104.028376,30.479364,-1,6476
104.53407,30.423939,-1,6477
104.400656,31.08964,-1,6478
104.222738,30.834835,-1,6479
103.977798,30.688807,91,6480
103.729091,30.363621,-1,6481
103.811955,30.971039,-1,6482
103.84518,30.012897,-1,6483
104.289515,30.848008,-1,6484
103.644925,31.016323,-1,6485
104.255322,30.530954,233,6486
103.995056,30.480432,-1,6487
103.987325,30.68177,-1,6488
103.686259,30.836772,231,6489
104.060487,30.436687,-1,6490
104.359462,30.662045,-1,6491
103.798035,31.029442,-1,6492
103.701447,30.602594,78,6493
103.947312,30.468222,-1,6494
104.203056,30.725969,55,6495
103.935305,30.905337,113,6496
104.32966,30.853913,-1,6497
103.865977,30.774465,-1,6498
104.244436,30.645382,48,6499
104.155171,30.580786,258,6500
104.041404,30.59337,51,6501
104.605162,30.867465,-1,6502
103.702883,30.850318,-1,6503
103.953446,30.438741,-1,6504
104.072743,30.31956,-1,6505
104.005965,30.508264,-1,6506
104.64426,30.669075,-1,6507
104.151125,30.571419,-1,6508
104.00479,30.515421,-1,6509
103.959671,30.795978,242,6510
104.255357,30.530997,233,6511
104.235941,30.647821,24,6512
103.812409,30.571525,250,6513
103.90183,30.369325,-1,6514
103.902583,30.975349,-1,6515
103.796822,30.643485,176,6516
104.212223,30.609194,-1,6517
104.107168,30.512332,-1,6518
103.937676,30.618889,137,6519
103.896933,30.735528,-1,6520
104.387363,30.279702,-1,6521
104.387178,30.302574,68,6522
103.772329,30.34548,-1,6523
103.940855,30.748054,-1,6524
104.143489,30.465751,-1,6525
103.744873,30.722242,-1,6526
103.718042,30.609817,243,6527
104.214955,30.582915,218,6528
103.881166,30.352285,-1,6529
104.096535,30.542258,-1,6530
103.280649,30.164667,-1,6531
103.943972,30.527055,-1,6532
104.016154,30.517103,-1,6533
104.229357,30.708232,-1,6534
104.225827,30.793326,101,6535
103.898673,30.691257,-1,6536
103.935532,30.905532,113,6537
103.954543,30.543959,-1,6538
103.717917,30.609837,243,6539
103.488571,31.248962,-1,6540
104.215418,30.582264,218,6541
104.756527,30.62721,-1,6542
104.206121,30.645636,-1,6543
104.255674,30.531372,233,6544
104.196306,30.697475,-1,6545
104.118439,30.757128,13,6546
104.083749,30.45553,66,6547
104.191896,30.660648,-1,6548
103.464697,30.452784,-1,6549
104.548175,30.364576,-1,6550
104.306696,30.844916,-1,6551
104.295967,30.600417,-1,6552
104.45356,30.351667,-1,6553
103.920834,30.392284,-1,6554
104.059282,30.370494,-1,6555
103.96044,30.929759,-1,6556
104.052559,30.471482,-1,6557
104.11592,30.583984,165,6558
103.821837,30.575673,-1,6559
103.527579,31.414849,-1,6560
103.384545,30.731305,-1,6561
103.850918,30.820429,185,6562
104.45682,30.856715,-1,6563
103.919712,30.539691,-1,6564
103.689781,31.045757,-1,6565
104.064714,30.438818,-1,6566
104.884321,29.758752,-1,6567
103.498477,30.569024,225,6568
104.114578,30.689589,-1,6569
104.447708,30.8575,-1,6570
103.64662,30.935602,-1,6571
103.966422,30.465966,-1,6572
103.65316,30.919527,58,6573
104.248185,30.920758,-1,6574
103.659806,30.338966,-1,6575
103.865738,30.774616,-1,6576
104.324722,30.701019,-1,6577
103.687665,30.873516,-1,6578
104.21383,30.651519,3,6579
104.044083,30.445312,41,6580
104.243223,30.645889,48,6581
103.940032,30.614287,106,6582
104.308587,31.006527,-1,6583
103.913456,30.711833,-1,6584
103.883701,30.665965,219,6585
104.490731,30.322965,-1,6586
104.11596,30.753847,-1,6587
104.18307,30.965376,-1,6588
103.968604,30.467183,-1,6589
104.106271,30.754304,-1,6590
104.017418,30.116391,-1,6591
104.14747,30.660966,-1,6592
104.3117,30.299,189,6593
104.415714,30.992652,-1,6594
104.189444,31.005021,-1,6595
103.897168,30.666683,34,6596
103.661093,30.9614,77,6597
104.348864,31.049827,-1,6598
104.181218,30.619118,-1,6599
103.664879,30.959339,-1,6600
104.051121,30.476791,201,6601
103.147253,30.461352,-1,6602
104.707103,30.979972,-1,6603
104.494619,31.731881,-1,6604
104.473399,30.485796,-1,6605
104.274579,30.936244,-1,6606
104.234665,30.646184,24,6607
103.973692,30.429242,87,6608
104.247438,29.016315,-1,6609
104.096326,30.540673,18,6610
104.37238,30.840378,-1,6611
102.76423,29.735628,-1,6612
104.035935,30.603987,-1,6613
103.969897,30.953795,-1,6614
104.274579,30.936244,-1,6615
104.03592,30.752053,-1,6616
104.342573,30.683199,-1,6617
104.039537,30.225651,93,6618
104.141032,30.817023,-1,6619
103.886803,30.820197,-1,6620
104.00185,30.128195,-1,6621
104.389014,30.296655,-1,6622
103.873321,30.777888,-1,6623
103.975542,30.470414,-1,6624
104.131221,30.791982,-1,6625
103.704079,30.709132,-1,6626
104.194332,30.931723,-1,6627
104.323871,30.645164,54,6628
103.897157,30.836282,76,6629
104.102967,30.646825,-1,6630
103.940265,30.999037,-1,6631
104.477,30.355443,56,6632
104.97394,29.871172,50,6633
103.974524,30.795943,-1,6634
103.880965,30.364299,-1,6635
104.036134,30.234412,-1,6636
104.105794,30.39307,-1,6637
103.663966,30.993757,-1,6638
103.745751,30.666432,-1,6639
104.065924,30.44796,5,6640
103.878546,30.198274,131,6641
103.99192,30.73964,183,6642
104.125221,30.769435,173,6643
104.46308,30.348109,-1,6644
104.007748,31.204527,-1,6645
104.064509,30.633116,95,6646
103.631147,30.47802,-1,6647
103.938061,30.619124,137,6648
103.84344,30.37026,-1,6649
104.044148,30.44553,41,6650
104.204591,30.731128,89,6651
103.687837,30.575221,-1,6652
103.701756,30.602517,78,6653
104.052347,30.541375,57,6654
104.463588,30.79515,-1,6655
103.938293,30.616371,40,6656
103.641681,31.015621,-1,6657
104.055529,30.784489,-1,6658
104.166774,30.659099,-1,6659
104.700255,30.659777,-1,6660
103.96407,30.62423,-1,6661
103.473168,30.3883,-1,6662
104.045674,30.537708,-1,6663
104.183413,30.786469,-1,6664
104.204585,30.650529,-1,6665
103.840711,30.794571,-1,6666
104.291821,30.967263,-1,6667
104.406002,30.627069,-1,6668
103.63668,30.956832,-1,6669
103.778704,30.470017,-1,6670
103.837337,30.899582,-1,6671
104.125494,30.404966,-1,6672
104.012631,30.884193,-1,6673
104.492369,30.325603,-1,6674
104.098651,30.653729,-1,6675
104.0367,30.147992,129,6676
104.108172,30.553777,-1,6677
103.973868,30.621869,146,6678
104.39303,30.29233,-1,6679
104.101173,30.426465,-1,6680
104.072343,30.453728,-1,6681
103.857826,31.065041,-1,6682
104.094606,30.235494,-1,6683
103.858594,30.341268,-1,6684
103.58657,30.388364,-1,6685
103.953053,30.790304,-1,6686
104.190716,30.495267,-1,6687
103.957245,30.723223,27,6688
104.497657,30.346769,-1,6689
104.466097,30.344036,-1,6690
104.072167,30.411205,-1,6691
103.578922,30.845669,-1,6692
104.370154,30.288648,-1,6693
104.374746,31.041896,-1,6694
104.035188,30.798232,-1,6695
104.04538,30.568382,-1,6696
104.196367,30.85895,-1,6697
104.342171,31.150036,-1,6698
104.489654,30.494052,122,6699
103.696819,30.399328,268,6700
104.320234,30.277737,194,6701
103.974945,30.469759,-1,6702
104.327838,30.305894,136,6703
104.422164,30.881548,-1,6704
103.916741,30.415175,-1,6705
103.509234,30.562675,-1,6706
103.939271,30.687607,-1,6707
104.008779,30.590635,156,6708
104.213745,30.65168,3,6709
104.140024,31.606864,-1,6710
103.972027,30.542234,262,6711
103.910189,30.400155,-1,6712
103.496948,30.547185,226,6713
104.296236,30.389537,-1,6714
103.661085,30.961218,77,6715
103.89897,30.615611,-1,6716
103.945966,30.733576,-1,6717
104.301972,30.597564,-1,6718
103.968818,30.949187,-1,6719
104.196244,30.527545,-1,6720
103.601218,30.984833,-1,6721
103.794385,30.644309,-1,6722
104.1606,30.643467,179,6723
104.066505,30.329316,271,6724
104.038834,30.360028,-1,6725
104.33085,30.752493,-1,6726
104.162647,30.678142,-1,6727
104.221171,30.638869,0,6728
103.795934,31.238995,-1,6729
103.877331,30.572595,-1,6730
104.923244,30.276522,-1,6731
103.873658,30.463333,-1,6732
104.592498,30.019452,-1,6733
103.861059,30.44524,103,6734
103.601819,30.995473,-1,6735
103.998104,30.467247,198,6736
103.937282,30.614687,104,6737
104.268856,30.578729,151,6738
104.071935,30.316325,-1,6739
103.76822,30.471374,-1,6740
104.394439,30.349883,251,6741
104.185454,30.71682,14,6742
104.539334,30.372844,-1,6743
104.052406,30.245917,-1,6744
104.449931,30.480843,59,6745
104.056118,30.763176,-1,6746
103.961222,30.644946,-1,6747
103.913596,30.993916,-1,6748
104.193403,30.681892,-1,6749
104.001955,30.855725,-1,6750
104.378694,30.292396,254,6751
104.001361,30.888509,-1,6752
103.999074,30.669586,118,6753
104.198649,30.582107,75,6754
104.263329,30.927664,-1,6755
104.027806,30.662572,-1,6756
104.08785,30.548073,186,6757
103.936401,30.613772,104,6758
103.722595,31.101811,-1,6759
104.401416,31.061441,-1,6760
104.37471,30.603516,-1,6761
104.092447,30.643862,-1,6762
104.212059,30.766214,-1,6763
104.072518,30.373315,-1,6764
104.196108,30.52768,-1,6765
103.541092,31.051497,-1,6766
104.391623,30.742209,-1,6767
104.118499,30.75725,13,6768
104.332194,30.754782,-1,6769
103.870899,30.701783,47,6770
104.378949,30.640599,-1,6771
103.969012,30.802174,-1,6772
103.703481,30.583373,-1,6773
103.937203,30.613437,104,6774
104.179021,30.783431,207,6775
104.244292,30.645466,48,6776
103.509511,30.563819,-1,6777
103.803092,30.604748,-1,6778
103.686845,30.62933,-1,6779
103.923278,30.717292,80,6780
104.115364,31.512534,-1,6781
104.235478,30.646652,24,6782
104.045319,30.529405,-1,6783
103.887441,30.528705,105,6784
103.893405,30.513679,135,6785
104.091773,30.524086,83,6786
104.25831,30.832476,-1,6787
104.959289,30.222356,-1,6788
104.149712,30.192186,-1,6789
104.642861,30.676415,-1,6790
103.9818,30.785134,43,6791
103.955036,30.43859,-1,6792
103.68463,30.407131,-1,6793
104.193048,30.683285,-1,6794
104.859204,30.644389,-1,6795
104.044329,30.44708,41,6796
103.631913,30.276081,-1,6797
102.226414,31.897155,-1,6798
104.093986,30.523577,83,6799
104.392362,30.287472,-1,6800
104.348854,31.049967,-1,6801
104.226465,30.792782,101,6802
104.080488,30.513006,127,6803
104.29203,30.812726,-1,6804
104.452762,30.83096,-1,6805
104.393155,30.293549,-1,6806
103.95827,30.662379,35,6807
103.537108,30.569552,-1,6808
104.193575,30.528504,166,6809
104.037554,30.659198,162,6810
104.046555,30.449494,-1,6811
103.441554,30.377578,-1,6812
103.975145,30.782764,-1,6813
103.946868,30.665821,-1,6814
103.952955,31.009784,-1,6815
104.319049,30.276883,194,6816
104.171029,30.615423,177,6817
103.704583,30.653712,-1,6818
103.748575,30.393596,-1,6819
104.012255,30.8313,-1,6820
103.528317,30.377721,259,6821
103.861418,30.804153,111,6822
104.225459,30.67195,214,6823
104.261076,29.001754,-1,6824
103.90217,30.539144,-1,6825
104.763725,30.371937,-1,6826
104.209226,30.523573,169,6827
104.236053,30.64642,24,6828
104.237984,30.653023,29,6829
104.164128,30.395166,-1,6830
104.2223,30.605581,-1,6831
104.468016,30.848253,6,6832
104.462936,30.347994,-1,6833
104.555827,30.353093,202,6834
104.230496,30.856777,-1,6835
104.100702,30.750023,-1,6836
103.663265,30.98439,-1,6837
103.492464,31.438344,-1,6838
104.198828,30.510342,223,6839
104.036137,30.498326,-1,6840
104.013258,30.485647,-1,6841
104.15814,30.67058,-1,6842
103.782314,30.792777,-1,6843
104.051618,30.541355,57,6844
104.148067,30.692274,-1,6845
104.39752,31.0582,-1,6846
103.863781,30.778309,-1,6847
103.701557,30.602482,78,6848
104.065027,30.447269,5,6849
103.452373,30.374614,12,6850
104.242502,30.650188,25,6851
104.118938,30.772164,171,6852
104.297738,31.035023,188,6853
104.097804,30.881012,-1,6854
104.53923,30.658778,-1,6855
104.498511,30.426707,10,6856
103.83933,30.359445,-1,6857
104.231213,30.793192,-1,6858
104.125464,30.76943,173,6859
103.919155,30.634516,-1,6860
104.119661,30.724142,-1,6861
104.177389,30.718654,17,6862
104.804277,30.152292,205,6863
104.174188,30.726879,191,6864
103.684715,30.87896,-1,6865
104.100177,30.381302,-1,6866
104.260499,29.943885,-1,6867
103.591193,30.941776,-1,6868
104.539565,30.662136,-1,6869
104.225034,30.793634,101,6870
104.244569,30.64548,48,6871
104.077721,30.794706,121,6872
104.418976,30.947838,-1,6873
104.041823,30.583116,-1,6874
104.059201,30.482768,-1,6875
104.308698,30.865178,11,6876
102.765662,30.403961,-1,6877
104.071981,30.36033,-1,6878
104.047158,30.652669,-1,6879
103.968839,30.93506,-1,6880
103.786407,30.681407,-1,6881
104.243176,30.650783,25,6882
104.308601,31.006542,-1,6883
104.095751,30.538091,-1,6884
103.598786,31.00426,-1,6885
103.752898,30.491071,-1,6886
103.984827,30.209635,-1,6887
103.81509,30.633306,7,6888
103.718367,30.609725,243,6889
104.242479,30.650279,25,6890
103.600104,31.00926,-1,6891
104.072854,30.695537,-1,6892
104.121976,30.539766,-1,6893
103.973777,30.407638,-1,6894
104.130795,30.375849,-1,6895
103.857241,30.811698,-1,6896
104.748459,30.623928,-1,6897
103.955005,30.492083,-1,6898
103.972181,30.574546,-1,6899
103.93798,30.61902,137,6900
104.206858,30.703743,-1,6901
104.085019,30.454894,66,6902
104.198786,30.582071,75,6903
103.741301,30.69452,248,6904
103.83027,30.668525,-1,6905
104.03253,30.578697,-1,6906
103.485806,30.756756,-1,6907
104.555396,30.352778,202,6908
103.801304,30.604642,-1,6909
103.819177,30.797426,124,6910
104.297705,31.035031,188,6911
103.70875,30.453575,-1,6912
104.037343,30.857758,-1,6913
104.225801,30.790648,-1,6914
103.968834,30.949162,-1,6915
104.0698,30.516313,-1,6916
104.254816,30.858923,228,6917
103.876974,30.635486,-1,6918
103.883701,30.665965,219,6919
104.757556,30.910823,-1,6920
103.909856,30.544519,199,6921
104.095438,30.539023,-1,6922
104.065987,30.65519,-1,6923
103.923266,30.71667,80,6924
104.0737,30.714328,-1,6925
104.447018,30.473553,-1,6926
104.010318,29.111627,-1,6927
104.130806,30.964197,-1,6928
104.099564,30.459619,100,6929
104.56414,30.387824,-1,6930
104.171335,30.806252,-1,6931
104.474143,30.343865,-1,6932
103.908823,30.542252,199,6933
104.077695,30.794818,121,6934
103.731073,30.738277,-1,6935
103.883833,30.665808,219,6936
104.390896,30.281805,-1,6937
104.072103,30.752607,-1,6938
104.012352,30.487947,-1,6939
104.227427,30.858249,-1,6940
104.05607,30.763304,-1,6941
104.012852,30.546623,-1,6942
103.930861,30.55274,-1,6943
103.816068,30.908127,-1,6944
104.069752,30.768839,71,6945
104.363905,30.288298,-1,6946
103.959806,30.16421,-1,6947
103.97382,31.032166,140,6948
104.295421,30.800892,-1,6949
104.806386,29.796734,-1,6950
104.439901,29.476518,-1,6951
104.381346,30.284014,-1,6952
103.449443,30.466679,-1,6953
104.106409,30.463816,-1,6954
104.047514,30.428976,67,6955
103.6897,31.023677,-1,6956
104.021178,30.544883,-1,6957
104.087233,30.779603,-1,6958
103.834508,30.646473,-1,6959
104.5621,30.900914,-1,6960
103.25912,30.560029,229,6961
103.432337,30.720761,-1,6962
103.951175,30.939312,-1,6963
103.789671,30.352495,-1,6964
104.479705,30.598776,-1,6965
104.400915,30.310628,-1,6966
104.169947,30.528022,-1,6967
103.89104,30.680868,-1,6968
104.135002,30.805985,132,6969
103.791143,29.636048,-1,6970
103.856974,30.442902,-1,6971
104.225209,30.638685,-1,6972
104.213906,30.552126,-1,6973
104.221495,30.63913,0,6974
104.179498,30.725751,-1,6975
104.223745,30.56643,19,6976
104.496101,30.471234,-1,6977
104.101265,30.444501,-1,6978
104.04053,30.581702,247,6979
104.349996,30.555409,-1,6980
104.063659,30.632928,95,6981
104.095667,30.46572,-1,6982
103.802707,30.526654,-1,6983
104.051765,30.541621,57,6984
103.654613,30.349538,-1,6985
104.235247,30.647017,24,6986
103.975228,30.40319,-1,6987
103.973684,30.625304,141,6988
104.14143,30.645256,-1,6989
104.072685,30.379417,-1,6990
104.008841,30.590564,156,6991
104.252742,30.6489,-1,6992
103.812839,30.632578,7,6993
103.411148,30.764944,-1,6994
104.308525,30.813417,-1,6995
103.958326,30.65621,-1,6996
103.988324,30.627417,145,6997
104.076366,30.247471,-1,6998
104.511263,30.421854,-1,6999
104.050836,30.483408,-1,7000
103.739622,31.090506,-1,7001
104.085467,30.446646,-1,7002
103.9361,30.905437,113,7003
104.050986,30.470311,-1,7004
103.677701,30.339017,117,7005
103.870399,30.702369,47,7006
104.291627,30.588594,256,7007
103.875587,30.721976,-1,7008
104.605345,30.867743,-1,7009
104.238073,30.65298,29,7010
104.120898,30.501671,204,7011
104.284979,31.003041,-1,7012
104.09407,30.52352,83,7013
104.36433,30.29271,-1,7014
103.69951,30.862129,-1,7015
103.768448,30.426774,-1,7016
104.144101,30.533879,-1,7017
103.10183,30.075986,-1,7018
103.816107,30.675142,-1,7019
103.996618,30.46878,-1,7020
103.662691,30.970685,197,7021
103.699656,30.862678,-1,7022
104.075084,30.746954,-1,7023
103.940565,30.47062,-1,7024
104.011102,30.517303,49,7025
104.29622,30.389639,-1,7026
103.600153,30.608714,-1,7027
103.703481,30.583373,-1,7028
104.050455,30.664225,15,7029
104.28395,30.646152,-1,7030
104.386565,30.30206,68,7031
104.36737,30.289668,-1,7032
104.466137,30.343935,-1,7033
104.223441,30.794575,101,7034
104.193024,30.693079,-1,7035
103.912438,30.616386,-1,7036
103.796748,30.646636,158,7037
103.929652,30.699854,149,7038
103.825262,30.932889,-1,7039
104.603803,30.684855,98,7040
103.929475,30.941228,-1,7041
104.408698,30.344366,-1,7042
103.959224,30.64966,210,7043
104.193516,30.528967,166,7044
103.918804,30.311806,-1,7045
104.093161,30.438278,-1,7046
104.224541,30.48434,-1,7047
103.900518,30.541237,-1,7048
104.09898,30.607523,-1,7049
103.870335,30.702826,47,7050
104.179181,30.520536,-1,7051
103.071403,29.8716,-1,7052
103.696611,30.396229,-1,7053
103.710291,30.319587,-1,7054
104.368617,31.104238,-1,7055
103.966925,30.435459,110,7056
104.023289,30.894251,-1,7057
104.096301,30.540766,18,7058
104.125263,30.769457,173,7059
103.487903,30.757998,-1,7060
104.20147,30.739426,-1,7061
104.285183,30.57289,-1,7062
104.161361,30.599431,235,7063
104.086162,30.456894,-1,7064
103.916767,30.634579,-1,7065
103.878618,30.198408,131,7066
104.343994,30.644715,-1,7067
104.411494,30.34462,-1,7068
104.561613,30.393989,-1,7069
103.434613,30.940165,-1,7070
103.966525,30.626085,-1,7071
103.999675,30.514299,-1,7072
104.204623,30.730778,89,7073
104.079309,30.779185,-1,7074
103.820051,30.60985,-1,7075
104.462719,31.057261,-1,7076
104.193491,30.529379,166,7077
104.174996,30.727856,191,7078
104.784104,30.836733,-1,7079
103.549623,30.211261,-1,7080
104.485748,30.444371,-1,7081
103.506015,30.558806,150,7082
104.033815,30.525174,-1,7083
103.710464,30.524976,-1,7084
104.036576,30.23583,-1,7085
104.143135,30.41225,-1,7086
104.104645,30.813096,-1,7087
103.618642,30.978177,-1,7088
104.335403,30.328881,-1,7089
104.193375,30.737587,-1,7090
104.022761,30.611021,-1,7091
103.999137,30.755327,-1,7092
103.887212,30.427998,-1,7093
104.221466,30.544475,-1,7094
104.520574,30.629215,-1,7095
104.199311,30.739973,-1,7096
104.050813,30.447343,-1,7097
104.08097,30.71519,-1,7098
104.343079,30.881819,-1,7099
104.13432,30.662576,-1,7100
104.112923,30.578923,1,7101
104.149604,30.622623,163,7102
103.868865,30.659305,-1,7103
104.008841,30.590564,156,7104
103.928915,30.742392,-1,7105
104.62379,30.10168,-1,7106
103.916301,30.369013,172,7107
104.203494,30.726334,55,7108
104.228111,30.792199,-1,7109
104.61722,30.686641,-1,7110
104.135649,30.805836,132,7111
103.87018,30.77596,-1,7112
103.937403,30.61436,104,7113
104.375744,30.951179,-1,7114
103.829615,31.048216,-1,7115
103.945246,30.528838,-1,7116
104.145901,30.582331,-1,7117
104.333626,30.644721,53,7118
103.922865,30.716872,80,7119
103.988194,30.627722,145,7120
104.114575,30.747708,-1,7121
104.370462,30.289182,-1,7122
104.044248,30.445134,41,7123
104.082,30.474168,-1,7124
104.04779,30.541598,211,7125
104.099434,30.753969,266,7126
104.043271,30.62,-1,7127
104.100695,30.749667,-1,7128
104.104451,30.404296,-1,7129
103.795188,30.446835,-1,7130
104.023626,30.541935,-1,7131
104.106935,30.491092,-1,7132
103.843151,30.799047,-1,7133
104.181286,30.803069,-1,7134
104.413506,30.483193,-1,7135
104.064187,30.329345,-1,7136
103.973636,30.625337,141,7137
103.504836,30.725265,-1,7138
104.24558,30.651064,-1,7139
104.178651,30.78306,207,7140
104.236475,30.723167,-1,7141
103.060245,30.02805,-1,7142
103.970619,30.469909,-1,7143
103.859599,30.663098,-1,7144
104.41337,30.483409,-1,7145
104.118695,30.757226,13,7146
104.25582,30.577964,-1,7147
104.072042,30.270637,-1,7148
103.876316,30.500658,-1,7149
104.19017,30.78871,-1,7150
104.102042,30.576524,-1,7151
104.342499,30.678674,-1,7152
104.15384,30.615924,-1,7153
103.88444,30.665482,219,7154
103.957611,30.046705,-1,7155
103.952836,30.677855,-1,7156
103.858568,30.66363,-1,7157
103.813556,30.423808,-1,7158
104.000499,30.591748,-1,7159
103.995356,30.444126,-1,7160
104.06492,30.371204,-1,7161
103.937101,30.77481,-1,7162
104.244972,30.645266,48,7163
104.116697,30.684242,-1,7164
103.888537,30.556145,4,7165
104.07672,30.624376,-1,7166
103.888314,30.777527,-1,7167
104.120327,30.773294,171,7168
103.987607,30.466736,-1,7169
103.053594,30.025088,-1,7170
103.744057,30.356989,-1,7171
104.077601,30.794776,121,7172
104.23485,30.646068,24,7173
104.069469,30.722121,-1,7174
103.552838,30.530157,-1,7175
104.009147,30.763899,-1,7176
104.231843,30.639869,-1,7177
104.184078,30.552969,-1,7178
103.858568,30.66363,-1,7179
104.094251,30.58648,-1,7180
104.0682,30.662652,-1,7181
103.887582,30.586116,-1,7182
104.112788,30.753188,39,7183
104.079393,30.818108,-1,7184
104.387178,30.302574,68,7185
104.087378,30.779478,-1,7186
104.299349,30.644565,-1,7187
103.972833,30.622232,146,7188
103.909589,30.883529,-1,7189
104.163187,30.60036,-1,7190
104.077601,30.794776,121,7191
103.718182,30.60986,243,7192
104.054394,30.457028,138,7193
103.990172,30.751827,-1,7194
104.158946,30.708991,-1,7195
104.530241,30.635767,-1,7196
104.803966,30.152275,205,7197
103.999254,30.466069,198,7198
103.905321,30.236995,-1,7199
103.93693,30.782604,-1,7200
104.020837,29.139514,70,7201
103.936008,30.90522,113,7202
104.327268,30.306761,136,7203
103.716634,30.593279,-1,7204
103.961243,30.661878,-1,7205
104.14435,30.838175,-1,7206
104.035154,30.298108,196,7207
104.099371,30.288626,-1,7208
103.893397,30.513675,135,7209
103.934679,30.548672,-1,7210
103.66288,30.970929,197,7211
104.038667,30.333461,-1,7212
104.112655,30.752595,39,7213
104.220824,30.584624,-1,7214
103.94175,30.736462,-1,7215
104.187083,30.717767,-1,7216
104.132434,30.66718,-1,7217
104.469641,30.847748,6,7218
103.923202,30.717344,80,7219
103.797023,30.643422,176,7220
104.448339,30.857383,-1,7221
103.967215,30.617984,-1,7222
103.832817,30.549899,-1,7223
104.221075,30.639146,0,7224
103.58659,30.388381,-1,7225
103.867725,30.472336,-1,7226
104.540174,30.709491,-1,7227
103.998669,30.669436,118,7228
103.671844,30.332606,-1,7229
104.045671,30.760436,-1,7230
104.313866,30.842977,-1,7231
103.877534,30.491288,-1,7232
103.63237,30.302884,-1,7233
103.903011,30.928297,-1,7234
104.509042,30.352148,94,7235
103.846519,30.428032,-1,7236
102.244898,29.763481,-1,7237
104.003387,30.734844,-1,7238
103.962207,30.933146,-1,7239
103.797343,30.643747,176,7240
104.045636,30.202912,-1,7241
104.37881,30.292544,254,7242
103.535805,30.750176,-1,7243
104.796063,29.979434,-1,7244
104.623527,30.854401,-1,7245
104.756528,30.627009,-1,7246
104.299349,30.644565,-1,7247
103.707078,30.582179,-1,7248
103.838056,30.899527,-1,7249
104.489171,30.494,122,7250
104.151592,30.775762,84,7251
103.828137,31.021236,-1,7252
104.185437,30.684367,8,7253
103.892945,30.447729,-1,7254
104.071968,30.190259,-1,7255
104.192359,30.485013,-1,7256
103.960037,30.517433,28,7257
103.896511,30.666125,34,7258
103.842913,30.576706,-1,7259
104.091579,30.525033,83,7260
104.455652,30.462283,-1,7261
103.643447,30.470186,154,7262
104.705912,30.085414,-1,7263
104.49404,30.325803,-1,7264
103.999689,30.466525,198,7265
103.496964,30.547233,226,7266
103.870371,30.781159,-1,7267
104.119503,30.771866,171,7268
103.959644,30.517111,28,7269
104.13781,30.41243,-1,7270
104.228014,30.788089,-1,7271
103.811113,31.036656,-1,7272
104.188979,30.492123,-1,7273
104.23491,30.646271,24,7274
104.114998,30.405691,-1,7275
103.797305,30.872124,-1,7276
103.96034,30.842959,-1,7277
103.87096,30.619294,-1,7278
103.269177,30.287081,-1,7279
104.045671,30.760436,-1,7280
103.679974,30.290933,-1,7281
104.130761,30.671083,-1,7282
103.97025,30.650089,114,7283
104.166675,30.636406,-1,7284
103.701553,30.602755,78,7285
104.333805,30.645182,53,7286
103.720375,31.202203,-1,7287
104.202445,30.737636,-1,7288
103.682364,30.85902,-1,7289
104.1132,30.582948,-1,7290
104.643339,29.784464,-1,7291
104.235247,30.647017,24,7292
104.13542,30.689929,-1,7293
104.162818,30.556963,174,7294
104.062943,30.179963,-1,7295
103.792121,30.599094,-1,7296
103.575675,30.262156,-1,7297
104.085428,30.596479,-1,7298
103.753873,31.015123,-1,7299
104.482918,30.330565,-1,7300
104.340575,30.645411,-1,7301
104.163243,30.600626,-1,7302
103.791304,30.603946,-1,7303
103.993256,30.923828,-1,7304
104.095385,30.562672,-1,7305
104.21744,30.694314,-1,7306
103.737616,31.015867,-1,7307
103.831509,30.616021,-1,7308
104.240592,30.959814,-1,7309
103.816724,30.569592,-1,7310
104.318527,30.861346,22,7311
104.041446,30.517226,-1,7312
104.223761,30.566298,19,7313
103.813202,30.425563,-1,7314
104.539357,31.859515,-1,7315
104.42414,30.818561,-1,7316
103.897704,30.984555,-1,7317
103.678394,31.030088,147,7318
104.012961,29.139559,-1,7319
104.309057,30.865375,11,7320
104.343928,30.669283,-1,7321
104.099131,30.426973,-1,7322
104.013977,30.558245,-1,7323
103.970834,30.988803,-1,7324
104.05069,30.447527,-1,7325
104.302458,30.244038,-1,7326
104.223662,30.794411,101,7327
103.908759,30.543321,199,7328
103.902482,30.658549,160,7329
104.181343,30.513726,-1,7330
104.191068,30.732799,-1,7331
103.785817,30.652261,-1,7332
104.163236,30.593574,261,7333
104.208478,30.524206,169,7334
104.298863,30.873085,-1,7335
104.446803,30.473235,-1,7336
104.378413,30.282913,-1,7337
103.468091,30.754819,-1,7338
103.819214,31.659813,-1,7339
104.086362,30.585987,-1,7340
104.386932,30.321715,-1,7341
104.323067,29.777537,-1,7342
104.081328,30.521629,-1,7343
104.194497,30.595055,-1,7344
104.125227,30.76939,173,7345
104.020348,30.841813,-1,7346
103.980435,30.451682,-1,7347
103.951175,30.939312,-1,7348
104.100197,30.458918,100,7349
103.697252,30.397961,268,7350
103.87183,30.600627,-1,7351
104.07141,30.46464,-1,7352
104.491128,30.321881,-1,7353
104.188348,30.765945,-1,7354
103.515901,30.578457,164,7355
104.165309,30.659122,62,7356
104.164924,30.51611,-1,7357
104.225485,30.63876,-1,7358
104.038486,30.719423,-1,7359
104.529387,30.643321,-1,7360
104.234964,30.646794,24,7361
103.937611,30.614153,104,7362
104.771797,30.006038,-1,7363
104.348021,30.529931,-1,7364
103.696464,30.58258,-1,7365
104.610339,31.298284,-1,7366
103.944546,31.002477,-1,7367
104.16271,30.556442,174,7368
104.006008,30.521127,-1,7369
103.929561,30.300733,-1,7370
104.098237,30.594441,-1,7371
104.202892,30.725944,55,7372
103.724742,30.578399,257,7373
103.958623,30.649292,210,7374
103.887901,30.059681,-1,7375
103.452133,30.474746,-1,7376
104.051862,30.54121,57,7377
104.451081,30.857363,-1,7378
104.119896,30.772829,171,7379
104.496647,30.46557,-1,7380
104.235502,30.646938,24,7381
103.888854,30.558345,-1,7382
104.555193,30.35336,202,7383
104.393135,30.283644,192,7384
103.883235,30.480097,-1,7385
104.385609,30.285733,-1,7386
104.18373,30.76468,-1,7387
104.643339,29.784464,-1,7388
103.999139,30.753534,-1,7389
104.146662,30.782095,-1,7390
103.952853,30.021995,-1,7391
104.488296,30.46218,244,7392
104.060931,30.436588,-1,7393
103.860731,30.804205,111,7394
104.166712,30.659193,-1,7395
104.411494,30.34462,-1,7396
103.984141,30.829947,-1,7397
104.183172,30.657081,-1,7398
104.311536,30.278486,-1,7399
104.071936,30.441102,-1,7400
103.973796,30.429626,87,7401
103.919446,30.541141,-1,7402
103.972998,30.40906,-1,7403
103.515481,30.25097,-1,7404
104.318684,30.861126,22,7405
103.780643,30.57754,-1,7406
104.221495,30.63913,0,7407
104.071965,30.319182,-1,7408
104.199659,30.740342,-1,7409
103.489739,30.184678,220,7410
104.217366,30.77819,-1,7411
103.461901,30.383504,-1,7412
104.318651,30.861048,22,7413
103.81499,30.894229,-1,7414
103.864008,30.665465,-1,7415
104.467225,30.485153,-1,7416
104.106851,30.768796,-1,7417
104.157111,30.08914,-1,7418
104.17034,30.737927,-1,7419
103.881465,31.087498,-1,7420
102.702921,29.97221,-1,7421
104.095803,30.624791,-1,7422
104.169118,30.741212,16,7423
104.268816,30.644174,-1,7424
104.191616,30.790356,-1,7425
104.474574,30.347284,-1,7426
103.696354,30.399478,-1,7427
103.876049,30.500873,-1,7428
103.93857,30.616292,40,7429
104.072342,30.200882,-1,7430
104.059615,30.420712,-1,7431
103.957201,30.647446,31,7432
103.815327,30.607568,-1,7433
103.866094,30.384264,-1,7434
103.720387,30.595049,-1,7435
103.990882,30.905522,-1,7436
103.489115,30.527106,-1,7437
103.975163,30.408588,-1,7438
104.129365,30.671415,-1,7439
103.643777,30.716041,-1,7440
104.013611,29.139126,-1,7441
104.100074,30.651838,265,7442
103.825373,30.400541,-1,7443
104.193813,30.821467,-1,7444
103.727917,30.558749,116,7445
104.03338,30.715239,-1,7446
104.072949,30.718822,170,7447
104.800922,29.728511,-1,7448
103.980638,31.073111,-1,7449
104.188631,30.731806,-1,7450
104.180856,30.537097,-1,7451
102.668842,29.535893,-1,7452
104.084061,30.660322,-1,7453
104.764158,30.383771,-1,7454
104.552053,30.097151,-1,7455
104.439558,30.350729,-1,7456
103.516683,30.392068,-1,7457
103.825489,30.452162,-1,7458
104.097566,30.649434,-1,7459
104.360656,30.429611,-1,7460
103.968211,30.981542,-1,7461
103.96335,30.940445,-1,7462
104.52328,30.430252,38,7463
104.010868,30.511639,206,7464
104.386565,30.30206,68,7465
104.531087,30.662765,36,7466
104.21996,30.587786,-1,7467
103.797279,29.641541,-1,7468
104.203747,30.726025,55,7469
103.927884,30.612159,-1,7470
104.01215,30.464079,253,7471
103.862869,30.305961,-1,7472
103.532299,31.404498,99,7473
104.112145,31.075876,-1,7474
104.233744,30.194694,-1,7475
104.069051,30.535516,-1,7476
103.974037,30.800243,-1,7477
104.556158,30.725684,-1,7478
104.046651,30.54036,-1,7479
104.196448,30.737992,-1,7480
103.908484,30.660863,180,7481
104.332268,30.355695,-1,7482
103.940967,30.567205,-1,7483
104.031743,30.718379,-1,7484
103.108051,29.288054,-1,7485
104.118807,30.75691,13,7486
104.077842,30.794907,121,7487
104.897793,29.763513,-1,7488
103.768417,30.471466,-1,7489
103.87857,30.198158,131,7490
104.118667,30.757022,13,7491
104.212705,30.605289,-1,7492
103.930468,30.741003,-1,7493
104.546675,29.503799,222,7494
103.937467,30.614037,104,7495
103.997679,30.757471,-1,7496
104.075412,30.381379,-1,7497
103.98746,30.45271,-1,7498
104.216699,30.821925,-1,7499
103.937145,30.614973,104,7500
104.185342,30.684477,8,7501
104.175612,30.715253,153,7502
104.01158,30.590909,-1,7503
104.224138,30.566549,19,7504
103.717689,30.609139,243,7505
104.494975,30.489335,-1,7506
103.497269,30.567255,-1,7507
104.199318,30.749036,-1,7508
104.4855,30.335225,-1,7509
103.742199,30.441244,-1,7510
104.064771,30.437789,-1,7511
104.221165,30.638867,0,7512
103.794963,30.441269,221,7513
104.121858,30.538524,-1,7514
104.064955,30.632391,95,7515
103.832961,30.421812,-1,7516
104.268814,30.578654,151,7517
103.509696,30.562396,-1,7518
103.551571,30.217825,-1,7519
103.876333,30.49138,-1,7520
104.006953,30.592738,33,7521
103.986308,30.215845,-1,7522
104.180073,30.6194,-1,7523
104.177198,30.482768,-1,7524
104.050229,30.537935,-1,7525
104.371908,30.864203,81,7526
103.846604,30.42862,-1,7527
103.895104,30.601823,-1,7528
103.935342,30.548821,-1,7529
104.449931,30.480843,59,7530
103.912755,30.977823,-1,7531
103.878618,30.198408,131,7532
103.697139,30.399029,268,7533
104.245393,30.645416,48,7534
104.224036,30.794649,101,7535
103.963365,30.657915,-1,7536
103.949807,30.791482,-1,7537
103.633875,30.95967,-1,7538
103.961141,30.628003,-1,7539
104.052178,30.54104,57,7540
104.071215,30.688699,-1,7541
103.81438,30.846645,-1,7542
104.022876,30.522773,-1,7543
103.644331,30.928307,-1,7544
104.578217,30.730702,-1,7545
103.873821,30.417359,236,7546
103.885383,31.028255,-1,7547
104.222489,30.710026,-1,7548
103.977798,30.688807,91,7549
104.072031,30.222716,-1,7550
104.073255,30.718658,170,7551
104.455713,30.463234,-1,7552
104.490022,30.46064,-1,7553
104.041419,30.5933,51,7554
103.790244,30.642405,-1,7555
103.992876,29.024408,-1,7556
103.677343,30.949507,-1,7557
103.964423,30.637159,30,7558
103.513587,30.354457,-1,7559
104.102042,30.576524,-1,7560
103.598069,30.274362,-1,7561
104.215461,30.821176,21,7562
103.989343,30.596511,-1,7563
104.152176,30.773304,-1,7564
104.223084,30.67501,65,7565
104.01583,30.616316,-1,7566
104.221223,30.638641,0,7567
104.105602,30.587353,92,7568
104.0587,30.650962,215,7569
104.00627,30.592334,33,7570
104.169127,30.531825,213,7571
103.806687,30.429571,-1,7572
104.49749,30.489618,-1,7573
104.185783,30.720179,134,7574
104.150147,30.616181,37,7575
103.936085,30.905548,113,7576
104.115143,30.835413,-1,7577
104.05055,30.750202,-1,7578
104.508771,30.354515,94,7579
103.592734,31.025704,-1,7580
104.202753,30.725955,55,7581
103.560322,30.548444,148,7582
103.983861,30.219292,-1,7583
104.203514,30.726108,55,7584
104.508876,29.498984,-1,7585
103.997818,30.083249,-1,7586
104.093158,30.537969,-1,7587
103.910175,30.733067,267,7588
103.918488,30.416873,-1,7589
104.190148,30.510925,-1,7590
103.686572,30.837572,231,7591
103.956127,30.464136,-1,7592
104.106443,30.755015,-1,7593
104.190105,30.662341,-1,7594
104.257411,30.530302,-1,7595
104.128015,30.694145,-1,7596
103.88898,31.025267,-1,7597
104.001689,30.748018,-1,7598
103.748812,30.393496,-1,7599
103.972115,30.542019,262,7600
104.02446,30.731666,-1,7601
104.182861,30.71743,182,7602
104.069864,30.768503,71,7603
104.104965,30.44905,-1,7604
103.963516,30.447986,168,7605
104.309134,30.865095,11,7606
104.31785,30.277143,-1,7607
104.309057,30.865375,11,7608
103.527958,30.376931,259,7609
103.710444,30.319152,-1,7610
104.069015,30.393299,-1,7611
104.890759,30.169377,-1,7612
103.442246,30.401711,-1,7613
104.359437,30.66201,-1,7614
104.262102,30.807881,-1,7615
104.08469,30.455478,66,7616
103.760922,30.406003,-1,7617
104.031691,30.321453,-1,7618
104.123028,30.597386,-1,7619
104.118667,30.757022,13,7620
103.985403,30.573142,-1,7621
103.988481,30.627808,145,7622
104.286155,30.646197,-1,7623
103.677145,30.339017,117,7624
103.889587,30.430657,-1,7625
103.998928,30.669531,118,7626
103.893564,30.35672,-1,7627
104.018347,30.248148,-1,7628
103.837451,30.357971,208,7629
104.024449,30.447041,-1,7630
104.172274,30.659278,209,7631
104.070687,30.472106,-1,7632
103.85098,30.820363,185,7633
104.051216,30.476885,201,7634
104.100671,30.521084,-1,7635
103.801538,30.647457,-1,7636
103.836361,30.842882,-1,7637
104.294188,30.851484,-1,7638
104.027575,30.669002,-1,7639
104.261657,30.615058,-1,7640
104.085936,30.38483,-1,7641
104.349336,31.050147,-1,7642
103.887406,30.27586,-1,7643
104.036934,30.537838,-1,7644
103.79581,31.167038,-1,7645
104.082071,30.488062,-1,7646
103.959963,30.939062,-1,7647
104.311803,30.298883,189,7648
103.875427,30.722345,-1,7649
104.31733,30.302744,-1,7650
103.586533,30.268531,-1,7651
104.494603,31.731999,-1,7652
104.100822,30.684039,-1,7653
103.886977,30.528513,105,7654
104.103309,30.532713,-1,7655
104.015235,30.527083,-1,7656
104.206609,30.699235,-1,7657
104.503732,30.426643,-1,7658
103.959758,30.164478,-1,7659
104.355716,30.348796,-1,7660
104.13846,30.610632,237,7661
104.166771,30.393961,-1,7662
104.100674,30.706593,-1,7663
104.203076,30.8581,-1,7664
103.038226,29.908469,-1,7665
103.988824,30.62795,145,7666
104.175624,30.700188,-1,7667
103.458979,30.371761,-1,7668
104.137362,30.591871,-1,7669
103.930467,30.692777,-1,7670
104.169888,30.641841,-1,7671
104.214513,30.583577,218,7672
104.075669,30.763505,-1,7673
104.219817,30.647644,-1,7674
104.066372,30.329437,271,7675
103.601534,31.064556,96,7676
104.099817,30.52411,-1,7677
104.326564,30.860095,126,7678
103.915141,30.711403,-1,7679
104.994577,30.294827,-1,7680
103.888273,30.556012,4,7681
104.498008,30.34868,-1,7682
104.074987,30.734774,-1,7683
103.718071,30.609804,243,7684
103.885075,30.165368,-1,7685
104.068301,30.325979,-1,7686
104.133191,30.623593,-1,7687
104.169403,30.532167,213,7688
104.381128,30.448556,-1,7689
104.071546,30.456112,-1,7690
103.647462,31.021381,-1,7691
103.062724,30.027665,-1,7692
103.956749,30.544098,-1,7693
103.669752,30.429154,-1,7694
103.969073,31.007922,-1,7695
104.406995,30.898098,-1,7696
103.948014,30.327296,-1,7697
104.23199,30.639573,-1,7698
103.970459,30.469925,-1,7699
103.798271,30.574539,-1,7700
103.658503,31.024452,-1,7701
104.054126,31.257269,-1,7702
103.703497,30.584123,-1,7703
104.064468,30.179155,142,7704
103.890752,30.248278,-1,7705
104.536649,30.428461,-1,7706
103.921176,30.703074,74,7707
104.139168,30.010886,-1,7708
104.209975,30.901594,-1,7709
104.242907,30.650804,25,7710
104.202753,30.725955,55,7711
103.760891,30.408777,-1,7712
103.937171,30.613437,104,7713
104.24476,30.605794,-1,7714
103.478313,30.427929,-1,7715
103.686939,31.014719,-1,7716
104.072081,30.282005,-1,7717
104.111414,30.706708,-1,7718
104.112953,30.752729,39,7719
104.487927,30.351918,-1,7720
104.009112,30.720841,-1,7721
104.12793,30.580074,-1,7722
103.975954,30.782846,-1,7723
103.972833,30.665861,-1,7724
104.249378,30.757884,-1,7725
104.049431,30.722464,-1,7726
103.859534,30.833016,-1,7727
103.946509,30.484085,-1,7728
104.171299,30.629859,-1,7729
103.553993,30.530379,-1,7730
104.266454,30.854072,-1,7731
104.248185,30.920758,-1,7732
104.366119,30.801762,-1,7733
104.249678,30.860413,-1,7734
104.131042,30.524064,-1,7735
104.167843,30.619845,-1,7736
103.969005,31.008125,-1,7737
103.972179,30.542201,262,7738
103.962883,30.4481,168,7739
104.205509,30.743279,-1,7740
104.100932,30.438846,-1,7741
104.501658,30.616178,-1,7742
103.489484,30.74957,-1,7743
104.453957,30.606003,-1,7744
103.90984,30.544519,199,7745
104.424714,30.353325,-1,7746
104.294141,30.522485,-1,7747
102.892049,30.16342,-1,7748
104.273354,29.941234,-1,7749
104.244518,30.645472,48,7750
104.048953,30.488895,-1,7751
103.854743,29.870864,-1,7752
104.118573,30.468758,-1,7753
103.904831,30.567661,-1,7754
104.244972,30.645266,48,7755
104.1813,30.682512,-1,7756
104.263877,30.994403,-1,7757
103.943612,30.663024,-1,7758
104.177733,30.718923,17,7759
104.071142,30.725235,69,7760
104.286124,30.679217,-1,7761
104.404725,30.124486,-1,7762
104.586304,30.734546,-1,7763
104.00196,30.587101,-1,7764
104.175233,30.664484,2,7765
103.958119,30.662825,35,7766
103.946712,30.665778,-1,7767
103.687599,31.012858,-1,7768
103.969146,30.366564,200,7769
103.978638,30.467071,-1,7770
104.244565,30.645476,48,7771
104.125371,30.769488,173,7772
104.610797,31.2988,-1,7773
103.937477,30.61912,137,7774
103.853828,30.891858,-1,7775
104.016014,30.485526,-1,7776
103.999882,30.467158,198,7777
104.118695,30.757226,13,7778
103.935764,30.905332,113,7779
104.196397,31.191095,-1,7780
104.097225,30.759101,-1,7781
103.83899,30.316193,-1,7782
104.966161,30.482427,-1,7783
103.414351,30.770202,-1,7784
103.873504,30.344954,-1,7785
103.956219,30.654603,-1,7786
103.572742,30.470277,-1,7787
104.175335,30.664364,2,7788
104.481008,30.351258,-1,7789
104.327389,30.307764,136,7790
104.334848,30.643625,-1,7791
103.983853,30.219136,-1,7792
103.185557,30.135656,-1,7793
103.791156,30.566556,-1,7794
104.03711,30.148366,129,7795
104.752944,30.629548,-1,7796
104.000189,30.52035,-1,7797
103.888025,30.556196,4,7798
104.254905,30.859326,228,7799
103.910127,30.732798,267,7800
104.872528,30.064725,-1,7801
104.007706,30.554359,216,7802
104.125163,30.769213,173,7803
104.132196,30.407516,-1,7804
104.210819,30.608251,-1,7805
104.116078,30.452196,-1,7806
103.937519,30.61926,137,7807
104.118439,30.757128,13,7808
104.512349,30.612709,-1,7809
104.308786,30.865297,11,7810
104.014258,30.504252,-1,7811
104.146333,30.70319,-1,7812
104.500216,30.480251,-1,7813
104.068286,30.183576,-1,7814
103.969315,30.366549,200,7815
104.592009,30.167312,-1,7816
104.243284,30.650886,25,7817
104.178934,30.783049,207,7818
104.164798,30.549423,-1,7819
103.670426,30.912437,-1,7820
103.259092,30.559965,229,7821
103.892131,30.778459,-1,7822
104.180999,30.718161,-1,7823
104.563959,30.387931,-1,7824
104.361506,30.435014,-1,7825
104.508771,30.354515,94,7826
103.542844,30.554885,-1,7827
104.056118,30.428083,46,7828
104.054578,30.653764,139,7829
104.092089,30.573185,-1,7830
104.227117,30.650605,-1,7831
103.994769,30.443628,-1,7832
103.828466,30.644301,-1,7833
103.697284,30.398629,268,7834
103.876297,30.500604,-1,7835
103.809748,30.630544,7,7836
104.130344,30.669115,-1,7837
104.045115,30.445528,41,7838
104.268114,30.650122,-1,7839
103.740971,30.395614,-1,7840
104.24334,30.64585,48,7841
104.186631,30.716433,14,7842
104.504675,30.364017,-1,7843
104.133015,30.649645,-1,7844
104.102259,30.512094,-1,7845
104.340064,30.671157,-1,7846
104.331426,30.29676,-1,7847
104.242502,30.650188,25,7848
104.11617,30.478719,-1,7849
104.166123,30.712215,109,7850
104.868422,29.762055,-1,7851
103.972751,30.48953,-1,7852
104.414573,30.944582,-1,7853
104.081811,30.460039,-1,7854
104.080784,30.710052,-1,7855
103.87995,30.404443,119,7856
104.293819,30.971671,-1,7857
103.947879,30.554213,-1,7858
104.021354,29.137722,-1,7859
103.996333,30.426163,-1,7860
104.115377,30.418239,-1,7861
104.001834,30.128261,-1,7862
104.345782,30.828979,-1,7863
103.95981,30.656182,-1,7864
103.932337,30.655,-1,7865
104.262478,30.874449,-1,7866
104.330521,30.734817,-1,7867
103.701405,30.602361,78,7868
104.057973,30.380819,-1,7869
104.49122,30.37067,-1,7870
104.081547,30.508236,-1,7871
104.349764,30.486875,-1,7872
103.965546,30.310375,-1,7873
104.337903,30.645656,-1,7874
104.185938,30.718496,134,7875
104.081541,30.467263,-1,7876
103.820533,30.741828,-1,7877
104.085125,30.683507,241,7878
104.522997,30.663088,-1,7879
103.322732,30.333596,-1,7880
103.887355,30.427649,-1,7881
104.201001,31.190201,-1,7882
104.430888,30.891463,-1,7883
103.937619,30.661653,-1,7884
104.535117,30.637205,-1,7885
104.104144,30.453172,-1,7886
103.395865,30.546081,-1,7887
104.484915,30.348001,-1,7888
103.459993,30.746619,61,7889
103.895741,30.66619,34,7890
103.531818,31.405107,99,7891
104.04534,30.569332,-1,7892
103.969097,30.951085,-1,7893
103.953578,30.662021,230,7894
104.297548,31.034996,188,7895
104.410256,30.758608,-1,7896
104.39225,30.283657,192,7897
104.104305,30.40664,-1,7898
103.929286,30.699364,149,7899
104.085313,30.727517,-1,7900
104.101683,30.534695,-1,7901
104.501173,30.474002,161,7902
104.005639,30.515525,-1,7903
104.195433,30.588222,-1,7904
103.965442,30.786931,-1,7905
103.730033,30.554252,-1,7906
103.959125,30.152581,-1,7907
103.974054,31.032136,140,7908
103.957343,30.352353,-1,7909
104.47375,30.486477,-1,7910
103.812427,30.571656,250,7911
104.05038,30.541682,57,7912
104.238215,30.639027,-1,7913
104.073328,30.718744,170,7914
104.040486,30.581749,247,7915
104.48596,30.33473,-1,7916
103.677733,30.338977,117,7917
104.259409,30.812762,-1,7918
103.845821,30.432,-1,7919
104.227738,30.783269,-1,7920
104.225916,30.793321,101,7921
103.783234,30.43543,-1,7922
103.955414,30.650886,-1,7923
104.99063,29.542807,128,7924
103.913392,30.710797,-1,7925
103.54149,30.743533,-1,7926
103.678148,31.029831,147,7927
104.081845,30.564017,-1,7928
103.699269,30.399848,-1,7929
103.922472,30.67028,-1,7930
103.921142,30.702995,74,7931
104.066829,30.62844,-1,7932
104.37933,30.292127,254,7933
103.971093,30.469961,-1,7934
103.796707,31.034247,-1,7935
103.915085,30.606977,-1,7936
104.080783,30.513512,127,7937
103.939986,30.470728,-1,7938
103.990849,30.739226,183,7939
103.819214,31.659813,-1,7940
103.854375,30.658615,-1,7941
103.885796,30.583907,-1,7942
104.17181,30.782647,-1,7943
103.89269,31.019994,-1,7944
103.701361,30.602224,78,7945
103.831592,30.667634,-1,7946
104.203469,30.726384,55,7947
104.327313,30.307812,136,7948
103.894332,30.748561,-1,7949
103.812184,30.632564,7,7950
104.346101,30.865133,-1,7951
104.087375,30.467729,-1,7952
103.956529,30.649714,-1,7953
104.089401,30.540435,-1,7954
104.023064,30.428918,-1,7955
104.327259,30.306744,136,7956
104.411194,30.344231,-1,7957
104.484899,30.335752,-1,7958
103.913627,30.631004,9,7959
104.183684,29.975875,-1,7960
103.452412,30.466027,-1,7961
104.456155,30.462198,-1,7962
103.948536,30.537009,-1,7963
103.789894,29.743089,-1,7964
104.29761,31.035041,188,7965
103.889514,30.383805,-1,7966
103.967421,30.585862,246,7967
103.974552,30.468551,-1,7968
103.637305,30.956936,-1,7969
104.009791,30.590066,-1,7970
104.462386,31.234167,-1,7971
104.221263,30.639438,0,7972
103.77611,30.599612,-1,7973
104.066596,30.644766,-1,7974
103.553017,30.22104,44,7975
104.04754,30.428967,67,7976
103.637061,30.927783,-1,7977
103.80863,30.459325,-1,7978
103.865016,31.049397,-1,7979
104.022858,30.229642,-1,7980
103.964717,30.641491,-1,7981
104.151541,30.725369,-1,7982
103.788997,30.699068,-1,7983
103.459753,30.74712,61,7984
104.165404,30.548437,-1,7985
104.108134,30.584983,-1,7986
103.97321,30.316697,-1,7987
104.067691,30.325801,-1,7988
103.717057,30.592481,-1,7989
103.55808,30.219103,-1,7990
103.84443,30.649045,-1,7991
103.940128,30.614357,106,7992
104.034687,30.587957,-1,7993
104.19422,30.691617,-1,7994
104.063476,30.167652,-1,7995
104.044671,30.657915,-1,7996
104.166712,30.659193,-1,7997
104.138727,30.638132,-1,7998
103.677875,30.338616,117,7999
104.059951,30.674379,-1,8000
103.690138,30.93926,-1,8001
104.087429,30.804057,-1,8002
103.813712,30.631408,-1,8003
103.799616,30.394575,-1,8004
103.656635,30.897717,-1,8005
103.671363,30.332803,-1,8006
104.061326,30.419247,26,8007
104.177465,30.718712,17,8008
103.862281,30.447093,-1,8009
104.390384,30.300882,-1,8010
103.942411,30.550622,-1,8011
104.092337,30.879603,-1,8012
104.37819,30.313582,195,8013
104.334225,30.834257,-1,8014
103.555868,30.422242,-1,8015
104.077657,30.79482,121,8016
103.963898,30.541345,-1,8017
103.911747,30.798417,-1,8018
104.555675,30.353227,202,8019
104.272774,30.814596,-1,8020
104.136949,30.788303,-1,8021
103.86706,30.873068,-1,8022
104.329676,30.853879,-1,8023
103.960025,30.517244,28,8024
103.825182,30.44625,-1,8025
103.670008,30.428663,-1,8026
104.023171,30.403232,-1,8027
104.579376,30.727582,-1,8028
104.092447,30.449149,-1,8029
103.971039,30.650691,114,8030
103.885887,31.028538,-1,8031
104.326395,30.86011,126,8032
104.024253,30.617188,-1,8033
103.810642,30.632015,7,8034
104.321481,31.11674,-1,8035
104.137066,30.691012,-1,8036
104.367415,30.43489,-1,8037
103.870682,30.702154,47,8038
104.05236,30.473795,-1,8039
104.202693,30.726155,55,8040
103.79843,31.166968,-1,8041
104.059123,30.65062,215,8042
103.911555,30.75246,-1,8043
103.861593,30.796817,-1,8044
103.937145,30.614753,104,8045
104.488584,30.493333,122,8046
103.941178,30.919598,-1,8047
103.897157,30.836282,76,8048
104.223817,30.566281,19,8049
104.09381,30.581291,64,8050
104.018151,29.140286,-1,8051
103.921098,30.702888,74,8052
103.89735,30.836431,76,8053
104.240765,30.598394,-1,8054
103.812532,30.954644,-1,8055
104.318912,30.860981,22,8056
104.061857,30.180986,-1,8057
103.861224,30.445544,103,8058
103.625608,30.725238,-1,8059
103.559852,30.548739,148,8060
104.097345,30.523175,-1,8061
103.935604,30.905448,113,8062
103.638758,30.486429,-1,8063
104.064828,30.632944,95,8064
104.122545,30.511939,-1,8065
104.050536,30.75012,-1,8066
104.323239,30.645163,54,8067
103.440224,30.355374,-1,8068
103.806687,30.429571,-1,8069
103.859673,30.301243,-1,8070
104.290592,30.383212,-1,8071
104.051601,30.541289,57,8072
104.164383,30.658772,62,8073
103.6863,30.836815,231,8074
103.986731,30.216019,-1,8075
104.594832,30.114885,-1,8076
104.222104,30.696304,-1,8077
104.090891,30.523116,-1,8078
104.187665,30.683216,-1,8079
104.502174,30.472955,161,8080
104.524933,30.664948,-1,8081
104.317154,30.30255,-1,8082
104.097578,30.422676,-1,8083
104.411494,30.34462,-1,8084
103.634216,30.952456,-1,8085
104.254152,30.859057,228,8086
104.62379,30.10168,-1,8087
103.880975,30.358712,-1,8088
103.940433,30.616161,-1,8089
103.994045,30.746265,-1,8090
104.072849,30.453821,-1,8091
103.916856,30.415161,-1,8092
104.102193,30.711549,-1,8093
104.373805,30.487487,-1,8094
104.2429,30.6506,25,8095
104.087106,30.576727,-1,8096
103.933983,30.782514,-1,8097
104.338214,30.774132,-1,8098
104.084237,30.637712,-1,8099
103.836068,30.320647,-1,8100
103.8794,30.488752,-1,8101
104.392971,30.283722,192,8102
103.876819,30.221019,-1,8103
103.64325,30.470046,154,8104
104.667088,30.070512,-1,8105
104.076105,30.455339,-1,8106
104.169094,30.531954,213,8107
103.872888,30.417065,236,8108
104.165354,30.658765,62,8109
103.864951,31.058358,-1,8110
104.147413,30.389828,-1,8111
103.503376,30.132334,-1,8112
104.192359,31.192442,-1,8113
104.14105,30.645198,-1,8114
104.349996,30.555409,-1,8115
103.887958,30.661233,-1,8116
104.328499,30.72059,-1,8117
104.320417,30.278198,194,8118
103.504549,30.572962,-1,8119
104.101241,30.657151,-1,8120
103.902522,30.658523,160,8121
104.053474,30.772477,-1,8122
104.13712,30.667038,-1,8123
104.116105,30.608112,-1,8124
104.4746,30.34742,-1,8125
104.324313,30.936568,-1,8126
104.173909,30.728027,191,8127
104.101173,30.426465,-1,8128
104.511983,30.421577,-1,8129
104.483325,29.699424,-1,8130
104.070567,30.766025,-1,8131
104.082178,30.51682,-1,8132
104.628095,31.175134,-1,8133
104.04639,30.572936,-1,8134
104.585728,30.73438,-1,8135
104.027512,30.669079,-1,8136
103.802425,30.452584,-1,8137
103.717188,30.609538,243,8138
104.234952,30.646068,24,8139
104.21537,30.582498,218,8140
104.843467,29.738013,-1,8141
103.53065,30.738524,-1,8142
103.940681,29.942214,-1,8143
104.093341,30.52478,83,8144
104.756604,30.6331,-1,8145
103.923113,30.716716,80,8146
103.975989,30.468907,-1,8147
104.315615,30.303037,-1,8148
103.867022,30.535191,107,8149
104.265624,30.6468,-1,8150
103.969393,30.669004,-1,8151
104.194348,30.821501,-1,8152
103.536907,30.782942,-1,8153
104.252764,30.214407,-1,8154
103.530454,31.410528,-1,8155
104.100064,30.651598,265,8156
104.580112,30.368211,-1,8157
104.01749,30.485234,-1,8158
104.179498,30.725751,-1,8159
104.051331,30.2597,-1,8160
104.002785,30.705308,-1,8161
104.121976,30.539766,-1,8162
104.05248,30.473753,-1,8163
103.923282,30.71667,80,8164
103.991659,30.661864,-1,8165
104.387276,30.298685,-1,8166
104.224947,30.793891,101,8167
103.65051,30.281009,-1,8168
103.963296,30.932105,-1,8169
104.19134,31.033002,-1,8170
103.836825,30.296961,-1,8171
104.056046,30.848041,181,8172
103.713989,30.526523,238,8173
104.532978,30.444197,-1,8174
103.94659,30.553703,-1,8175
103.859615,30.340838,-1,8176
103.481253,30.985397,-1,8177
104.398115,31.008757,-1,8178
104.090926,30.533967,-1,8179
104.116734,30.717184,-1,8180
103.889756,30.555686,-1,8181
104.167453,30.641569,-1,8182
104.042641,30.217762,-1,8183
103.937519,30.61926,137,8184
104.011249,30.517612,49,8185
103.804259,31.249705,-1,8186
103.97776,30.688166,91,8187
103.890769,30.678373,-1,8188
103.669972,30.281901,-1,8189
104.392337,30.608601,-1,8190
104.223575,30.628831,-1,8191
104.095478,30.540887,18,8192
104.201373,30.739516,-1,8193
104.061687,30.493033,-1,8194
104.012255,30.8313,-1,8195
103.510948,30.296478,-1,8196
104.291825,30.877719,-1,8197
104.474574,30.347284,-1,8198
104.446601,30.472598,-1,8199
104.868892,29.224965,-1,8200
104.052777,30.472203,-1,8201
103.467808,30.394188,-1,8202
103.923531,30.628186,-1,8203
104.010015,30.929158,-1,8204
104.222472,30.785168,-1,8205
104.114994,30.579992,1,8206
103.897104,30.543174,-1,8207
104.07884,30.366114,-1,8208
104.451789,30.349903,-1,8209
103.677156,30.399693,-1,8210
104.010579,30.520026,-1,8211
104.564585,30.37078,159,8212
103.887993,30.556246,4,8213
103.472876,30.426751,-1,8214
103.687542,30.61636,-1,8215
104.297247,30.989704,-1,8216
103.917208,30.683717,178,8217
103.883963,30.719467,-1,8218
104.38655,30.637721,-1,8219
103.538113,30.213156,-1,8220
104.026143,30.450786,-1,8221
104.20432,30.556836,-1,8222
103.888464,30.556118,4,8223
104.008783,30.59067,156,8224
103.79454,30.441025,221,8225
103.838233,30.360767,143,8226
103.49075,30.525794,-1,8227
103.661004,30.980365,-1,8228
103.909847,30.733901,267,8229
103.74925,30.530283,-1,8230
103.723932,30.405694,-1,8231
104.048511,30.470489,-1,8232
104.102906,30.575286,-1,8233
104.006979,30.453149,-1,8234
104.068727,30.536075,-1,8235
104.072333,30.731065,-1,8236
104.084495,30.58689,-1,8237
104.022261,30.5011,187,8238
103.952325,30.428136,79,8239
103.879607,30.490997,-1,8240
103.680885,30.37499,-1,8241
104.106237,30.870799,-1,8242
104.072342,30.200882,-1,8243
104.225209,30.638685,-1,8244
103.888713,30.788905,-1,8245
104.472984,30.494051,-1,8246
103.959982,30.362672,-1,8247
103.780079,30.650414,-1,8248
104.97345,29.870971,50,8249
104.124626,30.405146,-1,8250
104.075565,30.238822,-1,8251
103.974035,30.800249,-1,8252
103.081843,30.373878,-1,8253
104.20338,30.726248,55,8254
103.876712,30.613382,-1,8255
103.969068,30.366504,200,8256
103.849822,30.208015,-1,8257
103.973077,30.605663,-1,8258
103.963926,30.81131,-1,8259
103.709632,30.394015,-1,8260
104.345236,30.829093,-1,8261
103.937538,30.619379,137,8262
104.115784,30.585153,165,8263
103.897277,30.376818,-1,8264
104.009144,30.764795,-1,8265
104.013989,30.517595,-1,8266
104.245772,30.646036,48,8267
103.996199,31.445573,-1,8268
104.228699,30.692196,-1,8269
103.920944,30.940392,-1,8270
103.88605,30.666042,219,8271
104.117272,30.758395,-1,8272
104.005613,30.436663,-1,8273
104.145634,30.660732,-1,8274
103.82352,30.450052,-1,8275
103.91656,30.36929,172,8276
104.221433,30.589756,-1,8277
103.724166,30.405514,-1,8278
104.240765,30.598394,-1,8279
103.681986,30.408598,-1,8280
104.273151,30.828014,-1,8281
103.953982,30.525914,-1,8282
103.794376,30.427062,-1,8283
103.884132,30.665545,219,8284
104.040497,30.671622,-1,8285
103.93619,30.660485,-1,8286
103.81002,30.460793,-1,8287
103.876113,30.500873,-1,8288
103.489284,30.184127,220,8289
104.510614,30.352691,94,8290
103.486907,31.133403,-1,8291
103.871793,30.415097,-1,8292
103.969861,30.94016,-1,8293
104.111604,30.573635,-1,8294
104.06662,30.450997,-1,8295
104.061739,30.752001,-1,8296
103.690451,31.022764,-1,8297
104.07216,30.445514,-1,8298
103.867413,30.535272,107,8299
103.969146,30.366564,200,8300
103.82407,30.585118,-1,8301
103.85863,30.28718,-1,8302
103.957698,30.567498,-1,8303
103.786691,31.00791,-1,8304
104.023426,30.556408,-1,8305
103.800463,30.830776,-1,8306
103.742587,30.939961,-1,8307
104.224958,30.793952,101,8308
104.052664,30.470386,-1,8309
104.209975,30.901594,-1,8310
104.004857,30.699001,-1,8311
104.41518,30.944447,-1,8312
104.099492,30.459847,100,8313
104.566896,30.387768,-1,8314
104.595168,30.111769,-1,8315
103.937571,30.614738,104,8316
104.451172,30.467611,-1,8317
104.255338,30.530954,233,8318
104.358537,30.647942,-1,8319
103.952381,30.428086,79,8320
103.677618,30.338734,117,8321
103.741301,30.694678,248,8322
103.527519,31.415487,-1,8323
104.170635,30.713393,-1,8324
104.120016,30.773342,171,8325
103.935847,30.905512,113,8326
104.367626,31.041146,-1,8327
104.401418,30.997547,45,8328
103.984899,30.453579,-1,8329
104.132638,30.409505,-1,8330
103.78709,30.680532,-1,8331
104.093485,30.581355,64,8332
103.92058,29.224857,-1,8333
103.950824,30.019041,-1,8334
104.518121,30.6308,-1,8335
104.450168,30.343072,-1,8336
103.818133,30.465942,-1,8337
103.942214,30.847593,-1,8338
103.49052,30.538365,-1,8339
104.298441,30.395278,-1,8340
104.045404,30.449201,-1,8341
104.230135,30.791781,-1,8342
104.009363,30.763884,-1,8343
103.901204,30.713797,-1,8344
103.872552,30.779165,123,8345
104.206606,30.561089,-1,8346
104.059028,30.38143,-1,8347
103.872884,30.665493,-1,8348
104.234701,30.919319,-1,8349
104.350473,30.64298,-1,8350
104.379756,30.821576,-1,8351
103.687737,30.872154,-1,8352
103.677819,30.338634,117,8353
104.203168,30.74779,-1,8354
103.684715,30.87896,-1,8355
104.081524,30.696792,-1,8356
103.717139,30.609725,243,8357
104.052724,30.467302,-1,8358
104.3271,30.306769,136,8359
103.45961,30.74698,61,8360
103.887374,30.592854,-1,8361
103.917906,30.682217,-1,8362
104.111126,30.575408,-1,8363
103.936008,30.90522,113,8364
104.1492,30.839433,-1,8365
104.101027,30.468875,-1,8366
104.061318,30.492493,-1,8367
103.74925,30.530283,-1,8368
103.891716,30.777747,-1,8369
103.986417,30.539865,-1,8370
103.967184,30.648414,155,8371
103.724605,30.573877,-1,8372
104.603963,30.685568,98,8373
104.498618,30.426793,10,8374
103.790797,29.74752,-1,8375
103.914074,30.675654,125,8376
104.115681,30.411803,-1,8377
104.135002,30.805985,132,8378
103.66122,30.961,77,8379
104.546524,29.5039,222,8380
104.242877,30.65071,25,8381
103.459653,30.369966,-1,8382
103.861658,30.559916,-1,8383
104.310089,30.994517,-1,8384
104.001754,30.884468,-1,8385
103.886054,30.665879,219,8386
103.057638,30.02653,-1,8387
104.291929,30.877562,-1,8388
103.988216,30.983912,-1,8389
104.079951,30.444029,-1,8390
104.326456,30.860145,126,8391
103.600153,30.608714,-1,8392
104.120794,30.501638,204,8393
104.24085,30.598898,-1,8394
103.920971,30.939615,-1,8395
104.763437,30.37187,-1,8396
103.81475,30.633117,7,8397
103.917138,30.684198,178,8398
103.973756,30.625236,141,8399
103.481856,30.524836,-1,8400
104.115289,30.753645,-1,8401
104.293334,30.385448,-1,8402
103.713528,30.805494,-1,8403
104.4525,30.355752,-1,8404
104.181516,30.803616,-1,8405
103.82364,30.449625,-1,8406
103.937953,30.614263,104,8407
104.390675,30.28582,255,8408
104.990091,29.542271,128,8409
104.198824,30.547726,-1,8410
103.981874,30.684936,-1,8411
104.293302,30.387231,-1,8412
103.886953,30.528471,105,8413
104.056158,30.84807,181,8414
103.96322,30.659837,-1,8415
103.975395,31.045115,-1,8416
104.401942,30.34305,-1,8417
104.175552,30.715439,153,8418
103.847856,30.430724,-1,8419
104.029337,31.331107,-1,8420
103.8873,30.59304,-1,8421
104.325249,30.279068,-1,8422
104.013697,30.225833,-1,8423
104.063852,30.695137,-1,8424
103.653057,30.920059,58,8425
103.952898,30.457774,-1,8426
104.224335,30.520042,-1,8427
103.888403,30.600225,-1,8428
103.981924,30.717454,-1,8429
103.872015,30.778455,123,8430
103.721816,31.10182,-1,8431
104.129553,30.925037,-1,8432
104.395294,30.339554,-1,8433
104.49435,30.611144,-1,8434
104.120154,30.773109,171,8435
104.083448,30.720793,-1,8436
103.89395,30.379527,-1,8437
104.537406,30.365808,112,8438
103.85732,30.627129,-1,8439
103.70995,30.395082,-1,8440
103.993905,30.524626,-1,8441
103.90126,30.602371,-1,8442
104.459178,31.104586,-1,8443
104.127943,30.572528,-1,8444
103.992884,30.747894,-1,8445
104.107388,30.644679,-1,8446
103.949168,30.515763,-1,8447
104.11144,30.706492,-1,8448
104.043315,30.207347,-1,8449
104.199022,30.510548,223,8450
104.804525,30.152426,205,8451
104.165165,30.659074,62,8452
103.701563,30.602417,78,8453
103.706255,29.088186,-1,8454
103.643447,30.470186,154,8455
103.905235,30.676625,-1,8456
104.201995,30.812703,-1,8457
104.067092,30.449488,5,8458
103.850823,30.820435,185,8459
103.49349,30.428665,-1,8460
104.032473,30.738758,-1,8461
104.262406,29.018764,-1,8462
103.978016,30.199958,-1,8463
104.087417,30.548407,186,8464
104.526723,30.679494,-1,8465
103.870924,30.711248,-1,8466
104.085108,30.683495,241,8467
104.0891,30.226148,-1,8468
103.489891,30.184611,220,8469
104.463988,30.473699,-1,8470
104.152721,30.781724,-1,8471
104.085036,30.682789,241,8472
104.268049,30.650256,-1,8473
103.701454,30.602749,78,8474
103.870531,30.779694,-1,8475
103.981155,30.785274,43,8476
103.754062,30.395031,-1,8477
104.225224,30.672258,214,8478
103.822063,30.870428,-1,8479
104.389221,29.739316,-1,8480
103.912066,30.7987,-1,8481
104.795488,29.979298,-1,8482
103.881545,30.487434,-1,8483
104.193395,30.957519,-1,8484
103.903928,31.002527,-1,8485
104.041018,30.593503,51,8486
104.307402,31.025613,-1,8487
104.31363,30.30081,-1,8488
103.678414,31.030082,147,8489
104.287816,30.683839,-1,8490
103.860373,30.837091,-1,8491
103.990531,30.912836,-1,8492
104.002179,30.485059,-1,8493
103.926984,30.946635,-1,8494
104.235367,30.646711,24,8495
103.127251,29.950255,-1,8496
104.36153,30.43483,-1,8497
104.187507,30.683217,-1,8498
103.940334,30.999249,-1,8499
104.229009,30.660881,-1,8500
103.856058,30.786268,-1,8501
103.465176,30.438409,175,8502
104.316864,30.277473,-1,8503
104.378413,30.282913,-1,8504
104.23519,30.646837,24,8505
103.760201,30.665172,-1,8506
103.91268,30.824618,-1,8507
103.820533,30.741828,-1,8508
104.224237,31.011374,-1,8509
104.019994,29.139561,70,8510
103.800745,30.453728,-1,8511
104.121632,30.771339,-1,8512
104.084885,30.721899,-1,8513
104.379357,30.583113,-1,8514
103.654651,30.926098,72,8515
104.065248,30.179287,142,8516
104.106839,30.587235,92,8517
103.879572,30.605367,-1,8518
104.236173,30.646766,24,8519
104.048327,30.541201,211,8520
104.118063,30.756892,13,8521
104.161547,30.684886,-1,8522
103.781982,30.675467,108,8523
103.891872,30.777727,-1,8524
104.30359,30.244635,-1,8525
104.008783,30.59067,156,8526
104.498804,30.475404,-1,8527
103.924443,31.062897,-1,8528
104.402029,30.997423,45,8529
104.408687,30.286809,-1,8530
104.024555,30.827084,-1,8531
103.903928,31.002527,-1,8532
103.941731,30.594736,-1,8533
104.170936,30.615233,177,8534
103.847953,30.43123,-1,8535
103.976693,30.929513,-1,8536
103.974929,30.624168,141,8537
103.927138,30.321064,-1,8538
103.93778,30.61899,137,8539
103.245518,30.380723,-1,8540
103.843493,30.319872,-1,8541
104.119319,30.578257,-1,8542
103.661978,30.920103,-1,8543
104.115302,30.751959,-1,8544
103.70162,30.602652,78,8545
104.294617,30.39332,-1,8546
104.582117,30.114176,-1,8547
104.188472,31.567827,-1,8548
103.754328,31.014781,-1,8549
104.091269,30.740224,-1,8550
104.04372,30.591955,-1,8551
104.223528,30.528486,-1,8552
103.531844,31.405122,99,8553
104.076537,30.295627,-1,8554
104.151042,30.729122,-1,8555
104.570411,30.349669,-1,8556
104.138676,30.610749,237,8557
103.952325,30.428302,79,8558
104.083764,30.455435,66,8559
104.339748,31.12622,-1,8560
104.356763,30.531115,-1,8561
103.876211,30.491366,-1,8562
104.028278,31.329502,-1,8563
103.552268,30.532679,-1,8564
104.17533,30.66446,2,8565
103.837644,30.357317,208,8566
104.205576,30.612995,-1,8567
104.541398,29.507532,-1,8568
104.244084,30.645866,48,8569
103.710379,31.207686,-1,8570
104.053828,30.457234,138,8571
104.465456,30.472495,-1,8572
103.941984,30.432799,-1,8573
104.172804,30.483559,102,8574
103.497295,30.545821,-1,8575
102.702921,29.97221,-1,8576
104.16549,30.65845,62,8577
104.97308,29.87072,50,8578
104.134562,30.806053,132,8579
103.973106,30.622099,146,8580
104.494441,30.337099,-1,8581
103.997908,30.650011,-1,8582
104.313416,30.468499,-1,8583
103.937371,30.613571,104,8584
104.54776,30.717843,-1,8585
104.536582,29.759386,-1,8586
103.684645,30.946741,-1,8587
103.497428,30.568455,225,8588
103.976552,30.767659,-1,8589
103.659806,30.338966,-1,8590
104.043564,30.537763,-1,8591
104.445627,30.273722,-1,8592
104.195815,30.593382,-1,8593
104.114483,30.457564,-1,8594
103.78191,30.67561,108,8595
103.866544,30.556918,-1,8596
103.628549,30.72731,-1,8597
103.796013,30.405352,-1,8598
104.485896,30.334862,-1,8599
103.816107,30.675142,-1,8600
103.648578,30.477214,-1,8601
104.1347,30.805968,132,8602
104.30891,30.853014,-1,8603
104.226774,30.593584,-1,8604
104.53062,30.662797,36,8605
103.461918,30.367479,-1,8606
104.187054,30.717683,-1,8607
103.969825,30.470291,-1,8608
104.173262,30.727098,191,8609
104.449866,30.480592,59,8610
104.533066,30.664269,-1,8611
103.652557,30.927791,-1,8612
103.826393,29.993358,-1,8613
104.455541,30.483223,-1,8614
104.068772,30.56559,-1,8615
104.110902,30.510563,260,8616
104.19849,30.582255,75,8617
104.057712,30.368226,239,8618
103.514998,30.354454,-1,8619
103.887547,30.566188,-1,8620
103.689516,31.032149,-1,8621
103.831465,30.338283,-1,8622
103.715384,30.596624,-1,8623
103.868191,30.611259,-1,8624
103.936504,30.578604,-1,8625
104.209178,30.584089,-1,8626
104.191579,30.531295,-1,8627
104.252374,30.648966,-1,8628
104.050828,30.478319,-1,8629
104.388887,30.596084,-1,8630
104.01106,30.691991,-1,8631
104.074667,30.22407,-1,8632
103.231298,30.078275,-1,8633
103.686409,30.836954,231,8634
103.716458,30.405943,-1,8635
104.613333,29.967623,-1,8636
103.818408,30.634213,7,8637
103.59994,30.290482,-1,8638
103.91421,30.86165,-1,8639
103.799064,31.166804,-1,8640
103.613866,30.959931,-1,8641
104.172116,30.775811,-1,8642
103.884669,30.388736,-1,8643
104.595331,30.716167,-1,8644
104.047863,30.541542,211,8645
103.851327,30.706504,-1,8646
104.313151,30.291285,-1,8647
104.053848,30.415791,-1,8648
104.013784,30.554277,-1,8649
103.037571,29.891142,-1,8650
103.952148,30.428272,79,8651
103.80034,31.03673,-1,8652
103.994217,30.563477,-1,8653
104.039552,30.225984,93,8654
103.937891,30.619293,137,8655
103.916935,30.684069,178,8656
104.08506,30.683447,241,8657
104.364259,30.658088,-1,8658
104.069535,30.486891,-1,8659
103.865975,30.840397,-1,8660
103.911134,30.818372,-1,8661
104.01101,30.463543,253,8662
104.010895,30.511613,206,8663
103.988294,30.627456,145,8664
104.331437,30.644534,-1,8665
104.592578,30.019254,-1,8666
104.131754,30.533017,-1,8667
104.063622,30.633068,95,8668
104.309057,30.865375,11,8669
104.153534,30.615815,-1,8670
104.076876,30.799989,-1,8671
104.235238,30.646805,24,8672
103.872949,30.416764,236,8673
103.977685,30.688626,91,8674
104.112324,30.752536,39,8675
103.976212,30.603192,-1,8676
103.850521,30.818089,-1,8677
104.120914,30.52211,-1,8678
103.696602,30.396378,-1,8679
104.061123,30.419001,26,8680
104.173738,30.6623,-1,8681
104.117006,30.688007,-1,8682
104.170772,30.615273,177,8683
103.997832,30.52249,-1,8684
104.121444,30.684779,-1,8685
104.177077,30.718851,17,8686
104.369593,30.54904,-1,8687
103.794376,30.427062,-1,8688
104.175342,30.718562,-1,8689
104.107058,30.39422,-1,8690
104.190231,31.45116,-1,8691
103.935976,30.614085,104,8692
104.636386,30.929366,-1,8693
103.677691,30.338734,117,8694
104.102763,30.420292,-1,8695
104.804788,30.151375,205,8696
103.966662,30.438315,-1,8697
103.690362,30.939363,-1,8698
103.952389,30.999115,-1,8699
103.782894,30.693523,-1,8700
103.933346,31.114236,-1,8701
103.944784,30.528829,-1,8702
103.905239,30.93599,-1,8703
103.601534,31.064556,96,8704
103.814307,30.632973,7,8705
104.308718,30.865265,11,8706
104.589178,30.749019,-1,8707
104.110931,30.510542,260,8708
104.150227,30.776601,84,8709
103.974011,30.469009,-1,8710
104.087858,30.748615,-1,8711
103.678376,31.029838,147,8712
103.490856,30.752905,-1,8713
103.811073,30.632195,7,8714
104.118063,30.756892,13,8715
104.055957,30.428154,46,8716
104.300359,30.62183,-1,8717
103.970916,30.650305,114,8718
103.957281,30.647358,31,8719
104.191426,31.03295,-1,8720
103.920865,30.54088,-1,8721
103.956072,30.654054,-1,8722
104.008073,30.651955,-1,8723
103.861295,30.44576,103,8724
104.010174,30.518026,49,8725
104.099676,30.754974,266,8726
104.078651,30.384971,-1,8727
104.496033,30.417899,232,8728
103.8116,30.632328,7,8729
104.187173,30.924545,-1,8730
104.367658,30.652311,-1,8731
103.83804,30.355557,-1,8732
103.902482,30.658359,160,8733
103.459242,30.378988,-1,8734
104.119895,30.774312,171,8735
103.702017,30.852844,-1,8736
103.821717,29.85443,-1,8737
103.723358,30.622949,-1,8738
103.828137,31.021236,-1,8739
104.022268,30.500835,187,8740
104.163802,30.594075,261,8741
104.224955,30.793925,101,8742
104.539069,30.658558,-1,8743
104.044444,30.752719,-1,8744
104.185854,30.715684,14,8745
103.245518,30.380723,-1,8746
104.106579,30.587341,92,8747
103.817321,30.908143,-1,8748
104.546524,29.503802,222,8749
104.503356,30.470506,-1,8750
104.492369,30.325603,-1,8751
103.937728,30.618985,137,8752
104.000775,30.762571,-1,8753
103.885812,30.583873,-1,8754
103.957574,30.639407,-1,8755
104.121113,30.504172,-1,8756
104.21983,30.817518,-1,8757
104.603769,30.685118,98,8758
103.953589,30.545259,-1,8759
103.839533,30.320143,-1,8760
104.093647,30.581468,64,8761
103.71899,30.578611,-1,8762
104.243373,30.307361,-1,8763
104.006254,30.592152,33,8764
104.317173,30.712728,-1,8765
104.268693,30.578846,151,8766
103.904862,30.397699,-1,8767
104.043904,30.446074,41,8768
104.38943,30.286804,264,8769
104.128918,30.572991,-1,8770
104.8793,30.166368,-1,8771
103.402223,30.742219,-1,8772
103.671779,30.31742,-1,8773
104.102243,30.589523,-1,8774
104.18102,30.534476,-1,8775
103.885782,31.028126,-1,8776
103.936101,30.905514,113,8777
104.109604,30.540445,-1,8778
103.911961,30.798471,-1,8779
103.277178,29.568777,-1,8780
103.678273,31.029876,147,8781
104.348864,31.049827,-1,8782
104.22646,30.792702,101,8783
104.106795,30.755831,-1,8784
104.225224,30.672258,214,8785
104.519977,30.433096,-1,8786
104.292458,30.588001,256,8787
104.208442,30.524216,169,8788
104.391056,30.284171,192,8789
103.920936,30.540792,-1,8790
103.897257,30.66712,34,8791
104.496289,30.613536,-1,8792
103.927331,30.942279,-1,8793
103.977513,30.467732,-1,8794
103.627966,30.970841,-1,8795
103.677907,30.338818,117,8796
104.225349,30.672206,214,8797
103.825489,30.447144,-1,8798
104.052864,30.427943,-1,8799
104.139336,30.372153,-1,8800
104.135306,30.402411,-1,8801
104.179565,30.619737,-1,8802
103.97403,30.471085,-1,8803
103.509844,30.296755,-1,8804
104.50909,30.35388,94,8805
104.669271,29.504145,-1,8806
103.977798,30.688807,91,8807
103.539023,30.67156,-1,8808
104.273995,31.050391,-1,8809
104.374458,31.043546,-1,8810
104.224955,30.793925,101,8811
104.243103,30.645684,48,8812
104.33565,30.713118,-1,8813
103.91102,30.402034,-1,8814
103.986727,30.215918,-1,8815
103.975924,30.4476,-1,8816
103.896291,30.665881,34,8817
103.989742,30.463062,-1,8818
103.946784,30.553846,-1,8819
104.313004,30.945134,-1,8820
103.701718,30.602295,78,8821
104.595153,31.76782,-1,8822
103.811113,31.036656,-1,8823
104.00806,30.718825,-1,8824
104.178571,30.718365,17,8825
103.474656,30.431443,240,8826
104.164595,30.658048,62,8827
104.275814,30.347024,-1,8828
103.729587,31.018409,-1,8829
103.960281,30.795678,242,8830
103.820024,30.466116,-1,8831
104.75079,30.629396,-1,8832
103.94523,30.483933,-1,8833
104.04429,30.916885,-1,8834
103.997345,30.761688,-1,8835
104.202353,30.857806,-1,8836
104.226401,30.52478,52,8837
103.717156,30.609789,243,8838
104.084319,30.387299,-1,8839
104.415158,30.243704,-1,8840
104.013539,29.139142,-1,8841
104.19935,31.580259,-1,8842
103.464873,30.452711,-1,8843
104.243268,30.650802,25,8844
104.198255,30.510447,223,8845
103.918184,30.684083,178,8846
104.214007,30.651443,3,8847
104.436052,30.980321,-1,8848
104.401151,30.343256,-1,8849
104.05096,30.436667,-1,8850
104.079083,30.513484,127,8851
104.465162,30.492041,-1,8852
104.134614,30.371361,-1,8853
103.897839,30.915747,-1,8854
103.916509,30.369075,172,8855
104.071678,30.186537,-1,8856
104.102612,30.762918,-1,8857
103.974685,30.661889,-1,8858
104.247124,30.284441,-1,8859
104.206192,30.646096,-1,8860
104.622987,30.319612,-1,8861
103.437633,30.363787,-1,8862
104.536541,30.656965,-1,8863
103.976053,30.469124,-1,8864
104.125165,30.76936,173,8865
104.115627,30.412474,-1,8866
104.51613,30.62154,-1,8867
103.989797,30.751586,-1,8868
104.215543,30.821112,21,8869
104.090395,30.740244,-1,8870
104.010827,30.511856,206,8871
104.255825,30.952014,-1,8872
104.349336,31.050147,-1,8873
103.936505,30.613802,104,8874
103.541231,30.747677,-1,8875
104.108752,30.506244,85,8876
104.973883,29.871338,50,8877
104.119903,30.772769,171,8878
103.544999,30.56874,-1,8879
103.916954,30.67829,-1,8880
104.109657,30.562382,-1,8881
104.454153,30.856823,-1,8882
104.359281,30.531735,-1,8883
104.20539,30.739897,-1,8884
104.390811,30.284841,255,8885
104.17924,30.538334,-1,8886
103.10183,30.075986,-1,8887
104.116146,30.579309,-1,8888
103.517543,30.750458,-1,8889
103.885887,31.028538,-1,8890
104.371104,31.048155,-1,8891
104.345183,30.691078,-1,8892
104.161259,30.59955,235,8893
104.327003,30.625532,-1,8894
103.952306,30.936879,-1,8895
103.971794,30.54295,262,8896
103.654881,30.684813,-1,8897
104.231734,30.658691,-1,8898
104.243044,30.645716,48,8899
103.704884,30.404109,-1,8900
104.112953,30.752729,39,8901
103.917208,30.683717,178,8902
104.53733,30.366019,112,8903
104.509066,30.35213,94,8904
104.796356,29.735397,-1,8905
104.198282,30.581989,75,8906
104.445009,30.597827,-1,8907
104.027281,30.669169,-1,8908
104.260194,30.813092,-1,8909
104.233622,30.794019,-1,8910
104.245326,30.553595,-1,8911
104.312627,30.409284,-1,8912
104.115677,30.583821,165,8913
103.897378,30.836298,76,8914
104.157774,30.69211,-1,8915
104.193483,30.813288,-1,8916
103.908901,30.543223,199,8917
103.824589,30.582883,-1,8918
103.890752,30.248278,-1,8919
104.202775,30.725899,55,8920
103.857593,30.449632,227,8921
103.713892,30.527,238,8922
103.970053,30.653703,-1,8923
104.991503,30.293697,-1,8924
104.106895,30.587399,92,8925
104.663035,31.091026,-1,8926
104.16396,30.392018,-1,8927
104.198545,30.58223,75,8928
103.590047,30.247354,-1,8929
103.885705,31.028365,-1,8930
104.006672,30.592353,33,8931
104.389462,30.286838,264,8932
104.505746,30.502689,-1,8933
104.567522,30.371901,-1,8934
104.579805,30.120044,-1,8935
104.009964,30.842533,-1,8936
103.959962,30.51713,28,8937
104.094748,30.484056,-1,8938
104.022324,30.501085,187,8939
103.942359,30.847759,-1,8940
103.95941,30.663714,35,8941
104.143584,30.465825,-1,8942
103.940289,30.999075,-1,8943
104.083166,30.748255,-1,8944
104.093097,30.581515,64,8945
104.505493,30.506831,-1,8946
103.988294,30.627456,145,8947
103.964543,30.636943,30,8948
103.971947,30.542584,262,8949
104.160666,30.643501,179,8950
104.235939,30.646871,24,8951
103.904909,30.567716,-1,8952
103.728327,30.594522,-1,8953
104.369097,30.714936,-1,8954
104.496783,30.772846,-1,8955
104.418679,30.924275,-1,8956
103.796795,30.852493,-1,8957
103.969596,30.366569,200,8958
104.154426,30.511214,-1,8959
103.986227,30.723755,-1,8960
103.993479,30.764791,-1,8961
104.111838,30.520772,-1,8962
104.401893,30.997321,45,8963
103.957447,30.647288,31,8964
103.796886,30.643223,176,8965
104.211784,30.686778,-1,8966
104.12186,30.500075,-1,8967
104.015496,30.474271,-1,8968
103.983135,31.065146,-1,8969
103.879945,30.60389,193,8970
104.064228,30.65851,-1,8971
104.100098,30.749198,-1,8972
104.103936,30.512849,-1,8973
104.075839,30.638099,-1,8974
104.242766,30.50098,-1,8975
104.040149,31.335594,-1,8976
103.884729,30.388494,-1,8977
104.227067,30.662752,-1,8978
104.085119,30.749021,-1,8979
103.967842,30.64859,155,8980
104.10553,30.580342,-1,8981
104.282287,30.878516,-1,8982
103.939741,30.937322,-1,8983
103.787597,30.439768,-1,8984
104.185638,30.716203,14,8985
103.677338,30.338833,117,8986
103.977788,30.688064,91,8987
104.043981,30.44681,41,8988
103.696328,30.398163,268,8989
104.69212,30.079309,-1,8990
104.061315,30.432426,-1,8991
103.465287,30.427673,-1,8992
104.567422,30.372059,-1,8993
104.092143,30.524062,83,8994
103.97563,30.468958,-1,8995
103.963105,30.651757,-1,8996
104.576441,30.71788,-1,8997
103.643398,30.470248,154,8998
104.023705,30.507059,-1,8999
103.905441,30.810667,-1,9000
103.452189,30.374343,12,9001
103.93551,30.745047,-1,9002
104.601128,30.870807,-1,9003
104.447795,30.857684,-1,9004
104.151169,30.776279,84,9005
104.048628,30.711016,-1,9006
103.819611,30.6652,-1,9007
104.022232,30.522266,-1,9008
103.930924,30.523972,-1,9009
104.344632,30.827911,-1,9010
104.203566,30.726151,55,9011
104.159076,30.65138,-1,9012
104.131308,30.394419,-1,9013
103.678168,31.029744,147,9014
103.964322,30.439037,-1,9015
104.035489,30.662022,-1,9016
104.192459,30.741187,-1,9017
104.086348,30.516702,-1,9018
104.203758,30.725987,55,9019
103.950391,30.487135,-1,9020
104.202704,30.725938,55,9021
104.136817,30.415706,-1,9022
103.922315,30.574186,-1,9023
103.812552,30.571694,250,9024
104.214689,30.82116,21,9025
103.936008,30.90522,113,9026
103.988327,30.452605,-1,9027
104.067149,30.494097,-1,9028
104.89917,29.769497,-1,9029
104.063998,30.180525,-1,9030
103.912458,30.712493,-1,9031
104.095656,30.540983,18,9032
104.25066,30.741918,-1,9033
103.520667,30.293492,-1,9034
103.976607,30.468325,-1,9035
103.873372,30.463401,-1,9036
104.174694,30.796915,-1,9037
104.083034,30.462109,-1,9038
104.364649,30.430471,-1,9039
104.094004,30.581231,64,9040
104.064326,30.179179,142,9041
104.494814,30.468846,-1,9042
104.043772,30.7178,-1,9043
103.878311,30.493634,-1,9044
104.354024,30.667546,-1,9045
103.902103,30.975267,-1,9046
104.555324,30.352728,202,9047
104.161521,30.599641,235,9048
103.848719,30.403389,-1,9049
103.911869,30.630984,9,9050
103.632801,30.955942,-1,9051
104.45077,30.601831,-1,9052
103.560905,30.748986,120,9053
103.69742,30.398779,268,9054
103.92668,30.946991,-1,9055
104.108795,30.768656,-1,9056
103.885352,30.665495,219,9057
104.035154,30.298108,196,9058
103.973045,30.404371,-1,9059
103.972505,30.471665,-1,9060
104.328599,30.278931,-1,9061
104.076929,30.800333,-1,9062
103.899023,30.728132,-1,9063
103.95531,30.650671,-1,9064
104.06706,30.542397,-1,9065
104.161654,30.599543,235,9066
103.90684,30.628153,-1,9067
104.97353,29.871037,50,9068
104.296151,30.994985,-1,9069
103.790245,29.744605,-1,9070
104.028538,30.337818,-1,9071
104.168743,30.741569,16,9072
103.560185,30.548751,148,9073
104.075773,30.749742,-1,9074
104.227202,30.646323,-1,9075
103.960558,30.656017,-1,9076
104.318864,30.273547,-1,9077
104.23567,30.646452,24,9078
104.223857,30.566532,19,9079
104.07966,30.360879,-1,9080
104.050828,30.478319,-1,9081
104.068013,30.643706,-1,9082
104.216394,30.77535,-1,9083
103.999076,30.669407,118,9084
104.116162,30.452228,-1,9085
103.624425,31.482764,-1,9086
104.244073,30.645489,48,9087
103.687617,30.873654,-1,9088
104.475216,30.599113,-1,9089
104.318254,30.84323,-1,9090
104.634692,30.406783,-1,9091
103.517206,30.750147,-1,9092
104.97439,29.869605,-1,9093
104.533594,29.759831,-1,9094
103.936188,30.905392,113,9095
104.192228,30.75401,-1,9096
104.006349,30.592338,33,9097
104.08145,30.696578,-1,9098
104.858243,29.740443,-1,9099
103.999363,30.467056,198,9100
104.140555,30.53214,-1,9101
104.431451,30.957584,-1,9102
103.947361,30.554115,-1,9103
104.100326,30.647982,-1,9104
104.22524,30.638836,-1,9105
103.883852,30.362569,-1,9106
104.182216,30.533704,-1,9107
104.237872,29.93778,-1,9108
104.201663,30.813059,-1,9109
103.790469,29.745871,-1,9110
104.209351,30.606188,-1,9111
104.463283,30.488575,-1,9112
104.169006,30.741231,16,9113
104.339051,30.926299,-1,9114
104.167404,30.61009,-1,9115
103.921142,30.702995,74,9116
104.010218,30.518448,49,9117
104.062738,30.339113,-1,9118
104.844725,30.630746,-1,9119
104.197599,30.696484,-1,9120
102.732514,29.428876,-1,9121
104.282232,31.128507,-1,9122
104.158462,30.598247,-1,9123
103.857625,30.633545,-1,9124
104.14345,30.465722,-1,9125
103.942068,30.594519,-1,9126
103.990124,30.751742,-1,9127
103.496171,30.548603,-1,9128
104.164787,30.658882,62,9129
103.402106,30.742056,-1,9130
104.114444,30.480986,-1,9131
104.352123,30.67864,-1,9132
104.089997,30.741888,-1,9133
103.545463,30.589028,-1,9134
104.387618,30.296784,-1,9135
104.140707,30.827573,90,9136
103.903737,30.244548,-1,9137
103.920646,30.540928,-1,9138
103.993256,30.923828,-1,9139
103.060245,30.02805,-1,9140
104.344695,30.739321,-1,9141
104.108499,30.557584,-1,9142
103.888537,30.556163,4,9143
104.235606,30.646404,24,9144
103.814815,30.633189,7,9145
103.452663,30.374613,12,9146
103.701449,30.602747,78,9147
103.498193,30.55088,-1,9148
103.878434,30.198041,131,9149
104.105897,30.855306,-1,9150
104.395232,30.896027,-1,9151
104.378349,30.282963,-1,9152
103.888608,30.557179,4,9153
103.942093,30.635019,-1,9154
104.009203,30.452051,-1,9155
104.203595,30.652397,-1,9156
103.902817,30.823903,-1,9157
103.959644,30.517111,28,9158
104.501724,30.488115,-1,9159
104.177845,29.978563,-1,9160
103.875328,30.612301,-1,9161
103.489388,30.749417,-1,9162
104.047609,30.429378,67,9163
104.100274,30.749118,-1,9164
104.087372,30.825943,-1,9165
104.318511,30.861378,22,9166
103.726632,30.559412,116,9167
103.877135,30.470929,-1,9168
104.171029,30.615423,177,9169
104.057164,30.648991,-1,9170
103.986577,30.755149,-1,9171
103.937621,30.61402,104,9172
103.940294,30.614252,106,9173
103.997928,30.630021,-1,9174
103.973849,30.78291,-1,9175
104.176338,30.778518,-1,9176
103.531858,31.405107,99,9177
104.428382,31.149826,-1,9178
104.106372,30.582632,-1,9179
104.046493,30.537848,-1,9180
104.425419,30.698926,-1,9181
103.833054,30.3827,-1,9182
104.886966,30.171812,-1,9183
104.10031,30.507284,-1,9184
103.966867,30.435619,110,9185
103.971874,30.542418,262,9186
104.255135,30.471571,-1,9187
104.505427,30.506677,-1,9188
104.170717,30.61529,177,9189
104.536948,30.365925,112,9190
104.286725,30.829928,-1,9191
104.170472,30.477341,-1,9192
103.968181,30.947512,-1,9193
103.77156,30.345966,-1,9194
104.533762,30.428782,-1,9195
103.959181,30.649701,210,9196
104.046654,30.428318,67,9197
104.236813,30.647704,24,9198
103.414351,30.770202,-1,9199
104.049834,30.852315,-1,9200
103.889013,30.454565,-1,9201
104.050385,30.54162,57,9202
104.164495,30.395149,-1,9203
103.720336,30.397828,-1,9204
103.763431,30.044057,-1,9205
103.905504,30.810714,-1,9206
104.067316,30.541705,-1,9207
102.736314,29.982008,-1,9208
104.217978,30.827294,-1,9209
104.203661,30.72613,55,9210
104.104274,30.718605,-1,9211
104.056133,30.847856,181,9212
103.68191,31.141236,-1,9213
103.660103,30.926599,-1,9214
104.501153,30.484573,-1,9215
104.707958,30.086567,-1,9216
104.107119,30.507213,-1,9217
103.868034,30.665043,-1,9218
104.597732,30.699625,-1,9219
104.07382,30.718601,170,9220
104.061656,30.418975,26,9221
104.183758,30.53143,-1,9222
104.076143,30.45581,-1,9223
104.051569,30.541271,57,9224
103.607689,31.066532,-1,9225
103.974143,30.469301,-1,9226
104.202956,30.811869,-1,9227
104.575529,30.722933,-1,9228
104.670579,30.053803,-1,9229
103.46047,30.746989,61,9230
103.876238,30.221044,-1,9231
104.081595,30.522865,-1,9232
104.419758,30.611472,-1,9233
104.070945,30.675419,-1,9234
104.19849,30.582255,75,9235
104.172851,30.483904,102,9236
104.185817,30.720623,134,9237
103.97264,30.622882,146,9238
104.09458,30.442316,-1,9239
103.885796,30.583873,-1,9240
104.394551,30.350037,251,9241
103.957191,30.948662,-1,9242
104.419232,30.611865,-1,9243
103.880297,30.604273,193,9244
104.166663,30.658677,-1,9245
104.062549,30.437703,-1,9246
104.03785,30.658769,162,9247
104.462386,31.234167,-1,9248
104.320812,30.327636,-1,9249
104.355663,30.665696,-1,9250
103.908787,30.5434,199,9251
103.701395,30.602691,78,9252
104.213931,30.651808,3,9253
103.954659,30.543876,-1,9254
103.987766,30.096601,-1,9255
104.122186,30.637743,-1,9256
104.119878,30.772809,171,9257
104.465497,30.344138,-1,9258
104.082646,30.564677,-1,9259
104.106725,30.465859,-1,9260
104.100383,30.520718,-1,9261
103.701418,30.851376,-1,9262
103.929186,30.69932,149,9263
104.019905,29.13871,70,9264
104.188464,30.700514,-1,9265
103.886953,30.528471,105,9266
104.317128,30.277241,-1,9267
104.04509,30.732922,-1,9268
104.505561,30.481719,-1,9269
104.563946,30.89987,-1,9270
104.21763,30.553401,-1,9271
103.960078,30.517578,28,9272
103.724878,30.578317,257,9273
103.999482,30.468383,-1,9274
103.699526,30.862414,-1,9275
104.343928,30.669283,-1,9276
104.359878,30.599426,-1,9277
104.059371,30.41613,-1,9278
103.963799,30.779057,-1,9279
103.954512,30.570558,-1,9280
104.034402,30.572671,-1,9281
104.327405,30.30753,136,9282
104.068364,30.836636,-1,9283
103.580295,30.240099,-1,9284
104.288451,30.690174,-1,9285
104.230097,30.853428,-1,9286
103.532845,30.573022,-1,9287
103.983572,30.219809,-1,9288
104.125346,30.769495,173,9289
104.272566,30.627765,-1,9290
103.835368,30.344739,-1,9291
104.040646,30.447488,-1,9292
104.223421,30.544057,-1,9293
104.134435,30.945837,-1,9294
103.83903,30.317325,-1,9295
104.052664,30.465385,130,9296
104.418273,30.803325,-1,9297
104.215542,30.649266,-1,9298
103.525873,30.006952,-1,9299
104.308595,30.865202,11,9300
103.969962,31.060941,-1,9301
104.37819,30.313582,195,9302
104.467269,30.602184,-1,9303
104.383338,31.057679,-1,9304
104.210361,30.609447,-1,9305
104.086737,30.779528,-1,9306
103.977542,30.739993,-1,9307
104.235494,30.646902,24,9308
104.161484,30.599539,235,9309
103.917102,30.386484,-1,9310
103.532029,31.4046,99,9311
103.686621,30.836942,231,9312
104.143018,30.613391,-1,9313
104.134714,30.805971,132,9314
103.860025,30.834194,-1,9315
103.99795,30.757692,-1,9316
103.723085,30.622809,-1,9317
103.836708,30.352679,-1,9318
104.242828,30.65094,25,9319
103.974219,30.408708,-1,9320
103.970442,30.650205,114,9321
103.869445,30.780848,-1,9322
104.154616,30.729118,-1,9323
104.162931,30.673714,-1,9324
104.161649,30.599738,235,9325
104.489677,30.493908,122,9326
103.872381,30.491212,-1,9327
104.297606,30.603308,-1,9328
103.848953,30.666003,-1,9329
104.269858,30.757089,-1,9330
104.292933,30.382531,-1,9331
103.813091,30.632662,7,9332
104.04679,30.428369,67,9333
104.071369,30.725135,69,9334
103.888247,30.588652,-1,9335
104.14605,31.492663,-1,9336
104.148829,30.401999,-1,9337
104.277472,30.646905,-1,9338
104.138773,30.637934,-1,9339
104.255351,30.53112,233,9340
104.481035,30.460284,-1,9341
104.141292,30.645317,-1,9342
104.868913,29.225553,-1,9343
104.212654,30.605276,-1,9344
103.636202,30.722049,-1,9345
104.07271,30.306503,-1,9346
104.135023,30.403831,-1,9347
104.242499,30.649973,25,9348
104.08011,30.512555,127,9349
104.233593,30.718404,-1,9350
104.610791,30.348423,-1,9351
103.941127,30.919448,-1,9352
104.804141,30.151926,205,9353
104.323349,30.644824,54,9354
103.633095,30.954998,-1,9355
103.508476,30.216689,-1,9356
104.116379,30.586207,-1,9357
104.072131,31.306928,-1,9358
103.923136,30.717042,80,9359
103.723444,30.451265,-1,9360
104.472094,30.598269,-1,9361
103.817118,30.639457,-1,9362
103.936962,30.614793,104,9363
104.193305,30.73403,-1,9364
104.109201,30.507101,85,9365
104.296183,30.993824,-1,9366
104.114864,30.416994,-1,9367
104.15802,30.648409,-1,9368
104.17776,30.789645,-1,9369
103.861255,30.44592,103,9370
103.916282,30.678211,-1,9371
104.37819,30.313331,195,9372
104.540323,30.644577,-1,9373
104.315582,30.303123,-1,9374
103.526806,30.395689,-1,9375
103.951144,30.543999,-1,9376
103.896999,30.633899,-1,9377
103.942898,30.52433,-1,9378
104.249023,30.772486,133,9379
104.04952,30.541802,-1,9380
103.886011,30.766051,-1,9381
104.155813,30.705919,-1,9382
103.465033,30.45728,-1,9383
104.112266,30.753232,39,9384
104.112923,30.578923,1,9385
104.061302,30.845131,-1,9386
103.682314,30.857542,-1,9387
103.991162,30.475745,-1,9388
103.6459,30.2672,-1,9389
104.215597,30.821208,21,9390
104.141027,30.646137,-1,9391
104.287171,30.697106,-1,9392
104.230702,30.792118,-1,9393
103.684654,31.023698,-1,9394
104.121472,30.522746,-1,9395
104.107154,30.585301,-1,9396
104.093188,30.214394,-1,9397
104.499123,30.438988,-1,9398
104.225011,30.794019,101,9399
104.267017,30.974408,-1,9400
103.955873,30.346492,-1,9401
104.006289,30.592227,33,9402
104.063575,30.179275,142,9403
104.199001,30.510408,223,9404
103.642424,30.94322,190,9405
103.970824,30.650536,114,9406
104.123799,30.606142,-1,9407
103.639198,30.269558,-1,9408
104.049673,30.476823,201,9409
103.714682,30.3438,-1,9410
103.488563,31.248894,-1,9411
104.326624,30.860384,126,9412
104.671317,30.055186,-1,9413
104.238091,30.652962,29,9414
104.564391,30.385631,-1,9415
104.022339,30.515769,-1,9416
104.174405,30.624437,-1,9417
104.083764,30.455435,66,9418
104.4746,30.34742,-1,9419
104.110001,30.507043,85,9420
103.684618,30.300776,-1,9421
103.796849,30.64677,158,9422
103.644335,30.939214,-1,9423
103.867715,30.472361,-1,9424
104.203833,30.725951,55,9425
104.029447,30.450317,-1,9426
104.040688,30.466523,-1,9427
104.08465,30.455614,66,9428
103.674932,30.346413,-1,9429
104.175233,30.664484,2,9430
104.326716,30.860279,126,9431
104.087697,30.548023,186,9432
104.218838,30.586729,-1,9433
103.797078,30.752344,-1,9434
103.914335,30.675492,125,9435
104.125537,30.404976,-1,9436
104.868913,29.225553,-1,9437
104.085216,30.683339,241,9438
104.175624,30.700188,-1,9439
103.858068,31.065242,-1,9440
103.924047,31.087912,-1,9441
103.74215,30.694268,248,9442
104.126389,30.40481,-1,9443
104.289739,30.848008,-1,9444
104.391914,30.299123,144,9445
104.327253,30.307069,136,9446
104.017633,29.139104,-1,9447
103.637915,30.473153,-1,9448
103.895013,30.356301,-1,9449
103.937171,30.613421,104,9450
103.633032,30.955897,-1,9451
104.095465,30.541123,18,9452
104.194409,30.68203,-1,9453
104.645404,30.673498,-1,9454
103.974974,30.543374,-1,9455
104.531398,30.452501,-1,9456
103.556342,30.422361,-1,9457
103.964612,30.637354,30,9458
104.041183,30.64834,-1,9459
104.540491,31.859528,-1,9460
103.676678,31.064627,-1,9461
103.631175,30.894543,-1,9462
103.867909,30.610262,-1,9463
103.820441,30.672477,-1,9464
103.786407,30.681407,-1,9465
103.667762,30.651163,-1,9466
103.280088,30.164974,-1,9467
103.922913,30.71713,80,9468
104.335105,30.833063,-1,9469
104.328831,30.278896,-1,9470
103.87608,30.471647,-1,9471
104.081517,30.696912,-1,9472
103.727542,30.55915,116,9473
103.905235,30.676625,-1,9474
104.488942,30.461562,244,9475
104.175016,30.727386,191,9476
103.99192,30.73964,183,9477
103.601472,30.82865,-1,9478
104.390418,30.284476,255,9479
103.730872,30.585803,-1,9480
103.787887,30.670324,-1,9481
103.691273,31.03687,-1,9482
104.234958,30.64582,24,9483
104.52252,30.430034,38,9484
103.479682,30.425536,-1,9485
103.934224,30.50714,-1,9486
104.394366,30.350106,251,9487
103.547924,30.254469,-1,9488
104.234814,30.646371,24,9489
104.106869,30.74058,-1,9490
104.213906,30.552126,-1,9491
103.975355,30.46839,-1,9492
104.150724,30.358955,-1,9493
103.489388,30.749417,-1,9494
104.308457,30.865177,11,9495
104.019884,30.506045,-1,9496
104.061994,30.419285,26,9497
103.967278,30.586103,246,9498
103.717273,30.609393,243,9499
103.443351,30.750789,-1,9500
104.164383,30.658772,62,9501
103.84362,30.889578,-1,9502
103.85907,30.827786,203,9503
104.466707,30.4524,-1,9504
104.012255,30.8313,-1,9505
104.388378,30.747186,-1,9506
104.451743,30.602351,-1,9507
104.049532,30.638646,-1,9508
104.08754,30.548272,186,9509
103.751518,30.776371,-1,9510
103.991116,30.674009,-1,9511
104.555193,30.35336,202,9512
104.268931,30.578757,151,9513
104.012852,30.546623,-1,9514
103.937972,30.61432,104,9515
104.477833,30.598709,-1,9516
103.917287,30.6636,-1,9517
104.323294,29.777242,-1,9518
104.040439,30.666239,-1,9519
104.327389,30.307764,136,9520
104.083857,30.455327,66,9521
104.533436,30.701422,-1,9522
104.222327,30.696109,-1,9523
104.214016,30.651451,3,9524
103.900268,30.617244,-1,9525
104.069126,30.330256,-1,9526
103.887968,30.661365,-1,9527
104.055953,30.848066,181,9528
104.082704,30.455584,66,9529
104.007193,30.518606,-1,9530
104.005666,30.538015,-1,9531
103.982045,30.729704,-1,9532
104.242604,30.650851,25,9533
104.628175,30.857271,-1,9534
104.39273,30.28744,-1,9535
104.235329,30.661848,-1,9536
104.17524,30.788808,245,9537
102.196053,29.221116,-1,9538
104.11042,30.6167,-1,9539
103.496171,30.548603,-1,9540
104.224237,31.011374,-1,9541
104.17998,30.619236,-1,9542
104.315087,30.315959,-1,9543
104.326451,30.860144,126,9544
104.363658,31.067198,-1,9545
103.976093,30.456137,-1,9546
104.512449,30.353736,-1,9547
104.184528,30.726677,-1,9548
104.051101,30.476745,201,9549
103.602033,30.277499,-1,9550
104.349419,30.74274,-1,9551
104.155877,30.673066,-1,9552
104.295412,31.641445,-1,9553
103.816288,30.908555,-1,9554
103.701498,30.634387,-1,9555
104.328574,30.276927,-1,9556
103.956512,30.439452,-1,9557
104.390832,30.286855,264,9558
104.803696,30.152762,205,9559
104.010651,30.516923,49,9560
103.561165,30.748758,120,9561
104.070138,30.730073,-1,9562
103.25954,30.560212,229,9563
103.956665,30.636848,-1,9564
104.15738,30.649505,-1,9565
104.00355,30.454067,-1,9566
104.044848,30.733654,-1,9567
104.97353,29.871105,50,9568
104.14605,31.492663,-1,9569
104.041096,30.593534,51,9570
103.670987,30.913261,-1,9571
103.497401,30.568545,225,9572
104.136379,30.530179,-1,9573
104.370285,30.435343,-1,9574
104.390103,30.286971,264,9575
104.166456,30.70391,-1,9576
104.537348,30.365742,112,9577
104.069864,30.768503,71,9578
104.008783,30.59067,156,9579
103.763935,30.043757,-1,9580
103.967256,30.648092,155,9581
104.553006,29.747904,-1,9582
103.932627,30.885317,-1,9583
104.193883,30.8215,-1,9584
103.414233,31.061876,-1,9585
104.165514,30.642073,-1,9586
103.883552,30.790823,-1,9587
103.760298,30.66582,-1,9588
103.884026,30.677663,-1,9589
104.499251,30.479438,-1,9590
104.164852,30.658766,62,9591
104.10939,30.506445,85,9592
104.870605,29.226144,86,9593
104.42869,30.903672,-1,9594
104.215542,30.649266,-1,9595
104.115417,30.417937,-1,9596
103.559746,30.548935,148,9597
103.846029,30.436883,-1,9598
103.701627,30.602607,78,9599
104.069997,30.441475,-1,9600
103.788109,30.439985,-1,9601
103.942271,30.847659,-1,9602
104.28255,30.959235,-1,9603
104.159009,30.673304,-1,9604
103.60431,30.739971,-1,9605
103.81331,30.632669,7,9606
104.174213,30.727062,191,9607
103.537008,30.771295,-1,9608
103.837522,30.357368,208,9609
103.8794,30.488752,-1,9610
104.095795,30.541139,18,9611
102.993643,30.020175,-1,9612
104.218135,30.585994,-1,9613
103.694323,30.878283,-1,9614
103.739024,30.497195,-1,9615
104.143173,30.581057,-1,9616
104.151536,30.77686,84,9617
104.012936,30.450946,-1,9618
104.08863,30.735322,-1,9619
104.123009,30.516956,-1,9620
104.555427,30.353479,202,9621
104.161566,30.599449,235,9622
104.048527,30.707122,-1,9623
104.191904,30.660632,-1,9624
103.989961,30.751513,-1,9625
103.898941,30.723922,-1,9626
104.046121,30.453403,-1,9627
103.973523,30.436231,-1,9628
104.052584,30.466119,130,9629
104.462506,31.05878,-1,9630
104.229357,30.708232,-1,9631
104.482366,30.491758,-1,9632
104.079414,30.513807,127,9633
104.0376,30.659153,162,9634
104.572913,30.339164,-1,9635
103.686436,30.629213,-1,9636
103.676431,30.903218,-1,9637
104.277235,31.141677,-1,9638
104.221144,30.638762,0,9639
104.321076,30.281414,-1,9640
103.981368,30.785562,43,9641
103.701748,30.602596,78,9642
104.36922,30.295303,-1,9643
104.048135,30.628301,-1,9644
103.996987,30.628457,-1,9645
104.044912,30.217365,-1,9646
104.10737,30.608892,-1,9647
103.717439,30.609885,243,9648
104.319072,30.274411,-1,9649
103.789027,31.174199,-1,9650
103.936505,30.613802,104,9651
104.092373,30.219089,-1,9652
103.882338,30.666328,219,9653
104.0032,30.526368,-1,9654
104.401818,30.997209,45,9655
104.537181,30.365937,112,9656
104.318727,30.861447,22,9657
104.16022,30.693699,-1,9658
104.616983,30.681254,-1,9659
104.505371,30.506825,-1,9660
104.182361,30.533601,-1,9661
104.386098,30.301519,68,9662
104.109585,30.506554,85,9663
103.923377,30.634702,-1,9664
103.958902,30.611315,-1,9665
104.070993,30.725291,69,9666
104.040735,30.657337,-1,9667
104.224371,30.484475,-1,9668
103.965442,30.786931,-1,9669
104.263016,30.615768,-1,9670
104.115457,30.580291,1,9671
103.967252,30.936115,-1,9672
103.853069,30.765209,-1,9673
103.949046,30.51534,-1,9674
104.120858,30.50181,204,9675
103.849064,30.721354,-1,9676
104.309159,30.865065,11,9677
103.737709,30.584161,-1,9678
104.027805,30.471269,-1,9679
103.701737,30.602433,78,9680
104.343852,30.669023,-1,9681
104.590561,30.725689,-1,9682
104.066657,30.428785,-1,9683
103.505826,30.55911,150,9684
104.221788,30.69615,-1,9685
104.236128,30.646738,24,9686
104.20295,30.726105,55,9687
103.875087,30.830402,-1,9688
103.638431,30.338999,-1,9689
104.704741,30.090063,-1,9690
104.287552,30.679785,-1,9691
103.723071,29.103728,-1,9692
104.099837,30.467058,184,9693
103.089406,29.969568,-1,9694
103.601437,30.257239,-1,9695
103.887489,30.528669,105,9696
104.34291,31.005091,-1,9697
103.978911,30.467515,-1,9698
103.987508,30.452752,-1,9699
104.477678,30.502927,-1,9700
104.390752,30.30094,-1,9701
103.883272,30.666091,219,9702
103.958328,30.689692,-1,9703
104.178702,30.783366,207,9704
103.698047,30.404163,-1,9705
103.522897,30.7958,-1,9706
103.426327,31.071638,-1,9707
104.335081,30.305246,-1,9708
103.970247,30.650111,114,9709
104.521604,30.419039,-1,9710
104.519809,30.62172,-1,9711
104.959346,30.222122,-1,9712
104.012255,30.8313,-1,9713
103.743127,30.395603,-1,9714
103.987064,30.216037,-1,9715
103.95827,30.662689,35,9716
104.366096,30.857329,-1,9717
104.103889,30.715592,-1,9718
104.04618,30.575675,-1,9719
104.155097,30.580449,258,9720
103.702706,30.850579,-1,9721
104.185342,30.684477,8,9722
103.871415,30.701976,47,9723
104.06531,30.176242,-1,9724
104.012066,30.444285,-1,9725
104.156631,30.511108,-1,9726
103.866733,31.077585,-1,9727
104.060225,30.648132,-1,9728
104.162594,30.556295,174,9729
104.090011,30.8326,-1,9730
104.311386,30.804884,-1,9731
104.155067,30.580771,258,9732
103.506088,30.55921,150,9733
104.015719,29.135642,-1,9734
104.453209,30.491996,-1,9735
104.249505,30.920257,-1,9736
104.469483,30.499405,-1,9737
104.138144,30.369755,-1,9738
104.158947,30.776047,-1,9739
103.661043,30.960854,77,9740
103.459641,30.747102,61,9741
104.340579,30.91574,-1,9742
104.173091,30.484466,102,9743
104.167192,30.627992,-1,9744
104.203036,30.726077,55,9745
104.130851,30.375665,-1,9746
104.109657,30.562382,-1,9747
104.030652,30.68285,-1,9748
104.081277,30.524757,-1,9749
104.311111,30.94398,-1,9750
103.901352,30.834615,20,9751
103.990973,30.739405,183,9752
104.225189,30.672283,214,9753
103.83282,30.549607,-1,9754
103.684026,30.878634,-1,9755
104.087067,30.804297,-1,9756
103.796999,29.640223,-1,9757
104.208438,30.524309,169,9758
103.797343,30.643747,176,9759
104.079434,30.586978,-1,9760
103.499882,31.258451,-1,9761
104.081807,30.454325,66,9762
103.971341,30.650324,114,9763
103.499438,30.187949,-1,9764
104.317441,30.302689,-1,9765
104.38948,30.309491,-1,9766
104.386444,30.32274,-1,9767
104.166119,30.712462,109,9768
104.008981,30.473099,-1,9769
103.674893,30.945944,-1,9770
103.659719,30.926334,-1,9771
103.702017,30.852844,-1,9772
104.469984,30.34621,-1,9773
104.078034,30.794931,121,9774
103.689059,30.405307,-1,9775
104.394052,30.297658,-1,9776
104.505913,30.484417,-1,9777
103.456634,30.431844,-1,9778
104.178766,30.782315,207,9779
103.916736,30.414932,-1,9780
104.336716,30.831345,-1,9781
103.643952,30.273298,-1,9782
104.371788,30.864574,81,9783
104.390613,31.063256,-1,9784
104.551913,30.723671,-1,9785
104.868883,29.224842,-1,9786
104.046662,30.941859,-1,9787
103.535022,30.541821,-1,9788
103.79997,30.45002,-1,9789
104.242556,30.650102,25,9790
104.164651,30.658772,62,9791
104.249178,30.772425,133,9792
103.861536,30.560302,-1,9793
103.545593,30.401277,-1,9794
104.096531,30.459218,-1,9795
104.073814,30.718617,170,9796
104.565586,30.369775,-1,9797
104.247304,30.554762,-1,9798
103.963179,30.448035,168,9799
104.973228,29.870893,50,9800
103.922454,31.038475,-1,9801
104.062908,30.542282,-1,9802
103.949031,30.51548,-1,9803
104.040358,30.880132,-1,9804
104.014517,30.766606,-1,9805
104.192585,30.530365,166,9806
104.235646,30.64672,24,9807
103.544272,30.580881,-1,9808
104.005238,30.481204,-1,9809
104.092946,30.523993,83,9810
104.066064,30.372298,-1,9811
103.934791,30.748858,-1,9812
104.49873,30.428225,10,9813
103.790975,30.666321,-1,9814
103.840615,30.619717,-1,9815
104.358265,30.660032,-1,9816
104.235406,30.646688,24,9817
103.79837,30.448188,-1,9818
104.168743,30.741569,16,9819
104.245364,30.553543,-1,9820
103.686171,30.629079,-1,9821
103.918196,30.684002,178,9822
104.050847,30.750017,-1,9823
104.061191,30.668998,-1,9824
104.003586,30.852574,-1,9825
103.678248,31.029672,147,9826
103.948101,30.612198,-1,9827
104.24338,30.645691,48,9828
103.865697,30.604952,-1,9829
103.965729,30.637327,30,9830
104.161148,30.891224,-1,9831
103.428561,30.23403,-1,9832
103.940714,30.614092,106,9833
104.398326,31.008734,-1,9834
104.237922,30.718696,-1,9835
103.837726,30.342091,-1,9836
104.125174,30.56873,-1,9837
104.390982,30.281208,-1,9838
104.038207,30.659063,162,9839
103.874289,30.486287,-1,9840
103.617359,30.978188,-1,9841
104.044438,30.287754,-1,9842
104.008841,30.590564,156,9843
103.898929,30.389443,-1,9844
104.186445,30.544747,-1,9845
104.070792,30.727026,69,9846
103.963075,30.447969,168,9847
103.999639,30.46656,198,9848
104.046398,30.427597,67,9849
104.288394,30.690377,-1,9850
103.898612,30.541902,-1,9851
104.090722,30.639342,-1,9852
103.701406,30.602757,78,9853
104.401357,30.997571,45,9854
103.998091,30.991299,-1,9855
104.235853,30.64627,24,9856
104.121944,30.771454,-1,9857
103.93847,30.616521,40,9858
104.593735,30.117685,-1,9859
103.813517,30.606961,-1,9860
104.01147,30.518042,49,9861
104.191205,30.539132,-1,9862
104.18816,30.681703,-1,9863
103.637203,30.485377,-1,9864
103.952421,30.427971,79,9865
104.024515,30.480785,-1,9866
103.899112,30.615844,-1,9867
104.497188,30.348935,-1,9868
104.164659,30.659016,62,9869
104.16261,30.556395,174,9870
104.010161,30.511286,206,9871
104.82182,30.631471,-1,9872
104.517511,30.622261,-1,9873
104.110668,30.404978,-1,9874
104.367862,31.082559,-1,9875
103.805709,30.456218,-1,9876
103.97723,30.659674,-1,9877
103.554356,30.5941,-1,9878
104.526528,30.431045,-1,9879
104.529403,30.681956,-1,9880
104.1606,30.643467,179,9881
104.537406,30.365808,112,9882
103.659565,30.926207,-1,9883
103.94369,30.716962,-1,9884
104.530511,30.440685,-1,9885
104.151592,30.775762,84,9886
104.406368,30.626805,-1,9887
104.175554,30.788225,245,9888
104.564561,30.718578,-1,9889
104.556315,30.372745,-1,9890
104.020122,29.139712,70,9891
104.215261,30.820758,21,9892
104.188167,30.681459,-1,9893
103.691273,31.03687,-1,9894
104.158877,30.604003,-1,9895
104.603804,30.684682,98,9896
103.992918,30.747708,-1,9897
103.703307,30.452217,-1,9898
103.680592,30.301585,-1,9899
103.994536,30.764735,-1,9900
104.313351,30.287401,-1,9901
103.796896,30.646585,158,9902
104.210977,30.608514,-1,9903
103.949432,30.487499,-1,9904
104.335013,30.643734,-1,9905
103.591151,30.742068,-1,9906
103.851309,30.087283,-1,9907
104.445886,30.856387,-1,9908
104.21697,30.613708,-1,9909
104.057468,30.384924,269,9910
103.984667,30.65719,-1,9911
104.007561,30.554285,216,9912
103.914738,30.526017,-1,9913
104.209515,30.606669,-1,9914
102.436769,29.136551,-1,9915
103.850028,30.207975,-1,9916
104.109122,30.581187,-1,9917
104.405576,30.344798,-1,9918
104.049512,30.476892,201,9919
103.980683,30.827156,-1,9920
103.946203,30.486211,-1,9921
104.241249,30.958142,-1,9922
103.936425,30.614202,104,9923
104.488024,30.45963,-1,9924
104.093569,30.581479,64,9925
103.838891,30.359525,-1,9926
104.065317,30.444068,-1,9927
103.661573,30.961307,77,9928
104.08465,30.455614,66,9929
103.725028,30.332183,-1,9930
104.583863,30.34064,-1,9931
103.760126,30.393696,-1,9932
103.897555,30.491281,-1,9933
104.069879,30.768414,71,9934
104.242807,30.645731,48,9935
104.072062,30.22485,-1,9936
103.643319,30.469908,154,9937
103.940311,30.614217,106,9938
103.924349,30.949644,157,9939
104.508516,30.35445,94,9940
104.056779,30.659955,-1,9941
103.901987,30.538216,-1,9942
104.134608,30.371353,-1,9943
103.701063,30.852332,-1,9944
103.937547,30.612943,104,9945
103.678621,30.345552,-1,9946
104.075269,30.839043,-1,9947
103.867799,30.779465,-1,9948
104.045459,30.427545,67,9949
104.364894,30.659166,-1,9950
103.516174,30.578634,164,9951
103.453093,30.374784,12,9952
103.87453,30.417285,236,9953
104.049117,30.601169,-1,9954
103.967128,30.648352,155,9955
103.619162,30.98968,-1,9956
104.762216,30.615869,-1,9957
104.248938,30.772428,133,9958
103.862684,30.710528,-1,9959
104.204591,30.731128,89,9960
104.433582,30.394118,-1,9961
104.235936,30.873385,-1,9962
104.065156,30.633212,95,9963
104.086774,30.665386,-1,9964
103.982001,30.410613,-1,9965
104.339582,30.459849,-1,9966
104.034098,30.530051,-1,9967
104.115418,30.45251,-1,9968
104.106515,30.587386,92,9969
103.975736,30.197062,-1,9970
104.512853,30.420246,152,9971
104.034848,30.44755,-1,9972
103.961481,30.500995,-1,9973
104.109857,30.507023,85,9974
104.155367,30.606274,-1,9975
103.860548,30.628346,-1,9976
104.056764,30.722943,-1,9977
104.059543,30.432807,-1,9978
104.235367,30.646711,24,9979
104.162703,30.677511,-1,9980
104.109079,30.506271,85,9981
104.330889,30.644015,-1,9982
103.959405,30.145191,-1,9983
103.839239,29.975149,-1,9984
103.876595,30.218756,-1,9985
103.883129,30.665909,219,9986
104.655311,30.341504,-1,9987
103.968395,30.437514,-1,9988
104.021267,30.54486,-1,9989
103.948311,30.534795,-1,9990
103.942588,30.796693,-1,9991
104.510494,30.35353,94,9992
103.939599,30.617338,-1,9993
104.185502,30.716804,14,9994
103.677307,30.950079,-1,9995
103.884749,30.400374,-1,9996
104.043851,30.717732,-1,9997
103.937145,30.614973,104,9998
103.943579,30.50771,-1,9999
103.965346,30.637015,30,10000
104.580917,30.116227,-1,10001
103.98825,30.464235,-1,10002
103.861266,30.80377,111,10003
103.701344,30.602591,78,10004
104.521575,30.662063,-1,10005
104.164355,30.65865,62,10006
104.226368,30.792884,101,10007
104.021441,30.54984,-1,10008
104.168304,30.393042,-1,10009
104.060647,30.686056,-1,10010
103.661524,30.961035,77,10011
104.026677,30.537508,-1,10012
104.069732,30.454078,-1,10013
104.362905,31.067794,-1,10014
104.092653,30.644204,-1,10015
104.33893,30.459694,-1,10016
104.244349,30.711382,-1,10017
104.127935,30.572548,-1,10018
104.243037,30.650924,25,10019
104.001398,30.735887,-1,10020
104.081775,30.455871,66,10021
104.409234,30.341365,-1,10022
104.328233,30.34582,-1,10023
103.845892,30.876059,-1,10024
104.444655,30.841949,-1,10025
104.138964,30.410556,-1,10026
104.28937,30.793646,-1,10027
104.100433,31.081698,-1,10028
104.093402,30.581203,64,10029
102.66877,29.535893,-1,10030
103.867045,30.534986,107,10031
104.785597,29.795979,-1,10032
104.046967,30.428018,67,10033
103.717508,30.608436,243,10034
103.916986,30.683862,178,10035
103.857381,31.076878,-1,10036
104.188555,30.506651,-1,10037
104.099315,30.707404,-1,10038
104.364883,30.296079,-1,10039
104.097075,30.449994,-1,10040
104.387515,31.458046,-1,10041
103.885075,30.165368,-1,10042
104.401814,30.343384,-1,10043
103.956869,30.723204,27,10044
104.172133,30.485664,-1,10045
104.047138,30.428616,67,10046
104.350039,30.643021,-1,10047
104.371984,30.864699,81,10048
104.335931,30.644854,-1,10049
104.161209,30.64356,179,10050
104.114384,30.835609,-1,10051
104.168834,30.74132,16,10052
104.039239,30.225675,93,10053
103.880867,30.414926,-1,10054
104.071514,30.329725,-1,10055
104.886966,30.171812,-1,10056
103.887666,30.567536,-1,10057
104.502491,30.494185,-1,10058
103.482911,30.384117,-1,10059
104.226619,30.836322,-1,10060
104.269039,30.578764,151,10061
104.081055,30.503096,-1,10062
103.95932,30.620415,-1,10063
104.47179,30.429027,-1,10064
104.320152,30.27725,194,10065
104.183761,30.710954,32,10066
103.640323,30.466164,42,10067
103.802449,30.640561,-1,10068
104.202602,31.188882,-1,10069
104.21375,30.651901,3,10070
103.487903,30.757998,-1,10071
103.463249,30.749479,270,10072
104.085285,30.683186,241,10073
104.048669,30.45404,-1,10074
103.451949,30.475062,-1,10075
103.857453,30.920459,-1,10076
104.000209,30.429452,-1,10077
104.505746,30.502689,-1,10078
104.039585,30.225471,93,10079
104.449431,30.480968,59,10080
104.479616,30.50553,-1,10081
103.86058,30.633804,-1,10082
103.831442,30.632247,-1,10083
102.114771,29.64927,-1,10084
103.883327,30.666064,219,10085
104.065634,30.25054,-1,10086
104.223489,30.794307,101,10087
104.38376,30.329373,-1,10088
103.924998,29.924854,-1,10089
104.132099,30.396096,-1,10090
103.698383,30.630329,-1,10091
104.072573,30.348741,-1,10092
103.787255,30.414024,-1,10093
104.343576,30.826724,-1,10094
104.315346,30.410707,-1,10095
104.080011,30.471316,-1,10096
104.45825,30.866035,-1,10097
104.066274,30.68846,-1,10098
103.549471,30.211229,-1,10099
103.964608,30.636823,30,10100
103.992862,30.661962,-1,10101
103.943885,30.794965,-1,10102
104.117238,30.650997,-1,10103
104.141831,30.677093,-1,10104
103.899864,30.540629,-1,10105
103.859673,30.301243,-1,10106
103.678012,30.943242,-1,10107
104.169006,30.741231,16,10108
104.011338,30.488506,-1,10109
104.16966,30.532474,213,10110
104.566712,30.38728,-1,10111
104.093657,30.483583,-1,10112
104.591186,31.275546,-1,10113
104.564338,30.381065,-1,10114
103.87453,30.417285,236,10115
103.981627,30.785316,43,10116
104.397382,30.327755,-1,10117
103.957286,30.647411,31,10118
103.954512,30.570558,-1,10119
103.858068,31.065242,-1,10120
104.453248,30.87105,-1,10121
103.897168,30.666683,34,10122
104.11718,30.684895,-1,10123
103.973915,30.624965,141,10124
104.005957,30.452664,-1,10125
104.130845,30.963835,-1,10126
104.053035,30.706528,-1,10127
104.114228,30.523459,-1,10128
103.529966,30.405783,-1,10129
104.049904,30.782206,-1,10130
104.320105,30.277332,194,10131
103.959805,30.517644,28,10132
104.033659,30.525457,-1,10133
104.098307,30.620789,-1,10134
104.161753,30.599531,235,10135
104.227574,30.829487,-1,10136
103.977706,30.688516,91,10137
103.881378,31.087628,-1,10138
104.068968,30.542436,-1,10139
103.726274,30.801255,-1,10140
104.234957,31.172092,-1,10141
103.968733,30.46747,-1,10142
103.940293,30.614513,106,10143
104.291158,30.588367,256,10144
103.677819,30.338652,117,10145
104.233138,30.727124,-1,10146
102.75865,29.967962,-1,10147
103.981328,30.78559,43,10148
104.109903,30.505327,85,10149
104.041583,30.447954,-1,10150
104.070975,30.725328,69,10151
103.959963,30.939062,-1,10152
104.512891,30.420198,152,10153
103.666402,30.430178,-1,10154
103.838798,30.31582,-1,10155
104.250225,30.734614,-1,10156
104.164852,30.658755,62,10157
104.039577,30.225952,93,10158
104.327597,30.306098,136,10159
104.160578,30.643617,179,10160
103.291823,30.141135,-1,10161
104.615112,30.163391,-1,10162
104.11089,30.509681,260,10163
104.069811,30.768793,71,10164
104.069818,30.768465,71,10165
104.198362,30.581939,75,10166
104.589162,30.748917,-1,10167
103.486299,30.403685,-1,10168
104.053154,30.45894,-1,10169
104.176174,30.778668,-1,10170
103.959822,30.936986,-1,10171
104.229078,30.594177,-1,10172
104.97439,29.869605,-1,10173
104.547776,30.722663,-1,10174
104.114402,30.412096,-1,10175
103.820568,30.916584,-1,10176
103.898752,30.3572,-1,10177
104.636389,30.929394,-1,10178
104.087545,30.760028,-1,10179
103.421033,30.338338,-1,10180
103.929113,30.699121,149,10181
104.039389,30.225913,93,10182
104.098446,30.538846,-1,10183
103.883033,30.666027,219,10184
104.141193,30.37459,-1,10185
103.91502,30.604911,-1,10186
103.860017,30.562276,-1,10187
104.007784,30.519325,-1,10188
103.535413,30.742673,-1,10189
104.162835,30.593634,261,10190
103.45998,30.746834,61,10191
104.14424,30.58459,-1,10192
103.810506,30.630995,7,10193
103.884265,30.666992,219,10194
104.40611,30.626844,-1,10195
103.978911,30.467515,-1,10196
103.990849,30.739226,183,10197
104.001971,30.884418,-1,10198
103.917482,30.684358,178,10199
104.136326,30.408282,-1,10200
104.227015,30.726605,-1,10201
104.045199,30.427582,67,10202
104.044782,30.599271,-1,10203
104.555483,30.707924,-1,10204
104.411192,30.622513,-1,10205
103.972314,30.945059,-1,10206
103.859194,30.827812,203,10207
104.235957,30.646238,24,10208
104.332699,30.649739,-1,10209
104.137633,30.672888,-1,10210
104.056913,30.256677,-1,10211
104.23767,30.653243,29,10212
104.112452,30.753085,39,10213
103.989995,30.482717,-1,10214
103.905619,30.810916,-1,10215
103.86137,30.803737,111,10216
104.358235,30.649893,-1,10217
104.063945,30.695129,-1,10218
103.752898,30.491071,-1,10219
103.467472,30.39392,-1,10220
103.894311,30.359694,-1,10221
104.187213,30.590596,-1,10222
104.586161,30.394027,-1,10223
103.888092,30.376896,-1,10224
104.066973,30.63348,-1,10225
103.88603,30.665867,219,10226
103.846575,30.667349,-1,10227
104.272727,30.867088,-1,10228
104.151512,30.613586,-1,10229
104.174528,30.787384,245,10230
104.228546,30.65608,-1,10231
103.460109,30.747022,61,10232
104.054211,30.446944,249,10233
103.849724,30.372312,-1,10234
104.319206,30.274345,-1,10235
103.914089,30.710837,-1,10236
104.055286,30.443135,-1,10237
103.859489,30.827371,203,10238
103.923278,30.717292,80,10239
103.505755,30.55891,150,10240
104.023449,30.45048,-1,10241
104.178651,30.78306,207,10242
103.953562,30.661836,230,10243
104.531775,30.452564,-1,10244
104.078375,30.376944,-1,10245
104.20368,30.726276,55,10246
103.972817,30.622132,146,10247
104.054789,30.651745,-1,10248
104.349442,30.643287,-1,10249
104.29765,31.034936,188,10250
104.094409,30.539812,-1,10251
104.097096,30.886034,-1,10252
103.013053,29.83208,-1,10253
103.946195,30.662102,-1,10254
103.939615,30.422032,-1,10255
103.655134,30.612898,-1,10256
104.173726,30.727674,191,10257
104.076511,30.790287,-1,10258
103.888759,30.556896,4,10259
104.006953,30.592738,33,10260
103.647354,30.951486,-1,10261
103.684231,30.946637,-1,10262
104.603769,30.684636,98,10263
103.929463,30.699605,149,10264
104.392895,30.283646,192,10265
104.266575,30.619763,-1,10266
104.079015,30.684685,-1,10267
103.781926,30.675419,108,10268
103.792176,30.18709,115,10269
103.31536,30.330247,-1,10270
104.053029,30.440218,-1,10271
104.146233,30.622132,-1,10272
104.032223,30.52692,-1,10273
104.394415,30.350076,251,10274
103.969073,31.007922,-1,10275
104.04053,30.581702,247,10276
103.972195,30.542119,262,10277
103.701576,30.65285,-1,10278
104.026193,30.662443,-1,10279
104.392114,30.282806,192,10280
104.085227,30.459189,-1,10281
103.527591,31.415553,-1,10282
104.066257,30.448946,5,10283
104.086176,30.548124,186,10284
104.112637,30.832972,-1,10285
104.133446,30.522156,-1,10286
103.935299,30.905381,113,10287
103.532274,31.404523,99,10288
103.881041,30.414114,-1,10289
104.481904,30.458531,-1,10290
104.249834,30.581289,-1,10291
103.951175,30.939312,-1,10292
103.937107,30.613384,104,10293
104.301837,30.852896,-1,10294
104.042775,30.44841,-1,10295
103.701574,30.602495,78,10296
104.245719,30.991695,-1,10297
104.187674,30.793596,82,10298
103.973828,30.625396,141,10299
103.468527,30.434062,-1,10300
104.221168,30.638469,0,10301
104.077178,30.498763,-1,10302
104.258965,30.578053,-1,10303
103.968064,30.586456,246,10304
103.91687,30.38655,-1,10305
104.095715,30.462919,-1,10306
104.539213,31.859363,-1,10307
104.886301,29.756982,-1,10308
104.134902,30.626573,-1,10309
103.669771,31.014096,-1,10310
103.890458,30.478687,-1,10311
103.941308,30.459375,-1,10312
103.721891,30.604108,-1,10313
104.082864,30.577742,-1,10314
104.239591,30.33093,-1,10315
103.452189,30.374343,12,10316
103.936561,30.614067,104,10317
103.878498,30.198304,131,10318
104.10265,30.536884,-1,10319
103.940213,30.616177,-1,10320
103.819629,30.714778,-1,10321
103.896498,30.670318,-1,10322
104.110001,30.587645,-1,10323
103.943365,30.751469,-1,10324
103.836179,30.346455,-1,10325
104.390103,30.286971,264,10326
104.237441,30.652933,29,10327
104.340196,30.778058,-1,10328
104.392971,30.28349,192,10329
103.723135,29.103744,-1,10330
103.961324,30.934613,-1,10331
103.888003,30.776643,-1,10332
104.225459,30.647781,-1,10333
104.007748,31.204527,-1,10334
103.91692,30.684161,178,10335
104.194361,30.587048,-1,10336
104.224318,30.675104,65,10337
104.198203,30.659732,-1,10338
104.045809,30.700132,-1,10339
103.988272,30.62807,145,10340
104.161148,30.891224,-1,10341
104.665809,31.016868,-1,10342
104.183049,30.717355,182,10343
104.380211,31.009577,-1,10344
103.85007,30.636353,-1,10345
104.262138,30.271994,-1,10346
104.150344,30.616359,37,10347
104.361132,30.661371,234,10348
104.213887,30.651586,3,10349
103.910175,30.733067,267,10350
104.287112,30.697176,-1,10351
104.0186,30.887934,-1,10352
103.609823,30.971395,-1,10353
103.509696,30.562396,-1,10354
104.312205,30.298535,189,10355
104.390928,30.281138,-1,10356
104.182137,30.717564,182,10357
103.887914,30.556379,4,10358
104.453642,30.831058,-1,10359
103.933366,31.114345,-1,10360
104.095144,30.688625,-1,10361
104.219635,30.695156,-1,10362
104.07867,30.564106,-1,10363
103.911622,30.662215,-1,10364
103.931072,30.321923,-1,10365
104.211425,31.666446,-1,10366
104.150468,30.630533,-1,10367
103.499337,30.569298,-1,10368
103.99912,30.467344,198,10369
104.621611,30.854025,-1,10370
103.671363,30.332803,-1,10371
104.319952,30.276659,194,10372
104.12034,30.771448,171,10373
104.48943,30.494034,122,10374
103.933199,30.60408,-1,10375
104.242756,30.650484,25,10376
104.003009,30.59126,-1,10377
104.064912,30.447166,5,10378
104.138266,30.412424,-1,10379
104.32578,30.71837,-1,10380
104.012319,30.46433,253,10381
103.902794,30.658431,160,10382
104.083282,30.816465,-1,10383
104.050507,30.663632,15,10384
103.897122,30.543337,-1,10385
103.813625,30.218169,-1,10386
103.589522,30.814172,-1,10387
103.955771,30.653943,-1,10388
104.37584,30.951245,-1,10389
104.261363,31.078799,-1,10390
104.093654,30.581108,64,10391
104.01041,30.511437,206,10392
104.08773,30.548257,186,10393
104.354056,30.435618,-1,10394
104.323471,30.342682,-1,10395
104.334848,30.643625,-1,10396
104.104203,30.827646,-1,10397
104.021192,30.669458,-1,10398
104.302138,30.243645,-1,10399
104.115968,30.584234,165,10400
104.237589,30.653356,29,10401
104.034798,30.495887,-1,10402
104.17493,30.715389,153,10403
104.162796,30.65641,-1,10404
104.070533,30.395226,-1,10405
104.59532,31.767905,-1,10406
104.106042,30.587642,92,10407
103.552993,30.220922,44,10408
103.925548,29.926302,-1,10409
104.101988,30.539753,-1,10410
103.547596,30.215149,-1,10411
104.242499,30.649973,25,10412
103.79685,30.643409,176,10413
104.055768,30.458206,138,10414
104.223288,30.710475,-1,10415
104.125266,30.769535,173,10416
104.164645,30.658728,62,10417
104.082987,30.718126,-1,10418
103.993646,29.152307,-1,10419
104.488782,30.459296,-1,10420
103.937131,30.613537,104,10421
104.183049,30.717355,182,10422
103.818802,30.634282,7,10423
104.17081,30.519781,-1,10424
104.160144,30.714051,-1,10425
103.654643,30.684872,-1,10426
103.937611,30.613671,104,10427
104.513412,30.420064,152,10428
104.328233,30.34582,-1,10429
103.923877,30.937678,-1,10430
104.122017,30.754089,-1,10431
104.504678,30.364107,-1,10432
103.741752,30.767337,-1,10433
104.243246,30.645627,48,10434
104.034098,30.530051,-1,10435
103.877308,30.562483,-1,10436
104.065763,30.329321,271,10437
103.936505,30.613802,104,10438
103.824006,30.585343,-1,10439
104.488974,30.461478,244,10440
103.933424,30.702654,-1,10441
104.005438,30.520671,252,10442
104.020298,30.543245,-1,10443
104.680544,30.051178,-1,10444
104.390604,30.332858,-1,10445
104.12085,30.501653,204,10446
103.623057,30.648726,-1,10447
104.290828,30.588133,256,10448
104.013344,30.406886,-1,10449
104.063508,30.633273,95,10450
104.02722,30.481477,63,10451
103.973844,30.429442,87,10452
104.559127,30.727443,-1,10453
104.115211,30.765852,-1,10454
103.86223,30.447148,-1,10455
104.327108,30.308495,136,10456
103.759346,30.66612,-1,10457
104.001824,29.117975,-1,10458
103.884077,30.778653,-1,10459
104.235753,30.646448,24,10460
103.896885,30.666531,34,10461
103.461901,30.383504,-1,10462
103.653511,30.336838,-1,10463
104.509417,30.352679,94,10464
104.242863,30.65086,25,10465
103.827682,30.424722,-1,10466
103.89576,30.398691,-1,10467
103.636229,30.339743,-1,10468
104.17533,30.66446,2,10469
103.681731,30.290286,-1,10470
103.689367,31.023231,-1,10471
104.908207,30.159907,-1,10472
104.098547,30.456704,-1,10473
104.175198,30.715276,153,10474
104.064419,30.250886,-1,10475
104.203747,30.726025,55,10476
103.433284,30.397012,-1,10477
103.796784,30.646707,158,10478
103.935368,30.905626,113,10479
104.401821,30.997423,45,10480
104.323471,30.342682,-1,10481
103.654658,30.927123,72,10482
103.917233,30.683527,178,10483
103.888053,31.035573,-1,10484
103.661396,30.961205,77,10485
104.067364,30.169556,-1,10486
103.937042,30.614519,104,10487
104.332869,30.651355,-1,10488
103.55266,30.53114,-1,10489
104.020681,29.139518,70,10490
104.25557,30.859339,228,10491
103.902306,30.658433,160,10492
104.565001,30.379149,-1,10493
103.873462,30.779108,123,10494
103.395889,30.545817,-1,10495
103.499134,30.554695,-1,10496
104.234558,30.646137,24,10497
104.249906,30.581289,-1,10498
103.494676,30.175863,-1,10499
104.069931,30.768482,71,10500
104.19319,30.820996,-1,10501
103.96927,30.366489,200,10502
104.202671,30.725977,55,10503
103.902532,30.978157,-1,10504
103.887466,30.592987,-1,10505
104.106935,30.491092,-1,10506
104.203748,30.747196,-1,10507
103.91687,30.38655,-1,10508
103.184455,30.13456,-1,10509
104.539078,31.859431,-1,10510
103.973372,31.031233,140,10511
104.079992,30.512998,127,10512
104.039199,30.806639,-1,10513
104.464642,30.471382,-1,10514
103.916236,30.369079,172,10515
104.037103,31.331542,-1,10516
104.750251,29.746141,-1,10517
103.978911,30.467515,-1,10518
104.339814,30.823765,-1,10519
103.971413,30.650495,114,10520
104.326767,30.860272,126,10521
104.085186,30.46144,-1,10522
104.570506,31.034044,-1,10523
103.960275,30.795601,242,10524
104.039553,30.225679,93,10525
104.050748,30.663577,15,10526
103.937503,30.975708,-1,10527
103.949031,30.51548,-1,10528
103.892988,30.776473,-1,10529
104.219535,31.658613,-1,10530
104.305877,30.936713,-1,10531
104.130556,30.669961,-1,10532
104.564402,30.380998,-1,10533
104.061364,30.442362,-1,10534
103.988365,30.627523,145,10535
104.558528,30.722958,-1,10536
104.374642,31.040545,-1,10537
103.997947,30.478636,-1,10538
104.080619,30.702602,-1,10539
104.072784,30.752481,-1,10540
103.83411,30.661845,-1,10541
104.545132,31.387358,-1,10542
104.546623,29.503875,222,10543
103.880078,30.404372,119,10544
104.10666,30.756284,-1,10545
104.16542,30.628916,-1,10546
103.885157,30.411442,-1,10547
104.212203,30.526049,-1,10548
104.009145,30.512023,-1,10549
104.047647,30.541777,211,10550
104.973996,29.871056,50,10551
104.463199,30.346677,-1,10552
104.422786,30.474278,-1,10553
104.041184,30.467276,-1,10554
104.057713,30.385161,269,10555
103.838233,30.360767,143,10556
104.456355,30.607642,-1,10557
104.164228,30.593974,261,10558
103.647446,31.021399,-1,10559
103.706281,30.411304,-1,10560
103.678067,31.029841,147,10561
104.219111,30.655232,-1,10562
103.810794,30.630158,7,10563
103.990405,30.739522,183,10564
104.493827,31.327483,-1,10565
104.087372,30.825943,-1,10566
103.935577,30.782168,-1,10567
104.083139,30.72076,-1,10568
103.513218,30.254463,-1,10569
104.366038,30.304081,-1,10570
103.94706,30.665698,-1,10571
104.051365,30.640382,-1,10572
104.268849,30.578731,151,10573
103.972131,30.542085,262,10574
104.368617,31.104238,-1,10575
103.937724,30.658596,-1,10576
103.890941,31.020457,-1,10577
104.472984,30.494051,-1,10578
103.771936,30.343237,-1,10579
104.072533,30.351562,-1,10580
103.699962,31.099083,-1,10581
104.590698,30.388407,-1,10582
104.050369,30.663725,15,10583
103.52793,30.377142,259,10584
104.512986,30.420398,152,10585
104.090742,30.539975,-1,10586
104.053817,30.466384,130,10587
103.96857,30.467048,-1,10588
103.958304,30.663391,35,10589
104.093,30.635698,-1,10590
103.643447,30.470186,154,10591
104.109733,30.501032,-1,10592
103.989622,30.462584,-1,10593
102.649702,30.916707,-1,10594
103.923736,30.660396,-1,10595
103.912307,30.631069,9,10596
104.090479,30.79827,-1,10597
104.762378,30.371941,-1,10598
103.260069,30.560001,229,10599
104.439901,29.476518,-1,10600
103.673894,31.042341,-1,10601
103.907947,30.660732,180,10602
103.944224,30.596207,-1,10603
104.440972,30.831575,-1,10604
104.009607,30.325027,-1,10605
104.081142,30.514494,127,10606
103.952682,30.999564,-1,10607
104.768808,30.864077,-1,10608
103.489577,30.749501,-1,10609
103.974524,30.795943,-1,10610
103.892243,30.255315,-1,10611
104.546772,29.504126,222,10612
104.377829,30.292345,254,10613
104.326529,30.860289,126,10614
103.957891,30.597709,-1,10615
104.098232,30.885082,217,10616
103.895762,30.84204,-1,10617
103.887388,30.276453,-1,10618
103.532249,31.404628,99,10619
102.764279,30.401408,-1,10620
104.26792,30.650828,-1,10621
103.851172,30.437389,73,10622
103.869069,30.394038,-1,10623
104.179193,30.520386,-1,10624
103.67721,30.349669,-1,10625
104.204972,30.688835,-1,10626
103.939337,30.471331,-1,10627
103.701608,30.602546,78,10628
104.08068,30.702234,-1,10629
103.835921,30.346099,-1,10630
104.073058,30.68488,-1,10631
103.927338,30.672362,-1,10632
104.12073,30.501788,204,10633
103.878754,30.492883,-1,10634
103.980934,30.561571,-1,10635
104.231843,30.639869,-1,10636
104.098429,30.436445,-1,10637
104.327333,30.307625,136,10638
104.188296,30.765899,-1,10639
104.107857,30.549994,-1,10640
103.689516,31.032149,-1,10641
104.237113,29.938813,-1,10642
104.099779,30.412721,-1,10643
104.580233,30.688456,-1,10644
104.239796,30.818857,-1,10645
104.020463,30.524821,-1,10646
104.017261,30.845745,-1,10647
104.586918,30.867851,-1,10648
104.368508,30.653228,-1,10649
103.843894,30.372208,-1,10650
103.923136,30.717042,80,10651
104.213975,30.651443,3,10652
103.532296,31.404586,99,10653
103.46575,30.437972,175,10654
103.976236,30.403615,-1,10655
104.472027,30.340784,-1,10656
103.677791,30.338697,117,10657
103.920445,29.916708,-1,10658
104.071473,30.466985,-1,10659
104.272575,29.938819,-1,10660
104.615105,30.162824,-1,10661
103.998099,30.467062,198,10662
104.231863,30.63956,-1,10663
103.898063,30.385679,-1,10664
104.040761,30.593367,51,10665
103.56117,30.748812,120,10666
104.19849,30.582255,75,10667
104.452207,30.352491,-1,10668
104.230672,30.647724,-1,10669
103.601499,30.828825,-1,10670
104.010634,30.517523,49,10671
103.859199,30.827517,203,10672
103.952278,30.795778,167,10673
104.342075,30.924973,-1,10674
103.952171,30.600758,-1,10675
104.318495,30.86128,22,10676
103.489803,30.184612,220,10677
104.093137,30.581232,64,10678
103.877378,30.562457,-1,10679
104.39173,30.646899,-1,10680
104.287723,30.697269,-1,10681
103.990716,30.739536,183,10682
104.099861,30.523313,-1,10683
104.33099,30.644326,-1,10684
104.19357,30.82125,-1,10685
103.857785,30.449666,227,10686
104.215134,30.582615,218,10687
103.908106,30.66057,180,10688
104.218882,30.655389,-1,10689
104.004814,30.521823,252,10690
104.01068,30.512406,206,10691
103.926953,30.725045,-1,10692
104.177764,30.724999,-1,10693
103.93562,30.906132,113,10694
103.760234,30.665301,-1,10695
104.120858,30.50177,204,10696
103.826076,30.421048,-1,10697
104.162974,30.593653,261,10698
103.991004,30.475606,-1,10699
103.804132,30.603095,-1,10700
103.741006,30.338937,-1,10701
104.097515,30.450382,-1,10702
104.051862,30.470719,-1,10703
103.963212,30.447969,168,10704
103.810506,30.631996,7,10705
104.151536,30.77686,84,10706
103.95706,30.723331,27,10707
104.528284,30.649135,-1,10708
104.221165,30.638867,0,10709
104.286086,30.695074,-1,10710
103.515267,30.295092,-1,10711
103.718583,30.612003,-1,10712
104.262094,30.271988,-1,10713
104.389014,30.286672,264,10714
104.220554,30.695539,-1,10715
104.051134,30.664249,15,10716
103.937292,30.614482,104,10717
103.996848,31.140841,-1,10718
104.122545,30.511939,-1,10719
104.218971,30.695357,-1,10720
104.081375,30.454681,66,10721
104.470904,30.59867,-1,10722
104.031287,30.482565,-1,10723
104.04112,30.593395,51,10724
104.217408,30.571989,-1,10725
104.112051,30.753094,39,10726
103.436936,30.617581,-1,10727
104.235869,30.646304,24,10728
104.011384,30.463408,253,10729
104.008015,30.452714,-1,10730
104.386774,30.301421,68,10731
104.224501,30.484418,-1,10732
104.266705,30.656229,-1,10733
103.883701,30.665965,219,10734
104.093927,30.561484,-1,10735
103.970377,30.989252,-1,10736
104.313744,30.272751,-1,10737
103.493053,30.185039,-1,10738
103.686556,30.839815,-1,10739
103.708091,30.608774,-1,10740
104.006222,30.592216,33,10741
104.433519,30.333278,-1,10742
104.074525,30.445082,-1,10743
104.165275,30.659107,62,10744
104.108267,30.55496,-1,10745
103.861386,30.803755,111,10746
104.15947,31.211959,-1,10747
104.185487,30.545299,-1,10748
103.640456,30.465838,42,10749
103.843928,30.800797,-1,10750
104.185818,30.720621,134,10751
104.971095,29.686591,-1,10752
104.334893,30.643697,53,10753
104.185788,30.71928,134,10754
103.829115,30.93807,-1,10755
103.972396,30.541135,262,10756
104.077809,30.794722,121,10757
103.9743,30.782664,-1,10758
103.917534,30.836002,-1,10759
103.96982,30.98217,-1,10760
103.452128,30.374202,12,10761
104.072711,30.685811,-1,10762
104.125133,30.769575,173,10763
104.556962,30.725194,-1,10764
104.079984,30.695721,-1,10765
104.173714,30.482784,-1,10766
104.169006,30.741231,16,10767
104.078878,30.366572,-1,10768
104.002975,30.882548,-1,10769
103.974414,30.42841,87,10770
104.082752,30.454926,66,10771
104.221466,30.544475,-1,10772
104.170922,30.7137,-1,10773
104.083452,30.577717,-1,10774
104.203747,30.726025,55,10775
104.530629,30.662379,36,10776
104.073406,30.468939,-1,10777
103.680557,30.612762,-1,10778
104.011756,30.467215,-1,10779
103.838233,30.360767,143,10780
104.072944,30.718761,170,10781
104.029986,31.288041,-1,10782
104.203802,30.725976,55,10783
104.120778,30.501672,204,10784
104.05119,30.499981,-1,10785
104.22147,30.639011,0,10786
103.79076,29.635966,-1,10787
104.466309,30.602752,-1,10788
104.0764,30.629002,-1,10789
104.067856,30.329712,-1,10790
104.072637,30.353912,-1,10791
104.314424,30.94499,-1,10792
104.236938,30.498298,-1,10793
103.994769,30.443628,-1,10794
103.948617,30.731072,-1,10795
103.956868,30.935481,-1,10796
103.717002,30.569271,-1,10797
104.511251,30.353548,94,10798
104.177819,30.719021,17,10799
103.713621,30.525964,238,10800
104.081992,30.814496,-1,10801
104.39165,30.300323,144,10802
104.072486,30.203348,-1,10803
104.177072,30.718824,17,10804
104.118383,30.759011,-1,10805
103.878602,30.198206,131,10806
104.521763,30.434458,-1,10807
103.506169,30.744482,-1,10808
104.372157,30.864341,81,10809
103.907306,30.844968,-1,10810
104.259802,30.092948,-1,10811
104.10917,30.504305,-1,10812
103.83514,30.344448,-1,10813
104.267941,30.650318,-1,10814
103.982936,30.453625,-1,10815
104.285365,30.699143,-1,10816
104.339627,31.125969,-1,10817
103.922324,30.819416,-1,10818
104.069612,30.768351,71,10819
104.076117,30.779069,-1,10820
104.391969,30.283924,192,10821
103.952492,30.795716,167,10822
103.953516,30.660872,230,10823
104.098457,30.885103,217,10824
103.929914,31.082093,-1,10825
103.704972,30.401424,-1,10826
104.502343,30.480228,-1,10827
104.186213,30.684769,8,10828
103.507022,30.200666,-1,10829
103.967836,30.812618,-1,10830
103.900252,30.363658,-1,10831
103.988294,30.627456,145,10832
103.767048,30.038789,-1,10833
104.072142,30.351298,-1,10834
104.125276,30.76946,173,10835
103.665115,30.593677,-1,10836
103.974613,30.429137,87,10837
104.051337,30.476756,201,10838
104.30902,31.007049,-1,10839
104.069771,30.768689,71,10840
104.541605,29.507534,-1,10841
103.968341,30.468624,-1,10842
104.203541,30.726012,55,10843
104.051016,30.470358,-1,10844
104.069904,30.768534,71,10845
103.998933,30.669481,118,10846
104.07712,30.794747,121,10847
103.659806,30.338966,-1,10848
103.845784,30.876073,-1,10849
103.991506,30.626072,-1,10850
103.773727,29.471285,-1,10851
103.937906,30.619863,137,10852
103.86065,30.791466,-1,10853
103.880937,30.604419,193,10854
104.172967,30.484252,102,10855
103.863627,30.347388,-1,10856
104.215542,30.649266,-1,10857
104.440295,30.599471,-1,10858
104.0918,30.568584,-1,10859
104.096806,30.754953,-1,10860
103.686132,30.837278,231,10861
104.174919,30.78901,-1,10862
103.707167,30.582465,-1,10863
104.238091,30.652962,29,10864
104.053105,30.460153,-1,10865
103.792309,29.72322,-1,10866
104.198203,30.659732,-1,10867
104.537345,30.365828,112,10868
103.897663,31.01054,-1,10869
103.914384,30.6755,125,10870
103.748836,31.194227,-1,10871
103.946138,30.488088,-1,10872
104.299437,30.242635,-1,10873
103.871878,30.462189,-1,10874
104.04065,30.665559,-1,10875
104.099405,30.466986,184,10876
103.756423,30.363203,-1,10877
103.942952,30.433441,-1,10878
103.921638,30.286895,-1,10879
103.959545,30.649694,210,10880
103.956059,30.345182,-1,10881
103.918682,30.243902,-1,10882
104.066298,30.179773,142,10883
104.511124,30.352774,94,10884
104.309071,30.865599,11,10885
103.973626,30.578851,-1,10886
104.221243,30.639224,0,10887
104.239013,30.647832,-1,10888
104.486418,30.334284,-1,10889
103.701701,30.602534,78,10890
103.497333,30.540794,-1,10891
103.663056,30.97104,197,10892
103.547675,30.215333,-1,10893
103.712434,30.523205,-1,10894
104.101068,30.45594,-1,10895
104.085073,30.683562,241,10896
104.223777,30.566514,19,10897
103.768196,30.652422,-1,10898
104.077334,30.471397,-1,10899
103.783516,30.441939,-1,10900
103.927519,30.512789,-1,10901
103.952281,30.675657,-1,10902
104.031933,30.668623,-1,10903
104.671317,30.055186,-1,10904
104.319917,30.276293,194,10905
104.040593,30.666279,-1,10906
104.751541,29.745104,-1,10907
103.998644,30.253021,97,10908
104.3562,30.661698,-1,10909
103.952274,30.936773,-1,10910
104.380211,31.009577,-1,10911
103.855939,30.823791,-1,10912
103.943182,30.597558,-1,10913
103.79038,29.745804,-1,10914
104.195873,30.858975,-1,10915
104.498721,30.442331,-1,10916
104.468771,30.847844,6,10917
104.173772,30.717986,-1,10918
104.778737,30.848645,-1,10919
104.071733,30.248895,-1,10920
103.897223,30.836211,76,10921
104.242811,30.650605,25,10922
104.066326,30.536012,-1,10923
103.950831,30.729408,-1,10924
104.090486,30.540174,-1,10925
104.108043,30.548691,-1,10926
104.214456,30.821602,21,10927
103.871642,30.289893,-1,10928
104.181066,30.514028,-1,10929
104.032622,30.475961,-1,10930
104.143464,30.46579,-1,10931
104.048289,30.651762,-1,10932
104.134195,30.637778,-1,10933
104.324397,30.319109,-1,10934
103.873821,30.417359,236,10935
103.819764,30.786639,-1,10936
104.196693,31.114385,-1,10937
104.405496,30.346567,212,10938
103.853362,30.765052,-1,10939
104.33581,30.645025,-1,10940
104.82186,30.631023,-1,10941
104.319582,30.843596,-1,10942
104.090989,30.444478,-1,10943
103.687925,30.615473,-1,10944
103.909589,30.883529,-1,10945
104.138789,30.637948,-1,10946
104.112358,31.185771,-1,10947
104.329162,30.346375,-1,10948
103.661117,30.961028,77,10949
104.021759,30.237523,-1,10950
104.266746,30.570304,-1,10951
104.512875,30.420164,152,10952
104.007635,30.553978,216,10953
103.637533,30.472995,-1,10954
104.157345,30.64821,-1,10955
104.572777,31.035109,-1,10956
104.070754,30.33004,-1,10957
103.587784,30.387945,-1,10958
104.077688,30.239308,-1,10959
104.047838,30.541705,211,10960
104.372162,30.965483,-1,10961
104.213631,30.822029,21,10962
104.43279,29.864783,-1,10963
103.935824,30.9054,113,10964
103.958367,30.66345,35,10965
103.815718,30.57548,-1,10966
103.82169,30.741994,-1,10967
104.063834,30.63321,95,10968
104.476179,30.352202,-1,10969
104.202693,30.726155,55,10970
103.909724,30.544455,199,10971
103.647462,31.021399,-1,10972
104.188616,30.700174,-1,10973
103.990766,30.780019,-1,10974
104.174549,30.582716,-1,10975
104.393299,30.293823,-1,10976
104.038708,30.359832,-1,10977
104.532206,30.427628,-1,10978
104.107733,30.462544,-1,10979
103.856722,30.442234,-1,10980
102.049023,31.514481,-1,10981
104.046542,30.421846,-1,10982
104.064467,30.269825,-1,10983
104.052746,30.446447,249,10984
104.062552,30.177513,-1,10985
104.081212,30.513427,127,10986
104.53177,30.663314,36,10987
104.326796,30.860261,126,10988
104.990541,29.541973,128,10989
104.410291,30.758593,-1,10990
103.642424,30.94322,190,10991
104.200036,30.868215,-1,10992
103.956997,30.723426,27,10993
103.935368,30.905626,113,10994
104.002147,30.484904,-1,10995
103.972546,30.622837,146,10996
104.219277,30.693797,-1,10997
104.186462,30.662383,-1,10998
103.41447,30.756915,-1,10999
104.016756,30.226474,-1,11000
103.917535,30.681771,-1,11001
104.109224,30.601921,-1,11002
104.432508,30.333798,-1,11003
104.181505,30.682888,-1,11004
103.825165,30.450359,-1,11005
104.007621,30.438087,-1,11006
103.460386,30.746858,61,11007
103.727697,30.558999,116,11008
104.077626,30.629045,-1,11009
104.031387,30.525002,-1,11010
103.81881,30.634332,7,11011
103.498305,30.568702,225,11012
104.569301,30.371974,-1,11013
103.530821,31.410725,-1,11014
103.643369,30.940815,-1,11015
103.996895,30.468734,-1,11016
104.145528,30.660579,-1,11017
104.838289,29.757819,-1,11018
103.823986,30.585344,-1,11019
103.942944,30.93737,-1,11020
103.859134,30.827738,203,11021
103.713892,30.527,238,11022
104.181993,30.620768,-1,11023
103.997094,30.907937,-1,11024
104.410158,30.758596,-1,11025
104.225141,30.672288,214,11026
104.176714,30.792443,-1,11027
104.158932,30.673382,-1,11028
103.848979,30.430207,-1,11029
104.328127,30.628373,-1,11030
103.678162,31.029824,147,11031
104.117098,30.639545,-1,11032
103.496954,30.547258,226,11033
104.592498,30.019452,-1,11034
104.244349,30.711382,-1,11035
104.181492,30.682611,-1,11036
104.242933,30.651174,25,11037
103.709533,30.39373,-1,11038
103.604137,30.740756,-1,11039
104.506525,30.433004,-1,11040
103.873136,30.779283,123,11041
104.063119,30.246855,-1,11042
104.488559,30.462131,244,11043
104.246536,30.663839,-1,11044
104.20309,30.858779,-1,11045
104.990536,29.543306,128,11046
103.81964,30.488977,-1,11047
103.71697,30.59374,-1,11048
103.681992,30.596558,-1,11049
104.073289,30.752231,-1,11050
104.08167,30.481632,-1,11051
104.154927,30.639736,-1,11052
104.463219,30.488591,-1,11053
104.242188,30.650285,25,11054
103.70158,30.602711,78,11055
103.993511,30.764724,-1,11056
103.99192,30.73964,183,11057
104.115104,30.580181,1,11058
104.175335,30.664364,2,11059
104.123565,30.683017,-1,11060
103.952321,30.936866,-1,11061
103.53188,30.209283,-1,11062
103.93258,30.662187,-1,11063
103.888103,30.66132,-1,11064
103.878498,30.198304,131,11065
104.089079,30.641077,-1,11066
104.049239,30.601323,-1,11067
104.211715,30.675457,-1,11068
103.884692,30.368677,-1,11069
104.00508,30.453571,-1,11070
104.227125,30.657121,-1,11071
104.268849,30.578731,151,11072
103.938222,30.561338,-1,11073
103.929758,30.94091,-1,11074
104.649143,30.048543,-1,11075
103.935316,30.905609,113,11076
104.259409,30.812762,-1,11077
104.358825,30.290382,-1,11078
104.040973,30.583012,247,11079
104.371097,30.819999,-1,11080
104.175793,30.727877,191,11081
103.88465,30.388545,-1,11082
104.166119,30.712462,109,11083
103.786935,30.675335,-1,11084
103.812417,30.571559,250,11085
104.105632,30.704655,-1,11086
104.069585,30.768886,71,11087
102.805079,30.278188,-1,11088
103.915378,30.678424,-1,11089
104.294721,29.659585,-1,11090
104.053134,30.7064,-1,11091
104.464476,30.489383,-1,11092
104.312478,30.298485,189,11093
104.026568,30.448561,-1,11094
104.203336,30.726243,55,11095
103.596781,30.977402,-1,11096
104.448609,30.995628,-1,11097
104.333059,30.646515,-1,11098
104.050331,30.66392,15,11099
104.455589,30.483238,-1,11100
104.452348,30.352518,-1,11101
104.071185,30.329712,-1,11102
104.195398,30.595642,-1,11103
104.165874,30.67732,-1,11104
103.941369,30.599172,-1,11105
103.659155,30.923574,-1,11106
103.971193,30.937658,-1,11107
103.960126,30.155595,-1,11108
103.644925,31.016323,-1,11109
103.54165,30.74363,-1,11110
103.886753,30.820548,-1,11111
104.447732,30.857568,-1,11112
103.706073,29.083011,-1,11113
103.971341,30.65044,114,11114
104.15578,30.580286,258,11115
104.226678,30.792754,101,11116
103.84397,30.648809,-1,11117
103.957572,30.659872,-1,11118
104.090318,30.777515,-1,11119
104.021233,30.516004,-1,11120
103.901937,30.834284,20,11121
103.870399,30.702369,47,11122
104.056673,30.641433,-1,11123
104.188255,30.76588,-1,11124
103.489755,30.18456,220,11125
104.027713,30.450598,-1,11126
103.937784,30.619031,137,11127
103.906892,30.696426,-1,11128
104.099794,30.412574,-1,11129
104.29162,30.59304,-1,11130
104.111442,30.582786,-1,11131
104.016268,30.449456,-1,11132
104.312546,30.289535,-1,11133
103.896459,30.666085,34,11134
104.376957,30.292824,-1,11135
104.255768,30.471273,-1,11136
103.959357,30.162543,-1,11137
103.796173,30.684665,-1,11138
104.301202,30.39494,-1,11139
104.378349,30.282963,-1,11140
104.291336,30.8732,-1,11141
103.985719,30.661725,-1,11142
103.890117,30.45689,-1,11143
103.87129,30.462157,-1,11144
103.857453,30.920459,-1,11145
103.71741,30.609224,243,11146
103.903744,30.772482,-1,11147
103.549576,30.644193,-1,11148
103.436936,30.617581,-1,11149
103.728496,30.826337,-1,11150
103.876825,30.221029,-1,11151
103.870215,30.785865,-1,11152
104.398179,30.303809,-1,11153
103.969068,30.366504,200,11154
104.157914,30.776097,-1,11155
104.107458,30.568449,-1,11156
103.986868,30.453902,-1,11157
103.80863,30.459325,-1,11158
104.319727,30.275878,194,11159
104.071689,30.473841,-1,11160
103.861537,30.984724,-1,11161
104.238721,30.562352,-1,11162
103.971208,30.542348,262,11163
103.678398,30.34961,-1,11164
103.991162,30.475769,-1,11165
103.898089,30.571568,-1,11166
104.072561,30.439962,-1,11167
104.071955,30.405237,-1,11168
104.183049,30.717355,182,11169
104.106535,30.509131,-1,11170
104.447795,30.857684,-1,11171
103.849978,30.720679,-1,11172
104.070987,30.689464,-1,11173
104.17971,30.841521,-1,11174
103.930436,30.741017,-1,11175
103.989857,30.672503,-1,11176
104.464404,30.48962,-1,11177
103.958782,30.431703,-1,11178
103.537078,30.209833,-1,11179
103.957805,30.500927,-1,11180
104.126831,30.373519,-1,11181
103.987757,30.4674,-1,11182
104.174251,30.864612,-1,11183
103.784922,30.652766,-1,11184
104.23861,30.53326,-1,11185
104.31812,30.917127,-1,11186
104.509864,30.352911,94,11187
104.100194,30.651301,265,11188
103.97767,30.688249,91,11189
104.36153,30.43483,-1,11190
103.935315,30.905499,113,11191
103.961222,30.644946,-1,11192
103.966318,30.599519,-1,11193
103.535597,30.751631,-1,11194
104.19316,30.529796,166,11195
103.55481,30.533439,-1,11196
103.846029,30.436883,-1,11197
103.912637,30.824865,-1,11198
104.075205,30.499832,-1,11199
103.946761,30.337675,-1,11200
103.814666,30.633072,7,11201
103.904187,30.68322,-1,11202
104.302118,30.853829,-1,11203
104.108019,30.42039,88,11204
104.287215,30.687672,-1,11205
103.679422,30.90374,-1,11206
103.924525,30.950254,157,11207
104.15423,30.847864,-1,11208
104.276931,31.141993,-1,11209
104.175624,30.700188,-1,11210
104.364796,30.489981,-1,11211
104.05923,30.67411,-1,11212
102.7854,30.397268,-1,11213
103.817471,30.488865,-1,11214
104.04953,30.488214,-1,11215
103.967842,30.648706,155,11216
104.120914,30.52211,-1,11217
104.487994,30.493305,122,11218
104.449999,30.600375,-1,11219
104.039875,30.582575,247,11220
103.600685,31.065004,96,11221
104.115837,30.523082,-1,11222
104.050814,30.664445,15,11223
103.898677,30.685951,-1,11224
103.935171,30.905597,113,11225
104.31363,30.30081,-1,11226
103.883547,30.665577,219,11227
104.286543,30.526958,-1,11228
103.685464,30.597569,-1,11229
103.580984,30.294319,-1,11230
103.839293,30.359711,-1,11231
104.236128,30.646738,24,11232
103.973968,30.624916,141,11233
103.967645,30.930661,-1,11234
104.059554,30.416582,-1,11235
104.044075,30.218046,-1,11236
104.015,31.428209,-1,11237
104.097684,30.458802,-1,11238
104.53069,31.385452,-1,11239
104.321027,30.285899,-1,11240
104.367858,30.716145,-1,11241
104.098991,30.52328,-1,11242
103.989467,30.596644,-1,11243
103.697899,30.58355,-1,11244
104.249986,30.581095,-1,11245
103.945816,30.485967,-1,11246
103.945962,30.531428,-1,11247
104.109583,30.540561,-1,11248
104.178934,30.783049,207,11249
103.938061,30.619124,137,11250
104.242524,30.651219,25,11251
104.217227,30.582849,-1,11252
103.952044,30.42799,79,11253
104.077777,30.79447,121,11254
104.015246,30.571197,-1,11255
103.973757,31.032317,140,11256
104.060766,30.432576,-1,11257
103.883681,30.666026,219,11258
104.43916,30.355683,-1,11259
103.825063,30.446259,-1,11260
104.235542,30.646536,24,11261
103.920885,30.946989,-1,11262
104.069635,30.768493,71,11263
104.327276,30.307381,136,11264
103.861139,30.4457,103,11265
103.982698,30.453509,-1,11266
102.645675,30.933778,-1,11267
104.501851,30.471942,161,11268
104.155239,30.579269,-1,11269
104.02986,30.637244,-1,11270
103.916421,30.369315,172,11271
104.089008,30.540531,-1,11272
103.814245,30.633039,7,11273
104.023166,31.376554,-1,11274
104.235821,30.64637,24,11275
103.677043,30.398142,-1,11276
103.967481,30.648115,155,11277
103.95689,30.723334,27,11278
103.703856,30.799061,-1,11279
103.824775,30.448329,-1,11280
103.904777,30.353537,-1,11281
103.903543,30.742265,-1,11282
103.902465,30.826565,-1,11283
102.805127,30.277669,-1,11284
104.165473,30.659021,62,11285
103.933486,30.661884,-1,11286
104.323279,30.64494,54,11287
103.916183,30.634508,-1,11288
104.137836,30.638067,-1,11289
104.354012,30.348,-1,11290
103.965987,30.435339,110,11291
104.110041,30.57571,-1,11292
103.672944,30.36266,-1,11293
104.292251,30.588079,256,11294
104.332753,30.636433,-1,11295
104.124626,30.405146,-1,11296
104.501173,30.474002,161,11297
104.180854,30.53484,-1,11298
103.965732,30.55842,-1,11299
104.534999,30.654563,-1,11300
104.152869,30.853517,-1,11301
104.487991,30.35199,-1,11302
104.212973,30.650314,-1,11303
104.178742,30.782798,207,11304
103.452272,30.374708,12,11305
103.937596,30.618923,137,11306
104.039087,30.447006,-1,11307
104.565551,30.385741,-1,11308
104.076353,30.780009,-1,11309
104.393899,30.310019,-1,11310
104.332718,30.903347,-1,11311
104.046847,30.428148,67,11312
103.662864,30.970681,197,11313
103.972921,30.622382,146,11314
104.14032,30.403325,-1,11315
104.433926,30.394049,-1,11316
103.760042,30.665098,-1,11317
104.213912,30.651858,3,11318
103.870496,30.702073,47,11319
103.66085,30.961442,77,11320
103.936013,30.905264,113,11321
104.488224,30.459463,-1,11322
103.760784,30.635869,-1,11323
104.871952,30.063459,-1,11324
103.792772,30.187782,115,11325
103.879824,30.40438,119,11326
103.906516,30.80908,-1,11327
104.401417,30.997552,45,11328
103.902474,30.658389,160,11329
103.88253,30.667187,219,11330
104.31992,30.276397,194,11331
104.525268,30.651228,-1,11332
103.690046,31.045997,-1,11333
104.56486,30.37104,159,11334
104.323317,30.645136,54,11335
103.708001,30.902856,-1,11336
104.237352,30.723348,-1,11337
104.140256,30.403241,-1,11338
104.495653,30.417784,232,11339
104.11528,30.581384,-1,11340
104.06974,30.768478,71,11341
104.178782,30.782399,207,11342
103.973842,30.408431,-1,11343
104.081149,30.242794,-1,11344
103.974084,30.606812,-1,11345
104.08761,30.639805,-1,11346
104.326299,30.86021,126,11347
104.275944,30.615819,-1,11348
104.03656,30.235798,-1,11349
103.812643,30.63248,7,11350
103.527395,31.415375,-1,11351
103.709637,30.394324,-1,11352
103.925077,30.663488,-1,11353
104.158857,30.470587,-1,11354
104.108846,30.503193,-1,11355
103.93551,30.770421,-1,11356
104.790211,29.738764,-1,11357
103.696581,30.52462,-1,11358
103.936181,30.915876,-1,11359
104.185437,30.684367,8,11360
103.936916,30.613192,104,11361
104.522833,30.430022,38,11362
104.076361,30.320742,-1,11363
103.989756,30.461011,-1,11364
104.108298,30.555745,-1,11365
103.952559,30.427857,79,11366
104.546675,29.503799,222,11367
104.066008,30.448034,5,11368
104.01724,30.845851,-1,11369
104.034548,30.465125,-1,11370
103.679662,30.903643,-1,11371
104.296375,30.993835,-1,11372
103.974054,31.032136,140,11373
104.090365,30.742108,-1,11374
104.092148,30.524095,83,11375
104.246843,30.604296,-1,11376
104.178934,30.783332,207,11377
103.922913,30.71713,80,11378
104.37819,30.313582,195,11379
103.949975,30.432652,-1,11380
103.937692,30.614038,104,11381
103.575507,30.262174,-1,11382
103.718045,30.609738,243,11383
104.495226,30.417865,232,11384
104.192995,30.529806,166,11385
103.658223,31.024035,-1,11386
103.437533,30.363842,-1,11387
104.112451,30.75311,39,11388
102.704162,29.995456,-1,11389
103.969459,30.981948,-1,11390
104.462712,30.348028,-1,11391
104.071338,30.67572,-1,11392
103.503407,29.777245,-1,11393
103.92134,30.686809,224,11394
104.106376,30.740463,-1,11395
103.908639,30.543437,199,11396
103.890033,30.77987,-1,11397
103.625312,30.931684,-1,11398
104.067326,30.450283,-1,11399
103.939765,30.614352,106,11400
104.192074,30.524148,-1,11401
103.874289,30.486287,-1,11402
103.995113,30.480456,-1,11403
104.315753,30.51675,-1,11404
104.441849,30.598739,-1,11405
104.170616,30.614982,177,11406
104.037657,30.659251,162,11407
103.977374,30.46967,-1,11408
103.832936,30.839489,-1,11409
104.386785,30.761646,-1,11410
104.973361,29.870753,50,11411
103.674893,30.945944,-1,11412
104.269295,30.643781,-1,11413
103.677787,30.338652,117,11414
104.04112,30.593395,51,11415
104.379495,30.28407,-1,11416
104.555643,30.175395,-1,11417
103.655018,30.895072,-1,11418
103.881378,31.087628,-1,11419
104.167172,30.646176,-1,11420
104.233086,30.727078,-1,11421
103.977772,30.656184,-1,11422
104.328574,30.276927,-1,11423
103.654864,30.926986,72,11424
104.059169,30.482718,-1,11425
104.018865,30.526501,-1,11426
104.255505,30.859407,228,11427
103.971221,30.428404,-1,11428
104.082752,30.460562,-1,11429
104.26915,30.643932,-1,11430
104.462386,31.234167,-1,11431
103.681874,31.143559,-1,11432
104.380211,31.009577,-1,11433
103.680098,31.034501,-1,11434
103.920885,30.793221,-1,11435
104.412602,30.332145,-1,11436
104.056753,30.442674,-1,11437
104.183049,30.717355,182,11438
103.848224,30.63828,-1,11439
104.555579,30.352709,202,11440
104.109942,30.504776,-1,11441
103.986522,30.493294,-1,11442
104.373495,30.9192,-1,11443
104.041678,30.200807,-1,11444
103.903325,30.772667,-1,11445
103.958321,30.704342,-1,11446
103.863495,30.598749,-1,11447
104.14096,30.645696,-1,11448
104.0465,30.555477,-1,11449
103.757161,31.194782,-1,11450
102.23954,29.24058,-1,11451
104.125349,30.769484,173,11452
104.160666,30.600465,235,11453
104.546521,29.503901,222,11454
103.84523,30.431925,-1,11455
103.489891,30.184611,220,11456
103.959805,30.517496,28,11457
104.499248,30.428373,10,11458
104.100202,30.651569,265,11459
103.586129,30.38834,-1,11460
103.946138,30.488088,-1,11461
103.896386,30.666499,34,11462
103.995326,30.670457,-1,11463
103.69222,30.889663,-1,11464
103.914907,30.419141,-1,11465
103.87453,30.417285,236,11466
104.203116,30.726136,55,11467
103.820024,30.466116,-1,11468
104.290865,30.382946,-1,11469
104.250502,30.742385,-1,11470
104.400792,31.064602,-1,11471
104.028296,30.48068,-1,11472
103.936406,30.506238,-1,11473
103.7017,30.602411,78,11474
103.70149,30.602502,78,11475
104.533743,30.651916,-1,11476
104.018155,30.442257,-1,11477
104.19084,30.72719,-1,11478
104.075423,30.770558,-1,11479
104.064863,30.447018,5,11480
104.176338,30.778518,-1,11481
103.975861,30.620589,-1,11482
103.885352,30.665495,219,11483
104.28025,30.645663,-1,11484
103.695592,30.394926,-1,11485
103.905321,30.236995,-1,11486
104.043682,30.525866,-1,11487
104.296236,30.389537,-1,11488
104.183472,30.531204,-1,11489
104.961402,30.223961,-1,11490
104.199001,30.510408,223,11491
104.564857,30.370998,159,11492
104.041055,30.593411,51,11493
103.772133,30.345858,-1,11494
103.709493,30.393497,-1,11495
103.909606,30.530048,-1,11496
104.242523,30.649979,25,11497
103.908575,30.542218,199,11498
104.267941,30.650318,-1,11499
104.135374,30.522165,-1,11500
104.099862,30.458931,100,11501
103.952268,30.796036,167,11502
104.350634,30.48154,-1,11503
103.90701,30.535916,-1,11504
104.342033,30.924967,-1,11505
104.600222,30.871549,-1,11506
103.713797,30.526405,238,11507
104.305926,30.842281,-1,11508
104.299791,30.389338,-1,11509
103.922239,30.300774,-1,11510
103.526338,30.402396,-1,11511
104.045671,30.760436,-1,11512
103.966454,30.625952,-1,11513
103.70235,30.396966,-1,11514
104.063641,30.167482,-1,11515
104.321546,30.616937,-1,11516
104.061375,30.418992,26,11517
104.006672,30.592353,33,11518
103.838177,30.360933,143,11519
103.544389,30.590133,-1,11520
104.14504,30.700242,-1,11521
104.069149,30.33035,-1,11522
104.537462,30.365787,112,11523
104.257411,30.530302,-1,11524
103.865073,30.35247,-1,11525
103.893923,30.4665,-1,11526
103.939956,30.504185,-1,11527
104.142286,30.696267,-1,11528
104.407097,30.345716,212,11529
103.909472,30.544108,199,11530
104.501804,30.494732,-1,11531
104.170198,30.597055,-1,11532
103.975564,30.468977,-1,11533
104.08248,30.665942,-1,11534
104.155544,30.579766,258,11535
104.556334,30.373193,-1,11536
103.887418,30.593043,-1,11537
104.29763,31.034961,188,11538
104.061754,30.75211,-1,11539
104.443664,30.984474,-1,11540
103.918174,30.684006,178,11541
104.333452,30.643905,53,11542
104.027534,30.481939,63,11543
104.555364,30.352428,202,11544
104.177206,30.721169,-1,11545
102.837442,29.79063,-1,11546
104.501971,30.47351,161,11547
103.937295,30.614878,104,11548
103.959621,30.164394,-1,11549
104.110183,30.508874,260,11550
103.998475,30.252887,97,11551
104.183805,30.965325,-1,11552
104.105677,30.529064,-1,11553
103.64662,30.935602,-1,11554
103.97751,30.692012,-1,11555
104.16458,30.658881,62,11556
103.490778,30.757103,-1,11557
103.977369,30.644582,-1,11558
103.789027,31.174199,-1,11559
104.087722,30.726149,-1,11560
104.296558,30.994301,-1,11561
104.017097,30.492217,-1,11562
104.255005,30.642569,-1,11563
104.401373,30.997571,45,11564
104.393347,30.293933,-1,11565
104.572858,30.708929,-1,11566
104.091767,30.667954,-1,11567
103.608706,31.067453,-1,11568
104.464404,30.48957,-1,11569
104.119109,30.725978,-1,11570
103.725367,30.577918,257,11571
104.088941,30.738691,-1,11572
104.12133,30.522327,-1,11573
103.916304,30.36957,172,11574
104.390572,30.287396,264,11575
103.964465,30.955888,-1,11576
103.610552,30.976867,-1,11577
103.617066,30.858685,-1,11578
104.110289,30.564097,-1,11579
103.964651,30.637326,30,11580
104.333535,30.64446,53,11581
104.120073,30.772895,171,11582
104.168881,30.389576,-1,11583
104.065048,30.179555,142,11584
103.826547,30.799673,-1,11585
103.490159,31.254986,-1,11586
103.815383,30.633332,7,11587
104.107018,30.394386,-1,11588
104.455314,30.828033,-1,11589
104.542161,30.694383,-1,11590
103.643457,30.469953,154,11591
104.049538,30.454179,-1,11592
103.617066,30.858685,-1,11593
104.083859,30.817387,-1,11594
104.255617,30.859255,228,11595
104.049464,30.476873,201,11596
104.464802,30.471964,-1,11597
103.478126,30.427989,-1,11598
103.914311,30.675472,125,11599
103.535014,30.74239,-1,11600
104.304142,30.31128,-1,11601
104.244922,30.645321,48,11602
104.866532,29.761138,-1,11603
104.308412,30.865264,11,11604
104.071097,30.471188,-1,11605
103.887958,30.661233,-1,11606
104.183234,30.710879,32,11607
104.655549,31.095751,-1,11608
104.090432,30.740892,-1,11609
104.163944,30.39155,-1,11610
103.539988,30.779947,-1,11611
104.400895,30.343051,-1,11612
103.489891,30.184611,220,11613
104.19849,30.592125,-1,11614
103.87161,30.770272,-1,11615
103.937171,30.613437,104,11616
103.703777,30.583319,-1,11617
103.839191,30.465528,-1,11618
103.985274,30.210079,-1,11619
104.582006,30.689245,-1,11620
103.637061,30.927783,-1,11621
104.236706,30.179097,-1,11622
103.097284,30.082721,-1,11623
104.316045,30.272223,-1,11624
104.369102,30.714961,-1,11625
102.226414,31.897155,-1,11626
103.909366,30.733628,267,11627
104.241716,30.598953,-1,11628
103.851012,30.437198,73,11629
104.125263,30.769382,173,11630
104.111728,30.575239,-1,11631
103.887374,30.277258,-1,11632
103.25912,30.560029,229,11633
104.180085,30.619456,-1,11634
103.929404,30.786216,-1,11635
104.368155,30.652962,-1,11636
104.17099,30.638707,-1,11637
103.82254,30.647895,-1,11638
104.219302,31.291105,-1,11639
104.0186,30.887934,-1,11640
103.725399,30.577902,257,11641
103.819694,30.673997,-1,11642
104.052199,30.541152,57,11643
104.235853,30.646386,24,11644
103.659137,30.923698,-1,11645
104.166064,30.712447,109,11646
103.680509,30.61278,-1,11647
103.932628,30.870978,-1,11648
104.010514,30.511921,206,11649
104.078042,30.794871,121,11650
103.975449,30.95347,-1,11651
103.972573,30.430146,-1,11652
104.011523,30.482524,-1,11653
103.91665,30.683828,178,11654
103.834954,30.513289,-1,11655
104.438823,30.355826,-1,11656
104.031617,30.448185,-1,11657
104.350012,30.555395,-1,11658
103.83024,30.328467,-1,11659
104.3211,30.829717,-1,11660
103.837636,30.360554,143,11661
103.77406,30.437612,-1,11662
104.065919,30.44634,5,11663
104.068915,30.692884,-1,11664
103.937616,30.614863,104,11665
103.973905,30.625128,141,11666
103.846592,30.464952,-1,11667
104.072122,30.358274,-1,11668
103.814147,30.632996,7,11669
103.502129,30.009874,-1,11670
103.674893,30.945944,-1,11671
104.217455,30.583622,-1,11672
104.331365,30.644517,-1,11673
104.003951,30.60632,-1,11674
103.455099,30.374042,-1,11675
103.893304,30.513532,135,11676
104.353285,30.84258,-1,11677
103.50085,30.569211,-1,11678
104.308786,30.865297,11,11679
104.215418,30.582264,218,11680
103.940213,30.616177,-1,11681
103.63382,30.960677,-1,11682
104.155069,30.640035,-1,11683
103.826547,30.799673,-1,11684
104.397481,30.823989,-1,11685
104.181281,30.702366,-1,11686
103.945273,30.530143,-1,11687
104.130354,30.520084,-1,11688
103.65553,30.664955,-1,11689
104.008001,30.718865,-1,11690
104.09482,30.48434,-1,11691
104.009309,30.479575,-1,11692
104.395496,30.339964,-1,11693
103.886704,30.528413,105,11694
104.225005,30.793877,101,11695
104.354676,30.993039,-1,11696
103.787265,30.703108,-1,11697
103.835921,30.346099,-1,11698
103.969005,31.008125,-1,11699
103.789394,29.636218,-1,11700
104.177908,30.725093,-1,11701
104.203317,30.725851,55,11702
104.120858,30.501603,204,11703
103.934954,30.50693,-1,11704
103.608114,31.066082,-1,11705
103.994822,30.61244,60,11706
104.00412,30.438977,-1,11707
103.941175,30.91953,-1,11708
104.039585,30.225605,93,11709
103.883745,30.864961,-1,11710
103.971957,30.783256,-1,11711
103.911235,30.798951,-1,11712
104.238083,30.533618,-1,11713
104.156019,30.499833,-1,11714
104.205255,31.114574,-1,11715
104.160274,30.657155,-1,11716
103.956873,30.723215,27,11717
104.028878,30.662512,-1,11718
104.406907,30.626362,-1,11719
103.887742,30.660951,-1,11720
103.436936,30.617581,-1,11721
104.084335,30.74774,-1,11722
104.484915,30.348051,-1,11723
104.541207,30.40802,-1,11724
103.937908,30.614208,104,11725
104.289512,30.586536,-1,11726
103.921494,30.686328,224,11727
103.936252,30.613627,104,11728
103.661869,30.920065,-1,11729
104.267921,30.650153,-1,11730
104.210881,30.568538,-1,11731
103.781927,30.675894,108,11732
103.641517,30.717138,-1,11733
103.969401,30.366213,200,11734
104.147093,30.389695,-1,11735
104.326577,30.859918,126,11736
103.443025,30.418901,-1,11737
104.107849,30.420598,88,11738
103.819199,30.633689,-1,11739
104.011315,30.517978,49,11740
104.355755,30.739668,-1,11741
103.654952,30.66457,-1,11742
104.201085,30.733702,-1,11743
102.645675,30.933778,-1,11744
104.215119,30.58296,218,11745
103.937839,30.614266,104,11746
104.133459,30.39862,-1,11747
104.315603,30.605211,-1,11748
104.334061,30.644411,53,11749
104.087038,30.804361,-1,11750
104.198609,30.582189,75,11751
104.392943,30.895145,-1,11752
104.051263,30.757846,-1,11753
104.017818,30.444641,-1,11754
103.908094,30.660582,180,11755
104.886941,30.171429,-1,11756
104.197896,30.696994,-1,11757
104.168682,30.741594,16,11758
104.295832,30.6844,-1,11759
103.969144,30.614935,-1,11760
103.781958,30.675505,108,11761
104.147708,30.373459,-1,11762
104.29322,30.880715,-1,11763
103.38414,30.731344,-1,11764
104.413505,30.806263,-1,11765
104.372213,30.864407,81,11766
103.624425,31.482764,-1,11767
103.436936,30.617581,-1,11768
103.750257,30.348987,-1,11769
104.097996,30.428742,-1,11770
103.965088,30.466497,-1,11771
103.774439,30.356389,-1,11772
104.334282,30.834285,-1,11773
104.037665,30.360629,-1,11774
104.048769,30.488446,-1,11775
103.937571,30.614738,104,11776
104.203186,30.726066,55,11777
104.168492,30.7414,16,11778
103.588025,30.386911,-1,11779
104.004249,30.412521,-1,11780
104.046835,30.53326,-1,11781
104.077505,30.794734,121,11782
104.196794,30.696428,-1,11783
103.877331,30.572595,-1,11784
104.053842,30.466373,130,11785
103.849918,30.449013,-1,11786
103.990026,30.751737,-1,11787
103.669662,30.91173,-1,11788
104.05636,30.446048,-1,11789
104.150756,30.841134,-1,11790
104.392818,30.28349,192,11791
104.227885,30.566843,-1,11792
103.970577,30.989002,-1,11793
104.990589,29.542573,128,11794
103.905269,30.719883,-1,11795
104.083241,30.455227,66,11796
104.203638,30.726318,55,11797
104.073853,30.454617,-1,11798
104.106293,30.740492,-1,11799
104.290675,30.975704,-1,11800
104.125309,30.769581,173,11801
104.358501,30.485304,-1,11802
104.186666,30.544544,-1,11803
104.447202,30.473637,-1,11804
103.94223,30.847743,-1,11805
104.12814,30.681859,-1,11806
104.098585,30.885143,217,11807
104.061682,30.38095,-1,11808
103.984883,30.572582,-1,11809
104.057941,30.368178,239,11810
103.270159,30.193192,-1,11811
104.49873,30.428225,10,11812
103.859258,30.827747,203,11813
104.491555,30.351748,-1,11814
104.090045,30.741954,-1,11815
104.065248,30.179287,142,11816
104.06264,30.179823,-1,11817
103.927771,30.602838,-1,11818
104.426506,30.873657,-1,11819
103.908174,30.66088,180,11820
104.099216,30.407789,-1,11821
103.862869,30.305961,-1,11822
103.832169,30.938389,-1,11823
103.976881,30.767226,-1,11824
104.530955,30.662984,36,11825
103.937282,30.614687,104,11826
103.873225,30.417381,236,11827
104.114517,30.750318,-1,11828
104.226401,30.52478,52,11829
104.013864,30.554277,-1,11830
104.231057,30.790237,-1,11831
104.595496,31.767986,-1,11832
104.012251,30.485513,-1,11833
104.161521,30.599641,235,11834
104.340458,30.700069,-1,11835
104.151504,30.632685,-1,11836
103.946413,30.509687,-1,11837
104.561093,30.391905,-1,11838
104.215307,30.805194,-1,11839
103.536818,30.569816,-1,11840
104.619111,30.858349,-1,11841
103.861568,30.804265,111,11842
104.035154,30.298108,196,11843
103.839383,30.359749,-1,11844
103.804533,30.455481,-1,11845
104.214575,30.821302,21,11846
103.55446,30.606651,-1,11847
104.178087,30.789615,-1,11848
104.428714,30.735415,-1,11849
103.661117,30.961228,77,11850
104.039751,30.447403,-1,11851
104.148105,30.714113,-1,11852
104.042755,30.464923,-1,11853
104.556103,30.099108,-1,11854
103.640182,30.963632,-1,11855
103.958518,30.437954,-1,11856
104.216973,30.692758,-1,11857
104.144101,30.533879,-1,11858
103.676673,30.950478,-1,11859
103.878618,30.198408,131,11860
104.305096,30.823826,-1,11861
104.06529,30.371293,-1,11862
104.077685,30.794768,121,11863
103.921098,30.702888,74,11864
104.266944,30.821188,-1,11865
103.893015,30.433657,-1,11866
104.326497,30.860326,126,11867
104.232011,30.718432,-1,11868
104.640671,30.67713,-1,11869
104.489741,30.49387,122,11870
103.936793,30.781315,-1,11871
104.14836,30.720884,-1,11872
104.03485,30.298186,196,11873
104.16704,30.637353,-1,11874
103.699943,30.861595,-1,11875
103.958695,30.649234,210,11876
104.035006,30.603833,-1,11877
104.083121,30.816457,-1,11878
103.966525,30.626085,-1,11879
104.223016,30.712243,-1,11880
104.495722,30.417848,232,11881
103.717436,30.609753,243,11882
104.254832,30.858923,228,11883
103.935614,30.660347,-1,11884
103.69665,30.403779,-1,11885
104.198578,30.582071,75,11886
104.153083,30.706075,-1,11887
104.077003,30.543419,-1,11888
104.170633,30.6152,177,11889
104.364873,30.839703,-1,11890
104.222409,30.696237,-1,11891
103.85098,30.820313,185,11892
103.991298,30.330396,-1,11893
104.166873,30.636641,-1,11894
104.114065,30.750551,-1,11895
104.242556,30.650102,25,11896
103.968964,30.802192,-1,11897
103.899643,30.536515,-1,11898
104.296019,30.389653,-1,11899
104.072459,30.446496,-1,11900
104.170543,30.615332,177,11901
104.116534,30.584114,165,11902
104.678204,30.0703,-1,11903
104.365974,30.290631,-1,11904
104.155619,30.710287,-1,11905
103.79276,30.461016,-1,11906
103.952991,30.02303,-1,11907
104.556334,30.373193,-1,11908
103.781403,30.640389,-1,11909
103.460942,30.749496,-1,11910
103.497044,30.547133,226,11911
103.914033,30.70929,-1,11912
104.317154,30.30255,-1,11913
103.921269,30.670478,-1,11914
103.476295,31.273904,-1,11915
103.966525,30.626085,-1,11916
104.847736,29.754569,-1,11917
103.994448,30.746445,-1,11918
104.202104,30.726006,55,11919
103.854111,30.336201,-1,11920
104.447801,30.876064,-1,11921
103.915888,30.858902,-1,11922
104.387614,30.296734,-1,11923
104.223809,30.566398,19,11924
103.969542,30.801143,-1,11925
104.261493,30.869614,-1,11926
103.904949,30.567638,-1,11927
103.714014,30.526591,238,11928
104.402029,30.997289,45,11929
102.123896,29.646746,-1,11930
104.567805,30.707005,-1,11931
104.34012,30.460356,-1,11932
103.960123,30.152153,-1,11933
104.206919,30.713007,-1,11934
103.966533,30.435591,110,11935
103.968016,30.586407,246,11936
103.81674,30.569726,-1,11937
103.870371,30.781159,-1,11938
104.310127,30.99452,-1,11939
104.116479,30.684146,-1,11940
103.616607,30.976093,-1,11941
103.935378,30.472387,-1,11942
103.984188,30.743889,-1,11943
104.078965,30.63964,-1,11944
104.001352,31.047324,-1,11945
104.341282,30.829838,-1,11946
104.071346,30.725267,69,11947
104.193812,30.735164,-1,11948
104.067306,30.686028,-1,11949
103.87975,31.055407,-1,11950
104.173749,30.717925,-1,11951
104.169094,30.531954,213,11952
104.029708,30.481,-1,11953
103.444133,31.273115,-1,11954
104.242278,30.500948,-1,11955
104.387624,30.296775,-1,11956
103.651441,30.692176,-1,11957
103.872003,30.775401,-1,11958
103.454824,30.744931,-1,11959
103.799527,31.166701,-1,11960
104.279516,30.713401,-1,11961
104.235821,30.65489,-1,11962
104.198362,30.581939,75,11963
103.713797,30.526405,238,11964
103.973372,31.031233,140,11965
103.938492,30.769203,-1,11966
103.921142,30.63478,-1,11967
104.495509,30.471061,-1,11968
103.812329,30.632499,7,11969
104.050208,30.476711,201,11970
103.953674,30.661653,230,11971
104.125365,30.769419,173,11972
103.600981,31.06484,96,11973
103.880759,30.354948,-1,11974
103.846519,30.428032,-1,11975
104.110084,30.544269,-1,11976
104.04679,30.428369,67,11977
103.726898,30.416341,-1,11978
103.552937,30.220738,44,11979
103.861002,30.837329,-1,11980
104.085953,30.581045,-1,11981
104.481877,30.59921,-1,11982
104.285059,29.956524,-1,11983
104.168459,30.741495,16,11984
103.45254,30.475079,-1,11985
103.855604,30.314953,-1,11986
104.112145,31.075876,-1,11987
103.970765,30.650227,114,11988
103.601021,31.064774,96,11989
104.874233,29.749994,-1,11990
104.351549,30.843314,-1,11991
104.070987,30.725285,69,11992
103.463597,30.74909,270,11993
104.61022,30.342941,-1,11994
104.008616,30.590691,156,11995
103.811315,30.630224,7,11996
103.260031,30.560062,229,11997
104.295137,30.382302,-1,11998
103.993256,30.923828,-1,11999
103.584896,30.388603,-1,12000
103.77952,30.470187,-1,12001
103.994411,30.764937,-1,12002
104.564966,30.386989,-1,12003
104.072627,30.195272,-1,12004
103.89261,30.447503,-1,12005
104.489906,30.493958,122,12006
104.007776,30.873068,-1,12007
104.510002,30.508035,-1,12008
103.718726,30.609941,243,12009
104.890957,30.601782,-1,12010
103.969501,30.982156,-1,12011
104.050956,30.541297,57,12012
104.491202,30.324346,-1,12013
103.983778,30.453625,-1,12014
104.038441,30.498678,-1,12015
104.046478,30.550624,-1,12016
104.524605,30.429132,-1,12017
104.535188,30.440138,-1,12018
104.065975,30.447765,5,12019
103.961188,30.437619,-1,12020
104.500642,30.616052,-1,12021
104.050828,30.478319,-1,12022
104.235646,30.64672,24,12023
103.921889,30.731888,-1,12024
104.05377,30.456357,138,12025
103.220969,30.380105,-1,12026
104.449547,30.408299,-1,12027
104.508824,30.35411,94,12028
102.229436,29.933049,-1,12029
104.220711,30.63928,0,12030
104.255538,30.531022,233,12031
103.974524,30.795943,-1,12032
103.241536,30.234058,-1,12033
103.872222,30.58133,-1,12034
104.106571,30.587408,92,12035
104.099837,30.467058,184,12036
103.598441,30.985835,-1,12037
104.04112,30.593395,51,12038
104.302937,30.874408,-1,12039
104.213487,30.575748,-1,12040
104.170069,30.528229,-1,12041
103.716458,30.405943,-1,12042
103.6254,30.931866,-1,12043
104.560118,30.721705,-1,12044
104.082396,30.577544,-1,12045
103.833382,30.635516,-1,12046
104.027855,30.668955,-1,12047
104.452338,30.352569,-1,12048
103.98295,31.064379,-1,12049
103.936414,30.614011,104,12050
103.798349,29.43582,-1,12051
103.972721,30.622266,146,12052
103.908987,30.54319,199,12053
103.812409,30.571525,250,12054
103.883644,30.666121,219,12055
103.781926,30.675419,108,12056
104.034935,30.298562,196,12057
103.839421,30.360135,-1,12058
103.916898,29.910479,-1,12059
104.172999,30.48423,102,12060
104.622987,30.319612,-1,12061
104.506006,30.616729,-1,12062
103.877331,30.572595,-1,12063
104.099629,30.46699,184,12064
104.195834,30.68138,-1,12065
104.092364,30.586202,-1,12066
103.843513,30.673347,-1,12067
104.17724,30.78988,-1,12068
104.97345,29.870971,50,12069
103.573221,30.262592,-1,12070
104.139438,30.693285,-1,12071
104.092871,30.581423,64,12072
103.914872,30.861619,-1,12073
103.61729,30.872286,-1,12074
104.04429,30.916885,-1,12075
104.080865,30.496922,-1,12076
103.937491,30.614954,104,12077
104.149585,30.622683,163,12078
104.667116,30.071503,-1,12079
104.099598,30.467136,184,12080
104.610791,30.348423,-1,12081
103.845893,30.021129,-1,12082
103.380108,30.36816,-1,12083
103.187286,30.134971,-1,12084
103.883289,30.666031,219,12085
104.008361,30.525977,-1,12086
103.937982,30.854906,-1,12087
104.07267,30.375741,-1,12088
104.08188,30.454006,66,12089
104.46457,30.471431,-1,12090
104.076193,30.783929,-1,12091
104.113695,30.379121,-1,12092
103.835107,30.344418,-1,12093
103.68651,30.296413,-1,12094
104.459178,31.104586,-1,12095
104.370447,30.28942,-1,12096
103.927389,30.474328,-1,12097
103.851012,30.437198,73,12098
103.909376,30.749354,-1,12099
104.08061,30.5132,127,12100
103.880473,30.404211,119,12101
104.115751,30.584004,165,12102
104.340679,30.823926,-1,12103
103.852474,30.464372,-1,12104
104.343654,30.624176,-1,12105
103.89305,30.447311,-1,12106
103.500233,30.510343,-1,12107
104.316246,30.272189,-1,12108
104.125274,30.769469,173,12109
104.09852,30.88534,217,12110
104.339796,31.126286,-1,12111
103.867416,30.608752,-1,12112
104.233621,30.980032,-1,12113
104.208488,30.524218,169,12114
104.750251,29.746141,-1,12115
103.947902,30.327214,-1,12116
104.796146,30.145573,-1,12117
104.495103,30.41773,232,12118
103.860736,30.803689,111,12119
104.45127,30.347185,-1,12120
104.187883,30.79357,82,12121
104.066164,30.448601,5,12122
102.226414,31.897155,-1,12123
103.868038,30.773528,-1,12124
104.027534,30.481939,63,12125
104.338475,30.845375,-1,12126
103.956889,30.723073,27,12127
103.72074,30.823453,-1,12128
104.161331,30.59987,235,12129
104.243284,30.650818,25,12130
104.388206,30.83142,-1,12131
104.158959,30.598503,-1,12132
104.2429,30.6506,25,12133
104.301675,30.884428,-1,12134
103.862786,30.847402,-1,12135
104.318727,30.861429,22,12136
104.235334,30.64622,24,12137
103.883906,30.665533,219,12138
104.56572,30.369726,-1,12139
104.220676,30.638963,0,12140
104.105137,30.453095,-1,12141
103.658178,30.925465,-1,12142
103.990013,30.672523,-1,12143
104.091579,30.525033,83,12144
103.890981,30.683313,-1,12145
104.115583,30.378479,-1,12146
104.165032,30.658911,62,12147
104.112221,30.513295,-1,12148
103.061152,30.027952,-1,12149
104.027386,30.248626,-1,12150
103.815026,30.63327,7,12151
104.0651,30.447399,5,12152
103.985161,30.209913,-1,12153
104.571587,30.891711,-1,12154
103.883637,30.666144,219,12155
104.180791,30.52867,-1,12156
104.18707,30.540968,-1,12157
103.959087,30.635438,-1,12158
103.84686,30.437932,-1,12159
104.223651,30.794268,101,12160
104.198546,30.592142,-1,12161
104.164475,30.659048,62,12162
104.024368,31.374207,-1,12163
103.887079,30.274656,-1,12164
104.089276,30.546632,-1,12165
103.410571,30.749452,-1,12166
103.951323,30.637255,-1,12167
103.676344,30.891593,-1,12168
103.934646,30.425025,-1,12169
104.201853,30.600424,-1,12170
103.581897,31.487426,-1,12171
104.225097,30.672186,214,12172
103.854801,30.341035,-1,12173
104.449931,30.480843,59,12174
104.18748,30.545235,-1,12175
104.223827,30.566413,19,12176
104.062227,30.178614,-1,12177
104.495103,30.41773,232,12178
103.533991,30.694735,-1,12179
103.824775,30.448329,-1,12180
103.702592,30.851642,-1,12181
104.543799,30.706697,-1,12182
104.061552,30.538105,-1,12183
104.002027,30.884305,-1,12184
104.197986,30.581924,75,12185
103.876336,30.471896,-1,12186
104.223809,30.566398,19,12187
104.01101,30.463543,253,12188
104.192552,31.192111,-1,12189
104.508994,30.352148,94,12190
104.162391,30.681446,-1,12191
104.563996,30.388143,-1,12192
104.130616,30.671118,-1,12193
104.662104,31.091893,-1,12194
103.785817,30.652261,-1,12195
103.681491,30.84898,-1,12196
103.445189,30.748253,-1,12197
104.178686,30.783034,207,12198
104.164763,30.658701,62,12199
103.677102,30.644985,-1,12200
104.008841,30.590564,156,12201
103.935086,30.569942,-1,12202
103.663933,31.042006,-1,12203
104.062384,30.437699,-1,12204
104.284884,30.676656,-1,12205
104.059452,30.650844,215,12206
104.064552,30.682773,-1,12207
104.23539,30.64657,24,12208
104.346591,30.644084,-1,12209
104.07593,30.774421,-1,12210
104.578274,30.201683,-1,12211
104.055967,30.366261,-1,12212
104.963627,30.229432,-1,12213
103.794556,30.440877,221,12214
104.22507,30.70754,-1,12215
103.966188,30.466045,-1,12216
104.186087,30.756738,-1,12217
103.53318,30.76509,-1,12218
103.717274,30.609393,243,12219
104.111853,30.509642,260,12220
104.100011,30.651301,265,12221
103.990405,30.739522,183,12222
104.235512,30.87452,-1,12223
103.943006,30.525587,-1,12224
103.640251,30.465945,42,12225
104.32419,30.706024,-1,12226
103.898488,30.394246,-1,12227
104.017914,30.444791,-1,12228
104.081265,30.691495,-1,12229
104.30879,30.865547,11,12230
104.007635,30.553978,216,12231
104.078346,30.385,-1,12232
103.812552,30.571694,250,12233
103.960971,30.938134,-1,12234
103.64171,30.943219,190,12235
103.543637,30.556861,-1,12236
103.720387,30.595049,-1,12237
104.011117,30.519676,-1,12238
103.923506,29.9228,-1,12239
103.945936,30.486874,-1,12240
103.833736,30.635242,-1,12241
103.906978,30.821062,-1,12242
103.92972,30.473713,-1,12243
104.147708,30.373459,-1,12244
103.917723,30.745754,-1,12245
104.294721,29.659585,-1,12246
104.021373,30.662478,-1,12247
103.917503,30.983164,-1,12248
104.203638,30.726318,55,12249
103.671363,30.332803,-1,12250
104.331494,30.644429,-1,12251
104.021392,30.808916,-1,12252
104.106443,30.755015,-1,12253
104.091916,30.539779,-1,12254
103.870481,30.319677,-1,12255
104.106767,30.523626,-1,12256
103.624425,31.482764,-1,12257
104.337886,30.702519,-1,12258
103.640128,30.466042,42,12259
103.684427,31.023315,-1,12260
104.242499,30.649973,25,12261
104.123571,30.91257,-1,12262
104.06975,30.768843,71,12263
103.496999,30.547529,226,12264
104.017224,30.446506,-1,12265
103.767118,30.428684,-1,12266
104.501803,30.47186,161,12267
104.105739,30.587374,92,12268
104.55538,30.352494,202,12269
104.534737,30.440233,-1,12270
104.200177,30.811801,-1,12271
103.440424,30.354997,-1,12272
104.309792,30.730784,-1,12273
103.404961,30.192575,-1,12274
104.393154,30.293549,-1,12275
104.551279,30.429979,-1,12276
104.16833,30.741692,16,12277
104.185335,30.71682,14,12278
103.632238,30.399132,-1,12279
103.898878,30.536677,-1,12280
104.185344,30.620343,-1,12281
104.502168,30.475753,-1,12282
103.646921,30.934865,-1,12283
103.277178,29.568777,-1,12284
103.75651,30.36346,-1,12285
104.422869,30.474196,-1,12286
104.060664,30.391418,-1,12287
104.068191,30.250397,-1,12288
103.91898,30.892707,-1,12289
104.056698,30.649938,-1,12290
103.488787,31.248828,-1,12291
104.87059,29.226066,86,12292
104.589594,30.388126,-1,12293
104.143601,30.614635,-1,12294
104.044995,30.449432,-1,12295
104.367858,30.716145,-1,12296
104.093587,30.581487,64,12297
104.102998,30.863386,-1,12298
103.873541,30.914967,-1,12299
104.409314,30.285213,-1,12300
104.036327,30.234313,-1,12301
103.804164,30.574325,-1,12302
103.921797,30.423092,-1,12303
103.924537,30.543564,-1,12304
104.01114,30.489012,-1,12305
103.47452,30.431384,240,12306
103.937227,30.613453,104,12307
103.847348,30.669781,-1,12308
104.046358,30.569283,-1,12309
104.291573,30.8002,-1,12310
103.826712,29.979991,-1,12311
104.07269,30.308175,-1,12312
104.31105,30.298799,189,12313
104.139048,30.474295,-1,12314
103.880783,30.480385,-1,12315
103.883102,30.665938,219,12316
104.184054,30.717154,182,12317
104.070995,30.725293,69,12318
103.902397,30.770995,-1,12319
104.127303,30.680394,-1,12320
103.832875,30.92544,-1,12321
104.011101,30.515524,-1,12322
104.149561,30.622554,163,12323
104.249866,30.581073,-1,12324
103.965787,30.636618,30,12325
104.278966,29.936982,-1,12326
104.177125,30.718702,17,12327
104.168076,30.597716,-1,12328
103.790856,30.41289,-1,12329
104.172047,30.484522,102,12330
103.945353,30.930396,-1,12331
103.86706,30.873036,-1,12332
103.938325,30.616157,40,12333
103.485405,31.061962,-1,12334
104.071681,30.679067,-1,12335
103.843366,30.538616,-1,12336
103.835065,31.159966,-1,12337
104.203121,30.858007,-1,12338
103.796916,30.646695,158,12339
104.06146,30.432366,-1,12340
104.01376,30.554161,-1,12341
104.313572,30.645968,-1,12342
104.109657,30.562382,-1,12343
103.827438,30.631309,-1,12344
104.043719,30.446261,41,12345
103.686454,30.836849,231,12346
103.923531,30.716933,80,12347
104.046843,30.428074,67,12348
104.669112,30.087882,-1,12349
104.141011,30.612219,-1,12350
104.235574,30.646452,24,12351
104.11316,30.475603,-1,12352
104.114177,30.579424,1,12353
104.488926,30.461862,244,12354
103.784138,30.651476,-1,12355
103.889197,30.46665,-1,12356
104.090503,30.451292,-1,12357
103.677634,30.338866,117,12358
104.071905,30.463383,-1,12359
103.967328,30.648239,155,12360
104.988042,29.540931,-1,12361
104.254814,30.859193,228,12362
103.71657,30.404843,-1,12363
104.036973,30.148428,129,12364
104.044599,30.206116,-1,12365
104.392059,30.29921,144,12366
104.058284,30.380725,-1,12367
104.077681,30.794906,121,12368
104.408634,30.353317,-1,12369
103.923282,30.71667,80,12370
104.061842,31.247663,-1,12371
104.753974,30.885844,-1,12372
104.770888,30.859705,-1,12373
104.636513,29.518988,-1,12374
103.986896,30.596844,-1,12375
103.88613,30.665868,219,12376
103.532635,30.694273,-1,12377
103.970794,30.989135,-1,12378
104.05246,30.38163,-1,12379
103.912538,30.630972,9,12380
103.898651,30.474984,-1,12381
104.057093,30.384517,269,12382
103.34957,30.416826,-1,12383
103.638351,30.970859,-1,12384
103.938631,30.628891,-1,12385
104.098376,30.620954,-1,12386
104.004866,30.521436,252,12387
104.111833,31.075842,-1,12388
103.708001,30.902856,-1,12389
103.678326,31.029599,147,12390
103.880118,30.404371,119,12391
103.535735,30.753888,-1,12392
104.437033,30.864906,-1,12393
104.108124,30.545365,-1,12394
104.072136,30.471244,-1,12395
104.213532,30.744972,-1,12396
103.856751,30.442175,-1,12397
103.855277,30.443687,-1,12398
103.442894,31.257326,-1,12399
104.05516,30.457609,138,12400
104.064765,30.633122,95,12401
103.935215,30.905651,113,12402
104.061935,30.419032,26,12403
103.794884,30.441293,221,12404
104.574367,30.112699,-1,12405
104.111865,30.522571,-1,12406
103.840458,30.678153,-1,12407
104.226316,30.525075,52,12408
104.428662,31.149976,-1,12409
103.743993,30.356839,-1,12410
104.378858,30.292597,254,12411
103.888948,30.781008,-1,12412
104.060359,30.453665,-1,12413
104.177732,29.978869,-1,12414
103.535494,30.753428,-1,12415
104.001805,30.414414,-1,12416
103.617461,30.977808,-1,12417
103.668975,30.609894,-1,12418
104.052528,30.473737,-1,12419
103.977844,30.688439,91,12420
104.400792,31.064602,-1,12421
104.23491,30.646271,24,12422
104.973666,29.871069,50,12423
104.093657,30.581638,64,12424
103.996895,30.468734,-1,12425
104.327164,30.306079,136,12426
103.781894,30.675477,108,12427
104.041383,30.593365,51,12428
104.083185,30.455295,66,12429
104.194934,30.542731,-1,12430
103.904798,30.677304,-1,12431
104.532659,30.647616,-1,12432
104.048301,30.653194,-1,12433
103.872475,30.779145,123,12434
104.153722,30.583357,-1,12435
103.930436,30.741151,-1,12436
104.172915,30.484372,102,12437
104.075742,30.588915,-1,12438
104.064299,30.633075,95,12439
103.459873,30.746869,61,12440
103.896359,30.824686,-1,12441
104.112506,30.543423,-1,12442
103.902794,30.658431,160,12443
104.032122,30.470625,-1,12444
104.055169,30.704328,-1,12445
104.137189,30.412424,-1,12446
103.91685,30.683512,178,12447
104.057258,30.427035,46,12448
104.084554,30.749191,-1,12449
103.861325,30.803964,111,12450
104.262692,30.996471,-1,12451
104.105117,30.460452,-1,12452
104.234606,30.646521,24,12453
104.017728,30.553108,-1,12454
103.497028,30.546032,-1,12455
104.066073,30.647498,-1,12456
103.464159,30.750261,-1,12457
104.198338,30.581871,75,12458
104.214019,30.576579,-1,12459
104.193599,30.528363,166,12460
103.991037,30.739121,183,12461
103.697674,30.407152,-1,12462
104.344695,30.739321,-1,12463
104.226665,30.79253,101,12464
104.099991,30.688369,-1,12465
104.331558,30.898583,-1,12466
103.438067,30.616878,-1,12467
103.947509,30.011423,-1,12468
104.323471,30.342682,-1,12469
104.118769,30.281448,-1,12470
104.087772,30.548269,186,12471
102.228269,29.926066,-1,12472
103.935171,30.905365,113,12473
104.231103,30.690973,-1,12474
104.024722,30.763055,-1,12475
104.378492,30.446984,-1,12476
104.099005,30.753987,266,12477
104.125372,30.759313,-1,12478
104.459918,30.347683,-1,12479
103.716458,30.405943,-1,12480
103.943537,30.663228,-1,12481
104.398179,30.303809,-1,12482
104.323381,30.645105,54,12483
104.205246,30.557807,-1,12484
104.556323,30.372729,-1,12485
104.053747,30.46633,130,12486
103.549551,30.211229,-1,12487
103.498305,30.568702,225,12488
104.512074,30.352521,94,12489
104.109582,30.506973,85,12490
103.802212,30.454946,-1,12491
104.365803,30.290381,-1,12492
103.904527,30.370109,-1,12493
104.157899,30.687848,-1,12494
104.122105,30.522188,-1,12495
104.125299,30.769372,173,12496
104.221223,30.638641,0,12497
103.463262,30.749223,270,12498
104.117692,30.775264,-1,12499
103.89424,30.534213,-1,12500
104.017256,30.44654,-1,12501
103.920986,30.972054,-1,12502
104.391514,30.301509,-1,12503
104.011348,30.483016,-1,12504
104.181271,30.802842,-1,12505
103.884753,30.665468,219,12506
103.975636,31.046263,-1,12507
104.474574,30.347284,-1,12508
104.057272,30.42717,46,12509
104.378311,30.45576,-1,12510
103.220969,30.380105,-1,12511
103.473168,30.3883,-1,12512
104.556434,30.091955,-1,12513
104.469425,30.499353,-1,12514
104.50099,30.4861,-1,12515
103.959289,30.649644,210,12516
103.546395,29.939325,-1,12517
103.625512,30.931834,-1,12518
103.937628,30.614069,104,12519
103.591505,30.742291,-1,12520
104.56734,30.371809,-1,12521
103.969578,30.366615,200,12522
104.089209,30.674708,-1,12523
104.172274,30.659278,209,12524
104.216524,30.648889,-1,12525
103.925935,31.03015,-1,12526
104.033797,30.524649,-1,12527
104.36676,30.306233,-1,12528
104.201849,30.552704,-1,12529
104.462386,31.234167,-1,12530
104.643339,29.784464,-1,12531
104.22498,30.793861,101,12532
104.163554,31.621425,-1,12533
104.226821,30.789646,-1,12534
103.696027,30.653489,-1,12535
103.55177,30.533264,-1,12536
103.84623,30.457089,-1,12537
104.244162,30.596084,-1,12538
104.175169,30.715364,153,12539
104.23727,30.723932,-1,12540
104.115984,30.585569,-1,12541
104.439901,29.476518,-1,12542
103.941247,30.919498,-1,12543
103.628793,30.388253,-1,12544
103.95366,30.327243,-1,12545
103.795927,31.238988,-1,12546
103.787792,30.670369,-1,12547
103.680976,30.803586,-1,12548
103.90354,30.692664,-1,12549
104.116078,30.452196,-1,12550
104.009981,30.511114,206,12551
103.936225,30.905561,113,12552
104.011332,30.483032,-1,12553
103.882119,30.383922,-1,12554
103.913511,30.405582,-1,12555
104.175394,30.728293,191,12556
104.011499,30.669044,-1,12557
103.992691,29.024573,-1,12558
104.062591,30.429581,-1,12559
104.110416,30.544091,-1,12560
103.64028,30.466108,42,12561
104.144765,30.79028,-1,12562
103.931092,30.760011,-1,12563
104.173263,30.636364,-1,12564
104.088725,30.436158,-1,12565
102.733251,29.428793,-1,12566
104.631842,30.87222,-1,12567
103.661372,30.961021,77,12568
104.265345,30.527824,-1,12569
104.04331,30.620284,-1,12570
103.860649,30.764876,-1,12571
103.96943,30.366541,200,12572
103.792469,30.187465,115,12573
103.959723,30.72919,-1,12574
103.883233,30.666093,219,12575
104.055123,30.638847,-1,12576
103.982861,30.453177,-1,12577
104.185342,30.684477,8,12578
104.056207,30.652553,-1,12579
104.081704,30.481798,-1,12580
103.502636,30.169323,-1,12581
104.140246,30.37818,-1,12582
104.016509,29.138735,-1,12583
103.897522,30.491365,-1,12584
103.933705,30.903814,-1,12585
104.185399,30.552251,-1,12586
104.201202,30.739341,-1,12587
103.106311,29.81538,-1,12588
103.721828,31.101627,-1,12589
103.678333,31.029527,147,12590
104.27826,30.688324,-1,12591
104.203846,30.726037,55,12592
104.052156,30.487072,23,12593
104.537952,31.861584,-1,12594
104.327295,30.307669,136,12595
104.091294,30.451021,-1,12596
104.112145,31.075876,-1,12597
104.663035,31.091062,-1,12598
103.738414,30.948331,-1,12599
104.102777,30.556313,-1,12600
104.323431,30.645018,54,12601
103.996378,30.426246,-1,12602
104.056852,30.556001,-1,12603
103.866778,30.630144,-1,12604
104.006672,30.592353,33,12605
104.150053,30.622901,163,12606
104.24006,30.598119,-1,12607
104.650502,30.051799,-1,12608
104.080705,30.533831,-1,12609
104.309127,30.865215,11,12610
103.580834,30.739573,-1,12611
104.235741,30.646354,24,12612
103.937411,30.613605,104,12613
104.118695,30.757226,13,12614
104.071857,30.679245,-1,12615
103.94526,30.432203,-1,12616
104.319329,30.860973,22,12617
103.959135,30.43424,-1,12618
103.678127,31.029754,147,12619
104.512029,30.421517,-1,12620
103.905297,30.810288,-1,12621
104.02389,30.507625,-1,12622
104.369041,30.714919,-1,12623
104.354676,30.993039,-1,12624
103.399098,29.923373,-1,12625
103.93535,30.905736,113,12626
104.315197,30.315908,-1,12627
104.224501,30.484418,-1,12628
104.139775,30.372853,-1,12629
103.823727,30.585269,-1,12630
104.422488,30.474301,-1,12631
104.05621,30.847071,181,12632
104.175624,30.700188,-1,12633
104.487466,30.464801,-1,12634
104.114258,30.750392,-1,12635
104.050435,30.760737,-1,12636
103.691431,30.417443,-1,12637
104.036134,30.234412,-1,12638
104.517222,30.390754,-1,12639
103.533991,30.694735,-1,12640
103.814268,30.6331,7,12641
103.83842,30.360737,143,12642
103.901432,30.834592,20,12643
103.891131,30.520533,-1,12644
104.105297,30.537965,-1,12645
104.308412,30.865264,11,12646
104.06528,30.179621,142,12647
104.248946,30.772291,133,12648
104.296142,30.272556,-1,12649
103.922705,29.921552,-1,12650
103.666402,30.430178,-1,12651
104.4515,30.848377,-1,12652
103.897349,30.836455,76,12653
103.921142,30.702995,74,12654
104.188631,30.731806,-1,12655
104.046427,30.427523,67,12656
103.934679,30.548672,-1,12657
103.850935,30.820344,185,12658
103.838112,30.899447,-1,12659
104.361917,30.710998,-1,12660
104.476569,30.355628,56,12661
104.153302,30.73866,-1,12662
104.172939,30.484038,102,12663
104.237819,30.653175,29,12664
104.10112,30.713152,-1,12665
103.875995,30.345472,-1,12666
103.901303,30.834655,20,12667
103.653332,30.894072,-1,12668
104.459272,30.351453,-1,12669
103.857826,31.065041,-1,12670
103.974275,30.624396,141,12671
104.234838,30.645938,24,12672
103.848139,30.796858,-1,12673
104.295593,30.704725,-1,12674
103.929288,30.699354,149,12675
104.30879,30.865531,11,12676
104.056086,30.763308,-1,12677
103.997455,30.248386,-1,12678
104.135649,30.805836,132,12679
103.998932,30.483622,-1,12680
104.106935,30.491092,-1,12681
104.056702,30.385289,269,12682
103.812417,30.571559,250,12683
104.973096,29.870552,50,12684
103.504836,30.725265,-1,12685
104.225005,30.793877,101,12686
103.701608,30.602546,78,12687
104.579637,30.113012,-1,12688
104.005986,30.451791,-1,12689
103.974473,31.067739,-1,12690
104.06545,31.260642,-1,12691
103.663103,30.910512,-1,12692
104.048254,30.540398,211,12693
103.98916,30.595088,-1,12694
104.041507,30.91663,-1,12695
104.041027,30.593976,51,12696
103.524293,30.395612,-1,12697
104.020893,29.139276,70,12698
104.083143,30.387949,-1,12699
103.974145,30.624693,141,12700
103.678291,31.029581,147,12701
104.013138,30.843459,-1,12702
103.720948,30.340644,-1,12703
103.888334,30.55667,4,12704
103.999447,30.750987,-1,12705
103.820024,30.466116,-1,12706
103.903294,30.656931,-1,12707
103.270159,30.193192,-1,12708
104.035058,30.5728,-1,12709
104.578412,30.809607,-1,12710
104.130354,30.520084,-1,12711
103.721063,31.102585,-1,12712
104.202753,30.725866,55,12713
104.202331,30.738961,-1,12714
104.642861,30.676415,-1,12715
103.958831,30.649531,210,12716
103.954972,30.438744,-1,12717
104.388002,30.746609,-1,12718
103.960175,30.165895,-1,12719
104.394519,30.350111,251,12720
103.883636,30.666294,219,12721
104.150255,30.616339,37,12722
104.220711,30.63928,0,12723
104.357717,30.66112,-1,12724
103.956762,30.938938,-1,12725
103.465176,30.438307,175,12726
104.086067,30.580956,-1,12727
104.119472,30.755803,-1,12728
104.077537,30.794988,121,12729
104.092667,30.71973,-1,12730
103.740971,30.395614,-1,12731
104.214088,30.651564,3,12732
102.238804,29.240082,-1,12733
104.282944,30.324894,-1,12734
104.122574,30.477351,-1,12735
104.323796,30.645069,54,12736
104.453247,30.352753,-1,12737
104.164475,30.659098,62,12738
103.941184,30.605481,-1,12739
103.93216,30.609408,-1,12740
104.193768,30.529256,166,12741
104.093165,30.581301,64,12742
104.095591,30.54091,18,12743
104.102323,30.497858,-1,12744
104.050801,30.476372,201,12745
104.127046,30.410494,-1,12746
103.66326,30.659533,-1,12747
104.557164,30.724779,-1,12748
103.914066,30.710922,-1,12749
103.972584,30.6227,146,12750
104.077632,30.589464,-1,12751
104.078432,30.563519,-1,12752
103.856986,30.449917,227,12753
104.127966,30.37667,-1,12754
104.498569,30.427584,10,12755
103.497036,30.547265,226,12756
104.005573,30.43804,-1,12757
103.440418,30.355253,-1,12758
104.079235,30.818142,-1,12759
104.521784,29.805655,-1,12760
103.678353,31.029977,147,12761
103.851615,31.058958,-1,12762
104.237461,30.652802,29,12763
104.467506,30.848885,-1,12764
104.098147,30.672658,-1,12765
104.010717,30.557203,-1,12766
103.886803,30.820197,-1,12767
104.323376,30.644845,54,12768
104.52863,30.641257,-1,12769
103.760176,30.475956,-1,12770
103.94038,30.710452,-1,12771
104.041168,30.467244,-1,12772
104.308854,30.865515,11,12773
104.246548,30.662348,-1,12774
104.022824,30.557554,-1,12775
104.227198,30.647122,-1,12776
104.144501,30.813327,-1,12777
104.245678,30.711812,-1,12778
103.46508,30.452629,-1,12779
103.907617,30.398017,-1,12780
103.917938,30.684178,178,12781
103.917739,30.412125,-1,12782
104.015684,30.616384,-1,12783
103.981376,30.785489,43,12784
104.050833,30.482771,-1,12785
104.012255,30.8313,-1,12786
103.638349,30.479043,-1,12787
104.003268,30.519825,-1,12788
104.097255,30.890823,-1,12789
104.170743,30.659687,209,12790
104.49535,30.325837,-1,12791
103.947579,30.731947,-1,12792
103.910002,30.400516,-1,12793
103.764185,30.47943,-1,12794
104.125857,30.404988,-1,12795
104.019318,30.230066,-1,12796
104.378028,30.608822,-1,12797
104.203747,30.726025,55,12798
104.07319,30.384582,-1,12799
103.596516,30.27346,-1,12800
103.600895,30.736031,-1,12801
104.603804,30.684682,98,12802
104.237841,30.652988,29,12803
104.259123,30.872513,-1,12804
103.880323,30.404382,119,12805
104.196629,30.737928,-1,12806
103.949156,30.467512,-1,12807
104.099274,30.412363,-1,12808
103.836068,30.320647,-1,12809
103.859791,30.301388,-1,12810
103.989874,30.652821,-1,12811
104.627146,31.271814,-1,12812
104.870689,29.226355,86,12813
103.944546,31.002477,-1,12814
104.046537,30.574443,-1,12815
103.800593,30.395841,-1,12816
104.339611,31.126201,-1,12817
103.280035,29.261049,-1,12818
103.936494,30.905849,113,12819
104.208992,30.89817,-1,12820
104.243125,30.645742,48,12821
103.995024,30.612481,60,12822
103.689731,30.615915,-1,12823
103.974473,31.067739,-1,12824
103.668609,30.609749,-1,12825
104.176456,30.727562,191,12826
104.036522,30.296876,-1,12827
104.193526,31.029044,-1,12828
104.291312,30.357575,-1,12829
103.661618,30.961279,77,12830
103.714499,30.343746,-1,12831
103.940408,30.614183,106,12832
103.917208,30.683717,178,12833
103.831065,30.617517,-1,12834
104.269039,30.578764,151,12835
104.039194,30.359175,-1,12836
103.496981,30.547133,226,12837
104.319657,30.275664,194,12838
104.541416,30.718437,-1,12839
104.200644,30.700285,-1,12840
104.13344,30.71332,-1,12841
104.330697,30.737949,-1,12842
103.883377,30.665919,219,12843
104.49404,30.325803,-1,12844
103.704591,30.655233,-1,12845
103.534065,29.947105,-1,12846
104.268899,31.015432,-1,12847
104.010514,30.511921,206,12848
103.48542,31.061896,-1,12849
104.079053,30.513627,127,12850
104.061314,30.419136,26,12851
104.559674,30.437102,-1,12852
103.474807,30.431915,240,12853
104.038709,30.588117,-1,12854
103.887456,30.666635,-1,12855
103.860667,30.804239,111,12856
103.8511,30.437254,73,12857
103.474727,30.431421,240,12858
104.081874,30.455053,66,12859
103.941859,30.598854,-1,12860
104.482144,30.458649,-1,12861
104.112528,30.752852,39,12862
104.13954,30.374943,-1,12863
104.236538,30.646713,24,12864
103.940449,30.61412,106,12865
104.015746,30.528272,-1,12866
104.050645,30.664423,15,12867
103.789631,30.352235,-1,12868
103.945829,30.430648,-1,12869
104.071296,30.72527,69,12870
103.937094,30.471506,-1,12871
103.796003,30.754166,-1,12872
104.407149,30.345759,212,12873
104.16261,30.557178,174,12874
104.081161,30.523635,-1,12875
103.96968,30.802095,-1,12876
104.10981,30.50871,-1,12877
103.696755,30.405946,-1,12878
103.940276,30.614175,106,12879
104.224097,30.675177,65,12880
103.809714,30.630674,7,12881
103.607692,30.826285,-1,12882
104.057327,30.695164,-1,12883
104.005383,30.699546,-1,12884
104.286657,30.664519,-1,12885
104.135002,30.805985,132,12886
103.956629,30.939223,-1,12887
103.946143,30.5317,-1,12888
103.904359,30.370025,-1,12889
103.921069,30.703056,74,12890
103.93832,30.505035,-1,12891
103.983998,30.454387,-1,12892
104.306619,30.26189,-1,12893
103.959272,30.649601,210,12894
103.684645,30.946741,-1,12895
103.505906,30.559344,150,12896
103.884749,30.388722,-1,12897
104.194752,30.587495,-1,12898
103.935316,30.905609,113,12899
103.960161,30.43863,-1,12900
104.135002,30.805985,132,12901
104.397481,30.824044,-1,12902
104.500416,30.482301,-1,12903
104.404679,31.330451,-1,12904
104.023087,30.50577,-1,12905
104.164791,30.658831,62,12906
103.497084,30.547249,226,12907
104.188083,30.793495,82,12908
104.155353,30.99662,-1,12909
103.471365,30.176629,-1,12910
104.072073,30.496492,-1,12911
104.468435,30.83883,-1,12912
104.177238,30.718836,17,12913
103.764334,30.419399,-1,12914
104.070994,30.725292,69,12915
104.110486,30.570603,-1,12916
103.96728,30.647878,155,12917
103.761809,30.399318,-1,12918
104.131018,30.520236,-1,12919
103.797153,30.643643,176,12920
103.964238,31.010682,-1,12921
104.026766,30.451649,-1,12922
104.083495,30.81702,-1,12923
104.235302,30.646933,24,12924
103.923287,30.260155,-1,12925
103.904028,30.676447,-1,12926
103.970946,30.989135,-1,12927
103.496639,30.410522,-1,12928
104.537162,30.660075,-1,12929
104.145946,30.707101,-1,12930
104.339731,31.126136,-1,12931
103.860237,30.837091,-1,12932
103.613542,30.283521,-1,12933
104.091684,30.524133,83,12934
103.862758,30.773335,-1,12935
104.115916,30.4619,-1,12936
104.074092,30.368127,-1,12937
104.070987,30.725282,69,12938
103.897116,30.711844,-1,12939
104.595931,31.765621,-1,12940
104.391818,30.299975,144,12941
104.100792,30.435632,-1,12942
104.090293,30.426246,-1,12943
104.057225,30.649273,-1,12944
104.009156,30.764549,-1,12945
104.208275,30.524236,169,12946
104.125389,30.76968,173,12947
104.317,30.277517,-1,12948
103.929505,30.699518,149,12949
103.61448,30.964439,-1,12950
103.896505,30.666171,34,12951
103.815568,30.633396,7,12952
104.092217,30.523888,83,12953
104.255381,30.531351,233,12954
104.109839,30.5202,-1,12955
103.552394,30.607683,-1,12956
104.047562,30.541673,211,12957
103.953513,30.66157,230,12958
103.960002,30.65459,-1,12959
104.571347,30.717319,-1,12960
104.011386,30.463588,253,12961
103.86181,30.630303,-1,12962
104.40289,30.340232,-1,12963
103.990042,30.751803,-1,12964
104.150192,30.658863,-1,12965
104.203469,30.726384,55,12966
104.094057,30.779545,-1,12967
104.205246,30.558801,-1,12968
103.936029,30.905264,113,12969
103.947978,30.432869,-1,12970
104.295832,30.6844,-1,12971
103.677819,30.338518,117,12972
104.039602,30.225961,93,12973
104.282405,30.646332,-1,12974
103.866052,30.675117,-1,12975
103.897023,30.666565,34,12976
104.251307,30.777296,-1,12977
104.078712,30.368835,-1,12978
103.8509,30.820483,185,12979
104.214819,30.583599,218,12980
103.689731,30.61598,-1,12981
103.879578,30.404562,119,12982
103.847343,30.540644,-1,12983
103.893314,30.513881,135,12984
104.020893,29.139276,70,12985
104.092995,30.798099,-1,12986
104.394412,30.350001,251,12987
103.857481,30.580759,-1,12988
104.106936,30.587941,92,12989
104.190345,30.5141,-1,12990
104.076222,30.788849,-1,12991
103.598667,30.275834,-1,12992
103.771649,29.471935,-1,12993
103.903062,30.476999,-1,12994
103.818076,30.47104,-1,12995
104.132789,30.650779,-1,12996
103.468488,30.434016,-1,12997
104.555396,30.352778,202,12998
103.937519,30.61926,137,12999
104.238029,30.653118,29,13000
104.4985,30.454934,-1,13001
104.543783,30.718336,-1,13002
103.96749,30.585893,246,13003
103.861174,30.803854,111,13004
103.741501,30.694476,248,13005
104.05874,30.40724,-1,13006
104.003745,30.720199,-1,13007
104.148137,30.718086,-1,13008
104.008697,30.590745,156,13009
103.846585,30.784478,-1,13010
104.358948,30.431207,-1,13011
103.805181,30.431472,-1,13012
103.845468,30.785911,-1,13013
103.704079,30.709132,-1,13014
104.978894,30.295529,-1,13015
103.646983,30.296257,-1,13016
103.465712,30.438155,175,13017
104.183401,30.710588,32,13018
103.740037,30.531402,-1,13019
103.721795,30.60379,-1,13020
104.102727,30.492902,-1,13021
104.401366,30.997284,45,13022
104.003522,30.734652,-1,13023
104.013133,30.929981,-1,13024
104.193633,31.615785,-1,13025
103.815383,30.633332,7,13026
104.489111,30.493954,122,13027
103.678059,30.338844,117,13028
103.528139,31.001518,-1,13029
104.165902,30.712284,109,13030
104.181385,30.513344,-1,13031
104.243419,30.649934,25,13032
104.185366,30.551527,-1,13033
104.348864,31.049827,-1,13034
103.968211,30.981542,-1,13035
104.623142,30.854182,-1,13036
103.653046,30.920695,58,13037
104.202704,30.725938,55,13038
104.225209,30.638685,-1,13039
103.977562,30.688668,91,13040
103.899965,30.542116,-1,13041
104.293814,30.976506,-1,13042
104.049464,30.476873,201,13043
104.16183,30.808583,-1,13044
103.797922,31.240953,-1,13045
104.145388,30.830017,-1,13046
104.052226,30.54181,57,13047
104.065944,30.448115,5,13048
103.952306,30.936811,-1,13049
104.401973,30.997373,45,13050
104.069936,30.768372,71,13051
103.916236,30.368931,172,13052
103.826517,30.93328,-1,13053
104.323528,30.645074,54,13054
104.365004,30.30438,-1,13055
103.443199,30.751073,-1,13056
104.511543,30.353137,94,13057
103.489362,30.74961,-1,13058
104.099488,30.459554,100,13059
104.163006,30.662575,-1,13060
104.046509,30.428197,67,13061
104.529385,30.681586,-1,13062
103.868733,30.773011,-1,13063
104.307562,30.84595,-1,13064
104.008074,30.453395,-1,13065
104.213781,30.652216,3,13066
103.898717,30.3571,-1,13067
104.108035,30.580737,-1,13068
103.950928,30.019025,-1,13069
104.333035,30.646665,-1,13070
104.512915,30.420146,152,13071
104.244084,30.645866,48,13072
104.049216,30.488244,-1,13073
103.951323,30.637255,-1,13074
104.033095,30.573005,-1,13075
104.1606,30.643467,179,13076
104.870689,29.226355,86,13077
104.643098,29.517807,-1,13078
104.069927,30.768833,71,13079
104.219111,30.655232,-1,13080
103.936401,30.613772,104,13081
103.560932,30.748829,120,13082
104.17323,30.727248,191,13083
103.753229,30.347843,-1,13084
104.225151,30.671927,214,13085
103.721199,31.102001,-1,13086
103.471751,30.616046,-1,13087
104.105255,30.513115,-1,13088
104.182162,30.700188,-1,13089
104.233477,30.647889,-1,13090
103.998664,30.248586,-1,13091
103.887325,30.59304,-1,13092
103.924355,30.385742,-1,13093
104.488696,30.493355,122,13094
103.990046,30.482731,-1,13095
104.505408,30.440841,-1,13096
104.428714,30.735415,-1,13097
104.617555,29.947223,-1,13098
103.889517,30.479027,-1,13099
103.70174,30.60244,78,13100
104.077003,30.684581,-1,13101
103.890783,30.598751,-1,13102
104.170762,30.713662,-1,13103
104.327347,30.843726,-1,13104
104.052156,30.487072,23,13105
104.315528,30.605138,-1,13106
103.890304,30.348878,-1,13107
104.041093,30.593172,51,13108
103.677503,30.883097,-1,13109
103.436936,30.617581,-1,13110
104.30488,31.6357,-1,13111
104.138665,30.716352,-1,13112
103.903325,30.772667,-1,13113
104.318511,30.861262,22,13114
104.244841,30.604629,-1,13115
104.003568,30.482974,-1,13116
103.892668,30.780764,-1,13117
104.112077,30.752949,39,13118
103.781477,30.640178,-1,13119
104.120164,30.773141,171,13120
103.922778,30.630907,-1,13121
103.930383,30.635126,-1,13122
104.128639,30.373162,-1,13123
104.077537,30.794988,121,13124
103.886625,30.528402,105,13125
104.340182,30.460215,-1,13126
103.965086,30.937574,-1,13127
104.162529,30.557092,174,13128
104.050072,30.750691,-1,13129
104.639165,29.519113,-1,13130
104.113975,30.462168,-1,13131
104.024441,30.450145,-1,13132
104.22376,30.794356,101,13133
104.011646,30.69194,-1,13134
104.088954,30.485223,-1,13135
104.050232,30.675485,-1,13136
103.959621,30.16426,-1,13137
104.397382,30.327755,-1,13138
103.975087,30.408855,-1,13139
104.00362,30.435595,-1,13140
103.861853,30.8043,111,13141
104.052374,30.246201,-1,13142
104.374558,30.95191,-1,13143
103.701407,30.602758,78,13144
103.790587,30.666825,-1,13145
103.952131,30.926568,-1,13146
103.540267,30.779928,-1,13147
104.112479,30.7529,39,13148
104.039459,30.511385,-1,13149
103.894907,30.462065,-1,13150
103.900831,30.402115,-1,13151
104.258721,30.093528,-1,13152
103.460434,30.747037,61,13153
103.955735,30.744023,-1,13154
104.052129,30.473976,-1,13155
103.964053,30.47851,-1,13156
104.451479,30.347315,-1,13157
104.025335,31.384485,-1,13158
104.079897,30.513529,127,13159
104.012134,30.464047,253,13160
103.790657,31.174145,-1,13161
104.377959,30.455541,-1,13162
103.678401,31.029927,147,13163
104.105954,30.580241,-1,13164
103.663056,30.97104,197,13165
103.965609,30.981735,-1,13166
104.872106,29.763423,-1,13167
104.11089,30.509636,260,13168
104.055833,30.84756,181,13169
103.9123,30.631159,9,13170
104.378582,30.292278,254,13171
103.377723,30.064675,-1,13172
104.026199,30.759956,-1,13173
103.647843,30.95174,-1,13174
103.952364,30.795882,167,13175
104.492914,30.426642,-1,13176
104.188631,30.731806,-1,13177
103.995987,30.468805,-1,13178
103.967569,30.648533,155,13179
103.836389,30.5523,-1,13180
103.086347,30.386436,-1,13181
104.539565,30.662136,-1,13182
103.8384,30.360737,143,13183
103.997474,30.757535,-1,13184
104.014051,30.652324,-1,13185
103.710576,30.526245,-1,13186
104.284752,30.890859,-1,13187
104.499296,30.426641,10,13188
103.861242,30.445122,103,13189
104.172915,30.483854,102,13190
103.939792,30.620988,-1,13191
104.062103,30.418976,26,13192
104.08161,30.472302,-1,13193
104.16458,30.658881,62,13194
104.050788,30.47619,201,13195
104.182196,30.700018,-1,13196
104.039932,30.582551,247,13197
103.93733,30.614243,104,13198
103.979064,30.684026,-1,13199
104.039585,30.225471,93,13200
103.877378,30.562457,-1,13201
104.064083,30.633107,95,13202
104.212175,30.609194,-1,13203
103.917028,30.397828,-1,13204
104.226189,30.524982,52,13205
103.974034,30.706069,-1,13206
104.018254,30.564949,-1,13207
103.479506,30.427501,-1,13208
103.033242,29.903553,-1,13209
104.056321,30.428201,46,13210
104.012916,30.540832,-1,13211
104.106644,30.740612,-1,13212
103.696478,30.58263,-1,13213
104.072009,30.21263,-1,13214
104.214667,30.583575,218,13215
104.150339,30.61621,37,13216
104.072492,30.344775,-1,13217
103.457315,30.479136,-1,13218
104.564446,30.387941,-1,13219
104.107622,30.522308,-1,13220
104.209904,30.740775,-1,13221
104.101277,30.460601,-1,13222
103.819443,30.665394,-1,13223
104.505961,30.484601,-1,13224
104.292328,30.30512,-1,13225
103.853369,30.764556,-1,13226
104.202905,30.72612,55,13227
103.944564,30.481204,-1,13228
104.098457,30.885103,217,13229
104.142426,30.57768,-1,13230
103.911015,30.716793,-1,13231
103.877378,30.562457,-1,13232
103.880217,30.404333,119,13233
104.761799,30.615991,-1,13234
104.352611,31.085269,-1,13235
104.501157,30.473746,161,13236
103.895218,30.435516,-1,13237
104.177465,30.718712,17,13238
103.514666,30.213154,-1,13239
103.553328,30.220846,44,13240
104.464524,30.604186,-1,13241
104.557281,30.895063,-1,13242
103.861254,30.445329,103,13243
103.859729,30.347178,-1,13244
104.183628,30.717226,182,13245
104.103501,30.532463,-1,13246
104.221243,30.639224,0,13247
103.919283,30.782809,-1,13248
104.452527,30.603277,-1,13249
103.96966,30.366485,200,13250
103.936295,30.660178,-1,13251
103.815568,30.633396,7,13252
104.495322,30.32731,-1,13253
103.90297,30.658503,160,13254
104.059855,30.370324,-1,13255
104.056995,30.38489,269,13256
104.085194,30.446738,-1,13257
104.108636,30.613528,-1,13258
104.164359,30.383661,-1,13259
104.088533,30.227323,-1,13260
104.004199,30.520991,252,13261
104.227615,30.788542,-1,13262
103.975179,30.669176,-1,13263
103.79476,30.441371,221,13264
104.075945,30.794729,-1,13265
103.976663,30.662127,-1,13266
104.225102,30.707556,-1,13267
103.641852,30.278681,-1,13268
103.993256,30.923828,-1,13269
103.960008,30.517326,28,13270
104.011179,30.741423,-1,13271
104.15697,30.573128,-1,13272
104.469191,30.84766,6,13273
104.149103,30.622616,163,13274
104.535004,30.423603,-1,13275
103.838,30.341931,-1,13276
104.346611,30.663089,-1,13277
104.143136,30.409739,-1,13278
103.998106,30.252504,97,13279
104.300028,30.389361,-1,13280
103.851124,30.437218,73,13281
103.97387,30.621717,146,13282
103.817292,30.908003,-1,13283
104.220781,30.58901,-1,13284
103.880007,30.509532,-1,13285
104.05396,30.466441,130,13286
103.968385,30.468933,-1,13287
104.070138,30.519051,-1,13288
103.461973,30.386739,-1,13289
103.81712,30.633851,7,13290
103.864189,30.763757,-1,13291
104.347789,30.529999,-1,13292
103.98416,30.83013,-1,13293
104.134961,30.713213,-1,13294
104.066554,30.701711,-1,13295
104.054712,30.654179,139,13296
103.678463,31.02975,147,13297
104.421217,30.471685,-1,13298
104.041882,30.464389,-1,13299
103.933073,30.384135,-1,13300
104.156149,30.896787,-1,13301
104.165426,30.70228,-1,13302
104.466495,30.836171,-1,13303
104.087609,30.548175,186,13304
104.509088,30.352084,94,13305
104.126382,30.599328,-1,13306
104.057217,30.387428,-1,13307
104.296516,30.994208,-1,13308
103.937666,30.663434,-1,13309
103.861409,30.804238,111,13310
104.047513,30.710916,-1,13311
104.104324,30.71595,-1,13312
104.241249,30.958142,-1,13313
104.185838,30.718704,134,13314
104.335081,30.305246,-1,13315
104.528966,30.681339,-1,13316
104.307763,30.845668,-1,13317
104.101572,30.459089,-1,13318
103.934854,30.725176,-1,13319
104.065574,30.694605,-1,13320
103.969793,30.657673,-1,13321
104.052577,30.467056,130,13322
103.972833,30.665861,-1,13323
104.194528,30.587181,-1,13324
103.957201,30.647441,31,13325
104.047104,30.450915,-1,13326
103.973417,30.783111,-1,13327
104.167319,30.675094,-1,13328
103.913572,30.406014,-1,13329
104.048554,30.726172,-1,13330
104.046188,30.683031,-1,13331
104.092346,30.490151,-1,13332
104.292947,30.962213,-1,13333
103.796748,30.646636,158,13334
103.850732,31.0608,-1,13335
103.990871,30.427265,-1,13336
103.902321,30.834893,20,13337
103.853457,30.442673,-1,13338
103.855392,30.710905,-1,13339
104.103415,30.497391,-1,13340
104.26475,30.617447,-1,13341
103.95625,30.111986,-1,13342
103.960328,30.941717,-1,13343
104.023707,30.541985,-1,13344
103.796713,31.034352,-1,13345
104.286529,30.678916,-1,13346
104.112419,30.753196,39,13347
103.883484,30.339682,-1,13348
104.04518,30.682411,-1,13349
103.829302,30.62378,-1,13350
103.452005,30.470329,-1,13351
104.068743,30.536038,-1,13352
104.318689,30.861088,22,13353
104.067707,30.431435,-1,13354
104.327076,30.306631,136,13355
103.485397,31.059867,-1,13356
103.959734,30.363644,-1,13357
103.813091,30.632662,7,13358
103.599567,30.736197,-1,13359
104.095359,30.592644,-1,13360
104.109154,30.521211,-1,13361
104.079204,30.818226,-1,13362
104.138711,30.610886,237,13363
103.795927,31.238988,-1,13364
104.139262,30.412478,-1,13365
104.092224,30.792451,-1,13366
103.876607,30.467687,-1,13367
103.746161,30.342454,-1,13368
104.005199,30.700511,-1,13369
103.987615,30.467289,-1,13370
104.318981,30.276661,194,13371
103.923009,30.71676,80,13372
104.170759,30.659705,209,13373
103.951199,30.542485,-1,13374
104.973787,29.871204,50,13375
104.021837,30.544618,-1,13376
103.896185,30.66617,34,13377
103.998895,30.669462,118,13378
103.986097,30.452876,-1,13379
103.967289,30.654799,-1,13380
104.115175,30.752028,-1,13381
103.717961,30.609743,243,13382
104.501683,30.430147,-1,13383
103.815568,30.633396,7,13384
104.019119,30.456079,-1,13385
103.79363,30.644043,-1,13386
104.076714,30.486835,-1,13387
104.074944,30.73439,-1,13388
104.008395,30.56546,-1,13389
103.921668,29.224308,-1,13390
104.163805,30.700627,-1,13391
104.12113,30.522126,-1,13392
103.895425,30.435724,-1,13393
104.21597,30.775207,-1,13394
103.828202,30.829425,-1,13395
103.999447,30.750987,-1,13396
103.640112,30.465992,42,13397
103.834842,30.640317,-1,13398
104.503263,30.467536,-1,13399
103.541794,31.420984,-1,13400
104.19084,30.72719,-1,13401
104.521605,30.429694,38,13402
103.534817,30.405402,-1,13403
104.268731,30.644262,-1,13404
104.078838,30.513506,127,13405
104.173431,30.522044,-1,13406
104.471836,30.862616,-1,13407
103.497451,30.545649,-1,13408
104.18358,29.985742,-1,13409
103.891402,30.409988,-1,13410
104.489171,30.494,122,13411
104.085294,30.683239,241,13412
104.083321,30.455327,66,13413
104.609447,30.857009,-1,13414
104.075221,30.770237,-1,13415
103.819137,30.79726,124,13416
103.921307,30.79345,-1,13417
103.871109,30.402936,-1,13418
104.650871,30.048667,-1,13419
103.831656,30.667622,-1,13420
104.332963,30.641763,-1,13421
104.06169,30.493176,-1,13422
103.107257,30.060185,-1,13423
104.492369,30.325603,-1,13424
104.300991,30.584566,-1,13425
103.887047,30.579276,-1,13426
103.865516,30.358926,-1,13427
104.486581,30.351286,-1,13428
104.04128,30.464475,-1,13429
104.391577,30.282855,192,13430
104.10783,30.508095,-1,13431
104.061687,30.493033,-1,13432
103.938293,30.616389,40,13433
104.247304,30.554976,-1,13434
103.914476,30.388464,-1,13435
103.827401,30.465819,-1,13436
103.887386,30.592963,-1,13437
104.100196,30.651547,265,13438
103.880081,30.604171,193,13439
104.158084,30.692335,-1,13440
104.174642,30.699816,-1,13441
103.781974,30.67593,108,13442
103.654511,30.664851,-1,13443
104.163505,30.560279,-1,13444
104.532158,30.427558,-1,13445
104.024774,30.466487,-1,13446
104.075758,30.762922,-1,13447
103.493017,30.752172,-1,13448
104.263343,30.865722,-1,13449
104.108006,30.420671,88,13450
104.015719,29.135642,-1,13451
104.072664,30.379351,-1,13452
104.020162,29.139562,70,13453
103.856751,30.442175,-1,13454
103.691903,30.597898,-1,13455
104.198966,30.510298,223,13456
104.151405,30.35892,-1,13457
104.061191,30.668998,-1,13458
104.158905,30.672167,-1,13459
104.36486,30.839383,-1,13460
103.81098,30.875067,-1,13461
104.085118,30.538713,-1,13462
103.986201,30.474442,-1,13463
104.561613,30.393989,-1,13464
104.186213,30.684769,8,13465
103.505365,30.197563,-1,13466
104.566894,30.387755,-1,13467
104.397148,30.997108,-1,13468
104.389814,30.284888,255,13469
104.118769,30.281448,-1,13470
103.957667,30.045239,-1,13471
104.543486,30.693046,-1,13472
103.537313,30.563041,-1,13473
103.953657,30.655824,-1,13474
103.876056,30.480401,-1,13475
104.098302,30.428243,-1,13476
104.300981,30.884839,-1,13477
103.873372,30.463401,-1,13478
103.421033,30.338338,-1,13479
104.061373,30.418992,26,13480
103.89486,30.633939,-1,13481
103.988588,30.628057,145,13482
104.371788,30.864574,81,13483
104.079265,30.818115,-1,13484
104.173582,30.727583,191,13485
104.054293,30.446847,249,13486
104.077752,30.794978,121,13487
104.093129,30.778026,-1,13488
103.209814,31.051388,-1,13489
104.330482,30.733601,-1,13490
104.63112,30.698978,-1,13491
104.047031,30.42813,67,13492
103.926498,30.805685,-1,13493
103.520401,30.209287,-1,13494
103.564187,30.54968,-1,13495
104.183053,30.711131,32,13496
104.24288,30.651129,25,13497
104.297557,31.03511,188,13498
104.386595,30.301504,68,13499
103.948846,30.477261,-1,13500
103.93445,30.718083,-1,13501
103.952975,31.011773,-1,13502
103.908149,30.660827,180,13503
104.161724,30.599599,235,13504
104.318511,30.861262,22,13505
104.049034,30.540339,-1,13506
104.430324,30.965881,-1,13507
103.857605,30.449706,227,13508
104.226541,30.525266,52,13509
103.952164,30.796202,167,13510
103.797922,31.240953,-1,13511
104.502165,30.475805,-1,13512
103.859831,30.738121,-1,13513
104.539423,30.705623,-1,13514
103.965123,30.460784,-1,13515
104.529312,30.416998,-1,13516
104.582423,30.339635,-1,13517
104.347909,30.529957,-1,13518
104.19017,30.818048,-1,13519
104.535004,30.423603,-1,13520
104.111909,30.531973,-1,13521
104.530416,30.440539,-1,13522
104.077409,30.794944,121,13523
103.489929,30.52831,-1,13524
103.990122,30.562216,-1,13525
103.628592,30.725268,-1,13526
104.107953,30.550626,-1,13527
102.891642,30.163482,-1,13528
104.061072,30.64772,-1,13529
104.294512,30.393387,-1,13530
103.940294,30.614252,106,13531
104.071736,31.247058,-1,13532
103.827815,29.995755,-1,13533
104.051895,30.541673,57,13534
104.020156,29.139702,70,13535
104.456924,30.856499,-1,13536
103.787654,31.007444,-1,13537
104.444056,30.842416,-1,13538
103.916437,30.369213,172,13539
104.574684,30.775711,-1,13540
103.719407,30.592034,-1,13541
104.268948,30.5788,151,13542
103.96091,30.621904,-1,13543
103.814055,30.741763,-1,13544
103.27762,30.190712,-1,13545
104.047861,30.462386,-1,13546
103.790567,30.685996,-1,13547
103.966902,30.457838,-1,13548
103.709012,30.392413,-1,13549
103.351066,30.368117,-1,13550
104.090159,30.742099,-1,13551
104.546675,29.503799,222,13552
104.16539,30.662346,-1,13553
104.000709,30.76293,-1,13554
103.791207,29.636198,-1,13555
104.124202,30.683562,-1,13556
104.181271,30.534538,-1,13557
104.244893,30.651444,-1,13558
103.674804,30.645089,-1,13559
103.976451,30.544957,-1,13560
104.56486,30.37104,159,13561
104.262178,30.615488,-1,13562
104.164381,30.658615,62,13563
103.701739,30.602434,78,13564
103.959822,30.15851,-1,13565
104.250515,30.752087,-1,13566
103.910902,30.733646,267,13567
103.856722,30.442234,-1,13568
103.966124,30.43564,110,13569
103.91266,30.824711,-1,13570
103.972062,30.471548,-1,13571
104.31363,30.30081,-1,13572
104.225285,30.672322,214,13573
103.923531,30.716933,80,13574
104.121773,30.75454,-1,13575
103.907824,30.97296,-1,13576
103.689463,30.301517,-1,13577
104.361482,30.661342,234,13578
104.070989,30.725287,69,13579
104.327283,30.306768,136,13580
103.986924,30.682176,-1,13581
104.065278,30.179511,142,13582
104.365566,30.50317,-1,13583
103.807389,30.74216,-1,13584
104.102013,30.497065,-1,13585
104.064771,30.437789,-1,13586
104.238014,30.653038,29,13587
104.095767,30.538291,-1,13588
104.061739,30.752001,-1,13589
104.248185,30.920758,-1,13590
104.497784,30.349038,-1,13591
103.982778,30.784253,-1,13592
104.050788,30.476334,201,13593
104.208368,30.524392,169,13594
104.467829,30.485286,-1,13595
103.601453,31.064564,96,13596
104.110399,30.581528,-1,13597
104.168682,30.741594,16,13598
104.073509,30.471364,-1,13599
103.505699,30.558875,150,13600
104.03766,30.659126,162,13601
104.080009,30.51235,127,13602
103.792176,30.18709,115,13603
103.998732,30.893331,-1,13604
103.887298,30.576099,-1,13605
104.021687,30.545027,-1,13606
103.804461,30.455413,-1,13607
103.677095,30.883829,-1,13608
104.01041,30.517723,49,13609
103.55751,30.3513,-1,13610
104.365004,30.304264,-1,13611
104.040355,30.581277,247,13612
104.034732,30.298555,196,13613
103.52793,30.377142,259,13614
104.497855,30.344492,-1,13615
104.393045,31.165927,-1,13616
103.912097,30.746917,-1,13617
104.371596,30.86434,81,13618
104.364708,30.839683,-1,13619
103.108475,30.10655,-1,13620
104.323451,30.342952,-1,13621
104.320612,30.860383,-1,13622
104.247055,30.648021,-1,13623
103.65953,30.923265,-1,13624
104.220721,30.638965,0,13625
104.404743,31.330366,-1,13626
104.420563,30.849265,-1,13627
103.9355,30.905548,113,13628
104.000883,30.597728,-1,13629
104.387108,30.293019,-1,13630
103.871452,30.631036,-1,13631
103.967923,30.775953,-1,13632
103.942962,30.503261,-1,13633
104.122145,30.519592,-1,13634
104.134652,30.637016,-1,13635
104.092871,30.581423,64,13636
104.488694,30.450276,-1,13637
104.215461,30.821176,21,13638
103.127551,30.062321,-1,13639
104.261342,29.965837,-1,13640
103.501827,30.576596,-1,13641
103.652964,30.920512,58,13642
103.964874,30.478725,-1,13643
104.185831,30.720615,134,13644
104.646519,30.675489,-1,13645
104.069741,30.768844,71,13646
103.797153,30.643643,176,13647
104.060451,31.245547,-1,13648
104.041422,30.593358,51,13649
103.86703,30.53491,107,13650
103.921039,30.702934,74,13651
104.499576,30.449643,-1,13652
104.010982,30.557121,-1,13653
104.306437,30.24722,-1,13654
104.564537,30.370799,159,13655
104.483532,30.445023,-1,13656
104.508771,30.354515,94,13657
104.03647,30.235796,-1,13658
104.315623,30.303142,-1,13659
104.069455,30.330223,-1,13660
104.095876,30.539755,18,13661
103.88586,30.583857,-1,13662
104.188373,30.765917,-1,13663
104.356929,31.090203,-1,13664
103.795927,31.238988,-1,13665
104.448432,30.478365,-1,13666
104.177307,30.402386,-1,13667
103.987766,30.096601,-1,13668
104.589743,30.698344,-1,13669
103.952303,30.020664,-1,13670
103.984667,30.65719,-1,13671
104.464554,30.471715,-1,13672
103.966317,30.43618,110,13673
104.115347,30.452594,-1,13674
103.701602,30.851054,-1,13675
103.449771,30.469115,-1,13676
103.678289,31.030043,147,13677
103.95366,30.327243,-1,13678
104.440502,30.714821,-1,13679
104.626357,30.858222,-1,13680
103.478772,30.428319,-1,13681
103.863735,30.629543,-1,13682
104.220061,30.695397,-1,13683
104.254787,30.859219,228,13684
104.138728,30.412386,-1,13685
104.054949,30.457529,138,13686
104.09946,30.459735,100,13687
103.957309,30.034337,-1,13688
104.056587,30.385407,269,13689
103.992876,29.024408,-1,13690
103.663966,30.993757,-1,13691
104.21375,30.651901,3,13692
104.488926,30.461862,244,13693
103.669752,30.429154,-1,13694
103.836132,30.520224,-1,13695
104.212973,30.650314,-1,13696
103.956287,30.767693,-1,13697
104.242807,30.645731,48,13698
103.777628,30.7436,-1,13699
103.802892,30.517588,-1,13700
103.951995,30.428304,79,13701
104.186341,30.552816,263,13702
103.674835,30.902547,-1,13703
104.660533,31.130979,-1,13704
103.904359,30.370025,-1,13705
104.112637,30.832972,-1,13706
103.977973,30.688517,91,13707
103.999281,30.75165,-1,13708
104.083636,30.455386,66,13709
104.115275,30.45923,-1,13710
104.243528,30.651605,25,13711
104.043716,31.280039,-1,13712
103.823654,30.449727,-1,13713
104.072691,30.319137,-1,13714
103.977685,30.688626,91,13715
104.660333,31.131077,-1,13716
103.452444,30.475013,-1,13717
103.881217,30.365954,-1,13718
103.94154,30.63375,-1,13719
104.11567,30.378389,-1,13720
104.150344,30.616359,37,13721
103.934172,30.782533,-1,13722
104.227862,30.781205,-1,13723
103.989773,30.725633,-1,13724
103.51768,30.578366,164,13725
103.900193,30.783763,-1,13726
104.204671,30.730828,89,13727
104.192091,30.741085,-1,13728
103.600153,30.608714,-1,13729
103.851123,30.438427,73,13730
104.044599,30.206116,-1,13731
104.498629,30.428172,10,13732
103.697385,30.398825,268,13733
104.115403,30.452528,-1,13734
104.25831,30.832476,-1,13735
104.758786,30.376758,-1,13736
104.859335,29.752735,-1,13737
103.854446,30.443638,-1,13738
104.342115,31.149952,-1,13739
104.061765,30.419095,26,13740
104.204076,30.556177,-1,13741
103.979251,30.778888,-1,13742
104.097161,30.759107,-1,13743
103.92904,30.473596,-1,13744
104.498844,30.490724,-1,13745
104.054043,30.466829,130,13746
104.776553,30.849882,-1,13747
104.367811,30.434683,-1,13748
103.881378,31.087628,-1,13749
104.013357,30.518048,-1,13750
104.145391,30.709694,-1,13751
103.671779,30.31742,-1,13752
104.118439,30.757128,13,13753
104.188018,30.724535,-1,13754
104.170717,30.61535,177,13755
103.532248,31.404469,99,13756
104.23531,30.64607,24,13757
104.07708,30.444933,-1,13758
104.535442,30.403016,-1,13759
104.195939,30.696325,-1,13760
103.65051,30.281027,-1,13761
103.902389,30.834699,20,13762
104.138019,30.405979,-1,13763
103.952573,30.021103,-1,13764
104.405574,31.173765,-1,13765
104.785853,29.796145,-1,13766
103.663312,30.959992,-1,13767
103.612325,30.871525,-1,13768
104.30867,30.865215,11,13769
104.052929,30.447287,249,13770
104.099496,30.610078,-1,13771
103.98913,30.454791,-1,13772
103.866544,30.556918,-1,13773
104.327405,30.30753,136,13774
103.687519,31.012834,-1,13775
104.074525,30.445082,-1,13776
103.960193,30.795784,242,13777
104.603778,30.685588,98,13778
104.363897,30.305912,-1,13779
104.203192,30.726052,55,13780
104.05829,30.385463,269,13781
104.358838,30.647744,-1,13782
103.901249,30.834539,20,13783
103.878267,30.198201,131,13784
104.157922,30.692542,-1,13785
104.165902,30.712284,109,13786
103.908304,30.542492,199,13787
104.259463,30.868435,-1,13788
104.476537,30.35561,56,13789
104.393336,30.283394,192,13790
104.618639,30.695296,-1,13791
103.753782,30.395199,-1,13792
103.951392,30.382745,-1,13793
104.03587,30.751951,-1,13794
103.642266,30.943294,190,13795
104.320812,30.327636,-1,13796
104.161209,30.64356,179,13797
103.661043,30.961355,77,13798
103.827069,30.934433,-1,13799
104.99067,29.542223,128,13800
104.007748,31.204527,-1,13801
103.961224,30.937632,-1,13802
103.8858,30.283405,-1,13803
104.17533,30.66446,2,13804
103.923589,31.071551,-1,13805
104.114241,30.579334,1,13806
104.170685,30.615321,177,13807
104.170455,30.614918,177,13808
103.505673,30.559272,150,13809
103.978178,30.406015,-1,13810
104.118667,30.757022,13,13811
103.896151,30.666215,34,13812
104.133558,30.666673,-1,13813
104.539912,31.382851,-1,13814
104.572858,30.708929,-1,13815
103.687567,30.837599,231,13816
104.040983,30.447939,-1,13817
103.98116,30.78528,43,13818
104.171339,30.520397,-1,13819
103.872457,30.779149,123,13820
104.166346,30.712141,109,13821
103.473289,30.75876,-1,13822
103.534682,30.562649,-1,13823
104.536633,30.678429,-1,13824
103.916421,30.369263,172,13825
104.24484,30.645481,48,13826
104.018484,30.5219,-1,13827
103.780831,30.669898,-1,13828
103.942864,30.55696,-1,13829
103.512363,30.253845,-1,13830
103.260057,30.150272,-1,13831
104.38565,30.300899,-1,13832
103.419788,30.185001,-1,13833
104.279016,29.937063,-1,13834
104.500284,30.429313,-1,13835
104.138676,30.610749,237,13836
104.020021,30.543101,-1,13837
103.694789,30.936893,-1,13838
104.140471,30.82725,90,13839
104.187791,30.577062,-1,13840
104.021379,30.549946,-1,13841
104.213532,30.744972,-1,13842
103.9163,30.52481,-1,13843
103.656751,30.272057,-1,13844
104.168596,30.661826,-1,13845
103.942091,30.279746,-1,13846
104.054605,30.653622,139,13847
104.674295,30.054108,-1,13848
104.174595,30.715365,153,13849
104.973144,29.87092,50,13850
104.254816,30.859005,228,13851
104.460723,30.490213,-1,13852
103.70085,30.931146,-1,13853
104.125168,30.76936,173,13854
104.076225,30.456143,-1,13855
103.803415,30.648298,-1,13856
103.885799,31.028435,-1,13857
103.935784,30.905368,113,13858
104.226577,30.792627,101,13859
104.804325,30.152326,205,13860
103.952299,30.45394,-1,13861
103.916573,30.948155,-1,13862
103.513193,30.565085,-1,13863
103.875939,30.729578,-1,13864
103.94815,30.327163,-1,13865
103.589513,29.718797,-1,13866
104.455887,30.607348,-1,13867
104.110902,30.510336,260,13868
103.837286,30.358582,208,13869
103.863138,30.849262,-1,13870
104.440972,30.831575,-1,13871
103.843513,30.673347,-1,13872
103.478983,30.511924,-1,13873
104.183049,30.717355,182,13874
103.888419,30.556656,4,13875
104.158913,30.708876,-1,13876
104.145147,30.581517,-1,13877
104.036366,30.529001,-1,13878
103.816944,30.798456,-1,13879
103.940506,30.614307,106,13880
104.063279,30.681921,-1,13881
103.999463,30.46841,-1,13882
103.717717,30.609071,243,13883
104.012693,30.487827,-1,13884
104.223841,30.566314,19,13885
103.871047,30.701808,47,13886
103.936225,30.905561,113,13887
104.112145,31.075876,-1,13888
103.995546,30.612743,60,13889
103.877163,30.562423,-1,13890
103.812184,30.632564,7,13891
104.636237,29.519364,-1,13892
103.902393,30.834989,20,13893
104.091734,30.575784,-1,13894
104.050245,30.66402,15,13895
104.07269,30.366734,-1,13896
104.05612,30.45714,138,13897
104.101433,30.781236,-1,13898
104.257411,30.530302,-1,13899
104.174335,30.727982,191,13900
104.085203,30.446728,-1,13901
104.239509,30.731858,-1,13902
104.165902,30.712284,109,13903
104.165889,30.677264,-1,13904
104.242928,30.651224,25,13905
103.747124,30.393871,-1,13906
103.936447,30.613967,104,13907
103.842639,30.318619,-1,13908
103.589513,29.718797,-1,13909
104.162033,29.977882,-1,13910
104.312757,30.272683,-1,13911
103.459242,30.378988,-1,13912
103.891889,30.777754,-1,13913
103.917354,30.868874,-1,13914
104.106535,30.509131,-1,13915
104.294849,30.382352,-1,13916
104.185342,30.684477,8,13917
103.772727,30.344431,-1,13918
104.253617,30.527605,-1,13919
104.261324,31.078865,-1,13920
103.911987,30.630896,9,13921
103.955083,30.54409,-1,13922
104.690028,30.13029,-1,13923
103.914335,30.675492,125,13924
103.913572,30.993858,-1,13925
103.470201,30.504331,-1,13926
104.152713,30.781615,-1,13927
103.902532,30.978157,-1,13928
104.085117,30.683029,241,13929
104.48876,30.493489,122,13930
104.332513,30.708755,-1,13931
104.120103,30.580933,-1,13932
104.636374,30.929525,-1,13933
104.310771,30.861816,-1,13934
103.415365,30.757344,-1,13935
103.901249,30.834539,20,13936
104.059554,30.416582,-1,13937
104.061651,30.418963,26,13938
104.138626,30.610793,237,13939
103.930436,30.741151,-1,13940
103.810064,30.631479,7,13941
104.160806,30.470589,-1,13942
104.237824,30.652802,29,13943
103.701424,30.602793,78,13944
104.37198,30.864276,81,13945
104.030102,30.66265,-1,13946
104.484915,30.348051,-1,13947
104.213354,30.526381,-1,13948
104.194313,30.821564,-1,13949
104.38763,30.301686,68,13950
103.701608,30.602546,78,13951
104.841789,29.746477,-1,13952
104.164513,30.659043,62,13953
104.498652,30.428152,10,13954
104.423638,30.606684,-1,13955
104.344562,30.827859,-1,13956
104.239796,30.818857,-1,13957
103.983869,30.21916,-1,13958
103.808556,30.401523,-1,13959
103.656328,30.963013,-1,13960
104.274332,30.647178,-1,13961
104.07014,30.633602,-1,13962
104.070771,30.726749,69,13963
104.204615,30.730885,89,13964
104.222206,30.632651,-1,13965
104.400789,30.341966,-1,13966
103.420227,30.380988,-1,13967
103.915379,30.678403,-1,13968
104.046999,30.427996,67,13969
104.10031,30.507284,-1,13970
104.114281,30.750463,-1,13971
103.937074,30.613302,104,13972
104.492286,30.606646,-1,13973
104.106253,30.464045,-1,13974
104.020957,29.1395,70,13975
103.98145,30.785064,43,13976
103.926165,29.926637,-1,13977
103.475855,31.317008,-1,13978
104.099442,30.459903,100,13979
103.976843,30.688401,91,13980
104.225177,30.672203,214,13981
104.201949,30.726115,55,13982
104.039552,30.225984,93,13983
104.072026,30.235202,-1,13984
103.844232,30.541428,-1,13985
103.718068,30.609803,243,13986
103.498727,30.542486,-1,13987
104.200427,30.67893,-1,13988
103.916208,30.369235,172,13989
104.485449,30.335116,-1,13990
103.808039,29.674647,-1,13991
104.32352,30.645029,54,13992
104.1606,30.643467,179,13993
104.414862,30.243838,-1,13994
104.143206,30.410977,-1,13995
103.933696,30.602712,-1,13996
103.90834,30.660766,180,13997
103.913128,30.858964,-1,13998
104.317229,30.606515,-1,13999
104.138805,30.636707,-1,14000
104.223437,30.674966,65,14001
103.815006,30.90676,-1,14002
104.052349,30.246185,-1,14003
103.459242,30.378988,-1,14004
103.907947,30.660732,180,14005
104.072725,30.695721,-1,14006
104.378182,30.313363,195,14007
104.644424,30.676269,-1,14008
104.023704,31.376022,-1,14009
104.070372,30.395336,-1,14010
104.107373,30.394253,-1,14011
104.044579,30.445191,41,14012
104.046421,30.585677,-1,14013
103.673198,30.903999,-1,14014
104.097644,30.4587,-1,14015
104.6141,30.26291,-1,14016
104.297655,30.381572,-1,14017
104.323355,30.645139,54,14018
104.038079,30.470571,-1,14019
103.974524,30.795943,-1,14020
104.177058,30.525044,-1,14021
103.935761,30.90562,113,14022
104.5553,30.35276,202,14023
103.901997,30.834204,20,14024
104.097428,30.494234,-1,14025
104.211425,31.666446,-1,14026
104.078842,30.684554,-1,14027
104.006953,30.592738,33,14028
104.041383,30.593365,51,14029
103.93562,30.906132,113,14030
104.034548,30.465125,-1,14031
104.650967,30.048567,-1,14032
104.31532,30.604664,-1,14033
103.517543,30.750574,-1,14034
103.663133,30.910423,-1,14035
103.870886,30.477026,-1,14036
104.039553,30.225679,93,14037
103.88171,30.367063,-1,14038
104.460164,30.487846,-1,14039
104.008841,30.590564,156,14040
104.269342,30.729291,-1,14041
104.564138,30.381199,-1,14042
103.937775,30.906203,-1,14043
103.913384,30.711129,-1,14044
104.194777,30.58748,-1,14045
104.012992,30.485876,-1,14046
104.022356,30.501187,187,14047
104.042187,30.590315,-1,14048
103.996618,30.46878,-1,14049
103.865404,31.048365,-1,14050
104.650638,30.048715,-1,14051
104.178651,30.78306,207,14052
104.065107,30.447124,5,14053
104.155002,30.729024,-1,14054
104.208328,30.52432,169,14055
103.915209,30.926799,-1,14056
103.583443,30.490516,-1,14057
104.237125,30.642834,-1,14058
104.548292,29.756631,-1,14059
103.909724,30.544455,199,14060
103.916212,30.811576,-1,14061
103.920748,30.539604,-1,14062
104.052156,30.487072,23,14063
104.12167,30.539723,-1,14064
103.681847,30.596772,-1,14065
104.20163,30.681364,-1,14066
104.006519,30.592503,33,14067
103.552007,30.607786,-1,14068
104.070524,30.395278,-1,14069
103.889321,30.377349,-1,14070
104.306246,31.001539,-1,14071
104.021744,30.809049,-1,14072
104.244985,30.645449,48,14073
104.192465,31.192537,-1,14074
103.726649,30.569666,-1,14075
103.944444,30.794494,-1,14076
104.11529,30.609565,-1,14077
104.311716,30.298716,189,14078
104.25591,30.57791,-1,14079
103.929796,30.473659,-1,14080
103.883977,30.677331,-1,14081
103.699962,31.099083,-1,14082
104.489558,30.493799,122,14083
103.81378,30.632956,7,14084
104.004894,30.519741,-1,14085
104.534447,30.637273,-1,14086
103.969114,30.934821,-1,14087
104.203644,30.725984,55,14088
103.901521,30.834501,20,14089
104.370743,31.134375,-1,14090
104.072063,30.268841,-1,14091
103.943372,30.525781,-1,14092
103.917052,30.47629,-1,14093
103.60776,30.82633,-1,14094
103.974093,30.624937,141,14095
103.837251,30.359052,-1,14096
104.1216,30.690033,-1,14097
104.092623,30.586149,-1,14098
104.145748,30.707183,-1,14099
104.088642,30.226918,-1,14100
103.834795,30.640269,-1,14101
104.323985,30.646109,54,14102
103.876155,30.49129,-1,14103
104.166314,30.70406,-1,14104
104.108182,30.42049,88,14105
104.130306,30.75874,-1,14106
103.983039,30.470837,-1,14107
103.914045,30.477281,-1,14108
104.072994,30.718764,170,14109
104.106618,30.768917,-1,14110
103.808273,30.400939,-1,14111
104.112145,31.075876,-1,14112
103.953391,30.920725,-1,14113
103.965538,30.636613,30,14114
103.774774,30.897272,-1,14115
103.972061,30.789425,-1,14116
104.022929,30.522813,-1,14117
104.072642,30.268352,-1,14118
103.964526,31.057513,-1,14119
104.345193,30.666343,-1,14120
103.869167,30.781203,-1,14121
104.046878,30.428035,67,14122
104.163131,30.593558,261,14123
104.150861,30.772647,-1,14124
103.663103,30.910512,-1,14125
103.886073,30.746872,-1,14126
104.18575,30.718734,134,14127
103.77168,29.472053,-1,14128
103.886905,30.528387,105,14129
103.081827,30.37378,-1,14130
104.014517,30.766606,-1,14131
104.36145,30.434846,-1,14132
104.039149,30.537747,-1,14133
103.971304,30.457741,-1,14134
104.203922,30.747566,-1,14135
104.17739,30.718736,17,14136
103.937539,30.613553,104,14137
103.940636,30.61412,106,14138
104.221505,30.639069,0,14139
103.981511,30.785097,43,14140
103.060478,30.027651,-1,14141
104.181893,30.712724,-1,14142
104.155867,30.580247,258,14143
104.174036,30.78732,-1,14144
103.791304,30.603946,-1,14145
104.245616,30.55333,-1,14146
103.816735,30.633793,7,14147
103.896732,30.490447,-1,14148
104.576441,30.71788,-1,14149
103.916977,30.684072,178,14150
104.466301,30.602957,-1,14151
103.953579,30.668115,-1,14152
103.984063,30.829832,-1,14153
104.605362,30.86773,-1,14154
104.065906,30.372801,-1,14155
103.925303,30.889832,-1,14156
104.392122,30.299073,144,14157
103.888507,30.556594,4,14158
104.079098,30.513385,127,14159
104.671317,30.055186,-1,14160
104.165483,30.65874,62,14161
103.999152,30.669574,118,14162
104.501239,30.474933,161,14163
104.185938,30.718496,134,14164
104.263606,29.94299,-1,14165
104.116218,30.419094,-1,14166
103.963397,30.465022,-1,14167
104.242811,30.650605,25,14168
103.967377,30.648035,155,14169
103.969596,30.366469,200,14170
103.93665,30.613952,104,14171
103.851012,30.437198,73,14172
103.977676,30.688008,91,14173
103.895787,30.824831,-1,14174
104.140243,30.58732,-1,14175
103.961282,30.934703,-1,14176
103.878882,30.19819,131,14177
103.791266,29.721766,-1,14178
104.731127,30.637409,-1,14179
104.312295,30.874884,-1,14180
103.639783,30.467756,-1,14181
103.889772,30.442062,-1,14182
104.243246,30.645627,48,14183
103.816944,30.798456,-1,14184
104.168743,30.741569,16,14185
103.522048,30.201656,-1,14186
104.050829,30.664489,15,14187
104.056358,30.366596,-1,14188
103.609508,30.507089,-1,14189
104.511903,30.421576,-1,14190
103.861346,30.803821,111,14191
104.135649,30.805836,132,14192
104.17365,30.484687,102,14193
103.678076,30.338416,117,14194
104.041521,30.583201,-1,14195
103.989668,30.725936,-1,14196
104.548082,29.500979,-1,14197
104.513565,30.51292,-1,14198
104.0517,30.526508,-1,14199
104.152826,30.772742,-1,14200
104.464475,30.488686,-1,14201
103.792445,30.187231,115,14202
103.655037,30.926279,72,14203
104.069274,30.551393,-1,14204
103.904635,30.683288,-1,14205
104.501174,30.487348,-1,14206
104.072007,30.419941,-1,14207
103.724742,30.578399,257,14208
104.010635,30.517791,49,14209
103.867501,30.777435,-1,14210
103.895376,30.779164,-1,14211
103.906313,30.536479,-1,14212
103.819137,30.797194,124,14213
104.108606,30.459119,-1,14214
104.164383,30.658772,62,14215
104.188136,30.514618,-1,14216
103.996848,31.140841,-1,14217
104.012215,30.831264,-1,14218
104.148834,30.401976,-1,14219
103.822256,30.737413,-1,14220
103.999675,30.514299,-1,14221
103.964455,30.637283,30,14222
104.334432,30.65749,-1,14223
103.498377,30.568687,225,14224
103.714577,30.343579,-1,14225
104.049308,30.454433,-1,14226
103.880345,30.404359,119,14227
103.789481,29.633033,-1,14228
104.519888,30.424563,-1,14229
104.120618,30.773202,171,14230
103.661556,30.961259,77,14231
104.029257,30.523,-1,14232
103.706745,30.582674,-1,14233
103.677905,31.029917,147,14234
104.291221,30.304498,-1,14235
104.112019,30.753128,39,14236
104.097089,30.759155,-1,14237
104.050807,30.684233,-1,14238
104.28859,30.231107,-1,14239
103.720663,31.103305,-1,14240
104.017746,29.139205,-1,14241
103.881615,30.769078,-1,14242
104.304586,30.646124,-1,14243
103.725429,30.577734,257,14244
103.9721,30.936769,-1,14245
103.552232,30.53249,-1,14246
104.046783,30.42743,67,14247
104.433926,30.394049,-1,14248
103.81266,30.5715,250,14249
103.877272,30.635373,-1,14250
104.222334,30.999051,-1,14251
104.272544,30.680404,-1,14252
103.690515,30.400766,-1,14253
104.202671,30.725977,55,14254
103.950616,31.011568,-1,14255
103.694789,30.936893,-1,14256
104.49928,30.467692,-1,14257
104.418225,30.803275,-1,14258
103.963769,30.623049,-1,14259
104.072801,30.731099,-1,14260
104.064958,30.179442,142,14261
104.326891,30.306247,136,14262
104.239768,30.178501,-1,14263
103.833554,30.55042,-1,14264
104.140491,30.827541,90,14265
104.039182,30.806645,-1,14266
103.887023,30.274878,-1,14267
104.119821,30.774176,171,14268
104.757556,30.910823,-1,14269
104.665809,31.016868,-1,14270
103.880965,30.480332,-1,14271
103.941924,30.470407,-1,14272
104.247278,29.016631,-1,14273
103.903505,30.632045,-1,14274
103.678222,31.029807,147,14275
104.236824,30.65911,-1,14276
104.142342,30.412366,-1,14277
103.49746,30.56831,225,14278
104.236178,30.646767,24,14279
103.863518,30.598638,-1,14280
104.206919,30.798633,-1,14281
104.205266,30.640135,-1,14282
104.0241,30.560485,-1,14283
103.717284,30.609371,243,14284
104.006953,30.592738,33,14285
104.20847,30.524219,169,14286
104.17533,30.787736,245,14287
104.455875,30.48962,-1,14288
103.943042,30.470007,-1,14289
104.050903,30.488266,-1,14290
103.920933,30.702908,74,14291
104.377298,30.752658,-1,14292
103.968323,30.468361,-1,14293
104.387396,30.287319,-1,14294
104.07252,30.346502,-1,14295
103.974206,30.625255,141,14296
104.309703,30.84253,-1,14297
103.913596,30.993916,-1,14298
104.455886,30.352594,-1,14299
104.326529,30.860441,126,14300
104.040687,30.464602,-1,14301
103.4292,30.412371,-1,14302
104.291624,30.588436,256,14303
104.360417,30.814364,-1,14304
104.135823,30.592234,-1,14305
103.713621,30.525964,238,14306
103.964696,30.637233,30,14307
103.654511,30.664851,-1,14308
103.748772,30.33873,-1,14309
104.051235,30.757795,-1,14310
103.856435,30.647253,-1,14311
103.814132,30.633058,7,14312
104.388002,30.746609,-1,14313
104.135182,30.616425,-1,14314
103.934336,30.674142,-1,14315
104.178772,30.78321,207,14316
103.549471,30.211229,-1,14317
102.759442,29.968912,-1,14318
104.198825,30.58207,75,14319
104.151041,30.633378,-1,14320
104.093095,30.581472,64,14321
103.95664,30.030371,-1,14322
103.586598,30.388307,-1,14323
104.083033,30.455108,66,14324
104.605362,30.868082,-1,14325
103.936401,30.613772,104,14326
104.085396,30.6832,241,14327
104.122228,30.691562,-1,14328
103.51422,30.234289,-1,14329
103.654741,30.926123,72,14330
103.930159,30.556311,-1,14331
104.160294,30.013035,-1,14332
